cell_line,drug,RR_ref_oracle_vs_cos,RR_pop_oracle_vs_cos,G_oracle_vs_cos
A-172,4EGI-1,1.0,1.0,0.0
A-172,9-ING-41,1.0,1.0,0.0
A-172,APTO-253,1.0,1.0,0.0
A-172,AT7519,1.0,1.0,0.0
A-172,AZD-7648,1.0,1.0,0.0
A-172,AZD-8055,1.0,1.0,0.0
A-172,AZD1390,1.0,1.0,0.0
A-172,AZD2858,1.0,1.0,0.0
A-172,Abemaciclib,1.0,1.0,0.0
A-172,Adagrasib,1.0,1.0,0.0
A-172,Afatinib,1.0,1.0,0.0
A-172,Alpelisib,1.0,1.0,0.0
A-172,Anastrozole,0.8,0.9,0.1
A-172,BAY1125976,1.0,1.0,0.0
A-172,BI-3406,1.0,1.0,0.0
A-172,BI-78D3,0.9,1.0,0.1
A-172,Belumosudil (mesylate),1.0,1.0,0.0
A-172,Belzutifan,1.0,1.0,0.0
A-172,Bentamapimod,1.0,1.0,0.0
A-172,Bimiralisib,1.0,1.0,0.0
A-172,Binimetinib,1.0,1.0,0.0
A-172,Bortezomib,1.0,1.0,0.0
A-172,Brivudine,1.0,1.0,0.0
A-172,CP21R7,0.9,1.0,0.1
A-172,Capivasertib,1.0,1.0,0.0
A-172,Capmatinib,1.0,1.0,0.0
A-172,Celecoxib,1.0,1.0,0.0
A-172,DT-061,1.0,1.0,0.0
A-172,DTP3,1.0,1.0,0.0
A-172,Dabrafenib,1.0,1.0,0.0
A-172,ERK5-IN-2,1.0,1.0,0.0
A-172,ETC-206,0.9,1.0,0.1
A-172,EX229,1.0,1.0,0.0
A-172,Elimusertib hydrochloride,1.0,1.0,0.0
A-172,Encorafenib,1.0,1.0,0.0
A-172,Erdafitinib ,1.0,1.0,0.0
A-172,Everolimus,1.0,1.0,0.0
A-172,Futibatinib,1.0,1.0,0.0
A-172,GSK1059615,1.0,1.0,0.0
A-172,Gemcitabine,0.9,1.0,0.1
A-172,HI-TOPK-032,1.0,1.0,0.0
A-172,Hydroxyfasudil,1.0,1.0,0.0
A-172,IQ 1,1.0,1.0,0.0
A-172,Infigratinib,1.0,1.0,0.0
A-172,Ipatasertib,1.0,1.0,0.0
A-172,Irinotecan,1.0,1.0,0.0
A-172,Ixazomib,1.0,1.0,0.0
A-172,LB-100,0.8,0.9,0.1
A-172,LJI308,1.0,1.0,0.0
A-172,LY-2584702 (tosylate salt),1.0,1.0,0.0
A-172,LY2090314,1.0,1.0,0.0
A-172,Lapatinib ditosylate,1.0,1.0,0.0
A-172,Lonafarnib,1.0,1.0,0.0
A-172,MK-3903,1.0,1.0,0.0
A-172,MK-8353,0.6,0.7333333333333333,0.1333333333333333
A-172,ML264,1.0,1.0,0.0
A-172,Methylprednisolone succinate,1.0,0.9,-0.1
A-172,Minodronic acid,1.0,1.0,0.0
A-172,NG25,1.0,1.0,0.0
A-172,NVP-BHG712,1.0,1.0,0.0
A-172,OTS514,1.0,1.0,0.0
A-172,Oleic acid,1.0,1.0,0.0
A-172,Oxaliplatin,1.0,1.0,0.0
A-172,PF-06260933,1.0,1.0,0.0
A-172,PH-797804,1.0,1.0,0.0
A-172,Paclitaxel,1.0,1.0,0.0
A-172,Pemigatinib,1.0,1.0,0.0
A-172,Pimitespib,1.0,1.0,0.0
A-172,Pralsetinib,1.0,1.0,0.0
A-172,RMC-6236,1.0,1.0,0.0
A-172,Ralimetinib dimesylate,1.0,0.9,-0.1
A-172,Regorafenib,1.0,1.0,0.0
A-172,SBI-0640756,1.0,1.0,0.0
A-172,Sapanisertib,1.0,1.0,0.0
A-172,Sonidegib,1.0,1.0,0.0
A-172,TAK-733,1.0,1.0,0.0
A-172,TAK-901,1.0,1.0,0.0
A-172,Temuterkib,1.0,1.0,0.0
A-172,Tomivosertib,1.0,1.0,0.0
A-172,Torkinib,0.9,1.0,0.1
A-172,Trametinib,1.0,1.0,0.0
A-172,Tubulin inhibitor 6,1.0,1.0,0.0
A-172,Tucatinib,1.0,1.0,0.0
A-172,ULK-101,1.0,1.0,0.0
A-172,Vemurafenib,1.0,1.0,0.0
A-172,Volasertib,1.0,1.0,0.0
A-172,XRK3F2,1.0,1.0,0.0
A-172,c-Kit-IN-1,1.0,1.0,0.0
A-172,olaparib,1.0,1.0,0.0
A-172,palbociclib,1.0,1.0,0.0
A-172,venetoclax,1.0,1.0,0.0
A-172,vincristine,1.0,1.0,0.0
A-427,4EGI-1,1.0,1.0,0.0
A-427,9-ING-41,0.8,1.0,0.2
A-427,APTO-253,1.0,0.9,-0.1
A-427,AT7519,1.0,1.0,0.0
A-427,AZD-7648,1.0,1.0,0.0
A-427,AZD-8055,0.9,1.0,0.1
A-427,AZD1390,1.0,1.0,0.0
A-427,AZD2858,1.0,1.0,0.0
A-427,Abemaciclib,1.0,1.0,0.0
A-427,Adagrasib,0.8,1.0,0.2
A-427,Afatinib,1.0,1.0,0.0
A-427,Alpelisib,1.0,1.0,0.0
A-427,Anastrozole,1.0,1.0,0.0
A-427,BAY1125976,1.0,1.0,0.0
A-427,BI-3406,0.8,1.0,0.2
A-427,BI-78D3,0.4248484848484848,1.0,0.5751515151515152
A-427,Belumosudil (mesylate),1.0,1.0,0.0
A-427,Belzutifan,1.0,1.0,0.0
A-427,Bentamapimod,0.9,1.0,0.1
A-427,Bimiralisib,1.0,1.0,0.0
A-427,Binimetinib,1.0,1.0,0.0
A-427,Brivudine,1.0,1.0,0.0
A-427,CP21R7,0.9,1.0,0.1
A-427,Capivasertib,0.8666666666666666,0.9,0.0333333333333333
A-427,Capmatinib,1.0,1.0,0.0
A-427,Celecoxib,0.6666666666666666,1.0,0.3333333333333333
A-427,DT-061,1.0,1.0,0.0
A-427,DTP3,1.0,1.0,0.0
A-427,Dabrafenib,1.0,1.0,0.0
A-427,ERK5-IN-2,1.0,1.0,0.0
A-427,ETC-206,0.85,0.8666666666666666,0.0166666666666666
A-427,EX229,1.0,1.0,0.0
A-427,Elimusertib hydrochloride,1.0,1.0,0.0
A-427,Encorafenib,1.0,1.0,0.0
A-427,Erdafitinib ,0.4116666666666666,1.0,0.5883333333333334
A-427,Everolimus,0.9,1.0,0.1
A-427,Futibatinib,1.0,1.0,0.0
A-427,GSK1059615,1.0,1.0,0.0
A-427,Gemcitabine,1.0,1.0,0.0
A-427,HI-TOPK-032,1.0,1.0,0.0
A-427,Hydroxyfasudil,1.0,1.0,0.0
A-427,IQ 1,0.8,1.0,0.2
A-427,Infigratinib,1.0,1.0,0.0
A-427,Ipatasertib,1.0,1.0,0.0
A-427,Irinotecan,1.0,1.0,0.0
A-427,Ixazomib,1.0,1.0,0.0
A-427,LB-100,1.0,1.0,0.0
A-427,LJI308,1.0,0.9,-0.1
A-427,LY-2584702 (tosylate salt),1.0,1.0,0.0
A-427,LY2090314,1.0,1.0,0.0
A-427,Lapatinib ditosylate,0.85,1.0,0.15
A-427,Lonafarnib,1.0,1.0,0.0
A-427,MK-3903,1.0,1.0,0.0
A-427,MK-8353,0.8285714285714285,0.85,0.0214285714285714
A-427,ML264,0.8666666666666666,1.0,0.1333333333333333
A-427,Methylprednisolone succinate,0.8666666666666666,1.0,0.1333333333333333
A-427,Minodronic acid,1.0,0.85,-0.15
A-427,NG25,1.0,1.0,0.0
A-427,NVP-BHG712,0.65,0.8666666666666666,0.2166666666666666
A-427,OTS514,1.0,1.0,0.0
A-427,Oleic acid,0.6833333333333333,1.0,0.3166666666666667
A-427,Oxaliplatin,0.85,0.7333333333333333,-0.1166666666666666
A-427,PF-06260933,1.0,1.0,0.0
A-427,PH-797804,1.0,1.0,0.0
A-427,Paclitaxel,1.0,1.0,0.0
A-427,Pemigatinib,0.7333333333333333,1.0,0.2666666666666667
A-427,Pimitespib,1.0,1.0,0.0
A-427,Pralsetinib,1.0,1.0,0.0
A-427,RMC-6236,1.0,1.0,0.0
A-427,Ralimetinib dimesylate,0.8,1.0,0.2
A-427,Regorafenib,1.0,1.0,0.0
A-427,SBI-0640756,1.0,1.0,0.0
A-427,Sapanisertib,1.0,1.0,0.0
A-427,Sonidegib,1.0,1.0,0.0
A-427,TAK-733,1.0,1.0,0.0
A-427,TAK-901,1.0,1.0,0.0
A-427,Temuterkib,0.7666666666666666,0.9,0.1333333333333333
A-427,Tomivosertib,1.0,1.0,0.0
A-427,Torkinib,1.0,1.0,0.0
A-427,Trametinib,1.0,1.0,0.0
A-427,Tubulin inhibitor 6,1.0,1.0,0.0
A-427,Tucatinib,1.0,1.0,0.0
A-427,ULK-101,1.0,1.0,0.0
A-427,Vemurafenib,0.6,1.0,0.4
A-427,Volasertib,0.9,1.0,0.1
A-427,XRK3F2,1.0,1.0,0.0
A-427,c-Kit-IN-1,1.0,1.0,0.0
A-427,olaparib,1.0,1.0,0.0
A-427,palbociclib,1.0,1.0,0.0
A-427,venetoclax,1.0,1.0,0.0
A-427,vincristine,1.0,1.0,0.0
A498,4EGI-1,1.0,1.0,0.0
A498,9-ING-41,1.0,1.0,0.0
A498,APTO-253,1.0,1.0,0.0
A498,AT7519,1.0,1.0,0.0
A498,AZD-7648,1.0,1.0,0.0
A498,AZD-8055,1.0,1.0,0.0
A498,AZD1390,1.0,1.0,0.0
A498,AZD2858,1.0,0.8400000000000001,-0.16
A498,Abemaciclib,1.0,1.0,0.0
A498,Adagrasib,1.0,1.0,0.0
A498,Afatinib,1.0,1.0,0.0
A498,Alpelisib,1.0,1.0,0.0
A498,Anastrozole,1.0,1.0,0.0
A498,BAY1125976,1.0,1.0,0.0
A498,BI-3406,0.9,1.0,0.1
A498,BI-78D3,0.8,1.0,0.2
A498,Belumosudil (mesylate),1.0,1.0,0.0
A498,Belzutifan,1.0,1.0,0.0
A498,Bentamapimod,1.0,1.0,0.0
A498,Bimiralisib,1.0,1.0,0.0
A498,Binimetinib,1.0,1.0,0.0
A498,Bortezomib,1.0,1.0,0.0
A498,Brivudine,1.0,1.0,0.0
A498,CP21R7,0.8285714285714285,1.0,0.1714285714285714
A498,Capivasertib,0.8666666666666666,0.9,0.0333333333333333
A498,Capmatinib,1.0,1.0,0.0
A498,Celecoxib,0.8,1.0,0.2
A498,DT-061,1.0,1.0,0.0
A498,DTP3,1.0,1.0,0.0
A498,Dabrafenib,1.0,1.0,0.0
A498,ERK5-IN-2,1.0,1.0,0.0
A498,ETC-206,1.0,1.0,0.0
A498,EX229,1.0,1.0,0.0
A498,Elimusertib hydrochloride,1.0,1.0,0.0
A498,Encorafenib,1.0,1.0,0.0
A498,Erdafitinib ,1.0,1.0,0.0
A498,Everolimus,1.0,1.0,0.0
A498,Futibatinib,1.0,1.0,0.0
A498,GSK1059615,1.0,1.0,0.0
A498,Gemcitabine,1.0,1.0,0.0
A498,HI-TOPK-032,1.0,1.0,0.0
A498,Hydroxyfasudil,0.9,1.0,0.1
A498,IQ 1,1.0,1.0,0.0
A498,Infigratinib,1.0,1.0,0.0
A498,Ipatasertib,1.0,1.0,0.0
A498,Irinotecan,1.0,1.0,0.0
A498,Ixazomib,1.0,1.0,0.0
A498,LB-100,0.8285714285714285,1.0,0.1714285714285714
A498,LJI308,1.0,1.0,0.0
A498,LY-2584702 (tosylate salt),1.0,1.0,0.0
A498,LY2090314,1.0,0.8666666666666666,-0.1333333333333333
A498,Lapatinib ditosylate,0.9,1.0,0.1
A498,Lonafarnib,1.0,1.0,0.0
A498,MK-3903,1.0,1.0,0.0
A498,MK-8353,1.0,1.0,0.0
A498,ML264,1.0,1.0,0.0
A498,Methylprednisolone succinate,0.9,1.0,0.1
A498,Minodronic acid,1.0,1.0,0.0
A498,NG25,1.0,1.0,0.0
A498,NVP-BHG712,1.0,1.0,0.0
A498,OTS514,1.0,1.0,0.0
A498,Oleic acid,1.0,1.0,0.0
A498,Oxaliplatin,1.0,1.0,0.0
A498,PF-06260933,1.0,1.0,0.0
A498,PH-797804,1.0,1.0,0.0
A498,Paclitaxel,1.0,1.0,0.0
A498,Pemigatinib,1.0,1.0,0.0
A498,Pimitespib,1.0,1.0,0.0
A498,Pralsetinib,1.0,1.0,0.0
A498,RMC-6236,1.0,1.0,0.0
A498,Ralimetinib dimesylate,1.0,1.0,0.0
A498,Regorafenib,1.0,1.0,0.0
A498,SBI-0640756,1.0,1.0,0.0
A498,Sapanisertib,1.0,1.0,0.0
A498,Sonidegib,1.0,1.0,0.0
A498,TAK-733,1.0,1.0,0.0
A498,TAK-901,1.0,1.0,0.0
A498,Temuterkib,0.9,1.0,0.1
A498,Tomivosertib,1.0,1.0,0.0
A498,Torkinib,1.0,1.0,0.0
A498,Trametinib,1.0,1.0,0.0
A498,Tubulin inhibitor 6,1.0,1.0,0.0
A498,Tucatinib,1.0,1.0,0.0
A498,ULK-101,1.0,1.0,0.0
A498,Vemurafenib,1.0,1.0,0.0
A498,Volasertib,1.0,1.0,0.0
A498,XRK3F2,1.0,1.0,0.0
A498,c-Kit-IN-1,1.0,1.0,0.0
A498,olaparib,1.0,1.0,0.0
A498,palbociclib,1.0,1.0,0.0
A498,venetoclax,1.0,1.0,0.0
A498,vincristine,1.0,1.0,0.0
A549,4EGI-1,1.0,1.0,0.0
A549,9-ING-41,0.9,1.0,0.1
A549,APTO-253,1.0,1.0,0.0
A549,AT7519,0.8,1.0,0.2
A549,AZD-7648,1.0,1.0,0.0
A549,AZD-8055,1.0,1.0,0.0
A549,AZD1390,1.0,1.0,0.0
A549,AZD2858,0.9,0.85,-0.05
A549,Abemaciclib,1.0,1.0,0.0
A549,Adagrasib,0.7666666666666666,1.0,0.2333333333333333
A549,Afatinib,1.0,1.0,0.0
A549,Alpelisib,1.0,1.0,0.0
A549,Anastrozole,0.9,1.0,0.1
A549,BAY1125976,1.0,1.0,0.0
A549,BI-3406,1.0,1.0,0.0
A549,BI-78D3,0.9,1.0,0.1
A549,Belumosudil (mesylate),1.0,1.0,0.0
A549,Belzutifan,1.0,1.0,0.0
A549,Bentamapimod,1.0,1.0,0.0
A549,Bimiralisib,1.0,1.0,0.0
A549,Binimetinib,1.0,1.0,0.0
A549,Bortezomib,1.0,1.0,0.0
A549,Brivudine,1.0,1.0,0.0
A549,CP21R7,0.85,1.0,0.15
A549,Capivasertib,1.0,1.0,0.0
A549,Capmatinib,0.9,1.0,0.1
A549,Celecoxib,0.2833333333333333,0.4681818181818181,0.1848484848484848
A549,DT-061,0.9,1.0,0.1
A549,DTP3,1.0,1.0,0.0
A549,Dabrafenib,1.0,1.0,0.0
A549,ERK5-IN-2,1.0,1.0,0.0
A549,ETC-206,1.0,1.0,0.0
A549,EX229,1.0,1.0,0.0
A549,Elimusertib hydrochloride,1.0,1.0,0.0
A549,Encorafenib,1.0,1.0,0.0
A549,Erdafitinib ,1.0,1.0,0.0
A549,Everolimus,0.9,0.9,0.0
A549,Futibatinib,1.0,1.0,0.0
A549,GSK1059615,1.0,1.0,0.0
A549,Gemcitabine,1.0,1.0,0.0
A549,HI-TOPK-032,1.0,1.0,0.0
A549,Hydroxyfasudil,0.9,1.0,0.1
A549,IQ 1,1.0,1.0,0.0
A549,Infigratinib,1.0,1.0,0.0
A549,Ipatasertib,1.0,1.0,0.0
A549,Irinotecan,1.0,1.0,0.0
A549,Ixazomib,1.0,1.0,0.0
A549,LB-100,0.9,1.0,0.1
A549,LJI308,1.0,1.0,0.0
A549,LY-2584702 (tosylate salt),1.0,1.0,0.0
A549,LY2090314,1.0,1.0,0.0
A549,Lapatinib ditosylate,0.64,1.0,0.36
A549,Lonafarnib,1.0,1.0,0.0
A549,MK-3903,1.0,1.0,0.0
A549,MK-8353,0.6,0.85,0.25
A549,ML264,1.0,1.0,0.0
A549,Methylprednisolone succinate,1.0,1.0,0.0
A549,Minodronic acid,0.9,0.8,-0.1
A549,NG25,1.0,1.0,0.0
A549,NVP-BHG712,1.0,1.0,0.0
A549,OTS514,1.0,1.0,0.0
A549,Oleic acid,0.6666666666666666,0.8,0.1333333333333333
A549,Oxaliplatin,1.0,1.0,0.0
A549,PF-06260933,1.0,1.0,0.0
A549,PH-797804,1.0,1.0,0.0
A549,Paclitaxel,1.0,1.0,0.0
A549,Pemigatinib,0.7285714285714285,0.9,0.1714285714285714
A549,Pimitespib,1.0,1.0,0.0
A549,Pralsetinib,1.0,1.0,0.0
A549,RMC-6236,1.0,1.0,0.0
A549,Ralimetinib dimesylate,1.0,1.0,0.0
A549,Regorafenib,1.0,1.0,0.0
A549,SBI-0640756,1.0,1.0,0.0
A549,Sapanisertib,1.0,1.0,0.0
A549,Sonidegib,1.0,1.0,0.0
A549,TAK-733,1.0,1.0,0.0
A549,TAK-901,1.0,1.0,0.0
A549,Temuterkib,1.0,1.0,0.0
A549,Tomivosertib,1.0,1.0,0.0
A549,Torkinib,1.0,1.0,0.0
A549,Trametinib,1.0,1.0,0.0
A549,Tubulin inhibitor 6,0.9,1.0,0.1
A549,Tucatinib,0.9,0.9,0.0
A549,ULK-101,1.0,1.0,0.0
A549,Vemurafenib,1.0,1.0,0.0
A549,Volasertib,0.72,1.0,0.2799999999999999
A549,XRK3F2,1.0,1.0,0.0
A549,c-Kit-IN-1,1.0,1.0,0.0
A549,olaparib,1.0,1.0,0.0
A549,palbociclib,1.0,1.0,0.0
A549,venetoclax,1.0,1.0,0.0
A549,vincristine,1.0,1.0,0.0
AN3 CA,4EGI-1,1.0,1.0,0.0
AN3 CA,9-ING-41,1.0,1.0,0.0
AN3 CA,APTO-253,0.8400000000000001,1.0,0.16
AN3 CA,AZD-7648,1.0,1.0,0.0
AN3 CA,AZD-8055,0.6666666666666666,1.0,0.3333333333333333
AN3 CA,AZD1390,0.8400000000000001,0.725,-0.1149999999999999
AN3 CA,AZD2858,0.3819047619047618,0.3771493212669683,-0.0047554406377935
AN3 CA,Abemaciclib,1.0,1.0,0.0
AN3 CA,Adagrasib,0.38,0.7666666666666667,0.3866666666666666
AN3 CA,Afatinib,1.0,1.0,0.0
AN3 CA,Alpelisib,0.8333333333333333,1.0,0.1666666666666666
AN3 CA,Anastrozole,0.6483333333333333,0.7333333333333333,0.0849999999999999
AN3 CA,BAY1125976,1.0,1.0,0.0
AN3 CA,BI-3406,0.6666666666666667,0.9,0.2333333333333333
AN3 CA,BI-78D3,0.1222222222222221,0.9,0.7777777777777778
AN3 CA,Belumosudil (mesylate),1.0,1.0,0.0
AN3 CA,Belzutifan,1.0,1.0,0.0
AN3 CA,Bentamapimod,1.0,0.9,-0.1
AN3 CA,Bimiralisib,1.0,1.0,0.0
AN3 CA,Binimetinib,0.6666666666666666,0.8666666666666666,0.2
AN3 CA,Brivudine,1.0,1.0,0.0
AN3 CA,CP21R7,0.54,0.8133333333333332,0.2733333333333333
AN3 CA,Capivasertib,0.149719887955182,0.2217532467532467,0.0720333587980646
AN3 CA,Capmatinib,0.5785714285714285,0.9,0.3214285714285714
AN3 CA,Celecoxib,0.6433333333333333,0.5333333333333333,-0.11
AN3 CA,DT-061,0.4867532467532467,0.5900000000000001,0.1032467532467532
AN3 CA,DTP3,0.3574603174603174,0.75,0.3925396825396826
AN3 CA,Dabrafenib,1.0,1.0,0.0
AN3 CA,ERK5-IN-2,1.0,1.0,0.0
AN3 CA,ETC-206,0.2046897546897546,0.7066666666666667,0.501976911976912
AN3 CA,EX229,1.0,1.0,0.0
AN3 CA,Elimusertib hydrochloride,1.0,1.0,0.0
AN3 CA,Encorafenib,0.9,1.0,0.1
AN3 CA,Erdafitinib ,0.6685714285714286,0.7666666666666666,0.0980952380952381
AN3 CA,Everolimus,0.74,0.9,0.16
AN3 CA,Futibatinib,1.0,0.9,-0.1
AN3 CA,Gemcitabine,0.9,0.7666666666666666,-0.1333333333333333
AN3 CA,HI-TOPK-032,1.0,1.0,0.0
AN3 CA,Hydroxyfasudil,0.7,1.0,0.3
AN3 CA,Infigratinib,1.0,0.9,-0.1
AN3 CA,Ipatasertib,1.0,1.0,0.0
AN3 CA,Irinotecan,1.0,1.0,0.0
AN3 CA,Ixazomib,1.0,1.0,0.0
AN3 CA,LB-100,0.5088888888888888,0.6666666666666666,0.1577777777777778
AN3 CA,LY2090314,1.0,1.0,0.0
AN3 CA,Lapatinib ditosylate,0.8,1.0,0.2
AN3 CA,MK-3903,0.75,0.8,0.05
AN3 CA,MK-8353,0.1871929824561403,0.6666666666666666,0.4794736842105263
AN3 CA,ML264,1.0,1.0,0.0
AN3 CA,Methylprednisolone succinate,0.5233333333333333,0.6888888888888889,0.1655555555555555
AN3 CA,Minodronic acid,0.8666666666666666,0.7666666666666666,-0.1
AN3 CA,NG25,1.0,1.0,0.0
AN3 CA,NVP-BHG712,0.1207936507936507,0.5666666666666667,0.4458730158730158
AN3 CA,Oleic acid,0.75,1.0,0.25
AN3 CA,Oxaliplatin,0.5833333333333333,0.9,0.3166666666666667
AN3 CA,PF-06260933,1.0,1.0,0.0
AN3 CA,Paclitaxel,1.0,1.0,0.0
AN3 CA,Pemigatinib,0.5339869281045753,0.6833333333333333,0.1493464052287581
AN3 CA,Pimitespib,0.75,1.0,0.25
AN3 CA,Pralsetinib,1.0,1.0,0.0
AN3 CA,RMC-6236,1.0,1.0,0.0
AN3 CA,Ralimetinib dimesylate,0.4533333333333333,0.7666666666666666,0.3133333333333333
AN3 CA,Regorafenib,1.0,1.0,0.0
AN3 CA,SBI-0640756,0.825,0.85,0.025
AN3 CA,Sapanisertib,1.0,1.0,0.0
AN3 CA,TAK-733,1.0,1.0,0.0
AN3 CA,TAK-901,1.0,1.0,0.0
AN3 CA,Temuterkib,0.9,1.0,0.1
AN3 CA,Tomivosertib,1.0,1.0,0.0
AN3 CA,Trametinib,1.0,1.0,0.0
AN3 CA,Tubulin inhibitor 6,0.6193939393939394,0.575,-0.0443939393939393
AN3 CA,Tucatinib,0.9,1.0,0.1
AN3 CA,Vemurafenib,0.1175468975468975,0.7666666666666666,0.6491197691197692
AN3 CA,Volasertib,0.5666666666666667,1.0,0.4333333333333334
AN3 CA,XRK3F2,0.9,1.0,0.1
AN3 CA,c-Kit-IN-1,0.8,1.0,0.2
AN3 CA,olaparib,1.0,1.0,0.0
AN3 CA,palbociclib,1.0,1.0,0.0
AN3 CA,venetoclax,1.0,1.0,0.0
AN3 CA,vincristine,1.0,1.0,0.0
AsPC-1,4EGI-1,1.0,1.0,0.0
AsPC-1,9-ING-41,1.0,1.0,0.0
AsPC-1,APTO-253,0.9,1.0,0.1
AsPC-1,AT7519,0.9,0.9,0.0
AsPC-1,AZD-7648,1.0,1.0,0.0
AsPC-1,AZD-8055,1.0,1.0,0.0
AsPC-1,AZD1390,1.0,1.0,0.0
AsPC-1,AZD2858,0.5333333333333333,1.0,0.4666666666666667
AsPC-1,Abemaciclib,1.0,1.0,0.0
AsPC-1,Adagrasib,0.9,1.0,0.1
AsPC-1,Afatinib,1.0,1.0,0.0
AsPC-1,Alpelisib,1.0,1.0,0.0
AsPC-1,Anastrozole,1.0,1.0,0.0
AsPC-1,BAY1125976,1.0,1.0,0.0
AsPC-1,BI-3406,1.0,1.0,0.0
AsPC-1,BI-78D3,0.8666666666666666,1.0,0.1333333333333333
AsPC-1,Belumosudil (mesylate),1.0,1.0,0.0
AsPC-1,Belzutifan,1.0,1.0,0.0
AsPC-1,Bentamapimod,1.0,1.0,0.0
AsPC-1,Bimiralisib,1.0,1.0,0.0
AsPC-1,Binimetinib,1.0,1.0,0.0
AsPC-1,Bortezomib,1.0,1.0,0.0
AsPC-1,Brivudine,1.0,1.0,0.0
AsPC-1,CP21R7,1.0,1.0,0.0
AsPC-1,Capivasertib,0.9,1.0,0.1
AsPC-1,Capmatinib,1.0,1.0,0.0
AsPC-1,Celecoxib,0.9,1.0,0.1
AsPC-1,DT-061,1.0,1.0,0.0
AsPC-1,DTP3,1.0,1.0,0.0
AsPC-1,Dabrafenib,1.0,1.0,0.0
AsPC-1,ERK5-IN-2,1.0,1.0,0.0
AsPC-1,ETC-206,0.74,0.8,0.06
AsPC-1,EX229,1.0,1.0,0.0
AsPC-1,Elimusertib hydrochloride,1.0,1.0,0.0
AsPC-1,Encorafenib,1.0,1.0,0.0
AsPC-1,Erdafitinib ,1.0,1.0,0.0
AsPC-1,Everolimus,0.9,1.0,0.1
AsPC-1,Futibatinib,1.0,1.0,0.0
AsPC-1,GSK1059615,1.0,1.0,0.0
AsPC-1,Gemcitabine,0.7,0.8666666666666666,0.1666666666666666
AsPC-1,HI-TOPK-032,1.0,1.0,0.0
AsPC-1,Hydroxyfasudil,1.0,1.0,0.0
AsPC-1,IQ 1,0.9,1.0,0.1
AsPC-1,Infigratinib,1.0,1.0,0.0
AsPC-1,Ipatasertib,1.0,1.0,0.0
AsPC-1,Irinotecan,1.0,1.0,0.0
AsPC-1,Ixazomib,1.0,1.0,0.0
AsPC-1,LB-100,0.7166666666666667,0.8,0.0833333333333333
AsPC-1,LJI308,1.0,1.0,0.0
AsPC-1,LY-2584702 (tosylate salt),1.0,1.0,0.0
AsPC-1,LY2090314,0.8666666666666666,0.9,0.0333333333333333
AsPC-1,Lapatinib ditosylate,0.7666666666666666,1.0,0.2333333333333333
AsPC-1,MK-3903,1.0,1.0,0.0
AsPC-1,MK-8353,0.9,1.0,0.1
AsPC-1,ML264,1.0,1.0,0.0
AsPC-1,Methylprednisolone succinate,0.9,1.0,0.1
AsPC-1,Minodronic acid,1.0,1.0,0.0
AsPC-1,NG25,1.0,1.0,0.0
AsPC-1,NVP-BHG712,1.0,1.0,0.0
AsPC-1,OTS514,1.0,1.0,0.0
AsPC-1,Oleic acid,1.0,1.0,0.0
AsPC-1,Oxaliplatin,1.0,1.0,0.0
AsPC-1,PF-06260933,1.0,1.0,0.0
AsPC-1,PH-797804,1.0,1.0,0.0
AsPC-1,Paclitaxel,1.0,1.0,0.0
AsPC-1,Pemigatinib,1.0,1.0,0.0
AsPC-1,Pimitespib,1.0,1.0,0.0
AsPC-1,Pralsetinib,1.0,1.0,0.0
AsPC-1,RMC-6236,1.0,1.0,0.0
AsPC-1,Ralimetinib dimesylate,1.0,1.0,0.0
AsPC-1,Regorafenib,1.0,1.0,0.0
AsPC-1,SBI-0640756,1.0,1.0,0.0
AsPC-1,Sapanisertib,1.0,1.0,0.0
AsPC-1,Sonidegib,1.0,1.0,0.0
AsPC-1,TAK-733,1.0,1.0,0.0
AsPC-1,TAK-901,1.0,1.0,0.0
AsPC-1,Temuterkib,1.0,1.0,0.0
AsPC-1,Tomivosertib,1.0,1.0,0.0
AsPC-1,Torkinib,1.0,1.0,0.0
AsPC-1,Trametinib,1.0,1.0,0.0
AsPC-1,Tubulin inhibitor 6,1.0,0.9,-0.1
AsPC-1,Tucatinib,1.0,1.0,0.0
AsPC-1,ULK-101,0.9,0.9,0.0
AsPC-1,Vemurafenib,1.0,1.0,0.0
AsPC-1,Volasertib,0.8666666666666666,1.0,0.1333333333333333
AsPC-1,XRK3F2,1.0,1.0,0.0
AsPC-1,c-Kit-IN-1,1.0,1.0,0.0
AsPC-1,olaparib,1.0,1.0,0.0
AsPC-1,palbociclib,1.0,1.0,0.0
AsPC-1,venetoclax,1.0,1.0,0.0
AsPC-1,vincristine,1.0,1.0,0.0
BT-474,4EGI-1,1.0,1.0,0.0
BT-474,9-ING-41,1.0,1.0,0.0
BT-474,APTO-253,0.9,1.0,0.1
BT-474,AT7519,1.0,1.0,0.0
BT-474,AZD-7648,1.0,1.0,0.0
BT-474,AZD-8055,0.9,1.0,0.1
BT-474,AZD1390,1.0,1.0,0.0
BT-474,AZD2858,1.0,1.0,0.0
BT-474,Abemaciclib,1.0,1.0,0.0
BT-474,Adagrasib,0.9,0.9,0.0
BT-474,Afatinib,1.0,1.0,0.0
BT-474,Alpelisib,1.0,1.0,0.0
BT-474,Anastrozole,1.0,1.0,0.0
BT-474,BAY1125976,1.0,1.0,0.0
BT-474,BI-3406,1.0,1.0,0.0
BT-474,BI-78D3,1.0,1.0,0.0
BT-474,Belumosudil (mesylate),1.0,1.0,0.0
BT-474,Belzutifan,1.0,1.0,0.0
BT-474,Bentamapimod,1.0,1.0,0.0
BT-474,Bimiralisib,1.0,1.0,0.0
BT-474,Binimetinib,1.0,1.0,0.0
BT-474,Bortezomib,1.0,1.0,0.0
BT-474,Brivudine,1.0,1.0,0.0
BT-474,CP21R7,0.65,0.9,0.25
BT-474,Capivasertib,1.0,0.9,-0.1
BT-474,Capmatinib,1.0,1.0,0.0
BT-474,Celecoxib,0.7333333333333333,0.9,0.1666666666666666
BT-474,DT-061,0.8,1.0,0.2
BT-474,DTP3,1.0,1.0,0.0
BT-474,Dabrafenib,1.0,1.0,0.0
BT-474,ERK5-IN-2,1.0,1.0,0.0
BT-474,ETC-206,1.0,1.0,0.0
BT-474,EX229,1.0,1.0,0.0
BT-474,Elimusertib hydrochloride,1.0,1.0,0.0
BT-474,Encorafenib,1.0,1.0,0.0
BT-474,Erdafitinib ,1.0,1.0,0.0
BT-474,Everolimus,1.0,1.0,0.0
BT-474,Futibatinib,1.0,1.0,0.0
BT-474,GSK1059615,1.0,1.0,0.0
BT-474,Gemcitabine,1.0,0.9,-0.1
BT-474,HI-TOPK-032,1.0,1.0,0.0
BT-474,Hydroxyfasudil,0.8666666666666666,1.0,0.1333333333333333
BT-474,IQ 1,1.0,1.0,0.0
BT-474,Infigratinib,1.0,1.0,0.0
BT-474,Ipatasertib,1.0,1.0,0.0
BT-474,Irinotecan,1.0,1.0,0.0
BT-474,Ixazomib,1.0,1.0,0.0
BT-474,LB-100,1.0,1.0,0.0
BT-474,LJI308,0.9,0.9,0.0
BT-474,LY-2584702 (tosylate salt),1.0,1.0,0.0
BT-474,LY2090314,0.9,0.8666666666666666,-0.0333333333333333
BT-474,Lapatinib ditosylate,1.0,1.0,0.0
BT-474,MK-3903,1.0,1.0,0.0
BT-474,MK-8353,1.0,0.9,-0.1
BT-474,ML264,1.0,1.0,0.0
BT-474,Methylprednisolone succinate,1.0,1.0,0.0
BT-474,Minodronic acid,1.0,1.0,0.0
BT-474,NG25,1.0,1.0,0.0
BT-474,NVP-BHG712,0.9,1.0,0.1
BT-474,OTS514,1.0,1.0,0.0
BT-474,Oleic acid,0.9,1.0,0.1
BT-474,Oxaliplatin,1.0,0.9,-0.1
BT-474,PF-06260933,1.0,1.0,0.0
BT-474,PH-797804,1.0,1.0,0.0
BT-474,Paclitaxel,1.0,1.0,0.0
BT-474,Pemigatinib,1.0,1.0,0.0
BT-474,Pimitespib,1.0,1.0,0.0
BT-474,Pralsetinib,1.0,1.0,0.0
BT-474,RMC-6236,1.0,1.0,0.0
BT-474,Ralimetinib dimesylate,0.8,0.9,0.1
BT-474,Regorafenib,1.0,1.0,0.0
BT-474,SBI-0640756,1.0,1.0,0.0
BT-474,Sapanisertib,1.0,1.0,0.0
BT-474,Sonidegib,1.0,1.0,0.0
BT-474,TAK-733,1.0,1.0,0.0
BT-474,TAK-901,1.0,1.0,0.0
BT-474,Temuterkib,1.0,1.0,0.0
BT-474,Tomivosertib,1.0,1.0,0.0
BT-474,Torkinib,0.9,0.9,0.0
BT-474,Trametinib,1.0,1.0,0.0
BT-474,Tubulin inhibitor 6,1.0,1.0,0.0
BT-474,Tucatinib,1.0,1.0,0.0
BT-474,ULK-101,1.0,1.0,0.0
BT-474,Vemurafenib,1.0,1.0,0.0
BT-474,Volasertib,0.7066666666666667,1.0,0.2933333333333333
BT-474,XRK3F2,1.0,1.0,0.0
BT-474,c-Kit-IN-1,1.0,1.0,0.0
BT-474,olaparib,1.0,1.0,0.0
BT-474,palbociclib,1.0,1.0,0.0
BT-474,venetoclax,1.0,1.0,0.0
BT-474,vincristine,1.0,1.0,0.0
C-33 A,4EGI-1,1.0,1.0,0.0
C-33 A,9-ING-41,0.3466666666666667,0.6066666666666667,0.26
C-33 A,APTO-253,0.3735714285714285,0.9,0.5264285714285715
C-33 A,AT7519,0.8400000000000001,0.9,0.06
C-33 A,AZD-7648,0.4452380952380952,1.0,0.5547619047619048
C-33 A,AZD-8055,0.3833333333333333,1.0,0.6166666666666667
C-33 A,AZD1390,0.8400000000000001,1.0,0.16
C-33 A,AZD2858,0.6333333333333333,0.75,0.1166666666666667
C-33 A,Abemaciclib,0.9,0.9,0.0
C-33 A,Adagrasib,0.9,1.0,0.1
C-33 A,Afatinib,1.0,1.0,0.0
C-33 A,Alpelisib,0.725,0.9,0.175
C-33 A,Anastrozole,0.3905263157894736,0.67,0.2794736842105264
C-33 A,BAY1125976,1.0,1.0,0.0
C-33 A,BI-3406,0.3733333333333333,1.0,0.6266666666666667
C-33 A,BI-78D3,0.5166666666666666,0.9,0.3833333333333333
C-33 A,Belumosudil (mesylate),1.0,1.0,0.0
C-33 A,Belzutifan,1.0,1.0,0.0
C-33 A,Bentamapimod,0.74,0.6722222222222223,-0.0677777777777777
C-33 A,Bimiralisib,1.0,1.0,0.0
C-33 A,Binimetinib,0.75,0.9,0.15
C-33 A,Bortezomib,1.0,1.0,0.0
C-33 A,Brivudine,1.0,1.0,0.0
C-33 A,CP21R7,0.0506547526967265,0.4710144927536231,0.4203597400568966
C-33 A,Capivasertib,0.4566666666666666,0.35,-0.1066666666666666
C-33 A,Capmatinib,0.3681818181818181,0.5900000000000001,0.2218181818181818
C-33 A,Celecoxib,0.2546401515151514,0.6757575757575758,0.4211174242424242
C-33 A,DT-061,0.2174603174603174,0.85,0.6325396825396826
C-33 A,DTP3,0.8400000000000001,1.0,0.16
C-33 A,Dabrafenib,1.0,1.0,0.0
C-33 A,ERK5-IN-2,1.0,1.0,0.0
C-33 A,ETC-206,0.1952380952380952,0.6333333333333334,0.4380952380952381
C-33 A,EX229,1.0,0.9,-0.1
C-33 A,Elimusertib hydrochloride,1.0,1.0,0.0
C-33 A,Encorafenib,1.0,1.0,0.0
C-33 A,Erdafitinib ,0.6420289855072463,0.7666666666666666,0.1246376811594203
C-33 A,Everolimus,0.6916666666666667,0.8142857142857143,0.1226190476190476
C-33 A,Futibatinib,0.4223727422003284,0.55,0.1276272577996716
C-33 A,GSK1059615,1.0,1.0,0.0
C-33 A,Gemcitabine,0.6166666666666667,0.55,-0.0666666666666666
C-33 A,HI-TOPK-032,1.0,1.0,0.0
C-33 A,Hydroxyfasudil,0.8666666666666666,0.8400000000000001,-0.0266666666666666
C-33 A,IQ 1,0.7117647058823529,1.0,0.288235294117647
C-33 A,Infigratinib,1.0,1.0,0.0
C-33 A,Ipatasertib,0.4848484848484848,0.9,0.4151515151515152
C-33 A,Irinotecan,1.0,1.0,0.0
C-33 A,Ixazomib,1.0,1.0,0.0
C-33 A,LB-100,0.643921568627451,0.6722222222222222,0.0283006535947712
C-33 A,LJI308,0.5266666666666666,0.5833333333333333,0.0566666666666666
C-33 A,LY-2584702 (tosylate salt),1.0,1.0,0.0
C-33 A,LY2090314,0.0985714285714285,0.8285714285714285,0.7300000000000001
C-33 A,Lapatinib ditosylate,0.64,0.8666666666666666,0.2266666666666666
C-33 A,Lonafarnib,1.0,1.0,0.0
C-33 A,MK-3903,0.3612179487179487,0.85,0.4887820512820512
C-33 A,MK-8353,0.4253623188405797,0.48,0.0546376811594203
C-33 A,ML264,0.475,0.9,0.425
C-33 A,Methylprednisolone succinate,0.2739682539682539,0.5333333333333333,0.2593650793650793
C-33 A,Minodronic acid,0.74,0.5848484848484848,-0.1551515151515151
C-33 A,NG25,1.0,1.0,0.0
C-33 A,NVP-BHG712,0.4654761904761905,1.0,0.5345238095238095
C-33 A,OTS514,0.8333333333333333,0.9,0.0666666666666666
C-33 A,Oleic acid,0.4447496947496948,0.5900000000000001,0.1452503052503052
C-33 A,Oxaliplatin,0.75,0.75,0.0
C-33 A,PF-06260933,1.0,1.0,0.0
C-33 A,PH-797804,1.0,1.0,0.0
C-33 A,Paclitaxel,0.6222222222222222,0.9,0.2777777777777778
C-33 A,Pemigatinib,0.5035714285714286,0.7066666666666667,0.2030952380952381
C-33 A,Pimitespib,0.6305555555555555,0.5153846153846153,-0.1151709401709401
C-33 A,Pralsetinib,1.0,1.0,0.0
C-33 A,RMC-6236,1.0,1.0,0.0
C-33 A,Ralimetinib dimesylate,0.2557575757575757,0.5733333333333334,0.3175757575757575
C-33 A,Regorafenib,0.2352920227920227,0.8,0.5647079772079773
C-33 A,SBI-0640756,1.0,1.0,0.0
C-33 A,Sapanisertib,1.0,1.0,0.0
C-33 A,Sonidegib,0.8666666666666666,1.0,0.1333333333333333
C-33 A,TAK-733,1.0,1.0,0.0
C-33 A,TAK-901,1.0,1.0,0.0
C-33 A,Temuterkib,0.3866666666666666,0.72,0.3333333333333333
C-33 A,Tomivosertib,0.8333333333333333,1.0,0.1666666666666666
C-33 A,Torkinib,0.8142857142857143,0.6583333333333333,-0.1559523809523809
C-33 A,Trametinib,1.0,1.0,0.0
C-33 A,Tubulin inhibitor 6,0.1641456582633053,0.6952380952380952,0.53109243697479
C-33 A,Tucatinib,0.7,0.9,0.2
C-33 A,ULK-101,0.3895238095238095,0.55,0.1604761904761905
C-33 A,Vemurafenib,0.3033333333333333,0.74,0.4366666666666667
C-33 A,Volasertib,0.74,0.6066666666666667,-0.1333333333333333
C-33 A,XRK3F2,0.5666666666666667,1.0,0.4333333333333334
C-33 A,c-Kit-IN-1,0.9,1.0,0.1
C-33 A,olaparib,0.49,0.665,0.175
C-33 A,palbociclib,0.7666666666666667,0.8666666666666666,0.1
C-33 A,venetoclax,1.0,1.0,0.0
C-33 A,vincristine,1.0,1.0,0.0
C32,4EGI-1,1.0,1.0,0.0
C32,9-ING-41,0.85,1.0,0.15
C32,APTO-253,1.0,0.9,-0.1
C32,AT7519,1.0,1.0,0.0
C32,AZD-7648,1.0,1.0,0.0
C32,AZD-8055,1.0,1.0,0.0
C32,AZD1390,1.0,1.0,0.0
C32,AZD2858,0.825,0.8333333333333333,0.0083333333333333
C32,Abemaciclib,1.0,1.0,0.0
C32,Adagrasib,1.0,1.0,0.0
C32,Afatinib,1.0,1.0,0.0
C32,Alpelisib,1.0,1.0,0.0
C32,Anastrozole,1.0,1.0,0.0
C32,BAY1125976,1.0,1.0,0.0
C32,BI-3406,1.0,1.0,0.0
C32,BI-78D3,0.5333333333333333,1.0,0.4666666666666667
C32,Belumosudil (mesylate),1.0,1.0,0.0
C32,Belzutifan,1.0,1.0,0.0
C32,Bentamapimod,1.0,1.0,0.0
C32,Bimiralisib,1.0,1.0,0.0
C32,Binimetinib,1.0,1.0,0.0
C32,Bortezomib,1.0,1.0,0.0
C32,Brivudine,1.0,1.0,0.0
C32,CP21R7,0.6086956521739131,0.8285714285714285,0.2198757763975155
C32,Capivasertib,0.9,1.0,0.1
C32,Capmatinib,1.0,1.0,0.0
C32,Celecoxib,1.0,1.0,0.0
C32,DT-061,1.0,1.0,0.0
C32,DTP3,1.0,1.0,0.0
C32,Dabrafenib,1.0,1.0,0.0
C32,ERK5-IN-2,1.0,1.0,0.0
C32,ETC-206,0.72,0.7333333333333333,0.0133333333333333
C32,EX229,1.0,1.0,0.0
C32,Elimusertib hydrochloride,1.0,1.0,0.0
C32,Encorafenib,1.0,1.0,0.0
C32,Erdafitinib ,1.0,1.0,0.0
C32,Everolimus,0.8181818181818181,0.7666666666666667,-0.0515151515151515
C32,Futibatinib,1.0,1.0,0.0
C32,GSK1059615,1.0,1.0,0.0
C32,Gemcitabine,1.0,1.0,0.0
C32,HI-TOPK-032,1.0,1.0,0.0
C32,Hydroxyfasudil,1.0,1.0,0.0
C32,IQ 1,1.0,1.0,0.0
C32,Infigratinib,1.0,1.0,0.0
C32,Ipatasertib,1.0,1.0,0.0
C32,Irinotecan,1.0,1.0,0.0
C32,Ixazomib,1.0,1.0,0.0
C32,LB-100,0.9,1.0,0.1
C32,LJI308,1.0,1.0,0.0
C32,LY-2584702 (tosylate salt),1.0,1.0,0.0
C32,LY2090314,1.0,0.8666666666666666,-0.1333333333333333
C32,Lapatinib ditosylate,1.0,1.0,0.0
C32,MK-3903,1.0,1.0,0.0
C32,MK-8353,1.0,1.0,0.0
C32,ML264,1.0,0.9,-0.1
C32,Methylprednisolone succinate,1.0,1.0,0.0
C32,Minodronic acid,0.9,0.9,0.0
C32,NG25,1.0,1.0,0.0
C32,NVP-BHG712,1.0,1.0,0.0
C32,OTS514,1.0,1.0,0.0
C32,Oleic acid,0.6666666666666667,1.0,0.3333333333333333
C32,Oxaliplatin,1.0,1.0,0.0
C32,PF-06260933,1.0,1.0,0.0
C32,PH-797804,1.0,1.0,0.0
C32,Paclitaxel,1.0,1.0,0.0
C32,Pemigatinib,1.0,1.0,0.0
C32,Pimitespib,0.9,1.0,0.1
C32,Pralsetinib,1.0,1.0,0.0
C32,RMC-6236,1.0,1.0,0.0
C32,Ralimetinib dimesylate,1.0,1.0,0.0
C32,Regorafenib,1.0,1.0,0.0
C32,SBI-0640756,1.0,1.0,0.0
C32,Sapanisertib,1.0,1.0,0.0
C32,Sonidegib,1.0,1.0,0.0
C32,TAK-733,1.0,1.0,0.0
C32,TAK-901,1.0,1.0,0.0
C32,Temuterkib,1.0,1.0,0.0
C32,Tomivosertib,1.0,1.0,0.0
C32,Torkinib,1.0,1.0,0.0
C32,Trametinib,1.0,1.0,0.0
C32,Tubulin inhibitor 6,0.7666666666666667,1.0,0.2333333333333333
C32,Tucatinib,1.0,1.0,0.0
C32,ULK-101,1.0,0.9,-0.1
C32,Vemurafenib,0.9,1.0,0.1
C32,Volasertib,1.0,1.0,0.0
C32,XRK3F2,1.0,1.0,0.0
C32,c-Kit-IN-1,1.0,1.0,0.0
C32,olaparib,0.8400000000000001,0.8666666666666666,0.0266666666666666
C32,palbociclib,1.0,1.0,0.0
C32,venetoclax,1.0,1.0,0.0
C32,vincristine,1.0,1.0,0.0
CFPAC-1,4EGI-1,1.0,1.0,0.0
CFPAC-1,9-ING-41,1.0,1.0,0.0
CFPAC-1,APTO-253,1.0,1.0,0.0
CFPAC-1,AT7519,1.0,1.0,0.0
CFPAC-1,AZD-7648,1.0,1.0,0.0
CFPAC-1,AZD-8055,1.0,1.0,0.0
CFPAC-1,AZD1390,1.0,1.0,0.0
CFPAC-1,AZD2858,1.0,1.0,0.0
CFPAC-1,Abemaciclib,1.0,1.0,0.0
CFPAC-1,Adagrasib,1.0,1.0,0.0
CFPAC-1,Afatinib,1.0,1.0,0.0
CFPAC-1,Alpelisib,1.0,1.0,0.0
CFPAC-1,Anastrozole,1.0,1.0,0.0
CFPAC-1,BAY1125976,1.0,1.0,0.0
CFPAC-1,BI-3406,1.0,1.0,0.0
CFPAC-1,BI-78D3,1.0,1.0,0.0
CFPAC-1,Belumosudil (mesylate),1.0,1.0,0.0
CFPAC-1,Belzutifan,1.0,1.0,0.0
CFPAC-1,Bentamapimod,1.0,1.0,0.0
CFPAC-1,Bimiralisib,1.0,1.0,0.0
CFPAC-1,Binimetinib,1.0,1.0,0.0
CFPAC-1,Bortezomib,1.0,1.0,0.0
CFPAC-1,Brivudine,1.0,1.0,0.0
CFPAC-1,CP21R7,0.6685714285714285,1.0,0.3314285714285714
CFPAC-1,Capivasertib,1.0,1.0,0.0
CFPAC-1,Capmatinib,1.0,1.0,0.0
CFPAC-1,Celecoxib,0.8,1.0,0.2
CFPAC-1,DT-061,1.0,1.0,0.0
CFPAC-1,DTP3,1.0,1.0,0.0
CFPAC-1,Dabrafenib,1.0,1.0,0.0
CFPAC-1,ERK5-IN-2,1.0,1.0,0.0
CFPAC-1,ETC-206,1.0,1.0,0.0
CFPAC-1,EX229,1.0,1.0,0.0
CFPAC-1,Elimusertib hydrochloride,1.0,1.0,0.0
CFPAC-1,Encorafenib,1.0,1.0,0.0
CFPAC-1,Erdafitinib ,1.0,1.0,0.0
CFPAC-1,Everolimus,1.0,1.0,0.0
CFPAC-1,Futibatinib,1.0,1.0,0.0
CFPAC-1,GSK1059615,1.0,1.0,0.0
CFPAC-1,Gemcitabine,1.0,1.0,0.0
CFPAC-1,HI-TOPK-032,1.0,1.0,0.0
CFPAC-1,Hydroxyfasudil,1.0,1.0,0.0
CFPAC-1,IQ 1,0.9,1.0,0.1
CFPAC-1,Infigratinib,1.0,1.0,0.0
CFPAC-1,Ipatasertib,1.0,1.0,0.0
CFPAC-1,Irinotecan,1.0,1.0,0.0
CFPAC-1,Ixazomib,1.0,1.0,0.0
CFPAC-1,LB-100,0.8666666666666666,1.0,0.1333333333333333
CFPAC-1,LJI308,0.9,1.0,0.1
CFPAC-1,LY-2584702 (tosylate salt),1.0,1.0,0.0
CFPAC-1,LY2090314,1.0,1.0,0.0
CFPAC-1,Lapatinib ditosylate,1.0,1.0,0.0
CFPAC-1,Lonafarnib,1.0,1.0,0.0
CFPAC-1,MK-3903,1.0,1.0,0.0
CFPAC-1,MK-8353,0.9,1.0,0.1
CFPAC-1,ML264,1.0,1.0,0.0
CFPAC-1,Methylprednisolone succinate,1.0,1.0,0.0
CFPAC-1,Minodronic acid,1.0,1.0,0.0
CFPAC-1,NG25,1.0,1.0,0.0
CFPAC-1,NVP-BHG712,0.8,1.0,0.2
CFPAC-1,OTS514,1.0,1.0,0.0
CFPAC-1,Oleic acid,1.0,1.0,0.0
CFPAC-1,Oxaliplatin,1.0,1.0,0.0
CFPAC-1,PF-06260933,1.0,1.0,0.0
CFPAC-1,PH-797804,1.0,1.0,0.0
CFPAC-1,Paclitaxel,1.0,1.0,0.0
CFPAC-1,Pemigatinib,0.7333333333333333,0.8666666666666666,0.1333333333333333
CFPAC-1,Pimitespib,0.9,1.0,0.1
CFPAC-1,Pralsetinib,1.0,1.0,0.0
CFPAC-1,RMC-6236,1.0,1.0,0.0
CFPAC-1,Ralimetinib dimesylate,1.0,1.0,0.0
CFPAC-1,Regorafenib,1.0,1.0,0.0
CFPAC-1,SBI-0640756,1.0,1.0,0.0
CFPAC-1,Sapanisertib,1.0,1.0,0.0
CFPAC-1,Sonidegib,1.0,1.0,0.0
CFPAC-1,TAK-733,1.0,1.0,0.0
CFPAC-1,TAK-901,1.0,1.0,0.0
CFPAC-1,Temuterkib,1.0,1.0,0.0
CFPAC-1,Tomivosertib,1.0,1.0,0.0
CFPAC-1,Torkinib,1.0,1.0,0.0
CFPAC-1,Trametinib,1.0,1.0,0.0
CFPAC-1,Tubulin inhibitor 6,1.0,1.0,0.0
CFPAC-1,Tucatinib,1.0,0.9,-0.1
CFPAC-1,ULK-101,1.0,1.0,0.0
CFPAC-1,Vemurafenib,1.0,1.0,0.0
CFPAC-1,Volasertib,1.0,1.0,0.0
CFPAC-1,XRK3F2,1.0,1.0,0.0
CFPAC-1,c-Kit-IN-1,1.0,1.0,0.0
CFPAC-1,olaparib,1.0,1.0,0.0
CFPAC-1,palbociclib,1.0,1.0,0.0
CFPAC-1,venetoclax,1.0,1.0,0.0
CFPAC-1,vincristine,1.0,1.0,0.0
COLO 205,4EGI-1,1.0,1.0,0.0
COLO 205,9-ING-41,1.0,1.0,0.0
COLO 205,APTO-253,1.0,1.0,0.0
COLO 205,AT7519,1.0,0.9,-0.1
COLO 205,AZD-7648,1.0,1.0,0.0
COLO 205,AZD-8055,1.0,1.0,0.0
COLO 205,AZD1390,1.0,1.0,0.0
COLO 205,AZD2858,1.0,1.0,0.0
COLO 205,Abemaciclib,1.0,1.0,0.0
COLO 205,Adagrasib,1.0,1.0,0.0
COLO 205,Afatinib,1.0,1.0,0.0
COLO 205,Alpelisib,1.0,1.0,0.0
COLO 205,Anastrozole,1.0,1.0,0.0
COLO 205,BAY1125976,1.0,1.0,0.0
COLO 205,BI-3406,1.0,1.0,0.0
COLO 205,BI-78D3,1.0,1.0,0.0
COLO 205,Belumosudil (mesylate),1.0,1.0,0.0
COLO 205,Belzutifan,1.0,1.0,0.0
COLO 205,Bentamapimod,1.0,1.0,0.0
COLO 205,Bimiralisib,1.0,1.0,0.0
COLO 205,Binimetinib,1.0,1.0,0.0
COLO 205,Bortezomib,1.0,1.0,0.0
COLO 205,Brivudine,1.0,1.0,0.0
COLO 205,CP21R7,0.8666666666666666,0.8666666666666666,0.0
COLO 205,Capivasertib,1.0,1.0,0.0
COLO 205,Capmatinib,1.0,1.0,0.0
COLO 205,Celecoxib,0.6066666666666667,1.0,0.3933333333333333
COLO 205,DT-061,0.9,1.0,0.1
COLO 205,DTP3,1.0,0.9,-0.1
COLO 205,Dabrafenib,1.0,1.0,0.0
COLO 205,ERK5-IN-2,1.0,1.0,0.0
COLO 205,ETC-206,1.0,1.0,0.0
COLO 205,EX229,1.0,1.0,0.0
COLO 205,Elimusertib hydrochloride,0.8,1.0,0.2
COLO 205,Encorafenib,1.0,1.0,0.0
COLO 205,Erdafitinib ,1.0,1.0,0.0
COLO 205,Everolimus,1.0,1.0,0.0
COLO 205,Futibatinib,1.0,1.0,0.0
COLO 205,GSK1059615,1.0,1.0,0.0
COLO 205,Gemcitabine,0.9,1.0,0.1
COLO 205,HI-TOPK-032,1.0,1.0,0.0
COLO 205,Hydroxyfasudil,1.0,1.0,0.0
COLO 205,IQ 1,1.0,1.0,0.0
COLO 205,Infigratinib,1.0,1.0,0.0
COLO 205,Ipatasertib,1.0,1.0,0.0
COLO 205,Irinotecan,1.0,1.0,0.0
COLO 205,Ixazomib,1.0,1.0,0.0
COLO 205,LB-100,1.0,1.0,0.0
COLO 205,LJI308,1.0,1.0,0.0
COLO 205,LY2090314,1.0,1.0,0.0
COLO 205,Lapatinib ditosylate,0.8,1.0,0.2
COLO 205,MK-3903,1.0,1.0,0.0
COLO 205,MK-8353,0.7666666666666666,1.0,0.2333333333333333
COLO 205,ML264,1.0,1.0,0.0
COLO 205,Methylprednisolone succinate,1.0,1.0,0.0
COLO 205,Minodronic acid,1.0,1.0,0.0
COLO 205,NG25,1.0,1.0,0.0
COLO 205,NVP-BHG712,0.6666666666666666,1.0,0.3333333333333333
COLO 205,OTS514,1.0,1.0,0.0
COLO 205,Oleic acid,1.0,1.0,0.0
COLO 205,Oxaliplatin,0.8666666666666666,0.9,0.0333333333333333
COLO 205,PF-06260933,1.0,1.0,0.0
COLO 205,PH-797804,1.0,1.0,0.0
COLO 205,Paclitaxel,1.0,1.0,0.0
COLO 205,Pemigatinib,1.0,0.9,-0.1
COLO 205,Pimitespib,1.0,1.0,0.0
COLO 205,Pralsetinib,1.0,1.0,0.0
COLO 205,RMC-6236,1.0,1.0,0.0
COLO 205,Ralimetinib dimesylate,1.0,1.0,0.0
COLO 205,Regorafenib,1.0,1.0,0.0
COLO 205,SBI-0640756,1.0,1.0,0.0
COLO 205,Sapanisertib,1.0,1.0,0.0
COLO 205,Sonidegib,1.0,1.0,0.0
COLO 205,TAK-733,1.0,1.0,0.0
COLO 205,TAK-901,1.0,1.0,0.0
COLO 205,Temuterkib,1.0,1.0,0.0
COLO 205,Tomivosertib,1.0,1.0,0.0
COLO 205,Torkinib,1.0,1.0,0.0
COLO 205,Trametinib,1.0,1.0,0.0
COLO 205,Tubulin inhibitor 6,1.0,1.0,0.0
COLO 205,Tucatinib,0.6333333333333333,1.0,0.3666666666666667
COLO 205,ULK-101,1.0,1.0,0.0
COLO 205,Vemurafenib,0.85,1.0,0.15
COLO 205,Volasertib,1.0,1.0,0.0
COLO 205,XRK3F2,1.0,1.0,0.0
COLO 205,c-Kit-IN-1,1.0,1.0,0.0
COLO 205,olaparib,1.0,1.0,0.0
COLO 205,palbociclib,1.0,1.0,0.0
COLO 205,venetoclax,1.0,1.0,0.0
COLO 205,vincristine,1.0,1.0,0.0
H4,4EGI-1,1.0,1.0,0.0
H4,9-ING-41,1.0,1.0,0.0
H4,APTO-253,1.0,1.0,0.0
H4,AT7519,1.0,1.0,0.0
H4,AZD-7648,1.0,1.0,0.0
H4,AZD-8055,1.0,1.0,0.0
H4,AZD1390,1.0,1.0,0.0
H4,AZD2858,0.2833333333333333,0.6,0.3166666666666667
H4,Abemaciclib,1.0,1.0,0.0
H4,Adagrasib,0.9,1.0,0.1
H4,Afatinib,1.0,1.0,0.0
H4,Alpelisib,0.8666666666666666,1.0,0.1333333333333333
H4,Anastrozole,1.0,1.0,0.0
H4,BAY1125976,1.0,1.0,0.0
H4,BI-3406,1.0,1.0,0.0
H4,BI-78D3,0.9,1.0,0.1
H4,Belumosudil (mesylate),1.0,1.0,0.0
H4,Belzutifan,1.0,1.0,0.0
H4,Bentamapimod,0.9,0.9,0.0
H4,Bimiralisib,1.0,1.0,0.0
H4,Binimetinib,1.0,1.0,0.0
H4,Brivudine,1.0,1.0,0.0
H4,CP21R7,1.0,1.0,0.0
H4,Capivasertib,1.0,1.0,0.0
H4,Capmatinib,1.0,1.0,0.0
H4,Celecoxib,0.7181818181818181,1.0,0.2818181818181818
H4,DT-061,0.9,1.0,0.1
H4,Dabrafenib,1.0,1.0,0.0
H4,ERK5-IN-2,1.0,1.0,0.0
H4,ETC-206,0.7166666666666666,1.0,0.2833333333333333
H4,EX229,1.0,1.0,0.0
H4,Encorafenib,1.0,1.0,0.0
H4,Erdafitinib ,1.0,1.0,0.0
H4,Everolimus,0.6833333333333333,0.8666666666666666,0.1833333333333333
H4,Futibatinib,1.0,1.0,0.0
H4,GSK1059615,1.0,1.0,0.0
H4,Gemcitabine,1.0,1.0,0.0
H4,HI-TOPK-032,1.0,1.0,0.0
H4,Hydroxyfasudil,0.65,1.0,0.35
H4,IQ 1,1.0,1.0,0.0
H4,Infigratinib,1.0,1.0,0.0
H4,Ipatasertib,1.0,1.0,0.0
H4,Irinotecan,1.0,1.0,0.0
H4,Ixazomib,1.0,1.0,0.0
H4,LB-100,1.0,0.9,-0.1
H4,LJI308,1.0,1.0,0.0
H4,LY2090314,1.0,0.9,-0.1
H4,Lapatinib ditosylate,1.0,1.0,0.0
H4,MK-3903,1.0,1.0,0.0
H4,MK-8353,0.9,0.9,0.0
H4,ML264,0.9,0.9,0.0
H4,Methylprednisolone succinate,1.0,0.9,-0.1
H4,Minodronic acid,0.9,1.0,0.1
H4,NG25,1.0,1.0,0.0
H4,NVP-BHG712,1.0,1.0,0.0
H4,OTS514,1.0,1.0,0.0
H4,Oleic acid,0.9,0.8400000000000001,-0.06
H4,Oxaliplatin,1.0,1.0,0.0
H4,PF-06260933,1.0,1.0,0.0
H4,PH-797804,1.0,1.0,0.0
H4,Paclitaxel,1.0,0.9,-0.1
H4,Pemigatinib,1.0,0.9,-0.1
H4,Pimitespib,1.0,1.0,0.0
H4,Pralsetinib,1.0,1.0,0.0
H4,RMC-6236,1.0,1.0,0.0
H4,Ralimetinib dimesylate,0.9,1.0,0.1
H4,Regorafenib,1.0,1.0,0.0
H4,SBI-0640756,1.0,1.0,0.0
H4,Sapanisertib,1.0,1.0,0.0
H4,TAK-733,1.0,1.0,0.0
H4,TAK-901,1.0,1.0,0.0
H4,Temuterkib,1.0,1.0,0.0
H4,Tomivosertib,1.0,1.0,0.0
H4,Torkinib,1.0,1.0,0.0
H4,Trametinib,1.0,1.0,0.0
H4,Tubulin inhibitor 6,1.0,0.8666666666666666,-0.1333333333333333
H4,Tucatinib,0.9,1.0,0.1
H4,ULK-101,0.8,1.0,0.2
H4,Vemurafenib,1.0,1.0,0.0
H4,Volasertib,0.9,1.0,0.1
H4,XRK3F2,1.0,1.0,0.0
H4,c-Kit-IN-1,1.0,1.0,0.0
H4,olaparib,1.0,0.8,-0.2
H4,palbociclib,1.0,1.0,0.0
H4,venetoclax,1.0,1.0,0.0
H4,vincristine,1.0,1.0,0.0
HCT15,4EGI-1,1.0,1.0,0.0
HCT15,9-ING-41,0.75,0.9,0.15
HCT15,APTO-253,0.9,1.0,0.1
HCT15,AT7519,1.0,1.0,0.0
HCT15,AZD-7648,1.0,1.0,0.0
HCT15,AZD-8055,0.5,1.0,0.5
HCT15,AZD1390,1.0,1.0,0.0
HCT15,AZD2858,0.1321658986175115,0.2846464646464646,0.1524805660289531
HCT15,Abemaciclib,1.0,1.0,0.0
HCT15,Adagrasib,0.64,0.8,0.16
HCT15,Afatinib,1.0,1.0,0.0
HCT15,Anastrozole,0.7117647058823529,0.6952380952380952,-0.0165266106442577
HCT15,BAY1125976,1.0,1.0,0.0
HCT15,BI-3406,0.5,1.0,0.5
HCT15,BI-78D3,0.8,1.0,0.2
HCT15,Belumosudil (mesylate),1.0,1.0,0.0
HCT15,Bentamapimod,0.8666666666666666,0.8285714285714285,-0.0380952380952381
HCT15,Bimiralisib,1.0,1.0,0.0
HCT15,Binimetinib,0.8,1.0,0.2
HCT15,Bortezomib,1.0,1.0,0.0
HCT15,Brivudine,1.0,1.0,0.0
HCT15,CP21R7,1.0,1.0,0.0
HCT15,Capivasertib,0.6166666666666666,0.6166666666666666,0.0
HCT15,Capmatinib,0.8666666666666666,0.9,0.0333333333333333
HCT15,Celecoxib,0.2543290043290043,0.5333333333333333,0.279004329004329
HCT15,DT-061,1.0,0.8400000000000001,-0.16
HCT15,DTP3,1.0,1.0,0.0
HCT15,Dabrafenib,0.8,1.0,0.2
HCT15,ERK5-IN-2,1.0,1.0,0.0
HCT15,ETC-206,0.74,0.8666666666666666,0.1266666666666666
HCT15,EX229,1.0,1.0,0.0
HCT15,Elimusertib hydrochloride,1.0,1.0,0.0
HCT15,Encorafenib,1.0,1.0,0.0
HCT15,Erdafitinib ,0.9,1.0,0.1
HCT15,Everolimus,0.533976833976834,0.8400000000000001,0.306023166023166
HCT15,Futibatinib,1.0,0.9,-0.1
HCT15,GSK1059615,1.0,1.0,0.0
HCT15,Gemcitabine,0.7142857142857142,0.7153846153846153,0.001098901098901
HCT15,HI-TOPK-032,1.0,1.0,0.0
HCT15,Hydroxyfasudil,0.6066666666666667,0.5166666666666666,-0.09
HCT15,IQ 1,0.39,1.0,0.61
HCT15,Infigratinib,1.0,1.0,0.0
HCT15,Ipatasertib,0.9,1.0,0.1
HCT15,Irinotecan,1.0,1.0,0.0
HCT15,Ixazomib,1.0,1.0,0.0
HCT15,LB-100,0.545,0.5,-0.045
HCT15,LJI308,0.5583333333333333,0.7222222222222222,0.1638888888888889
HCT15,LY2090314,0.5666666666666667,0.5166666666666667,-0.0499999999999999
HCT15,Lapatinib ditosylate,0.8,1.0,0.2
HCT15,Lonafarnib,1.0,1.0,0.0
HCT15,MK-3903,0.8666666666666666,1.0,0.1333333333333333
HCT15,MK-8353,0.6153846153846154,0.6766666666666666,0.0612820512820512
HCT15,ML264,0.9,1.0,0.1
HCT15,Methylprednisolone succinate,0.7333333333333333,0.9,0.1666666666666666
HCT15,Minodronic acid,0.8,0.9,0.1
HCT15,NG25,1.0,1.0,0.0
HCT15,NVP-BHG712,0.8666666666666666,0.9,0.0333333333333333
HCT15,Oleic acid,0.9,0.85,-0.05
HCT15,Oxaliplatin,1.0,0.9,-0.1
HCT15,PF-06260933,1.0,1.0,0.0
HCT15,PH-797804,1.0,1.0,0.0
HCT15,Paclitaxel,1.0,1.0,0.0
HCT15,Pemigatinib,0.6685714285714285,0.6333333333333333,-0.0352380952380952
HCT15,Pimitespib,0.4848484848484848,0.6125,0.1276515151515151
HCT15,Pralsetinib,1.0,1.0,0.0
HCT15,RMC-6236,1.0,1.0,0.0
HCT15,Ralimetinib dimesylate,0.7166666666666666,0.8285714285714285,0.1119047619047619
HCT15,Regorafenib,1.0,1.0,0.0
HCT15,SBI-0640756,1.0,1.0,0.0
HCT15,Sapanisertib,1.0,1.0,0.0
HCT15,TAK-733,1.0,1.0,0.0
HCT15,TAK-901,1.0,1.0,0.0
HCT15,Temuterkib,0.9,1.0,0.1
HCT15,Tomivosertib,1.0,1.0,0.0
HCT15,Torkinib,0.9,0.8285714285714285,-0.0714285714285714
HCT15,Trametinib,1.0,1.0,0.0
HCT15,Tubulin inhibitor 6,0.5487179487179488,0.4583333333333333,-0.0903846153846153
HCT15,Tucatinib,1.0,1.0,0.0
HCT15,ULK-101,0.8095238095238095,0.85,0.0404761904761904
HCT15,Vemurafenib,0.6,1.0,0.4
HCT15,Volasertib,0.9,0.8400000000000001,-0.06
HCT15,XRK3F2,0.9,1.0,0.1
HCT15,c-Kit-IN-1,1.0,1.0,0.0
HCT15,olaparib,1.0,1.0,0.0
HCT15,palbociclib,1.0,1.0,0.0
HCT15,venetoclax,1.0,1.0,0.0
HCT15,vincristine,1.0,1.0,0.0
HEC-1-A,4EGI-1,1.0,1.0,0.0
HEC-1-A,9-ING-41,0.8666666666666666,1.0,0.1333333333333333
HEC-1-A,APTO-253,0.825,0.8666666666666666,0.0416666666666666
HEC-1-A,AT7519,1.0,1.0,0.0
HEC-1-A,AZD-7648,1.0,1.0,0.0
HEC-1-A,AZD-8055,1.0,1.0,0.0
HEC-1-A,AZD1390,1.0,1.0,0.0
HEC-1-A,AZD2858,0.5700000000000001,0.7,0.13
HEC-1-A,Abemaciclib,1.0,1.0,0.0
HEC-1-A,Adagrasib,0.9,1.0,0.1
HEC-1-A,Afatinib,1.0,1.0,0.0
HEC-1-A,Alpelisib,1.0,1.0,0.0
HEC-1-A,Anastrozole,0.6533333333333333,0.6888888888888889,0.0355555555555555
HEC-1-A,BAY1125976,1.0,1.0,0.0
HEC-1-A,BI-3406,0.9,1.0,0.1
HEC-1-A,BI-78D3,0.9,1.0,0.1
HEC-1-A,Belumosudil (mesylate),1.0,1.0,0.0
HEC-1-A,Belzutifan,1.0,1.0,0.0
HEC-1-A,Bentamapimod,0.625,0.825,0.2
HEC-1-A,Bimiralisib,1.0,1.0,0.0
HEC-1-A,Binimetinib,1.0,1.0,0.0
HEC-1-A,Bortezomib,1.0,1.0,0.0
HEC-1-A,Brivudine,1.0,1.0,0.0
HEC-1-A,CP21R7,0.7064516129032258,0.8153846153846154,0.1089330024813895
HEC-1-A,Capivasertib,0.65,0.9,0.25
HEC-1-A,Capmatinib,1.0,1.0,0.0
HEC-1-A,Celecoxib,0.4422222222222222,0.6952380952380952,0.2530158730158729
HEC-1-A,DT-061,1.0,1.0,0.0
HEC-1-A,DTP3,1.0,1.0,0.0
HEC-1-A,Dabrafenib,1.0,1.0,0.0
HEC-1-A,ERK5-IN-2,1.0,1.0,0.0
HEC-1-A,ETC-206,0.7,0.7666666666666666,0.0666666666666666
HEC-1-A,EX229,1.0,1.0,0.0
HEC-1-A,Elimusertib hydrochloride,1.0,1.0,0.0
HEC-1-A,Encorafenib,1.0,1.0,0.0
HEC-1-A,Erdafitinib ,1.0,1.0,0.0
HEC-1-A,Everolimus,0.8222222222222222,0.8285714285714285,0.0063492063492063
HEC-1-A,Futibatinib,1.0,1.0,0.0
HEC-1-A,GSK1059615,1.0,1.0,0.0
HEC-1-A,Gemcitabine,0.9,1.0,0.1
HEC-1-A,HI-TOPK-032,1.0,1.0,0.0
HEC-1-A,Hydroxyfasudil,1.0,1.0,0.0
HEC-1-A,IQ 1,1.0,1.0,0.0
HEC-1-A,Infigratinib,1.0,1.0,0.0
HEC-1-A,Ipatasertib,0.9,1.0,0.1
HEC-1-A,Irinotecan,1.0,1.0,0.0
HEC-1-A,Ixazomib,0.9,1.0,0.1
HEC-1-A,LB-100,0.45,0.8,0.35
HEC-1-A,LJI308,0.8666666666666666,1.0,0.1333333333333333
HEC-1-A,LY-2584702 (tosylate salt),1.0,1.0,0.0
HEC-1-A,LY2090314,0.5666666666666667,0.9,0.3333333333333333
HEC-1-A,Lapatinib ditosylate,1.0,0.8666666666666666,-0.1333333333333333
HEC-1-A,MK-3903,1.0,1.0,0.0
HEC-1-A,MK-8353,0.9,1.0,0.1
HEC-1-A,ML264,0.9,1.0,0.1
HEC-1-A,Methylprednisolone succinate,1.0,1.0,0.0
HEC-1-A,Minodronic acid,1.0,1.0,0.0
HEC-1-A,NG25,1.0,1.0,0.0
HEC-1-A,NVP-BHG712,0.9,0.9,0.0
HEC-1-A,OTS514,1.0,1.0,0.0
HEC-1-A,Oleic acid,0.7333333333333333,1.0,0.2666666666666667
HEC-1-A,Oxaliplatin,1.0,1.0,0.0
HEC-1-A,PF-06260933,1.0,1.0,0.0
HEC-1-A,PH-797804,1.0,1.0,0.0
HEC-1-A,Paclitaxel,1.0,1.0,0.0
HEC-1-A,Pemigatinib,0.6888888888888889,0.8666666666666666,0.1777777777777777
HEC-1-A,Pimitespib,1.0,1.0,0.0
HEC-1-A,Pralsetinib,1.0,1.0,0.0
HEC-1-A,RMC-6236,1.0,0.9,-0.1
HEC-1-A,Ralimetinib dimesylate,0.64,0.8666666666666666,0.2266666666666666
HEC-1-A,Regorafenib,1.0,1.0,0.0
HEC-1-A,SBI-0640756,1.0,1.0,0.0
HEC-1-A,Sapanisertib,1.0,1.0,0.0
HEC-1-A,Sonidegib,1.0,1.0,0.0
HEC-1-A,TAK-733,1.0,1.0,0.0
HEC-1-A,TAK-901,1.0,1.0,0.0
HEC-1-A,Temuterkib,0.9,0.9,0.0
HEC-1-A,Tomivosertib,1.0,1.0,0.0
HEC-1-A,Torkinib,1.0,1.0,0.0
HEC-1-A,Trametinib,1.0,1.0,0.0
HEC-1-A,Tubulin inhibitor 6,0.8666666666666666,1.0,0.1333333333333333
HEC-1-A,Tucatinib,1.0,1.0,0.0
HEC-1-A,ULK-101,1.0,1.0,0.0
HEC-1-A,Vemurafenib,0.8400000000000001,1.0,0.16
HEC-1-A,Volasertib,0.538888888888889,0.9,0.3611111111111111
HEC-1-A,XRK3F2,1.0,1.0,0.0
HEC-1-A,c-Kit-IN-1,1.0,1.0,0.0
HEC-1-A,olaparib,1.0,1.0,0.0
HEC-1-A,palbociclib,0.9,1.0,0.1
HEC-1-A,venetoclax,1.0,1.0,0.0
HEC-1-A,vincristine,1.0,1.0,0.0
HOP62,4EGI-1,1.0,1.0,0.0
HOP62,9-ING-41,1.0,1.0,0.0
HOP62,APTO-253,1.0,1.0,0.0
HOP62,AT7519,1.0,1.0,0.0
HOP62,AZD-7648,1.0,1.0,0.0
HOP62,AZD-8055,1.0,1.0,0.0
HOP62,AZD1390,1.0,1.0,0.0
HOP62,AZD2858,1.0,1.0,0.0
HOP62,Abemaciclib,1.0,1.0,0.0
HOP62,Adagrasib,1.0,0.8666666666666666,-0.1333333333333333
HOP62,Afatinib,1.0,1.0,0.0
HOP62,Alpelisib,1.0,1.0,0.0
HOP62,Anastrozole,1.0,1.0,0.0
HOP62,BAY1125976,1.0,1.0,0.0
HOP62,BI-3406,0.9,1.0,0.1
HOP62,BI-78D3,0.85,1.0,0.15
HOP62,Belumosudil (mesylate),1.0,1.0,0.0
HOP62,Belzutifan,1.0,1.0,0.0
HOP62,Bentamapimod,1.0,1.0,0.0
HOP62,Bimiralisib,1.0,1.0,0.0
HOP62,Binimetinib,1.0,1.0,0.0
HOP62,Bortezomib,1.0,1.0,0.0
HOP62,Brivudine,1.0,1.0,0.0
HOP62,CP21R7,0.9,1.0,0.1
HOP62,Capivasertib,1.0,1.0,0.0
HOP62,Capmatinib,1.0,1.0,0.0
HOP62,Celecoxib,1.0,1.0,0.0
HOP62,DT-061,1.0,1.0,0.0
HOP62,DTP3,1.0,1.0,0.0
HOP62,Dabrafenib,1.0,1.0,0.0
HOP62,ERK5-IN-2,1.0,1.0,0.0
HOP62,ETC-206,1.0,0.8666666666666666,-0.1333333333333333
HOP62,EX229,1.0,1.0,0.0
HOP62,Elimusertib hydrochloride,1.0,1.0,0.0
HOP62,Encorafenib,1.0,1.0,0.0
HOP62,Erdafitinib ,1.0,1.0,0.0
HOP62,Everolimus,1.0,1.0,0.0
HOP62,Futibatinib,1.0,1.0,0.0
HOP62,GSK1059615,1.0,1.0,0.0
HOP62,Gemcitabine,1.0,1.0,0.0
HOP62,HI-TOPK-032,1.0,1.0,0.0
HOP62,Hydroxyfasudil,1.0,1.0,0.0
HOP62,IQ 1,1.0,1.0,0.0
HOP62,Infigratinib,1.0,1.0,0.0
HOP62,Ipatasertib,1.0,1.0,0.0
HOP62,Irinotecan,1.0,1.0,0.0
HOP62,Ixazomib,1.0,1.0,0.0
HOP62,LB-100,0.8285714285714285,0.9,0.0714285714285714
HOP62,LJI308,1.0,1.0,0.0
HOP62,LY-2584702 (tosylate salt),1.0,1.0,0.0
HOP62,LY2090314,1.0,1.0,0.0
HOP62,Lapatinib ditosylate,1.0,1.0,0.0
HOP62,Lonafarnib,1.0,1.0,0.0
HOP62,MK-3903,1.0,1.0,0.0
HOP62,MK-8353,1.0,1.0,0.0
HOP62,ML264,1.0,1.0,0.0
HOP62,Methylprednisolone succinate,1.0,1.0,0.0
HOP62,Minodronic acid,1.0,1.0,0.0
HOP62,NG25,1.0,1.0,0.0
HOP62,NVP-BHG712,0.9,1.0,0.1
HOP62,OTS514,1.0,1.0,0.0
HOP62,Oleic acid,0.8,1.0,0.2
HOP62,Oxaliplatin,1.0,1.0,0.0
HOP62,PF-06260933,1.0,1.0,0.0
HOP62,PH-797804,1.0,1.0,0.0
HOP62,Paclitaxel,1.0,1.0,0.0
HOP62,Pemigatinib,0.9,1.0,0.1
HOP62,Pimitespib,1.0,1.0,0.0
HOP62,Pralsetinib,1.0,1.0,0.0
HOP62,RMC-6236,1.0,1.0,0.0
HOP62,Ralimetinib dimesylate,1.0,1.0,0.0
HOP62,Regorafenib,1.0,1.0,0.0
HOP62,SBI-0640756,1.0,1.0,0.0
HOP62,Sapanisertib,1.0,1.0,0.0
HOP62,Sonidegib,0.9,1.0,0.1
HOP62,TAK-733,1.0,1.0,0.0
HOP62,TAK-901,1.0,1.0,0.0
HOP62,Temuterkib,1.0,1.0,0.0
HOP62,Tomivosertib,1.0,1.0,0.0
HOP62,Torkinib,1.0,1.0,0.0
HOP62,Trametinib,1.0,1.0,0.0
HOP62,Tubulin inhibitor 6,1.0,1.0,0.0
HOP62,Tucatinib,1.0,1.0,0.0
HOP62,ULK-101,1.0,1.0,0.0
HOP62,Vemurafenib,1.0,1.0,0.0
HOP62,Volasertib,1.0,1.0,0.0
HOP62,XRK3F2,1.0,1.0,0.0
HOP62,c-Kit-IN-1,1.0,1.0,0.0
HOP62,olaparib,1.0,1.0,0.0
HOP62,palbociclib,1.0,1.0,0.0
HOP62,venetoclax,1.0,1.0,0.0
HOP62,vincristine,1.0,1.0,0.0
HS-578T,4EGI-1,1.0,1.0,0.0
HS-578T,9-ING-41,1.0,1.0,0.0
HS-578T,APTO-253,1.0,1.0,0.0
HS-578T,AT7519,1.0,1.0,0.0
HS-578T,AZD-7648,1.0,1.0,0.0
HS-578T,AZD-8055,1.0,1.0,0.0
HS-578T,AZD1390,1.0,1.0,0.0
HS-578T,AZD2858,1.0,1.0,0.0
HS-578T,Abemaciclib,1.0,1.0,0.0
HS-578T,Adagrasib,1.0,1.0,0.0
HS-578T,Afatinib,1.0,1.0,0.0
HS-578T,Alpelisib,1.0,1.0,0.0
HS-578T,Anastrozole,1.0,1.0,0.0
HS-578T,BAY1125976,1.0,1.0,0.0
HS-578T,BI-3406,1.0,1.0,0.0
HS-578T,BI-78D3,0.9,1.0,0.1
HS-578T,Belumosudil (mesylate),1.0,1.0,0.0
HS-578T,Belzutifan,1.0,1.0,0.0
HS-578T,Bentamapimod,1.0,1.0,0.0
HS-578T,Bimiralisib,1.0,1.0,0.0
HS-578T,Binimetinib,1.0,1.0,0.0
HS-578T,Bortezomib,1.0,1.0,0.0
HS-578T,Brivudine,1.0,1.0,0.0
HS-578T,CP21R7,0.9,1.0,0.1
HS-578T,Capivasertib,1.0,0.8666666666666666,-0.1333333333333333
HS-578T,Capmatinib,1.0,1.0,0.0
HS-578T,Celecoxib,0.5002331002331002,0.9,0.3997668997668998
HS-578T,DT-061,1.0,1.0,0.0
HS-578T,DTP3,1.0,1.0,0.0
HS-578T,Dabrafenib,1.0,1.0,0.0
HS-578T,ERK5-IN-2,1.0,1.0,0.0
HS-578T,ETC-206,1.0,1.0,0.0
HS-578T,EX229,1.0,1.0,0.0
HS-578T,Elimusertib hydrochloride,1.0,1.0,0.0
HS-578T,Encorafenib,1.0,1.0,0.0
HS-578T,Erdafitinib ,1.0,1.0,0.0
HS-578T,Everolimus,1.0,1.0,0.0
HS-578T,Futibatinib,1.0,1.0,0.0
HS-578T,GSK1059615,1.0,1.0,0.0
HS-578T,Gemcitabine,0.9,1.0,0.1
HS-578T,HI-TOPK-032,1.0,1.0,0.0
HS-578T,Hydroxyfasudil,1.0,1.0,0.0
HS-578T,IQ 1,1.0,1.0,0.0
HS-578T,Infigratinib,1.0,1.0,0.0
HS-578T,Ipatasertib,1.0,1.0,0.0
HS-578T,Irinotecan,1.0,1.0,0.0
HS-578T,Ixazomib,1.0,1.0,0.0
HS-578T,LB-100,0.8666666666666666,1.0,0.1333333333333333
HS-578T,LJI308,1.0,1.0,0.0
HS-578T,LY-2584702 (tosylate salt),1.0,1.0,0.0
HS-578T,LY2090314,1.0,0.9,-0.1
HS-578T,Lapatinib ditosylate,1.0,1.0,0.0
HS-578T,MK-3903,1.0,1.0,0.0
HS-578T,MK-8353,1.0,1.0,0.0
HS-578T,ML264,1.0,1.0,0.0
HS-578T,Methylprednisolone succinate,1.0,1.0,0.0
HS-578T,Minodronic acid,1.0,1.0,0.0
HS-578T,NG25,1.0,1.0,0.0
HS-578T,NVP-BHG712,1.0,1.0,0.0
HS-578T,OTS514,1.0,1.0,0.0
HS-578T,Oleic acid,1.0,1.0,0.0
HS-578T,Oxaliplatin,1.0,1.0,0.0
HS-578T,PF-06260933,1.0,1.0,0.0
HS-578T,PH-797804,1.0,1.0,0.0
HS-578T,Paclitaxel,1.0,1.0,0.0
HS-578T,Pemigatinib,1.0,1.0,0.0
HS-578T,Pimitespib,1.0,1.0,0.0
HS-578T,Pralsetinib,1.0,1.0,0.0
HS-578T,RMC-6236,1.0,1.0,0.0
HS-578T,Ralimetinib dimesylate,1.0,1.0,0.0
HS-578T,Regorafenib,1.0,1.0,0.0
HS-578T,SBI-0640756,1.0,1.0,0.0
HS-578T,Sapanisertib,1.0,1.0,0.0
HS-578T,Sonidegib,1.0,1.0,0.0
HS-578T,TAK-733,1.0,1.0,0.0
HS-578T,TAK-901,1.0,1.0,0.0
HS-578T,Temuterkib,1.0,1.0,0.0
HS-578T,Tomivosertib,1.0,1.0,0.0
HS-578T,Torkinib,1.0,1.0,0.0
HS-578T,Trametinib,1.0,1.0,0.0
HS-578T,Tubulin inhibitor 6,1.0,1.0,0.0
HS-578T,Tucatinib,1.0,1.0,0.0
HS-578T,ULK-101,0.9,1.0,0.1
HS-578T,Vemurafenib,1.0,1.0,0.0
HS-578T,Volasertib,0.9,1.0,0.1
HS-578T,XRK3F2,1.0,1.0,0.0
HS-578T,c-Kit-IN-1,1.0,1.0,0.0
HS-578T,olaparib,1.0,1.0,0.0
HS-578T,palbociclib,1.0,1.0,0.0
HS-578T,venetoclax,1.0,1.0,0.0
HS-578T,vincristine,1.0,1.0,0.0
HT-29,4EGI-1,1.0,1.0,0.0
HT-29,9-ING-41,1.0,1.0,0.0
HT-29,APTO-253,1.0,1.0,0.0
HT-29,AT7519,1.0,1.0,0.0
HT-29,AZD-7648,1.0,1.0,0.0
HT-29,AZD-8055,1.0,1.0,0.0
HT-29,AZD1390,1.0,1.0,0.0
HT-29,AZD2858,1.0,1.0,0.0
HT-29,Abemaciclib,1.0,1.0,0.0
HT-29,Adagrasib,1.0,0.8400000000000001,-0.16
HT-29,Afatinib,1.0,1.0,0.0
HT-29,Alpelisib,1.0,1.0,0.0
HT-29,Anastrozole,1.0,1.0,0.0
HT-29,BAY1125976,1.0,1.0,0.0
HT-29,BI-3406,1.0,1.0,0.0
HT-29,BI-78D3,0.7222222222222222,0.9,0.1777777777777777
HT-29,Belumosudil (mesylate),1.0,1.0,0.0
HT-29,Belzutifan,1.0,1.0,0.0
HT-29,Bentamapimod,1.0,1.0,0.0
HT-29,Bimiralisib,1.0,1.0,0.0
HT-29,Binimetinib,1.0,1.0,0.0
HT-29,Bortezomib,1.0,1.0,0.0
HT-29,Brivudine,1.0,1.0,0.0
HT-29,CP21R7,0.4533333333333333,0.85,0.3966666666666666
HT-29,Capivasertib,0.85,1.0,0.15
HT-29,Capmatinib,1.0,1.0,0.0
HT-29,Celecoxib,0.6483333333333333,0.6222222222222222,-0.026111111111111
HT-29,DT-061,1.0,1.0,0.0
HT-29,DTP3,1.0,1.0,0.0
HT-29,Dabrafenib,1.0,1.0,0.0
HT-29,ERK5-IN-2,1.0,1.0,0.0
HT-29,ETC-206,0.8666666666666666,1.0,0.1333333333333333
HT-29,EX229,1.0,1.0,0.0
HT-29,Elimusertib hydrochloride,1.0,1.0,0.0
HT-29,Encorafenib,1.0,1.0,0.0
HT-29,Erdafitinib ,1.0,1.0,0.0
HT-29,Everolimus,1.0,1.0,0.0
HT-29,Futibatinib,1.0,1.0,0.0
HT-29,GSK1059615,1.0,1.0,0.0
HT-29,Gemcitabine,1.0,1.0,0.0
HT-29,HI-TOPK-032,1.0,1.0,0.0
HT-29,Hydroxyfasudil,0.9,1.0,0.1
HT-29,IQ 1,1.0,1.0,0.0
HT-29,Infigratinib,1.0,1.0,0.0
HT-29,Ipatasertib,1.0,1.0,0.0
HT-29,Irinotecan,1.0,1.0,0.0
HT-29,Ixazomib,1.0,1.0,0.0
HT-29,LB-100,0.7166666666666666,0.9,0.1833333333333333
HT-29,LJI308,1.0,1.0,0.0
HT-29,LY-2584702 (tosylate salt),1.0,1.0,0.0
HT-29,LY2090314,1.0,1.0,0.0
HT-29,Lapatinib ditosylate,1.0,1.0,0.0
HT-29,MK-3903,1.0,1.0,0.0
HT-29,MK-8353,1.0,1.0,0.0
HT-29,ML264,1.0,1.0,0.0
HT-29,Methylprednisolone succinate,1.0,1.0,0.0
HT-29,Minodronic acid,1.0,1.0,0.0
HT-29,NG25,1.0,1.0,0.0
HT-29,NVP-BHG712,0.9,1.0,0.1
HT-29,OTS514,1.0,1.0,0.0
HT-29,Oleic acid,0.9,0.8666666666666666,-0.0333333333333333
HT-29,Oxaliplatin,1.0,1.0,0.0
HT-29,PF-06260933,1.0,1.0,0.0
HT-29,PH-797804,1.0,1.0,0.0
HT-29,Paclitaxel,1.0,1.0,0.0
HT-29,Pemigatinib,1.0,1.0,0.0
HT-29,Pimitespib,1.0,1.0,0.0
HT-29,Pralsetinib,1.0,1.0,0.0
HT-29,RMC-6236,1.0,1.0,0.0
HT-29,Ralimetinib dimesylate,1.0,1.0,0.0
HT-29,Regorafenib,1.0,1.0,0.0
HT-29,SBI-0640756,1.0,1.0,0.0
HT-29,Sapanisertib,1.0,1.0,0.0
HT-29,Sonidegib,1.0,1.0,0.0
HT-29,TAK-733,1.0,1.0,0.0
HT-29,TAK-901,1.0,1.0,0.0
HT-29,Temuterkib,1.0,1.0,0.0
HT-29,Tomivosertib,1.0,1.0,0.0
HT-29,Torkinib,1.0,1.0,0.0
HT-29,Trametinib,1.0,1.0,0.0
HT-29,Tubulin inhibitor 6,0.9,1.0,0.1
HT-29,Tucatinib,1.0,1.0,0.0
HT-29,ULK-101,0.9,1.0,0.1
HT-29,Vemurafenib,1.0,1.0,0.0
HT-29,Volasertib,1.0,1.0,0.0
HT-29,XRK3F2,1.0,1.0,0.0
HT-29,c-Kit-IN-1,1.0,1.0,0.0
HT-29,olaparib,1.0,1.0,0.0
HT-29,palbociclib,1.0,1.0,0.0
HT-29,venetoclax,1.0,1.0,0.0
HT-29,vincristine,1.0,1.0,0.0
HepG2/C3A,4EGI-1,1.0,1.0,0.0
HepG2/C3A,9-ING-41,1.0,1.0,0.0
HepG2/C3A,APTO-253,1.0,1.0,0.0
HepG2/C3A,AT7519,0.8666666666666666,1.0,0.1333333333333333
HepG2/C3A,AZD-7648,1.0,1.0,0.0
HepG2/C3A,AZD-8055,1.0,1.0,0.0
HepG2/C3A,AZD1390,1.0,1.0,0.0
HepG2/C3A,AZD2858,1.0,0.9,-0.1
HepG2/C3A,Abemaciclib,1.0,1.0,0.0
HepG2/C3A,Adagrasib,1.0,1.0,0.0
HepG2/C3A,Afatinib,1.0,1.0,0.0
HepG2/C3A,Alpelisib,1.0,1.0,0.0
HepG2/C3A,Anastrozole,0.8666666666666666,0.72,-0.1466666666666666
HepG2/C3A,BAY1125976,1.0,1.0,0.0
HepG2/C3A,BI-3406,1.0,1.0,0.0
HepG2/C3A,BI-78D3,0.7666666666666666,0.9,0.1333333333333333
HepG2/C3A,Belumosudil (mesylate),1.0,1.0,0.0
HepG2/C3A,Belzutifan,1.0,1.0,0.0
HepG2/C3A,Bentamapimod,1.0,1.0,0.0
HepG2/C3A,Bimiralisib,1.0,1.0,0.0
HepG2/C3A,Binimetinib,1.0,1.0,0.0
HepG2/C3A,Bortezomib,1.0,1.0,0.0
HepG2/C3A,Brivudine,1.0,1.0,0.0
HepG2/C3A,CP21R7,0.9,1.0,0.1
HepG2/C3A,Capivasertib,1.0,1.0,0.0
HepG2/C3A,Capmatinib,1.0,1.0,0.0
HepG2/C3A,Celecoxib,0.7,1.0,0.3
HepG2/C3A,DT-061,1.0,1.0,0.0
HepG2/C3A,DTP3,1.0,1.0,0.0
HepG2/C3A,Dabrafenib,1.0,1.0,0.0
HepG2/C3A,ERK5-IN-2,1.0,1.0,0.0
HepG2/C3A,ETC-206,1.0,1.0,0.0
HepG2/C3A,EX229,1.0,1.0,0.0
HepG2/C3A,Elimusertib hydrochloride,1.0,1.0,0.0
HepG2/C3A,Encorafenib,1.0,1.0,0.0
HepG2/C3A,Erdafitinib ,1.0,1.0,0.0
HepG2/C3A,Everolimus,0.9,1.0,0.1
HepG2/C3A,Futibatinib,1.0,1.0,0.0
HepG2/C3A,GSK1059615,1.0,1.0,0.0
HepG2/C3A,Gemcitabine,1.0,1.0,0.0
HepG2/C3A,HI-TOPK-032,1.0,1.0,0.0
HepG2/C3A,Hydroxyfasudil,0.9,0.9,0.0
HepG2/C3A,IQ 1,1.0,1.0,0.0
HepG2/C3A,Infigratinib,1.0,1.0,0.0
HepG2/C3A,Ipatasertib,1.0,1.0,0.0
HepG2/C3A,Irinotecan,1.0,1.0,0.0
HepG2/C3A,Ixazomib,1.0,1.0,0.0
HepG2/C3A,LB-100,0.2955555555555555,1.0,0.7044444444444444
HepG2/C3A,LJI308,1.0,1.0,0.0
HepG2/C3A,LY2090314,1.0,1.0,0.0
HepG2/C3A,Lapatinib ditosylate,1.0,1.0,0.0
HepG2/C3A,MK-3903,1.0,1.0,0.0
HepG2/C3A,MK-8353,1.0,1.0,0.0
HepG2/C3A,ML264,1.0,1.0,0.0
HepG2/C3A,Methylprednisolone succinate,0.9,1.0,0.1
HepG2/C3A,Minodronic acid,1.0,1.0,0.0
HepG2/C3A,NG25,1.0,1.0,0.0
HepG2/C3A,NVP-BHG712,1.0,1.0,0.0
HepG2/C3A,OTS514,1.0,1.0,0.0
HepG2/C3A,Oleic acid,1.0,1.0,0.0
HepG2/C3A,Oxaliplatin,1.0,1.0,0.0
HepG2/C3A,PF-06260933,1.0,1.0,0.0
HepG2/C3A,PH-797804,1.0,1.0,0.0
HepG2/C3A,Paclitaxel,1.0,1.0,0.0
HepG2/C3A,Pemigatinib,1.0,1.0,0.0
HepG2/C3A,Pimitespib,1.0,1.0,0.0
HepG2/C3A,Pralsetinib,1.0,1.0,0.0
HepG2/C3A,RMC-6236,1.0,1.0,0.0
HepG2/C3A,Ralimetinib dimesylate,1.0,1.0,0.0
HepG2/C3A,Regorafenib,1.0,1.0,0.0
HepG2/C3A,SBI-0640756,1.0,1.0,0.0
HepG2/C3A,Sapanisertib,1.0,1.0,0.0
HepG2/C3A,Sonidegib,1.0,1.0,0.0
HepG2/C3A,TAK-733,1.0,1.0,0.0
HepG2/C3A,TAK-901,1.0,1.0,0.0
HepG2/C3A,Temuterkib,1.0,1.0,0.0
HepG2/C3A,Tomivosertib,1.0,1.0,0.0
HepG2/C3A,Torkinib,1.0,1.0,0.0
HepG2/C3A,Trametinib,1.0,1.0,0.0
HepG2/C3A,Tubulin inhibitor 6,1.0,1.0,0.0
HepG2/C3A,Tucatinib,1.0,1.0,0.0
HepG2/C3A,ULK-101,1.0,1.0,0.0
HepG2/C3A,Vemurafenib,1.0,1.0,0.0
HepG2/C3A,Volasertib,0.9,1.0,0.1
HepG2/C3A,XRK3F2,1.0,1.0,0.0
HepG2/C3A,c-Kit-IN-1,1.0,1.0,0.0
HepG2/C3A,olaparib,1.0,1.0,0.0
HepG2/C3A,palbociclib,1.0,1.0,0.0
HepG2/C3A,venetoclax,1.0,1.0,0.0
HepG2/C3A,vincristine,1.0,1.0,0.0
Hs 766T,4EGI-1,1.0,1.0,0.0
Hs 766T,9-ING-41,1.0,1.0,0.0
Hs 766T,APTO-253,1.0,1.0,0.0
Hs 766T,AT7519,0.9,1.0,0.1
Hs 766T,AZD-7648,1.0,1.0,0.0
Hs 766T,AZD-8055,1.0,1.0,0.0
Hs 766T,AZD1390,1.0,1.0,0.0
Hs 766T,AZD2858,0.4566666666666666,0.5833333333333333,0.1266666666666666
Hs 766T,Abemaciclib,1.0,1.0,0.0
Hs 766T,Adagrasib,1.0,1.0,0.0
Hs 766T,Afatinib,1.0,1.0,0.0
Hs 766T,Alpelisib,1.0,1.0,0.0
Hs 766T,Anastrozole,0.9,0.9,0.0
Hs 766T,BAY1125976,1.0,1.0,0.0
Hs 766T,BI-3406,0.9,1.0,0.1
Hs 766T,BI-78D3,0.74,1.0,0.26
Hs 766T,Belumosudil (mesylate),1.0,1.0,0.0
Hs 766T,Belzutifan,1.0,1.0,0.0
Hs 766T,Bentamapimod,1.0,1.0,0.0
Hs 766T,Bimiralisib,1.0,1.0,0.0
Hs 766T,Binimetinib,1.0,1.0,0.0
Hs 766T,Bortezomib,1.0,1.0,0.0
Hs 766T,Brivudine,1.0,1.0,0.0
Hs 766T,CP21R7,0.8666666666666666,1.0,0.1333333333333333
Hs 766T,Capivasertib,1.0,1.0,0.0
Hs 766T,Capmatinib,1.0,1.0,0.0
Hs 766T,Celecoxib,0.7333333333333333,0.5333333333333333,-0.2
Hs 766T,DT-061,0.4619047619047619,1.0,0.5380952380952382
Hs 766T,DTP3,1.0,1.0,0.0
Hs 766T,Dabrafenib,1.0,1.0,0.0
Hs 766T,ERK5-IN-2,1.0,1.0,0.0
Hs 766T,ETC-206,0.9,1.0,0.1
Hs 766T,EX229,1.0,1.0,0.0
Hs 766T,Elimusertib hydrochloride,1.0,1.0,0.0
Hs 766T,Encorafenib,1.0,1.0,0.0
Hs 766T,Erdafitinib ,1.0,1.0,0.0
Hs 766T,Everolimus,1.0,1.0,0.0
Hs 766T,Futibatinib,1.0,1.0,0.0
Hs 766T,GSK1059615,1.0,1.0,0.0
Hs 766T,Gemcitabine,1.0,1.0,0.0
Hs 766T,HI-TOPK-032,1.0,1.0,0.0
Hs 766T,Hydroxyfasudil,1.0,1.0,0.0
Hs 766T,IQ 1,1.0,1.0,0.0
Hs 766T,Infigratinib,1.0,1.0,0.0
Hs 766T,Ipatasertib,1.0,1.0,0.0
Hs 766T,Irinotecan,1.0,1.0,0.0
Hs 766T,Ixazomib,1.0,1.0,0.0
Hs 766T,LB-100,1.0,0.8666666666666666,-0.1333333333333333
Hs 766T,LJI308,1.0,1.0,0.0
Hs 766T,LY2090314,1.0,1.0,0.0
Hs 766T,Lapatinib ditosylate,1.0,1.0,0.0
Hs 766T,MK-3903,1.0,1.0,0.0
Hs 766T,MK-8353,0.9,0.9,0.0
Hs 766T,ML264,0.9,1.0,0.1
Hs 766T,Methylprednisolone succinate,1.0,1.0,0.0
Hs 766T,Minodronic acid,1.0,1.0,0.0
Hs 766T,NG25,1.0,1.0,0.0
Hs 766T,NVP-BHG712,1.0,1.0,0.0
Hs 766T,OTS514,1.0,1.0,0.0
Hs 766T,Oleic acid,0.8,1.0,0.2
Hs 766T,Oxaliplatin,1.0,1.0,0.0
Hs 766T,PF-06260933,1.0,1.0,0.0
Hs 766T,PH-797804,1.0,1.0,0.0
Hs 766T,Paclitaxel,0.9,1.0,0.1
Hs 766T,Pemigatinib,0.8,1.0,0.2
Hs 766T,Pimitespib,0.4833333333333333,0.9,0.4166666666666667
Hs 766T,Pralsetinib,1.0,1.0,0.0
Hs 766T,RMC-6236,1.0,1.0,0.0
Hs 766T,Ralimetinib dimesylate,0.9,1.0,0.1
Hs 766T,Regorafenib,1.0,1.0,0.0
Hs 766T,SBI-0640756,1.0,1.0,0.0
Hs 766T,Sapanisertib,1.0,1.0,0.0
Hs 766T,Sonidegib,1.0,1.0,0.0
Hs 766T,TAK-733,1.0,1.0,0.0
Hs 766T,TAK-901,1.0,1.0,0.0
Hs 766T,Temuterkib,1.0,1.0,0.0
Hs 766T,Tomivosertib,1.0,1.0,0.0
Hs 766T,Torkinib,0.74,1.0,0.26
Hs 766T,Trametinib,1.0,1.0,0.0
Hs 766T,Tubulin inhibitor 6,0.75,1.0,0.25
Hs 766T,Tucatinib,1.0,1.0,0.0
Hs 766T,ULK-101,1.0,1.0,0.0
Hs 766T,Vemurafenib,1.0,1.0,0.0
Hs 766T,Volasertib,0.9,1.0,0.1
Hs 766T,XRK3F2,1.0,1.0,0.0
Hs 766T,c-Kit-IN-1,1.0,1.0,0.0
Hs 766T,olaparib,1.0,0.9,-0.1
Hs 766T,palbociclib,1.0,1.0,0.0
Hs 766T,venetoclax,1.0,1.0,0.0
Hs 766T,vincristine,1.0,1.0,0.0
J82,4EGI-1,1.0,1.0,0.0
J82,9-ING-41,0.9,1.0,0.1
J82,APTO-253,0.85,0.85,0.0
J82,AT7519,1.0,1.0,0.0
J82,AZD-7648,1.0,1.0,0.0
J82,AZD-8055,1.0,1.0,0.0
J82,AZD1390,1.0,1.0,0.0
J82,AZD2858,0.7666666666666666,1.0,0.2333333333333333
J82,Abemaciclib,1.0,1.0,0.0
J82,Adagrasib,0.7666666666666666,1.0,0.2333333333333333
J82,Afatinib,1.0,1.0,0.0
J82,Alpelisib,1.0,1.0,0.0
J82,Anastrozole,1.0,1.0,0.0
J82,BAY1125976,1.0,1.0,0.0
J82,BI-3406,1.0,1.0,0.0
J82,BI-78D3,1.0,1.0,0.0
J82,Belumosudil (mesylate),1.0,1.0,0.0
J82,Belzutifan,1.0,1.0,0.0
J82,Bentamapimod,1.0,1.0,0.0
J82,Bimiralisib,1.0,1.0,0.0
J82,Binimetinib,1.0,1.0,0.0
J82,Bortezomib,1.0,1.0,0.0
J82,Brivudine,1.0,1.0,0.0
J82,CP21R7,1.0,1.0,0.0
J82,Capivasertib,1.0,1.0,0.0
J82,Capmatinib,1.0,1.0,0.0
J82,Celecoxib,0.9,1.0,0.1
J82,DT-061,1.0,1.0,0.0
J82,DTP3,1.0,1.0,0.0
J82,Dabrafenib,1.0,1.0,0.0
J82,ERK5-IN-2,1.0,1.0,0.0
J82,ETC-206,0.9,1.0,0.1
J82,EX229,1.0,1.0,0.0
J82,Elimusertib hydrochloride,1.0,1.0,0.0
J82,Encorafenib,1.0,1.0,0.0
J82,Erdafitinib ,1.0,1.0,0.0
J82,Everolimus,0.9,1.0,0.1
J82,Futibatinib,1.0,1.0,0.0
J82,GSK1059615,1.0,1.0,0.0
J82,Gemcitabine,1.0,1.0,0.0
J82,HI-TOPK-032,1.0,1.0,0.0
J82,Hydroxyfasudil,1.0,1.0,0.0
J82,IQ 1,1.0,1.0,0.0
J82,Infigratinib,1.0,1.0,0.0
J82,Ipatasertib,1.0,1.0,0.0
J82,Irinotecan,1.0,1.0,0.0
J82,Ixazomib,1.0,1.0,0.0
J82,LB-100,0.9,0.9,0.0
J82,LJI308,1.0,1.0,0.0
J82,LY-2584702 (tosylate salt),1.0,1.0,0.0
J82,LY2090314,1.0,0.9,-0.1
J82,Lapatinib ditosylate,0.9,0.9,0.0
J82,Lonafarnib,1.0,1.0,0.0
J82,MK-3903,0.8,0.9,0.1
J82,MK-8353,1.0,1.0,0.0
J82,ML264,0.85,0.85,0.0
J82,Methylprednisolone succinate,0.8666666666666666,1.0,0.1333333333333333
J82,Minodronic acid,0.8333333333333333,0.8666666666666666,0.0333333333333333
J82,NG25,1.0,1.0,0.0
J82,NVP-BHG712,1.0,1.0,0.0
J82,OTS514,1.0,1.0,0.0
J82,Oleic acid,0.5666666666666667,0.9,0.3333333333333333
J82,Oxaliplatin,1.0,1.0,0.0
J82,PF-06260933,1.0,1.0,0.0
J82,PH-797804,1.0,1.0,0.0
J82,Paclitaxel,1.0,1.0,0.0
J82,Pemigatinib,0.8400000000000001,1.0,0.16
J82,Pimitespib,0.9,1.0,0.1
J82,Pralsetinib,1.0,1.0,0.0
J82,RMC-6236,1.0,1.0,0.0
J82,Ralimetinib dimesylate,1.0,1.0,0.0
J82,Regorafenib,1.0,1.0,0.0
J82,SBI-0640756,1.0,1.0,0.0
J82,Sapanisertib,1.0,1.0,0.0
J82,Sonidegib,1.0,1.0,0.0
J82,TAK-733,1.0,1.0,0.0
J82,TAK-901,1.0,1.0,0.0
J82,Temuterkib,1.0,1.0,0.0
J82,Tomivosertib,1.0,1.0,0.0
J82,Torkinib,1.0,1.0,0.0
J82,Trametinib,1.0,1.0,0.0
J82,Tubulin inhibitor 6,1.0,1.0,0.0
J82,Tucatinib,0.8,1.0,0.2
J82,ULK-101,0.8666666666666666,0.9,0.0333333333333333
J82,Vemurafenib,0.6666666666666666,0.85,0.1833333333333333
J82,Volasertib,0.74,0.8,0.06
J82,XRK3F2,1.0,1.0,0.0
J82,c-Kit-IN-1,1.0,1.0,0.0
J82,olaparib,1.0,1.0,0.0
J82,palbociclib,1.0,1.0,0.0
J82,venetoclax,1.0,1.0,0.0
J82,vincristine,1.0,1.0,0.0
KATO III,4EGI-1,1.0,1.0,0.0
KATO III,9-ING-41,1.0,1.0,0.0
KATO III,APTO-253,1.0,1.0,0.0
KATO III,AT7519,1.0,1.0,0.0
KATO III,AZD-7648,1.0,1.0,0.0
KATO III,AZD-8055,1.0,1.0,0.0
KATO III,AZD1390,0.8666666666666666,1.0,0.1333333333333333
KATO III,AZD2858,1.0,1.0,0.0
KATO III,Abemaciclib,1.0,1.0,0.0
KATO III,Adagrasib,0.9,1.0,0.1
KATO III,Afatinib,1.0,1.0,0.0
KATO III,Alpelisib,1.0,1.0,0.0
KATO III,Anastrozole,0.85,1.0,0.15
KATO III,BAY1125976,1.0,1.0,0.0
KATO III,BI-3406,1.0,1.0,0.0
KATO III,BI-78D3,0.75,0.9,0.15
KATO III,Belumosudil (mesylate),1.0,1.0,0.0
KATO III,Belzutifan,1.0,1.0,0.0
KATO III,Bentamapimod,1.0,1.0,0.0
KATO III,Bimiralisib,1.0,1.0,0.0
KATO III,Binimetinib,1.0,1.0,0.0
KATO III,Bortezomib,1.0,1.0,0.0
KATO III,Brivudine,1.0,1.0,0.0
KATO III,CP21R7,0.9,0.9,0.0
KATO III,Capivasertib,0.9,1.0,0.1
KATO III,Capmatinib,1.0,1.0,0.0
KATO III,Celecoxib,0.8333333333333333,0.9,0.0666666666666666
KATO III,DT-061,1.0,1.0,0.0
KATO III,DTP3,1.0,1.0,0.0
KATO III,Dabrafenib,1.0,1.0,0.0
KATO III,ERK5-IN-2,1.0,1.0,0.0
KATO III,ETC-206,0.7048780487804878,0.8133333333333332,0.1084552845528455
KATO III,EX229,1.0,1.0,0.0
KATO III,Elimusertib hydrochloride,1.0,1.0,0.0
KATO III,Encorafenib,1.0,1.0,0.0
KATO III,Erdafitinib ,1.0,0.9,-0.1
KATO III,Everolimus,1.0,1.0,0.0
KATO III,Futibatinib,1.0,1.0,0.0
KATO III,GSK1059615,1.0,1.0,0.0
KATO III,Gemcitabine,1.0,1.0,0.0
KATO III,HI-TOPK-032,1.0,1.0,0.0
KATO III,Hydroxyfasudil,1.0,1.0,0.0
KATO III,IQ 1,1.0,1.0,0.0
KATO III,Infigratinib,1.0,1.0,0.0
KATO III,Ipatasertib,1.0,1.0,0.0
KATO III,Irinotecan,1.0,1.0,0.0
KATO III,Ixazomib,1.0,1.0,0.0
KATO III,LB-100,1.0,1.0,0.0
KATO III,LJI308,1.0,1.0,0.0
KATO III,LY-2584702 (tosylate salt),1.0,1.0,0.0
KATO III,LY2090314,1.0,1.0,0.0
KATO III,Lapatinib ditosylate,0.9,1.0,0.1
KATO III,MK-3903,1.0,1.0,0.0
KATO III,MK-8353,0.9,1.0,0.1
KATO III,ML264,1.0,1.0,0.0
KATO III,Methylprednisolone succinate,1.0,1.0,0.0
KATO III,Minodronic acid,0.9,1.0,0.1
KATO III,NG25,1.0,1.0,0.0
KATO III,NVP-BHG712,1.0,1.0,0.0
KATO III,OTS514,1.0,1.0,0.0
KATO III,Oleic acid,1.0,1.0,0.0
KATO III,Oxaliplatin,1.0,1.0,0.0
KATO III,PF-06260933,1.0,1.0,0.0
KATO III,PH-797804,1.0,1.0,0.0
KATO III,Paclitaxel,1.0,1.0,0.0
KATO III,Pemigatinib,1.0,1.0,0.0
KATO III,Pimitespib,0.8666666666666666,1.0,0.1333333333333333
KATO III,Pralsetinib,1.0,1.0,0.0
KATO III,RMC-6236,1.0,1.0,0.0
KATO III,Ralimetinib dimesylate,1.0,1.0,0.0
KATO III,Regorafenib,1.0,1.0,0.0
KATO III,SBI-0640756,1.0,1.0,0.0
KATO III,Sapanisertib,1.0,1.0,0.0
KATO III,Sonidegib,1.0,1.0,0.0
KATO III,TAK-733,1.0,1.0,0.0
KATO III,TAK-901,1.0,1.0,0.0
KATO III,Temuterkib,1.0,1.0,0.0
KATO III,Tomivosertib,1.0,1.0,0.0
KATO III,Torkinib,1.0,1.0,0.0
KATO III,Trametinib,1.0,1.0,0.0
KATO III,Tubulin inhibitor 6,0.8400000000000001,1.0,0.16
KATO III,Tucatinib,1.0,1.0,0.0
KATO III,ULK-101,1.0,1.0,0.0
KATO III,Vemurafenib,1.0,1.0,0.0
KATO III,Volasertib,1.0,1.0,0.0
KATO III,XRK3F2,1.0,1.0,0.0
KATO III,c-Kit-IN-1,1.0,1.0,0.0
KATO III,olaparib,1.0,1.0,0.0
KATO III,palbociclib,1.0,1.0,0.0
KATO III,venetoclax,1.0,1.0,0.0
KATO III,vincristine,1.0,1.0,0.0
LOX-IMVI,4EGI-1,1.0,1.0,0.0
LOX-IMVI,9-ING-41,0.9,1.0,0.1
LOX-IMVI,APTO-253,1.0,0.7666666666666667,-0.2333333333333333
LOX-IMVI,AT7519,1.0,1.0,0.0
LOX-IMVI,AZD-7648,1.0,1.0,0.0
LOX-IMVI,AZD-8055,1.0,1.0,0.0
LOX-IMVI,AZD1390,1.0,1.0,0.0
LOX-IMVI,AZD2858,0.75,0.8,0.05
LOX-IMVI,Abemaciclib,1.0,1.0,0.0
LOX-IMVI,Adagrasib,0.4199999999999999,1.0,0.5800000000000001
LOX-IMVI,Afatinib,1.0,1.0,0.0
LOX-IMVI,Alpelisib,1.0,1.0,0.0
LOX-IMVI,Anastrozole,1.0,1.0,0.0
LOX-IMVI,BAY1125976,1.0,1.0,0.0
LOX-IMVI,BI-3406,1.0,1.0,0.0
LOX-IMVI,BI-78D3,0.8,1.0,0.2
LOX-IMVI,Belumosudil (mesylate),1.0,1.0,0.0
LOX-IMVI,Belzutifan,1.0,1.0,0.0
LOX-IMVI,Bentamapimod,1.0,1.0,0.0
LOX-IMVI,Bimiralisib,1.0,1.0,0.0
LOX-IMVI,Binimetinib,1.0,1.0,0.0
LOX-IMVI,Bortezomib,1.0,1.0,0.0
LOX-IMVI,Brivudine,1.0,1.0,0.0
LOX-IMVI,CP21R7,1.0,1.0,0.0
LOX-IMVI,Capivasertib,0.7333333333333333,0.8285714285714285,0.0952380952380952
LOX-IMVI,Capmatinib,1.0,1.0,0.0
LOX-IMVI,Celecoxib,0.7333333333333333,0.74,0.0066666666666666
LOX-IMVI,DT-061,1.0,1.0,0.0
LOX-IMVI,DTP3,1.0,1.0,0.0
LOX-IMVI,Dabrafenib,1.0,1.0,0.0
LOX-IMVI,ERK5-IN-2,1.0,1.0,0.0
LOX-IMVI,ETC-206,0.72,0.8181818181818181,0.0981818181818181
LOX-IMVI,EX229,1.0,1.0,0.0
LOX-IMVI,Elimusertib hydrochloride,1.0,1.0,0.0
LOX-IMVI,Encorafenib,1.0,1.0,0.0
LOX-IMVI,Erdafitinib ,0.8,0.7666666666666666,-0.0333333333333333
LOX-IMVI,Everolimus,1.0,1.0,0.0
LOX-IMVI,Futibatinib,1.0,1.0,0.0
LOX-IMVI,GSK1059615,1.0,1.0,0.0
LOX-IMVI,Gemcitabine,1.0,0.9,-0.1
LOX-IMVI,HI-TOPK-032,1.0,1.0,0.0
LOX-IMVI,Hydroxyfasudil,1.0,1.0,0.0
LOX-IMVI,IQ 1,0.8,0.8666666666666666,0.0666666666666666
LOX-IMVI,Infigratinib,1.0,1.0,0.0
LOX-IMVI,Ipatasertib,1.0,1.0,0.0
LOX-IMVI,Irinotecan,1.0,1.0,0.0
LOX-IMVI,Ixazomib,1.0,1.0,0.0
LOX-IMVI,LB-100,0.9,0.85,-0.05
LOX-IMVI,LJI308,1.0,1.0,0.0
LOX-IMVI,LY-2584702 (tosylate salt),1.0,1.0,0.0
LOX-IMVI,LY2090314,1.0,1.0,0.0
LOX-IMVI,Lapatinib ditosylate,0.8666666666666666,0.7,-0.1666666666666666
LOX-IMVI,Lonafarnib,1.0,1.0,0.0
LOX-IMVI,MK-3903,1.0,1.0,0.0
LOX-IMVI,MK-8353,0.5740740740740741,0.8181818181818181,0.2441077441077441
LOX-IMVI,ML264,1.0,1.0,0.0
LOX-IMVI,Methylprednisolone succinate,0.8,1.0,0.2
LOX-IMVI,Minodronic acid,1.0,1.0,0.0
LOX-IMVI,NG25,1.0,1.0,0.0
LOX-IMVI,NVP-BHG712,0.7666666666666666,0.9,0.1333333333333333
LOX-IMVI,OTS514,1.0,1.0,0.0
LOX-IMVI,Oleic acid,0.58,0.7666666666666667,0.1866666666666666
LOX-IMVI,Oxaliplatin,1.0,0.9,-0.1
LOX-IMVI,PF-06260933,1.0,1.0,0.0
LOX-IMVI,PH-797804,1.0,1.0,0.0
LOX-IMVI,Paclitaxel,1.0,1.0,0.0
LOX-IMVI,Pemigatinib,1.0,1.0,0.0
LOX-IMVI,Pimitespib,1.0,1.0,0.0
LOX-IMVI,Pralsetinib,1.0,1.0,0.0
LOX-IMVI,RMC-6236,1.0,1.0,0.0
LOX-IMVI,Ralimetinib dimesylate,0.9,1.0,0.1
LOX-IMVI,Regorafenib,1.0,1.0,0.0
LOX-IMVI,SBI-0640756,1.0,1.0,0.0
LOX-IMVI,Sapanisertib,1.0,1.0,0.0
LOX-IMVI,Sonidegib,1.0,1.0,0.0
LOX-IMVI,TAK-733,1.0,1.0,0.0
LOX-IMVI,TAK-901,1.0,1.0,0.0
LOX-IMVI,Temuterkib,1.0,0.9,-0.1
LOX-IMVI,Tomivosertib,1.0,1.0,0.0
LOX-IMVI,Torkinib,0.9,0.9,0.0
LOX-IMVI,Trametinib,1.0,1.0,0.0
LOX-IMVI,Tubulin inhibitor 6,1.0,1.0,0.0
LOX-IMVI,Tucatinib,0.9,0.8,-0.1
LOX-IMVI,ULK-101,1.0,1.0,0.0
LOX-IMVI,Vemurafenib,0.9,1.0,0.1
LOX-IMVI,Volasertib,1.0,0.9,-0.1
LOX-IMVI,XRK3F2,1.0,1.0,0.0
LOX-IMVI,c-Kit-IN-1,1.0,1.0,0.0
LOX-IMVI,olaparib,1.0,1.0,0.0
LOX-IMVI,palbociclib,1.0,1.0,0.0
LOX-IMVI,venetoclax,1.0,1.0,0.0
LOX-IMVI,vincristine,1.0,1.0,0.0
LS 180,4EGI-1,1.0,1.0,0.0
LS 180,9-ING-41,1.0,1.0,0.0
LS 180,APTO-253,1.0,1.0,0.0
LS 180,AT7519,1.0,1.0,0.0
LS 180,AZD-7648,1.0,1.0,0.0
LS 180,AZD-8055,1.0,1.0,0.0
LS 180,AZD1390,1.0,1.0,0.0
LS 180,AZD2858,0.9,1.0,0.1
LS 180,Abemaciclib,1.0,1.0,0.0
LS 180,Adagrasib,1.0,1.0,0.0
LS 180,Afatinib,1.0,1.0,0.0
LS 180,Alpelisib,1.0,1.0,0.0
LS 180,Anastrozole,1.0,1.0,0.0
LS 180,BAY1125976,1.0,1.0,0.0
LS 180,BI-3406,0.9,1.0,0.1
LS 180,BI-78D3,1.0,1.0,0.0
LS 180,Belumosudil (mesylate),1.0,1.0,0.0
LS 180,Belzutifan,1.0,1.0,0.0
LS 180,Bentamapimod,0.9,1.0,0.1
LS 180,Bimiralisib,1.0,1.0,0.0
LS 180,Binimetinib,1.0,1.0,0.0
LS 180,Bortezomib,1.0,1.0,0.0
LS 180,Brivudine,1.0,1.0,0.0
LS 180,CP21R7,0.9,1.0,0.1
LS 180,Capivasertib,0.9,1.0,0.1
LS 180,Capmatinib,1.0,1.0,0.0
LS 180,Celecoxib,0.9,1.0,0.1
LS 180,DT-061,1.0,1.0,0.0
LS 180,DTP3,1.0,1.0,0.0
LS 180,Dabrafenib,1.0,1.0,0.0
LS 180,ERK5-IN-2,1.0,1.0,0.0
LS 180,ETC-206,1.0,0.7666666666666666,-0.2333333333333333
LS 180,EX229,1.0,1.0,0.0
LS 180,Elimusertib hydrochloride,1.0,1.0,0.0
LS 180,Encorafenib,1.0,1.0,0.0
LS 180,Erdafitinib ,1.0,0.9,-0.1
LS 180,Everolimus,1.0,1.0,0.0
LS 180,Futibatinib,1.0,1.0,0.0
LS 180,GSK1059615,1.0,1.0,0.0
LS 180,Gemcitabine,1.0,1.0,0.0
LS 180,HI-TOPK-032,1.0,1.0,0.0
LS 180,Hydroxyfasudil,1.0,1.0,0.0
LS 180,IQ 1,1.0,1.0,0.0
LS 180,Infigratinib,1.0,1.0,0.0
LS 180,Ipatasertib,1.0,1.0,0.0
LS 180,Irinotecan,1.0,1.0,0.0
LS 180,Ixazomib,1.0,1.0,0.0
LS 180,LB-100,0.9,1.0,0.1
LS 180,LJI308,1.0,1.0,0.0
LS 180,LY-2584702 (tosylate salt),1.0,1.0,0.0
LS 180,LY2090314,1.0,1.0,0.0
LS 180,Lapatinib ditosylate,0.8666666666666666,0.9,0.0333333333333333
LS 180,MK-3903,1.0,1.0,0.0
LS 180,MK-8353,0.9,0.9,0.0
LS 180,ML264,1.0,1.0,0.0
LS 180,Methylprednisolone succinate,1.0,1.0,0.0
LS 180,Minodronic acid,1.0,1.0,0.0
LS 180,NG25,1.0,1.0,0.0
LS 180,NVP-BHG712,1.0,1.0,0.0
LS 180,OTS514,1.0,1.0,0.0
LS 180,Oleic acid,0.9,0.9,0.0
LS 180,Oxaliplatin,1.0,1.0,0.0
LS 180,PF-06260933,1.0,1.0,0.0
LS 180,PH-797804,1.0,1.0,0.0
LS 180,Paclitaxel,1.0,1.0,0.0
LS 180,Pemigatinib,0.9,1.0,0.1
LS 180,Pimitespib,1.0,1.0,0.0
LS 180,Pralsetinib,1.0,1.0,0.0
LS 180,RMC-6236,1.0,1.0,0.0
LS 180,Ralimetinib dimesylate,1.0,1.0,0.0
LS 180,Regorafenib,1.0,1.0,0.0
LS 180,SBI-0640756,1.0,1.0,0.0
LS 180,Sapanisertib,1.0,1.0,0.0
LS 180,Sonidegib,1.0,1.0,0.0
LS 180,TAK-733,1.0,1.0,0.0
LS 180,TAK-901,1.0,1.0,0.0
LS 180,Temuterkib,1.0,1.0,0.0
LS 180,Tomivosertib,1.0,1.0,0.0
LS 180,Torkinib,1.0,1.0,0.0
LS 180,Trametinib,1.0,1.0,0.0
LS 180,Tubulin inhibitor 6,1.0,1.0,0.0
LS 180,Tucatinib,1.0,1.0,0.0
LS 180,ULK-101,1.0,1.0,0.0
LS 180,Vemurafenib,1.0,1.0,0.0
LS 180,Volasertib,1.0,1.0,0.0
LS 180,XRK3F2,1.0,1.0,0.0
LS 180,c-Kit-IN-1,1.0,1.0,0.0
LS 180,olaparib,1.0,1.0,0.0
LS 180,palbociclib,1.0,1.0,0.0
LS 180,venetoclax,1.0,1.0,0.0
LS 180,vincristine,1.0,1.0,0.0
LoVo,4EGI-1,1.0,1.0,0.0
LoVo,9-ING-41,1.0,1.0,0.0
LoVo,APTO-253,1.0,1.0,0.0
LoVo,AT7519,1.0,1.0,0.0
LoVo,AZD-7648,1.0,1.0,0.0
LoVo,AZD-8055,1.0,1.0,0.0
LoVo,AZD1390,1.0,1.0,0.0
LoVo,AZD2858,0.8,1.0,0.2
LoVo,Abemaciclib,1.0,1.0,0.0
LoVo,Adagrasib,0.7666666666666666,1.0,0.2333333333333333
LoVo,Afatinib,1.0,1.0,0.0
LoVo,Alpelisib,1.0,1.0,0.0
LoVo,Anastrozole,1.0,1.0,0.0
LoVo,BAY1125976,1.0,1.0,0.0
LoVo,BI-3406,1.0,1.0,0.0
LoVo,BI-78D3,0.9,1.0,0.1
LoVo,Belumosudil (mesylate),1.0,1.0,0.0
LoVo,Belzutifan,1.0,1.0,0.0
LoVo,Bentamapimod,1.0,1.0,0.0
LoVo,Bimiralisib,1.0,1.0,0.0
LoVo,Binimetinib,1.0,1.0,0.0
LoVo,Bortezomib,1.0,1.0,0.0
LoVo,Brivudine,1.0,1.0,0.0
LoVo,CP21R7,0.8666666666666666,1.0,0.1333333333333333
LoVo,Capivasertib,0.9,1.0,0.1
LoVo,Capmatinib,1.0,1.0,0.0
LoVo,Celecoxib,1.0,0.7333333333333333,-0.2666666666666667
LoVo,DT-061,1.0,1.0,0.0
LoVo,DTP3,1.0,1.0,0.0
LoVo,Dabrafenib,1.0,1.0,0.0
LoVo,ERK5-IN-2,1.0,1.0,0.0
LoVo,ETC-206,0.7666666666666666,1.0,0.2333333333333333
LoVo,EX229,1.0,1.0,0.0
LoVo,Elimusertib hydrochloride,1.0,1.0,0.0
LoVo,Encorafenib,1.0,1.0,0.0
LoVo,Erdafitinib ,1.0,1.0,0.0
LoVo,Everolimus,1.0,1.0,0.0
LoVo,Futibatinib,1.0,1.0,0.0
LoVo,GSK1059615,1.0,1.0,0.0
LoVo,Gemcitabine,1.0,1.0,0.0
LoVo,HI-TOPK-032,1.0,1.0,0.0
LoVo,Hydroxyfasudil,1.0,1.0,0.0
LoVo,IQ 1,1.0,1.0,0.0
LoVo,Infigratinib,1.0,1.0,0.0
LoVo,Ipatasertib,1.0,1.0,0.0
LoVo,Irinotecan,1.0,1.0,0.0
LoVo,Ixazomib,1.0,1.0,0.0
LoVo,LB-100,0.9,1.0,0.1
LoVo,LJI308,0.9,1.0,0.1
LoVo,LY-2584702 (tosylate salt),1.0,1.0,0.0
LoVo,LY2090314,1.0,1.0,0.0
LoVo,Lapatinib ditosylate,1.0,1.0,0.0
LoVo,Lonafarnib,1.0,1.0,0.0
LoVo,MK-3903,1.0,1.0,0.0
LoVo,MK-8353,0.7066666666666667,0.85,0.1433333333333333
LoVo,ML264,0.85,1.0,0.15
LoVo,Methylprednisolone succinate,1.0,1.0,0.0
LoVo,Minodronic acid,1.0,1.0,0.0
LoVo,NG25,1.0,1.0,0.0
LoVo,NVP-BHG712,0.9,1.0,0.1
LoVo,OTS514,1.0,1.0,0.0
LoVo,Oleic acid,1.0,1.0,0.0
LoVo,Oxaliplatin,1.0,1.0,0.0
LoVo,PF-06260933,1.0,1.0,0.0
LoVo,PH-797804,1.0,1.0,0.0
LoVo,Paclitaxel,1.0,1.0,0.0
LoVo,Pemigatinib,1.0,1.0,0.0
LoVo,Pimitespib,1.0,1.0,0.0
LoVo,Pralsetinib,1.0,1.0,0.0
LoVo,RMC-6236,1.0,1.0,0.0
LoVo,Ralimetinib dimesylate,0.7666666666666667,1.0,0.2333333333333333
LoVo,Regorafenib,1.0,1.0,0.0
LoVo,SBI-0640756,1.0,1.0,0.0
LoVo,Sapanisertib,1.0,1.0,0.0
LoVo,Sonidegib,1.0,1.0,0.0
LoVo,TAK-733,1.0,1.0,0.0
LoVo,TAK-901,1.0,1.0,0.0
LoVo,Temuterkib,1.0,1.0,0.0
LoVo,Tomivosertib,1.0,1.0,0.0
LoVo,Torkinib,1.0,1.0,0.0
LoVo,Trametinib,1.0,1.0,0.0
LoVo,Tubulin inhibitor 6,1.0,1.0,0.0
LoVo,Tucatinib,1.0,1.0,0.0
LoVo,ULK-101,1.0,1.0,0.0
LoVo,Vemurafenib,1.0,1.0,0.0
LoVo,Volasertib,1.0,1.0,0.0
LoVo,XRK3F2,1.0,1.0,0.0
LoVo,c-Kit-IN-1,1.0,1.0,0.0
LoVo,olaparib,1.0,1.0,0.0
LoVo,palbociclib,1.0,1.0,0.0
LoVo,venetoclax,1.0,1.0,0.0
LoVo,vincristine,1.0,1.0,0.0
MIA PaCa-2,4EGI-1,1.0,1.0,0.0
MIA PaCa-2,9-ING-41,1.0,1.0,0.0
MIA PaCa-2,APTO-253,1.0,1.0,0.0
MIA PaCa-2,AT7519,1.0,1.0,0.0
MIA PaCa-2,AZD-7648,1.0,1.0,0.0
MIA PaCa-2,AZD-8055,1.0,1.0,0.0
MIA PaCa-2,AZD1390,1.0,1.0,0.0
MIA PaCa-2,AZD2858,0.54,0.8,0.26
MIA PaCa-2,Abemaciclib,1.0,1.0,0.0
MIA PaCa-2,Adagrasib,1.0,1.0,0.0
MIA PaCa-2,Afatinib,1.0,1.0,0.0
MIA PaCa-2,Alpelisib,1.0,1.0,0.0
MIA PaCa-2,Anastrozole,0.8400000000000001,0.9,0.06
MIA PaCa-2,BAY1125976,1.0,1.0,0.0
MIA PaCa-2,BI-3406,0.9,1.0,0.1
MIA PaCa-2,BI-78D3,1.0,1.0,0.0
MIA PaCa-2,Belumosudil (mesylate),1.0,1.0,0.0
MIA PaCa-2,Belzutifan,1.0,1.0,0.0
MIA PaCa-2,Bentamapimod,1.0,1.0,0.0
MIA PaCa-2,Bimiralisib,1.0,1.0,0.0
MIA PaCa-2,Binimetinib,1.0,1.0,0.0
MIA PaCa-2,Bortezomib,1.0,1.0,0.0
MIA PaCa-2,Brivudine,1.0,1.0,0.0
MIA PaCa-2,CP21R7,0.8400000000000001,1.0,0.16
MIA PaCa-2,Capivasertib,1.0,1.0,0.0
MIA PaCa-2,Capmatinib,1.0,1.0,0.0
MIA PaCa-2,Celecoxib,0.5916666666666666,0.8666666666666666,0.275
MIA PaCa-2,DT-061,1.0,1.0,0.0
MIA PaCa-2,DTP3,1.0,1.0,0.0
MIA PaCa-2,Dabrafenib,1.0,1.0,0.0
MIA PaCa-2,ERK5-IN-2,1.0,1.0,0.0
MIA PaCa-2,ETC-206,0.9,1.0,0.1
MIA PaCa-2,EX229,1.0,1.0,0.0
MIA PaCa-2,Elimusertib hydrochloride,1.0,1.0,0.0
MIA PaCa-2,Encorafenib,1.0,1.0,0.0
MIA PaCa-2,Erdafitinib ,1.0,1.0,0.0
MIA PaCa-2,Everolimus,1.0,1.0,0.0
MIA PaCa-2,Futibatinib,1.0,1.0,0.0
MIA PaCa-2,GSK1059615,1.0,1.0,0.0
MIA PaCa-2,Gemcitabine,0.8400000000000001,0.85,0.01
MIA PaCa-2,HI-TOPK-032,1.0,1.0,0.0
MIA PaCa-2,Hydroxyfasudil,1.0,1.0,0.0
MIA PaCa-2,IQ 1,1.0,1.0,0.0
MIA PaCa-2,Infigratinib,1.0,1.0,0.0
MIA PaCa-2,Ipatasertib,1.0,1.0,0.0
MIA PaCa-2,Irinotecan,1.0,1.0,0.0
MIA PaCa-2,Ixazomib,1.0,1.0,0.0
MIA PaCa-2,LB-100,0.9,0.9,0.0
MIA PaCa-2,LJI308,1.0,1.0,0.0
MIA PaCa-2,LY-2584702 (tosylate salt),1.0,1.0,0.0
MIA PaCa-2,LY2090314,1.0,1.0,0.0
MIA PaCa-2,Lapatinib ditosylate,1.0,1.0,0.0
MIA PaCa-2,Lonafarnib,1.0,1.0,0.0
MIA PaCa-2,MK-3903,1.0,1.0,0.0
MIA PaCa-2,MK-8353,1.0,1.0,0.0
MIA PaCa-2,ML264,0.9,0.9,0.0
MIA PaCa-2,Methylprednisolone succinate,1.0,1.0,0.0
MIA PaCa-2,Minodronic acid,0.9,0.9,0.0
MIA PaCa-2,NG25,1.0,1.0,0.0
MIA PaCa-2,NVP-BHG712,1.0,1.0,0.0
MIA PaCa-2,OTS514,1.0,1.0,0.0
MIA PaCa-2,Oleic acid,0.8,0.9,0.1
MIA PaCa-2,Oxaliplatin,1.0,1.0,0.0
MIA PaCa-2,PF-06260933,1.0,1.0,0.0
MIA PaCa-2,PH-797804,1.0,1.0,0.0
MIA PaCa-2,Paclitaxel,1.0,1.0,0.0
MIA PaCa-2,Pemigatinib,0.9,1.0,0.1
MIA PaCa-2,Pimitespib,0.9,1.0,0.1
MIA PaCa-2,Pralsetinib,1.0,1.0,0.0
MIA PaCa-2,RMC-6236,1.0,1.0,0.0
MIA PaCa-2,Ralimetinib dimesylate,1.0,1.0,0.0
MIA PaCa-2,Regorafenib,1.0,1.0,0.0
MIA PaCa-2,SBI-0640756,1.0,1.0,0.0
MIA PaCa-2,Sapanisertib,1.0,1.0,0.0
MIA PaCa-2,Sonidegib,1.0,1.0,0.0
MIA PaCa-2,TAK-733,1.0,1.0,0.0
MIA PaCa-2,TAK-901,1.0,1.0,0.0
MIA PaCa-2,Temuterkib,1.0,1.0,0.0
MIA PaCa-2,Tomivosertib,1.0,1.0,0.0
MIA PaCa-2,Torkinib,1.0,1.0,0.0
MIA PaCa-2,Trametinib,1.0,1.0,0.0
MIA PaCa-2,Tubulin inhibitor 6,1.0,1.0,0.0
MIA PaCa-2,Tucatinib,1.0,1.0,0.0
MIA PaCa-2,ULK-101,1.0,1.0,0.0
MIA PaCa-2,Vemurafenib,1.0,1.0,0.0
MIA PaCa-2,Volasertib,0.65,1.0,0.35
MIA PaCa-2,XRK3F2,0.8,0.9,0.1
MIA PaCa-2,c-Kit-IN-1,1.0,1.0,0.0
MIA PaCa-2,olaparib,1.0,1.0,0.0
MIA PaCa-2,palbociclib,0.9,0.9,0.0
MIA PaCa-2,venetoclax,1.0,1.0,0.0
MIA PaCa-2,vincristine,1.0,1.0,0.0
NCI-H1573,4EGI-1,1.0,1.0,0.0
NCI-H1573,9-ING-41,1.0,1.0,0.0
NCI-H1573,APTO-253,1.0,1.0,0.0
NCI-H1573,AT7519,1.0,0.9,-0.1
NCI-H1573,AZD-7648,1.0,1.0,0.0
NCI-H1573,AZD-8055,1.0,1.0,0.0
NCI-H1573,AZD1390,1.0,1.0,0.0
NCI-H1573,AZD2858,0.8,1.0,0.2
NCI-H1573,Abemaciclib,1.0,1.0,0.0
NCI-H1573,Adagrasib,1.0,1.0,0.0
NCI-H1573,Afatinib,1.0,1.0,0.0
NCI-H1573,Alpelisib,1.0,1.0,0.0
NCI-H1573,Anastrozole,1.0,1.0,0.0
NCI-H1573,BAY1125976,1.0,1.0,0.0
NCI-H1573,BI-3406,1.0,1.0,0.0
NCI-H1573,BI-78D3,0.8,1.0,0.2
NCI-H1573,Belumosudil (mesylate),1.0,1.0,0.0
NCI-H1573,Belzutifan,1.0,1.0,0.0
NCI-H1573,Bentamapimod,1.0,1.0,0.0
NCI-H1573,Bimiralisib,1.0,1.0,0.0
NCI-H1573,Binimetinib,1.0,1.0,0.0
NCI-H1573,Bortezomib,1.0,1.0,0.0
NCI-H1573,Brivudine,1.0,1.0,0.0
NCI-H1573,CP21R7,1.0,1.0,0.0
NCI-H1573,Capivasertib,1.0,1.0,0.0
NCI-H1573,Capmatinib,1.0,1.0,0.0
NCI-H1573,Celecoxib,0.85,1.0,0.15
NCI-H1573,DT-061,1.0,1.0,0.0
NCI-H1573,DTP3,1.0,1.0,0.0
NCI-H1573,Dabrafenib,1.0,1.0,0.0
NCI-H1573,ERK5-IN-2,1.0,1.0,0.0
NCI-H1573,ETC-206,0.7166666666666666,1.0,0.2833333333333333
NCI-H1573,EX229,1.0,1.0,0.0
NCI-H1573,Elimusertib hydrochloride,1.0,1.0,0.0
NCI-H1573,Encorafenib,1.0,1.0,0.0
NCI-H1573,Erdafitinib ,1.0,1.0,0.0
NCI-H1573,Everolimus,1.0,1.0,0.0
NCI-H1573,Futibatinib,1.0,1.0,0.0
NCI-H1573,GSK1059615,1.0,1.0,0.0
NCI-H1573,Gemcitabine,1.0,1.0,0.0
NCI-H1573,HI-TOPK-032,1.0,1.0,0.0
NCI-H1573,Hydroxyfasudil,1.0,1.0,0.0
NCI-H1573,IQ 1,1.0,1.0,0.0
NCI-H1573,Infigratinib,1.0,1.0,0.0
NCI-H1573,Ipatasertib,1.0,1.0,0.0
NCI-H1573,Irinotecan,1.0,1.0,0.0
NCI-H1573,Ixazomib,1.0,1.0,0.0
NCI-H1573,LB-100,1.0,1.0,0.0
NCI-H1573,LJI308,1.0,1.0,0.0
NCI-H1573,LY-2584702 (tosylate salt),1.0,1.0,0.0
NCI-H1573,LY2090314,1.0,1.0,0.0
NCI-H1573,Lapatinib ditosylate,1.0,1.0,0.0
NCI-H1573,Lonafarnib,1.0,1.0,0.0
NCI-H1573,MK-3903,1.0,1.0,0.0
NCI-H1573,MK-8353,1.0,1.0,0.0
NCI-H1573,ML264,1.0,1.0,0.0
NCI-H1573,Methylprednisolone succinate,1.0,1.0,0.0
NCI-H1573,Minodronic acid,1.0,1.0,0.0
NCI-H1573,NG25,1.0,1.0,0.0
NCI-H1573,NVP-BHG712,0.9,1.0,0.1
NCI-H1573,OTS514,1.0,1.0,0.0
NCI-H1573,Oleic acid,0.9,1.0,0.1
NCI-H1573,Oxaliplatin,1.0,1.0,0.0
NCI-H1573,PF-06260933,1.0,1.0,0.0
NCI-H1573,PH-797804,1.0,1.0,0.0
NCI-H1573,Paclitaxel,1.0,1.0,0.0
NCI-H1573,Pemigatinib,1.0,1.0,0.0
NCI-H1573,Pimitespib,1.0,1.0,0.0
NCI-H1573,Pralsetinib,1.0,1.0,0.0
NCI-H1573,RMC-6236,1.0,1.0,0.0
NCI-H1573,Ralimetinib dimesylate,1.0,1.0,0.0
NCI-H1573,Regorafenib,1.0,1.0,0.0
NCI-H1573,SBI-0640756,1.0,1.0,0.0
NCI-H1573,Sapanisertib,1.0,1.0,0.0
NCI-H1573,Sonidegib,1.0,1.0,0.0
NCI-H1573,TAK-733,1.0,1.0,0.0
NCI-H1573,TAK-901,1.0,1.0,0.0
NCI-H1573,Temuterkib,1.0,1.0,0.0
NCI-H1573,Tomivosertib,1.0,1.0,0.0
NCI-H1573,Torkinib,1.0,1.0,0.0
NCI-H1573,Trametinib,1.0,1.0,0.0
NCI-H1573,Tubulin inhibitor 6,1.0,1.0,0.0
NCI-H1573,Tucatinib,1.0,1.0,0.0
NCI-H1573,ULK-101,1.0,1.0,0.0
NCI-H1573,Vemurafenib,1.0,1.0,0.0
NCI-H1573,Volasertib,0.7,0.9,0.2
NCI-H1573,XRK3F2,1.0,1.0,0.0
NCI-H1573,c-Kit-IN-1,1.0,1.0,0.0
NCI-H1573,olaparib,1.0,1.0,0.0
NCI-H1573,palbociclib,1.0,1.0,0.0
NCI-H1573,venetoclax,1.0,1.0,0.0
NCI-H1573,vincristine,1.0,1.0,0.0
NCI-H1792,4EGI-1,1.0,1.0,0.0
NCI-H1792,9-ING-41,0.9,1.0,0.1
NCI-H1792,APTO-253,1.0,1.0,0.0
NCI-H1792,AT7519,1.0,1.0,0.0
NCI-H1792,AZD-7648,1.0,1.0,0.0
NCI-H1792,AZD-8055,1.0,1.0,0.0
NCI-H1792,AZD1390,1.0,1.0,0.0
NCI-H1792,AZD2858,0.9,1.0,0.1
NCI-H1792,Abemaciclib,1.0,1.0,0.0
NCI-H1792,Adagrasib,1.0,1.0,0.0
NCI-H1792,Afatinib,1.0,1.0,0.0
NCI-H1792,Alpelisib,1.0,1.0,0.0
NCI-H1792,Anastrozole,1.0,1.0,0.0
NCI-H1792,BAY1125976,1.0,1.0,0.0
NCI-H1792,BI-3406,0.9,1.0,0.1
NCI-H1792,BI-78D3,1.0,1.0,0.0
NCI-H1792,Belumosudil (mesylate),1.0,1.0,0.0
NCI-H1792,Belzutifan,1.0,1.0,0.0
NCI-H1792,Bentamapimod,0.9,1.0,0.1
NCI-H1792,Bimiralisib,1.0,1.0,0.0
NCI-H1792,Binimetinib,1.0,1.0,0.0
NCI-H1792,Brivudine,1.0,1.0,0.0
NCI-H1792,CP21R7,1.0,1.0,0.0
NCI-H1792,Capivasertib,1.0,1.0,0.0
NCI-H1792,Capmatinib,1.0,1.0,0.0
NCI-H1792,Celecoxib,0.9,1.0,0.1
NCI-H1792,DT-061,1.0,1.0,0.0
NCI-H1792,DTP3,1.0,1.0,0.0
NCI-H1792,Dabrafenib,1.0,1.0,0.0
NCI-H1792,ERK5-IN-2,1.0,1.0,0.0
NCI-H1792,ETC-206,1.0,1.0,0.0
NCI-H1792,EX229,1.0,1.0,0.0
NCI-H1792,Elimusertib hydrochloride,1.0,1.0,0.0
NCI-H1792,Encorafenib,1.0,1.0,0.0
NCI-H1792,Erdafitinib ,1.0,1.0,0.0
NCI-H1792,Everolimus,1.0,1.0,0.0
NCI-H1792,Futibatinib,1.0,1.0,0.0
NCI-H1792,GSK1059615,1.0,1.0,0.0
NCI-H1792,Gemcitabine,0.9,1.0,0.1
NCI-H1792,HI-TOPK-032,1.0,1.0,0.0
NCI-H1792,Hydroxyfasudil,1.0,1.0,0.0
NCI-H1792,IQ 1,1.0,1.0,0.0
NCI-H1792,Infigratinib,1.0,1.0,0.0
NCI-H1792,Ipatasertib,1.0,1.0,0.0
NCI-H1792,Irinotecan,1.0,1.0,0.0
NCI-H1792,Ixazomib,1.0,1.0,0.0
NCI-H1792,LB-100,1.0,1.0,0.0
NCI-H1792,LJI308,1.0,1.0,0.0
NCI-H1792,LY-2584702 (tosylate salt),1.0,1.0,0.0
NCI-H1792,LY2090314,1.0,1.0,0.0
NCI-H1792,Lapatinib ditosylate,1.0,1.0,0.0
NCI-H1792,Lonafarnib,1.0,1.0,0.0
NCI-H1792,MK-3903,1.0,1.0,0.0
NCI-H1792,MK-8353,1.0,1.0,0.0
NCI-H1792,ML264,1.0,1.0,0.0
NCI-H1792,Methylprednisolone succinate,1.0,1.0,0.0
NCI-H1792,Minodronic acid,1.0,1.0,0.0
NCI-H1792,NG25,1.0,1.0,0.0
NCI-H1792,NVP-BHG712,1.0,1.0,0.0
NCI-H1792,OTS514,1.0,1.0,0.0
NCI-H1792,Oleic acid,0.8,0.9,0.1
NCI-H1792,Oxaliplatin,1.0,1.0,0.0
NCI-H1792,PF-06260933,1.0,1.0,0.0
NCI-H1792,PH-797804,1.0,1.0,0.0
NCI-H1792,Paclitaxel,1.0,1.0,0.0
NCI-H1792,Pemigatinib,1.0,1.0,0.0
NCI-H1792,Pimitespib,1.0,1.0,0.0
NCI-H1792,Pralsetinib,1.0,1.0,0.0
NCI-H1792,RMC-6236,1.0,1.0,0.0
NCI-H1792,Ralimetinib dimesylate,1.0,1.0,0.0
NCI-H1792,Regorafenib,1.0,1.0,0.0
NCI-H1792,SBI-0640756,1.0,1.0,0.0
NCI-H1792,Sapanisertib,1.0,1.0,0.0
NCI-H1792,Sonidegib,1.0,1.0,0.0
NCI-H1792,TAK-733,1.0,1.0,0.0
NCI-H1792,TAK-901,1.0,1.0,0.0
NCI-H1792,Temuterkib,1.0,1.0,0.0
NCI-H1792,Tomivosertib,1.0,1.0,0.0
NCI-H1792,Torkinib,1.0,1.0,0.0
NCI-H1792,Trametinib,1.0,1.0,0.0
NCI-H1792,Tubulin inhibitor 6,0.9,1.0,0.1
NCI-H1792,Tucatinib,1.0,1.0,0.0
NCI-H1792,ULK-101,1.0,1.0,0.0
NCI-H1792,Vemurafenib,1.0,1.0,0.0
NCI-H1792,Volasertib,1.0,1.0,0.0
NCI-H1792,XRK3F2,1.0,1.0,0.0
NCI-H1792,c-Kit-IN-1,1.0,1.0,0.0
NCI-H1792,olaparib,1.0,1.0,0.0
NCI-H1792,palbociclib,1.0,1.0,0.0
NCI-H1792,venetoclax,1.0,1.0,0.0
NCI-H1792,vincristine,1.0,1.0,0.0
NCI-H2030,4EGI-1,1.0,1.0,0.0
NCI-H2030,9-ING-41,0.66,0.9,0.24
NCI-H2030,APTO-253,1.0,0.9,-0.1
NCI-H2030,AT7519,0.9,1.0,0.1
NCI-H2030,AZD-7648,1.0,1.0,0.0
NCI-H2030,AZD-8055,1.0,1.0,0.0
NCI-H2030,AZD1390,1.0,1.0,0.0
NCI-H2030,AZD2858,1.0,1.0,0.0
NCI-H2030,Abemaciclib,1.0,1.0,0.0
NCI-H2030,Adagrasib,1.0,1.0,0.0
NCI-H2030,Afatinib,1.0,1.0,0.0
NCI-H2030,Alpelisib,1.0,1.0,0.0
NCI-H2030,Anastrozole,1.0,1.0,0.0
NCI-H2030,BAY1125976,1.0,1.0,0.0
NCI-H2030,BI-3406,1.0,1.0,0.0
NCI-H2030,BI-78D3,0.8400000000000001,1.0,0.16
NCI-H2030,Belumosudil (mesylate),1.0,1.0,0.0
NCI-H2030,Belzutifan,1.0,1.0,0.0
NCI-H2030,Bentamapimod,1.0,1.0,0.0
NCI-H2030,Bimiralisib,1.0,1.0,0.0
NCI-H2030,Binimetinib,1.0,1.0,0.0
NCI-H2030,Bortezomib,1.0,1.0,0.0
NCI-H2030,Brivudine,1.0,1.0,0.0
NCI-H2030,CP21R7,1.0,1.0,0.0
NCI-H2030,Capivasertib,1.0,1.0,0.0
NCI-H2030,Capmatinib,0.8,1.0,0.2
NCI-H2030,Celecoxib,0.72,0.8133333333333332,0.0933333333333333
NCI-H2030,DT-061,1.0,1.0,0.0
NCI-H2030,DTP3,1.0,1.0,0.0
NCI-H2030,Dabrafenib,1.0,1.0,0.0
NCI-H2030,ERK5-IN-2,1.0,1.0,0.0
NCI-H2030,ETC-206,0.9,0.9,0.0
NCI-H2030,EX229,1.0,1.0,0.0
NCI-H2030,Elimusertib hydrochloride,1.0,1.0,0.0
NCI-H2030,Encorafenib,1.0,1.0,0.0
NCI-H2030,Erdafitinib ,1.0,1.0,0.0
NCI-H2030,Everolimus,1.0,1.0,0.0
NCI-H2030,Futibatinib,1.0,1.0,0.0
NCI-H2030,GSK1059615,1.0,1.0,0.0
NCI-H2030,Gemcitabine,1.0,1.0,0.0
NCI-H2030,HI-TOPK-032,1.0,1.0,0.0
NCI-H2030,Hydroxyfasudil,0.8,0.9,0.1
NCI-H2030,IQ 1,1.0,1.0,0.0
NCI-H2030,Infigratinib,1.0,1.0,0.0
NCI-H2030,Ipatasertib,1.0,1.0,0.0
NCI-H2030,Irinotecan,1.0,1.0,0.0
NCI-H2030,Ixazomib,1.0,1.0,0.0
NCI-H2030,LB-100,1.0,0.8666666666666666,-0.1333333333333333
NCI-H2030,LJI308,1.0,1.0,0.0
NCI-H2030,LY-2584702 (tosylate salt),1.0,1.0,0.0
NCI-H2030,LY2090314,1.0,1.0,0.0
NCI-H2030,Lapatinib ditosylate,1.0,1.0,0.0
NCI-H2030,Lonafarnib,1.0,1.0,0.0
NCI-H2030,MK-3903,0.8,1.0,0.2
NCI-H2030,MK-8353,0.9,1.0,0.1
NCI-H2030,ML264,1.0,1.0,0.0
NCI-H2030,Methylprednisolone succinate,1.0,1.0,0.0
NCI-H2030,Minodronic acid,1.0,1.0,0.0
NCI-H2030,NG25,1.0,1.0,0.0
NCI-H2030,NVP-BHG712,1.0,1.0,0.0
NCI-H2030,OTS514,1.0,1.0,0.0
NCI-H2030,Oleic acid,0.7666666666666666,1.0,0.2333333333333333
NCI-H2030,Oxaliplatin,1.0,1.0,0.0
NCI-H2030,PF-06260933,1.0,1.0,0.0
NCI-H2030,PH-797804,1.0,1.0,0.0
NCI-H2030,Paclitaxel,1.0,1.0,0.0
NCI-H2030,Pemigatinib,0.8400000000000001,1.0,0.16
NCI-H2030,Pimitespib,1.0,1.0,0.0
NCI-H2030,Pralsetinib,1.0,1.0,0.0
NCI-H2030,RMC-6236,1.0,1.0,0.0
NCI-H2030,Ralimetinib dimesylate,1.0,1.0,0.0
NCI-H2030,Regorafenib,1.0,1.0,0.0
NCI-H2030,SBI-0640756,1.0,1.0,0.0
NCI-H2030,Sapanisertib,1.0,1.0,0.0
NCI-H2030,Sonidegib,1.0,1.0,0.0
NCI-H2030,TAK-733,1.0,1.0,0.0
NCI-H2030,TAK-901,1.0,1.0,0.0
NCI-H2030,Temuterkib,1.0,1.0,0.0
NCI-H2030,Tomivosertib,1.0,1.0,0.0
NCI-H2030,Torkinib,1.0,1.0,0.0
NCI-H2030,Trametinib,1.0,1.0,0.0
NCI-H2030,Tubulin inhibitor 6,1.0,1.0,0.0
NCI-H2030,Tucatinib,1.0,1.0,0.0
NCI-H2030,ULK-101,1.0,1.0,0.0
NCI-H2030,Vemurafenib,1.0,1.0,0.0
NCI-H2030,Volasertib,1.0,1.0,0.0
NCI-H2030,XRK3F2,1.0,1.0,0.0
NCI-H2030,c-Kit-IN-1,1.0,1.0,0.0
NCI-H2030,olaparib,1.0,1.0,0.0
NCI-H2030,palbociclib,1.0,1.0,0.0
NCI-H2030,venetoclax,1.0,1.0,0.0
NCI-H2030,vincristine,1.0,1.0,0.0
NCI-H23,4EGI-1,1.0,1.0,0.0
NCI-H23,9-ING-41,1.0,1.0,0.0
NCI-H23,APTO-253,1.0,1.0,0.0
NCI-H23,AT7519,1.0,0.9,-0.1
NCI-H23,AZD-7648,1.0,1.0,0.0
NCI-H23,AZD-8055,0.7666666666666666,0.9,0.1333333333333333
NCI-H23,AZD1390,1.0,1.0,0.0
NCI-H23,AZD2858,0.5,0.6900000000000001,0.19
NCI-H23,Abemaciclib,1.0,1.0,0.0
NCI-H23,Adagrasib,1.0,1.0,0.0
NCI-H23,Afatinib,1.0,1.0,0.0
NCI-H23,Alpelisib,1.0,1.0,0.0
NCI-H23,Anastrozole,0.65,0.8,0.15
NCI-H23,BAY1125976,1.0,1.0,0.0
NCI-H23,BI-3406,1.0,1.0,0.0
NCI-H23,BI-78D3,0.4388888888888889,1.0,0.5611111111111111
NCI-H23,Belumosudil (mesylate),1.0,1.0,0.0
NCI-H23,Belzutifan,1.0,1.0,0.0
NCI-H23,Bentamapimod,0.9,1.0,0.1
NCI-H23,Bimiralisib,1.0,1.0,0.0
NCI-H23,Binimetinib,1.0,1.0,0.0
NCI-H23,Bortezomib,1.0,1.0,0.0
NCI-H23,Brivudine,1.0,1.0,0.0
NCI-H23,CP21R7,0.8,0.9,0.1
NCI-H23,Capivasertib,0.5583333333333333,0.85,0.2916666666666667
NCI-H23,Capmatinib,1.0,1.0,0.0
NCI-H23,Celecoxib,0.6666666666666667,0.9,0.2333333333333333
NCI-H23,DT-061,1.0,1.0,0.0
NCI-H23,DTP3,1.0,1.0,0.0
NCI-H23,Dabrafenib,1.0,1.0,0.0
NCI-H23,ERK5-IN-2,1.0,1.0,0.0
NCI-H23,ETC-206,0.5666666666666667,0.75,0.1833333333333333
NCI-H23,EX229,1.0,1.0,0.0
NCI-H23,Elimusertib hydrochloride,1.0,1.0,0.0
NCI-H23,Encorafenib,1.0,1.0,0.0
NCI-H23,Erdafitinib ,0.7133333333333333,0.7285714285714285,0.0152380952380952
NCI-H23,Everolimus,1.0,1.0,0.0
NCI-H23,Futibatinib,1.0,1.0,0.0
NCI-H23,GSK1059615,1.0,1.0,0.0
NCI-H23,Gemcitabine,1.0,1.0,0.0
NCI-H23,HI-TOPK-032,1.0,1.0,0.0
NCI-H23,Hydroxyfasudil,0.7285714285714285,0.8222222222222222,0.0936507936507936
NCI-H23,IQ 1,1.0,1.0,0.0
NCI-H23,Infigratinib,1.0,1.0,0.0
NCI-H23,Ipatasertib,1.0,1.0,0.0
NCI-H23,Irinotecan,1.0,1.0,0.0
NCI-H23,Ixazomib,1.0,1.0,0.0
NCI-H23,LB-100,1.0,1.0,0.0
NCI-H23,LJI308,1.0,1.0,0.0
NCI-H23,LY-2584702 (tosylate salt),1.0,1.0,0.0
NCI-H23,LY2090314,1.0,1.0,0.0
NCI-H23,Lapatinib ditosylate,1.0,1.0,0.0
NCI-H23,Lonafarnib,1.0,1.0,0.0
NCI-H23,MK-3903,1.0,1.0,0.0
NCI-H23,MK-8353,0.8285714285714285,0.9,0.0714285714285714
NCI-H23,ML264,1.0,1.0,0.0
NCI-H23,Methylprednisolone succinate,1.0,1.0,0.0
NCI-H23,Minodronic acid,0.9,1.0,0.1
NCI-H23,NG25,1.0,1.0,0.0
NCI-H23,NVP-BHG712,0.7666666666666666,1.0,0.2333333333333333
NCI-H23,OTS514,1.0,1.0,0.0
NCI-H23,Oleic acid,1.0,1.0,0.0
NCI-H23,Oxaliplatin,0.8,1.0,0.2
NCI-H23,PF-06260933,1.0,1.0,0.0
NCI-H23,PH-797804,1.0,1.0,0.0
NCI-H23,Paclitaxel,0.9,1.0,0.1
NCI-H23,Pemigatinib,0.5700000000000001,0.75,0.18
NCI-H23,Pimitespib,1.0,1.0,0.0
NCI-H23,Pralsetinib,1.0,1.0,0.0
NCI-H23,RMC-6236,1.0,1.0,0.0
NCI-H23,Ralimetinib dimesylate,1.0,1.0,0.0
NCI-H23,Regorafenib,1.0,1.0,0.0
NCI-H23,SBI-0640756,1.0,1.0,0.0
NCI-H23,Sapanisertib,1.0,1.0,0.0
NCI-H23,Sonidegib,1.0,1.0,0.0
NCI-H23,TAK-733,1.0,1.0,0.0
NCI-H23,TAK-901,1.0,1.0,0.0
NCI-H23,Temuterkib,0.8,0.9,0.1
NCI-H23,Tomivosertib,1.0,1.0,0.0
NCI-H23,Torkinib,0.8,1.0,0.2
NCI-H23,Trametinib,1.0,1.0,0.0
NCI-H23,Tubulin inhibitor 6,1.0,1.0,0.0
NCI-H23,Tucatinib,1.0,1.0,0.0
NCI-H23,ULK-101,1.0,1.0,0.0
NCI-H23,Vemurafenib,1.0,1.0,0.0
NCI-H23,Volasertib,0.9,0.9,0.0
NCI-H23,XRK3F2,1.0,1.0,0.0
NCI-H23,c-Kit-IN-1,1.0,1.0,0.0
NCI-H23,olaparib,1.0,1.0,0.0
NCI-H23,palbociclib,1.0,1.0,0.0
NCI-H23,venetoclax,1.0,1.0,0.0
NCI-H23,vincristine,1.0,1.0,0.0
NCI-H2347,4EGI-1,1.0,1.0,0.0
NCI-H2347,9-ING-41,0.9,1.0,0.1
NCI-H2347,APTO-253,1.0,1.0,0.0
NCI-H2347,AT7519,1.0,1.0,0.0
NCI-H2347,AZD-7648,1.0,1.0,0.0
NCI-H2347,AZD-8055,1.0,1.0,0.0
NCI-H2347,AZD1390,1.0,1.0,0.0
NCI-H2347,AZD2858,1.0,1.0,0.0
NCI-H2347,Abemaciclib,1.0,1.0,0.0
NCI-H2347,Adagrasib,0.9,1.0,0.1
NCI-H2347,Afatinib,1.0,1.0,0.0
NCI-H2347,Alpelisib,1.0,1.0,0.0
NCI-H2347,Anastrozole,1.0,1.0,0.0
NCI-H2347,BAY1125976,1.0,1.0,0.0
NCI-H2347,BI-3406,1.0,1.0,0.0
NCI-H2347,BI-78D3,0.6333333333333333,1.0,0.3666666666666667
NCI-H2347,Belumosudil (mesylate),1.0,1.0,0.0
NCI-H2347,Belzutifan,1.0,1.0,0.0
NCI-H2347,Bentamapimod,1.0,0.9,-0.1
NCI-H2347,Bimiralisib,1.0,1.0,0.0
NCI-H2347,Binimetinib,0.9,1.0,0.1
NCI-H2347,Bortezomib,1.0,1.0,0.0
NCI-H2347,Brivudine,1.0,1.0,0.0
NCI-H2347,CP21R7,0.6166666666666667,1.0,0.3833333333333333
NCI-H2347,Capivasertib,1.0,1.0,0.0
NCI-H2347,Capmatinib,1.0,1.0,0.0
NCI-H2347,Celecoxib,0.6722222222222223,0.9,0.2277777777777777
NCI-H2347,DT-061,1.0,1.0,0.0
NCI-H2347,DTP3,1.0,1.0,0.0
NCI-H2347,Dabrafenib,1.0,1.0,0.0
NCI-H2347,ERK5-IN-2,1.0,1.0,0.0
NCI-H2347,ETC-206,0.8666666666666666,1.0,0.1333333333333333
NCI-H2347,EX229,1.0,1.0,0.0
NCI-H2347,Elimusertib hydrochloride,1.0,1.0,0.0
NCI-H2347,Encorafenib,1.0,1.0,0.0
NCI-H2347,Erdafitinib ,1.0,1.0,0.0
NCI-H2347,Everolimus,1.0,1.0,0.0
NCI-H2347,Futibatinib,1.0,1.0,0.0
NCI-H2347,GSK1059615,1.0,1.0,0.0
NCI-H2347,Gemcitabine,1.0,1.0,0.0
NCI-H2347,HI-TOPK-032,1.0,1.0,0.0
NCI-H2347,Hydroxyfasudil,0.9,1.0,0.1
NCI-H2347,IQ 1,1.0,1.0,0.0
NCI-H2347,Infigratinib,1.0,1.0,0.0
NCI-H2347,Ipatasertib,1.0,1.0,0.0
NCI-H2347,Irinotecan,1.0,1.0,0.0
NCI-H2347,Ixazomib,1.0,1.0,0.0
NCI-H2347,LB-100,0.5722222222222222,1.0,0.4277777777777777
NCI-H2347,LJI308,1.0,1.0,0.0
NCI-H2347,LY-2584702 (tosylate salt),1.0,1.0,0.0
NCI-H2347,LY2090314,1.0,1.0,0.0
NCI-H2347,Lapatinib ditosylate,1.0,1.0,0.0
NCI-H2347,Lonafarnib,1.0,1.0,0.0
NCI-H2347,MK-3903,1.0,1.0,0.0
NCI-H2347,MK-8353,1.0,1.0,0.0
NCI-H2347,ML264,1.0,1.0,0.0
NCI-H2347,Methylprednisolone succinate,1.0,1.0,0.0
NCI-H2347,Minodronic acid,1.0,1.0,0.0
NCI-H2347,NG25,1.0,1.0,0.0
NCI-H2347,NVP-BHG712,1.0,1.0,0.0
NCI-H2347,OTS514,1.0,1.0,0.0
NCI-H2347,Oleic acid,1.0,1.0,0.0
NCI-H2347,Oxaliplatin,1.0,1.0,0.0
NCI-H2347,PF-06260933,1.0,1.0,0.0
NCI-H2347,PH-797804,1.0,1.0,0.0
NCI-H2347,Paclitaxel,1.0,1.0,0.0
NCI-H2347,Pemigatinib,1.0,1.0,0.0
NCI-H2347,Pimitespib,1.0,1.0,0.0
NCI-H2347,Pralsetinib,1.0,1.0,0.0
NCI-H2347,RMC-6236,1.0,1.0,0.0
NCI-H2347,Ralimetinib dimesylate,0.85,1.0,0.15
NCI-H2347,Regorafenib,1.0,1.0,0.0
NCI-H2347,SBI-0640756,1.0,1.0,0.0
NCI-H2347,Sapanisertib,1.0,1.0,0.0
NCI-H2347,Sonidegib,1.0,1.0,0.0
NCI-H2347,TAK-733,1.0,1.0,0.0
NCI-H2347,TAK-901,1.0,1.0,0.0
NCI-H2347,Temuterkib,1.0,1.0,0.0
NCI-H2347,Tomivosertib,1.0,1.0,0.0
NCI-H2347,Torkinib,1.0,1.0,0.0
NCI-H2347,Trametinib,1.0,1.0,0.0
NCI-H2347,Tubulin inhibitor 6,0.85,0.9,0.05
NCI-H2347,Tucatinib,1.0,0.9,-0.1
NCI-H2347,ULK-101,1.0,1.0,0.0
NCI-H2347,Vemurafenib,0.9,1.0,0.1
NCI-H2347,Volasertib,0.74,1.0,0.26
NCI-H2347,XRK3F2,0.9,1.0,0.1
NCI-H2347,c-Kit-IN-1,1.0,1.0,0.0
NCI-H2347,olaparib,1.0,1.0,0.0
NCI-H2347,palbociclib,1.0,1.0,0.0
NCI-H2347,venetoclax,1.0,1.0,0.0
NCI-H2347,vincristine,1.0,1.0,0.0
NCI-H460,4EGI-1,1.0,1.0,0.0
NCI-H460,9-ING-41,1.0,1.0,0.0
NCI-H460,APTO-253,1.0,1.0,0.0
NCI-H460,AT7519,1.0,1.0,0.0
NCI-H460,AZD-7648,1.0,1.0,0.0
NCI-H460,AZD-8055,1.0,1.0,0.0
NCI-H460,AZD1390,0.85,1.0,0.15
NCI-H460,AZD2858,0.8333333333333333,0.9,0.0666666666666666
NCI-H460,Abemaciclib,1.0,1.0,0.0
NCI-H460,Adagrasib,0.7666666666666667,0.8,0.0333333333333333
NCI-H460,Afatinib,1.0,1.0,0.0
NCI-H460,Alpelisib,1.0,1.0,0.0
NCI-H460,Anastrozole,1.0,1.0,0.0
NCI-H460,BAY1125976,1.0,1.0,0.0
NCI-H460,BI-3406,1.0,1.0,0.0
NCI-H460,BI-78D3,1.0,1.0,0.0
NCI-H460,Belumosudil (mesylate),1.0,1.0,0.0
NCI-H460,Belzutifan,1.0,1.0,0.0
NCI-H460,Bentamapimod,0.9,1.0,0.1
NCI-H460,Bimiralisib,1.0,1.0,0.0
NCI-H460,Binimetinib,1.0,1.0,0.0
NCI-H460,Bortezomib,1.0,1.0,0.0
NCI-H460,Brivudine,1.0,1.0,0.0
NCI-H460,CP21R7,0.9,1.0,0.1
NCI-H460,Capivasertib,0.7,0.7,0.0
NCI-H460,Capmatinib,1.0,1.0,0.0
NCI-H460,Celecoxib,0.8153846153846154,0.8285714285714285,0.0131868131868131
NCI-H460,DT-061,1.0,1.0,0.0
NCI-H460,DTP3,1.0,1.0,0.0
NCI-H460,Dabrafenib,1.0,1.0,0.0
NCI-H460,ERK5-IN-2,1.0,1.0,0.0
NCI-H460,ETC-206,0.4583333333333333,1.0,0.5416666666666667
NCI-H460,EX229,1.0,1.0,0.0
NCI-H460,Elimusertib hydrochloride,1.0,1.0,0.0
NCI-H460,Encorafenib,1.0,1.0,0.0
NCI-H460,Erdafitinib ,0.9,1.0,0.1
NCI-H460,Everolimus,1.0,1.0,0.0
NCI-H460,Futibatinib,1.0,1.0,0.0
NCI-H460,GSK1059615,1.0,1.0,0.0
NCI-H460,Gemcitabine,1.0,1.0,0.0
NCI-H460,HI-TOPK-032,1.0,1.0,0.0
NCI-H460,Hydroxyfasudil,0.8285714285714285,0.8666666666666666,0.0380952380952381
NCI-H460,IQ 1,1.0,1.0,0.0
NCI-H460,Infigratinib,1.0,1.0,0.0
NCI-H460,Ipatasertib,1.0,1.0,0.0
NCI-H460,Irinotecan,1.0,1.0,0.0
NCI-H460,Ixazomib,1.0,1.0,0.0
NCI-H460,LB-100,1.0,1.0,0.0
NCI-H460,LJI308,1.0,1.0,0.0
NCI-H460,LY-2584702 (tosylate salt),1.0,1.0,0.0
NCI-H460,LY2090314,0.8,1.0,0.2
NCI-H460,Lapatinib ditosylate,0.8,1.0,0.2
NCI-H460,Lonafarnib,1.0,1.0,0.0
NCI-H460,MK-3903,1.0,1.0,0.0
NCI-H460,MK-8353,1.0,0.8666666666666666,-0.1333333333333333
NCI-H460,ML264,1.0,0.9,-0.1
NCI-H460,Methylprednisolone succinate,0.9,0.9,0.0
NCI-H460,Minodronic acid,1.0,1.0,0.0
NCI-H460,NG25,1.0,1.0,0.0
NCI-H460,NVP-BHG712,0.9,0.9,0.0
NCI-H460,OTS514,1.0,1.0,0.0
NCI-H460,Oleic acid,1.0,1.0,0.0
NCI-H460,Oxaliplatin,1.0,0.75,-0.25
NCI-H460,PF-06260933,1.0,1.0,0.0
NCI-H460,PH-797804,1.0,1.0,0.0
NCI-H460,Paclitaxel,0.9,1.0,0.1
NCI-H460,Pemigatinib,0.6105263157894736,0.6722222222222223,0.0616959064327485
NCI-H460,Pimitespib,1.0,1.0,0.0
NCI-H460,Pralsetinib,1.0,1.0,0.0
NCI-H460,RMC-6236,1.0,1.0,0.0
NCI-H460,Ralimetinib dimesylate,0.85,0.8666666666666666,0.0166666666666666
NCI-H460,Regorafenib,1.0,1.0,0.0
NCI-H460,SBI-0640756,1.0,1.0,0.0
NCI-H460,Sapanisertib,1.0,1.0,0.0
NCI-H460,Sonidegib,1.0,1.0,0.0
NCI-H460,TAK-733,1.0,1.0,0.0
NCI-H460,TAK-901,1.0,1.0,0.0
NCI-H460,Temuterkib,0.7666666666666666,1.0,0.2333333333333333
NCI-H460,Tomivosertib,1.0,1.0,0.0
NCI-H460,Torkinib,0.74,0.9,0.16
NCI-H460,Trametinib,1.0,1.0,0.0
NCI-H460,Tubulin inhibitor 6,0.85,1.0,0.15
NCI-H460,Tucatinib,0.7181818181818181,0.85,0.1318181818181818
NCI-H460,ULK-101,1.0,1.0,0.0
NCI-H460,Vemurafenib,1.0,1.0,0.0
NCI-H460,Volasertib,0.9,0.8666666666666666,-0.0333333333333333
NCI-H460,XRK3F2,1.0,1.0,0.0
NCI-H460,c-Kit-IN-1,1.0,1.0,0.0
NCI-H460,olaparib,1.0,1.0,0.0
NCI-H460,palbociclib,1.0,1.0,0.0
NCI-H460,venetoclax,1.0,1.0,0.0
NCI-H460,vincristine,1.0,1.0,0.0
PANC-1,4EGI-1,1.0,1.0,0.0
PANC-1,9-ING-41,0.9,1.0,0.1
PANC-1,APTO-253,1.0,1.0,0.0
PANC-1,AT7519,0.8666666666666666,1.0,0.1333333333333333
PANC-1,AZD-7648,1.0,1.0,0.0
PANC-1,AZD-8055,0.8,1.0,0.2
PANC-1,AZD1390,1.0,1.0,0.0
PANC-1,AZD2858,1.0,1.0,0.0
PANC-1,Abemaciclib,1.0,1.0,0.0
PANC-1,Adagrasib,1.0,1.0,0.0
PANC-1,Afatinib,1.0,1.0,0.0
PANC-1,Alpelisib,1.0,1.0,0.0
PANC-1,Anastrozole,1.0,1.0,0.0
PANC-1,BAY1125976,1.0,1.0,0.0
PANC-1,BI-3406,1.0,1.0,0.0
PANC-1,BI-78D3,0.6666666666666666,1.0,0.3333333333333333
PANC-1,Belumosudil (mesylate),1.0,1.0,0.0
PANC-1,Belzutifan,1.0,1.0,0.0
PANC-1,Bentamapimod,1.0,1.0,0.0
PANC-1,Bimiralisib,1.0,1.0,0.0
PANC-1,Binimetinib,1.0,1.0,0.0
PANC-1,Bortezomib,1.0,1.0,0.0
PANC-1,Brivudine,1.0,1.0,0.0
PANC-1,CP21R7,1.0,1.0,0.0
PANC-1,Capivasertib,1.0,1.0,0.0
PANC-1,Capmatinib,0.8,0.9,0.1
PANC-1,Celecoxib,0.5288888888888889,0.8,0.2711111111111111
PANC-1,DT-061,1.0,1.0,0.0
PANC-1,DTP3,1.0,1.0,0.0
PANC-1,Dabrafenib,1.0,1.0,0.0
PANC-1,ERK5-IN-2,1.0,1.0,0.0
PANC-1,ETC-206,0.85,0.8666666666666666,0.0166666666666666
PANC-1,EX229,1.0,1.0,0.0
PANC-1,Elimusertib hydrochloride,1.0,1.0,0.0
PANC-1,Encorafenib,1.0,1.0,0.0
PANC-1,Erdafitinib ,1.0,1.0,0.0
PANC-1,Everolimus,1.0,1.0,0.0
PANC-1,Futibatinib,1.0,1.0,0.0
PANC-1,GSK1059615,1.0,1.0,0.0
PANC-1,Gemcitabine,0.8666666666666666,1.0,0.1333333333333333
PANC-1,HI-TOPK-032,1.0,1.0,0.0
PANC-1,Hydroxyfasudil,0.85,0.9,0.05
PANC-1,IQ 1,1.0,1.0,0.0
PANC-1,Infigratinib,1.0,1.0,0.0
PANC-1,Ipatasertib,1.0,1.0,0.0
PANC-1,Irinotecan,1.0,1.0,0.0
PANC-1,Ixazomib,1.0,1.0,0.0
PANC-1,LB-100,0.7166666666666666,0.8,0.0833333333333333
PANC-1,LJI308,1.0,1.0,0.0
PANC-1,LY-2584702 (tosylate salt),1.0,1.0,0.0
PANC-1,LY2090314,1.0,1.0,0.0
PANC-1,Lapatinib ditosylate,1.0,1.0,0.0
PANC-1,Lonafarnib,1.0,1.0,0.0
PANC-1,MK-3903,1.0,1.0,0.0
PANC-1,MK-8353,0.85,0.9,0.05
PANC-1,ML264,1.0,1.0,0.0
PANC-1,Methylprednisolone succinate,1.0,1.0,0.0
PANC-1,Minodronic acid,1.0,1.0,0.0
PANC-1,NG25,1.0,1.0,0.0
PANC-1,NVP-BHG712,0.8666666666666666,1.0,0.1333333333333333
PANC-1,OTS514,1.0,1.0,0.0
PANC-1,Oleic acid,0.9,0.8666666666666666,-0.0333333333333333
PANC-1,Oxaliplatin,0.9,1.0,0.1
PANC-1,PF-06260933,1.0,1.0,0.0
PANC-1,PH-797804,1.0,1.0,0.0
PANC-1,Paclitaxel,1.0,1.0,0.0
PANC-1,Pemigatinib,1.0,1.0,0.0
PANC-1,Pimitespib,1.0,1.0,0.0
PANC-1,Pralsetinib,1.0,1.0,0.0
PANC-1,RMC-6236,1.0,1.0,0.0
PANC-1,Ralimetinib dimesylate,1.0,1.0,0.0
PANC-1,Regorafenib,1.0,1.0,0.0
PANC-1,SBI-0640756,1.0,1.0,0.0
PANC-1,Sapanisertib,1.0,1.0,0.0
PANC-1,Sonidegib,0.7285714285714285,0.9,0.1714285714285714
PANC-1,TAK-733,1.0,1.0,0.0
PANC-1,TAK-901,1.0,1.0,0.0
PANC-1,Temuterkib,0.8,0.9,0.1
PANC-1,Tomivosertib,1.0,1.0,0.0
PANC-1,Torkinib,1.0,1.0,0.0
PANC-1,Trametinib,1.0,1.0,0.0
PANC-1,Tubulin inhibitor 6,1.0,1.0,0.0
PANC-1,Tucatinib,0.7666666666666667,1.0,0.2333333333333333
PANC-1,ULK-101,1.0,1.0,0.0
PANC-1,Vemurafenib,1.0,1.0,0.0
PANC-1,Volasertib,0.8666666666666666,0.8666666666666666,0.0
PANC-1,XRK3F2,1.0,1.0,0.0
PANC-1,c-Kit-IN-1,1.0,1.0,0.0
PANC-1,olaparib,1.0,1.0,0.0
PANC-1,palbociclib,1.0,1.0,0.0
PANC-1,venetoclax,1.0,1.0,0.0
PANC-1,vincristine,1.0,1.0,0.0
Panc 03.27,4EGI-1,1.0,1.0,0.0
Panc 03.27,9-ING-41,0.9,1.0,0.1
Panc 03.27,APTO-253,1.0,1.0,0.0
Panc 03.27,AT7519,1.0,1.0,0.0
Panc 03.27,AZD-7648,1.0,1.0,0.0
Panc 03.27,AZD-8055,1.0,1.0,0.0
Panc 03.27,AZD1390,1.0,1.0,0.0
Panc 03.27,AZD2858,0.8,0.9,0.1
Panc 03.27,Abemaciclib,1.0,1.0,0.0
Panc 03.27,Adagrasib,0.9,1.0,0.1
Panc 03.27,Afatinib,1.0,1.0,0.0
Panc 03.27,Alpelisib,1.0,1.0,0.0
Panc 03.27,Anastrozole,1.0,1.0,0.0
Panc 03.27,BAY1125976,1.0,1.0,0.0
Panc 03.27,BI-3406,0.9,1.0,0.1
Panc 03.27,BI-78D3,1.0,1.0,0.0
Panc 03.27,Belumosudil (mesylate),1.0,1.0,0.0
Panc 03.27,Belzutifan,1.0,1.0,0.0
Panc 03.27,Bentamapimod,1.0,1.0,0.0
Panc 03.27,Bimiralisib,1.0,1.0,0.0
Panc 03.27,Binimetinib,1.0,1.0,0.0
Panc 03.27,Bortezomib,1.0,1.0,0.0
Panc 03.27,Brivudine,1.0,1.0,0.0
Panc 03.27,CP21R7,0.9,1.0,0.1
Panc 03.27,Capivasertib,1.0,1.0,0.0
Panc 03.27,Capmatinib,0.9,1.0,0.1
Panc 03.27,Celecoxib,0.7666666666666667,0.9,0.1333333333333333
Panc 03.27,DT-061,1.0,1.0,0.0
Panc 03.27,DTP3,1.0,1.0,0.0
Panc 03.27,Dabrafenib,1.0,1.0,0.0
Panc 03.27,ERK5-IN-2,1.0,1.0,0.0
Panc 03.27,ETC-206,1.0,0.9,-0.1
Panc 03.27,EX229,1.0,1.0,0.0
Panc 03.27,Elimusertib hydrochloride,1.0,1.0,0.0
Panc 03.27,Encorafenib,1.0,1.0,0.0
Panc 03.27,Erdafitinib ,0.9,1.0,0.1
Panc 03.27,Everolimus,1.0,1.0,0.0
Panc 03.27,Futibatinib,1.0,1.0,0.0
Panc 03.27,GSK1059615,1.0,1.0,0.0
Panc 03.27,Gemcitabine,1.0,1.0,0.0
Panc 03.27,HI-TOPK-032,1.0,1.0,0.0
Panc 03.27,Hydroxyfasudil,1.0,1.0,0.0
Panc 03.27,IQ 1,1.0,1.0,0.0
Panc 03.27,Infigratinib,1.0,1.0,0.0
Panc 03.27,Ipatasertib,1.0,1.0,0.0
Panc 03.27,Irinotecan,1.0,1.0,0.0
Panc 03.27,Ixazomib,1.0,1.0,0.0
Panc 03.27,LB-100,1.0,1.0,0.0
Panc 03.27,LJI308,1.0,1.0,0.0
Panc 03.27,LY-2584702 (tosylate salt),1.0,1.0,0.0
Panc 03.27,LY2090314,1.0,1.0,0.0
Panc 03.27,Lapatinib ditosylate,1.0,1.0,0.0
Panc 03.27,MK-3903,1.0,1.0,0.0
Panc 03.27,MK-8353,1.0,1.0,0.0
Panc 03.27,ML264,0.9,1.0,0.1
Panc 03.27,Methylprednisolone succinate,1.0,1.0,0.0
Panc 03.27,Minodronic acid,1.0,1.0,0.0
Panc 03.27,NG25,1.0,1.0,0.0
Panc 03.27,NVP-BHG712,1.0,1.0,0.0
Panc 03.27,OTS514,1.0,1.0,0.0
Panc 03.27,Oleic acid,1.0,1.0,0.0
Panc 03.27,Oxaliplatin,1.0,1.0,0.0
Panc 03.27,PF-06260933,1.0,1.0,0.0
Panc 03.27,PH-797804,1.0,1.0,0.0
Panc 03.27,Paclitaxel,1.0,1.0,0.0
Panc 03.27,Pemigatinib,0.9,1.0,0.1
Panc 03.27,Pimitespib,0.5666666666666667,1.0,0.4333333333333334
Panc 03.27,Pralsetinib,1.0,1.0,0.0
Panc 03.27,RMC-6236,1.0,1.0,0.0
Panc 03.27,Ralimetinib dimesylate,1.0,1.0,0.0
Panc 03.27,Regorafenib,1.0,1.0,0.0
Panc 03.27,SBI-0640756,1.0,1.0,0.0
Panc 03.27,Sapanisertib,1.0,1.0,0.0
Panc 03.27,Sonidegib,1.0,1.0,0.0
Panc 03.27,TAK-733,1.0,1.0,0.0
Panc 03.27,TAK-901,1.0,1.0,0.0
Panc 03.27,Temuterkib,1.0,1.0,0.0
Panc 03.27,Tomivosertib,1.0,1.0,0.0
Panc 03.27,Torkinib,1.0,1.0,0.0
Panc 03.27,Trametinib,1.0,1.0,0.0
Panc 03.27,Tubulin inhibitor 6,0.9,0.8,-0.1
Panc 03.27,Tucatinib,1.0,1.0,0.0
Panc 03.27,ULK-101,1.0,1.0,0.0
Panc 03.27,Vemurafenib,1.0,1.0,0.0
Panc 03.27,Volasertib,0.9,1.0,0.1
Panc 03.27,XRK3F2,1.0,1.0,0.0
Panc 03.27,c-Kit-IN-1,1.0,1.0,0.0
Panc 03.27,olaparib,1.0,1.0,0.0
Panc 03.27,palbociclib,1.0,1.0,0.0
Panc 03.27,venetoclax,1.0,1.0,0.0
Panc 03.27,vincristine,1.0,1.0,0.0
RKO,4EGI-1,1.0,1.0,0.0
RKO,9-ING-41,1.0,1.0,0.0
RKO,APTO-253,1.0,1.0,0.0
RKO,AT7519,1.0,1.0,0.0
RKO,AZD-7648,0.8666666666666666,1.0,0.1333333333333333
RKO,AZD-8055,1.0,1.0,0.0
RKO,AZD1390,1.0,1.0,0.0
RKO,AZD2858,0.5833333333333333,0.7,0.1166666666666666
RKO,Abemaciclib,1.0,1.0,0.0
RKO,Adagrasib,0.9,0.9,0.0
RKO,Afatinib,1.0,1.0,0.0
RKO,Alpelisib,1.0,1.0,0.0
RKO,Anastrozole,0.7,0.6666666666666666,-0.0333333333333333
RKO,BAY1125976,1.0,1.0,0.0
RKO,BI-3406,0.8666666666666666,1.0,0.1333333333333333
RKO,BI-78D3,0.5166666666666666,0.85,0.3333333333333333
RKO,Belumosudil (mesylate),1.0,1.0,0.0
RKO,Belzutifan,1.0,1.0,0.0
RKO,Bentamapimod,1.0,1.0,0.0
RKO,Bimiralisib,1.0,1.0,0.0
RKO,Binimetinib,1.0,1.0,0.0
RKO,Bortezomib,1.0,1.0,0.0
RKO,Brivudine,1.0,1.0,0.0
RKO,CP21R7,0.9,1.0,0.1
RKO,Capivasertib,0.9,1.0,0.1
RKO,Capmatinib,1.0,1.0,0.0
RKO,Celecoxib,0.4015151515151515,0.8,0.3984848484848485
RKO,DT-061,0.7,1.0,0.3
RKO,DTP3,1.0,1.0,0.0
RKO,Dabrafenib,1.0,1.0,0.0
RKO,ERK5-IN-2,1.0,1.0,0.0
RKO,ETC-206,0.9,0.9,0.0
RKO,EX229,1.0,1.0,0.0
RKO,Elimusertib hydrochloride,1.0,1.0,0.0
RKO,Encorafenib,1.0,1.0,0.0
RKO,Erdafitinib ,0.8,0.9,0.1
RKO,Everolimus,0.8,1.0,0.2
RKO,Futibatinib,1.0,1.0,0.0
RKO,GSK1059615,1.0,1.0,0.0
RKO,Gemcitabine,0.8,1.0,0.2
RKO,HI-TOPK-032,1.0,1.0,0.0
RKO,Hydroxyfasudil,1.0,1.0,0.0
RKO,IQ 1,1.0,1.0,0.0
RKO,Infigratinib,1.0,1.0,0.0
RKO,Ipatasertib,1.0,1.0,0.0
RKO,Irinotecan,1.0,1.0,0.0
RKO,Ixazomib,1.0,1.0,0.0
RKO,LB-100,0.7066666666666667,1.0,0.2933333333333333
RKO,LJI308,1.0,0.8166666666666667,-0.1833333333333333
RKO,LY-2584702 (tosylate salt),1.0,1.0,0.0
RKO,LY2090314,1.0,0.8,-0.2
RKO,Lapatinib ditosylate,0.8,1.0,0.2
RKO,MK-3903,0.9,1.0,0.1
RKO,MK-8353,0.6848484848484848,0.75,0.0651515151515151
RKO,ML264,1.0,1.0,0.0
RKO,Methylprednisolone succinate,0.6848484848484848,0.9,0.2151515151515151
RKO,Minodronic acid,0.85,0.8,-0.05
RKO,NG25,1.0,1.0,0.0
RKO,NVP-BHG712,0.8666666666666666,0.9,0.0333333333333333
RKO,OTS514,1.0,1.0,0.0
RKO,Oleic acid,0.5166666666666666,0.6666666666666666,0.15
RKO,Oxaliplatin,1.0,0.8400000000000001,-0.16
RKO,PF-06260933,1.0,1.0,0.0
RKO,PH-797804,1.0,1.0,0.0
RKO,Paclitaxel,1.0,1.0,0.0
RKO,Pemigatinib,1.0,1.0,0.0
RKO,Pimitespib,0.8,1.0,0.2
RKO,Pralsetinib,1.0,1.0,0.0
RKO,RMC-6236,1.0,1.0,0.0
RKO,Ralimetinib dimesylate,0.7666666666666667,0.8,0.0333333333333333
RKO,Regorafenib,1.0,1.0,0.0
RKO,SBI-0640756,1.0,1.0,0.0
RKO,Sapanisertib,1.0,1.0,0.0
RKO,Sonidegib,0.85,1.0,0.15
RKO,TAK-733,1.0,1.0,0.0
RKO,TAK-901,1.0,1.0,0.0
RKO,Temuterkib,1.0,1.0,0.0
RKO,Tomivosertib,1.0,1.0,0.0
RKO,Torkinib,1.0,1.0,0.0
RKO,Trametinib,1.0,1.0,0.0
RKO,Tubulin inhibitor 6,0.6625,0.8400000000000001,0.1775
RKO,Tucatinib,0.9,1.0,0.1
RKO,ULK-101,1.0,1.0,0.0
RKO,Vemurafenib,1.0,1.0,0.0
RKO,Volasertib,0.9,0.9,0.0
RKO,XRK3F2,0.9,1.0,0.1
RKO,c-Kit-IN-1,1.0,1.0,0.0
RKO,olaparib,1.0,1.0,0.0
RKO,palbociclib,1.0,1.0,0.0
RKO,venetoclax,1.0,1.0,0.0
RKO,vincristine,1.0,1.0,0.0
RPMI-7951,4EGI-1,1.0,1.0,0.0
RPMI-7951,9-ING-41,1.0,1.0,0.0
RPMI-7951,APTO-253,1.0,1.0,0.0
RPMI-7951,AT7519,1.0,1.0,0.0
RPMI-7951,AZD-7648,1.0,1.0,0.0
RPMI-7951,AZD-8055,1.0,1.0,0.0
RPMI-7951,AZD1390,1.0,1.0,0.0
RPMI-7951,AZD2858,1.0,1.0,0.0
RPMI-7951,Abemaciclib,1.0,1.0,0.0
RPMI-7951,Adagrasib,0.4784313725490196,1.0,0.5215686274509804
RPMI-7951,Afatinib,1.0,1.0,0.0
RPMI-7951,Alpelisib,1.0,1.0,0.0
RPMI-7951,Anastrozole,1.0,1.0,0.0
RPMI-7951,BAY1125976,1.0,1.0,0.0
RPMI-7951,BI-3406,1.0,1.0,0.0
RPMI-7951,BI-78D3,1.0,1.0,0.0
RPMI-7951,Belumosudil (mesylate),1.0,1.0,0.0
RPMI-7951,Belzutifan,1.0,1.0,0.0
RPMI-7951,Bentamapimod,1.0,1.0,0.0
RPMI-7951,Bimiralisib,1.0,1.0,0.0
RPMI-7951,Binimetinib,1.0,1.0,0.0
RPMI-7951,Brivudine,1.0,1.0,0.0
RPMI-7951,CP21R7,1.0,1.0,0.0
RPMI-7951,Capivasertib,0.9,0.85,-0.05
RPMI-7951,Capmatinib,1.0,1.0,0.0
RPMI-7951,Celecoxib,0.6066666666666667,1.0,0.3933333333333333
RPMI-7951,DT-061,1.0,1.0,0.0
RPMI-7951,DTP3,1.0,1.0,0.0
RPMI-7951,Dabrafenib,1.0,1.0,0.0
RPMI-7951,ERK5-IN-2,1.0,1.0,0.0
RPMI-7951,ETC-206,0.7222222222222222,0.8666666666666666,0.1444444444444444
RPMI-7951,EX229,1.0,1.0,0.0
RPMI-7951,Elimusertib hydrochloride,1.0,1.0,0.0
RPMI-7951,Encorafenib,1.0,1.0,0.0
RPMI-7951,Erdafitinib ,1.0,1.0,0.0
RPMI-7951,Everolimus,0.8400000000000001,0.8666666666666666,0.0266666666666666
RPMI-7951,Futibatinib,1.0,1.0,0.0
RPMI-7951,GSK1059615,1.0,1.0,0.0
RPMI-7951,Gemcitabine,1.0,1.0,0.0
RPMI-7951,HI-TOPK-032,1.0,1.0,0.0
RPMI-7951,Hydroxyfasudil,1.0,1.0,0.0
RPMI-7951,IQ 1,1.0,1.0,0.0
RPMI-7951,Infigratinib,1.0,1.0,0.0
RPMI-7951,Ipatasertib,1.0,1.0,0.0
RPMI-7951,Irinotecan,1.0,1.0,0.0
RPMI-7951,Ixazomib,1.0,1.0,0.0
RPMI-7951,LB-100,0.575,0.8666666666666666,0.2916666666666666
RPMI-7951,LJI308,1.0,1.0,0.0
RPMI-7951,LY2090314,1.0,1.0,0.0
RPMI-7951,Lapatinib ditosylate,1.0,1.0,0.0
RPMI-7951,MK-3903,1.0,1.0,0.0
RPMI-7951,MK-8353,1.0,1.0,0.0
RPMI-7951,ML264,1.0,1.0,0.0
RPMI-7951,Methylprednisolone succinate,0.8285714285714285,1.0,0.1714285714285714
RPMI-7951,Minodronic acid,0.9,0.9,0.0
RPMI-7951,NG25,1.0,1.0,0.0
RPMI-7951,NVP-BHG712,1.0,1.0,0.0
RPMI-7951,OTS514,1.0,1.0,0.0
RPMI-7951,Oleic acid,0.9,0.9,0.0
RPMI-7951,Oxaliplatin,1.0,1.0,0.0
RPMI-7951,PF-06260933,1.0,1.0,0.0
RPMI-7951,PH-797804,1.0,1.0,0.0
RPMI-7951,Paclitaxel,1.0,1.0,0.0
RPMI-7951,Pemigatinib,1.0,1.0,0.0
RPMI-7951,Pimitespib,0.74,0.8,0.06
RPMI-7951,Pralsetinib,1.0,1.0,0.0
RPMI-7951,RMC-6236,1.0,1.0,0.0
RPMI-7951,Ralimetinib dimesylate,1.0,1.0,0.0
RPMI-7951,Regorafenib,1.0,1.0,0.0
RPMI-7951,SBI-0640756,1.0,1.0,0.0
RPMI-7951,Sapanisertib,1.0,1.0,0.0
RPMI-7951,Sonidegib,1.0,1.0,0.0
RPMI-7951,TAK-733,1.0,1.0,0.0
RPMI-7951,TAK-901,1.0,1.0,0.0
RPMI-7951,Temuterkib,1.0,1.0,0.0
RPMI-7951,Tomivosertib,1.0,1.0,0.0
RPMI-7951,Torkinib,0.85,0.8666666666666666,0.0166666666666666
RPMI-7951,Trametinib,1.0,1.0,0.0
RPMI-7951,Tubulin inhibitor 6,0.6555555555555556,1.0,0.3444444444444444
RPMI-7951,Tucatinib,1.0,1.0,0.0
RPMI-7951,ULK-101,1.0,1.0,0.0
RPMI-7951,Vemurafenib,1.0,1.0,0.0
RPMI-7951,Volasertib,0.9,1.0,0.1
RPMI-7951,XRK3F2,0.9,1.0,0.1
RPMI-7951,c-Kit-IN-1,1.0,1.0,0.0
RPMI-7951,olaparib,1.0,1.0,0.0
RPMI-7951,palbociclib,1.0,1.0,0.0
RPMI-7951,venetoclax,1.0,1.0,0.0
RPMI-7951,vincristine,1.0,1.0,0.0
SHP-77,4EGI-1,1.0,1.0,0.0
SHP-77,9-ING-41,0.8666666666666666,1.0,0.1333333333333333
SHP-77,APTO-253,0.9,1.0,0.1
SHP-77,AT7519,1.0,1.0,0.0
SHP-77,AZD-7648,1.0,1.0,0.0
SHP-77,AZD-8055,0.8,1.0,0.2
SHP-77,AZD1390,1.0,1.0,0.0
SHP-77,AZD2858,1.0,1.0,0.0
SHP-77,Abemaciclib,1.0,1.0,0.0
SHP-77,Adagrasib,0.7666666666666666,1.0,0.2333333333333333
SHP-77,Afatinib,1.0,1.0,0.0
SHP-77,Alpelisib,1.0,1.0,0.0
SHP-77,Anastrozole,1.0,1.0,0.0
SHP-77,BAY1125976,1.0,1.0,0.0
SHP-77,BI-3406,1.0,1.0,0.0
SHP-77,BI-78D3,0.4566666666666666,0.7666666666666666,0.31
SHP-77,Belumosudil (mesylate),1.0,1.0,0.0
SHP-77,Belzutifan,1.0,1.0,0.0
SHP-77,Bentamapimod,0.8,1.0,0.2
SHP-77,Bimiralisib,1.0,1.0,0.0
SHP-77,Binimetinib,0.9,1.0,0.1
SHP-77,Bortezomib,1.0,1.0,0.0
SHP-77,Brivudine,1.0,1.0,0.0
SHP-77,CP21R7,0.1939560439560439,0.625,0.431043956043956
SHP-77,Capivasertib,0.49,0.8666666666666666,0.3766666666666666
SHP-77,Capmatinib,1.0,1.0,0.0
SHP-77,Celecoxib,0.4653968253968253,0.7666666666666666,0.3012698412698412
SHP-77,DT-061,0.45,0.9,0.45
SHP-77,DTP3,1.0,1.0,0.0
SHP-77,Dabrafenib,1.0,1.0,0.0
SHP-77,ERK5-IN-2,1.0,1.0,0.0
SHP-77,ETC-206,0.6166666666666666,0.7666666666666666,0.15
SHP-77,EX229,1.0,1.0,0.0
SHP-77,Elimusertib hydrochloride,1.0,1.0,0.0
SHP-77,Encorafenib,1.0,1.0,0.0
SHP-77,Erdafitinib ,0.7,1.0,0.3
SHP-77,Everolimus,1.0,1.0,0.0
SHP-77,Futibatinib,1.0,1.0,0.0
SHP-77,GSK1059615,1.0,1.0,0.0
SHP-77,Gemcitabine,0.5900000000000001,0.8,0.21
SHP-77,HI-TOPK-032,1.0,1.0,0.0
SHP-77,Hydroxyfasudil,1.0,1.0,0.0
SHP-77,IQ 1,1.0,1.0,0.0
SHP-77,Infigratinib,1.0,1.0,0.0
SHP-77,Ipatasertib,1.0,1.0,0.0
SHP-77,Irinotecan,1.0,1.0,0.0
SHP-77,Ixazomib,1.0,1.0,0.0
SHP-77,LB-100,1.0,1.0,0.0
SHP-77,LJI308,1.0,0.9,-0.1
SHP-77,LY2090314,1.0,1.0,0.0
SHP-77,Lapatinib ditosylate,0.8666666666666666,1.0,0.1333333333333333
SHP-77,Lonafarnib,1.0,1.0,0.0
SHP-77,MK-3903,0.9,0.9,0.0
SHP-77,MK-8353,0.5566666666666666,0.9,0.3433333333333334
SHP-77,ML264,0.6666666666666666,0.6666666666666666,0.0
SHP-77,Methylprednisolone succinate,0.9,0.8666666666666666,-0.0333333333333333
SHP-77,Minodronic acid,0.9,0.9,0.0
SHP-77,NG25,1.0,1.0,0.0
SHP-77,NVP-BHG712,0.8666666666666666,0.9,0.0333333333333333
SHP-77,OTS514,1.0,1.0,0.0
SHP-77,Oleic acid,0.7166666666666666,0.8333333333333333,0.1166666666666666
SHP-77,Oxaliplatin,1.0,0.9,-0.1
SHP-77,PF-06260933,1.0,1.0,0.0
SHP-77,PH-797804,1.0,1.0,0.0
SHP-77,Paclitaxel,1.0,1.0,0.0
SHP-77,Pemigatinib,0.5833333333333333,0.6333333333333333,0.0499999999999999
SHP-77,Pimitespib,0.8666666666666666,0.8,-0.0666666666666666
SHP-77,Pralsetinib,1.0,1.0,0.0
SHP-77,RMC-6236,1.0,1.0,0.0
SHP-77,Ralimetinib dimesylate,0.9,0.9,0.0
SHP-77,Regorafenib,0.6666666666666666,1.0,0.3333333333333333
SHP-77,SBI-0640756,1.0,1.0,0.0
SHP-77,Sapanisertib,1.0,1.0,0.0
SHP-77,Sonidegib,0.132051282051282,0.4352380952380952,0.3031868131868132
SHP-77,TAK-733,1.0,1.0,0.0
SHP-77,TAK-901,1.0,1.0,0.0
SHP-77,Temuterkib,0.8,1.0,0.2
SHP-77,Tomivosertib,1.0,1.0,0.0
SHP-77,Torkinib,0.9,1.0,0.1
SHP-77,Trametinib,1.0,1.0,0.0
SHP-77,Tubulin inhibitor 6,0.6952380952380952,1.0,0.3047619047619048
SHP-77,Tucatinib,0.9,0.7666666666666666,-0.1333333333333333
SHP-77,ULK-101,1.0,1.0,0.0
SHP-77,Vemurafenib,0.8400000000000001,1.0,0.16
SHP-77,Volasertib,0.4666666666666666,0.8,0.3333333333333333
SHP-77,XRK3F2,1.0,1.0,0.0
SHP-77,c-Kit-IN-1,1.0,1.0,0.0
SHP-77,olaparib,1.0,1.0,0.0
SHP-77,palbociclib,1.0,1.0,0.0
SHP-77,venetoclax,1.0,1.0,0.0
SHP-77,vincristine,1.0,1.0,0.0
SK-MEL-2,4EGI-1,1.0,1.0,0.0
SK-MEL-2,9-ING-41,0.6666666666666666,1.0,0.3333333333333333
SK-MEL-2,APTO-253,0.8166666666666667,0.75,-0.0666666666666666
SK-MEL-2,AT7519,1.0,1.0,0.0
SK-MEL-2,AZD-7648,1.0,1.0,0.0
SK-MEL-2,AZD-8055,1.0,1.0,0.0
SK-MEL-2,AZD1390,1.0,1.0,0.0
SK-MEL-2,AZD2858,0.4848484848484848,0.4952380952380952,0.0103896103896103
SK-MEL-2,Abemaciclib,1.0,1.0,0.0
SK-MEL-2,Adagrasib,1.0,1.0,0.0
SK-MEL-2,Afatinib,1.0,1.0,0.0
SK-MEL-2,Alpelisib,0.5166666666666667,1.0,0.4833333333333334
SK-MEL-2,Anastrozole,1.0,1.0,0.0
SK-MEL-2,BAY1125976,1.0,1.0,0.0
SK-MEL-2,BI-3406,0.8666666666666666,1.0,0.1333333333333333
SK-MEL-2,BI-78D3,0.55,0.9,0.35
SK-MEL-2,Belumosudil (mesylate),1.0,1.0,0.0
SK-MEL-2,Belzutifan,1.0,1.0,0.0
SK-MEL-2,Bentamapimod,1.0,0.9,-0.1
SK-MEL-2,Bimiralisib,1.0,1.0,0.0
SK-MEL-2,Binimetinib,1.0,1.0,0.0
SK-MEL-2,Brivudine,1.0,1.0,0.0
SK-MEL-2,CP21R7,0.5450980392156863,0.7285714285714285,0.1834733893557422
SK-MEL-2,Capivasertib,0.9,1.0,0.1
SK-MEL-2,Capmatinib,1.0,1.0,0.0
SK-MEL-2,Celecoxib,0.5700000000000001,1.0,0.43
SK-MEL-2,DT-061,0.8,1.0,0.2
SK-MEL-2,DTP3,1.0,1.0,0.0
SK-MEL-2,Dabrafenib,1.0,1.0,0.0
SK-MEL-2,ERK5-IN-2,1.0,1.0,0.0
SK-MEL-2,ETC-206,0.6722222222222223,0.7285714285714285,0.0563492063492063
SK-MEL-2,EX229,1.0,1.0,0.0
SK-MEL-2,Elimusertib hydrochloride,0.9,0.9,0.0
SK-MEL-2,Encorafenib,1.0,1.0,0.0
SK-MEL-2,Erdafitinib ,0.6733333333333333,0.7166666666666666,0.0433333333333333
SK-MEL-2,Everolimus,0.85,0.8,-0.05
SK-MEL-2,Futibatinib,1.0,1.0,0.0
SK-MEL-2,GSK1059615,1.0,1.0,0.0
SK-MEL-2,Gemcitabine,1.0,1.0,0.0
SK-MEL-2,HI-TOPK-032,1.0,1.0,0.0
SK-MEL-2,Hydroxyfasudil,0.9,1.0,0.1
SK-MEL-2,IQ 1,1.0,1.0,0.0
SK-MEL-2,Infigratinib,1.0,1.0,0.0
SK-MEL-2,Ipatasertib,1.0,1.0,0.0
SK-MEL-2,Irinotecan,1.0,1.0,0.0
SK-MEL-2,Ixazomib,1.0,1.0,0.0
SK-MEL-2,LB-100,1.0,1.0,0.0
SK-MEL-2,LJI308,1.0,0.6952380952380952,-0.3047619047619048
SK-MEL-2,LY-2584702 (tosylate salt),1.0,1.0,0.0
SK-MEL-2,LY2090314,1.0,0.9,-0.1
SK-MEL-2,Lapatinib ditosylate,0.7666666666666667,1.0,0.2333333333333333
SK-MEL-2,MK-3903,1.0,1.0,0.0
SK-MEL-2,MK-8353,0.8,1.0,0.2
SK-MEL-2,ML264,0.9,0.8666666666666666,-0.0333333333333333
SK-MEL-2,Methylprednisolone succinate,0.5833333333333333,0.7,0.1166666666666666
SK-MEL-2,Minodronic acid,0.9,0.9,0.0
SK-MEL-2,NG25,1.0,1.0,0.0
SK-MEL-2,NVP-BHG712,1.0,1.0,0.0
SK-MEL-2,OTS514,1.0,1.0,0.0
SK-MEL-2,Oleic acid,0.6,0.75,0.15
SK-MEL-2,Oxaliplatin,1.0,1.0,0.0
SK-MEL-2,PF-06260933,1.0,1.0,0.0
SK-MEL-2,PH-797804,1.0,1.0,0.0
SK-MEL-2,Paclitaxel,1.0,1.0,0.0
SK-MEL-2,Pemigatinib,0.5733333333333334,0.7666666666666667,0.1933333333333333
SK-MEL-2,Pimitespib,0.6333333333333333,1.0,0.3666666666666667
SK-MEL-2,Pralsetinib,1.0,1.0,0.0
SK-MEL-2,RMC-6236,1.0,1.0,0.0
SK-MEL-2,Ralimetinib dimesylate,1.0,1.0,0.0
SK-MEL-2,Regorafenib,1.0,1.0,0.0
SK-MEL-2,SBI-0640756,0.9,1.0,0.1
SK-MEL-2,Sapanisertib,1.0,1.0,0.0
SK-MEL-2,Sonidegib,1.0,1.0,0.0
SK-MEL-2,TAK-733,1.0,1.0,0.0
SK-MEL-2,TAK-901,1.0,1.0,0.0
SK-MEL-2,Temuterkib,1.0,1.0,0.0
SK-MEL-2,Tomivosertib,1.0,1.0,0.0
SK-MEL-2,Torkinib,0.9,0.9,0.0
SK-MEL-2,Trametinib,1.0,1.0,0.0
SK-MEL-2,Tubulin inhibitor 6,0.6476190476190476,1.0,0.3523809523809523
SK-MEL-2,Tucatinib,1.0,1.0,0.0
SK-MEL-2,ULK-101,1.0,1.0,0.0
SK-MEL-2,Vemurafenib,0.6,0.9,0.3
SK-MEL-2,Volasertib,0.8666666666666666,0.8333333333333333,-0.0333333333333333
SK-MEL-2,XRK3F2,1.0,1.0,0.0
SK-MEL-2,c-Kit-IN-1,1.0,1.0,0.0
SK-MEL-2,olaparib,0.9,0.9,0.0
SK-MEL-2,palbociclib,1.0,1.0,0.0
SK-MEL-2,venetoclax,1.0,1.0,0.0
SK-MEL-2,vincristine,1.0,1.0,0.0
SNU-1,4EGI-1,1.0,1.0,0.0
SNU-1,9-ING-41,0.5066666666666666,0.9,0.3933333333333333
SNU-1,APTO-253,0.9,1.0,0.1
SNU-1,AT7519,0.253030303030303,0.9,0.646969696969697
SNU-1,AZD-7648,0.9,0.9,0.0
SNU-1,AZD-8055,1.0,1.0,0.0
SNU-1,AZD1390,0.8666666666666666,0.9,0.0333333333333333
SNU-1,AZD2858,0.234074074074074,0.335,0.1009259259259259
SNU-1,Abemaciclib,1.0,1.0,0.0
SNU-1,Adagrasib,0.85,0.825,-0.025
SNU-1,Afatinib,1.0,1.0,0.0
SNU-1,Alpelisib,0.3,0.9,0.6
SNU-1,Anastrozole,0.5666666666666667,0.75,0.1833333333333333
SNU-1,BAY1125976,1.0,1.0,0.0
SNU-1,BI-3406,0.75,0.9,0.15
SNU-1,BI-78D3,0.67,1.0,0.3299999999999999
SNU-1,Belumosudil (mesylate),1.0,1.0,0.0
SNU-1,Belzutifan,1.0,1.0,0.0
SNU-1,Bentamapimod,0.7333333333333333,0.7666666666666666,0.0333333333333333
SNU-1,Bimiralisib,1.0,1.0,0.0
SNU-1,Binimetinib,0.8,1.0,0.2
SNU-1,Bortezomib,1.0,1.0,0.0
SNU-1,Brivudine,1.0,1.0,0.0
SNU-1,CP21R7,0.332070707070707,0.7666666666666666,0.4345959595959596
SNU-1,Capivasertib,0.5222222222222223,0.8333333333333334,0.3111111111111111
SNU-1,Capmatinib,0.6666666666666666,0.8,0.1333333333333333
SNU-1,Celecoxib,0.7066666666666667,0.7666666666666666,0.06
SNU-1,DT-061,0.9,1.0,0.1
SNU-1,DTP3,0.7051282051282051,0.7142857142857142,0.0091575091575091
SNU-1,Dabrafenib,1.0,1.0,0.0
SNU-1,ERK5-IN-2,1.0,1.0,0.0
SNU-1,ETC-206,0.2897052014199722,0.5761904761904761,0.286485274770504
SNU-1,EX229,1.0,1.0,0.0
SNU-1,Elimusertib hydrochloride,1.0,1.0,0.0
SNU-1,Encorafenib,1.0,1.0,0.0
SNU-1,Erdafitinib ,0.6166666666666667,0.8666666666666666,0.25
SNU-1,Everolimus,0.725,1.0,0.275
SNU-1,Futibatinib,0.8,0.9,0.1
SNU-1,GSK1059615,1.0,1.0,0.0
SNU-1,Gemcitabine,0.5119047619047619,0.6952380952380952,0.1833333333333333
SNU-1,HI-TOPK-032,1.0,1.0,0.0
SNU-1,Hydroxyfasudil,0.2952380952380952,0.74,0.4447619047619048
SNU-1,IQ 1,1.0,1.0,0.0
SNU-1,Infigratinib,1.0,1.0,0.0
SNU-1,Ipatasertib,1.0,1.0,0.0
SNU-1,Irinotecan,1.0,1.0,0.0
SNU-1,Ixazomib,1.0,0.8666666666666666,-0.1333333333333333
SNU-1,LB-100,0.6583333333333333,0.9,0.2416666666666667
SNU-1,LJI308,1.0,1.0,0.0
SNU-1,LY2090314,0.3953846153846153,0.7142857142857142,0.3189010989010989
SNU-1,Lapatinib ditosylate,0.2947222222222222,0.7,0.4052777777777777
SNU-1,MK-3903,0.6285714285714286,1.0,0.3714285714285714
SNU-1,MK-8353,0.6507936507936508,0.75,0.0992063492063492
SNU-1,ML264,0.9,1.0,0.1
SNU-1,Methylprednisolone succinate,1.0,1.0,0.0
SNU-1,Minodronic acid,0.8,0.8,0.0
SNU-1,NG25,1.0,1.0,0.0
SNU-1,NVP-BHG712,0.45,0.8,0.35
SNU-1,OTS514,0.9,1.0,0.1
SNU-1,Oleic acid,0.6666666666666666,0.74,0.0733333333333333
SNU-1,Oxaliplatin,1.0,1.0,0.0
SNU-1,PF-06260933,1.0,1.0,0.0
SNU-1,PH-797804,1.0,1.0,0.0
SNU-1,Paclitaxel,1.0,1.0,0.0
SNU-1,Pemigatinib,0.2261904761904762,0.5396825396825397,0.3134920634920635
SNU-1,Pimitespib,0.665,0.8666666666666666,0.2016666666666666
SNU-1,Pralsetinib,1.0,1.0,0.0
SNU-1,RMC-6236,1.0,1.0,0.0
SNU-1,Ralimetinib dimesylate,1.0,0.8,-0.2
SNU-1,Regorafenib,1.0,1.0,0.0
SNU-1,SBI-0640756,1.0,1.0,0.0
SNU-1,Sapanisertib,1.0,1.0,0.0
SNU-1,TAK-733,1.0,1.0,0.0
SNU-1,TAK-901,1.0,1.0,0.0
SNU-1,Temuterkib,0.5666666666666667,0.9,0.3333333333333333
SNU-1,Tomivosertib,1.0,1.0,0.0
SNU-1,Torkinib,0.3279365079365078,0.4509956709956709,0.123059163059163
SNU-1,Trametinib,0.85,0.9,0.05
SNU-1,Tubulin inhibitor 6,0.72,0.85,0.13
SNU-1,Tucatinib,0.9,0.7666666666666666,-0.1333333333333333
SNU-1,ULK-101,0.8,1.0,0.2
SNU-1,Vemurafenib,0.6181818181818182,1.0,0.3818181818181818
SNU-1,Volasertib,0.3367763157894737,0.7666666666666666,0.4298903508771929
SNU-1,XRK3F2,1.0,1.0,0.0
SNU-1,c-Kit-IN-1,1.0,1.0,0.0
SNU-1,olaparib,1.0,0.9,-0.1
SNU-1,palbociclib,1.0,1.0,0.0
SNU-1,venetoclax,1.0,1.0,0.0
SNU-1,vincristine,1.0,1.0,0.0
SNU-423,4EGI-1,1.0,1.0,0.0
SNU-423,9-ING-41,1.0,1.0,0.0
SNU-423,APTO-253,1.0,1.0,0.0
SNU-423,AT7519,1.0,1.0,0.0
SNU-423,AZD-7648,1.0,1.0,0.0
SNU-423,AZD-8055,1.0,1.0,0.0
SNU-423,AZD1390,1.0,1.0,0.0
SNU-423,AZD2858,0.8666666666666666,1.0,0.1333333333333333
SNU-423,Abemaciclib,1.0,1.0,0.0
SNU-423,Adagrasib,1.0,1.0,0.0
SNU-423,Afatinib,1.0,1.0,0.0
SNU-423,Alpelisib,1.0,1.0,0.0
SNU-423,Anastrozole,1.0,1.0,0.0
SNU-423,BAY1125976,1.0,1.0,0.0
SNU-423,BI-3406,1.0,1.0,0.0
SNU-423,BI-78D3,1.0,1.0,0.0
SNU-423,Belumosudil (mesylate),1.0,1.0,0.0
SNU-423,Belzutifan,1.0,1.0,0.0
SNU-423,Bentamapimod,0.9,1.0,0.1
SNU-423,Bimiralisib,1.0,1.0,0.0
SNU-423,Binimetinib,1.0,1.0,0.0
SNU-423,Bortezomib,1.0,1.0,0.0
SNU-423,Brivudine,1.0,1.0,0.0
SNU-423,CP21R7,1.0,1.0,0.0
SNU-423,Capivasertib,1.0,1.0,0.0
SNU-423,Capmatinib,1.0,1.0,0.0
SNU-423,Celecoxib,1.0,1.0,0.0
SNU-423,DT-061,1.0,1.0,0.0
SNU-423,DTP3,1.0,1.0,0.0
SNU-423,Dabrafenib,1.0,1.0,0.0
SNU-423,ERK5-IN-2,1.0,1.0,0.0
SNU-423,ETC-206,1.0,1.0,0.0
SNU-423,EX229,1.0,1.0,0.0
SNU-423,Elimusertib hydrochloride,1.0,1.0,0.0
SNU-423,Encorafenib,1.0,1.0,0.0
SNU-423,Erdafitinib ,1.0,1.0,0.0
SNU-423,Everolimus,1.0,1.0,0.0
SNU-423,Futibatinib,1.0,1.0,0.0
SNU-423,GSK1059615,1.0,1.0,0.0
SNU-423,Gemcitabine,1.0,1.0,0.0
SNU-423,HI-TOPK-032,1.0,1.0,0.0
SNU-423,Hydroxyfasudil,1.0,1.0,0.0
SNU-423,IQ 1,1.0,1.0,0.0
SNU-423,Infigratinib,1.0,1.0,0.0
SNU-423,Ipatasertib,1.0,1.0,0.0
SNU-423,Irinotecan,1.0,1.0,0.0
SNU-423,Ixazomib,1.0,1.0,0.0
SNU-423,LB-100,0.9,0.9,0.0
SNU-423,LJI308,1.0,1.0,0.0
SNU-423,LY-2584702 (tosylate salt),1.0,1.0,0.0
SNU-423,LY2090314,1.0,1.0,0.0
SNU-423,Lapatinib ditosylate,1.0,1.0,0.0
SNU-423,Lonafarnib,1.0,1.0,0.0
SNU-423,MK-3903,1.0,1.0,0.0
SNU-423,MK-8353,0.9,1.0,0.1
SNU-423,ML264,1.0,1.0,0.0
SNU-423,Methylprednisolone succinate,0.8666666666666666,1.0,0.1333333333333333
SNU-423,Minodronic acid,0.9,1.0,0.1
SNU-423,NG25,1.0,1.0,0.0
SNU-423,NVP-BHG712,1.0,1.0,0.0
SNU-423,OTS514,1.0,1.0,0.0
SNU-423,Oleic acid,0.9,1.0,0.1
SNU-423,Oxaliplatin,1.0,1.0,0.0
SNU-423,PF-06260933,1.0,1.0,0.0
SNU-423,PH-797804,1.0,1.0,0.0
SNU-423,Paclitaxel,1.0,1.0,0.0
SNU-423,Pemigatinib,1.0,1.0,0.0
SNU-423,Pimitespib,1.0,1.0,0.0
SNU-423,Pralsetinib,1.0,1.0,0.0
SNU-423,RMC-6236,1.0,1.0,0.0
SNU-423,Ralimetinib dimesylate,1.0,0.9,-0.1
SNU-423,Regorafenib,1.0,1.0,0.0
SNU-423,SBI-0640756,1.0,1.0,0.0
SNU-423,Sapanisertib,1.0,1.0,0.0
SNU-423,Sonidegib,1.0,1.0,0.0
SNU-423,TAK-733,1.0,1.0,0.0
SNU-423,TAK-901,1.0,1.0,0.0
SNU-423,Temuterkib,1.0,1.0,0.0
SNU-423,Tomivosertib,1.0,1.0,0.0
SNU-423,Torkinib,1.0,1.0,0.0
SNU-423,Trametinib,1.0,1.0,0.0
SNU-423,Tubulin inhibitor 6,1.0,1.0,0.0
SNU-423,Tucatinib,1.0,0.9,-0.1
SNU-423,ULK-101,0.9,1.0,0.1
SNU-423,Vemurafenib,0.8666666666666666,1.0,0.1333333333333333
SNU-423,Volasertib,0.9,1.0,0.1
SNU-423,XRK3F2,1.0,1.0,0.0
SNU-423,c-Kit-IN-1,1.0,1.0,0.0
SNU-423,olaparib,1.0,1.0,0.0
SNU-423,palbociclib,1.0,1.0,0.0
SNU-423,venetoclax,1.0,1.0,0.0
SNU-423,vincristine,1.0,1.0,0.0
SW 900,4EGI-1,1.0,1.0,0.0
SW 900,9-ING-41,0.85,1.0,0.15
SW 900,APTO-253,1.0,1.0,0.0
SW 900,AT7519,1.0,0.9,-0.1
SW 900,AZD-7648,1.0,1.0,0.0
SW 900,AZD-8055,1.0,1.0,0.0
SW 900,AZD1390,1.0,1.0,0.0
SW 900,AZD2858,0.9,1.0,0.1
SW 900,Abemaciclib,1.0,1.0,0.0
SW 900,Adagrasib,0.9,1.0,0.1
SW 900,Afatinib,1.0,1.0,0.0
SW 900,Alpelisib,1.0,1.0,0.0
SW 900,Anastrozole,1.0,1.0,0.0
SW 900,BAY1125976,1.0,1.0,0.0
SW 900,BI-3406,1.0,1.0,0.0
SW 900,BI-78D3,0.5066666666666666,1.0,0.4933333333333333
SW 900,Belumosudil (mesylate),1.0,1.0,0.0
SW 900,Belzutifan,1.0,1.0,0.0
SW 900,Bentamapimod,1.0,1.0,0.0
SW 900,Bimiralisib,1.0,1.0,0.0
SW 900,Binimetinib,1.0,1.0,0.0
SW 900,Bortezomib,1.0,1.0,0.0
SW 900,Brivudine,1.0,1.0,0.0
SW 900,CP21R7,1.0,1.0,0.0
SW 900,Capivasertib,1.0,1.0,0.0
SW 900,Capmatinib,1.0,1.0,0.0
SW 900,Celecoxib,0.5566666666666666,0.7333333333333333,0.1766666666666666
SW 900,DT-061,0.8,1.0,0.2
SW 900,DTP3,1.0,1.0,0.0
SW 900,Dabrafenib,1.0,1.0,0.0
SW 900,ERK5-IN-2,1.0,1.0,0.0
SW 900,ETC-206,0.6848484848484848,0.75,0.0651515151515151
SW 900,EX229,1.0,1.0,0.0
SW 900,Elimusertib hydrochloride,1.0,1.0,0.0
SW 900,Encorafenib,1.0,1.0,0.0
SW 900,Erdafitinib ,0.9,0.9,0.0
SW 900,Everolimus,1.0,1.0,0.0
SW 900,Futibatinib,1.0,1.0,0.0
SW 900,GSK1059615,1.0,1.0,0.0
SW 900,Gemcitabine,1.0,1.0,0.0
SW 900,HI-TOPK-032,1.0,1.0,0.0
SW 900,Hydroxyfasudil,0.8666666666666666,0.8666666666666666,0.0
SW 900,IQ 1,1.0,1.0,0.0
SW 900,Infigratinib,1.0,1.0,0.0
SW 900,Ipatasertib,1.0,1.0,0.0
SW 900,Irinotecan,1.0,1.0,0.0
SW 900,Ixazomib,1.0,1.0,0.0
SW 900,LB-100,0.7166666666666667,0.9,0.1833333333333333
SW 900,LJI308,1.0,0.9,-0.1
SW 900,LY-2584702 (tosylate salt),1.0,1.0,0.0
SW 900,LY2090314,1.0,1.0,0.0
SW 900,Lapatinib ditosylate,0.7066666666666667,0.7666666666666666,0.06
SW 900,MK-3903,1.0,1.0,0.0
SW 900,MK-8353,1.0,1.0,0.0
SW 900,ML264,1.0,1.0,0.0
SW 900,Methylprednisolone succinate,1.0,1.0,0.0
SW 900,Minodronic acid,0.9,1.0,0.1
SW 900,NG25,1.0,1.0,0.0
SW 900,NVP-BHG712,1.0,1.0,0.0
SW 900,OTS514,1.0,1.0,0.0
SW 900,Oleic acid,0.9,1.0,0.1
SW 900,Oxaliplatin,0.8333333333333333,1.0,0.1666666666666666
SW 900,PF-06260933,1.0,1.0,0.0
SW 900,PH-797804,1.0,1.0,0.0
SW 900,Paclitaxel,1.0,1.0,0.0
SW 900,Pemigatinib,0.8666666666666666,1.0,0.1333333333333333
SW 900,Pimitespib,0.9,1.0,0.1
SW 900,Pralsetinib,1.0,1.0,0.0
SW 900,RMC-6236,1.0,1.0,0.0
SW 900,Ralimetinib dimesylate,1.0,1.0,0.0
SW 900,Regorafenib,1.0,1.0,0.0
SW 900,SBI-0640756,1.0,1.0,0.0
SW 900,Sapanisertib,1.0,1.0,0.0
SW 900,Sonidegib,1.0,1.0,0.0
SW 900,TAK-733,1.0,1.0,0.0
SW 900,TAK-901,1.0,1.0,0.0
SW 900,Temuterkib,0.9,1.0,0.1
SW 900,Tomivosertib,1.0,1.0,0.0
SW 900,Torkinib,1.0,0.9,-0.1
SW 900,Trametinib,1.0,1.0,0.0
SW 900,Tubulin inhibitor 6,1.0,1.0,0.0
SW 900,Tucatinib,0.8666666666666666,0.9,0.0333333333333333
SW 900,ULK-101,1.0,1.0,0.0
SW 900,Vemurafenib,1.0,1.0,0.0
SW 900,Volasertib,0.8400000000000001,1.0,0.16
SW 900,XRK3F2,1.0,1.0,0.0
SW 900,c-Kit-IN-1,1.0,1.0,0.0
SW 900,olaparib,1.0,1.0,0.0
SW 900,palbociclib,1.0,1.0,0.0
SW 900,venetoclax,1.0,1.0,0.0
SW 900,vincristine,1.0,1.0,0.0
SW1417,4EGI-1,1.0,1.0,0.0
SW1417,9-ING-41,0.7166666666666666,1.0,0.2833333333333333
SW1417,APTO-253,1.0,1.0,0.0
SW1417,AT7519,1.0,1.0,0.0
SW1417,AZD-7648,1.0,1.0,0.0
SW1417,AZD-8055,0.9,1.0,0.1
SW1417,AZD1390,1.0,1.0,0.0
SW1417,AZD2858,0.75,1.0,0.25
SW1417,Abemaciclib,1.0,1.0,0.0
SW1417,Adagrasib,1.0,1.0,0.0
SW1417,Afatinib,1.0,1.0,0.0
SW1417,Alpelisib,0.9,1.0,0.1
SW1417,Anastrozole,1.0,1.0,0.0
SW1417,BAY1125976,0.9,1.0,0.1
SW1417,BI-3406,0.4833333333333333,1.0,0.5166666666666667
SW1417,BI-78D3,0.6066666666666667,0.8666666666666666,0.26
SW1417,Belumosudil (mesylate),1.0,1.0,0.0
SW1417,Belzutifan,1.0,1.0,0.0
SW1417,Bentamapimod,0.8666666666666666,0.9,0.0333333333333333
SW1417,Bimiralisib,1.0,1.0,0.0
SW1417,Binimetinib,1.0,1.0,0.0
SW1417,Bortezomib,1.0,1.0,0.0
SW1417,Brivudine,1.0,1.0,0.0
SW1417,CP21R7,0.5833333333333333,0.9,0.3166666666666667
SW1417,Capivasertib,0.6625,0.8333333333333333,0.1708333333333333
SW1417,Capmatinib,0.9,1.0,0.1
SW1417,Celecoxib,1.0,1.0,0.0
SW1417,DT-061,0.7666666666666666,1.0,0.2333333333333333
SW1417,DTP3,1.0,1.0,0.0
SW1417,Dabrafenib,1.0,1.0,0.0
SW1417,ERK5-IN-2,1.0,1.0,0.0
SW1417,ETC-206,0.5722222222222222,0.74,0.1677777777777777
SW1417,EX229,1.0,1.0,0.0
SW1417,Elimusertib hydrochloride,1.0,1.0,0.0
SW1417,Encorafenib,1.0,1.0,0.0
SW1417,Erdafitinib ,1.0,1.0,0.0
SW1417,Everolimus,0.75,1.0,0.25
SW1417,Futibatinib,1.0,1.0,0.0
SW1417,GSK1059615,1.0,1.0,0.0
SW1417,Gemcitabine,0.9,0.9,0.0
SW1417,HI-TOPK-032,1.0,1.0,0.0
SW1417,Hydroxyfasudil,0.75,1.0,0.25
SW1417,IQ 1,0.9,1.0,0.1
SW1417,Infigratinib,1.0,1.0,0.0
SW1417,Ipatasertib,1.0,1.0,0.0
SW1417,Irinotecan,1.0,1.0,0.0
SW1417,Ixazomib,1.0,1.0,0.0
SW1417,LB-100,0.5,0.75,0.25
SW1417,LJI308,0.7086956521739131,0.75,0.0413043478260869
SW1417,LY-2584702 (tosylate salt),1.0,1.0,0.0
SW1417,LY2090314,1.0,1.0,0.0
SW1417,Lapatinib ditosylate,0.6916666666666667,1.0,0.3083333333333333
SW1417,Lonafarnib,1.0,1.0,0.0
SW1417,MK-3903,0.8,0.8,0.0
SW1417,MK-8353,0.8,0.9,0.1
SW1417,ML264,0.825,0.8333333333333333,0.0083333333333333
SW1417,Methylprednisolone succinate,0.825,0.8333333333333334,0.0083333333333333
SW1417,Minodronic acid,1.0,1.0,0.0
SW1417,NG25,1.0,1.0,0.0
SW1417,NVP-BHG712,0.8666666666666666,0.9,0.0333333333333333
SW1417,OTS514,1.0,1.0,0.0
SW1417,Oleic acid,1.0,0.9,-0.1
SW1417,Oxaliplatin,0.8666666666666666,0.9,0.0333333333333333
SW1417,PF-06260933,1.0,1.0,0.0
SW1417,PH-797804,1.0,1.0,0.0
SW1417,Paclitaxel,1.0,1.0,0.0
SW1417,Pemigatinib,1.0,1.0,0.0
SW1417,Pimitespib,0.6916666666666667,0.74,0.0483333333333333
SW1417,Pralsetinib,1.0,1.0,0.0
SW1417,RMC-6236,1.0,1.0,0.0
SW1417,Ralimetinib dimesylate,0.9,0.8,-0.1
SW1417,Regorafenib,1.0,1.0,0.0
SW1417,SBI-0640756,1.0,1.0,0.0
SW1417,Sapanisertib,1.0,1.0,0.0
SW1417,Sonidegib,0.9,0.9,0.0
SW1417,TAK-733,1.0,1.0,0.0
SW1417,TAK-901,1.0,1.0,0.0
SW1417,Temuterkib,1.0,1.0,0.0
SW1417,Tomivosertib,1.0,1.0,0.0
SW1417,Torkinib,1.0,0.9,-0.1
SW1417,Trametinib,1.0,1.0,0.0
SW1417,Tubulin inhibitor 6,1.0,1.0,0.0
SW1417,Tucatinib,0.9,1.0,0.1
SW1417,ULK-101,0.7666666666666666,0.8,0.0333333333333333
SW1417,Vemurafenib,0.6166666666666667,1.0,0.3833333333333333
SW1417,Volasertib,0.8400000000000001,1.0,0.16
SW1417,XRK3F2,0.85,1.0,0.15
SW1417,c-Kit-IN-1,1.0,1.0,0.0
SW1417,olaparib,1.0,1.0,0.0
SW1417,palbociclib,1.0,1.0,0.0
SW1417,venetoclax,1.0,1.0,0.0
SW1417,vincristine,1.0,1.0,0.0
SW48,4EGI-1,1.0,1.0,0.0
SW48,9-ING-41,0.7666666666666666,1.0,0.2333333333333333
SW48,APTO-253,0.6666666666666666,0.9,0.2333333333333333
SW48,AT7519,1.0,1.0,0.0
SW48,AZD-7648,1.0,1.0,0.0
SW48,AZD-8055,1.0,1.0,0.0
SW48,AZD1390,1.0,1.0,0.0
SW48,AZD2858,0.6785714285714286,0.75,0.0714285714285714
SW48,Abemaciclib,1.0,1.0,0.0
SW48,Adagrasib,0.9,0.9,0.0
SW48,Afatinib,1.0,1.0,0.0
SW48,Alpelisib,0.8222222222222222,0.9,0.0777777777777777
SW48,Anastrozole,0.8666666666666666,1.0,0.1333333333333333
SW48,BAY1125976,1.0,1.0,0.0
SW48,BI-3406,0.9,1.0,0.1
SW48,BI-78D3,0.575,0.8666666666666666,0.2916666666666666
SW48,Belumosudil (mesylate),1.0,1.0,0.0
SW48,Belzutifan,1.0,1.0,0.0
SW48,Bentamapimod,1.0,1.0,0.0
SW48,Bimiralisib,1.0,1.0,0.0
SW48,Binimetinib,1.0,1.0,0.0
SW48,Brivudine,1.0,1.0,0.0
SW48,CP21R7,0.5166666666666667,1.0,0.4833333333333334
SW48,Capivasertib,0.9,0.8,-0.1
SW48,Capmatinib,1.0,1.0,0.0
SW48,Celecoxib,0.575,0.8285714285714285,0.2535714285714285
SW48,DT-061,0.9,1.0,0.1
SW48,DTP3,1.0,1.0,0.0
SW48,Dabrafenib,1.0,1.0,0.0
SW48,ERK5-IN-2,1.0,1.0,0.0
SW48,ETC-206,0.7666666666666666,1.0,0.2333333333333333
SW48,EX229,1.0,1.0,0.0
SW48,Elimusertib hydrochloride,1.0,1.0,0.0
SW48,Encorafenib,1.0,1.0,0.0
SW48,Erdafitinib ,1.0,1.0,0.0
SW48,Everolimus,1.0,1.0,0.0
SW48,Futibatinib,1.0,1.0,0.0
SW48,GSK1059615,1.0,1.0,0.0
SW48,Gemcitabine,1.0,1.0,0.0
SW48,HI-TOPK-032,1.0,1.0,0.0
SW48,Hydroxyfasudil,0.9,0.9,0.0
SW48,IQ 1,1.0,1.0,0.0
SW48,Infigratinib,1.0,1.0,0.0
SW48,Ipatasertib,1.0,1.0,0.0
SW48,Irinotecan,1.0,1.0,0.0
SW48,Ixazomib,1.0,1.0,0.0
SW48,LB-100,0.5833333333333333,0.9,0.3166666666666667
SW48,LJI308,0.9,0.9,0.0
SW48,LY2090314,1.0,1.0,0.0
SW48,Lapatinib ditosylate,1.0,0.9,-0.1
SW48,MK-3903,1.0,1.0,0.0
SW48,MK-8353,0.7666666666666666,0.75,-0.0166666666666666
SW48,ML264,1.0,1.0,0.0
SW48,Methylprednisolone succinate,1.0,1.0,0.0
SW48,Minodronic acid,1.0,1.0,0.0
SW48,NG25,1.0,1.0,0.0
SW48,NVP-BHG712,0.9,1.0,0.1
SW48,OTS514,0.8,1.0,0.2
SW48,Oleic acid,0.9,1.0,0.1
SW48,Oxaliplatin,1.0,1.0,0.0
SW48,PF-06260933,1.0,1.0,0.0
SW48,PH-797804,1.0,1.0,0.0
SW48,Paclitaxel,1.0,1.0,0.0
SW48,Pemigatinib,0.8400000000000001,1.0,0.16
SW48,Pimitespib,0.6833333333333333,0.8,0.1166666666666666
SW48,Pralsetinib,1.0,1.0,0.0
SW48,RMC-6236,1.0,1.0,0.0
SW48,Ralimetinib dimesylate,0.9,0.9,0.0
SW48,Regorafenib,1.0,1.0,0.0
SW48,SBI-0640756,1.0,1.0,0.0
SW48,Sapanisertib,1.0,1.0,0.0
SW48,Sonidegib,0.5785714285714285,0.8666666666666666,0.288095238095238
SW48,TAK-733,1.0,1.0,0.0
SW48,TAK-901,1.0,1.0,0.0
SW48,Temuterkib,1.0,1.0,0.0
SW48,Tomivosertib,1.0,1.0,0.0
SW48,Torkinib,1.0,1.0,0.0
SW48,Trametinib,1.0,1.0,0.0
SW48,Tubulin inhibitor 6,1.0,1.0,0.0
SW48,Tucatinib,1.0,1.0,0.0
SW48,ULK-101,1.0,1.0,0.0
SW48,Vemurafenib,0.8,1.0,0.2
SW48,Volasertib,0.9,1.0,0.1
SW48,XRK3F2,1.0,1.0,0.0
SW48,c-Kit-IN-1,1.0,1.0,0.0
SW48,olaparib,1.0,1.0,0.0
SW48,palbociclib,1.0,1.0,0.0
SW48,venetoclax,1.0,1.0,0.0
SW48,vincristine,1.0,1.0,0.0
SW480,4EGI-1,1.0,1.0,0.0
SW480,9-ING-41,0.6,1.0,0.4
SW480,APTO-253,0.9,1.0,0.1
SW480,AT7519,0.334885290148448,0.9,0.565114709851552
SW480,AZD-7648,1.0,1.0,0.0
SW480,AZD-8055,0.6,0.8666666666666666,0.2666666666666666
SW480,AZD1390,1.0,1.0,0.0
SW480,AZD2858,0.825,0.8400000000000001,0.0149999999999999
SW480,Abemaciclib,1.0,1.0,0.0
SW480,Adagrasib,0.5916666666666666,0.8222222222222222,0.2305555555555555
SW480,Afatinib,1.0,1.0,0.0
SW480,Alpelisib,1.0,1.0,0.0
SW480,Anastrozole,0.8666666666666666,1.0,0.1333333333333333
SW480,BAY1125976,1.0,1.0,0.0
SW480,BI-3406,0.9,1.0,0.1
SW480,BI-78D3,0.4966666666666667,0.8666666666666666,0.37
SW480,Belumosudil (mesylate),1.0,1.0,0.0
SW480,Belzutifan,1.0,1.0,0.0
SW480,Bentamapimod,1.0,1.0,0.0
SW480,Bimiralisib,1.0,0.9,-0.1
SW480,Binimetinib,0.9,1.0,0.1
SW480,Bortezomib,1.0,1.0,0.0
SW480,Brivudine,1.0,1.0,0.0
SW480,CP21R7,0.5666666666666667,0.7666666666666666,0.2
SW480,Capivasertib,0.3472222222222222,0.6833333333333333,0.3361111111111111
SW480,Capmatinib,0.74,1.0,0.26
SW480,Celecoxib,0.4791666666666666,0.8333333333333333,0.3541666666666667
SW480,DT-061,0.7166666666666666,1.0,0.2833333333333333
SW480,DTP3,0.7,1.0,0.3
SW480,Dabrafenib,1.0,1.0,0.0
SW480,ERK5-IN-2,1.0,1.0,0.0
SW480,ETC-206,0.575,0.7666666666666666,0.1916666666666666
SW480,EX229,1.0,1.0,0.0
SW480,Elimusertib hydrochloride,0.9,1.0,0.1
SW480,Encorafenib,1.0,1.0,0.0
SW480,Erdafitinib ,0.8333333333333333,1.0,0.1666666666666666
SW480,Everolimus,0.7142857142857142,0.9,0.1857142857142857
SW480,Futibatinib,0.9,1.0,0.1
SW480,GSK1059615,1.0,1.0,0.0
SW480,Gemcitabine,1.0,1.0,0.0
SW480,HI-TOPK-032,1.0,1.0,0.0
SW480,Hydroxyfasudil,0.49,1.0,0.51
SW480,IQ 1,1.0,1.0,0.0
SW480,Infigratinib,1.0,1.0,0.0
SW480,Ipatasertib,1.0,0.8666666666666666,-0.1333333333333333
SW480,Irinotecan,1.0,1.0,0.0
SW480,Ixazomib,1.0,1.0,0.0
SW480,LB-100,0.1753246753246753,0.3277777777777778,0.1524531024531024
SW480,LJI308,0.4789044289044288,0.5215909090909091,0.0426864801864802
SW480,LY-2584702 (tosylate salt),1.0,1.0,0.0
SW480,LY2090314,1.0,0.6733333333333332,-0.3266666666666666
SW480,Lapatinib ditosylate,0.5117647058823529,0.6333333333333333,0.1215686274509803
SW480,Lonafarnib,1.0,1.0,0.0
SW480,MK-3903,1.0,1.0,0.0
SW480,MK-8353,0.6666666666666666,0.7666666666666666,0.1
SW480,ML264,0.8,1.0,0.2
SW480,Methylprednisolone succinate,1.0,1.0,0.0
SW480,Minodronic acid,0.85,0.8,-0.05
SW480,NG25,1.0,1.0,0.0
SW480,NVP-BHG712,0.64,0.8666666666666666,0.2266666666666666
SW480,OTS514,1.0,1.0,0.0
SW480,Oleic acid,1.0,0.9,-0.1
SW480,Oxaliplatin,0.6066666666666667,0.9,0.2933333333333333
SW480,PF-06260933,1.0,1.0,0.0
SW480,PH-797804,1.0,1.0,0.0
SW480,Paclitaxel,1.0,1.0,0.0
SW480,Pemigatinib,0.625,0.9,0.275
SW480,Pimitespib,0.6833333333333333,0.6820512820512821,-0.0012820512820512
SW480,Pralsetinib,1.0,1.0,0.0
SW480,RMC-6236,1.0,1.0,0.0
SW480,Ralimetinib dimesylate,0.6333333333333333,1.0,0.3666666666666667
SW480,Regorafenib,0.6900000000000001,1.0,0.31
SW480,SBI-0640756,1.0,1.0,0.0
SW480,Sapanisertib,1.0,1.0,0.0
SW480,Sonidegib,1.0,1.0,0.0
SW480,TAK-733,1.0,1.0,0.0
SW480,TAK-901,1.0,1.0,0.0
SW480,Temuterkib,0.9,1.0,0.1
SW480,Tomivosertib,1.0,1.0,0.0
SW480,Torkinib,0.9,1.0,0.1
SW480,Trametinib,1.0,1.0,0.0
SW480,Tubulin inhibitor 6,0.8,0.9,0.1
SW480,Tucatinib,0.5285714285714286,0.5733333333333334,0.0447619047619047
SW480,ULK-101,0.6422222222222222,1.0,0.3577777777777777
SW480,Vemurafenib,0.9,1.0,0.1
SW480,Volasertib,0.7666666666666666,0.680952380952381,-0.0857142857142857
SW480,XRK3F2,0.9,1.0,0.1
SW480,c-Kit-IN-1,1.0,1.0,0.0
SW480,olaparib,1.0,1.0,0.0
SW480,palbociclib,1.0,1.0,0.0
SW480,venetoclax,1.0,1.0,0.0
SW480,vincristine,1.0,1.0,0.0
hTERT-HPNE,4EGI-1,1.0,1.0,0.0
hTERT-HPNE,9-ING-41,1.0,1.0,0.0
hTERT-HPNE,APTO-253,1.0,1.0,0.0
hTERT-HPNE,AT7519,0.6952380952380952,0.85,0.1547619047619048
hTERT-HPNE,AZD-7648,1.0,1.0,0.0
hTERT-HPNE,AZD-8055,1.0,1.0,0.0
hTERT-HPNE,AZD1390,1.0,0.8666666666666666,-0.1333333333333333
hTERT-HPNE,AZD2858,0.9,1.0,0.1
hTERT-HPNE,Abemaciclib,1.0,1.0,0.0
hTERT-HPNE,Adagrasib,0.8095238095238095,0.8666666666666666,0.0571428571428571
hTERT-HPNE,Afatinib,1.0,1.0,0.0
hTERT-HPNE,Alpelisib,1.0,1.0,0.0
hTERT-HPNE,Anastrozole,0.8666666666666666,0.8400000000000001,-0.0266666666666666
hTERT-HPNE,BAY1125976,1.0,1.0,0.0
hTERT-HPNE,BI-3406,1.0,1.0,0.0
hTERT-HPNE,BI-78D3,1.0,1.0,0.0
hTERT-HPNE,Belumosudil (mesylate),1.0,1.0,0.0
hTERT-HPNE,Belzutifan,1.0,1.0,0.0
hTERT-HPNE,Bentamapimod,1.0,0.8,-0.2
hTERT-HPNE,Bimiralisib,1.0,1.0,0.0
hTERT-HPNE,Binimetinib,1.0,1.0,0.0
hTERT-HPNE,Bortezomib,1.0,1.0,0.0
hTERT-HPNE,Brivudine,1.0,1.0,0.0
hTERT-HPNE,CP21R7,0.8333333333333333,0.8,-0.0333333333333333
hTERT-HPNE,Capivasertib,1.0,0.9,-0.1
hTERT-HPNE,Capmatinib,1.0,1.0,0.0
hTERT-HPNE,Celecoxib,0.6866666666666668,0.9,0.2133333333333333
hTERT-HPNE,DT-061,1.0,1.0,0.0
hTERT-HPNE,DTP3,0.9,1.0,0.1
hTERT-HPNE,Dabrafenib,1.0,1.0,0.0
hTERT-HPNE,ERK5-IN-2,1.0,1.0,0.0
hTERT-HPNE,ETC-206,0.4452380952380952,0.6392857142857142,0.194047619047619
hTERT-HPNE,EX229,1.0,1.0,0.0
hTERT-HPNE,Elimusertib hydrochloride,1.0,1.0,0.0
hTERT-HPNE,Encorafenib,1.0,1.0,0.0
hTERT-HPNE,Erdafitinib ,1.0,1.0,0.0
hTERT-HPNE,Everolimus,0.8666666666666666,1.0,0.1333333333333333
hTERT-HPNE,Futibatinib,1.0,1.0,0.0
hTERT-HPNE,GSK1059615,1.0,1.0,0.0
hTERT-HPNE,Gemcitabine,0.9,0.85,-0.05
hTERT-HPNE,HI-TOPK-032,1.0,1.0,0.0
hTERT-HPNE,Hydroxyfasudil,0.85,1.0,0.15
hTERT-HPNE,IQ 1,1.0,1.0,0.0
hTERT-HPNE,Infigratinib,1.0,1.0,0.0
hTERT-HPNE,Ipatasertib,1.0,1.0,0.0
hTERT-HPNE,Irinotecan,1.0,1.0,0.0
hTERT-HPNE,Ixazomib,1.0,1.0,0.0
hTERT-HPNE,LB-100,1.0,1.0,0.0
hTERT-HPNE,LJI308,1.0,1.0,0.0
hTERT-HPNE,LY2090314,1.0,1.0,0.0
hTERT-HPNE,Lapatinib ditosylate,1.0,1.0,0.0
hTERT-HPNE,MK-3903,1.0,1.0,0.0
hTERT-HPNE,MK-8353,0.9,1.0,0.1
hTERT-HPNE,ML264,1.0,1.0,0.0
hTERT-HPNE,Methylprednisolone succinate,1.0,1.0,0.0
hTERT-HPNE,Minodronic acid,0.9,1.0,0.1
hTERT-HPNE,NG25,1.0,1.0,0.0
hTERT-HPNE,NVP-BHG712,1.0,1.0,0.0
hTERT-HPNE,OTS514,1.0,1.0,0.0
hTERT-HPNE,Oleic acid,0.8,1.0,0.2
hTERT-HPNE,Oxaliplatin,1.0,1.0,0.0
hTERT-HPNE,PF-06260933,1.0,1.0,0.0
hTERT-HPNE,PH-797804,1.0,1.0,0.0
hTERT-HPNE,Paclitaxel,1.0,1.0,0.0
hTERT-HPNE,Pemigatinib,1.0,1.0,0.0
hTERT-HPNE,Pimitespib,0.9,1.0,0.1
hTERT-HPNE,Pralsetinib,1.0,1.0,0.0
hTERT-HPNE,RMC-6236,1.0,1.0,0.0
hTERT-HPNE,Ralimetinib dimesylate,0.8,1.0,0.2
hTERT-HPNE,Regorafenib,1.0,1.0,0.0
hTERT-HPNE,SBI-0640756,1.0,1.0,0.0
hTERT-HPNE,Sapanisertib,1.0,1.0,0.0
hTERT-HPNE,Sonidegib,1.0,1.0,0.0
hTERT-HPNE,TAK-733,1.0,1.0,0.0
hTERT-HPNE,TAK-901,1.0,1.0,0.0
hTERT-HPNE,Temuterkib,0.9,1.0,0.1
hTERT-HPNE,Tomivosertib,1.0,1.0,0.0
hTERT-HPNE,Torkinib,0.9,0.9,0.0
hTERT-HPNE,Trametinib,1.0,1.0,0.0
hTERT-HPNE,Tubulin inhibitor 6,1.0,1.0,0.0
hTERT-HPNE,Tucatinib,0.9,0.8666666666666666,-0.0333333333333333
hTERT-HPNE,ULK-101,1.0,1.0,0.0
hTERT-HPNE,Vemurafenib,1.0,1.0,0.0
hTERT-HPNE,Volasertib,0.85,0.8666666666666666,0.0166666666666666
hTERT-HPNE,XRK3F2,1.0,1.0,0.0
hTERT-HPNE,c-Kit-IN-1,1.0,1.0,0.0
hTERT-HPNE,olaparib,1.0,1.0,0.0
hTERT-HPNE,palbociclib,1.0,1.0,0.0
hTERT-HPNE,venetoclax,1.0,1.0,0.0
hTERT-HPNE,vincristine,1.0,1.0,0.0
