file,row,column,arm_v,arm_u,delta,rel,max_abs_cell_delta,sign_flips,n,keyed
upgrade/oracle_shape_test.csv,Control | SPINT1,energy_vs_oracleMEAN,1.8891854210301606e-05,0.5161042087601182,0.5160853169059079,27317.875268404827,0.5160853169059079,0,1,True
upgrade/class_c_protein_oracle.csv,Co-culture | LAMP2,energy_rho,-2.3745141657144477e-05,0.074188509783867,0.07421225492552415,3125.365853658533,0.07421225492552415,1,1,True
upgrade/oracle_shape_test.csv,Control | ST6GALNAC2,energy_vs_oracleMEAN,-0.0001347618933668,0.388209971624435,0.3883447335178018,2881.7102803742187,0.3883447335178018,1,1,True
upgrade/oracle_shape_test.csv,Control | TM4SF1,energy_vs_oracleMEAN,-0.0003501290313642,0.4787170667751478,0.479067195806512,1368.2589928059754,0.479067195806512,1,1,True
upgrade/class_c_protein_oracle.csv,Control | RNF213,energy_rho,0.0004773343333424,0.4887612359302916,0.4882839015969492,1022.9389915824363,0.4882839015969492,0,1,True
upgrade/class_c_protein_oracle.csv,Control | HNRNPC,energy_rho,0.0010793546038818,0.4131787056057169,0.4120993510018351,381.8016336056357,0.4120993510018351,0,1,True
upgrade/class_c_protein_oracle.csv,Control | WBP2,energy_rho_partial_magmatch,-0.0016158832634544,0.4199445083268995,0.4215603915903539,260.8854247856688,0.4215603915903539,1,1,True
upgrade/oracle_shape_test.csv,Co-culture | PET100,mean_vs_oracleDIST,0.0001384168013672,0.0336248580359061,0.0334864412345389,241.92468619256815,0.0334864412345389,0,1,True
upgrade/class_c_protein_oracle.csv,Co-culture | FSTL3,energy_rho,0.0007465240877087,0.1631158027392626,0.1623692786515539,217.50038789761297,0.1623692786515539,0,1,True
upgrade/oracle_shape_test.csv,Control | NPC1,energy_vs_oracleMEAN,-0.0029376842546737,0.4549700060327987,0.4579076902874724,155.87369185744367,0.4579076902874724,1,1,True
upgrade/class_c_protein_oracle.csv,Control | LEF1-AS1,energy_rho_partial_magmatch,0.0021158876715537,0.3301427090667046,0.32802682139515094,155.030357142863,0.32802682139515094,0,1,True
upgrade/oracle_shape_test.csv,Control | HASPIN,energy_vs_oracleMEAN,-0.0022720603330256,0.2804950045198914,0.282767064852917,124.45403000208579,0.282767064852917,1,1,True
upgrade/class_c_protein_oracle.csv,Control | SPESP1,energy_rho,-0.0035378145651158,0.4125892797543555,0.4161270943194713,117.6226415094344,0.4161270943194713,1,1,True
upgrade/oracle_shape_test.csv,Control | RNF213,energy_vs_oracleMEAN,0.0047897147707851,0.4909778801576336,0.4861881653868485,101.50670523271171,0.4861881653868485,0,1,True
upgrade/class_c_protein_oracle.csv,IFNγ | NCL,energy_rho,-0.0008145231504944,0.0809455121957558,0.0817600353462502,100.37779195916461,0.0817600353462502,1,1,True
upgrade/class_c_protein_oracle.csv,IFNγ | TXNDC17,energy_rho,0.0009299182617961,0.0894358894390082,0.0885059711772121,95.17607602012927,0.0885059711772121,0,1,True
upgrade/oracle_shape_test.csv,IFNγ | STX7,energy_vs_oracleMEAN,-0.0013644692214728,0.1205395501150052,0.121904019336478,89.34171428571729,0.121904019336478,1,1,True
upgrade/class_c_protein_oracle.csv,Control | ARMC6,energy_rho,0.0028640050982817,0.2324718227994453,0.22960781770116362,80.17018469657057,0.22960781770116362,0,1,True
upgrade/oracle_shape_test.csv,Control | HNRNPC,energy_vs_oracleMEAN,0.0066461543111841,0.4207115176078378,0.4140653632966537,62.30149706272506,0.4140653632966537,0,1,True
upgrade/oracle_shape_test.csv,Control | TFAP2A,energy_vs_oracleMEAN,0.0074207203338064,0.4656779089991977,0.4582571886653913,61.75373387644322,0.4582571886653913,0,1,True
upgrade/class_c_protein_oracle.csv,Control | SPINT1,energy_rho,0.0081763970766739,0.5121632054690658,0.5039868083923918,61.63922858274516,0.5039868083923918,0,1,True
upgrade/oracle_shape_test.csv,Control | CTSD,energy_vs_oracleMEAN,0.0060088690958232,0.3742463724491273,0.3682375033533041,61.282330748271434,0.3682375033533041,0,1,True
upgrade/class_c_protein_oracle.csv,Control | NPC1,energy_rho,0.0084358426333733,0.4665607883192925,0.45812494568591916,54.30695730068704,0.45812494568591916,0,1,True
upgrade/class_c_protein_oracle.csv,IFNγ | VAT1,energy_rho_partial_magmatch,-0.0015755071277273,0.0833584135771185,0.0849339207048458,53.90894094358345,0.0849339207048458,1,1,True
upgrade/class_c_protein_oracle.csv,Control | SPINT1,energy_rho_partial_magmatch,-0.0099031099770401,0.5230978106859884,0.5330009206630285,53.8215693755564,0.5330009206630285,1,1,True
upgrade/class_c_protein_oracle.csv,Control | CTSD,energy_rho,0.0070340670509689,0.3492272601899513,0.34219319313898244,48.64798567591809,0.34219319313898244,0,1,True
upgrade/oracle_shape_test.csv,Control | NGFR,energy_vs_oracleMEAN,0.0083804265276897,0.415204043109986,0.40682361658229627,48.54450012038332,0.40682361658229627,0,1,True
upgrade/oracle_shape_test.csv,Control | TAPBP,energy_vs_oracleMEAN,0.0069307915812859,0.3416617023071991,0.3347309107259132,48.296202071597875,0.3347309107259132,0,1,True
upgrade/oracle_shape_test.csv,Control | TFAP2A,magmatch_vs_oracleDIST,0.006478646537186,0.3024434724235604,0.2959648258863744,45.68312597200691,0.2959648258863744,0,1,True
upgrade/class_c_protein_oracle.csv,Control | TM4SF1,energy_rho,-0.0104786818019806,0.4668140861487947,0.4772927679507753,45.54893229609864,0.4772927679507753,1,1,True
upgrade/oracle_shape_test.csv,Control | SPESP1,energy_vs_oracleMEAN,-0.0090957980737865,0.4023813811960559,0.4114771792698424,45.238161174190196,0.4114771792698424,1,1,True
upgrade/oracle_shape_test.csv,Control | TRIM22,energy_vs_oracleMEAN,-0.0100328372015996,0.4417667673184187,0.45179960452001827,45.03208767784899,0.45179960452001827,1,1,True
upgrade/class_c_protein_oracle.csv,Control | PIK3IP1,energy_rho,-0.0112872531621815,0.4936643018263384,0.50495155498852,44.73644275831299,0.50495155498852,1,1,True
upgrade/class_c_protein_oracle.csv,Control | WBP2,energy_rho,0.0091386253648509,0.4172920919957733,0.4081534666309224,44.66245746332567,0.4081534666309224,0,1,True
upgrade/oracle_shape_test.csv,Control | SGK1,energy_vs_oracleMEAN,-0.0094383733352733,0.3944896239639392,0.4039279972992125,42.796357269493015,0.4039279972992125,1,1,True
upgrade/class_c_protein_oracle.csv,Control | TAPBP,energy_rho,0.0081688377605344,0.3490534551312165,0.3408846173706821,41.72987974098064,0.3408846173706821,0,1,True
upgrade/oracle_shape_test.csv,IFNγ | NMRK1,energy_vs_oracleMEAN,0.0024456492782996,0.1043754250972512,0.1019297758189516,41.67800212539914,0.1019297758189516,0,1,True
upgrade/oracle_shape_test.csv,IFNγ | PFN1,energy_vs_oracleMEAN,-0.0039904877002845,0.1597593336192221,0.1637498213195066,41.03503972906172,0.1637498213195066,1,1,True
upgrade/oracle_shape_test.csv,IFNγ | TMEM173,energy_vs_oracleMEAN,-0.0040726157524722,0.1603467051317037,0.1644193208841759,40.37192086790129,0.1644193208841759,1,1,True
upgrade/class_c_protein_oracle.csv,IFNγ | NUP50-AS1,energy_rho_partial_magmatch,0.0018561979390017,0.076264213221057,0.0744080152820553,40.08625035004263,0.0744080152820553,0,1,True
upgrade/oracle_shape_test.csv,IFNγ | FMN1,mean_vs_oracleDIST,0.0009434330045612,0.0352448897378919,0.0343014567333307,36.358126721764044,0.0343014567333307,0,1,True
upgrade/class_c_protein_oracle.csv,Control | NGFR,energy_rho,0.011338890897023,0.4098791865163267,0.3985402956193037,35.14808452067737,0.3985402956193037,0,1,True
upgrade/oracle_shape_test.csv,IFNγ | TXNDC17,energy_vs_oracleMEAN,0.0027554481306771,0.0970228581081959,0.0942674099775188,34.21128089039888,0.0942674099775188,0,1,True
upgrade/class_c_protein_oracle.csv,IFNγ | SLC19A1,energy_rho_partial_magmatch,0.0014372409132847,0.0505404597611529,0.0491032188478682,34.1649186256789,0.0491032188478682,0,1,True
upgrade/class_c_protein_oracle.csv,Control | SGK1,energy_rho,-0.0122230296740651,0.3881797446576985,0.4004027743317636,32.75806285419896,0.4004027743317636,1,1,True
upgrade/class_c_protein_oracle.csv,IFNγ | NDUFA13,energy_rho,0.0003851701688043,-0.0115972116999241,-0.011982381868728399,-31.109319566273296,0.011982381868728399,1,1,True
upgrade/class_c_protein_oracle.csv,Control | ST6GALNAC2,energy_rho_partial_magmatch,-0.0091990735434695,0.2707379032308849,0.2799369767743544,30.43099671412933,0.2799369767743544,1,1,True
upgrade/class_c_protein_oracle.csv,Control | ENPP1,energy_rho_partial_magmatch,-0.0084421399181101,0.2460487686919154,0.2544909086100255,30.14530807101301,0.2544909086100255,1,1,True
upgrade/oracle_shape_test.csv,Control | PIK3IP1,energy_vs_oracleMEAN,-0.0169623661669561,0.488770052128923,0.5057324182958791,29.814968814968864,0.5057324182958791,1,1,True
upgrade/class_c_protein_oracle.csv,Control | DAG1,energy_rho_partial_magmatch,-0.0130492334315289,0.3704151044152782,0.3834643378468071,29.385966605540208,0.3834643378468071,1,1,True
upgrade/oracle_shape_test.csv,Control | WBP2,energy_vs_oracleMEAN,0.0144812405402953,0.4202669293054221,0.4057856887651268,28.02147285904085,0.4057856887651268,0,1,True
upgrade/class_c_protein_oracle.csv,IFNγ | WNT7A,energy_rho_partial_magmatch,0.0039218743908619,-0.1040609203020025,-0.1079827946928644,-27.533465871438406,0.1079827946928644,1,1,True
upgrade/oracle_shape_test.csv,Control | TIMP1,magmatch_vs_oracleDIST,-0.0108917836807125,0.2622076013264601,0.27309938500717257,25.073889916743866,0.27309938500717257,1,1,True
upgrade/class_c_protein_oracle.csv,Control | JMJD7,energy_rho_partial_magmatch,0.0212407414171157,0.5297855270764351,0.5085447856593194,23.941950785650832,0.5085447856593194,0,1,True
upgrade/class_c_protein_oracle.csv,Control | TGFB1,energy_rho_partial_magmatch,-0.0168792420084308,0.3749176630020667,0.39179690501049746,23.211759438889718,0.39179690501049746,1,1,True
upgrade/class_c_protein_oracle.csv,IFNγ | TMEM173,energy_rho,0.0070468987563837,0.1703289020570998,0.1632820033007161,23.170760492734612,0.1632820033007161,0,1,True
upgrade/class_c_protein_oracle.csv,Control | P2RX4,energy_rho_partial_magmatch,-0.0159094601589686,0.3525736372990694,0.368483097458038,23.161257124762585,0.368483097458038,1,1,True
upgrade/class_c_protein_oracle.csv,Control | HASPIN,energy_rho,0.0123886521633862,0.2873942213596341,0.2750055691962479,22.198183108975144,0.2750055691962479,0,1,True
upgrade/class_c_protein_oracle.csv,Co-culture | SERPINF1,energy_rho_partial_magmatch,0.0062426556566429,0.1375254898304191,0.1312828341737762,21.029965673995846,0.1312828341737762,0,1,True
upgrade/class_c_protein_oracle.csv,IFNγ | RAB27A,energy_rho_partial_magmatch,0.0075230335399529,0.1636775694254935,0.1561545358855406,20.75685759690475,0.1561545358855406,0,1,True
upgrade/class_c_protein_oracle.csv,Control | PROS1,energy_rho_partial_magmatch,0.0168603501542205,0.3651442770906041,0.3482839269363836,20.656980652872196,0.3482839269363836,0,1,True
upgrade/class_c_protein_oracle.csv,IFNγ | FRZB,energy_rho,0.0027668836822476,0.0595589515678401,0.056792067885592504,20.525643434153714,0.056792067885592504,0,1,True
upgrade/class_c_protein_oracle.csv,Control | GPNMB,energy_rho,-0.0061083661946641,0.1187101145727985,0.12481848076746259,20.434020618556968,0.12481848076746259,1,1,True
upgrade/class_c_protein_oracle.csv,Control | SLC7A5P1,energy_rho_partial_magmatch,-0.0267584223034711,0.5130952036101074,0.5398536259135785,20.17509178198256,0.5398536259135785,1,1,True
upgrade/class_c_protein_oracle.csv,Control | MT2A,energy_rho_partial_magmatch,-0.0079081301724322,0.1513892439857782,0.15929737415821038,20.143494186972568,0.15929737415821038,1,1,True
upgrade/class_c_protein_oracle.csv,Co-culture | NSG1,energy_rho,0.0009388018201519,0.0198179268869713,0.0188791250668194,20.109808760026393,0.0188791250668194,0,1,True
upgrade/class_c_protein_oracle.csv,Co-culture | PUF60,energy_rho_partial_magmatch,0.0003086868415428,0.0064870568707725,0.0061783700292297,20.015009380868143,0.0061783700292297,0,1,True
upgrade/class_c_protein_oracle.csv,Control | NUP50-AS1,energy_rho_partial_magmatch,0.02083897465091,0.4376902567151096,0.4168512820641996,20.00344494137558,0.4168512820641996,0,1,True
upgrade/oracle_shape_test.csv,Co-culture | GPATCH4,energy_vs_oracleMEAN,-0.0001256755058439,-0.0026183362300475,-0.0024926607242035997,-19.83410138248978,0.0024926607242035997,0,1,True
upgrade/class_c_protein_oracle.csv,Control | HASPIN,energy_rho_partial_magmatch,0.0109585348989222,0.2262652189628876,0.2153066840639654,19.647396850936833,0.2153066840639654,0,1,True
upgrade/class_c_protein_oracle.csv,IFNγ | LGALS3,energy_rho,0.0077278338726235,0.1575289222067866,0.1498010883341631,19.384615508473342,0.1498010883341631,0,1,True
upgrade/oracle_shape_test.csv,Co-culture | UBC,magmatch_vs_oracleDIST,-0.0079557807547364,0.146145555401759,0.1541013361564954,19.369731382397966,0.1541013361564954,1,1,True
upgrade/class_c_protein_oracle.csv,Control | TFAP2A,energy_rho,0.0244863696803289,0.4806591493879669,0.456172779707638,18.62966154897612,0.456172779707638,0,1,True
upgrade/oracle_shape_test.csv,Control | MDH2,energy_vs_oracleMEAN,-0.0233326994066698,0.4036693030257718,0.42700200243244163,18.300583013998818,0.42700200243244163,1,1,True
upgrade/oracle_shape_test.csv,Control | UQCRFS1,mean_vs_oracleDIST,0.0051637734841491,0.0988018786059826,0.09363810512183349,18.133658536585365,0.09363810512183349,0,1,True
upgrade/class_c_protein_oracle.csv,Control | ST6GALNAC2,energy_rho,-0.0212155589581905,0.3595787368402492,0.3807942957984397,17.94882220868519,0.3807942957984397,1,1,True
upgrade/class_c_protein_oracle.csv,IFNγ | KCNN4,energy_rho,0.0052982989617038,0.099630163866256,0.0943318649045522,17.804179338762236,0.0943318649045522,0,1,True
upgrade/oracle_shape_test.csv,Control | CTSL,magmatch_vs_oracleDIST,0.0026171515366004,-0.0424159910729691,-0.045033142609569504,-17.206929740135028,0.045033142609569504,1,1,True
upgrade/oracle_shape_test.csv,Control | SSR2,magmatch_vs_oracleDIST,0.0102809470612461,0.184745961236434,0.1744650141751879,16.969741516599335,0.1744650141751879,0,1,True
upgrade/class_c_protein_oracle.csv,Control | AHNAK,energy_rho,0.0050630169283608,0.088512115346105,0.0834490984177442,16.482089552238897,0.0834490984177442,0,1,True
upgrade/class_c_protein_oracle.csv,Control | CGAS,energy_rho_partial_magmatch,0.0139913072281493,0.2440676429137284,0.23007633568557911,16.444234404536942,0.23007633568557911,0,1,True
upgrade/class_c_protein_oracle.csv,Co-culture | CD274,energy_rho,0.0027886062702231,0.0486144130693259,0.0458258067991028,16.433229491173936,0.0458258067991028,0,1,True
upgrade/oracle_shape_test.csv,Control | ARMC6,energy_vs_oracleMEAN,0.0133011248209996,0.2310386335391716,0.217737508718172,16.36985680898292,0.217737508718172,0,1,True
upgrade/oracle_shape_test.csv,IFNγ | JAK1,magmatch_vs_oracleDIST,0.0046100866762829,0.0777861811755227,0.0731760944992398,15.873040929078906,0.0731760944992398,0,1,True
upgrade/oracle_shape_test.csv,Control | UQCRH,magmatch_vs_oracleDIST,-0.0146336302712996,0.2160548014906932,0.2306884317619928,15.764265427317342,0.2306884317619928,1,1,True
upgrade/class_c_protein_oracle.csv,Control | TRIM22,energy_rho,-0.0303365394909023,0.4282783349475373,0.4586148744384396,15.117573794993156,0.4586148744384396,1,1,True
exp12_partial_observed_retrieval/summary.csv,leave_MoA_out | mean_or_no_call | cmap_reverse,target_mrr,0.0115467580256312,0.1858542559706062,0.174307497944975,15.095795508839075,0.174307497944975,0,1,True
upgrade/oracle_shape_test.csv,Co-culture | CCND1,magmatch_vs_oracleDIST,0.0074542370309538,0.1195104562600011,0.11205621922904731,15.03255380312333,0.11205621922904731,0,1,True
upgrade/oracle_shape_test.csv,IFNγ | EVA1A,energy_vs_oracleMEAN,-0.0036349469507224,0.0508679323743063,0.0545028793250287,14.994133357076075,0.0545028793250287,1,1,True
upgrade/oracle_shape_test.csv,IFNγ | NPC1,magmatch_vs_oracleDIST,-0.0084992138058295,0.1159372604057021,0.1244364742115316,14.640939392086153,0.1244364742115316,1,1,True
upgrade/oracle_shape_test.csv,Control | TTLL1,energy_vs_oracleMEAN,-0.0346344472288964,0.4676856306307814,0.5023200778596778,14.503481881488767,0.5023200778596778,1,1,True
upgrade/oracle_shape_test.csv,Control | CKS1B,mean_vs_oracleDIST,0.0108930431376599,-0.1441032855453385,-0.1549963286829984,-14.22892819979188,0.1549963286829984,1,1,True
upgrade/oracle_shape_test.csv,Control | UCN2,energy_vs_oracleMEAN,-0.0319555814583965,0.4215175700541441,0.4534731515125406,14.19073385045191,0.4534731515125406,1,1,True
upgrade/class_c_protein_oracle.csv,Control | STOM,energy_rho,0.0360393605485186,0.5107420691184147,0.4747027085698961,13.171784996873614,0.4747027085698961,0,1,True
upgrade/oracle_shape_test.csv,Control | NEAT1,energy_vs_oracleMEAN,0.0203339324150212,0.2864307367949087,0.26609680437988753,13.086342520904365,0.26609680437988753,0,1,True
upgrade/class_c_protein_oracle.csv,Control | SET,energy_rho_partial_magmatch,0.0267823519854709,0.3765914812850995,0.3498091292996286,13.061180343287095,0.3498091292996286,0,1,True
upgrade/oracle_shape_test.csv,IFNγ | TIMP1,magmatch_vs_oracleDIST,0.0109089992356375,0.1531797330838304,0.1422707338481929,13.041593529810058,0.1422707338481929,0,1,True
upgrade/class_c_protein_oracle.csv,Control | MDH2,energy_rho,-0.0330960096625537,0.3943724944678353,0.427468504130389,12.916013395235556,0.427468504130389,1,1,True
upgrade/class_c_protein_oracle.csv,IFNγ | STX7,energy_rho,0.0098049458760542,0.1351957688459189,0.1253908229698647,12.788527805757319,0.1253908229698647,0,1,True
upgrade/class_c_protein_oracle.csv,IFNγ | NMRK1,energy_rho_partial_magmatch,-0.0089899029277611,0.1052367029225631,0.1142266058503242,12.706100028910088,0.1142266058503242,1,1,True
upgrade/class_c_protein_oracle.csv,Control | PSAP,energy_rho_partial_magmatch,0.0180832828501006,0.2473057067253741,0.2292224238752735,12.675929795236174,0.2292224238752735,0,1,True
upgrade/oracle_shape_test.csv,Co-culture | LAMP2,energy_vs_oracleMEAN,0.0071623455335098,0.0961348121730337,0.08897246663952389,12.422252769467304,0.08897246663952389,0,1,True
upgrade/oracle_shape_test.csv,Control | GPNMB,energy_vs_oracleMEAN,0.0098476938713565,0.1311737005238081,0.1213260066524516,12.32024555569772,0.1213260066524516,0,1,True
upgrade/class_c_protein_oracle.csv,Control | NT5E,energy_rho_partial_magmatch,0.0436893020467434,0.5745529242701133,0.5308636222233699,12.150883565395398,0.5308636222233699,0,1,True
upgrade/class_c_protein_oracle.csv,Control | STOM,energy_rho_partial_magmatch,-0.0420167432206581,0.4659940326929834,0.5080107759136415,12.090674739965833,0.5080107759136415,1,1,True
upgrade/oracle_shape_test.csv,Co-culture | JAK1,magmatch_vs_oracleDIST,-0.0048677540397146,0.0519549490956286,0.056822703135343204,11.673289708506875,0.056822703135343204,1,1,True
upgrade/oracle_shape_test.csv,Control | STOM,energy_vs_oracleMEAN,0.0410091776627753,0.5189291715825118,0.47791999391973655,11.653976528126101,0.47791999391973655,0,1,True
upgrade/class_c_protein_oracle.csv,Control | TGFB1,energy_rho,0.0379361027112329,0.4754991542746599,0.437563051563427,11.534212011553427,0.437563051563427,0,1,True
upgrade/oracle_shape_test.csv,Control | ATP5MD,energy_vs_oracleMEAN,0.033260998522657,0.416877730660094,0.38361673213743697,11.533530235904426,0.38361673213743697,0,1,True
upgrade/oracle_shape_test.csv,Co-culture | JAK2,magmatch_vs_oracleDIST,0.0053889888565787,0.0666398713360812,0.06125088247950249,11.365932294465487,0.06125088247950249,0,1,True
upgrade/oracle_shape_test.csv,Control | NUP50-AS1,energy_vs_oracleMEAN,0.0418782029564492,0.5177559870666583,0.4758777841102091,11.363376422935177,0.4758777841102091,0,1,True
upgrade/class_c_protein_oracle.csv,IFNγ | SP100,energy_rho_partial_magmatch,-0.0131753148025418,0.1360960586331916,0.1492713734357334,11.329624807669548,0.1492713734357334,1,1,True
upgrade/class_c_protein_oracle.csv,Control | PET100,energy_rho,-0.034978897798847,0.352546669979057,0.387525567777904,11.078838733182666,0.387525567777904,1,1,True
upgrade/class_c_protein_oracle.csv,Control | ENPP1,energy_rho,-0.0327307671478212,0.3291377660564444,0.3618685332042656,11.055913586441992,0.3618685332042656,1,1,True
upgrade/oracle_shape_test.csv,IFNγ | ROMO1,energy_vs_oracleMEAN,0.0166298909724117,0.2002485674365493,0.1836186764641376,11.041484082412408,0.1836186764641376,0,1,True
upgrade/class_c_protein_oracle.csv,Control | PROS1,energy_rho,0.0395759156566871,0.474441210438883,0.4348652947821959,10.988129713903845,0.4348652947821959,0,1,True
upgrade/class_c_protein_oracle.csv,Control | UCN2,energy_rho_partial_magmatch,0.029797491917435,0.3552587995108269,0.32546130759339187,10.922439663552996,0.32546130759339187,0,1,True
upgrade/oracle_shape_test.csv,Control | ENPP1,energy_vs_oracleMEAN,-0.0336356975551745,0.3317410643863097,0.36537676194148416,10.862767491060245,0.36537676194148416,1,1,True
upgrade/class_c_protein_oracle.csv,Control | UCN2,energy_rho,-0.0425658664497042,0.4187077216045984,0.46127358805430263,10.836701482380095,0.46127358805430263,1,1,True
upgrade/class_c_protein_oracle.csv,Control | NEAT1,energy_rho,0.0255153382964333,0.2991526056125975,0.27363726731616417,10.724422468441853,0.27363726731616417,0,1,True
upgrade/class_c_protein_oracle.csv,Control | RNF213,energy_rho_partial_magmatch,-0.0468983983486,0.4531626853133466,0.5000610836619466,10.662647366866299,0.5000610836619466,1,1,True
upgrade/class_c_protein_oracle.csv,Control | STX7,energy_rho,-0.0402459594246944,0.3852426910564702,0.4254886504811646,10.572207907661166,0.4254886504811646,1,1,True
upgrade/oracle_shape_test.csv,Control | LCP1,energy_vs_oracleMEAN,-0.0423429425700226,0.4022289869054261,0.44457192947544866,10.499315883402748,0.44457192947544866,1,1,True
upgrade/class_c_protein_oracle.csv,Control | NMRK1,energy_rho,0.0303982528813226,0.3412952003355193,0.3108969474541967,10.227461054027192,0.3108969474541967,0,1,True
upgrade/class_c_protein_oracle.csv,Control | TIMP3,energy_rho,-0.042868136117069,0.3923624011798592,0.43523053729692823,10.152774921409062,0.43523053729692823,1,1,True
upgrade/class_c_protein_oracle.csv,IFNγ | NMRK1,energy_rho,-0.009156760400962,0.0821193009960299,0.0912760613969919,9.968160943405545,0.0912760613969919,1,1,True
upgrade/class_c_protein_oracle.csv,Control | NUP50-AS1,energy_rho,0.0484336763674239,0.5217728619773726,0.4733391856099487,9.772935302683585,0.4733391856099487,0,1,True
exp12_partial_observed_retrieval/recommendation_vs_outcome.csv,mean_sufficient | DART_coverage_mean,mean_regret_reduction,0.0921994989568537,-0.8003299019553445,-0.8925294009121982,-9.68041487220958,0.8925294009121982,1,1,True
upgrade/oracle_shape_test.csv,Co-culture | TPRKB,magmatch_vs_oracleDIST,0.0104438082805679,0.1103598894750528,0.0999160811944849,9.567016026174295,0.0999160811944849,0,1,True
upgrade/class_c_protein_oracle.csv,IFNγ | MRPL47,energy_rho,-0.0128384858290125,0.1097371122633295,0.12257559809234199,9.547512045022069,0.12257559809234199,1,1,True
upgrade/oracle_shape_test.csv,Control | PROS1,energy_vs_oracleMEAN,0.0453039258532505,0.4738794926403633,0.4285755667871128,9.460009452058625,0.4285755667871128,0,1,True
upgrade/oracle_shape_test.csv,IFNγ | SLIRP,mean_vs_oracleDIST,-0.0124403207152417,0.1051410601276103,0.11758138084285201,9.451635816654871,0.11758138084285201,1,1,True
upgrade/oracle_shape_test.csv,Co-culture | SLC5A3,energy_vs_oracleMEAN,-0.0120190957270907,0.0997799809923036,0.1117990767193943,9.301787693345545,0.1117990767193943,1,1,True
upgrade/class_c_protein_oracle.csv,Control | LGALS3,energy_rho_partial_magmatch,-0.0479676772969031,0.3971735267187494,0.4451412040156525,9.280024155857799,0.4451412040156525,1,1,True
upgrade/class_c_protein_oracle.csv,Control | LCP1,energy_rho,-0.0487340721939865,0.4018990091852195,0.450633081379206,9.246776661417831,0.450633081379206,1,1,True
upgrade/oracle_shape_test.csv,Control | SHMT2,energy_vs_oracleMEAN,-0.0495980599319098,0.4085345867453023,0.4581326466772121,9.236906590825425,0.4581326466772121,1,1,True
upgrade/class_c_protein_oracle.csv,Control | CTSO,energy_rho,0.0179189293605019,0.1826703761871956,0.16475144682669368,9.194268447190256,0.16475144682669368,0,1,True
upgrade/class_c_protein_oracle.csv,Control | TTLL1,energy_rho,-0.0560357761453139,0.4588390577750685,0.5148748339203824,9.18832341297801,0.5148748339203824,1,1,True
upgrade/class_c_protein_oracle.csv,Control | SHMT2,energy_rho,-0.0493757501640442,0.4018662633045883,0.4512420134686325,9.13893990409143,0.4512420134686325,1,1,True
upgrade/oracle_shape_test.csv,Co-culture | RRS1,energy_vs_oracleMEAN,-0.0136395568577416,0.1103077659933664,0.123947322851108,9.087342363381653,0.123947322851108,1,1,True
upgrade/oracle_shape_test.csv,Control | SP100,energy_vs_oracleMEAN,0.0442510337783332,0.4442671408941892,0.400016107115856,9.03970083771732,0.400016107115856,0,1,True
upgrade/class_c_protein_oracle.csv,IFNγ | PFN1,energy_rho,-0.0190157628682442,0.151406182994815,0.1704219458630592,8.96214088511059,0.1704219458630592,1,1,True
upgrade/oracle_shape_test.csv,Control | CD274,mean_vs_oracleDIST,0.0190933673218781,-0.150896796319363,-0.16999016364124112,-8.903100263852265,0.16999016364124112,1,1,True
upgrade/class_c_protein_oracle.csv,Control | ATP5MD,energy_rho,0.0441452254616854,0.4328400880108515,0.3886948625491661,8.804912841288415,0.3886948625491661,0,1,True
upgrade/class_c_protein_oracle.csv,Control | SP100,energy_rho,0.0464966315823942,0.4552206379653221,0.4087240063829279,8.790400346714362,0.4087240063829279,0,1,True
upgrade/class_c_protein_oracle.csv,Control | SEC11C,energy_rho,-0.0467623769982858,0.3631336684119777,0.4098960454102635,8.765509191829349,0.4098960454102635,1,1,True
upgrade/oracle_shape_test.csv,Control | CTSO,energy_vs_oracleMEAN,0.0207306613534376,0.2013355281469735,0.1806048667935359,8.711968408262463,0.1806048667935359,0,1,True
upgrade/oracle_shape_test.csv,Control | PET100,energy_vs_oracleMEAN,-0.0451653855890417,0.3431453425911815,0.3883107281802232,8.597529349432534,0.3883107281802232,1,1,True
upgrade/class_c_protein_oracle.csv,Control | PIK3IP1,energy_rho_partial_magmatch,-0.0534853581832585,0.4055023155115976,0.4589876736948561,8.58155744460405,0.4589876736948561,1,1,True
upgrade/oracle_shape_test.csv,Control | RPSA,energy_vs_oracleMEAN,-0.0311854134734185,0.2364063663029774,0.2675917797763959,8.580671216832927,0.2675917797763959,1,1,True
upgrade/class_c_protein_oracle.csv,Control | S100A6,energy_rho,-0.0337547056460195,0.2543007306109751,0.2880554362569946,8.533786052759234,0.2880554362569946,1,1,True
upgrade/oracle_shape_test.csv,Control | UQCRFS1,magmatch_vs_oracleDIST,-0.0198654144306058,0.148516422688865,0.1683818371194708,8.476130095733218,0.1683818371194708,1,1,True
upgrade/oracle_shape_test.csv,Control | PSMB8-AS1,energy_vs_oracleMEAN,-0.0589929634140351,0.4401852409278167,0.4991782043418518,8.461656703672078,0.4991782043418518,1,1,True
upgrade/oracle_shape_test.csv,Control | TIMP3,energy_vs_oracleMEAN,-0.0528820783054762,0.3901394596677804,0.4430215379732566,8.377536438982572,0.4430215379732566,1,1,True
upgrade/oracle_shape_test.csv,Control | CGAS,energy_vs_oracleMEAN,0.0306356701619771,0.2842141820564623,0.2535785118944852,8.277230775555534,0.2535785118944852,0,1,True
upgrade/class_c_protein_oracle.csv,Control | RPSA,energy_rho,-0.0328012967368729,0.2373617391342797,0.2701630358711526,8.236352301506862,0.2701630358711526,1,1,True
upgrade/class_c_protein_oracle.csv,Control | PSMB8-AS1,energy_rho,-0.0602486419905465,0.4344899766118845,0.49473861860243096,8.211614440704896,0.49473861860243096,1,1,True
upgrade/oracle_shape_test.csv,IFNγ | VDAC2,energy_vs_oracleMEAN,-0.0153002482034488,0.1096383506815848,0.1249385988850336,8.165789026668955,0.1249385988850336,1,1,True
upgrade/class_c_protein_oracle.csv,Co-culture | TRIM22,energy_rho,-0.0127210252804677,0.0904857850578194,0.1032068103382871,8.113089005235638,0.1032068103382871,1,1,True
upgrade/oracle_shape_test.csv,IFNγ | FRZB,energy_vs_oracleMEAN,0.0072880849349603,0.0659535040869102,0.058665419151949894,8.049497182797234,0.058665419151949894,0,1,True
upgrade/class_c_protein_oracle.csv,Control | CGAS,energy_rho,0.0287697750483946,0.2602466268594308,0.2314768518110362,8.04583461016505,0.2314768518110362,0,1,True
upgrade/oracle_shape_test.csv,Control | PSAP,energy_vs_oracleMEAN,-0.0445935921349432,0.3136538987119533,0.3582474908468965,8.033609173327315,0.3582474908468965,1,1,True
upgrade/class_c_protein_oracle.csv,Control | PSAP,energy_rho,-0.0456162711761942,0.3202635287716642,0.3658797999478584,8.020817802810686,0.3658797999478584,1,1,True
upgrade/class_c_protein_oracle.csv,Control | LY96,energy_rho_partial_magmatch,-0.0436955993314802,0.3067734854085615,0.3504690847400417,8.020695221075698,0.3504690847400417,1,1,True
upgrade/class_c_protein_oracle.csv,IFNγ | SLC25A13,energy_rho,-0.0164105363013787,0.1140982454480683,0.130508781749447,7.952743246939623,0.130508781749447,1,1,True
upgrade/oracle_shape_test.csv,Co-culture | PABPC1,mean_vs_oracleDIST,-0.0120573196136607,0.0836274931674802,0.0956848127811409,7.935827849560521,0.0956848127811409,1,1,True
upgrade/oracle_shape_test.csv,Control | IFNGR1,magmatch_vs_oracleDIST,-0.0195719609618724,0.1331743898165383,0.1527463507784107,7.804345771789126,0.1527463507784107,1,1,True
upgrade/oracle_shape_test.csv,Control | NDUFA13,magmatch_vs_oracleDIST,0.0309310031700531,0.2687958206180659,0.2378648174480128,7.6901746813795455,0.2378648174480128,0,1,True
upgrade/oracle_shape_test.csv,Control | TGFB1,energy_vs_oracleMEAN,0.0571755670390041,0.4927386009700337,0.4355630339310296,7.617992378350994,0.4355630339310296,0,1,True
upgrade/class_c_protein_oracle.csv,Control | SCARB2,energy_rho,0.0530445482516848,0.4552251893987922,0.4021806411471074,7.581941111815073,0.4021806411471074,0,1,True
upgrade/oracle_shape_test.csv,Control | JMJD7,energy_vs_oracleMEAN,-0.0680346048390854,0.4456991434433301,0.5137337482824155,7.551065365889787,0.5137337482824155,1,1,True
upgrade/class_c_protein_oracle.csv,Control | JMJD7,energy_rho,-0.0682499719770829,0.4453187874452293,0.5135687594223122,7.524820077505076,0.5135687594223122,1,1,True
upgrade/class_c_protein_oracle.csv,IFNγ | SERPINF1,energy_rho_partial_magmatch,0.0100191025691006,0.0853034969396904,0.0752843943705898,7.514085603112851,0.0752843943705898,0,1,True
upgrade/oracle_shape_test.csv,Control | HLA-B,magmatch_vs_oracleDIST,-0.0289234287959717,0.1836817201159204,0.2126051489118921,7.350620509470946,0.2126051489118921,1,1,True
upgrade/class_c_protein_oracle.csv,IFNγ | HNRNPC,energy_rho,-0.0178004756149857,0.1123433784257923,0.130143854040778,7.311257117827441,0.130143854040778,1,1,True
upgrade/oracle_shape_test.csv,Control | SCARB2,energy_vs_oracleMEAN,0.0555420513782867,0.4600821417821064,0.40454009040381966,7.283492063492064,0.40454009040381966,0,1,True
upgrade/oracle_shape_test.csv,Co-culture | RRS1,magmatch_vs_oracleDIST,0.0202685054286606,0.1677235185203417,0.1474550130916811,7.275080721204679,0.1474550130916811,0,1,True
upgrade/oracle_shape_test.csv,Control | PFN1,magmatch_vs_oracleDIST,-0.0390796896194298,0.2441381725027802,0.28321786212221,7.2471881143446595,0.28321786212221,1,1,True
exp09_predict_then_rank/runtime.csv,scgen,per_query_ms,159.64290220694645,1311.9603583885892,1152.3174561816427,7.218093884862378,1152.3174561816427,0,1,True
upgrade/class_c_protein_oracle.csv,IFNγ | ROMO1,energy_rho,0.0256847686250048,0.2079518667238444,0.1822670980988396,7.09631068747093,0.1822670980988396,0,1,True
upgrade/oracle_shape_test.csv,IFNγ | CTPS1,mean_vs_oracleDIST,0.0188327989377415,0.1515444492092575,0.132711650271516,7.046836251490893,0.132711650271516,0,1,True
upgrade/class_c_protein_oracle.csv,Control | TIMP3,energy_rho_partial_magmatch,-0.0497724791024606,0.3009144916894734,0.35068697079193395,7.045800754067664,0.35068697079193395,1,1,True
upgrade/oracle_shape_test.csv,Control | FOXM1,magmatch_vs_oracleDIST,0.0342068506901194,0.2722467326538143,0.2380398819636949,6.958836524300449,0.2380398819636949,0,1,True
upgrade/oracle_shape_test.csv,Control | CD58,energy_vs_oracleMEAN,-0.0238868679846269,0.1418148522719973,0.16570172025662422,6.936937917656951,0.16570172025662422,1,1,True
upgrade/class_c_protein_oracle.csv,Control | SLC7A5P1,energy_rho,-0.075619708114467,0.4445198019755438,0.5201395100900108,6.878359134931673,0.5201395100900108,1,1,True
upgrade/oracle_shape_test.csv,Control | SINHCAF,magmatch_vs_oracleDIST,-0.031924714701515,0.1873769667994554,0.2193016815009704,6.869338803850402,0.2193016815009704,1,1,True
upgrade/oracle_shape_test.csv,Control | SLC7A5P1,energy_vs_oracleMEAN,-0.0772198243561341,0.4446248266672376,0.5218446510233717,6.757910360125263,0.5218446510233717,1,1,True
upgrade/class_c_protein_oracle.csv,Control | GPNMB,energy_rho_partial_magmatch,-0.0157721793517071,0.0906972731497632,0.1064694525014703,6.7504591551545206,0.1064694525014703,1,1,True
upgrade/oracle_shape_test.csv,Control | SLC26A2,energy_vs_oracleMEAN,-0.0706782049715803,0.4049980305235985,0.4756762354951788,6.730168595629277,0.4756762354951788,1,1,True
upgrade/oracle_shape_test.csv,Co-culture | VDAC2,energy_vs_oracleMEAN,0.0150306746689724,0.1157981060643354,0.100767431395363,6.704118984317831,0.100767431395363,0,1,True
upgrade/class_c_protein_oracle.csv,Control | SLC26A2,energy_rho,-0.0718948630198485,0.4035942382363572,0.4754891012562057,6.613672817276726,0.4754891012562057,1,1,True
upgrade/oracle_shape_test.csv,Control | NMRK1,energy_vs_oracleMEAN,0.0458316383141916,0.3477826630713369,0.3019510247571453,6.588266007144835,0.3019510247571453,0,1,True
upgrade/class_c_protein_oracle.csv,IFNγ | DAG1,energy_rho_partial_magmatch,-0.016178706483178,-0.1226873546190532,-0.1065086481358752,-6.583261044176728,0.1065086481358752,0,1,True
upgrade/oracle_shape_test.csv,Control | MIA,energy_vs_oracleMEAN,0.0448278511271509,0.3382435361520819,0.293415685024931,6.54538813811706,0.293415685024931,0,1,True
upgrade/oracle_shape_test.csv,Control | STX7,energy_vs_oracleMEAN,-0.0665100531459545,0.3673345883825947,0.4338446415285492,6.522993457492643,0.4338446415285492,1,1,True
upgrade/oracle_shape_test.csv,IFNγ | LGALS3,energy_vs_oracleMEAN,0.0230228900817104,0.167885852403415,0.1448629623217046,6.292127608982727,0.1448629623217046,0,1,True
upgrade/oracle_shape_test.csv,Co-culture | UBC,mean_vs_oracleDIST,0.0005171807682885,0.0037627362279626,0.0032455554596741,6.275475923852654,0.0032455554596741,0,1,True
upgrade/oracle_shape_test.csv,Control | TAPBPL,magmatch_vs_oracleDIST,0.0396665965568966,0.2885593098929572,0.2488927133360606,6.274617308774053,0.2488927133360606,0,1,True
upgrade/class_c_protein_oracle.csv,Control | PSMB8-AS1,energy_rho_partial_magmatch,-0.0860952174641338,0.4522974383905148,0.5383926558546486,6.253456018958733,0.5383926558546486,1,1,True
upgrade/oracle_shape_test.csv,Control | LAMP2,mean_vs_oracleDIST,0.0407094269093052,-0.2136164928406169,-0.2543259197499221,-6.247347090307215,0.2543259197499221,1,1,True
upgrade/oracle_shape_test.csv,Control | TAPBPL,energy_vs_oracleMEAN,0.0639313142342956,0.46013755788779,0.3962062436534944,6.19737367202365,0.3962062436534944,0,1,True
upgrade/class_c_protein_oracle.csv,Control | TM4SF1,energy_rho_partial_magmatch,-0.0739414579221731,0.3840298340161689,0.457971291938342,6.193701136112011,0.457971291938342,1,1,True
upgrade/oracle_shape_test.csv,Control | S100A6,energy_vs_oracleMEAN,-0.0468662969529656,0.2428988668665844,0.28976516381955,6.182804758616934,0.28976516381955,1,1,True
upgrade/class_c_magnitude_control_v2.csv,K562 | Sorafenib Tosylate,energy_rho,0.0096925133689839,0.0695187165775401,0.059826203208556195,6.172413793103489,0.059826203208556195,0,1,True
upgrade/oracle_shape_test.csv,IFNγ | EEF1G,mean_vs_oracleDIST,0.0183421049211856,0.1301360570737983,0.1117939521526127,6.0949358120554535,0.1117939521526127,0,1,True
upgrade/class_c_protein_oracle.csv,Control | MIA,energy_rho,0.048441878090199,0.3426667489511872,0.2942248708609882,6.07377092839258,0.2942248708609882,0,1,True
upgrade/oracle_shape_test.csv,IFNγ | SLC25A13,energy_vs_oracleMEAN,-0.0212940421540537,0.106380258079607,0.12767430023366072,5.995775687396,0.12767430023366072,1,1,True
upgrade/oracle_shape_test.csv,Control | CD59,energy_vs_oracleMEAN,-0.0269284489913639,0.1341963971974564,0.1611248461888203,5.983443244001684,0.1611248461888203,1,1,True
upgrade/oracle_shape_test.csv,Control | SEC11C,energy_vs_oracleMEAN,-0.0692462242256024,0.3423027658934021,0.4115489901190045,5.94326975544816,0.4115489901190045,1,1,True
upgrade/class_c_protein_oracle.csv,Co-culture | RRS1,energy_rho,-0.0205360726346508,0.1014531741327344,0.1219892467673852,5.940242272105674,0.1219892467673852,1,1,True
upgrade/oracle_shape_test.csv,Control | STAT1,magmatch_vs_oracleDIST,-0.0251601714372796,0.1234224116026309,0.1485825830399105,5.905467830785804,0.1485825830399105,1,1,True
upgrade/oracle_shape_test.csv,IFNγ | TYR,energy_vs_oracleMEAN,-0.0158917822285769,0.0778402401465829,0.0937320223751598,5.898144149408814,0.0937320223751598,1,1,True
upgrade/class_c_protein_oracle.csv,Control | HLA-F,energy_rho_partial_magmatch,-0.0732626106275496,0.3567311046822831,0.42999371530983266,5.869210933470861,0.42999371530983266,1,1,True
upgrade/oracle_shape_test.csv,IFNγ | SNHG6,energy_vs_oracleMEAN,0.0232542001622297,0.158727576242017,0.1354733760797873,5.825759438496103,0.1354733760797873,0,1,True
upgrade/class_c_protein_oracle.csv,IFNγ | GPI,energy_rho,0.0219141553935519,0.1491003599599755,0.1271862045664236,5.803837851941459,0.1271862045664236,0,1,True
upgrade/oracle_shape_test.csv,Control | LEF1-AS1,energy_vs_oracleMEAN,0.0646945250147041,0.4393829668523526,0.3746884418376485,5.791656121634518,0.3746884418376485,0,1,True
upgrade/oracle_shape_test.csv,IFNγ | PAICS,magmatch_vs_oracleDIST,0.026663028082076,0.179646797395813,0.152983769313737,5.73767423725511,0.152983769313737,0,1,True
upgrade/oracle_shape_test.csv,Control | SERPINA3,energy_vs_oracleMEAN,-0.0788092590236941,0.3722270676361031,0.4510363266597972,5.723138781500187,0.4510363266597972,1,1,True
upgrade/oracle_shape_test.csv,Control | MT2A,magmatch_vs_oracleDIST,-0.0519261504824349,0.2428787155554267,0.2948048660378616,5.677387275946548,0.2948048660378616,1,1,True
upgrade/class_c_protein_oracle.csv,Control | LEF1-AS1,energy_rho,0.0650245027349107,0.432083154385492,0.36705865165058127,5.644928238005777,0.36705865165058127,0,1,True
upgrade/class_c_protein_oracle.csv,Control | HLA-B,energy_rho_partial_magmatch,-0.0356212208419973,0.1652457893205607,0.20086701016255798,5.638970406251109,0.20086701016255798,1,1,True
upgrade/class_c_protein_oracle.csv,Control | KDR,energy_rho,-0.0355393561404193,0.1641437644916265,0.1996831206320458,5.618647671698925,0.1996831206320458,1,1,True
upgrade/oracle_shape_test.csv,Control | NONO,energy_vs_oracleMEAN,-0.0158603413380218,0.0723822502213495,0.08824259155937131,5.563725879456858,0.08824259155937131,1,1,True
upgrade/oracle_shape_test.csv,IFNγ | P2RX4,energy_vs_oracleMEAN,0.0113409513185847,0.0744262082050082,0.0630852568864235,5.562607149458803,0.0630852568864235,0,1,True
upgrade/class_c_protein_oracle.csv,Co-culture | HLA-DRB5,energy_rho_partial_magmatch,0.0047461325824463,0.031118297716586,0.0263721651341397,5.55655887736425,0.0263721651341397,0,1,True
upgrade/class_c_protein_oracle.csv,IFNγ | TYR,energy_rho,-0.0145377086111549,0.0649295024235572,0.0794672110347121,5.466281733954709,0.0794672110347121,1,1,True
upgrade/oracle_shape_test.csv,IFNγ | HNRNPC,energy_vs_oracleMEAN,-0.0236315734621331,0.105475809909945,0.1291073833720781,5.463342658031551,0.1291073833720781,1,1,True
upgrade/oracle_shape_test.csv,Control | HNRNPA1,energy_vs_oracleMEAN,-0.0803306830160971,0.3544963099474321,0.43482699296352917,5.412962726538702,0.43482699296352917,1,1,True
upgrade/class_c_protein_oracle.csv,Control | SLC5A3,energy_rho,-0.0923610157772171,0.4058889687944352,0.4982499845716523,5.394591867346664,0.4982499845716523,1,1,True
upgrade/class_c_protein_oracle.csv,Control | SPESP1,energy_rho_partial_magmatch,-0.0811304381776665,0.3542839798335754,0.4354144180112419,5.366844156045768,0.4354144180112419,1,1,True
upgrade/class_c_protein_oracle.csv,Control | SERPINA3,energy_rho,-0.0858420666177157,0.3745293563856824,0.4603714230033981,5.363004889590912,0.4603714230033981,1,1,True
upgrade/class_c_protein_oracle.csv,Control | TAPBPL,energy_rho,0.0754137868387374,0.4775238816727468,0.4021100948340094,5.332050168676315,0.4021100948340094,0,1,True
upgrade/class_c_protein_oracle.csv,Control | NONO,energy_rho_partial_magmatch,-0.0019269691294507,0.0083224915081115,0.010249460637562201,5.318954248366139,0.010249460637562201,1,1,True
upgrade/class_c_protein_oracle.csv,IFNγ | LRPAP1,energy_rho,-0.0234688767088689,0.1013018335867347,0.1247707102956036,5.3164329866905256,0.1247707102956036,1,1,True
upgrade/class_c_protein_oracle.csv,Control | LCP1,energy_rho_partial_magmatch,-0.0888458714371537,0.3794025891915924,0.46824846062874614,5.270345746565927,0.46824846062874614,1,1,True
upgrade/class_c_protein_oracle.csv,Control | XAGE1A,energy_rho_partial_magmatch,0.0265707632183155,0.1656903776229765,0.139119614404661,5.235815518794147,0.139119614404661,0,1,True
upgrade/oracle_shape_test.csv,Control | DNMT1,mean_vs_oracleDIST,0.0197356903650284,-0.0833609364314295,-0.1030966267964579,-5.223867262284622,0.1030966267964579,1,1,True
upgrade/oracle_shape_test.csv,IFNγ | MRPL47,energy_vs_oracleMEAN,0.0245037880264577,0.1523927592166647,0.127888971190207,5.219151057465902,0.127888971190207,0,1,True
upgrade/class_c_protein_oracle.csv,IFNγ | TMEM173,energy_rho_partial_magmatch,-0.0380694709757904,0.1606045248398372,0.1986739958156276,5.218722265459659,0.1986739958156276,1,1,True
upgrade/class_c_protein_oracle.csv,Control | CYP27A1,energy_rho,-0.0464475127614475,0.1952688469979637,0.2417163597594112,5.204075425972891,0.2417163597594112,1,1,True
upgrade/class_c_protein_oracle.csv,Control | TIMP2,energy_rho_partial_magmatch,0.039632591219318,0.2455273535157111,0.20589476229639309,5.1950870725816785,0.20589476229639309,0,1,True
upgrade/class_c_protein_oracle.csv,Control | SOX4,energy_rho_partial_magmatch,-0.1176420950814427,0.4927726063076122,0.610414701389055,5.18874388429133,0.610414701389055,1,1,True
upgrade/oracle_shape_test.csv,Control | TMEM173,energy_vs_oracleMEAN,0.0797034734563151,0.4925913996066329,0.4128879261503178,5.180300283608326,0.4128879261503178,0,1,True
upgrade/class_c_protein_oracle.csv,Co-culture | ST6GALNAC2,energy_rho,-0.006134933794491,0.0255295021802094,0.0316644359747004,5.161332955725485,0.0316644359747004,1,1,True
upgrade/oracle_shape_test.csv,Control | SLC5A3,energy_vs_oracleMEAN,-0.0957476955086505,0.3941080085088911,0.48985570401754164,5.11610959841101,0.48985570401754164,1,1,True
upgrade/oracle_shape_test.csv,Control | FSTL3,energy_vs_oracleMEAN,-0.0654615342956424,0.257625778069145,0.3230873123647874,4.935529175128033,0.3230873123647874,1,1,True
upgrade/oracle_shape_test.csv,IFNγ | SEC11C,energy_vs_oracleMEAN,-0.028338856184944,0.1093243928111964,0.1376632489961404,4.857756011665664,0.1376632489961404,1,1,True
upgrade/oracle_shape_test.csv,Control | CHCHD2,mean_vs_oracleDIST,0.0435620968950607,-0.1667571376573849,-0.2103192345524456,-4.82803284376085,0.2103192345524456,1,1,True
upgrade/oracle_shape_test.csv,Control | PET100,magmatch_vs_oracleDIST,-0.0537460657713607,0.2054375794245037,0.2591836451958644,4.822374279420724,0.2591836451958644,1,1,True
upgrade/oracle_shape_test.csv,Control | PFDN4,energy_vs_oracleMEAN,-0.0900725825038759,0.3415924321750948,0.43166501467897067,4.792412992715023,0.43166501467897067,1,1,True
upgrade/oracle_shape_test.csv,Control | MIA,magmatch_vs_oracleDIST,-0.0554589272197613,0.2076983046450031,0.2631572318647644,4.745083344688201,0.2631572318647644,1,1,True
upgrade/class_c_protein_oracle.csv,Control | KDR,energy_rho_partial_magmatch,0.0475596132459606,0.2725628563476,0.22500324310163944,4.730972935755522,0.22500324310163944,0,1,True
upgrade/class_c_protein_oracle.csv,Control | TRIM22,energy_rho_partial_magmatch,-0.0889239577678896,0.3314512848350048,0.4203752426028944,4.727356419517033,0.4203752426028944,1,1,True
upgrade/class_c_protein_oracle.csv,Control | NSG1,energy_rho_partial_magmatch,-0.0817148262012385,0.3038200588670177,0.3855348850682562,4.718053050970239,0.3855348850682562,1,1,True
upgrade/class_c_protein_oracle.csv,Control | SLC19A1,energy_rho,-0.0868848969701244,0.3229789179501582,0.4098638149202826,4.717319456121532,0.4098638149202826,1,1,True
upgrade/class_c_protein_oracle.csv,Control | LINC00518,energy_rho_partial_magmatch,0.0652700968396446,-0.240869881724398,-0.3061399785640426,-4.690355819697441,0.3061399785640426,1,1,True
upgrade/class_c_protein_oracle.csv,Control | SGK1,energy_rho_partial_magmatch,0.051890885687909,0.2939748839095558,0.24208399822164678,4.665250843426138,0.24208399822164678,0,1,True
upgrade/oracle_shape_test.csv,IFNγ | MC1R,energy_vs_oracleMEAN,-0.0069398204098605,-0.0392925654081245,-0.032352744998264,-4.66189945669132,0.032352744998264,0,1,True
upgrade/oracle_shape_test.csv,IFNγ | SLC19A1,energy_vs_oracleMEAN,0.0103185061011266,0.0582074772913336,0.047888971190207,4.641076016321622,0.047888971190207,0,1,True
upgrade/oracle_shape_test.csv,Control | SLC19A1,energy_vs_oracleMEAN,-0.0898735883061941,0.3255708803478117,0.41544446865400575,4.622542356254994,0.41544446865400575,1,1,True
upgrade/class_c_protein_oracle.csv,Control | SP100,energy_rho_partial_magmatch,0.0635383435370337,0.3550623242270398,0.2915239806900061,4.58815833812365,0.2915239806900061,0,1,True
upgrade/class_c_protein_oracle.csv,Control | LAMP2,energy_rho_partial_magmatch,-0.0627222154351486,0.2240523531063876,0.2867745685415362,4.572137105680613,0.2867745685415362,1,1,True
upgrade/class_c_protein_oracle.csv,Control | PFDN4,energy_rho,-0.0941355906160381,0.3358946489452677,0.4300302395613058,4.568200366589515,0.4300302395613058,1,1,True
upgrade/oracle_shape_test.csv,Control | SDC3,energy_vs_oracleMEAN,-0.0926532097890031,0.3285809824519863,0.4212341922409894,4.546352934779656,0.4212341922409894,1,1,True
upgrade/class_c_protein_oracle.csv,Control | STX7,energy_rho_partial_magmatch,-0.1037074634159243,0.3674730129862605,0.4711804764021848,4.543361305757624,0.4711804764021848,1,1,True
upgrade/class_c_protein_oracle.csv,Control | RTP4,energy_rho_partial_magmatch,-0.059320422220347,0.2096895060787689,0.2690099282991159,4.534861995753716,0.2690099282991159,1,1,True
upgrade/class_c_protein_oracle.csv,Co-culture | SERPINA3,energy_rho,0.0250210086588686,0.1382054116915285,0.1131844030326599,4.523574751753348,0.1131844030326599,0,1,True
upgrade/class_c_protein_oracle.csv,IFNγ | NPC2,energy_rho,0.0328818889452003,0.1812519329980637,0.1483700440528634,4.512211701101821,0.1483700440528634,0,1,True
upgrade/oracle_shape_test.csv,Control | NOLC1,energy_vs_oracleMEAN,-0.0703948271584258,0.2456130739229163,0.3160079010813421,4.489078442797456,0.3160079010813421,1,1,True
upgrade/oracle_shape_test.csv,Control | AHNAK,energy_vs_oracleMEAN,-0.0159094601589686,0.055122039842306,0.0710315000012746,4.4647335165066675,0.0710315000012746,1,1,True
upgrade/class_c_protein_oracle.csv,Control | NOLC1,energy_rho,-0.0707361622634498,0.2431835807065109,0.31391974296996067,4.4378961612420795,0.31391974296996067,1,1,True
upgrade/class_c_protein_oracle.csv,Co-culture | SLC7A5P1,energy_rho,-0.0145048066537361,0.0497147976827058,0.0642196043364419,4.427470553004609,0.0642196043364419,1,1,True
upgrade/class_c_protein_oracle.csv,Control | TP53,energy_rho_partial_magmatch,-0.1123183705649797,0.3841016230621681,0.49641999362714784,4.419757793227184,0.49641999362714784,1,1,True
upgrade/class_c_protein_oracle.csv,Control | HNRNPA1,energy_rho,-0.0998636008126016,0.3409615516010862,0.4408251524136878,4.4142725560328575,0.4408251524136878,1,1,True
upgrade/oracle_shape_test.csv,Control | MC1R,magmatch_vs_oracleDIST,-0.0428920657990687,0.1462909622628914,0.1891830280619601,4.410676532769559,0.1891830280619601,1,1,True
upgrade/oracle_shape_test.csv,Co-culture | PSAP,energy_vs_oracleMEAN,-0.0211024811356432,0.0719159259823394,0.0930184071179826,4.407936987128476,0.0930184071179826,1,1,True
upgrade/class_c_protein_oracle.csv,Control | IRF3,energy_rho,-0.0956822037473882,0.3258958202402288,0.421578023987617,4.406023351015519,0.421578023987617,1,1,True
upgrade/oracle_shape_test.csv,IFNγ | GPI,magmatch_vs_oracleDIST,0.0267727123757919,0.144539654074565,0.11776694169877311,4.398767672313206,0.11776694169877311,0,1,True
upgrade/class_c_protein_oracle.csv,Control | S100A6,energy_rho_partial_magmatch,-0.0699980982200094,0.2377363528393827,0.30773445105939207,4.39632588434273,0.30773445105939207,1,1,True
upgrade/class_c_protein_oracle.csv,Control | SLC25A13,energy_rho,0.0891317681642029,0.48069645472206,0.39156468655785714,4.393099055731707,0.39156468655785714,0,1,True
upgrade/class_c_protein_oracle.csv,Control | NGFR,energy_rho_partial_magmatch,0.0802790452812556,0.4325541912838023,0.3522751460025467,4.388133226651608,0.3522751460025467,0,1,True
upgrade/oracle_shape_test.csv,IFNγ | PABPC1,magmatch_vs_oracleDIST,0.0398180707704702,0.2142060738372773,0.1743880030668071,4.379619597143727,0.1743880030668071,0,1,True
upgrade/oracle_shape_test.csv,Control | CDK6,energy_vs_oracleMEAN,0.0167898205651687,0.0902715767015578,0.0734817561363891,4.376565899032332,0.0734817561363891,0,1,True
upgrade/oracle_shape_test.csv,Control | KDR,energy_vs_oracleMEAN,-0.0439223015820038,0.1479761156584504,0.1918984172404542,4.369042839938068,0.1918984172404542,1,1,True
upgrade/class_c_protein_oracle.csv,Control | SDC3,energy_rho_partial_magmatch,-0.0983132093104095,0.330813999619644,0.42912720893005346,4.364898795798105,0.42912720893005346,1,1,True
upgrade/class_c_protein_oracle.csv,IFNγ | TYR,energy_rho_partial_magmatch,0.0247200239106987,0.1321258430470547,0.10740581913635598,4.344891393485719,0.10740581913635598,0,1,True
upgrade/class_c_protein_oracle.csv,Control | TMEM173,energy_rho,0.0941129203909858,0.5014250755359304,0.4073121551449446,4.327908999665441,0.4073121551449446,0,1,True
upgrade/oracle_shape_test.csv,Control | IRF3,energy_vs_oracleMEAN,-0.0960247760370683,0.3190652559485116,0.4150900319855799,4.322738871323619,0.4150900319855799,1,1,True
upgrade/class_c_protein_oracle.csv,Control | LGALS3BP,energy_rho,-0.0180920990487321,0.0598972723617468,0.0779893714104789,4.31068673681313,0.0779893714104789,1,1,True
upgrade/class_c_protein_oracle.csv,Control | SERPINF1,energy_rho,-0.1179267694824727,0.3900525571384131,0.5079793266208857,4.307582823223068,0.5079793266208857,1,1,True
upgrade/oracle_shape_test.csv,Control | SLC25A13,energy_vs_oracleMEAN,0.0900209447690344,0.4757132619557099,0.3856923171866755,4.284473109855061,0.3856923171866755,0,1,True
upgrade/oracle_shape_test.csv,IFNγ | TXNDC17,magmatch_vs_oracleDIST,-0.0425095837719127,0.1396202877080815,0.18212987147999418,4.2844425966911635,0.18212987147999418,1,1,True
upgrade/oracle_shape_test.csv,Control | VAT1,magmatch_vs_oracleDIST,-0.0537460657713607,0.1763113780600081,0.2300574438313688,4.2804517973473315,0.2300574438313688,1,1,True
upgrade/class_c_protein_oracle.csv,Control | GPATCH4,energy_rho,-0.0473064623995425,0.1550920962439595,0.202398558643502,4.278454747558114,0.202398558643502,1,1,True
upgrade/oracle_shape_test.csv,Co-culture | ST6GALNAC2,energy_vs_oracleMEAN,-0.0078990240746778,0.0258839493510201,0.0337829734256979,4.276854090620796,0.0337829734256979,1,1,True
upgrade/class_c_protein_oracle.csv,Control | TYR,energy_rho,-0.1132402930504425,0.3669566356378456,0.4801969286882881,4.240512945991636,0.4801969286882881,1,1,True
upgrade/class_c_protein_oracle.csv,IFNγ | SEC11C,energy_rho_partial_magmatch,0.0426717606850934,0.2232172884747833,0.1805455277896899,4.231030660348641,0.1805455277896899,0,1,True
upgrade/oracle_shape_test.csv,Control | SET,energy_vs_oracleMEAN,-0.1165564431928241,0.3726644945232514,0.4892209377160755,4.197287805932249,0.4892209377160755,1,1,True
upgrade/class_c_protein_oracle.csv,Control | P2RX4,energy_rho,-0.1149002573070543,0.3666135490532054,0.48151380636025976,4.1907112973079235,0.48151380636025976,1,1,True
upgrade/oracle_shape_test.csv,IFNγ | PFN1,magmatch_vs_oracleDIST,0.0404501448936363,0.2098543266669265,0.1694041817732902,4.187974659144947,0.1694041817732902,0,1,True
upgrade/oracle_shape_test.csv,Co-culture | PTMA,energy_vs_oracleMEAN,-0.0278252600310957,0.0883209231184436,0.1161461831495393,4.174127502123677,0.1161461831495393,1,1,True
upgrade/class_c_protein_oracle.csv,IFNγ | NDUFA13,energy_rho_partial_magmatch,0.003835587956285,-0.012141956778813,-0.015977544735098,-4.165605095541395,0.015977544735098,1,1,True
upgrade/class_c_protein_oracle.csv,Control | CD58,energy_rho,-0.0400847362634179,0.1258468669896607,0.1659316032530786,4.139520893006622,0.1659316032530786,1,1,True
upgrade/class_c_protein_oracle.csv,Control | MC1R,energy_rho,0.0714401764247291,0.3657563731670178,0.2943161967422887,4.119757417626013,0.2943161967422887,0,1,True
upgrade/class_c_protein_oracle.csv,Control | SET,energy_rho,-0.1181660291715418,0.3675347263766809,0.4857007555482227,4.110324760453194,0.4857007555482227,1,1,True
upgrade/oracle_shape_test.csv,IFNγ | RTP4,energy_vs_oracleMEAN,0.0239756734630228,0.1221951378621116,0.0982194643990888,4.0966300508959925,0.0982194643990888,0,1,True
upgrade/oracle_shape_test.csv,Control | SERPINF1,energy_vs_oracleMEAN,-0.1236295923357044,0.3826003503809227,0.5062299427166271,4.0947311493352485,0.5062299427166271,1,1,True
upgrade/class_c_protein_oracle.csv,Control | IDI2-AS1,energy_rho,0.0493782690779389,0.2513971317748303,0.2020188626968914,4.091250391503676,0.2020188626968914,0,1,True
upgrade/oracle_shape_test.csv,Co-culture | PABPC1,magmatch_vs_oracleDIST,-0.045963065300877,0.1411752918480611,0.18713835714893812,4.071494273149955,0.18713835714893812,1,1,True
upgrade/oracle_shape_test.csv,Control | TYR,energy_vs_oracleMEAN,-0.1195753614956303,0.3671367379813172,0.4867120994769475,4.070337679846643,0.4867120994769475,1,1,True
upgrade/oracle_shape_test.csv,Control | MC1R,energy_vs_oracleMEAN,0.0699313470017997,0.3528129341190665,0.2828815871172668,4.045132823052683,0.2828815871172668,0,1,True
upgrade/oracle_shape_test.csv,IFNγ | GPI,energy_vs_oracleMEAN,0.0299543877431679,0.1506982183930451,0.12074383064987719,4.0309230048414815,0.12074383064987719,0,1,True
upgrade/oracle_shape_test.csv,Co-culture | CD274,magmatch_vs_oracleDIST,0.0160082795254909,-0.0483723284543823,-0.0643806079798732,-4.021706884700275,0.0643806079798732,1,1,True
upgrade/oracle_shape_test.csv,Co-culture | CD151,mean_vs_oracleDIST,-0.0213874228355289,-0.1073911676181132,-0.0860037447825843,-4.021229927699116,0.0860037447825843,0,1,True
upgrade/class_c_protein_oracle.csv,Control | SEC11C,energy_rho_partial_magmatch,-0.1082100220027128,0.3249852328672923,0.4331952548700051,4.003282199306318,0.4331952548700051,1,1,True
upgrade/oracle_shape_test.csv,Control | IDI2-AS1,energy_vs_oracleMEAN,0.052974018662633,0.2626521896288758,0.2096781709662428,3.958132236513639,0.2096781709662428,0,1,True
upgrade/class_c_protein_oracle.csv,Control | LRRC75A-AS1,energy_rho,0.1051344281372757,0.5201544598000234,0.4150200316627477,3.9475178494417587,0.4150200316627477,0,1,True
upgrade/oracle_shape_test.csv,IFNγ | NSG1,energy_vs_oracleMEAN,-0.0161558353800371,0.0475760652803845,0.0637319006604216,3.9448223605429713,0.0637319006604216,1,1,True
upgrade/class_c_protein_oracle.csv,Control | TYR,energy_rho_partial_magmatch,-0.12645199642818,0.3706657363478016,0.4971177327759816,3.9312762693970265,0.4971177327759816,1,1,True
upgrade/class_c_protein_oracle.csv,IFNγ | SEC11C,energy_rho,-0.032960898210596,0.096231725858641,0.12919262406923698,3.9195723139518446,0.12919262406923698,1,1,True
upgrade/class_c_protein_oracle.csv,Control | SLC19A1,energy_rho_partial_magmatch,-0.0788848264405353,0.2285435765806499,0.3074284030211852,3.8971804451256524,0.3074284030211852,1,1,True
upgrade/class_c_protein_oracle.csv,Control | IFNGR2,energy_rho,-0.095610414701389,0.2769024024463837,0.3725128171477727,3.896153136781248,0.3725128171477727,1,1,True
upgrade/class_c_protein_oracle.csv,Control | PYGB,energy_rho_partial_magmatch,-0.0968094177152695,0.2803689705072966,0.3771783882225661,3.896091900189941,0.3771783882225661,1,1,True
upgrade/oracle_shape_test.csv,IFNγ | B2M,energy_vs_oracleMEAN,-0.0125037360466778,0.0361950801138357,0.048698816160513504,3.894741218041996,0.048698816160513504,1,1,True
upgrade/class_c_protein_oracle.csv,IFNγ | NME1,energy_rho_partial_magmatch,0.0301623068626304,0.1474681948721947,0.1173058880095643,3.8891550485119053,0.1173058880095643,0,1,True
upgrade/class_c_protein_oracle.csv,Control | EVA1A,energy_rho,-0.0705535187337923,0.202848135940745,0.2734016546745373,3.875095949588534,0.2734016546745373,1,1,True
upgrade/class_c_protein_oracle.csv,Control | UQCRH,energy_rho,-0.1217372576764772,0.3492021810022998,0.470939438678777,3.8684906138622077,0.470939438678777,1,1,True
upgrade/oracle_shape_test.csv,Control | EVA1A,energy_vs_oracleMEAN,-0.0728029088417656,0.208812360062492,0.2816152689042576,3.868187046156876,0.2816152689042576,1,1,True
upgrade/class_c_protein_oracle.csv,Control | KCNN4,energy_rho_partial_magmatch,-0.0743344084897473,0.2108280551591764,0.2851624636489237,3.8362108402094197,0.2851624636489237,1,1,True
upgrade/oracle_shape_test.csv,IFNγ | SPINT1,energy_vs_oracleMEAN,-0.0238997891959487,0.0677800735513885,0.09167986274733719,3.8360113554004913,0.09167986274733719,1,1,True
upgrade/oracle_shape_test.csv,Control | PFN1,energy_vs_oracleMEAN,0.0759931132894118,0.3665888742092185,0.29059576091980666,3.823974941164776,0.29059576091980666,0,1,True
upgrade/oracle_shape_test.csv,Control | P2RX4,energy_vs_oracleMEAN,-0.1263033805083924,0.3525932699007816,0.478896650409174,3.7916376306123736,0.478896650409174,1,1,True
upgrade/class_c_protein_oracle.csv,Control | FSTL3,energy_rho,-0.0928673174700532,0.2577415669911447,0.35060888446119787,3.7753743083432796,0.35060888446119787,1,1,True
upgrade/oracle_shape_test.csv,Control | UQCRH,energy_vs_oracleMEAN,-0.1254154633605082,0.3474892096026036,0.4729046729631118,3.770704666646582,0.4729046729631118,1,1,True
upgrade/class_c_protein_oracle.csv,Control | CDK6,energy_rho,0.01783139146063,0.0850372736283569,0.06720588216772691,3.7689645430145506,0.06720588216772691,0,1,True
upgrade/class_c_protein_oracle.csv,Control | TTLL1,energy_rho_partial_magmatch,-0.1297190277496149,0.3577172594720608,0.4874362872216757,3.757631364324828,0.4874362872216757,1,1,True
upgrade/oracle_shape_test.csv,IFNγ | UQCRH,magmatch_vs_oracleDIST,-0.0401600977219861,0.110733044845555,0.1508931425675411,3.7572902240457684,0.1508931425675411,1,1,True
upgrade/oracle_shape_test.csv,Control | SDCBP,energy_vs_oracleMEAN,0.0780460526875126,0.3710637247431653,0.2930176720556527,3.754420139976351,0.2930176720556527,0,1,True
upgrade/oracle_shape_test.csv,Control | LRRC75A-AS1,energy_vs_oracleMEAN,0.1091275707492345,0.5187030989892797,0.4095755282400452,3.75318102866244,0.4095755282400452,0,1,True
upgrade/class_c_protein_oracle.csv,Control | PFN1,energy_rho,0.0756732112247841,0.3586517765269971,0.282978565302213,3.739481392716863,0.282978565302213,0,1,True
upgrade/oracle_shape_test.csv,Co-culture | SINHCAF,mean_vs_oracleDIST,0.0186306698041141,0.0881749773697216,0.0695443075656075,3.7327862227610544,0.0695443075656075,0,1,True
upgrade/oracle_shape_test.csv,Control | IFNGR2,energy_vs_oracleMEAN,-0.0981721501323059,0.2678343095702203,0.3660064597025262,3.728210691211937,0.3660064597025262,1,1,True
upgrade/oracle_shape_test.csv,Co-culture | CTSB,mean_vs_oracleDIST,-0.0222874216193144,0.060517099687317,0.0828045213066314,3.7153028610035608,0.0828045213066314,1,1,True
upgrade/oracle_shape_test.csv,Control | GPATCH4,energy_vs_oracleMEAN,-0.0554665014258659,0.1498640888093825,0.2053305902352484,3.7018846503178913,0.2053305902352484,1,1,True
upgrade/class_c_protein_oracle.csv,IFNγ | UCN2,energy_rho_partial_magmatch,0.0533078632411991,0.2500617259885904,0.1967538627473913,3.690897567159091,0.1967538627473913,0,1,True
upgrade/class_c_protein_oracle.csv,Control | SDC3,energy_rho,-0.1115475829131994,0.2988187553290772,0.4103663382422766,3.6788456327341725,0.4103663382422766,1,1,True
upgrade/class_c_protein_oracle.csv,Control | SLC26A2,energy_rho_partial_magmatch,-0.1349180660282899,0.3610057015616006,0.49592376758989054,3.6757402636197307,0.49592376758989054,1,1,True
upgrade/class_c_protein_oracle.csv,IFNγ | EVA1A,energy_rho,-0.0132501656855483,0.0351939495536236,0.0484441152391719,3.6561139225609054,0.0484441152391719,1,1,True
upgrade/class_c_protein_oracle.csv,Control | SERPINA3,energy_rho_partial_magmatch,-0.127513718634799,0.3379714934514536,0.4654852120862526,3.650471628228556,0.4654852120862526,1,1,True
upgrade/class_c_protein_oracle.csv,Control | IFNGR2,energy_rho_partial_magmatch,-0.1096332083532222,0.2902154049217058,0.399848613274928,3.647148699568055,0.399848613274928,1,1,True
upgrade/oracle_shape_test.csv,Control | TOP1MT,energy_vs_oracleMEAN,0.1237227532232651,0.5746750915940064,0.45095233837074133,3.6448618109635085,0.45095233837074133,0,1,True
upgrade/class_c_protein_oracle.csv,Control | HNRNPA1,energy_rho_partial_magmatch,-0.1059215887293716,0.2798412580463555,0.38576284677572714,3.6419662072983687,0.38576284677572714,1,1,True
upgrade/oracle_shape_test.csv,Control | TIMM50,energy_vs_oracleMEAN,0.1246874972449379,0.5787030171245554,0.4540155198796175,3.6412273075602997,0.4540155198796175,0,1,True
upgrade/class_c_protein_oracle.csv,Control | NEAT1,energy_rho_partial_magmatch,0.0393643268895317,0.180776152938376,0.1414118260488443,3.592385218365069,0.1414118260488443,0,1,True
upgrade/class_c_protein_oracle.csv,IFNγ | WBP2,energy_rho,0.0389146621964056,0.1784741799472932,0.1395595177508876,3.5862965235704443,0.1395595177508876,0,1,True
upgrade/class_c_protein_oracle.csv,Control | WNT7A,energy_rho,-0.1347354447709236,0.3464488981640896,0.4811843429350132,3.571327082885427,0.4811843429350132,1,1,True
upgrade/class_c_protein_oracle.csv,Control | TIMM50,energy_rho,0.1259772208247556,0.5730428353902365,0.4470656145654809,3.5487813720496737,0.4470656145654809,0,1,True
upgrade/class_c_protein_oracle.csv,IFNγ | CTPS1,energy_rho_partial_magmatch,0.0319244214000753,0.1448515327537587,0.1129271113536834,3.5373267987690777,0.1129271113536834,0,1,True
upgrade/oracle_shape_test.csv,Control | P2RX4,energy_vs_oracleDIST,0.0879327651503224,0.3987926841901462,0.3108599190398238,3.535200087344052,0.3108599190398238,0,1,True
upgrade/oracle_shape_test.csv,Control | CYP27A1,energy_vs_oracleMEAN,-0.0658607821479534,0.1668440401867522,0.2327048223347056,3.533283613485553,0.2327048223347056,1,1,True
upgrade/oracle_shape_test.csv,Control | SLC25A13,magmatch_vs_oracleDIST,-0.0830347370820649,0.2087335782557277,0.29176831533779257,3.513810311092237,0.29176831533779257,1,1,True
upgrade/class_c_protein_oracle.csv,Control | TP53,energy_rho,-0.129687541325931,0.3245595364190868,0.4542470777450178,3.5026269532198406,0.4542470777450178,1,1,True
upgrade/class_c_protein_oracle.csv,IFNγ | SNHG6,energy_rho,0.0410718230608293,0.1846067079905916,0.1435348849297623,3.494728848952733,0.1435348849297623,0,1,True
upgrade/class_c_protein_oracle.csv,IFNγ | EEF1G,energy_rho,-0.0438766519823788,0.1093535014879212,0.1532301534703,3.4922936584094524,0.1532301534703,1,1,True
upgrade/class_c_protein_oracle.csv,Control | SERPINF1,energy_rho_partial_magmatch,-0.1557305920833055,0.3879404478377013,0.5436710399210068,3.491099806710932,0.5436710399210068,1,1,True
upgrade/class_c_protein_oracle.csv,Control | IRF3,energy_rho_partial_magmatch,-0.124923015694093,0.3089284162454833,0.4338514319395763,3.4729503568980125,0.4338514319395763,1,1,True
upgrade/class_c_protein_oracle.csv,Control | SDCBP,energy_rho,0.0831266774392217,0.3716984910446314,0.2885718136054097,3.4714705614981396,0.2885718136054097,0,1,True
upgrade/class_c_protein_oracle.csv,Control | TOP1MT,energy_rho,0.128308435968579,0.5733073213491806,0.4449988853806016,3.4681966311987145,0.4449988853806016,0,1,True
upgrade/class_c_protein_oracle.csv,Control | CTSB,energy_rho_partial_magmatch,-0.0379386216251276,0.093479413546467,0.1314180351715946,3.4639644125751126,0.1314180351715946,1,1,True
upgrade/class_c_protein_oracle.csv,Control | MRPL47,energy_rho_partial_magmatch,0.0948119189967669,0.423003729252021,0.3281918102552541,3.461503719447399,0.3281918102552541,0,1,True
upgrade/oracle_shape_test.csv,IFNγ | UQCRH,energy_vs_oracleMEAN,-0.0690556573492911,0.1675802112978051,0.23663586864709618,3.426741236422759,0.23663586864709618,1,1,True
upgrade/class_c_protein_oracle.csv,Co-culture | GSN,energy_rho_partial_magmatch,0.0422159661174202,-0.1023525643884264,-0.1445685305058466,-3.424498923079037,0.1445685305058466,1,1,True
exp12_partial_observed_retrieval/summary.csv,leave_MoA_out | mean_or_no_call | cmap_match,target_mrr,0.011274093829555,0.0492461488036709,0.0379720549741159,3.3680804460374705,0.0379720549741159,0,1,True
exp12_partial_observed_retrieval/summary.csv,leave_MoA_out | mean_or_no_call | mean_cosine,target_mrr,0.011274093829555,0.0492461488036709,0.0379720549741159,3.3680804460374705,0.0379720549741159,0,1,True
upgrade/class_c_protein_oracle.csv,Control | NPC1,energy_rho_partial_magmatch,0.102395109276782,0.4469699355032097,0.34457482622642766,3.3651492601567026,0.34457482622642766,0,1,True
upgrade/class_c_protein_oracle.csv,Control | PPIA,energy_rho_partial_magmatch,-0.156202888438563,0.3660913887150138,0.5222942771535768,3.3436915435722123,0.5222942771535768,1,1,True
upgrade/oracle_shape_test.csv,Control | WNT7A,energy_vs_oracleMEAN,-0.1435037840383983,0.336122086757106,0.4796258707955043,3.342252429156624,0.4796258707955043,1,1,True
upgrade/class_c_protein_oracle.csv,Control | SHMT2,energy_rho_partial_magmatch,-0.1251799449113531,0.2929106427890422,0.4180905877003953,3.339916693496459,0.4180905877003953,1,1,True
upgrade/class_c_protein_oracle.csv,Control | SOX4,energy_rho,-0.1649158116003541,0.3849819834683681,0.5498977950687222,3.334415237280629,0.5498977950687222,1,1,True
upgrade/class_c_protein_oracle.csv,Co-culture | NPC2,energy_rho,-0.0378509250617607,0.0883302150934046,0.1261811401551653,3.3336342493420625,0.1261811401551653,1,1,True
upgrade/oracle_shape_test.csv,IFNγ | JAK2,magmatch_vs_oracleDIST,-0.0225015269060335,0.0524356425350538,0.0749371694410873,3.330314860588143,0.0749371694410873,1,1,True
upgrade/class_c_protein_oracle.csv,IFNγ | CDKN2A,energy_rho_partial_magmatch,0.0190958117292373,0.0824893116577651,0.0633934999285278,3.3197593706617354,0.0633934999285278,0,1,True
upgrade/class_c_protein_oracle.csv,Control | ST3GAL6-AS1,energy_rho_partial_magmatch,-0.0952804369811824,0.2182235863540358,0.3135040233352182,3.2903294030561,0.3135040233352182,1,1,True
upgrade/oracle_shape_test.csv,Control | TP53,energy_vs_oracleMEAN,-0.1350220137400566,0.3087017139949596,0.4437237277350162,3.2863065469403376,0.4437237277350162,1,1,True
upgrade/oracle_shape_test.csv,Control | RAB27A,mean_vs_oracleDIST,-0.0514626865295709,-0.2202311607281172,-0.1687684741985463,-3.2794338107780376,0.1687684741985463,0,1,True
upgrade/oracle_shape_test.csv,IFNγ | NCL,energy_vs_oracleMEAN,-0.0273605967278728,0.0621194755240211,0.0894800722518939,3.2703991488876674,0.0894800722518939,1,1,True
upgrade/oracle_shape_test.csv,Control | PSAP,magmatch_vs_oracleDIST,-0.0810044924829312,0.1826603005316167,0.2636647930145479,3.254940373462692,0.2636647930145479,1,1,True
upgrade/class_c_protein_oracle.csv,Control | GSN,energy_rho,-0.1017200403530006,0.2292362779016943,0.3309563182546949,3.2535999504735957,0.3309563182546949,1,1,True
upgrade/oracle_shape_test.csv,IFNγ | PFDN4,energy_vs_oracleMEAN,-0.0116148818109755,0.0261047720309215,0.037719653841897,3.247527995184054,0.037719653841897,1,1,True
upgrade/oracle_shape_test.csv,Co-culture | BOLA2B,mean_vs_oracleDIST,0.0298545928605887,0.1267846144178857,0.09693002155729699,3.2467373449012977,0.09693002155729699,0,1,True
upgrade/class_c_protein_oracle.csv,Co-culture | TRIM22,energy_rho_partial_magmatch,-0.0347217677505069,0.0778742190888931,0.1125959868394,3.242806865377879,0.1125959868394,1,1,True
upgrade/class_c_protein_oracle.csv,Co-culture | PYGB,energy_rho_partial_magmatch,0.0643765539312977,0.2721755009211377,0.20779894698983997,3.2278668909740316,0.20779894698983997,0,1,True
upgrade/oracle_shape_test.csv,Control | GSN,energy_vs_oracleMEAN,-0.1042427326185495,0.2301607193010517,0.3344034519196012,3.207930601198531,0.3344034519196012,1,1,True
upgrade/class_c_protein_oracle.csv,Control | TSC22D3,energy_rho_partial_magmatch,-0.1586827591679019,0.3487222179540625,0.5074049771219644,3.1976062162183623,0.5074049771219644,1,1,True
upgrade/oracle_shape_test.csv,Control | DLL3,energy_vs_oracleMEAN,-0.1597608543148365,0.3436906874493855,0.503451541764222,3.1512822332064108,0.503451541764222,1,1,True
upgrade/oracle_shape_test.csv,IFNγ | EEF1G,energy_vs_oracleMEAN,-0.0483240419476823,0.1038530011825399,0.1521770431302222,3.1490959157550535,0.1521770431302222,1,1,True
upgrade/oracle_shape_test.csv,Co-culture | CD274,energy_vs_oracleMEAN,0.0225804714163513,0.0933965919351074,0.0708161205187561,3.136166611095449,0.0708161205187561,0,1,True
upgrade/oracle_shape_test.csv,Control | UQCRFS1,energy_vs_oracleMEAN,-0.0834856226692174,0.1775960241463086,0.261081646815526,3.1272647728815626,0.261081646815526,1,1,True
upgrade/class_c_protein_oracle.csv,IFNγ | VDAC2,energy_rho,-0.0396195080113835,0.0835580159318025,0.123177523943186,3.109011952086698,0.123177523943186,1,1,True
upgrade/oracle_shape_test.csv,Control | KLF4,energy_vs_oracleMEAN,-0.1073044724575657,0.2258849340878854,0.3331894065454511,3.10508405581336,0.3331894065454511,1,1,True
upgrade/class_c_protein_oracle.csv,Control | DLL3,energy_rho,-0.1650871497252418,0.3469614971416624,0.5120486468669042,3.101686883074292,0.5120486468669042,1,1,True
upgrade/oracle_shape_test.csv,Control | LGALS3BP,energy_vs_oracleMEAN,-0.0232665852427505,0.0487598757167884,0.07202646095953891,3.095703998161106,0.07202646095953891,1,1,True
upgrade/oracle_shape_test.csv,Control | SOX4,energy_vs_oracleMEAN,-0.1826647661455437,0.3807421415372054,0.5634069076827491,3.084376475941932,0.5634069076827491,1,1,True
upgrade/class_c_protein_oracle.csv,Control | ISYNA1,energy_rho_partial_magmatch,0.0318315148874108,0.1297240655774043,0.09789255068999349,3.075334335680941,0.09789255068999349,0,1,True
upgrade/class_c_protein_oracle.csv,Co-culture | PYGB,energy_rho,0.0636340838921646,0.2586947060191454,0.1950606221269808,3.0653481624334193,0.1950606221269808,0,1,True
upgrade/oracle_shape_test.csv,Control | JPT1,mean_vs_oracleDIST,0.0429273305935946,-0.0885385639419994,-0.13146589453559399,-3.062522004459571,0.13146589453559399,1,1,True
upgrade/oracle_shape_test.csv,Control | JAK2,energy_vs_oracleMEAN,-0.0896141401750393,0.1825532466910917,0.27216738686613096,3.037103143929279,0.27216738686613096,1,1,True
upgrade/class_c_protein_oracle.csv,Control | GSEC,energy_rho,0.1328009188997888,0.5361004442104653,0.40329952531067653,3.036873002475271,0.40329952531067653,0,1,True
upgrade/oracle_shape_test.csv,IFNγ | WBP2,energy_vs_oracleMEAN,0.0442259561030759,0.1780988395514145,0.13387288344833861,3.027020673930163,0.13387288344833861,0,1,True
upgrade/class_c_protein_oracle.csv,Control | S100B,energy_rho_partial_magmatch,-0.1641727320014156,0.3325759798889914,0.49674871189040704,3.025768687860562,0.49674871189040704,1,1,True
upgrade/oracle_shape_test.csv,Control | KCNN4,energy_vs_oracleMEAN,-0.0981255811214949,0.1975609356757553,0.2956865167972502,3.0133479304560122,0.2956865167972502,1,1,True
upgrade/class_c_protein_oracle.csv,IFNγ | CYP27A1,energy_rho,0.0464236611957948,0.1862513966320795,0.1398277354362847,3.011992846633792,0.1398277354362847,0,1,True
upgrade/oracle_shape_test.csv,Control | SMAD4,energy_vs_oracleMEAN,0.0586252019854079,0.2347401047616289,0.176114902776221,3.004081808026126,0.176114902776221,0,1,True
upgrade/oracle_shape_test.csv,Control | CDK4,mean_vs_oracleDIST,0.0054798971779348,-0.0109635761787502,-0.016443473356685,-3.000690126613293,0.016443473356685,1,1,True
exp13_real_data_projection/projection.csv,frangieh | Co-culture:SP100:s0,bootstrap_rank_stability,0.2,0.8,0.6000000000000001,3.0000000000000004,0.6000000000000001,0,1,True
upgrade/class_c_protein_oracle.csv,IFNγ | STX7,energy_rho_partial_magmatch,-0.0321073902252024,0.0634834249476953,0.09559081517289769,2.977221583642278,0.09559081517289769,1,1,True
upgrade/oracle_shape_test.csv,Control | TSC22D3,energy_vs_oracleMEAN,-0.1536222611534358,0.3024875534167177,0.4561098145701535,2.9690346382455424,0.4561098145701535,1,1,True
upgrade/class_c_protein_oracle.csv,Control | GPATCH4,energy_rho_partial_magmatch,-0.0676290597020376,0.1308676524856012,0.1984967121876388,2.935080172076654,0.1984967121876388,1,1,True
upgrade/oracle_shape_test.csv,Control | HLA-B,energy_vs_oracleMEAN,-0.104693618205702,0.2017801164493893,0.3064737346550913,2.9273392199793093,0.3064737346550913,1,1,True
upgrade/class_c_protein_oracle.csv,Control | SLC5A3,energy_rho_partial_magmatch,-0.1508791639221,0.2886524188500402,0.4395315827721402,2.9131363890581574,0.4395315827721402,1,1,True
upgrade/class_c_protein_oracle.csv,Control | UQCRFS1,energy_rho,-0.0895662808110399,0.1699473421050311,0.259513622916071,2.8974477958236653,0.259513622916071,1,1,True
upgrade/oracle_shape_test.csv,Co-culture | TRIM22,energy_vs_oracleMEAN,-0.0386043991652148,0.0728298243612412,0.111434223526456,2.886568006137131,0.111434223526456,1,1,True
upgrade/class_c_protein_oracle.csv,Control | TSC22D3,energy_rho,-0.1587237414951286,0.2985391558867647,0.4572628973818933,2.8808727231012705,0.4572628973818933,1,1,True
upgrade/class_c_protein_oracle.csv,Control | MFGE8,energy_rho_partial_magmatch,-0.0764452583335117,0.1429181365578789,0.21936339489139062,2.869548742112461,0.21936339489139062,1,1,True
upgrade/oracle_shape_test.csv,Control | LY96,energy_vs_oracleMEAN,-0.1276787074949023,0.2381620492875881,0.3658407567824904,2.8653231534090913,0.3658407567824904,1,1,True
upgrade/class_c_protein_oracle.csv,Control | KLF4,energy_rho,-0.1176483923661795,0.217658158717455,0.3353065510836345,2.8500733783084438,0.3353065510836345,1,1,True
upgrade/oracle_shape_test.csv,Control | HLA-F,mean_vs_oracleDIST,0.0603015391823353,-0.1103082772770037,-0.17060981645933898,-2.829277971553292,0.17060981645933898,1,1,True
upgrade/class_c_protein_oracle.csv,Control | TMEM173,energy_rho_partial_magmatch,0.091975621951327,0.3507751327782487,0.25879951082692165,2.813783754176481,0.25879951082692165,0,1,True
upgrade/class_c_protein_oracle.csv,Control | GSN,energy_rho_partial_magmatch,-0.1197806529780489,0.2167840270632109,0.3365646800412598,2.8098417538510074,0.3365646800412598,1,1,True
upgrade/class_c_protein_oracle.csv,IFNγ | LAMP2,energy_rho_partial_magmatch,-0.030669629514119,0.0553548269723077,0.0860244564864267,2.8048743284239768,0.0860244564864267,1,1,True
upgrade/class_c_protein_oracle.csv,Co-culture | VDAC2,energy_rho,0.0365808385973223,0.1388459513664749,0.1022651127691526,2.795592356284537,0.1022651127691526,0,1,True
upgrade/class_c_protein_oracle.csv,Control | RNASEH2A,energy_rho_partial_magmatch,0.0407925510678305,-0.0729553031323953,-0.1137478542002258,-2.788446694865542,0.1137478542002258,1,1,True
upgrade/class_c_protein_oracle.csv,IFNγ | GRN,energy_rho_partial_magmatch,0.0399074759918391,-0.0713271737294192,-0.1112346497212583,-2.7873135786388814,0.1112346497212583,1,1,True
upgrade/class_c_protein_oracle.csv,Control | JAK2,energy_rho_partial_magmatch,-0.0921960269171138,0.1634951441637394,0.2556911710808532,2.773342622570114,0.2556911710808532,1,1,True
upgrade/oracle_shape_test.csv,Control | ENPP1,magmatch_vs_oracleDIST,0.0579627276311,0.2178507870976192,0.1598880594665192,2.7584633436182706,0.1598880594665192,0,1,True
upgrade/oracle_shape_test.csv,Control | RNASEH2A,energy_vs_oracleMEAN,0.045729622301456,-0.0802009589505197,-0.1259305812519757,-2.7538075959128614,0.1259305812519757,1,1,True
upgrade/oracle_shape_test.csv,Co-culture | SERPINA3,energy_vs_oracleMEAN,0.0424812167242245,0.159332796268422,0.1168515795441975,2.750664612616051,0.1168515795441975,0,1,True
upgrade/oracle_shape_test.csv,IFNγ | FTH1,magmatch_vs_oracleDIST,-0.0633721882187828,0.1107247280807765,0.1740969162995593,2.747213268043015,0.1740969162995593,1,1,True
upgrade/class_c_protein_oracle.csv,Control | NONO,energy_rho,-0.0325065838111922,0.0563758118774346,0.0888823956886268,2.734289035257654,0.0888823956886268,1,1,True
upgrade/oracle_shape_test.csv,IFNγ | LRPAP1,energy_vs_oracleMEAN,-0.0403711356282406,0.0694018426831962,0.1097729783114368,2.719095626199029,0.1097729783114368,1,1,True
upgrade/class_c_protein_oracle.csv,Control | TIMP2,energy_rho,-0.1192151568086872,0.2049400939302991,0.3241552507389863,2.7190775016903315,0.3241552507389863,1,1,True
upgrade/class_c_protein_oracle.csv,IFNγ | NPC1,energy_rho,-0.0386745156134263,0.0662518680233389,0.10492638363676521,2.7130626453234443,0.10492638363676521,1,1,True
upgrade/class_c_protein_oracle.csv,Control | SMAD4,energy_rho,0.0653381075148017,0.2406671091558741,0.1753290016410724,2.683411079841169,0.1753290016410724,0,1,True
upgrade/oracle_shape_test.csv,Control | GSEC,energy_vs_oracleMEAN,0.1509245043722047,0.5540653381075148,0.40314083373531007,2.671142339756163,0.40314083373531007,0,1,True
upgrade/oracle_shape_test.csv,Control | SET,energy_vs_oracleDIST,0.0977263023729428,0.3562814785520779,0.25855517617913515,2.645707142304819,0.25855517617913515,0,1,True
upgrade/class_c_protein_oracle.csv,Co-culture | S100A6,energy_rho,0.0301406928600675,0.1096788093143503,0.0795381164542828,2.6388947601022292,0.0795381164542828,0,1,True
upgrade/oracle_shape_test.csv,Control | NOLC1,magmatch_vs_oracleDIST,-0.0928094116728441,0.151816199890931,0.2446256115637751,2.635784530410424,0.2446256115637751,1,1,True
upgrade/oracle_shape_test.csv,Control | C19orf48,energy_vs_oracleMEAN,0.0163616052030685,-0.026665222489367,-0.0430268276924355,-2.629743668693713,0.0430268276924355,1,1,True
upgrade/class_c_protein_oracle.csv,Control | CD58,energy_rho_partial_magmatch,-0.0686643333127622,0.1112553889014134,0.1799197222141756,2.6202791687301663,0.1799197222141756,1,1,True
upgrade/class_c_protein_oracle.csv,Control | FKBP4,energy_rho,-0.146264513666997,0.2366607766063428,0.38292529027333977,2.6180327727691526,0.38292529027333977,1,1,True
upgrade/class_c_protein_oracle.csv,IFNγ | UQCRH,energy_rho,-0.0919174280190349,0.1486834821254532,0.2406009101444881,2.617576615553938,0.2406009101444881,1,1,True
upgrade/oracle_shape_test.csv,Co-culture | AHNAK,mean_vs_oracleDIST,0.0155959248703717,-0.0251542131120672,-0.0407501379824389,-2.6128708826915306,0.0407501379824389,1,1,True
exp12_partial_observed_retrieval/recommendation_vs_outcome.csv,mean_sufficient | DART_coverage_mean,mean_ndcg_gain,-0.0310672009088999,-0.1120878865956724,-0.0810206856867725,-2.607917138217698,0.0810206856867725,0,1,True
upgrade/oracle_shape_test.csv,IFNγ | KLF4,energy_vs_oracleMEAN,-0.0413306823645601,0.0662924122516341,0.1076230946161942,2.6039515550916232,0.1076230946161942,1,1,True
upgrade/class_c_protein_oracle.csv,Control | ARMC6,energy_rho_partial_magmatch,0.0842009942153142,0.3032306330156563,0.2190296388003421,2.6012714082716344,0.2190296388003421,0,1,True
upgrade/class_c_protein_oracle.csv,Control | XAGE1A,energy_rho,-0.0989794620355595,0.1576462261002301,0.2566256881357896,2.5927165379378794,0.2566256881357896,1,1,True
upgrade/oracle_shape_test.csv,Control | XAGE1A,energy_vs_oracleMEAN,-0.0973723949707365,0.1547129508698439,0.2520853458405804,2.5888789724884558,0.2520853458405804,1,1,True
upgrade/oracle_shape_test.csv,Control | FKBP4,energy_vs_oracleMEAN,-0.1445478738477543,0.228212339403496,0.3727602132512503,2.578801080421713,0.3727602132512503,1,1,True
upgrade/class_c_protein_oracle.csv,IFNγ | HNRNPA1,energy_rho_partial_magmatch,0.0188743778670097,0.0675056203136979,0.048631242446688205,2.5765745917215197,0.048631242446688205,0,1,True
upgrade/class_c_protein_oracle.csv,Control | LY96,energy_rho,-0.131857585646221,0.2075950291753202,0.3394526148215412,2.5743882170898056,0.3394526148215412,1,1,True
upgrade/class_c_protein_oracle.csv,Control | HLA-B,energy_rho,-0.1213405286131451,0.1906817818293108,0.3120223104424559,2.571459956608874,0.3120223104424559,1,1,True
upgrade/class_c_protein_oracle.csv,Control | KCNN4,energy_rho,-0.1127491048409746,0.1756300118514898,0.2883791166924644,2.5577064855566234,0.2883791166924644,1,1,True
exp12_partial_observed_retrieval/summary.csv,leave_MoA_out | mean_or_no_call | DART_sliced_wasserstein,target_mrr,0.006809163059163,0.0241161616161616,0.0173069985569986,2.5417218543046642,0.0173069985569986,0,1,True
upgrade/class_c_protein_oracle.csv,Control | RTP4,energy_rho,-0.0993271034275866,0.152432170329095,0.2517592737566816,2.534648299094155,0.2517592737566816,1,1,True
upgrade/class_c_protein_oracle.csv,IFNγ | C19orf48,energy_rho_partial_magmatch,0.0107624134211791,0.0380372435122737,0.0272748300910946,2.5342670852451277,0.0272748300910946,0,1,True
upgrade/class_c_protein_oracle.csv,Control | MFGE8,energy_rho,-0.0843659830754175,0.128326068365842,0.21269205144125952,2.521064102946885,0.21269205144125952,1,1,True
exp12_partial_observed_retrieval/summary.csv,leave_MoA_out | mean_or_no_call | DART_energy,target_mrr,0.0069885340661423,0.0246025192350543,0.017613985168911998,2.520412006610564,0.017613985168911998,0,1,True
upgrade/class_c_protein_oracle.csv,Control | DLL3,energy_rho_partial_magmatch,-0.2166782326796332,0.3269739153871634,0.5436521480667966,2.5090298242860714,0.5436521480667966,1,1,True
upgrade/oracle_shape_test.csv,Control | TIMP2,energy_vs_oracleMEAN,-0.1325830328478966,0.1973443090808105,0.3299273419287071,2.488458250213736,0.3299273419287071,1,1,True
upgrade/class_c_protein_oracle.csv,IFNγ | PROS1,energy_rho_partial_magmatch,-0.0149873299286577,-0.0522755448130677,-0.03728821488441,-2.487982520029144,0.03728821488441,0,1,True
upgrade/class_c_protein_oracle.csv,IFNγ | SPINT1,energy_rho,-0.0402713344508986,0.058497539666432,0.0987688741173306,2.4525850822687776,0.0987688741173306,1,1,True
upgrade/class_c_protein_oracle.csv,IFNγ | LGALS3,energy_rho_partial_magmatch,-0.0695349109196522,0.1009847569295544,0.17051966784920658,2.452288578412685,0.17051966784920658,1,1,True
upgrade/class_c_protein_oracle.csv,Control | IFNGR1,energy_rho,-0.1558300891821464,0.2262891486448873,0.3821192378270337,2.4521531100478478,0.3821192378270337,1,1,True
upgrade/class_c_protein_oracle.csv,Control | SMAD3,energy_rho,0.1651236219966674,0.5692795780315444,0.404155956034877,2.4475962381871312,0.404155956034877,0,1,True
upgrade/oracle_shape_test.csv,Control | NSG1,energy_vs_oracleMEAN,-0.1382203621442506,0.198970330648495,0.3371906927927456,2.439515333065356,0.3371906927927456,1,1,True
upgrade/class_c_protein_oracle.csv,Control | ATP5MD,energy_rho_partial_magmatch,0.1026961194871995,0.3532247765408511,0.25052865705365157,2.4395143487858717,0.25052865705365157,0,1,True
upgrade/class_c_protein_oracle.csv,Co-culture | PTMA,energy_rho,-0.0450920240069173,0.0647889273476667,0.109880951354584,2.436815684692437,0.109880951354584,1,1,True
upgrade/oracle_shape_test.csv,Control | NT5E,energy_vs_oracleMEAN,-0.2382212437641137,0.341821653339513,0.5800428971036267,2.434891565245895,0.5800428971036267,1,1,True
upgrade/class_c_protein_oracle.csv,Control | JAK2,energy_rho,-0.1080677033676619,0.1541764222102713,0.2622441255779332,2.4266651127556664,0.2622441255779332,1,1,True
upgrade/oracle_shape_test.csv,IFNγ | RPSA,magmatch_vs_oracleDIST,0.0441802138967941,0.151386430678466,0.10720621678167189,2.426566268604037,0.10720621678167189,0,1,True
upgrade/oracle_shape_test.csv,IFNγ | SLIRP,magmatch_vs_oracleDIST,-0.0772549478252959,0.1099554273387652,0.1872103751640611,2.4232800672834323,0.1872103751640611,1,1,True
upgrade/oracle_shape_test.csv,IFNγ | NME1,energy_vs_oracleMEAN,-0.054353710538567,0.0772539082296986,0.1316076187682656,2.4213180197676225,0.1316076187682656,1,1,True
upgrade/class_c_protein_oracle.csv,IFNγ | SLC19A1,energy_rho,-0.0175031512741543,0.0248458149779735,0.042348966252127807,2.4195052415882166,0.042348966252127807,1,1,True
upgrade/oracle_shape_test.csv,Control | IFNGR1,mean_vs_oracleDIST,0.0472774948897534,-0.0670081685254716,-0.114285663415225,-2.4173375446759233,0.114285663415225,1,1,True
upgrade/class_c_protein_oracle.csv,Control | FRZB,energy_rho_partial_magmatch,-0.1177592245775466,0.1668805644382255,0.2846397890157721,2.4171336898395723,0.2846397890157721,1,1,True
upgrade/class_c_protein_oracle.csv,Control | NT5E,energy_rho,-0.2353169360435167,0.3333669188519294,0.568683854895446,2.416672018839649,0.568683854895446,1,1,True
upgrade/class_c_protein_oracle.csv,IFNγ | TM4SF1,energy_rho_partial_magmatch,0.0499801177342014,0.1702519719828986,0.1202718542486972,2.40639397626699,0.1202718542486972,0,1,True
upgrade/oracle_shape_test.csv,Co-culture | PYGB,energy_vs_oracleMEAN,0.0828780733307889,0.2820442134537655,0.19916614012297662,2.4031222266479393,0.19916614012297662,0,1,True
upgrade/class_c_protein_oracle.csv,IFNγ | ST6GALNAC2,energy_rho_partial_magmatch,-0.0267004535235793,0.0373188829545306,0.0640193364781099,2.397687231101678,0.0640193364781099,1,1,True
upgrade/class_c_magnitude_control_v2.csv,K562 | Alisertib (MLN8237),energydist_vs_candmag_rho,-0.0401069518716577,-0.1356951871657754,-0.0955882352941177,-2.3833333333333377,0.0955882352941177,0,1,True
upgrade/oracle_shape_test.csv,Control | LAMP2,energy_vs_oracleMEAN,-0.1124934350806619,0.1547582913199486,0.26725172640061046,2.3757095354851705,0.26725172640061046,1,1,True
upgrade/oracle_shape_test.csv,Control | MRPL47,energy_vs_oracleMEAN,-0.1852295927042178,0.2547012379202336,0.4399308306244514,2.3750569452849306,0.4399308306244514,1,1,True
upgrade/class_c_protein_oracle.csv,Control | RNASEH2A,energy_rho,0.0539186113731481,-0.0734553075404946,-0.1273739189136427,-2.362336782602601,0.1273739189136427,1,1,True
upgrade/oracle_shape_test.csv,Control | SMAD3,energy_vs_oracleMEAN,0.1744033007847676,0.5857142317375593,0.4113109309527917,2.358389601011013,0.4113109309527917,0,1,True
upgrade/oracle_shape_test.csv,Control | HNRNPC,magmatch_vs_oracleDIST,-0.1113586643710964,0.15083634238589,0.26219500675698637,2.354509262819788,0.26219500675698637,1,1,True
upgrade/oracle_shape_test.csv,Control | MFGE8,energy_vs_oracleMEAN,-0.0873710473518028,0.116990955839661,0.2043620031914638,2.3390128582136884,0.2043620031914638,1,1,True
upgrade/class_c_protein_oracle.csv,Control | LAMP2,energy_rho,-0.1098435376634302,0.1470025554381461,0.2568460931015763,2.3382904316917963,0.2568460931015763,1,1,True
upgrade/oracle_shape_test.csv,Control | RTP4,energy_vs_oracleMEAN,-0.1076004448401938,0.1434824184477826,0.2510828632879764,2.3334742124986567,0.2510828632879764,1,1,True
upgrade/class_c_protein_oracle.csv,Control | MRPL47,energy_rho,-0.1854147328754787,0.2466508667742995,0.4320655996497782,2.330265739669921,0.4320655996497782,1,1,True
upgrade/oracle_shape_test.csv,IFNγ | SP100,energy_vs_oracleMEAN,0.055644874143958,0.185006952295557,0.129362078151599,2.3247797778628874,0.129362078151599,0,1,True
upgrade/class_c_protein_oracle.csv,Control | IFNGR1,energy_rho_partial_magmatch,-0.1210287748128761,0.1599762214528339,0.28100499626571,2.3218031968031974,0.28100499626571,1,1,True
upgrade/class_c_protein_oracle.csv,IFNγ | NPC1,energy_rho_partial_magmatch,0.035374839187556,0.1174841786545033,0.08210933946694729,2.321122621409155,0.08210933946694729,0,1,True
upgrade/class_c_protein_oracle.csv,Control | RBP7,energy_rho,-0.1703327359309213,0.2246442978716437,0.394977033802565,2.3188556893887298,0.394977033802565,1,1,True
upgrade/class_c_protein_oracle.csv,Control | PFDN4,energy_rho_partial_magmatch,-0.166743283630964,0.2187827852386607,0.3855260688696247,2.3120935396886537,0.3855260688696247,1,1,True
upgrade/oracle_shape_test.csv,Co-culture | IFNGR2,magmatch_vs_oracleDIST,-0.0277592288967949,0.0363526535774951,0.06411188247429,2.309570006884896,0.06411188247429,1,1,True
upgrade/oracle_shape_test.csv,Control | NPC2,energy_vs_oracleMEAN,0.164551828542569,0.5439229313104775,0.37937110276790853,2.3054809304034354,0.37937110276790853,0,1,True
upgrade/oracle_shape_test.csv,Control | IFNGR1,energy_vs_oracleMEAN,-0.1653944052403484,0.2143192698172402,0.3797136750575886,2.2958072524024917,0.3797136750575886,1,1,True
upgrade/class_c_protein_oracle.csv,Co-culture | SLC5A3,energy_rho,-0.0465584312916951,0.0597931624416723,0.1063515937333674,2.2842606759463124,0.1063515937333674,1,1,True
exp12_partial_observed_retrieval/summary.csv,partial_library | mean_or_no_call | DART_coverage_mean,decision_regret,0.016240119934082,0.0532093048095703,0.036969184875488295,2.276410828586534,0.036969184875488295,0,1,True
upgrade/class_c_protein_oracle.csv,Control | FKBP4,energy_rho_partial_magmatch,-0.1747710622133948,0.2228659446619806,0.3976370068753754,2.2751879049053447,0.3976370068753754,1,1,True
upgrade/class_c_protein_oracle.csv,IFNγ | ILF2,energy_rho,-0.0723667693267319,0.0922428215255632,0.1646095908522951,2.274657171844884,0.1646095908522951,1,1,True
upgrade/oracle_shape_test.csv,Control | SNHG6,energy_vs_oracleMEAN,-0.1600927716279604,0.2039829066503105,0.3640756782782709,2.274154382962064,0.3640756782782709,1,1,True
upgrade/class_c_protein_oracle.csv,IFNγ | APOC2,energy_rho_partial_magmatch,0.0716858342104921,-0.0905888009564279,-0.16227463516692,-2.263691801234129,0.16227463516692,1,1,True
upgrade/class_c_protein_oracle.csv,Control | VDAC2,energy_rho,0.1764385832116907,0.5757949301174635,0.3993563469057728,2.2634297988361523,0.3993563469057728,0,1,True
exp09_predict_then_rank/runtime.csv,scgen,fit_seconds,11.29088233000948,36.794304230978014,25.503421900968533,2.2587625267499463,25.503421900968533,0,1,True
upgrade/oracle_shape_test.csv,IFNγ | CYP27A1,energy_vs_oracleMEAN,-0.0597055345470611,0.0750676386885501,0.1347731732356112,2.2572978243646786,0.1347731732356112,1,1,True
upgrade/oracle_shape_test.csv,Control | RBP7,energy_vs_oracleMEAN,-0.1738743288668791,0.2184968885116115,0.39237121737849057,2.2566368476331897,0.39237121737849057,1,1,True
upgrade/class_c_protein_oracle.csv,Control | WNT7A,energy_rho_partial_magmatch,-0.1973191199418634,0.2462137575520187,0.44353287749388215,2.24779472777175,0.44353287749388215,1,1,True
upgrade/class_c_protein_oracle.csv,Control | ST3GAL6-AS1,energy_rho,-0.1135123357510708,0.1415327339157902,0.25504506966686097,2.2468489259719515,0.25504506966686097,1,1,True
upgrade/oracle_shape_test.csv,IFNγ | SLIRP,energy_vs_oracleMEAN,-0.0775408366145569,0.0963595961171104,0.17390043273166728,2.242694821518351,0.17390043273166728,1,1,True
upgrade/class_c_protein_oracle.csv,Control | TPP1,energy_rho,-0.1714556497700255,0.2125295814950509,0.38398523126507644,2.2395600948707037,0.38398523126507644,1,1,True
upgrade/class_c_protein_oracle.csv,IFNγ | SP100,energy_rho,0.0588686600912245,0.1904846310045497,0.13161597091332522,2.2357561851988725,0.13161597091332522,0,1,True
upgrade/class_c_protein_oracle.csv,Control | NPC2,energy_rho,0.1669498345703299,0.5400689930515761,0.37311915848124616,2.234917808942569,0.37311915848124616,0,1,True
upgrade/oracle_shape_test.csv,Control | VDAC2,energy_vs_oracleMEAN,0.1815771675568928,0.5870190291350176,0.4054418615781248,2.232890109661444,0.4054418615781248,0,1,True
upgrade/class_c_protein_oracle.csv,IFNγ | RTP4,energy_rho,0.0487939391576676,0.1575684268497517,0.10877448769208409,2.229262272525316,0.10877448769208409,0,1,True
upgrade/class_c_protein_oracle.csv,IFNγ | WBP2,energy_rho_partial_magmatch,-0.0463041077021038,0.0565181344457006,0.1028222421478044,2.220585759028302,0.1028222421478044,1,1,True
upgrade/oracle_shape_test.csv,Co-culture | CD58,mean_vs_oracleDIST,0.0125310641472106,0.0403244628819999,0.027793398734789303,2.2179599759670916,0.027793398734789303,0,1,True
upgrade/oracle_shape_test.csv,Control | TM4SF1,energy_vs_oracleDIST,0.1462040597335241,0.4704172454920887,0.3242131857585646,2.217538872377999,0.3242131857585646,0,1,True
exp12_partial_observed_retrieval/summary.csv,leave_MoA_out | mean_or_no_call | DART_mmd,target_mrr,0.0071274615459978,0.0229078697440522,0.0157804081980544,2.2140292299318522,0.0157804081980544,0,1,True
upgrade/oracle_shape_test.csv,Co-culture | CD59,energy_vs_oracleMEAN,-0.008062925801913,-0.0258567293027016,-0.0177938035007886,-2.2068668294785576,0.0177938035007886,0,1,True
upgrade/class_c_protein_oracle.csv,IFNγ | SLIRP,energy_rho,-0.0818478811742232,0.0982838875677361,0.1801317687419593,2.2008116295463633,0.1801317687419593,1,1,True
upgrade/class_c_protein_oracle.csv,Co-culture | UQCRFS1,energy_rho_partial_magmatch,-0.0367650082326143,0.0441260021463291,0.08089101037894339,2.2002173878798383,0.08089101037894339,1,1,True
upgrade/class_c_protein_oracle.csv,Co-culture | SLC5A3,energy_rho_partial_magmatch,0.0331198394133444,0.1059560344223473,0.0728361950090029,2.199171140294125,0.0728361950090029,0,1,True
upgrade/class_c_protein_oracle.csv,IFNγ | CD274,energy_rho_partial_magmatch,-0.0721162267877795,0.0862807168011643,0.1583969435889438,2.1964119677956453,0.1583969435889438,1,1,True
upgrade/oracle_shape_test.csv,Control | HSPA1A,magmatch_vs_oracleDIST,-0.076485560955827,0.0907199433748156,0.1672055043306426,2.18610548502363,0.1672055043306426,1,1,True
exp12_partial_observed_retrieval/summary.csv,partial_library | mean_or_no_call | DART_coverage_worst,decision_regret,0.0220403671264648,0.0699424743652343,0.047902107238769503,2.173380641253086,0.047902107238769503,0,1,True
upgrade/class_c_protein_oracle.csv,IFNγ | NPC2,energy_rho_partial_magmatch,0.0779514768754954,0.2471300664041687,0.16917858952867332,2.1703064048277936,0.16917858952867332,0,1,True
upgrade/oracle_shape_test.csv,IFNγ | HLA-B,magmatch_vs_oracleDIST,0.009861084038309,0.0311675958052317,0.0213065117669227,2.160666280111774,0.0213065117669227,0,1,True
upgrade/class_c_protein_oracle.csv,Control | ISYNA1,energy_rho,-0.0659023442272161,0.076022080799201,0.1419244250264171,2.153556549325384,0.1419244250264171,1,1,True
upgrade/class_c_protein_oracle.csv,IFNγ | MC1R,energy_rho,0.0185723801729322,-0.0213995555728821,-0.0399719357458143,-2.152224721528708,0.0399719357458143,1,1,True
upgrade/oracle_shape_test.csv,Control | FSTL3,mean_vs_oracleDIST,0.0818785556043945,-0.093208630302786,-0.1750871859071805,-2.1383765824245122,0.1750871859071805,1,1,True
upgrade/class_c_protein_oracle.csv,Control | SNHG6,energy_rho,-0.1683767992916814,0.1909928676953071,0.35936966698698847,2.134318198818161,0.35936966698698847,1,1,True
upgrade/class_c_protein_oracle.csv,IFNγ | KLF4,energy_rho,-0.0465281526459419,0.052678907904825,0.09920706055076689,2.1321942718355387,0.09920706055076689,1,1,True
upgrade/class_c_protein_oracle.csv,Control | NSG1,energy_rho,-0.1497753442255734,0.1688239596646274,0.3185993038902008,2.127181249607848,0.3185993038902008,1,1,True
upgrade/class_c_protein_oracle.csv,Control | PYGB,energy_rho,-0.1293600825196191,0.1455289908097426,0.27488907332936174,2.1249914809514077,0.27488907332936174,1,1,True
upgrade/oracle_shape_test.csv,Control | LRPAP1,energy_vs_oracleMEAN,-0.1882925920001813,0.2099691055210814,0.3982616975212627,2.115121435690254,0.3982616975212627,1,1,True
upgrade/oracle_shape_test.csv,Control | MT2A,energy_vs_oracleMEAN,-0.1270383136370011,0.1405264278148548,0.26756474145185594,2.1061735927666247,0.26756474145185594,1,1,True
upgrade/class_c_protein_oracle.csv,Control | NPC2,energy_rho_partial_magmatch,0.1500592574493729,0.46610990273214,0.31605064528276705,2.1061722592449614,0.31605064528276705,0,1,True
upgrade/oracle_shape_test.csv,Control | TPP1,energy_vs_oracleMEAN,-0.1863738680233633,0.2043607437345165,0.3907346117578798,2.0965096443075293,0.3907346117578798,1,1,True
upgrade/oracle_shape_test.csv,IFNγ | RNASEH2A,energy_vs_oracleMEAN,0.0421259839450026,-0.0454953023273946,-0.08762128627239721,-2.079981950968571,0.08762128627239721,1,1,True
upgrade/class_c_protein_oracle.csv,Control | TOP1MT,energy_rho_partial_magmatch,0.1605014149998803,0.4938960419046515,0.3333946269047712,2.077206776681812,0.3333946269047712,0,1,True
upgrade/class_c_protein_oracle.csv,Control | DNMT1,energy_rho_partial_magmatch,0.0676995892910894,0.207982941915105,0.1402833526240156,2.072144810522206,0.1402833526240156,0,1,True
upgrade/oracle_shape_test.csv,Co-culture | NPC1,energy_vs_oracleMEAN,-0.0686090005116818,0.0728715231465903,0.1414805236582721,2.062127747134033,0.1414805236582721,1,1,True
upgrade/class_c_protein_oracle.csv,Co-culture | MRPL47,energy_rho,0.0316951309139157,0.0969826874751327,0.06528755656121699,2.059860763425734,0.06528755656121699,0,1,True
upgrade/oracle_shape_test.csv,Control | PYGB,energy_vs_oracleMEAN,-0.1368525918994247,0.1448299922039614,0.2816825841033861,2.058291919749678,0.2816825841033861,1,1,True
upgrade/oracle_shape_test.csv,Co-culture | UQCRFS1,energy_vs_oracleMEAN,-0.0441989750206901,0.0464854584173341,0.0906844334380242,2.051731593223003,0.0906844334380242,1,1,True
upgrade/class_c_protein_oracle.csv,Control | UQCRH,energy_rho_partial_magmatch,0.1610165328913479,0.4886378091494509,0.327621276258103,2.0347058179372057,0.327621276258103,0,1,True
upgrade/class_c_protein_oracle.csv,Control | SNHG6,energy_rho_partial_magmatch,-0.1886993965941765,0.1942498233611631,0.3829492199553396,2.02941412037964,0.3829492199553396,1,1,True
upgrade/class_c_protein_oracle.csv,IFNγ | LAMP2,energy_rho,0.0399584161761074,0.120954348758333,0.0809959325822256,2.0270055806329985,0.0809959325822256,0,1,True
upgrade/oracle_shape_test.csv,Control | ISYNA1,energy_vs_oracleMEAN,-0.0711278311017855,0.072352023254613,0.14347985435639848,2.0172111553784853,0.14347985435639848,1,1,True
upgrade/oracle_shape_test.csv,IFNγ | ILF2,energy_vs_oracleMEAN,-0.0721931568619806,0.0733689394825412,0.1455620963445218,2.016286621498052,0.1455620963445218,1,1,True
upgrade/oracle_shape_test.csv,Control | UCN2,energy_vs_oracleDIST,0.145343266673412,0.4380378668325791,0.29269460015916715,2.013816029172203,0.29269460015916715,0,1,True
upgrade/class_c_protein_oracle.csv,Control | CYP27A1,energy_rho_partial_magmatch,0.10924403615649,0.3288555440665093,0.2196115079100193,2.0102837247374308,0.2196115079100193,0,1,True
upgrade/class_c_protein_oracle.csv,IFNγ | P2RX4,energy_rho,0.0300302782217717,0.0902727638948449,0.0602424856730732,2.0060581932736774,0.0602424856730732,0,1,True
exp13_real_data_projection/projection.csv,frangieh | IFNγ:LINC00518:s1,bootstrap_rank_stability,0.2,0.6,0.39999999999999997,1.9999999999999998,0.39999999999999997,0,1,True
exp13_real_data_projection/projection.csv,frangieh | Co-culture:EEA1:s2,bootstrap_rank_stability,0.2,0.6,0.39999999999999997,1.9999999999999998,0.39999999999999997,0,1,True
upgrade/oracle_shape_test.csv,Control | DAG1,mean_vs_oracleDIST,-0.0643393581555504,-0.1928933882288634,-0.128554030073313,-1.9980620534403475,0.128554030073313,0,1,True
upgrade/oracle_shape_test.csv,Control | ST3GAL6-AS1,energy_vs_oracleMEAN,-0.1272706434439598,0.1267907903470181,0.2540614337909779,1.9962296639353991,0.2540614337909779,1,1,True
upgrade/class_c_protein_oracle.csv,Control | CD274,energy_rho_partial_magmatch,-0.1760531893858006,0.1740229447866668,0.3500761341724674,1.9884680044353826,0.3500761341724674,1,1,True
upgrade/oracle_shape_test.csv,Co-culture | SLIRP,mean_vs_oracleDIST,0.0483885446486848,0.1444347469028516,0.0960462022541668,1.9848954530765648,0.0960462022541668,0,1,True
upgrade/oracle_shape_test.csv,Control | MRPL47,magmatch_vs_oracleDIST,-0.1697987261852434,0.1671626827944327,0.3369614089796761,1.9844754819424566,0.3369614089796761,1,1,True
upgrade/oracle_shape_test.csv,Control | NPC1,magmatch_vs_oracleDIST,0.0911191912271267,0.2713311074530883,0.1802119162259616,1.9777602698070427,0.1802119162259616,0,1,True
upgrade/oracle_shape_test.csv,Control | ISYNA1,mean_vs_oracleDIST,0.0189346757465116,-0.0182961310742034,-0.037230806820715,-1.9662764400691761,0.037230806820715,1,1,True
upgrade/class_c_protein_oracle.csv,Control | LGALS3,energy_rho,-0.228818138195173,0.2206518888239328,0.44947002701910577,1.9643111798931134,0.44947002701910577,1,1,True
upgrade/oracle_shape_test.csv,IFNγ | SGK1,energy_vs_oracleMEAN,-0.0559463568671786,0.0538952347536808,0.10984159162085941,1.9633377001049892,0.10984159162085941,1,1,True
upgrade/class_c_protein_oracle.csv,IFNγ | GSEC,energy_rho,-0.0608636440424674,0.0585110392057489,0.11937468324821629,1.9613463033025595,0.11937468324821629,1,1,True
upgrade/class_c_protein_oracle.csv,IFNγ | LRPAP1,energy_rho_partial_magmatch,0.0760022351305342,0.224938858783933,0.1489366236533988,1.9596347843928463,0.1489366236533988,0,1,True
upgrade/oracle_shape_test.csv,IFNγ | NT5E,energy_vs_oracleMEAN,-0.0541624108221901,0.0518092996528547,0.1059717104750448,1.9565545341572694,0.1059717104750448,1,1,True
upgrade/class_c_protein_oracle.csv,Control | MDH2,energy_rho_partial_magmatch,0.1381120488467782,0.408047678002199,0.2699356291554208,1.9544683567390124,0.2699356291554208,0,1,True
upgrade/oracle_shape_test.csv,IFNγ | ROMO1,magmatch_vs_oracleDIST,0.0808893740335009,0.2388029056696945,0.1579135316361936,1.952216017530221,0.1579135316361936,0,1,True
upgrade/class_c_protein_oracle.csv,Control | CST3,energy_rho_partial_magmatch,0.221573741833996,-0.2109565197678065,-0.4325302616018025,-1.952082670183257,0.4325302616018025,1,1,True
upgrade/oracle_shape_test.csv,IFNγ | CTSL,magmatch_vs_oracleDIST,-0.0690577365404857,0.0655002404064818,0.1345579769469675,1.9484851906213534,0.1345579769469675,1,1,True
upgrade/oracle_shape_test.csv,Co-culture | MRPL47,magmatch_vs_oracleDIST,0.0744989340747995,0.2195863827983243,0.1450874487235248,1.9475103976367232,0.1450874487235248,0,1,True
upgrade/class_c_protein_oracle.csv,Control | SAT1,energy_rho,-0.1930180744666514,0.1821892636333065,0.3752073380999579,1.9438974258588624,0.3752073380999579,1,1,True
upgrade/class_c_protein_oracle.csv,Control | MC1R,energy_rho_partial_magmatch,0.0915310336489112,0.2692794520858496,0.1777484184369384,1.9419470244238062,0.1777484184369384,0,1,True
upgrade/class_c_protein_oracle.csv,Control | LRPAP1,energy_rho,-0.1988657956889503,0.1871112213835638,0.3859770170725141,1.9408919253073964,0.3859770170725141,1,1,True
upgrade/class_c_protein_oracle.csv,Control | SCARB2,energy_rho_partial_magmatch,0.1209280182570879,0.3554061559736673,0.2344781377165794,1.9389893351108154,0.2344781377165794,0,1,True
upgrade/class_c_protein_oracle.csv,IFNγ | PABPC1,energy_rho,0.0502109079568048,0.1475201746520603,0.0973092666952555,1.9380104972204097,0.0973092666952555,0,1,True
upgrade/oracle_shape_test.csv,IFNγ | TM4SF1,energy_vs_oracleMEAN,0.0740924980182708,0.217437136953725,0.14334463893545418,1.9346714278698796,0.14334463893545418,0,1,True
upgrade/class_c_protein_oracle.csv,IFNγ | DAG1,energy_rho,0.0328756599159653,-0.030666510727327,-0.0635421706432923,-1.9328028944731397,0.0635421706432923,1,1,True
exp12_partial_observed_retrieval/summary.csv,leave_MoA_out | mean_or_no_call | mean_l2,target_mrr,0.0065938771141083,0.0193272015608148,0.012733324446706499,1.9310830678755295,0.012733324446706499,0,1,True
upgrade/oracle_shape_test.csv,IFNγ | GSEC,energy_vs_oracleMEAN,-0.0608272581965615,0.0565836289683313,0.1174108871648928,1.9302347441912138,0.1174108871648928,1,1,True
upgrade/class_c_protein_oracle.csv,Control | TIMM50,energy_rho_partial_magmatch,0.1673893850449563,0.4884879337727159,0.32109854872775956,1.9182730651738826,0.32109854872775956,0,1,True
upgrade/oracle_shape_test.csv,Control | SAT1,energy_vs_oracleMEAN,-0.1988909222121605,0.180565823628168,0.3794567458403285,1.9078635747666512,0.3794567458403285,1,1,True
upgrade/class_c_protein_oracle.csv,IFNγ | SGK1,energy_rho,-0.0475131573817784,0.0431343807258976,0.090647538107676,1.907840756178412,0.090647538107676,1,1,True
upgrade/class_c_protein_oracle.csv,Control | NMRK1,energy_rho_partial_magmatch,0.0964995913062205,0.2802014627332986,0.1837018714270781,1.9036543983294199,0.1837018714270781,0,1,True
upgrade/class_c_protein_oracle.csv,Control | MT2A,energy_rho,-0.1413853774529498,0.127595583336377,0.26898096078932676,1.9024666173758895,0.26898096078932676,1,1,True
upgrade/class_c_protein_oracle.csv,Co-culture | UBC,energy_rho_partial_magmatch,-0.0296959058163434,0.0267121260646945,0.0564080318810379,1.8995221843003438,0.0564080318810379,1,1,True
exp12_partial_observed_retrieval/summary.csv,leave_drug_out | mean_sufficient | DART_coverage_mean,decision_regret,0.4136626503684304,1.19479699568315,0.7811343453147195,1.8883366545638065,0.7811343453147195,0,1,True
upgrade/oracle_shape_test.csv,IFNγ | TAPBP,mean_vs_oracleDIST,0.0542403804919886,-0.0479601834886229,-0.1022005639806115,-1.8842154692426376,0.1022005639806115,1,1,True
upgrade/oracle_shape_test.csv,IFNγ | EEF1G,magmatch_vs_oracleDIST,-0.0719841981469208,0.0634979792860577,0.1354821774329785,1.882109975809655,0.1354821774329785,1,1,True
upgrade/oracle_shape_test.csv,Control | LGALS3,energy_vs_oracleMEAN,-0.2328345464002831,0.2051492283777251,0.4379837747780082,1.8810944576284565,0.4379837747780082,1,1,True
upgrade/class_c_protein_oracle.csv,Control | FOXM1,energy_rho_partial_magmatch,0.0706454590909491,0.2027826441794827,0.1321371850885336,1.87042715538758,0.1321371850885336,0,1,True
upgrade/class_c_protein_oracle.csv,Co-culture | HNRNPA1,energy_rho_partial_magmatch,0.055617492408794,0.1595134910049349,0.10389599859614089,1.8680453594077049,0.10389599859614089,0,1,True
upgrade/oracle_shape_test.csv,Control | LINC00518,mean_vs_oracleDIST,0.0734301184015476,-0.0636453973775587,-0.13707551577910632,-1.8667478517400475,0.13707551577910632,1,1,True
upgrade/class_c_protein_oracle.csv,Control | TPP1,energy_rho_partial_magmatch,-0.2168029189174212,0.1866162548032539,0.4034191737206751,1.860764494016498,0.4034191737206751,1,1,True
upgrade/class_c_protein_oracle.csv,IFNγ | CD151,energy_rho_partial_magmatch,0.0720736033682897,-0.0619521006328538,-0.1340257040011435,-1.8595671332857338,0.1340257040011435,1,1,True
upgrade/class_c_protein_oracle.csv,Control | S100B,energy_rho,-0.2251606752200586,0.1933745007827524,0.418535176002811,1.858828925582852,0.418535176002811,1,1,True
upgrade/class_c_protein_oracle.csv,Co-culture | HNRNPA1,energy_rho,0.0556661409917013,0.1587883954596972,0.10312225446799589,1.8525130830134127,0.10312225446799589,0,1,True
upgrade/oracle_shape_test.csv,Co-culture | HLA-C,magmatch_vs_oracleDIST,-0.1210289870264653,0.1028552664118021,0.2238842534382674,1.8498399345382508,0.2238842534382674,1,1,True
upgrade/class_c_protein_oracle.csv,IFNγ | JMJD7,energy_rho_partial_magmatch,0.1085602900471716,-0.0920005717775785,-0.2005608618247501,-1.847460629827006,0.2005608618247501,1,1,True
upgrade/oracle_shape_test.csv,IFNγ | PAICS,mean_vs_oracleDIST,-0.054218548984445,0.0456325289462399,0.0998510779306849,1.8416405418620039,0.0998510779306849,1,1,True
upgrade/oracle_shape_test.csv,Control | SDCBP,magmatch_vs_oracleDIST,0.0898320262269314,0.2550752966335975,0.16524327040666612,1.8394694781706553,0.16524327040666612,0,1,True
upgrade/class_c_protein_oracle.csv,Control | SLIRP,energy_rho,0.1776123970866242,0.5041543187408453,0.326541921654221,1.8385086120703706,0.326541921654221,0,1,True
upgrade/class_c_protein_oracle.csv,Control | CD63,energy_rho_partial_magmatch,-0.1551902850528909,0.1292807367319359,0.2844710217848268,1.8330465833468592,0.2844710217848268,1,1,True
upgrade/class_c_protein_oracle.csv,Control | TAPBP,energy_rho_partial_magmatch,0.1153914455165221,0.32597138765707,0.21057994214054793,1.8249181401440755,0.21057994214054793,0,1,True
upgrade/class_c_protein_oracle.csv,IFNγ | GSN,energy_rho_partial_magmatch,0.105675412264629,-0.0864023494860499,-0.1920777617506789,-1.8176201789464885,0.1920777617506789,1,1,True
upgrade/class_c_protein_oracle.csv,IFNγ | SNHG6,energy_rho_partial_magmatch,-0.0928904656088781,0.0752662014476368,0.16815666705651489,1.8102683192971651,0.16815666705651489,1,1,True
upgrade/class_c_protein_oracle.csv,Control | SAT1,energy_rho_partial_magmatch,-0.2147437068084983,0.1737647561124594,0.3885084629209577,1.809172751532213,0.3885084629209577,1,1,True
upgrade/oracle_shape_test.csv,Control | SLIRP,energy_vs_oracleMEAN,0.181738378046154,0.5099566368973026,0.32821825885114864,1.8059931115253753,0.32821825885114864,0,1,True
upgrade/oracle_shape_test.csv,IFNγ | NPC2,energy_vs_oracleMEAN,0.0765963839217168,0.2131239102111517,0.1365275262894349,1.7824278288250401,0.1365275262894349,0,1,True
upgrade/oracle_shape_test.csv,Control | TAPBP,energy_vs_oracleDIST,0.109390133162383,0.3037432319932291,0.19435309883084612,1.7766967935064195,0.19435309883084612,0,1,True
upgrade/class_c_protein_oracle.csv,Control | SINHCAF,energy_rho,0.1416700147230517,0.3925135360135417,0.25084352129049003,1.7706183046628445,0.25084352129049003,0,1,True
upgrade/oracle_shape_test.csv,Co-culture | DDX39A,mean_vs_oracleDIST,-0.0350113426487647,0.026841855619114,0.0618531982678787,1.7666617041337904,0.0618531982678787,1,1,True
upgrade/oracle_shape_test.csv,IFNγ | TMED10,energy_vs_oracleMEAN,0.0324223876911881,0.0893100983717333,0.056887710680545205,1.754581162324649,0.056887710680545205,0,1,True
upgrade/oracle_shape_test.csv,IFNγ | NPC1,energy_vs_oracleMEAN,0.074723551966411,0.2052062947513417,0.1304827427849307,1.746206374712808,0.1304827427849307,0,1,True
upgrade/class_c_protein_oracle.csv,Control | CD59,energy_rho,-0.0783571139795942,0.0581340320802706,0.1364911460598648,1.7419113482843418,0.1364911460598648,1,1,True
upgrade/oracle_shape_test.csv,Control | NEAT1,magmatch_vs_oracleDIST,0.077989352550967,0.2135661145627228,0.13557676201175578,1.7384009172682218,0.13557676201175578,0,1,True
upgrade/oracle_shape_test.csv,Co-culture | SMAD4,magmatch_vs_oracleDIST,-0.1082633672116659,0.0794321320415204,0.1876954992531863,1.733693529836574,0.1876954992531863,1,1,True
upgrade/oracle_shape_test.csv,Control | SLC7A5P1,energy_vs_oracleDIST,0.1773919921208373,0.4837108135714043,0.306318821450567,1.7267905827558792,0.306318821450567,0,1,True
upgrade/class_c_protein_oracle.csv,IFNγ | FGFR1,energy_rho_partial_magmatch,0.1069437188933504,-0.0771031668680883,-0.18404688576143868,-1.7209695685351976,0.18404688576143868,1,1,True
upgrade/class_c_protein_oracle.csv,Control | UQCRFS1,energy_rho_partial_magmatch,0.1099934130401653,0.2989043984014972,0.18891098536133188,1.7174754391187859,0.18891098536133188,0,1,True
upgrade/class_c_protein_oracle.csv,IFNγ | PET100,energy_rho,-0.0888360427793588,0.0629885774433745,0.1518246202227333,1.7090430356045754,0.1518246202227333,1,1,True
upgrade/oracle_shape_test.csv,IFNγ | CDC123,magmatch_vs_oracleDIST,-0.0227551882317778,0.0160497966291112,0.038804984860889,1.7053247138908536,0.038804984860889,1,1,True
upgrade/class_c_protein_oracle.csv,Control | STAT1,energy_rho,-0.1943796086299373,0.1366233707350065,0.33100297936494383,1.7028688435890005,0.33100297936494383,1,1,True
upgrade/class_c_protein_oracle.csv,Control | PPIA,energy_rho,-0.2701648503198391,0.1898058892855224,0.4599707396053615,1.702555824937321,0.4599707396053615,1,1,True
upgrade/oracle_shape_test.csv,IFNγ | PABPC1,energy_vs_oracleMEAN,0.0583270307850246,0.1574743024963289,0.0991472717113043,1.699851173236136,0.0991472717113043,0,1,True
upgrade/oracle_shape_test.csv,Control | S100B,energy_vs_oracleMEAN,-0.2403497260051411,0.1665727321102229,0.406922458115364,1.6930431537361514,0.406922458115364,1,1,True
upgrade/oracle_shape_test.csv,Control | STAT1,energy_vs_oracleMEAN,-0.1873127344951403,0.1297882978817193,0.3171010323768596,1.6928962850899312,0.3171010323768596,1,1,True
upgrade/oracle_shape_test.csv,Control | XAGE1A,mean_vs_oracleDIST,0.1001595731952296,-0.0687222683323404,-0.16888184152757,-1.6861278072580035,0.16888184152757,1,1,True
upgrade/oracle_shape_test.csv,IFNγ | RRS1,magmatch_vs_oracleDIST,-0.0580307460397905,0.0394542123114108,0.0974849583512013,1.6798846301985821,0.0974849583512013,1,1,True
upgrade/class_c_protein_oracle.csv,Control | JPT1,energy_rho_partial_magmatch,-0.2105547530016007,0.1425554129570412,0.35311016595864186,1.6770467582650932,0.35311016595864186,1,1,True
upgrade/class_c_protein_oracle.csv,IFNγ | GSEC,energy_rho_partial_magmatch,-0.066129195742856,0.0439411069094122,0.11007030265226819,1.6644736324977791,0.11007030265226819,1,1,True
upgrade/oracle_shape_test.csv,Control | PPIA,energy_vs_oracleMEAN,-0.2810819116421542,0.185476446265899,0.46655835790805317,1.6598661763124385,0.46655835790805317,1,1,True
upgrade/oracle_shape_test.csv,Co-culture | SDCBP,mean_vs_oracleDIST,0.036310954792146,0.0963838465855355,0.0600728917933895,1.6544013270172442,0.0600728917933895,0,1,True
upgrade/oracle_shape_test.csv,IFNγ | IFNGR2,magmatch_vs_oracleDIST,-0.0406383116967499,0.0262731797330838,0.0669114914298337,1.646512579782812,0.0669114914298337,1,1,True
upgrade/oracle_shape_test.csv,Control | SINHCAF,energy_vs_oracleMEAN,0.1462569569253129,0.3867641150488732,0.2405071581235603,1.6444151661542972,0.2405071581235603,0,1,True
upgrade/class_c_protein_oracle.csv,IFNγ | TM4SF1,energy_rho,0.0868888802255922,0.2294662976102296,0.14257741738463742,1.6409167319737508,0.14257741738463742,0,1,True
upgrade/oracle_shape_test.csv,Control | STX7,mean_vs_oracleDIST,0.093936625995645,-0.0601567016333897,-0.15409332762903472,-1.6403966610018401,0.15409332762903472,1,1,True
upgrade/oracle_shape_test.csv,Control | HLA-E,energy_vs_oracleMEAN,0.0780901091067553,0.2060383403883913,0.12794823128163602,1.638469106333566,0.12794823128163602,0,1,True
upgrade/oracle_shape_test.csv,Control | SLC22A18,energy_vs_oracleMEAN,-0.2573309840263075,0.1638226029700513,0.4211535869963588,1.6366221447834022,0.4211535869963588,1,1,True
upgrade/class_c_protein_oracle.csv,Control | SDCBP,energy_rho_partial_magmatch,0.1121911654132971,0.2957633127747978,0.18357214736150068,1.6362442326474254,0.18357214736150068,0,1,True
upgrade/class_c_protein_oracle.csv,Co-culture | CD151,energy_rho_partial_magmatch,-0.0555607357287355,-0.1463714238224002,-0.0908106880936647,-1.6344399854067853,0.0908106880936647,0,1,True
upgrade/class_c_protein_oracle.csv,IFNγ | PFDN4,energy_rho,-0.0295167179966992,0.0187028445934531,0.048219562590152296,1.633635643215638,0.048219562590152296,1,1,True
upgrade/class_c_protein_oracle.csv,Co-culture | SEC11C,energy_rho,0.1020896303808083,0.2687701001176252,0.16668046973681688,1.6326875620479366,0.16668046973681688,0,1,True
upgrade/class_c_protein_oracle.csv,Control | KLF4,energy_rho_partial_magmatch,-0.1278726638647947,0.0807248930406187,0.2085975569054134,1.6312912439673002,0.2085975569054134,1,1,True
upgrade/class_c_protein_oracle.csv,Co-culture | PSAP,energy_rho,0.091093918722677,0.2394402863085863,0.1483463675859093,1.6284991321707167,0.1483463675859093,0,1,True
exp12_partial_observed_retrieval/summary.csv,leave_MoA_out | mean_or_no_call | DART_coverage_mean,target_mrr,0.0071274615459978,0.0186969686090068,0.011569507063009,1.6232296713695342,0.011569507063009,0,1,True
upgrade/class_c_protein_oracle.csv,Control | CD274,energy_rho,-0.1313865487479108,0.0816399142183643,0.21302646296627512,1.6213719364453774,0.21302646296627512,1,1,True
upgrade/oracle_shape_test.csv,Co-culture | SEC11C,energy_vs_oracleMEAN,0.1054915562855416,0.2761600515211659,0.1706684952356243,1.617840339502278,0.1706684952356243,0,1,True
upgrade/oracle_shape_test.csv,Co-culture | PFN1,energy_vs_oracleMEAN,0.113160690659503,0.2962125340757261,0.1830518434162231,1.6176274848570906,0.1830518434162231,0,1,True
upgrade/oracle_shape_test.csv,Control | CD63,mean_vs_oracleDIST,-0.1201358198372026,-0.3139246819556343,-0.19378886211843166,-1.6130814471573685,0.19378886211843166,0,1,True
upgrade/oracle_shape_test.csv,Control | DAG1,energy_vs_oracleMEAN,-0.2468648967938004,0.1511921865785373,0.3980570833723377,1.6124491110002734,0.3980570833723377,1,1,True
upgrade/class_c_protein_oracle.csv,Co-culture | APOD,energy_rho_partial_magmatch,0.077354142571622,-0.0472673106426304,-0.1246214532142524,-1.6110507992363268,0.1246214532142524,1,1,True
upgrade/class_c_protein_oracle.csv,Control | IRF4,energy_rho_partial_magmatch,-0.2222185837910409,0.1352152978678653,0.3574338816589062,1.6084788029925188,0.3574338816589062,1,1,True
upgrade/class_c_protein_oracle.csv,Control | RBP7,energy_rho_partial_magmatch,-0.2162349038341648,0.1299583245696121,0.34619322840377686,1.6010053061058076,0.34619322840377686,1,1,True
upgrade/class_c_protein_oracle.csv,IFNγ | PET100,energy_rho_partial_magmatch,-0.0780647927956025,0.0468956375969747,0.1249604303925772,1.6007271129222342,0.1249604303925772,1,1,True
upgrade/oracle_shape_test.csv,Control | FBXO32,mean_vs_oracleDIST,0.1067049709506255,-0.0638343159196617,-0.1705392868702872,-1.598231885084333,0.1705392868702872,1,1,True
upgrade/oracle_shape_test.csv,Co-culture | EIF3K,magmatch_vs_oracleDIST,-0.107826688265093,0.0644113029190887,0.1722379911841817,1.5973595587089986,0.1722379911841817,1,1,True
upgrade/class_c_protein_oracle.csv,Control | DAG1,energy_rho,-0.2373800012657664,0.139222889874344,0.37660289114011036,1.586497974268997,0.37660289114011036,1,1,True
upgrade/oracle_shape_test.csv,Control | DDX17,energy_vs_oracleMEAN,0.1904122580425772,-0.1113095805975613,-0.30172183864013846,-1.5845715068022137,0.30172183864013846,1,1,True
upgrade/class_c_protein_oracle.csv,Control | SLC22A18,energy_rho,-0.2586269652251342,0.1501977977135818,0.40882476293871595,1.580750725597522,0.40882476293871595,1,1,True
upgrade/class_c_protein_oracle.csv,Co-culture | NPC1,energy_rho_partial_magmatch,0.0478290859452506,0.1233896015970634,0.07556051565181279,1.5798026275958115,0.07556051565181279,0,1,True
upgrade/oracle_shape_test.csv,IFNγ | ILF2,mean_vs_oracleDIST,0.0586389094642184,0.1511161358231647,0.09247722635894629,1.5770625204988866,0.09247722635894629,0,1,True
upgrade/oracle_shape_test.csv,IFNγ | HNRNPA1,energy_vs_oracleMEAN,0.0207425311553805,0.0534232722371523,0.0326807410817718,1.5755425814218718,0.0326807410817718,0,1,True
upgrade/oracle_shape_test.csv,Co-culture | NPC2,energy_vs_oracleMEAN,-0.0673151599988185,0.0387028434517559,0.1060180034505744,1.5749498842821616,0.1060180034505744,1,1,True
upgrade/class_c_protein_oracle.csv,IFNγ | RAB27A,energy_rho,0.074957441555235,0.1925149617337821,0.1175575201785471,1.5683235411913141,0.1175575201785471,0,1,True
upgrade/class_c_protein_oracle.csv,Control | DDX17,energy_rho,0.1921855734244508,-0.1079316820173477,-0.3001172554417985,-1.561601373579564,0.3001172554417985,1,1,True
upgrade/oracle_shape_test.csv,IFNγ | IFNGR1,magmatch_vs_oracleDIST,0.0443787766558808,0.1136106454589164,0.0692318688030356,1.5600220199819639,0.0692318688030356,0,1,True
exp08_signature_baselines/flip_vs_dart.csv,K562+A549 | coverage_mean,mean_delta_rank,-0.1,-0.2555555555555555,-0.15555555555555547,-1.5555555555555547,0.15555555555555547,0,1,True
upgrade/oracle_shape_test.csv,Co-culture | FBL,magmatch_vs_oracleDIST,-0.0657966292323543,0.0364430009457516,0.10223963017810589,1.553873372708148,0.10223963017810589,1,1,True
upgrade/class_c_protein_oracle.csv,IFNγ | NME1,energy_rho,-0.0797395813028731,0.0440388288955596,0.1237784101984327,1.5522831719956978,0.1237784101984327,1,1,True
upgrade/class_c_protein_oracle.csv,Control | CDH19,energy_rho,-0.1000399247852311,0.0548354960308214,0.1548754208160525,1.5481361181402722,0.1548754208160525,1,1,True
upgrade/class_c_protein_oracle.csv,Control | CDH19,energy_rho_partial_magmatch,-0.1826590410746694,0.098596587123564,0.2812556281982334,1.5397848720954284,0.2812556281982334,1,1,True
upgrade/oracle_shape_test.csv,Co-culture | S100A6,energy_vs_oracleMEAN,0.0482101665113579,0.1223158578743233,0.0741056913629654,1.537138257871537,0.0741056913629654,0,1,True
upgrade/oracle_shape_test.csv,Co-culture | HNRNPA1,energy_vs_oracleMEAN,0.0680946956249286,0.1725432031269455,0.10444850750201688,1.5338714204308683,0.10444850750201688,0,1,True
upgrade/class_c_protein_oracle.csv,Control | SLC22A18,energy_rho_partial_magmatch,-0.2869811194809022,0.1516020922098809,0.4385832116907831,1.5282650387736383,0.4385832116907831,1,1,True
upgrade/class_c_protein_oracle.csv,Control | CTSD,energy_rho_partial_magmatch,0.1204431273323568,0.3043439929571168,0.18390086562476,1.5268689023433835,0.18390086562476,0,1,True
upgrade/class_c_protein_oracle.csv,IFNγ | PPIA,energy_rho_partial_magmatch,-0.0715995477759151,0.0376972957519524,0.1092968435278675,1.5265018693963477,0.1092968435278675,1,1,True
upgrade/oracle_shape_test.csv,IFNγ | TGFB1,energy_vs_oracleMEAN,-0.0790066664067677,0.0415313243148415,0.1205379907216092,1.5256686075199841,0.1205379907216092,1,1,True
upgrade/class_c_protein_oracle.csv,Control | HSPA1A,energy_rho,0.1227328200626454,0.3098793062407351,0.1871464861780897,1.5248283717636915,0.1871464861780897,0,1,True
upgrade/oracle_shape_test.csv,Control | DNMT1,energy_vs_oracleMEAN,-0.168706777011888,0.0884289911875797,0.2571357681994677,1.524157907310081,0.2571357681994677,1,1,True
upgrade/oracle_shape_test.csv,Control | XAGE1A,magmatch_vs_oracleDIST,-0.1382770377068815,0.0720447157594588,0.2103217534663403,1.5210172054175661,0.2103217534663403,1,1,True
upgrade/oracle_shape_test.csv,IFNγ | PET100,energy_vs_oracleMEAN,-0.0970384520421556,0.0504385793926162,0.1474770314347718,1.5197793073894523,0.1474770314347718,1,1,True
upgrade/class_c_protein_oracle.csv,Co-culture | IDH2,energy_rho_partial_magmatch,-0.0316615402257178,0.0164044179863077,0.0480659582120255,1.518118129104245,0.0480659582120255,1,1,True
upgrade/class_c_protein_oracle.csv,Control | LRPAP1,energy_rho_partial_magmatch,-0.2342640300355292,0.1210753747199282,0.3553394047554574,1.5168329713339497,0.3553394047554574,1,1,True
upgrade/class_c_protein_oracle.csv,IFNγ | SERPINA3,energy_rho,-0.1219346874065988,0.0628882891574366,0.1848229765640354,1.5157538883724833,0.1848229765640354,1,1,True
upgrade/oracle_shape_test.csv,IFNγ | PYGB,energy_vs_oracleMEAN,-0.0795894011094677,0.04097098228789,0.1205603833973577,1.5147793766099367,0.1205603833973577,1,1,True
upgrade/class_c_protein_oracle.csv,Control | HLA-E,energy_rho,0.0851531436675134,0.2140573027721906,0.12890415910467717,1.5137921344159972,0.12890415910467717,0,1,True
upgrade/oracle_shape_test.csv,Co-culture | SLC7A5P1,energy_vs_oracleMEAN,-0.0409314118687484,0.0205870437782362,0.061518455646984604,1.5029644187268958,0.061518455646984604,1,1,True
upgrade/class_c_protein_oracle.csv,Co-culture | PFN1,energy_rho,0.123568015516591,0.3089758372913395,0.1854078217747485,1.500451561025956,0.1854078217747485,0,1,True
upgrade/class_c_protein_oracle.csv,Co-culture | ARMC6,energy_rho_partial_magmatch,0.0980344235056053,-0.0489561114492702,-0.14699053495487552,-1.4993767464391838,0.14699053495487552,1,1,True
upgrade/oracle_shape_test.csv,Control | NMRK1,magmatch_vs_oracleDIST,-0.1847309059182307,0.0914479094903859,0.2761788154086166,1.4950330808796253,0.2761788154086166,1,1,True
upgrade/oracle_shape_test.csv,Co-culture | KLF4,mean_vs_oracleDIST,0.0570792664951997,-0.0278715839573189,-0.0849508504525186,-1.4882961129092798,0.0849508504525186,1,1,True
upgrade/class_c_protein_oracle.csv,Control | DNMT1,energy_rho,-0.1737975567157343,0.0847457360284503,0.2585432927441846,1.4876117802223283,0.2585432927441846,1,1,True
upgrade/oracle_shape_test.csv,Co-culture | NDUFA13,magmatch_vs_oracleDIST,0.1105463757095309,0.2746253045603992,0.16407892885086828,1.4842542579776499,0.16407892885086828,0,1,True
upgrade/oracle_shape_test.csv,IFNγ | TRIM22,energy_vs_oracleMEAN,-0.0956693046404948,0.0460650007147219,0.1417343053552167,1.481502409658192,0.1417343053552167,1,1,True
upgrade/oracle_shape_test.csv,Control | CDH19,energy_vs_oracleMEAN,-0.1019202940076298,0.0488278863919455,0.1507481803995753,1.4790791359794373,0.1507481803995753,1,1,True
upgrade/oracle_shape_test.csv,IFNγ | UCN2,energy_vs_oracleMEAN,0.1087297441295336,0.2692048393175055,0.1604750951879719,1.4759079631125798,0.1604750951879719,0,1,True
upgrade/class_c_protein_oracle.csv,IFNγ | CMSS1,energy_rho_partial_magmatch,0.1054560575935961,-0.0500144243889127,-0.1554704819825088,-1.4742679133867969,0.1554704819825088,1,1,True
upgrade/class_c_protein_oracle.csv,Co-culture | VDAC2,energy_rho_partial_magmatch,0.0480700122606011,0.1189220400667412,0.07085202780614011,1.4739340489873662,0.07085202780614011,0,1,True
upgrade/class_c_protein_oracle.csv,Co-culture | SMAD4,energy_rho,0.0719877405571073,0.1778875974491926,0.10589985689208531,1.4710818268851735,0.10589985689208531,0,1,True
upgrade/class_c_protein_oracle.csv,IFNγ | TRIM22,energy_rho,-0.0946837680142424,0.044219718529492,0.1389034865437344,1.4670253355658645,0.1389034865437344,1,1,True
upgrade/class_c_protein_oracle.csv,Co-culture | NT5E,energy_rho,-0.0798630426164639,0.0360671536161036,0.1159301962325675,1.451612566144184,0.1159301962325675,1,1,True
upgrade/oracle_shape_test.csv,IFNγ | VAT1,energy_vs_oracleMEAN,0.0546858614182341,0.1339939963354255,0.0793081349171914,1.4502493489249015,0.0793081349171914,0,1,True
upgrade/class_c_protein_oracle.csv,Control | C19orf48,energy_rho,0.0273025077047278,-0.0122797091031378,-0.0395822168078656,-1.4497648800594019,0.0395822168078656,1,1,True
upgrade/oracle_shape_test.csv,Control | DNMT1,magmatch_vs_oracleDIST,-0.1729524063814164,0.0775548399041301,0.2505072462855465,1.4484172352774116,0.2505072462855465,1,1,True
upgrade/oracle_shape_test.csv,Co-culture | TPP1,energy_vs_oracleMEAN,-0.0725576239568788,0.0325325815196774,0.1050902054765562,1.4483688928266396,0.1050902054765562,1,1,True
upgrade/class_c_protein_oracle.csv,IFNγ | RNASEH2A,energy_rho,0.0548662170415708,-0.0245640845711018,-0.0794303016126726,-1.447708734000928,0.0794303016126726,1,1,True
upgrade/class_c_protein_oracle.csv,Control | EVA1A,energy_rho_partial_magmatch,0.145070548480906,0.3550509891145136,0.2099804406336076,1.4474367322133959,0.2099804406336076,0,1,True
upgrade/oracle_shape_test.csv,IFNγ | KCNN4,energy_vs_oracleMEAN,0.069996491364859,0.1712505925698216,0.10125410120496262,1.4465596665006009,0.10125410120496262,0,1,True
upgrade/class_c_protein_oracle.csv,Co-culture | CDKN1A,energy_rho_partial_magmatch,0.0560877620435648,-0.0248831710072978,-0.0809709330508626,-1.4436470648975157,0.0809709330508626,1,1,True
upgrade/oracle_shape_test.csv,IFNγ | NCL,magmatch_vs_oracleDIST,-0.1029007316154016,0.0450025340142684,0.14790326562967,1.4373393007784276,0.14790326562967,1,1,True
upgrade/oracle_shape_test.csv,Control | IRF4,energy_vs_oracleMEAN,-0.2363836960779251,0.1029203676357348,0.3393040637136599,1.435395373468594,0.3393040637136599,1,1,True
upgrade/oracle_shape_test.csv,Control | CITED1,energy_vs_oracleMEAN,-0.0987993596920879,0.042910957653279,0.1417103173453669,1.4343242485276493,0.1417103173453669,1,1,True
upgrade/class_c_protein_oracle.csv,IFNγ | UCN2,energy_rho,0.113856539408874,0.2766161163307473,0.1627595769218733,1.429514525620544,0.1627595769218733,0,1,True
upgrade/oracle_shape_test.csv,Control | ST3GAL6-AS1,mean_vs_oracleDIST,0.1254091660757714,-0.0521994526400106,-0.177608618715782,-1.4162331532327712,0.177608618715782,1,1,True
upgrade/oracle_shape_test.csv,IFNγ | PFN1,mean_vs_oracleDIST,0.0927865060491468,0.2232515951294946,0.13046508908034782,1.4060782611131362,0.13046508908034782,0,1,True
upgrade/class_c_protein_oracle.csv,Control | IRF4,energy_rho,-0.2370751379420221,0.0954221559327887,0.3324972938748108,1.4024975236168573,0.3324972938748108,1,1,True
upgrade/class_c_protein_oracle.csv,Co-culture | TGFB1,energy_rho,0.0943626137956956,0.2266879176032001,0.13232530380750449,1.4023064695304208,0.13232530380750449,0,1,True
upgrade/class_c_protein_oracle.csv,IFNγ | KCNN4,energy_rho_partial_magmatch,0.0844136031083908,0.2025532467869998,0.11813964367860899,1.3995332426091618,0.11813964367860899,0,1,True
upgrade/class_c_protein_oracle.csv,Control | TIMP1,energy_rho,0.2314453653873522,0.5551258008571864,0.32368043546983427,1.3985176800931631,0.32368043546983427,0,1,True
upgrade/class_c_protein_oracle.csv,IFNγ | TRIM22,energy_rho_partial_magmatch,-0.1452403415071537,0.0577344612945564,0.2029748028017101,1.3975098150792542,0.2029748028017101,1,1,True
exp12_partial_observed_retrieval/summary.csv,leave_MoA_out | mean_or_no_call | DART_coverage_worst,target_mrr,0.0088593576965669,0.0212281079529141,0.012368750256347202,1.396122685185206,0.012368750256347202,0,1,True
upgrade/oracle_shape_test.csv,IFNγ | UQCRH,mean_vs_oracleDIST,-0.0820007017270281,0.0315771964705729,0.113577898197601,1.3850844664194477,0.113577898197601,1,1,True
upgrade/oracle_shape_test.csv,Co-culture | HLA-C,energy_vs_oracleMEAN,-0.084723244582488,0.0317038365221392,0.11642708110462721,1.374204702362075,0.11642708110462721,1,1,True
upgrade/class_c_protein_oracle.csv,Control | VDAC2,energy_rho_partial_magmatch,0.2119401556436895,0.5030283642299114,0.29108820858622186,1.373445290262006,0.29108820858622186,0,1,True
upgrade/oracle_shape_test.csv,IFNγ | MRPL47,magmatch_vs_oracleDIST,-0.1196538146660949,0.0445534287162293,0.1642072433823242,1.3723527648538394,0.1642072433823242,1,1,True
upgrade/class_c_protein_oracle.csv,IFNγ | CD63,energy_rho_partial_magmatch,0.0489103738645666,-0.0177245851363819,-0.0666349590009485,-1.3623890748711405,0.0666349590009485,1,1,True
upgrade/class_c_protein_oracle.csv,Control | FMN1,energy_rho,0.1276787074949023,0.301123561542734,0.17344485404783172,1.358447758838385,0.17344485404783172,0,1,True
upgrade/oracle_shape_test.csv,Control | SLIRP,magmatch_vs_oracleDIST,-0.2304667673392586,0.0815019779771358,0.3119687453163944,1.3536387433124395,0.3119687453163944,1,1,True
upgrade/class_c_protein_oracle.csv,Control | RPSA,energy_rho_partial_magmatch,0.1362807984453263,0.3206413658558703,0.18436056741054396,1.352799290242686,0.18436056741054396,0,1,True
upgrade/class_c_protein_oracle.csv,Control | SERPINE2,energy_rho_partial_magmatch,-0.2022007750698054,0.0706782049715803,0.2728789800413857,1.3495446787836505,0.2728789800413857,1,1,True
upgrade/class_c_protein_oracle.csv,IFNγ | STOM,energy_rho_partial_magmatch,0.1133289150520447,0.2661411510922251,0.15281223604018038,1.3483958261667246,0.15281223604018038,0,1,True
upgrade/oracle_shape_test.csv,Control | CTSD,magmatch_vs_oracleDIST,0.1690392736459893,0.3968788137930686,0.2278395401470793,1.3478497347559155,0.2278395401470793,0,1,True
exp12_partial_observed_retrieval/summary.csv,partial_library | DART_recommended | DART_coverage_worst,decision_regret,0.0333742540936137,0.0783544362977493,0.0449801822041356,1.3477509363345663,0.0449801822041356,0,1,True
upgrade/oracle_shape_test.csv,Control | CTSO,mean_vs_oracleDIST,0.147137317331513,-0.0504286561720317,-0.1975659735035447,-1.3427319261123378,0.1975659735035447,1,1,True
upgrade/class_c_protein_oracle.csv,Co-culture | ST6GALNAC2,energy_rho_partial_magmatch,-0.0146866596898421,0.0050067499908783,0.0196934096807204,1.3409046098032198,0.0196934096807204,1,1,True
upgrade/oracle_shape_test.csv,Control | ITGA3,mean_vs_oracleDIST,-0.0740510539926251,-0.1730947250164674,-0.09904367102384229,-1.337505216788761,0.09904367102384229,0,1,True
exp08_signature_baselines/flip_vs_dart.csv,MCF7 | coverage_mean,mean_delta_rank,-0.1,-0.2333333333333333,-0.1333333333333333,-1.333333333333333,0.1333333333333333,0,1,True
upgrade/class_c_protein_oracle.csv,Co-culture | SLC7A5P1,energy_rho_partial_magmatch,0.0449402867602302,0.1048104761248392,0.05987018936460899,1.332216451666948,0.05987018936460899,0,1,True
upgrade/oracle_shape_test.csv,Control | TIMP1,energy_vs_oracleMEAN,0.2407527522282941,0.5610175404569059,0.3202647882286118,1.3302642867605532,0.3202647882286118,0,1,True
upgrade/oracle_shape_test.csv,Control | HLA-E,magmatch_vs_oracleDIST,-0.1366208518211117,0.0448555874268422,0.1814764392479539,1.328321678784254,0.1814764392479539,1,1,True
upgrade/class_c_protein_oracle.csv,Control | RAB27A,energy_rho,-0.0532133154826302,-0.1237340883357913,-0.0705207728531611,-1.3252467397221355,0.0705207728531611,0,1,True
upgrade/oracle_shape_test.csv,IFNγ | SERPINE2,magmatch_vs_oracleDIST,-0.1263935129234727,0.0407245981313269,0.1671181110547996,1.3222048124889476,0.1671181110547996,1,1,True
upgrade/oracle_shape_test.csv,Co-culture | WNT7A,energy_vs_oracleMEAN,0.1151992985335681,0.2670384422260433,0.1518391436924752,1.3180561481303688,0.1518391436924752,0,1,True
upgrade/oracle_shape_test.csv,IFNγ | SOX4,energy_vs_oracleMEAN,0.0437862071654126,0.1012426029505324,0.0574563957851198,1.3122030772856137,0.0574563957851198,0,1,True
upgrade/class_c_protein_oracle.csv,IFNγ | STOM,energy_rho,0.0991186828323782,0.2288836637645558,0.1297649809321776,1.3091879071035077,0.1297649809321776,0,1,True
upgrade/oracle_shape_test.csv,Control | HSPA1A,energy_vs_oracleMEAN,0.1394181057011837,0.3217459095986992,0.1823278038975155,1.307777085196528,0.1823278038975155,0,1,True
upgrade/class_c_protein_oracle.csv,Control | LGALS3BP,energy_rho_partial_magmatch,-0.0552133331150274,0.0169925931336926,0.07220592624871999,1.3077624945824493,0.07220592624871999,1,1,True
upgrade/oracle_shape_test.csv,Control | PPIA,mean_vs_oracleDIST,0.1404042604909615,-0.0426326176679139,-0.1830368781588754,-1.303641908862576,0.1830368781588754,1,1,True
upgrade/class_c_protein_oracle.csv,Control | LRRC75A-AS1,energy_rho_partial_magmatch,0.2064061018170185,0.4754588516523445,0.269052749835326,1.3035116087500385,0.269052749835326,0,1,True
upgrade/oracle_shape_test.csv,Control | SLC19A1,mean_vs_oracleDIST,0.1691652193407246,-0.0510722386721293,-0.22023745801285388,-1.3019074421513444,0.22023745801285388,1,1,True
upgrade/oracle_shape_test.csv,Co-culture | ST6GALNAC2,mean_vs_oracleDIST,-0.0809460296096124,0.0243260289030497,0.10527205851266211,1.3005215823477643,0.10527205851266211,1,1,True
upgrade/class_c_protein_oracle.csv,IFNγ | TTLL1,energy_rho_partial_magmatch,0.0794141878809143,0.1822967265733629,0.10288253869244861,1.2955183631258222,0.10288253869244861,0,1,True
upgrade/oracle_shape_test.csv,Co-culture | TAPBP,energy_vs_oracleDIST,0.0638414195193172,-0.018405385863008,-0.0822468053823252,-1.288298505916506,0.0822468053823252,1,1,True
upgrade/class_c_protein_oracle.csv,Control | MIA,energy_rho_partial_magmatch,0.1310880574513881,0.2999673800650635,0.16887932261367541,1.288289153848371,0.16887932261367541,0,1,True
upgrade/class_c_protein_oracle.csv,Control | TFAP2A,energy_rho_partial_magmatch,0.2155497592548045,0.4931882271002389,0.27763846784543444,1.288048146308686,0.27763846784543444,0,1,True
upgrade/oracle_shape_test.csv,IFNγ | RAB27A,energy_vs_oracleMEAN,0.08103233948835,0.1853645731810325,0.1043322336926825,1.2875382143900995,0.1043322336926825,0,1,True
upgrade/class_c_protein_oracle.csv,Control | CKS1B,energy_rho_partial_magmatch,-0.1272555299605915,0.0363466680436729,0.1636021980042644,1.285619556611243,0.1636021980042644,1,1,True
upgrade/oracle_shape_test.csv,Control | APOC2,mean_vs_oracleDIST,0.1128712721648679,-0.0320128766878297,-0.1448841488526976,-1.2836228924669988,0.1448841488526976,1,1,True
upgrade/class_c_protein_oracle.csv,Co-culture | WNT7A,energy_rho,0.1213915699510408,0.2771376563776844,0.1557460864266436,1.2830057844169782,0.1557460864266436,0,1,True
upgrade/class_c_protein_oracle.csv,Co-culture | NPC1,energy_rho,-0.0956483263439605,0.0270109751813981,0.1226593015253586,1.2823988271813984,0.1226593015253586,1,1,True
upgrade/class_c_protein_oracle.csv,IFNγ | NSG1,energy_rho_partial_magmatch,0.0276163372448117,0.0629667459358309,0.0353504086910192,1.2800542076831896,0.0353504086910192,0,1,True
upgrade/class_c_protein_oracle.csv,Control | JPT1,energy_rho,-0.2317954944187165,0.0648614234827743,0.2966569179014908,1.279821761184056,0.2966569179014908,1,1,True
upgrade/oracle_shape_test.csv,Co-culture | PFN1,magmatch_vs_oracleDIST,0.107788464378523,0.245694455625253,0.13790599124672998,1.2794132659914572,0.13790599124672998,0,1,True
upgrade/oracle_shape_test.csv,Control | TYR,energy_vs_oracleDIST,0.1820230153162559,0.4148600806304338,0.2328370653141779,1.27916277460647,0.2328370653141779,0,1,True
upgrade/oracle_shape_test.csv,Co-culture | SMAD4,energy_vs_oracleMEAN,0.0819062599722355,0.1863200184864614,0.10441375851422591,1.2747958281774798,0.10441375851422591,0,1,True
upgrade/oracle_shape_test.csv,IFNγ | SERPINA3,energy_vs_oracleMEAN,-0.1388780164516003,0.0381089756084883,0.1769869920600886,1.2744061053159517,0.1769869920600886,1,1,True
exp08_signature_baselines/flip_vs_dart.csv,K562 | coverage_worst,mean_delta_rank,-0.3666666666666666,0.1,0.46666666666666656,1.2727272727272727,0.46666666666666656,1,1,True
upgrade/oracle_shape_test.csv,Control | SET,magmatch_vs_oracleDIST,0.1356359564882814,0.3076072459077095,0.1719712894194281,1.2678886474641111,0.1719712894194281,0,1,True
upgrade/class_c_protein_oracle.csv,IFNγ | TPP1,energy_rho,-0.1048967551622418,0.0279115823944485,0.1328083375566903,1.2660862326129936,0.1328083375566903,1,1,True
upgrade/class_c_protein_oracle.csv,Control | FMN1,energy_rho_partial_magmatch,0.1351283953384979,0.3061991730405684,0.17107077770207046,1.265986895452555,0.17107077770207046,0,1,True
upgrade/oracle_shape_test.csv,IFNγ | TMED10,mean_vs_oracleDIST,0.0601317687419593,0.1362561563551778,0.07612438761321849,1.265959561906246,0.07612438761321849,0,1,True
upgrade/oracle_shape_test.csv,Co-culture | PABPC1,energy_vs_oracleMEAN,-0.0863332810168017,0.0229586628817295,0.1092919438985312,1.2659306192389632,0.1092919438985312,1,1,True
upgrade/class_c_protein_oracle.csv,Co-culture | SEC11C,energy_rho_partial_magmatch,0.1271772412662762,0.287549611419444,0.16037237015316783,1.261014695368251,0.16037237015316783,0,1,True
upgrade/class_c_protein_oracle.csv,Control | IDI2-AS1,energy_rho_partial_magmatch,0.126465850454601,0.2857040301362858,0.15923817968168483,1.2591397528208497,0.15923817968168483,0,1,True
upgrade/class_c_protein_oracle.csv,IFNγ | VAT1,energy_rho,0.0700755006302548,0.1579431601107169,0.0878676594804621,1.2538998464539775,0.0878676594804621,0,1,True
upgrade/oracle_shape_test.csv,Control | HLA-DRB5,energy_vs_oracleMEAN,0.0372774067277671,-0.0094125544597231,-0.046689961187490206,-1.2525002484336418,0.046689961187490206,1,1,True
upgrade/class_c_protein_oracle.csv,Co-culture | WNT7A,energy_rho_partial_magmatch,0.1140606566747882,0.2568465641069596,0.1427859074321714,1.2518418847901704,0.1427859074321714,0,1,True
upgrade/class_c_protein_oracle.csv,Co-culture | UQCRFS1,energy_rho,-0.0760678729009103,0.0189746847832445,0.0950425576841548,1.2494441353442582,0.0950425576841548,1,1,True
upgrade/oracle_shape_test.csv,Control | JPT1,energy_vs_oracleMEAN,-0.2363270205152942,0.0579463546907844,0.2942733752060786,1.2451956385031069,0.2942733752060786,1,1,True
upgrade/class_c_protein_oracle.csv,IFNγ | LINC00518,energy_rho,0.0734011669460579,0.1644822164178134,0.0910810494717555,1.2408665047340521,0.0910810494717555,0,1,True
upgrade/oracle_shape_test.csv,Control | SPINT1,energy_vs_oracleDIST,0.2447679009764569,0.5479382525848273,0.3031703516083704,1.2386033887569718,0.3031703516083704,0,1,True
upgrade/oracle_shape_test.csv,Control | STOM,energy_vs_oracleDIST,0.2258684900244712,0.5055272859859488,0.2796587959614776,1.2381487826441775,0.2796587959614776,0,1,True
upgrade/class_c_protein_oracle.csv,Control | HLA-F,energy_rho,-0.2820334316654794,0.0662701056558433,0.3483035373213227,1.2349725182029003,0.3483035373213227,1,1,True
upgrade/class_c_protein_oracle.csv,Control | CD47,energy_rho_partial_magmatch,0.0287848885317628,0.0642990555332351,0.03551416700147231,1.2337781667031318,0.03551416700147231,0,1,True
upgrade/class_c_protein_oracle.csv,IFNγ | EMP1,energy_rho_partial_magmatch,0.091456863280184,-0.0212384182552986,-0.1126952815354826,-1.232223339983062,0.1126952815354826,1,1,True
upgrade/class_c_protein_oracle.csv,IFNγ | FRZB,energy_rho_partial_magmatch,0.0666365183943445,0.1486689277870908,0.0820324093927463,1.2310428481165736,0.0820324093927463,0,1,True
upgrade/class_c_protein_oracle.csv,IFNγ | SLIRP,energy_rho_partial_magmatch,0.0791054279885124,0.1760394006731381,0.09693397268462571,1.2253770082465434,0.09693397268462571,0,1,True
upgrade/class_c_protein_oracle.csv,IFNγ | HNRNPA1,energy_rho,0.0297017737324802,0.0660938494925474,0.0363920757600672,1.2252492422791188,0.0363920757600672,0,1,True
upgrade/oracle_shape_test.csv,Control | CD59,magmatch_vs_oracleDIST,0.2351695795806763,-0.0523474553136688,-0.2875170348943451,-1.2225945014104629,0.2875170348943451,1,1,True
upgrade/class_c_protein_oracle.csv,IFNγ | CXCR4,energy_rho_partial_magmatch,0.1733083830389978,-0.0376598703104492,-0.210968253349447,-1.217299761558418,0.210968253349447,1,1,True
upgrade/class_c_protein_oracle.csv,Control | SERPINE2,energy_rho,-0.2858350136588105,0.0616655310563191,0.3475005447151296,1.2157381989944966,0.3475005447151296,1,1,True
upgrade/oracle_shape_test.csv,IFNγ | LINC00518,energy_vs_oracleMEAN,0.0823651013904882,0.1822395488155107,0.0998744474250225,1.2125820977445714,0.0998744474250225,0,1,True
upgrade/class_c_protein_oracle.csv,Control | CTSA,energy_rho,0.1075437692775629,-0.0226702393284616,-0.1302140086060245,-1.2108001186935462,0.1302140086060245,1,1,True
upgrade/class_c_protein_oracle.csv,IFNγ | KLF4,energy_rho_partial_magmatch,-0.1153384533416501,0.0238394864397749,0.139177939781425,1.2066915737907349,0.139177939781425,1,1,True
upgrade/oracle_shape_test.csv,Control | SERPINE2,energy_vs_oracleMEAN,-0.2910705761889588,0.0595017840207659,0.3505723602097247,1.2044239057064228,0.3505723602097247,1,1,True
upgrade/oracle_shape_test.csv,Control | HLA-F,energy_vs_oracleMEAN,-0.3001172554417986,0.0604300037909654,0.36054725923276404,1.2013546462098863,0.36054725923276404,1,1,True
upgrade/oracle_shape_test.csv,Control | TSC22D3,mean_vs_oracleDIST,0.1666412676182283,-0.0329473937427659,-0.1995886613609942,-1.197714493016506,0.1995886613609942,1,1,True
upgrade/class_c_protein_oracle.csv,IFNγ | ITGA3,energy_rho,0.0765438644367341,-0.0148235974747181,-0.0913674619114522,-1.1936614722002998,0.0913674619114522,1,1,True
upgrade/class_c_protein_oracle.csv,Control | STAT1,energy_rho_partial_magmatch,-0.17530633141602,0.0332937444032881,0.20860007581930812,1.1899175239956314,0.20860007581930812,1,1,True
upgrade/oracle_shape_test.csv,Control | NDUFA13,energy_vs_oracleMEAN,0.2524178424746817,0.5516511328346786,0.2992332903599969,1.1854680613158752,0.2992332903599969,0,1,True
upgrade/oracle_shape_test.csv,IFNγ | LAMP2,energy_vs_oracleMEAN,0.0655875664366561,0.1432807038062193,0.0776931373695632,1.1845711251476079,0.0776931373695632,0,1,True
upgrade/oracle_shape_test.csv,Control | PAICS,mean_vs_oracleDIST,-0.0509664442885516,0.0092834571589422,0.0602499014474938,1.1821484172288532,0.0602499014474938,1,1,True
upgrade/class_c_protein_oracle.csv,Control | NME1,energy_rho,-0.1494635343132748,0.0269448219316794,0.1764083562449542,1.180276895334237,0.1764083562449542,1,1,True
upgrade/oracle_shape_test.csv,Co-culture | BOLA2,mean_vs_oracleDIST,-0.031668490023276,0.0057005714471042,0.0373690614703802,1.180007680912931,0.0373690614703802,1,1,True
upgrade/oracle_shape_test.csv,Control | S100B,mean_vs_oracleDIST,0.1836854984867625,-0.0324020488845619,-0.2160875473713244,-1.1763996023175287,0.2160875473713244,1,1,True
upgrade/class_c_protein_oracle.csv,Co-culture | HLA-C,energy_rho,-0.0991394413173572,0.0174793200086409,0.1166187613259981,1.1763104550154515,0.1166187613259981,1,1,True
upgrade/class_c_protein_oracle.csv,IFNγ | UQCRH,energy_rho_partial_magmatch,0.1034111730536821,0.2249295024235572,0.1215183293698751,1.1750986453542436,0.1215183293698751,0,1,True
upgrade/class_c_protein_oracle.csv,Control | NDUFA13,energy_rho,0.2558952031063246,0.5565603223202219,0.3006651192138973,1.174954104508832,0.3006651192138973,0,1,True
upgrade/class_c_protein_oracle.csv,IFNγ | NT5E,energy_rho,-0.0967120441599565,0.0168752355333775,0.113587279693334,1.1744894928026417,0.113587279693334,1,1,True
upgrade/oracle_shape_test.csv,Control | NT5E,mean_vs_oracleDIST,0.1633163012772152,-0.0283012570639791,-0.1916175583411943,-1.1732910728607562,0.1916175583411943,1,1,True
upgrade/oracle_shape_test.csv,IFNγ | SAT1,energy_vs_oracleMEAN,0.1173527003112849,0.2548740140085507,0.13752131369726578,1.1718632237049718,0.13752131369726578,0,1,True
upgrade/class_c_protein_oracle.csv,IFNγ | ILF2,energy_rho_partial_magmatch,0.0774244019076579,0.1679347133964887,0.09051031148883079,1.169015313760901,0.09051031148883079,0,1,True
upgrade/oracle_shape_test.csv,Control | APOE,mean_vs_oracleDIST,0.0974807082682089,-0.0164648806727515,-0.11394558894096041,-1.1689039910076355,0.11394558894096041,1,1,True
upgrade/class_c_protein_oracle.csv,IFNγ | PYGB,energy_rho,-0.1031450365807701,0.0173409788678754,0.1204860154486455,1.168122281427436,0.1204860154486455,1,1,True
upgrade/class_c_protein_oracle.csv,IFNγ | LGALS3BP,energy_rho_partial_magmatch,0.0984481436721115,-0.0160061336140241,-0.1144542772861356,-1.1625844126358915,0.1144542772861356,1,1,True
upgrade/oracle_shape_test.csv,Co-culture | LRRC75A-AS1,energy_vs_oracleMEAN,0.1022286263319721,0.2204701653878073,0.1182415390558352,1.1566382460414129,0.1182415390558352,0,1,True
upgrade/oracle_shape_test.csv,Control | SMAD3,magmatch_vs_oracleDIST,0.1800582624783845,0.3877590860372825,0.207700823558898,1.1535200923302917,0.207700823558898,0,1,True
upgrade/oracle_shape_test.csv,Control | NUP50-AS1,energy_vs_oracleDIST,0.2194981567847575,0.4719684153287528,0.2524702585439953,1.150215848015392,0.2524702585439953,0,1,True
upgrade/oracle_shape_test.csv,IFNγ | CD47,mean_vs_oracleDIST,0.1086237053786077,-0.0158366795316621,-0.1244603849102698,-1.1457939542428919,0.1244603849102698,1,1,True
upgrade/oracle_shape_test.csv,Control | PAICS,energy_vs_oracleMEAN,0.1763680536226389,-0.0255291923228542,-0.2018972459454931,-1.1447495269039882,0.2018972459454931,1,1,True
upgrade/oracle_shape_test.csv,Co-culture | MDH2,mean_vs_oracleDIST,0.0509854523362613,-0.0070662066672882,-0.0580516590035495,-1.1385926052138338,0.0580516590035495,1,1,True
upgrade/class_c_protein_oracle.csv,Control | HLA-DRB5,energy_rho,0.0479739745816398,-0.0063728521536084,-0.0543468267352482,-1.1328397784253499,0.0543468267352482,1,1,True
exp12_partial_observed_retrieval/summary.csv,partial_library | DART_recommended | DART_coverage_mean,decision_regret,0.0374663375144781,0.0798721535261287,0.042405816011650596,1.1318377729145193,0.042405816011650596,0,1,True
upgrade/oracle_shape_test.csv,IFNγ | ILF2,magmatch_vs_oracleDIST,-0.1177929385469052,0.0155133653008979,0.1333063038478031,1.131700299629765,0.1333063038478031,1,1,True
upgrade/class_c_protein_oracle.csv,Control | HNRNPC,energy_rho_partial_magmatch,0.1976994759399642,0.4213651757635142,0.22366569982354997,1.1313418953698744,0.22366569982354997,0,1,True
upgrade/oracle_shape_test.csv,Co-culture | NOLC1,magmatch_vs_oracleDIST,0.1297000177798987,0.2763731786462837,0.146673160866385,1.1308646164975071,0.146673160866385,0,1,True
exp12_partial_observed_retrieval/recommendation_vs_outcome.csv,mean_sufficient | DART_coverage_worst,mean_ndcg_gain,-0.0713253097157517,0.0092056627718701,0.0805309724876218,1.1290658646777259,0.0805309724876218,1,1,True
upgrade/class_c_protein_oracle.csv,IFNγ | ENPP1,energy_rho_partial_magmatch,0.0919641859316725,-0.0117094850103309,-0.1036736709420034,-1.127326577098511,0.1036736709420034,1,1,True
upgrade/oracle_shape_test.csv,Co-culture | P2RX4,magmatch_vs_oracleDIST,0.1139100777276941,0.2421813329595886,0.1282712552318945,1.1260746879528192,0.1282712552318945,0,1,True
upgrade/class_c_protein_oracle.csv,IFNγ | MDH2,energy_rho,-0.1080290566969448,0.0134383324886619,0.1214673891856067,1.1243955367152803,0.1214673891856067,1,1,True
upgrade/class_c_protein_oracle.csv,Control | FSTL3,energy_rho_partial_magmatch,0.1645757582245687,0.3495295298573161,0.1849537716327474,1.1238214766744217,0.1849537716327474,0,1,True
upgrade/oracle_shape_test.csv,IFNγ | SINHCAF,magmatch_vs_oracleDIST,0.0828313386092809,0.1757753433914207,0.09294400478213981,1.1220874410899093,0.09294400478213981,0,1,True
upgrade/class_c_protein_oracle.csv,Co-culture | CXCR4,energy_rho_partial_magmatch,0.1183637396629,-0.0144387835769333,-0.1328025232398333,-1.121986544342507,0.1328025232398333,1,1,True
upgrade/oracle_shape_test.csv,Control | HLA-A,mean_vs_oracleDIST,0.2439228053647828,-0.0279637314068687,-0.27188653677165153,-1.1146417259552643,0.27188653677165153,1,1,True
upgrade/oracle_shape_test.csv,Control | FOXM1,energy_vs_oracleMEAN,-0.2289818675983289,0.0261072912819431,0.255089158880272,1.1140146665575263,0.255089158880272,1,1,True
upgrade/class_c_protein_oracle.csv,Control | FOXM1,energy_rho,-0.2308811286749379,0.0261488533742921,0.25702998204923,1.1132567807701061,0.25702998204923,1,1,True
upgrade/oracle_shape_test.csv,Control | DDX17,mean_vs_oracleDIST,0.0927262582919496,-0.0103086551140879,-0.1030349134060375,-1.111172987069434,0.1030349134060375,1,1,True
upgrade/class_c_protein_oracle.csv,Co-culture | SLC25A13,energy_rho,0.1202274437080876,0.253651973829379,0.13342453012129138,1.109767670393511,0.13342453012129138,0,1,True
upgrade/oracle_shape_test.csv,Co-culture | SLC25A13,energy_vs_oracleMEAN,0.1262969335755723,0.2661210689483624,0.1398241353727901,1.1071063359517237,0.1398241353727901,0,1,True
upgrade/oracle_shape_test.csv,IFNγ | STOM,energy_vs_oracleMEAN,0.1141689082946733,0.2404288331838914,0.1262599248892181,1.105904635291226,0.1262599248892181,0,1,True
upgrade/class_c_protein_oracle.csv,Co-culture | TPP1,energy_rho,-0.0961267040758825,0.010113692896554,0.10624039697243651,1.1052121051458317,0.10624039697243651,1,1,True
upgrade/class_c_protein_oracle.csv,Co-culture | KLF4,energy_rho_partial_magmatch,-0.1022830664128446,0.0105665880374292,0.1128496544502738,1.1033073059696836,0.1128496544502738,1,1,True
upgrade/oracle_shape_test.csv,Control | NT5E,magmatch_vs_oracleDIST,0.3056714605796272,-0.0310582083217358,-0.33672966890136297,-1.1016065034754696,0.33672966890136297,1,1,True
upgrade/oracle_shape_test.csv,Control | NME1,energy_vs_oracleMEAN,-0.160924592534191,0.0161777244887549,0.1771023170229459,1.1005298458985857,0.1771023170229459,1,1,True
upgrade/oracle_shape_test.csv,IFNγ | C19orf48,energy_vs_oracleMEAN,0.0521643216416068,0.109459540238847,0.057295218597240204,1.098360273730483,0.057295218597240204,0,1,True
upgrade/oracle_shape_test.csv,IFNγ | ACSL3,magmatch_vs_oracleDIST,-0.0686741257650773,0.0066934362532974,0.07536756201837469,1.0974666394180905,0.07536756201837469,1,1,True
upgrade/oracle_shape_test.csv,IFNγ | SMAD4,magmatch_vs_oracleDIST,-0.1264746013800631,0.0122396787649604,0.13871428014502352,1.0967757844769124,0.13871428014502352,1,1,True
upgrade/class_c_protein_oracle.csv,IFNγ | SLC25A13,energy_rho_partial_magmatch,0.1392876171169415,0.2916694605798344,0.1523818434628929,1.0940085458921873,0.1523818434628929,0,1,True
upgrade/oracle_shape_test.csv,Control | CD151,mean_vs_oracleDIST,0.1607596036740878,-0.0146651166949834,-0.1754247203690712,-1.0912238918224406,0.1754247203690712,1,1,True
upgrade/oracle_shape_test.csv,Control | SDC3,mean_vs_oracleDIST,0.1317983911696954,-0.0118313385634382,-0.14362972973313362,-1.0897684596787294,0.14362972973313362,1,1,True
upgrade/oracle_shape_test.csv,Control | CDH19,mean_vs_oracleDIST,0.2126353758786286,-0.0184170389411493,-0.2310524148197779,-1.086613240459394,0.2310524148197779,1,1,True
upgrade/class_c_protein_oracle.csv,Control | PAICS,energy_rho,0.1762213823740921,-0.0151071860835045,-0.1913285684575966,-1.085728450656653,0.1913285684575966,1,1,True
upgrade/oracle_shape_test.csv,Co-culture | STAT1,magmatch_vs_oracleDIST,0.0461426017377968,0.0962344259380344,0.0500918242002376,1.0855873382450791,0.0500918242002376,0,1,True
upgrade/oracle_shape_test.csv,Co-culture | TXNDC17,magmatch_vs_oracleDIST,0.112689229956639,0.2346408026089539,0.12195157265231489,1.0821936816787183,0.12195157265231489,0,1,True
upgrade/oracle_shape_test.csv,Control | CDC123,mean_vs_oracleDIST,0.1079480549576633,-0.0085831990962136,-0.1165312540538769,-1.07951230894878,0.1165312540538769,1,1,True
upgrade/class_c_protein_oracle.csv,Control | DDX17,energy_rho_partial_magmatch,0.1972019904457596,-0.0155530338428676,-0.2127550242886272,-1.0788685439113024,0.2127550242886272,1,1,True
upgrade/class_c_protein_oracle.csv,IFNγ | SPESP1,energy_rho_partial_magmatch,0.1380744090548776,-0.0108819669148701,-0.1489563759697477,-1.078812337415437,0.1489563759697477,1,1,True
upgrade/oracle_shape_test.csv,Control | FOS,energy_vs_oracleMEAN,0.1098800619149035,-0.0085750153260219,-0.1184550772409254,-1.0780397751565047,0.1184550772409254,1,1,True
upgrade/class_c_protein_oracle.csv,Control | CORO1A,energy_rho_partial_magmatch,0.2818488324204369,-0.0219032157714236,-0.3037520481918605,-1.0777126361792067,0.3037520481918605,1,1,True
upgrade/oracle_shape_test.csv,Co-culture | MRPL47,energy_vs_oracleMEAN,0.0532881519272078,0.1106888465594737,0.057400694632265895,1.0771755550966726,0.057400694632265895,0,1,True
upgrade/class_c_protein_oracle.csv,Control | VAT1,energy_rho,0.2301355301621047,0.4779550953219991,0.2478195651598944,1.0768418287490562,0.2478195651598944,0,1,True
upgrade/oracle_shape_test.csv,Control | CDK6,magmatch_vs_oracleDIST,-0.2164238223762678,0.0141991176244626,0.23062294000073041,1.0656079236960174,0.23062294000073041,1,1,True
upgrade/oracle_shape_test.csv,Control | GSEC,magmatch_vs_oracleDIST,0.158308700454538,0.3269008668842169,0.1685921664296789,1.0649583121181267,0.1685921664296789,0,1,True
upgrade/oracle_shape_test.csv,Control | VAT1,energy_vs_oracleMEAN,0.2363711759332932,0.4875554594170025,0.2511842834837093,1.0626688406144602,0.2511842834837093,0,1,True
upgrade/class_c_protein_oracle.csv,Co-culture | LINC00518,energy_rho_partial_magmatch,0.0828931312254983,-0.0047924645661675,-0.0876855957916658,-1.057814978096681,0.0876855957916658,1,1,True
upgrade/class_c_protein_oracle.csv,Control | C19orf48,energy_rho_partial_magmatch,0.1143561719057976,-0.0064584952260284,-0.120814667131826,-1.0564770149122225,0.120814667131826,1,1,True
upgrade/oracle_shape_test.csv,Control | NONO,magmatch_vs_oracleDIST,-0.1353122760528115,0.0068791538464444,0.14219142989925587,1.0508390964006806,0.14219142989925587,1,1,True
upgrade/oracle_shape_test.csv,Control | CITED1,mean_vs_oracleDIST,0.1865872872934648,-0.0092003330004168,-0.1957876202938816,-1.0493084664763175,0.1957876202938816,1,1,True
upgrade/class_c_protein_oracle.csv,IFNγ | DDX39A,energy_rho_partial_magmatch,0.131169415097527,-0.0062526477200369,-0.1374220628175639,-1.0476684882324734,0.1374220628175639,1,1,True
upgrade/class_c_protein_oracle.csv,Control | AHNAK,energy_rho_partial_magmatch,0.0919000545344858,0.1881779814179722,0.09627792688348641,1.0476373204692473,0.09627792688348641,0,1,True
exp09_predict_then_rank/runtime.csv,nearest_neighbor,per_query_ms,78.02776626886043,159.53875190712603,81.5109856382656,1.0446407674596634,81.5109856382656,0,1,True
upgrade/oracle_shape_test.csv,Control | SOX4,energy_vs_oracleDIST,0.2213716686959783,0.4524594210715624,0.2310877523755841,1.0438903665353376,0.2310877523755841,0,1,True
upgrade/class_c_protein_oracle.csv,IFNγ | APOD,energy_rho_partial_magmatch,0.1126906033552948,-0.0045799384039608,-0.1172705417592556,-1.0406417062966733,0.1172705417592556,1,1,True
upgrade/class_c_protein_oracle.csv,IFNγ | SAT1,energy_rho_partial_magmatch,0.0949665380167115,0.1936064870765272,0.0986399490598157,1.0386811093656776,0.0986399490598157,0,1,True
upgrade/oracle_shape_test.csv,Control | CGAS,mean_vs_oracleDIST,0.1522721233058729,-0.0055151619724607,-0.15778728527833358,-1.0362191178051825,0.15778728527833358,1,1,True
upgrade/oracle_shape_test.csv,Control | CXCR4,magmatch_vs_oracleDIST,-0.1374193475257338,0.0047242230095227,0.14214357053525647,1.0343781504903304,0.14214357053525647,1,1,True
upgrade/class_c_protein_oracle.csv,Control | CITED1,energy_rho_partial_magmatch,-0.1204909866963562,0.0040630081121621,0.12455399480851831,1.0337204319058413,0.12455399480851831,1,1,True
exp12_partial_observed_retrieval/summary.csv,leave_drug_out | DART_recommended | DART_coverage_worst,decision_regret,0.124250586827596,0.2522380970142506,0.1279875101866546,1.03007569987773,0.1279875101866546,0,1,True
upgrade/oracle_shape_test.csv,IFNγ | TPP1,energy_vs_oracleMEAN,-0.1263508895039829,0.00368276740348,0.1300336569074629,1.0291471426749546,0.1300336569074629,1,1,True
upgrade/oracle_shape_test.csv,Control | LGALS3,magmatch_vs_oracleDIST,0.3335885832746636,-0.0096952995807267,-0.3432838828553903,-1.0290636432624674,0.3432838828553903,1,1,True
upgrade/class_c_protein_oracle.csv,IFNγ | SGK1,energy_rho_partial_magmatch,-0.1054446220420256,0.0028375761828648,0.1082821982248904,1.0269105823313953,0.1082821982248904,1,1,True
upgrade/class_c_protein_oracle.csv,IFNγ | TPP1,energy_rho_partial_magmatch,0.1090041973672241,0.2209041882707627,0.1118999909035386,1.0265658901790622,0.1118999909035386,0,1,True
upgrade/oracle_shape_test.csv,Control | SGK1,magmatch_vs_oracleDIST,0.1764877020326375,0.357414989804696,0.1809272877720585,1.0251552130164854,0.1809272877720585,0,1,True
upgrade/class_c_protein_oracle.csv,Control | CXCR4,energy_rho,0.1099896346693233,0.2224704751805116,0.11248084051118831,1.0226494601000782,0.11248084051118831,0,1,True
upgrade/oracle_shape_test.csv,Control | RBP7,mean_vs_oracleDIST,0.1514648114026194,-0.0032871826325924,-0.15475199403521178,-1.021702615955164,0.15475199403521178,1,1,True
upgrade/oracle_shape_test.csv,IFNγ | PTMA,magmatch_vs_oracleDIST,-0.1183917456109573,0.0013374397359427,0.11972918534690001,1.0112967312800474,0.11972918534690001,1,1,True
upgrade/class_c_protein_oracle.csv,Control | RAB27A,energy_rho_partial_magmatch,-0.0764691880155114,-0.1537922878413286,-0.07732309982581718,-1.0111667435272436,0.07732309982581718,0,1,True
upgrade/oracle_shape_test.csv,IFNγ | FOXM1,magmatch_vs_oracleDIST,-0.1658472054370849,0.0018083765415253,0.1676555819786102,1.010903871046602,0.1676555819786102,1,1,True
upgrade/class_c_protein_oracle.csv,IFNγ | SAT1,energy_rho,0.1304468961573947,0.2621480644029472,0.1317011682455525,1.0096151930410397,0.1317011682455525,0,1,True
upgrade/class_c_protein_oracle.csv,Control | CITED1,energy_rho,-0.1229884898229581,0.0011095815706183,0.1240980713935764,1.0090218326301554,0.1240980713935764,1,1,True
upgrade/class_c_protein_oracle.csv,IFNγ | CITED1,energy_rho_partial_magmatch,0.2108419424843735,-0.0016638727534988,-0.2125058152378723,-1.007891564334369,0.2125058152378723,1,1,True
upgrade/class_c_protein_oracle.csv,IFNγ | ACSL3,energy_rho_partial_magmatch,0.1242841734565254,-0.0008394734448299,-0.1251236469013553,-1.0067544677772151,0.1251236469013553,1,1,True
upgrade/oracle_shape_test.csv,IFNγ | CCT3,magmatch_vs_oracleDIST,-0.0569017452211089,0.0003716554260392,0.0572734006471481,1.0065315294740964,0.0572734006471481,1,1,True
upgrade/oracle_shape_test.csv,Control | SOX4,magmatch_vs_oracleDIST,0.2205800303025341,-0.0013979972115623,-0.2219780275140964,-1.0063378231005087,0.2219780275140964,1,1,True
upgrade/class_c_protein_oracle.csv,Control | TAPBPL,energy_rho_partial_magmatch,0.2133771960206198,0.4279811031079619,0.2146039070873421,1.0057490260890096,0.2146039070873421,0,1,True
upgrade/oracle_shape_test.csv,IFNγ | TTLL1,energy_vs_oracleMEAN,0.1450896001455434,0.2909063974114069,0.1458167972658635,1.0050120554442954,0.1458167972658635,0,1,True
upgrade/oracle_shape_test.csv,IFNγ | C1QBP,magmatch_vs_oracleDIST,-0.0952150013644692,0.0004626201610386,0.0956776215255078,1.0048586898535847,0.0956776215255078,1,1,True
upgrade/oracle_shape_test.csv,Control | FBL,mean_vs_oracleDIST,0.187418528878718,-0.0007078148044126,-0.18812634368313058,-1.0037766532938195,0.18812634368313058,1,1,True
upgrade/oracle_shape_test.csv,Co-culture | CTSL,magmatch_vs_oracleDIST,-0.0997058498183496,0.0003306945338104,0.10003654435216,1.0033167014213598,0.10003654435216,1,1,True
upgrade/class_c_protein_oracle.csv,Control | CTSA,energy_rho_partial_magmatch,0.3436592010257017,-0.0001599510323138,-0.3438191520580155,-1.000465435035164,0.3438191520580155,1,1,True
upgrade/oracle_shape_test.csv,IFNγ | CCND1,magmatch_vs_oracleDIST,-0.1292336880953309,7.79696697984484e-06,0.12924148506231073,1.0000603323103654,0.12924148506231073,1,1,True
upgrade/class_c_protein_oracle.csv,Co-culture | JMJD7,energy_rho_partial_magmatch,0.1470397626875793,-7.528947354704346e-06,-0.147047291634934,-1.0000512034786855,0.147047291634934,1,1,True
exp13_real_data_projection/projection.csv,frangieh | IFNγ:LINC00518:s0,bootstrap_rank_stability,0.2,0.4,0.2,1.0,0.2,0,1,True
exp13_real_data_projection/projection.csv,frangieh | Co-culture:PFDN4:s0,bootstrap_rank_stability,0.2,0.4,0.2,1.0,0.2,0,1,True
exp12_partial_observed_retrieval/summary.csv,leave_MoA_out | DART_recommended | cmap_reverse,target_hit@5,0.0526315789473684,0.0,-0.0526315789473684,-1.0,0.0526315789473684,1,1,True
exp13_real_data_projection/projection.csv,frangieh | Co-culture:SDCBP:s1,bootstrap_rank_stability,0.2,0.4,0.2,1.0,0.2,0,1,True
exp13_real_data_projection/projection.csv,sciplex3_within_line | MCF7:Costunolide:s2,bootstrap_rank_stability,0.2,0.4,0.2,1.0,0.2,0,1,True
exp13_real_data_projection/projection.csv,sciplex3_within_line | K562:GSK J1:s2,bootstrap_rank_stability,0.2,0.4,0.2,1.0,0.2,0,1,True
exp13_real_data_projection/projection.csv,frangieh | IFNγ:FBL:s2,bootstrap_rank_stability,0.2,0.4,0.2,1.0,0.2,0,1,True
exp13_real_data_projection/projection.csv,frangieh | IFNγ:EEA1:s2,bootstrap_rank_stability,0.2,0.4,0.2,1.0,0.2,0,1,True
exp13_real_data_projection/projection.csv,frangieh | IFNγ:JMJD7:s1,bootstrap_rank_stability,0.2,0.4,0.2,1.0,0.2,0,1,True
exp13_real_data_projection/projection.csv,sciplex3_within_line | K562:ITSA-1 (ITSA1):s1,bootstrap_rank_stability,0.2,0.4,0.2,1.0,0.2,0,1,True
exp13_real_data_projection/projection.csv,cd34 | CD34+:Crizotinib:s0,bootstrap_rank_stability,0.2,0.4,0.2,1.0,0.2,0,1,True
exp13_real_data_projection/projection.csv,sciplex3_within_line | A549:BMS-536924:s1,bootstrap_rank_stability,0.2,0.4,0.2,1.0,0.2,0,1,True
exp13_real_data_projection/projection.csv,sciplex3_within_line | K562:Triamcinolone Acetonide:s1,bootstrap_rank_stability,0.2,0.4,0.2,1.0,0.2,0,1,True
exp13_real_data_projection/projection.csv,frangieh | Co-culture:LINC00518:s0,bootstrap_rank_stability,0.2,0.4,0.2,1.0,0.2,0,1,True
exp13_real_data_projection/projection.csv,sciplex3_within_line | K562:Ellagic acid:s2,bootstrap_rank_stability,0.2,0.4,0.2,1.0,0.2,0,1,True
exp13_real_data_projection/projection.csv,sciplex3_within_line | MCF7:GSK J1:s2,bootstrap_rank_stability,0.2,0.4,0.2,1.0,0.2,0,1,True
exp13_real_data_projection/projection.csv,frangieh | Co-culture:LINC00518:s1,bootstrap_rank_stability,0.2,0.4,0.2,1.0,0.2,0,1,True
exp13_real_data_projection/projection.csv,frangieh | Co-culture:TTLL1:s1,bootstrap_rank_stability,0.2,0.4,0.2,1.0,0.2,0,1,True
upgrade/class_c_protein_oracle.csv,Control | APOE,energy_rho_partial_magmatch,0.2892594770986645,0.0005365286595725,-0.288722948439092,-0.9981451648016723,0.288722948439092,0,1,True
upgrade/class_c_protein_oracle.csv,Control | CD63,energy_rho,-0.2270145958465628,-0.0004886694494376,0.2265259263971252,0.9978474095570142,0.2265259263971252,0,1,True
upgrade/class_c_protein_oracle.csv,IFNγ | HLA-DRB5,energy_rho_partial_magmatch,0.1536631450365807,0.0022533234571751,-0.1514098215794056,-0.9853359538057178,0.1514098215794056,0,1,True
upgrade/oracle_shape_test.csv,Control | SAT1,mean_vs_oracleDIST,0.18964090037347,0.0031706838632973,-0.1864702165101727,-0.983280590542161,0.1864702165101727,0,1,True
upgrade/oracle_shape_test.csv,Co-culture | RTP4,energy_vs_oracleMEAN,-0.1220587153646703,-0.0021399584981255,0.11991875686654481,0.9824677943583789,0.11991875686654481,0,1,True
upgrade/class_c_protein_oracle.csv,Co-culture | AHNAK,energy_rho_partial_magmatch,-0.0547290766209389,-0.0010673730749784,0.0536617035459605,0.9804971481179707,0.0536617035459605,0,1,True
upgrade/oracle_shape_test.csv,Control | FMN1,energy_vs_oracleMEAN,0.1699548988467152,0.3364689613132609,0.16651406246654568,0.9797544148270015,0.16651406246654568,0,1,True
upgrade/oracle_shape_test.csv,IFNγ | PAICS,energy_vs_oracleMEAN,-0.066519581178015,-0.0015661507673515,0.0649534304106635,0.9764557933225665,0.0649534304106635,0,1,True
upgrade/oracle_shape_test.csv,Control | HLA-DRB5,mean_vs_oracleDIST,0.1839991032666535,0.0043363102697378,-0.1796627929969157,-0.9764329815050589,0.1796627929969157,0,1,True
upgrade/oracle_shape_test.csv,Control | CXCR4,energy_vs_oracleMEAN,0.1038321496537123,0.2051945042336645,0.1013623545799522,0.9762135804565633,0.1013623545799522,0,1,True
upgrade/class_c_protein_oracle.csv,Co-culture | AEBP1,energy_rho_partial_magmatch,0.0973568182436819,0.0023183366354524,-0.0950384816082295,-0.9761872185505317,0.0950384816082295,0,1,True
upgrade/oracle_shape_test.csv,Control | LGALS3BP,mean_vs_oracleDIST,0.1485744044892171,0.0036461278625882,-0.1449282766266289,-0.975459246327635,0.1449282766266289,0,1,True
upgrade/class_c_protein_oracle.csv,Co-culture | PSAP,energy_rho_partial_magmatch,0.1407675703913141,0.2778778098176315,0.1371102394263174,0.9740186539070764,0.1371102394263174,0,1,True
upgrade/class_c_protein_oracle.csv,IFNγ | BOLA2B,energy_rho_partial_magmatch,0.247905604719764,0.0064772003690564,-0.2414284043507076,-0.9738723116955007,0.2414284043507076,0,1,True
upgrade/oracle_shape_test.csv,Control | SLC22A18,mean_vs_oracleDIST,0.1944677094130552,0.0052154112189905,-0.1892522981940647,-0.9731810939989384,0.1892522981940647,0,1,True
upgrade/oracle_shape_test.csv,Control | TTLL1,energy_vs_oracleDIST,0.2345392952265738,0.4615577409239797,0.22701844569740592,0.9679335203855608,0.22701844569740592,0,1,True
upgrade/oracle_shape_test.csv,IFNγ | TAPBPL,magmatch_vs_oracleDIST,0.0987751221590152,0.1943196496562837,0.09554452749726851,0.9672934379514525,0.09554452749726851,0,1,True
upgrade/class_c_protein_oracle.csv,IFNγ | DNMT1,energy_rho,0.0980593349187166,0.1925606539056307,0.0945013189869141,0.9637156836240853,0.0945013189869141,0,1,True
upgrade/class_c_protein_oracle.csv,Control | GAA,energy_rho_partial_magmatch,0.2019866673887553,0.0076121577898041,-0.1943745095989512,-0.9623135631266528,0.1943745095989512,0,1,True
upgrade/class_c_protein_oracle.csv,Control | CDC123,energy_rho,0.3035593512789156,0.011467355505653,-0.2920919957732626,-0.9622236789697295,0.2920919957732626,0,1,True
upgrade/class_c_protein_oracle.csv,IFNγ | NSG1,energy_rho,-0.0602284511325094,-0.0025516880567848,0.0576767630757246,0.9576331781939602,0.0576767630757246,0,1,True
upgrade/class_c_protein_oracle.csv,Co-culture | SPINT1,energy_rho_partial_magmatch,0.1072892372539264,0.004699800598725,-0.1025894366552014,-0.9561950413758487,0.1025894366552014,0,1,True
upgrade/class_c_protein_oracle.csv,IFNγ | MDH2,energy_rho_partial_magmatch,-0.1395443972294777,-0.0061549257338895,0.1333894714955882,0.9558927061487974,0.1333894714955882,0,1,True
upgrade/oracle_shape_test.csv,Co-culture | SLIRP,magmatch_vs_oracleDIST,-0.2222910123480528,-0.0098889827755059,0.2124020295725469,0.9555133486007873,0.2124020295725469,0,1,True
upgrade/class_c_protein_oracle.csv,IFNγ | TTLL1,energy_rho,0.1467171251847606,0.286680441308331,0.13996331612357038,0.9539671387870696,0.13996331612357038,0,1,True
upgrade/class_c_protein_oracle.csv,Co-culture | LRRC75A-AS1,energy_rho,0.1210289870264653,0.2363400281119311,0.1153110410854658,0.9527555664020457,0.1153110410854658,0,1,True
upgrade/class_c_protein_oracle.csv,IFNγ | SPINT1,energy_rho_partial_magmatch,-0.0866539316205995,-0.0042493470040154,0.0824045846165841,0.9509618672281311,0.0824045846165841,0,1,True
upgrade/oracle_shape_test.csv,Co-culture | UQCRH,magmatch_vs_oracleDIST,-0.1560675497156664,-0.0078225763015378,0.1482449734141286,0.9498769839355494,0.1482449734141286,0,1,True
upgrade/oracle_shape_test.csv,Co-culture | PUF60,mean_vs_oracleDIST,0.0334870203843353,0.0652869774114204,0.031799957027085095,0.9496203801387063,0.031799957027085095,0,1,True
upgrade/oracle_shape_test.csv,IFNγ | NUP50-AS1,energy_vs_oracleMEAN,0.09338848044313,0.1820035606149208,0.08861508017179079,0.9488866266086637,0.08861508017179079,0,1,True
upgrade/oracle_shape_test.csv,Control | DLL3,mean_vs_oracleDIST,0.2022750830296992,0.0109056377071334,-0.1913694453225658,-0.9460851156564243,0.1913694453225658,0,1,True
exp08_signature_baselines/flip_vs_dart.csv,Control+IFNγ | coverage_worst,mean_topk_overlap,0.2697530864197531,0.5245149911816578,0.2547619047619047,0.9444262830990516,0.2547619047619047,0,1,True
upgrade/class_c_protein_oracle.csv,IFNγ | TMED10,energy_rho,0.0644544072355853,0.1253133730978649,0.06085896586227958,0.944217292074937,0.06085896586227958,0,1,True
upgrade/oracle_shape_test.csv,Control | MT2A,mean_vs_oracleDIST,0.2078053584855282,0.0119295762053317,-0.1958757822801965,-0.9425925476981265,0.1958757822801965,0,1,True
upgrade/oracle_shape_test.csv,Control | CDC123,energy_vs_oracleMEAN,0.3132402657329205,0.0190883294940887,-0.29415193623883185,-0.9390616993334949,0.29415193623883185,0,1,True
upgrade/class_c_protein_oracle.csv,Co-culture | PABPC1,energy_rho,-0.1153869097088092,-0.0070743147644395,0.1083125949443697,0.9386904911285668,0.1083125949443697,0,1,True
upgrade/class_c_protein_oracle.csv,Co-culture | CD44,energy_rho_partial_magmatch,-0.0098692916824243,-0.0191125224348152,-0.009243230752390901,-0.9365647555894697,0.009243230752390901,0,1,True
upgrade/oracle_shape_test.csv,Control | LRRC75A-AS1,energy_vs_oracleDIST,0.250091074509194,0.483416252856237,0.23332517834704303,0.9329608375866505,0.23332517834704303,0,1,True
upgrade/class_c_protein_oracle.csv,Co-culture | LRRC75A-AS1,energy_rho_partial_magmatch,0.1197374829802353,0.2313454402667795,0.1116079572865442,0.9321054235369803,0.1116079572865442,0,1,True
upgrade/class_c_protein_oracle.csv,IFNγ | TGFB1,energy_rho,-0.1254079762972203,-0.0090283679648616,0.1163796083323587,0.9280080244380619,0.1163796083323587,0,1,True
upgrade/oracle_shape_test.csv,Co-culture | VDAC2,mean_vs_oracleDIST,0.1112425137649427,0.2142419884760773,0.10299947471113462,0.9259002806137071,0.10299947471113462,0,1,True
upgrade/class_c_protein_oracle.csv,Control | RB1,energy_rho,0.084920144132253,0.1634838090512133,0.07856366491896029,0.9251475691869616,0.07856366491896029,0,1,True
upgrade/oracle_shape_test.csv,Co-culture | TGFB1,energy_vs_oracleMEAN,0.1398559886115983,0.2692306021682908,0.12937461355669252,0.9250559439108885,0.12937461355669252,0,1,True
upgrade/oracle_shape_test.csv,Co-culture | CDKN2B,magmatch_vs_oracleDIST,-0.0190013256738842,-0.0365750470993572,-0.017573721425473,-0.9248681764150105,0.017573721425473,0,1,True
upgrade/oracle_shape_test.csv,IFNγ | RPSA,mean_vs_oracleDIST,0.2129710342676699,0.0162837056385066,-0.1966873286291633,-0.9235402800455924,0.1966873286291633,0,1,True
upgrade/class_c_protein_oracle.csv,Control | CDC123,energy_rho_partial_magmatch,0.2423081815582757,0.0186198115096732,-0.22368837004860248,-0.9231564886091347,0.22368837004860248,0,1,True
upgrade/oracle_shape_test.csv,Control | TIMP2,magmatch_vs_oracleDIST,0.1758290060491717,0.338062174351663,0.16223316830249132,0.9226757970588867,0.16223316830249132,0,1,True
upgrade/oracle_shape_test.csv,IFNγ | RB1,magmatch_vs_oracleDIST,-0.1145660338128468,-0.0088963393240029,0.1056696944888439,0.9223474966538877,0.1056696944888439,0,1,True
upgrade/oracle_shape_test.csv,Control | NSG1,mean_vs_oracleDIST,0.1555398333297201,0.0121084190918559,-0.1434314142378642,-0.9221522948003427,0.1434314142378642,0,1,True
upgrade/class_c_protein_oracle.csv,IFNγ | NUP50-AS1,energy_rho,0.0992720489836814,0.1908006185593804,0.091528569575699,0.9219973850921996,0.091528569575699,0,1,True
upgrade/oracle_shape_test.csv,IFNγ | MDH2,energy_vs_oracleMEAN,-0.1186287734071446,-0.0093069795849414,0.1093217938222032,0.921545344205836,0.1093217938222032,0,1,True
upgrade/class_c_protein_oracle.csv,Control | FOS,energy_rho,0.1096344678101696,0.0086146909448154,-0.1010197768653542,-0.9214235165556547,0.1010197768653542,0,1,True
upgrade/oracle_shape_test.csv,Control | FBL,energy_vs_oracleMEAN,-0.2188205689470814,-0.0173452410789515,0.2014753278681299,0.9207330409457706,0.2014753278681299,0,1,True
upgrade/oracle_shape_test.csv,Control | LGALS3,mean_vs_oracleDIST,0.2439908160399398,0.0194560909227159,-0.2245347251172239,-0.9202589210590161,0.2245347251172239,0,1,True
upgrade/oracle_shape_test.csv,Control | AEBP1,energy_vs_oracleMEAN,0.2093973120669829,0.0171752143910588,-0.1922220976759241,-0.9179778659930233,0.1922220976759241,0,1,True
upgrade/oracle_shape_test.csv,Co-culture | SINHCAF,magmatch_vs_oracleDIST,-0.1825926103960863,-0.015016775073856,0.1675758353222303,0.9177580349977961,0.1675758353222303,0,1,True
upgrade/class_c_protein_oracle.csv,Co-culture | APOC2,energy_rho_partial_magmatch,0.1253818768970775,0.0103407196167881,-0.1150411572802894,-0.9175262017709583,0.1150411572802894,0,1,True
upgrade/oracle_shape_test.csv,Control | TAPBP,magmatch_vs_oracleDIST,0.1210338126406656,0.231868542921663,0.11083473028099741,0.9157336108220602,0.11083473028099741,0,1,True
upgrade/oracle_shape_test.csv,Control | RAB27A,energy_vs_oracleDIST,0.4981128606023413,0.0429909467057497,-0.45512191389659157,-0.9136923574834767,0.45512191389659157,0,1,True
upgrade/class_c_protein_oracle.csv,Co-culture | GAA,energy_rho_partial_magmatch,-0.0450850742093591,-0.0861769105717424,-0.0410918363623833,-0.9114288283427765,0.0410918363623833,0,1,True
upgrade/class_c_protein_oracle.csv,IFNγ | TIMM50,energy_rho,0.1547318493106181,0.2957384377477161,0.14100658843709798,0.9112964723509044,0.14100658843709798,0,1,True
upgrade/class_c_protein_oracle.csv,IFNγ | MRPL47,energy_rho_partial_magmatch,0.1104346809091263,0.2108689719699037,0.1004342910607774,0.9094452053827372,0.1004342910607774,0,1,True
upgrade/class_c_protein_oracle.csv,Control | FBL,energy_rho,-0.2265372616635159,-0.0209724770873294,0.2055647845761865,0.9074215123228575,0.2055647845761865,0,1,True
upgrade/oracle_shape_test.csv,Control | SLC7A5P1,magmatch_vs_oracleDIST,0.2013569389150786,0.0189749783688269,-0.18238196054625172,-0.9057644674622835,0.18238196054625172,0,1,True
upgrade/oracle_shape_test.csv,Control | CD63,energy_vs_oracleMEAN,-0.2293798559936926,-0.0218352050962665,0.2075446508974261,0.9048076606305528,0.2075446508974261,0,1,True
upgrade/oracle_shape_test.csv,IFNγ | SERPINF1,energy_vs_oracleMEAN,-0.1094673656562784,-0.0112458253739295,0.0982215402823489,0.8972677810733037,0.0982215402823489,0,1,True
upgrade/class_c_protein_oracle.csv,IFNγ | SHMT2,energy_rho_partial_magmatch,0.1092443439502033,0.2071513781139137,0.09790703416371041,0.8962206245509537,0.09790703416371041,0,1,True
upgrade/class_c_protein_oracle.csv,Control | GRN,energy_rho_partial_magmatch,0.0646554818493362,0.0067192028141306,-0.057936279035205596,-0.8960768271778089,0.057936279035205596,0,1,True
upgrade/oracle_shape_test.csv,Control | RAB27A,energy_vs_oracleMEAN,-0.0674703681266711,-0.127907968932972,-0.060437600806300895,-0.8957650963580538,0.060437600806300895,0,1,True
upgrade/oracle_shape_test.csv,Control | EVA1A,magmatch_vs_oracleDIST,0.3522890000289674,0.036835337339246,-0.3154536626897214,-0.8954400014300272,0.3154536626897214,0,1,True
upgrade/class_c_protein_oracle.csv,Control | CD59,energy_rho_partial_magmatch,0.1062314151384206,0.2013531605442365,0.09512174540581589,0.8954201097845802,0.09512174540581589,0,1,True
upgrade/oracle_shape_test.csv,IFNγ | CD59,magmatch_vs_oracleDIST,0.2018546385456057,0.0216033163099554,-0.1802513222356503,-0.8929758737990334,0.1802513222356503,0,1,True
upgrade/oracle_shape_test.csv,Control | ATP5MD,magmatch_vs_oracleDIST,0.1801300515243837,0.3408833579137347,0.160753306389351,0.8924291367761603,0.160753306389351,0,1,True
upgrade/oracle_shape_test.csv,Co-culture | NSG1,energy_vs_oracleMEAN,-0.0156596313479885,-0.0016870633572502,0.013972567990738299,0.8922667258404582,0.013972567990738299,0,1,True
upgrade/oracle_shape_test.csv,Control | JMJD7,magmatch_vs_oracleDIST,0.3412889030507825,0.0374380110643436,-0.30385089198643894,-0.8903040481841481,0.30385089198643894,0,1,True
upgrade/oracle_shape_test.csv,IFNγ | CDK6,mean_vs_oracleDIST,0.1037781502995334,0.196109833274856,0.09233168297532261,0.88970253091645,0.09233168297532261,0,1,True
upgrade/class_c_protein_oracle.csv,IFNγ | HLA-F,energy_rho_partial_magmatch,-0.1474224526659129,-0.0163211310800098,0.1311013215859031,0.8892900587063454,0.1311013215859031,0,1,True
upgrade/class_c_protein_oracle.csv,Control | APOC2,energy_rho_partial_magmatch,0.2441066860790964,0.0271513728710454,-0.216955313208051,-0.888772514562556,0.216955313208051,0,1,True
upgrade/class_c_protein_oracle.csv,Co-culture | LY96,energy_rho_partial_magmatch,0.1826065099912027,0.344731387428627,0.16212487743742432,0.8878373363865006,0.16212487743742432,0,1,True
upgrade/oracle_shape_test.csv,IFNγ | NOLC1,mean_vs_oracleDIST,0.2004740555923745,0.0231065715436695,-0.177367484048705,-0.8847403397143206,0.177367484048705,0,1,True
upgrade/oracle_shape_test.csv,Control | CD151,energy_vs_oracleMEAN,0.1473577222972998,0.0170744578352705,-0.13028326446202929,-0.8841291954769622,0.13028326446202929,0,1,True
upgrade/oracle_shape_test.csv,IFNγ | STAT1,magmatch_vs_oracleDIST,0.0570041602027647,0.1073886658090003,0.050384505606235606,0.8838741843931588,0.050384505606235606,0,1,True
upgrade/class_c_protein_oracle.csv,IFNγ | TP53,energy_rho,-0.0786064221018024,-0.0091884680749208,0.0694179540268816,0.8831079213474327,0.0694179540268816,0,1,True
upgrade/class_c_protein_oracle.csv,Control | SLC25A13,energy_rho_partial_magmatch,0.2542415361344495,0.4783354513200997,0.2240939151856502,0.8814213389079885,0.2240939151856502,0,1,True
upgrade/oracle_shape_test.csv,Control | CD47,mean_vs_oracleDIST,0.1802509593913296,0.0216261352430059,-0.15862482414832368,-0.8800220796824998,0.15862482414832368,0,1,True
upgrade/class_c_protein_oracle.csv,Co-culture | KLF4,energy_rho,-0.1265332266925508,-0.0153573151542073,0.1111759115383435,0.8786301783679132,0.1111759115383435,0,1,True
upgrade/class_c_protein_oracle.csv,Co-culture | SERPINE2,energy_rho,0.2262512386566272,0.4247792787092779,0.1985280400526507,0.8774671963407418,0.1985280400526507,0,1,True
upgrade/class_c_protein_oracle.csv,Co-culture | CDH19,energy_rho_partial_magmatch,0.1458559805035012,0.0191032560380709,-0.12675272446543032,-0.869026583811472,0.12675272446543032,0,1,True
upgrade/oracle_shape_test.csv,Control | CD44,mean_vs_oracleDIST,0.1478312781095047,0.0193628911086117,-0.128468387000893,-0.8690203361817057,0.128468387000893,0,1,True
upgrade/class_c_protein_oracle.csv,Co-culture | TM4SF1,energy_rho_partial_magmatch,0.2117365864563503,0.3956815116273009,0.18394492517095062,0.8687441705256311,0.18394492517095062,0,1,True
upgrade/oracle_shape_test.csv,Control | NME1,magmatch_vs_oracleDIST,0.0847324850470974,0.1583049220836959,0.07357243703659849,0.8682907977466287,0.07357243703659849,0,1,True
upgrade/oracle_shape_test.csv,Co-culture | SERPINE2,energy_vs_oracleMEAN,0.2427002511772667,0.4531194030585679,0.2104191518813012,0.8669918999284941,0.2104191518813012,0,1,True
upgrade/oracle_shape_test.csv,Control | RPSA,magmatch_vs_oracleDIST,-0.2722857758191823,-0.0364650569967241,0.2358207188224582,0.8660779951247267,0.2358207188224582,0,1,True
upgrade/oracle_shape_test.csv,IFNγ | ITGA3,energy_vs_oracleMEAN,0.1040775538315595,0.013942023802595,-0.0901355300289645,-0.8660419726509045,0.0901355300289645,0,1,True
upgrade/oracle_shape_test.csv,IFNγ | DNMT1,energy_vs_oracleMEAN,0.1086954374748223,0.2026203533638401,0.0939249158890178,0.8641109329982146,0.0939249158890178,0,1,True
upgrade/oracle_shape_test.csv,Control | SET,mean_vs_oracleDIST,0.1562356343191942,0.021302454807536,-0.1349331795116582,-0.8636517533252726,0.1349331795116582,0,1,True
upgrade/oracle_shape_test.csv,Control | TPP1,mean_vs_oracleDIST,0.1796048579773373,0.025560678746538,-0.1540441792307993,-0.8576838119280533,0.1540441792307993,0,1,True
upgrade/class_c_protein_oracle.csv,IFNγ | SDC3,energy_rho_partial_magmatch,0.0964926643535664,0.0137595675282315,-0.0827330968253349,-0.857402968190266,0.0827330968253349,0,1,True
exp09_predict_then_rank/runtime.csv,average_effect,per_query_ms,88.16520739605444,163.5539985887994,75.38879119274496,0.8550855084374106,75.38879119274496,0,1,True
upgrade/class_c_protein_oracle.csv,IFNγ | NGFR,energy_rho_partial_magmatch,0.1665666055904253,0.0242282951931698,-0.1423383103972555,-0.8545429012779108,0.1423383103972555,0,1,True
upgrade/oracle_shape_test.csv,Co-culture | CD59,mean_vs_oracleDIST,-0.0657242545398869,-0.1216324611144347,-0.0559082065745478,-0.8506480136738271,0.0559082065745478,0,1,True
upgrade/oracle_shape_test.csv,IFNγ | CMSS1,energy_vs_oracleMEAN,0.1640944472600158,0.024637895858511,-0.13945655140150479,-0.8498553956583854,0.13945655140150479,0,1,True
exp08_signature_baselines/flip_vs_dart.csv,Control+IFNγ | coverage_worst,mean_delta_rank,-4.055555555555555,-0.6111111111111112,3.444444444444444,0.8493150684931506,3.444444444444444,0,1,True
upgrade/class_c_protein_oracle.csv,IFNγ | CD58,energy_rho_partial_magmatch,0.0562322456564396,0.103902901771211,0.047670656114771406,0.8477459073219898,0.047670656114771406,0,1,True
upgrade/oracle_shape_test.csv,Control | RNASEH2A,energy_vs_oracleDIST,0.3788975469557036,0.0581554245440451,-0.3207421224116585,-0.8465141170448275,0.3207421224116585,0,1,True
upgrade/class_c_protein_oracle.csv,IFNγ | HLA-F,energy_rho,-0.1215084532117006,-0.018808888232789,0.10269956497891161,0.8452051051952837,0.10269956497891161,0,1,True
upgrade/oracle_shape_test.csv,Control | DDX39A,mean_vs_oracleDIST,0.2053846822327149,0.032216908713301,-0.1731677735194139,-0.843138697769111,0.1731677735194139,0,1,True
upgrade/class_c_protein_oracle.csv,Co-culture | TM4SF1,energy_rho,0.2351504544298878,0.4329590674298316,0.1978086129999438,0.8412002157491989,0.1978086129999438,0,1,True
upgrade/oracle_shape_test.csv,IFNγ | TIMM50,energy_vs_oracleMEAN,0.1701782491537917,0.3130675381252397,0.14288928897144798,0.8396448411119659,0.14288928897144798,0,1,True
upgrade/oracle_shape_test.csv,Co-culture | TM4SF1,energy_vs_oracleMEAN,0.2426423361976151,0.4460860767176569,0.20344374052004177,0.8384511281425808,0.20344374052004177,0,1,True
upgrade/oracle_shape_test.csv,Co-culture | HLA-A,mean_vs_oracleDIST,-0.0552097709520469,-0.0089658179998598,0.0462439529521871,0.8376045064985478,0.0462439529521871,0,1,True
upgrade/oracle_shape_test.csv,Control | MFGE8,mean_vs_oracleDIST,0.2250372484392179,0.0369650614048234,-0.18807218703439452,-0.8357380315427756,0.18807218703439452,0,1,True
upgrade/oracle_shape_test.csv,Control | PTMA,magmatch_vs_oracleDIST,-0.2935844522558763,-0.0485596220621592,0.24502483019371712,0.8345974329054844,0.24502483019371712,0,1,True
upgrade/oracle_shape_test.csv,Control | DDR1,energy_vs_oracleMEAN,0.3459677856102006,0.0581692785704659,-0.2877985070397347,-0.8318650435390398,0.2877985070397347,0,1,True
upgrade/oracle_shape_test.csv,Co-culture | RTP4,magmatch_vs_oracleDIST,0.2670222260317408,0.0452843017393605,-0.22173792429238032,-0.8304099909122263,0.22173792429238032,0,1,True
upgrade/oracle_shape_test.csv,Co-culture | CD63,magmatch_vs_oracleDIST,-0.2787407430144399,-0.0478123044463969,0.23092843856804302,0.828470341546302,0.23092843856804302,0,1,True
upgrade/oracle_shape_test.csv,Co-culture | DDX39A,energy_vs_oracleMEAN,-0.0434912539693479,-0.007683582575347,0.0358076713940009,0.8233303969399849,0.0358076713940009,0,1,True
exp12_partial_observed_retrieval/recommendation_vs_outcome.csv,mean_sufficient | DART_coverage_worst,mean_regret_reduction,0.2581917155872691,0.045669902454723,-0.21252181313254612,-0.8231163135856444,0.21252181313254612,0,1,True
upgrade/oracle_shape_test.csv,Co-culture | MYC,mean_vs_oracleDIST,-0.0697371644478472,-0.0124650410704078,0.05727212337743939,0.8212568410387584,0.05727212337743939,0,1,True
upgrade/oracle_shape_test.csv,Control | CKS1B,magmatch_vs_oracleDIST,0.4312796208530805,0.0772991701438174,-0.3539804507092631,-0.8207678582379617,0.3539804507092631,0,1,True
upgrade/oracle_shape_test.csv,Co-culture | AHNAK,energy_vs_oracleMEAN,0.0293275665457594,0.0533657579999409,0.024038191454181502,0.819644937696247,0.024038191454181502,0,1,True
upgrade/class_c_protein_oracle.csv,Control | DDR1,energy_rho,0.3509942782870881,0.0634199545839824,-0.2875743237031057,-0.8193134233028453,0.2875743237031057,0,1,True
upgrade/oracle_shape_test.csv,Control | STAT1,mean_vs_oracleDIST,0.2220573733017797,0.0407969720126557,-0.181260401289124,-0.8162773367709257,0.181260401289124,0,1,True
upgrade/oracle_shape_test.csv,Control | HLA-B,mean_vs_oracleDIST,0.166137484839287,0.0309864192757366,-0.1351510655635504,-0.8134892958942329,0.1351510655635504,0,1,True
upgrade/oracle_shape_test.csv,Control | FKBP4,mean_vs_oracleDIST,0.2192550815939183,0.0411741665228786,-0.17808091507103968,-0.812208838109681,0.17808091507103968,0,1,True
upgrade/class_c_protein_oracle.csv,Control | IDH2,energy_rho,0.1279885339039513,0.2318823969480839,0.10389386304413262,0.8117435201039144,0.10389386304413262,0,1,True
upgrade/class_c_protein_oracle.csv,Control | FOS,energy_rho_partial_magmatch,0.2361129128342441,0.0451993909266202,-0.1909135219076239,-0.8085687462661093,0.1909135219076239,0,1,True
upgrade/oracle_shape_test.csv,Control | NMRK1,mean_vs_oracleDIST,0.2026378704339655,0.0389436682691157,-0.1636942021648498,-0.8078164353695849,0.1636942021648498,0,1,True
upgrade/oracle_shape_test.csv,Control | NEAT1,mean_vs_oracleDIST,0.2191480277533933,0.0426175041845457,-0.17653052356884757,-0.8055309709083803,0.17653052356884757,0,1,True
upgrade/class_c_protein_oracle.csv,Co-culture | PFDN4,energy_rho_partial_magmatch,0.1415621639121337,0.2553778402229958,0.11381567631086212,0.80399785624573,0.11381567631086212,0,1,True
upgrade/oracle_shape_test.csv,Co-culture | NPC2,magmatch_vs_oracleDIST,0.2586326620794141,0.0512935600280076,-0.2073391020514065,-0.8016740824008619,0.2073391020514065,0,1,True
upgrade/oracle_shape_test.csv,Co-culture | B2M,energy_vs_oracleMEAN,0.1219567850004835,0.2196327783821943,0.0976759933817108,0.8009065947525885,0.0976759933817108,0,1,True
exp08_signature_baselines/flip_vs_dart.csv,MCF7 | coverage_mean,top1_flip_rate,0.1666666666666666,0.3,0.1333333333333334,0.8000000000000006,0.1333333333333334,0,1,True
upgrade/oracle_shape_test.csv,Control | CD274,energy_vs_oracleMEAN,-0.186787540948094,-0.0377887700450645,0.1489987709030295,0.797691163697232,0.1489987709030295,0,1,True
exp08_signature_baselines/flip_vs_dart.csv,K562+MCF7 | coverage_worst,mean_delta_rank,-1.8944444444444444,-0.3861111111111111,1.5083333333333333,0.7961876832844574,1.5083333333333333,0,1,True
upgrade/class_c_protein_oracle.csv,IFNγ | C19orf48,energy_rho,0.0718178628513508,0.1289733029182279,0.05715544006687709,0.7958387760044863,0.05715544006687709,0,1,True
upgrade/class_c_protein_oracle.csv,Control | NME1,energy_rho_partial_magmatch,-0.1638238624269987,-0.0338164190364398,0.1300074433905589,0.7935806265615994,0.1300074433905589,0,1,True
upgrade/oracle_shape_test.csv,Control | TMEM173,magmatch_vs_oracleDIST,0.202994232946638,0.3637777663027255,0.16078353335608753,0.7920596118528817,0.16078353335608753,0,1,True
upgrade/oracle_shape_test.csv,Control | CTSA,energy_vs_oracleMEAN,0.1205514406298292,0.0252961927875938,-0.0952552478422354,-0.7901626670288457,0.0952552478422354,0,1,True
upgrade/oracle_shape_test.csv,IFNγ | DAG1,energy_vs_oracleMEAN,0.0683996725273868,0.0143583745922836,-0.05404129793510319,-0.7900812377934324,0.05404129793510319,0,1,True
upgrade/oracle_shape_test.csv,Co-culture | LY96,energy_vs_oracleMEAN,0.2029532006423929,0.3632868729579686,0.1603336723155757,0.7900031721997154,0.1603336723155757,0,1,True
upgrade/oracle_shape_test.csv,Control | CD44,energy_vs_oracleDIST,0.4567647321827774,0.0961577092982807,-0.3606070228844967,-0.7894808803675267,0.3606070228844967,0,1,True
upgrade/class_c_protein_oracle.csv,Control | HLA-A,energy_rho,-0.2539984609436103,-0.0536629416128353,0.20033551933077498,0.7887272961675587,0.20033551933077498,0,1,True
upgrade/oracle_shape_test.csv,Co-culture | ISYNA1,mean_vs_oracleDIST,0.0910660931539281,0.0192735260782466,-0.07179256707568149,-0.7883567262991203,0.07179256707568149,0,1,True
upgrade/oracle_shape_test.csv,Control | CDC123,energy_vs_oracleDIST,0.5268977581974404,0.1134669953009661,-0.41343076289647435,-0.7846508292440912,0.41343076289647435,0,1,True
upgrade/class_c_protein_oracle.csv,Control | RB1,energy_rho_partial_magmatch,0.1050550823495924,0.1874210477926127,0.0823659654430203,0.7840264706940174,0.0823659654430203,0,1,True
upgrade/class_c_protein_oracle.csv,IFNγ | TIMM50,energy_rho_partial_magmatch,0.1313856509817681,0.2343752680207399,0.1029896170389718,0.783872639587281,0.1029896170389718,0,1,True
upgrade/class_c_protein_oracle.csv,IFNγ | PYGB,energy_rho_partial_magmatch,-0.1676217951216976,-0.036611957948358,0.13100983717333958,0.7815799674393368,0.13100983717333958,0,1,True
upgrade/oracle_shape_test.csv,Control | TSC22D3,magmatch_vs_oracleDIST,0.276941988153548,0.0608531813252761,-0.2160888068282719,-0.7802674064304883,0.2160888068282719,0,1,True
upgrade/class_c_protein_oracle.csv,Control | DDX39A,energy_rho_partial_magmatch,0.3656228707305984,0.08088610352988,-0.2847367672007184,-0.7787717618204489,0.2847367672007184,0,1,True
upgrade/class_c_protein_oracle.csv,Control | DDR1,energy_rho_partial_magmatch,0.3761531902674205,0.0837022492641622,-0.2924509410032583,-0.7774782949344247,0.2924509410032583,0,1,True
upgrade/class_c_protein_oracle.csv,IFNγ | PFDN4,energy_rho_partial_magmatch,0.1057720946551791,0.1879781165126765,0.08220602185749741,0.7771995262596628,0.08220602185749741,0,1,True
upgrade/oracle_shape_test.csv,Control | IDH2,energy_vs_oracleMEAN,0.10924403615649,0.1941377316928486,0.08489369553635859,0.777101419200129,0.08489369553635859,0,1,True
upgrade/oracle_shape_test.csv,IFNγ | TMED10,magmatch_vs_oracleDIST,-0.1368435278676594,-0.030516808961314,0.1063267189063454,0.7769948682496213,0.1063267189063454,0,1,True
upgrade/oracle_shape_test.csv,Control | RB1,energy_vs_oracleMEAN,0.1002061731022817,0.1777950183439904,0.07758884524170868,0.7742920704347502,0.07758884524170868,0,1,True
upgrade/oracle_shape_test.csv,IFNγ | ITGA3,magmatch_vs_oracleDIST,0.0954998505581328,0.0216147518615258,-0.073885098696607,-0.7736671656007625,0.073885098696607,0,1,True
upgrade/oracle_shape_test.csv,Co-culture | IDH2,energy_vs_oracleMEAN,-0.0636421919893158,-0.014448054157472,0.049194137831843794,0.7729799413587525,0.049194137831843794,0,1,True
upgrade/oracle_shape_test.csv,Control | SLC26A2,mean_vs_oracleDIST,0.2648486825450602,0.0605685440551743,-0.2042801384898859,-0.7713088716426995,0.2042801384898859,0,1,True
upgrade/oracle_shape_test.csv,IFNγ | ACSL3,energy_vs_oracleMEAN,0.1771559263446519,0.0408295972866554,-0.13632632905799652,-0.769527341652559,0.13632632905799652,0,1,True
upgrade/oracle_shape_test.csv,Co-culture | CTSA,mean_vs_oracleDIST,0.2002080306069084,0.0466377883189525,-0.1535702422879559,-0.7670533585612165,0.1535702422879559,0,1,True
exp12_partial_observed_retrieval/recommendation_vs_outcome.csv,mean_sufficient | DART_energy,mean_regret_reduction,-0.1038355393843217,-0.0243903073397549,0.0794452320445668,0.7651063645031959,0.0794452320445668,0,1,True
upgrade/class_c_protein_oracle.csv,IFNγ | DNMT1,energy_rho_partial_magmatch,0.0951609423934089,0.1677257546814289,0.07256481228801999,0.7625482730932478,0.07256481228801999,0,1,True
upgrade/class_c_protein_oracle.csv,Control | FRZB,energy_rho,-0.2304088323196804,-0.0547316080656934,0.175677224253987,0.762458723848936,0.175677224253987,0,1,True
upgrade/oracle_shape_test.csv,Control | PSAP,mean_vs_oracleDIST,0.3004799790426364,0.0716542841057792,-0.2288256949368572,-0.7615339153907094,0.2288256949368572,0,1,True
upgrade/oracle_shape_test.csv,Co-culture | SP100,magmatch_vs_oracleDIST,0.1271587084727878,0.2239763382559135,0.09681762978312572,0.7613920505007715,0.09681762978312572,0,1,True
upgrade/oracle_shape_test.csv,Control | GPNMB,mean_vs_oracleDIST,0.2742543070278956,0.0656088907584827,-0.2086454162694129,-0.7607735263322252,0.2086454162694129,0,1,True
upgrade/oracle_shape_test.csv,IFNγ | CD274,energy_vs_oracleDIST,-0.0858336906943199,-0.0205600874715969,0.06527360322272299,0.7604659976137146,0.06527360322272299,0,1,True
upgrade/oracle_shape_test.csv,Co-culture | MYC,energy_vs_oracleDIST,0.1767084484634866,0.0427001353473074,-0.1340083131161792,-0.7583582691229923,0.1340083131161792,0,1,True
upgrade/class_c_protein_oracle.csv,Control | SMAD3,energy_rho_partial_magmatch,0.2971235262779394,0.522276644756314,0.22515311847837455,0.7577761387624307,0.22515311847837455,0,1,True
upgrade/class_c_protein_oracle.csv,IFNγ | PAICS,energy_rho,-0.0882829779215885,-0.0214317830363988,0.0668511948851897,0.7572376516859891,0.0668511948851897,0,1,True
upgrade/oracle_shape_test.csv,Control | CTSB,energy_vs_oracleMEAN,-0.2079697830994152,-0.0505445421258594,0.15742524097355579,0.7569620866426651,0.15742524097355579,0,1,True
upgrade/oracle_shape_test.csv,Control | CD63,energy_vs_oracleDIST,0.499100118011116,0.1221018321320213,-0.3769982858790947,-0.7553560343391827,0.3769982858790947,0,1,True
upgrade/oracle_shape_test.csv,Control | GRN,energy_vs_oracleDIST,0.5097173400773055,0.1247379147983466,-0.3849794252789589,-0.7552802210349987,0.3849794252789589,0,1,True
upgrade/oracle_shape_test.csv,Control | WNT7A,mean_vs_oracleDIST,0.2449643762602441,0.060136550322232,-0.18482782593801209,-0.7545089974293061,0.18482782593801209,0,1,True
upgrade/class_c_protein_oracle.csv,Co-culture | SET,energy_rho_partial_magmatch,-0.1095606627558611,-0.0270190754568478,0.0825415872990133,0.7533870754592311,0.0825415872990133,0,1,True
upgrade/oracle_shape_test.csv,Control | NONO,energy_vs_oracleDIST,0.4773379614177959,0.1178108623123881,-0.3595270991054078,-0.7531919272406816,0.3595270991054078,0,1,True
upgrade/class_c_protein_oracle.csv,Control | HLA-A,energy_rho_partial_magmatch,-0.2974535039981461,-0.0735648802949144,0.22388862370323168,0.7526844387236639,0.22388862370323168,0,1,True
upgrade/oracle_shape_test.csv,Control | ITGA3,energy_vs_oracleDIST,0.4109062743035986,0.1020903206955225,-0.3088159536080761,-0.7515484014729527,0.3088159536080761,0,1,True
exp08_signature_baselines/flip_vs_dart.csv,A549+MCF7 | coverage_worst,mean_delta_rank,-3.0416666666666665,-0.7583333333333333,2.283333333333333,0.7506849315068493,2.283333333333333,0,1,True
upgrade/oracle_shape_test.csv,Control | GAA,mean_vs_oracleDIST,0.1866736188712143,0.0466263556479717,-0.14004726322324262,-0.750225254484732,0.14004726322324262,0,1,True
exp12_partial_observed_retrieval/recommendation_vs_outcome.csv,mean_sufficient | DART_coverage_mean,frac_regret_improved,0.3636363636363636,0.0909090909090909,-0.2727272727272727,-0.75,0.2727272727272727,0,1,True
upgrade/class_c_protein_oracle.csv,Control | BOLA2B,energy_rho_partial_magmatch,0.4373161980017456,0.1093523494539624,-0.3279638485477832,-0.7499467205796803,0.3279638485477832,0,1,True
upgrade/oracle_shape_test.csv,Control | CKS1B,energy_vs_oracleDIST,0.4441550492258748,0.1115148721446189,-0.3326401770812559,-0.7489280548786285,0.3326401770812559,0,1,True
upgrade/class_c_protein_oracle.csv,Co-culture | PFDN4,energy_rho,0.1567104059897988,0.2737241474770208,0.11701374148722199,0.74668775661802,0.11701374148722199,0,1,True
upgrade/class_c_protein_oracle.csv,Co-culture | LY96,energy_rho,0.2156018321982962,0.376380295349123,0.16077846315082678,0.7457193731218085,0.16077846315082678,0,1,True
upgrade/oracle_shape_test.csv,Control | ISYNA1,energy_vs_oracleDIST,0.4723265822242765,0.1208851967208778,-0.35144138550339865,-0.7440643798796878,0.35144138550339865,0,1,True
upgrade/oracle_shape_test.csv,Control | ENPP1,mean_vs_oracleDIST,0.2787820547536313,0.0714729223053603,-0.20730913244827104,-0.7436243793793571,0.20730913244827104,0,1,True
upgrade/class_c_protein_oracle.csv,Control | ITGA3,energy_rho,0.2181039379440373,0.0559532816892877,-0.1621506562547496,-0.7434558852227391,0.1621506562547496,0,1,True
upgrade/oracle_shape_test.csv,Control | CD151,energy_vs_oracleDIST,0.5744143840059043,0.1476121326006652,-0.4268022514052391,-0.7430215246853081,0.4268022514052391,0,1,True
upgrade/oracle_shape_test.csv,IFNγ | PPIA,energy_vs_oracleMEAN,-0.0922864845519983,-0.0238244184955548,0.0684620660564435,0.7418428211757155,0.0684620660564435,0,1,True
upgrade/class_c_protein_oracle.csv,IFNγ | JPT1,energy_rho_partial_magmatch,0.0400509401842683,0.0697532259950879,0.0297022858108196,0.7416126980830884,0.0297022858108196,0,1,True
upgrade/oracle_shape_test.csv,Control | FSTL3,energy_vs_oracleDIST,0.5085170776064776,0.1318557379774629,-0.3766613396290147,-0.740705388699844,0.3766613396290147,0,1,True
upgrade/class_c_protein_oracle.csv,Control | CD44,energy_rho,-0.1243990816039939,-0.0322698059050898,0.09212927569890411,0.7405945004657193,0.09212927569890411,0,1,True
upgrade/oracle_shape_test.csv,Co-culture | SERPINF1,energy_vs_oracleMEAN,-0.1446212331373297,-0.0376893313078534,0.10693190182947629,0.7393928229607591,0.10693190182947629,0,1,True
upgrade/class_c_protein_oracle.csv,IFNγ | PPIA,energy_rho,-0.0875303107091341,-0.0229132067625693,0.0646171039465648,0.7382254606782948,0.0646171039465648,0,1,True
upgrade/oracle_shape_test.csv,Control | FSTL3,magmatch_vs_oracleDIST,0.4555455778577393,0.119310875536686,-0.3362347023210533,-0.7380923417196573,0.3362347023210533,0,1,True
upgrade/oracle_shape_test.csv,Co-culture | PSMB8-AS1,mean_vs_oracleDIST,0.1371374594667536,0.0359379823231899,-0.1011994771435637,-0.7379418981295742,0.1011994771435637,0,1,True
upgrade/oracle_shape_test.csv,Co-culture | PAICS,mean_vs_oracleDIST,-0.0841863970993888,-0.0221287345750691,0.0620576625243197,0.7371459601847036,0.0620576625243197,0,1,True
upgrade/class_c_protein_oracle.csv,IFNγ | SHMT2,energy_rho,0.1364578379010564,0.2369503463152833,0.10049250841422691,0.7364363231893838,0.10049250841422691,0,1,True
upgrade/oracle_shape_test.csv,Control | HLA-F,magmatch_vs_oracleDIST,0.4803971823429174,0.1269960818294367,-0.3534011005134807,-0.7356435747394033,0.3534011005134807,0,1,True
upgrade/class_c_protein_oracle.csv,Control | LINC00518,energy_rho,0.3699075432654947,0.0979882694179923,-0.27191927384750236,-0.7351006455478986,0.27191927384750236,0,1,True
upgrade/oracle_shape_test.csv,Control | LEF1-AS1,mean_vs_oracleDIST,0.1662369819381279,0.0444248249039978,-0.12181215703413009,-0.7327620822631852,0.12181215703413009,0,1,True
exp12_partial_observed_retrieval/recommendation_vs_outcome.csv,DART_recommended | DART_coverage_worst,median_regret_reduction,0.1190099716186523,0.0319232940673828,-0.0870866775512695,-0.7317595018871553,0.0870866775512695,0,1,True
upgrade/class_c_protein_oracle.csv,IFNγ | TSC22D3,energy_rho,0.1132623809338167,0.1961192406064132,0.0828568596725965,0.7315479242928219,0.0828568596725965,0,1,True
upgrade/class_c_protein_oracle.csv,Co-culture | GRN,energy_rho_partial_magmatch,0.1129938627496063,0.0303352871916968,-0.0826585755579095,-0.7315315500017943,0.0826585755579095,0,1,True
exp12_partial_observed_retrieval/summary.csv,partial_library | mean_or_no_call | mean_l2,decision_regret,0.0280799865722656,0.0075712203979492,-0.0205087661743164,-0.7303695150115477,0.0205087661743164,0,1,True
upgrade/oracle_shape_test.csv,Control | NONO,mean_vs_oracleDIST,0.107971984639663,0.0291665039868109,-0.07880548065285209,-0.7298697057005218,0.07880548065285209,0,1,True
upgrade/oracle_shape_test.csv,Control | SMAD4,magmatch_vs_oracleDIST,-0.4013587021548048,-0.1090135555351243,0.2923451466196805,0.7283887082805106,0.2923451466196805,0,1,True
upgrade/oracle_shape_test.csv,Control | STAT3,magmatch_vs_oracleDIST,-0.2824722636093769,-0.0767802738815077,0.20569198972786917,0.728184732545334,0.20569198972786917,0,1,True
upgrade/class_c_protein_oracle.csv,IFNγ | CTPS1,energy_rho,0.1284144867646485,0.2217077956674853,0.0932933089028368,0.7265014349496253,0.0932933089028368,0,1,True
upgrade/class_c_protein_oracle.csv,Co-culture | CTSA,energy_rho_partial_magmatch,-0.0385789053953015,-0.0106001787256272,0.027978726669674298,0.7252338132196413,0.027978726669674298,0,1,True
upgrade/oracle_shape_test.csv,IFNγ | JPT1,energy_vs_oracleMEAN,0.0719997920808805,0.1241978870219484,0.05219809494106789,0.7249756344078258,0.05219809494106789,0,1,True
upgrade/class_c_protein_oracle.csv,IFNγ | HLA-A,energy_rho_partial_magmatch,0.1534864137850376,0.0423380504983561,-0.11114836328668151,-0.7241576667648785,0.11114836328668151,0,1,True
upgrade/oracle_shape_test.csv,Co-culture | ACSL3,mean_vs_oracleDIST,0.0967904097426895,0.1668466857284169,0.0700562759857274,0.7237935676888556,0.0700562759857274,0,1,True
upgrade/oracle_shape_test.csv,IFNγ | UQCRFS1,magmatch_vs_oracleDIST,-0.0506132314529648,-0.014050654295479,0.0365625771574858,0.7223916771934161,0.0365625771574858,0,1,True
upgrade/class_c_protein_oracle.csv,IFNγ | ACSL3,energy_rho,0.1853651411550336,0.0515104158409477,-0.1338547253140859,-0.7221137937803203,0.1338547253140859,0,1,True
upgrade/oracle_shape_test.csv,Control | DDX17,energy_vs_oracleDIST,0.5219529643208441,0.1453401180300521,-0.37661284629079206,-0.7215455645142929,0.37661284629079206,0,1,True
upgrade/oracle_shape_test.csv,Co-culture | FOXM1,energy_vs_oracleMEAN,0.1692362577888408,0.047253411047514,-0.1219828467413268,-0.7207843539859351,0.1219828467413268,0,1,True
upgrade/class_c_protein_oracle.csv,Control | ITGA3,energy_rho_partial_magmatch,0.2384139406770588,0.0666328292566811,-0.1717811114203777,-0.7205162203709475,0.1717811114203777,0,1,True
upgrade/oracle_shape_test.csv,Co-culture | SLC25A13,magmatch_vs_oracleDIST,0.3206874044764803,0.0899494923462458,-0.2307379121302345,-0.7195103671343511,0.2307379121302345,0,1,True
upgrade/oracle_shape_test.csv,Control | LINC00518,energy_vs_oracleMEAN,0.3742614859324956,0.1066394791893631,-0.26762200674313247,-0.7150669165873045,0.26762200674313247,0,1,True
upgrade/oracle_shape_test.csv,Control | RNASEH2A,mean_vs_oracleDIST,0.1694574133525106,0.048612519253948,-0.12084489409856261,-0.7131284002735088,0.12084489409856261,0,1,True
upgrade/oracle_shape_test.csv,Co-culture | SHMT2,energy_vs_oracleMEAN,0.2347543159690711,0.4019293796321124,0.1671750636630413,0.7121277535321934,0.1671750636630413,0,1,True
upgrade/oracle_shape_test.csv,Control | HLA-H,energy_vs_oracleMEAN,0.284001244343464,0.0818281773265003,-0.20217306701696372,-0.7118738774695672,0.20217306701696372,0,1,True
upgrade/oracle_shape_test.csv,IFNγ | ITGA3,mean_vs_oracleDIST,0.1855017997998778,0.0534710797499772,-0.1320307200499006,-0.7117489975425434,0.1320307200499006,0,1,True
upgrade/class_c_protein_oracle.csv,Control | CSPG4,energy_rho_partial_magmatch,0.3490924982965844,0.1011595820114283,-0.2479329162851561,-0.7102212665553058,0.2479329162851561,0,1,True
upgrade/oracle_shape_test.csv,Control | CGAS,energy_vs_oracleDIST,0.52006835075008,0.150754525151528,-0.36931382559855197,-0.7101255538159571,0.36931382559855197,0,1,True
upgrade/oracle_shape_test.csv,Control | FOS,mean_vs_oracleDIST,0.2469392047536943,0.0715837545167274,-0.17535545023696691,-0.7101158781647188,0.17535545023696691,0,1,True
upgrade/oracle_shape_test.csv,Control | KCNN4,magmatch_vs_oracleDIST,0.2753449967443038,0.0802009589505197,-0.1951440377937841,-0.7087255628436296,0.1951440377937841,0,1,True
upgrade/class_c_protein_oracle.csv,Control | TXNDC17,energy_rho,0.3350193263668571,0.5723325016719292,0.23731317530507207,0.7083566726691056,0.23731317530507207,0,1,True
upgrade/oracle_shape_test.csv,Control | STAT3,energy_vs_oracleDIST,0.4101635656737528,0.1196773775083659,-0.29048618816538685,-0.7082203600610439,0.29048618816538685,0,1,True
exp08_signature_baselines/flip_vs_dart.csv,K562+MCF7 | coverage_worst,top1_flip_rate,0.3805555555555555,0.1111111111111111,-0.2694444444444444,-0.7080291970802919,0.2694444444444444,0,1,True
upgrade/oracle_shape_test.csv,Control | TXNDC17,magmatch_vs_oracleDIST,0.2338836740374285,0.3993586845224077,0.1654750104849792,0.7075098814229256,0.1654750104849792,0,1,True
exp08_signature_baselines/flip_vs_dart.csv,A549+MCF7 | coverage_worst,top1_flip_rate,0.4083333333333333,0.1194444444444444,-0.2888888888888889,-0.707482993197279,0.2888888888888889,0,1,True
upgrade/class_c_protein_oracle.csv,Co-culture | ARMC6,energy_rho,0.1419386112798689,0.0415279361591596,-0.10041067512070931,-0.70742326006504,0.10041067512070931,0,1,True
upgrade/class_c_protein_oracle.csv,IFNγ | B2M,energy_rho_partial_magmatch,-0.0660678596026145,-0.0193806609229009,0.046687198679713604,0.7066552323705981,0.046687198679713604,0,1,True
upgrade/class_c_protein_oracle.csv,IFNγ | SERPINA3,energy_rho_partial_magmatch,0.2235094148376281,0.3813460163996205,0.15783660156199242,0.7061742865581536,0.15783660156199242,0,1,True
upgrade/oracle_shape_test.csv,Co-culture | PFDN4,energy_vs_oracleMEAN,0.1659756444344573,0.2828167992823175,0.1168411548478602,0.7039656646370185,0.1168411548478602,0,1,True
upgrade/class_c_protein_oracle.csv,Co-culture | SERPINF1,energy_rho,-0.1478482558035153,-0.0438254360926855,0.1040228197108298,0.7035782677684894,0.1040228197108298,0,1,True
upgrade/class_c_protein_oracle.csv,IFNγ | GAA,energy_rho,0.1937437136953725,0.0574308993801411,-0.1363128143152314,-0.7035728371014868,0.1363128143152314,0,1,True
upgrade/class_c_protein_oracle.csv,Control | FBL,energy_rho_partial_magmatch,-0.2502981764322859,-0.0742865491257479,0.17601162730653802,0.7032077892671148,0.17601162730653802,0,1,True
upgrade/oracle_shape_test.csv,Control | CDK4,energy_vs_oracleDIST,0.4980396552614444,0.14786222791777,-0.3501774273436744,-0.7031115366904866,0.3501774273436744,0,1,True
upgrade/oracle_shape_test.csv,Control | KLF4,mean_vs_oracleDIST,0.3070039660299272,0.0911909802731258,-0.21581298575680138,-0.7029648136068822,0.21581298575680138,0,1,True
upgrade/class_c_protein_oracle.csv,Co-culture | RTP4,energy_rho,-0.1599698610445893,-0.0475835402105288,0.1123863208340605,0.7025468428877014,0.1123863208340605,0,1,True
upgrade/class_c_protein_oracle.csv,IFNγ | HNRNPC,energy_rho_partial_magmatch,0.0754772393538913,0.1284986940080308,0.05302145465413949,0.7024826968768288,0.05302145465413949,0,1,True
upgrade/oracle_shape_test.csv,Control | IRF4,mean_vs_oracleDIST,0.2850327395833464,0.0851506247536187,-0.1998821148297277,-0.7012601960108522,0.1998821148297277,0,1,True
upgrade/oracle_shape_test.csv,Control | LAMP2,energy_vs_oracleDIST,0.5746511619120067,0.1720355217237431,-0.4026156401882636,-0.7006261657048803,0.4026156401882636,0,1,True
upgrade/class_c_protein_oracle.csv,Co-culture | PAICS,energy_rho_partial_magmatch,0.0664325357089285,0.0199372317450536,-0.0464953039638749,-0.6998875395573069,0.0464953039638749,0,1,True
upgrade/oracle_shape_test.csv,Control | CSPG4,mean_vs_oracleDIST,0.2727920775120184,0.0819591608490251,-0.1908329166629933,-0.6995544680163439,0.1908329166629933,0,1,True
upgrade/oracle_shape_test.csv,Control | HLA-DRB5,energy_vs_oracleDIST,0.5609986486026954,0.168816402920564,-0.39218224568213145,-0.6990787707937576,0.39218224568213145,0,1,True
upgrade/oracle_shape_test.csv,IFNγ | TAPBP,energy_vs_oracleDIST,0.0996187283146855,0.0299782984419061,-0.06964042987277941,-0.6990696533767458,0.06964042987277941,0,1,True
upgrade/oracle_shape_test.csv,Control | CTSB,magmatch_vs_oracleDIST,0.4650105432323133,0.1411057780106373,-0.323904765221676,-0.6965535941834707,0.323904765221676,0,1,True
upgrade/oracle_shape_test.csv,Control | MDH2,magmatch_vs_oracleDIST,0.1728529092825755,0.2929119022459895,0.12005899296341402,0.6945731689545628,0.12005899296341402,0,1,True
upgrade/oracle_shape_test.csv,Control | ARMC6,mean_vs_oracleDIST,0.2532415273182509,0.0776039587250769,-0.17563756859317398,-0.6935575316304607,0.17563756859317398,0,1,True
upgrade/class_c_protein_oracle.csv,Control | CD151,energy_rho_partial_magmatch,0.2328685517378616,0.0715799761458854,-0.1612885755919762,-0.6926163897542402,0.1612885755919762,0,1,True
upgrade/oracle_shape_test.csv,Control | SNHG6,mean_vs_oracleDIST,0.1537104231397506,0.0475659105306973,-0.1061445126090533,-0.6905485681510922,0.1061445126090533,0,1,True
upgrade/oracle_shape_test.csv,Control | SOX4,mean_vs_oracleDIST,0.2773752413434375,0.0863395521119203,-0.1910356892315172,-0.6887265363204594,0.1910356892315172,0,1,True
upgrade/oracle_shape_test.csv,Control | SLC5A3,mean_vs_oracleDIST,0.2749243381238877,0.0856581859034021,-0.18926615222048562,-0.6884299640841459,0.18926615222048562,0,1,True
upgrade/oracle_shape_test.csv,Control | CYP27A1,mean_vs_oracleDIST,0.2241770393441755,0.070010692789483,-0.15416634655469247,-0.6876990926711424,0.15416634655469247,0,1,True
upgrade/oracle_shape_test.csv,Control | TXNDC17,energy_vs_oracleMEAN,0.3361969186126325,0.5672304415782002,0.23103352296556773,0.6871970270250023,0.23103352296556773,0,1,True
upgrade/oracle_shape_test.csv,Control | PPIA,magmatch_vs_oracleDIST,0.4297493806620461,0.1346057207053462,-0.2951436599566999,-0.686780884947453,0.2951436599566999,0,1,True
upgrade/oracle_shape_test.csv,Control | KDR,mean_vs_oracleDIST,0.2493825512315599,0.0782802871058057,-0.1711022641257542,-0.6861035917740697,0.1711022641257542,0,1,True
upgrade/class_c_protein_oracle.csv,IFNγ | JPT1,energy_rho,0.0716026665627071,0.1207287565137161,0.049126089951009005,0.6860930229181633,0.049126089951009005,0,1,True
upgrade/oracle_shape_test.csv,Control | GSEC,energy_vs_oracleDIST,0.3154398086633005,0.531402669796837,0.21596286113353652,0.6846404772076647,0.21596286113353652,0,1,True
exp13_real_data_projection/projection.csv,frangieh | Co-culture:SP100:s0,structure_reliability_score,0.3277896238013644,0.5518055086363112,0.22401588483494678,0.6834135938686609,0.22401588483494678,0,1,True
upgrade/class_c_protein_oracle.csv,Control | CD151,energy_rho,0.1549169828953152,0.0491251182315209,-0.10579186466379428,-0.6828939131565899,0.10579186466379428,0,1,True
upgrade/oracle_shape_test.csv,Control | PAICS,energy_vs_oracleDIST,0.475489078619081,0.1512041038145172,-0.3242849748045638,-0.6820029930999776,0.3242849748045638,0,1,True
upgrade/oracle_shape_test.csv,Co-culture | SOX4,energy_vs_oracleMEAN,0.1337725991489972,0.2249412018169087,0.09116860266791149,0.6815192591598451,0.09116860266791149,0,1,True
upgrade/oracle_shape_test.csv,Control | CD63,magmatch_vs_oracleDIST,-0.4131522570098225,-0.1317883155141166,0.28136394149570587,0.6810175588342885,0.28136394149570587,0,1,True
exp11_synthetic_phase_diagram/dart_advantage_grid.csv,<column mean>,adv_coverage_vs_mean,0.2384259259259259,0.40046296296296297,0.16203703703703706,0.679611650485437,0.6666666666666667,7,36,False
upgrade/oracle_shape_test.csv,IFNγ | SHMT2,energy_vs_oracleMEAN,0.1510797499772588,0.2537460527854664,0.10266630280820763,0.6795503886103956,0.10266630280820763,0,1,True
upgrade/oracle_shape_test.csv,IFNγ | SERPINA3,magmatch_vs_oracleDIST,0.3113209361558354,0.0998432809637051,-0.2114776551921303,-0.6792914662387904,0.2114776551921303,0,1,True
upgrade/class_c_protein_oracle.csv,Control | GSEC,energy_rho_partial_magmatch,0.3451113548860002,0.5795114062718437,0.23440005138584352,0.6792012145276192,0.23440005138584352,0,1,True
upgrade/oracle_shape_test.csv,Control | RTP4,mean_vs_oracleDIST,0.3072394844790823,0.0991242995845051,-0.2081151848945772,-0.6773712214998403,0.2081151848945772,0,1,True
upgrade/class_c_protein_oracle.csv,IFNγ | TGFB1,energy_rho_partial_magmatch,-0.1680833755669044,-0.0542383013007939,0.11384507426611049,0.6773131125082341,0.11384507426611049,0,1,True
upgrade/oracle_shape_test.csv,IFNγ | UQCRFS1,mean_vs_oracleDIST,0.1251657505230465,0.2099260587631411,0.08476030824009462,0.6771845164183943,0.08476030824009462,0,1,True
upgrade/oracle_shape_test.csv,IFNγ | TSC22D3,energy_vs_oracleMEAN,0.1246875365482827,0.2090839863293179,0.08439644978103521,0.6768635592407779,0.08439644978103521,0,1,True
upgrade/class_c_protein_oracle.csv,Control | CST3,energy_rho,0.3863699050243516,0.1258575327490292,-0.2605123722753224,-0.674256376823405,0.2605123722753224,0,1,True
upgrade/oracle_shape_test.csv,Control | TGFB1,mean_vs_oracleDIST,0.2766497941417619,0.0901639215219579,-0.18648587261980398,-0.6740864319033045,0.18648587261980398,0,1,True
upgrade/oracle_shape_test.csv,Co-culture | CDK6,magmatch_vs_oracleDIST,-0.1979690374935786,-0.0647784838900796,0.13319055360349902,0.6727847712439337,0.13319055360349902,0,1,True
upgrade/oracle_shape_test.csv,Control | IRF4,magmatch_vs_oracleDIST,0.3688798263964544,0.1209040885750881,-0.24797573782136628,-0.6722399005763298,0.24797573782136628,0,1,True
upgrade/class_c_protein_oracle.csv,IFNγ | NT5E,energy_rho_partial_magmatch,-0.1954320169454082,-0.0640739152469689,0.1313581016984393,0.6721421789098803,0.1313581016984393,0,1,True
upgrade/class_c_protein_oracle.csv,Control | HLA-DRB5,energy_rho_partial_magmatch,0.076945262741611,0.0252395172249629,-0.0517057455166481,-0.671980881919665,0.0517057455166481,0,1,True
upgrade/oracle_shape_test.csv,IFNγ | TP53,energy_vs_oracleMEAN,-0.0972848361987187,-0.0319332662620743,0.0653515699366444,0.6717549465073276,0.0653515699366444,0,1,True
upgrade/class_c_protein_oracle.csv,Control | AEBP1,energy_rho_partial_magmatch,0.2464077139219111,0.0810825788136671,-0.165325135108244,-0.6709413941506599,0.165325135108244,0,1,True
exp08_signature_baselines/flip_vs_dart.csv,K562+A549 | coverage_worst,top1_flip_rate,0.4472222222222222,0.1472222222222222,-0.3,-0.6708074534161491,0.3,0,1,True
exp12_partial_observed_retrieval/recommendation_vs_outcome.csv,mean_or_no_call | DART_coverage_worst,median_regret_reduction,0.1219348907470703,0.0402250289916992,-0.0817098617553711,-0.670110591437376,0.0817098617553711,0,1,True
upgrade/oracle_shape_test.csv,Control | PFDN4,mean_vs_oracleDIST,0.325279945792973,0.1079392727452539,-0.2173406730477191,-0.6681649940572952,0.2173406730477191,0,1,True
upgrade/oracle_shape_test.csv,IFNγ | CD274,energy_vs_oracleMEAN,-0.183916416513976,-0.0611251182215446,0.1227912982924314,0.6676472966354277,0.1227912982924314,0,1,True
upgrade/oracle_shape_test.csv,Control | IFNGR2,mean_vs_oracleDIST,0.1927006913159184,0.0642285259441833,-0.12847216537173511,-0.6666928099449035,0.12847216537173511,0,1,True
exp13_real_data_projection/projection.csv,sciplex3_cross_line | K562->MCF7:Ellagic acid:s2,bootstrap_rank_stability,0.6,1.0,0.4,0.6666666666666667,0.4,0,1,True
exp08_signature_baselines/summary.csv,K562 | coverage_worst,hit@1,0.5,0.8333333333333334,0.33333333333333337,0.6666666666666667,0.33333333333333337,0,1,True
exp13_real_data_projection/projection.csv,sciplex3_within_line | A549:Ellagic acid:s2,bootstrap_rank_stability,0.6,0.2,-0.39999999999999997,-0.6666666666666666,0.39999999999999997,0,1,True
upgrade/oracle_shape_test.csv,Co-culture | NMRK1,energy_vs_oracleMEAN,0.2647959742139344,0.4412895581029137,0.1764935838889793,0.6665266887569307,0.1764935838889793,0,1,True
upgrade/oracle_shape_test.csv,Co-culture | SET,energy_vs_oracleMEAN,-0.1397644829437489,-0.0467715584168129,0.092992924526936,0.6653544775346317,0.092992924526936,0,1,True
upgrade/class_c_protein_oracle.csv,IFNγ | CCR10,energy_rho_partial_magmatch,0.2115925305056333,0.071000740711863,-0.1405917897937703,-0.6644459020259568,0.1405917897937703,0,1,True
upgrade/oracle_shape_test.csv,IFNγ | EEA1,magmatch_vs_oracleDIST,-0.1259017842059438,-0.0422652788065442,0.0836365053993996,0.6642996040674944,0.0836365053993996,0,1,True
upgrade/class_c_protein_oracle.csv,Co-culture | NONO,energy_rho,0.1622621829262604,0.2699145001155403,0.1076523171892799,0.663446745556247,0.1076523171892799,0,1,True
upgrade/oracle_shape_test.csv,Control | CTSO,energy_vs_oracleDIST,0.5982672391318312,0.2014010199082359,-0.39686621922359533,-0.6633594374973687,0.39686621922359533,0,1,True
upgrade/oracle_shape_test.csv,Co-culture | LAMP2,magmatch_vs_oracleDIST,0.3831117553832874,0.1292436851659767,-0.2538680702173107,-0.662647560796787,0.2538680702173107,0,1,True
upgrade/class_c_protein_oracle.csv,Co-culture | CD47,energy_rho_partial_magmatch,-0.1718852889581037,-0.0580151725663691,0.11387011639173461,0.6624773829218739,0.11387011639173461,0,1,True
upgrade/oracle_shape_test.csv,IFNγ | CTPS1,energy_vs_oracleMEAN,0.1405211338144457,0.2334936909542188,0.0929725571397731,0.661626864344411,0.0929725571397731,0,1,True
upgrade/oracle_shape_test.csv,Control | FRZB,energy_vs_oracleMEAN,-0.2423535220083804,-0.0821808252717593,0.1601726967366211,0.6609051744297838,0.1601726967366211,0,1,True
upgrade/oracle_shape_test.csv,Control | HLA-A,energy_vs_oracleMEAN,-0.2598070763848044,-0.0884844072932632,0.17132266909154117,0.6594226434302061,0.17132266909154117,0,1,True
upgrade/oracle_shape_test.csv,Co-culture | RNASEH2A,mean_vs_oracleDIST,0.1854675099859903,0.3076924413422607,0.12222493135627041,0.6590099331441014,0.12222493135627041,0,1,True
upgrade/class_c_protein_oracle.csv,Co-culture | FOXM1,energy_rho_partial_magmatch,0.1859215634264586,0.0635865936088503,-0.1223349698176083,-0.6579923681956235,0.1223349698176083,0,1,True
upgrade/oracle_shape_test.csv,Control | NGFR,magmatch_vs_oracleDIST,0.3493506869707919,0.1200539551356246,-0.2292967318351673,-0.6563511691457989,0.2292967318351673,0,1,True
exp12_partial_observed_retrieval/summary.csv,partial_library | mean_or_no_call | cmap_match,decision_regret,0.0328245162963867,0.0112924575805664,-0.0215320587158203,-0.6559748975856359,0.0215320587158203,0,1,True
exp12_partial_observed_retrieval/summary.csv,partial_library | mean_or_no_call | mean_cosine,decision_regret,0.0328245162963867,0.0112924575805664,-0.0215320587158203,-0.6559748975856359,0.0215320587158203,0,1,True
upgrade/oracle_shape_test.csv,IFNγ | SPESP1,energy_vs_oracleMEAN,0.1828872168726365,0.0629532311930658,-0.11993398567957071,-0.655781129651578,0.11993398567957071,0,1,True
upgrade/class_c_protein_oracle.csv,IFNγ | CTSA,energy_rho_partial_magmatch,0.149008875547412,0.0515311943653918,-0.09747768118202019,-0.6541736579376073,0.09747768118202019,0,1,True
upgrade/class_c_protein_oracle.csv,Co-culture | FMN1,energy_rho_partial_magmatch,0.2011694192691245,0.0696004850958695,-0.131568934173255,-0.6540205497001612,0.131568934173255,0,1,True
exp12_partial_observed_retrieval/recommendation_vs_outcome.csv,mean_sufficient | DART_coverage_worst,mean_minority_cov_gain,0.0189680824549934,0.0065644426267589,-0.012403639828234501,-0.653921652737713,0.012403639828234501,0,1,True
upgrade/class_c_protein_oracle.csv,IFNγ | SMAD3,energy_rho_partial_magmatch,0.0709456421452055,0.1173365560796849,0.0463909139344794,0.6538937774293512,0.0463909139344794,0,1,True
upgrade/oracle_shape_test.csv,Control | S100B,magmatch_vs_oracleDIST,0.428869020255846,0.1488149139853877,-0.2800541062704583,-0.6530061464999017,0.2800541062704583,0,1,True
upgrade/oracle_shape_test.csv,Co-culture | JPT1,mean_vs_oracleDIST,0.1705520861265245,0.0596240507010897,-0.1109280354254348,-0.6504056206216238,0.1109280354254348,0,1,True
upgrade/oracle_shape_test.csv,Control | FOS,energy_vs_oracleDIST,0.6075015774698265,0.2124181864381109,-0.3950833910317156,-0.6503413417907358,0.3950833910317156,0,1,True
upgrade/class_c_protein_oracle.csv,Control | CDK4,energy_rho_partial_magmatch,0.189567162430903,0.0663104082781586,-0.1232567541527444,-0.6502009766468458,0.1232567541527444,0,1,True
upgrade/oracle_shape_test.csv,Control | C6orf226,mean_vs_oracleDIST,0.2163469955024792,0.0761543237786731,-0.14019267172380612,-0.6479991617087171,0.14019267172380612,0,1,True
upgrade/oracle_shape_test.csv,Co-culture | TP53,magmatch_vs_oracleDIST,0.1774080614176776,0.2923507632325593,0.11494270181488173,0.6479001060964663,0.11494270181488173,0,1,True
upgrade/class_c_protein_oracle.csv,Co-culture | SHMT2,energy_rho,0.2551137479157846,0.4203312852666029,0.1652175373508183,0.6476230258094836,0.1652175373508183,0,1,True
upgrade/oracle_shape_test.csv,Co-culture | RPSA,mean_vs_oracleDIST,-0.1126753303615226,-0.0397244636928096,0.07295086666871299,0.6474431131876666,0.07295086666871299,0,1,True
exp08_signature_baselines/flip_vs_dart.csv,K562 | coverage_worst,top1_flip_rate,0.5666666666666667,0.2,-0.36666666666666664,-0.6470588235294117,0.36666666666666664,0,1,True
upgrade/oracle_shape_test.csv,Control | TAPBP,mean_vs_oracleDIST,0.0989756836647174,0.0349738599710576,-0.06400182369365981,-0.6466418955030165,0.06400182369365981,0,1,True
upgrade/class_c_protein_oracle.csv,Control | STAT3,energy_rho_partial_magmatch,0.2970794452847821,0.1054404761754826,-0.19163896910929948,-0.6450765010874221,0.19163896910929948,0,1,True
upgrade/class_c_protein_oracle.csv,IFNγ | SPESP1,energy_rho,0.1843166608189414,0.0655511805907502,-0.11876548022819121,-0.644355641538327,0.11876548022819121,0,1,True
upgrade/class_c_protein_oracle.csv,Control | PET100,energy_rho_partial_magmatch,0.2753890777374612,0.4526954267858784,0.1773063490484172,0.6438394380239366,0.1773063490484172,0,1,True
upgrade/oracle_shape_test.csv,Control | SDC3,magmatch_vs_oracleDIST,0.3827842310952363,0.1363349550940625,-0.2464492760011738,-0.6438334079124004,0.2464492760011738,0,1,True
upgrade/class_c_protein_oracle.csv,IFNγ | CD274,energy_rho,-0.1751474276506439,-0.0624708588359128,0.11267656881473109,0.6433241431297542,0.11267656881473109,0,1,True
exp08_signature_baselines/flip_vs_dart.csv,K562+A549 | coverage_worst,mean_delta_rank,-1.9166666666666667,-0.6861111111111111,1.2305555555555556,0.6420289855072464,1.2305555555555556,0,1,True
upgrade/oracle_shape_test.csv,Control | VDAC2,energy_vs_oracleDIST,0.3430005050422358,0.5630691958241445,0.22006869078190872,0.6415987368730267,0.22006869078190872,0,1,True
upgrade/class_c_protein_oracle.csv,Control | CMSS1,energy_rho_partial_magmatch,0.3074901164116057,0.1103183529325825,-0.19717176347902315,-0.6412295971656189,0.19717176347902315,0,1,True
upgrade/class_c_protein_oracle.csv,IFNγ | LEF1-AS1,energy_rho_partial_magmatch,0.0366691357062102,0.0131680376333606,-0.0235010980728496,-0.6408958820610955,0.0235010980728496,0,1,True
upgrade/oracle_shape_test.csv,Control | CST3,energy_vs_oracleMEAN,0.3996080569979836,0.1437455997722901,-0.25586245722569345,-0.6402835296861508,0.25586245722569345,0,1,True
upgrade/oracle_shape_test.csv,Control | XAGE1A,energy_vs_oracleDIST,0.4884287392961903,0.1760871947233791,-0.31234154457281116,-0.6394823224834907,0.31234154457281116,0,1,True
upgrade/oracle_shape_test.csv,Control | SERPINF1,mean_vs_oracleDIST,0.2502792845780756,0.0907715811096571,-0.15950770346841847,-0.6373188405797102,0.15950770346841847,0,1,True
upgrade/oracle_shape_test.csv,Control | ITGA3,energy_vs_oracleMEAN,0.2289202262867123,0.0831216396114323,-0.14579858667528,-0.636896918373101,0.14579858667528,0,1,True
upgrade/oracle_shape_test.csv,Control | FBXO32,energy_vs_oracleDIST,0.545036291251938,0.1984936885424374,-0.34654260270950055,-0.6358156480066653,0.34654260270950055,0,1,True
upgrade/oracle_shape_test.csv,Co-culture | MDH2,energy_vs_oracleMEAN,-0.1599200541620889,-0.0583313883552666,0.1015886658068223,0.6352465695381511,0.1015886658068223,0,1,True
upgrade/class_c_protein_oracle.csv,Control | CHCHD2,energy_rho_partial_magmatch,0.1637646679504731,0.0598242049992884,-0.1039404629511847,-0.6346940658934999,0.1039404629511847,0,1,True
upgrade/oracle_shape_test.csv,Control | AHNAK,mean_vs_oracleDIST,0.3867162556848738,0.1414420530155807,-0.2452742026692931,-0.6342484937306628,0.2452742026692931,0,1,True
upgrade/oracle_shape_test.csv,IFNγ | EMP1,energy_vs_oracleMEAN,0.1236333866126076,0.0452728406359327,-0.07836054597667491,-0.6338137951539705,0.07836054597667491,0,1,True
upgrade/class_c_protein_oracle.csv,Co-culture | SOX4,energy_rho,0.1433702695768557,0.2342099151603463,0.09083964558349061,0.633601693374753,0.09083964558349061,0,1,True
exp08_signature_baselines/flip_vs_dart.csv,K562+A549 | coverage_worst,mean_topk_overlap,0.3267967372134038,0.5336199294532628,0.20682319223985896,0.6328802239686987,0.20682319223985896,0,1,True
upgrade/oracle_shape_test.csv,Control | GRN,mean_vs_oracleDIST,0.1309545550149686,0.0482686875073205,-0.08268586750764811,-0.631408869269166,0.08268586750764811,0,1,True
exp08_signature_baselines/runtime.csv,pca_mean,per_query_ms,1962.2241863326053,723.3845974530032,-1238.8395888796022,-0.6313445718936896,1238.8395888796022,0,1,True
exp08_signature_baselines/runtime.csv,pca_mean,total_seconds,2472.4024747790827,911.464592790784,-1560.9378819882986,-0.6313445718936895,1560.9378819882986,0,1,True
upgrade/oracle_shape_test.csv,Co-culture | FOS,energy_vs_oracleMEAN,0.0831560652331164,0.1356189287002893,0.052462863467172896,0.6308964153137909,0.052462863467172896,0,1,True
upgrade/oracle_shape_test.csv,Control | CITED1,energy_vs_oracleDIST,0.4988834914161712,0.1844487293968587,-0.31443476201931253,-0.6302769432733332,0.31443476201931253,0,1,True
upgrade/class_c_protein_oracle.csv,IFNγ | SERPINF1,energy_rho,-0.1477920673117582,-0.0546577923298115,0.09313427498194671,0.6301710008933411,0.09313427498194671,0,1,True
upgrade/oracle_shape_test.csv,Co-culture | FSTL3,energy_vs_oracleMEAN,-0.1298146894396088,-0.0480271690831236,0.0817875203564852,0.630032862302025,0.0817875203564852,0,1,True
upgrade/oracle_shape_test.csv,Co-culture | SAT1,mean_vs_oracleDIST,0.0347518835399257,0.0128623378308176,-0.0218895457091081,-0.6298808432630613,0.0218895457091081,0,1,True
upgrade/oracle_shape_test.csv,IFNγ | ACSL3,energy_vs_oracleDIST,0.3675703351396306,0.1362405624212181,-0.2313297727184125,-0.6293483195006371,0.2313297727184125,0,1,True
upgrade/class_c_protein_oracle.csv,IFNγ | SOX4,energy_rho,0.1006853533975283,0.1640227151638012,0.06333736176627291,0.6290623176958305,0.06333736176627291,0,1,True
upgrade/oracle_shape_test.csv,Control | CHCHD2,energy_vs_oracleDIST,0.5761209481695683,0.2144212858299758,-0.3616996623395925,-0.6278189735831899,0.3616996623395925,0,1,True
upgrade/class_c_protein_oracle.csv,IFNγ | B2M,energy_rho,-0.0681049648759564,-0.0253500188426702,0.042754946033286195,0.6277801642091485,0.042754946033286195,0,1,True
upgrade/oracle_shape_test.csv,IFNγ | CCND1,mean_vs_oracleDIST,0.0802365079983886,0.1305227866359986,0.05028627863760998,0.6267256625702091,0.05028627863760998,0,1,True
upgrade/oracle_shape_test.csv,Control | GAS5,energy_vs_oracleDIST,0.5409329805174605,0.2033166539251605,-0.3376163265923,-0.624137071970235,0.3376163265923,0,1,True
upgrade/class_c_protein_oracle.csv,IFNγ | S100B,energy_rho_partial_magmatch,0.1808995100905747,0.0685181864254804,-0.1123813236650943,-0.621236196874309,0.1123813236650943,0,1,True
upgrade/oracle_shape_test.csv,Control | DDX39A,energy_vs_oracleMEAN,0.3535698677444259,0.1342908564685079,-0.21927901127591798,-0.6201857999800521,0.21927901127591798,0,1,True
upgrade/class_c_protein_oracle.csv,Co-culture | C19orf48,energy_rho_partial_magmatch,0.1587640711682436,0.0603155555581295,-0.09844851561011408,-0.6200931664556988,0.09844851561011408,0,1,True
upgrade/class_c_protein_oracle.csv,IFNγ | GAA,energy_rho_partial_magmatch,0.2451808246592075,0.0931555624861928,-0.1520252621730147,-0.6200536374911224,0.1520252621730147,0,1,True
upgrade/class_c_protein_oracle.csv,IFNγ | SOX4,energy_rho_partial_magmatch,0.0440918482710225,0.0714269749067612,0.0273351266357387,0.6199587385794293,0.0273351266357387,0,1,True
upgrade/oracle_shape_test.csv,IFNγ | SSR2,magmatch_vs_oracleDIST,0.0837596974776811,0.1356552700999311,0.051895572622250016,0.6195768870354181,0.051895572622250016,0,1,True
upgrade/oracle_shape_test.csv,Control | GPNMB,energy_vs_oracleDIST,0.5769207033311378,0.2203419929394843,-0.35657871039165345,-0.6180723075680409,0.35657871039165345,0,1,True
upgrade/oracle_shape_test.csv,Co-culture | GSEC,energy_vs_oracleMEAN,0.2328999457626156,0.088977704753406,-0.1439222410092096,-0.6179573831069203,0.1439222410092096,0,1,True
upgrade/class_c_protein_oracle.csv,IFNγ | NEAT1,energy_rho_partial_magmatch,0.0304991358361597,0.0116585448260626,-0.0188405910100971,-0.6177417980400527,0.0188405910100971,0,1,True
upgrade/oracle_shape_test.csv,Co-culture | CITED1,energy_vs_oracleMEAN,0.1350861108874949,0.218533551750099,0.08344744086260411,0.6177351639955233,0.08344744086260411,0,1,True
upgrade/class_c_protein_oracle.csv,IFNγ | EMP1,energy_rho,0.1408881111556741,0.0538895309837272,-0.0869985801719469,-0.6175012175144995,0.0869985801719469,0,1,True
upgrade/oracle_shape_test.csv,IFNγ | HLA-F,mean_vs_oracleDIST,0.3304266240432472,0.1267812820812703,-0.2036453419619769,-0.6163103307780768,0.2036453419619769,0,1,True
upgrade/class_c_protein_oracle.csv,IFNγ | SMAD3,energy_rho,0.1463703819214325,0.2365241121203851,0.09015373019895259,0.6159287761327601,0.09015373019895259,0,1,True
upgrade/class_c_protein_oracle.csv,Co-culture | CITED1,energy_rho,0.1674860671037703,0.2706233794664756,0.10313731236270529,0.6157963712814626,0.10313731236270529,0,1,True
upgrade/oracle_shape_test.csv,Control | HLA-H,mean_vs_oracleDIST,0.1958399494202027,0.0752449958626839,-0.12059495355751879,-0.6157832143775989,0.12059495355751879,0,1,True
upgrade/oracle_shape_test.csv,IFNγ | CDKN2A,mean_vs_oracleDIST,0.3829781814874014,0.1476511636973217,-0.23532701779007972,-0.6144658603686568,0.23532701779007972,0,1,True
upgrade/class_c_protein_oracle.csv,IFNγ | S100A6,energy_rho_partial_magmatch,0.1764292490221303,0.0680597247670656,-0.10836952425506471,-0.6142378594009174,0.10836952425506471,0,1,True
upgrade/oracle_shape_test.csv,Control | GSN,mean_vs_oracleDIST,0.254628189417287,0.0983106903965148,-0.1563174990207722,-0.6139049230114803,0.1563174990207722,0,1,True
exp11_hir_benchmark/uncertainty_band.csv,worst | DART_coverage_mean | predicted_mean,hit_at_1_mean,0.0392857142857142,0.0633928571428571,0.024107142857142896,0.613636363636366,0.024107142857142896,0,1,True
upgrade/class_c_protein_oracle.csv,Co-culture | TIMM50,energy_rho,0.2915295288211,0.4703895187786425,0.1788599899575425,0.6135227216290041,0.1788599899575425,0,1,True
upgrade/class_c_protein_oracle.csv,IFNγ | RRS1,energy_rho_partial_magmatch,-0.0693789715800553,-0.0268189674216729,0.04256000415838239,0.6134424190660289,0.04256000415838239,0,1,True
upgrade/oracle_shape_test.csv,Control | LRPAP1,mean_vs_oracleDIST,0.3579099563850059,0.1385327074671943,-0.2193772489178116,-0.6129397771819071,0.2193772489178116,0,1,True
upgrade/class_c_protein_oracle.csv,Control | DDX39A,energy_rho,0.3520874869173909,0.1363324361801678,-0.2157550507372231,-0.6127881812165764,0.2157550507372231,0,1,True
upgrade/oracle_shape_test.csv,Control | SLC22A18,magmatch_vs_oracleDIST,0.3390861128498613,0.1313752136353847,-0.20771089921447658,-0.6125609140072501,0.20771089921447658,0,1,True
upgrade/class_c_protein_oracle.csv,Co-culture | SET,energy_rho,-0.1441150562151749,-0.0558792681168191,0.0882357880983558,0.6122593323393842,0.0882357880983558,0,1,True
upgrade/oracle_shape_test.csv,Co-culture | TIMM50,energy_vs_oracleMEAN,0.2877303061559569,0.4635381766858616,0.1758078705299047,0.6110161730221513,0.1758078705299047,0,1,True
upgrade/oracle_shape_test.csv,Co-culture | CD47,mean_vs_oracleDIST,0.0789618624067496,0.0307233175553623,-0.0482385448513873,-0.6109094109622205,0.0482385448513873,0,1,True
upgrade/oracle_shape_test.csv,Control | JAK1,energy_vs_oracleDIST,0.4897033097269119,0.1906125116972064,-0.2990907980297055,-0.6107591925333251,0.2990907980297055,0,1,True
upgrade/class_c_protein_oracle.csv,Control | GAS5,energy_rho,0.0576969822152084,0.0929353281452103,0.0352383459300019,0.6107485101831442,0.0352383459300019,0,1,True
upgrade/oracle_shape_test.csv,Control | CTSA,energy_vs_oracleDIST,0.5711939525915215,0.2227299233116665,-0.348464029279855,-0.6100625325230857,0.348464029279855,0,1,True
upgrade/oracle_shape_test.csv,IFNγ | LEF1-AS1,mean_vs_oracleDIST,0.2352106442141761,0.0917905734669213,-0.1434200707472548,-0.6097516174338632,0.1434200707472548,0,1,True
upgrade/oracle_shape_test.csv,Co-culture | KLF4,energy_vs_oracleMEAN,-0.1605200533512792,-0.0626947029222161,0.0978253504290631,0.6094275972795988,0.0978253504290631,0,1,True
upgrade/oracle_shape_test.csv,Control | HLA-H,magmatch_vs_oracleDIST,0.1442809144038225,0.0565521358500641,-0.08772877855375841,-0.6080414649176507,0.08772877855375841,0,1,True
upgrade/oracle_shape_test.csv,Co-culture | UBC,energy_vs_oracleMEAN,-0.1690856788417467,-0.06663176323893,0.10245391560281669,0.6059289959069033,0.10245391560281669,0,1,True
upgrade/oracle_shape_test.csv,IFNγ | HLA-E,magmatch_vs_oracleDIST,-0.1996382726179092,-0.0787893909269294,0.1208488816909798,0.6053392473610226,0.1208488816909798,0,1,True
upgrade/oracle_shape_test.csv,Co-culture | SERPINA3,magmatch_vs_oracleDIST,0.3383896971567798,0.1335583137242864,-0.2048313834324934,-0.6053121154501128,0.2048313834324934,0,1,True
upgrade/oracle_shape_test.csv,Control | IDI2-AS1,energy_vs_oracleDIST,0.4717761995382831,0.1871012046394723,-0.28467499489881076,-0.6034110986892003,0.28467499489881076,0,1,True
upgrade/class_c_protein_oracle.csv,Control | HLA-H,energy_rho,0.3159700400381364,0.1256220142998741,-0.1903480257382623,-0.6024242859078918,0.1903480257382623,0,1,True
upgrade/oracle_shape_test.csv,Control | C6orf226,energy_vs_oracleDIST,0.5468952497062316,0.2176456326728958,-0.3292496170333358,-0.6020341504340994,0.3292496170333358,0,1,True
upgrade/oracle_shape_test.csv,Co-culture | CTSD,magmatch_vs_oracleDIST,-0.1894474273876463,-0.0754719057329459,0.1139755216547004,0.6016208466187525,0.1139755216547004,0,1,True
upgrade/oracle_shape_test.csv,Control | SPESP1,mean_vs_oracleDIST,0.2669633107596666,0.1065047172959963,-0.1604585934636703,-0.6010511070119405,0.1604585934636703,0,1,True
upgrade/oracle_shape_test.csv,Control | EIF3K,energy_vs_oracleDIST,0.5327655699627245,0.212800431741988,-0.31996513822073647,-0.6005739789887758,0.31996513822073647,0,1,True
upgrade/oracle_shape_test.csv,Control | LGALS3BP,energy_vs_oracleDIST,0.5186692569514196,0.2073758836664807,-0.31129337328493895,-0.6001770282561701,0.31129337328493895,0,1,True
exp07_ranking_flip/delta_rank_vs_divergence.csv,A549+MCF7 | UNC0631,delta_rank,0.2,0.08,-0.12000000000000001,-0.6,0.12000000000000001,0,1,True
upgrade/oracle_shape_test.csv,IFNγ | STAT3,magmatch_vs_oracleDIST,-0.1980996192481125,-0.0794786428079477,0.11862097644016481,0.5987945705821696,0.11862097644016481,0,1,True
upgrade/oracle_shape_test.csv,Control | APOE,energy_vs_oracleMEAN,0.4203210859541583,0.1688188686802024,-0.2515022172739559,-0.5983573645919482,0.2515022172739559,0,1,True
upgrade/class_c_protein_oracle.csv,Control | IDH2,energy_rho_partial_magmatch,0.1763025618613766,0.2817820812022272,0.10547951934085059,0.5982869348420878,0.10547951934085059,0,1,True
upgrade/oracle_shape_test.csv,Co-culture | CD47,energy_vs_oracleMEAN,-0.1646690824935178,-0.0661533855070079,0.0985156969865099,0.5982646863316796,0.0985156969865099,0,1,True
upgrade/class_c_protein_oracle.csv,IFNγ | CMSS1,energy_rho,0.2093418060374514,0.0841401894662976,-0.1252016165711538,-0.5980726876348585,0.1252016165711538,0,1,True
upgrade/class_c_protein_oracle.csv,Control | CCND2,energy_rho_partial_magmatch,0.3153642412464593,0.1268663577638593,-0.1884978834826,-0.5977148288517835,0.1884978834826,0,1,True
upgrade/oracle_shape_test.csv,IFNγ | NCL,mean_vs_oracleDIST,-0.1915065039699556,-0.0770834145517393,0.11442308941821631,0.597489312614508,0.11442308941821631,0,1,True
upgrade/oracle_shape_test.csv,IFNγ | JMJD7,energy_vs_oracleMEAN,0.2486031733655608,0.1001011266880146,-0.14850204667754618,-0.5973457404712208,0.14850204667754618,0,1,True
upgrade/class_c_protein_oracle.csv,Co-culture | FOS,energy_rho,0.0731634146440342,0.1168208846049822,0.043657469960948006,0.5967117605617095,0.043657469960948006,0,1,True
upgrade/class_c_protein_oracle.csv,IFNγ | JMJD7,energy_rho,0.2318947929255519,0.0935204605408496,-0.13837433238470231,-0.5967116839450827,0.13837433238470231,0,1,True
upgrade/oracle_shape_test.csv,Co-culture | NT5E,energy_vs_oracleMEAN,-0.146952890218102,-0.0594908634749544,0.08746202674314761,0.5951705108578655,0.08746202674314761,0,1,True
upgrade/oracle_shape_test.csv,Control | EMP1,energy_vs_oracleDIST,0.5587744476336693,0.2263100009414556,-0.33246444669221376,-0.594988636470679,0.33246444669221376,0,1,True
upgrade/class_c_protein_oracle.csv,IFNγ | LINC00518,energy_rho_partial_magmatch,0.1798931815523761,0.2868041531844112,0.10691097163203511,0.594302522805223,0.10691097163203511,0,1,True
upgrade/oracle_shape_test.csv,Control | TP53,magmatch_vs_oracleDIST,0.409598069504391,0.166209326218667,-0.243388743285724,-0.5942135996398167,0.243388743285724,0,1,True
upgrade/oracle_shape_test.csv,Co-culture | PUF60,energy_vs_oracleMEAN,0.0460094106077705,0.0186827986958708,-0.027326611911899702,-0.5939352743476468,0.027326611911899702,0,1,True
upgrade/oracle_shape_test.csv,IFNγ | HLA-C,magmatch_vs_oracleDIST,-0.2583514612815614,-0.1050838823697581,0.1532675789118033,0.593252223740149,0.1532675789118033,0,1,True
upgrade/oracle_shape_test.csv,Co-culture | LGALS3BP,energy_vs_oracleMEAN,0.2429122200027914,0.3869873148820069,0.1440750948792155,0.5931158789687891,0.1440750948792155,0,1,True
upgrade/class_c_protein_oracle.csv,Co-culture | FOXM1,energy_rho,0.1993405796598175,0.0811220911477532,-0.11821848851206429,-0.5930477814091278,0.11821848851206429,0,1,True
upgrade/oracle_shape_test.csv,Control | CDKN2A,mean_vs_oracleDIST,0.2614091056218379,0.1064152958527342,-0.1549938097691037,-0.5929166445843792,0.1549938097691037,0,1,True
exp12_partial_observed_retrieval/recommendation_vs_outcome.csv,mean_or_no_call | DART_coverage_mean,median_regret_reduction,0.0969219207763671,0.0394554138183593,-0.057466506958007806,-0.5929154777132741,0.057466506958007806,0,1,True
upgrade/oracle_shape_test.csv,Control | SPINT1,magmatch_vs_oracleDIST,0.2719495008142389,0.1108624383338392,-0.16108706248039972,-0.5923418208089809,0.16108706248039972,0,1,True
upgrade/class_c_protein_oracle.csv,Control | GAA,energy_rho,0.2736170218125349,0.1116773069787768,-0.16193971483375807,-0.5918481012658231,0.16193971483375807,0,1,True
upgrade/class_c_protein_oracle.csv,Co-culture | NMRK1,energy_rho,0.274360053953595,0.4363135030512506,0.16195344909765563,0.5902952954115117,0.16195344909765563,0,1,True
upgrade/oracle_shape_test.csv,Co-culture | SDC3,magmatch_vs_oracleDIST,0.3539653517842736,0.1453393788850092,-0.20862597289926438,-0.5893965944621969,0.20862597289926438,0,1,True
upgrade/oracle_shape_test.csv,IFNγ | TFAP2A,energy_vs_oracleMEAN,-0.1834090938624875,-0.0754824569496879,0.10792663691279959,0.5884475771616782,0.10792663691279959,0,1,True
upgrade/class_c_protein_oracle.csv,Co-culture | RNF213,energy_rho_partial_magmatch,0.205979837478984,0.0849201555133033,-0.12105968196568069,-0.587725883500769,0.12105968196568069,0,1,True
upgrade/oracle_shape_test.csv,Control | GAA,energy_vs_oracleMEAN,0.2805440350229788,0.1156786017005187,-0.16486543332246012,-0.5876632996633,0.16486543332246012,0,1,True
upgrade/oracle_shape_test.csv,Control | CTSB,mean_vs_oracleDIST,0.326892783340922,0.1351548439343923,-0.19173793940652967,-0.5865468715672532,0.19173793940652967,0,1,True
upgrade/oracle_shape_test.csv,Co-culture | IFNGR1,magmatch_vs_oracleDIST,0.0775892773890074,0.1230606445126425,0.0454713671236351,0.5860522053280179,0.0454713671236351,0,1,True
exp08_signature_baselines/runtime.csv,pca_dist,total_seconds,2353.621819955122,978.9483642099368,-1374.6734557451855,-0.5840672635212896,1374.6734557451855,0,1,True
exp08_signature_baselines/runtime.csv,pca_dist,per_query_ms,1867.953825361208,776.9431461983625,-1091.0106791628455,-0.5840672635212896,1091.0106791628455,0,1,True
upgrade/oracle_shape_test.csv,Control | MFGE8,energy_vs_oracleDIST,0.6163769705778263,0.2566962177248414,-0.35968075285298484,-0.5835402197389042,0.35968075285298484,0,1,True
upgrade/class_c_protein_oracle.csv,IFNγ | CDKN2A,energy_rho,-0.089551827622533,-0.0374976933972684,0.0520541342252646,0.5812738344623886,0.0520541342252646,0,1,True
upgrade/oracle_shape_test.csv,Co-culture | NPC1,magmatch_vs_oracleDIST,0.1443096505468042,0.2280662941189075,0.0837566435721033,0.5803953045048665,0.0837566435721033,0,1,True
upgrade/oracle_shape_test.csv,Control | TYR,magmatch_vs_oracleDIST,0.2825453121123234,0.1186899632616408,-0.16385534885068262,-0.5799259156900942,0.16385534885068262,0,1,True
upgrade/oracle_shape_test.csv,IFNγ | CD47,energy_vs_oracleDIST,0.2411883204523154,0.1013299026678622,-0.13985841778445318,-0.579872265465293,0.13985841778445318,0,1,True
upgrade/oracle_shape_test.csv,Control | DDR1,mean_vs_oracleDIST,0.2209263809630563,0.0928219770199485,-0.1281044039431078,-0.5798510951235364,0.1281044039431078,0,1,True
exp12_partial_observed_retrieval/recommendation_vs_outcome.csv,mean_sufficient | DART_coverage_mean,mean_minority_cov_gain,-0.0065891592991745,-0.0027704223587485,0.003818736940426,0.5795484320593702,0.003818736940426,0,1,True
upgrade/oracle_shape_test.csv,Control | FGFR1,magmatch_vs_oracleDIST,0.4994716578105851,0.2103356074927612,-0.2891360503178239,-0.5788837981022601,0.2891360503178239,0,1,True
upgrade/oracle_shape_test.csv,Control | HLA-H,energy_vs_oracleDIST,0.5673508983552084,0.2389630639061049,-0.32838783444910347,-0.5788090499215278,0.32838783444910347,0,1,True
upgrade/oracle_shape_test.csv,IFNγ | MC1R,mean_vs_oracleDIST,0.2895809130248333,0.1220527132282637,-0.16752819979656958,-0.5785194819874162,0.16752819979656958,0,1,True
upgrade/oracle_shape_test.csv,Co-culture | FBXO32,magmatch_vs_oracleDIST,0.3728363687539419,0.1571841505233487,-0.2156522182305932,-0.5784098234604244,0.2156522182305932,0,1,True
upgrade/oracle_shape_test.csv,Control | CD44,energy_vs_oracleMEAN,-0.1322278659887429,-0.0557467482375573,0.0764811177511856,0.5784039330839443,0.0764811177511856,0,1,True
upgrade/oracle_shape_test.csv,Control | CMSS1,energy_vs_oracleDIST,0.612327816492085,0.2585413221527142,-0.3537864943393708,-0.5777730242048279,0.3537864943393708,0,1,True
upgrade/class_c_protein_oracle.csv,IFNγ | TSC22D3,energy_rho_partial_magmatch,0.0938468935584057,0.1479453692513612,0.054098475692955506,0.5764546235010675,0.054098475692955506,0,1,True
upgrade/oracle_shape_test.csv,Control | LRRC75A-AS1,magmatch_vs_oracleDIST,0.2657391186068391,0.4189016779744909,0.15316255936765183,0.5763643688239057,0.15316255936765183,0,1,True
upgrade/oracle_shape_test.csv,Control | SGK1,mean_vs_oracleDIST,0.2946046123832326,0.1248058861979891,-0.1697987261852435,-0.576361397778671,0.1697987261852435,0,1,True
upgrade/oracle_shape_test.csv,IFNγ | CD58,energy_vs_oracleMEAN,0.0385123387002456,0.0607004275336894,0.0221880888334438,0.5761293544425102,0.0221880888334438,0,1,True
upgrade/oracle_shape_test.csv,Control | DAG1,energy_vs_oracleDIST,0.564538982081706,0.2394832950300987,-0.32505568705160737,-0.5757896219194335,0.32505568705160737,0,1,True
upgrade/class_c_protein_oracle.csv,Control | AEBP1,energy_rho,0.2465230318538925,0.1045853049082296,-0.14193772694566287,-0.5757584834093129,0.14193772694566287,0,1,True
upgrade/oracle_shape_test.csv,Control | LY96,magmatch_vs_oracleDIST,0.3935853338757394,0.1674649524617975,-0.22612038141394192,-0.5745142462176485,0.22612038141394192,0,1,True
upgrade/oracle_shape_test.csv,Control | NMRK1,energy_vs_oracleDIST,0.4878451346061022,0.2084250113036261,-0.2794201233024761,-0.5727639848823881,0.2794201233024761,0,1,True
upgrade/oracle_shape_test.csv,Co-culture | TGFB1,magmatch_vs_oracleDIST,0.3991367193133135,0.1706574913894903,-0.22847922792382322,-0.5724334967649821,0.22847922792382322,0,1,True
upgrade/oracle_shape_test.csv,Control | NSG1,magmatch_vs_oracleDIST,0.4820138471037915,0.2062222211027049,-0.27579162600108664,-0.5721653592696492,0.27579162600108664,0,1,True
upgrade/oracle_shape_test.csv,Control | BOLA2,mean_vs_oracleDIST,0.240388769170509,0.1029807567573014,-0.1374080124132076,-0.5716074544054235,0.1374080124132076,0,1,True
upgrade/oracle_shape_test.csv,IFNγ | CDKN2B,mean_vs_oracleDIST,0.2831863605057633,0.1215011760425194,-0.1616851844632439,-0.5709497596370053,0.1616851844632439,0,1,True
upgrade/oracle_shape_test.csv,IFNγ | PPIA,mean_vs_oracleDIST,0.3119841981469208,0.134032461372526,-0.1779517367743948,-0.570387019058552,0.1779517367743948,0,1,True
upgrade/oracle_shape_test.csv,Co-culture | NONO,energy_vs_oracleMEAN,0.1851084907149307,0.290683970118187,0.10557547940325626,0.5703437967404951,0.10557547940325626,0,1,True
upgrade/oracle_shape_test.csv,Control | EEA1,energy_vs_oracleDIST,0.6305534179772365,0.2709395016516343,-0.35961391632560225,-0.5703147522048395,0.35961391632560225,0,1,True
upgrade/oracle_shape_test.csv,Control | DDR1,energy_vs_oracleDIST,0.6055645326847969,0.2604632534543755,-0.34510127923042144,-0.5698835724417343,0.34510127923042144,0,1,True
upgrade/class_c_protein_oracle.csv,Co-culture | AHNAK,energy_rho,0.0235047944915904,0.0368982233706138,0.013393428879023398,0.5698168892229767,0.013393428879023398,0,1,True
upgrade/oracle_shape_test.csv,Control | FRZB,mean_vs_oracleDIST,0.3782035861777119,0.1627230970550118,-0.21548048912270007,-0.569747345075277,0.21548048912270007,0,1,True
upgrade/oracle_shape_test.csv,Co-culture | CD59,magmatch_vs_oracleDIST,0.2943367531173594,0.1266826473400518,-0.1676541057773076,-0.5695996303610095,0.1676541057773076,0,1,True
upgrade/class_c_protein_oracle.csv,Control | E2F1,energy_rho_partial_magmatch,0.3202282639771382,0.1382984484749865,-0.1819298155021517,-0.5681254154228562,0.1819298155021517,0,1,True
upgrade/oracle_shape_test.csv,IFNγ | CDK6,magmatch_vs_oracleDIST,-0.1824391511701948,-0.0788299351552246,0.1036092160149702,0.5679110835059449,0.1036092160149702,0,1,True
upgrade/class_c_protein_oracle.csv,Co-culture | LGALS3BP,energy_rho,0.2511466445354265,0.3937668424000199,0.1426201978645934,0.5678761829703662,0.1426201978645934,0,1,True
upgrade/oracle_shape_test.csv,Control | LINC00518,energy_vs_oracleDIST,0.5982483472776209,0.2586168895695554,-0.33963145770806547,-0.5677098135809097,0.33963145770806547,0,1,True
upgrade/class_c_protein_oracle.csv,Co-culture | GSEC,energy_rho,0.2516418906240649,0.1088135595183558,-0.14282833110570908,-0.5675856700627181,0.14282833110570908,0,1,True
upgrade/oracle_shape_test.csv,Control | C1QBP,energy_vs_oracleDIST,0.542488409847442,0.2346204563516303,-0.30786795349581164,-0.5675106562781497,0.30786795349581164,0,1,True
upgrade/oracle_shape_test.csv,Control | HLA-A,energy_vs_oracleDIST,0.4404396512311821,0.1908524983383129,-0.24958715289286923,-0.5666773011811863,0.24958715289286923,0,1,True
upgrade/class_c_protein_oracle.csv,Co-culture | UBC,energy_rho,-0.183206509180393,-0.0794113056443699,0.10379520353602309,0.566547575194623,0.10379520353602309,0,1,True
upgrade/class_c_protein_oracle.csv,Co-culture | GPATCH4,energy_rho_partial_magmatch,-0.0262186904380631,-0.0113820309509234,0.014836659487139699,0.5658810275894067,0.014836659487139699,0,1,True
upgrade/oracle_shape_test.csv,Control | CD59,mean_vs_oracleDIST,0.3032318924726037,0.1317323111577595,-0.1714995813148442,-0.5655723740547469,0.1714995813148442,0,1,True
upgrade/oracle_shape_test.csv,Co-culture | TPRKB,mean_vs_oracleDIST,0.119100418204068,0.1864242654498343,0.06732384724576629,0.5652696124913084,0.06732384724576629,0,1,True
upgrade/class_c_protein_oracle.csv,Co-culture | TYR,energy_rho,0.2447249588658857,0.3830325227548729,0.13830756388898718,0.5651551216105529,0.13830756388898718,0,1,True
upgrade/class_c_protein_oracle.csv,Control | NOLC1,energy_rho_partial_magmatch,0.1934311763453833,0.3027306286075569,0.10929945226217361,0.56505602833647,0.10929945226217361,0,1,True
upgrade/oracle_shape_test.csv,Control | JPT1,energy_vs_oracleDIST,0.4170779843147231,0.1815091568817357,-0.2355688274329874,-0.5648076290098051,0.2355688274329874,0,1,True
upgrade/oracle_shape_test.csv,Control | MIA,mean_vs_oracleDIST,0.3300331363122848,0.1436788485540804,-0.18635428775820442,-0.564653264337287,0.18635428775820442,0,1,True
upgrade/oracle_shape_test.csv,IFNγ | VDAC2,magmatch_vs_oracleDIST,0.3858474653359843,0.1680803004640032,-0.21776716487198108,-0.564386666846071,0.21776716487198108,0,1,True
upgrade/oracle_shape_test.csv,Control | SLC5A3,energy_vs_oracleDIST,0.2440361564900446,0.3817363629150383,0.13770020642499373,0.5642614947126131,0.13770020642499373,0,1,True
upgrade/oracle_shape_test.csv,Control | ATP1B1,mean_vs_oracleDIST,0.2863665044905937,0.1251749070835637,-0.16119159740702999,-0.5628856548490805,0.16119159740702999,0,1,True
upgrade/oracle_shape_test.csv,Control | SMAD4,energy_vs_oracleDIST,0.5660956708686348,0.2477490355708425,-0.3183466352977923,-0.5623548309587164,0.3183466352977923,0,1,True
upgrade/class_c_protein_oracle.csv,IFNγ | ST6GALNAC2,energy_rho,-0.1416776473951632,-0.0621797720686653,0.07949787532649791,0.5611179800633246,0.07949787532649791,0,1,True
upgrade/oracle_shape_test.csv,Control | CTSO,magmatch_vs_oracleDIST,0.5428813604150162,0.2385890051927409,-0.3042923552222753,-0.5605135438609516,0.3042923552222753,0,1,True
upgrade/oracle_shape_test.csv,Control | EVA1A,mean_vs_oracleDIST,0.2708424381575152,0.1196458910846821,-0.1511965470728331,-0.5582454068180444,0.1511965470728331,0,1,True
upgrade/oracle_shape_test.csv,Control | JAK1,magmatch_vs_oracleDIST,-0.3972692454467482,-0.1756967630696996,0.22157248237704857,0.557738825536016,0.22157248237704857,0,1,True
upgrade/oracle_shape_test.csv,IFNγ | HNRNPA1,mean_vs_oracleDIST,0.3439559211466739,0.1521765233324236,-0.1917793978142503,-0.5575696943227484,0.1917793978142503,0,1,True
upgrade/oracle_shape_test.csv,Control | CDK4,magmatch_vs_oracleDIST,0.4347469058291445,0.1923506228488957,-0.2423962829802488,-0.5575572355551405,0.2423962829802488,0,1,True
upgrade/oracle_shape_test.csv,Control | CXCR4,energy_vs_oracleDIST,0.5861021444773442,0.2594002717908092,-0.326701872686535,-0.5574145663259277,0.326701872686535,0,1,True
upgrade/class_c_protein_oracle.csv,IFNγ | DLL3,energy_rho_partial_magmatch,0.2038361077540836,0.0902644471300664,-0.11357166062401719,-0.5571714544364965,0.11357166062401719,0,1,True
upgrade/oracle_shape_test.csv,Control | DAG1,magmatch_vs_oracleDIST,0.5572744344093713,0.2477893381931578,-0.3094850962162135,-0.5553549151132728,0.3094850962162135,0,1,True
upgrade/oracle_shape_test.csv,Co-culture | CTPS1,magmatch_vs_oracleDIST,-0.1802435788214186,-0.0802383085582702,0.10000527026314839,0.5548340246962774,0.10000527026314839,0,1,True
upgrade/oracle_shape_test.csv,Control | PTMA,energy_vs_oracleMEAN,0.2186631368286622,0.3398349670069573,0.12117183017829511,0.5541484126482722,0.12117183017829511,0,1,True
upgrade/oracle_shape_test.csv,IFNγ | CTSD,energy_vs_oracleMEAN,0.2194279625225787,0.097979311522442,-0.1214486510001367,-0.5534784610126426,0.1214486510001367,0,1,True
upgrade/oracle_shape_test.csv,Control | FRZB,magmatch_vs_oracleDIST,0.5266179928538413,0.2355159302411985,-0.29110206261264276,-0.5527765221904142,0.29110206261264276,0,1,True
upgrade/oracle_shape_test.csv,Co-culture | TYR,magmatch_vs_oracleDIST,0.3734572173358066,0.1671038282380699,-0.2063533890977367,-0.5525489387240496,0.2063533890977367,0,1,True
upgrade/oracle_shape_test.csv,Control | C6orf226,energy_vs_oracleMEAN,0.1167365455362956,0.0522460854479207,-0.0644904600883749,-0.5524444790798062,0.0644904600883749,0,1,True
upgrade/oracle_shape_test.csv,Control | CMSS1,energy_vs_oracleMEAN,0.2489430007569336,0.1115160964895156,-0.137426904267418,-0.552041647483798,0.137426904267418,0,1,True
upgrade/oracle_shape_test.csv,IFNγ | NT5E,mean_vs_oracleDIST,0.3250186477460268,0.1460314737567086,-0.17898717398931818,-0.5506981683376542,0.17898717398931818,0,1,True
exp08_signature_baselines/summary.csv,A549+MCF7 | coverage_worst,median_rank_proxy,4.125,1.855555555555556,-2.269444444444444,-0.5501683501683501,2.269444444444444,0,1,True
upgrade/class_c_protein_oracle.csv,IFNγ | MIA,energy_rho_partial_magmatch,0.324184892076982,0.146129195742856,-0.178055696334126,-0.5492411913256103,0.178055696334126,0,1,True
upgrade/class_c_protein_oracle.csv,IFNγ | VDAC2,energy_rho_partial_magmatch,0.1753532675789118,0.2716395722064117,0.09628630462749993,0.5490990042952553,0.09628630462749993,0,1,True
upgrade/oracle_shape_test.csv,IFNγ | ATP5MD,energy_vs_oracleMEAN,0.2464772003690564,0.3817348251530154,0.13525762478395897,0.5487632307630661,0.13525762478395897,0,1,True
upgrade/oracle_shape_test.csv,Control | CD58,mean_vs_oracleDIST,0.1808706122094275,0.0817777990486062,-0.09909281316082129,-0.547865747510619,0.09909281316082129,0,1,True
upgrade/oracle_shape_test.csv,Control | LEF1-AS1,energy_vs_oracleDIST,0.4828669774166775,0.2183734617307709,-0.2644935156859066,-0.5477564796436034,0.2644935156859066,0,1,True
upgrade/oracle_shape_test.csv,Control | ARMC6,energy_vs_oracleDIST,0.6160243226325672,0.2789962502806367,-0.33702807235193055,-0.5471018918727885,0.33702807235193055,0,1,True
upgrade/oracle_shape_test.csv,IFNγ | CD274,magmatch_vs_oracleDIST,-0.0942315439294114,-0.1457383077982664,-0.05150676386885501,-0.5465978983368732,0.05150676386885501,0,1,True
upgrade/oracle_shape_test.csv,Control | HSPA1A,energy_vs_oracleDIST,0.5200310330191827,0.2359051024379308,-0.2841259305812519,-0.5463634139902784,0.2841259305812519,0,1,True
upgrade/oracle_shape_test.csv,Control | JPT1,magmatch_vs_oracleDIST,0.4259067775156708,0.1932964144520165,-0.2326103630636543,-0.5461532319830145,0.2326103630636543,0,1,True
upgrade/oracle_shape_test.csv,Control | WBP2,magmatch_vs_oracleDIST,0.3531215010711681,0.1605165284832486,-0.19260497258791948,-0.5454354152994549,0.19260497258791948,0,1,True
upgrade/oracle_shape_test.csv,IFNγ | SMAD3,energy_vs_oracleMEAN,0.1703720895539125,0.2632043619363497,0.09283227238243721,0.5448795787238461,0.09283227238243721,0,1,True
upgrade/class_c_protein_oracle.csv,Co-culture | MYC,energy_rho,0.1377849489392582,0.062801266484775,-0.07498368245448318,-0.5442080795598317,0.07498368245448318,0,1,True
upgrade/oracle_shape_test.csv,IFNγ | LRPAP1,magmatch_vs_oracleDIST,0.3601424245968318,0.1643252374826192,-0.19581718711421262,-0.5437215216547282,0.19581718711421262,0,1,True
upgrade/oracle_shape_test.csv,Control | FKBP4,energy_vs_oracleDIST,0.5697229068770128,0.2600929731118536,-0.3096299337651592,-0.5434746084941949,0.3096299337651592,0,1,True
upgrade/oracle_shape_test.csv,Co-culture | SINHCAF,energy_vs_oracleDIST,0.3564174720227211,0.1627937954523999,-0.19362367657032123,-0.543249677047196,0.19362367657032123,0,1,True
upgrade/class_c_protein_oracle.csv,Co-culture | UCN2,energy_rho,0.1973748298023535,0.3045870401333434,0.10721221033098993,0.5431908943929158,0.10721221033098993,0,1,True
upgrade/oracle_shape_test.csv,Control | TFAP2A,mean_vs_oracleDIST,0.2547125730327597,0.1163788597632472,-0.1383337132695125,-0.5430973101265826,0.1383337132695125,0,1,True
upgrade/class_c_protein_oracle.csv,Control | CHCHD2,energy_rho,0.1717382898841677,0.0784730087270986,-0.0932652811570691,-0.5430663203876883,0.0932652811570691,0,1,True
upgrade/oracle_shape_test.csv,Control | PROS1,mean_vs_oracleDIST,0.3607840371388665,0.1651135463410886,-0.19567049079777787,-0.5423479717936188,0.19567049079777787,0,1,True
upgrade/class_c_protein_oracle.csv,Co-culture | GSEC,energy_rho_partial_magmatch,0.2546678025724675,0.1165695335932943,-0.1380982689791732,-0.5422682709954132,0.1380982689791732,0,1,True
upgrade/oracle_shape_test.csv,Control | CORO1A,mean_vs_oracleDIST,0.2793273996118354,0.127948231281636,-0.1513791683301994,-0.5419417090502471,0.1513791683301994,0,1,True
upgrade/class_c_protein_oracle.csv,Co-culture | CTSB,energy_rho,0.0598661353160333,0.0922799911274251,0.032413855811391806,0.5414389226944262,0.032413855811391806,0,1,True
upgrade/oracle_shape_test.csv,Control | FOXM1,mean_vs_oracleDIST,0.2029425952117965,0.0932388572695225,-0.109703737942274,-0.5405653644459615,0.109703737942274,0,1,True
upgrade/oracle_shape_test.csv,Co-culture | CD151,energy_vs_oracleMEAN,0.2249655261083624,0.1034158834148293,-0.1215496426935331,-0.5403034180222996,0.1215496426935331,0,1,True
upgrade/class_c_protein_oracle.csv,Co-culture | ENPP1,energy_rho_partial_magmatch,0.1636196630622313,0.0752332960167814,-0.0883863670454499,-0.5401940414205163,0.0883863670454499,0,1,True
exp12_partial_observed_retrieval/recommendation_vs_outcome.csv,DART_recommended | DART_coverage_mean,mean_minority_cov_gain,0.0048500107064769,0.0022306215035458,-0.0026193892029310996,-0.540079055791168,0.0026193892029310996,0,1,True
upgrade/oracle_shape_test.csv,Control | GAS5,energy_vs_oracleMEAN,0.0727160063123982,0.1119405334807737,0.03922452716837549,0.5394208119717329,0.03922452716837549,0,1,True
upgrade/class_c_protein_oracle.csv,IFNγ | TAPBP,energy_rho,-0.1571832157290813,-0.0724249866801814,0.08475822904889992,0.5392320589431633,0.08475822904889992,0,1,True
upgrade/oracle_shape_test.csv,Control | STAT1,energy_vs_oracleDIST,0.5885165234454208,0.271442654860527,-0.31707386858489384,-0.5387679970795235,0.31707386858489384,0,1,True
upgrade/oracle_shape_test.csv,IFNγ | ITGA3,energy_vs_oracleDIST,0.3823908099749197,0.176396073653331,-0.2059947363215887,-0.5387021103752455,0.2059947363215887,0,1,True
upgrade/oracle_shape_test.csv,IFNγ | TAPBP,energy_vs_oracleMEAN,-0.1523054331864904,-0.0703208451912206,0.0819845879952698,0.5382906327109406,0.0819845879952698,0,1,True
upgrade/oracle_shape_test.csv,Control | ACTA2,mean_vs_oracleDIST,0.2129212726056778,0.098407668581461,-0.11451360402421681,-0.5378213394219736,0.11451360402421681,0,1,True
upgrade/class_c_protein_oracle.csv,IFNγ | RTP4,energy_rho_partial_magmatch,0.2206463685626291,0.3392954140839213,0.11864904552129218,0.5377339599750285,0.11864904552129218,0,1,True
upgrade/class_c_protein_oracle.csv,IFNγ | ACTA2,energy_rho_partial_magmatch,0.1686967369693189,0.0780543968396293,-0.0906423401296896,-0.5373093858132825,0.0906423401296896,0,1,True
upgrade/oracle_shape_test.csv,Control | FBL,energy_vs_oracleDIST,0.4847221575001291,0.2242966877541741,-0.260425469745955,-0.5372675164862577,0.260425469745955,0,1,True
upgrade/class_c_protein_oracle.csv,IFNγ | SLC7A5P1,energy_rho_partial_magmatch,0.2343326446012501,0.1084480137226618,-0.1258846308785883,-0.5372048401228889,0.1258846308785883,0,1,True
upgrade/class_c_protein_oracle.csv,Control | STAT3,energy_rho,0.2330096109159652,0.1078737469977695,-0.1251358639181957,-0.5370416414425321,0.1251358639181957,0,1,True
upgrade/class_c_protein_oracle.csv,Control | HLA-H,energy_rho_partial_magmatch,0.3312371771539547,0.1536953096563823,-0.17754186749757236,-0.5359961977186312,0.17754186749757236,0,1,True
upgrade/oracle_shape_test.csv,Co-culture | FOXM1,mean_vs_oracleDIST,-0.1100923222690625,-0.0511163401902738,0.0589759820787887,0.5356956857959003,0.0589759820787887,0,1,True
upgrade/oracle_shape_test.csv,IFNγ | LRRC75A-AS1,energy_vs_oracleMEAN,0.1289883435343651,0.1979530362688914,0.0689646927345263,0.5346583330310983,0.0689646927345263,0,1,True
upgrade/class_c_protein_oracle.csv,Control | FBXO32,energy_rho,0.1732294869098342,0.0806316932265146,-0.09259779368331959,-0.5345382898439033,0.09259779368331959,0,1,True
upgrade/oracle_shape_test.csv,IFNγ | LEF1-AS1,magmatch_vs_oracleDIST,0.348386248329836,0.1624238171351344,-0.1859624311947016,-0.5337823524499192,0.1859624311947016,0,1,True
upgrade/oracle_shape_test.csv,Co-culture | FOXM1,magmatch_vs_oracleDIST,-0.2031443200752431,-0.0948699490174434,0.1082743710577997,0.5329923623643315,0.1082743710577997,0,1,True
upgrade/oracle_shape_test.csv,Control | ST3GAL6-AS1,magmatch_vs_oracleDIST,0.4730809969357412,0.221010764578529,-0.25207023235721215,-0.5328267970811158,0.25207023235721215,0,1,True
upgrade/oracle_shape_test.csv,Control | NEAT1,energy_vs_oracleDIST,0.4577496275156078,0.2139149841371397,-0.24383464337846814,-0.5326812491401844,0.24383464337846814,0,1,True
upgrade/oracle_shape_test.csv,Control | PSMB8-AS1,magmatch_vs_oracleDIST,0.3356200873307447,0.1568817357331865,-0.17873835159755821,-0.5325615430801562,0.17873835159755821,0,1,True
upgrade/class_c_protein_oracle.csv,Co-culture | GAS5,energy_rho_partial_magmatch,0.1575200574053278,0.0736603251694447,-0.0838597322358831,-0.5323749471478209,0.0838597322358831,0,1,True
upgrade/oracle_shape_test.csv,IFNγ | RPSA,energy_vs_oracleMEAN,-0.1442672800280691,-0.0674650760854027,0.0768022039426664,0.5323605181141803,0.0768022039426664,0,1,True
upgrade/oracle_shape_test.csv,Control | IRF3,mean_vs_oracleDIST,0.3214990560370179,0.1505983050228402,-0.1709007510141777,-0.5315746587899777,0.1709007510141777,0,1,True
upgrade/class_c_protein_oracle.csv,Co-culture | MDH2,energy_rho,-0.1677872249979585,-0.0785993146341308,0.0891879103638277,0.5315536410171445,0.0891879103638277,0,1,True
upgrade/oracle_shape_test.csv,IFNγ | LRPAP1,mean_vs_oracleDIST,0.3925008771587852,0.1839184957051707,-0.2085823814536145,-0.5314188925219473,0.2085823814536145,0,1,True
upgrade/class_c_protein_oracle.csv,IFNγ | CHCHD2,energy_rho_partial_magmatch,0.2182636154535885,0.1022894494041817,-0.11597416604940679,-0.5313490560870302,0.11597416604940679,0,1,True
upgrade/class_c_protein_oracle.csv,Co-culture | LGALS3BP,energy_rho_partial_magmatch,0.2498110523788867,0.3825139618537194,0.13270290947483268,0.5312131237234575,0.13270290947483268,0,1,True
upgrade/class_c_protein_oracle.csv,Co-culture | DNMT1,energy_rho_partial_magmatch,0.2145443046698585,0.3284167376607792,0.11387243299092073,0.5307641848901467,0.11387243299092073,0,1,True
upgrade/oracle_shape_test.csv,Control | SAT1,energy_vs_oracleDIST,0.45679573270665,0.2146587610529295,-0.24213697165372053,-0.5300771314543313,0.24213697165372053,0,1,True
exp07_ranking_flip/delta_rank_vs_divergence.csv,K562+A549 | JNJ-7706621,delta_rank,0.34,0.16,-0.18000000000000002,-0.5294117647058824,0.18000000000000002,0,1,True
exp08_signature_baselines/summary_by_task.csv,frangieh | coverage_worst,rank,6.488888888888889,3.055555555555556,-3.433333333333333,-0.5291095890410958,3.433333333333333,0,1,True
exp08_signature_baselines/summary.csv,Control+IFNγ | coverage_worst,median_rank_proxy,6.488888888888889,3.055555555555556,-3.433333333333333,-0.5291095890410958,3.433333333333333,0,1,True
upgrade/oracle_shape_test.csv,Co-culture | UCN2,energy_vs_oracleMEAN,0.198778167320487,0.3038086628068263,0.10503049548633928,0.5283804398749699,0.10503049548633928,0,1,True
upgrade/class_c_protein_oracle.csv,Co-culture | PABPC1,energy_rho_partial_magmatch,0.0568846721635704,0.0268349058215558,-0.030049766342014596,-0.5282577045641974,0.030049766342014596,0,1,True
upgrade/oracle_shape_test.csv,Control | HLA-E,mean_vs_oracleDIST,0.3019485058432504,0.143180823496472,-0.1587676823467784,-0.5258104586521749,0.1587676823467784,0,1,True
upgrade/oracle_shape_test.csv,IFNγ | SPINT1,mean_vs_oracleDIST,0.3529764921445558,0.1675219939443556,-0.18545449820020019,-0.525401839293735,0.18545449820020019,0,1,True
upgrade/oracle_shape_test.csv,Co-culture | ARMC6,energy_vs_oracleMEAN,0.1608033041663826,0.0763823292130686,-0.084420974953314,-0.5249952753829232,0.084420974953314,0,1,True
upgrade/oracle_shape_test.csv,Control | TTLL1,mean_vs_oracleDIST,0.3077042240926557,0.1463451189116277,-0.161359105181028,-0.524396782841823,0.161359105181028,0,1,True
upgrade/oracle_shape_test.csv,Control | STAT3,energy_vs_oracleMEAN,0.2314869274666149,0.1102982016214248,-0.1211887258451901,-0.5235229789063055,0.1211887258451901,0,1,True
upgrade/oracle_shape_test.csv,Control | CD44,magmatch_vs_oracleDIST,0.4018385552517465,0.1915797746327738,-0.21025878061897268,-0.52324192855822,0.21025878061897268,0,1,True
exp11_synthetic_phase_diagram/dart_advantage_grid.csv,<column mean>,coverage_worst,0.3101851851851852,0.4722222222222221,0.16203703703703692,0.5223880597014922,0.6666666666666667,3,36,False
upgrade/class_c_protein_oracle.csv,Control | HSPA1A,energy_rho_partial_magmatch,0.1830519916422437,0.2786624063436327,0.09561041470138901,0.5223128895983264,0.09561041470138901,0,1,True
upgrade/oracle_shape_test.csv,Control | MC1R,mean_vs_oracleDIST,0.2939144299760828,0.1404395252854874,-0.1534749046905954,-0.5221754668632105,0.1534749046905954,0,1,True
upgrade/oracle_shape_test.csv,Co-culture | HASPIN,mean_vs_oracleDIST,0.103663759527738,0.1577771999149808,0.05411344038724279,0.5220092405848284,0.05411344038724279,0,1,True
upgrade/class_c_protein_oracle.csv,Co-culture | CD151,energy_rho,0.215150095357014,0.1029340605912527,-0.1122160347657613,-0.5215709274009531,0.1122160347657613,0,1,True
upgrade/class_c_protein_oracle.csv,Control | CMSS1,energy_rho,0.2431683906533181,0.1165551837358767,-0.1266132069174414,-0.5206811895956993,0.1266132069174414,0,1,True
upgrade/oracle_shape_test.csv,IFNγ | TFAP2A,mean_vs_oracleDIST,0.2733918816399405,0.1311683755019297,-0.1422235061380108,-0.5202184691252845,0.1422235061380108,0,1,True
upgrade/oracle_shape_test.csv,IFNγ | TRIM22,mean_vs_oracleDIST,0.3413610905357815,0.1638631798274794,-0.17749791070830212,-0.5199711262631345,0.17749791070830212,0,1,True
upgrade/oracle_shape_test.csv,Control | APOE,energy_vs_oracleDIST,0.6065406118189959,0.2923879681558905,-0.31415264366310536,-0.5179416473382905,0.31415264366310536,0,1,True
upgrade/class_c_protein_oracle.csv,Control | CTSB,energy_rho,-0.2378509634215919,-0.1147674207352705,0.12308354268632139,0.5174817916047507,0.12308354268632139,0,1,True
upgrade/oracle_shape_test.csv,IFNγ | PROS1,mean_vs_oracleDIST,0.3483866775824204,0.1682996114511455,-0.18008706613127493,-0.5169172006833425,0.18008706613127493,0,1,True
upgrade/class_c_protein_oracle.csv,Co-culture | ATP5MD,energy_rho_partial_magmatch,0.2604604588372177,0.3950757209401454,0.13461526210292774,0.5168356943848411,0.13461526210292774,0,1,True
upgrade/class_c_protein_oracle.csv,Co-culture | SOX4,energy_rho_partial_magmatch,0.1415077238312612,0.2146068528478822,0.073099129016621,0.5165734211355627,0.073099129016621,0,1,True
upgrade/oracle_shape_test.csv,IFNγ | SLC7A5P1,energy_vs_oracleMEAN,0.2007672215508167,0.0971154073565475,-0.10365181419426919,-0.5162785707428522,0.10365181419426919,0,1,True
upgrade/oracle_shape_test.csv,Control | FBXO32,energy_vs_oracleMEAN,0.1754234609121239,0.0850190650415632,-0.0904043958705607,-0.5153495171084762,0.0904043958705607,0,1,True
upgrade/class_c_protein_oracle.csv,IFNγ | ATP5MD,energy_rho,0.2621012826010682,0.396869257858693,0.1347679752576248,0.5141828148271548,0.1347679752576248,0,1,True
upgrade/oracle_shape_test.csv,IFNγ | PSAP,energy_vs_oracleMEAN,-0.1592359386212257,-0.0774046495913089,0.0818312890299168,0.5138996242837415,0.0818312890299168,0,1,True
upgrade/oracle_shape_test.csv,Control | PYGB,magmatch_vs_oracleDIST,0.524725029061969,0.255087891203071,-0.26963713785889803,-0.5138636865501119,0.26963713785889803,0,1,True
upgrade/oracle_shape_test.csv,Control | LCP1,mean_vs_oracleDIST,0.3372107814552521,0.1641613968888894,-0.17304938456636268,-0.5131786825425876,0.17304938456636268,0,1,True
upgrade/class_c_protein_oracle.csv,Control | GRN,energy_rho,0.050490369562452,0.0245927938258894,-0.0258975757365626,-0.512921096854513,0.0258975757365626,0,1,True
upgrade/oracle_shape_test.csv,IFNγ | CD47,magmatch_vs_oracleDIST,0.2515254765896066,0.1230896781152131,-0.12843579847439351,-0.5106273933592486,0.12843579847439351,0,1,True
exp12_partial_observed_retrieval/summary.csv,leave_drug_out | mean_or_no_call | DART_coverage_worst,decision_regret,0.1493546372159905,0.2256090664169163,0.07625442920092582,0.5105595020170001,0.07625442920092582,0,1,True
upgrade/class_c_protein_oracle.csv,Co-culture | ATP5MD,energy_rho,0.2915156292259837,0.4402876289549415,0.14877199972895783,0.5103397033084267,0.14877199972895783,0,1,True
upgrade/oracle_shape_test.csv,Co-culture | TPP1,magmatch_vs_oracleDIST,0.4282992281670661,0.210030411155815,-0.21826881701125112,-0.5096175819539681,0.21826881701125112,0,1,True
exp08_signature_baselines/flip_vs_dart.csv,A549+MCF7 | coverage_worst,mean_topk_overlap,0.3638227513227513,0.5492173721340388,0.18539462081128744,0.5095740168454219,0.18539462081128744,0,1,True
upgrade/class_c_protein_oracle.csv,IFNγ | AGA,energy_rho_partial_magmatch,0.1966171559263446,0.0964937039491637,-0.1001234519771809,-0.5092304967257714,0.1001234519771809,0,1,True
upgrade/oracle_shape_test.csv,Control | JMJD7,mean_vs_oracleDIST,0.3254461941100236,0.1597445819702644,-0.16570161213975923,-0.5091520968401323,0.16570161213975923,0,1,True
upgrade/class_c_protein_oracle.csv,IFNγ | CCT3,energy_rho_partial_magmatch,0.2467526932023443,0.1213348407469494,-0.12541785245539488,-0.5082734896536616,0.12541785245539488,0,1,True
exp12_partial_observed_retrieval/recommendation_vs_outcome.csv,DART_recommended | DART_coverage_mean,median_regret_reduction,0.0903816223144531,0.0444498062133789,-0.0459318161010742,-0.5081986240661798,0.0459318161010742,0,1,True
upgrade/oracle_shape_test.csv,IFNγ | GSEC,mean_vs_oracleDIST,0.3306075136771796,0.1626946740724065,-0.1679128396047731,-0.5078917830304696,0.1679128396047731,0,1,True
upgrade/oracle_shape_test.csv,Co-culture | PET100,magmatch_vs_oracleDIST,-0.2349964005840146,-0.1156718514086949,0.1193245491753197,0.5077718164140963,0.1193245491753197,0,1,True
exp12_partial_observed_retrieval/summary.csv,leave_MoA_out | mean_or_no_call | DART_coverage_worst,decision_regret,0.1299998543479225,0.1959309577941894,0.0659311034462669,0.5071629024276714,0.0659311034462669,0,1,True
upgrade/oracle_shape_test.csv,IFNγ | LAMP2,mean_vs_oracleDIST,0.4070884825802762,0.20066534118228,-0.2064231413979962,-0.5070719271879435,0.2064231413979962,0,1,True
upgrade/oracle_shape_test.csv,Control | AEBP1,mean_vs_oracleDIST,0.2358471674183525,0.1166294916957706,-0.11921767572258189,-0.5054869940884648,0.11921767572258189,0,1,True
upgrade/oracle_shape_test.csv,Control | SCARB2,magmatch_vs_oracleDIST,0.2745590956091552,0.4132744243337158,0.1387153287245606,0.5052294057743651,0.1387153287245606,0,1,True
upgrade/class_c_protein_oracle.csv,IFNγ | IDI2-AS1,energy_rho_partial_magmatch,0.2658874897664808,0.131591490910036,-0.1342959988564448,-0.5050858127036817,0.1342959988564448,0,1,True
upgrade/oracle_shape_test.csv,IFNγ | LINC00518,magmatch_vs_oracleDIST,0.377101347575793,0.1867139682663444,-0.1903873793094486,-0.5048705885920574,0.1903873793094486,0,1,True
exp12_partial_observed_retrieval/recommendation_vs_outcome.csv,DART_recommended | DART_coverage_worst,mean_minority_cov_gain,0.0055110644612786,0.0027314675144724,-0.0027795969468062,-0.504366618524603,0.0027795969468062,0,1,True
upgrade/class_c_protein_oracle.csv,Co-culture | MDH2,energy_rho_partial_magmatch,-0.1576046132756191,-0.0782738324484889,0.07933078082713019,0.5033531644685835,0.07933078082713019,0,1,True
upgrade/class_c_protein_oracle.csv,Co-culture | DNMT1,energy_rho,0.2042968281703094,0.3070113611815582,0.1027145330112488,0.5027710607705674,0.1027145330112488,0,1,True
upgrade/oracle_shape_test.csv,Control | C1QBP,magmatch_vs_oracleDIST,-0.4532080257634513,-0.2254138260664766,0.2277941996969747,0.5026261379931305,0.2277941996969747,0,1,True
upgrade/oracle_shape_test.csv,Control | EVA1A,energy_vs_oracleDIST,0.4895483965223874,0.2435324503907744,-0.246015946131613,-0.5025365170823566,0.246015946131613,0,1,True
upgrade/oracle_shape_test.csv,IFNγ | CD44,energy_vs_oracleMEAN,0.1019235117539277,0.1531163177523943,0.05119280599846658,0.5022668971812956,0.05119280599846658,0,1,True
upgrade/oracle_shape_test.csv,Control | HNRNPA1,mean_vs_oracleDIST,0.3310268478437467,0.1647747524222505,-0.1662520954214962,-0.5022314549542867,0.1662520954214962,0,1,True
upgrade/oracle_shape_test.csv,Control | APOC2,energy_vs_oracleDIST,0.6103153964567359,0.303860361489333,-0.30645503496740295,-0.5021256824693705,0.30645503496740295,0,1,True
upgrade/class_c_protein_oracle.csv,Co-culture | DDX39A,energy_rho_partial_magmatch,-0.0628522316668684,-0.0313221584449596,0.0315300732219088,0.5016539967749372,0.0315300732219088,0,1,True
upgrade/oracle_shape_test.csv,Co-culture | NOLC1,energy_vs_oracleMEAN,0.2334593370240619,0.3505460513856448,0.11708671436158291,0.5015293706137577,0.11708671436158291,0,1,True
upgrade/oracle_shape_test.csv,IFNγ | HLA-A,energy_vs_oracleMEAN,0.1901862175613686,0.0948792119865372,-0.0953070055748314,-0.5011246703199094,0.0953070055748314,0,1,True
upgrade/oracle_shape_test.csv,IFNγ | PSAP,mean_vs_oracleDIST,0.355594193858589,0.1774438943251075,-0.1781502995334815,-0.5009932743849228,0.1781502995334815,0,1,True
upgrade/class_c_protein_oracle.csv,Control | HLA-E,energy_rho_partial_magmatch,0.1242214981744171,0.1864424497445191,0.06222095157010199,0.500887145015259,0.06222095157010199,0,1,True
upgrade/oracle_shape_test.csv,Co-culture | ATP5MD,energy_vs_oracleMEAN,0.2906793369198149,0.4362474799744478,0.1455681430546329,0.5007860021876562,0.1455681430546329,0,1,True
upgrade/oracle_shape_test.csv,Control | PPIA,energy_vs_oracleDIST,0.4955989837438938,0.247775484166737,-0.24782349957715677,-0.5000484417966892,0.24782349957715677,0,1,True
exp08_signature_baselines/flip_vs_dart.csv,K562+MCF7 | pca_mean,mean_delta_rank,-0.0555555555555555,-0.0277777777777777,0.027777777777777797,0.5000000000000009,0.027777777777777797,0,1,True
exp12_partial_observed_retrieval/recommendation_vs_outcome.csv,mean_sufficient | DART_energy,frac_regret_improved,0.1818181818181818,0.2727272727272727,0.09090909090909091,0.5000000000000001,0.09090909090909091,0,1,True
exp13_real_data_projection/projection.csv,sciplex3_within_line | MCF7:Sirtinol:s1,bootstrap_rank_stability,0.4,0.2,-0.2,-0.5,0.2,0,1,True
exp13_real_data_projection/projection.csv,cd34 | CD34+:Geldanamycin:s1,bootstrap_rank_stability,0.4,0.2,-0.2,-0.5,0.2,0,1,True
exp13_real_data_projection/projection.csv,cd34 | CD34+:Dabrafenib:s2,bootstrap_rank_stability,0.4,0.2,-0.2,-0.5,0.2,0,1,True
exp08_signature_baselines/flip_vs_dart.csv,Control+IFNγ | mean_cosine,mean_delta_rank,-0.0222222222222222,-0.0111111111111111,0.0111111111111111,0.5,0.0111111111111111,0,1,True
exp08_signature_baselines/flip_vs_dart.csv,Control+IFNγ | cmap_cosine,mean_delta_rank,-0.0222222222222222,-0.0111111111111111,0.0111111111111111,0.5,0.0111111111111111,0,1,True
exp13_real_data_projection/projection.csv,frangieh | IFNγ:CD274:s2,bootstrap_rank_stability,0.4,0.2,-0.2,-0.5,0.2,0,1,True
upgrade/oracle_shape_test.csv,Control | NME1,mean_vs_oracleDIST,0.21255854900484,0.10627927450242,-0.10627927450242,-0.5,0.10627927450242,0,1,True
exp13_real_data_projection/projection.csv,sciplex3_within_line | MCF7:WP1066:s2,bootstrap_rank_stability,0.4,0.2,-0.2,-0.5,0.2,0,1,True
exp13_real_data_projection/projection.csv,sciplex3_within_line | K562:SRT2104 (GSK2245840):s2,bootstrap_rank_stability,0.4,0.2,-0.2,-0.5,0.2,0,1,True
exp13_real_data_projection/projection.csv,sciplex3_within_line | K562:BMS-536924:s1,bootstrap_rank_stability,0.4,0.2,-0.2,-0.5,0.2,0,1,True
exp13_real_data_projection/projection.csv,sciplex3_within_line | A549:Costunolide:s2,bootstrap_rank_stability,0.4,0.2,-0.2,-0.5,0.2,0,1,True
exp13_real_data_projection/projection.csv,sciplex3_within_line | MCF7:Amisulpride:s2,bootstrap_rank_stability,0.4,0.6,0.19999999999999996,0.4999999999999999,0.19999999999999996,0,1,True
exp13_real_data_projection/projection.csv,cd34 | CD34+:Rucaparib:s2,bootstrap_rank_stability,0.4,0.6,0.19999999999999996,0.4999999999999999,0.19999999999999996,0,1,True
exp13_real_data_projection/projection.csv,sciplex3_within_line | K562:UNC0379:s1,bootstrap_rank_stability,0.4,0.6,0.19999999999999996,0.4999999999999999,0.19999999999999996,0,1,True
exp13_real_data_projection/projection.csv,frangieh | IFNγ:SDCBP:s1,bootstrap_rank_stability,0.4,0.6,0.19999999999999996,0.4999999999999999,0.19999999999999996,0,1,True
exp13_real_data_projection/projection.csv,frangieh | IFNγ:TTLL1:s1,bootstrap_rank_stability,0.4,0.6,0.19999999999999996,0.4999999999999999,0.19999999999999996,0,1,True
upgrade/oracle_shape_test.csv,Control | CD151,magmatch_vs_oracleDIST,0.4665393775511874,0.2333647777751189,-0.2331745997760685,-0.4997961822643475,0.2331745997760685,0,1,True
upgrade/oracle_shape_test.csv,Co-culture | DNMT1,magmatch_vs_oracleDIST,-0.2260079957420907,-0.1131085344093164,0.11289946133277431,0.49953746530989845,0.11289946133277431,0,1,True
upgrade/oracle_shape_test.csv,IFNγ | GAA,energy_vs_oracleMEAN,0.2419986225358335,0.1212298415916208,-0.12076878094421271,-0.4990473899343377,0.12076878094421271,0,1,True
upgrade/oracle_shape_test.csv,IFNγ | CD274,mean_vs_oracleDIST,-0.1063355554689226,-0.1593497329538809,-0.05301417748495832,-0.49855551373361784,0.05301417748495832,0,1,True
upgrade/class_c_protein_oracle.csv,IFNγ | CCND2,energy_rho_partial_magmatch,0.1973043286161683,0.0989429911764323,-0.09836133743973602,-0.4985259985404887,0.09836133743973602,0,1,True
upgrade/class_c_protein_oracle.csv,IFNγ | RRS1,energy_rho,-0.1110096061257184,-0.0557186854313671,0.055290920694351306,0.4980732985552109,0.055290920694351306,0,1,True
upgrade/oracle_shape_test.csv,IFNγ | ST6GALNAC2,energy_vs_oracleMEAN,-0.163346978025548,-0.0820058997050147,0.0813410783205333,0.4979650024980033,0.0813410783205333,0,1,True
upgrade/class_c_magnitude_control_v2.csv,K562 | Cediranib (AZD2171),energy_rho,-0.2754010695187165,-0.1383689839572192,0.13703208556149732,0.4975728155339807,0.13703208556149732,0,1,True
upgrade/oracle_shape_test.csv,IFNγ | HLA-C,mean_vs_oracleDIST,0.3196345821475446,0.1606305147297701,-0.15900406741777448,-0.4974557707412822,0.15900406741777448,0,1,True
upgrade/oracle_shape_test.csv,Co-culture | MIA,magmatch_vs_oracleDIST,0.4228841775696441,0.212608786049903,-0.2102753915197411,-0.49724109501616715,0.2102753915197411,0,1,True
upgrade/oracle_shape_test.csv,Control | TRIM22,mean_vs_oracleDIST,0.3160418290841355,0.1590807475632656,-0.15696108152086988,-0.49664654193317015,0.15696108152086988,0,1,True
upgrade/oracle_shape_test.csv,Control | CKS1B,energy_vs_oracleMEAN,-0.3495673135657368,-0.1763183605895733,0.1732489529761635,0.4956097044913889,0.1732489529761635,0,1,True
exp12_partial_observed_retrieval/recommendation_vs_outcome.csv,DART_recommended | DART_coverage_worst,mean_regret_reduction,0.267691168424204,0.1350980664364268,-0.13259310198777718,-0.49532116718045766,0.13259310198777718,0,1,True
upgrade/class_c_protein_oracle.csv,Control | BZW2,energy_rho_partial_magmatch,0.4567836240369877,0.2306040481465202,-0.2261795758904675,-0.4951569276751322,0.2261795758904675,0,1,True
upgrade/class_c_protein_oracle.csv,Control | PTMA,energy_rho,0.2439832592982557,0.3646619050797677,0.120678645781512,0.4946185493570655,0.120678645781512,0,1,True
upgrade/oracle_shape_test.csv,Control | ARMC6,magmatch_vs_oracleDIST,0.4238400086650637,0.2142613347976619,-0.2095786738674018,-0.4944759097365434,0.2095786738674018,0,1,True
upgrade/oracle_shape_test.csv,Control | ST3GAL6-AS1,energy_vs_oracleDIST,0.5010875410740396,0.2536974507331928,-0.24739009034084686,-0.4937063288593979,0.24739009034084686,0,1,True
upgrade/oracle_shape_test.csv,Control | RTP4,energy_vs_oracleDIST,0.6220646781520743,0.3157150994137068,-0.30634957873836755,-0.4924722291714418,0.30634957873836755,0,1,True
upgrade/class_c_protein_oracle.csv,Control | FBXO32,energy_rho_partial_magmatch,0.2173936042257299,0.1103863636077396,-0.1070072406179903,-0.4922280993459205,0.1070072406179903,0,1,True
upgrade/oracle_shape_test.csv,Control | MDH2,energy_vs_oracleDIST,0.28212339403496,0.4209704685590852,0.1388470745241252,0.49215016358026525,0.1388470745241252,0,1,True
upgrade/oracle_shape_test.csv,Control | GAS5,mean_vs_oracleDIST,0.2208848188837937,0.1121987221549812,-0.10868609672881249,-0.49204873960121115,0.10868609672881249,0,1,True
upgrade/oracle_shape_test.csv,Co-culture | SERPINF1,mean_vs_oracleDIST,0.2361002600961736,0.1200618068662841,-0.11603845322988951,-0.49147956542962784,0.11603845322988951,0,1,True
upgrade/oracle_shape_test.csv,Co-culture | RNASEH2A,magmatch_vs_oracleDIST,-0.2998959267815661,-0.1526100254304675,0.14728590135109862,0.4911233804731753,0.14728590135109862,0,1,True
upgrade/oracle_shape_test.csv,Control | TMEM173,mean_vs_oracleDIST,0.3056827956921535,0.1557016245735163,-0.1499811711186372,-0.49064315438177286,0.1499811711186372,0,1,True
upgrade/oracle_shape_test.csv,Control | KDR,energy_vs_oracleDIST,0.5770479084828204,0.2941625429947115,-0.2828853654881089,-0.4902285604532796,0.2828853654881089,0,1,True
upgrade/oracle_shape_test.csv,Control | CDH19,energy_vs_oracleDIST,0.6224072504417545,0.3190342987910473,-0.3033729516507072,-0.487418730156803,0.3033729516507072,0,1,True
upgrade/oracle_shape_test.csv,Co-culture | CTSA,energy_vs_oracleMEAN,-0.1011108672246968,-0.0518391341476396,0.0492717330770572,0.48730403001649214,0.0492717330770572,0,1,True
upgrade/class_c_protein_oracle.csv,Co-culture | HLA-A,energy_rho_partial_magmatch,0.1181008056552819,0.0605680648694104,-0.0575327407858715,-0.4871494353205407,0.0575327407858715,0,1,True
upgrade/class_c_protein_oracle.csv,Control | CCR10,energy_rho_partial_magmatch,0.2992343761217038,0.153483720889227,-0.1457506552324768,-0.48707858074834787,0.1457506552324768,0,1,True
upgrade/oracle_shape_test.csv,Co-culture | MYC,energy_vs_oracleMEAN,0.1601181233924973,0.0821900433725282,-0.07792808001996912,-0.48669119003439815,0.07792808001996912,0,1,True
upgrade/oracle_shape_test.csv,IFNγ | TSC22D3,magmatch_vs_oracleDIST,0.1914270246584407,0.2845420671168386,0.09311504245839791,0.48642579397836416,0.09311504245839791,0,1,True
upgrade/oracle_shape_test.csv,IFNγ | SLC25A13,magmatch_vs_oracleDIST,0.384051044143828,0.1972492300495107,-0.18680181409431731,-0.4863984018342093,0.18680181409431731,0,1,True
upgrade/oracle_shape_test.csv,Co-culture | FOXM1,energy_vs_oracleDIST,0.403425902706309,0.2072412257357953,-0.19618467697051373,-0.48629667964908707,0.19618467697051373,0,1,True
upgrade/class_c_protein_oracle.csv,Control | C6orf226,energy_rho,0.1318299191019127,0.0677342456842366,-0.0640956734176761,-0.4861997477835526,0.0640956734176761,0,1,True
upgrade/oracle_shape_test.csv,IFNγ | SGK1,mean_vs_oracleDIST,0.3401925850844022,0.174825153015477,-0.1653674320689252,-0.4860994604802963,0.1653674320689252,0,1,True
upgrade/oracle_shape_test.csv,Control | HNRNPC,mean_vs_oracleDIST,0.199110067721,0.1026507790370947,-0.09645928868390531,-0.48445209118741017,0.09645928868390531,0,1,True
upgrade/class_c_protein_oracle.csv,Control | TIMP1,energy_rho_partial_magmatch,0.3534628139039009,0.5246078995658652,0.1711450856619643,0.4841954483746487,0.1711450856619643,0,1,True
upgrade/class_c_protein_oracle.csv,Control | APOC2,energy_rho,0.3019119815917772,0.1558263108113043,-0.14608567078047288,-0.4838684109529611,0.14608567078047288,0,1,True
upgrade/class_c_protein_oracle.csv,Co-culture | NOLC1,energy_rho,0.241642723648829,0.3584456546101192,0.11680293096129019,0.48337036264760797,0.11680293096129019,0,1,True
upgrade/oracle_shape_test.csv,Co-culture | RPSA,magmatch_vs_oracleDIST,0.1477312675446191,0.2191149548639606,0.0713836873193415,0.4831995860171007,0.0713836873193415,0,1,True
upgrade/oracle_shape_test.csv,Control | GSN,magmatch_vs_oracleDIST,0.2655338271244205,0.1372959207448932,-0.12823790637952728,-0.482943765652273,0.12823790637952728,0,1,True
upgrade/class_c_protein_oracle.csv,Control | ACSL3,energy_rho_partial_magmatch,0.4529548749170332,0.2342552138368978,-0.2186996610801354,-0.48282880523185484,0.2186996610801354,0,1,True
upgrade/oracle_shape_test.csv,Control | IRF3,magmatch_vs_oracleDIST,0.363323102344731,0.1880079547300795,-0.17531514761465147,-0.4825323423785687,0.17531514761465147,0,1,True
upgrade/oracle_shape_test.csv,Control | TIMM50,magmatch_vs_oracleDIST,0.2874445996375283,0.4261208851967208,0.13867628555919254,0.4824452633100963,0.13867628555919254,0,1,True
upgrade/oracle_shape_test.csv,IFNγ | RRS1,energy_vs_oracleMEAN,-0.1125970397515366,-0.0583426247189843,0.05425441503255231,0.48184583850759627,0.05425441503255231,0,1,True
upgrade/oracle_shape_test.csv,Co-culture | SLC22A18,magmatch_vs_oracleDIST,0.4762389317234513,0.2468191645300865,-0.22941976719336477,-0.48173249163633536,0.22941976719336477,0,1,True
upgrade/oracle_shape_test.csv,Control | ATP1B1,energy_vs_oracleDIST,0.6194198185626322,0.3211413702639696,-0.29827844829866257,-0.48154488984679195,0.29827844829866257,0,1,True
exp08_signature_baselines/summary.csv,A549+MCF7 | coverage_worst,hit@1,0.5944444444444444,0.8805555555555555,0.2861111111111111,0.48130841121495327,0.2861111111111111,0,1,True
upgrade/class_c_protein_oracle.csv,IFNγ | SLC7A5P1,energy_rho,0.1915179395215261,0.0993536314373708,-0.0921643080841553,-0.4812306790393193,0.0921643080841553,0,1,True
upgrade/oracle_shape_test.csv,Control | CCR10,energy_vs_oracleMEAN,0.1971541310817601,0.1023094662043619,-0.0948446648773982,-0.48106861548879226,0.0948446648773982,0,1,True
upgrade/class_c_protein_oracle.csv,Co-culture | DDX39A,energy_rho,-0.0643719207329256,-0.0334389606343096,0.030932960098615993,0.48053498709405595,0.030932960098615993,0,1,True
upgrade/oracle_shape_test.csv,Control | HLA-F,energy_vs_oracleDIST,0.4975094238866085,0.2587478730920801,-0.23876155079452843,-0.47991362440793994,0.23876155079452843,0,1,True
upgrade/oracle_shape_test.csv,Control | GAA,energy_vs_oracleDIST,0.5802685226030374,0.3019522842140926,-0.2783162383889448,-0.4796335274924802,0.2783162383889448,0,1,True
upgrade/class_c_protein_oracle.csv,IFNγ | TOP1MT,energy_rho_partial_magmatch,0.1480618039582602,0.2190349953867945,0.07097319142853428,0.47934841756042756,0.07097319142853428,0,1,True
upgrade/oracle_shape_test.csv,Control | CXCR4,mean_vs_oracleDIST,0.2687794476777503,0.1399495965329669,-0.1288298511447834,-0.4793143681850344,0.1288298511447834,0,1,True
upgrade/oracle_shape_test.csv,Co-culture | E2F1,magmatch_vs_oracleDIST,0.1790389472446658,0.2648411478980626,0.08580220065339683,0.4792376294312308,0.08580220065339683,0,1,True
upgrade/oracle_shape_test.csv,Control | NPC1,mean_vs_oracleDIST,0.3421906742250876,0.1782118985935644,-0.1639787756315232,-0.47920293562313904,0.1639787756315232,0,1,True
upgrade/oracle_shape_test.csv,IFNγ | FMN1,magmatch_vs_oracleDIST,0.4375236832872012,0.228071160318636,-0.2094525229685652,-0.4787227091226407,0.2094525229685652,0,1,True
upgrade/class_c_protein_oracle.csv,Control | ACTA2,energy_rho_partial_magmatch,0.354054758669157,0.1846540208792772,-0.16940073778987977,-0.4784591469032468,0.16940073778987977,0,1,True
upgrade/oracle_shape_test.csv,Control | FBXO32,magmatch_vs_oracleDIST,0.2602151404357469,0.1359130370166991,-0.1243021034190478,-0.4776897424603963,0.1243021034190478,0,1,True
upgrade/class_c_protein_oracle.csv,IFNγ | FGFR1,energy_rho,0.3275396670695099,0.1711075591594869,-0.156432107910023,-0.4775974443328272,0.156432107910023,0,1,True
upgrade/oracle_shape_test.csv,Co-culture | ARMC6,mean_vs_oracleDIST,0.1008270838244041,0.0527124770294711,-0.048114606794933,-0.47719923030529404,0.048114606794933,0,1,True
upgrade/oracle_shape_test.csv,Control | RB1,energy_vs_oracleDIST,0.5643236149437086,0.2950680925398587,-0.2692555224038499,-0.47712963851549645,0.2692555224038499,0,1,True
upgrade/oracle_shape_test.csv,Co-culture | SSR2,energy_vs_oracleDIST,0.3364078465531031,0.1759712417293839,-0.1604366048237192,-0.4769110068851909,0.1604366048237192,0,1,True
upgrade/oracle_shape_test.csv,Control | SNHG6,energy_vs_oracleDIST,0.4595766145220067,0.2404907851832447,-0.219085829338762,-0.47671230958221683,0.219085829338762,0,1,True
upgrade/oracle_shape_test.csv,IFNγ | B2M,mean_vs_oracleDIST,0.1728457629981937,0.0905170688602133,-0.08232869413798041,-0.47631305916848404,0.08232869413798041,0,1,True
upgrade/class_c_protein_oracle.csv,IFNγ | WNT7A,energy_rho,0.2226153626239392,0.1166946361271558,-0.10592072649678339,-0.47580151364357404,0.10592072649678339,0,1,True
upgrade/class_c_protein_oracle.csv,IFNγ | LRRC75A-AS1,energy_rho,0.13761698699206,0.2030855197328239,0.06546853274076392,0.475730025571198,0.06546853274076392,0,1,True
upgrade/oracle_shape_test.csv,Control | AEBP1,energy_vs_oracleDIST,0.6122535085321911,0.3210443920790233,-0.29120911645316777,-0.47563486757521223,0.29120911645316777,0,1,True
upgrade/oracle_shape_test.csv,Co-culture | TYR,energy_vs_oracleMEAN,0.2805731729706156,0.4140034945898721,0.1334303216192565,0.47556336269266425,0.1334303216192565,0,1,True
upgrade/oracle_shape_test.csv,IFNγ | TGFB1,mean_vs_oracleDIST,0.3485758839811313,0.1829366452085478,-0.16563923877258352,-0.4751884636446901,0.16563923877258352,0,1,True
upgrade/oracle_shape_test.csv,IFNγ | CD59,mean_vs_oracleDIST,0.3816079944901433,0.2007245981313269,-0.18088339635881642,-0.47400316285430577,0.18088339635881642,0,1,True
upgrade/oracle_shape_test.csv,Co-culture | CDC123,magmatch_vs_oracleDIST,-0.1834138979196141,-0.0964857769497222,0.0869281209698919,0.47394511515147236,0.0869281209698919,0,1,True
upgrade/oracle_shape_test.csv,IFNγ | CCT3,energy_vs_oracleMEAN,0.2166522422777539,0.1140160877418684,-0.1026361545358855,-0.47373686723400366,0.1026361545358855,0,1,True
exp08_signature_baselines/flip_vs_dart.csv,K562+MCF7 | coverage_worst,mean_topk_overlap,0.4403880070546737,0.6489748677248677,0.208586860670194,0.4736433720464558,0.208586860670194,0,1,True
upgrade/oracle_shape_test.csv,IFNγ | BOLA2B,energy_vs_oracleMEAN,0.2288732678058808,0.1205676191961327,-0.1083056486097481,-0.4732123137316661,0.1083056486097481,0,1,True
upgrade/oracle_shape_test.csv,IFNγ | CDKN2A,magmatch_vs_oracleDIST,0.4105451379413408,0.216280067053916,-0.19426507088742478,-0.47318809293798436,0.19426507088742478,0,1,True
upgrade/oracle_shape_test.csv,Control | KDR,magmatch_vs_oracleDIST,0.4916063491743629,0.259053921130287,-0.2325524280440759,-0.47304602236045207,0.2325524280440759,0,1,True
upgrade/oracle_shape_test.csv,Control | SLC19A1,magmatch_vs_oracleDIST,0.2074451537985851,0.3055543310835233,0.0981091772849382,0.4729403193491588,0.0981091772849382,0,1,True
upgrade/oracle_shape_test.csv,Control | CD47,energy_vs_oracleDIST,0.4024733215532127,0.2122348685693702,-0.19023845298384248,-0.4726734488876929,0.19023845298384248,0,1,True
upgrade/class_c_protein_oracle.csv,IFNγ | TFAP2A,energy_rho,-0.2147965641365508,-0.1132925292061388,0.10150403493041199,0.4725589319291145,0.10150403493041199,0,1,True
upgrade/oracle_shape_test.csv,Control | SERPINA3,mean_vs_oracleDIST,0.4260503556076691,0.2247349787718531,-0.20131537683581596,-0.47251545312920334,0.20131537683581596,0,1,True
upgrade/oracle_shape_test.csv,Control | HLA-E,energy_vs_oracleDIST,0.5482491659246366,0.289413313098103,-0.2588358528265336,-0.4721135368988663,0.2588358528265336,0,1,True
upgrade/oracle_shape_test.csv,Control | TIMP3,mean_vs_oracleDIST,0.2270662335814043,0.1198940041033107,-0.10717222947809359,-0.4719866436665575,0.10717222947809359,0,1,True
upgrade/class_c_protein_oracle.csv,Control | CDKN2A,energy_rho_partial_magmatch,0.3594553100594086,0.1902686799505789,-0.16918663010882973,-0.4706750056936635,0.16918663010882973,0,1,True
upgrade/oracle_shape_test.csv,Control | HLA-A,magmatch_vs_oracleDIST,0.3740083350860776,0.1981082320965875,-0.1759001029894901,-0.4703106494912924,0.1759001029894901,0,1,True
upgrade/oracle_shape_test.csv,IFNγ | NOLC1,energy_vs_oracleMEAN,-0.239862253583356,-0.1271940015334035,0.11266825204995251,0.46972064327244584,0.11266825204995251,0,1,True
upgrade/oracle_shape_test.csv,Control | DDX39A,energy_vs_oracleDIST,0.6186868146192724,0.3291086949129274,-0.28957811970634506,-0.4680528384697283,0.28957811970634506,0,1,True
upgrade/oracle_shape_test.csv,Control | IDI2-AS1,magmatch_vs_oracleDIST,0.3308883075795378,0.1761432960187696,-0.1547450115607682,-0.46766539649809513,0.1547450115607682,0,1,True
upgrade/oracle_shape_test.csv,Control | ATP1B1,magmatch_vs_oracleDIST,0.2258118144618403,0.1202189439957279,-0.10559287046611239,-0.46761446347598623,0.10559287046611239,0,1,True
upgrade/oracle_shape_test.csv,IFNγ | PSMB8-AS1,energy_vs_oracleMEAN,0.2007657143362156,0.1069624316141021,-0.0938032827221135,-0.46722759925544005,0.0938032827221135,0,1,True
upgrade/oracle_shape_test.csv,Control | FGFR1,energy_vs_oracleDIST,0.6244387544978357,0.3339350390794036,-0.2905037154184321,-0.4652237122150608,0.2905037154184321,0,1,True
upgrade/oracle_shape_test.csv,IFNγ | S100B,mean_vs_oracleDIST,0.3625979493976843,0.1939412368588619,-0.16865671253882242,-0.465134214958965,0.16865671253882242,0,1,True
upgrade/class_c_protein_oracle.csv,Control | CCR10,energy_rho,0.2004010110920373,0.1072188293851457,-0.09318218170689162,-0.4649786006523502,0.09318218170689162,0,1,True
upgrade/oracle_shape_test.csv,Co-culture | CD59,energy_vs_oracleDIST,0.3347568843576183,0.179178574231251,-0.1555783101263673,-0.46475014374958795,0.1555783101263673,0,1,True
upgrade/oracle_shape_test.csv,Control | ISYNA1,magmatch_vs_oracleDIST,0.4297745698009931,0.2303685296973651,-0.199406040103628,-0.46397822047954784,0.199406040103628,0,1,True
upgrade/oracle_shape_test.csv,IFNγ | CTPS1,magmatch_vs_oracleDIST,-0.3349338778043536,-0.17982976622094,0.15510411158341358,0.46308875232386987,0.15510411158341358,0,1,True
upgrade/class_c_protein_oracle.csv,Co-culture | CD274,energy_rho_partial_magmatch,0.12573052507458,0.1839188634301073,0.05818833835552731,0.46280199912480713,0.05818833835552731,0,1,True
upgrade/oracle_shape_test.csv,Control | ITGA3,magmatch_vs_oracleDIST,0.1310553528354071,0.0704086811848467,-0.060646671650560396,-0.46275615866470393,0.060646671650560396,0,1,True
upgrade/oracle_shape_test.csv,IFNγ | RPSA,energy_vs_oracleDIST,0.4373500708224501,0.235007342143906,-0.20234272867854408,-0.4626562156444434,0.20234272867854408,0,1,True
upgrade/class_c_protein_oracle.csv,IFNγ | CD59,energy_rho,0.083297077436877,0.1218317674424648,0.03853469000558779,0.46261755143557826,0.03853469000558779,0,1,True
upgrade/class_c_protein_oracle.csv,IFNγ | APOC2,energy_rho,0.2949146348848448,0.1585066209244603,-0.13640801396038452,-0.46253389226902114,0.13640801396038452,0,1,True
upgrade/class_c_protein_oracle.csv,IFNγ | RPSA,energy_rho,-0.1585565215131314,-0.0852265668654893,0.07332995464764211,0.46248463291097763,0.07332995464764211,0,1,True
upgrade/oracle_shape_test.csv,Control | CTSD,mean_vs_oracleDIST,0.3412889030507825,0.1834802070043438,-0.1578086960464387,-0.4623903520911061,0.1578086960464387,0,1,True
upgrade/oracle_shape_test.csv,IFNγ | SOX4,mean_vs_oracleDIST,0.3777355990632329,0.2034067547723935,-0.1743288442908394,-0.461510232880266,0.1743288442908394,0,1,True
upgrade/oracle_shape_test.csv,Control | NME1,energy_vs_oracleDIST,0.553307145025208,0.2979938110285607,-0.25531333399664724,-0.46143147850551525,0.25531333399664724,0,1,True
upgrade/class_c_protein_oracle.csv,IFNγ | PSMB8-AS1,energy_rho,0.1964081972112848,0.105811599287877,-0.0905965979234078,-0.461266888091993,0.0905965979234078,0,1,True
upgrade/oracle_shape_test.csv,Control | DDR1,magmatch_vs_oracleDIST,0.1814864866566833,0.0979152209150458,-0.0835712657416375,-0.46048202971568164,0.0835712657416375,0,1,True
upgrade/oracle_shape_test.csv,Control | PSMB8-AS1,mean_vs_oracleDIST,0.3159473698130839,0.1705644760092343,-0.1453828938038496,-0.46014908714023756,0.1453828938038496,0,1,True
upgrade/oracle_shape_test.csv,Control | HASPIN,magmatch_vs_oracleDIST,0.1432695250461906,0.2091668314456173,0.0658973063994267,0.45995340864137846,0.0658973063994267,0,1,True
upgrade/oracle_shape_test.csv,Co-culture | SLC22A18,energy_vs_oracleMEAN,0.2334778698175504,0.3408070684074364,0.10732919858988602,0.4596975236828983,0.10732919858988602,0,1,True
upgrade/oracle_shape_test.csv,Control | LAMP2,magmatch_vs_oracleDIST,0.5903679251580304,0.3192786334388338,-0.2710892917191966,-0.4591870258646438,0.2710892917191966,0,1,True
upgrade/class_c_protein_oracle.csv,Co-culture | TPP1,energy_rho_partial_magmatch,0.1129695384581526,0.164821978039798,0.05185243958164541,0.4589948785251801,0.05185243958164541,0,1,True
exp12_partial_observed_retrieval/summary.csv,leave_drug_out | DART_recommended | DART_coverage_mean,decision_regret,0.1803196171919504,0.2630622730333619,0.0827426558414115,0.4588666343126265,0.0827426558414115,0,1,True
upgrade/oracle_shape_test.csv,IFNγ | CGAS,magmatch_vs_oracleDIST,0.2339563109950229,0.341189557262225,0.1072332462672021,0.4583473119880204,0.1072332462672021,0,1,True
upgrade/oracle_shape_test.csv,Control | EIF3K,magmatch_vs_oracleDIST,-0.454710557901644,-0.2463271862369142,0.2083833716647298,0.4582769589216446,0.2083833716647298,0,1,True
upgrade/oracle_shape_test.csv,Control | CD274,magmatch_vs_oracleDIST,0.4156195331696879,0.225500728595844,-0.19011880457384392,-0.45743471949915016,0.19011880457384392,0,1,True
upgrade/oracle_shape_test.csv,Control | CST3,energy_vs_oracleDIST,0.6151439622263671,0.3337737234459245,-0.28137023878044265,-0.4574055116498097,0.28137023878044265,0,1,True
exp13_real_data_projection/projection.csv,frangieh | IFNγ:LINC00518:s1,structure_reliability_score,0.3854551282630304,0.5617619041379373,0.17630677587490684,0.45739896280377673,0.17630677587490684,0,1,True
upgrade/class_c_protein_oracle.csv,Control | CXCR4,energy_rho_partial_magmatch,0.1284192681799461,0.1871313726947215,0.058712104514775404,0.45719077321407653,0.058712104514775404,0,1,True
upgrade/oracle_shape_test.csv,Control | C6orf226,magmatch_vs_oracleDIST,0.2854773278857622,0.155008923252472,-0.13046840463329018,-0.4570184455611094,0.13046840463329018,0,1,True
upgrade/oracle_shape_test.csv,Co-culture | TIMP1,magmatch_vs_oracleDIST,0.2178118678218002,0.3167642437548829,0.09895237593308268,0.45430204020856757,0.09895237593308268,0,1,True
upgrade/oracle_shape_test.csv,IFNγ | TXNDC17,mean_vs_oracleDIST,0.3020415058542227,0.1648481540680675,-0.1371933517861552,-0.4542201953276256,0.1371933517861552,0,1,True
upgrade/oracle_shape_test.csv,Co-culture | LCP1,magmatch_vs_oracleDIST,0.3997865253850043,0.2182809791569779,-0.18150554622802642,-0.45400616254695453,0.18150554622802642,0,1,True
upgrade/class_c_protein_oracle.csv,Co-culture | HLA-F,energy_rho_partial_magmatch,0.2220894682188653,0.1212618052446647,-0.1008276629742006,-0.45399569724232347,0.1008276629742006,0,1,True
upgrade/oracle_shape_test.csv,IFNγ | NME1,mean_vs_oracleDIST,0.3689477993060699,0.2015437994620092,-0.1674039998440607,-0.45373356382371727,0.1674039998440607,0,1,True
upgrade/oracle_shape_test.csv,Control | PSAP,energy_vs_oracleDIST,0.4680570231727484,0.2556911710808533,-0.21236585209189507,-0.4537179052508652,0.21236585209189507,0,1,True
upgrade/oracle_shape_test.csv,IFNγ | PTMA,mean_vs_oracleDIST,0.1338713240549426,0.1945909841071823,0.06071966005223972,0.45356733774680197,0.06071966005223972,0,1,True
upgrade/oracle_shape_test.csv,Control | CHCHD2,energy_vs_oracleMEAN,0.1866678925380954,0.1020059370800498,-0.0846619554580456,-0.4535432114591838,0.0846619554580456,0,1,True
upgrade/oracle_shape_test.csv,Control | MC1R,energy_vs_oracleDIST,0.5666498319254705,0.3101425327427319,-0.25650729918273857,-0.45267338792130113,0.25650729918273857,0,1,True
upgrade/oracle_shape_test.csv,Control | HSPA1A,mean_vs_oracleDIST,0.2228206042118759,0.1220098917748645,-0.10081071243701141,-0.4524299392939102,0.10081071243701141,0,1,True
upgrade/class_c_protein_oracle.csv,Control | BOLA2,energy_rho_partial_magmatch,0.2805503323077155,0.1536499692062776,-0.12690036310143787,-0.45232654710331976,0.12690036310143787,0,1,True
upgrade/class_c_protein_oracle.csv,IFNγ | CD63,energy_rho,0.2075828102867984,0.1138778511241578,-0.0937049591626406,-0.4514100133492601,0.0937049591626406,0,1,True
upgrade/oracle_shape_test.csv,Co-culture | RNF213,mean_vs_oracleDIST,0.174550536321669,0.0958058550886127,-0.07874468123305631,-0.4511282685946168,0.07874468123305631,0,1,True
upgrade/class_c_protein_oracle.csv,IFNγ | TXNDC17,energy_rho_partial_magmatch,0.1146169739971151,0.1662661624628019,0.05164918846568681,0.45062425454528937,0.05164918846568681,0,1,True
upgrade/oracle_shape_test.csv,Control | C19orf48,mean_vs_oracleDIST,0.3498380968094177,0.1922020068823142,-0.15763608992710348,-0.45059726589176863,0.15763608992710348,0,1,True
upgrade/oracle_shape_test.csv,Control | CD58,energy_vs_oracleDIST,0.3062087153818622,0.1683201237290505,-0.13788859165281167,-0.4503091673300534,0.13788859165281167,0,1,True
upgrade/oracle_shape_test.csv,IFNγ | SOX4,magmatch_vs_oracleDIST,0.2347932464733738,0.3404285732849921,0.1056353268116183,0.4499078589281214,0.1056353268116183,0,1,True
upgrade/class_c_protein_oracle.csv,IFNγ | TIMP1,energy_rho,0.1375462944914428,0.1993897573843775,0.061843462892934714,0.449619258167527,0.061843462892934714,0,1,True
upgrade/class_c_protein_oracle.csv,Control | SLIRP,energy_rho_partial_magmatch,0.3712954648214782,0.5381747698027565,0.1668793049812783,0.4494515037007392,0.1668793049812783,0,1,True
upgrade/oracle_shape_test.csv,Co-culture | HASPIN,energy_vs_oracleDIST,0.4770406131808361,0.2627457839342688,-0.21429482924656734,-0.44921715955729885,0.21429482924656734,0,1,True
upgrade/class_c_protein_oracle.csv,Co-culture | HLA-H,energy_rho_partial_magmatch,0.2257659111271471,0.1243509902592795,-0.10141492086786762,-0.4492038694484423,0.10141492086786762,0,1,True
upgrade/class_c_protein_oracle.csv,IFNγ | FKBP4,energy_rho_partial_magmatch,0.2937788000467818,0.1625111431653087,-0.1312676568814731,-0.4468248112544875,0.1312676568814731,0,1,True
upgrade/oracle_shape_test.csv,Control | IRF4,energy_vs_oracleDIST,0.4573365256368759,0.253030097891403,-0.20430642774547286,-0.44673105315819817,0.20430642774547286,0,1,True
upgrade/class_c_protein_oracle.csv,Co-culture | PIK3IP1,energy_rho_partial_magmatch,0.1751690683043478,0.253395989619319,0.07822692131497117,0.44657953639997483,0.07822692131497117,0,1,True
upgrade/oracle_shape_test.csv,Control | TP53,mean_vs_oracleDIST,0.195728425817356,0.1084103097918769,-0.0873181160254791,-0.4461187262955868,0.0873181160254791,0,1,True
upgrade/oracle_shape_test.csv,IFNγ | NCL,energy_vs_oracleDIST,0.3369750367107195,0.1867805023845724,-0.1501945343261471,-0.4457141270529292,0.1501945343261471,0,1,True
upgrade/oracle_shape_test.csv,IFNγ | PIK3IP1,magmatch_vs_oracleDIST,-0.2931072212909179,-0.1624768787381648,0.13063034255275308,0.445674255234737,0.13063034255275308,0,1,True
upgrade/oracle_shape_test.csv,Control | KCNN4,mean_vs_oracleDIST,0.3873875462378132,0.2149704090590219,-0.17241713717879129,-0.4450766134669342,0.17241713717879129,0,1,True
upgrade/class_c_protein_oracle.csv,Co-culture | RAB27A,energy_rho,0.0822305838582843,0.1187923105123217,0.036561726654037396,0.4446244321583276,0.036561726654037396,0,1,True
exp13_real_data_projection/projection.csv,frangieh | Co-culture:EEA1:s2,structure_reliability_score,0.3450311571610885,0.4984290226363926,0.1533978654753041,0.444591342815123,0.1533978654753041,0,1,True
upgrade/oracle_shape_test.csv,Control | GRN,energy_vs_oracleMEAN,0.070242432867796,0.0390236560724282,-0.031218776795367796,-0.444443273400353,0.031218776795367796,0,1,True
upgrade/class_c_protein_oracle.csv,Co-culture | LEF1-AS1,energy_rho_partial_magmatch,0.4064258986522604,0.2258527835966244,-0.18057311505563603,-0.44429529627523834,0.18057311505563603,0,1,True
upgrade/oracle_shape_test.csv,IFNγ | GRN,energy_vs_oracleMEAN,0.2427897547853885,0.1349285927774095,-0.10786116200797899,-0.44425746919725567,0.10786116200797899,0,1,True
upgrade/oracle_shape_test.csv,IFNγ | CYP27A1,magmatch_vs_oracleDIST,0.4239008225800164,0.2361535576660008,-0.18774726491401558,-0.442903752277046,0.18774726491401558,0,1,True
upgrade/class_c_protein_oracle.csv,Co-culture | SINHCAF,energy_rho,0.1742991853099812,0.0971170502279244,-0.0771821350820568,-0.4428140897204583,0.0771821350820568,0,1,True
upgrade/class_c_protein_oracle.csv,Control | CCND2,energy_rho,0.3607323994040249,0.2010736244128273,-0.1596587749911976,-0.4425961606303562,0.1596587749911976,0,1,True
upgrade/oracle_shape_test.csv,Co-culture | HLA-A,magmatch_vs_oracleDIST,0.5077933292368139,0.2831086907797615,-0.2246846384570524,-0.44247260749711176,0.2246846384570524,0,1,True
upgrade/oracle_shape_test.csv,Control | C1QBP,mean_vs_oracleDIST,0.2411923027029205,0.1344860722953477,-0.1067062304075728,-0.4424114252891568,0.1067062304075728,0,1,True
upgrade/oracle_shape_test.csv,Control | CDKN2A,energy_vs_oracleMEAN,0.3693988389692658,0.2060824213815487,-0.1633164175877171,-0.44211405223529987,0.1633164175877171,0,1,True
exp12_partial_observed_retrieval/recommendation_vs_outcome.csv,DART_recommended | DART_coverage_worst,mean_ndcg_gain,-0.0338804019516924,-0.0189141766916405,0.014966225260051903,0.4417369451930102,0.014966225260051903,0,1,True
upgrade/oracle_shape_test.csv,Control | CDKN2B,magmatch_vs_oracleDIST,-0.0678721348928768,-0.0978472102398887,-0.029975075347011895,-0.44164037854889676,0.029975075347011895,0,1,True
upgrade/oracle_shape_test.csv,Control | CD47,magmatch_vs_oracleDIST,0.3785864610897073,0.2114590430898005,-0.16712741799990677,-0.4414511219414827,0.16712741799990677,0,1,True
upgrade/oracle_shape_test.csv,Co-culture | AHNAK,magmatch_vs_oracleDIST,0.489085632509763,0.2734936458580075,-0.2155919866517555,-0.44080621535626874,0.2155919866517555,0,1,True
upgrade/oracle_shape_test.csv,Co-culture | S100B,mean_vs_oracleDIST,0.2531631714011197,0.1416884185677741,-0.11147475283334563,-0.44032768358997015,0.11147475283334563,0,1,True
upgrade/oracle_shape_test.csv,Control | CYP27A1,energy_vs_oracleDIST,0.6528180978925507,0.365389871195338,-0.28742822669721274,-0.44028838603754733,0.28742822669721274,0,1,True
upgrade/oracle_shape_test.csv,Co-culture | DNMT1,energy_vs_oracleMEAN,0.2356102993683213,0.3393070704344607,0.10369677106613936,0.4401198561529513,0.10369677106613936,0,1,True
upgrade/oracle_shape_test.csv,Control | CMSS1,mean_vs_oracleDIST,0.2009929558572934,0.1127856290924479,-0.08820732676484551,-0.43885780170063976,0.08820732676484551,0,1,True
upgrade/oracle_shape_test.csv,Control | JAK2,mean_vs_oracleDIST,0.3165695415450765,0.1777270076688333,-0.1388425338762432,-0.4385846256673855,0.1388425338762432,0,1,True
upgrade/class_c_protein_oracle.csv,IFNγ | HLA-DRB5,energy_rho,0.2594992422645708,0.1458703364391251,-0.11362890582544569,-0.43787760162164974,0.11362890582544569,0,1,True
upgrade/oracle_shape_test.csv,Control | NSG1,energy_vs_oracleDIST,0.4970423218600164,0.2797261058114334,-0.21731621604858298,-0.4372187366970059,0.21731621604858298,0,1,True
upgrade/oracle_shape_test.csv,Control | CCR10,mean_vs_oracleDIST,0.302085786650512,0.1702445739446065,-0.13184121270590551,-0.4364363321020289,0.13184121270590551,0,1,True
upgrade/class_c_protein_oracle.csv,Co-culture | CD58,energy_rho_partial_magmatch,0.1566050007268329,0.0883151316204785,-0.0682898691063544,-0.4360644218856897,0.0682898691063544,0,1,True
upgrade/oracle_shape_test.csv,Co-culture | NMRK1,magmatch_vs_oracleDIST,0.4308579119680726,0.2430766985450019,-0.1877812134230707,-0.43583095077753997,0.1877812134230707,0,1,True
upgrade/class_c_protein_oracle.csv,Control | NDUFA13,energy_rho_partial_magmatch,0.3758849259376342,0.5396634479145281,0.16377852197689396,0.43571452504607133,0.16377852197689396,0,1,True
upgrade/oracle_shape_test.csv,IFNγ | SEC11C,magmatch_vs_oracleDIST,0.3319901758216054,0.187517575663067,-0.14447260015853838,-0.4351713113226899,0.14447260015853838,0,1,True
upgrade/class_c_protein_oracle.csv,Co-culture | IDI2-AS1,energy_rho,0.364296225854521,0.5227157028938377,0.15841947703931675,0.4348644476557943,0.15841947703931675,0,1,True
upgrade/oracle_shape_test.csv,Control | CDKN2A,energy_vs_oracleDIST,0.635325700392132,0.3594452344038297,-0.2758804659883023,-0.43423470169398937,0.2758804659883023,0,1,True
upgrade/oracle_shape_test.csv,Control | CD274,energy_vs_oracleDIST,0.3514489422450827,0.1992399172536659,-0.1522090249914168,-0.4330900073822784,0.1522090249914168,0,1,True
upgrade/oracle_shape_test.csv,Co-culture | RAB27A,energy_vs_oracleMEAN,0.0761252087473684,0.1090846016231252,0.03295939287575679,0.43296292277026005,0.03295939287575679,0,1,True
upgrade/oracle_shape_test.csv,Control | TAPBPL,mean_vs_oracleDIST,0.326284992436961,0.1851515646710972,-0.14113342776586382,-0.4325464886134201,0.14113342776586382,0,1,True
upgrade/class_c_protein_oracle.csv,IFNγ | BOLA2B,energy_rho,0.2662607045859161,0.151091783863825,-0.11516892072209112,-0.43254193629961196,0.11516892072209112,0,1,True
upgrade/class_c_magnitude_control_v2.csv,K562 | Obatoclax Mesylate (GX15-070),energy_rho,-0.3185160427807487,-0.1808155080213904,0.13770053475935828,0.43231899265477436,0.13770053475935828,0,1,True
upgrade/oracle_shape_test.csv,Co-culture | SLC7A5P1,magmatch_vs_oracleDIST,0.4258806986168165,0.2417736115028416,-0.1841070871139749,-0.4322973257814252,0.1841070871139749,0,1,True
upgrade/class_c_protein_oracle.csv,Control | C6orf226,energy_rho_partial_magmatch,0.2137588114756679,0.1214658063736078,-0.0922930051020601,-0.4317623421692995,0.0922930051020601,0,1,True
upgrade/oracle_shape_test.csv,IFNγ | JPT1,mean_vs_oracleDIST,0.3518880355541695,0.2002485153921332,-0.15163952016203627,-0.4309311623034508,0.15163952016203627,0,1,True
upgrade/oracle_shape_test.csv,IFNγ | NPC2,magmatch_vs_oracleDIST,0.4001543799462009,0.227821657375281,-0.1723327225709199,-0.4306655911003381,0.1723327225709199,0,1,True
upgrade/oracle_shape_test.csv,Control | RB1,mean_vs_oracleDIST,0.30734527886266,0.1750821480793911,-0.1322631307832689,-0.4303405319018154,0.1322631307832689,0,1,True
upgrade/oracle_shape_test.csv,IFNγ | CTSD,mean_vs_oracleDIST,0.3517144230894182,0.2004044026873546,-0.1513100204020636,-0.4302070386337135,0.1513100204020636,0,1,True
upgrade/oracle_shape_test.csv,IFNγ | CCT3,energy_vs_oracleDIST,0.4389271373435733,0.2502145465413954,-0.1887125908021779,-0.4299405863676681,0.1887125908021779,0,1,True
upgrade/oracle_shape_test.csv,IFNγ | PSMB8-AS1,mean_vs_oracleDIST,0.3479167803724351,0.1984177355008901,-0.14949904487154503,-0.42969771308963745,0.14949904487154503,0,1,True
upgrade/oracle_shape_test.csv,Control | EEA1,mean_vs_oracleDIST,0.2606861773340571,0.1488137013845603,-0.11187247594949679,-0.42914617527318094,0.11187247594949679,0,1,True
upgrade/oracle_shape_test.csv,Co-culture | FRZB,mean_vs_oracleDIST,0.0895863913658044,0.128029207691001,0.03844281632519661,0.4291144641402582,0.03844281632519661,0,1,True
upgrade/oracle_shape_test.csv,Co-culture | CGAS,magmatch_vs_oracleDIST,0.528440019482599,0.3019160012718129,-0.2265240182107861,-0.42866552467502,0.2265240182107861,0,1,True
upgrade/oracle_shape_test.csv,Control | APOC2,energy_vs_oracleMEAN,0.3099738631114859,0.1774952675905203,-0.13247859552096558,-0.427386342161752,0.13247859552096558,0,1,True
upgrade/oracle_shape_test.csv,Control | CTSB,energy_vs_oracleDIST,0.592829277354635,0.3396139322431009,-0.2532153451115341,-0.42713029667065305,0.2532153451115341,0,1,True
upgrade/class_c_protein_oracle.csv,IFNγ | CDKN2B,energy_rho_partial_magmatch,-0.1575075695554429,-0.0903122685275427,0.0671953010279002,0.4266163284568196,0.0671953010279002,0,1,True
upgrade/class_c_protein_oracle.csv,Co-culture | FBXO32,energy_rho,0.2178107095222071,0.3105974567215835,0.09278674719937641,0.4259971761852979,0.09278674719937641,0,1,True
upgrade/class_c_protein_oracle.csv,Control | PAICS,energy_rho_partial_magmatch,-0.1318374343350634,-0.1879059387173438,-0.05606850438228039,-0.42528516020558244,0.05606850438228039,0,1,True
upgrade/oracle_shape_test.csv,IFNγ | TP53,mean_vs_oracleDIST,0.2950227528550651,0.1696500461320546,-0.12537270672301049,-0.4249594497703096,0.12537270672301049,0,1,True
upgrade/class_c_protein_oracle.csv,Co-culture | SLC22A18,energy_rho,0.234871951390795,0.334672713762742,0.09980076237194699,0.42491562649765735,0.09980076237194699,0,1,True
upgrade/oracle_shape_test.csv,IFNγ | CGAS,mean_vs_oracleDIST,0.3733151404103803,0.2147321092095175,-0.15858303120086278,-0.42479667721629133,0.15858303120086278,0,1,True
upgrade/oracle_shape_test.csv,Control | ACSL3,energy_vs_oracleDIST,0.6061841855028949,0.3487297746957467,-0.2574544108071482,-0.4247131762329994,0.2574544108071482,0,1,True
upgrade/oracle_shape_test.csv,Co-culture | SSR2,energy_vs_oracleMEAN,0.2272473763066343,0.1308027189924646,-0.09644465731416971,-0.4244038319898265,0.09644465731416971,0,1,True
upgrade/oracle_shape_test.csv,Control | AHNAK,magmatch_vs_oracleDIST,0.5491635316684151,0.3161690342358181,-0.23299449743259704,-0.42427161309261713,0.23299449743259704,0,1,True
upgrade/oracle_shape_test.csv,Co-culture | AEBP1,magmatch_vs_oracleDIST,0.4835617017505961,0.2786608203425207,-0.20490088140807539,-0.42373265017947176,0.20490088140807539,0,1,True
upgrade/class_c_protein_oracle.csv,IFNγ | GSN,energy_rho,0.2950294335503489,0.1701277845250494,-0.12490164902529949,-0.4233531804682943,0.12490164902529949,0,1,True
upgrade/oracle_shape_test.csv,Control | RNASEH2A,magmatch_vs_oracleDIST,-0.466573382888766,-0.2692920466553231,0.1972813362334429,0.4228302416481311,0.1972813362334429,0,1,True
upgrade/oracle_shape_test.csv,IFNγ | RBP7,mean_vs_oracleDIST,0.3777604511844892,0.2182012397177498,-0.1595592114667394,-0.4223819909321701,0.1595592114667394,0,1,True
upgrade/class_c_protein_oracle.csv,IFNγ | CDH19,energy_rho_partial_magmatch,0.2282998713500448,0.1319397554351357,-0.09636011591490909,-0.42207696108230935,0.09636011591490909,0,1,True
upgrade/class_c_protein_oracle.csv,Co-culture | IDI2-AS1,energy_rho_partial_magmatch,0.366949890222156,0.5218226539076105,0.1548727636854545,0.42205425812143615,0.1548727636854545,0,1,True
upgrade/oracle_shape_test.csv,IFNγ | PYGB,mean_vs_oracleDIST,0.3525367432068925,0.2038465037100567,-0.1486902394968358,-0.42177231838093615,0.1486902394968358,0,1,True
upgrade/oracle_shape_test.csv,IFNγ | HLA-F,energy_vs_oracleDIST,0.4802541811235429,0.278286818782076,-0.2019673623414669,-0.42054264237527134,0.2019673623414669,0,1,True
exp03_crossline_semireal/per_query_scores.csv,<column mean>,global_energy,-0.5630172184788903,-0.32627509796773435,0.23674212051115595,0.4204882421727078,0.2755851745605469,3558,96750,False
upgrade/oracle_shape_test.csv,Control | FGFR1,mean_vs_oracleDIST,0.2516646872201644,0.1459143846356328,-0.10575030258453158,-0.4202031828645781,0.10575030258453158,0,1,True
upgrade/oracle_shape_test.csv,IFNγ | TSC22D3,mean_vs_oracleDIST,0.358769731854451,0.2080408062169982,-0.1507289256374528,-0.42012720766143646,0.1507289256374528,0,1,True
upgrade/oracle_shape_test.csv,Co-culture | FSTL3,magmatch_vs_oracleDIST,0.5094473810556626,0.2955072151950542,-0.21394016586060838,-0.41994556026038954,0.21394016586060838,0,1,True
upgrade/oracle_shape_test.csv,IFNγ | CMSS1,energy_vs_oracleDIST,0.4851964185931672,0.2814768187015074,-0.20371959989165978,-0.4198703701942961,0.20371959989165978,0,1,True
upgrade/oracle_shape_test.csv,Control | STX7,magmatch_vs_oracleDIST,0.3746495166360332,0.217379750199309,-0.1572697664367242,-0.4197783780661049,0.1572697664367242,0,1,True
upgrade/class_c_protein_oracle.csv,Co-culture | MT2A,energy_rho_partial_magmatch,0.3056538340585253,0.17738605372541,-0.1282677803331153,-0.4196504870557427,0.1282677803331153,0,1,True
upgrade/oracle_shape_test.csv,Co-culture | NT5E,magmatch_vs_oracleDIST,0.498926545852158,0.2895951685007375,-0.2093313773514205,-0.41956351910256867,0.2093313773514205,0,1,True
upgrade/class_c_protein_oracle.csv,IFNγ | ATP5MD,energy_rho_partial_magmatch,0.2280430912375086,0.3236339064104063,0.09559081517289769,0.41917873790501786,0.09559081517289769,0,1,True
upgrade/oracle_shape_test.csv,Control | ATP5MD,mean_vs_oracleDIST,0.3441277190101172,0.2000269523786733,-0.1441007666314439,-0.41874210844145165,0.1441007666314439,0,1,True
upgrade/oracle_shape_test.csv,Control | RTP4,magmatch_vs_oracleDIST,0.3802514631741086,0.221049807743897,-0.15920165543021159,-0.41867466886594656,0.15920165543021159,0,1,True
upgrade/oracle_shape_test.csv,Co-culture | MYC,magmatch_vs_oracleDIST,-0.2405099066468442,-0.1398258728221796,0.10068403382466462,0.4186273872390018,0.10068403382466462,0,1,True
upgrade/oracle_shape_test.csv,Control | CDKN2B,mean_vs_oracleDIST,0.2911411057780106,0.1693289487438806,-0.12181215703413001,-0.4183955979304736,0.12181215703413001,0,1,True
upgrade/oracle_shape_test.csv,Control | CTSA,magmatch_vs_oracleDIST,0.4637055994196422,0.2698134618315275,-0.1938921375881147,-0.41813628696911004,0.1938921375881147,0,1,True
upgrade/class_c_protein_oracle.csv,Control | CORO1A,energy_rho,0.4138726663837087,0.2408333574729248,-0.17303930891078387,-0.4180979392109844,0.17303930891078387,0,1,True
upgrade/oracle_shape_test.csv,IFNγ | HLA-A,mean_vs_oracleDIST,0.2772762595350408,0.161368627603862,-0.11590763193117881,-0.41802219968468296,0.11590763193117881,0,1,True
exp12_partial_observed_retrieval/recommendation_vs_outcome.csv,DART_recommended | DART_coverage_mean,mean_regret_reduction,0.2194068742835003,0.1277109781901041,-0.0916958960933962,-0.4179262677746094,0.0916958960933962,0,1,True
upgrade/oracle_shape_test.csv,Co-culture | SINHCAF,energy_vs_oracleMEAN,0.1810068982532262,0.1054127919132155,-0.0755941063400107,-0.4176310796412608,0.0755941063400107,0,1,True
upgrade/oracle_shape_test.csv,Control | SLC25A13,mean_vs_oracleDIST,0.3631757458818906,0.2115207564802208,-0.1516549894016698,-0.41758016916413226,0.1516549894016698,0,1,True
upgrade/oracle_shape_test.csv,Co-culture | CITED1,magmatch_vs_oracleDIST,0.4998450774294319,0.2911878304411557,-0.2086572469882762,-0.41744383692111964,0.2086572469882762,0,1,True
upgrade/oracle_shape_test.csv,IFNγ | SERPINA3,mean_vs_oracleDIST,0.4438912063207412,0.258659181578366,-0.1852320247423752,-0.41729149418772815,0.1852320247423752,0,1,True
exp08_signature_baselines/flip_vs_dart.csv,K562+MCF7 | cmap_wtcs,mean_delta_rank,-0.0666666666666666,-0.0388888888888888,0.027777777777777797,0.4166666666666674,0.027777777777777797,0,1,True
upgrade/oracle_shape_test.csv,Control | FRZB,energy_vs_oracleDIST,0.6313405785693325,0.3682904005450929,-0.2630501780242396,-0.4166533673795086,0.2630501780242396,0,1,True
upgrade/oracle_shape_test.csv,Control | SP100,energy_vs_oracleDIST,0.3143017723719053,0.4451777282671257,0.13087595589522039,0.41640222041242003,0.13087595589522039,0,1,True
upgrade/class_c_protein_oracle.csv,Co-culture | ISYNA1,energy_rho,0.0640545651930319,0.0373852993163774,-0.026669265876654503,-0.4163523051992504,0.026669265876654503,0,1,True
upgrade/oracle_shape_test.csv,Co-culture | GSEC,energy_vs_oracleDIST,0.4602273105694772,0.2686156226906388,-0.19161168787883837,-0.41634141103391153,0.19161168787883837,0,1,True
upgrade/oracle_shape_test.csv,Co-culture | PAICS,energy_vs_oracleDIST,0.4265827516978684,0.2489979260645786,-0.1775848256332898,-0.4162963104496688,0.1775848256332898,0,1,True
upgrade/oracle_shape_test.csv,IFNγ | MIA,mean_vs_oracleDIST,0.4246420542409003,0.2481156030304211,-0.1765264512104792,-0.4157064743058524,0.1765264512104792,0,1,True
upgrade/oracle_shape_test.csv,Control | IDH2,magmatch_vs_oracleDIST,0.4937449070709692,0.2885579595789888,-0.2051869474919804,-0.41557278779685225,0.2051869474919804,0,1,True
upgrade/oracle_shape_test.csv,Control | WNT7A,energy_vs_oracleDIST,0.247194874514007,0.3498810285106681,0.10268615399666109,0.4154056761838017,0.10268615399666109,0,1,True
upgrade/class_c_protein_oracle.csv,Co-culture | BOLA2,energy_rho_partial_magmatch,0.2447214839671065,0.1431015440712724,-0.1016199398958341,-0.4152473180879086,0.1016199398958341,0,1,True
upgrade/class_c_protein_oracle.csv,Control | CKS1B,energy_rho,-0.3643369651873505,-0.2130938853031194,0.15124307988423108,0.415118679507193,0.15124307988423108,0,1,True
upgrade/oracle_shape_test.csv,Control | HLA-C,mean_vs_oracleDIST,0.2392477011762068,0.1399848613274928,-0.09926283984871401,-0.41489568911513414,0.09926283984871401,0,1,True
upgrade/oracle_shape_test.csv,Control | EMP1,mean_vs_oracleDIST,0.227941556159815,0.1334609163622782,-0.09448063979753682,-0.4144950196413255,0.09448063979753682,0,1,True
exp08_signature_baselines/divergence_stratified.csv,high(<0.3) | crossline | coverage_worst | hit@1,hit@1_mean,0.600925925925926,0.85,0.249074074074074,0.41448382126348216,0.249074074074074,0,1,True
exp08_signature_baselines/summary_by_task.csv,crossline | coverage_worst,hit@1,0.600925925925926,0.85,0.249074074074074,0.41448382126348216,0.249074074074074,0,1,True
upgrade/oracle_shape_test.csv,IFNγ | SLC26A2,mean_vs_oracleDIST,0.3395958572115447,0.1989063454316271,-0.14068951177991762,-0.41428512389736777,0.14068951177991762,0,1,True
exp12_partial_observed_retrieval/recommendation_vs_outcome.csv,mean_or_no_call | DART_coverage_worst,mean_regret_reduction,0.2121508892317463,0.1242735179390494,-0.0878773712926969,-0.4142210839225034,0.0878773712926969,0,1,True
upgrade/class_c_protein_oracle.csv,Co-culture | EEA1,energy_rho_partial_magmatch,0.2929496041221566,0.171603822156997,-0.1213457819651596,-0.4142206722851888,0.1213457819651596,0,1,True
upgrade/class_c_protein_oracle.csv,IFNγ | CGAS,energy_rho,0.1162709705924395,0.1644115239171962,0.04814055332475671,0.4140375975143622,0.04814055332475671,0,1,True
upgrade/oracle_shape_test.csv,Co-culture | S100A6,magmatch_vs_oracleDIST,0.4887775248180165,0.2864503851056572,-0.20232713971235933,-0.4139452602443014,0.20232713971235933,0,1,True
upgrade/class_c_protein_oracle.csv,IFNγ | HLA-A,energy_rho,0.198004547712129,0.1161171406227582,-0.0818874070893708,-0.41356326425604967,0.0818874070893708,0,1,True
exp12_partial_observed_retrieval/recommendation_vs_outcome.csv,DART_recommended | DART_coverage_mean,mean_ndcg_gain,-0.01971077479332,-0.0278540985950314,-0.0081433238017114,-0.41314072567412113,0.0081433238017114,0,1,True
upgrade/oracle_shape_test.csv,Co-culture | IDI2-AS1,energy_vs_oracleMEAN,0.3629896639135815,0.5129164883367918,0.14992682442321031,0.4130333156232901,0.14992682442321031,0,1,True
upgrade/oracle_shape_test.csv,Control | CDK6,energy_vs_oracleDIST,0.3238240135618324,0.1901830368781588,-0.13364097668367358,-0.41269631369742626,0.13364097668367358,0,1,True
upgrade/oracle_shape_test.csv,IFNγ | GPATCH4,energy_vs_oracleMEAN,0.3313830519927748,0.1948031122381551,-0.13657993975461968,-0.4121512519523707,0.13657993975461968,0,1,True
upgrade/oracle_shape_test.csv,Co-culture | PUF60,magmatch_vs_oracleDIST,-0.2514488880034332,-0.1478702634957829,0.10357862450765029,0.41192715279073366,0.10357862450765029,0,1,True
upgrade/oracle_shape_test.csv,Control | SAT1,magmatch_vs_oracleDIST,0.3850872693737004,0.2265178114032009,-0.1585694579704995,-0.4117753833524392,0.1585694579704995,0,1,True
upgrade/oracle_shape_test.csv,IFNγ | CMSS1,mean_vs_oracleDIST,0.2520224032851221,0.1482588458562668,-0.10376355742885529,-0.41172354551140367,0.10376355742885529,0,1,True
upgrade/class_c_protein_oracle.csv,Control | APOE,energy_rho,0.4590241979463295,0.2700628343071035,-0.188961363639226,-0.4116588286295964,0.188961363639226,0,1,True
upgrade/oracle_shape_test.csv,Co-culture | TIMP3,magmatch_vs_oracleDIST,0.4761578507519391,0.2802395826878225,-0.1959182680641166,-0.4114565532306699,0.1959182680641166,0,1,True
upgrade/class_c_protein_oracle.csv,Co-culture | PIK3IP1,energy_rho,0.1880505180784504,0.2653971317027178,0.07734661362426737,0.41130763379232016,0.07734661362426737,0,1,True
upgrade/oracle_shape_test.csv,IFNγ | NUP50-AS1,mean_vs_oracleDIST,0.4151806947097579,0.2445102854989409,-0.17067040921081697,-0.41107501236329946,0.17067040921081697,0,1,True
upgrade/oracle_shape_test.csv,Co-culture | RAB27A,magmatch_vs_oracleDIST,0.521401032855747,0.3071920559180711,-0.21420897693767593,-0.4108334342270854,0.21420897693767593,0,1,True
upgrade/oracle_shape_test.csv,Control | C19orf48,energy_vs_oracleDIST,0.6392411520000806,0.376946137102656,-0.26229501489742457,-0.41032248014187844,0.26229501489742457,0,1,True
upgrade/class_c_protein_oracle.csv,IFNγ | DDR1,energy_rho_partial_magmatch,0.291824360323834,0.172208490897041,-0.11961586942679303,-0.4098899395994794,0.11961586942679303,0,1,True
upgrade/oracle_shape_test.csv,Co-culture | NT5E,mean_vs_oracleDIST,0.3344665364351823,0.1975277253486337,-0.13693881108654862,-0.40942454975039505,0.13693881108654862,0,1,True
upgrade/oracle_shape_test.csv,IFNγ | PSAP,energy_vs_oracleDIST,0.4321610417166576,0.2552711395267241,-0.1768899021899335,-0.40931478109937947,0.1768899021899335,0,1,True
upgrade/oracle_shape_test.csv,IFNγ | FRZB,mean_vs_oracleDIST,0.388326900835575,0.229560900809585,-0.15876600002598998,-0.4088462573269281,0.15876600002598998,0,1,True
upgrade/class_c_protein_oracle.csv,Co-culture | TPRKB,energy_rho,0.2116589803836172,0.2981109871087046,0.0864520067250874,0.4084495095289562,0.0864520067250874,0,1,True
upgrade/class_c_protein_oracle.csv,IFNγ | ITGA3,energy_rho_partial_magmatch,0.1775478538848388,0.1050350213766844,-0.07251283250815439,-0.4084128921951809,0.07251283250815439,0,1,True
exp12_partial_observed_retrieval/summary.csv,leave_drug_out | mean_sufficient | DART_coverage_worst,decision_regret,0.2476704337380149,0.3487971912730824,0.1011267575350675,0.4083117875993188,0.1011267575350675,0,1,True
upgrade/class_c_protein_oracle.csv,Co-culture | IDH2,energy_rho,-0.1056462198737091,-0.0625221162828544,0.04312410359085471,0.4081935316039309,0.04312410359085471,0,1,True
upgrade/oracle_shape_test.csv,IFNγ | ACTA2,energy_vs_oracleMEAN,0.2911777318623055,0.1724018556781412,-0.1187758761841643,-0.40791538358548657,0.1187758761841643,0,1,True
upgrade/oracle_shape_test.csv,IFNγ | TPP1,magmatch_vs_oracleDIST,0.4692864475718945,0.278138084285213,-0.1911483632866815,-0.4073170326475231,0.1911483632866815,0,1,True
upgrade/oracle_shape_test.csv,Control | CITED1,magmatch_vs_oracleDIST,0.1878127389032397,0.1114203777615167,-0.07639236114172301,-0.4067474953393871,0.07639236114172301,0,1,True
upgrade/oracle_shape_test.csv,IFNγ | KCNN4,magmatch_vs_oracleDIST,0.4530687562538172,0.2690260288747677,-0.18404272737904953,-0.4062136813423204,0.18404272737904953,0,1,True
upgrade/oracle_shape_test.csv,IFNγ | NSG1,mean_vs_oracleDIST,0.3750138396163892,0.2228014502358582,-0.15221238938053097,-0.405884725577682,0.15221238938053097,0,1,True
upgrade/oracle_shape_test.csv,IFNγ | WNT7A,energy_vs_oracleMEAN,0.2487164892856679,0.1477665588086234,-0.10094993047704448,-0.4058835454254767,0.10094993047704448,0,1,True
upgrade/oracle_shape_test.csv,IFNγ | PFDN4,mean_vs_oracleDIST,0.3887073928241913,0.2310017803074604,-0.1577056125167309,-0.4057180682129698,0.1577056125167309,0,1,True
upgrade/oracle_shape_test.csv,Control | BOLA2,energy_vs_oracleDIST,0.6532853564200188,0.3882867984982235,-0.26499855792179533,-0.40563982541102445,0.26499855792179533,0,1,True
upgrade/class_c_protein_oracle.csv,Co-culture | STOM,energy_rho,0.2275462176016364,0.3196669425350197,0.0921207249333833,0.404844017643301,0.0921207249333833,0,1,True
upgrade/class_c_protein_oracle.csv,Control | CDKN2A,energy_rho,0.375478121343639,0.2235284190162885,-0.1519497023273505,-0.4046832390222959,0.1519497023273505,0,1,True
upgrade/oracle_shape_test.csv,Control | FKBP4,magmatch_vs_oracleDIST,0.3236162031655191,0.1927435128521284,-0.1308726903133907,-0.40440710024168225,0.1308726903133907,0,1,True
upgrade/class_c_protein_oracle.csv,Co-culture | TIMM50,energy_rho_partial_magmatch,0.3139773749340492,0.4408690953506434,0.1268917204165942,0.40414287954107436,0.1268917204165942,0,1,True
upgrade/oracle_shape_test.csv,IFNγ | SNHG6,mean_vs_oracleDIST,0.4182547788910114,0.2493298506880823,-0.16892492820292912,-0.4038804497364691,0.16892492820292912,0,1,True
upgrade/oracle_shape_test.csv,Control | IFNGR2,energy_vs_oracleDIST,0.5907482811561311,0.3523193379284809,-0.23842894322765018,-0.40360497158117825,0.23842894322765018,0,1,True
upgrade/oracle_shape_test.csv,IFNγ | CD47,energy_vs_oracleMEAN,0.0138962779609059,0.0194898184606188,0.005593540499712899,0.40252076962256267,0.005593540499712899,0,1,True
upgrade/oracle_shape_test.csv,Control | AHNAK,energy_vs_oracleDIST,0.650143011336372,0.3886836498192398,-0.26145936151713217,-0.4021566900791585,0.26145936151713217,0,1,True
upgrade/oracle_shape_test.csv,Co-culture | GRN,mean_vs_oracleDIST,0.2688500227895445,0.1607922537556416,-0.1080577690339029,-0.4019258317805329,0.1080577690339029,0,1,True
upgrade/oracle_shape_test.csv,Co-culture | FOS,magmatch_vs_oracleDIST,0.4194173868877011,0.2511048730243028,-0.1683125138633983,-0.40130075463100423,0.1683125138633983,0,1,True
upgrade/class_c_protein_oracle.csv,IFNγ | NOLC1,energy_rho,-0.2627707821657375,-0.1573433134510675,0.10542746871467001,0.4012145789031206,0.10542746871467001,0,1,True
upgrade/oracle_shape_test.csv,IFNγ | STX7,mean_vs_oracleDIST,0.4183275505828233,0.2506989980897431,-0.16762855249308017,-0.40071124232562816,0.16762855249308017,0,1,True
upgrade/class_c_protein_oracle.csv,Co-culture | AEBP1,energy_rho,0.2097454694559292,0.1257038841839403,-0.0840415852719889,-0.40068367383566944,0.0840415852719889,0,1,True
upgrade/oracle_shape_test.csv,Co-culture | CD44,energy_vs_oracleDIST,0.4138494407439989,0.2480481203982929,-0.16580132034570597,-0.4006319787399887,0.16580132034570597,0,1,True
upgrade/oracle_shape_test.csv,Control | EEA1,magmatch_vs_oracleDIST,0.304775986690059,0.1828228280422046,-0.12195315864785441,-0.4001403127992308,0.12195315864785441,0,1,True
exp08_signature_baselines/summary_by_task.csv,crossline | coverage_worst,rank,4.08425925925926,2.45,-1.6342592592592595,-0.4001360235774201,1.6342592592592595,0,1,True
upgrade/oracle_shape_test.csv,Co-culture | GSN,magmatch_vs_oracleDIST,0.4650763985454073,0.2790048353216511,-0.18607156322375618,-0.4000881657416319,0.18607156322375618,0,1,True
upgrade/oracle_shape_test.csv,IFNγ | CGAS,energy_vs_oracleMEAN,0.1397772666432757,0.1956399360648707,0.05586266942159501,0.3996548992774457,0.05586266942159501,0,1,True
upgrade/class_c_protein_oracle.csv,IFNγ | RPSA,energy_rho_partial_magmatch,-0.1401941444777981,-0.0841838524813847,0.0560102919964134,0.39951948210849486,0.0560102919964134,0,1,True
upgrade/oracle_shape_test.csv,Control | CSPG4,energy_vs_oracleDIST,0.6532148268309671,0.3924236084019853,-0.2607912184289818,-0.3992426499168656,0.2607912184289818,0,1,True
upgrade/class_c_protein_oracle.csv,Control | APOD,energy_rho_partial_magmatch,0.4092781674397633,0.2459870553014951,-0.16329111213826822,-0.39897342474858755,0.16329111213826822,0,1,True
upgrade/oracle_shape_test.csv,Control | ENPP1,energy_vs_oracleDIST,0.504014677715911,0.3029435722177714,-0.2010711054981396,-0.39893898806549,0.2010711054981396,0,1,True
upgrade/oracle_shape_test.csv,IFNγ | CD59,energy_vs_oracleDIST,0.3181354852962198,0.191387990071862,-0.12674749522435783,-0.3984072858340266,0.12674749522435783,0,1,True
upgrade/oracle_shape_test.csv,IFNγ | FBL,mean_vs_oracleDIST,0.3818450222863306,0.2298769378711681,-0.1519680844151625,-0.3979836728137511,0.1519680844151625,0,1,True
upgrade/oracle_shape_test.csv,IFNγ | PET100,mean_vs_oracleDIST,0.1729788312346497,0.2418104557327199,0.0688316244980702,0.3979193523668717,0.0688316244980702,0,1,True
upgrade/oracle_shape_test.csv,Control | JAK2,magmatch_vs_oracleDIST,0.3598684119381405,0.2168243296855261,-0.14304408225261442,-0.3974899644073316,0.14304408225261442,0,1,True
upgrade/oracle_shape_test.csv,Control | SERPINE2,mean_vs_oracleDIST,0.0636768838012425,0.0383668369872278,-0.025310046814014706,-0.39747621590616905,0.025310046814014706,0,1,True
upgrade/oracle_shape_test.csv,Co-culture | LINC00518,mean_vs_oracleDIST,0.25744656329615,0.1551693333144209,-0.10227722998172911,-0.39727556923755064,0.10227722998172911,0,1,True
upgrade/oracle_shape_test.csv,Co-culture | SLIRP,energy_vs_oracleDIST,0.4266648674412988,0.2572901928510907,-0.16937467459020805,-0.3969735675823154,0.16937467459020805,0,1,True
upgrade/oracle_shape_test.csv,Control | TIMP1,mean_vs_oracleDIST,0.336348053446315,0.203076097648216,-0.13327195579809903,-0.39623227913037634,0.13327195579809903,0,1,True
upgrade/oracle_shape_test.csv,IFNγ | DNMT1,magmatch_vs_oracleDIST,-0.1977742258261536,-0.1194510935246189,0.07832313230153469,0.396022949776994,0.07832313230153469,0,1,True
upgrade/oracle_shape_test.csv,Control | JAK2,energy_vs_oracleDIST,0.5875517794237481,0.3549162272211468,-0.23263555220260135,-0.3959405117124533,0.23263555220260135,0,1,True
upgrade/class_c_protein_oracle.csv,Control | ACSL3,energy_rho,0.3863044132630892,0.2333761128876451,-0.15292830037544408,-0.3958751055512628,0.15292830037544408,0,1,True
upgrade/oracle_shape_test.csv,Co-culture | CGAS,energy_vs_oracleMEAN,0.1161340465758241,0.1620663833079762,0.04593233673215211,0.3955113774681296,0.04593233673215211,0,1,True
upgrade/oracle_shape_test.csv,Co-culture | HLA-A,energy_vs_oracleMEAN,-0.0232163778929256,-0.0140345451470717,0.009181832745853902,0.395489459561724,0.009181832745853902,0,1,True
upgrade/oracle_shape_test.csv,Co-culture | PAICS,magmatch_vs_oracleDIST,-0.2956925431836055,-0.1788744687024554,0.11681807448115009,0.39506601425729493,0.11681807448115009,0,1,True
upgrade/oracle_shape_test.csv,Co-culture | PSAP,magmatch_vs_oracleDIST,0.396571085714749,0.2399145406560261,-0.15665654505872292,-0.39502765254904376,0.15665654505872292,0,1,True
upgrade/oracle_shape_test.csv,IFNγ | SPINT1,energy_vs_oracleDIST,0.4481141601014172,0.2712237339674866,-0.17689042613393058,-0.39474411184394786,0.17689042613393058,0,1,True
upgrade/oracle_shape_test.csv,IFNγ | SERPINF1,mean_vs_oracleDIST,0.3451660104219458,0.2091141346016399,-0.13605187582030587,-0.3941635958128965,0.13605187582030587,0,1,True
upgrade/oracle_shape_test.csv,Control | WBP2,mean_vs_oracleDIST,0.3679742768513072,0.2229465499066112,-0.14502772694469598,-0.39412463334576914,0.14502772694469598,0,1,True
upgrade/oracle_shape_test.csv,Co-culture | CTSB,energy_vs_oracleMEAN,0.1208807246785573,0.1685215869399404,0.0476408622613831,0.3941146314937172,0.0476408622613831,0,1,True
upgrade/oracle_shape_test.csv,IFNγ | TYR,mean_vs_oracleDIST,0.3800496406897716,0.2303551518459319,-0.1496944888438397,-0.39388141131287874,0.1496944888438397,0,1,True
upgrade/oracle_shape_test.csv,IFNγ | TIMP1,energy_vs_oracleMEAN,0.1513666783621171,0.210972986361289,0.05960630799917191,0.39378751416196583,0.05960630799917191,0,1,True
upgrade/class_c_protein_oracle.csv,IFNγ | TFAP2A,energy_rho_partial_magmatch,-0.2256613777240653,-0.1368113004041427,0.08885007731992262,0.39373187479413024,0.08885007731992262,0,1,True
upgrade/oracle_shape_test.csv,Co-culture | CD151,energy_vs_oracleDIST,0.5374874976037677,0.3259704089202968,-0.2115170886834709,-0.3935293185915181,0.2115170886834709,0,1,True
upgrade/oracle_shape_test.csv,IFNγ | CDKN2B,energy_vs_oracleMEAN,-0.1728561589541668,-0.1048582901251413,0.0679978688290255,0.3933783397735645,0.0679978688290255,0,1,True
upgrade/class_c_protein_oracle.csv,IFNγ | PAICS,energy_rho_partial_magmatch,0.1068220862084649,0.0648005925694904,-0.04202149363897449,-0.39337832774552745,0.04202149363897449,0,1,True
upgrade/oracle_shape_test.csv,IFNγ | EEA1,energy_vs_oracleMEAN,0.2025376528530401,0.1229025509076969,-0.07963510194534319,-0.39318665356078686,0.07963510194534319,0,1,True
upgrade/oracle_shape_test.csv,IFNγ | NME1,magmatch_vs_oracleDIST,0.413415461385521,0.2508694917677023,-0.1625459696178187,-0.3931782548070698,0.1625459696178187,0,1,True
upgrade/oracle_shape_test.csv,IFNγ | NMRK1,magmatch_vs_oracleDIST,0.4403337101867374,0.2672659935285174,-0.17306771665822002,-0.39303762726870306,0.17306771665822002,0,1,True
upgrade/oracle_shape_test.csv,Control | LCP1,magmatch_vs_oracleDIST,0.3951684712585628,0.2399580348945141,-0.15521043636404872,-0.392770293312426,0.15521043636404872,0,1,True
upgrade/class_c_magnitude_control_v2.csv,K562 | Bosutinib (SKI-606),energydist_vs_candmag_rho,-0.097927807486631,-0.1363636363636363,-0.03843582887700529,-0.3924914675767913,0.03843582887700529,0,1,True
upgrade/oracle_shape_test.csv,IFNγ | CD63,mean_vs_oracleDIST,0.3708939222642393,0.2253224695593414,-0.14557145270489788,-0.3924881049983534,0.14557145270489788,0,1,True
upgrade/oracle_shape_test.csv,IFNγ | JMJD7,mean_vs_oracleDIST,0.3383525008771588,0.205692825490884,-0.1326596753862748,-0.39207535053638576,0.1326596753862748,0,1,True
upgrade/class_c_protein_oracle.csv,Co-culture | ISYNA1,energy_rho_partial_magmatch,0.0973151194583327,0.0591954798516681,-0.0381196396066646,-0.39171343383066226,0.0381196396066646,0,1,True
upgrade/class_c_protein_oracle.csv,Co-culture | SINHCAF,energy_rho_partial_magmatch,0.1634007444391484,0.0994313328148012,-0.0639694116243472,-0.39148788363182685,0.0639694116243472,0,1,True
upgrade/oracle_shape_test.csv,IFNγ | C19orf48,mean_vs_oracleDIST,0.3774590665624772,0.2297532259950879,-0.14770584056738928,-0.3913161814141798,0.14770584056738928,0,1,True
upgrade/oracle_shape_test.csv,IFNγ | SAT1,mean_vs_oracleDIST,0.4738014112510234,0.288509089964004,-0.1852923212870194,-0.39107591680188175,0.1852923212870194,0,1,True
upgrade/class_c_protein_oracle.csv,IFNγ | CD44,energy_rho_partial_magmatch,0.0774597481579665,0.1077504450768651,0.030290696918898602,0.3910508056019712,0.030290696918898602,0,1,True
upgrade/oracle_shape_test.csv,IFNγ | PABPC1,mean_vs_oracleDIST,0.255759749457461,0.1560063935129235,-0.09975335594453749,-0.39002757922676523,0.09975335594453749,0,1,True
upgrade/oracle_shape_test.csv,Control | TYR,mean_vs_oracleDIST,0.2554871390553821,0.1558766890891985,-0.09961044996618362,-0.38988440018732606,0.09961044996618362,0,1,True
upgrade/oracle_shape_test.csv,IFNγ | SLC26A2,energy_vs_oracleDIST,0.4915961690902239,0.2999770249253975,-0.1916191441648264,-0.3897897425023628,0.1916191441648264,0,1,True
upgrade/oracle_shape_test.csv,Control | CCND2,mean_vs_oracleDIST,0.290433290973598,0.1773731561150992,-0.11306013485849878,-0.38928090674280375,0.11306013485849878,0,1,True
upgrade/oracle_shape_test.csv,Control | CDH19,magmatch_vs_oracleDIST,0.5946248896400851,0.3632210863319953,-0.2314038033080898,-0.38915929578419434,0.2314038033080898,0,1,True
upgrade/oracle_shape_test.csv,Co-culture | CD63,energy_vs_oracleMEAN,0.2319315398608534,0.3221556424988487,0.0902241026379953,0.38901178637508704,0.0902241026379953,0,1,True
upgrade/class_c_protein_oracle.csv,Co-culture | PPIA,energy_rho_partial_magmatch,0.1701432063701844,0.1039776587174496,-0.0661655476527348,-0.38888151378067326,0.0661655476527348,0,1,True
upgrade/oracle_shape_test.csv,IFNγ | ACSL3,mean_vs_oracleDIST,-0.2582204722363,-0.1578256858082206,0.10039478642807942,0.3887948370577186,0.10039478642807942,0,1,True
upgrade/oracle_shape_test.csv,Co-culture | CD58,energy_vs_oracleDIST,0.3571147683777261,0.2183662406438662,-0.1387485277338599,-0.3885264346925673,0.1387485277338599,0,1,True
upgrade/oracle_shape_test.csv,Co-culture | PSMB8-AS1,energy_vs_oracleDIST,0.4282181471955539,0.2618863256362395,-0.16633182155931442,-0.38842777366778863,0.16633182155931442,0,1,True
upgrade/oracle_shape_test.csv,IFNγ | SLC25A13,mean_vs_oracleDIST,0.4480994892986628,0.2742957389575455,-0.17380375034111728,-0.3878686641958553,0.17380375034111728,0,1,True
upgrade/class_c_protein_oracle.csv,IFNγ | PSMB8-AS1,energy_rho_partial_magmatch,0.2336423531246345,0.1430675867087702,-0.09057476641586429,-0.38766415936389736,0.09057476641586429,0,1,True
upgrade/oracle_shape_test.csv,IFNγ | HLA-A,energy_vs_oracleDIST,0.5034257273920444,0.308323782048783,-0.19510194534326136,-0.38754861884785063,0.19510194534326136,0,1,True
upgrade/oracle_shape_test.csv,Co-culture | HASPIN,magmatch_vs_oracleDIST,0.2480411706007347,0.1519254703709859,-0.0961157002297488,-0.38749897848395376,0.0961157002297488,0,1,True
upgrade/class_c_protein_oracle.csv,IFNγ | CDKN2B,energy_rho,-0.1485337803594401,-0.090988005665796,0.057545774693644094,0.3874255038442288,0.057545774693644094,0,1,True
upgrade/oracle_shape_test.csv,Co-culture | FBXO32,energy_vs_oracleMEAN,0.223442362143526,0.3099522838482651,0.08650992170473912,0.38716884692245745,0.08650992170473912,0,1,True
upgrade/oracle_shape_test.csv,IFNγ | CDKN2A,energy_vs_oracleMEAN,-0.1214356815198887,-0.074435564565384,0.047000116954504706,0.38703712423112674,0.047000116954504706,0,1,True
upgrade/oracle_shape_test.csv,Co-culture | CCR10,mean_vs_oracleDIST,0.2221809738867148,0.1362281942862239,-0.08595277960049089,-0.3868593160650935,0.08595277960049089,0,1,True
upgrade/oracle_shape_test.csv,Control | LY96,mean_vs_oracleDIST,0.3702853803497009,0.2270486011841414,-0.14323677916555946,-0.3868280703663897,0.14323677916555946,0,1,True
exp08_signature_baselines/summary.csv,K562+MCF7 | coverage_worst,median_rank_proxy,3.827777777777778,2.3472222222222223,-1.4805555555555556,-0.3867924528301887,1.4805555555555556,0,1,True
exp08_signature_baselines/summary.csv,K562+A549 | coverage_worst,hit@1,0.5888888888888889,0.8166666666666667,0.22777777777777775,0.3867924528301886,0.22777777777777775,0,1,True
upgrade/oracle_shape_test.csv,Co-culture | FRZB,magmatch_vs_oracleDIST,0.5204710689979215,0.3191880780821698,-0.2012829909157517,-0.38673233327509987,0.2012829909157517,0,1,True
upgrade/oracle_shape_test.csv,Co-culture | CTSA,magmatch_vs_oracleDIST,0.5494643153957128,0.3370531170285578,-0.21241119836715505,-0.3865786956777728,0.21241119836715505,0,1,True
upgrade/oracle_shape_test.csv,Control | ACSL3,energy_vs_oracleMEAN,0.3905324102353547,0.2398749107359888,-0.15065749949936588,-0.38577463880288965,0.15065749949936588,0,1,True
upgrade/oracle_shape_test.csv,Control | CCND2,energy_vs_oracleDIST,0.6202309088367278,0.3809814384325486,-0.2392494704041792,-0.3857425790870417,0.2392494704041792,0,1,True
upgrade/oracle_shape_test.csv,Control | PYGB,energy_vs_oracleDIST,0.5323938624144041,0.3274651035966311,-0.204928758817773,-0.3849194614836878,0.204928758817773,0,1,True
upgrade/oracle_shape_test.csv,IFNγ | RBP7,energy_vs_oracleDIST,0.5525455797694697,0.3399243694202955,-0.2126212103491742,-0.3848030246443795,0.2126212103491742,0,1,True
upgrade/class_c_protein_oracle.csv,Co-culture | LRPAP1,energy_rho,0.2207203580999021,0.3056248765686995,0.08490451846879743,0.3846700829941934,0.08490451846879743,0,1,True
upgrade/oracle_shape_test.csv,Co-culture | SCARB2,magmatch_vs_oracleDIST,0.4969274646523267,0.3059121348677714,-0.19101532978455527,-0.38439278037932234,0.19101532978455527,0,1,True
upgrade/oracle_shape_test.csv,IFNγ | KLF4,mean_vs_oracleDIST,0.3930206749574415,0.2421940665081283,-0.15082660844931317,-0.383762529708254,0.15082660844931317,0,1,True
upgrade/oracle_shape_test.csv,Control | SERPINA3,magmatch_vs_oracleDIST,0.3427221650568707,0.2114174810105378,-0.1313046840463329,-0.38312282494055916,0.1313046840463329,0,1,True
upgrade/oracle_shape_test.csv,IFNγ | MT2A,mean_vs_oracleDIST,0.3021860096422492,0.1864873364261302,-0.11569867321611899,-0.3828723684233161,0.11569867321611899,0,1,True
upgrade/class_c_protein_oracle.csv,IFNγ | MIA,energy_rho,0.340499874078962,0.2102426702643685,-0.1302572038145935,-0.3825469955515661,0.1302572038145935,0,1,True
upgrade/oracle_shape_test.csv,Control | DLL3,magmatch_vs_oracleDIST,0.4036874380504614,0.2493523242648235,-0.1543351137856379,-0.38231339209110055,0.1543351137856379,0,1,True
upgrade/oracle_shape_test.csv,Co-culture | PIK3IP1,energy_vs_oracleMEAN,0.1989744415403299,0.2750422924138905,0.0760678508735606,0.382299607350035,0.0760678508735606,0,1,True
upgrade/oracle_shape_test.csv,IFNγ | RTP4,mean_vs_oracleDIST,0.430905617714709,0.2662419918651644,-0.16466362584954458,-0.3821338573463759,0.16466362584954458,0,1,True
upgrade/oracle_shape_test.csv,IFNγ | VDAC2,mean_vs_oracleDIST,0.4079274362273075,0.2520546962573854,-0.15587273996992207,-0.3821089883325863,0.15587273996992207,0,1,True
upgrade/oracle_shape_test.csv,Co-culture | SLC5A3,magmatch_vs_oracleDIST,0.4492517095054118,0.2776646826925137,-0.1715870268128981,-0.3819396191097435,0.1715870268128981,0,1,True
upgrade/oracle_shape_test.csv,Co-culture | PABPC1,energy_vs_oracleDIST,0.2960017235497944,0.1831249020874668,-0.11287682146232764,-0.3813383925899307,0.11287682146232764,0,1,True
upgrade/oracle_shape_test.csv,Control | NUP50-AS1,mean_vs_oracleDIST,0.3467347948911388,0.2145170045579747,-0.13221779033316408,-0.38132253319046133,0.13221779033316408,0,1,True
upgrade/oracle_shape_test.csv,IFNγ | NPC2,mean_vs_oracleDIST,0.403030940963965,0.2493745532987668,-0.15365638766519824,-0.38125208773719593,0.15365638766519824,0,1,True
upgrade/class_c_protein_oracle.csv,IFNγ | PROS1,energy_rho,-0.0769253960209478,-0.1062409798814844,-0.029315583860536593,-0.38109110094868504,0.029315583860536593,0,1,True
upgrade/oracle_shape_test.csv,Co-culture | HLA-B,magmatch_vs_oracleDIST,-0.2664894082189464,-0.1649748735860781,0.1015145346328683,0.380932718156905,0.1015145346328683,0,1,True
upgrade/oracle_shape_test.csv,IFNγ | RB1,energy_vs_oracleDIST,0.5350471066755033,0.3312458253739295,-0.20380128130157377,-0.38090343590097325,0.20380128130157377,0,1,True
upgrade/oracle_shape_test.csv,Control | CDKN1A,energy_vs_oracleDIST,0.5581144921932562,0.3456831483400988,-0.21243134385315737,-0.3806232355987624,0.21243134385315737,0,1,True
upgrade/oracle_shape_test.csv,Co-culture | CITED1,mean_vs_oracleDIST,0.2882399579768908,0.1785848938041975,-0.10965506417269327,-0.3804297812917552,0.10965506417269327,0,1,True
upgrade/oracle_shape_test.csv,Control | CD58,magmatch_vs_oracleDIST,0.2376633043364362,0.1472632630262483,-0.09040004131018792,-0.3803702113903862,0.09040004131018792,0,1,True
upgrade/class_c_protein_oracle.csv,Control | E2F1,energy_rho,0.30083514590179,0.1865318711877812,-0.1143032747140088,-0.37995319453573423,0.1143032747140088,0,1,True
upgrade/class_c_protein_oracle.csv,IFNγ | LCP1,energy_rho_partial_magmatch,0.2834784868686081,0.1759115304146687,-0.1075669564539394,-0.3794536849767952,0.1075669564539394,0,1,True
upgrade/class_c_protein_oracle.csv,Co-culture | PTMA,energy_rho_partial_magmatch,0.0905228506447964,0.1248421092867249,0.0343192586419285,0.37912260161353306,0.0343192586419285,0,1,True
upgrade/oracle_shape_test.csv,IFNγ | PIK3IP1,energy_vs_oracleDIST,0.5306440374369047,0.3294952320235143,-0.20114880541339042,-0.37906542092693857,0.20114880541339042,0,1,True
upgrade/oracle_shape_test.csv,Control | RAB27A,magmatch_vs_oracleDIST,0.4842758324934567,0.3008880430935788,-0.18338778939987788,-0.37868457828185287,0.18338778939987788,0,1,True
upgrade/class_c_protein_oracle.csv,Control | SSR2,energy_rho,0.3606177888218158,0.4971103325565877,0.13649254373477193,0.3784964246514584,0.13649254373477193,0,1,True
upgrade/oracle_shape_test.csv,IFNγ | EMP1,energy_vs_oracleDIST,0.5154372149233948,0.3204403520175675,-0.1949968629058273,-0.3783135118305497,0.1949968629058273,0,1,True
upgrade/oracle_shape_test.csv,Control | FOS,magmatch_vs_oracleDIST,0.481400969529958,0.299306165167703,-0.182094804362255,-0.37826015294496224,0.182094804362255,0,1,True
upgrade/oracle_shape_test.csv,IFNγ | MC1R,energy_vs_oracleDIST,0.4498241783946045,0.2799699972554661,-0.16985418113913836,-0.3776012702237077,0.16985418113913836,0,1,True
upgrade/oracle_shape_test.csv,Co-culture | ISYNA1,energy_vs_oracleMEAN,0.0596634328872528,0.0371605783044068,-0.022502854582846003,-0.3771632555131399,0.022502854582846003,0,1,True
upgrade/oracle_shape_test.csv,Co-culture | LCP1,energy_vs_oracleMEAN,0.3479637232045556,0.4791776765488191,0.1312139533442635,0.37709089940714147,0.1312139533442635,0,1,True
upgrade/oracle_shape_test.csv,IFNγ | WNT7A,mean_vs_oracleDIST,0.4077091211518719,0.2540101100671838,-0.1536990110846881,-0.37698202740829806,0.1536990110846881,0,1,True
upgrade/oracle_shape_test.csv,IFNγ | CTSL,mean_vs_oracleDIST,0.3872218107156316,0.2412511533013657,-0.1459706574142659,-0.3769690998151548,0.1459706574142659,0,1,True
upgrade/class_c_protein_oracle.csv,IFNγ | RNASEH2A,energy_rho_partial_magmatch,-0.0812709056177147,-0.1119005107013371,-0.03062960508362239,-0.37688278296908784,0.03062960508362239,0,1,True
upgrade/oracle_shape_test.csv,Co-culture | EMP1,magmatch_vs_oracleDIST,0.465691455629307,0.2902345498760909,-0.17545690575321615,-0.3767664268525485,0.17545690575321615,0,1,True
upgrade/oracle_shape_test.csv,Control | HLA-C,energy_vs_oracleDIST,0.6097245189819054,0.3800318075952393,-0.22969271138666608,-0.3767155563469846,0.22969271138666608,0,1,True
exp08_signature_baselines/summary.csv,K562+MCF7 | coverage_worst,hit@1,0.6194444444444445,0.8527777777777777,0.23333333333333328,0.3766816143497757,0.23333333333333328,0,1,True
upgrade/oracle_shape_test.csv,IFNγ | CDH19,mean_vs_oracleDIST,0.3781430223643003,0.2357319402752329,-0.14241108208906741,-0.3766063993423885,0.14241108208906741,0,1,True
upgrade/class_c_magnitude_control_v2.csv,K562 | Alisertib (MLN8237),energy_rho,0.3435828877005347,0.4729278074866311,0.1293449197860964,0.37645914396887215,0.1293449197860964,0,1,True
exp08_signature_baselines/per_query_scores.csv,<column mean>,global_energy,-0.5868186517499302,-0.36592822800090985,0.22089042374902035,0.3764202502601292,0.2751502990722656,2000,54180,False
upgrade/class_c_protein_oracle.csv,IFNγ | CCT3,energy_rho,0.2392478525853443,0.149292723946498,-0.0899551286388463,-0.3759913732423474,0.0899551286388463,0,1,True
upgrade/oracle_shape_test.csv,Co-culture | MC1R,mean_vs_oracleDIST,0.2323902264996939,0.1450590703834956,-0.0873311561161983,-0.3757953053000416,0.0873311561161983,0,1,True
upgrade/class_c_protein_oracle.csv,Control | CTSO,energy_rho_partial_magmatch,0.1731388060096247,0.2381784222279037,0.065039616218279,0.3756501371198291,0.065039616218279,0,1,True
upgrade/oracle_shape_test.csv,IFNγ | TYR,magmatch_vs_oracleDIST,0.4436728912453055,0.2770111626577261,-0.16666172858757944,-0.3756410001066138,0.16666172858757944,0,1,True
upgrade/oracle_shape_test.csv,Co-culture | ARMC6,magmatch_vs_oracleDIST,0.5373450267538248,0.335519430765248,-0.2018255959885768,-0.37559777413002776,0.2018255959885768,0,1,True
upgrade/oracle_shape_test.csv,Control | KLF4,magmatch_vs_oracleDIST,0.2578624748580907,0.3546618169177814,0.09679934205969071,0.3753913480934449,0.09679934205969071,0,1,True
exp08_signature_baselines/flip_vs_dart.csv,MCF7 | coverage_worst,mean_delta_rank,-0.2666666666666666,-0.3666666666666666,-0.09999999999999998,-0.375,0.09999999999999998,0,1,True
upgrade/class_c_protein_oracle.csv,IFNγ | CD44,energy_rho,0.0788990887682349,0.1084625680610242,0.029563479292789296,0.37469988252502706,0.029563479292789296,0,1,True
upgrade/oracle_shape_test.csv,Co-culture | ARMC6,energy_vs_oracleDIST,0.5772491940404553,0.3611444926618825,-0.2161047013785728,-0.3743698624608691,0.2161047013785728,0,1,True
upgrade/oracle_shape_test.csv,IFNγ | MIA,energy_vs_oracleMEAN,0.3551436214686023,0.2222057619585981,-0.1329378595100042,-0.37432140540853565,0.1329378595100042,0,1,True
upgrade/class_c_protein_oracle.csv,Control | EEA1,energy_rho_partial_magmatch,0.2988842470903395,0.1870104648277755,-0.111873782262564,-0.37430471278317157,0.111873782262564,0,1,True
upgrade/oracle_shape_test.csv,Control | SEC11C,mean_vs_oracleDIST,0.2376532286808573,0.1487758708200198,-0.0888773578608375,-0.37397917273907616,0.0888773578608375,0,1,True
upgrade/oracle_shape_test.csv,Co-culture | CDH19,mean_vs_oracleDIST,0.2784048361324608,0.1744439727591102,-0.10396086337335061,-0.37341615475345985,0.10396086337335061,0,1,True
upgrade/oracle_shape_test.csv,IFNγ | HLA-F,energy_vs_oracleMEAN,-0.2294153574259613,-0.1439434834102639,0.08547187401569742,0.37256387268355196,0.08547187401569742,0,1,True
upgrade/oracle_shape_test.csv,Control | UQCRH,energy_vs_oracleDIST,0.3157068135361395,0.4332972708827408,0.11759045734660128,0.3724672775652354,0.11759045734660128,0,1,True
upgrade/class_c_protein_oracle.csv,Co-culture | SSR2,energy_rho,0.2484824827456796,0.1559923054135819,-0.09249017733209772,-0.3722201110923416,0.09249017733209772,0,1,True
upgrade/oracle_shape_test.csv,Co-culture | ISYNA1,energy_vs_oracleDIST,0.5772032740496296,0.3624268352610975,-0.2147764387885321,-0.37209844164893807,0.2147764387885321,0,1,True
upgrade/oracle_shape_test.csv,IFNγ | CGAS,energy_vs_oracleDIST,0.4741715072836666,0.2977812430964355,-0.17639026418723108,-0.3719967595642731,0.17639026418723108,0,1,True
upgrade/oracle_shape_test.csv,IFNγ | HLA-C,energy_vs_oracleDIST,0.4704549530232739,0.2955242810546697,-0.17493067196860418,-0.3718329902670834,0.17493067196860418,0,1,True
upgrade/oracle_shape_test.csv,IFNγ | SCARB2,mean_vs_oracleDIST,0.3913714582593294,0.2458846308785882,-0.1454868273807412,-0.37173591561278124,0.1454868273807412,0,1,True
upgrade/oracle_shape_test.csv,IFNγ | LRPAP1,energy_vs_oracleDIST,0.39882785596403,0.2506480579054748,-0.1481797980585552,-0.3715382359649408,0.1481797980585552,0,1,True
upgrade/oracle_shape_test.csv,Control | VDAC2,magmatch_vs_oracleDIST,0.3209373382384983,0.4399106793132937,0.1189733410747954,0.3707058260275802,0.1189733410747954,0,1,True
upgrade/oracle_shape_test.csv,Co-culture | SEC11C,magmatch_vs_oracleDIST,0.3506433485514595,0.2208373463587983,-0.12980600219266122,-0.3701938243771113,0.12980600219266122,0,1,True
upgrade/class_c_protein_oracle.csv,Co-culture | SSR2,energy_rho_partial_magmatch,0.2470531410478788,0.1556019132792677,-0.09145122776861109,-0.37016824550669397,0.09145122776861109,0,1,True
upgrade/oracle_shape_test.csv,Control | SEC11C,magmatch_vs_oracleDIST,0.3538771752395802,0.2229251391385062,-0.13095203610107398,-0.37004939923694563,0.13095203610107398,0,1,True
upgrade/oracle_shape_test.csv,Control | CCR10,energy_vs_oracleDIST,0.6511417606956234,0.4104519813146967,-0.24068977938092667,-0.3696426706279668,0.24068977938092667,0,1,True
upgrade/oracle_shape_test.csv,Co-culture | FSTL3,mean_vs_oracleDIST,0.3014132992484373,0.1901071340561398,-0.1113061651922975,-0.36928086939041915,0.1113061651922975,0,1,True
upgrade/oracle_shape_test.csv,Control | CORO1A,energy_vs_oracleMEAN,0.4252165951085211,0.2684532483283857,-0.15676334678013543,-0.36866704776686166,0.15676334678013543,0,1,True
upgrade/oracle_shape_test.csv,Co-culture | PPIA,mean_vs_oracleDIST,0.2665913385831331,0.1683663747944742,-0.09822496378865891,-0.3684476934273268,0.09822496378865891,0,1,True
upgrade/oracle_shape_test.csv,Control | CD59,energy_vs_oracleDIST,0.4239659543597991,0.2678122690667018,-0.1561536852930973,-0.36831656808125995,0.1561536852930973,0,1,True
upgrade/oracle_shape_test.csv,Control | TIMP2,mean_vs_oracleDIST,0.2276367675785554,0.1438073131627105,-0.08382945441584488,-0.3682597293379511,0.08382945441584488,0,1,True
upgrade/oracle_shape_test.csv,IFNγ | IRF3,mean_vs_oracleDIST,0.3755377957974348,0.2373869764661546,-0.1381508193312802,-0.367874607768638,0.1381508193312802,0,1,True
upgrade/oracle_shape_test.csv,Co-culture | SERPINF1,magmatch_vs_oracleDIST,0.5200817296192842,0.3289576635707248,-0.19112406604855942,-0.3674885218299595,0.19112406604855942,0,1,True
upgrade/oracle_shape_test.csv,Control | TSC22D3,energy_vs_oracleDIST,0.2425021379281681,0.331587306185319,0.0890851682571509,0.367358279882625,0.0890851682571509,0,1,True
upgrade/oracle_shape_test.csv,IFNγ | RNASEH2A,energy_vs_oracleDIST,0.4601693137809763,0.2913180772679428,-0.16885123651303352,-0.36693284722892344,0.16885123651303352,0,1,True
upgrade/class_c_protein_oracle.csv,IFNγ | CYP27A1,energy_rho_partial_magmatch,0.2757428560290046,0.3768996660299143,0.1011568100009097,0.36685197019308924,0.1011568100009097,0,1,True
upgrade/oracle_shape_test.csv,Control | RB1,magmatch_vs_oracleDIST,0.3289714141056659,0.2084262707605734,-0.12054514334509248,-0.36643045011313136,0.12054514334509248,0,1,True
upgrade/class_c_protein_oracle.csv,Co-culture | CD47,energy_rho,-0.1989107350627132,-0.1261463546284783,0.07276438043423489,0.36581424532614343,0.07276438043423489,0,1,True
upgrade/class_c_protein_oracle.csv,Co-culture | EVA1A,energy_rho_partial_magmatch,0.1934632520766863,0.1226923052420585,-0.0707709468346278,-0.36581079907917147,0.0707709468346278,0,1,True
upgrade/class_c_protein_oracle.csv,IFNγ | CSPG4,energy_rho_partial_magmatch,0.1886632100113056,0.1196538146660949,-0.0690093953452107,-0.36578088192751157,0.0690093953452107,0,1,True
upgrade/oracle_shape_test.csv,IFNγ | SERPINF1,magmatch_vs_oracleDIST,0.4438069990773589,0.281523007550063,-0.1622839915272959,-0.3656634344764098,0.1622839915272959,0,1,True
upgrade/oracle_shape_test.csv,Co-culture | KLF4,energy_vs_oracleDIST,0.4261088836366437,0.2703743450539738,-0.1557345385826699,-0.36548061906981877,0.1557345385826699,0,1,True
upgrade/oracle_shape_test.csv,IFNγ | CD63,magmatch_vs_oracleDIST,-0.2751565241121204,-0.1746941639702156,0.1004623601419048,0.36510986052785194,0.1004623601419048,0,1,True
upgrade/oracle_shape_test.csv,IFNγ | LAMP2,energy_vs_oracleDIST,0.4543339440957467,0.2885132483463932,-0.16582069574935349,-0.36497536207510023,0.16582069574935349,0,1,True
upgrade/oracle_shape_test.csv,Control | CTPS1,mean_vs_oracleDIST,0.3380924013183995,0.4614297607157746,0.12333735939737506,0.36480370134441953,0.12333735939737506,0,1,True
upgrade/oracle_shape_test.csv,Co-culture | MT2A,energy_vs_oracleMEAN,0.316215209747786,0.2009516589456346,-0.1152635508021514,-0.36450982510956975,0.1152635508021514,0,1,True
upgrade/oracle_shape_test.csv,Control | E2F1,energy_vs_oracleDIST,0.6341063460257206,0.4030388177225744,-0.2310675283031462,-0.36439870023595955,0.2310675283031462,0,1,True
upgrade/class_c_protein_oracle.csv,IFNγ | NOLC1,energy_rho_partial_magmatch,-0.2628175639676166,-0.1670884825802762,0.09572908138734038,0.3642415672003404,0.09572908138734038,0,1,True
upgrade/oracle_shape_test.csv,IFNγ | CCND1,energy_vs_oracleDIST,0.4617254687926397,0.2936613257442854,-0.16806414304835432,-0.3639914936635902,0.16806414304835432,0,1,True
upgrade/oracle_shape_test.csv,Co-culture | FGFR1,magmatch_vs_oracleDIST,0.4958141948456826,0.3154345158220828,-0.1803796790235998,-0.36380499166576147,0.1803796790235998,0,1,True
upgrade/oracle_shape_test.csv,Control | SNHG6,magmatch_vs_oracleDIST,0.3991420579274628,0.2539669745199265,-0.14517508340753632,-0.3637178305923336,0.14517508340753632,0,1,True
upgrade/class_c_protein_oracle.csv,IFNγ | CTSB,energy_rho_partial_magmatch,0.3407019869270853,0.2167842709186126,-0.1239177160084727,-0.36371292438336356,0.1239177160084727,0,1,True
upgrade/oracle_shape_test.csv,IFNγ | WBP2,mean_vs_oracleDIST,0.4117219601574988,0.2620087585929073,-0.1497132015645915,-0.3636269522940207,0.1497132015645915,0,1,True
upgrade/oracle_shape_test.csv,Control | HASPIN,energy_vs_oracleDIST,0.5365614054531966,0.3414943020575609,-0.19506710339563577,-0.3635503810246582,0.19506710339563577,0,1,True
upgrade/oracle_shape_test.csv,Control | FMN1,magmatch_vs_oracleDIST,0.3295318724472381,0.2097726302372942,-0.11975924220994388,-0.3634223339932581,0.11975924220994388,0,1,True
upgrade/oracle_shape_test.csv,IFNγ | STOM,mean_vs_oracleDIST,0.4224453887437787,0.2689403321352948,-0.1535050566084839,-0.3633725463661948,0.1535050566084839,0,1,True
upgrade/oracle_shape_test.csv,Control | ACTA2,energy_vs_oracleDIST,0.6212145447126108,0.3957415241696085,-0.22547302054300233,-0.3629551536777229,0.22547302054300233,0,1,True
upgrade/oracle_shape_test.csv,Co-culture | MDH2,energy_vs_oracleDIST,0.2438875082601239,0.1554397513362433,-0.0884477569238806,-0.3626580039086897,0.0884477569238806,0,1,True
upgrade/oracle_shape_test.csv,Control | SLC26A2,magmatch_vs_oracleDIST,0.3562172462477628,0.2270536390119308,-0.129163607235832,-0.3625978489149112,0.129163607235832,0,1,True
upgrade/class_c_protein_oracle.csv,Co-culture | CDKN2A,energy_rho_partial_magmatch,0.3380005084935213,0.2154628362471324,-0.12253767224638892,-0.3625369464458592,0.12253767224638892,0,1,True
upgrade/oracle_shape_test.csv,Control | TPP1,magmatch_vs_oracleDIST,0.3584779714682622,0.2285423171237026,-0.12993565434455961,-0.3624648226287552,0.12993565434455961,0,1,True
upgrade/oracle_shape_test.csv,IFNγ | ENPP1,mean_vs_oracleDIST,0.4089285667875197,0.2607223268026875,-0.14820623998483223,-0.36242574381417714,0.14820623998483223,0,1,True
upgrade/oracle_shape_test.csv,IFNγ | RB1,mean_vs_oracleDIST,0.3840780736293582,0.2451839434459994,-0.1388941301833588,-0.36162993859783304,0.1388941301833588,0,1,True
upgrade/oracle_shape_test.csv,IFNγ | SPESP1,energy_vs_oracleDIST,0.5590243395319221,0.3571889335048666,-0.20183540602705552,-0.3610494065357776,0.20183540602705552,0,1,True
upgrade/oracle_shape_test.csv,Co-culture | KLF4,magmatch_vs_oracleDIST,0.4086591002676251,0.2611287977023969,-0.1475303025652282,-0.36101068707050127,0.1475303025652282,0,1,True
upgrade/oracle_shape_test.csv,Control | CTPS1,magmatch_vs_oracleDIST,-0.5611422266946937,-0.3585862847657347,0.20255594192895904,0.3609707704980215,0.20255594192895904,0,1,True
upgrade/oracle_shape_test.csv,IFNγ | CTSL,energy_vs_oracleDIST,0.5283417150728366,0.3376434966797915,-0.19069821839304507,-0.36093727402682113,0.19069821839304507,0,1,True
upgrade/oracle_shape_test.csv,Co-culture | SAT1,energy_vs_oracleMEAN,0.2171760242339602,0.1389027482692885,-0.0782732759646717,-0.36041398326893204,0.0782732759646717,0,1,True
upgrade/oracle_shape_test.csv,IFNγ | TIMP1,mean_vs_oracleDIST,0.4333451414097429,0.2774550699777786,-0.15589007143196432,-0.35973651608237334,0.15589007143196432,0,1,True
upgrade/oracle_shape_test.csv,Control | SSR2,energy_vs_oracleMEAN,0.366562425613324,0.4983932467876944,0.1318308211743704,0.3596408468592874,0.1318308211743704,0,1,True
upgrade/oracle_shape_test.csv,Control | CDK4,energy_vs_oracleMEAN,-0.1273348757482748,-0.0815668656924174,0.045768010055857386,0.359430280093374,0.045768010055857386,0,1,True
upgrade/oracle_shape_test.csv,IFNγ | NEAT1,mean_vs_oracleDIST,0.4081800579574545,0.2614868816030564,-0.1466931763543981,-0.3593834963139925,0.1466931763543981,0,1,True
upgrade/class_c_protein_oracle.csv,Co-culture | LCP1,energy_rho,0.3036546089609531,0.4127474382025443,0.1090928292415912,0.35926617288927576,0.1090928292415912,0,1,True
upgrade/oracle_shape_test.csv,IFNγ | KCNN4,mean_vs_oracleDIST,0.4302610684443751,0.2758520135667225,-0.1544090548776526,-0.35887294064490727,0.1544090548776526,0,1,True
upgrade/oracle_shape_test.csv,Co-culture | GAA,energy_vs_oracleMEAN,0.2640026154412495,0.1693729371408185,-0.09462967830043098,-0.35844220006028554,0.09462967830043098,0,1,True
upgrade/oracle_shape_test.csv,Co-culture | STOM,energy_vs_oracleMEAN,0.2435712924712263,0.330876965996378,0.0873056735251517,0.35843991563769917,0.0873056735251517,0,1,True
upgrade/oracle_shape_test.csv,Co-culture | TPRKB,energy_vs_oracleMEAN,0.2330145499803378,0.3164260202737177,0.08341147029337989,0.3579667892001521,0.08341147029337989,0,1,True
upgrade/class_c_protein_oracle.csv,Co-culture | PPIA,energy_rho,0.1872686658531542,0.120257629144708,-0.06701103670844619,-0.3578336845790986,0.06701103670844619,0,1,True
upgrade/class_c_protein_oracle.csv,IFNγ | HSPA1A,energy_rho_partial_magmatch,0.2164443231582914,0.1391659844320559,-0.07727833872623549,-0.3570356459278436,0.07727833872623549,0,1,True
exp12_partial_observed_retrieval/summary.csv,leave_drug_out | mean_sufficient | DART_coverage_worst,target_mrr,0.6174242424242424,0.3971861471861471,-0.22023809523809534,-0.3567046450482035,0.22023809523809534,0,1,True
upgrade/oracle_shape_test.csv,Control | PROS1,magmatch_vs_oracleDIST,0.2970139535235196,0.4029053152861549,0.1058913617626353,0.3565198217337291,0.1058913617626353,0,1,True
upgrade/oracle_shape_test.csv,IFNγ | CDKN1A,energy_vs_oracleMEAN,0.2234896625212792,0.1438254518992112,-0.079664210622068,-0.356455908176437,0.079664210622068,0,1,True
upgrade/oracle_shape_test.csv,Control | STOM,mean_vs_oracleDIST,0.307701705178761,0.1980785724811176,-0.1096231326976434,-0.35626430030329936,0.1096231326976434,0,1,True
upgrade/class_c_protein_oracle.csv,Control | BOLA2B,energy_rho,0.4670922791510756,0.3007003840084232,-0.1663918951426524,-0.35622917048653435,0.1663918951426524,0,1,True
upgrade/oracle_shape_test.csv,Co-culture | TOP1MT,magmatch_vs_oracleDIST,0.2515438685700618,0.3411267590951132,0.08958289052505142,0.35613227638701184,0.08958289052505142,0,1,True
upgrade/oracle_shape_test.csv,Control | LRPAP1,magmatch_vs_oracleDIST,0.3580963560132142,0.2306254589146252,-0.12747089709858903,-0.35596814923714326,0.12747089709858903,0,1,True
upgrade/oracle_shape_test.csv,IFNγ | TTLL1,mean_vs_oracleDIST,0.4596431588112224,0.296044078853326,-0.1635990799578964,-0.3559262806848112,0.1635990799578964,0,1,True
upgrade/oracle_shape_test.csv,Control | CGAS,magmatch_vs_oracleDIST,0.2134237959276718,0.1375049905981539,-0.07591880532951789,-0.3557185598706452,0.07591880532951789,0,1,True
upgrade/oracle_shape_test.csv,Control | GAS5,magmatch_vs_oracleDIST,0.1361309230685913,0.087760219548535,-0.04837070352005629,-0.35532487718227035,0.04837070352005629,0,1,True
upgrade/oracle_shape_test.csv,IFNγ | HNRNPA1,energy_vs_oracleDIST,0.519411588891921,0.3351407573819866,-0.18427083150993434,-0.35476842536964914,0.18427083150993434,0,1,True
upgrade/oracle_shape_test.csv,Control | CCND1,energy_vs_oracleDIST,0.5768585418443968,0.3722513926445195,-0.20460714919987727,-0.35469206808602394,0.20460714919987727,0,1,True
upgrade/oracle_shape_test.csv,Control | CHCHD2,magmatch_vs_oracleDIST,0.3842640930083766,0.2480336728409444,-0.1362304201674322,-0.35452289882433147,0.1362304201674322,0,1,True
upgrade/oracle_shape_test.csv,IFNγ | CTSA,energy_vs_oracleDIST,0.507185036888777,0.3273791346352129,-0.17980590225356413,-0.3545173638334181,0.17980590225356413,0,1,True
upgrade/oracle_shape_test.csv,IFNγ | LINC00518,mean_vs_oracleDIST,0.4864439333099424,0.3139978948189154,-0.17244603849102702,-0.3545034210163566,0.17244603849102702,0,1,True
upgrade/oracle_shape_test.csv,IFNγ | CCR10,energy_vs_oracleMEAN,0.3052091536392343,0.1970570072938331,-0.10815214634540118,-0.3543542028665367,0.10815214634540118,0,1,True
upgrade/class_c_protein_oracle.csv,IFNγ | IFNGR1,energy_rho,0.2584638047805383,0.3499575065299599,0.09149370174942156,0.35399038494813184,0.09149370174942156,0,1,True
upgrade/oracle_shape_test.csv,IFNγ | HASPIN,mean_vs_oracleDIST,0.3872062167816719,0.2502644471300664,-0.13694176965160548,-0.3536662473805806,0.13694176965160548,0,1,True
upgrade/oracle_shape_test.csv,Control | TIMM50,mean_vs_oracleDIST,0.398383864845156,0.2577415669911447,-0.14064229785401128,-0.35303211365921205,0.14064229785401128,0,1,True
upgrade/oracle_shape_test.csv,IFNγ | ROMO1,mean_vs_oracleDIST,0.2335612646680441,0.3160136706821047,0.08245240601406056,0.35302260471679026,0.08245240601406056,0,1,True
exp08_signature_baselines/flip_vs_dart.csv,Control+IFNγ | coverage_worst,top1_flip_rate,0.5666666666666667,0.3666666666666666,-0.20000000000000007,-0.35294117647058837,0.20000000000000007,0,1,True
upgrade/oracle_shape_test.csv,Co-culture | IDH2,magmatch_vs_oracleDIST,0.5429963704682251,0.3514263590763486,-0.19157001139187652,-0.35280164253526397,0.19157001139187652,0,1,True
upgrade/oracle_shape_test.csv,IFNγ | CTSA,mean_vs_oracleDIST,0.4118539887983575,0.266616246280197,-0.14523774251816052,-0.35264376810313836,0.14523774251816052,0,1,True
upgrade/oracle_shape_test.csv,Control | HLA-C,magmatch_vs_oracleDIST,-0.2852884093436592,-0.1846880262168558,0.10060038312680339,0.352626955151269,0.10060038312680339,0,1,True
upgrade/class_c_protein_oracle.csv,IFNγ | P2RX4,energy_rho_partial_magmatch,0.0633638714540043,0.0857058204358504,0.022341948981846105,0.3525975996915542,0.022341948981846105,0,1,True
upgrade/oracle_shape_test.csv,IFNγ | MRPL47,mean_vs_oracleDIST,0.2785726352448897,0.1803693163359453,-0.09820331890894438,-0.35252320753836813,0.09820331890894438,0,1,True
upgrade/oracle_shape_test.csv,IFNγ | ST6GALNAC2,magmatch_vs_oracleDIST,0.4417402830299013,0.2861991085467753,-0.155541174483126,-0.3521100077544828,0.155541174483126,0,1,True
upgrade/oracle_shape_test.csv,Control | AGA,mean_vs_oracleDIST,0.3692261770569766,0.23924140389147,-0.12998477316550658,-0.3520464724402468,0.12998477316550658,0,1,True
upgrade/oracle_shape_test.csv,Control | EEA1,energy_vs_oracleMEAN,0.2473875714269521,0.1603553179939873,-0.0870322534329648,-0.35180527837738784,0.0870322534329648,0,1,True
upgrade/oracle_shape_test.csv,Control | DLL3,energy_vs_oracleDIST,0.43437788494357,0.2816322058254922,-0.1527456791180778,-0.35164239343796466,0.1527456791180778,0,1,True
upgrade/oracle_shape_test.csv,Control | LRRC75A-AS1,mean_vs_oracleDIST,0.3312573284651124,0.2148343877087077,-0.11642294075640472,-0.35145770599507276,0.11642294075640472,0,1,True
upgrade/oracle_shape_test.csv,IFNγ | PSMB8-AS1,energy_vs_oracleDIST,0.5299968890093844,0.3437261705196678,-0.18627071848971655,-0.35145624880529885,0.18627071848971655,0,1,True
upgrade/oracle_shape_test.csv,Control | E2F1,energy_vs_oracleMEAN,0.3132559103165896,0.2032725729320031,-0.10998333738458652,-0.35109740554753693,0.10998333738458652,0,1,True
upgrade/class_c_protein_oracle.csv,Co-culture | TSC22D3,energy_rho_partial_magmatch,0.1981532071288706,0.2676639240062803,0.0695107168774097,0.35079279252948364,0.0695107168774097,0,1,True
upgrade/oracle_shape_test.csv,Control | HASPIN,mean_vs_oracleDIST,0.3186300131109468,0.2068607657750131,-0.11176924733593369,-0.3507806632673228,0.11176924733593369,0,1,True
upgrade/oracle_shape_test.csv,IFNγ | NMRK1,mean_vs_oracleDIST,0.4543422608605252,0.2951011656465634,-0.1592410952139618,-0.35048708634842557,0.1592410952139618,0,1,True
upgrade/oracle_shape_test.csv,IFNγ | SOX4,energy_vs_oracleDIST,0.4782827123784061,0.3108209714555668,-0.16746174092283928,-0.35013128551120926,0.16746174092283928,0,1,True
upgrade/oracle_shape_test.csv,IFNγ | SP100,mean_vs_oracleDIST,0.4898153418320273,0.3184348888282458,-0.17138045300378152,-0.34988788297805734,0.17138045300378152,0,1,True
upgrade/oracle_shape_test.csv,Control | SERPINF1,magmatch_vs_oracleDIST,0.3913019384301877,0.2545173572059199,-0.1367845812242678,-0.349562748840488,0.1367845812242678,0,1,True
upgrade/class_c_protein_oracle.csv,IFNγ | AHNAK,energy_rho_partial_magmatch,0.3024718984315101,0.1968084415162501,-0.10566345691526002,-0.3493331362787271,0.10566345691526002,0,1,True
upgrade/oracle_shape_test.csv,Co-culture | HNRNPA1,mean_vs_oracleDIST,0.1563154258285751,0.210877128158321,0.05456170232974589,0.34904873937126035,0.05456170232974589,0,1,True
upgrade/oracle_shape_test.csv,IFNγ | NDUFA13,mean_vs_oracleDIST,0.3707993190648837,0.2414902602887476,-0.12930905877613613,-0.3487305723814158,0.12930905877613613,0,1,True
upgrade/oracle_shape_test.csv,Control | TGFB1,energy_vs_oracleDIST,0.544989691344886,0.3550548792794569,-0.18993481206542906,-0.34851083439160424,0.18993481206542906,0,1,True
upgrade/oracle_shape_test.csv,Co-culture | MT2A,mean_vs_oracleDIST,0.234864354430409,0.1530455460774474,-0.08181880835296163,-0.3483662242037021,0.08181880835296163,0,1,True
upgrade/oracle_shape_test.csv,IFNγ | CD151,energy_vs_oracleMEAN,0.2933250928034335,0.1911987836731511,-0.1021263091302824,-0.3481676530098995,0.1021263091302824,0,1,True
upgrade/oracle_shape_test.csv,IFNγ | TPP1,mean_vs_oracleDIST,0.2793554507296661,0.182143906020558,-0.09721154470910812,-0.34798513669661774,0.09721154470910812,0,1,True
upgrade/oracle_shape_test.csv,IFNγ | CD59,energy_vs_oracleMEAN,0.0687323431185269,0.0926201707535768,0.023887827635049902,0.3475485710396348,0.023887827635049902,0,1,True
upgrade/oracle_shape_test.csv,Control | S100A6,mean_vs_oracleDIST,0.3337586099625563,0.2178079655614092,-0.11595064440114711,-0.3474086988022732,0.11595064440114711,0,1,True
upgrade/oracle_shape_test.csv,IFNγ | PROS1,energy_vs_oracleMEAN,-0.0825558457759931,-0.1112310111366678,-0.0286751653606747,-0.3473426392902793,0.0286751653606747,0,1,True
upgrade/oracle_shape_test.csv,Co-culture | EVA1A,magmatch_vs_oracleDIST,0.5723650566495373,0.373690035554006,-0.1986750210955313,-0.34711242202401127,0.1986750210955313,0,1,True
upgrade/oracle_shape_test.csv,Co-culture | KDR,magmatch_vs_oracleDIST,0.5255929190829278,0.3432163315609419,-0.18237658752198593,-0.3469920938817112,0.18237658752198593,0,1,True
upgrade/oracle_shape_test.csv,IFNγ | SLC26A2,energy_vs_oracleMEAN,0.1555250607513677,0.1016215620555864,-0.053903498695781316,-0.3465904365210626,0.053903498695781316,0,1,True
upgrade/oracle_shape_test.csv,Co-culture | HLA-DRB5,magmatch_vs_oracleDIST,0.5530562024337032,0.3614532841712385,-0.19160291826246473,-0.3464438467904767,0.19160291826246473,0,1,True
upgrade/oracle_shape_test.csv,IFNγ | RTP4,magmatch_vs_oracleDIST,0.4811544709108157,0.31456863280184,-0.1665858381089757,-0.3462211164610651,0.1665858381089757,0,1,True
upgrade/class_c_protein_oracle.csv,Co-culture | CDKN1A,energy_rho,0.2327400329767893,0.152186131848708,-0.0805539011280813,-0.34611106691780347,0.0805539011280813,0,1,True
upgrade/oracle_shape_test.csv,IFNγ | CDK6,energy_vs_oracleDIST,0.4974262211999531,0.3253700310579184,-0.17205619014203472,-0.3458928838270316,0.17205619014203472,0,1,True
upgrade/class_c_protein_oracle.csv,Co-culture | CD44,energy_rho,0.1300104420708311,0.0851089583469674,-0.0449014837238637,-0.3453682874134132,0.0449014837238637,0,1,True
upgrade/oracle_shape_test.csv,Control | IFNGR2,magmatch_vs_oracleDIST,0.4761502935164415,0.3117672322048179,-0.1643830613116236,-0.3452335608104533,0.1643830613116236,0,1,True
upgrade/oracle_shape_test.csv,Control | SHMT2,mean_vs_oracleDIST,0.2443069397337256,0.1599888160223075,-0.08431812371141811,-0.3451319221767417,0.08431812371141811,0,1,True
upgrade/oracle_shape_test.csv,IFNγ | PUF60,magmatch_vs_oracleDIST,0.138474653359843,0.1861546658349901,0.04768001247514711,0.34432303182045076,0.04768001247514711,0,1,True
upgrade/oracle_shape_test.csv,IFNγ | AEBP1,magmatch_vs_oracleDIST,0.4489873039387678,0.2943973594271828,-0.15458994451158498,-0.34430805315748464,0.15458994451158498,0,1,True
upgrade/oracle_shape_test.csv,Co-culture | DDX17,magmatch_vs_oracleDIST,0.2549585357703184,0.1671878533719774,-0.08777068239834102,-0.3442547319828115,0.08777068239834102,0,1,True
upgrade/oracle_shape_test.csv,Co-culture | SGK1,magmatch_vs_oracleDIST,0.5158371591051416,0.338395488654745,-0.1774416704503966,-0.34398776303401046,0.1774416704503966,0,1,True
upgrade/oracle_shape_test.csv,Control | BOLA2B,energy_vs_oracleMEAN,0.4656250118074088,0.3056487903545749,-0.1599762214528339,-0.3435730843406734,0.1599762214528339,0,1,True
upgrade/oracle_shape_test.csv,Co-culture | STOM,magmatch_vs_oracleDIST,0.417941713206179,0.2745627563823755,-0.14337895682380353,-0.34305969539123704,0.14337895682380353,0,1,True
exp13_real_data_projection/projection.csv,sciplex3_cross_line | K562->MCF7:Ellagic acid:s2,structure_reliability_score,0.4684186794433095,0.6289218132481511,0.1605031338048416,0.34264887556489204,0.1605031338048416,0,1,True
upgrade/oracle_shape_test.csv,IFNγ | HLA-H,energy_vs_oracleDIST,0.5665301416684206,0.3725277435649791,-0.19400239810344155,-0.34243967590516566,0.19400239810344155,0,1,True
exp12_partial_observed_retrieval/summary.csv,partial_library | mean_or_no_call | DART_mmd,decision_regret,0.041412353515625,0.0272331237792968,-0.014179229736328201,-0.34239130434782794,0.014179229736328201,0,1,True
exp11_hir_benchmark/uncertainty_band.csv,worst | DART_coverage_worst | predicted_mean,hit_at_1_mean,0.0247767857142857,0.0332589285714285,0.008482142857142803,0.34234234234234034,0.008482142857142803,0,1,True
upgrade/oracle_shape_test.csv,IFNγ | S100B,energy_vs_oracleMEAN,0.273098195807371,0.1796405598222291,-0.0934576359851419,-0.3422125719609732,0.0934576359851419,0,1,True
upgrade/oracle_shape_test.csv,IFNγ | SSR2,energy_vs_oracleDIST,0.3768622405884111,0.2479731784335893,-0.12888906215482182,-0.3420057736577212,0.12888906215482182,0,1,True
upgrade/oracle_shape_test.csv,IFNγ | SDC3,energy_vs_oracleMEAN,0.2830512130781126,0.1862492690343456,-0.09680194404376699,-0.34199445037196474,0.09680194404376699,0,1,True
exp11_hir_benchmark/method_dominance.csv,worst | observed | decision_regret,best_value,0.5476614750921727,0.3603958173521927,-0.18726565773997994,-0.3419368830142064,0.18726565773997994,0,1,True
upgrade/class_c_protein_oracle.csv,Co-culture | MT2A,energy_rho,0.3150105781710333,0.2073015173439574,-0.10770906082707588,-0.3419220441816269,0.10770906082707588,0,1,True
upgrade/oracle_shape_test.csv,Co-culture | C1QBP,magmatch_vs_oracleDIST,0.1353953768788343,0.0891016170441468,-0.04629375983468749,-0.34191536595903055,0.04629375983468749,0,1,True
upgrade/oracle_shape_test.csv,Control | MFGE8,magmatch_vs_oracleDIST,0.3864341373286666,0.254581589510235,-0.1318525478184316,-0.3412031574899127,0.1318525478184316,0,1,True
upgrade/oracle_shape_test.csv,Co-culture | JMJD7,magmatch_vs_oracleDIST,0.5597917145671811,0.3688703509474021,-0.19092136361977902,-0.3410578589348992,0.19092136361977902,0,1,True
upgrade/oracle_shape_test.csv,IFNγ | SEC11C,mean_vs_oracleDIST,0.4403420269515158,0.2903221446857172,-0.1500198822657986,-0.3406894483917081,0.1500198822657986,0,1,True
upgrade/class_c_protein_oracle.csv,IFNγ | PSAP,energy_rho,-0.2074715735578859,-0.1367894688965992,0.07068210466128669,0.34068332084812536,0.07068210466128669,0,1,True
upgrade/oracle_shape_test.csv,IFNγ | TM4SF1,mean_vs_oracleDIST,0.4176139767426951,0.2753624356067914,-0.14225154113590371,-0.3406292630467904,0.14225154113590371,0,1,True
upgrade/oracle_shape_test.csv,IFNγ | TIMP2,energy_vs_oracleDIST,0.5498249580913024,0.3627902745831871,-0.1870346835081153,-0.3401713231741962,0.1870346835081153,0,1,True
upgrade/class_c_protein_oracle.csv,IFNγ | LY96,energy_rho_partial_magmatch,0.3381965615375619,0.2231746650552935,-0.1150218964822684,-0.34010368396218443,0.1150218964822684,0,1,True
upgrade/class_c_protein_oracle.csv,IFNγ | MC1R,energy_rho_partial_magmatch,0.0940610502514521,0.062092446038491,-0.031968604212961105,-0.339870798034892,0.031968604212961105,0,1,True
upgrade/oracle_shape_test.csv,IFNγ | FBXO32,energy_vs_oracleMEAN,0.3477150988265564,0.2295474457259562,-0.11816765310060018,-0.3398404426479718,0.11816765310060018,0,1,True
upgrade/class_c_protein_oracle.csv,Control | ACTA2,energy_rho,0.4700255543814617,0.3103183246950456,-0.1597072296864161,-0.3397841419422091,0.1597072296864161,0,1,True
upgrade/class_c_protein_oracle.csv,Co-culture | RTP4,energy_rho_partial_magmatch,0.1484030813085773,0.1988215459940498,0.05041846468547251,0.3397400124100958,0.05041846468547251,0,1,True
upgrade/oracle_shape_test.csv,IFNγ | PPIA,magmatch_vs_oracleDIST,0.4725975595493353,0.3121131080009876,-0.16048445154834767,-0.33957951814517234,0.16048445154834767,0,1,True
upgrade/class_c_protein_oracle.csv,Co-culture | TSC22D3,energy_rho,0.2121785391926796,0.2841696932069782,0.07199115401429862,0.33929517230262085,0.07199115401429862,0,1,True
upgrade/oracle_shape_test.csv,IFNγ | S100B,magmatch_vs_oracleDIST,0.4985489844450509,0.3297758371993294,-0.1687731472457215,-0.33852871535499707,0.1687731472457215,0,1,True
upgrade/oracle_shape_test.csv,IFNγ | STOM,magmatch_vs_oracleDIST,0.4493813106701493,0.2974642437498946,-0.1519170669202547,-0.3380582665836841,0.1519170669202547,0,1,True
upgrade/oracle_shape_test.csv,IFNγ | FOS,mean_vs_oracleDIST,0.4027855964029992,0.2666276818317674,-0.13615791457123183,-0.3380406742126938,0.13615791457123183,0,1,True
upgrade/oracle_shape_test.csv,Co-culture | MT2A,energy_vs_oracleDIST,0.6091213776352038,0.4033633545282853,-0.2057580231069185,-0.3377947822250703,0.2057580231069185,0,1,True
upgrade/class_c_protein_oracle.csv,Co-culture | PAICS,energy_rho,0.1382135197886798,0.0915560803941269,-0.0466574393945529,-0.33757507562132366,0.0466574393945529,0,1,True
upgrade/oracle_shape_test.csv,IFNγ | CDH19,energy_vs_oracleDIST,0.5775010720829598,0.3826741992318034,-0.19482687285115635,-0.33736192410595023,0.19482687285115635,0,1,True
upgrade/oracle_shape_test.csv,IFNγ | EEA1,energy_vs_oracleDIST,0.5090884046106064,0.3373503307213494,-0.17173807388925705,-0.3373443047099388,0.17173807388925705,0,1,True
upgrade/oracle_shape_test.csv,Control | BOLA2B,energy_vs_oracleDIST,0.6619579769594945,0.4386809577291698,-0.22327701923032472,-0.33729787539668415,0.22327701923032472,0,1,True
upgrade/oracle_shape_test.csv,Co-culture | PUF60,energy_vs_oracleDIST,0.4701377247572618,0.3115728352026012,-0.15856488955466058,-0.3372732737763805,0.15856488955466058,0,1,True
upgrade/oracle_shape_test.csv,IFNγ | SLC5A3,magmatch_vs_oracleDIST,0.468875807310956,0.3107553961508973,-0.1581204111600587,-0.3372330341949037,0.1581204111600587,0,1,True
upgrade/oracle_shape_test.csv,Control | SP100,mean_vs_oracleDIST,0.3538256489117992,0.2345322943653155,-0.11929335454648368,-0.3371529308668656,0.11929335454648368,0,1,True
upgrade/oracle_shape_test.csv,Co-culture | DDR1,energy_vs_oracleDIST,0.608460164762399,0.4033888371193321,-0.20507132764306685,-0.33703328421367784,0.20507132764306685,0,1,True
upgrade/class_c_protein_oracle.csv,Control | EEA1,energy_rho,0.2454782346947643,0.1628106805761216,-0.08266755411864268,-0.33676123759580656,0.08266755411864268,0,1,True
upgrade/oracle_shape_test.csv,Co-culture | NUP50-AS1,magmatch_vs_oracleDIST,0.4519910880429312,0.2998901352836009,-0.15210095275933028,-0.3365131675890109,0.15210095275933028,0,1,True
upgrade/oracle_shape_test.csv,IFNγ | NEAT1,energy_vs_oracleDIST,0.5005730770730186,0.3321410035063081,-0.16843207356671047,-0.33647849091600524,0.16843207356671047,0,1,True
upgrade/oracle_shape_test.csv,IFNγ | GAA,energy_vs_oracleDIST,0.5573703429365977,0.3698761581744701,-0.1874941847621276,-0.3363906729846506,0.1874941847621276,0,1,True
upgrade/oracle_shape_test.csv,Co-culture | HNRNPA1,magmatch_vs_oracleDIST,0.2461728333571749,0.1633845282448459,-0.08278830511232901,-0.336301548726177,0.08278830511232901,0,1,True
upgrade/class_c_protein_oracle.csv,Co-culture | S100B,energy_rho_partial_magmatch,0.0722055008805972,0.096477668852571,0.024272167971973804,0.3361540004010433,0.024272167971973804,0,1,True
upgrade/oracle_shape_test.csv,IFNγ | RRS1,mean_vs_oracleDIST,0.154807739789222,0.102775980143724,-0.052031759645498,-0.3361056735040618,0.052031759645498,0,1,True
upgrade/oracle_shape_test.csv,Control | SEC11C,energy_vs_oracleDIST,0.2509437271310221,0.335218320564539,0.0842745934335169,0.33583064377423416,0.0842745934335169,0,1,True
upgrade/oracle_shape_test.csv,Control | ACSL3,magmatch_vs_oracleDIST,0.3058162981285729,0.2031554434358993,-0.10266085469267361,-0.3356945176594623,0.10266085469267361,0,1,True
upgrade/oracle_shape_test.csv,Co-culture | PPIA,energy_vs_oracleMEAN,0.1993196148190533,0.1324243384227086,-0.06689527639634471,-0.3356181299922424,0.06689527639634471,0,1,True
upgrade/oracle_shape_test.csv,Control | CORO1A,energy_vs_oracleDIST,0.6613912213331855,0.4394761666664568,-0.22191505466672873,-0.3355276688121262,0.22191505466672873,0,1,True
upgrade/oracle_shape_test.csv,Co-culture | CDK4,magmatch_vs_oracleDIST,0.2980947709144022,0.1981555237280567,-0.09993924718634548,-0.335259980843619,0.09993924718634548,0,1,True
upgrade/class_c_protein_oracle.csv,IFNγ | IRF3,energy_rho_partial_magmatch,0.2105155094668174,0.2810645458916481,0.07054903642483068,0.33512512500154296,0.07054903642483068,0,1,True
upgrade/oracle_shape_test.csv,Co-culture | APOD,energy_vs_oracleDIST,0.6067144310808846,0.4034648225759775,-0.20324960850490714,-0.3350004517657678,0.20324960850490714,0,1,True
upgrade/oracle_shape_test.csv,IFNγ | VAT1,mean_vs_oracleDIST,0.4345743505776253,0.2890195314022845,-0.1455548191753408,-0.3349365165750648,0.1455548191753408,0,1,True
upgrade/oracle_shape_test.csv,IFNγ | HLA-B,mean_vs_oracleDIST,0.3761677907294062,0.2501937546294491,-0.1259740360999571,-0.33488788568443834,0.1259740360999571,0,1,True
upgrade/oracle_shape_test.csv,Co-culture | FBL,energy_vs_oracleDIST,0.5370624016531251,0.3572572392276689,-0.17980516242545624,-0.3347938002585923,0.17980516242545624,0,1,True
upgrade/class_c_protein_oracle.csv,Co-culture | CD63,energy_rho,0.2265164892634315,0.302324881028153,0.07580839176472154,0.33467052227071553,0.07580839176472154,0,1,True
upgrade/oracle_shape_test.csv,IFNγ | SLC19A1,mean_vs_oracleDIST,0.3448478941691681,0.2295723363611555,-0.1152755578080126,-0.33427943089443135,0.1152755578080126,0,1,True
upgrade/oracle_shape_test.csv,Co-culture | HLA-DRB5,mean_vs_oracleDIST,0.3040113652356068,0.2025200552393321,-0.1014913099962747,-0.3338405125664286,0.1014913099962747,0,1,True
upgrade/class_c_protein_oracle.csv,Co-culture | FOS,energy_rho_partial_magmatch,0.1085830578993426,0.144819302367738,0.03623624446839539,0.33371913786022395,0.03623624446839539,0,1,True
upgrade/oracle_shape_test.csv,Co-culture | PAICS,energy_vs_oracleMEAN,0.1433563699817393,0.0955290214858782,-0.04782734849586111,-0.3336255549854767,0.04782734849586111,0,1,True
exp09_predict_then_rank/per_query_scores.csv,<column mean>,dart_coverage,-1.593173129847685,-1.0619497759154193,0.5312233539322657,0.3334373044460355,1.1641340255737305,332,66960,False
upgrade/class_c_protein_oracle.csv,Co-culture | IRF4,energy_rho_partial_magmatch,0.1066602805749104,0.0711027996680313,-0.03555748090687909,-0.3333713423143127,0.03555748090687909,0,1,True
upgrade/oracle_shape_test.csv,Co-culture | CCT3,mean_vs_oracleDIST,0.1788165537228038,0.2384249673793877,0.0596084136565839,0.3333495272981668,0.0596084136565839,0,1,True
exp08_signature_baselines/flip_vs_dart.csv,K562 | coverage_mean,mean_delta_rank,0.1,0.0666666666666666,-0.03333333333333341,-0.3333333333333341,0.03333333333333341,0,1,True
exp13_real_data_projection/projection.csv,sciplex3_within_line | K562:Disulfiram:s0,bootstrap_rank_stability,0.6,0.8,0.20000000000000007,0.3333333333333335,0.20000000000000007,0,1,True
exp13_real_data_projection/projection.csv,sciplex3_cross_line | K562->MCF7:GSK J1:s2,bootstrap_rank_stability,0.6,0.8,0.20000000000000007,0.3333333333333335,0.20000000000000007,0,1,True
exp13_real_data_projection/projection.csv,sciplex3_cross_line | K562->MCF7:Belinostat (PXD101):s0,bootstrap_rank_stability,0.6,0.8,0.20000000000000007,0.3333333333333335,0.20000000000000007,0,1,True
exp13_real_data_projection/projection.csv,sciplex3_within_line | MCF7:Triamcinolone Acetonide:s1,bootstrap_rank_stability,0.6,0.8,0.20000000000000007,0.3333333333333335,0.20000000000000007,0,1,True
exp13_real_data_projection/projection.csv,sciplex3_cross_line | K562->MCF7:Lapatinib (GW-572016) Ditosylate:s1,bootstrap_rank_stability,0.6,0.8,0.20000000000000007,0.3333333333333335,0.20000000000000007,0,1,True
exp13_real_data_projection/projection.csv,sciplex3_cross_line | K562->MCF7:Resveratrol:s1,bootstrap_rank_stability,0.6,0.8,0.20000000000000007,0.3333333333333335,0.20000000000000007,0,1,True
exp12_partial_observed_retrieval/summary.csv,leave_drug_out | mean_sufficient | DART_coverage_worst,moa_hit@1,0.5454545454545454,0.7272727272727273,0.18181818181818188,0.3333333333333335,0.18181818181818188,0,1,True
exp12_partial_observed_retrieval/summary.csv,leave_drug_out | mean_sufficient | DART_coverage_mean,moa_hit@1,0.8181818181818182,0.5454545454545454,-0.2727272727272728,-0.3333333333333334,0.2727272727272728,0,1,True
exp13_real_data_projection/projection.csv,frangieh | Co-culture:JMJD7:s1,bootstrap_rank_stability,0.6,0.4,-0.19999999999999996,-0.33333333333333326,0.19999999999999996,0,1,True
exp13_real_data_projection/projection.csv,sciplex3_within_line | A549:Zileuton:s0,bootstrap_rank_stability,0.6,0.4,-0.19999999999999996,-0.33333333333333326,0.19999999999999996,0,1,True
exp13_real_data_projection/projection.csv,sciplex3_within_line | MCF7:AICAR (Acadesine):s0,bootstrap_rank_stability,0.6,0.4,-0.19999999999999996,-0.33333333333333326,0.19999999999999996,0,1,True
exp08_signature_baselines/flip_vs_dart.csv,A549 | coverage_worst,mean_delta_rank,-0.3,-0.2,0.09999999999999998,0.33333333333333326,0.09999999999999998,0,1,True
exp13_real_data_projection/projection.csv,sciplex3_within_line | K562:Clevudine:s1,bootstrap_rank_stability,0.6,0.4,-0.19999999999999996,-0.33333333333333326,0.19999999999999996,0,1,True
exp13_real_data_projection/projection.csv,sciplex3_within_line | MCF7:Ofloxacin:s0,bootstrap_rank_stability,0.6,0.4,-0.19999999999999996,-0.33333333333333326,0.19999999999999996,0,1,True
upgrade/oracle_shape_test.csv,Control | PIK3IP1,mean_vs_oracleDIST,0.4350806619201933,0.2901197775420637,-0.1449608843781296,-0.3331816305931789,0.1449608843781296,0,1,True
upgrade/oracle_shape_test.csv,Co-culture | BZW2,energy_vs_oracleDIST,0.56060136598271,0.3738802132199752,-0.18672115276273482,-0.33307295360477884,0.18672115276273482,0,1,True
upgrade/oracle_shape_test.csv,Co-culture | CTSA,energy_vs_oracleDIST,0.5394206996245372,0.3598016526628165,-0.1796190469617207,-0.3329850839738709,0.1796190469617207,0,1,True
upgrade/oracle_shape_test.csv,IFNγ | TOP1MT,energy_vs_oracleMEAN,0.2446339973750211,0.3260874367698411,0.08145343939482,0.332960423607651,0.08145343939482,0,1,True
upgrade/oracle_shape_test.csv,IFNγ | NT5E,energy_vs_oracleDIST,0.4866705651501566,0.3249672722226071,-0.16170329292754954,-0.3322643786308667,0.16170329292754954,0,1,True
upgrade/oracle_shape_test.csv,Co-culture | CD44,energy_vs_oracleMEAN,0.1268691335745299,0.0847579935702789,-0.042111140004250994,-0.33192581061896037,0.042111140004250994,0,1,True
upgrade/oracle_shape_test.csv,IFNγ | ENPP1,energy_vs_oracleMEAN,0.2812277624004262,0.1879526952692473,-0.09327506713117889,-0.3316709073635809,0.09327506713117889,0,1,True
upgrade/oracle_shape_test.csv,IFNγ | SLC5A3,mean_vs_oracleDIST,0.4338736631450366,0.2899769989474094,-0.1438966641976272,-0.3316556786474614,0.1438966641976272,0,1,True
upgrade/oracle_shape_test.csv,IFNγ | FBXO32,energy_vs_oracleDIST,0.5584816706301249,0.3736697396254306,-0.18481193100469429,-0.33091852557340745,0.18481193100469429,0,1,True
upgrade/class_c_protein_oracle.csv,Co-culture | MYC,energy_rho_partial_magmatch,0.0747143777991033,0.0499962644838124,-0.024718113315290897,-0.33083476090444747,0.024718113315290897,0,1,True
upgrade/oracle_shape_test.csv,Co-culture | EIF3K,energy_vs_oracleDIST,0.404200805134047,0.2705232648884367,-0.1336775402456103,-0.33072061843438977,0.1336775402456103,0,1,True
upgrade/oracle_shape_test.csv,IFNγ | CDKN1A,energy_vs_oracleDIST,0.515827063272387,0.3453177913791534,-0.17050927189323362,-0.33055511048902586,0.17050927189323362,0,1,True
upgrade/class_c_protein_oracle.csv,Co-culture | SLIRP,energy_rho_partial_magmatch,0.2534388467042612,0.1697354849134373,-0.08370336179082391,-0.33027044937786393,0.08370336179082391,0,1,True
upgrade/oracle_shape_test.csv,IFNγ | CXCR4,mean_vs_oracleDIST,0.4263875352487882,0.2855801035905398,-0.14080743165824838,-0.3302334613888049,0.14080743165824838,0,1,True
upgrade/class_c_protein_oracle.csv,Co-culture | GSN,energy_rho,0.3041672446100812,0.2038196087379804,-0.1003476358721008,-0.3299094088870045,0.1003476358721008,0,1,True
upgrade/oracle_shape_test.csv,Control | C19orf48,magmatch_vs_oracleDIST,0.5405866298569383,0.3622526779999115,-0.17833395185702677,-0.3298896828140595,0.17833395185702677,0,1,True
upgrade/oracle_shape_test.csv,IFNγ | RRS1,energy_vs_oracleDIST,0.4848242433693294,0.32488973789196,-0.15993450547736937,-0.3298814109746044,0.15993450547736937,0,1,True
upgrade/oracle_shape_test.csv,IFNγ | LY96,energy_vs_oracleDIST,0.563885488544956,0.3779481964181371,-0.18593729212681892,-0.32974299907346344,0.18593729212681892,0,1,True
upgrade/class_c_protein_oracle.csv,IFNγ | TAPBP,energy_rho_partial_magmatch,-0.2042103621691162,-0.1368975868387197,0.06731277533039651,0.32962468023366825,0.06731277533039651,0,1,True
upgrade/oracle_shape_test.csv,Co-culture | CTSB,magmatch_vs_oracleDIST,0.5289404049067886,0.3546695979368367,-0.1742708069699519,-0.32947153470089396,0.1742708069699519,0,1,True
exp12_partial_observed_retrieval/summary.csv,leave_drug_out | mean_sufficient | DART_mmd,decision_regret,0.3679707267067649,0.2467646165327592,-0.1212061101740057,-0.329390631854785,0.1212061101740057,0,1,True
upgrade/oracle_shape_test.csv,IFNγ | CD151,mean_vs_oracleDIST,0.3677117201408652,0.2465942189633285,-0.12111750117753667,-0.32938167195524326,0.12111750117753667,0,1,True
upgrade/class_c_protein_oracle.csv,Co-culture | JMJD7,energy_rho,0.2242022066765547,0.1505053950699294,-0.07369681160662528,-0.32870689677441034,0.07369681160662528,0,1,True
upgrade/oracle_shape_test.csv,Co-culture | CD47,magmatch_vs_oracleDIST,0.2504330592603446,0.1681428229730191,-0.08229023628732549,-0.328591746354775,0.08229023628732549,0,1,True
upgrade/oracle_shape_test.csv,IFNγ | CTSA,energy_vs_oracleMEAN,0.2567110461479291,0.1724221726046274,-0.08428887354330172,-0.3283414360546467,0.08428887354330172,0,1,True
upgrade/class_c_protein_oracle.csv,Co-culture | NMRK1,energy_rho_partial_magmatch,0.4001235905665763,0.5314423320277366,0.1313187414611603,0.3281954489991768,0.1313187414611603,0,1,True
upgrade/oracle_shape_test.csv,IFNγ | CYP27A1,mean_vs_oracleDIST,0.453081231400985,0.3044685209071928,-0.1486127104937922,-0.3280045612003453,0.1486127104937922,0,1,True
upgrade/oracle_shape_test.csv,Co-culture | VAT1,energy_vs_oracleMEAN,0.2475616345692196,0.3287586264412702,0.0811969918720506,0.3279869759033582,0.0811969918720506,0,1,True
upgrade/oracle_shape_test.csv,IFNγ | SLC7A5P1,energy_vs_oracleDIST,0.5151119553784835,0.3462368838737745,-0.16887507150470904,-0.3278414910417415,0.16887507150470904,0,1,True
upgrade/oracle_shape_test.csv,Co-culture | NSG1,magmatch_vs_oracleDIST,0.5307288194784291,0.356780702259887,-0.1739481172185421,-0.327753291011196,0.1739481172185421,0,1,True
upgrade/class_c_protein_oracle.csv,IFNγ | SLC26A2,energy_rho,0.1679461489480592,0.1129281802991943,-0.05501796864886491,-0.32759291590473055,0.05501796864886491,0,1,True
upgrade/oracle_shape_test.csv,Co-culture | C1QBP,energy_vs_oracleDIST,0.5504813024383943,0.3703298084346218,-0.1801514940037725,-0.32726178565153663,0.1801514940037725,0,1,True
upgrade/oracle_shape_test.csv,Co-culture | SLC26A2,energy_vs_oracleMEAN,0.3790745009826886,0.5030894745895131,0.12401497360682456,0.3271519801129753,0.12401497360682456,0,1,True
upgrade/oracle_shape_test.csv,IFNγ | S100B,energy_vs_oracleDIST,0.5179547302781692,0.3487141501955739,-0.1692405800825953,-0.32674782213438636,0.1692405800825953,0,1,True
upgrade/class_c_protein_oracle.csv,IFNγ | ST3GAL6-AS1,energy_rho_partial_magmatch,0.3653435213701869,0.2459979467986952,-0.1193455745714917,-0.32666673306234423,0.1193455745714917,0,1,True
upgrade/class_c_protein_oracle.csv,IFNγ | GPATCH4,energy_rho,0.3514888308448013,0.2368692578586929,-0.11461957298610842,-0.32609734059150886,0.11461957298610842,0,1,True
upgrade/class_c_protein_oracle.csv,IFNγ | IDI2-AS1,energy_rho,0.327652982989617,0.2208168622405884,-0.10683612074902857,-0.3260648499953199,0.10683612074902857,0,1,True
upgrade/class_c_protein_oracle.csv,Co-culture | GAA,energy_rho,0.2447805572463512,0.1649980395779388,-0.0797825176684124,-0.325934864132685,0.0797825176684124,0,1,True
upgrade/class_c_protein_oracle.csv,Co-culture | SERPINE2,energy_rho_partial_magmatch,0.3208854737068888,0.4254613941641391,0.10457592045725028,0.32589795745249167,0.10457592045725028,0,1,True
upgrade/oracle_shape_test.csv,Control | CCND2,energy_vs_oracleMEAN,0.3744617395871248,0.2524946693484703,-0.1219670702386545,-0.32571303645903404,0.1219670702386545,0,1,True
upgrade/oracle_shape_test.csv,Control | E2F1,magmatch_vs_oracleDIST,0.4248702444479989,0.2865214176951182,-0.13834882675288074,-0.3256260671599318,0.13834882675288074,0,1,True
upgrade/oracle_shape_test.csv,IFNγ | JMJD7,energy_vs_oracleDIST,0.5312505035541174,0.3583674082537275,-0.17288309530038992,-0.3254266944572951,0.17288309530038992,0,1,True
upgrade/oracle_shape_test.csv,IFNγ | NGFR,energy_vs_oracleMEAN,0.2776993749431471,0.1874281704416981,-0.09027120450144901,-0.32506808673923043,0.09027120450144901,0,1,True
upgrade/oracle_shape_test.csv,IFNγ | NOLC1,energy_vs_oracleDIST,0.37259574025704,0.2515358725455797,-0.12105986771146032,-0.32490942496536757,0.12105986771146032,0,1,True
upgrade/class_c_protein_oracle.csv,IFNγ | APOE,energy_rho_partial_magmatch,0.3645513495250347,0.2461226982703728,-0.1184286512546619,-0.32486137113183033,0.1184286512546619,0,1,True
upgrade/oracle_shape_test.csv,Co-culture | TSC22D3,energy_vs_oracleMEAN,0.2496593151321996,0.3307611360370748,0.0811018209048752,0.32484996949515044,0.0811018209048752,0,1,True
upgrade/class_c_protein_oracle.csv,Co-culture | APOD,energy_rho,0.2850245183066354,0.1925030217140633,-0.09252149659257208,-0.32460890432252393,0.09252149659257208,0,1,True
upgrade/oracle_shape_test.csv,IFNγ | XAGE1A,energy_vs_oracleMEAN,0.1179062544670123,0.1561166312207845,0.0382103767537722,0.32407421409915677,0.0382103767537722,0,1,True
upgrade/oracle_shape_test.csv,Co-culture | LRPAP1,energy_vs_oracleMEAN,0.2729782025391085,0.3614178513658378,0.08843964882672933,0.32398062557415713,0.08843964882672933,0,1,True
upgrade/oracle_shape_test.csv,IFNγ | SET,magmatch_vs_oracleDIST,-0.2994976154275986,-0.2024711187348121,0.09702649669278651,0.3239641709809939,0.09702649669278651,0,1,True
upgrade/class_c_protein_oracle.csv,IFNγ | MT2A,energy_rho,0.1973340596645282,0.1334294959260847,-0.0639045637384435,-0.32383950265393885,0.0639045637384435,0,1,True
upgrade/oracle_shape_test.csv,Co-culture | ISYNA1,magmatch_vs_oracleDIST,0.2892198794325953,0.1955910484290851,-0.09362883100351022,-0.3237288916211275,0.09362883100351022,0,1,True
upgrade/oracle_shape_test.csv,IFNγ | UBC,magmatch_vs_oracleDIST,-0.2976211453744494,-0.2012948686327745,0.0963262767416749,0.3236540085902931,0.0963262767416749,0,1,True
upgrade/class_c_protein_oracle.csv,IFNγ | IDH2,energy_rho_partial_magmatch,0.2471103140878198,0.1671404623601418,-0.07996985172767801,-0.32362004808612627,0.07996985172767801,0,1,True
upgrade/oracle_shape_test.csv,Control | NOLC1,energy_vs_oracleDIST,0.4365902585382765,0.295329522845154,-0.14126073569312247,-0.3235544837076065,0.14126073569312247,0,1,True
upgrade/oracle_shape_test.csv,Control | EMP1,magmatch_vs_oracleDIST,0.1947170818886313,0.1317209760416643,-0.062996105846967,-0.3235263451770385,0.062996105846967,0,1,True
upgrade/oracle_shape_test.csv,Co-culture | ACTA2,magmatch_vs_oracleDIST,0.482860930496812,0.3267314117529185,-0.15612951874389353,-0.3233426207899095,0.15612951874389353,0,1,True
upgrade/oracle_shape_test.csv,Co-culture | HLA-E,mean_vs_oracleDIST,0.2775511693323966,0.1878188581598441,-0.08973231117255251,-0.3233000653118801,0.08973231117255251,0,1,True
upgrade/oracle_shape_test.csv,Control | EIF3K,mean_vs_oracleDIST,0.1969538774271309,0.1332952977215538,-0.06365857970557712,-0.32321567128897755,0.06365857970557712,0,1,True
upgrade/class_c_protein_oracle.csv,Control | CSPG4,energy_rho,0.4803782904887071,0.325268713095948,-0.1551095773927591,-0.3228904812391922,0.1551095773927591,0,1,True
upgrade/oracle_shape_test.csv,IFNγ | PIK3IP1,mean_vs_oracleDIST,0.4184585396280846,0.2833642049989582,-0.1350943346291264,-0.32283803969969127,0.1350943346291264,0,1,True
upgrade/oracle_shape_test.csv,Control | SCARB2,energy_vs_oracleDIST,0.3445534154583227,0.4557281991151055,0.1111747836567828,0.3226634207323089,0.1111747836567828,0,1,True
upgrade/oracle_shape_test.csv,Control | UCN2,mean_vs_oracleDIST,0.2814521034820206,0.1906389602931008,-0.09081314318891981,-0.3226593159738848,0.09081314318891981,0,1,True
upgrade/class_c_protein_oracle.csv,Control | A2M,energy_rho_partial_magmatch,0.2115912860692726,0.1433463519199791,-0.0682449341492935,-0.3225318746205403,0.0682449341492935,0,1,True
upgrade/oracle_shape_test.csv,IFNγ | GPNMB,mean_vs_oracleDIST,0.4019216924616324,0.2723049133886918,-0.1296167790729406,-0.3224926185971261,0.1296167790729406,0,1,True
upgrade/oracle_shape_test.csv,Control | CSPG4,energy_vs_oracleMEAN,0.4838745429745602,0.3278669735964376,-0.15600756937812255,-0.3224132611298063,0.15600756937812255,0,1,True
upgrade/class_c_protein_oracle.csv,IFNγ | APOE,energy_rho,0.3121682065676452,0.2116143620131768,-0.10055384455446842,-0.3221143038878911,0.10055384455446842,0,1,True
upgrade/class_c_protein_oracle.csv,IFNγ | RB1,energy_rho,0.344744024208041,0.2337853582798301,-0.11095866592821091,-0.32185812700628924,0.11095866592821091,0,1,True
upgrade/class_c_protein_oracle.csv,IFNγ | ENPP1,energy_rho,0.2607301237716938,0.1768492456434447,-0.0838808781282491,-0.321715331220027,0.0838808781282491,0,1,True
upgrade/oracle_shape_test.csv,IFNγ | CDKN2A,energy_vs_oracleDIST,0.4712169765961041,0.3196512156771016,-0.15156576091900253,-0.3216474966879528,0.15156576091900253,0,1,True
upgrade/oracle_shape_test.csv,Control | AGA,energy_vs_oracleDIST,0.6651632948905091,0.4512734998923164,-0.21388979499819266,-0.3215598284529524,0.21388979499819266,0,1,True
upgrade/class_c_protein_oracle.csv,Co-culture | CGAS,energy_rho,0.14976586414822,0.1978450994371243,0.048079235288904315,0.3210293317662919,0.048079235288904315,0,1,True
upgrade/class_c_protein_oracle.csv,Co-culture | CD59,energy_rho_partial_magmatch,0.0836865664467248,0.0568360235806631,-0.0268505428660617,-0.3208465110485189,0.0268505428660617,0,1,True
upgrade/oracle_shape_test.csv,Control | CYP27A1,magmatch_vs_oracleDIST,0.5465992773236036,0.3713596971257933,-0.17523958019781027,-0.3205997290297606,0.17523958019781027,0,1,True
upgrade/oracle_shape_test.csv,IFNγ | JPT1,energy_vs_oracleDIST,0.4978597325640326,0.3383499898249668,-0.15950974273906582,-0.32039093002676283,0.15950974273906582,0,1,True
upgrade/oracle_shape_test.csv,Co-culture | PYGB,magmatch_vs_oracleDIST,0.432679917227911,0.2942597261721177,-0.13842019105579328,-0.3199136025138912,0.13842019105579328,0,1,True
upgrade/oracle_shape_test.csv,Control | TOP1MT,energy_vs_oracleDIST,0.4361965407755483,0.5756473923573634,0.13945085158181508,0.3196972890566129,0.13945085158181508,0,1,True
upgrade/oracle_shape_test.csv,IFNγ | DLL3,energy_vs_oracleMEAN,0.3008833963588164,0.2047665458136784,-0.096116850545138,-0.3194488353571844,0.096116850545138,0,1,True
upgrade/oracle_shape_test.csv,IFNγ | RAB27A,mean_vs_oracleDIST,0.4454027783192338,0.3032619910854677,-0.1421407872337661,-0.31912864973619326,0.1421407872337661,0,1,True
upgrade/oracle_shape_test.csv,Co-culture | DDX17,energy_vs_oracleDIST,0.6122742691274354,0.4169394463788059,-0.1953348227486295,-0.3190315722837825,0.1953348227486295,0,1,True
upgrade/oracle_shape_test.csv,Control | DDX39A,magmatch_vs_oracleDIST,0.3673080241261572,0.2501256308304985,-0.11718239329565872,-0.3190303113427512,0.11718239329565872,0,1,True
upgrade/oracle_shape_test.csv,Control | SLC7A5P1,mean_vs_oracleDIST,0.3890714401764247,0.2651056117623203,-0.12396582841410442,-0.3186197073676033,0.12396582841410442,0,1,True
upgrade/oracle_shape_test.csv,Co-culture | AEBP1,energy_vs_oracleDIST,0.5456442433378951,0.3718425477031208,-0.17380169563477427,-0.31852566531549753,0.17380169563477427,0,1,True
upgrade/oracle_shape_test.csv,IFNγ | FBXO32,mean_vs_oracleDIST,0.3618016191701428,0.2465634868036333,-0.11523813236650951,-0.3185119310157564,0.11523813236650951,0,1,True
upgrade/oracle_shape_test.csv,IFNγ | DNMT1,mean_vs_oracleDIST,0.2283175444751991,0.3010341377204267,0.07271659324522758,0.3184888546886347,0.07271659324522758,0,1,True
upgrade/class_c_protein_oracle.csv,Co-culture | CTSL,energy_rho_partial_magmatch,0.2732770438341106,0.1862597869076238,-0.08701725692648682,-0.3184213928313333,0.08701725692648682,0,1,True
upgrade/oracle_shape_test.csv,Co-culture | CDKN1A,mean_vs_oracleDIST,0.2041439326240292,0.1391517424590352,-0.064992190164994,-0.3183645447091968,0.064992190164994,0,1,True
upgrade/oracle_shape_test.csv,IFNγ | HLA-DRB5,energy_vs_oracleDIST,0.5853510584382675,0.3990347354878952,-0.18631632295037232,-0.3182984300865011,0.18631632295037232,0,1,True
upgrade/class_c_protein_oracle.csv,Co-culture | P2RX4,energy_rho,0.3038596279889197,0.4005719685046834,0.09671234051576372,0.3182796647117937,0.09671234051576372,0,1,True
upgrade/oracle_shape_test.csv,Co-culture | APOC2,mean_vs_oracleDIST,0.2506855685716254,0.1709713905792019,-0.07971417799242347,-0.31798471067411166,0.07971417799242347,0,1,True
upgrade/oracle_shape_test.csv,Control | JAK1,mean_vs_oracleDIST,0.2667353490521956,0.1820028640050982,-0.08473248504709738,-0.31766500146374177,0.08473248504709738,0,1,True
upgrade/oracle_shape_test.csv,IFNγ | NUP50-AS1,energy_vs_oracleDIST,0.5037326699324527,0.3437812690863254,-0.1599514008461273,-0.31753231504237306,0.1599514008461273,0,1,True
upgrade/oracle_shape_test.csv,Co-culture | FKBP4,mean_vs_oracleDIST,0.2196315564824526,0.2893658251813172,0.0697342686988646,0.31750568914461064,0.0697342686988646,0,1,True
upgrade/oracle_shape_test.csv,IFNγ | C19orf48,energy_vs_oracleDIST,0.511437636706892,0.3491674138760022,-0.16227022283088982,-0.3172825212390223,0.16227022283088982,0,1,True
upgrade/oracle_shape_test.csv,Co-culture | FOS,energy_vs_oracleDIST,0.5320365397189618,0.3632595477187578,-0.16877699200020402,-0.31722819656213325,0.16877699200020402,0,1,True
upgrade/oracle_shape_test.csv,Co-culture | JMJD7,energy_vs_oracleMEAN,0.2415523762805725,0.1649528658938105,-0.076599510386762,-0.31711346237301624,0.076599510386762,0,1,True
upgrade/oracle_shape_test.csv,Co-culture | FRZB,energy_vs_oracleDIST,0.558059059975925,0.3812295179995625,-0.17682954197636247,-0.31686528301142713,0.17682954197636247,0,1,True
upgrade/oracle_shape_test.csv,IFNγ | TSC22D3,energy_vs_oracleDIST,0.492176911147577,0.3362479269808767,-0.1559289841667003,-0.31681491072616713,0.1559289841667003,0,1,True
upgrade/oracle_shape_test.csv,Control | FMN1,energy_vs_oracleDIST,0.6092685955669634,0.4163550560269423,-0.19291353954002116,-0.3166313526475179,0.19291353954002116,0,1,True
upgrade/oracle_shape_test.csv,IFNγ | EVA1A,magmatch_vs_oracleDIST,0.493063038478032,0.3369943568137436,-0.1560686816642884,-0.316528860378655,0.1560686816642884,0,1,True
upgrade/class_c_protein_oracle.csv,IFNγ | TOP1MT,energy_rho,0.2377322457771926,0.31286265642665,0.07513041064945741,0.31602953315753024,0.07513041064945741,0,1,True
upgrade/class_c_protein_oracle.csv,Co-culture | SERPINA3,energy_rho_partial_magmatch,0.225541201006099,0.2967801008763115,0.07123889987021251,0.31585758855778234,0.07123889987021251,0,1,True
upgrade/oracle_shape_test.csv,Co-culture | GAA,energy_vs_oracleDIST,0.5646770066171016,0.3865270027223106,-0.17815000389479102,-0.3154900975374612,0.17815000389479102,0,1,True
upgrade/oracle_shape_test.csv,Co-culture | HLA-C,energy_vs_oracleDIST,0.498775966905064,0.3414727092875404,-0.15730325761752356,-0.3153785828808074,0.15730325761752356,0,1,True
upgrade/class_c_protein_oracle.csv,Co-culture | RNASEH2A,energy_rho,0.3431630497796624,0.4512984248862983,0.1081353751066359,0.3151136906379265,0.1081353751066359,0,1,True
upgrade/oracle_shape_test.csv,Co-culture | CITED1,energy_vs_oracleDIST,0.530425344985055,0.3632949810574678,-0.16713036392758718,-0.31508743974573117,0.16713036392758718,0,1,True
upgrade/class_c_protein_oracle.csv,Co-culture | TXNDC17,energy_rho,0.2346176366170933,0.3085403166443597,0.0739226800272664,0.3150772511953634,0.0739226800272664,0,1,True
exp08_signature_baselines/summary.csv,A549+MCF7 | coverage_worst,mrr,0.6954142933685272,0.91435169984665,0.21893740647812276,0.3148301790255255,0.21893740647812276,0,1,True
upgrade/oracle_shape_test.csv,Co-culture | TXNDC17,energy_vs_oracleMEAN,0.237884041469442,0.3127704267581105,0.0748863852886685,0.31480205576668846,0.0748863852886685,0,1,True
upgrade/class_c_protein_oracle.csv,Co-culture | LRPAP1,energy_rho_partial_magmatch,0.2539670313186835,0.3338468461529106,0.07987981483422713,0.314528285106393,0.07987981483422713,0,1,True
upgrade/oracle_shape_test.csv,IFNγ | PROS1,magmatch_vs_oracleDIST,0.4891052980390628,0.3354707418814081,-0.1536345561576547,-0.31411345731402107,0.1536345561576547,0,1,True
upgrade/oracle_shape_test.csv,Control | BZW2,energy_vs_oracleDIST,0.6321025500224813,0.4335554595569482,-0.1985470904655331,-0.3141058210546241,0.1985470904655331,0,1,True
upgrade/oracle_shape_test.csv,IFNγ | IRF3,energy_vs_oracleDIST,0.5758751445687628,0.3952318947929255,-0.1806432497758373,-0.31368474829923393,0.1806432497758373,0,1,True
upgrade/class_c_protein_oracle.csv,IFNγ | S100B,energy_rho,0.2871451405403297,0.1970724987979675,-0.09007264174236218,-0.3136833225624845,0.09007264174236218,0,1,True
upgrade/oracle_shape_test.csv,IFNγ | LCP1,energy_vs_oracleMEAN,0.3226870025532917,0.221540420776318,-0.10114658177697369,-0.31345105621435543,0.10114658177697369,0,1,True
upgrade/class_c_protein_oracle.csv,Co-culture | S100A6,energy_rho_partial_magmatch,0.1669520909913828,0.2192678504102407,0.05231575941885788,0.31335791668256585,0.05231575941885788,0,1,True
upgrade/oracle_shape_test.csv,Co-culture | IDH2,mean_vs_oracleDIST,0.2688094823037883,0.1845964686920307,-0.08421301361175762,-0.3132814099042324,0.08421301361175762,0,1,True
upgrade/oracle_shape_test.csv,IFNγ | HSPA1A,mean_vs_oracleDIST,0.4037648954556677,0.2772793783218328,-0.12648551713383488,-0.31326526539928645,0.12648551713383488,0,1,True
upgrade/class_c_protein_oracle.csv,IFNγ | EEA1,energy_rho,0.2464033890816472,0.1692597219756848,-0.07714366710596238,-0.31307875834613774,0.07714366710596238,0,1,True
exp12_partial_observed_retrieval/summary.csv,leave_drug_out | mean_sufficient | DART_energy,decision_regret,0.6096976887096058,0.4188574010675603,-0.19084028764204553,-0.31300805493612627,0.19084028764204553,0,1,True
upgrade/oracle_shape_test.csv,IFNγ | SHMT2,mean_vs_oracleDIST,0.3999215105324029,0.2748041012046314,-0.1251174093277715,-0.3128549128582922,0.1251174093277715,0,1,True
upgrade/oracle_shape_test.csv,Co-culture | STX7,magmatch_vs_oracleDIST,0.4106328427741507,0.2822110085951621,-0.12842183417898856,-0.3127412637318466,0.12842183417898856,0,1,True
upgrade/class_c_protein_oracle.csv,Co-culture | STX7,energy_rho_partial_magmatch,0.3847378970723398,0.5049856110233055,0.12024771395096573,0.3125445007263122,0.12024771395096573,0,1,True
upgrade/oracle_shape_test.csv,IFNγ | ST3GAL6-AS1,energy_vs_oracleDIST,0.5784044806570243,0.397645419319707,-0.18075906133731734,-0.312513245284664,0.18075906133731734,0,1,True
upgrade/class_c_protein_oracle.csv,IFNγ | CD58,energy_rho,0.0976118143832799,0.1280938048143208,0.030481990431040912,0.312277674824803,0.030481990431040912,0,1,True
upgrade/class_c_protein_oracle.csv,IFNγ | EVA1A,energy_rho_partial_magmatch,0.1292846282795992,0.1696167790729406,0.040332150793341404,0.3119640078642336,0.040332150793341404,0,1,True
upgrade/oracle_shape_test.csv,Control | CTSA,mean_vs_oracleDIST,0.2028997736755865,0.1396422890378127,-0.06325748463777381,-0.3117671522833499,0.06325748463777381,0,1,True
upgrade/oracle_shape_test.csv,IFNγ | MIA,energy_vs_oracleDIST,0.5597989837430786,0.3854929632373007,-0.17430602050577787,-0.3113725204363289,0.17430602050577787,0,1,True
upgrade/oracle_shape_test.csv,Co-culture | NPC2,energy_vs_oracleDIST,0.3419653680004679,0.2355500677894836,-0.1064153002109843,-0.3111873603845133,0.1064153002109843,0,1,True
upgrade/oracle_shape_test.csv,Co-culture | DDX39A,energy_vs_oracleDIST,0.5296898247434801,0.3648731647099755,-0.16481666003350465,-0.31115693059296085,0.16481666003350465,0,1,True
upgrade/oracle_shape_test.csv,Co-culture | XAGE1A,energy_vs_oracleMEAN,0.4204030998413708,0.5511994481860738,0.130796348344703,0.3111212747814084,0.130796348344703,0,1,True
upgrade/class_c_protein_oracle.csv,Co-culture | CITED1,energy_rho_partial_magmatch,0.2865835895588558,0.3756579865625664,0.08907439700371056,0.3108147160164497,0.08907439700371056,0,1,True
upgrade/oracle_shape_test.csv,IFNγ | CTSO,energy_vs_oracleMEAN,0.2861076241342117,0.1971930918872558,-0.08891453224695589,-0.3107730264651966,0.08891453224695589,0,1,True
upgrade/oracle_shape_test.csv,Co-culture | EEA1,magmatch_vs_oracleDIST,0.541074751443386,0.3729776813042916,-0.16809707013909442,-0.31067254513479703,0.16809707013909442,0,1,True
upgrade/class_c_protein_oracle.csv,Co-culture | XAGE1A,energy_rho,0.4189413257549652,0.5490855514287915,0.13014422567382627,0.3106502454473694,0.13014422567382627,0,1,True
upgrade/oracle_shape_test.csv,IFNγ | SMAD4,energy_vs_oracleDIST,0.518740010136057,0.3578334827752004,-0.1609065273608566,-0.31018723101511575,0.1609065273608566,0,1,True
exp03_crossline_semireal/crossline_retrieval.csv,<column mean>,coverage_worst_hit@1,0.6635555555555556,0.8693333333333333,0.20577777777777773,0.3101138647019423,0.5,0,15,False
upgrade/oracle_shape_test.csv,Control | GSN,energy_vs_oracleDIST,0.3451869223028414,0.2382514707308502,-0.10693545157199122,-0.30978998525956314,0.10693545157199122,0,1,True
upgrade/oracle_shape_test.csv,IFNγ | APOC2,mean_vs_oracleDIST,0.3724252465790807,0.2572360420610179,-0.1151892045180628,-0.30929483319440737,0.1151892045180628,0,1,True
upgrade/oracle_shape_test.csv,IFNγ | PAICS,energy_vs_oracleDIST,0.2626996381426772,0.1814484165659558,-0.0812512215767214,-0.3092932375209147,0.0812512215767214,0,1,True
upgrade/class_c_protein_oracle.csv,Co-culture | SAT1,energy_rho_partial_magmatch,0.2269473767120391,0.1567660043702643,-0.0701813723417748,-0.30924072954068127,0.0701813723417748,0,1,True
upgrade/oracle_shape_test.csv,Co-culture | CDKN1A,energy_vs_oracleMEAN,0.2407496746626018,0.1663231343123667,-0.0744265403502351,-0.3091449259673561,0.0744265403502351,0,1,True
upgrade/oracle_shape_test.csv,Co-culture | PET100,energy_vs_oracleDIST,0.4066702998663901,0.2810712417956191,-0.12559905807077099,-0.30884738352428504,0.12559905807077099,0,1,True
upgrade/oracle_shape_test.csv,IFNγ | PTMA,energy_vs_oracleDIST,0.4710164570624974,0.3258243343339441,-0.1451921227285533,-0.3082527596467575,0.1451921227285533,0,1,True
upgrade/oracle_shape_test.csv,Control | SP100,magmatch_vs_oracleDIST,0.2777304956500055,0.3633168050599942,0.08558630940998868,0.3081631680729944,0.08558630940998868,0,1,True
upgrade/oracle_shape_test.csv,IFNγ | SGK1,energy_vs_oracleDIST,0.4657154366951256,0.3221992644861148,-0.1435161722090108,-0.3081627983548283,0.1435161722090108,0,1,True
upgrade/oracle_shape_test.csv,IFNγ | NMRK1,energy_vs_oracleDIST,0.4625827355873833,0.3200541421527903,-0.14252859343459295,-0.3081148137826879,0.14252859343459295,0,1,True
upgrade/oracle_shape_test.csv,IFNγ | CTSO,energy_vs_oracleDIST,0.5857097189193404,0.405275427858563,-0.1804342910607774,-0.308060947654559,0.1804342910607774,0,1,True
upgrade/class_c_protein_oracle.csv,Co-culture | SLC26A2,energy_rho,0.395061821345029,0.5167481433905398,0.12168632204551078,0.3080184302072447,0.12168632204551078,0,1,True
upgrade/oracle_shape_test.csv,Control | SLC22A18,energy_vs_oracleDIST,0.1662180900839176,0.2174112366229929,0.05119314653907528,0.30798781596653935,0.05119314653907528,0,1,True
upgrade/oracle_shape_test.csv,Co-culture | APOD,mean_vs_oracleDIST,0.2891920802423626,0.2001275867371267,-0.0890644935052359,-0.3079769453941955,0.0890644935052359,0,1,True
upgrade/oracle_shape_test.csv,IFNγ | SDCBP,mean_vs_oracleDIST,0.4166496432887606,0.2884020116174808,-0.12824763167127978,-0.3078068918023705,0.12824763167127978,0,1,True
upgrade/oracle_shape_test.csv,Co-culture | LEF1-AS1,magmatch_vs_oracleDIST,0.5697936315530074,0.3946656828842123,-0.17512794866879516,-0.3073532924393578,0.17512794866879516,0,1,True
upgrade/oracle_shape_test.csv,IFNγ | UCN2,magmatch_vs_oracleDIST,0.4313557626083453,0.2990880147622574,-0.1322677478460879,-0.30663262047615675,0.1322677478460879,0,1,True
upgrade/oracle_shape_test.csv,Control | CST3,mean_vs_oracleDIST,0.328376950426515,0.2277085566245546,-0.10066839380196038,-0.3065635199766806,0.10066839380196038,0,1,True
upgrade/oracle_shape_test.csv,Co-culture | P2RX4,energy_vs_oracleMEAN,0.3201117295787438,0.4182290926139154,0.0981173630351716,0.3065097400969678,0.0981173630351716,0,1,True
upgrade/class_c_protein_oracle.csv,IFNγ | FTH1,energy_rho,0.2913898093641573,0.3806952295557028,0.08930542019154547,0.3064809314588562,0.08930542019154547,0,1,True
upgrade/oracle_shape_test.csv,IFNγ | SINHCAF,energy_vs_oracleDIST,0.4257670073335835,0.295302923941357,-0.13046408339222654,-0.3064213082391549,0.13046408339222654,0,1,True
upgrade/class_c_protein_oracle.csv,IFNγ | GPATCH4,energy_rho_partial_magmatch,0.4299585461255571,0.2982303483944745,-0.13172819773108263,-0.3063741816928909,0.13172819773108263,0,1,True
upgrade/oracle_shape_test.csv,IFNγ | CSPG4,mean_vs_oracleDIST,0.3259923137479645,0.226179096331527,-0.0998132174164375,-0.3061827325585548,0.0998132174164375,0,1,True
upgrade/class_c_protein_oracle.csv,IFNγ | CD151,energy_rho,0.3287684690655335,0.2281397736280586,-0.10062869543747488,-0.30607769572153387,0.10062869543747488,0,1,True
exp11_hir_benchmark/method_dominance.csv,worst | predicted_structure | decision_regret,best_value,0.5258648591382163,0.3649262889155319,-0.16093857022268443,-0.3060454932973263,0.16093857022268443,0,1,True
upgrade/oracle_shape_test.csv,Co-culture | NGFR,energy_vs_oracleDIST,0.5871727586468513,0.4078589514602692,-0.17931380718658207,-0.3053850924552657,0.17931380718658207,0,1,True
upgrade/class_c_protein_oracle.csv,Co-culture | CST3,energy_rho_partial_magmatch,0.2876816575730496,0.1998512743322547,-0.0878303832407949,-0.305304078062372,0.0878303832407949,0,1,True
upgrade/oracle_shape_test.csv,Co-culture | RPSA,energy_vs_oracleDIST,0.4639524031393597,0.3224885603436442,-0.1414638427957155,-0.3049102490654053,0.1414638427957155,0,1,True
upgrade/oracle_shape_test.csv,IFNγ | FTH1,energy_vs_oracleMEAN,0.2818286486556729,0.3677429080087846,0.0859142593531117,0.3048457272279595,0.0859142593531117,0,1,True
upgrade/class_c_protein_oracle.csv,IFNγ | NGFR,energy_rho,0.2961293256923057,0.2059558431770041,-0.0901734825153016,-0.30450710109338075,0.0901734825153016,0,1,True
upgrade/oracle_shape_test.csv,IFNγ | CD151,energy_vs_oracleDIST,0.5843708716673677,0.4064263658145669,-0.17794450585280075,-0.30450611842626085,0.17794450585280075,0,1,True
upgrade/oracle_shape_test.csv,Co-culture | KCNN4,magmatch_vs_oracleDIST,0.4880987612565002,0.3395017630772928,-0.1485969981792074,-0.30444043290886036,0.1485969981792074,0,1,True
upgrade/oracle_shape_test.csv,Control | TPP1,energy_vs_oracleDIST,0.4541256831375575,0.3160065642896096,-0.13811911884794792,-0.30414293658460795,0.13811911884794792,0,1,True
exp12_partial_observed_retrieval/summary.csv,leave_MoA_out | DART_recommended | DART_coverage_worst,decision_regret,0.1813406846961196,0.2364843426918497,0.055143657995730094,0.30408872718296337,0.055143657995730094,0,1,True
upgrade/oracle_shape_test.csv,IFNγ | SDC3,mean_vs_oracleDIST,0.3587815939599496,0.2496989071251283,-0.10908268683482128,-0.3040364630494341,0.10908268683482128,0,1,True
upgrade/oracle_shape_test.csv,Control | CDKN2B,energy_vs_oracleDIST,0.6276831155942182,0.4369081339508031,-0.1907749816434151,-0.3039351814694128,0.1907749816434151,0,1,True
upgrade/oracle_shape_test.csv,Co-culture | RBP7,magmatch_vs_oracleDIST,0.4929103377659528,0.343114401196755,-0.14979593656919776,-0.30390098379378067,0.14979593656919776,0,1,True
upgrade/oracle_shape_test.csv,IFNγ | PFDN4,magmatch_vs_oracleDIST,0.4925661117825166,0.3429028108065962,-0.1496633009759204,-0.3038440879221538,0.1496633009759204,0,1,True
upgrade/oracle_shape_test.csv,Co-culture | LRPAP1,magmatch_vs_oracleDIST,0.5215620364991785,0.3634356092568986,-0.15812642724227993,-0.30317856012614325,0.15812642724227993,0,1,True
upgrade/class_c_protein_oracle.csv,IFNγ | BOLA2,energy_rho_partial_magmatch,0.2175431757046508,0.1516172209010694,-0.06592595480358138,-0.30304768048934927,0.06592595480358138,0,1,True
exp08_signature_baselines/divergence_stratified.csv,high(<0.3) | controlled | coverage_worst | hit@1,hit@1_mean,0.55,0.7166666666666667,0.16666666666666663,0.3030303030303029,0.16666666666666663,0,1,True
upgrade/oracle_shape_test.csv,Co-culture | TSC22D3,magmatch_vs_oracleDIST,0.4564632827716255,0.3182005352502419,-0.13826274752138362,-0.3029000419964956,0.13826274752138362,0,1,True
upgrade/oracle_shape_test.csv,IFNγ | SET,mean_vs_oracleDIST,0.2723943186100607,0.1899221602796512,-0.0824721583304095,-0.3027675421104155,0.0824721583304095,0,1,True
upgrade/class_c_protein_oracle.csv,Co-culture | CTSL,energy_rho,0.3325727166005759,0.2319234317637022,-0.10064928483687371,-0.3026384300722864,0.10064928483687371,0,1,True
exp12_partial_observed_retrieval/summary.csv,leave_MoA_out | DART_recommended | cmap_reverse,target_mrr,0.0829581967036093,0.05787424919489,-0.02508394750871929,-0.30236852421393046,0.02508394750871929,0,1,True
upgrade/oracle_shape_test.csv,Co-culture | CYP27A1,magmatch_vs_oracleDIST,0.4405876285495367,0.3075071134073756,-0.13308051514216113,-0.30205231949039724,0.13308051514216113,0,1,True
upgrade/class_c_protein_oracle.csv,Control | CDKN1A,energy_rho,0.3332006705348788,0.2325574658718653,-0.10064320466301349,-0.30204982631473537,0.10064320466301349,0,1,True
exp13_real_data_projection/projection.csv,sciplex3_within_line | A549:Ellagic acid:s2,structure_reliability_score,0.5312213205228754,0.3708791895355831,-0.16034213098729233,-0.30183677648605917,0.16034213098729233,0,1,True
upgrade/oracle_shape_test.csv,IFNγ | UCN2,mean_vs_oracleDIST,0.5182368458669577,0.3618400842072434,-0.15639676165971433,-0.30178626415124615,0.15639676165971433,0,1,True
exp07_ranking_flip/ranking_flip_summary.csv,K562+A549,mean_delta_rank,-0.1813333333333333,-0.236,-0.0546666666666667,-0.3014705882352944,0.0546666666666667,0,1,True
upgrade/oracle_shape_test.csv,Control | PTMA,energy_vs_oracleDIST,0.5164176510372258,0.3608949829831749,-0.1555226680540509,-0.30115676282885245,0.1555226680540509,0,1,True
upgrade/oracle_shape_test.csv,IFNγ | CDC123,mean_vs_oracleDIST,0.3425212792223825,0.2394204254544981,-0.10310085376788442,-0.30100568934564215,0.10310085376788442,0,1,True
upgrade/oracle_shape_test.csv,Co-culture | CTSL,energy_vs_oracleDIST,0.5802704513719769,0.4056505345409552,-0.17461991683102168,-0.30092850052618525,0.17461991683102168,0,1,True
upgrade/oracle_shape_test.csv,IFNγ | LEF1-AS1,energy_vs_oracleDIST,0.4125507322915193,0.2884052053604779,-0.12414552693104136,-0.3009218435790264,0.12414552693104136,0,1,True
upgrade/oracle_shape_test.csv,Co-culture | LEF1-AS1,energy_vs_oracleDIST,0.6250030043404656,0.437060606288756,-0.18794239805170965,-0.3007063914037275,0.18794239805170965,0,1,True
upgrade/class_c_protein_oracle.csv,IFNγ | DDX39A,energy_rho,0.2688981586162983,0.1880556152601301,-0.0808425433561682,-0.3006437224121185,0.0808425433561682,0,1,True
upgrade/class_c_protein_oracle.csv,Co-culture | VAT1,energy_rho,0.2851717049335299,0.3708881088384629,0.08571640390493301,0.3005782215487069,0.08571640390493301,0,1,True
upgrade/oracle_shape_test.csv,IFNγ | CD58,mean_vs_oracleDIST,0.2718984315101425,0.1902090886645095,-0.08168934284563298,-0.3004406549604747,0.08168934284563298,0,1,True
upgrade/oracle_shape_test.csv,Control | CCND2,magmatch_vs_oracleDIST,0.5059843096853499,0.3540227539861213,-0.1519615556992286,-0.30032859278527235,0.1519615556992286,0,1,True
upgrade/oracle_shape_test.csv,Co-culture | SOX4,magmatch_vs_oracleDIST,0.2013663301999398,0.2618272523569949,0.06046092215705509,0.30025338445122624,0.06046092215705509,0,1,True
upgrade/oracle_shape_test.csv,Co-culture | AHNAK,energy_vs_oracleDIST,0.4599717722389178,0.3219476344336986,-0.13802413780521916,-0.30007088724898295,0.13802413780521916,0,1,True
upgrade/class_c_protein_oracle.csv,Co-culture | HLA-DRB5,energy_rho,-0.0942896409213346,-0.0659993316611348,0.028290309260199806,0.30003623922804284,0.028290309260199806,0,1,True
upgrade/class_c_protein_oracle.csv,Co-culture | STX7,energy_rho,0.3906799739845911,0.5078687657764283,0.11718879179183717,0.29996109244253005,0.11718879179183717,0,1,True
upgrade/oracle_shape_test.csv,IFNγ | SLC7A5P1,mean_vs_oracleDIST,0.3281167279032059,0.2297553051862825,-0.09836142271692339,-0.29977570282835414,0.09836142271692339,0,1,True
upgrade/oracle_shape_test.csv,Control | GPATCH4,mean_vs_oracleDIST,0.400111839776925,0.2801865256914191,-0.11992531408550589,-0.2997294810180275,0.11992531408550589,0,1,True
upgrade/class_c_protein_oracle.csv,Co-culture | APOE,energy_rho_partial_magmatch,0.278743059613626,0.1952447168507687,-0.08349834276285731,-0.29955308260803637,0.08349834276285731,0,1,True
upgrade/oracle_shape_test.csv,IFNγ | GSN,energy_vs_oracleMEAN,0.3320026509687731,0.2325871635933621,-0.09941548737541103,-0.2994418480856096,0.09941548737541103,0,1,True
upgrade/oracle_shape_test.csv,IFNγ | MYC,magmatch_vs_oracleDIST,-0.2788335737398152,-0.1953405325328447,0.08349304120697051,0.299436829242376,0.08349304120697051,0,1,True
upgrade/oracle_shape_test.csv,Control | SCARB2,mean_vs_oracleDIST,0.4504661879890629,0.3156740676555083,-0.1347921203335546,-0.29922805290954996,0.1347921203335546,0,1,True
upgrade/oracle_shape_test.csv,IFNγ | NSG1,magmatch_vs_oracleDIST,0.4734552259171182,0.3319070081738203,-0.1415482177432979,-0.29896854020168095,0.1415482177432979,0,1,True
upgrade/class_c_protein_oracle.csv,Co-culture | SAT1,energy_rho,0.2236357981755623,0.1568042282568343,-0.06683156991872802,-0.2988411089098659,0.06683156991872802,0,1,True
upgrade/oracle_shape_test.csv,Control | APOC2,magmatch_vs_oracleDIST,0.5423712803513381,0.3804227493189486,-0.1619485310323895,-0.2985934854948113,0.1619485310323895,0,1,True
upgrade/oracle_shape_test.csv,IFNγ | RAB27A,energy_vs_oracleDIST,0.5197241224446585,0.3645409535690616,-0.1551831688755969,-0.2985875817071031,0.1551831688755969,0,1,True
exp12_partial_observed_retrieval/recommendation_vs_outcome.csv,mean_or_no_call | DART_coverage_worst,frac_regret_improved,0.7518796992481203,0.5275590551181102,-0.22432064413001007,-0.29834645669291343,0.22432064413001007,0,1,True
upgrade/oracle_shape_test.csv,Co-culture | RNF213,energy_vs_oracleMEAN,0.3183395312014057,0.2233902386618396,-0.09494929253956608,-0.29826422179246714,0.09494929253956608,0,1,True
upgrade/oracle_shape_test.csv,Co-culture | SLC26A2,magmatch_vs_oracleDIST,0.4808084236179603,0.3375001230693317,-0.1433083005486286,-0.29805696720176056,0.1433083005486286,0,1,True
upgrade/oracle_shape_test.csv,IFNγ | CDC123,energy_vs_oracleDIST,0.5435458006835341,0.3816828453731499,-0.1618629553103842,-0.29779083033450726,0.1618629553103842,0,1,True
upgrade/oracle_shape_test.csv,Co-culture | GRN,magmatch_vs_oracleDIST,0.602529494651262,0.4231471115772622,-0.17938238307399984,-0.2977155220887976,0.17938238307399984,0,1,True
upgrade/oracle_shape_test.csv,Co-culture | GSEC,mean_vs_oracleDIST,-0.2105122637865161,-0.1478888391141731,0.062623424672343,0.29748112317033665,0.062623424672343,0,1,True
upgrade/oracle_shape_test.csv,IFNγ | CDKN2B,energy_vs_oracleDIST,0.4657019219523605,0.3271799669928397,-0.1385219549595208,-0.29744767721549376,0.1385219549595208,0,1,True
upgrade/oracle_shape_test.csv,Control | NDUFA13,mean_vs_oracleDIST,0.448595894422243,0.3152622252337237,-0.1333336691885193,-0.29722445266745656,0.1333336691885193,0,1,True
upgrade/oracle_shape_test.csv,Co-culture | DDX39A,magmatch_vs_oracleDIST,0.235748137019892,0.165705760629281,-0.070042376390611,-0.2971068076126555,0.070042376390611,0,1,True
upgrade/oracle_shape_test.csv,IFNγ | EEA1,mean_vs_oracleDIST,0.3527155536496303,0.2479305550140994,-0.1047849986355309,-0.29708074268712004,0.1047849986355309,0,1,True
upgrade/oracle_shape_test.csv,Co-culture | BZW2,energy_vs_oracleMEAN,0.2992067385237124,0.2103247410620112,-0.08888199746170117,-0.29705880923753725,0.08888199746170117,0,1,True
upgrade/oracle_shape_test.csv,IFNγ | CDKN1A,magmatch_vs_oracleDIST,-0.2580333450287838,-0.1814182682936337,0.07661507673515008,0.29691928663949857,0.07661507673515008,0,1,True
upgrade/oracle_shape_test.csv,Co-culture | TFAP2A,mean_vs_oracleDIST,0.3186661716866406,0.2241373418993449,-0.09452882978729568,-0.2966390479634918,0.09452882978729568,0,1,True
upgrade/oracle_shape_test.csv,IFNγ | ISYNA1,mean_vs_oracleDIST,0.4748151403623515,0.3341462970904318,-0.1406688432719197,-0.29626023122297523,0.1406688432719197,0,1,True
upgrade/oracle_shape_test.csv,IFNγ | APOE,energy_vs_oracleDIST,0.5503790625446702,0.3873465621873091,-0.16303250035736105,-0.2962185727116553,0.16303250035736105,0,1,True
upgrade/oracle_shape_test.csv,IFNγ | SERPINE2,mean_vs_oracleDIST,0.4438714540043922,0.3123948384078593,-0.1314766155965329,-0.29620426006316664,0.1314766155965329,0,1,True
upgrade/oracle_shape_test.csv,Co-culture | HLA-H,magmatch_vs_oracleDIST,0.5870696699830714,0.413186893376785,-0.17388277660628643,-0.2961876341036328,0.17388277660628643,0,1,True
upgrade/oracle_shape_test.csv,Control | CDKN2A,magmatch_vs_oracleDIST,0.4041534371209822,0.2844559083014586,-0.11969752881952356,-0.2961685286464419,0.11969752881952356,0,1,True
upgrade/oracle_shape_test.csv,IFNγ | TIMP2,mean_vs_oracleDIST,0.2804761347835692,0.1974134861538861,-0.0830626486296831,-0.29614872115154756,0.0830626486296831,0,1,True
upgrade/class_c_magnitude_control_v2.csv,"K562 | Luminespib (AUY-922, NVP-AUY922)",energydist_vs_candmag_rho,-0.151403743315508,-0.1961898395721925,-0.044786096256684504,-0.2958057395143489,0.044786096256684504,0,1,True
upgrade/class_c_protein_oracle.csv,Co-culture | RPSA,energy_rho_partial_magmatch,0.155650561862175,0.1096162611363266,-0.046034300725848395,-0.29575415710102426,0.046034300725848395,0,1,True
upgrade/oracle_shape_test.csv,Co-culture | SSR2,mean_vs_oracleDIST,0.1610818286538994,0.2086856857584505,0.04760385710455112,0.29552592928922367,0.04760385710455112,0,1,True
upgrade/oracle_shape_test.csv,Co-culture | HLA-H,energy_vs_oracleDIST,0.6182314039343962,0.435555975117408,-0.18267542881698823,-0.29548066897677827,0.18267542881698823,0,1,True
upgrade/oracle_shape_test.csv,Control | CCR10,magmatch_vs_oracleDIST,0.5206595020359122,0.3668168359166894,-0.15384266611922276,-0.29547653604257385,0.15384266611922276,0,1,True
upgrade/oracle_shape_test.csv,IFNγ | TAPBPL,energy_vs_oracleDIST,0.5562399272906837,0.3919530102790015,-0.16428691701168224,-0.29535261485432357,0.16428691701168224,0,1,True
upgrade/oracle_shape_test.csv,IFNγ | KLF4,magmatch_vs_oracleDIST,0.4534076644185412,0.3195555728821488,-0.13385209153639238,-0.2952135617470139,0.13385209153639238,0,1,True
upgrade/oracle_shape_test.csv,IFNγ | NGFR,energy_vs_oracleDIST,0.5376450560731876,0.3789487089522176,-0.15869634712096997,-0.29516936002359007,0.15869634712096997,0,1,True
upgrade/oracle_shape_test.csv,Co-culture | SLC7A5P1,energy_vs_oracleDIST,0.3970181893576591,0.2799599344054868,-0.11705825495217231,-0.29484355651705124,0.11705825495217231,0,1,True
upgrade/oracle_shape_test.csv,IFNγ | ST6GALNAC2,mean_vs_oracleDIST,0.3583522409782594,0.2527074967837511,-0.10564474419450831,-0.29480698629401786,0.10564474419450831,0,1,True
upgrade/oracle_shape_test.csv,IFNγ | CXCR4,energy_vs_oracleMEAN,0.3677398847971963,0.2593536314373709,-0.10838625335982544,-0.29473619218540575,0.10838625335982544,0,1,True
upgrade/oracle_shape_test.csv,Co-culture | CTSD,energy_vs_oracleDIST,0.6014766003211964,0.4242139055024443,-0.17726269481875212,-0.2947125369866284,0.17726269481875212,0,1,True
upgrade/oracle_shape_test.csv,Co-culture | C19orf48,magmatch_vs_oracleDIST,0.5344110538846761,0.3769761314994362,-0.15743492238523993,-0.2945951833159757,0.15743492238523993,0,1,True
upgrade/oracle_shape_test.csv,Control | IDH2,mean_vs_oracleDIST,0.4386940439021503,0.3095505879774758,-0.12914345592467447,-0.2943816031235647,0.12914345592467447,0,1,True
upgrade/oracle_shape_test.csv,Co-culture | JMJD7,energy_vs_oracleDIST,0.6046167505179046,0.4266845585343803,-0.17793219198352433,-0.29428922012350894,0.17793219198352433,0,1,True
upgrade/class_c_protein_oracle.csv,IFNγ | CCND1,energy_rho_partial_magmatch,0.2052842644211401,0.144872324665705,-0.0604119397554351,-0.2942843180201098,0.0604119397554351,0,1,True
upgrade/oracle_shape_test.csv,Co-culture | NME1,energy_vs_oracleDIST,0.5926271914304362,0.4184884306140899,-0.17413876081634627,-0.29384200275391353,0.17413876081634627,0,1,True
upgrade/oracle_shape_test.csv,Co-culture | CDC123,mean_vs_oracleDIST,0.2496454878281604,0.1763273678973793,-0.0733181199307811,-0.2936889449459968,0.0733181199307811,0,1,True
upgrade/class_c_protein_oracle.csv,IFNγ | JAK1,energy_rho,0.2709867061712994,0.350503294218549,0.07951658804724959,0.29343353838540187,0.07951658804724959,0,1,True
upgrade/oracle_shape_test.csv,Control | CTSL,mean_vs_oracleDIST,0.4193563419324855,0.2965718841349986,-0.12278445779748692,-0.2927926575085746,0.12278445779748692,0,1,True
upgrade/oracle_shape_test.csv,Control | NPC2,magmatch_vs_oracleDIST,0.2358068647960372,0.3048125109415322,0.06900564614549501,0.2926362903182735,0.06900564614549501,0,1,True
upgrade/class_c_protein_oracle.csv,Control | CDK4,energy_rho,-0.1292492910042378,-0.091494509397438,0.03775478160679979,0.2921082298669004,0.03775478160679979,0,1,True
upgrade/oracle_shape_test.csv,IFNγ | ENPP1,energy_vs_oracleDIST,0.582027471313659,0.4120153402806077,-0.17001213103305124,-0.2921032758974884,0.17001213103305124,0,1,True
upgrade/oracle_shape_test.csv,Co-culture | APOD,magmatch_vs_oracleDIST,0.5536075530399863,0.391926417838762,-0.16168113520122435,-0.292050089117094,0.16168113520122435,0,1,True
upgrade/oracle_shape_test.csv,Co-culture | CGAS,energy_vs_oracleDIST,0.603773683251906,0.4275961403140961,-0.17617754293780985,-0.29179400796159777,0.17617754293780985,0,1,True
upgrade/oracle_shape_test.csv,Co-culture | DDR1,magmatch_vs_oracleDIST,0.5662100165724,0.4010791877308274,-0.1651308288415726,-0.29164236592140486,0.1651308288415726,0,1,True
upgrade/oracle_shape_test.csv,IFNγ | FOXM1,energy_vs_oracleDIST,0.4755870402939721,0.3369376112692163,-0.1386494290247558,-0.29153323635365075,0.1386494290247558,0,1,True
upgrade/oracle_shape_test.csv,IFNγ | FOXM1,energy_vs_oracleMEAN,0.1860741455366703,0.2402936857562408,0.05421954021957051,0.29138674834804107,0.05421954021957051,0,1,True
upgrade/oracle_shape_test.csv,IFNγ | WNT7A,magmatch_vs_oracleDIST,0.5264548490637142,0.3730905877613608,-0.15336426130235342,-0.29131512716638025,0.15336426130235342,0,1,True
upgrade/oracle_shape_test.csv,Control | GPATCH4,energy_vs_oracleDIST,0.517530544202098,0.366899047188451,-0.15063149701364698,-0.29105817753400987,0.15063149701364698,0,1,True
upgrade/oracle_shape_test.csv,Control | CMSS1,magmatch_vs_oracleDIST,0.4395932961625606,0.3116853675032399,-0.1279079286593207,-0.2909687881409835,0.1279079286593207,0,1,True
upgrade/oracle_shape_test.csv,Co-culture | ATP1B1,magmatch_vs_oracleDIST,0.497379057595868,0.3526692145396714,-0.14470984305619655,-0.29094478516177624,0.14470984305619655,0,1,True
upgrade/oracle_shape_test.csv,Co-culture | BOLA2B,magmatch_vs_oracleDIST,0.2066192188543374,0.1465342073478555,-0.060085011506481906,-0.2908006904664599,0.060085011506481906,0,1,True
upgrade/oracle_shape_test.csv,Co-culture | ACSL3,magmatch_vs_oracleDIST,0.2200786601253627,0.1561196731973528,-0.06395898692800991,-0.29061875827296096,0.06395898692800991,0,1,True
upgrade/oracle_shape_test.csv,Co-culture | PPIA,energy_vs_oracleDIST,0.566014099980946,0.4016015808472846,-0.1644125191336614,-0.29047424638219455,0.1644125191336614,0,1,True
upgrade/oracle_shape_test.csv,Co-culture | BZW2,magmatch_vs_oracleDIST,0.5118682272050984,0.3632247987309669,-0.14864342847413148,-0.29039393455959156,0.14864342847413148,0,1,True
upgrade/oracle_shape_test.csv,Control | LGALS3BP,magmatch_vs_oracleDIST,0.3051891846619657,0.2165648815543713,-0.0886243031075944,-0.290391362347118,0.0886243031075944,0,1,True
exp12_partial_observed_retrieval/summary.csv,leave_MoA_out | mean_or_no_call | DART_energy,decision_regret,0.204298279502175,0.1449770493940873,-0.05932123010808771,-0.2903657840518239,0.05932123010808771,0,1,True
upgrade/oracle_shape_test.csv,Control | KLF4,energy_vs_oracleDIST,0.3749881925911185,0.2661063340943736,-0.10888185849674487,-0.2903607650800568,0.10888185849674487,0,1,True
upgrade/oracle_shape_test.csv,Control | APOD,magmatch_vs_oracleDIST,0.5673563872729356,0.4026975048898416,-0.164658882383094,-0.290221254359268,0.164658882383094,0,1,True
upgrade/oracle_shape_test.csv,Co-culture | TIMP2,mean_vs_oracleDIST,0.2036365974022815,0.2627145098452569,0.05907791244297542,0.2901144155648395,0.05907791244297542,0,1,True
upgrade/oracle_shape_test.csv,Co-culture | IDI2-AS1,magmatch_vs_oracleDIST,0.3909151088019765,0.2775245284417569,-0.1133905803602196,-0.29006446107371914,0.1133905803602196,0,1,True
upgrade/class_c_protein_oracle.csv,Co-culture | RNF213,energy_rho,0.3150916591425455,0.2237765963762101,-0.09131506276633539,-0.28980476035078107,0.09131506276633539,0,1,True
upgrade/oracle_shape_test.csv,IFNγ | ARMC6,mean_vs_oracleDIST,0.4415437994620093,0.3137115677651576,-0.1278322316968517,-0.2895120073084629,0.1278322316968517,0,1,True
upgrade/oracle_shape_test.csv,IFNγ | MT2A,energy_vs_oracleMEAN,0.1997172299975309,0.1419084376177667,-0.05780879237976419,-0.28945320531673147,0.05780879237976419,0,1,True
upgrade/oracle_shape_test.csv,Control | CDKN1A,mean_vs_oracleDIST,0.2820226374791717,0.2005168811311938,-0.08150575634797791,-0.2890043050320646,0.08150575634797791,0,1,True
upgrade/oracle_shape_test.csv,IFNγ | PUF60,energy_vs_oracleDIST,0.4698135225397321,0.3340849609501903,-0.13572856158954177,-0.2888987972415443,0.13572856158954177,0,1,True
upgrade/class_c_protein_oracle.csv,IFNγ | CITED1,energy_rho,0.3825550660792951,0.2720840700386223,-0.11047099604067284,-0.28877148895938204,0.11047099604067284,0,1,True
upgrade/oracle_shape_test.csv,Co-culture | C19orf48,energy_vs_oracleDIST,0.6142688610266356,0.437103137372168,-0.1771657236544676,-0.28841723045893647,0.1771657236544676,0,1,True
upgrade/oracle_shape_test.csv,Co-culture | GPATCH4,mean_vs_oracleDIST,0.2808256822818964,0.1998593824294059,-0.08096629985249051,-0.2883151540649174,0.08096629985249051,0,1,True
upgrade/class_c_protein_oracle.csv,IFNγ | CTSA,energy_rho,0.2871264278195782,0.2044074717853884,-0.0827189560341898,-0.2880924499439249,0.0827189560341898,0,1,True
upgrade/class_c_protein_oracle.csv,Co-culture | HLA-C,energy_rho_partial_magmatch,0.1334621748580648,0.1719061383507782,0.038443963492713396,0.2880513788539564,0.038443963492713396,0,1,True
upgrade/oracle_shape_test.csv,IFNγ | PFDN4,energy_vs_oracleDIST,0.5513011838394865,0.3925103355321784,-0.15879084830730805,-0.2880292169906543,0.15879084830730805,0,1,True
upgrade/oracle_shape_test.csv,Control | TOP1MT,mean_vs_oracleDIST,0.4431109594165188,0.3156513974304559,-0.1274595619860629,-0.28764705380769534,0.1274595619860629,0,1,True
upgrade/oracle_shape_test.csv,IFNγ | TMEM173,mean_vs_oracleDIST,0.4463571270775668,0.3179785063610255,-0.12837862071654133,-0.28761413883334724,0.12837862071654133,0,1,True
upgrade/oracle_shape_test.csv,Control | FMN1,mean_vs_oracleDIST,0.3949140609551974,0.2813400118137061,-0.11357404914149127,-0.28759180887807423,0.11357404914149127,0,1,True
upgrade/oracle_shape_test.csv,Co-culture | DLL3,magmatch_vs_oracleDIST,0.4890833159105769,0.3484298380291764,-0.14065347788140053,-0.2875859251496474,0.14065347788140053,0,1,True
upgrade/oracle_shape_test.csv,Co-culture | RNF213,energy_vs_oracleDIST,0.5577681651781551,0.3973714707335337,-0.1603966944446214,-0.28756875070736526,0.1603966944446214,0,1,True
upgrade/oracle_shape_test.csv,Control | DNMT1,energy_vs_oracleDIST,0.2850100693582941,0.2030672814495845,-0.0819427879087096,-0.2875083960830066,0.0819427879087096,0,1,True
upgrade/oracle_shape_test.csv,Co-culture | STX7,energy_vs_oracleMEAN,0.4005984933997193,0.5157566389389049,0.11515814553918557,0.2874652487129555,0.11515814553918557,0,1,True
upgrade/class_c_protein_oracle.csv,IFNγ | CXCR4,energy_rho,0.3810424544852053,0.2717383337881564,-0.10930412069704887,-0.28685549184990566,0.10930412069704887,0,1,True
upgrade/oracle_shape_test.csv,IFNγ | DDX39A,energy_vs_oracleMEAN,0.2763520590490299,0.1971806167400881,-0.07917144230894177,-0.28648761504214204,0.07917144230894177,0,1,True
upgrade/oracle_shape_test.csv,Co-culture | TTLL1,magmatch_vs_oracleDIST,0.4475443759052835,0.3194978307944371,-0.1280465451108464,-0.2861091592355205,0.1280465451108464,0,1,True
upgrade/oracle_shape_test.csv,IFNγ | DAG1,energy_vs_oracleDIST,0.5746880757574494,0.4103538523514353,-0.1643342234060141,-0.2859537727303957,0.1643342234060141,0,1,True
upgrade/oracle_shape_test.csv,Co-culture | SAT1,energy_vs_oracleDIST,0.5109782219343417,0.3648818519594389,-0.14609636997490283,-0.28591506194108507,0.14609636997490283,0,1,True
exp07_ranking_flip/delta_rank_vs_divergence.csv,A549+MCF7 | Epothilone A,delta_rank,0.14,0.1,-0.04000000000000001,-0.28571428571428575,0.04000000000000001,0,1,True
upgrade/oracle_shape_test.csv,IFNγ | CTSB,energy_vs_oracleDIST,0.6087097319142852,0.4348587929928266,-0.17385093892145864,-0.2856056504546559,0.17385093892145864,0,1,True
upgrade/oracle_shape_test.csv,IFNγ | STAT3,energy_vs_oracleDIST,0.4707689108936624,0.3363221706756071,-0.1344467402180553,-0.28558967490617543,0.1344467402180553,0,1,True
upgrade/oracle_shape_test.csv,Co-culture | HLA-F,energy_vs_oracleMEAN,0.2452427187839707,0.1752802650652788,-0.06996245371869189,-0.2852784134248666,0.06996245371869189,0,1,True
upgrade/oracle_shape_test.csv,IFNγ | TIMP1,energy_vs_oracleDIST,0.5493136198234483,0.3928892682258831,-0.15642435159756518,-0.28476328631327336,0.15642435159756518,0,1,True
upgrade/oracle_shape_test.csv,Co-culture | HLA-DRB5,energy_vs_oracleDIST,0.6065105703525111,0.4339489600928211,-0.17256161025969002,-0.28451542099158333,0.17256161025969002,0,1,True
upgrade/oracle_shape_test.csv,IFNγ | SPESP1,mean_vs_oracleDIST,0.3755565085181864,0.2687089522175873,-0.10684755630059911,-0.28450460550446033,0.10684755630059911,0,1,True
upgrade/oracle_shape_test.csv,IFNγ | NDUFA13,energy_vs_oracleDIST,0.5369464478317935,0.3843084439355174,-0.15263800389627608,-0.28427044170351273,0.15263800389627608,0,1,True
upgrade/oracle_shape_test.csv,IFNγ | MDH2,energy_vs_oracleDIST,0.4245297779163905,0.3040822320117474,-0.12044754590464313,-0.2837198994515876,0.12044754590464313,0,1,True
upgrade/class_c_protein_oracle.csv,IFNγ | GRN,energy_rho,0.2918669837433238,0.2090637685506207,-0.08280321519270312,-0.28370189094605724,0.08280321519270312,0,1,True
upgrade/oracle_shape_test.csv,IFNγ | ST3GAL6-AS1,mean_vs_oracleDIST,0.433080451704287,0.3103010928748717,-0.12277935882941532,-0.28350242627263783,0.12277935882941532,0,1,True
upgrade/oracle_shape_test.csv,IFNγ | C19orf48,magmatch_vs_oracleDIST,0.2572765862998505,0.3301355372759996,0.07285895097614908,0.28319308812358657,0.07285895097614908,0,1,True
upgrade/oracle_shape_test.csv,IFNγ | CTSD,energy_vs_oracleDIST,0.5699151430093694,0.4085440225966695,-0.1613711204126999,-0.283149381784451,0.1613711204126999,0,1,True
upgrade/oracle_shape_test.csv,Control | SMAD3,mean_vs_oracleDIST,0.3940248843503658,0.2824810798080084,-0.1115438045423574,-0.28308822354268615,0.1115438045423574,0,1,True
upgrade/oracle_shape_test.csv,Co-culture | HLA-E,energy_vs_oracleDIST,0.5550206785434846,0.3979656784247589,-0.1570550001187257,-0.28297143906579836,0.1570550001187257,0,1,True
upgrade/class_c_protein_oracle.csv,Control | B2M,energy_rho_partial_magmatch,0.2792039728309947,0.3582021503967919,0.07899817756579719,0.2829407359959583,0.07899817756579719,0,1,True
upgrade/oracle_shape_test.csv,Co-culture | LAMP2,energy_vs_oracleDIST,0.4594280836188494,0.3294813103963059,-0.1299467732225435,-0.28284464501815243,0.1299467732225435,0,1,True
upgrade/oracle_shape_test.csv,IFNγ | FOXM1,mean_vs_oracleDIST,0.3865824594232843,0.2772471508583161,-0.1093353085649682,-0.28282532199748023,0.1093353085649682,0,1,True
upgrade/oracle_shape_test.csv,IFNγ | RTP4,energy_vs_oracleDIST,0.5511421257130976,0.3953978130541666,-0.15574431265893102,-0.2825846644500646,0.15574431265893102,0,1,True
upgrade/oracle_shape_test.csv,Co-culture | TAPBP,magmatch_vs_oracleDIST,0.1926895079485414,0.1383038671569362,-0.05438564079160518,-0.28224495132412253,0.05438564079160518,0,1,True
upgrade/oracle_shape_test.csv,IFNγ | CXCR4,energy_vs_oracleDIST,0.5830048426974694,0.4185257023184948,-0.16447914037897465,-0.2821231117360127,0.16447914037897465,0,1,True
upgrade/oracle_shape_test.csv,IFNγ | TP53,energy_vs_oracleDIST,0.5067562035934322,0.3638585536258757,-0.1428976499675565,-0.2819850037439354,0.1428976499675565,0,1,True
upgrade/oracle_shape_test.csv,Co-culture | LRPAP1,energy_vs_oracleDIST,0.5799102201985441,0.4164880472169246,-0.16342217298161948,-0.2818059887367885,0.16342217298161948,0,1,True
exp13_real_data_projection/projection.csv,frangieh | Co-culture:TTLL1:s1,preference_conflict,0.5214689265536723,0.6683615819209039,0.14689265536723162,0.2816901408450704,0.14689265536723162,0,1,True
upgrade/oracle_shape_test.csv,IFNγ | SMAD3,energy_vs_oracleDIST,0.5442991291565501,0.3910393073796624,-0.15325982177688768,-0.28157278519695633,0.15325982177688768,0,1,True
upgrade/oracle_shape_test.csv,Control | B2M,energy_vs_oracleMEAN,0.3188957585268384,0.4086159504026352,0.08972019187579683,0.2813464571942431,0.08972019187579683,0,1,True
upgrade/oracle_shape_test.csv,IFNγ | DDR1,energy_vs_oracleDIST,0.5915893055733714,0.4253662431266613,-0.1662230624467101,-0.28097712531433583,0.1662230624467101,0,1,True
upgrade/oracle_shape_test.csv,Co-culture | S100B,magmatch_vs_oracleDIST,0.5090825166838577,0.3661993120858717,-0.14288320459798604,-0.28066806444016434,0.14288320459798604,0,1,True
upgrade/oracle_shape_test.csv,IFNγ | SCARB2,energy_vs_oracleDIST,0.5258899655348157,0.3782923026502804,-0.1475976628845353,-0.2806626339303366,0.1475976628845353,0,1,True
upgrade/class_c_protein_oracle.csv,IFNγ | CDC123,energy_rho,0.2443772172624849,0.1758190521016919,-0.068558165160793,-0.2805423759578818,0.068558165160793,0,1,True
upgrade/oracle_shape_test.csv,IFNγ | CDH19,energy_vs_oracleMEAN,0.2388465686847816,0.1718769045721224,-0.0669696641126592,-0.2803878007602554,0.0669696641126592,0,1,True
upgrade/class_c_protein_oracle.csv,IFNγ | CDH19,energy_rho,0.2746108791656988,0.1976609099060465,-0.0769499692596523,-0.2802145694061199,0.0769499692596523,0,1,True
upgrade/oracle_shape_test.csv,Control | HNRNPC,energy_vs_oracleDIST,0.413332359353294,0.2975404065275134,-0.11579195282578059,-0.28014248148136867,0.11579195282578059,0,1,True
upgrade/oracle_shape_test.csv,IFNγ | FRZB,magmatch_vs_oracleDIST,0.502626278377711,0.3618359258248541,-0.14079035255285693,-0.2801094145082811,0.14079035255285693,0,1,True
upgrade/oracle_shape_test.csv,Control | TOP1MT,magmatch_vs_oracleDIST,0.3436012660061234,0.4398275551547683,0.0962262891486449,0.2800521961607965,0.0962262891486449,0,1,True
exp08_signature_baselines/summary.csv,K562 | coverage_worst,median_rank_proxy,1.6666666666666667,1.2,-0.4666666666666668,-0.2800000000000001,0.4666666666666668,0,1,True
exp08_signature_baselines/flip_vs_dart.csv,K562+MCF7 | coverage_mean,mean_delta_rank,0.0694444444444444,0.0888888888888888,0.01944444444444439,0.27999999999999936,0.01944444444444439,0,1,True
upgrade/oracle_shape_test.csv,IFNγ | HLA-DRB5,mean_vs_oracleDIST,0.451072732706977,0.3248835003183761,-0.1261892323886009,-0.2797536256100303,0.1261892323886009,0,1,True
upgrade/oracle_shape_test.csv,Co-culture | SMAD3,magmatch_vs_oracleDIST,0.4511327880444948,0.3249290975861615,-0.1262036904583333,-0.2797484328403236,0.1262036904583333,0,1,True
upgrade/oracle_shape_test.csv,Co-culture | HLA-H,mean_vs_oracleDIST,0.358657623435644,0.2584728167355758,-0.10018480670006819,-0.27933271218489775,0.10018480670006819,0,1,True
upgrade/class_c_protein_oracle.csv,Control | BOLA2,energy_rho,0.3402082889899533,0.2451898190538204,-0.09501846993613292,-0.27929498783887335,0.09501846993613292,0,1,True
upgrade/oracle_shape_test.csv,Control | S100A6,energy_vs_oracleDIST,0.5176816790833674,0.3731103422826146,-0.1445713368007528,-0.2792668596206416,0.1445713368007528,0,1,True
upgrade/oracle_shape_test.csv,Co-culture | PTMA,magmatch_vs_oracleDIST,0.2702909474832756,0.3456615020018312,0.07537055451855562,0.2788497181290884,0.07537055451855562,0,1,True
upgrade/oracle_shape_test.csv,Co-culture | HNRNPA1,energy_vs_oracleDIST,0.5184624267882263,0.3739518112620311,-0.1445106155261952,-0.2787291962918322,0.1445106155261952,0,1,True
upgrade/oracle_shape_test.csv,IFNγ | DLL3,energy_vs_oracleDIST,0.585483695745715,0.4222946473821684,-0.16318904836354664,-0.2787251797946262,0.16318904836354664,0,1,True
upgrade/oracle_shape_test.csv,IFNγ | SLC5A3,energy_vs_oracleDIST,0.5386399490598157,0.388609670838044,-0.15003027822177173,-0.2785353713248457,0.15003027822177173,0,1,True
upgrade/oracle_shape_test.csv,Co-culture | SET,mean_vs_oracleDIST,0.1098004307716186,0.0792190049164026,-0.030581425855216005,-0.2785182684649425,0.030581425855216005,0,1,True
upgrade/oracle_shape_test.csv,Control | S100B,energy_vs_oracleDIST,0.4363791620329146,0.3148474324380262,-0.1215317295948884,-0.2785003047091457,0.1215317295948884,0,1,True
upgrade/oracle_shape_test.csv,Control | CTSL,energy_vs_oracleDIST,0.6727553013691555,0.4854061954596174,-0.18734910590953813,-0.2784803115311842,0.18734910590953813,0,1,True
upgrade/oracle_shape_test.csv,IFNγ | SLC22A18,energy_vs_oracleDIST,0.5592229022910088,0.4035902433953192,-0.1556326588956896,-0.2783016544174033,0.1556326588956896,0,1,True
upgrade/oracle_shape_test.csv,Co-culture | GSN,energy_vs_oracleMEAN,0.3708649428466022,0.2676743487026175,-0.10319059414398468,-0.27824305352761947,0.10319059414398468,0,1,True
upgrade/oracle_shape_test.csv,Control | BOLA2,energy_vs_oracleMEAN,0.3359185786272675,0.2424618353058528,-0.09345674332141468,-0.2782124873930046,0.09345674332141468,0,1,True
upgrade/class_c_protein_oracle.csv,IFNγ | RB1,energy_rho_partial_magmatch,0.3270292256312294,0.2360635712707756,-0.09096565436045378,-0.27815756889884247,0.09096565436045378,0,1,True
upgrade/class_c_protein_oracle.csv,IFNγ | AEBP1,energy_rho_partial_magmatch,0.0427809182228113,0.0308848258027627,-0.011896092420048597,-0.2780700581995797,0.011896092420048597,0,1,True
upgrade/oracle_shape_test.csv,IFNγ | IRF4,energy_vs_oracleDIST,0.5817228698036464,0.420012735046067,-0.1617101347575794,-0.2779848329018983,0.1617101347575794,0,1,True
upgrade/oracle_shape_test.csv,Control | RNF213,magmatch_vs_oracleDIST,0.3663873610976419,0.2645388561360112,-0.10184850496163073,-0.27798039936887503,0.10184850496163073,0,1,True
upgrade/oracle_shape_test.csv,Co-culture | GAA,magmatch_vs_oracleDIST,0.5992584566005413,0.4329169148565757,-0.16634154174396565,-0.27757896432131113,0.16634154174396565,0,1,True
upgrade/class_c_protein_oracle.csv,Co-culture | SLC26A2,energy_rho_partial_magmatch,0.4245312795909349,0.5422979158136273,0.1177666362226924,0.2774039084615123,0.1177666362226924,0,1,True
upgrade/oracle_shape_test.csv,IFNγ | CTSO,mean_vs_oracleDIST,0.4016669915402908,0.290264966927865,-0.11140202461242577,-0.27734921454518163,0.11140202461242577,0,1,True
upgrade/class_c_protein_oracle.csv,IFNγ | CTSD,energy_rho_partial_magmatch,0.3929437448832404,0.2839681363949423,-0.10897560848829813,-0.27733132263163834,0.10897560848829813,0,1,True
upgrade/class_c_protein_oracle.csv,Co-culture | ENPP1,energy_rho,0.2496766896260951,0.1804839782506098,-0.0691927113754853,-0.2771292405354512,0.0691927113754853,0,1,True
upgrade/oracle_shape_test.csv,Co-culture | CDKN2A,magmatch_vs_oracleDIST,0.5776955513766681,0.4176046480246069,-0.16009090335206116,-0.27711984793817285,0.16009090335206116,0,1,True
upgrade/class_c_magnitude_control_v2.csv,K562 | Nilotinib (AMN-107),energydist_vs_candmag_rho,-0.1664438502673796,-0.2125668449197861,-0.04612299465240652,-0.2771084337349405,0.04612299465240652,0,1,True
upgrade/oracle_shape_test.csv,Co-culture | EEA1,energy_vs_oracleDIST,0.6379549294045355,0.4612273689977639,-0.17672756040677157,-0.27702201560183626,0.17672756040677157,0,1,True
upgrade/oracle_shape_test.csv,Co-culture | HLA-B,mean_vs_oracleDIST,0.2694697130718163,0.1948647945842544,-0.07460491848756187,-0.27685826966267985,0.07460491848756187,0,1,True
upgrade/class_c_magnitude_control_v2.csv,K562 | (+)-JQ1,energy_rho,-0.3465909090909091,-0.2506684491978609,0.0959224598930482,0.2767598842815817,0.0959224598930482,0,1,True
upgrade/oracle_shape_test.csv,IFNγ | CYP27A1,energy_vs_oracleDIST,0.5237633360622718,0.3788879910823594,-0.1448753449799124,-0.2766045941075336,0.1448753449799124,0,1,True
upgrade/class_c_protein_oracle.csv,IFNγ | CDKN1A,energy_rho,0.2338232427585669,0.1691895052824451,-0.06463373747612178,-0.27642135449664873,0.06463373747612178,0,1,True
upgrade/oracle_shape_test.csv,Co-culture | DLL3,mean_vs_oracleDIST,0.3897336432170845,0.2820140976643467,-0.10771954555273777,-0.27639272982326857,0.10771954555273777,0,1,True
upgrade/oracle_shape_test.csv,Co-culture | CTSL,energy_vs_oracleMEAN,0.3308468502069591,0.2394055373107329,-0.09144131289622617,-0.2763856232544625,0.09144131289622617,0,1,True
upgrade/class_c_protein_oracle.csv,Co-culture | SCARB2,energy_rho_partial_magmatch,0.2989588624108036,0.2163431439378363,-0.08261571847296731,-0.2763447713399574,0.08261571847296731,0,1,True
upgrade/oracle_shape_test.csv,Co-culture | MT2A,magmatch_vs_oracleDIST,0.3670112801005866,0.2655940426335331,-0.1014172374670535,-0.2763327531493259,0.1014172374670535,0,1,True
upgrade/oracle_shape_test.csv,Control | HLA-DRB5,magmatch_vs_oracleDIST,0.1754927310442283,0.1269998602002788,-0.04849287084394949,-0.2763240993253911,0.04849287084394949,0,1,True
upgrade/oracle_shape_test.csv,IFNγ | CTSA,magmatch_vs_oracleDIST,0.4918342364820084,0.3560900809585071,-0.13574415552350133,-0.27599574298538476,0.13574415552350133,0,1,True
upgrade/oracle_shape_test.csv,Control | LGALS3,energy_vs_oracleDIST,0.4258286911849349,0.3084593656554321,-0.1173693255295028,-0.2756256869467962,0.1173693255295028,0,1,True
upgrade/oracle_shape_test.csv,IFNγ | EVA1A,energy_vs_oracleDIST,0.4955150534781275,0.359003640924639,-0.13651141255348853,-0.2754939766113771,0.13651141255348853,0,1,True
upgrade/oracle_shape_test.csv,Control | MRPL47,mean_vs_oracleDIST,0.2578788477984063,0.1868366597690408,-0.07104218802936552,-0.2754866815788703,0.07104218802936552,0,1,True
upgrade/oracle_shape_test.csv,Co-culture | RPSA,energy_vs_oracleMEAN,0.1223135766940839,0.0886649380975739,-0.03364863859650999,-0.27510141969495294,0.03364863859650999,0,1,True
upgrade/oracle_shape_test.csv,Co-culture | CXCR4,mean_vs_oracleDIST,0.3385252182091645,0.2454025641278091,-0.0931226540813554,-0.27508335885280405,0.0931226540813554,0,1,True
upgrade/oracle_shape_test.csv,IFNγ | CHCHD2,energy_vs_oracleMEAN,0.3645679830545917,0.264288591737814,-0.10027939131677771,-0.27506362592943745,0.10027939131677771,0,1,True
upgrade/oracle_shape_test.csv,IFNγ | S100A6,energy_vs_oracleMEAN,0.3502870583343079,0.2541660494067807,-0.09612100892752717,-0.2744063950995042,0.09612100892752717,0,1,True
upgrade/oracle_shape_test.csv,IFNγ | B2M,magmatch_vs_oracleDIST,0.1234202695151586,0.0895627201018803,-0.0338575494132783,-0.2743273009067598,0.0338575494132783,0,1,True
upgrade/oracle_shape_test.csv,Control | FOXM1,energy_vs_oracleDIST,0.1544308325136367,0.1121213008557123,-0.04230953165792441,-0.2739707542157318,0.04230953165792441,0,1,True
upgrade/oracle_shape_test.csv,Control | CCND1,magmatch_vs_oracleDIST,-0.3317900787538429,-0.2409215194592395,0.09086855929460341,0.27387364816902604,0.09086855929460341,0,1,True
upgrade/class_c_protein_oracle.csv,Co-culture | VAT1,energy_rho_partial_magmatch,0.2777724045546656,0.353833305630668,0.07606090107600239,0.27382454062686995,0.07606090107600239,0,1,True
upgrade/oracle_shape_test.csv,IFNγ | JPT1,magmatch_vs_oracleDIST,0.2350260548646576,0.299375540752298,0.06434948588764039,0.27379724313841186,0.06434948588764039,0,1,True
upgrade/oracle_shape_test.csv,Co-culture | DLL3,energy_vs_oracleDIST,0.6050858618530823,0.4394629196447032,-0.16562294220837914,-0.2737180830851955,0.16562294220837914,0,1,True
upgrade/oracle_shape_test.csv,Co-culture | FKBP4,magmatch_vs_oracleDIST,0.3165638579252885,0.2299242066661299,-0.08663965125915862,-0.27368775395581085,0.08663965125915862,0,1,True
upgrade/class_c_protein_oracle.csv,IFNγ | FBL,energy_rho_partial_magmatch,-0.088191493509025,-0.0640552025262173,0.0241362909828077,0.27368048802051115,0.0241362909828077,0,1,True
upgrade/oracle_shape_test.csv,IFNγ | UBC,energy_vs_oracleDIST,0.5245378347822697,0.3810109448681376,-0.1435268899141321,-0.2736254287046971,0.1435268899141321,0,1,True
upgrade/oracle_shape_test.csv,Co-culture | PIK3IP1,energy_vs_oracleDIST,0.6072217663026325,0.4411077050668078,-0.16611406123582467,-0.2735640756873582,0.16611406123582467,0,1,True
upgrade/oracle_shape_test.csv,Co-culture | TRIM22,magmatch_vs_oracleDIST,0.4011730099978629,0.2914669806430763,-0.10970602935478657,-0.27346313590580534,0.10970602935478657,0,1,True
upgrade/oracle_shape_test.csv,Control | IDH2,energy_vs_oracleDIST,0.6445623576026489,0.4683063956483244,-0.17625596195432452,-0.27345059772010516,0.17625596195432452,0,1,True
upgrade/class_c_protein_oracle.csv,Co-culture | PSMB8-AS1,energy_rho,-0.3072592372944669,-0.2234342540463748,0.08382498324809212,0.2728151771325172,0.08382498324809212,0,1,True
upgrade/oracle_shape_test.csv,Co-culture | FOS,mean_vs_oracleDIST,0.3455306141478186,0.2512809345624436,-0.094249679585375,-0.27276795666231424,0.094249679585375,0,1,True
exp08_signature_baselines/flip_vs_dart.csv,A549 | coverage_worst,top1_flip_rate,0.3666666666666666,0.2666666666666666,-0.09999999999999998,-0.2727272727272727,0.09999999999999998,0,1,True
upgrade/oracle_shape_test.csv,Control | ST6GALNAC2,magmatch_vs_oracleDIST,0.2681157138664951,0.341233486945099,0.0731177730786039,0.27270976409466247,0.0731177730786039,0,1,True
upgrade/class_c_protein_oracle.csv,Control | FGFR1,energy_rho,0.0702588058081116,0.0893962541231471,0.0191374483150355,0.27238504974455485,0.0191374483150355,0,1,True
upgrade/oracle_shape_test.csv,Co-culture | HLA-C,mean_vs_oracleDIST,0.1598273901946464,0.1162950165897459,-0.04353237360490049,-0.2723711721244051,0.04353237360490049,0,1,True
upgrade/oracle_shape_test.csv,IFNγ | AGA,mean_vs_oracleDIST,0.4280415318441126,0.3115007861941705,-0.1165407456499421,-0.27226504201088786,0.1165407456499421,0,1,True
upgrade/class_c_protein_oracle.csv,IFNγ | CORO1A,energy_rho_partial_magmatch,0.2352859537639858,0.1712676568814731,-0.0640182968825127,-0.27208720222512367,0.0640182968825127,0,1,True
upgrade/oracle_shape_test.csv,Co-culture | EVA1A,energy_vs_oracleDIST,0.6283943245636541,0.4575439762919239,-0.17085034827173018,-0.27188397729461616,0.17085034827173018,0,1,True
upgrade/oracle_shape_test.csv,Co-culture | CDC123,energy_vs_oracleDIST,0.6336661129991407,0.4613872143416022,-0.17227889865753848,-0.271876458474547,0.17227889865753848,0,1,True
upgrade/oracle_shape_test.csv,Co-culture | VDAC2,energy_vs_oracleDIST,0.4083903747620418,0.297389366462246,-0.11100100829979581,-0.2718012351894266,0.11100100829979581,0,1,True
upgrade/oracle_shape_test.csv,IFNγ | GRN,energy_vs_oracleDIST,0.5751536652242278,0.4189603622785187,-0.15619330294570916,-0.2715679519921273,0.15619330294570916,0,1,True
upgrade/oracle_shape_test.csv,IFNγ | HSPA1A,energy_vs_oracleDIST,0.5551081829168453,0.4043820005411232,-0.15072618237572205,-0.27152578004475336,0.15072618237572205,0,1,True
exp13_real_data_projection/projection.csv,frangieh | IFNγ:EEA1:s2,structure_reliability_score,0.3058454887095255,0.3888735353712282,0.08302804666170271,0.27147056185797785,0.08302804666170271,0,1,True
upgrade/oracle_shape_test.csv,Co-culture | GRN,energy_vs_oracleDIST,0.5886821934841822,0.428995035525141,-0.15968715795904115,-0.2712620828802628,0.15968715795904115,0,1,True
upgrade/oracle_shape_test.csv,Control | ST6GALNAC2,mean_vs_oracleDIST,0.3733496391026117,0.2721283437007631,-0.1012212954018486,-0.27111662849104523,0.1012212954018486,0,1,True
upgrade/oracle_shape_test.csv,IFNγ | MT2A,energy_vs_oracleDIST,0.5531298324951593,0.4033584135771185,-0.14977141891804086,-0.2707708210971455,0.14977141891804086,0,1,True
upgrade/oracle_shape_test.csv,Co-culture | LINC00518,magmatch_vs_oracleDIST,0.5746434319490301,0.4191238793086399,-0.1555195526403902,-0.2706366139310272,0.1555195526403902,0,1,True
upgrade/oracle_shape_test.csv,Co-culture | RNASEH2A,energy_vs_oracleMEAN,0.3762023873712911,0.4779740645138124,0.10177167714252133,0.27052374083442027,0.10177167714252133,0,1,True
upgrade/oracle_shape_test.csv,IFNγ | TFAP2A,magmatch_vs_oracleDIST,0.2295011837098523,0.2915353527477811,0.06203416903792877,0.27029999599634175,0.06203416903792877,0,1,True
upgrade/oracle_shape_test.csv,IFNγ | GPNMB,energy_vs_oracleDIST,0.5556567140090148,0.4054833469780255,-0.15017336703098932,-0.2702628497863394,0.15017336703098932,0,1,True
upgrade/oracle_shape_test.csv,IFNγ | SMAD3,mean_vs_oracleDIST,0.4664909750107208,0.3405127805283744,-0.12597819448234637,-0.2700549447488264,0.12597819448234637,0,1,True
upgrade/oracle_shape_test.csv,Co-culture | CXCR4,energy_vs_oracleDIST,0.5885453436645935,0.4296360303092522,-0.15890931335534136,-0.2700035181076928,0.15890931335534136,0,1,True
upgrade/class_c_protein_oracle.csv,Control | TXNDC17,energy_rho_partial_magmatch,0.4337015565628412,0.5507983067860799,0.11709675022323868,0.2699938435804805,0.11709675022323868,0,1,True
upgrade/class_c_protein_oracle.csv,Co-culture | PUF60,energy_rho,0.0856244016658664,0.0625116915865171,-0.0231127100793493,-0.26993134701883736,0.0231127100793493,0,1,True
upgrade/oracle_shape_test.csv,IFNγ | ACTA2,mean_vs_oracleDIST,0.3624430496536847,0.2646234102954907,-0.09781963935819399,-0.26988968184563317,0.09781963935819399,0,1,True
exp13_real_data_projection/projection.csv,frangieh | IFNγ:LINC00518:s0,structure_reliability_score,0.323809245207007,0.4111559813698266,0.08734673616281963,0.2697475055320919,0.08734673616281963,0,1,True
upgrade/oracle_shape_test.csv,IFNγ | FOS,magmatch_vs_oracleDIST,0.4787155796395202,0.3496300339168064,-0.1290855457227138,-0.26964976953521563,0.1290855457227138,0,1,True
upgrade/oracle_shape_test.csv,IFNγ | CTSD,magmatch_vs_oracleDIST,0.4755874364872064,0.3474458435668525,-0.12814159292035393,-0.26943855764322955,0.12814159292035393,0,1,True
upgrade/oracle_shape_test.csv,Co-culture | AEBP1,energy_vs_oracleMEAN,0.2420631864010994,0.1768428112162782,-0.06522037518482118,-0.2694353327926157,0.06522037518482118,0,1,True
upgrade/oracle_shape_test.csv,Control | KCNN4,energy_vs_oracleDIST,0.4029942338894352,0.2944144343841822,-0.10857979950525304,-0.26943263792464783,0.10857979950525304,0,1,True
upgrade/oracle_shape_test.csv,IFNγ | SDC3,energy_vs_oracleDIST,0.5750486660688993,0.4201801099372343,-0.15486855613166495,-0.2693138255416967,0.15486855613166495,0,1,True
upgrade/oracle_shape_test.csv,Co-culture | SGK1,energy_vs_oracleDIST,0.5922135491172997,0.4327285658108183,-0.15948498330648142,-0.2693031652926472,0.15948498330648142,0,1,True
exp08_signature_baselines/summary_by_task.csv,crossline | coverage_worst,mrr,0.6984270298871083,0.8863208187084508,0.18789378882134256,0.26902422269039783,0.18789378882134256,0,1,True
upgrade/oracle_shape_test.csv,Control | CDKN1A,magmatch_vs_oracleDIST,-0.4949149425750605,-0.3619339213318001,0.13298102124326044,0.26869469842909843,0.13298102124326044,0,1,True
upgrade/class_c_protein_oracle.csv,Control | AGA,energy_rho_partial_magmatch,0.2159678989613258,0.1579686470787526,-0.05799925188257318,-0.26855496655528116,0.05799925188257318,0,1,True
upgrade/oracle_shape_test.csv,IFNγ | DDX17,energy_vs_oracleDIST,0.5761464790196613,0.4214650500955128,-0.1546814289241485,-0.2684758729886639,0.1546814289241485,0,1,True
upgrade/oracle_shape_test.csv,Co-culture | TFAP2A,energy_vs_oracleDIST,0.59541406025127,0.4357053957649092,-0.15970866448636079,-0.26823126148375187,0.15970866448636079,0,1,True
exp08_signature_baselines/summary.csv,K562+A549 | coverage_worst,median_rank_proxy,4.3,3.147222222222222,-1.1527777777777777,-0.2680878552971576,1.1527777777777777,0,1,True
upgrade/oracle_shape_test.csv,Co-culture | SLC19A1,energy_vs_oracleDIST,0.623417111212398,0.4564470665773231,-0.16697004463507487,-0.26783038455642943,0.16697004463507487,0,1,True
upgrade/oracle_shape_test.csv,Co-culture | CD58,magmatch_vs_oracleDIST,0.3813243881716762,0.2792388118394434,-0.10208557633223281,-0.26771321084837835,0.10208557633223281,0,1,True
upgrade/oracle_shape_test.csv,Co-culture | CD44,magmatch_vs_oracleDIST,0.4235177674470323,0.3101908935644295,-0.11332687388260276,-0.267584697959044,0.11332687388260276,0,1,True
upgrade/oracle_shape_test.csv,Control | MIA,energy_vs_oracleDIST,0.4883128692570337,0.3577726755777444,-0.13054019367928932,-0.26732900543437604,0.13054019367928932,0,1,True
upgrade/oracle_shape_test.csv,Co-culture | JPT1,energy_vs_oracleDIST,0.5203956288089958,0.3812850059855131,-0.1391106228234827,-0.26731704711251786,0.1391106228234827,0,1,True
upgrade/class_c_protein_oracle.csv,IFNγ | SLC26A2,energy_rho_partial_magmatch,0.2127412836406637,0.1558961963796083,-0.05684508726105539,-0.26720289681560394,0.05684508726105539,0,1,True
upgrade/oracle_shape_test.csv,IFNγ | PYGB,energy_vs_oracleDIST,0.4744332121857942,0.3477369303341001,-0.12669628185169413,-0.2670476657145963,0.12669628185169413,0,1,True
upgrade/oracle_shape_test.csv,IFNγ | AHNAK,energy_vs_oracleDIST,0.6007933675863047,0.4403815315842137,-0.16041183600209102,-0.2670000114124889,0.16041183600209102,0,1,True
upgrade/class_c_protein_oracle.csv,IFNγ | CTSB,energy_rho,0.3861811755227216,0.283159924410994,-0.10302125111172755,-0.26676922035954115,0.10302125111172755,0,1,True
upgrade/oracle_shape_test.csv,Co-culture | SDC3,energy_vs_oracleMEAN,0.2988963142327799,0.3786210265607019,0.079724712327922,0.26673032932026236,0.079724712327922,0,1,True
upgrade/class_c_protein_oracle.csv,IFNγ | C6orf226,energy_rho_partial_magmatch,0.2295338713240549,0.1683505516354138,-0.0611833196886411,-0.26655464544604296,0.0611833196886411,0,1,True
upgrade/oracle_shape_test.csv,IFNγ | WNT7A,energy_vs_oracleDIST,0.5654220108377842,0.4147804504047925,-0.1506415604329917,-0.2664232335239064,0.1506415604329917,0,1,True
upgrade/oracle_shape_test.csv,Control | IRF3,energy_vs_oracleDIST,0.4663932805452945,0.3421895225114001,-0.12420375803389438,-0.26630691996393835,0.12420375803389438,0,1,True
upgrade/oracle_shape_test.csv,IFNγ | EIF3K,energy_vs_oracleMEAN,0.3384918066871987,0.2483793341749621,-0.09011247251223659,-0.26621758852647737,0.09011247251223659,0,1,True
upgrade/class_c_protein_oracle.csv,Co-culture | CXCR4,energy_rho,0.3127078785800869,0.2296994965450819,-0.08300838203500502,-0.26545024196998585,0.08300838203500502,0,1,True
upgrade/class_c_protein_oracle.csv,Co-culture | RRS1,energy_rho_partial_magmatch,0.1873022565413521,0.2370025754791451,0.049700318937793,0.2653482123255696,0.049700318937793,0,1,True
upgrade/oracle_shape_test.csv,Co-culture | APOD,energy_vs_oracleMEAN,0.3020167733364066,0.2219249896766548,-0.08009178365975178,-0.26518985278522983,0.08009178365975178,0,1,True
upgrade/oracle_shape_test.csv,IFNγ | MDH2,mean_vs_oracleDIST,0.2109178329629774,0.1550478863722012,-0.05586994659077618,-0.2648896293211162,0.05586994659077618,0,1,True
exp08_signature_baselines/summary.csv,A549+MCF7 | coverage_worst,ndcg@10,0.7336312560103628,0.9279601122018944,0.19432885619153162,0.26488628258334,0.19432885619153162,0,1,True
upgrade/class_c_protein_oracle.csv,Co-culture | SHMT2,energy_rho_partial_magmatch,0.3327603611346471,0.4208965354680022,0.08813617433335513,0.26486380178464825,0.08813617433335513,0,1,True
upgrade/oracle_shape_test.csv,IFNγ | CDH19,magmatch_vs_oracleDIST,0.5314823333723181,0.3907543565552999,-0.1407279768170182,-0.26478392221258346,0.1407279768170182,0,1,True
upgrade/oracle_shape_test.csv,IFNγ | HLA-E,energy_vs_oracleDIST,0.5735976887698666,0.4217602952451496,-0.15183739352471703,-0.2647106090164805,0.15183739352471703,0,1,True
upgrade/oracle_shape_test.csv,IFNγ | LY96,mean_vs_oracleDIST,0.4006793757228438,0.2946187932894104,-0.10606058243343341,-0.26470187601269796,0.10606058243343341,0,1,True
upgrade/class_c_protein_oracle.csv,IFNγ | IRF4,energy_rho_partial_magmatch,0.2910321884786818,0.2140501344976804,-0.07698205398100139,-0.2645138820671733,0.07698205398100139,0,1,True
upgrade/oracle_shape_test.csv,Co-culture | TPP1,energy_vs_oracleDIST,0.4785034074278277,0.3519638100875153,-0.1265395973403124,-0.26444868599895655,0.1265395973403124,0,1,True
upgrade/oracle_shape_test.csv,Co-culture | CXCR4,energy_vs_oracleMEAN,0.317909802052391,0.2338451185042276,-0.0840646835481634,-0.2644293538778955,0.0840646835481634,0,1,True
upgrade/oracle_shape_test.csv,IFNγ | FSTL3,mean_vs_oracleDIST,0.4444152780048434,0.3270562551167595,-0.11735902288808386,-0.2640751312937645,0.11735902288808386,0,1,True
upgrade/oracle_shape_test.csv,IFNγ | DDR1,energy_vs_oracleMEAN,0.3167165196201735,0.2331335316709061,-0.08358298794926738,-0.26390473111255897,0.08358298794926738,0,1,True
upgrade/oracle_shape_test.csv,Co-culture | HLA-E,magmatch_vs_oracleDIST,0.1782848942096024,0.2253350236785394,0.047050129468936996,0.26390418368043034,0.047050129468936996,0,1,True
upgrade/oracle_shape_test.csv,IFNγ | TGFB1,energy_vs_oracleDIST,0.5270339038114173,0.388027078353574,-0.13900682545784337,-0.2637530990939487,0.13900682545784337,0,1,True
upgrade/oracle_shape_test.csv,Control | APOD,mean_vs_oracleDIST,0.4722686472046982,0.3477322847934427,-0.12453636241125549,-0.26369813695736816,0.12453636241125549,0,1,True
upgrade/oracle_shape_test.csv,Co-culture | TTLL1,energy_vs_oracleDIST,0.6466502844494225,0.4765273483221161,-0.17012293612730645,-0.2630833701281895,0.17012293612730645,0,1,True
upgrade/oracle_shape_test.csv,Control | AEBP1,magmatch_vs_oracleDIST,0.5023104737699199,0.3701946994494913,-0.1321157743204286,-0.26301616474145706,0.1321157743204286,0,1,True
upgrade/oracle_shape_test.csv,IFNγ | BOLA2,mean_vs_oracleDIST,0.4536738008914532,0.3344145127545385,-0.11925928813691472,-0.2628745321034064,0.11925928813691472,0,1,True
upgrade/oracle_shape_test.csv,IFNγ | ATP1B1,energy_vs_oracleDIST,0.6277010642859927,0.4627267196150325,-0.16497434467096023,-0.2628231080962366,0.16497434467096023,0,1,True
upgrade/oracle_shape_test.csv,IFNγ | RNASEH2A,mean_vs_oracleDIST,0.2050919392356373,0.1512003430665471,-0.0538915961690902,-0.2627679877129265,0.0538915961690902,0,1,True
upgrade/oracle_shape_test.csv,Co-culture | RAB27A,mean_vs_oracleDIST,0.3863954237899678,0.2849237462420417,-0.10147167754792608,-0.2626109713014687,0.10147167754792608,0,1,True
upgrade/oracle_shape_test.csv,Control | VDAC2,mean_vs_oracleDIST,0.3797350858256936,0.2800402522440374,-0.0996948335816562,-0.26253785152583514,0.0996948335816562,0,1,True
upgrade/oracle_shape_test.csv,IFNγ | HSPA1A,energy_vs_oracleMEAN,0.2376021727547984,0.1752311606386192,-0.06237101211617918,-0.2625018592761147,0.06237101211617918,0,1,True
upgrade/oracle_shape_test.csv,Co-culture | IRF3,magmatch_vs_oracleDIST,0.4836219333294337,0.3566985662559932,-0.12692336707344049,-0.2624433639716311,0.12692336707344049,0,1,True
upgrade/class_c_protein_oracle.csv,Co-culture | MC1R,energy_rho_partial_magmatch,0.1645497776354356,0.2077335030628336,0.04318372542739801,0.2624356352706395,0.04318372542739801,0,1,True
upgrade/oracle_shape_test.csv,Co-culture | HLA-F,energy_vs_oracleDIST,0.6192624698950869,0.4568235139450584,-0.16243895595002855,-0.26231035117879553,0.16243895595002855,0,1,True
upgrade/oracle_shape_test.csv,Co-culture | FSTL3,energy_vs_oracleDIST,0.5677666072652024,0.4188471669133847,-0.14891944035181776,-0.2622898889195465,0.14891944035181776,0,1,True
upgrade/oracle_shape_test.csv,IFNγ | GPNMB,magmatch_vs_oracleDIST,0.5247467934973296,0.387219731524437,-0.13752706197289255,-0.2620827105132038,0.13752706197289255,0,1,True
upgrade/oracle_shape_test.csv,IFNγ | FBL,energy_vs_oracleDIST,0.5549986498248858,0.409545046976726,-0.14545360284815978,-0.26207920126301854,0.14545360284815978,0,1,True
upgrade/oracle_shape_test.csv,IFNγ | NSG1,energy_vs_oracleDIST,0.503733447688849,0.3718041848411973,-0.13192926284765166,-0.2619029239629587,0.13192926284765166,0,1,True
upgrade/oracle_shape_test.csv,Control | SERPINE2,magmatch_vs_oracleDIST,0.3253504753820248,0.4105300676454326,0.08517959226340782,0.2618087223121171,0.08517959226340782,0,1,True
upgrade/oracle_shape_test.csv,IFNγ | CTSB,energy_vs_oracleMEAN,0.3397881823970475,0.2508420076779437,-0.08894617471910382,-0.26176947677117535,0.08894617471910382,0,1,True
upgrade/class_c_protein_oracle.csv,IFNγ | CTSD,energy_rho,0.3453864046885761,0.2550393097085234,-0.09034709498005272,-0.261582661487547,0.09034709498005272,0,1,True
exp08_signature_baselines/summary.csv,K562 | coverage_worst,mrr,0.7222222222222222,0.9111111111111112,0.188888888888889,0.26153846153846166,0.188888888888889,0,1,True
upgrade/oracle_shape_test.csv,IFNγ | HLA-DRB5,magmatch_vs_oracleDIST,0.5224960690291477,0.3859722168076618,-0.1365238522214859,-0.26129163512208137,0.1365238522214859,0,1,True
upgrade/oracle_shape_test.csv,Co-culture | ENPP1,magmatch_vs_oracleDIST,0.5957893493194121,0.440303845149244,-0.1554855041701681,-0.26097395723469013,0.1554855041701681,0,1,True
upgrade/oracle_shape_test.csv,IFNγ | KDR,magmatch_vs_oracleDIST,0.4713095006042649,0.3483336582069575,-0.12297584239730741,-0.26092375018886815,0.12297584239730741,0,1,True
upgrade/oracle_shape_test.csv,IFNγ | SDC3,magmatch_vs_oracleDIST,0.5584078593427158,0.4127293282912947,-0.14567853105142103,-0.2608819496611216,0.14567853105142103,0,1,True
upgrade/oracle_shape_test.csv,Co-culture | SPINT1,magmatch_vs_oracleDIST,0.607244932294493,0.4490293159835498,-0.15821561631094316,-0.2605466227822121,0.15821561631094316,0,1,True
upgrade/oracle_shape_test.csv,Co-culture | CDH19,magmatch_vs_oracleDIST,0.5633129453299967,0.4165563868929134,-0.14675655843708324,-0.2605240295891144,0.14675655843708324,0,1,True
upgrade/class_c_protein_oracle.csv,Co-culture | LCP1,energy_rho_partial_magmatch,0.3646089667446395,0.4595849001748452,0.09497593343020572,0.26048710287677546,0.09497593343020572,0,1,True
upgrade/oracle_shape_test.csv,IFNγ | IFNGR1,energy_vs_oracleMEAN,0.3160698088443595,0.3983974633867425,0.082327654542383,0.2604730101979565,0.082327654542383,0,1,True
upgrade/oracle_shape_test.csv,Co-culture | GPNMB,mean_vs_oracleDIST,0.373178754346898,0.2760117891732578,-0.09716696517364021,-0.26037646581379637,0.09716696517364021,0,1,True
upgrade/oracle_shape_test.csv,Control | MT2A,energy_vs_oracleDIST,0.2240083426454571,0.1656903776229765,-0.0583179650224806,-0.260338362106369,0.0583179650224806,0,1,True
upgrade/oracle_shape_test.csv,IFNγ | GRN,mean_vs_oracleDIST,0.4126264083271607,0.3052301042091581,-0.1073963041180026,-0.2602749168513007,0.1073963041180026,0,1,True
upgrade/class_c_protein_oracle.csv,IFNγ | LCP1,energy_rho,0.3305420191545489,0.2445104125949481,-0.08603160655960079,-0.2602743420629245,0.08603160655960079,0,1,True
upgrade/oracle_shape_test.csv,Control | PAICS,magmatch_vs_oracleDIST,-0.5471206924998079,-0.4047667926543433,0.1423538998454646,0.26018738058516144,0.1423538998454646,0,1,True
upgrade/oracle_shape_test.csv,Co-culture | APOC2,magmatch_vs_oracleDIST,0.5662712424905989,0.4190397812203728,-0.14723146127022613,-0.26000165684322285,0.14723146127022613,0,1,True
upgrade/oracle_shape_test.csv,Co-culture | IRF4,magmatch_vs_oracleDIST,0.5430102700633416,0.401840190563449,-0.14117007949989258,-0.2599768131152017,0.14117007949989258,0,1,True
upgrade/oracle_shape_test.csv,Co-culture | PSMB8-AS1,energy_vs_oracleMEAN,-0.3137260239223614,-0.2321875240709134,0.08153849985144798,0.25990352611495987,0.08153849985144798,0,1,True
upgrade/oracle_shape_test.csv,Co-culture | CDH19,energy_vs_oracleDIST,0.6286213512838882,0.4652468033093982,-0.16337454797448997,-0.2598934122120031,0.16337454797448997,0,1,True
upgrade/class_c_protein_oracle.csv,Co-culture | SDC3,energy_rho,0.3072535347694257,0.3869464193464592,0.0796928845770335,0.25937174209187847,0.0796928845770335,0,1,True
upgrade/oracle_shape_test.csv,Co-culture | CST3,magmatch_vs_oracleDIST,0.5111338652631164,0.3786012258284593,-0.13253263943465715,-0.259291446804123,0.13253263943465715,0,1,True
upgrade/oracle_shape_test.csv,IFNγ | CDC123,energy_vs_oracleMEAN,0.2482029290605954,0.1839403272127142,-0.06426260184788121,-0.2589115369875122,0.06426260184788121,0,1,True
upgrade/oracle_shape_test.csv,IFNγ | TFAP2A,energy_vs_oracleDIST,0.4507063923970348,0.3340237116223551,-0.11668268077467969,-0.25888845319924364,0.11668268077467969,0,1,True
upgrade/oracle_shape_test.csv,Co-culture | SLC19A1,mean_vs_oracleDIST,0.3318499376545243,0.2459724475275805,-0.08587749012694382,-0.25878410806377017,0.08587749012694382,0,1,True
upgrade/oracle_shape_test.csv,Control | CSPG4,magmatch_vs_oracleDIST,0.5738879310019105,0.4254307027895712,-0.1484572282123393,-0.25868679265158667,0.1484572282123393,0,1,True
upgrade/oracle_shape_test.csv,Co-culture | MC1R,magmatch_vs_oracleDIST,0.5260527640213614,0.3900220598157493,-0.13603070420561209,-0.25858756670288746,0.13603070420561209,0,1,True
upgrade/oracle_shape_test.csv,IFNγ | KCNN4,energy_vs_oracleDIST,0.5447299000688732,0.4040956969037215,-0.14063420316515174,-0.25817235871827593,0.14063420316515174,0,1,True
upgrade/oracle_shape_test.csv,IFNγ | SERPINE2,energy_vs_oracleDIST,0.5548617987602823,0.4116918118851767,-0.14316998687510563,-0.25802819223631496,0.14316998687510563,0,1,True
upgrade/oracle_shape_test.csv,IFNγ | PROS1,energy_vs_oracleDIST,0.5285870596338025,0.3922035528179538,-0.13638350681584865,-0.2580152206342947,0.13638350681584865,0,1,True
upgrade/oracle_shape_test.csv,IFNγ | CHCHD2,energy_vs_oracleDIST,0.620875079594038,0.4606952295557028,-0.16017985003833518,-0.25799046427031586,0.16017985003833518,0,1,True
upgrade/oracle_shape_test.csv,Control | TM4SF1,mean_vs_oracleDIST,0.3615321545655944,0.2683046324085981,-0.09322752215699631,-0.2578678576156402,0.09322752215699631,0,1,True
upgrade/oracle_shape_test.csv,IFNγ | HLA-H,mean_vs_oracleDIST,0.4324428845882536,0.32099913479635,-0.11144374979190358,-0.25770744244760485,0.11144374979190358,0,1,True
upgrade/class_c_protein_oracle.csv,Co-culture | IRF4,energy_rho,0.1390254878033948,0.1032004396905255,-0.035825048112869295,-0.2576869081986742,0.035825048112869295,0,1,True
upgrade/oracle_shape_test.csv,IFNγ | S100A6,energy_vs_oracleDIST,0.6251696490065365,0.4641768352111029,-0.16099281379543356,-0.25751860163280305,0.16099281379543356,0,1,True
upgrade/oracle_shape_test.csv,Co-culture | CHCHD2,energy_vs_oracleDIST,0.6335001091697366,0.4704289009648056,-0.16307120820493104,-0.2574130704075989,0.16307120820493104,0,1,True
upgrade/oracle_shape_test.csv,Control | ACTA2,energy_vs_oracleMEAN,0.4760444991328639,0.3535295651221106,-0.1225149340107533,-0.2573602556776093,0.1225149340107533,0,1,True
upgrade/oracle_shape_test.csv,Co-culture | BOLA2,magmatch_vs_oracleDIST,0.494760142216024,0.3676217039861142,-0.12713843822990978,-0.25696984736979506,0.12713843822990978,0,1,True
upgrade/oracle_shape_test.csv,IFNγ | NPC1,mean_vs_oracleDIST,0.517841799539979,0.384775642275155,-0.13306615726482401,-0.25696295158682125,0.13306615726482401,0,1,True
upgrade/class_c_protein_oracle.csv,IFNγ | PSAP,energy_rho_partial_magmatch,-0.2714472470209088,-0.201709095161982,0.06973815185892679,0.2569123563576059,0.06973815185892679,0,1,True
upgrade/oracle_shape_test.csv,Co-culture | CDKN1A,energy_vs_oracleDIST,0.6328201873086272,0.4703640361875958,-0.1624561511210314,-0.2567177128339639,0.1624561511210314,0,1,True
upgrade/oracle_shape_test.csv,IFNγ | FSTL3,magmatch_vs_oracleDIST,0.5340965353128805,0.396985692565592,-0.13711084274728846,-0.2567154693616711,0.13711084274728846,0,1,True
upgrade/oracle_shape_test.csv,Control | B2M,magmatch_vs_oracleDIST,0.0738709283331213,0.0549072850768205,-0.018963643256300795,-0.25671321160043037,0.018963643256300795,0,1,True
upgrade/oracle_shape_test.csv,IFNγ | CITED1,energy_vs_oracleDIST,0.6131654386443672,0.455810808106472,-0.15735463053789522,-0.25662671217377614,0.15735463053789522,0,1,True
upgrade/oracle_shape_test.csv,Control | BOLA2B,mean_vs_oracleDIST,0.3932654318111117,0.2923672791722739,-0.10089815263883778,-0.2565650181206364,0.10089815263883778,0,1,True
upgrade/oracle_shape_test.csv,Control | GAA,magmatch_vs_oracleDIST,0.4957771969580573,0.3685788161860369,-0.1271983807720204,-0.2565635966165289,0.1271983807720204,0,1,True
upgrade/oracle_shape_test.csv,Co-culture | FMN1,energy_vs_oracleDIST,0.6150900954380949,0.4574983559380582,-0.1575917395000367,-0.2562091971059829,0.1575917395000367,0,1,True
upgrade/oracle_shape_test.csv,IFNγ | HASPIN,magmatch_vs_oracleDIST,0.3836414434784868,0.285479708393435,-0.09816173508505177,-0.25586843328243375,0.09816173508505177,0,1,True
upgrade/class_c_protein_oracle.csv,IFNγ | SDC3,energy_rho,0.3028758600381789,0.2254259679092425,-0.07744989212893641,-0.2557149721974326,0.07744989212893641,0,1,True
exp13_real_data_projection/projection.csv,frangieh | IFNγ:JMJD7:s1,structure_reliability_score,0.3308056236673057,0.4153725137144638,0.08456689004715812,0.25563921528797173,0.08456689004715812,0,1,True
upgrade/class_c_protein_oracle.csv,Co-culture | DDR1,energy_rho_partial_magmatch,0.2791924798557222,0.207820375532311,-0.0713721043234112,-0.25563763164500003,0.0713721043234112,0,1,True
upgrade/oracle_shape_test.csv,Co-culture | EVA1A,mean_vs_oracleDIST,0.3847958120519914,0.2864353272109478,-0.09836048484104365,-0.25561734759149024,0.09836048484104365,0,1,True
upgrade/oracle_shape_test.csv,IFNγ | GRN,magmatch_vs_oracleDIST,0.5052419009005498,0.3761373181746864,-0.1291045827258634,-0.2555302370918677,0.1291045827258634,0,1,True
upgrade/class_c_protein_oracle.csv,Co-culture | BOLA2,energy_rho,0.2959275923758404,0.2203578103272833,-0.07556978204855708,-0.25536578539989707,0.07556978204855708,0,1,True
upgrade/class_c_protein_oracle.csv,IFNγ | FOXM1,energy_rho,0.197486309172179,0.2478920899769989,0.050405780804819916,0.2552368364982379,0.050405780804819916,0,1,True
upgrade/oracle_shape_test.csv,Control | BZW2,energy_vs_oracleMEAN,0.4836402839823525,0.3602172815125574,-0.1234230024697951,-0.2551958688253079,0.1234230024697951,0,1,True
upgrade/oracle_shape_test.csv,IFNγ | S100A6,mean_vs_oracleDIST,0.4353290969812743,0.3242462282172235,-0.11108286876405082,-0.2551698692652034,0.11108286876405082,0,1,True
upgrade/oracle_shape_test.csv,IFNγ | ISYNA1,energy_vs_oracleDIST,0.5438271526327039,0.405089340246644,-0.13873781238605987,-0.255113801718838,0.13873781238605987,0,1,True
upgrade/oracle_shape_test.csv,Co-culture | S100A6,energy_vs_oracleDIST,0.5243350057248957,0.3905710938228461,-0.13376391190204956,-0.25511154212776677,0.13376391190204956,0,1,True
upgrade/oracle_shape_test.csv,Co-culture | S100A6,mean_vs_oracleDIST,0.2289547099067626,0.170570618920013,-0.0583840909867496,-0.2550027951402502,0.0583840909867496,0,1,True
upgrade/oracle_shape_test.csv,Co-culture | CORO1A,magmatch_vs_oracleDIST,0.5968121278600589,0.4446683180157864,-0.1521438098442725,-0.2549274767418053,0.1521438098442725,0,1,True
upgrade/oracle_shape_test.csv,Control | BOLA2,magmatch_vs_oracleDIST,0.5388649522099062,0.4015425828691185,-0.13732236934078768,-0.25483633473957307,0.13732236934078768,0,1,True
upgrade/oracle_shape_test.csv,Co-culture | PIK3IP1,magmatch_vs_oracleDIST,0.4173393974178027,0.31105845995961,-0.10628093745819267,-0.25466308265115395,0.10628093745819267,0,1,True
upgrade/class_c_protein_oracle.csv,IFNγ | PABPC1,energy_rho_partial_magmatch,0.1532337920548906,0.1922550128000208,0.0390212207451302,0.25465153750911695,0.0390212207451302,0,1,True
upgrade/oracle_shape_test.csv,Co-culture | SET,energy_vs_oracleDIST,0.4832026288767563,0.3601970035947827,-0.12300562528197362,-0.2545632368927921,0.12300562528197362,0,1,True
upgrade/oracle_shape_test.csv,IFNγ | LGALS3,mean_vs_oracleDIST,0.4524585136381948,0.3373804789936714,-0.11507803464452337,-0.2543394171527176,0.11507803464452337,0,1,True
upgrade/oracle_shape_test.csv,Co-culture | CKS1B,magmatch_vs_oracleDIST,0.3807545047719047,0.2839449830859301,-0.09680952168597462,-0.25425706189338315,0.09680952168597462,0,1,True
exp11_hir_benchmark/uncertainty_band.csv,worst | DART_coverage_mean | predicted_mean,hit_at_1_std,0.1942738966994164,0.2436682228074117,0.04939432610799532,0.2542509670479251,0.04939432610799532,0,1,True
upgrade/class_c_protein_oracle.csv,IFNγ | CDC123,energy_rho_partial_magmatch,0.252042155601471,0.187969799747898,-0.06407235585357299,-0.2542128545943885,0.06407235585357299,0,1,True
upgrade/class_c_protein_oracle.csv,Co-culture | PSMB8-AS1,energy_rho_partial_magmatch,-0.3039766162478158,-0.2267330912873283,0.0772435249604875,0.2541100888415542,0.0772435249604875,0,1,True
upgrade/oracle_shape_test.csv,IFNγ | FOS,energy_vs_oracleDIST,0.5369090223902901,0.4005962080750588,-0.13631281431523135,-0.25388438009175934,0.13631281431523135,0,1,True
upgrade/oracle_shape_test.csv,IFNγ | FKBP4,energy_vs_oracleMEAN,0.3615205025198626,0.2697938403425143,-0.09172666217734832,-0.25372464780834575,0.09172666217734832,0,1,True
upgrade/oracle_shape_test.csv,Co-culture | RBP7,energy_vs_oracleDIST,0.6506095408586229,0.4856535908156108,-0.16495595004301206,-0.2535406256497811,0.16495595004301206,0,1,True
upgrade/class_c_protein_oracle.csv,Co-culture | CORO1A,energy_rho_partial_magmatch,0.2644623839311413,0.1974396945795633,-0.06702268935157799,-0.2534299523255785,0.06702268935157799,0,1,True
upgrade/oracle_shape_test.csv,IFNγ | P2RX4,energy_vs_oracleDIST,0.4678893526930499,0.3494210752017465,-0.1184682774913034,-0.2531972074368239,0.1184682774913034,0,1,True
upgrade/oracle_shape_test.csv,Co-culture | RNF213,magmatch_vs_oracleDIST,0.5692700801369572,0.4251556030715788,-0.14411447706537844,-0.2531565984123157,0.14411447706537844,0,1,True
upgrade/oracle_shape_test.csv,Co-culture | HSPA1A,energy_vs_oracleDIST,0.6444031832389415,0.4813269020660508,-0.16307628117289075,-0.253065604600564,0.16307628117289075,0,1,True
upgrade/oracle_shape_test.csv,IFNγ | MIA,magmatch_vs_oracleDIST,0.4790201811495328,0.3579020960846231,-0.12111808506490973,-0.25284547464003615,0.12111808506490973,0,1,True
upgrade/class_c_protein_oracle.csv,IFNγ | ST3GAL6-AS1,energy_rho,0.3944189310358271,0.2947237924447389,-0.0996951385910882,-0.2527645879706326,0.0996951385910882,0,1,True
upgrade/class_c_protein_oracle.csv,Co-culture | SPINT1,energy_rho,0.3256715676252946,0.2434902114997142,-0.08218135612558039,-0.2523442765508322,0.08218135612558039,0,1,True
upgrade/oracle_shape_test.csv,Control | NPC2,mean_vs_oracleDIST,0.4093008376648157,0.3061021948556222,-0.1031986428091935,-0.25213396434264046,0.1031986428091935,0,1,True
exp08_signature_baselines/summary.csv,K562+MCF7 | coverage_worst,mrr,0.712180341308851,0.8916266155449312,0.17944627423608017,0.2519674636150337,0.17944627423608017,0,1,True
upgrade/class_c_protein_oracle.csv,Co-culture | TGFB1,energy_rho_partial_magmatch,0.3302584340136992,0.4134382443884728,0.08317981037477362,0.25186278928253897,0.08317981037477362,0,1,True
upgrade/class_c_protein_oracle.csv,Co-culture | FRZB,energy_rho_partial_magmatch,0.2488670382105661,0.1862354626161701,-0.062631575594396,-0.2516668179311215,0.062631575594396,0,1,True
upgrade/oracle_shape_test.csv,IFNγ | TRIM22,magmatch_vs_oracleDIST,0.4838303899782984,0.3620714883296389,-0.12175890164865949,-0.2516561674724914,0.12175890164865949,0,1,True
upgrade/oracle_shape_test.csv,IFNγ | EMP1,mean_vs_oracleDIST,0.4261661013865606,0.318941171884137,-0.10722492950242357,-0.2516036098449875,0.10722492950242357,0,1,True
upgrade/oracle_shape_test.csv,Control | GSEC,mean_vs_oracleDIST,0.4204180641391045,0.3147420695144667,-0.10567599462463778,-0.251359310264253,0.10567599462463778,0,1,True
upgrade/oracle_shape_test.csv,Co-culture | UQCRH,energy_vs_oracleDIST,0.5738106145416406,0.4296138982051569,-0.14419671633648373,-0.25129670431709933,0.14419671633648373,0,1,True
upgrade/class_c_protein_oracle.csv,Co-culture | PFN1,energy_rho_partial_magmatch,0.3289194396841548,0.4115513743514246,0.08263193466726976,0.2512224110153451,0.08263193466726976,0,1,True
upgrade/oracle_shape_test.csv,IFNγ | IRF4,mean_vs_oracleDIST,0.4793424557846997,0.3589811963146336,-0.1203612594700661,-0.2510965970519567,0.1203612594700661,0,1,True
upgrade/oracle_shape_test.csv,IFNγ | FGFR1,energy_vs_oracleMEAN,0.4130817511987837,0.3093748131976661,-0.10370693800111763,-0.2510566920474094,0.10370693800111763,0,1,True
upgrade/class_c_protein_oracle.csv,IFNγ | TMED10,energy_rho_partial_magmatch,0.1106290852858238,0.1384008420724338,0.027771756786610008,0.25103485864371267,0.027771756786610008,0,1,True
upgrade/class_c_protein_oracle.csv,IFNγ | S100A6,energy_rho,0.3694052213688875,0.2766826504489753,-0.0927225709199122,-0.25100503608561503,0.0927225709199122,0,1,True
upgrade/oracle_shape_test.csv,IFNγ | GAS5,mean_vs_oracleDIST,0.3655576780632333,0.2738289605343521,-0.09172871752888123,-0.2509281654672678,0.09172871752888123,0,1,True
upgrade/oracle_shape_test.csv,Co-culture | CCT3,magmatch_vs_oracleDIST,-0.3254341162087233,-0.2438214851833211,0.0816126310254022,0.2507808092654256,0.0816126310254022,0,1,True
upgrade/oracle_shape_test.csv,Control | PET100,energy_vs_oracleDIST,0.3076462890730774,0.3846545246620562,0.07700823558897879,0.2503142027846352,0.07700823558897879,0,1,True
upgrade/class_c_protein_oracle.csv,IFNγ | CTSO,energy_rho_partial_magmatch,0.2792431744051564,0.2093584395670084,-0.069884734838148,-0.25026479156389914,0.069884734838148,0,1,True
exp12_partial_observed_retrieval/recommendation_vs_outcome.csv,mean_sufficient | DART_coverage_worst,frac_regret_improved,0.3636363636363636,0.2727272727272727,-0.09090909090909088,-0.24999999999999997,0.09090909090909088,0,1,True
exp13_real_data_projection/projection.csv,sciplex3_cross_line | K562->MCF7:Curcumin:s0,bootstrap_rank_stability,0.8,1.0,0.19999999999999996,0.24999999999999994,0.19999999999999996,0,1,True
exp13_real_data_projection/projection.csv,sciplex3_cross_line | K562->MCF7:AG-490 (Tyrphostin B42):s1,bootstrap_rank_stability,0.8,1.0,0.19999999999999996,0.24999999999999994,0.19999999999999996,0,1,True
exp13_real_data_projection/projection.csv,sciplex3_cross_line | K562->MCF7:Lapatinib (GW-572016) Ditosylate:s0,bootstrap_rank_stability,0.8,1.0,0.19999999999999996,0.24999999999999994,0.19999999999999996,0,1,True
exp13_real_data_projection/projection.csv,sciplex3_cross_line | K562->MCF7:WP1066:s2,bootstrap_rank_stability,0.8,1.0,0.19999999999999996,0.24999999999999994,0.19999999999999996,0,1,True
exp13_real_data_projection/projection.csv,sciplex3_cross_line | K562->MCF7:Clevudine:s1,bootstrap_rank_stability,0.8,1.0,0.19999999999999996,0.24999999999999994,0.19999999999999996,0,1,True
exp13_real_data_projection/projection.csv,sciplex3_cross_line | K562->MCF7:Nintedanib (BIBF 1120):s2,bootstrap_rank_stability,0.8,1.0,0.19999999999999996,0.24999999999999994,0.19999999999999996,0,1,True
exp13_real_data_projection/projection.csv,sciplex3_cross_line | K562->MCF7:Dasatinib:s2,bootstrap_rank_stability,0.8,1.0,0.19999999999999996,0.24999999999999994,0.19999999999999996,0,1,True
exp13_real_data_projection/projection.csv,sciplex3_cross_line | K562->MCF7:ABT-737:s0,bootstrap_rank_stability,0.8,1.0,0.19999999999999996,0.24999999999999994,0.19999999999999996,0,1,True
upgrade/class_c_protein_oracle.csv,Control | B2M,energy_rho,0.2734696653496944,0.3418023469995671,0.06833268164987266,0.24987298522669224,0.06833268164987266,0,1,True
upgrade/oracle_shape_test.csv,IFNγ | ST3GAL6-AS1,energy_vs_oracleMEAN,0.3992166647174249,0.2994743023597108,-0.09974236235771411,-0.24984518727021113,0.09974236235771411,0,1,True
upgrade/class_c_protein_oracle.csv,Co-culture | CCND1,energy_rho,0.3546626481392785,0.4432239184232762,0.08856127028399768,0.24970565902169392,0.08856127028399768,0,1,True
upgrade/class_c_protein_oracle.csv,IFNγ | LGALS3BP,energy_rho,0.3109685132483463,0.2333326142795328,-0.07763589896881348,-0.24965839196334244,0.07763589896881348,0,1,True
upgrade/class_c_protein_oracle.csv,IFNγ | CCR10,energy_rho,0.3537323700784676,0.2654535275956914,-0.08827884248277618,-0.24956393576079422,0.08827884248277618,0,1,True
upgrade/oracle_shape_test.csv,Control | PSMB8-AS1,energy_vs_oracleDIST,0.3537524890017922,0.4420341237265316,0.08828163472473943,0.24955763554865668,0.08828163472473943,0,1,True
upgrade/oracle_shape_test.csv,IFNγ | CCR10,energy_vs_oracleDIST,0.5866527845965356,0.4403661665516775,-0.1462866180448581,-0.24935809031481068,0.1462866180448581,0,1,True
upgrade/oracle_shape_test.csv,IFNγ | DDX39A,mean_vs_oracleDIST,0.4292640962665523,0.3222252543760477,-0.10703884189050461,-0.2493542852091656,0.10703884189050461,0,1,True
upgrade/oracle_shape_test.csv,Co-culture | VAT1,magmatch_vs_oracleDIST,0.4427490155901333,0.3323932764164193,-0.110355739173714,-0.24925123554848008,0.110355739173714,0,1,True
upgrade/oracle_shape_test.csv,Co-culture | LRRC75A-AS1,magmatch_vs_oracleDIST,0.4590069086779226,0.3449769469423496,-0.114029961735573,-0.2484275499556498,0.114029961735573,0,1,True
upgrade/oracle_shape_test.csv,IFNγ | IDI2-AS1,energy_vs_oracleDIST,0.6161813054721713,0.4631757046508908,-0.1530056008212805,-0.24831263049117402,0.1530056008212805,0,1,True
upgrade/oracle_shape_test.csv,Control | TIMM50,energy_vs_oracleDIST,0.4384761578502581,0.547242402402316,0.10876624455205791,0.24805509399943737,0.10876624455205791,0,1,True
upgrade/oracle_shape_test.csv,Co-culture | CST3,energy_vs_oracleDIST,0.6424155411372995,0.4833728989169319,-0.15904264222036757,-0.24756973023847872,0.15904264222036757,0,1,True
upgrade/oracle_shape_test.csv,Co-culture | MFGE8,magmatch_vs_oracleDIST,0.5737445914648378,0.4317532775534859,-0.1419913139113519,-0.24748174714611473,0.1419913139113519,0,1,True
upgrade/oracle_shape_test.csv,Co-culture | NT5E,energy_vs_oracleDIST,0.5499114190386228,0.4138964717315628,-0.13601494730706004,-0.24733973981636317,0.13601494730706004,0,1,True
upgrade/oracle_shape_test.csv,Co-culture | ACTA2,energy_vs_oracleDIST,0.6369923824427264,0.4798215523646975,-0.1571708300780289,-0.24673894760768278,0.1571708300780289,0,1,True
upgrade/oracle_shape_test.csv,IFNγ | ARMC6,energy_vs_oracleDIST,0.6175428164055713,0.4652862046408236,-0.1522566117647477,-0.2465523162441795,0.1522566117647477,0,1,True
upgrade/oracle_shape_test.csv,Co-culture | TOP1MT,energy_vs_oracleMEAN,0.4122197132166037,0.5137886879303445,0.10156897471374077,0.24639523889137888,0.10156897471374077,0,1,True
upgrade/class_c_protein_oracle.csv,IFNγ | EEA1,energy_rho_partial_magmatch,0.2334770574246618,0.1759551934297558,-0.057521863994906,-0.24637051978208654,0.057521863994906,0,1,True
upgrade/oracle_shape_test.csv,Co-culture | TMEM173,magmatch_vs_oracleDIST,0.2822215150157777,0.3516788683876296,0.06945735337185188,0.2461093491329633,0.06945735337185188,0,1,True
upgrade/oracle_shape_test.csv,Co-culture | DAG1,magmatch_vs_oracleDIST,0.5347597020621786,0.40324289137061,-0.13151681069156862,-0.2459362778915541,0.13151681069156862,0,1,True
upgrade/oracle_shape_test.csv,Co-culture | CCR10,magmatch_vs_oracleDIST,0.5829681311241471,0.4396679386726697,-0.14330019245147746,-0.24581136566616313,0.14330019245147746,0,1,True
upgrade/oracle_shape_test.csv,Co-culture | S100B,energy_vs_oracleDIST,0.5782781760719627,0.4361698739017147,-0.14210830217024806,-0.24574384448595143,0.14210830217024806,0,1,True
upgrade/class_c_protein_oracle.csv,IFNγ | HSPA1A,energy_rho,0.2399755695034631,0.1810117864150845,-0.0589637830883786,-0.245707441013189,0.0589637830883786,0,1,True
upgrade/oracle_shape_test.csv,Co-culture | NPC2,mean_vs_oracleDIST,0.4412652338114601,0.3328483919037174,-0.1084168419077427,-0.24569540856705263,0.1084168419077427,0,1,True
upgrade/oracle_shape_test.csv,IFNγ | DDX39A,energy_vs_oracleDIST,0.5760009356360376,0.4346450430782425,-0.14135589255779513,-0.24540913705583775,0.14135589255779513,0,1,True
exp12_partial_observed_retrieval/recommendation_vs_outcome.csv,mean_or_no_call | DART_coverage_worst,mean_ndcg_gain,-0.0337234374088921,-0.0419961042030146,-0.008272666794122495,-0.2453091211852912,0.008272666794122495,0,1,True
exp11_hir_benchmark/uncertainty_band.csv,mean | DART_coverage_worst | predicted_mean,hit_at_1_mean,0.0345982142857142,0.0430803571428571,0.008482142857142903,0.2451612903225826,0.008482142857142903,0,1,True
upgrade/class_c_protein_oracle.csv,Co-culture | HASPIN,energy_rho_partial_magmatch,-0.0778452615990673,-0.058787758394921,0.019057503204146294,0.2448126297307559,0.019057503204146294,0,1,True
upgrade/class_c_protein_oracle.csv,IFNγ | GPNMB,energy_rho_partial_magmatch,0.2022943874832689,0.1527909243304354,-0.04950346315283349,-0.24471001775532583,0.04950346315283349,0,1,True
upgrade/class_c_protein_oracle.csv,IFNγ | CKS1B,energy_rho_partial_magmatch,0.3452512572609255,0.2608277779943602,-0.0844234792665653,-0.24452765193773587,0.0844234792665653,0,1,True
upgrade/oracle_shape_test.csv,Control | GRN,magmatch_vs_oracleDIST,0.2408887735786083,0.1820104207467824,-0.05887835283182591,-0.24442132340639097,0.05887835283182591,0,1,True
upgrade/oracle_shape_test.csv,Control | STX7,energy_vs_oracleDIST,0.3628296237055136,0.274319885162693,-0.08850973854282057,-0.24394297697879946,0.08850973854282057,0,1,True
upgrade/oracle_shape_test.csv,Co-culture | MIA,energy_vs_oracleDIST,0.6092082501046813,0.460753624464214,-0.1484546256404673,-0.2436845292475243,0.1484546256404673,0,1,True
upgrade/oracle_shape_test.csv,IFNγ | SSR2,energy_vs_oracleMEAN,0.1762681117045469,0.1333348927267293,-0.0429332189778176,-0.24356770242016568,0.0429332189778176,0,1,True
upgrade/oracle_shape_test.csv,Co-culture | UQCRFS1,energy_vs_oracleDIST,0.497967473789128,0.376785012066586,-0.12118246172254199,-0.24335417090687048,0.12118246172254199,0,1,True
upgrade/oracle_shape_test.csv,IFNγ | NONO,energy_vs_oracleDIST,0.496728910752818,0.3759567528231518,-0.12077215792966622,-0.2431349480879417,0.12077215792966622,0,1,True
upgrade/oracle_shape_test.csv,Control | SDCBP,energy_vs_oracleDIST,0.5845840531919505,0.4424610796316844,-0.1421229735602661,-0.24311811583679901,0.1421229735602661,0,1,True
exp12_partial_observed_retrieval/recommendation_vs_outcome.csv,mean_or_no_call | DART_coverage_worst,mean_minority_cov_gain,0.0027599087027251,0.0020891505741905,-0.0006707581285346001,-0.24303634677201522,0.0006707581285346001,0,1,True
upgrade/oracle_shape_test.csv,Co-culture | GSN,energy_vs_oracleDIST,0.5986665655085022,0.4532327852066609,-0.1454337803018413,-0.2429295181672808,0.1454337803018413,0,1,True
upgrade/class_c_protein_oracle.csv,IFNγ | SSR2,energy_rho,0.1807040661182799,0.1368347268682818,-0.04386933924999811,-0.24276896581443508,0.04386933924999811,0,1,True
exp12_partial_observed_retrieval/recommendation_vs_outcome.csv,mean_or_no_call | DART_sliced_wasserstein,mean_regret_reduction,0.1135580952006175,0.1411080998698557,0.027550004669238196,0.24260713972497475,0.027550004669238196,0,1,True
upgrade/oracle_shape_test.csv,IFNγ | DDX17,mean_vs_oracleDIST,0.3860117214403597,0.2925302457344093,-0.09348147570595045,-0.24217263495816846,0.09348147570595045,0,1,True
upgrade/oracle_shape_test.csv,Co-culture | ST6GALNAC2,energy_vs_oracleDIST,0.4686648106846187,0.355170665359347,-0.11349414532527169,-0.24216485372452246,0.11349414532527169,0,1,True
upgrade/oracle_shape_test.csv,IFNγ | IRF4,magmatch_vs_oracleDIST,0.5303003131781737,0.4019009005496862,-0.12839941262848753,-0.24212584725618871,0.12839941262848753,0,1,True
upgrade/oracle_shape_test.csv,Co-culture | CKS1B,energy_vs_oracleDIST,0.5909708230124012,0.4479196649734256,-0.1430511580389756,-0.24206128706962196,0.1430511580389756,0,1,True
upgrade/oracle_shape_test.csv,Co-culture | NSG1,energy_vs_oracleDIST,0.5372152971994053,0.407179490446504,-0.13003580675290133,-0.2420552940893532,0.13003580675290133,0,1,True
upgrade/oracle_shape_test.csv,IFNγ | LAMP2,magmatch_vs_oracleDIST,0.4663880550465869,0.3535295570023261,-0.11285849804426085,-0.24198410920491426,0.11285849804426085,0,1,True
upgrade/oracle_shape_test.csv,IFNγ | NGFR,magmatch_vs_oracleDIST,0.5426933322937377,0.411387210375164,-0.13130612191857371,-0.2419527090255516,0.13130612191857371,0,1,True
upgrade/class_c_protein_oracle.csv,IFNγ | DDR1,energy_rho,0.3461525866437955,0.2624283036212591,-0.08372428302253643,-0.24187103102220056,0.08372428302253643,0,1,True
upgrade/oracle_shape_test.csv,Co-culture | CHCHD2,magmatch_vs_oracleDIST,0.5202369417647504,0.3944374978643851,-0.12579944390036535,-0.2418118241923148,0.12579944390036535,0,1,True
upgrade/class_c_protein_oracle.csv,IFNγ | FBXO32,energy_rho_partial_magmatch,0.4506953595051525,0.3418621756136862,-0.10883318389146629,-0.241478376903994,0.10883318389146629,0,1,True
upgrade/oracle_shape_test.csv,IFNγ | TAPBPL,mean_vs_oracleDIST,0.4937664532289884,0.3745595363403636,-0.11920691688862478,-0.241423685446977,0.11920691688862478,0,1,True
upgrade/oracle_shape_test.csv,IFNγ | C1QBP,mean_vs_oracleDIST,0.4166631580315257,0.3162513004694661,-0.10041185756205961,-0.24099048746340615,0.10041185756205961,0,1,True
upgrade/oracle_shape_test.csv,Co-culture | APOE,magmatch_vs_oracleDIST,0.5396234020533177,0.4096980950025742,-0.1299253070507435,-0.24077033456363367,0.1299253070507435,0,1,True
upgrade/oracle_shape_test.csv,Co-culture | ST6GALNAC2,magmatch_vs_oracleDIST,0.4619478313446294,0.3507580202111695,-0.11118981113345994,-0.24069776626033862,0.11118981113345994,0,1,True
exp08_signature_baselines/summary.csv,K562+A549 | coverage_worst,mrr,0.6876864549839466,0.8529841407337713,0.16529768574982462,0.24036780796225415,0.16529768574982462,0,1,True
upgrade/oracle_shape_test.csv,Control | RBP7,magmatch_vs_oracleDIST,0.2282879068203372,0.2831485919901057,0.054860685169768525,0.24031358442891124,0.054860685169768525,0,1,True
upgrade/oracle_shape_test.csv,IFNγ | GPATCH4,energy_vs_oracleDIST,0.6256426650033137,0.4753203839539577,-0.15032228104935597,-0.24026859013612795,0.15032228104935597,0,1,True
upgrade/oracle_shape_test.csv,Control | SDC3,energy_vs_oracleDIST,0.4234823228920154,0.3217673203668042,-0.10171500252521115,-0.24018712712867515,0.10171500252521115,0,1,True
upgrade/oracle_shape_test.csv,Co-culture | CXCR4,magmatch_vs_oracleDIST,0.593023329891253,0.4505895455353631,-0.14243378435588983,-0.24018242989193858,0.14243378435588983,0,1,True
upgrade/oracle_shape_test.csv,IFNγ | CD58,magmatch_vs_oracleDIST,0.3365498421114186,0.2557202448247632,-0.0808295972866554,-0.2401712530291304,0.0808295972866554,0,1,True
upgrade/oracle_shape_test.csv,Co-culture | CDKN2A,energy_vs_oracleDIST,0.6339983615847778,0.4819662836265529,-0.15203207795822493,-0.23979884991847145,0.15203207795822493,0,1,True
upgrade/class_c_protein_oracle.csv,Co-culture | GPATCH4,energy_rho,-0.0142013321603619,-0.0176044163646883,-0.003403084204326402,-0.23963133640553333,0.003403084204326402,0,1,True
upgrade/oracle_shape_test.csv,IFNγ | IDI2-AS1,energy_vs_oracleMEAN,0.3868194872194717,0.2942923602718543,-0.09252712694761739,-0.23919975597072185,0.09252712694761739,0,1,True
upgrade/oracle_shape_test.csv,IFNγ | TRIM22,energy_vs_oracleDIST,0.4644232193676659,0.3533841054628542,-0.11103911390481169,-0.23909035826416405,0.11103911390481169,0,1,True
upgrade/class_c_protein_oracle.csv,IFNγ | LY96,energy_rho,0.3678905305836029,0.2800488609930737,-0.08784166959052919,-0.23877121667464946,0.08784166959052919,0,1,True
upgrade/oracle_shape_test.csv,Control | SDCBP,mean_vs_oracleDIST,0.34530657071284,0.2628864486210835,-0.08242012209175648,-0.23868680495019534,0.08242012209175648,0,1,True
upgrade/oracle_shape_test.csv,Control | SPESP1,magmatch_vs_oracleDIST,0.3841507418831148,0.2924988003672576,-0.0916519415158572,-0.2385832734998181,0.0916519415158572,0,1,True
upgrade/oracle_shape_test.csv,IFNγ | CST3,magmatch_vs_oracleDIST,0.4090803477447273,0.3114862318558081,-0.0975941158889192,-0.23856955345559522,0.0975941158889192,0,1,True
upgrade/oracle_shape_test.csv,Co-culture | SOX4,energy_vs_oracleDIST,0.592399006410609,0.4511049888542621,-0.14129401755634696,-0.23851157079492458,0.14129401755634696,0,1,True
upgrade/oracle_shape_test.csv,Co-culture | BOLA2,energy_vs_oracleDIST,0.6209777322694738,0.4729180867902302,-0.14805964547924366,-0.23842987885915537,0.14805964547924366,0,1,True
upgrade/oracle_shape_test.csv,IFNγ | LGALS3BP,energy_vs_oracleDIST,0.6025698803165569,0.4589580653125934,-0.14361181500396347,-0.23833221622115888,0.14361181500396347,0,1,True
upgrade/oracle_shape_test.csv,IFNγ | CSPG4,energy_vs_oracleDIST,0.5765089279193801,0.4391735215001364,-0.13733540641924374,-0.23821904530583252,0.13733540641924374,0,1,True
upgrade/class_c_protein_oracle.csv,IFNγ | CDK6,energy_rho_partial_magmatch,0.2148547814900004,0.1636890049770639,-0.051165776512936495,-0.2381412047621468,0.051165776512936495,0,1,True
upgrade/oracle_shape_test.csv,Co-culture | HLA-F,magmatch_vs_oracleDIST,0.5459565631735561,0.4160988585536659,-0.1298577046198902,-0.2378535461961454,0.1298577046198902,0,1,True
upgrade/oracle_shape_test.csv,IFNγ | GSN,mean_vs_oracleDIST,0.4769337127857264,0.3634992787805543,-0.11343443400517206,-0.237841089787115,0.11343443400517206,0,1,True
upgrade/oracle_shape_test.csv,IFNγ | AHNAK,mean_vs_oracleDIST,0.4306956194040518,0.3282694631788234,-0.10242615622522844,-0.2378156442987608,0.10242615622522844,0,1,True
upgrade/oracle_shape_test.csv,Co-culture | PSAP,mean_vs_oracleDIST,0.349043736813483,0.2660434628756292,-0.08300027393785381,-0.23779333414083378,0.08300027393785381,0,1,True
upgrade/class_c_protein_oracle.csv,IFNγ | PIK3IP1,energy_rho,0.301959377802035,0.2301867373591673,-0.07177264044286771,-0.23768972159533974,0.07177264044286771,0,1,True
upgrade/class_c_protein_oracle.csv,Control | CDKN1A,energy_rho_partial_magmatch,0.2554871390553821,0.1948039844179986,-0.060683154637383524,-0.23751941041630747,0.060683154637383524,0,1,True
upgrade/class_c_protein_oracle.csv,Co-culture | RPSA,energy_rho,0.1410420873948625,0.1075776538525913,-0.03346443354227119,-0.23726558618339155,0.03346443354227119,0,1,True
upgrade/oracle_shape_test.csv,Co-culture | NME1,magmatch_vs_oracleDIST,0.3242630753201684,0.247429588415614,-0.07683348690455441,-0.23694799917841755,0.07683348690455441,0,1,True
upgrade/oracle_shape_test.csv,Co-culture | CDK4,energy_vs_oracleDIST,0.5832125323382767,0.4450327321081216,-0.13817980023015514,-0.23692872249529723,0.13817980023015514,0,1,True
upgrade/oracle_shape_test.csv,IFNγ | ACTA2,energy_vs_oracleDIST,0.6281616051356023,0.4795853260003868,-0.14857627913521548,-0.23652556590615256,0.14857627913521548,0,1,True
upgrade/oracle_shape_test.csv,IFNγ | EMP1,magmatch_vs_oracleDIST,0.5230709653944616,0.3993975543513573,-0.12367341104310431,-0.2364371552334948,0.12367341104310431,0,1,True
upgrade/oracle_shape_test.csv,Co-culture | PSMB8-AS1,magmatch_vs_oracleDIST,0.3185283340350698,0.2432492851843636,-0.07527904885070621,-0.23633391697712527,0.07527904885070621,0,1,True
upgrade/oracle_shape_test.csv,IFNγ | RNF213,mean_vs_oracleDIST,0.5253216898626435,0.4012844203604798,-0.1240372695021637,-0.23611678690555474,0.1240372695021637,0,1,True
upgrade/oracle_shape_test.csv,Co-culture | NGFR,magmatch_vs_oracleDIST,0.4272880326223496,0.3264187653854944,-0.10086926723685519,-0.23606855220774828,0.10086926723685519,0,1,True
upgrade/oracle_shape_test.csv,IFNγ | DLL3,mean_vs_oracleDIST,0.4019023579614226,0.3070773069276051,-0.0948250510338175,-0.23594051927139842,0.0948250510338175,0,1,True
upgrade/oracle_shape_test.csv,IFNγ | AEBP1,mean_vs_oracleDIST,0.4935558067911582,0.3771075851493768,-0.11644822164178137,-0.23593729430288102,0.11644822164178137,0,1,True
exp13_real_data_projection/projection.csv,frangieh | IFNγ:SDCBP:s1,structure_reliability_score,0.3860791042323708,0.4770786009491033,0.09099949671673252,0.23570168838239516,0.09099949671673252,0,1,True
upgrade/oracle_shape_test.csv,IFNγ | B2M,energy_vs_oracleDIST,0.2373984120177251,0.1814546541395397,-0.055943757878185396,-0.23565346289683023,0.055943757878185396,0,1,True
upgrade/oracle_shape_test.csv,Co-culture | PFDN4,energy_vs_oracleDIST,0.5615442218514376,0.4293081071125965,-0.13223611473884112,-0.2354865558100704,0.13223611473884112,0,1,True
exp13_real_data_projection/projection.csv,frangieh | IFNγ:FBL:s2,structure_reliability_score,0.3545248575432282,0.437974845133201,0.0834499875899728,0.23538543437619885,0.0834499875899728,0,1,True
upgrade/oracle_shape_test.csv,Co-culture | HLA-A,energy_vs_oracleDIST,0.5363187733143989,0.4100869420178742,-0.1262318312965247,-0.23536716888805517,0.1262318312965247,0,1,True
upgrade/oracle_shape_test.csv,IFNγ | LGALS3BP,energy_vs_oracleMEAN,0.3218509999610152,0.2461278962483594,-0.07572310371265578,-0.23527378731719922,0.07572310371265578,0,1,True
upgrade/oracle_shape_test.csv,Co-culture | LRRC75A-AS1,mean_vs_oracleDIST,0.431314282007727,0.3299364267268364,-0.1013778552808906,-0.2350440491072689,0.1013778552808906,0,1,True
upgrade/class_c_protein_oracle.csv,IFNγ | EIF3K,energy_rho_partial_magmatch,0.2637760711083388,0.2017964211921562,-0.06197964991618257,-0.2349707069930772,0.06197964991618257,0,1,True
upgrade/oracle_shape_test.csv,Control | APOD,energy_vs_oracleDIST,0.6918902307702964,0.5293497549726509,-0.16254047579764552,-0.23492234543720278,0.16254047579764552,0,1,True
upgrade/oracle_shape_test.csv,IFNγ | FGFR1,energy_vs_oracleDIST,0.6265720634673112,0.4794382231851352,-0.14713384028217602,-0.23482349255721663,0.14713384028217602,0,1,True
upgrade/oracle_shape_test.csv,IFNγ | IRF3,magmatch_vs_oracleDIST,0.3858090002988837,0.295275817706912,-0.09053318259197168,-0.23465803680535244,0.09053318259197168,0,1,True
upgrade/oracle_shape_test.csv,Co-culture | GPNMB,magmatch_vs_oracleDIST,0.424221557293731,0.3247565109467998,-0.09946504634693121,-0.23446485600933667,0.09946504634693121,0,1,True
upgrade/oracle_shape_test.csv,IFNγ | HLA-F,magmatch_vs_oracleDIST,0.4735976505139501,0.3628089873039388,-0.1107886632100113,-0.23392992572869184,0.1107886632100113,0,1,True
upgrade/oracle_shape_test.csv,Co-culture | PROS1,magmatch_vs_oracleDIST,0.5252153134155997,0.402432081655488,-0.12278323176011169,-0.2337769456142153,0.12278323176011169,0,1,True
upgrade/oracle_shape_test.csv,Co-culture | NEAT1,magmatch_vs_oracleDIST,0.279221437345548,0.2140694018367156,-0.06515203550883239,-0.23333464696768275,0.06515203550883239,0,1,True
upgrade/class_c_protein_oracle.csv,Co-culture | CCR10,energy_rho_partial_magmatch,0.2458635673658356,0.1885960771867682,-0.057267490179067376,-0.23292385607443636,0.057267490179067376,0,1,True
upgrade/oracle_shape_test.csv,Co-culture | CTSB,energy_vs_oracleDIST,0.5829588647274028,0.4471829864322577,-0.1357758782951451,-0.23290816301187084,0.1357758782951451,0,1,True
upgrade/oracle_shape_test.csv,Control | CDKN1A,energy_vs_oracleMEAN,0.3829038795052349,0.2937922626521896,-0.0891116168530453,-0.2327258135075307,0.0891116168530453,0,1,True
upgrade/oracle_shape_test.csv,IFNγ | LY96,energy_vs_oracleMEAN,0.3476859901498317,0.2668148783841859,-0.08087111176564582,-0.23259813181081943,0.08087111176564582,0,1,True
upgrade/class_c_protein_oracle.csv,Co-culture | SMAD3,energy_rho_partial_magmatch,0.4671763957075733,0.575740341663631,0.10856394595605767,0.23238320033620175,0.10856394595605767,0,1,True
upgrade/oracle_shape_test.csv,IFNγ | CHCHD2,mean_vs_oracleDIST,0.4292297896118409,0.3295897495874105,-0.09964004002443039,-0.23213682376178132,0.09964004002443039,0,1,True
upgrade/oracle_shape_test.csv,IFNγ | CXCR4,magmatch_vs_oracleDIST,0.5561820851688694,0.4271413530704218,-0.12904073209844757,-0.23201166585447985,0.12904073209844757,0,1,True
upgrade/oracle_shape_test.csv,Co-culture | SMAD4,energy_vs_oracleDIST,0.5116018182987011,0.3930012063690261,-0.11860061192967503,-0.2318221079121136,0.11860061192967503,0,1,True
upgrade/class_c_protein_oracle.csv,Control | JAK1,energy_rho,0.191220889611407,0.235547490830375,0.044326601218967976,0.23180836209394842,0.044326601218967976,0,1,True
upgrade/oracle_shape_test.csv,IFNγ | HLA-E,mean_vs_oracleDIST,0.4450140852245248,0.3419172741803438,-0.103096811044181,-0.23167089417442854,0.103096811044181,0,1,True
upgrade/class_c_protein_oracle.csv,IFNγ | SSR2,energy_rho_partial_magmatch,0.1804909490208309,0.1387199979208088,-0.0417709511000221,-0.23142961642470622,0.0417709511000221,0,1,True
upgrade/class_c_protein_oracle.csv,Co-culture | STOM,energy_rho_partial_magmatch,0.2699538823017034,0.3323723307709815,0.062418448469278076,0.23121893242312602,0.062418448469278076,0,1,True
upgrade/class_c_protein_oracle.csv,Co-culture | TOP1MT,energy_rho,0.4245104301982603,0.5226276721247675,0.09811724192650717,0.23113034438443172,0.09811724192650717,0,1,True
exp12_partial_observed_retrieval/summary.csv,leave_drug_out | mean_sufficient | DART_coverage_mean,moa_mrr,0.8863636363636364,0.6818181818181818,-0.20454545454545459,-0.2307692307692308,0.20454545454545459,0,1,True
upgrade/oracle_shape_test.csv,Co-culture | BOLA2B,energy_vs_oracleDIST,0.6311487609958828,0.4856033454018737,-0.14554541559400908,-0.23060397894840914,0.14554541559400908,0,1,True
upgrade/oracle_shape_test.csv,IFNγ | EIF3K,magmatch_vs_oracleDIST,-0.1642431094304315,-0.1263810706226104,0.0378620388078211,0.23052436683109886,0.0378620388078211,0,1,True
upgrade/oracle_shape_test.csv,IFNγ | JAK1,energy_vs_oracleMEAN,0.3222117396332826,0.3964523800241706,0.07424064039088801,0.23040948314106488,0.07424064039088801,0,1,True
upgrade/oracle_shape_test.csv,Co-culture | EMP1,energy_vs_oracleDIST,0.6670699479749738,0.5133890745707486,-0.1536808734042252,-0.23038194700683892,0.1536808734042252,0,1,True
upgrade/oracle_shape_test.csv,Control | A2M,energy_vs_oracleDIST,0.6797352117713884,0.5231821943014611,-0.15655301746992734,-0.23031470896137707,0.15655301746992734,0,1,True
upgrade/oracle_shape_test.csv,IFNγ | HLA-DRB5,energy_vs_oracleMEAN,0.3164991618260496,0.2436079165204735,-0.07289124530557609,-0.23030470249914178,0.07289124530557609,0,1,True
upgrade/oracle_shape_test.csv,IFNγ | ATP1B1,mean_vs_oracleDIST,0.4398222291528595,0.3385402358687198,-0.10128199328413973,-0.23027938692234523,0.10128199328413973,0,1,True
upgrade/oracle_shape_test.csv,Co-culture | UBC,energy_vs_oracleDIST,0.2454987029940306,0.1889690496557243,-0.056529653338306285,-0.23026457023555366,0.056529653338306285,0,1,True
upgrade/class_c_protein_oracle.csv,IFNγ | A2M,energy_rho_partial_magmatch,0.2745587566436656,0.2114002053201304,-0.06315855132353518,-0.2300365579142869,0.06315855132353518,0,1,True
upgrade/oracle_shape_test.csv,Co-culture | PSAP,energy_vs_oracleDIST,0.4082606452076223,0.314373513394866,-0.09388713181275626,-0.22996860685655768,0.09388713181275626,0,1,True
upgrade/oracle_shape_test.csv,IFNγ | BOLA2B,energy_vs_oracleDIST,0.6264251234975127,0.4824809948929866,-0.14394412860452604,-0.22978664680759345,0.14394412860452604,0,1,True
upgrade/class_c_protein_oracle.csv,Control | VAT1,energy_rho_partial_magmatch,0.3469980213931357,0.4266788246243984,0.0796808032312627,0.22962898437103002,0.0796808032312627,0,1,True
upgrade/oracle_shape_test.csv,Control | PTMA,mean_vs_oracleDIST,0.3447121070336892,0.2655653135481043,-0.0791467934855849,-0.22960259262912913,0.0791467934855849,0,1,True
upgrade/class_c_protein_oracle.csv,IFNγ | IRF3,energy_rho,0.2250792041895702,0.2767169571036867,0.051637752914116514,0.22942036382279568,0.051637752914116514,0,1,True
upgrade/oracle_shape_test.csv,Control | GPATCH4,magmatch_vs_oracleDIST,0.3128629597490154,0.2410973655293191,-0.0717655942196963,-0.22938347919890556,0.0717655942196963,0,1,True
upgrade/oracle_shape_test.csv,Co-culture | BOLA2,energy_vs_oracleMEAN,0.3088634822308155,0.2381469754770601,-0.0707165067537554,-0.2289571633493031,0.0707165067537554,0,1,True
upgrade/oracle_shape_test.csv,IFNγ | VDAC2,energy_vs_oracleDIST,0.529130768131197,0.4081692482864349,-0.12096151984476206,-0.22860420737198536,0.12096151984476206,0,1,True
upgrade/oracle_shape_test.csv,IFNγ | GAS5,energy_vs_oracleDIST,0.6134513274336283,0.4732244356945148,-0.1402268917391135,-0.22858682582977247,0.1402268917391135,0,1,True
upgrade/oracle_shape_test.csv,Co-culture | LINC00518,energy_vs_oracleDIST,0.6006935897963072,0.463389469374135,-0.13730412042217216,-0.22857597076861008,0.13730412042217216,0,1,True
upgrade/oracle_shape_test.csv,IFNγ | UQCRFS1,energy_vs_oracleDIST,0.6486613907190103,0.5004340313875543,-0.14822735933145603,-0.2285126900602995,0.14822735933145603,0,1,True
exp12_partial_observed_retrieval/summary.csv,partial_library | DART_recommended | mean_l2,decision_regret,0.1856180457181708,0.1432051769522733,-0.042412868765897505,-0.2284953954870001,0.042412868765897505,0,1,True
upgrade/oracle_shape_test.csv,Co-culture | ST3GAL6-AS1,magmatch_vs_oracleDIST,0.4897447049781978,0.3778849269561745,-0.11185977802202329,-0.228404262230876,0.11185977802202329,0,1,True
upgrade/oracle_shape_test.csv,IFNγ | P2RX4,magmatch_vs_oracleDIST,0.2366010421945863,0.2905414993567502,0.05394045716216392,0.2279806405831552,0.05394045716216392,0,1,True
upgrade/oracle_shape_test.csv,IFNγ | CKS1B,magmatch_vs_oracleDIST,0.5671207100437929,0.4378989772978311,-0.12922173274596183,-0.22785578177172078,0.12922173274596183,0,1,True
upgrade/oracle_shape_test.csv,IFNγ | CD63,energy_vs_oracleDIST,0.620087066131275,0.4791013941240643,-0.14098567200721068,-0.22736431657383327,0.14098567200721068,0,1,True
exp12_partial_observed_retrieval/summary.csv,leave_MoA_out | mean_or_no_call | mean_l2,decision_regret,0.2174212282354181,0.168005726554177,-0.04941550168124109,-0.22728002266519837,0.04941550168124109,0,1,True
upgrade/oracle_shape_test.csv,IFNγ | IDI2-AS1,mean_vs_oracleDIST,0.384153964107962,0.2968518446324379,-0.08730211947552408,-0.22725815072153943,0.08730211947552408,0,1,True
upgrade/class_c_protein_oracle.csv,IFNγ | XAGE1A,energy_rho,0.1768606811950151,0.2170524865827193,0.0401918053877042,0.2272512189602322,0.0401918053877042,0,1,True
upgrade/oracle_shape_test.csv,IFNγ | AEBP1,energy_vs_oracleDIST,0.5537515106623523,0.4280051459982067,-0.12574636466414557,-0.22708085168695621,0.12574636466414557,0,1,True
upgrade/oracle_shape_test.csv,IFNγ | APOC2,energy_vs_oracleMEAN,0.400867646711031,0.3098447104076514,-0.0910229363033796,-0.22706481066803152,0.0910229363033796,0,1,True
upgrade/oracle_shape_test.csv,Co-culture | CTSO,magmatch_vs_oracleDIST,0.5312025640119791,0.4105901045858134,-0.12061245942616566,-0.22705549181695167,0.12061245942616566,0,1,True
upgrade/oracle_shape_test.csv,IFNγ | HASPIN,energy_vs_oracleDIST,0.6220103179863034,0.4807958104297429,-0.14121450755656045,-0.22702920429636667,0.14121450755656045,0,1,True
upgrade/oracle_shape_test.csv,IFNγ | CDK4,energy_vs_oracleDIST,0.5816604940678076,0.4497306147908463,-0.13192987927696131,-0.22681595298714144,0.13192987927696131,0,1,True
upgrade/class_c_protein_oracle.csv,IFNγ | LRRC75A-AS1,energy_rho_partial_magmatch,0.1462227593466141,0.1793671461801359,0.033144386833521805,0.22667050588858476,0.033144386833521805,0,1,True
upgrade/oracle_shape_test.csv,Co-culture | C6orf226,energy_vs_oracleDIST,0.6470939131935536,0.5004450766186223,-0.14664883657493133,-0.22662682121546537,0.14664883657493133,0,1,True
upgrade/oracle_shape_test.csv,IFNγ | RB1,energy_vs_oracleMEAN,0.3482016295660988,0.2693108780684314,-0.07889075149766739,-0.22656629033004463,0.07889075149766739,0,1,True
upgrade/oracle_shape_test.csv,IFNγ | NPC2,energy_vs_oracleDIST,0.4983219623203843,0.3854192521199439,-0.1129027102004404,-0.2265657922735749,0.1129027102004404,0,1,True
upgrade/oracle_shape_test.csv,IFNγ | GSN,energy_vs_oracleDIST,0.6330747339285019,0.4897051446987122,-0.1433695892297897,-0.22646550485456834,0.1433695892297897,0,1,True
upgrade/oracle_shape_test.csv,Co-culture | SCARB2,energy_vs_oracleDIST,0.6094790660393313,0.4715038029871388,-0.13797526305219254,-0.22638228405253977,0.13797526305219254,0,1,True
upgrade/oracle_shape_test.csv,IFNγ | FRZB,energy_vs_oracleDIST,0.5709526594154873,0.4417163723311632,-0.12923628708432416,-0.22635201877617978,0.12923628708432416,0,1,True
upgrade/oracle_shape_test.csv,IFNγ | CKS1B,energy_vs_oracleDIST,0.6238743128922848,0.4826993099684222,-0.1411750029238626,-0.2262875710804224,0.1411750029238626,0,1,True
upgrade/class_c_protein_oracle.csv,Control | BZW2,energy_rho,0.4890295002600778,0.3784164344018145,-0.1106130658582633,-0.2261889432016608,0.1106130658582633,0,1,True
upgrade/oracle_shape_test.csv,IFNγ | TXNDC17,energy_vs_oracleDIST,0.4249508141333021,0.3288350031837615,-0.09611581094954058,-0.22618102555132458,0.09611581094954058,0,1,True
upgrade/oracle_shape_test.csv,Co-culture | ENPP1,energy_vs_oracleDIST,0.6303680670701796,0.4880340378017178,-0.14233402926846178,-0.2257951135278805,0.14233402926846178,0,1,True
upgrade/oracle_shape_test.csv,Co-culture | LRPAP1,mean_vs_oracleDIST,0.3252117226868612,0.2517917446829705,-0.07341997800389072,-0.22576055191769673,0.07341997800389072,0,1,True
upgrade/oracle_shape_test.csv,Control | MDH2,mean_vs_oracleDIST,0.4844450769717113,0.3750889491469069,-0.10935612782480442,-0.22573483150741186,0.10935612782480442,0,1,True
upgrade/oracle_shape_test.csv,IFNγ | CDKN1A,mean_vs_oracleDIST,0.3466755032292438,0.2684854391641651,-0.07819006406507867,-0.22554251262851546,0.07819006406507867,0,1,True
upgrade/oracle_shape_test.csv,Co-culture | C6orf226,magmatch_vs_oracleDIST,0.5252697534964721,0.406812770716333,-0.11845698278013911,-0.22551647413852988,0.11845698278013911,0,1,True
upgrade/oracle_shape_test.csv,IFNγ | PET100,energy_vs_oracleDIST,0.3771751588632022,0.2921227242602627,-0.08505243460293949,-0.22549850541399835,0.08505243460293949,0,1,True
upgrade/oracle_shape_test.csv,Co-culture | TPP1,mean_vs_oracleDIST,0.4494625200313435,0.3481912283130119,-0.1012712917183316,-0.22531643286134156,0.1012712917183316,0,1,True
upgrade/oracle_shape_test.csv,IFNγ | APOE,magmatch_vs_oracleDIST,0.2449375592894364,0.1897932504255844,-0.05514430886385199,-0.22513618990825898,0.05514430886385199,0,1,True
upgrade/oracle_shape_test.csv,Co-culture | CMSS1,magmatch_vs_oracleDIST,0.5791399509691781,0.4487559572795944,-0.13038399368958375,-0.2251338272750636,0.13038399368958375,0,1,True
upgrade/oracle_shape_test.csv,Co-culture | SOX4,mean_vs_oracleDIST,0.2850789583875079,0.2209612844152527,-0.0641176739722552,-0.22491198345512417,0.0641176739722552,0,1,True
upgrade/oracle_shape_test.csv,Co-culture | IRF3,energy_vs_oracleDIST,0.669179211533884,0.5186874373070851,-0.15049177422679894,-0.2248900916719209,0.15049177422679894,0,1,True
upgrade/oracle_shape_test.csv,Co-culture | CDKN1A,magmatch_vs_oracleDIST,0.6137765836995973,0.4758196272707739,-0.13795695642882339,-0.2247673829413214,0.13795695642882339,0,1,True
upgrade/oracle_shape_test.csv,Co-culture | DDR1,energy_vs_oracleMEAN,0.3471707663715512,0.2692090956633842,-0.07796167070816701,-0.22456289025421686,0.07796167070816701,0,1,True
upgrade/oracle_shape_test.csv,IFNγ | CD44,magmatch_vs_oracleDIST,0.4393013917586059,0.3406811950151391,-0.09862019674346678,-0.2244932490395071,0.09862019674346678,0,1,True
upgrade/oracle_shape_test.csv,IFNγ | C1QBP,energy_vs_oracleDIST,0.5442662404324717,0.4220899567502272,-0.12217628368224454,-0.2244788939787332,0.12217628368224454,0,1,True
upgrade/oracle_shape_test.csv,IFNγ | TIMP3,energy_vs_oracleDIST,0.497783451661018,0.3860903112524167,-0.11169314040860129,-0.22438098340935286,0.11169314040860129,0,1,True
upgrade/oracle_shape_test.csv,Control | TXNDC17,energy_vs_oracleDIST,0.4096673396364955,0.5015837671112969,0.09191642747480144,0.2243684535759194,0.09191642747480144,0,1,True
upgrade/oracle_shape_test.csv,Co-culture | PIK3IP1,mean_vs_oracleDIST,0.3688170691661227,0.2860936288310035,-0.08272344033511925,-0.2242939583087976,0.08272344033511925,0,1,True
upgrade/oracle_shape_test.csv,Co-culture | SLC25A13,mean_vs_oracleDIST,0.4814443300945346,0.3735116574166791,-0.1079326726778555,-0.22418515689376226,0.1079326726778555,0,1,True
upgrade/oracle_shape_test.csv,Co-culture | CCND1,energy_vs_oracleMEAN,0.3535136149429913,0.4326521180376783,0.07913850309468695,0.22386267388159595,0.07913850309468695,0,1,True
upgrade/oracle_shape_test.csv,IFNγ | SPESP1,magmatch_vs_oracleDIST,0.4695037230517329,0.3644245188621626,-0.10507920418957029,-0.2238090967768364,0.10507920418957029,0,1,True
upgrade/oracle_shape_test.csv,IFNγ | SAT1,energy_vs_oracleDIST,0.5231147643665177,0.4060447286005744,-0.11707003576594333,-0.22379417240825342,0.11707003576594333,0,1,True
upgrade/oracle_shape_test.csv,Control | LINC00518,magmatch_vs_oracleDIST,0.5884699235383688,0.4567899213217245,-0.13168000221664428,-0.22376674992134685,0.13168000221664428,0,1,True
upgrade/oracle_shape_test.csv,IFNγ | FKBP4,energy_vs_oracleDIST,0.6426677693313718,0.4989848343715432,-0.14368293495982865,-0.2235726479784658,0.14368293495982865,0,1,True
upgrade/oracle_shape_test.csv,IFNγ | CCND2,energy_vs_oracleMEAN,0.3701215027354358,0.2873904851012956,-0.0827310176341402,-0.22352394287471763,0.0827310176341402,0,1,True
upgrade/oracle_shape_test.csv,IFNγ | SLC19A1,energy_vs_oracleDIST,0.5547609579873429,0.4310667550322924,-0.12369420295505051,-0.22296847168879652,0.12369420295505051,0,1,True
upgrade/oracle_shape_test.csv,Co-culture | TRIM22,mean_vs_oracleDIST,0.3948510108190973,0.3068376162426035,-0.08801339457649382,-0.22290279666225177,0.08801339457649382,0,1,True
exp12_partial_observed_retrieval/summary.csv,leave_drug_out | mean_sufficient | mean_l2,decision_regret,0.5389210094105114,0.4188574010675603,-0.12006360834295104,-0.22278516934101414,0.12006360834295104,0,1,True
upgrade/oracle_shape_test.csv,IFNγ | FSTL3,energy_vs_oracleDIST,0.6001238678476332,0.4664402772811449,-0.13368359056648826,-0.22275999627535145,0.13368359056648826,0,1,True
upgrade/oracle_shape_test.csv,Co-culture | RAB27A,energy_vs_oracleDIST,0.5986285149697487,0.4652999503668624,-0.13332856460288628,-0.22272337730123656,0.13332856460288628,0,1,True
upgrade/oracle_shape_test.csv,Co-culture | FBL,mean_vs_oracleDIST,0.3047457271775887,0.2368821123214698,-0.06786361485611889,-0.2226893071960014,0.06786361485611889,0,1,True
upgrade/class_c_protein_oracle.csv,IFNγ | DLL3,energy_rho,0.3498608241394098,0.2719682257836843,-0.07789259835572548,-0.2226388122972221,0.07789259835572548,0,1,True
upgrade/oracle_shape_test.csv,Co-culture | GPATCH4,magmatch_vs_oracleDIST,0.4505269973573394,0.3502738509812824,-0.10025314637605703,-0.22252417050279535,0.10025314637605703,0,1,True
exp08_signature_baselines/summary_by_task.csv,controlled | coverage_worst,hit@1,0.6,0.7333333333333333,0.1333333333333333,0.22222222222222218,0.1333333333333333,0,1,True
upgrade/oracle_shape_test.csv,Control | A2M,magmatch_vs_oracleDIST,0.5597631213373417,0.4355000610836619,-0.12426306025367984,-0.22199222406220753,0.12426306025367984,0,1,True
upgrade/oracle_shape_test.csv,IFNγ | MFGE8,energy_vs_oracleDIST,0.6460426494093797,0.5026494107569089,-0.14339323865247078,-0.22195630394303328,0.14339323865247078,0,1,True
upgrade/class_c_protein_oracle.csv,Co-culture | AGA,energy_rho_partial_magmatch,0.2972306794180007,0.2312933167850931,-0.06593736263290759,-0.22183901998951705,0.06593736263290759,0,1,True
upgrade/oracle_shape_test.csv,IFNγ | CCND2,energy_vs_oracleDIST,0.599894117160915,0.4668319623666394,-0.13306215479427563,-0.22180940100564975,0.13306215479427563,0,1,True
upgrade/oracle_shape_test.csv,Co-culture | FMN1,magmatch_vs_oracleDIST,0.5699917007834159,0.4436769420418755,-0.12631475874154036,-0.2216080665173354,0.12631475874154036,0,1,True
upgrade/class_c_magnitude_control_v2.csv,K562 | PFI-1 (PF-6405761),energy_rho,-0.3726604278074866,-0.2901069518716578,0.08255347593582879,0.22152466367712983,0.08255347593582879,0,1,True
upgrade/class_c_protein_oracle.csv,IFNγ | EIF3K,energy_rho,0.3471880238587189,0.270297454290281,-0.07689056956843787,-0.2214666528927476,0.07689056956843787,0,1,True
upgrade/class_c_protein_oracle.csv,Co-culture | HLA-B,energy_rho_partial_magmatch,0.0889938951819949,0.1087023627574248,0.019708467575429905,0.22145864651868044,0.019708467575429905,0,1,True
upgrade/class_c_protein_oracle.csv,IFNγ | BOLA2,energy_rho,0.1670333840136186,0.1300570478084025,-0.03697633620521612,-0.22137093386194795,0.03697633620521612,0,1,True
upgrade/oracle_shape_test.csv,IFNγ | IDH2,energy_vs_oracleDIST,0.6148412667472353,0.4787706782061778,-0.13607058854105747,-0.22131011026785366,0.13607058854105747,0,1,True
upgrade/oracle_shape_test.csv,Control | BOLA2B,magmatch_vs_oracleDIST,0.5496459036792517,0.4281512646053971,-0.1214946390738546,-0.22104165292706945,0.1214946390738546,0,1,True
upgrade/class_c_protein_oracle.csv,Control | CTPS1,energy_rho,0.2966638244921554,0.3620800183376931,0.0654161938455377,0.2205061367273902,0.0654161938455377,0,1,True
upgrade/oracle_shape_test.csv,IFNγ | PPIA,energy_vs_oracleDIST,0.513111253131475,0.3999735942649789,-0.11313765886649607,-0.22049342745072617,0.11313765886649607,0,1,True
upgrade/oracle_shape_test.csv,IFNγ | MDH2,magmatch_vs_oracleDIST,0.4498730393876781,0.3506800254700921,-0.099193013917586,-0.2204911280138004,0.099193013917586,0,1,True
exp08_signature_baselines/summary_by_task.csv,crossline | coverage_worst,ndcg@10,0.7371595499339638,0.899634715578384,0.16247516564442022,0.22040705524194193,0.16247516564442022,0,1,True
upgrade/oracle_shape_test.csv,Co-culture | TTLL1,mean_vs_oracleDIST,0.4724489754550524,0.3683722821223986,-0.10407669333265379,-0.22029192302176004,0.10407669333265379,0,1,True
upgrade/oracle_shape_test.csv,Co-culture | CMSS1,mean_vs_oracleDIST,0.3258962777463428,0.2541164519661846,-0.07177982578015818,-0.22025359196040617,0.07177982578015818,0,1,True
upgrade/oracle_shape_test.csv,IFNγ | ARMC6,magmatch_vs_oracleDIST,0.4975083492521409,0.3879355939172337,-0.10957275533490718,-0.22024304818123747,0.10957275533490718,0,1,True
exp12_partial_observed_retrieval/summary.csv,leave_drug_out | mean_sufficient | cmap_match,decision_regret,0.5058621493252841,0.3944670937278054,-0.11139505559747864,-0.22020832305017624,0.11139505559747864,0,1,True
exp12_partial_observed_retrieval/summary.csv,leave_drug_out | mean_sufficient | mean_cosine,decision_regret,0.5058621493252841,0.3944670937278054,-0.11139505559747864,-0.22020832305017624,0.11139505559747864,0,1,True
exp12_partial_observed_retrieval/summary.csv,partial_library | DART_recommended | DART_energy,decision_regret,0.180809641993323,0.140994670779206,-0.039814971214117006,-0.22020380536778733,0.039814971214117006,0,1,True
upgrade/oracle_shape_test.csv,IFNγ | EIF3K,energy_vs_oracleDIST,0.5907320052499577,0.460762242680392,-0.12996976256956572,-0.22001476374142168,0.12996976256956572,0,1,True
upgrade/oracle_shape_test.csv,IFNγ | CD58,energy_vs_oracleDIST,0.3146497212584305,0.2454698322352604,-0.0691798890231701,-0.21986318229200258,0.0691798890231701,0,1,True
exp12_partial_observed_retrieval/summary.csv,leave_drug_out | mean_sufficient | DART_coverage_mean,target_mrr,0.4810606060606061,0.3753607503607503,-0.1056998556998558,-0.2197225346831648,0.1056998556998558,0,1,True
upgrade/oracle_shape_test.csv,IFNγ | APOE,mean_vs_oracleDIST,0.3706080334749782,0.2893074993827401,-0.08130053409223814,-0.21937067399734925,0.08130053409223814,0,1,True
upgrade/oracle_shape_test.csv,Control | SMAD3,energy_vs_oracleDIST,0.428530226337008,0.5225247577749427,0.09399453143793468,0.21934166054371806,0.09399453143793468,0,1,True
upgrade/oracle_shape_test.csv,Co-culture | CD151,magmatch_vs_oracleDIST,0.5699835926862648,0.4449694759099746,-0.12501411677629015,-0.219329325230422,0.12501411677629015,0,1,True
upgrade/class_c_protein_oracle.csv,Co-culture | HLA-F,energy_rho,0.2812473033337599,0.2196975795592554,-0.06154972377450452,-0.21884556063267438,0.06154972377450452,0,1,True
exp12_partial_observed_retrieval/summary.csv,partial_library | DART_recommended | DART_mmd,decision_regret,0.1826371259467546,0.1426916566005973,-0.03994546934615731,-0.2187149471340393,0.03994546934615731,0,1,True
upgrade/oracle_shape_test.csv,IFNγ | SSR2,mean_vs_oracleDIST,0.370919912154172,0.2898033864826582,-0.08111652567151384,-0.21869013502245718,0.08111652567151384,0,1,True
exp13_real_data_projection/projection.csv,sciplex3_within_line | A549:BMS-536924:s1,structure_reliability_score,0.3696829767108659,0.4505282415029998,0.08084526479213389,0.21868809191980745,0.08084526479213389,0,1,True
upgrade/class_c_protein_oracle.csv,Co-culture | GRN,energy_rho,0.2250072248937115,0.1758281407727827,-0.04917908412092881,-0.2185666888881454,0.04917908412092881,0,1,True
upgrade/class_c_protein_oracle.csv,IFNγ | FKBP4,energy_rho,0.4086021337699635,0.3192973163612485,-0.08930481740871504,-0.21856179894300853,0.08930481740871504,0,1,True
exp12_partial_observed_retrieval/recommendation_vs_outcome.csv,mean_or_no_call | DART_mmd,mean_ndcg_gain,-0.0163322971817283,-0.0198989471899025,-0.0035666500081741985,-0.2183801806009491,0.0035666500081741985,0,1,True
upgrade/class_c_magnitude_control_v2.csv,K562 | Crizotinib (PF-02341066),energydist_vs_candmag_rho,-0.150066844919786,-0.1828208556149732,-0.032754010695187186,-0.21826280623608044,0.032754010695187186,0,1,True
exp12_partial_observed_retrieval/recommendation_vs_outcome.csv,mean_or_no_call | DART_coverage_mean,mean_regret_reduction,0.1717022989029274,0.1342509637667438,-0.037451335136183594,-0.21811784335722179,0.037451335136183594,0,1,True
upgrade/oracle_shape_test.csv,Co-culture | SNHG6,magmatch_vs_oracleDIST,0.131405034780841,0.1600439922185433,0.028638957437702284,0.21794414107090115,0.028638957437702284,0,1,True
upgrade/oracle_shape_test.csv,IFNγ | PIK3IP1,energy_vs_oracleMEAN,0.3049675269235939,0.2385201356672254,-0.0664473912563685,-0.2178834970616925,0.0664473912563685,0,1,True
upgrade/oracle_shape_test.csv,Co-culture | SPINT1,energy_vs_oracleMEAN,0.3307773522313773,0.2587357507431939,-0.0720416014881834,-0.21779484297277588,0.0720416014881834,0,1,True
upgrade/oracle_shape_test.csv,Co-culture | A2M,magmatch_vs_oracleDIST,0.5729615809399485,0.4481872321794159,-0.12477434876053262,-0.21777088187281107,0.12477434876053262,0,1,True
upgrade/oracle_shape_test.csv,Control | AGA,magmatch_vs_oracleDIST,0.5869434617181765,0.4591539220119069,-0.12778953970626955,-0.2177203564585038,0.12778953970626955,0,1,True
upgrade/oracle_shape_test.csv,IFNγ | SMAD4,mean_vs_oracleDIST,0.4050248853196107,0.3168786142190688,-0.08814627110054185,-0.21763174139530816,0.08814627110054185,0,1,True
upgrade/oracle_shape_test.csv,Co-culture | SMAD3,energy_vs_oracleMEAN,0.4682825718189184,0.5701158039311202,0.10183323211220174,0.2174610763681804,0.10183323211220174,0,1,True
upgrade/oracle_shape_test.csv,IFNγ | TP53,magmatch_vs_oracleDIST,0.3166920891172872,0.3855043987888711,0.06881230967158392,0.217284586626031,0.06881230967158392,0,1,True
upgrade/oracle_shape_test.csv,IFNγ | UBC,mean_vs_oracleDIST,0.3875742336231205,0.3033831828215201,-0.08419105080160039,-0.21722561382516534,0.08419105080160039,0,1,True
upgrade/oracle_shape_test.csv,Control | ACTA2,magmatch_vs_oracleDIST,0.5235197287633518,0.4099104148273347,-0.11360931393601714,-0.21701056845437872,0.11360931393601714,0,1,True
exp12_partial_observed_retrieval/summary.csv,partial_library | DART_recommended | DART_sliced_wasserstein,decision_regret,0.1922773982203284,0.1505546791608943,-0.041722719059434116,-0.21699232174768945,0.041722719059434116,0,1,True
upgrade/oracle_shape_test.csv,IFNγ | NOLC1,magmatch_vs_oracleDIST,0.2421701558093901,0.1896248359388198,-0.05254531987057032,-0.21697685949348874,0.05254531987057032,0,1,True
upgrade/class_c_protein_oracle.csv,IFNγ | HASPIN,energy_rho_partial_magmatch,0.1616389224591633,0.1265723233662105,-0.035066599092952816,-0.21694402907079569,0.035066599092952816,0,1,True
upgrade/oracle_shape_test.csv,Co-culture | CMSS1,energy_vs_oracleDIST,0.6234680763944913,0.4882481819040012,-0.1352198944904901,-0.21688342933685584,0.1352198944904901,0,1,True
upgrade/oracle_shape_test.csv,IFNγ | GSEC,energy_vs_oracleDIST,0.4287900406741777,0.3358866674169197,-0.092903373257258,-0.21666401838808558,0.092903373257258,0,1,True
upgrade/class_c_protein_oracle.csv,Control | ATP1B1,energy_rho,0.2211852690090793,0.2690855804413964,0.0479003114323171,0.21656194215334867,0.0479003114323171,0,1,True
upgrade/oracle_shape_test.csv,Control | CORO1A,magmatch_vs_oracleDIST,0.5858678854851365,0.4592420839982216,-0.12662580148691488,-0.2161337131187188,0.12662580148691488,0,1,True
upgrade/class_c_protein_oracle.csv,Co-culture | DAG1,energy_rho_partial_magmatch,0.2318713082820158,0.1817621095878827,-0.050109198694133106,-0.21610780163101204,0.050109198694133106,0,1,True
upgrade/class_c_protein_oracle.csv,Co-culture | B2M,energy_rho_partial_magmatch,-0.1955215504535032,-0.1533061634858794,0.04221538696762381,0.21591168272605843,0.04221538696762381,0,1,True
upgrade/class_c_protein_oracle.csv,Co-culture | E2F1,energy_rho,0.3921046824840198,0.4767288924513036,0.08462420996728381,0.21582045241383382,0.08462420996728381,0,1,True
upgrade/oracle_shape_test.csv,IFNγ | CCR10,mean_vs_oracleDIST,0.4219017898982092,0.3309994412173664,-0.09090234868084279,-0.2154585518652919,0.09090234868084279,0,1,True
upgrade/oracle_shape_test.csv,Co-culture | LEF1-AS1,energy_vs_oracleMEAN,0.34258979068653,0.2688407563928002,-0.07374903429372981,-0.21526921203910085,0.07374903429372981,0,1,True
upgrade/oracle_shape_test.csv,Co-culture | APOC2,energy_vs_oracleDIST,0.6196966529195809,0.4863198947337536,-0.13337675818582728,-0.2152291085605328,0.13337675818582728,0,1,True
exp13_real_data_projection/projection.csv,frangieh | Co-culture:PFDN4:s0,preference_conflict,0.6090395480225989,0.7401129943502824,0.13107344632768358,0.21521335807050088,0.13107344632768358,0,1,True
upgrade/oracle_shape_test.csv,IFNγ | VAT1,energy_vs_oracleDIST,0.5351714774398781,0.41999610151651,-0.11517537592336813,-0.21521209701671196,0.11517537592336813,0,1,True
upgrade/oracle_shape_test.csv,Co-culture | ATP1B1,mean_vs_oracleDIST,0.4092127674730941,0.3211843150018909,-0.08802845247120322,-0.21511658351908858,0.08802845247120322,0,1,True
upgrade/oracle_shape_test.csv,Co-culture | FGFR1,mean_vs_oracleDIST,0.3527213380213578,0.2768457648802405,-0.07587557314111731,-0.21511478031568063,0.07587557314111731,0,1,True
exp13_real_data_projection/projection.csv,frangieh | Co-culture:SP100:s0,preference_conflict,0.5728813559322034,0.696045197740113,0.12316384180790962,0.2149901380670612,0.12316384180790962,0,1,True
exp13_real_data_projection/projection.csv,sciplex3_within_line | K562:ITSA-1 (ITSA1):s1,structure_reliability_score,0.3742500914893444,0.4546727238854113,0.0804226323960669,0.21489008079068614,0.0804226323960669,0,1,True
upgrade/oracle_shape_test.csv,IFNγ | P2RX4,mean_vs_oracleDIST,0.3430389978298442,0.2693327095759749,-0.07370628825386932,-0.21486270867206025,0.07370628825386932,0,1,True
exp09_predict_then_rank/runtime.csv,nearest_neighbor,fit_seconds,8.885169918998145,6.977263783017406,-1.9079061359807383,-0.2147292796169582,1.9079061359807383,0,1,True
upgrade/oracle_shape_test.csv,Co-culture | NPC1,mean_vs_oracleDIST,0.2173566560817388,0.1707003484744325,-0.0466563076073063,-0.21465322685936428,0.0466563076073063,0,1,True
upgrade/oracle_shape_test.csv,IFNγ | AEBP1,energy_vs_oracleMEAN,0.1973490312268527,0.2397073538393564,0.04235832261250369,0.21463658751794326,0.04235832261250369,0,1,True
upgrade/oracle_shape_test.csv,Co-culture | GAS5,magmatch_vs_oracleDIST,0.6247885379305472,0.4907072519400069,-0.1340812859905403,-0.2146026661030793,0.1340812859905403,0,1,True
upgrade/oracle_shape_test.csv,Co-culture | AGA,magmatch_vs_oracleDIST,0.5669696971451968,0.4455169014782121,-0.12145279566698475,-0.21421390998235584,0.12145279566698475,0,1,True
upgrade/oracle_shape_test.csv,IFNγ | FKBP4,mean_vs_oracleDIST,0.4348259327121749,0.3417110032646024,-0.09311492944757249,-0.21414299939927506,0.09311492944757249,0,1,True
upgrade/class_c_magnitude_control_v2.csv,K562 | Nilotinib (AMN-107),energy_rho,0.3933823529411765,0.4776069518716578,0.08422459893048129,0.2141036533559898,0.08422459893048129,0,1,True
upgrade/oracle_shape_test.csv,IFNγ | DDR1,mean_vs_oracleDIST,0.4035257884682858,0.3171343547360077,-0.08639143373227809,-0.2140914811422711,0.08639143373227809,0,1,True
upgrade/oracle_shape_test.csv,Co-culture | CD63,energy_vs_oracleDIST,0.6575290342271738,0.5168138866302034,-0.14071514759697035,-0.21400598341997137,0.14071514759697035,0,1,True
upgrade/oracle_shape_test.csv,Co-culture | JMJD7,mean_vs_oracleDIST,0.2229431350189295,0.1752547824742321,-0.047688352544697415,-0.21390365996534644,0.047688352544697415,0,1,True
upgrade/class_c_protein_oracle.csv,IFNγ | BZW2,energy_rho_partial_magmatch,0.1956950346315283,0.1538419554793185,-0.04185307915220979,-0.2138688865101479,0.04185307915220979,0,1,True
upgrade/oracle_shape_test.csv,IFNγ | SHMT2,magmatch_vs_oracleDIST,0.2396283445739607,0.290836744506387,0.05120839993242632,0.21369926009158308,0.05120839993242632,0,1,True
upgrade/oracle_shape_test.csv,IFNγ | TPP1,energy_vs_oracleDIST,0.4789931516640026,0.3766626382337271,-0.1023305134302755,-0.21363669412554956,0.1023305134302755,0,1,True
exp12_partial_observed_retrieval/summary.csv,partial_library | mean_or_no_call | DART_energy,decision_regret,0.0415830612182617,0.0327043533325195,-0.008878707885742201,-0.21351741852624864,0.008878707885742201,0,1,True
upgrade/oracle_shape_test.csv,Co-culture | HLA-B,energy_vs_oracleDIST,0.559275112948689,0.4399037800249625,-0.11937133292372654,-0.21343937922494027,0.11937133292372654,0,1,True
upgrade/oracle_shape_test.csv,IFNγ | HLA-A,magmatch_vs_oracleDIST,0.4846932543240679,0.3812763634946006,-0.10341689082946731,-0.2133656491128353,0.10341689082946731,0,1,True
upgrade/oracle_shape_test.csv,Co-culture | SERPINF1,energy_vs_oracleDIST,0.5428550579178755,0.427079538695604,-0.11577551922227147,-0.21327151241130426,0.11577551922227147,0,1,True
upgrade/oracle_shape_test.csv,Co-culture | E2F1,energy_vs_oracleMEAN,0.4096297553265854,0.4969898689326095,0.08736011360602408,0.21326603468142716,0.08736011360602408,0,1,True
upgrade/oracle_shape_test.csv,Control | RPSA,mean_vs_oracleDIST,0.2616332889584669,0.2058418651046042,-0.05579142385386268,-0.21324283341757524,0.05579142385386268,0,1,True
exp13_real_data_projection/projection.csv,frangieh | IFNγ:SDCBP:s1,mean_vs_DART_disagreement,0.1474665815693366,0.1788937150457152,0.0314271334763786,0.21311359592072748,0.0314271334763786,0,1,True
upgrade/oracle_shape_test.csv,Co-culture | SDCBP,energy_vs_oracleDIST,0.4712848843640558,0.3708905328382529,-0.1003943515258029,-0.21302264268728544,0.1003943515258029,0,1,True
upgrade/oracle_shape_test.csv,IFNγ | LRRC75A-AS1,magmatch_vs_oracleDIST,0.2889623536444323,0.3504180473795693,0.061455693735136985,0.2126771635129956,0.061455693735136985,0,1,True
upgrade/class_c_protein_oracle.csv,IFNγ | SINHCAF,energy_rho,0.1014484165659558,0.1230148272322066,0.0215664106662508,0.21258499044417895,0.0215664106662508,0,1,True
upgrade/oracle_shape_test.csv,Co-culture | IRF4,energy_vs_oracleDIST,0.6320997249617615,0.4978307944371503,-0.1342689305246112,-0.21241732154326395,0.1342689305246112,0,1,True
upgrade/oracle_shape_test.csv,IFNγ | TMEM173,magmatch_vs_oracleDIST,0.4727191922342209,0.3723701480124231,-0.1003490442217978,-0.21228045289956682,0.1003490442217978,0,1,True
upgrade/oracle_shape_test.csv,IFNγ | ATP5MD,mean_vs_oracleDIST,0.5587353319558692,0.4401424245968318,-0.11859290735903744,-0.2122523860159327,0.11859290735903744,0,1,True
exp13_real_data_projection/projection.csv,frangieh | Co-culture:JMJD7:s1,preference_conflict,0.6096045197740113,0.7389830508474576,0.12937853107344632,0.21223354958294716,0.12937853107344632,0,1,True
upgrade/oracle_shape_test.csv,Control | JAK1,energy_vs_oracleMEAN,0.1901439937127909,0.2304201674322065,0.04027617371941561,0.21181933193352429,0.04027617371941561,0,1,True
upgrade/class_c_protein_oracle.csv,Co-culture | C6orf226,energy_rho_partial_magmatch,0.3050712093632305,0.240572454824868,-0.06449875453836251,-0.21142196496676816,0.06449875453836251,0,1,True
upgrade/class_c_protein_oracle.csv,Co-culture | SMAD3,energy_rho,0.4802790807039449,0.5817982485351854,0.10151916783124043,0.21137536884272332,0.10151916783124043,0,1,True
upgrade/class_c_protein_oracle.csv,IFNγ | JAK2,energy_rho,0.3060969682793393,0.3707951606824946,0.06469819240315527,0.21136502189761225,0.06469819240315527,0,1,True
upgrade/oracle_shape_test.csv,Co-culture | C6orf226,mean_vs_oracleDIST,0.4046085265907941,0.3191352830218182,-0.0854732435689759,-0.2112492395777421,0.0854732435689759,0,1,True
upgrade/oracle_shape_test.csv,IFNγ | SCARB2,magmatch_vs_oracleDIST,0.2817575095857331,0.3412675269320234,0.0595100173462903,0.21121004878907268,0.0595100173462903,0,1,True
exp13_real_data_projection/projection.csv,frangieh | Co-culture:TTLL1:s1,structure_reliability_score,0.3464177717118279,0.4195674366410909,0.073149664929263,0.2111602547634695,0.073149664929263,0,1,True
upgrade/oracle_shape_test.csv,Co-culture | CKS1B,mean_vs_oracleDIST,0.3339881587032604,0.2634708794795065,-0.07051727922375389,-0.21113706395323623,0.07051727922375389,0,1,True
upgrade/oracle_shape_test.csv,Control | SLC26A2,energy_vs_oracleDIST,0.4428036519213645,0.3494181779367806,-0.09338547398458391,-0.21089589839509232,0.09338547398458391,0,1,True
upgrade/oracle_shape_test.csv,IFNγ | MFGE8,mean_vs_oracleDIST,0.3650202071394227,0.288055901148997,-0.0769643059904257,-0.21084943925043717,0.0769643059904257,0,1,True
upgrade/oracle_shape_test.csv,Co-culture | LGALS3,energy_vs_oracleDIST,0.5821804874008857,0.4594308463289721,-0.1227496410719136,-0.21084464994682828,0.1227496410719136,0,1,True
upgrade/class_c_protein_oracle.csv,Co-culture | TMEM173,energy_rho,0.4674671289054242,0.5658032894550142,0.09833616054959005,0.210359519352397,0.09833616054959005,0,1,True
upgrade/class_c_protein_oracle.csv,Co-culture | CDH19,energy_rho,0.3146723546898682,0.248597805542881,-0.06607454914698721,-0.20997888172320806,0.06607454914698721,0,1,True
upgrade/oracle_shape_test.csv,IFNγ | FMN1,energy_vs_oracleMEAN,0.1850048731043624,0.146195729861084,-0.03880914324327839,-0.20977362699730567,0.03880914324327839,0,1,True
upgrade/oracle_shape_test.csv,IFNγ | FMN1,energy_vs_oracleDIST,0.4986217561368628,0.3940540329811703,-0.10456772315569252,-0.20971351905268756,0.10456772315569252,0,1,True
upgrade/oracle_shape_test.csv,Co-culture | GAS5,energy_vs_oracleDIST,0.6404302156348437,0.5061938640798953,-0.1342363515549484,-0.20960340139773542,0.1342363515549484,0,1,True
upgrade/oracle_shape_test.csv,IFNγ | SERPINF1,energy_vs_oracleDIST,0.5063746719100587,0.4002593791015295,-0.10611529280852922,-0.2095588478157083,0.10611529280852922,0,1,True
upgrade/oracle_shape_test.csv,Control | CTSD,energy_vs_oracleDIST,0.3038313939795439,0.3674805697279447,0.06364917574840079,0.20948847620626757,0.06364917574840079,0,1,True
exp13_real_data_projection/projection.csv,frangieh | IFNγ:TTLL1:s1,structure_reliability_score,0.4256312711623803,0.5147898713113006,0.0891586001489203,0.209473800892101,0.0891586001489203,0,1,True
exp12_partial_observed_retrieval/summary.csv,leave_drug_out | mean_or_no_call | DART_coverage_mean,moa_hit@1,0.128440366972477,0.1553398058252427,0.026899438852765717,0.20943134535367605,0.026899438852765717,0,1,True
upgrade/oracle_shape_test.csv,Co-culture | NEAT1,energy_vs_oracleDIST,0.6748734123332265,0.5335924451024485,-0.141280967230778,-0.20934439651775597,0.141280967230778,0,1,True
upgrade/oracle_shape_test.csv,Co-culture | UQCRFS1,magmatch_vs_oracleDIST,0.1361251056224441,0.1645822100240405,0.028457104401596406,0.20905110979693112,0.028457104401596406,0,1,True
exp13_real_data_projection/projection.csv,sciplex3_within_line | K562:Ellagic acid:s2,structure_reliability_score,0.3834878744216144,0.4636488772391637,0.08016100281754929,0.20903138838079308,0.08016100281754929,0,1,True
upgrade/oracle_shape_test.csv,IFNγ | GAA,mean_vs_oracleDIST,0.4099619248112484,0.3243501877769547,-0.0856117370342937,-0.20882850785157772,0.0856117370342937,0,1,True
upgrade/oracle_shape_test.csv,Co-culture | WNT7A,magmatch_vs_oracleDIST,0.4277942095445044,0.3384765696262573,-0.08931763991824715,-0.2087864630363942,0.08931763991824715,0,1,True
exp13_real_data_projection/projection.csv,frangieh | Co-culture:SP100:s0,mean_vs_DART_disagreement,0.2188065099457505,0.1731376094741694,-0.04566890047158109,-0.20871819802301106,0.04566890047158109,0,1,True
upgrade/oracle_shape_test.csv,IFNγ | TYR,energy_vs_oracleDIST,0.4857470107070741,0.3845043078242564,-0.10124270288281773,-0.20842681612274777,0.10124270288281773,0,1,True
upgrade/oracle_shape_test.csv,Control | TXNDC17,mean_vs_oracleDIST,0.4974993482310297,0.393847300920789,-0.10365204731024069,-0.2083460966909781,0.10365204731024069,0,1,True
exp12_partial_observed_retrieval/summary.csv,leave_MoA_out | DART_recommended | DART_coverage_mean,target_hit@5,0.4210526315789473,0.3333333333333333,-0.08771929824561397,-0.20833333333333323,0.08771929824561397,0,1,True
upgrade/oracle_shape_test.csv,Co-culture | FMN1,energy_vs_oracleMEAN,0.3765151282614096,0.2981468943960886,-0.07836823386532099,-0.20814099615915282,0.07836823386532099,0,1,True
upgrade/class_c_protein_oracle.csv,Co-culture | RB1,energy_rho_partial_magmatch,0.3218746615593376,0.3888290112349269,0.06695434967558933,0.20801373227462422,0.06695434967558933,0,1,True
upgrade/oracle_shape_test.csv,IFNγ | SDCBP,energy_vs_oracleDIST,0.565893987238964,0.4482342334241138,-0.11765975381485022,-0.2079183671643523,0.11765975381485022,0,1,True
exp08_signature_baselines/divergence_stratified.csv,high(<0.3) | frangieh | coverage_worst | hit@5,hit@5_mean,0.6625,0.8,0.13750000000000007,0.20754716981132088,0.13750000000000007,0,1,True
upgrade/oracle_shape_test.csv,IFNγ | SLC22A18,mean_vs_oracleDIST,0.4434057151767963,0.3513827920938755,-0.09202292308292076,-0.20753661924774483,0.09202292308292076,0,1,True
upgrade/oracle_shape_test.csv,IFNγ | LINC00518,energy_vs_oracleDIST,0.5084512646553949,0.4030319805595623,-0.10541928409583262,-0.207334097531021,0.10541928409583262,0,1,True
upgrade/oracle_shape_test.csv,Co-culture | TMEM173,energy_vs_oracleMEAN,0.4777678871862528,0.5767214214189286,0.09895353423267578,0.20711633595855258,0.09895353423267578,0,1,True
upgrade/oracle_shape_test.csv,Control | CST3,magmatch_vs_oracleDIST,0.5416105683551367,0.4294861541600492,-0.11212441419508745,-0.20702035880800415,0.11212441419508745,0,1,True
upgrade/oracle_shape_test.csv,Co-culture | IDH2,energy_vs_oracleDIST,0.5758248975339223,0.4566435305908651,-0.1191813669430572,-0.20697501524069847,0.1191813669430572,0,1,True
upgrade/oracle_shape_test.csv,IFNγ | SLC25A13,energy_vs_oracleDIST,0.5153048004119052,0.4086780242485673,-0.10662677616333788,-0.2069198192566934,0.10662677616333788,0,1,True
upgrade/oracle_shape_test.csv,Control | IFNGR1,energy_vs_oracleDIST,0.1465907130163616,0.116285066834684,-0.030305646181677595,-0.20673646752980224,0.030305646181677595,0,1,True
upgrade/class_c_magnitude_control_v2.csv,K562 | Dasatinib,energydist_vs_candmag_rho,-0.195855614973262,-0.2362967914438503,-0.040441176470588286,-0.20648464163822552,0.040441176470588286,0,1,True
upgrade/oracle_shape_test.csv,IFNγ | APOC2,energy_vs_oracleDIST,0.6423907170326824,0.5098838277608134,-0.13250688927186893,-0.20627148829911796,0.13250688927186893,0,1,True
upgrade/oracle_shape_test.csv,Co-culture | TAPBPL,energy_vs_oracleDIST,0.6839811220332327,0.5429164477963061,-0.1410646742369266,-0.20624059596497557,0.1410646742369266,0,1,True
upgrade/oracle_shape_test.csv,IFNγ | LCP1,energy_vs_oracleDIST,0.5558081196617489,0.4411789014073525,-0.11462921825439643,-0.2062388335099475,0.11462921825439643,0,1,True
upgrade/oracle_shape_test.csv,Co-culture | SPINT1,energy_vs_oracleDIST,0.651493135047887,0.5172357875192061,-0.1342573475286809,-0.20607638101790976,0.1342573475286809,0,1,True
exp13_real_data_projection/projection.csv,frangieh | Co-culture:LINC00518:s1,structure_reliability_score,0.3547749189937149,0.4278824055724667,0.07310748657875182,0.20606723492775142,0.07310748657875182,0,1,True
upgrade/oracle_shape_test.csv,IFNγ | BOLA2,magmatch_vs_oracleDIST,0.4366285914779151,0.3466713448468546,-0.08995724663106053,-0.20602692628664152,0.08995724663106053,0,1,True
upgrade/class_c_protein_oracle.csv,IFNγ | IFNGR1,energy_rho_partial_magmatch,0.3180699907735891,0.3835977804633997,0.0655277896898106,0.20601688807686064,0.0655277896898106,0,1,True
upgrade/class_c_protein_oracle.csv,Control | EIF3K,energy_rho_partial_magmatch,0.3323694289496255,0.2639091276623345,-0.06846030128729103,-0.20597652889931398,0.06846030128729103,0,1,True
upgrade/oracle_shape_test.csv,IFNγ | BOLA2,energy_vs_oracleDIST,0.6372341559133496,0.5060132808337557,-0.1312208750795939,-0.20592253861771523,0.1312208750795939,0,1,True
upgrade/oracle_shape_test.csv,Co-culture | DDX17,energy_vs_oracleMEAN,0.2934302984532645,0.2330180923553171,-0.060412206097947424,-0.2058826454404791,0.060412206097947424,0,1,True
upgrade/oracle_shape_test.csv,IFNγ | CSPG4,magmatch_vs_oracleDIST,0.5676817194084163,0.4508731303522929,-0.1168085890561234,-0.20576422502709824,0.1168085890561234,0,1,True
upgrade/oracle_shape_test.csv,IFNγ | TIMP2,energy_vs_oracleMEAN,0.1885062310761114,0.149730354891947,-0.03877587618416439,-0.20570076629725953,0.03877587618416439,0,1,True
exp08_signature_baselines/summary.csv,K562+MCF7 | coverage_worst,ndcg@10,0.7506458157765593,0.9050181278650382,0.1543723120884789,0.2056526644710294,0.1543723120884789,0,1,True
upgrade/oracle_shape_test.csv,Control | VAT1,energy_vs_oracleDIST,0.508899483024272,0.4042669155354578,-0.10463256748881422,-0.2056055684454758,0.10463256748881422,0,1,True
upgrade/oracle_shape_test.csv,IFNγ | HLA-B,energy_vs_oracleDIST,0.6010416747885072,0.4774692286120854,-0.12357244617642182,-0.20559713470767918,0.12357244617642182,0,1,True
upgrade/class_c_protein_oracle.csv,IFNγ | FMN1,energy_rho,0.1578776655880862,0.1254256820203756,-0.03245198356771059,-0.2055514530622721,0.03245198356771059,0,1,True
upgrade/oracle_shape_test.csv,Co-culture | CCR10,energy_vs_oracleDIST,0.632741422936301,0.5026968110274754,-0.13004461190882555,-0.2055256810994613,0.13004461190882555,0,1,True
upgrade/class_c_protein_oracle.csv,Control | CDK6,energy_rho_partial_magmatch,0.2462200548367554,0.1956289287185151,-0.05059112611824032,-0.20547118370102865,0.05059112611824032,0,1,True
upgrade/class_c_protein_oracle.csv,IFNγ | APOD,energy_rho,0.3394575909971021,0.2697142411601886,-0.06974334983691349,-0.2054552665387556,0.06974334983691349,0,1,True
exp12_partial_observed_retrieval/summary.csv,leave_MoA_out | mean_or_no_call | mean_cosine,decision_regret,0.3220762339505282,0.2559552192687988,-0.06612101468172943,-0.20529616193874708,0.06612101468172943,0,1,True
exp12_partial_observed_retrieval/summary.csv,leave_MoA_out | mean_or_no_call | cmap_match,decision_regret,0.3220762339505282,0.2559552192687988,-0.06612101468172943,-0.20529616193874708,0.06612101468172943,0,1,True
upgrade/oracle_shape_test.csv,Co-culture | CSPG4,magmatch_vs_oracleDIST,0.5744129303300168,0.4565675297349984,-0.11784540059501841,-0.20515798717712155,0.11784540059501841,0,1,True
upgrade/oracle_shape_test.csv,Co-culture | RTP4,energy_vs_oracleDIST,0.3793089468798015,0.3015198628109961,-0.07778908406880541,-0.2050810683710444,0.07778908406880541,0,1,True
upgrade/oracle_shape_test.csv,Co-culture | CCND2,mean_vs_oracleDIST,0.4071255116064514,0.3237615315963858,-0.08336398001006556,-0.20476235861792297,0.08336398001006556,0,1,True
upgrade/oracle_shape_test.csv,Control | VAT1,mean_vs_oracleDIST,0.3697450733192862,0.294093272862607,-0.07565180045667919,-0.2046052967725456,0.07565180045667919,0,1,True
upgrade/oracle_shape_test.csv,IFNγ | CMSS1,magmatch_vs_oracleDIST,0.5195872805478668,0.413280421369011,-0.10630685917885585,-0.2045986558153676,0.10630685917885585,0,1,True
upgrade/oracle_shape_test.csv,Co-culture | JPT1,magmatch_vs_oracleDIST,0.3508321513851236,0.279113715483396,-0.0717184359017276,-0.20442378390513927,0.0717184359017276,0,1,True
upgrade/oracle_shape_test.csv,Control | CTPS1,energy_vs_oracleMEAN,0.2865377906354338,0.3450622360650535,0.05852444542961971,0.20424686495918865,0.05852444542961971,0,1,True
upgrade/class_c_protein_oracle.csv,Co-culture | APOC2,energy_rho,0.2360701443067548,0.1878987808317633,-0.048171363474991485,-0.20405529727806895,0.048171363474991485,0,1,True
upgrade/oracle_shape_test.csv,IFNγ | E2F1,energy_vs_oracleDIST,0.5820170753576859,0.4634180508669216,-0.11859902449076426,-0.20377241409606023,0.11859902449076426,0,1,True
exp12_partial_observed_retrieval/summary.csv,leave_MoA_out | mean_or_no_call | DART_mmd,decision_regret,0.2093402689153498,0.1666945110667835,-0.04264575784856628,-0.20371502372441683,0.04264575784856628,0,1,True
upgrade/class_c_protein_oracle.csv,IFNγ | DDX17,energy_rho,0.3246330421512051,0.2586248749236546,-0.06600816722755048,-0.20333163497511664,0.06600816722755048,0,1,True
upgrade/oracle_shape_test.csv,Co-culture | KDR,energy_vs_oracleDIST,0.6547039415197701,0.5216187931792369,-0.1330851483405332,-0.2032753125505881,0.1330851483405332,0,1,True
upgrade/oracle_shape_test.csv,IFNγ | CITED1,energy_vs_oracleMEAN,0.3909955427338765,0.3115205385105195,-0.07947500422335702,-0.20326319749749713,0.07947500422335702,0,1,True
upgrade/oracle_shape_test.csv,Co-culture | CGAS,mean_vs_oracleDIST,0.4001293820645415,0.3188121174353625,-0.08131726462917904,-0.203227426612881,0.08131726462917904,0,1,True
upgrade/oracle_shape_test.csv,Co-culture | SLC22A18,energy_vs_oracleDIST,0.6108321861341114,0.4867099600444555,-0.1241222260896559,-0.2032018431694171,0.1241222260896559,0,1,True
exp09_predict_then_rank/per_query_scores.csv,<column mean>,dart_energy,-1.0730890585957462,-0.8550708794964115,0.21801817909933474,0.20316876530698696,0.2730941772460937,790,66960,False
upgrade/class_c_protein_oracle.csv,Control | CD44,energy_rho_partial_magmatch,0.0866959784280214,0.1042880730686542,0.0175920946406328,0.2029170782729961,0.0175920946406328,0,1,True
upgrade/oracle_shape_test.csv,Co-culture | DNMT1,mean_vs_oracleDIST,0.2513539074368046,0.3023376223236764,0.05098371488687181,0.2028363728528475,0.05098371488687181,0,1,True
exp12_partial_observed_retrieval/recommendation_vs_outcome.csv,mean_or_no_call | DART_coverage_mean,mean_minority_cov_gain,0.0023941354991266,0.0019085667188177,-0.00048556878030889977,-0.20281591433986892,0.00048556878030889977,0,1,True
upgrade/oracle_shape_test.csv,Co-culture | TGFB1,mean_vs_oracleDIST,0.4927226932318816,0.3928054537378038,-0.09991723949407783,-0.20278595012277117,0.09991723949407783,0,1,True
upgrade/class_c_protein_oracle.csv,Co-culture | NONO,energy_rho_partial_magmatch,0.2593160588393027,0.3118866441686276,0.052570585329324904,0.2027278432528651,0.052570585329324904,0,1,True
upgrade/oracle_shape_test.csv,IFNγ | CD151,magmatch_vs_oracleDIST,0.5851524956791808,0.4665882984648705,-0.11856419721431033,-0.20262102287830802,0.11856419721431033,0,1,True
exp12_partial_observed_retrieval/recommendation_vs_outcome.csv,DART_recommended | DART_coverage_worst,frac_regret_improved,0.7198067632850241,0.5741626794258373,-0.1456440838591868,-0.20233775408625282,0.1456440838591868,0,1,True
exp13_real_data_projection/projection.csv,cd34 | CD34+:Dabrafenib:s2,structure_reliability_score,0.3837901779116169,0.3061431190880875,-0.0776470588235294,-0.20231643041529518,0.0776470588235294,0,1,True
exp12_partial_observed_retrieval/summary.csv,leave_drug_out | DART_recommended | DART_coverage_mean,moa_hit@1,0.2166666666666666,0.1728395061728395,-0.043827160493827094,-0.20227920227920204,0.043827160493827094,0,1,True
exp13_real_data_projection/projection.csv,cd34 | CD34+:Crizotinib:s0,structure_reliability_score,0.4013296985271024,0.4825061691153377,0.08117647058823535,0.2022687852061698,0.08117647058823535,0,1,True
upgrade/class_c_protein_oracle.csv,IFNγ | PIK3IP1,energy_rho_partial_magmatch,0.2758062713604408,0.2200693930061206,-0.055736878354320174,-0.20208705943992025,0.055736878354320174,0,1,True
upgrade/oracle_shape_test.csv,Co-culture | CCND2,energy_vs_oracleDIST,0.6557035540685563,0.5235845792055847,-0.13211897486297164,-0.20149193037492383,0.13211897486297164,0,1,True
exp04_cd34_negative/cd34_retrieval.csv,<column mean>,hit@1,0.3532986111111111,0.4244791666666667,0.07118055555555558,0.20147420147420156,1.0,146,1152,False
exp13_real_data_projection/projection.csv,sciplex3_within_line | K562:Triamcinolone Acetonide:s1,structure_reliability_score,0.3899223905367227,0.4683619518643802,0.0784395613276575,0.2011671123058272,0.0784395613276575,0,1,True
upgrade/oracle_shape_test.csv,Co-culture | CYP27A1,energy_vs_oracleDIST,0.6264993464294546,0.5005365822864718,-0.1259627641429828,-0.2010580934535205,0.1259627641429828,0,1,True
upgrade/oracle_shape_test.csv,IFNγ | S100A6,magmatch_vs_oracleDIST,0.5816729692149754,0.4647901966135173,-0.11688277260145807,-0.20094241745357846,0.11688277260145807,0,1,True
upgrade/oracle_shape_test.csv,Co-culture | NONO,energy_vs_oracleDIST,0.5192351629742695,0.4149429957169138,-0.10429216725735574,-0.20085728913263892,0.10429216725735574,0,1,True
upgrade/oracle_shape_test.csv,Control | SPINT1,mean_vs_oracleDIST,0.4374434031534283,0.3496214702144729,-0.0878219329389554,-0.20076181811376606,0.0878219329389554,0,1,True
exp13_real_data_projection/projection.csv,sciplex3_within_line | MCF7:Costunolide:s2,structure_reliability_score,0.3938058018223378,0.4728397849170419,0.07903398309470411,0.2006927849436805,0.07903398309470411,0,1,True
upgrade/oracle_shape_test.csv,IFNγ | SHMT2,energy_vs_oracleDIST,0.591085467753044,0.4724634517172819,-0.11862201603576217,-0.200685048960335,0.11862201603576217,0,1,True
upgrade/class_c_protein_oracle.csv,IFNγ | GAS5,energy_rho_partial_magmatch,0.3419952438501422,0.2734016867438567,-0.06859355710628551,-0.20056874573478659,0.06859355710628551,0,1,True
upgrade/oracle_shape_test.csv,IFNγ | HNRNPC,energy_vs_oracleDIST,0.4321002253584087,0.3454508596156095,-0.08664936574279919,-0.2005307117600488,0.08664936574279919,0,1,True
upgrade/oracle_shape_test.csv,Co-culture | TAPBPL,magmatch_vs_oracleDIST,0.430614669053536,0.344363048158043,-0.08625162089549304,-0.20029884510220863,0.08625162089549304,0,1,True
upgrade/oracle_shape_test.csv,Co-culture | SERPINA3,energy_vs_oracleDIST,0.4418107929197779,0.353317862311769,-0.08849293060800889,-0.20029599101277967,0.08849293060800889,0,1,True
upgrade/oracle_shape_test.csv,Co-culture | CD58,energy_vs_oracleMEAN,0.1773235055473863,0.1418269175081956,-0.0354965880391907,-0.20017982347921112,0.0354965880391907,0,1,True
upgrade/oracle_shape_test.csv,Co-culture | SLIRP,energy_vs_oracleMEAN,0.1628725598247261,0.1302838007747866,-0.03258875904993949,-0.2000874738200812,0.03258875904993949,0,1,True
upgrade/oracle_shape_test.csv,IFNγ | XAGE1A,energy_vs_oracleDIST,0.4836546983223526,0.3868959980497312,-0.0967587002726214,-0.20005739757774954,0.0967587002726214,0,1,True
exp07_ranking_flip/delta_rank_vs_divergence.csv,A549+MCF7 | Epothilone A,top1_flip_rate,0.2,0.24,0.03999999999999998,0.1999999999999999,0.03999999999999998,0,1,True
upgrade/oracle_shape_test.csv,IFNγ | CSPG4,energy_vs_oracleMEAN,0.3270136316972697,0.2616334645822775,-0.06538016711499223,-0.1999310144218006,0.06538016711499223,0,1,True
upgrade/oracle_shape_test.csv,Co-culture | DAG1,energy_vs_oracleDIST,0.6317383354887358,0.505701440171799,-0.12603689531693685,-0.19950806882636007,0.12603689531693685,0,1,True
exp11_synthetic_phase_diagram/phase_diagram_source.csv,<column mean>,hit@1,0.2708333333333333,0.3248456790123456,0.05401234567901231,0.1994301994301993,0.6666666666666667,3,108,False
exp12_partial_observed_retrieval/summary.csv,leave_drug_out | mean_or_no_call | mean_l2,moa_hit@1,0.1376146788990825,0.1650485436893204,0.027433864790237905,0.19935275080906223,0.027433864790237905,0,1,True
upgrade/oracle_shape_test.csv,Control | LCP1,energy_vs_oracleDIST,0.4898909688120676,0.3923019472463863,-0.09758902156568133,-0.19920559426176832,0.09758902156568133,0,1,True
upgrade/oracle_shape_test.csv,Co-culture | CD44,mean_vs_oracleDIST,0.1791003371230965,0.1434606169451122,-0.03563972017798431,-0.19899303792761128,0.03563972017798431,0,1,True
upgrade/oracle_shape_test.csv,Co-culture | SHMT2,mean_vs_oracleDIST,0.3945220537346764,0.3160820052945874,-0.078440048440089,-0.19882297503409385,0.078440048440089,0,1,True
upgrade/oracle_shape_test.csv,Co-culture | NONO,magmatch_vs_oracleDIST,0.2414365463212694,0.289409924371714,0.047973378050444576,0.19869973614768507,0.047973378050444576,0,1,True
upgrade/oracle_shape_test.csv,IFNγ | DAG1,magmatch_vs_oracleDIST,0.5353508077270221,0.4289844450508752,-0.10636636267614696,-0.19868535013098115,0.10636636267614696,0,1,True
upgrade/oracle_shape_test.csv,IFNγ | HNRNPC,mean_vs_oracleDIST,0.2905986771146024,0.2328657752134419,-0.05773290190116051,-0.19866883935742274,0.05773290190116051,0,1,True
exp12_partial_observed_retrieval/summary.csv,leave_MoA_out | DART_recommended | DART_energy,decision_regret,0.2688228548789511,0.2154552595955985,-0.05336759528335258,-0.19852328146497666,0.05336759528335258,0,1,True
upgrade/oracle_shape_test.csv,IFNγ | CCND1,energy_vs_oracleMEAN,0.1834995386794536,0.147083544501189,-0.036415994178264605,-0.19845278326218538,0.036415994178264605,0,1,True
upgrade/oracle_shape_test.csv,IFNγ | APOD,energy_vs_oracleDIST,0.5962570910184576,0.4779493976843008,-0.1183076933341568,-0.19841725174635197,0.1183076933341568,0,1,True
upgrade/class_c_protein_oracle.csv,Co-culture | RB1,energy_rho,0.3564012558284187,0.4270830135943831,0.07068175776596441,0.19832073150716548,0.07068175776596441,0,1,True
upgrade/oracle_shape_test.csv,Co-culture | RB1,energy_vs_oracleMEAN,0.3519510687919919,0.4216158395152747,0.06966477072328281,0.19793879576042908,0.06966477072328281,0,1,True
upgrade/class_c_protein_oracle.csv,Control | FGFR1,energy_rho_partial_magmatch,0.1701022553095556,0.136450825133219,-0.03365143017633662,-0.1978305938101588,0.03365143017633662,0,1,True
upgrade/oracle_shape_test.csv,Co-culture | WBP2,energy_vs_oracleMEAN,0.4620556870065293,0.553451182594927,0.09139549558839766,0.1978019060440785,0.09139549558839766,0,1,True
upgrade/oracle_shape_test.csv,Co-culture | AGA,energy_vs_oracleDIST,0.606691265089024,0.4867021338207461,-0.11998913126827793,-0.19777626310586668,0.11998913126827793,0,1,True
upgrade/oracle_shape_test.csv,Co-culture | TFAP2A,magmatch_vs_oracleDIST,0.4404208334081402,0.3533317619068854,-0.08708907150125478,-0.19774058104228892,0.08708907150125478,0,1,True
upgrade/oracle_shape_test.csv,IFNγ | BOLA2,energy_vs_oracleMEAN,0.1449877197770067,0.116329187945889,-0.02865853183111769,-0.19766178732374676,0.02865853183111769,0,1,True
upgrade/oracle_shape_test.csv,Co-culture | GPATCH4,energy_vs_oracleDIST,0.6061294897864037,0.486399535753523,-0.11972995403288067,-0.19753197303611275,0.11972995403288067,0,1,True
upgrade/oracle_shape_test.csv,Co-culture | MC1R,energy_vs_oracleDIST,0.5899816351599524,0.4735977037856363,-0.11638393137431607,-0.19726704093554157,0.11638393137431607,0,1,True
upgrade/oracle_shape_test.csv,IFNγ | DDX39A,magmatch_vs_oracleDIST,0.5437412446558288,0.4365714137200628,-0.10716983093576604,-0.1970971155656974,0.10716983093576604,0,1,True
upgrade/class_c_protein_oracle.csv,IFNγ | FBXO32,energy_rho,0.4323267448962353,0.347140812480568,-0.0851859324156673,-0.19704062591851254,0.0851859324156673,0,1,True
exp12_partial_observed_retrieval/recommendation_vs_outcome.csv,mean_or_no_call | DART_energy,mean_regret_reduction,0.1144250927114845,0.136967786653774,0.022542693942289485,0.19700830830112967,0.022542693942289485,0,1,True
upgrade/oracle_shape_test.csv,IFNγ | SERPINE2,energy_vs_oracleMEAN,0.2391095863709017,0.2862063857159564,0.0470967993450547,0.19696742426712724,0.0470967993450547,0,1,True
upgrade/oracle_shape_test.csv,IFNγ | CDK4,magmatch_vs_oracleDIST,0.4234111730536821,0.3400241705976375,-0.08338700245604458,-0.1969409589611193,0.08338700245604458,0,1,True
upgrade/oracle_shape_test.csv,IFNγ | POLD2,magmatch_vs_oracleDIST,-0.2863955921146673,-0.2300609462918924,0.05633464582277492,0.19670220971913424,0.05633464582277492,0,1,True
upgrade/oracle_shape_test.csv,IFNγ | FGFR1,mean_vs_oracleDIST,0.4544867646485517,0.3653009928920354,-0.08918577175651632,-0.1962340351659799,0.08918577175651632,0,1,True
upgrade/oracle_shape_test.csv,Co-culture | TIMP3,energy_vs_oracleDIST,0.6786668435004045,0.545501351301677,-0.13316549219872753,-0.1962162929779966,0.13316549219872753,0,1,True
upgrade/oracle_shape_test.csv,IFNγ | ST6GALNAC2,energy_vs_oracleDIST,0.4721432562733097,0.3795059321923771,-0.09263732408093261,-0.19620596683331132,0.09263732408093261,0,1,True
upgrade/oracle_shape_test.csv,IFNγ | GSN,magmatch_vs_oracleDIST,0.5682133250165685,0.4568227359557132,-0.1113905890608553,-0.1960365661217242,0.1113905890608553,0,1,True
upgrade/oracle_shape_test.csv,Co-culture | CHCHD2,energy_vs_oracleMEAN,0.3338236801610499,0.2684365098348322,-0.06538717032621771,-0.19587337331693283,0.06538717032621771,0,1,True
upgrade/oracle_shape_test.csv,IFNγ | AGA,energy_vs_oracleDIST,0.640753187010253,0.5154435864602168,-0.12530960055003615,-0.19556609797717794,0.12530960055003615,0,1,True
upgrade/class_c_protein_oracle.csv,IFNγ | ATP1B1,energy_rho_partial_magmatch,0.2629298402921264,0.2115353527477811,-0.05139448754434531,-0.1954684469714195,0.05139448754434531,0,1,True
upgrade/oracle_shape_test.csv,Co-culture | SHMT2,magmatch_vs_oracleDIST,0.2945468992609469,0.3520819566460045,0.0575350573850576,0.19533411327506717,0.0575350573850576,0,1,True
upgrade/class_c_protein_oracle.csv,Co-culture | UCN2,energy_rho_partial_magmatch,0.2614716543819342,0.31252950044276,0.05105784606082581,0.19527105598316638,0.05105784606082581,0,1,True
upgrade/oracle_shape_test.csv,Control | SLIRP,mean_vs_oracleDIST,0.2909660412623285,0.2342426192674242,-0.056723421994904294,-0.1949485986365114,0.056723421994904294,0,1,True
upgrade/class_c_protein_oracle.csv,Co-culture | FSTL3,energy_rho_partial_magmatch,0.3675116655247763,0.4391432289570265,0.07163156343225019,0.19490963186152535,0.07163156343225019,0,1,True
upgrade/oracle_shape_test.csv,Co-culture | RBP7,mean_vs_oracleDIST,0.4760987774726944,0.3833618371558185,-0.0927369403168759,-0.19478508390455723,0.0927369403168759,0,1,True
upgrade/oracle_shape_test.csv,Co-culture | MFGE8,energy_vs_oracleDIST,0.6015796889849763,0.484410735352288,-0.11716895363268826,-0.19476879917668632,0.11716895363268826,0,1,True
upgrade/oracle_shape_test.csv,Co-culture | FGFR1,energy_vs_oracleDIST,0.5765407266824156,0.4646821320942808,-0.11185859458813485,-0.19401681340328203,0.11185859458813485,0,1,True
upgrade/oracle_shape_test.csv,Co-culture | CHCHD2,mean_vs_oracleDIST,0.3333893178136631,0.2687770499151835,-0.06461226789847963,-0.1938042536041677,0.06461226789847963,0,1,True
upgrade/class_c_protein_oracle.csv,Co-culture | WBP2,energy_rho,0.4772165365799698,0.5696940177880069,0.09247748120803706,0.19378515646332825,0.09247748120803706,0,1,True
exp04_cd34_negative/cd34_retrieval.csv,<column mean>,rank,7.013020833333333,5.654513888888889,-1.3585069444444438,-0.19371209308082674,25.0,0,1152,False
exp13_real_data_projection/projection.csv,frangieh | Co-culture:PFDN4:s0,structure_reliability_score,0.3566368016183081,0.4256787475105891,0.06904194589228102,0.193591759400572,0.06904194589228102,0,1,True
upgrade/oracle_shape_test.csv,Control | BZW2,mean_vs_oracleDIST,0.3977075364644273,0.3208088736298682,-0.0768986628345591,-0.19335480418143206,0.0768986628345591,0,1,True
upgrade/oracle_shape_test.csv,IFNγ | ENPP1,magmatch_vs_oracleDIST,0.5737616467194262,0.4629263220215929,-0.1108353246978333,-0.1931731152326963,0.1108353246978333,0,1,True
upgrade/oracle_shape_test.csv,IFNγ | LY96,magmatch_vs_oracleDIST,0.4756373370758774,0.3838441646199628,-0.09179317245591462,-0.1929898376360455,0.09179317245591462,0,1,True
upgrade/oracle_shape_test.csv,IFNγ | STAT3,mean_vs_oracleDIST,0.424843735786779,0.3430410770210388,-0.08180265876574017,-0.19254764016762005,0.08180265876574017,0,1,True
upgrade/oracle_shape_test.csv,Control | ACSL3,mean_vs_oracleDIST,0.1416863876633673,0.1144506311768491,-0.0272357564865182,-0.19222563956692604,0.0272357564865182,0,1,True
upgrade/oracle_shape_test.csv,IFNγ | STX7,energy_vs_oracleDIST,0.471170194794225,0.3806567645186022,-0.09051343027562281,-0.19210347189968777,0.09051343027562281,0,1,True
upgrade/oracle_shape_test.csv,IFNγ | A2M,energy_vs_oracleDIST,0.6737894559016543,0.544400348264525,-0.1293891076371293,-0.19203195672449766,0.1293891076371293,0,1,True
upgrade/oracle_shape_test.csv,Co-culture | ITGA3,magmatch_vs_oracleDIST,0.4013166391473988,0.3243302566965642,-0.07698638245083461,-0.19183451404953691,0.07698638245083461,0,1,True
upgrade/class_c_protein_oracle.csv,IFNγ | JAK1,energy_rho_partial_magmatch,0.3122316218990812,0.3721175262822762,0.059885904383194966,0.19179961343746005,0.059885904383194966,0,1,True
upgrade/oracle_shape_test.csv,IFNγ | JMJD7,magmatch_vs_oracleDIST,0.5212048912972854,0.4212581705716476,-0.09994672072563782,-0.19176090323494316,0.09994672072563782,0,1,True
upgrade/oracle_shape_test.csv,IFNγ | PABPC1,energy_vs_oracleDIST,0.3658799526984003,0.2957353189609242,-0.07014463373747609,-0.19171488686426405,0.07014463373747609,0,1,True
upgrade/class_c_protein_oracle.csv,IFNγ | IDH2,energy_rho,0.3932312952662914,0.3178724676100996,-0.07535882765619184,-0.19163995481376875,0.07535882765619184,0,1,True
upgrade/oracle_shape_test.csv,Co-culture | HLA-DRB5,energy_vs_oracleMEAN,-0.0903120401188646,-0.073009360798161,0.01730267932070359,0.19158773623019246,0.01730267932070359,0,1,True
upgrade/class_c_protein_oracle.csv,IFNγ | CCND2,energy_rho,0.4006223020863004,0.3238698946109963,-0.0767524074753041,-0.19158296249510945,0.0767524074753041,0,1,True
upgrade/oracle_shape_test.csv,IFNγ | CITED1,mean_vs_oracleDIST,0.4799433420399464,0.3880431920895201,-0.09190014995042628,-0.19148124768189262,0.09190014995042628,0,1,True
upgrade/oracle_shape_test.csv,IFNγ | APOE,energy_vs_oracleMEAN,0.3409556482528296,0.2756867178667498,-0.06526893038607978,-0.19142938596424355,0.06526893038607978,0,1,True
upgrade/oracle_shape_test.csv,IFNγ | NONO,mean_vs_oracleDIST,0.4729718139643678,0.3824563044975504,-0.09051550946681741,-0.19137611754944145,0.09051550946681741,0,1,True
upgrade/oracle_shape_test.csv,IFNγ | CKS1B,energy_vs_oracleMEAN,0.3993362182111158,0.3229384169558041,-0.0763978012553117,-0.19131197665352437,0.0763978012553117,0,1,True
upgrade/class_c_protein_oracle.csv,Control | GAS5,energy_rho_partial_magmatch,0.0716618408474633,0.0853697702624582,0.013707929414994907,0.19128631434647472,0.013707929414994907,0,1,True
upgrade/oracle_shape_test.csv,Co-culture | LGALS3BP,energy_vs_oracleDIST,0.5468187591252289,0.4423656184248399,-0.10445314070038902,-0.19101967325972413,0.10445314070038902,0,1,True
exp08_signature_baselines/summary.csv,K562+A549 | coverage_worst,ndcg@10,0.7272015780149694,0.8659259066682197,0.13872432865325024,0.1907646144442148,0.13872432865325024,0,1,True
upgrade/oracle_shape_test.csv,Co-culture | CDK6,energy_vs_oracleDIST,0.5931866501338705,0.4802535981128983,-0.1129330520209722,-0.19038367096677825,0.1129330520209722,0,1,True
upgrade/class_c_protein_oracle.csv,Co-culture | WBP2,energy_rho_partial_magmatch,0.4483540273208125,0.5337056494325201,0.0853516221117076,0.1903665784418964,0.0853516221117076,0,1,True
upgrade/oracle_shape_test.csv,Control | NPC1,energy_vs_oracleDIST,0.3488879463949938,0.415292074363376,0.06640412796838219,0.19033081725673232,0.06640412796838219,0,1,True
upgrade/oracle_shape_test.csv,Control | APOE,magmatch_vs_oracleDIST,0.5771247353566089,0.4673479489113883,-0.1097767864452206,-0.19021327577891606,0.1097767864452206,0,1,True
upgrade/oracle_shape_test.csv,Co-culture | ST3GAL6-AS1,energy_vs_oracleDIST,0.5197898381218403,0.4209228409862232,-0.09886699713561714,-0.1902057137031648,0.09886699713561714,0,1,True
upgrade/class_c_protein_oracle.csv,IFNγ | HLA-E,energy_rho_partial_magmatch,0.3147308097150209,0.2548802515821345,-0.05985055813288637,-0.19016428098373722,0.05985055813288637,0,1,True
upgrade/oracle_shape_test.csv,IFNγ | HLA-E,energy_vs_oracleMEAN,0.2840758083702637,0.230099411328993,-0.05397639704127069,-0.1900070173202429,0.05397639704127069,0,1,True
upgrade/class_c_protein_oracle.csv,IFNγ | ARMC6,energy_rho_partial_magmatch,0.4179366626382337,0.33862279573246,-0.07931386690577369,-0.1897748486698996,0.07931386690577369,0,1,True
exp13_real_data_projection/projection.csv,sciplex3_within_line | MCF7:Amisulpride:s2,structure_reliability_score,0.4224328902277316,0.5025737676930873,0.08014087746535564,0.18971268411925044,0.08014087746535564,0,1,True
upgrade/oracle_shape_test.csv,IFNγ | LEF1-AS1,energy_vs_oracleMEAN,-0.0400218419091775,-0.0324359108640118,0.007585931045165702,0.18954477563478042,0.007585931045165702,0,1,True
exp13_real_data_projection/projection.csv,frangieh | Co-culture:LINC00518:s1,preference_conflict,0.5932203389830508,0.7056497175141243,0.11242937853107349,0.1895238095238096,0.11242937853107349,0,1,True
upgrade/oracle_shape_test.csv,IFNγ | SP100,energy_vs_oracleDIST,0.5052866035112341,0.4095575221238938,-0.09572908138734032,-0.18945501567253,0.09572908138734032,0,1,True
upgrade/class_c_protein_oracle.csv,IFNγ | CHCHD2,energy_rho,0.3780712902680857,0.3064608267383987,-0.07161046352968703,-0.1894099482637492,0.07161046352968703,0,1,True
upgrade/class_c_protein_oracle.csv,IFNγ | SERPINE2,energy_rho,0.2398279469286447,0.2852218886853014,0.0453939417566567,0.1892771144397222,0.0453939417566567,0,1,True
upgrade/oracle_shape_test.csv,IFNγ | LCP1,mean_vs_oracleDIST,0.4821888685301417,0.3910028199030577,-0.09118604862708402,-0.18910857254968746,0.09118604862708402,0,1,True
upgrade/oracle_shape_test.csv,IFNγ | IDH2,mean_vs_oracleDIST,0.3660473275895677,0.2968612009928137,-0.069186126596754,-0.18900869199714324,0.069186126596754,0,1,True
upgrade/oracle_shape_test.csv,Control | NOLC1,mean_vs_oracleDIST,0.3128315718248212,0.2539682339768738,-0.058863337847947395,-0.18816303451912958,0.058863337847947395,0,1,True
upgrade/oracle_shape_test.csv,IFNγ | TIMM50,mean_vs_oracleDIST,0.5472495022285222,0.4444130833105922,-0.10283641891793,-0.187915052456251,0.10283641891793,0,1,True
exp13_real_data_projection/projection.csv,sciplex3_within_line | A549:Costunolide:s2,structure_reliability_score,0.4213236204826432,0.3421890106269708,-0.07913460985567239,-0.18782381525398575,0.07913460985567239,0,1,True
exp11_hir_benchmark/uncertainty_band.csv,mean | DART_coverage_worst | predicted_structure,hit_at_1_mean,0.0439732142857142,0.0522321428571428,0.008258928571428605,0.18781725888324985,0.008258928571428605,0,1,True
upgrade/oracle_shape_test.csv,Co-culture | APOE,energy_vs_oracleDIST,0.660230188878123,0.5364799323089747,-0.12375025656914829,-0.18743501683772945,0.12375025656914829,0,1,True
upgrade/oracle_shape_test.csv,IFNγ | LGALS3BP,mean_vs_oracleDIST,0.3458989253180513,0.2810998921419567,-0.06479903317609459,-0.18733516768377467,0.06479903317609459,0,1,True
upgrade/class_c_protein_oracle.csv,Co-culture | NME1,energy_rho_partial_magmatch,0.3010449599778533,0.2446844183801295,-0.0563605415977238,-0.18721635998114708,0.0563605415977238,0,1,True
upgrade/class_c_magnitude_control_v2.csv,K562 | (+)-JQ1,energydist_vs_candmag_rho,0.339572192513369,0.2760695187165776,-0.06350267379679142,-0.18700787401574795,0.06350267379679142,0,1,True
upgrade/oracle_shape_test.csv,IFNγ | E2F1,mean_vs_oracleDIST,0.484304445570673,0.3937577482359363,-0.09054669733473669,-0.18696235015568013,0.09054669733473669,0,1,True
upgrade/oracle_shape_test.csv,Co-culture | TXNDC17,mean_vs_oracleDIST,0.2928685231506444,0.2381388673799089,-0.05472965577073549,-0.18687448955579258,0.05472965577073549,0,1,True
upgrade/class_c_protein_oracle.csv,Control | C1QBP,energy_rho_partial_magmatch,0.3203970312080837,0.2605690478379532,-0.05982798337013051,-0.18673076696292756,0.05982798337013051,0,1,True
exp13_real_data_projection/projection.csv,sciplex3_within_line | K562:BMS-536924:s1,structure_reliability_score,0.4282816366943952,0.3483218873987824,-0.07995974929561278,-0.18669899067530857,0.07995974929561278,0,1,True
upgrade/oracle_shape_test.csv,Co-culture | SLC7A5P1,mean_vs_oracleDIST,0.3319148024317341,0.2699932644878665,-0.06192153794386762,-0.18655853095495253,0.06192153794386762,0,1,True
upgrade/oracle_shape_test.csv,Control | PYGB,mean_vs_oracleDIST,0.1496801609082196,0.1217844489812882,-0.027895711926931396,-0.18636879969708478,0.027895711926931396,0,1,True
upgrade/oracle_shape_test.csv,IFNγ | CITED1,magmatch_vs_oracleDIST,0.554016607539667,0.4507692879470186,-0.10324731959264838,-0.1863614162238918,0.10324731959264838,0,1,True
upgrade/oracle_shape_test.csv,Co-culture | HASPIN,energy_vs_oracleMEAN,-0.0732867947727113,-0.05963563369702,0.013651161075691302,0.18627040680423343,0.013651161075691302,0,1,True
upgrade/oracle_shape_test.csv,IFNγ | KLF4,energy_vs_oracleDIST,0.4059210167244941,0.3305482567281327,-0.0753727599963614,-0.1856833149575949,0.0753727599963614,0,1,True
upgrade/oracle_shape_test.csv,Control | CTPS1,energy_vs_oracleDIST,0.6522878665177149,0.5312225674533655,-0.12106529906434937,-0.1856010287461962,0.12106529906434937,0,1,True
upgrade/class_c_protein_oracle.csv,IFNγ | CCND1,energy_rho,0.1926807772746487,0.156932673190129,-0.0357481040845197,-0.1855302048816425,0.0357481040845197,0,1,True
upgrade/oracle_shape_test.csv,Co-culture | ACSL3,energy_vs_oracleDIST,0.5531106425145758,0.4506034451304795,-0.10250719738409625,-0.18532855726310662,0.10250719738409625,0,1,True
upgrade/oracle_shape_test.csv,Co-culture | STAT3,magmatch_vs_oracleDIST,0.1510532707774333,0.179044738742631,0.02799146796519769,0.18530858564751776,0.02799146796519769,0,1,True
upgrade/class_c_magnitude_control_v2.csv,K562 | Entinostat (MS-275),energy_rho,-0.5320855614973262,-0.4334893048128342,0.09859625668449201,0.1853015075376885,0.09859625668449201,0,1,True
upgrade/oracle_shape_test.csv,Co-culture | FKBP4,energy_vs_oracleDIST,0.5983422416224533,0.4874871790713796,-0.11085506255107369,-0.18527032664530124,0.11085506255107369,0,1,True
exp13_real_data_projection/projection.csv,sciplex3_within_line | K562:GSK J1:s2,structure_reliability_score,0.4191075269791717,0.4967528607725132,0.07764533379334149,0.18526351543478772,0.07764533379334149,0,1,True
upgrade/class_c_protein_oracle.csv,Co-culture | TIMP1,energy_rho,0.4059104553333615,0.4810991568158111,0.0751887014824496,0.18523470015252375,0.0751887014824496,0,1,True
upgrade/oracle_shape_test.csv,Co-culture | TIMP1,energy_vs_oracleMEAN,0.3950120144625287,0.468159792062057,0.07314777759952829,0.18517861462785246,0.07314777759952829,0,1,True
upgrade/oracle_shape_test.csv,IFNγ | PSMB8-AS1,magmatch_vs_oracleDIST,0.2774914558236845,0.2261115226177017,-0.0513799332059828,-0.1851586134552162,0.0513799332059828,0,1,True
upgrade/oracle_shape_test.csv,Co-culture | TSC22D3,energy_vs_oracleDIST,0.585468899945502,0.4771470386043879,-0.1083218613411141,-0.18501727649615066,0.1083218613411141,0,1,True
upgrade/class_c_protein_oracle.csv,IFNγ | MT2A,energy_rho_partial_magmatch,0.2973685236443023,0.2423552038257118,-0.05501331981859048,-0.18500048069779815,0.05501331981859048,0,1,True
upgrade/oracle_shape_test.csv,IFNγ | LGALS3,energy_vs_oracleDIST,0.5182291835871898,0.4224339531922082,-0.09579523039498161,-0.18485109181209297,0.09579523039498161,0,1,True
upgrade/oracle_shape_test.csv,Co-culture | GPNMB,energy_vs_oracleDIST,0.6635651255582923,0.5409983036702459,-0.12256682188804635,-0.18470955926884258,0.12256682188804635,0,1,True
exp13_real_data_projection/projection.csv,frangieh | Co-culture:LINC00518:s0,structure_reliability_score,0.3624924313510637,0.4294071809749429,0.06691474962387922,0.1845962669468102,0.06691474962387922,0,1,True
upgrade/class_c_protein_oracle.csv,Co-culture | DLL3,energy_rho_partial_magmatch,0.3008839563344219,0.2453458074477505,-0.055538148886671385,-0.18458328441062738,0.055538148886671385,0,1,True
upgrade/oracle_shape_test.csv,Co-culture | SMAD4,mean_vs_oracleDIST,0.0890263275705997,0.1054255332087389,0.016399205638139208,0.1842062464627029,0.016399205638139208,0,1,True
upgrade/class_c_protein_oracle.csv,IFNγ | TIMP2,energy_rho_partial_magmatch,0.2336537886762049,0.1906207685210453,-0.04303302015515961,-0.18417428794529134,0.04303302015515961,0,1,True
upgrade/class_c_protein_oracle.csv,Co-culture | EEA1,energy_rho,0.3416120866245933,0.2786978859294977,-0.06291420069509562,-0.18416854425948262,0.06291420069509562,0,1,True
upgrade/oracle_shape_test.csv,Co-culture | C1QBP,energy_vs_oracleMEAN,0.3129905036807865,0.2553674155266585,-0.05762308815412803,-0.18410490885978062,0.05762308815412803,0,1,True
upgrade/oracle_shape_test.csv,Control | TGFB1,magmatch_vs_oracleDIST,0.2652164439736874,0.3139676023490295,0.04875115837534211,0.18381649962918137,0.04875115837534211,0,1,True
upgrade/class_c_protein_oracle.csv,Co-culture | HLA-H,energy_rho,0.3511518420728002,0.2867203519378623,-0.06443149013493793,-0.18348612313866233,0.06443149013493793,0,1,True
upgrade/oracle_shape_test.csv,Co-culture | NGFR,mean_vs_oracleDIST,0.4135251168579502,0.3376774406899902,-0.07584767616795995,-0.18341733809125396,0.07584767616795995,0,1,True
upgrade/oracle_shape_test.csv,IFNγ | CTPS1,energy_vs_oracleDIST,0.5155222099318856,0.4209878757163463,-0.09453433421553925,-0.18337587090191476,0.09453433421553925,0,1,True
upgrade/oracle_shape_test.csv,IFNγ | HLA-H,magmatch_vs_oracleDIST,0.4160146666223668,0.3397440878832877,-0.07627057873907911,-0.18333627359420232,0.07627057873907911,0,1,True
upgrade/class_c_protein_oracle.csv,Co-culture | C1QBP,energy_rho_partial_magmatch,0.3132870283766025,0.2558817005459645,-0.05740532783063801,-0.18323557195490084,0.05740532783063801,0,1,True
exp12_partial_observed_retrieval/summary.csv,leave_drug_out | DART_recommended | DART_energy,decision_regret,0.2119748731454213,0.1731531786820525,-0.038821694463368805,-0.18314290692716173,0.038821694463368805,0,1,True
upgrade/class_c_protein_oracle.csv,Co-culture | C1QBP,energy_rho,0.3133507348542193,0.2560230130963143,-0.057327721757905015,-0.18295065363282356,0.057327721757905015,0,1,True
upgrade/oracle_shape_test.csv,Co-culture | CORO1A,energy_vs_oracleDIST,0.6536811629791234,0.5341064210917089,-0.11957474188741446,-0.18292517615538711,0.11957474188741446,0,1,True
exp13_real_data_projection/projection.csv,sciplex3_within_line | K562:SRT2104 (GSK2245840):s2,structure_reliability_score,0.442634406407861,0.3617004048726776,-0.08093400153518338,-0.18284616008952445,0.08093400153518338,0,1,True
upgrade/oracle_shape_test.csv,Co-culture | APOE,mean_vs_oracleDIST,0.474425034560764,0.3877425262166634,-0.08668250834410063,-0.18271065401165798,0.08668250834410063,0,1,True
upgrade/oracle_shape_test.csv,Co-culture | CDKN2A,energy_vs_oracleMEAN,0.3596330158336855,0.2939296106925106,-0.0657034051411749,-0.18269569880525052,0.0657034051411749,0,1,True
upgrade/oracle_shape_test.csv,Control | BZW2,magmatch_vs_oracleDIST,0.5333296389262877,0.4359572439555512,-0.09737239497073652,-0.18257450526614086,0.09737239497073652,0,1,True
upgrade/oracle_shape_test.csv,Co-culture | SLC22A18,mean_vs_oracleDIST,0.4619605726401528,0.3776769027532202,-0.08428366988693259,-0.1824477561044715,0.08428366988693259,0,1,True
upgrade/oracle_shape_test.csv,IFNγ | EVA1A,mean_vs_oracleDIST,0.3518059075019817,0.2876733298697561,-0.06413257763222563,-0.1822953403130798,0.06413257763222563,0,1,True
exp12_partial_observed_retrieval/summary.csv,leave_drug_out | mean_sufficient | DART_coverage_worst,moa_ndcg,0.4422001085946824,0.5227310810823044,0.08053097248762198,0.18211432092034177,0.08053097248762198,0,1,True
upgrade/oracle_shape_test.csv,Co-culture | ATP1B1,energy_vs_oracleDIST,0.6712562370831742,0.5490739684328612,-0.12218226865031301,-0.1820203104275568,0.12218226865031301,0,1,True
upgrade/class_c_protein_oracle.csv,Co-culture | EVA1A,energy_rho,0.2854229733666383,0.2335056690077832,-0.05191730435885511,-0.18189602520945314,0.05191730435885511,0,1,True
exp13_real_data_projection/projection.csv,sciplex3_within_line | MCF7:GSK J1:s2,structure_reliability_score,0.4347405266348653,0.5137841887680387,0.07904366213317338,0.18181802084341092,0.07904366213317338,0,1,True
upgrade/class_c_protein_oracle.csv,IFNγ | AGA,energy_rho,0.285357036112952,0.2335425519472924,-0.05181448416565959,-0.18157773458633072,0.05181448416565959,0,1,True
upgrade/class_c_protein_oracle.csv,Co-culture | TP53,energy_rho,0.4539092321689912,0.536252326373035,0.08234309420404379,0.18140872308450273,0.08234309420404379,0,1,True
upgrade/oracle_shape_test.csv,IFNγ | RAB27A,magmatch_vs_oracleDIST,0.4807625433706289,0.3935623042636414,-0.08720023910698749,-0.18137902028645184,0.08720023910698749,0,1,True
upgrade/class_c_protein_oracle.csv,IFNγ | PUF60,energy_rho_partial_magmatch,0.2142476576611698,0.1754198016971398,-0.03882785596402999,-0.18122884697034025,0.03882785596402999,0,1,True
upgrade/class_c_protein_oracle.csv,Co-culture | CHCHD2,energy_rho_partial_magmatch,0.3077387733259819,0.2520280377999489,-0.05571073552603295,-0.18103255213479263,0.05571073552603295,0,1,True
upgrade/class_c_protein_oracle.csv,Co-culture | MIA,energy_rho_partial_magmatch,0.3874471598204403,0.3173179109603519,-0.07012924886008842,-0.1810033886752179,0.07012924886008842,0,1,True
exp12_partial_observed_retrieval/summary.csv,leave_drug_out | DART_recommended | mean_l2,decision_regret,0.1959236939748128,0.160469396614734,-0.035454297360078796,-0.1809597228431017,0.035454297360078796,0,1,True
upgrade/oracle_shape_test.csv,Control | PFDN4,energy_vs_oracleDIST,0.3134196397197456,0.370109172911232,0.056689533191486396,0.1808742210353416,0.056689533191486396,0,1,True
upgrade/oracle_shape_test.csv,Co-culture | NSG1,mean_vs_oracleDIST,0.3566722979331881,0.2921707322511653,-0.06450156568202281,-0.18084265600606092,0.06450156568202281,0,1,True
upgrade/class_c_protein_oracle.csv,IFNγ | IFNGR2,energy_rho,0.3070378022949073,0.3625501280002079,0.055512325705300625,0.180799645158942,0.055512325705300625,0,1,True
upgrade/oracle_shape_test.csv,IFNγ | JAK2,energy_vs_oracleMEAN,0.3323727470014164,0.3924634517172819,0.06009070471586553,0.18079311633697048,0.06009070471586553,0,1,True
upgrade/oracle_shape_test.csv,Co-culture | TIMP2,magmatch_vs_oracleDIST,0.3727772954746972,0.30541869924114,-0.06735859623355717,-0.18069393455892283,0.06735859623355717,0,1,True
upgrade/class_c_protein_oracle.csv,Co-culture | LEF1-AS1,energy_rho,0.3379298522183463,0.2768805138680314,-0.0610493383503149,-0.18065683735708896,0.0610493383503149,0,1,True
upgrade/class_c_protein_oracle.csv,Co-culture | CTSD,energy_rho_partial_magmatch,0.3478286805403931,0.2850523174968682,-0.06277636304352491,-0.18048069798613037,0.06277636304352491,0,1,True
upgrade/oracle_shape_test.csv,Co-culture | C19orf48,energy_vs_oracleMEAN,0.3451101513955483,0.2828609784857783,-0.06224917290977,-0.18037479528796316,0.06224917290977,0,1,True
upgrade/class_c_protein_oracle.csv,IFNγ | SCARB2,energy_rho,0.075559367406079,0.0891707925616935,0.01361142515561449,0.18014212695115026,0.01361142515561449,0,1,True
upgrade/oracle_shape_test.csv,Control | PIK3IP1,energy_vs_oracleDIST,0.4159759594857889,0.4906417596382578,0.07466580015246888,0.17949546950926548,0.07466580015246888,0,1,True
upgrade/class_c_protein_oracle.csv,IFNγ | HASPIN,energy_rho,0.0824238171351344,0.0676438865281405,-0.014779930606993896,-0.17931625979857377,0.014779930606993896,0,1,True
upgrade/oracle_shape_test.csv,Co-culture | E2F1,energy_vs_oracleDIST,0.6142734942250078,0.5041852260045209,-0.1100882682204869,-0.17921702507997467,0.1100882682204869,0,1,True
upgrade/class_c_protein_oracle.csv,IFNγ | FOS,energy_rho_partial_magmatch,0.1011375774823593,0.0830288617727704,-0.0181087157095889,-0.17905032096252724,0.0181087157095889,0,1,True
upgrade/oracle_shape_test.csv,IFNγ | STOM,energy_vs_oracleDIST,0.5034257273920444,0.4133947769144362,-0.09003095047760817,-0.17883661000800677,0.09003095047760817,0,1,True
upgrade/oracle_shape_test.csv,Co-culture | PTMA,mean_vs_oracleDIST,0.1932512832511616,0.2277964103137312,0.034545127062569625,0.17875755586922853,0.034545127062569625,0,1,True
upgrade/oracle_shape_test.csv,IFNγ | NPC1,energy_vs_oracleDIST,0.505678142678832,0.4152919314386704,-0.09038621124016166,-0.1787425708402984,0.09038621124016166,0,1,True
upgrade/class_c_protein_oracle.csv,IFNγ | SMAD4,energy_rho,0.2406949696568035,0.2837061583044196,0.04301118864761608,0.17869583526794872,0.04301118864761608,0,1,True
upgrade/oracle_shape_test.csv,IFNγ | SINHCAF,energy_vs_oracleMEAN,0.1179489085412976,0.1390204771797058,0.021071568638408214,0.1786499671680336,0.021071568638408214,0,1,True
upgrade/oracle_shape_test.csv,Co-culture | TP53,energy_vs_oracleMEAN,0.4472188937196416,0.5270662761652638,0.07984738244562223,0.1785420597540273,0.07984738244562223,0,1,True
upgrade/oracle_shape_test.csv,Co-culture | CMSS1,energy_vs_oracleMEAN,0.3844529553724541,0.3158908858617373,-0.0685620695107168,-0.17833669517326137,0.0685620695107168,0,1,True
upgrade/oracle_shape_test.csv,Control | NPC2,energy_vs_oracleDIST,0.5370337018084542,0.4414169898223284,-0.09561671198612581,-0.1780460177157183,0.09561671198612581,0,1,True
upgrade/oracle_shape_test.csv,IFNγ | SNHG6,energy_vs_oracleDIST,0.4894599273478593,0.4023443926408183,-0.08711553470704103,-0.17798297641867625,0.08711553470704103,0,1,True
upgrade/oracle_shape_test.csv,IFNγ | VAT1,magmatch_vs_oracleDIST,0.4755198627733812,0.3908926227697425,-0.08462724000363869,-0.17796783400395946,0.08462724000363869,0,1,True
upgrade/oracle_shape_test.csv,IFNγ | SET,energy_vs_oracleDIST,0.5821376684469741,0.478558600704326,-0.10357906774264813,-0.17792881882901718,0.10357906774264813,0,1,True
upgrade/oracle_shape_test.csv,Control | RNF213,mean_vs_oracleDIST,0.2877909502980505,0.2366015821298173,-0.05118936816823322,-0.17786997164163426,0.05118936816823322,0,1,True
upgrade/oracle_shape_test.csv,IFNγ | DAG1,mean_vs_oracleDIST,0.3590717344539604,0.2952435902433953,-0.0638281442105651,-0.17775875427128346,0.0638281442105651,0,1,True
upgrade/class_c_protein_oracle.csv,IFNγ | CDKN1A,energy_rho_partial_magmatch,0.2196306836640547,0.1806645614855821,-0.03896612217847259,-0.17741656825179697,0.03896612217847259,0,1,True
upgrade/oracle_shape_test.csv,IFNγ | IDI2-AS1,magmatch_vs_oracleDIST,0.4654087559939184,0.3829449144282874,-0.08246384156563102,-0.1771858404114524,0.08246384156563102,0,1,True
exp13_real_data_projection/projection.csv,sciplex3_cross_line | K562->MCF7:Resveratrol:s1,structure_reliability_score,0.4545277165781557,0.5350107250308037,0.080483008452648,0.1770695284735381,0.080483008452648,0,1,True
upgrade/class_c_protein_oracle.csv,Co-culture | SLIRP,energy_rho,0.1703389590014067,0.1401791541980541,-0.03015980480335259,-0.17705758553510664,0.03015980480335259,0,1,True
upgrade/oracle_shape_test.csv,Co-culture | KCNN4,energy_vs_oracleDIST,0.689521268986702,0.5674476600459446,-0.12207360894075736,-0.17704110726004546,0.12207360894075736,0,1,True
exp08_signature_baselines/summary.csv,K562 | coverage_worst,ndcg@10,0.7936432511904858,0.9341239671428612,0.14048071595237532,0.17700738428966736,0.14048071595237532,0,1,True
upgrade/class_c_protein_oracle.csv,IFNγ | RNF213,energy_rho_partial_magmatch,0.157734201395657,0.185642145205515,0.027907943809858005,0.17693020006393118,0.027907943809858005,0,1,True
upgrade/oracle_shape_test.csv,IFNγ | BZW2,mean_vs_oracleDIST,0.4422819123361012,0.3640554624251166,-0.0782264499109846,-0.17687010870012324,0.0782264499109846,0,1,True
upgrade/oracle_shape_test.csv,Co-culture | CTSD,energy_vs_oracleMEAN,0.3810371298726044,0.3136437846512562,-0.06739334522134821,-0.17686818406353322,0.06739334522134821,0,1,True
exp12_partial_observed_retrieval/summary.csv,leave_MoA_out | DART_recommended | DART_energy,target_mrr,0.4076865997171175,0.4797115236884768,0.07202492397135929,0.17666738132019888,0.07202492397135929,0,1,True
upgrade/class_c_protein_oracle.csv,IFNγ | PFN1,energy_rho_partial_magmatch,0.1987077826725403,0.2337993320598287,0.035091549387288395,0.17659876686922413,0.035091549387288395,0,1,True
exp13_real_data_projection/projection.csv,cd34 | CD34+:Rucaparib:s2,structure_reliability_score,0.4598659234245676,0.541042394012803,0.08117647058823535,0.17652203925814658,0.08117647058823535,0,1,True
upgrade/oracle_shape_test.csv,Co-culture | HLA-F,mean_vs_oracleDIST,0.3303094948451448,0.2720133389781133,-0.05829615586703152,-0.17648949478234596,0.05829615586703152,0,1,True
upgrade/oracle_shape_test.csv,Co-culture | LRRC75A-AS1,energy_vs_oracleDIST,0.5649137153675661,0.4652420353872108,-0.09967167998035525,-0.1764369978440035,0.09967167998035525,0,1,True
upgrade/oracle_shape_test.csv,IFNγ | FTH1,energy_vs_oracleDIST,0.4883224825542863,0.4022543630527724,-0.08606811950151388,-0.17625262521462093,0.08606811950151388,0,1,True
upgrade/class_c_magnitude_control_v2.csv,K562 | PFI-1 (PF-6405761),energydist_vs_candmag_rho,0.3699866310160428,0.304812834224599,-0.0651737967914438,-0.17615176151761505,0.0651737967914438,0,1,True
exp08_signature_baselines/flip_vs_dart.csv,K562+A549 | cmap_wtcs,mean_delta_rank,0.4416666666666666,0.5194444444444445,0.07777777777777789,0.1761006289308179,0.07777777777777789,0,1,True
upgrade/oracle_shape_test.csv,IFNγ | NONO,magmatch_vs_oracleDIST,0.2771421517029875,0.3259064623861318,0.048764310683144296,0.1759541462152061,0.048764310683144296,0,1,True
upgrade/class_c_protein_oracle.csv,Co-culture | GAS5,energy_rho,0.317579686668377,0.2617160555960638,-0.05586363107231318,-0.1759042955749468,0.05586363107231318,0,1,True
upgrade/class_c_protein_oracle.csv,Co-culture | CTSA,energy_rho,-0.1159272900385965,-0.0955440793805877,0.0203832106580088,0.17582754372350523,0.0203832106580088,0,1,True
upgrade/oracle_shape_test.csv,Co-culture | NUP50-AS1,energy_vs_oracleMEAN,0.4200312856720077,0.4937855760964167,0.07375429042440901,0.1755923735690535,0.07375429042440901,0,1,True
exp12_partial_observed_retrieval/summary.csv,leave_MoA_out | DART_recommended | DART_mmd,decision_regret,0.2630055875194316,0.2168872210444236,-0.046118366475008,-0.1753512802141538,0.046118366475008,0,1,True
upgrade/oracle_shape_test.csv,Co-culture | SPESP1,energy_vs_oracleDIST,0.6691629953395816,0.5519194912051966,-0.117243504134385,-0.1752091866270746,0.117243504134385,0,1,True
exp13_real_data_projection/projection.csv,sciplex3_cross_line | K562->MCF7:GSK J1:s2,structure_reliability_score,0.4603397732937627,0.5409636592117664,0.08062388591800368,0.17513995225990195,0.08062388591800368,0,1,True
upgrade/oracle_shape_test.csv,Co-culture | SAT1,magmatch_vs_oracleDIST,0.2736465414042877,0.2257369536373213,-0.04790958776696638,-0.17507836028588558,0.04790958776696638,0,1,True
exp13_real_data_projection/projection.csv,frangieh | IFNγ:CD274:s2,structure_reliability_score,0.4107978917549686,0.3388892295559118,-0.07190866219905684,-0.1750463272629176,0.07190866219905684,0,1,True
exp12_partial_observed_retrieval/summary.csv,leave_drug_out | mean_or_no_call | DART_sliced_wasserstein,decision_regret,0.2417791874036876,0.1994847232855639,-0.04229446411812368,-0.1749301276602711,0.04229446411812368,0,1,True
upgrade/class_c_magnitude_control_v2.csv,K562 | Tanespimycin (17-AAG),energydist_vs_candmag_rho,-0.1818181818181818,-0.2135695187165775,-0.03175133689839571,-0.17463235294117643,0.03175133689839571,0,1,True
exp08_signature_baselines/summary_by_task.csv,frangieh | coverage_worst,hit@5,0.7,0.8222222222222222,0.12222222222222223,0.17460317460317462,0.12222222222222223,0,1,True
exp08_signature_baselines/summary.csv,Control+IFNγ | coverage_worst,hit@5,0.7,0.8222222222222222,0.12222222222222223,0.17460317460317462,0.12222222222222223,0,1,True
upgrade/oracle_shape_test.csv,IFNγ | TIMP3,magmatch_vs_oracleDIST,0.421709984460655,0.3480789572856159,-0.07363102717503911,-0.1746011000171346,0.07363102717503911,0,1,True
upgrade/oracle_shape_test.csv,IFNγ | DDX17,energy_vs_oracleMEAN,0.349449144282874,0.2884685457357088,-0.0609805985471652,-0.17450493024473482,0.0609805985471652,0,1,True
upgrade/class_c_protein_oracle.csv,IFNγ | DDX17,energy_rho_partial_magmatch,0.3759058126388834,0.3103457954855561,-0.06556001715332732,-0.17440543601359,0.06556001715332732,0,1,True
upgrade/oracle_shape_test.csv,Co-culture | PFDN4,magmatch_vs_oracleDIST,0.3362236769178111,0.2776345669030949,-0.05858911001471617,-0.1742563478925909,0.05858911001471617,0,1,True
upgrade/oracle_shape_test.csv,Co-culture | CTSL,mean_vs_oracleDIST,0.2733187426194597,0.2257103127466816,-0.04760842987277811,-0.17418648065077294,0.04760842987277811,0,1,True
upgrade/oracle_shape_test.csv,IFNγ | SEC11C,energy_vs_oracleDIST,0.4108632541941184,0.3393848193052902,-0.07147843488882821,-0.17397134973539682,0.07147843488882821,0,1,True
exp13_real_data_projection/projection.csv,cd34 | CD34+:Geldanamycin:s1,structure_reliability_score,0.4498265627309341,0.371591268613287,-0.07823529411764707,-0.17392324197725043,0.07823529411764707,0,1,True
exp07_ranking_flip/delta_rank_vs_divergence.csv,K562+MCF7 | KW-2449,delta_rank,0.92,0.76,-0.16000000000000003,-0.1739130434782609,0.16000000000000003,0,1,True
upgrade/class_c_protein_oracle.csv,Co-culture | CDC123,energy_rho_partial_magmatch,0.3441661372272276,0.2843272219516305,-0.05983891527559709,-0.17386636511566464,0.05983891527559709,0,1,True
upgrade/oracle_shape_test.csv,IFNγ | CDKN2B,magmatch_vs_oracleDIST,0.2403830909776097,0.2821571608644237,0.04177406988681401,0.1737812327685936,0.04177406988681401,0,1,True
upgrade/oracle_shape_test.csv,IFNγ | GPATCH4,mean_vs_oracleDIST,0.3790568268943381,0.3131963666133874,-0.06586046028095072,-0.17374824988789683,0.06586046028095072,0,1,True
upgrade/oracle_shape_test.csv,IFNγ | IDH2,magmatch_vs_oracleDIST,0.5482229412758437,0.4530209348563409,-0.09520200641950283,-0.17365564125781635,0.09520200641950283,0,1,True
upgrade/oracle_shape_test.csv,Control | ATP1B1,energy_vs_oracleMEAN,0.1732496382209918,0.2033292484946341,0.03007961027364231,0.17362004667088368,0.03007961027364231,0,1,True
upgrade/oracle_shape_test.csv,IFNγ | APOD,magmatch_vs_oracleDIST,0.553906410406352,0.4577999558171871,-0.09610645458916495,-0.17350666607858928,0.09610645458916495,0,1,True
upgrade/oracle_shape_test.csv,IFNγ | CD44,mean_vs_oracleDIST,0.4051475576000936,0.334888568346913,-0.07025898925318058,-0.17341580353923958,0.07025898925318058,0,1,True
upgrade/oracle_shape_test.csv,Co-culture | SLC5A3,energy_vs_oracleDIST,0.4688512969190968,0.3875734144760808,-0.08127788244301604,-0.17335535377017638,0.08127788244301604,0,1,True
upgrade/class_c_protein_oracle.csv,Co-culture | NGFR,energy_rho_partial_magmatch,0.2471214807238677,0.2043142026642048,-0.04280727805966289,-0.17322362238309638,0.04280727805966289,0,1,True
upgrade/oracle_shape_test.csv,IFNγ | ARMC6,energy_vs_oracleMEAN,0.4052869687437842,0.3350964874663755,-0.07019048127740873,-0.1731871160204561,0.07019048127740873,0,1,True
upgrade/class_c_protein_oracle.csv,Control | CDKN2B,energy_rho_partial_magmatch,0.2851246799405032,0.334341738529181,0.04921705858867775,0.17261591875858603,0.04921705858867775,0,1,True
upgrade/class_c_protein_oracle.csv,IFNγ | SLC22A18,energy_rho_partial_magmatch,0.3703169467077307,0.3064317180616739,-0.06388522864605678,-0.17251500157911384,0.06388522864605678,0,1,True
upgrade/oracle_shape_test.csv,IFNγ | FBXO32,magmatch_vs_oracleDIST,0.4499707613738256,0.3724169298143022,-0.07755383155952339,-0.1723530465018224,0.07755383155952339,0,1,True
upgrade/class_c_protein_oracle.csv,IFNγ | TIMP2,energy_rho,0.1935430717450911,0.1601918053877042,-0.033351266357386916,-0.17231960853299216,0.033351266357386916,0,1,True
exp12_partial_observed_retrieval/summary.csv,leave_drug_out | mean_or_no_call | DART_coverage_worst,moa_hit@5,0.4220183486238532,0.3495145631067961,-0.0725037855170571,-0.17180244829041794,0.0725037855170571,0,1,True
upgrade/oracle_shape_test.csv,IFNγ | SP100,magmatch_vs_oracleDIST,0.4776499941522747,0.395612386781542,-0.08203760737073273,-0.17175255600354758,0.08203760737073273,0,1,True
upgrade/class_c_protein_oracle.csv,Co-culture | FMN1,energy_rho,0.3737352092381342,0.3095528497661911,-0.06418235947194312,-0.17173217263307888,0.06418235947194312,0,1,True
upgrade/oracle_shape_test.csv,IFNγ | CTSO,magmatch_vs_oracleDIST,0.5368903096695385,0.4446937741218666,-0.09219653554767193,-0.17172322518620206,0.09219653554767193,0,1,True
upgrade/class_c_protein_oracle.csv,Control | APOD,energy_rho,0.454821390113011,0.3767589890590975,-0.07806240105391349,-0.17163309103496005,0.07806240105391349,0,1,True
upgrade/class_c_protein_oracle.csv,Co-culture | NUP50-AS1,energy_rho,0.4239093954630148,0.4965427652896994,0.07263336982668456,0.17134173152107374,0.07263336982668456,0,1,True
upgrade/oracle_shape_test.csv,Control | STOM,magmatch_vs_oracleDIST,0.367920120202571,0.3048817810736366,-0.06303833912893436,-0.1713370258039339,0.06303833912893436,0,1,True
upgrade/oracle_shape_test.csv,Co-culture | SLC25A13,energy_vs_oracleDIST,0.4675111442899594,0.3874656926139288,-0.08004545167603055,-0.1712161360294437,0.08004545167603055,0,1,True
upgrade/oracle_shape_test.csv,Co-culture | MC1R,energy_vs_oracleMEAN,0.1332675805264356,0.1560815397054009,0.02281395917896531,0.17118911507844045,0.02281395917896531,0,1,True
upgrade/oracle_shape_test.csv,Co-culture | EEA1,energy_vs_oracleMEAN,0.3510892938947766,0.2910279850973173,-0.0600613087974593,-0.17107131958133706,0.0600613087974593,0,1,True
upgrade/oracle_shape_test.csv,IFNγ | RNF213,energy_vs_oracleDIST,0.5671955609267995,0.4702970567221856,-0.09689850420461388,-0.17083791002574383,0.09689850420461388,0,1,True
upgrade/oracle_shape_test.csv,Co-culture | SERPINE2,magmatch_vs_oracleDIST,0.3215491793736958,0.3763958234033274,0.054846644029631575,0.17057000156697735,0.054846644029631575,0,1,True
upgrade/oracle_shape_test.csv,IFNγ | NEAT1,magmatch_vs_oracleDIST,0.4363967616597143,0.3621103790625447,-0.07428638259716963,-0.17022670451229274,0.07428638259716963,0,1,True
exp13_real_data_projection/projection.csv,sciplex3_within_line | K562:UNC0379:s1,structure_reliability_score,0.4803998161163688,0.5621708471094111,0.08177103099304234,0.17021453433120107,0.08177103099304234,0,1,True
upgrade/oracle_shape_test.csv,Co-culture | CDKN2B,energy_vs_oracleDIST,0.6704591325841838,0.5565809080952978,-0.11387822448888596,-0.16985110494350267,0.11387822448888596,0,1,True
exp13_real_data_projection/projection.csv,frangieh | Co-culture:LINC00518:s0,preference_conflict,0.6220338983050847,0.727683615819209,0.10564971751412433,0.16984559491371487,0.10564971751412433,0,1,True
upgrade/oracle_shape_test.csv,IFNγ | DDR1,magmatch_vs_oracleDIST,0.5121936766597793,0.4252419009005496,-0.08695177575922974,-0.16976346979969997,0.08695177575922974,0,1,True
upgrade/oracle_shape_test.csv,Co-culture | ITGA3,energy_vs_oracleMEAN,0.1652030586059053,0.1932478083523825,0.028044749746477193,0.16975926464762628,0.028044749746477193,0,1,True
upgrade/oracle_shape_test.csv,Co-culture | IRF4,mean_vs_oracleDIST,0.2206740261161809,0.1833049646458006,-0.0373690614703803,-0.16934055234351034,0.0373690614703803,0,1,True
upgrade/oracle_shape_test.csv,Control | TTLL1,magmatch_vs_oracleDIST,0.4091270326060809,0.3398934247531149,-0.069233607852966,-0.16922276538892525,0.069233607852966,0,1,True
upgrade/oracle_shape_test.csv,Control | TRIM22,energy_vs_oracleDIST,0.511293711435048,0.4249542659408834,-0.08633944549416456,-0.16886467320678686,0.08633944549416456,0,1,True
upgrade/oracle_shape_test.csv,IFNγ | IFNGR2,energy_vs_oracleMEAN,0.326648733642613,0.3817597754473509,0.055111041804737915,0.16871653286442864,0.055111041804737915,0,1,True
exp09_predict_then_rank/runtime.csv,average_effect,fit_seconds,14.320139642979484,11.905385077989196,-2.4147545649902877,-0.16862646770167025,2.4147545649902877,0,1,True
upgrade/oracle_shape_test.csv,Co-culture | DLL3,energy_vs_oracleMEAN,0.3240059328105155,0.2693805240031529,-0.05462540880736261,-0.16859385361720686,0.05462540880736261,0,1,True
upgrade/oracle_shape_test.csv,IFNγ | NGFR,mean_vs_oracleDIST,0.3285626291372656,0.2732249554923135,-0.05533767364495207,-0.1684235172766204,0.05533767364495207,0,1,True
upgrade/oracle_shape_test.csv,IFNγ | RNASEH2A,magmatch_vs_oracleDIST,-0.3744368640598807,-0.3114134601639962,0.06302340389588451,0.1683151685775407,0.06302340389588451,0,1,True
upgrade/oracle_shape_test.csv,IFNγ | SNHG6,magmatch_vs_oracleDIST,0.5060486270840644,0.4209005496861721,-0.08514807739789232,-0.16826066279149807,0.08514807739789232,0,1,True
upgrade/class_c_protein_oracle.csv,Co-culture | MC1R,energy_rho,0.135305068691535,0.1580667748132386,0.022761706121703612,0.1682250808622341,0.022761706121703612,0,1,True
upgrade/oracle_shape_test.csv,IFNγ | NT5E,magmatch_vs_oracleDIST,0.4846859771548867,0.4032211869582732,-0.08146479019661351,-0.1680774646603414,0.08146479019661351,0,1,True
exp12_partial_observed_retrieval/summary.csv,leave_drug_out | mean_sufficient | DART_coverage_mean,moa_ndcg,0.4824582174015342,0.4014375317147616,-0.08102068568677262,-0.16793306189941368,0.08102068568677262,0,1,True
upgrade/oracle_shape_test.csv,IFNγ | A2M,mean_vs_oracleDIST,0.4877351110418047,0.4059054227905345,-0.08182968825127024,-0.16777485647174673,0.08182968825127024,0,1,True
upgrade/class_c_protein_oracle.csv,Co-culture | HASPIN,energy_rho,-0.0790302249679111,-0.0657711466413076,0.013259078326603488,0.16777224577036337,0.013259078326603488,0,1,True
upgrade/oracle_shape_test.csv,IFNγ | LRRC75A-AS1,energy_vs_oracleDIST,0.4490923030940963,0.3737798396423791,-0.07531246345171722,-0.16769929685465423,0.07531246345171722,0,1,True
exp13_real_data_projection/projection.csv,frangieh | Co-culture:SDCBP:s1,structure_reliability_score,0.3704972313463921,0.4325895619495195,0.062092330603127355,0.16759188827803911,0.062092330603127355,0,1,True
exp12_partial_observed_retrieval/summary.csv,partial_library | mean_or_no_call | cmap_reverse,decision_regret,0.1433115005493164,0.1673002243041992,0.023988723754882785,0.16738868592494974,0.023988723754882785,0,1,True
exp08_signature_baselines/runtime.csv,cmap_cosine,per_query_ms,8.647978556871836,7.201392275959416,-1.4465862809124204,-0.16727449905191283,1.4465862809124204,0,1,True
exp08_signature_baselines/runtime.csv,cmap_cosine,total_seconds,10.896452981658513,9.073754267708864,-1.8226987139496487,-0.16727449905191275,1.8226987139496487,0,1,True
exp08_signature_baselines/summary.csv,A549+MCF7 | coverage_worst,hit@5,0.8138888888888889,0.95,0.13611111111111107,0.16723549488054604,0.13611111111111107,0,1,True
upgrade/oracle_shape_test.csv,IFNγ | BZW2,energy_vs_oracleDIST,0.6461902719841981,0.5381357451951191,-0.10805452678907901,-0.16721781721858137,0.10805452678907901,0,1,True
exp13_real_data_projection/projection.csv,sciplex3_within_line | MCF7:Sirtinol:s1,structure_reliability_score,0.4845165847936514,0.4036423829906492,-0.0808742018030022,-0.16691730343440225,0.0808742018030022,0,1,True
upgrade/oracle_shape_test.csv,Co-culture | MRPL47,energy_vs_oracleDIST,0.3166310393016843,0.2638450102480556,-0.05278602905362867,-0.16671147961376723,0.05278602905362867,0,1,True
exp08_signature_baselines/summary.csv,MCF7 | coverage_mean,hit@1,0.8,0.6666666666666666,-0.13333333333333341,-0.16666666666666677,0.13333333333333341,0,1,True
upgrade/oracle_shape_test.csv,Co-culture | CDH19,energy_vs_oracleMEAN,0.3244518781538326,0.270381373147202,-0.054070505006630576,-0.1666518477695299,0.054070505006630576,0,1,True
upgrade/oracle_shape_test.csv,Co-culture | MFGE8,mean_vs_oracleDIST,0.3247182870602297,0.2706338041628129,-0.0540844828974168,-0.16655816765683126,0.0540844828974168,0,1,True
upgrade/oracle_shape_test.csv,IFNγ | C6orf226,mean_vs_oracleDIST,0.4194846204826322,0.3496414694683767,-0.06984315101425548,-0.16649752482915445,0.06984315101425548,0,1,True
upgrade/oracle_shape_test.csv,IFNγ | SMAD4,energy_vs_oracleMEAN,0.2258848907774875,0.2634922615102725,0.037607370732785,0.16648909364119846,0.037607370732785,0,1,True
upgrade/oracle_shape_test.csv,IFNγ | TIMP2,magmatch_vs_oracleDIST,0.3613161280261978,0.3011817602952452,-0.0601343677309526,-0.1664314517579256,0.0601343677309526,0,1,True
upgrade/oracle_shape_test.csv,Co-culture | RB1,energy_vs_oracleDIST,0.660854512358767,0.5509457805752,-0.10990873178356697,-0.1663130533697549,0.10990873178356697,0,1,True
upgrade/oracle_shape_test.csv,Co-culture | CTPS1,mean_vs_oracleDIST,0.3678105068197784,0.428920076748931,0.06110956992915262,0.16614416607488428,0.06110956992915262,0,1,True
upgrade/class_c_protein_oracle.csv,Co-culture | TPRKB,energy_rho_partial_magmatch,0.2700314883744366,0.3148785320174277,0.044847043642991136,0.1660807926992737,0.044847043642991136,0,1,True
upgrade/oracle_shape_test.csv,IFNγ | TM4SF1,energy_vs_oracleDIST,0.4804565073373538,0.4007163855123095,-0.07974012182504431,-0.16596740934357784,0.07974012182504431,0,1,True
exp12_partial_observed_retrieval/recommendation_vs_outcome.csv,mean_sufficient | DART_energy,mean_minority_cov_gain,-0.0149574425023041,-0.0124799459209675,0.0024774965813366013,0.16563637673719678,0.0024774965813366013,0,1,True
upgrade/class_c_protein_oracle.csv,Co-culture | B2M,energy_rho,-0.0809552960063567,-0.0675572446137621,0.013398051392594604,0.16549938118369148,0.013398051392594604,0,1,True
upgrade/class_c_magnitude_control_v2.csv,K562 | Entinostat (MS-275),energydist_vs_candmag_rho,0.4120989304812834,0.3439171122994652,-0.06818181818181818,-0.16545012165450124,0.06818181818181818,0,1,True
upgrade/oracle_shape_test.csv,Co-culture | LY96,magmatch_vs_oracleDIST,0.4089382504695457,0.3412808129409863,-0.0676574375285594,-0.1654465862532416,0.0676574375285594,0,1,True
upgrade/oracle_shape_test.csv,Co-culture | EEA1,mean_vs_oracleDIST,0.4031027371198533,0.3365364178079296,-0.0665663193119237,-0.165134873028986,0.0665663193119237,0,1,True
exp13_real_data_projection/projection.csv,sciplex3_cross_line | K562->MCF7:Belinostat (PXD101):s0,structure_reliability_score,0.4901098457342415,0.5709752358785691,0.08086539014432764,0.16499442083882623,0.08086539014432764,0,1,True
upgrade/oracle_shape_test.csv,IFNγ | AGA,energy_vs_oracleMEAN,0.2927672735305965,0.2444999530882447,-0.048267320442351797,-0.1648658330566701,0.048267320442351797,0,1,True
upgrade/class_c_protein_oracle.csv,Co-culture | DDX17,energy_rho,0.3178403040768091,0.265444621986032,-0.05239568209077705,-0.16484908118548472,0.05239568209077705,0,1,True
upgrade/oracle_shape_test.csv,IFNγ | SLIRP,energy_vs_oracleDIST,0.443099034475589,0.3700674437643756,-0.0730315907112134,-0.16482001771375293,0.0730315907112134,0,1,True
upgrade/oracle_shape_test.csv,Co-culture | ACTA2,mean_vs_oracleDIST,0.4836416244225152,0.4039459792235801,-0.07969564519893507,-0.16478243636307033,0.07969564519893507,0,1,True
upgrade/oracle_shape_test.csv,IFNγ | WBP2,energy_vs_oracleDIST,0.4514823333723182,0.377181396436786,-0.07430093693553219,-0.1645710838352104,0.07430093693553219,0,1,True
exp12_partial_observed_retrieval/summary.csv,leave_drug_out | mean_or_no_call | cmap_reverse,moa_hit@5,0.1743119266055046,0.145631067961165,-0.028680858644339585,-0.16453755748594814,0.028680858644339585,0,1,True
upgrade/oracle_shape_test.csv,Co-culture | TGFB1,energy_vs_oracleDIST,0.6035406901959783,0.5044210860394085,-0.09911960415656984,-0.16423019320268908,0.09911960415656984,0,1,True
upgrade/class_c_magnitude_control_v2.csv,K562 | Obatoclax Mesylate (GX15-070),energydist_vs_candmag_rho,0.5598262032085563,0.4679144385026739,-0.09191176470588236,-0.16417910447761191,0.09191176470588236,0,1,True
upgrade/class_c_magnitude_control_v2.csv,"K562 | Luminespib (AUY-922, NVP-AUY922)",energy_rho,0.4662433155080214,0.5427807486631017,0.07653743315508027,0.16415770609319008,0.07653743315508027,0,1,True
upgrade/oracle_shape_test.csv,Co-culture | TRIM22,energy_vs_oracleDIST,0.3370606459780927,0.281730314264054,-0.05533033171403873,-0.16415541943046927,0.05533033171403873,0,1,True
upgrade/class_c_magnitude_control_v2.csv,K562 | Dasatinib,energy_rho,0.5070187165775402,0.5902406417112299,0.08322192513368976,0.16413974950560298,0.08322192513368976,0,1,True
upgrade/oracle_shape_test.csv,Co-culture | CDKN2A,mean_vs_oracleDIST,0.4992300203455322,0.4173011735312326,-0.08192884681429963,-0.16411041699294082,0.08192884681429963,0,1,True
upgrade/oracle_shape_test.csv,IFNγ | ATP1B1,magmatch_vs_oracleDIST,0.6020885475550012,0.5033640022777714,-0.09872454527722974,-0.1639701430597485,0.09872454527722974,0,1,True
upgrade/oracle_shape_test.csv,IFNγ | CTSB,mean_vs_oracleDIST,0.428574844385534,0.3583054591763804,-0.0702693852091536,-0.16396059201725152,0.0702693852091536,0,1,True
exp13_real_data_projection/projection.csv,sciplex3_cross_line | K562->MCF7:Lapatinib (GW-572016) Ditosylate:s1,structure_reliability_score,0.4924701650091152,0.5731613042523457,0.08069113924323046,0.1638498024377516,0.08069113924323046,0,1,True
upgrade/class_c_protein_oracle.csv,Co-culture | ITGA3,energy_rho_partial_magmatch,0.1593559622602826,0.1854443439941297,0.026088381733847116,0.16371136268648612,0.026088381733847116,0,1,True
upgrade/oracle_shape_test.csv,Co-culture | IRF3,mean_vs_oracleDIST,0.4990215264187866,0.4174073996854756,-0.08161412673331103,-0.16354830886557625,0.08161412673331103,0,1,True
upgrade/oracle_shape_test.csv,IFNγ | FBL,energy_vs_oracleMEAN,-0.0885221079157718,-0.0740477954075864,0.0144743125081854,0.16351070765234843,0.0144743125081854,0,1,True
upgrade/oracle_shape_test.csv,Co-culture | ENPP1,energy_vs_oracleMEAN,0.2740843786504535,0.2292987912850768,-0.04478558736537669,-0.16340072931516045,0.04478558736537669,0,1,True
upgrade/class_c_protein_oracle.csv,IFNγ | FBL,energy_rho,-0.0992995724663106,-0.0830907824964445,0.016208789969866105,0.16323121607965901,0.016208789969866105,0,1,True
upgrade/oracle_shape_test.csv,Co-culture | IRF4,energy_vs_oracleMEAN,0.1659860691307946,0.1389003914473474,-0.027085677683447218,-0.16318042728094306,0.027085677683447218,0,1,True
upgrade/class_c_protein_oracle.csv,Co-culture | LGALS3,energy_rho_partial_magmatch,0.4170301314264633,0.3490541615098203,-0.06797596991664295,-0.16300014026355658,0.06797596991664295,0,1,True
upgrade/oracle_shape_test.csv,IFNγ | GAS5,magmatch_vs_oracleDIST,0.5447610879367926,0.4561293256923056,-0.08863176224448699,-0.16269840891200132,0.08863176224448699,0,1,True
upgrade/oracle_shape_test.csv,IFNγ | FKBP4,magmatch_vs_oracleDIST,0.5854882850571128,0.4903103167674764,-0.09517796828963643,-0.16256169545792376,0.09517796828963643,0,1,True
upgrade/oracle_shape_test.csv,Co-culture | SDCBP,magmatch_vs_oracleDIST,0.4189181597631045,0.3508228849883793,-0.06809527477472516,-0.16255030532272124,0.06809527477472516,0,1,True
upgrade/oracle_shape_test.csv,IFNγ | A2M,energy_vs_oracleMEAN,0.4043231582914247,0.3386446272400036,-0.06567853105142107,-0.1624406856361214,0.06567853105142107,0,1,True
exp12_partial_observed_retrieval/summary.csv,leave_drug_out | DART_recommended | DART_mmd,decision_regret,0.2095636387666066,0.1755232300777984,-0.0340404086888082,-0.16243470904186477,0.0340404086888082,0,1,True
upgrade/oracle_shape_test.csv,Co-culture | GSN,mean_vs_oracleDIST,0.4619848969316064,0.386991948080379,-0.07499294885122737,-0.16232770670494354,0.07499294885122737,0,1,True
upgrade/oracle_shape_test.csv,IFNγ | GAS5,energy_vs_oracleMEAN,0.384034410614271,0.3217137733421699,-0.06232063727210113,-0.16227878426940434,0.06232063727210113,0,1,True
upgrade/oracle_shape_test.csv,IFNγ | BZW2,magmatch_vs_oracleDIST,0.6006008862552467,0.5034579548555612,-0.09714293139968544,-0.16174290385312737,0.09714293139968544,0,1,True
upgrade/class_c_protein_oracle.csv,Co-culture | ITGA3,energy_rho,0.1807207982537475,0.2099319556904073,0.02921115743665978,0.16163694338957493,0.02921115743665978,0,1,True
upgrade/oracle_shape_test.csv,IFNγ | LCP1,magmatch_vs_oracleDIST,0.4613553727599963,0.3868090912634985,-0.07454628149649778,-0.1615810412059032,0.07454628149649778,0,1,True
exp13_real_data_projection/projection.csv,sciplex3_within_line | K562:Clevudine:s1,structure_reliability_score,0.4887615434748502,0.4098281871411143,-0.07893335633373588,-0.16149665903041222,0.07893335633373588,0,1,True
exp12_partial_observed_retrieval/summary.csv,leave_MoA_out | mean_or_no_call | DART_sliced_wasserstein,decision_regret,0.2663398655978116,0.2233600616455078,-0.042979803952303774,-0.16137202688690147,0.042979803952303774,0,1,True
upgrade/class_c_protein_oracle.csv,Co-culture | IRF3,energy_rho,0.3331038934225209,0.3868413691332849,0.05373747571076398,0.1613234692594885,0.05373747571076398,0,1,True
upgrade/oracle_shape_test.csv,Co-culture | CTSD,mean_vs_oracleDIST,0.4388478625608035,0.3680722825278034,-0.07077558003300011,-0.16127589096595854,0.07077558003300011,0,1,True
upgrade/oracle_shape_test.csv,Co-culture | PPIA,magmatch_vs_oracleDIST,0.3765012286662933,0.3158700364690627,-0.06063119219723062,-0.1610384975688094,0.06063119219723062,0,1,True
upgrade/oracle_shape_test.csv,Co-culture | SNHG6,energy_vs_oracleDIST,0.5946287331271947,0.4991085434175907,-0.09552018970960396,-0.16063836876374357,0.09552018970960396,0,1,True
upgrade/class_c_protein_oracle.csv,Co-culture | C19orf48,energy_rho,0.3482781007824893,0.2923565547305245,-0.055921546051964754,-0.1605657832815895,0.055921546051964754,0,1,True
exp13_real_data_projection/projection.csv,frangieh | Co-culture:JMJD7:s1,structure_reliability_score,0.5247119131039286,0.4405173238758323,-0.0841945892280963,-0.16045869576325028,0.0841945892280963,0,1,True
upgrade/oracle_shape_test.csv,IFNγ | BOLA2B,magmatch_vs_oracleDIST,0.5760944992397957,0.4837565786908892,-0.0923379205489065,-0.16028259369036504,0.0923379205489065,0,1,True
upgrade/oracle_shape_test.csv,Control | A2M,energy_vs_oracleMEAN,0.3307686591695392,0.2777593757123803,-0.053009283457158884,-0.16026090135096016,0.053009283457158884,0,1,True
upgrade/oracle_shape_test.csv,IFNγ | AHNAK,energy_vs_oracleMEAN,0.3770853318481101,0.3166613387392304,-0.06042399310887969,-0.1602395744558382,0.06042399310887969,0,1,True
upgrade/oracle_shape_test.csv,IFNγ | NME1,energy_vs_oracleDIST,0.4758770875410053,0.3996314633607526,-0.07624562418025266,-0.160221254976229,0.07624562418025266,0,1,True
upgrade/oracle_shape_test.csv,IFNγ | APOC2,magmatch_vs_oracleDIST,0.6180338648265825,0.5190130388712867,-0.09902082595529582,-0.16021909411562846,0.09902082595529582,0,1,True
exp08_signature_baselines/divergence_stratified.csv,mid(0.3-0.6) | controlled | coverage_mean | hit@1,hit@1_mean,0.8333333333333334,0.7,-0.13333333333333341,-0.1600000000000001,0.13333333333333341,0,1,True
upgrade/oracle_shape_test.csv,IFNγ | MFGE8,magmatch_vs_oracleDIST,0.6167936272789883,0.5181278229901083,-0.09866580428888005,-0.15996566748613875,0.09866580428888005,0,1,True
upgrade/oracle_shape_test.csv,IFNγ | DLL3,magmatch_vs_oracleDIST,0.5622092053170092,0.4724249866801814,-0.08978421863682784,-0.1596989479853888,0.08978421863682784,0,1,True
upgrade/oracle_shape_test.csv,Co-culture | SNHG6,mean_vs_oracleDIST,0.4178281998460619,0.3511240428825675,-0.06670415696349441,-0.1596449377712415,0.06670415696349441,0,1,True
upgrade/oracle_shape_test.csv,IFNγ | AHNAK,magmatch_vs_oracleDIST,0.5759073720322794,0.4841079620027809,-0.09179941002949848,-0.15939960918637652,0.09179941002949848,0,1,True
upgrade/oracle_shape_test.csv,IFNγ | TOP1MT,mean_vs_oracleDIST,0.5122541063387192,0.4309232908398632,-0.08133081549885596,-0.15877045101728743,0.08133081549885596,0,1,True
upgrade/oracle_shape_test.csv,Co-culture | PROS1,energy_vs_oracleDIST,0.598441855387454,0.5034751883539925,-0.09496666703346146,-0.15868988136195192,0.09496666703346146,0,1,True
upgrade/oracle_shape_test.csv,IFNγ | GPI,mean_vs_oracleDIST,0.3306892078773409,0.383143477187374,0.05245426931003311,0.15862104979697259,0.05245426931003311,0,1,True
upgrade/oracle_shape_test.csv,Co-culture | STOM,energy_vs_oracleDIST,0.5821341554171644,0.4897956701602912,-0.09233848525687322,-0.15862062790440862,0.09233848525687322,0,1,True
upgrade/oracle_shape_test.csv,IFNγ | LGALS3BP,magmatch_vs_oracleDIST,0.5911228931945474,0.497365924655309,-0.09375696853923837,-0.15860825154741817,0.09375696853923837,0,1,True
upgrade/oracle_shape_test.csv,Co-culture | IRF3,energy_vs_oracleMEAN,0.3071468822339429,0.355822106031903,0.04867522379796013,0.158475396018788,0.04867522379796013,0,1,True
upgrade/oracle_shape_test.csv,Co-culture | UQCRH,mean_vs_oracleDIST,0.4715895171570231,0.3970367221511476,-0.07455279500587547,-0.15808832107913873,0.07455279500587547,0,1,True
upgrade/class_c_protein_oracle.csv,Co-culture | DDR1,energy_rho,0.370927491024626,0.3123499640058401,-0.058577527018785935,-0.15792177295075968,0.058577527018785935,0,1,True
exp08_signature_baselines/summary.csv,A549 | coverage_worst,hit@1,0.6333333333333333,0.7333333333333333,0.09999999999999998,0.15789473684210523,0.09999999999999998,0,1,True
upgrade/oracle_shape_test.csv,Co-culture | HSPA1A,energy_vs_oracleMEAN,0.3168117340381972,0.2668009908094718,-0.050010743228725396,-0.15785634765250117,0.050010743228725396,0,1,True
upgrade/class_c_protein_oracle.csv,Co-culture | BZW2,energy_rho_partial_magmatch,0.3532622639313035,0.2975202543162586,-0.055742009615044885,-0.15779214285362972,0.055742009615044885,0,1,True
upgrade/oracle_shape_test.csv,IFNγ | SCARB2,energy_vs_oracleMEAN,0.0698977297831143,0.0809086275801172,0.0110108977970029,0.15752868986115315,0.0110108977970029,0,1,True
upgrade/oracle_shape_test.csv,IFNγ | SINHCAF,mean_vs_oracleDIST,0.4350140995152885,0.3665515314542643,-0.06846256806102424,-0.15738011282233885,0.06846256806102424,0,1,True
upgrade/class_c_protein_oracle.csv,IFNγ | TIMP3,energy_rho_partial_magmatch,0.1418855665146258,0.1195623302535313,-0.022323236261094503,-0.15733267878796808,0.022323236261094503,0,1,True
upgrade/oracle_shape_test.csv,Co-culture | B2M,energy_vs_oracleDIST,0.2637245470903803,0.3051015018521221,0.0413769547617418,0.15689459027703487,0.0413769547617418,0,1,True
upgrade/class_c_protein_oracle.csv,IFNγ | CTSO,energy_rho,0.3684675061401115,0.3107169311137967,-0.057750575026314754,-0.15673179877184293,0.057750575026314754,0,1,True
upgrade/class_c_protein_oracle.csv,IFNγ | HLA-E,energy_rho,0.3023263550478863,0.2549727755902954,-0.04735357945759089,-0.1566306696949739,0.04735357945759089,0,1,True
upgrade/oracle_shape_test.csv,IFNγ | KDR,energy_vs_oracleMEAN,0.23336166231336,0.2698961703897183,0.0365345080763583,0.15655745555711484,0.0365345080763583,0,1,True
exp12_partial_observed_retrieval/summary.csv,leave_drug_out | mean_or_no_call | mean_l2,decision_regret,0.2172991551390481,0.1833247397709818,-0.03397441536806631,-0.15634858472563473,0.03397441536806631,0,1,True
upgrade/oracle_shape_test.csv,IFNγ | CTSB,magmatch_vs_oracleDIST,0.5145223707977596,0.4341273244707809,-0.08039504632697875,-0.15625179951325996,0.08039504632697875,0,1,True
upgrade/oracle_shape_test.csv,IFNγ | AGA,magmatch_vs_oracleDIST,0.6082325575351188,0.5132010447935753,-0.09503151274154353,-0.1562420682093403,0.09503151274154353,0,1,True
exp13_real_data_projection/projection.csv,sciplex3_within_line | MCF7:WP1066:s2,structure_reliability_score,0.5144295278900965,0.4342282743681599,-0.08020125352193663,-0.15590328543324003,0.08020125352193663,0,1,True
upgrade/oracle_shape_test.csv,Co-culture | TIMP2,energy_vs_oracleDIST,0.5881040315196485,0.4964582094194081,-0.09164582210024041,-0.15583267107254736,0.09164582210024041,0,1,True
upgrade/class_c_protein_oracle.csv,IFNγ | A2M,energy_rho,0.36822953445079,0.3108510389458501,-0.0573784955049399,-0.1558226327242307,0.0573784955049399,0,1,True
upgrade/class_c_protein_oracle.csv,IFNγ | CSPG4,energy_rho,0.3389970501474926,0.2862080194945113,-0.052789030652981295,-0.15572120946189227,0.052789030652981295,0,1,True
upgrade/oracle_shape_test.csv,IFNγ | CHCHD2,magmatch_vs_oracleDIST,0.6070817252088937,0.5126365443842344,-0.09444518082465925,-0.15557243267726623,0.09444518082465925,0,1,True
upgrade/oracle_shape_test.csv,IFNγ | C6orf226,energy_vs_oracleDIST,0.636653021974452,0.5379902018114954,-0.09866282016295658,-0.15497110161666017,0.09866282016295658,0,1,True
exp13_real_data_projection/projection.csv,sciplex3_cross_line | K562->MCF7:Clevudine:s1,structure_reliability_score,0.5206601984754834,0.6013109192090292,0.08065072073354584,0.15490087579134107,0.08065072073354584,0,1,True
upgrade/oracle_shape_test.csv,Co-culture | GAS5,energy_vs_oracleMEAN,0.3247912599345908,0.2747249978788748,-0.050066262055716015,-0.15414904349888844,0.050066262055716015,0,1,True
upgrade/oracle_shape_test.csv,Co-culture | A2M,energy_vs_oracleDIST,0.6682687880537613,0.5653086955287898,-0.10296009252497151,-0.15406988081072628,0.10296009252497151,0,1,True
upgrade/class_c_protein_oracle.csv,Co-culture | DAG1,energy_rho,0.361200091042348,0.3055982356780599,-0.05560185536428813,-0.15393643784483219,0.05560185536428813,0,1,True
upgrade/oracle_shape_test.csv,Co-culture | RRS1,mean_vs_oracleDIST,0.305198622318464,0.2582388402177835,-0.046959782100680525,-0.15386629777011132,0.046959782100680525,0,1,True
upgrade/class_c_protein_oracle.csv,Co-culture | NME1,energy_rho,0.2984028786061485,0.2524959908355336,-0.04590688777061491,-0.15384197359304233,0.04590688777061491,0,1,True
upgrade/class_c_protein_oracle.csv,Co-culture | SLC25A13,energy_rho_partial_magmatch,0.3612939133093835,0.4168540698883224,0.055560156578938924,0.15378104787323557,0.055560156578938924,0,1,True
exp11_hir_benchmark/uncertainty_band.csv,worst | DART_coverage_worst | predicted_mean,hit_at_1_std,0.1554441912840556,0.1793119411576071,0.023867749873551503,0.15354546011909867,0.023867749873551503,0,1,True
upgrade/oracle_shape_test.csv,Control | HLA-B,energy_vs_oracleDIST,0.312049350561025,0.2641509433962264,-0.047898407164798595,-0.15349625653340843,0.047898407164798595,0,1,True
upgrade/oracle_shape_test.csv,IFNγ | CDK4,mean_vs_oracleDIST,0.4723563733707588,0.3998539368185775,-0.0725024365521813,-0.15349096707386475,0.0725024365521813,0,1,True
exp12_partial_observed_retrieval/summary.csv,leave_MoA_out | DART_recommended | mean_l2,decision_regret,0.2650963919503348,0.2244073809409628,-0.040689011009372,-0.153487607696279,0.040689011009372,0,1,True
upgrade/oracle_shape_test.csv,Co-culture | UCN2,magmatch_vs_oracleDIST,0.2666341956680753,0.307556920289876,0.04092272462180074,0.15347890588176538,0.04092272462180074,0,1,True
exp12_partial_observed_retrieval/summary.csv,leave_drug_out | mean_or_no_call | cmap_reverse,moa_hit@1,0.0458715596330275,0.0388349514563106,-0.007036608176716898,-0.15339805825242844,0.007036608176716898,0,1,True
upgrade/oracle_shape_test.csv,Control | S100A6,magmatch_vs_oracleDIST,0.2708638489256202,0.2293194020602196,-0.0415444468654006,-0.15337759922627692,0.0415444468654006,0,1,True
upgrade/oracle_shape_test.csv,Co-culture | A2M,mean_vs_oracleDIST,0.4333691054857647,0.3669000833396557,-0.066469022146109,-0.153377389630956,0.066469022146109,0,1,True
upgrade/oracle_shape_test.csv,IFNγ | BOLA2B,mean_vs_oracleDIST,0.5235190310969033,0.4432799241095214,-0.08023910698738196,-0.15326874902572493,0.08023910698738196,0,1,True
upgrade/oracle_shape_test.csv,Control | RPSA,energy_vs_oracleDIST,0.4314055665478159,0.3654188387051271,-0.06598672784268883,-0.15295752526033998,0.06598672784268883,0,1,True
upgrade/oracle_shape_test.csv,Co-culture | BZW2,mean_vs_oracleDIST,0.1965362208969987,0.2265593463483736,0.030023125451374894,0.15276128397273653,0.030023125451374894,0,1,True
exp13_real_data_projection/projection.csv,sciplex3_cross_line | K562->MCF7:Nintedanib (BIBF 1120):s2,structure_reliability_score,0.5274352774048744,0.6077371576877794,0.08030188028290497,0.15224973323364366,0.08030188028290497,0,1,True
upgrade/class_c_protein_oracle.csv,IFNγ | TIMP1,energy_rho_partial_magmatch,0.1762026171819162,0.2030013124894416,0.026798695307525378,0.15209022281353346,0.026798695307525378,0,1,True
exp08_signature_baselines/runtime.csv,cmap_wtcs,per_query_ms,11.445596366256868,9.705387206890414,-1.7402091593664544,-0.15204180749347593,1.7402091593664544,0,1,True
exp08_signature_baselines/runtime.csv,cmap_wtcs,total_seconds,14.421451421483653,12.22878788068192,-2.192663540801732,-0.1520418074934759,2.192663540801732,0,1,True
upgrade/oracle_shape_test.csv,IFNγ | ISYNA1,magmatch_vs_oracleDIST,0.2885741396889471,0.3324153704209062,0.04384123073195911,0.15192362967525574,0.04384123073195911,0,1,True
upgrade/class_c_protein_oracle.csv,Co-culture | NSG1,energy_rho_partial_magmatch,0.0963896380835006,0.081775372118223,-0.014614265965277595,-0.15161656642612895,0.014614265965277595,0,1,True
exp13_real_data_projection/projection.csv,sciplex3_cross_line | K562->MCF7:AG-490 (Tyrphostin B42):s1,structure_reliability_score,0.5354316345655213,0.6161963979488806,0.08076476338335925,0.15084047741948647,0.08076476338335925,0,1,True
upgrade/class_c_magnitude_control_v2.csv,K562 | Trametinib (GSK1120212),energydist_vs_candmag_rho,-0.241644385026738,-0.2780748663101604,-0.03643048128342238,-0.15076071922544917,0.03643048128342238,0,1,True
upgrade/oracle_shape_test.csv,IFNγ | SLC19A1,magmatch_vs_oracleDIST,0.3552001871272075,0.3016610138656062,-0.05353917326160135,-0.15072957504503626,0.05353917326160135,0,1,True
upgrade/class_c_protein_oracle.csv,Control | C1QBP,energy_rho,0.2066731066898574,0.2378144391701186,0.031141332480261213,0.15067917146565782,0.031141332480261213,0,1,True
upgrade/oracle_shape_test.csv,IFNγ | TTLL1,energy_vs_oracleDIST,0.4959645497901316,0.4212748041012046,-0.074689745688927,-0.15059492804582933,0.074689745688927,0,1,True
upgrade/oracle_shape_test.csv,Co-culture | FBXO32,energy_vs_oracleDIST,0.5509087149882229,0.467973305827579,-0.0829354091606439,-0.1505429246339239,0.0829354091606439,0,1,True
upgrade/oracle_shape_test.csv,Co-culture | CSPG4,mean_vs_oracleDIST,0.4027459808451996,0.3422248271093069,-0.060521153735892674,-0.15027127920403688,0.060521153735892674,0,1,True
exp13_real_data_projection/projection.csv,sciplex3_cross_line | K562->MCF7:Curcumin:s0,structure_reliability_score,0.5342523917803143,0.6144737706544444,0.08022137887413017,0.15015633080612836,0.08022137887413017,0,1,True
upgrade/class_c_protein_oracle.csv,Control | ATP1B1,energy_rho_partial_magmatch,0.2725301104669688,0.3133717803557462,0.04084166988877741,0.14986112844117275,0.04084166988877741,0,1,True
upgrade/oracle_shape_test.csv,Co-culture | CST3,mean_vs_oracleDIST,0.4307247075148739,0.3661773043936041,-0.06454740312126983,-0.14985767474005623,0.06454740312126983,0,1,True
upgrade/oracle_shape_test.csv,Co-culture | XAGE1A,magmatch_vs_oracleDIST,0.3499136198078496,0.4023278346921153,0.05241421488426573,0.14979186838468392,0.05241421488426573,0,1,True
upgrade/oracle_shape_test.csv,Control | LY96,energy_vs_oracleDIST,0.493634074859602,0.4197190655333234,-0.07391500932627859,-0.14973644059580224,0.07391500932627859,0,1,True
upgrade/oracle_shape_test.csv,IFNγ | C6orf226,magmatch_vs_oracleDIST,0.5971930918872559,0.5079126219900458,-0.08928046989721006,-0.14950017190430817,0.08928046989721006,0,1,True
exp12_partial_observed_retrieval/summary.csv,leave_MoA_out | DART_recommended | DART_sliced_wasserstein,decision_regret,0.2947931289672851,0.2507278967876823,-0.04406523217960279,-0.14947849135416233,0.04406523217960279,0,1,True
exp13_real_data_projection/projection.csv,sciplex3_cross_line | K562->MCF7:WP1066:s2,structure_reliability_score,0.5412180160846191,0.6221035315811402,0.08088551549652112,0.1494508924179544,0.08088551549652112,0,1,True
upgrade/oracle_shape_test.csv,IFNγ | FTH1,mean_vs_oracleDIST,0.3871365638766519,0.3292861876729951,-0.057850376203656795,-0.14943144513234063,0.057850376203656795,0,1,True
exp13_real_data_projection/projection.csv,frangieh | Co-culture:SDCBP:s1,mean_vs_DART_disagreement,0.342800411303762,0.2916356415984116,-0.05116476970535039,-0.1492552751344639,0.05116476970535039,0,1,True
upgrade/oracle_shape_test.csv,IFNγ | PUF60,energy_vs_oracleMEAN,0.2159650695879303,0.1838051797850636,-0.03215988980286669,-0.1489124600762012,0.03215988980286669,0,1,True
upgrade/oracle_shape_test.csv,Control | FBL,magmatch_vs_oracleDIST,0.1375918931275212,0.158016506442752,0.020424613315230794,0.1484434355176806,0.020424613315230794,0,1,True
upgrade/class_c_protein_oracle.csv,Co-culture | DLL3,energy_rho,0.328078514179614,0.2793790469913711,-0.04869946718824286,-0.14843845324653365,0.04869946718824286,0,1,True
upgrade/oracle_shape_test.csv,IFNγ | MRPL47,energy_vs_oracleDIST,0.4143126323860018,0.3528569386508648,-0.061455693735136985,-0.14833169189463835,0.061455693735136985,0,1,True
upgrade/oracle_shape_test.csv,Co-culture | MDH2,magmatch_vs_oracleDIST,0.3227179036630645,0.2748511729810403,-0.04786673068202424,-0.14832375315625432,0.04786673068202424,0,1,True
exp12_partial_observed_retrieval/recommendation_vs_outcome.csv,mean_or_no_call | DART_energy,mean_minority_cov_gain,0.0021812612315572,0.0025047652348628,0.0003235040033056002,0.14831052724237484,0.0003235040033056002,0,1,True
upgrade/oracle_shape_test.csv,Control | UQCRH,mean_vs_oracleDIST,0.2984031345364506,0.254211309167713,-0.044191825368737614,-0.14809437386569907,0.044191825368737614,0,1,True
upgrade/oracle_shape_test.csv,Co-culture | ITGA3,mean_vs_oracleDIST,0.2362392560473374,0.2712002126638053,0.03496095661646789,0.14798961527995352,0.03496095661646789,0,1,True
exp04_cd34_negative/cd34_retrieval.csv,<column mean>,mrr,0.47283785393345124,0.5428097401953378,0.06997188626188655,0.14798283529925382,0.96,0,1152,False
exp13_real_data_projection/projection.csv,sciplex3_within_line | MCF7:AICAR (Acadesine):s0,structure_reliability_score,0.5343698268788968,0.4553435218891531,-0.07902630498974367,-0.1478869146697784,0.07902630498974367,0,1,True
upgrade/class_c_protein_oracle.csv,IFNγ | PUF60,energy_rho,0.2089509180928618,0.1780530973451327,-0.030897820747729093,-0.14787118922347836,0.030897820747729093,0,1,True
upgrade/class_c_protein_oracle.csv,IFNγ | RBP7,energy_rho_partial_magmatch,0.1487541746260704,0.1267615297649214,-0.02199264486114902,-0.1478455641089257,0.02199264486114902,0,1,True
upgrade/oracle_shape_test.csv,Co-culture | NGFR,energy_vs_oracleMEAN,0.2739639154927782,0.2335393273231178,-0.04042458816966041,-0.14755442554158565,0.04042458816966041,0,1,True
upgrade/oracle_shape_test.csv,Control | SPESP1,energy_vs_oracleDIST,0.4641741174040577,0.3956835891500303,-0.06849052825402735,-0.14755352719162326,0.06849052825402735,0,1,True
upgrade/class_c_protein_oracle.csv,Co-culture | NDUFA13,energy_rho,0.469927357241023,0.5392546397875673,0.06932728254654424,0.14752765821843117,0.06932728254654424,0,1,True
upgrade/oracle_shape_test.csv,IFNγ | SET,energy_vs_oracleMEAN,0.2156573492911257,0.1839132977271841,-0.03174405156394161,-0.14719670657311504,0.03174405156394161,0,1,True
upgrade/oracle_shape_test.csv,IFNγ | CCND2,mean_vs_oracleDIST,0.3006053826635534,0.2563887047938352,-0.044216677869718224,-0.14709210286898575,0.044216677869718224,0,1,True
exp13_real_data_projection/projection.csv,sciplex3_cross_line | K562->MCF7:ABT-737:s0,structure_reliability_score,0.5477944676563443,0.6283579775177669,0.08056350986142258,0.1470688636307361,0.08056350986142258,0,1,True
upgrade/class_c_protein_oracle.csv,Co-culture | CKS1B,energy_rho_partial_magmatch,0.3129731291868911,0.2670187511329617,-0.04595437805392938,-0.146831704604544,0.04595437805392938,0,1,True
upgrade/class_c_protein_oracle.csv,IFNγ | ACTA2,energy_rho,0.3678832534144217,0.3138762621340298,-0.05400699128039188,-0.14680470170669288,0.05400699128039188,0,1,True
exp13_real_data_projection/projection.csv,frangieh | Co-culture:SNHG6:s2,preference_conflict,0.6350282485875707,0.7282485875706215,0.09322033898305082,0.14679715302491098,0.09322033898305082,0,1,True
upgrade/oracle_shape_test.csv,Control | APOD,energy_vs_oracleMEAN,0.4567130944479359,0.3897439901863114,-0.0669691042616245,-0.14663276589994687,0.0669691042616245,0,1,True
exp13_real_data_projection/projection.csv,sciplex3_cross_line | K562->MCF7:Lapatinib (GW-572016) Ditosylate:s0,structure_reliability_score,0.552513676073147,0.6331375619911505,0.0806238859180034,0.14592197335461002,0.0806238859180034,0,1,True
upgrade/oracle_shape_test.csv,IFNγ | CORO1A,energy_vs_oracleDIST,0.672784166959053,0.5746662442442318,-0.09811792271482112,-0.14583863225900318,0.09811792271482112,0,1,True
exp13_real_data_projection/projection.csv,sciplex3_cross_line | K562->MCF7:Dasatinib:s2,structure_reliability_score,0.5524579740874945,0.633021483948917,0.08056350986142247,0.14582739980265605,0.08056350986142247,0,1,True
upgrade/oracle_shape_test.csv,Co-culture | AGA,energy_vs_oracleMEAN,0.3900081602206329,0.3332029280664031,-0.05680523215422978,-0.14565139386338555,0.05680523215422978,0,1,True
upgrade/oracle_shape_test.csv,Co-culture | SCARB2,mean_vs_oracleDIST,0.557796705042132,0.4765794718038026,-0.08121723323832936,-0.14560364466870557,0.08121723323832936,0,1,True
upgrade/class_c_protein_oracle.csv,Co-culture | HSPA1A,energy_rho_partial_magmatch,0.3189233141962935,0.2724894001108492,-0.04643391408544428,-0.14559585962682164,0.04643391408544428,0,1,True
upgrade/class_c_magnitude_control_v2.csv,K562 | UNC0379,energy_rho,-0.4872994652406417,-0.4164438502673797,0.07085561497326204,0.14540466392318246,0.07085561497326204,0,1,True
exp12_partial_observed_retrieval/recommendation_vs_outcome.csv,mean_or_no_call | DART_coverage_mean,frac_regret_improved,0.6541353383458647,0.5590551181102362,-0.09508022023562845,-0.14535252059009868,0.09508022023562845,0,1,True
exp13_real_data_projection/projection.csv,sciplex3_within_line | MCF7:Ofloxacin:s0,structure_reliability_score,0.5592710855111696,0.4780233136751624,-0.08124777183600718,-0.1452744008064485,0.08124777183600718,0,1,True
exp13_real_data_projection/projection.csv,sciplex3_within_line | MCF7:Triamcinolone Acetonide:s1,structure_reliability_score,0.5417485102279915,0.6203799862788224,0.07863147605083087,0.1451438713098432,0.07863147605083087,0,1,True
upgrade/class_c_protein_oracle.csv,Co-culture | CTSD,energy_rho,0.382644849707732,0.3271808319950146,-0.05546401771271742,-0.14494907681386904,0.05546401771271742,0,1,True
upgrade/oracle_shape_test.csv,Co-culture | TSC22D3,mean_vs_oracleDIST,0.5226971701003492,0.446976809104698,-0.07572036099565121,-0.14486468518877604,0.07572036099565121,0,1,True
upgrade/class_c_protein_oracle.csv,Co-culture | CTPS1,energy_rho,0.3993892286245945,0.4571466795315141,0.05775745090691964,0.1446144431732001,0.05775745090691964,0,1,True
upgrade/class_c_magnitude_control_v2.csv,K562 | Bosutinib (SKI-606),energy_rho,0.4929812834224599,0.5641711229946524,0.07118983957219255,0.14440677966101703,0.07118983957219255,0,1,True
upgrade/oracle_shape_test.csv,Co-culture | NDUFA13,energy_vs_oracleMEAN,0.4766454948806053,0.5454612320021961,0.06881573712159078,0.14437509188842412,0.06881573712159078,0,1,True
upgrade/oracle_shape_test.csv,Co-culture | LINC00518,energy_vs_oracleMEAN,0.2575172195713248,0.2203485439305391,-0.03716867564078569,-0.1443347194516095,0.03716867564078569,0,1,True
upgrade/oracle_shape_test.csv,IFNγ | XAGE1A,mean_vs_oracleDIST,0.4283814796044339,0.3665764817485998,-0.0618049978558341,-0.1442756066693281,0.0618049978558341,0,1,True
upgrade/oracle_shape_test.csv,IFNγ | CCND2,magmatch_vs_oracleDIST,0.5919625204898048,0.5065850584122776,-0.08537746207752717,-0.14422781700247456,0.08537746207752717,0,1,True
exp12_partial_observed_retrieval/recommendation_vs_outcome.csv,mean_or_no_call | DART_sliced_wasserstein,mean_minority_cov_gain,0.0017681518434733,0.0020224575973562,0.00025430575388290014,0.14382574371177884,0.00025430575388290014,0,1,True
exp13_real_data_projection/projection.csv,sciplex3_within_line | K562:Disulfiram:s0,structure_reliability_score,0.5631794891488073,0.6441560698315357,0.0809765806827284,0.14378467654267177,0.0809765806827284,0,1,True
upgrade/oracle_shape_test.csv,IFNγ | CORO1A,magmatch_vs_oracleDIST,0.5938643067846607,0.5086247449742051,-0.08523956181045567,-0.14353373462022886,0.08523956181045567,0,1,True
upgrade/oracle_shape_test.csv,IFNγ | SGK1,magmatch_vs_oracleDIST,0.4529803906280457,0.3880732395098307,-0.06490715111821499,-0.14328909697000988,0.06490715111821499,0,1,True
upgrade/oracle_shape_test.csv,Control | B2M,mean_vs_oracleDIST,0.4814274181258525,0.4125288258208825,-0.06889859230496997,-0.14311314584695886,0.06889859230496997,0,1,True
upgrade/oracle_shape_test.csv,IFNγ | A2M,magmatch_vs_oracleDIST,0.5954205813938378,0.5102267617896639,-0.08519381960417394,-0.14308175139787943,0.08519381960417394,0,1,True
upgrade/oracle_shape_test.csv,IFNγ | HLA-C,energy_vs_oracleMEAN,0.1050641300534092,0.090047171650228,-0.015016958403181194,-0.14293135435992613,0.015016958403181194,0,1,True
exp05_frangieh_natural/frangieh_retrieval_by_gene.csv,CCND1,global_energy,0.35,0.4,0.050000000000000044,0.142857142857143,0.050000000000000044,0,1,True
exp05_frangieh_natural/frangieh_bootstrap_ci.csv,CCND1,global_energy,0.35,0.4,0.050000000000000044,0.142857142857143,0.050000000000000044,0,1,True
exp08_signature_baselines/flip_vs_dart.csv,K562+MCF7 | mean_cosine,mean_delta_rank,-0.1944444444444444,-0.1666666666666666,0.02777777777777779,0.14285714285714296,0.02777777777777779,0,1,True
exp08_signature_baselines/flip_vs_dart.csv,K562+MCF7 | cmap_cosine,mean_delta_rank,-0.1944444444444444,-0.1666666666666666,0.02777777777777779,0.14285714285714296,0.02777777777777779,0,1,True
upgrade/class_c_protein_oracle.csv,IFNγ | CST3,energy_rho_partial_magmatch,0.4495829922160279,0.3854170727586968,-0.06416591945733108,-0.142723191420237,0.06416591945733108,0,1,True
upgrade/class_c_protein_oracle.csv,Co-culture | RNASEH2A,energy_rho_partial_magmatch,0.3925876934143139,0.4485880038386048,0.05600031042429093,0.14264408019838642,0.05600031042429093,0,1,True
upgrade/class_c_protein_oracle.csv,IFNγ | CDK6,energy_rho,0.2200034358643495,0.1886517744597351,-0.0313516614046144,-0.1425053262529287,0.0313516614046144,0,1,True
upgrade/class_c_protein_oracle.csv,IFNγ | IRF4,energy_rho,0.3463667433368419,0.297018179928008,-0.04934856340883392,-0.14247488928474408,0.04934856340883392,0,1,True
upgrade/oracle_shape_test.csv,IFNγ | CCR10,magmatch_vs_oracleDIST,0.5625518336002252,0.482425896326329,-0.08012593727389622,-0.14243298570570004,0.08012593727389622,0,1,True
upgrade/oracle_shape_test.csv,IFNγ | ATP1B1,energy_vs_oracleMEAN,0.3975574701441139,0.3409598066352189,-0.056597663508895,-0.14236347637582672,0.056597663508895,0,1,True
upgrade/class_c_protein_oracle.csv,IFNγ | CD47,energy_rho_partial_magmatch,0.0074263511494028,0.0063701220225332,-0.0010562291268696004,-0.14222719955203553,0.0010562291268696004,0,1,True
upgrade/class_c_protein_oracle.csv,IFNγ | KDR,energy_rho,0.1783597780463399,0.2037248710251712,0.0253650929788313,0.14221307772787853,0.0253650929788313,0,1,True
exp12_partial_observed_retrieval/summary.csv,leave_drug_out | mean_or_no_call | cmap_reverse,moa_ndcg,0.0578486056110916,0.0496344549267164,-0.008214150684375199,-0.14199392703772032,0.008214150684375199,0,1,True
exp08_signature_baselines/flip_vs_dart.csv,K562+A549 | cmap_cosine,mean_delta_rank,0.55,0.6277777777777778,0.07777777777777772,0.1414141414141413,0.07777777777777772,0,1,True
exp08_signature_baselines/flip_vs_dart.csv,K562+A549 | mean_cosine,mean_delta_rank,0.55,0.6277777777777778,0.07777777777777772,0.1414141414141413,0.07777777777777772,0,1,True
upgrade/oracle_shape_test.csv,Co-culture | SDC3,energy_vs_oracleDIST,0.5846673566271243,0.5020616290851639,-0.08260572754196038,-0.14128671047842126,0.08260572754196038,0,1,True
upgrade/oracle_shape_test.csv,Control | C1QBP,energy_vs_oracleMEAN,0.2075320563279525,0.2368295438372882,0.029297487509335696,0.1411709016318826,0.029297487509335696,0,1,True
upgrade/oracle_shape_test.csv,IFNγ | SLC7A5P1,magmatch_vs_oracleDIST,0.3672486757498014,0.3154294179564149,-0.05181925779338653,-0.14110127882037585,0.05181925779338653,0,1,True
upgrade/class_c_magnitude_control_v2.csv,K562 | Crizotinib (PF-02341066),energy_rho,0.4334893048128342,0.4946524064171123,0.06116310160427807,0.14109483423284502,0.06116310160427807,0,1,True
upgrade/oracle_shape_test.csv,Control | TM4SF1,magmatch_vs_oracleDIST,0.3872855302250776,0.3326868121003586,-0.054598718124719,-0.14097794485889525,0.054598718124719,0,1,True
exp13_real_data_projection/projection.csv,sciplex3_within_line | A549:Zileuton:s0,structure_reliability_score,0.5726010060830795,0.4918965985039378,-0.08070440757914171,-0.1409435308736293,0.08070440757914171,0,1,True
upgrade/oracle_shape_test.csv,IFNγ | APOD,energy_vs_oracleMEAN,0.3994553557250289,0.3431720660663002,-0.0562832896587287,-0.14090007519506673,0.0562832896587287,0,1,True
upgrade/class_c_protein_oracle.csv,Co-culture | NGFR,energy_rho,0.2756939157690199,0.2368647378275743,-0.03882917794144561,-0.14084162079941298,0.03882917794144561,0,1,True
exp12_partial_observed_retrieval/summary.csv,leave_drug_out | DART_recommended | DART_sliced_wasserstein,decision_regret,0.2218544105688731,0.1906134660351914,-0.031240944533681703,-0.14081732453988413,0.031240944533681703,0,1,True
upgrade/class_c_protein_oracle.csv,Co-culture | ACTA2,energy_rho_partial_magmatch,0.2963202559378781,0.254612204192002,-0.04170805174587611,-0.14075329279757362,0.04170805174587611,0,1,True
upgrade/class_c_protein_oracle.csv,Co-culture | HSPA1A,energy_rho,0.3212758206697403,0.2760871585947274,-0.04518866207501293,-0.1406537908169106,0.04518866207501293,0,1,True
upgrade/oracle_shape_test.csv,Co-culture | NME1,energy_vs_oracleMEAN,0.2995333790089473,0.2574430883973708,-0.042090290611576486,-0.14051953325148187,0.042090290611576486,0,1,True
upgrade/class_c_protein_oracle.csv,Co-culture | LINC00518,energy_rho,0.2614659385979526,0.224733866189756,-0.03673207240819659,-0.14048511483049525,0.03673207240819659,0,1,True
upgrade/oracle_shape_test.csv,Co-culture | FGFR1,energy_vs_oracleMEAN,0.1978335164411939,0.2255986021636558,0.02776508572246189,0.14034571200029736,0.02776508572246189,0,1,True
upgrade/oracle_shape_test.csv,Control | TMEM173,energy_vs_oracleDIST,0.4791780280178792,0.412084367269117,-0.06709366074876216,-0.1400182329442258,0.06709366074876216,0,1,True
upgrade/oracle_shape_test.csv,IFNγ | KDR,energy_vs_oracleDIST,0.5591594869595727,0.4809704624900913,-0.07818902446948145,-0.13983313579214032,0.07818902446948145,0,1,True
upgrade/oracle_shape_test.csv,Co-culture | SLC19A1,magmatch_vs_oracleDIST,0.3355368052591434,0.2886476794336378,-0.04688912582550564,-0.13974361408517316,0.04688912582550564,0,1,True
upgrade/oracle_shape_test.csv,Co-culture | CD63,mean_vs_oracleDIST,0.4146509840623767,0.356707729364395,-0.05794325469798173,-0.139739821983071,0.05794325469798173,0,1,True
upgrade/oracle_shape_test.csv,IFNγ | ATP5MD,magmatch_vs_oracleDIST,0.3509877457668967,0.4000233909009396,0.049035645134042904,0.13970757020847446,0.049035645134042904,0,1,True
upgrade/oracle_shape_test.csv,IFNγ | HASPIN,energy_vs_oracleMEAN,0.08964796694086,0.0771270775668265,-0.012520889374033492,-0.13966729867162986,0.012520889374033492,0,1,True
exp12_partial_observed_retrieval/summary.csv,leave_drug_out | mean_or_no_call | mean_cosine,moa_hit@1,0.1192660550458715,0.1359223300970873,0.016656275051215794,0.13965646004480942,0.016656275051215794,0,1,True
exp12_partial_observed_retrieval/summary.csv,leave_drug_out | mean_or_no_call | cmap_match,moa_hit@1,0.1192660550458715,0.1359223300970873,0.016656275051215794,0.13965646004480942,0.016656275051215794,0,1,True
upgrade/class_c_protein_oracle.csv,Co-culture | CMSS1,energy_rho_partial_magmatch,0.2704843835153118,0.2327597240698709,-0.0377246594454409,-0.13947074857024178,0.0377246594454409,0,1,True
upgrade/class_c_protein_oracle.csv,Co-culture | IRF3,energy_rho_partial_magmatch,0.3469356315541658,0.3952876897656702,0.0483520582115044,0.13936896015811903,0.0483520582115044,0,1,True
upgrade/oracle_shape_test.csv,IFNγ | TIMM50,energy_vs_oracleDIST,0.5528646468868043,0.4758126325972201,-0.07705201428958414,-0.13936867680627818,0.07705201428958414,0,1,True
upgrade/oracle_shape_test.csv,IFNγ | C6orf226,energy_vs_oracleMEAN,0.3289337647655062,0.2831031928579782,-0.045830571907527984,-0.13933070063573488,0.045830571907527984,0,1,True
upgrade/oracle_shape_test.csv,Co-culture | CCND2,magmatch_vs_oracleDIST,0.3067588518702774,0.2641392183446856,-0.04261963352559178,-0.13893530134744028,0.04261963352559178,0,1,True
exp12_partial_observed_retrieval/summary.csv,partial_library | DART_recommended | cmap_reverse,decision_regret,0.2858192532561546,0.2461791149405545,-0.03964013831560009,-0.13868953145740023,0.03964013831560009,0,1,True
upgrade/oracle_shape_test.csv,IFNγ | CDK6,energy_vs_oracleMEAN,0.2344137330578405,0.201922212259431,-0.0324915207984095,-0.1386075823057362,0.0324915207984095,0,1,True
exp12_partial_observed_retrieval/summary.csv,leave_drug_out | mean_sufficient | DART_coverage_worst,moa_mrr,0.7454545454545454,0.8484848484848485,0.10303030303030314,0.1382113821138213,0.10303030303030314,0,1,True
upgrade/class_c_protein_oracle.csv,Co-culture | CDKN2A,energy_rho,0.3907924422088132,0.3367877688196173,-0.0540046733891959,-0.13819272727986748,0.0540046733891959,0,1,True
upgrade/oracle_shape_test.csv,Co-culture | DAG1,energy_vs_oracleMEAN,0.3724819290784742,0.3210105700629362,-0.05147135901553801,-0.13818484870629538,0.05147135901553801,0,1,True
exp12_partial_observed_retrieval/recommendation_vs_outcome.csv,mean_or_no_call | DART_energy,median_regret_reduction,0.048685073852539,0.0554065704345703,0.006721496582031299,0.138060724779629,0.006721496582031299,0,1,True
exp08_signature_baselines/summary.csv,K562+MCF7 | coverage_worst,hit@5,0.825,0.9388888888888888,0.11388888888888882,0.13804713804713797,0.11388888888888882,0,1,True
upgrade/oracle_shape_test.csv,Co-culture | CYP27A1,mean_vs_oracleDIST,0.5099998899615386,0.4396783633690069,-0.07032152659253166,-0.13788537601024764,0.07032152659253166,0,1,True
upgrade/oracle_shape_test.csv,Control | UQCRFS1,energy_vs_oracleDIST,0.2840528820783055,0.3231993229159451,0.03914644083763963,0.13781391884222474,0.03914644083763963,0,1,True
upgrade/class_c_protein_oracle.csv,Control | CCND1,energy_rho_partial_magmatch,0.2582226795450338,0.2226505775239832,-0.0355721020210506,-0.1377574660898322,0.0355721020210506,0,1,True
exp12_partial_observed_retrieval/summary.csv,leave_drug_out | mean_or_no_call | DART_coverage_mean,decision_regret,0.1890986206334665,0.2151216858799017,0.02602306524643519,0.13761636737095084,0.02602306524643519,0,1,True
upgrade/oracle_shape_test.csv,IFNγ | FGFR1,magmatch_vs_oracleDIST,0.6064756409756605,0.5235337215011212,-0.08294191947453933,-0.13676051249330887,0.08294191947453933,0,1,True
exp12_partial_observed_retrieval/summary.csv,leave_drug_out | mean_sufficient | DART_sliced_wasserstein,decision_regret,0.8505394675514915,0.7342905564741655,-0.11624891107732593,-0.13667668052134013,0.11624891107732593,0,1,True
exp08_signature_baselines/divergence_stratified.csv,high(<0.3) | crossline | coverage_worst | hit@5,hit@5_mean,0.812962962962963,0.924074074074074,0.11111111111111105,0.1366742596810933,0.11111111111111105,0,1,True
exp08_signature_baselines/summary_by_task.csv,crossline | coverage_worst,hit@5,0.812962962962963,0.924074074074074,0.11111111111111105,0.1366742596810933,0.11111111111111105,0,1,True
upgrade/oracle_shape_test.csv,IFNγ | STAT3,energy_vs_oracleMEAN,0.296463035879043,0.2560050940184268,-0.04045794186061619,-0.13646875652019916,0.04045794186061619,0,1,True
upgrade/oracle_shape_test.csv,Co-culture | LGALS3,magmatch_vs_oracleDIST,0.3590178546090767,0.3100356814189633,-0.04898217319011339,-0.1364338084061266,0.04898217319011339,0,1,True
upgrade/oracle_shape_test.csv,IFNγ | ACTA2,magmatch_vs_oracleDIST,0.631173313581017,0.5451406820112933,-0.08603263156972374,-0.1363058762443711,0.08603263156972374,0,1,True
upgrade/class_c_protein_oracle.csv,Co-culture | CCT3,energy_rho_partial_magmatch,0.2365925374232119,0.2687805248139626,0.03218798739075068,0.13604819383281505,0.03218798739075068,0,1,True
upgrade/oracle_shape_test.csv,IFNγ | CST3,energy_vs_oracleDIST,0.6628404350707575,0.5726825464894156,-0.09015788858134188,-0.13601748446700845,0.09015788858134188,0,1,True
upgrade/class_c_protein_oracle.csv,IFNγ | GAS5,energy_rho,0.4118747807103037,0.3559212391774941,-0.055953541532809625,-0.1358508560206436,0.055953541532809625,0,1,True
upgrade/oracle_shape_test.csv,Co-culture | SPESP1,magmatch_vs_oracleDIST,0.2240991180127748,0.2545403896172341,0.03044127160445928,0.13583842664978257,0.03044127160445928,0,1,True
upgrade/class_c_protein_oracle.csv,Control | AGA,energy_rho,0.3921631476883293,0.3389966914065992,-0.05316645628173011,-0.1355722907548264,0.05316645628173011,0,1,True
upgrade/oracle_shape_test.csv,IFNγ | KDR,mean_vs_oracleDIST,0.515158603303315,0.4453476797525762,-0.06981092355073876,-0.13551345760916178,0.06981092355073876,0,1,True
upgrade/oracle_shape_test.csv,Co-culture | GRN,energy_vs_oracleMEAN,0.2644039663664561,0.228583607271384,-0.035820359095072085,-0.13547587650567286,0.035820359095072085,0,1,True
upgrade/class_c_protein_oracle.csv,Co-culture | CDKN2B,energy_rho,0.1279197113054094,0.1106494643733106,-0.017270246932098818,-0.13500848896434697,0.017270246932098818,0,1,True
upgrade/oracle_shape_test.csv,Co-culture | CCR10,energy_vs_oracleMEAN,0.2991766227342936,0.2588098819171479,-0.040366740817145697,-0.13492611972224994,0.040366740817145697,0,1,True
upgrade/oracle_shape_test.csv,Control | TIMP3,magmatch_vs_oracleDIST,0.2683814592823866,0.3045845492340612,0.036203089951674594,0.1348941541955858,0.036203089951674594,0,1,True
upgrade/class_c_protein_oracle.csv,Control | PTMA,energy_rho_partial_magmatch,0.3407725257023676,0.3866835098042426,0.045910984101874996,0.13472619016819998,0.045910984101874996,0,1,True
upgrade/oracle_shape_test.csv,Co-culture | CCT3,energy_vs_oracleDIST,0.5263736130086311,0.4554887055622043,-0.07088490744642678,-0.13466652904818857,0.07088490744642678,0,1,True
upgrade/oracle_shape_test.csv,Co-culture | TIMP1,energy_vs_oracleDIST,0.6508444872757894,0.5632237562613333,-0.08762073101445611,-0.13462621674988182,0.08762073101445611,0,1,True
exp12_partial_observed_retrieval/recommendation_vs_outcome.csv,DART_recommended | DART_sliced_wasserstein,median_regret_reduction,0.05908203125,0.0670337677001953,0.007951736450195299,0.13458806818181795,0.007951736450195299,0,1,True
upgrade/oracle_shape_test.csv,Co-culture | CST3,energy_vs_oracleMEAN,0.3932050670973996,0.3403912388535382,-0.05281382824386138,-0.1343162452959413,0.05281382824386138,0,1,True
upgrade/oracle_shape_test.csv,Co-culture | SLC5A3,mean_vs_oracleDIST,0.237887516368221,0.269790562059086,0.03190304569086502,0.13410979347685895,0.03190304569086502,0,1,True
upgrade/oracle_shape_test.csv,Control | E2F1,mean_vs_oracleDIST,0.4514876075733665,0.3909555877696654,-0.0605320198037011,-0.13407238380040074,0.0605320198037011,0,1,True
upgrade/oracle_shape_test.csv,IFNγ | EIF3K,mean_vs_oracleDIST,0.3892999623146596,0.3371383408413927,-0.05216162147326686,-0.13398825204895903,0.05216162147326686,0,1,True
exp12_partial_observed_retrieval/summary.csv,leave_drug_out | mean_or_no_call | DART_sliced_wasserstein,moa_hit@1,0.128440366972477,0.145631067961165,0.017190700988688024,0.13384188626907112,0.017190700988688024,0,1,True
upgrade/oracle_shape_test.csv,Co-culture | UQCRFS1,mean_vs_oracleDIST,0.0856383012609828,0.0741804016867158,-0.011457899574267003,-0.13379410153581914,0.011457899574267003,0,1,True
upgrade/oracle_shape_test.csv,Co-culture | RTP4,mean_vs_oracleDIST,0.2376083661663005,0.20590570630503,-0.031702659861270494,-0.1334240051088185,0.031702659861270494,0,1,True
upgrade/class_c_magnitude_control_v2.csv,K562 | Cediranib (AZD2171),energydist_vs_candmag_rho,0.6169786096256685,0.5347593582887701,-0.08221925133689845,-0.13326110509209108,0.08221925133689845,0,1,True
exp13_real_data_projection/projection.csv,frangieh | IFNγ:SDCBP:s1,preference_conflict,0.6282485875706214,0.711864406779661,0.0836158192090396,0.1330935251798562,0.0836158192090396,0,1,True
upgrade/oracle_shape_test.csv,Co-culture | HLA-E,energy_vs_oracleMEAN,0.1668466857284169,0.1890350727325272,0.0221883870041103,0.13298668119921322,0.0221883870041103,0,1,True
upgrade/oracle_shape_test.csv,IFNγ | CORO1A,mean_vs_oracleDIST,0.5308908034774472,0.4603469650306031,-0.07054383844684414,-0.13287824536565157,0.07054383844684414,0,1,True
upgrade/oracle_shape_test.csv,Co-culture | UCN2,energy_vs_oracleDIST,0.5079284182227434,0.4405123390759896,-0.0674160791467538,-0.13272751972146912,0.0674160791467538,0,1,True
upgrade/oracle_shape_test.csv,IFNγ | ST3GAL6-AS1,magmatch_vs_oracleDIST,0.2670497576442764,0.302461502475537,0.03541174483126058,0.13260354603440905,0.03541174483126058,0,1,True
exp12_partial_observed_retrieval/recommendation_vs_outcome.csv,mean_or_no_call | DART_mmd,mean_regret_reduction,0.1155214094577875,0.1308343767181156,0.015312967260328103,0.13255523224830104,0.015312967260328103,0,1,True
upgrade/oracle_shape_test.csv,IFNγ | CD63,energy_vs_oracleMEAN,0.3030218445024885,0.262919512668654,-0.04010233183383449,-0.13234138911561263,0.04010233183383449,0,1,True
exp13_real_data_projection/projection.csv,frangieh | IFNγ:PFDN4:s0,mean_vs_DART_disagreement,0.2797220153884339,0.3167393539694359,0.037017338581002035,0.1323361642793764,0.037017338581002035,0,1,True
upgrade/oracle_shape_test.csv,Control | CDKN2B,energy_vs_oracleMEAN,0.2852821120589224,0.3230167016585789,0.037734589599656476,0.13227113795295634,0.037734589599656476,0,1,True
upgrade/class_c_protein_oracle.csv,Co-culture | SMAD4,energy_rho_partial_magmatch,0.2015678743291273,0.2282018151712922,0.026633940842164916,0.13213385779261658,0.026633940842164916,0,1,True
upgrade/class_c_protein_oracle.csv,IFNγ | RNF213,energy_rho,0.2452265668654893,0.2775995737658051,0.032373006900315776,0.132012641673008,0.032373006900315776,0,1,True
upgrade/oracle_shape_test.csv,Control | PFN1,mean_vs_oracleDIST,0.2458258448122338,0.2782379693523746,0.03241212454014081,0.13184994671694414,0.03241212454014081,0,1,True
upgrade/oracle_shape_test.csv,Co-culture | SGK1,mean_vs_oracleDIST,0.4343935454841628,0.3772263242115309,-0.05716722127263191,-0.13160237270310943,0.05716722127263191,0,1,True
upgrade/oracle_shape_test.csv,IFNγ | POLD2,energy_vs_oracleDIST,0.6151115616025365,0.5342403804919886,-0.08087118111054792,-0.13147400595081649,0.08087118111054792,0,1,True
upgrade/oracle_shape_test.csv,Co-culture | SERPINA3,mean_vs_oracleDIST,0.5029273126464887,0.43684052936608,-0.06608678328040873,-0.13140424395057984,0.06608678328040873,0,1,True
upgrade/oracle_shape_test.csv,Co-culture | NUP50-AS1,energy_vs_oracleDIST,0.6471692026671007,0.5621438046735899,-0.08502539799351072,-0.13138047614612341,0.08502539799351072,0,1,True
upgrade/class_c_protein_oracle.csv,Co-culture | CST3,energy_rho,0.3909961897734887,0.3396568769115562,-0.051339312861932496,-0.13130386997293836,0.051339312861932496,0,1,True
upgrade/oracle_shape_test.csv,Control | P2RX4,mean_vs_oracleDIST,0.3354399849872732,0.2914282619620072,-0.04401172302526596,-0.1312059533598411,0.04401172302526596,0,1,True
upgrade/oracle_shape_test.csv,IFNγ | DDX17,magmatch_vs_oracleDIST,0.15544293269918,0.1350803737346172,-0.020362558964562794,-0.1309970071393938,0.020362558964562794,0,1,True
upgrade/oracle_shape_test.csv,Co-culture | CKS1B,energy_vs_oracleMEAN,0.3310970429190539,0.2877430474514802,-0.04335399546757368,-0.13094044901564644,0.04335399546757368,0,1,True
exp04_cd34_negative/cd34_retrieval.csv,<column mean>,hit@3,0.5112847222222222,0.578125,0.06684027777777779,0.13073005093378612,1.0,181,1152,False
upgrade/oracle_shape_test.csv,Co-culture | NOLC1,energy_vs_oracleDIST,0.5612117898682376,0.4879979891919064,-0.07321380067633121,-0.13045663330330334,0.07321380067633121,0,1,True
upgrade/class_c_protein_oracle.csv,Co-culture | CKS1B,energy_rho,0.3247125895908934,0.2824820506999314,-0.04223053889096201,-0.1300551325840751,0.04223053889096201,0,1,True
upgrade/class_c_protein_oracle.csv,Co-culture | BOLA2B,energy_rho,0.2305068313614247,0.2604813082298923,0.029974476868467603,0.13003726046395964,0.029974476868467603,0,1,True
upgrade/oracle_shape_test.csv,Co-culture | BOLA2B,energy_vs_oracleMEAN,0.2416948471305154,0.2731183567898653,0.031423509659349896,0.13001315515171566,0.031423509659349896,0,1,True
upgrade/oracle_shape_test.csv,Co-culture | CDC123,energy_vs_oracleMEAN,0.3608909295559779,0.3140758303994569,-0.04681509915652099,-0.12972090823706747,0.04681509915652099,0,1,True
upgrade/oracle_shape_test.csv,IFNγ | TMEM173,energy_vs_oracleDIST,0.4701254012189259,0.4092040596208074,-0.06092134159811846,-0.12958530094345802,0.06092134159811846,0,1,True
upgrade/oracle_shape_test.csv,Co-culture | C6orf226,energy_vs_oracleMEAN,0.3892483156876042,0.3388078433098642,-0.05044047237774002,-0.12958430478661753,0.05044047237774002,0,1,True
upgrade/oracle_shape_test.csv,Control | TFAP2A,energy_vs_oracleDIST,0.3410571629724695,0.3851734209243658,0.044116257951896276,0.12935150684830327,0.044116257951896276,0,1,True
upgrade/oracle_shape_test.csv,IFNγ | SERPINA3,energy_vs_oracleDIST,0.4796387405299339,0.4177256247319792,-0.061913115797954665,-0.1290828087188064,0.061913115797954665,0,1,True
upgrade/class_c_protein_oracle.csv,IFNγ | STAT3,energy_rho,0.3071469598326251,0.2675019817291074,-0.03964497810351769,-0.12907494876433614,0.03964497810351769,0,1,True
exp12_partial_observed_retrieval/summary.csv,leave_drug_out | mean_or_no_call | DART_coverage_worst,moa_hit@1,0.1376146788990825,0.1553398058252427,0.017725126926160212,0.12880258899676428,0.017725126926160212,0,1,True
upgrade/class_c_protein_oracle.csv,IFNγ | STAT1,energy_rho,0.3592587683391161,0.405318676417743,0.04605990807862692,0.12820816675279995,0.04605990807862692,0,1,True
upgrade/class_c_protein_oracle.csv,IFNγ | TP53,energy_rho_partial_magmatch,-0.1637222720361779,-0.1427546684339792,0.02096760360219871,0.1280681201245819,0.02096760360219871,0,1,True
upgrade/class_c_protein_oracle.csv,IFNγ | C1QBP,energy_rho_partial_magmatch,0.2728933244967707,0.2379483580887035,-0.034944966408067185,-0.1280535772449088,0.034944966408067185,0,1,True
upgrade/class_c_protein_oracle.csv,Co-culture | TMEM173,energy_rho_partial_magmatch,0.4936701822989814,0.5568195178114624,0.06314933551248103,0.12791806711598375,0.06314933551248103,0,1,True
upgrade/oracle_shape_test.csv,Co-culture | HLA-H,energy_vs_oracleMEAN,0.3687892699758899,0.32185265386707,-0.046936616108819884,-0.1272721847679799,0.046936616108819884,0,1,True
exp11_hir_benchmark/method_dominance.csv,worst | observed | ndcg,best_value,0.3154440583724736,0.3555237050341047,0.04007964666163111,0.12705785890665092,0.04007964666163111,0,1,True
upgrade/oracle_shape_test.csv,Co-culture | CSPG4,energy_vs_oracleDIST,0.684030928915733,0.5972395404098875,-0.08679138850584556,-0.12688225756607205,0.08679138850584556,0,1,True
upgrade/oracle_shape_test.csv,Co-culture | PET100,energy_vs_oracleMEAN,0.22565239776703,0.1970284982240371,-0.02862389954299291,-0.12684952531523747,0.02862389954299291,0,1,True
upgrade/oracle_shape_test.csv,Co-culture | WBP2,energy_vs_oracleDIST,0.6857952177850292,0.5989329744148993,-0.08686224337012982,-0.12665915584928714,0.08686224337012982,0,1,True
upgrade/class_c_protein_oracle.csv,Co-culture | C6orf226,energy_rho,0.4049594913674826,0.3537240511783981,-0.05123544018908449,-0.12651991441432997,0.05123544018908449,0,1,True
exp08_signature_baselines/flip_vs_dart.csv,K562+A549 | pca_mean,mean_delta_rank,0.6166666666666667,0.6944444444444444,0.07777777777777772,0.12612612612612603,0.07777777777777772,0,1,True
upgrade/oracle_shape_test.csv,IFNγ | GPI,energy_vs_oracleDIST,0.209754580004576,0.2361737684040908,0.026419188399514792,0.12595285594688055,0.026419188399514792,0,1,True
upgrade/oracle_shape_test.csv,IFNγ | ISYNA1,energy_vs_oracleMEAN,0.2272218107156316,0.2557888581341858,0.028567047418554176,0.12572317476294506,0.028567047418554176,0,1,True
upgrade/oracle_shape_test.csv,Co-culture | NEAT1,mean_vs_oracleDIST,0.5503145072969978,0.4811408556011604,-0.06917365169583745,-0.1256983975138153,0.06917365169583745,0,1,True
upgrade/class_c_protein_oracle.csv,Co-culture | XAGE1A,energy_rho_partial_magmatch,0.4731543799072085,0.5325716741309422,0.05941729422373371,0.12557697180228192,0.05941729422373371,0,1,True
upgrade/oracle_shape_test.csv,IFNγ | XAGE1A,magmatch_vs_oracleDIST,0.3076126986602212,0.3462056060192585,0.03859290735903731,0.12545940894873706,0.03859290735903731,0,1,True
exp12_partial_observed_retrieval/summary.csv,leave_drug_out | mean_or_no_call | DART_energy,decision_regret,0.2532434463500976,0.2215633392333984,-0.03168010711669919,-0.1250974411116759,0.03168010711669919,0,1,True
exp12_partial_observed_retrieval/summary.csv,leave_drug_out | mean_sufficient | DART_coverage_mean,target_hit@5,0.7272727272727273,0.6363636363636364,-0.09090909090909094,-0.12500000000000003,0.09090909090909094,0,1,True
exp08_signature_baselines/flip_vs_dart.csv,K562 | coverage_mean,top1_flip_rate,0.2666666666666666,0.2333333333333333,-0.0333333333333333,-0.12499999999999989,0.0333333333333333,0,1,True
exp13_real_data_projection/projection.csv,frangieh | IFNγ:LINC00518:s1,mean_vs_DART_disagreement,0.3727972201538844,0.4193880083679041,0.046590788214019685,0.12497622217995026,0.046590788214019685,0,1,True
exp12_partial_observed_retrieval/recommendation_vs_outcome.csv,mean_or_no_call | DART_mmd,mean_minority_cov_gain,0.0021652556692509,0.002435355225062,0.00027009955581110004,0.1247425695019862,0.00027009955581110004,0,1,True
upgrade/class_c_protein_oracle.csv,IFNγ | UBC,energy_rho_partial_magmatch,0.2549623796343223,0.2232172884747833,-0.03174509115953897,-0.12450892247346101,0.03174509115953897,0,1,True
exp12_partial_observed_retrieval/summary.csv,leave_MoA_out | DART_recommended | DART_coverage_mean,target_mrr,0.4192651793742756,0.3670792018939991,-0.05218597748027648,-0.12447009684458045,0.05218597748027648,0,1,True
upgrade/class_c_protein_oracle.csv,Co-culture | BOLA2B,energy_rho_partial_magmatch,0.2442905965184989,0.2746959608355742,0.030405364317075273,0.12446391613265731,0.030405364317075273,0,1,True
upgrade/class_c_protein_oracle.csv,Co-culture | IFNGR1,energy_rho,0.2590172175443006,0.2912237377285397,0.032206520184239085,0.12434123294807879,0.032206520184239085,0,1,True
upgrade/oracle_shape_test.csv,Co-culture | KDR,mean_vs_oracleDIST,0.4768308228154904,0.4179266553114696,-0.05890416750402078,-0.12353263397742587,0.05890416750402078,0,1,True
upgrade/oracle_shape_test.csv,Control | TIMP2,energy_vs_oracleDIST,0.264669839658536,0.2972230233767804,0.032553183718244394,0.12299544126464469,0.032553183718244394,0,1,True
upgrade/oracle_shape_test.csv,Co-culture | VAT1,energy_vs_oracleDIST,0.5251759312294366,0.4608576926362681,-0.06431823859316854,-0.122469890123486,0.06431823859316854,0,1,True
upgrade/class_c_protein_oracle.csv,Co-culture | LGALS3,energy_rho,0.4225262629953975,0.3708128193649159,-0.05171344363048158,-0.12239107520529413,0.05171344363048158,0,1,True
upgrade/oracle_shape_test.csv,Co-culture | STAT3,energy_vs_oracleDIST,0.6403966249466457,0.5620944141581274,-0.07830221078851829,-0.1222714295145481,0.07830221078851829,0,1,True
upgrade/oracle_shape_test.csv,IFNγ | TOP1MT,energy_vs_oracleDIST,0.620341408480888,0.5447191258870211,-0.07562228259386694,-0.12190429586032829,0.07562228259386694,0,1,True
upgrade/class_c_protein_oracle.csv,IFNγ | ARMC6,energy_rho,0.4556729432250854,0.4002148845217151,-0.05545805870337028,-0.12170584084027143,0.05545805870337028,0,1,True
upgrade/class_c_protein_oracle.csv,IFNγ | ISYNA1,energy_rho,0.2272520180505107,0.2548309370215508,0.02757891897104009,0.12135830171114342,0.02757891897104009,0,1,True
upgrade/oracle_shape_test.csv,Co-culture | KCNN4,mean_vs_oracleDIST,0.5922739100545616,0.5204496404492454,-0.0718242696053163,-0.12126867043442734,0.0718242696053163,0,1,True
exp07_ranking_flip/delta_rank_vs_divergence.csv,A549+MCF7 | UNC0631,ours_hit1,0.66,0.58,-0.08000000000000007,-0.12121212121212131,0.08000000000000007,0,1,True
upgrade/class_c_magnitude_control_v2.csv,K562 | Tanespimycin (17-AAG),energy_rho,0.4963235294117648,0.5564839572192514,0.060160427807486594,0.12121212121212112,0.060160427807486594,0,1,True
upgrade/oracle_shape_test.csv,Control | AGA,energy_vs_oracleMEAN,0.3978334821591626,0.3497814212467868,-0.048052060912375794,-0.12078435593601305,0.048052060912375794,0,1,True
upgrade/oracle_shape_test.csv,Co-culture | EIF3K,mean_vs_oracleDIST,0.2050914216911289,0.1803987909668847,-0.024692630724244213,-0.12039816448994013,0.024692630724244213,0,1,True
upgrade/oracle_shape_test.csv,Co-culture | LGALS3BP,magmatch_vs_oracleDIST,0.2890403429956755,0.254279772208802,-0.0347605707868735,-0.12026200365875422,0.0347605707868735,0,1,True
upgrade/class_c_protein_oracle.csv,IFNγ | NCL,energy_rho_partial_magmatch,0.2016591945733109,0.1774127064571881,-0.024246488116122816,-0.12023497449459604,0.024246488116122816,0,1,True
upgrade/oracle_shape_test.csv,Co-culture | TYR,energy_vs_oracleDIST,0.6239904695109484,0.5489998372589072,-0.07499063225204117,-0.1201791307979671,0.07499063225204117,0,1,True
upgrade/oracle_shape_test.csv,IFNγ | FOS,energy_vs_oracleMEAN,0.109476173768404,0.1226093849492547,0.013133211180850701,0.11996410477985747,0.013133211180850701,0,1,True
upgrade/oracle_shape_test.csv,IFNγ | UCN2,energy_vs_oracleDIST,0.5033831039725547,0.4430751237768508,-0.06030798019570388,-0.11980533259811592,0.06030798019570388,0,1,True
upgrade/oracle_shape_test.csv,IFNγ | STAT1,energy_vs_oracleMEAN,0.3877719583496727,0.4337811391368757,0.04600918078720301,0.11865009781267966,0.04600918078720301,0,1,True
exp12_partial_observed_retrieval/recommendation_vs_outcome.csv,mean_or_no_call | DART_sliced_wasserstein,mean_ndcg_gain,-0.0273493415586408,-0.0241103728431694,0.003238968715471399,0.11842949522300561,0.003238968715471399,0,1,True
upgrade/class_c_protein_oracle.csv,Co-culture | MFGE8,energy_rho_partial_magmatch,0.1020351902999359,0.1141104635572886,0.012075273257352706,0.11834420283685493,0.012075273257352706,0,1,True
exp11_hir_benchmark/uncertainty_band.csv,mean | DART_coverage_mean | predicted_mean,hit_at_1_mean,0.0397321428571428,0.0350446428571428,-0.004687499999999997,-0.11797752808988775,0.004687499999999997,0,1,True
upgrade/class_c_protein_oracle.csv,Co-culture | DDX17,energy_rho_partial_magmatch,0.3198430040731605,0.2821195029273126,-0.03772350114584794,-0.11794380575921275,0.03772350114584794,0,1,True
upgrade/oracle_shape_test.csv,Co-culture | CTPS1,energy_vs_oracleMEAN,0.4600621196071742,0.5141581855005215,0.05409606589334731,0.11758426435877278,0.05409606589334731,0,1,True
upgrade/oracle_shape_test.csv,Control | RBP7,energy_vs_oracleDIST,0.3357183249726382,0.2962822090371074,-0.03943611593553081,-0.1174678681562734,0.03943611593553081,0,1,True
upgrade/class_c_protein_oracle.csv,Co-culture | TAPBP,energy_rho_partial_magmatch,-0.2956843494613038,-0.2609538944638492,0.034730454997454585,0.11745787377901028,0.034730454997454585,0,1,True
exp01_sciplex3_controlled/metrics_summary.csv,<column mean>,coverage_worst_hit@1,0.6533333333333332,0.73,0.07666666666666677,0.11734693877551039,0.6,1,15,False
upgrade/class_c_protein_oracle.csv,Co-culture | SLC19A1,energy_rho_partial_magmatch,0.258775132929357,0.2284253669927472,-0.03034976593660979,-0.11728238951342736,0.03034976593660979,0,1,True
exp13_real_data_projection/projection.csv,frangieh | Co-culture:LINC00518:s0,mean_vs_DART_disagreement,0.3189522205193708,0.2815657908733114,-0.03738642964605937,-0.11721639556288588,0.03738642964605937,0,1,True
upgrade/class_c_protein_oracle.csv,Co-culture | EIF3K,energy_rho_partial_magmatch,0.236188290865244,0.2085165135877229,-0.027671777277521098,-0.11715981844887088,0.027671777277521098,0,1,True
upgrade/oracle_shape_test.csv,Co-culture | FKBP4,energy_vs_oracleMEAN,0.4238027091469181,0.3742900347431963,-0.04951267440372181,-0.11682953727074322,0.04951267440372181,0,1,True
upgrade/oracle_shape_test.csv,Co-culture | SPINT1,mean_vs_oracleDIST,0.3854236104314144,0.3404062967482476,-0.04501731368316675,-0.11679957445465713,0.04501731368316675,0,1,True
upgrade/oracle_shape_test.csv,IFNγ | FSTL3,energy_vs_oracleMEAN,0.0991758605902304,0.0876083259175594,-0.011567534672670993,-0.11663659487125727,0.011567534672670993,0,1,True
upgrade/oracle_shape_test.csv,IFNγ | NONO,energy_vs_oracleMEAN,0.2092156039222165,0.2335581458812521,0.024342541959035596,0.11635146472194216,0.024342541959035596,0,1,True
upgrade/class_c_protein_oracle.csv,IFNγ | EEF1G,energy_rho_partial_magmatch,0.1845006692396657,0.2058861902719842,0.0213855210323185,0.1159102626589326,0.0213855210323185,0,1,True
upgrade/class_c_protein_oracle.csv,IFNγ | NONO,energy_rho,0.2265772614452978,0.2528260106818447,0.02624874923654688,0.11584900033264846,0.02624874923654688,0,1,True
upgrade/class_c_protein_oracle.csv,Co-culture | CDC123,energy_rho,0.3654267262573197,0.3231719571035328,-0.0422547691537869,-0.11563130476678021,0.0422547691537869,0,1,True
upgrade/class_c_protein_oracle.csv,Co-culture | NT5E,energy_rho_partial_magmatch,0.274875497272494,0.3066256474170787,0.03175015014458471,0.11550738592428862,0.03175015014458471,0,1,True
upgrade/oracle_shape_test.csv,Co-culture | TM4SF1,magmatch_vs_oracleDIST,0.3886286254053324,0.3437398829769921,-0.04488874242834029,-0.11550549674904202,0.04488874242834029,0,1,True
upgrade/oracle_shape_test.csv,Co-culture | IFNGR1,energy_vs_oracleMEAN,0.2671797547763931,0.2980333810359715,0.03085362625957838,0.11547890776904209,0.03085362625957838,0,1,True
upgrade/class_c_protein_oracle.csv,Co-culture | HLA-E,energy_rho,0.1552358906078698,0.1731420440165428,0.017906153408672992,0.11534802511556067,0.017906153408672992,0,1,True
upgrade/class_c_magnitude_control_v2.csv,MCF7 | Entinostat (MS-275),energydist_vs_candmag_rho,0.0927425515660809,0.1034377387318563,0.010695187165775402,0.11532125205930818,0.010695187165775402,0,1,True
exp12_partial_observed_retrieval/recommendation_vs_outcome.csv,mean_or_no_call | DART_energy,mean_ndcg_gain,-0.0140290758970101,-0.0156433769065721,-0.001614301009561999,-0.11506823552833166,0.001614301009561999,0,1,True
upgrade/class_c_magnitude_control_v2.csv,K562 | Trametinib (GSK1120212),energy_rho,0.5250668449197862,0.5852272727272728,0.06016042780748665,0.11457670273711014,0.06016042780748665,0,1,True
upgrade/oracle_shape_test.csv,IFNγ | UQCRFS1,energy_vs_oracleMEAN,0.3202157160864423,0.2835285348348257,-0.036687181251616574,-0.1145702081708971,0.036687181251616574,0,1,True
upgrade/oracle_shape_test.csv,Co-culture | SLC26A2,energy_vs_oracleDIST,0.6693670498998786,0.592767345681193,-0.07659970421868556,-0.11443602464468942,0.07659970421868556,0,1,True
upgrade/class_c_protein_oracle.csv,Co-culture | PET100,energy_rho,0.2314577953273036,0.2050242403147331,-0.026433555012570498,-0.11420464355149891,0.026433555012570498,0,1,True
exp13_real_data_projection/projection.csv,frangieh | IFNγ:JMJD7:s1,preference_conflict,0.6333333333333333,0.7056497175141243,0.072316384180791,0.1141837644959858,0.072316384180791,0,1,True
exp02_divergence_gate/divergence_sweep.csv,<column mean>,hit@1,0.34791666666666665,0.3875,0.03958333333333336,0.11377245508982044,1.0,25,480,False
exp08_signature_baselines/runtime.csv,coverage_worst,total_seconds,44.46711689605581,39.43303561521316,-5.034081280842656,-0.11320907745402252,5.034081280842656,0,1,True
exp08_signature_baselines/runtime.csv,coverage_mean,total_seconds,44.46711689605581,39.43303561521316,-5.034081280842656,-0.11320907745402252,5.034081280842656,0,1,True
exp08_signature_baselines/runtime.csv,mean_cosine,total_seconds,44.46711689605581,39.43303561521316,-5.034081280842656,-0.11320907745402252,5.034081280842656,0,1,True
exp08_signature_baselines/runtime.csv,global_energy,total_seconds,44.46711689605581,39.43303561521316,-5.034081280842656,-0.11320907745402252,5.034081280842656,0,1,True
exp08_signature_baselines/runtime.csv,mean_cosine,per_query_ms,35.29136261591731,31.296060012073934,-3.995302603843374,-0.11320907745402244,3.995302603843374,0,1,True
exp08_signature_baselines/runtime.csv,coverage_mean,per_query_ms,35.29136261591731,31.296060012073934,-3.995302603843374,-0.11320907745402244,3.995302603843374,0,1,True
exp08_signature_baselines/runtime.csv,global_energy,per_query_ms,35.29136261591731,31.296060012073934,-3.995302603843374,-0.11320907745402244,3.995302603843374,0,1,True
exp08_signature_baselines/runtime.csv,coverage_worst,per_query_ms,35.29136261591731,31.296060012073934,-3.995302603843374,-0.11320907745402244,3.995302603843374,0,1,True
upgrade/class_c_protein_oracle.csv,Co-culture | SPESP1,energy_rho,0.4047405727443997,0.4505212058593743,0.0457806331149746,0.11311105482841184,0.0457806331149746,0,1,True
upgrade/class_c_protein_oracle.csv,Co-culture | PET100,energy_rho_partial_magmatch,0.1995269504462059,0.177017714454826,-0.022509235991379883,-0.11281301067871811,0.022509235991379883,0,1,True
upgrade/oracle_shape_test.csv,Co-culture | C1QBP,mean_vs_oracleDIST,0.3189395303905959,0.2830206600106911,-0.03591887037990482,-0.11261968792615965,0.03591887037990482,0,1,True
exp11_hir_benchmark/method_dominance.csv,worst | observed | mrr,best_value,0.2549470026399408,0.2836127387610492,0.0286657361211084,0.11243801976206302,0.0286657361211084,0,1,True
upgrade/oracle_shape_test.csv,IFNγ | CD44,energy_vs_oracleDIST,0.4649482151443088,0.4127199719309188,-0.05222824321338998,-0.11233131241761964,0.05222824321338998,0,1,True
upgrade/class_c_protein_oracle.csv,Co-culture | RBP7,energy_rho,0.3078587464820388,0.3423164319034167,0.03445768542137789,0.11192693342363177,0.03445768542137789,0,1,True
upgrade/oracle_shape_test.csv,IFNγ | IRF3,energy_vs_oracleMEAN,0.2014679089834054,0.2239730744740296,0.022505165490624174,0.111705956567395,0.022505165490624174,0,1,True
upgrade/oracle_shape_test.csv,IFNγ | RNF213,energy_vs_oracleMEAN,0.2609556482528296,0.2900061829964317,0.02905053474360214,0.11132364805323636,0.02905053474360214,0,1,True
exp12_partial_observed_retrieval/summary.csv,leave_drug_out | mean_or_no_call | DART_sliced_wasserstein,moa_ndcg,0.1269404063886973,0.1410508158622921,0.014110409473594793,0.11115774618200037,0.014110409473594793,0,1,True
exp08_signature_baselines/summary.csv,MCF7 | coverage_mean,median_rank_proxy,1.2,1.3333333333333333,0.1333333333333333,0.11111111111111109,0.1333333333333333,0,1,True
exp08_signature_baselines/flip_vs_dart.csv,MCF7 | coverage_worst,top1_flip_rate,0.3,0.3333333333333333,0.033333333333333326,0.11111111111111109,0.033333333333333326,0,1,True
exp12_partial_observed_retrieval/recommendation_vs_outcome.csv,DART_recommended | DART_energy,mean_regret_reduction,0.175870505316054,0.1953892791480349,0.01951877383198089,0.1109837820554619,0.01951877383198089,0,1,True
exp11_hir_benchmark/uncertainty_band.csv,mean | DART_coverage_worst | predicted_mean,hit_at_1_std,0.182759891261606,0.2030380259244583,0.020278134662852304,0.11095505979386798,0.020278134662852304,0,1,True
upgrade/oracle_shape_test.csv,IFNγ | TIMP3,mean_vs_oracleDIST,0.4362019508536398,0.3878382909048379,-0.048363659948801874,-0.11087446962159389,0.048363659948801874,0,1,True
upgrade/class_c_magnitude_control_v2.csv,K562 | ABT-737,energy_rho,-0.7042112299465241,-0.6263368983957219,0.07787433155080214,0.11058376839107736,0.07787433155080214,0,1,True
upgrade/oracle_shape_test.csv,IFNγ | IDH2,energy_vs_oracleMEAN,0.4136015489974399,0.3679830545917638,-0.04561849440567611,-0.11029575328297062,0.04561849440567611,0,1,True
upgrade/oracle_shape_test.csv,Co-culture | LEF1-AS1,mean_vs_oracleDIST,0.2133385147935128,0.189840090949684,-0.023498423843828803,-0.11014618652695028,0.023498423843828803,0,1,True
upgrade/oracle_shape_test.csv,IFNγ | TAPBP,magmatch_vs_oracleDIST,0.3202198744688316,0.285024365521812,-0.035195508947019616,-0.1099104451446075,0.035195508947019616,0,1,True
upgrade/class_c_protein_oracle.csv,IFNγ | ATP1B1,energy_rho,0.4147263914337323,0.369144282873962,-0.045582108559770296,-0.10990886883805585,0.045582108559770296,0,1,True
upgrade/class_c_protein_oracle.csv,Co-culture | CHCHD2,energy_rho,0.3757228513397762,0.3344619032368103,-0.04126094810296588,-0.10981751031600819,0.04126094810296588,0,1,True
upgrade/oracle_shape_test.csv,Control | CDC123,magmatch_vs_oracleDIST,-0.3515761473967654,-0.3129863865298561,0.038589760866909295,0.10976217002389375,0.038589760866909295,0,1,True
upgrade/oracle_shape_test.csv,IFNγ | SDCBP,energy_vs_oracleMEAN,0.227249879796759,0.2521903635180945,0.024940483721335477,0.10974916133571118,0.024940483721335477,0,1,True
upgrade/oracle_shape_test.csv,Co-culture | PFDN4,mean_vs_oracleDIST,0.2909943944091195,0.2590647078276148,-0.03192968658150469,-0.10972612254727351,0.03192968658150469,0,1,True
upgrade/oracle_shape_test.csv,IFNγ | GPATCH4,magmatch_vs_oracleDIST,0.2917141631905189,0.2597621925071147,-0.03195197068340422,-0.10953177704483394,0.03195197068340422,0,1,True
upgrade/oracle_shape_test.csv,Control | STAT3,mean_vs_oracleDIST,0.2693147168803755,0.2398635756234626,-0.029451141256912894,-0.10935585547667837,0.029451141256912894,0,1,True
upgrade/oracle_shape_test.csv,Co-culture | LGALS3,energy_vs_oracleMEAN,0.3976193468464424,0.3541935368041008,-0.043425810042341584,-0.10921452989336634,0.043425810042341584,0,1,True
upgrade/oracle_shape_test.csv,Co-culture | RBP7,energy_vs_oracleMEAN,0.3203133664626552,0.3552360064378291,0.03492263997517392,0.10902648353653857,0.03492263997517392,0,1,True
upgrade/oracle_shape_test.csv,IFNγ | PET100,magmatch_vs_oracleDIST,0.368006965290502,0.3279503073304484,-0.04005665796005359,-0.10884755381853481,0.04005665796005359,0,1,True
upgrade/oracle_shape_test.csv,Co-culture | CCND1,energy_vs_oracleDIST,0.4916964397924558,0.4382316471773107,-0.053464792615145085,-0.10873536655606553,0.053464792615145085,0,1,True
upgrade/oracle_shape_test.csv,IFNγ | NDUFA13,energy_vs_oracleMEAN,0.0632266448351591,0.0563538929876418,-0.006872751847517296,-0.10870024600286071,0.006872751847517296,0,1,True
upgrade/class_c_protein_oracle.csv,Co-culture | CMSS1,energy_rho,0.4268711683800514,0.3805170533553333,-0.04635411502471809,-0.10859040960913095,0.04635411502471809,0,1,True
upgrade/class_c_protein_oracle.csv,IFNγ | CTSL,energy_rho,0.2110519407950307,0.1881777188673606,-0.022874221927670108,-0.10838195489462511,0.022874221927670108,0,1,True
upgrade/class_c_protein_oracle.csv,Co-culture | SDCBP,energy_rho_partial_magmatch,0.1951543694825122,0.1740652087921889,-0.021089160690323294,-0.108063994397077,0.021089160690323294,0,1,True
upgrade/oracle_shape_test.csv,Control | PFDN4,magmatch_vs_oracleDIST,0.3981118221445277,0.3551008494725096,-0.043010972672018144,-0.10803741632270278,0.043010972672018144,0,1,True
upgrade/oracle_shape_test.csv,Control | A2M,mean_vs_oracleDIST,0.5109251592898174,0.455964977021208,-0.05496018226860944,-0.10756992735492557,0.05496018226860944,0,1,True
upgrade/oracle_shape_test.csv,Co-culture | RB1,mean_vs_oracleDIST,0.527104500051834,0.4706767770777143,-0.05642772297411963,-0.10705225049031206,0.05642772297411963,0,1,True
upgrade/class_c_protein_oracle.csv,IFNγ | GPI,energy_rho_partial_magmatch,0.2428251010356971,0.2687650903798422,0.025939989344145098,0.10682581509698096,0.025939989344145098,0,1,True
exp13_real_data_projection/projection.csv,frangieh | Co-culture:SDCBP:s1,preference_conflict,0.5401129943502825,0.5977401129943503,0.057627118644067776,0.10669456066945603,0.057627118644067776,0,1,True
upgrade/class_c_protein_oracle.csv,Co-culture | CGAS,energy_rho_partial_magmatch,0.3778610723885122,0.3376182696278209,-0.04024280276069131,-0.10650158405127837,0.04024280276069131,0,1,True
upgrade/oracle_shape_test.csv,Co-culture | B2M,magmatch_vs_oracleDIST,-0.2721581264272422,-0.2432036027761076,0.028954523651134573,0.10638860588597995,0.028954523651134573,0,1,True
exp13_real_data_projection/projection.csv,frangieh | IFNγ:LINC00518:s0,mean_vs_DART_disagreement,0.1973194341027551,0.218310108853668,0.020990674750912902,0.10637915543575856,0.020990674750912902,0,1,True
upgrade/oracle_shape_test.csv,IFNγ | TTLL1,magmatch_vs_oracleDIST,0.4069470975790417,0.3636770496276948,-0.04327004795134687,-0.10632843484758481,0.04327004795134687,0,1,True
exp13_real_data_projection/projection.csv,frangieh | Co-culture:FBL:s2,mean_vs_DART_disagreement,0.2708931673935397,0.2421373612736234,-0.028755806119916294,-0.10615183246073288,0.028755806119916294,0,1,True
exp08_signature_baselines/summary_by_task.csv,controlled | coverage_worst,rank,1.4666666666666666,1.3111111111111111,-0.15555555555555545,-0.106060606060606,0.15555555555555545,0,1,True
upgrade/class_c_protein_oracle.csv,IFNγ | LEF1-AS1,energy_rho,-0.0155549491247904,-0.017202708146531,-0.0016477590217405993,-0.10593149540518362,0.0016477590217405993,0,1,True
upgrade/class_c_protein_oracle.csv,Co-culture | A2M,energy_rho_partial_magmatch,0.3325900910944714,0.2973627255716063,-0.035227365522865095,-0.10591826535463093,0.035227365522865095,0,1,True
upgrade/class_c_protein_oracle.csv,IFNγ | JAK2,energy_rho_partial_magmatch,0.3627642846932543,0.4010505113510844,0.0382862266578301,0.10554023169674522,0.0382862266578301,0,1,True
upgrade/class_c_protein_oracle.csv,IFNγ | CKS1B,energy_rho,0.4398342988146936,0.3934594865592082,-0.0463748122554854,-0.105437007483183,0.0463748122554854,0,1,True
upgrade/class_c_protein_oracle.csv,Control | A2M,energy_rho,0.3290091978140865,0.2943534434036225,-0.03465575441046398,-0.10533369474383794,0.03465575441046398,0,1,True
exp08_signature_baselines/divergence_stratified.csv,high(<0.3) | frangieh | coverage_worst | hit@1,hit@1_mean,0.475,0.425,-0.04999999999999999,-0.10526315789473682,0.04999999999999999,0,1,True
upgrade/oracle_shape_test.csv,Co-culture | SDCBP,energy_vs_oracleMEAN,0.2043837006397867,0.1829233578999172,-0.021460342739869492,-0.10500026505387523,0.021460342739869492,0,1,True
exp12_partial_observed_retrieval/summary.csv,leave_drug_out | mean_or_no_call | DART_mmd,decision_regret,0.2508912217726401,0.2245934495648134,-0.026297772207826725,-0.10481742654056667,0.026297772207826725,0,1,True
upgrade/oracle_shape_test.csv,Control | CD47,energy_vs_oracleMEAN,0.1333890852942028,0.1194166699202637,-0.01397241537393909,-0.10474931545651991,0.01397241537393909,0,1,True
upgrade/oracle_shape_test.csv,Co-culture | HSPA1A,magmatch_vs_oracleDIST,0.1054417494030413,0.0944263476168163,-0.011015401786224996,-0.10446907272108741,0.011015401786224996,0,1,True
exp13_real_data_projection/projection.csv,frangieh | Co-culture:PFDN4:s0,mean_vs_DART_disagreement,0.3000035457220863,0.2686948197000319,-0.03130872602205442,-0.10436118662096688,0.03130872602205442,0,1,True
exp08_signature_baselines/summary.csv,K562+A549 | coverage_worst,hit@5,0.8,0.8833333333333333,0.08333333333333326,0.10416666666666657,0.08333333333333326,0,1,True
exp08_signature_baselines/flip_vs_dart.csv,K562+A549 | pca_dist,mean_delta_rank,0.7472222222222222,0.825,0.07777777777777772,0.10408921933085495,0.07777777777777772,0,1,True
upgrade/class_c_protein_oracle.csv,IFNγ | SDCBP,energy_rho,0.2187642375902865,0.2414892206931503,0.022724983102863805,0.10387887596794676,0.022724983102863805,0,1,True
upgrade/class_c_protein_oracle.csv,IFNγ | STAT3,energy_rho_partial_magmatch,0.30090522786636,0.2698161215287253,-0.031089106337634675,-0.10331859821140155,0.031089106337634675,0,1,True
exp13_real_data_projection/projection.csv,frangieh | IFNγ:SNHG6:s2,mean_vs_DART_disagreement,0.3113498563982555,0.3435095557210226,0.03215969932276708,0.10329119690240289,0.03215969932276708,0,1,True
exp13_real_data_projection/projection.csv,frangieh | Co-culture:CD274:s2,preference_conflict,0.6412429378531074,0.7073446327683616,0.0661016949152542,0.10308370044052856,0.0661016949152542,0,1,True
upgrade/oracle_shape_test.csv,Co-culture | SPESP1,energy_vs_oracleMEAN,0.4223328269633612,0.4658560690717608,0.043523242108399585,0.10305436691089934,0.043523242108399585,0,1,True
upgrade/oracle_shape_test.csv,IFNγ | CCT3,mean_vs_oracleDIST,0.32683170246774,0.2931623198575754,-0.03366938261016461,-0.10301749296639286,0.03366938261016461,0,1,True
upgrade/oracle_shape_test.csv,Co-culture | EVA1A,energy_vs_oracleMEAN,0.3274935728851331,0.2937893713271043,-0.03370420155802878,-0.10291561223966486,0.03370420155802878,0,1,True
upgrade/oracle_shape_test.csv,IFNγ | HNRNPA1,magmatch_vs_oracleDIST,0.2894873494210752,0.259763232102712,-0.029724117318363164,-0.10267846722078279,0.029724117318363164,0,1,True
upgrade/oracle_shape_test.csv,Co-culture | GAS5,mean_vs_oracleDIST,0.2642006082231163,0.2370998726449597,-0.027100735578156593,-0.10257635574884875,0.027100735578156593,0,1,True
upgrade/oracle_shape_test.csv,Co-culture | SCARB2,energy_vs_oracleMEAN,0.290352201363505,0.2606457867721027,-0.029706414591402275,-0.10231165616068975,0.029706414591402275,0,1,True
exp13_real_data_projection/projection.csv,frangieh | IFNγ:SP100:s0,mean_vs_DART_disagreement,0.3255265582904304,0.358756160692125,0.03322960240169459,0.10207954329811575,0.03322960240169459,0,1,True
exp13_real_data_projection/projection.csv,frangieh | IFNγ:TTLL1:s1,mean_vs_DART_disagreement,0.256426621281424,0.2825940502783392,0.02616742899691521,0.10204646017699108,0.02616742899691521,0,1,True
exp08_signature_baselines/summary.csv,Control+IFNγ | coverage_worst,ndcg@10,0.6445503359819823,0.7103157105754602,0.06576537459347787,0.10203295370761588,0.06576537459347787,0,1,True
exp08_signature_baselines/summary_by_task.csv,frangieh | coverage_worst,ndcg@10,0.6445503359819823,0.7103157105754602,0.06576537459347787,0.10203295370761588,0.06576537459347787,0,1,True
upgrade/oracle_shape_test.csv,Co-culture | TYR,mean_vs_oracleDIST,0.6432205593544564,0.5776943930770748,-0.06552616627738161,-0.1018720022617816,0.06552616627738161,0,1,True
upgrade/class_c_protein_oracle.csv,IFNγ | C6orf226,energy_rho,0.35711408262186,0.3207760581133939,-0.03633802450846613,-0.10175466686073995,0.03633802450846613,0,1,True
upgrade/class_c_protein_oracle.csv,Co-culture | NUP50-AS1,energy_rho_partial_magmatch,0.4688130730325268,0.5164863676825147,0.047673294649987874,0.10168934569510234,0.047673294649987874,0,1,True
upgrade/oracle_shape_test.csv,IFNγ | GPNMB,energy_vs_oracleMEAN,0.2169626179519047,0.1949641989266175,-0.02199841902528718,-0.10139266954348648,0.02199841902528718,0,1,True
upgrade/class_c_protein_oracle.csv,IFNγ | IFNGR2,energy_rho_partial_magmatch,0.3510625966499032,0.3865304796434187,0.0354678829935155,0.10103008219040152,0.0354678829935155,0,1,True
upgrade/class_c_magnitude_control_v2.csv,A549 | Trametinib (GSK1120212),energy_rho,-0.1226604278074866,-0.1102941176470588,0.012366310160427788,0.10081743869209796,0.012366310160427788,0,1,True
upgrade/class_c_protein_oracle.csv,IFNγ | CD59,energy_rho_partial_magmatch,0.2334427507699505,0.2569604823723571,0.023517731602406583,0.10074303667532802,0.023517731602406583,0,1,True
upgrade/oracle_shape_test.csv,IFNγ | SMAD3,magmatch_vs_oracleDIST,0.3118791989915923,0.3431959767650384,0.0313167777734461,0.10041316597805662,0.0313167777734461,0,1,True
exp01_sciplex3_controlled/per_query_scores.csv,<column mean>,global_energy,-1.0505137544084888,-0.9451648360259773,0.10534891838251148,0.1002832356458104,0.135101318359375,225,12900,False
upgrade/oracle_shape_test.csv,Co-culture | RNASEH2A,energy_vs_oracleDIST,0.5805194857844785,0.5223392555261026,-0.05818023025837593,-0.10022097738847599,0.05818023025837593,0,1,True
upgrade/class_c_protein_oracle.csv,Co-culture | CCR10,energy_rho,0.3289565052711318,0.296059638529446,-0.03289686674168579,-0.10000369718960751,0.03289686674168579,0,1,True
exp05_frangieh_natural/frangieh_retrieval_by_gene.csv,CCND1,advantage,-0.5,-0.4499999999999999,0.0500000000000001,0.1000000000000002,0.0500000000000001,0,1,True
exp05_frangieh_natural/frangieh_bootstrap_ci.csv,CCND1,advantage,-0.5,-0.4499999999999999,0.0500000000000001,0.1000000000000002,0.0500000000000001,0,1,True
exp07_ranking_flip/delta_rank_vs_divergence.csv,K562+MCF7 | Rigosertib (ON-01910),delta_rank,0.2,0.18,-0.020000000000000018,-0.10000000000000009,0.020000000000000018,0,1,True
exp13_real_data_projection/projection.csv,frangieh | IFNγ:LINC00518:s1,preference_conflict,0.6694915254237288,0.7361581920903955,0.06666666666666665,0.09957805907172994,0.06666666666666665,0,1,True
upgrade/oracle_shape_test.csv,Co-culture | TPRKB,energy_vs_oracleDIST,0.3243696388827273,0.3566027999576062,0.03223316107487889,0.09937169577863136,0.03223316107487889,0,1,True
upgrade/class_c_protein_oracle.csv,Co-culture | FBL,energy_rho_partial_magmatch,0.2713832239995042,0.2445106734411748,-0.026872550558329406,-0.0990206769685163,0.026872550558329406,0,1,True
upgrade/oracle_shape_test.csv,Co-culture | CD274,mean_vs_oracleDIST,0.3085345251463945,0.2779936397769347,-0.030540885369459814,-0.0989869297608385,0.030540885369459814,0,1,True
upgrade/oracle_shape_test.csv,Co-culture | ATP5MD,mean_vs_oracleDIST,0.58252218578083,0.5251701397314713,-0.05735204604935873,-0.09845469829184676,0.05735204604935873,0,1,True
upgrade/oracle_shape_test.csv,Control | GPNMB,magmatch_vs_oracleDIST,0.1298865355236129,0.1171131231635543,-0.012773412360058606,-0.09834285215603773,0.012773412360058606,0,1,True
upgrade/oracle_shape_test.csv,Co-culture | SET,magmatch_vs_oracleDIST,0.1840416431869686,0.2021111168382591,0.018069473651290496,0.09818144056089333,0.018069473651290496,0,1,True
upgrade/oracle_shape_test.csv,Co-culture | CD274,energy_vs_oracleDIST,0.1554385930366503,0.1706945569764673,0.015255963939816986,0.09814785145552518,0.015255963939816986,0,1,True
upgrade/oracle_shape_test.csv,IFNγ | PYGB,magmatch_vs_oracleDIST,0.4228820188946499,0.3814582927241303,-0.04142372617051959,-0.09795575200571308,0.04142372617051959,0,1,True
upgrade/class_c_protein_oracle.csv,Co-culture | FKBP4,energy_rho_partial_magmatch,0.4710775487369033,0.4249529006427983,-0.04612464809410499,-0.09791306806656074,0.04612464809410499,0,1,True
upgrade/oracle_shape_test.csv,Co-culture | SP100,energy_vs_oracleDIST,0.7077899701679939,0.6385375540998304,-0.06925241606816357,-0.0978431723915592,0.06925241606816357,0,1,True
upgrade/oracle_shape_test.csv,Co-culture | TAPBPL,mean_vs_oracleDIST,0.5128354073652795,0.4626729268898671,-0.05016248047541244,-0.09781399598191742,0.05016248047541244,0,1,True
upgrade/oracle_shape_test.csv,Co-culture | NONO,mean_vs_oracleDIST,0.4420077038505932,0.3987928198145902,-0.04321488403600299,-0.0977695267741542,0.04321488403600299,0,1,True
upgrade/oracle_shape_test.csv,Co-culture | WNT7A,energy_vs_oracleDIST,0.537561205292179,0.4850547499260135,-0.052506455366165494,-0.0976753062707098,0.052506455366165494,0,1,True
exp13_real_data_projection/projection.csv,frangieh | IFNγ:CD274:s2,mean_vs_DART_disagreement,0.2369251498067581,0.2600432578094529,0.023118108002694815,0.09757557617479826,0.023118108002694815,0,1,True
upgrade/class_c_protein_oracle.csv,Control | HLA-C,energy_rho,0.3122823500962854,0.3427083110304499,0.030425960934164498,0.09743093365597934,0.030425960934164498,0,1,True
upgrade/oracle_shape_test.csv,IFNγ | LRRC75A-AS1,mean_vs_oracleDIST,0.4101708835263082,0.3702119475524021,-0.039958935973906096,-0.09742021576561552,0.039958935973906096,0,1,True
upgrade/oracle_shape_test.csv,Co-culture | ITGA3,energy_vs_oracleDIST,0.4250687306021015,0.3837058521349488,-0.0413628784671527,-0.09730868325355994,0.0413628784671527,0,1,True
exp01_sciplex3_controlled/metrics_summary.csv,<column mean>,coverage_mean_hit@1,0.8566666666666666,0.7733333333333332,-0.08333333333333337,-0.09727626459143975,0.25,0,15,False
upgrade/class_c_protein_oracle.csv,IFNγ | MYC,energy_rho_partial_magmatch,0.4180052759476563,0.3774880771379933,-0.04051719880966298,-0.09692987419311101,0.04051719880966298,0,1,True
exp12_partial_observed_retrieval/summary.csv,leave_drug_out | mean_or_no_call | mean_l2,moa_mrr,0.2769089323115094,0.3037164060805014,0.026807473768991952,0.09680971121160806,0.026807473768991952,0,1,True
upgrade/class_c_protein_oracle.csv,Co-culture | SCARB2,energy_rho,0.2951109911627532,0.2665450065994119,-0.028565984563341307,-0.09679742679454191,0.028565984563341307,0,1,True
upgrade/oracle_shape_test.csv,Co-culture | TOP1MT,mean_vs_oracleDIST,0.5549940376528448,0.6085294865431649,0.053535448890320025,0.09646130455154019,0.053535448890320025,0,1,True
exp11_hir_benchmark/method_dominance.csv,worst | predicted_structure | ndcg,best_value,0.3350851768673338,0.3673612251138348,0.03227604824650099,0.09632192193115022,0.03227604824650099,0,1,True
upgrade/class_c_protein_oracle.csv,Co-culture | STAT3,energy_rho,0.4289306256528286,0.3877043023300933,-0.04122632332273529,-0.09611419856063949,0.04122632332273529,0,1,True
upgrade/class_c_protein_oracle.csv,Co-culture | JPT1,energy_rho,-0.098652955488284,-0.108118579762537,-0.009465624274253001,-0.09594871463711127,0.009465624274253001,0,1,True
upgrade/oracle_shape_test.csv,IFNγ | SPINT1,magmatch_vs_oracleDIST,0.2627146440034826,0.287904045326368,0.025189401322885385,0.09588122283183982,0.025189401322885385,0,1,True
upgrade/class_c_protein_oracle.csv,Co-culture | STAT3,energy_rho_partial_magmatch,0.4318135091323235,0.3904587387623221,-0.041354770370001404,-0.09576997823226689,0.041354770370001404,0,1,True
upgrade/oracle_shape_test.csv,Co-culture | STAT3,energy_vs_oracleMEAN,0.4289768334289895,0.3880205181189909,-0.0409563153099986,-0.09547442220275117,0.0409563153099986,0,1,True
upgrade/oracle_shape_test.csv,Control | HLA-C,energy_vs_oracleMEAN,0.3207055981601853,0.3513224774407749,0.030616879280589593,0.09546724302984304,0.030616879280589593,0,1,True
upgrade/oracle_shape_test.csv,Co-culture | CTSO,energy_vs_oracleDIST,0.6793336416341929,0.6145510849361325,-0.06478255669806032,-0.09536191457001977,0.06478255669806032,0,1,True
exp08_signature_baselines/divergence_stratified.csv,mid(0.3-0.6) | controlled | coverage_worst | hit@1,hit@1_mean,0.7,0.7666666666666667,0.06666666666666676,0.09523809523809539,0.06666666666666676,0,1,True
upgrade/oracle_shape_test.csv,Co-culture | FMN1,mean_vs_oracleDIST,0.3918683893670414,0.3545978860447304,-0.037270503322310966,-0.09510974687831161,0.037270503322310966,0,1,True
upgrade/class_c_protein_oracle.csv,IFNγ | AHNAK,energy_rho,0.4205200576975556,0.3806402299170348,-0.03987982778052085,-0.09483454368115544,0.03987982778052085,0,1,True
upgrade/oracle_shape_test.csv,Co-culture | RB1,magmatch_vs_oracleDIST,0.3458109226493323,0.3131109668384617,-0.032699955810870596,-0.09456021678074585,0.032699955810870596,0,1,True
upgrade/oracle_shape_test.csv,Control | ATP5MD,energy_vs_oracleDIST,0.4717636049688095,0.4271800884894451,-0.04458351647936437,-0.09450393377062649,0.04458351647936437,0,1,True
upgrade/oracle_shape_test.csv,Control | SLC19A1,energy_vs_oracleDIST,0.366936484326688,0.3323165317578366,-0.03461995256885142,-0.09434862448300141,0.03461995256885142,0,1,True
upgrade/oracle_shape_test.csv,Co-culture | HSPA1A,mean_vs_oracleDIST,0.2914970964324951,0.2640043528911422,-0.027492743541352893,-0.09431566858752455,0.027492743541352893,0,1,True
exp08_signature_baselines/summary.csv,K562+A549 | coverage_mean,median_rank_proxy,2.4833333333333334,2.716666666666667,0.2333333333333334,0.09395973154362418,0.2333333333333334,0,1,True
upgrade/class_c_protein_oracle.csv,IFNγ | HLA-H,energy_rho_partial_magmatch,0.242981040375294,0.2202388470884825,-0.022742193286811513,-0.09359657548459452,0.022742193286811513,0,1,True
upgrade/oracle_shape_test.csv,Control | SHMT2,energy_vs_oracleDIST,0.4224194742332554,0.4619273916544177,0.03950791742116233,0.09352768949129105,0.03950791742116233,0,1,True
upgrade/oracle_shape_test.csv,Co-culture | LCP1,energy_vs_oracleDIST,0.6338894813915039,0.5747466870450475,-0.05914279434645642,-0.09330142884943778,0.05914279434645642,0,1,True
upgrade/oracle_shape_test.csv,Co-culture | PFN1,mean_vs_oracleDIST,0.402466830643279,0.3649830975131886,-0.0374837331300904,-0.09313496237734334,0.0374837331300904,0,1,True
upgrade/class_c_protein_oracle.csv,IFNγ | UQCRFS1,energy_rho,0.3378150299533481,0.3063766194950164,-0.031438410458331734,-0.0930639778303332,0.031438410458331734,0,1,True
upgrade/oracle_shape_test.csv,Co-culture | SEC11C,mean_vs_oracleDIST,0.5020875454415409,0.4553802726521411,-0.04670727278939979,-0.0930261529357892,0.04670727278939979,0,1,True
upgrade/class_c_protein_oracle.csv,IFNγ | UBC,energy_rho,0.3181365248918171,0.2887336426130235,-0.02940288227879362,-0.09242221492421256,0.02940288227879362,0,1,True
upgrade/oracle_shape_test.csv,Co-culture | EMP1,mean_vs_oracleDIST,0.5229763203022698,0.4747215592565801,-0.04825476104568971,-0.0922694951423411,0.04825476104568971,0,1,True
upgrade/oracle_shape_test.csv,Co-culture | APOE,energy_vs_oracleMEAN,0.37870083959346,0.3437839979127579,-0.03491684168070214,-0.09220164845207578,0.03491684168070214,0,1,True
upgrade/oracle_shape_test.csv,Co-culture | NPC1,energy_vs_oracleDIST,0.2809027905472419,0.255015292450377,-0.025887498096864858,-0.0921582090602661,0.025887498096864858,0,1,True
upgrade/oracle_shape_test.csv,IFNγ | SLC5A3,energy_vs_oracleMEAN,0.094236741907398,0.1028799397034553,0.008643197796057295,0.09171791830993645,0.008643197796057295,0,1,True
exp13_real_data_projection/projection.csv,frangieh | IFNγ:TTLL1:s1,preference_conflict,0.6468926553672316,0.7062146892655368,0.05932203389830515,0.09170305676855905,0.05932203389830515,0,1,True
upgrade/oracle_shape_test.csv,IFNγ | PSAP,magmatch_vs_oracleDIST,0.4512920873780099,0.4099161826049666,-0.041375904773043315,-0.09168320458139598,0.041375904773043315,0,1,True
upgrade/oracle_shape_test.csv,Control | NDUFA13,energy_vs_oracleDIST,0.4473905941236257,0.4882960203352224,0.04090542621159671,0.0914311269590381,0.04090542621159671,0,1,True
upgrade/class_c_protein_oracle.csv,IFNγ | HLA-C,energy_rho_partial_magmatch,0.0871196704481956,0.0791584473639754,-0.007961223084220204,-0.09138261248306977,0.007961223084220204,0,1,True
upgrade/oracle_shape_test.csv,IFNγ | DNMT1,energy_vs_oracleDIST,0.4750458071810066,0.4317041393328902,-0.04334166784811638,-0.09123681799301077,0.04334166784811638,0,1,True
upgrade/class_c_protein_oracle.csv,Co-culture | NPC2,energy_rho_partial_magmatch,0.3480672902565575,0.3797989076076538,0.03173161735109625,0.09116518052502762,0.03173161735109625,0,1,True
upgrade/class_c_protein_oracle.csv,Co-culture | MRPL47,energy_rho_partial_magmatch,0.2171261544627256,0.1973736715027604,-0.019752482959965206,-0.09097237966951673,0.019752482959965206,0,1,True
upgrade/class_c_protein_oracle.csv,Control | CDKN2B,energy_rho,0.2852418094366071,0.3111815847242986,0.02593977528769148,0.09093959731543634,0.02593977528769148,0,1,True
exp12_partial_observed_retrieval/summary.csv,leave_drug_out | mean_sufficient | DART_coverage_mean,moa_hit@5,1.0,0.9090909090909092,-0.09090909090909083,-0.09090909090909083,0.09090909090909083,0,1,True
upgrade/class_c_protein_oracle.csv,Co-culture | CD58,energy_rho,0.2365369390427464,0.215093463248327,-0.02144347579441938,-0.09065592833491502,0.02144347579441938,0,1,True
upgrade/oracle_shape_test.csv,IFNγ | ATP5MD,energy_vs_oracleDIST,0.5958780034566554,0.541879328941042,-0.053998674515613465,-0.09062035215659939,0.053998674515613465,0,1,True
exp11_hir_benchmark/uncertainty_band.csv,worst | DART_coverage_worst | observed,hit_at_1_mean,0.1160714285714285,0.1265625,0.010491071428571488,0.09038461538461595,0.010491071428571488,0,1,True
exp11_hir_benchmark/method_dominance.csv,worst | observed | hit_at_1,best_value,0.1160714285714285,0.1265625,0.010491071428571488,0.09038461538461595,0.010491071428571488,0,1,True
exp08_signature_baselines/summary_by_task.csv,controlled | coverage_worst,mrr,0.7888888888888889,0.8601851851851853,0.07129629629629641,0.09037558685446025,0.07129629629629641,0,1,True
upgrade/oracle_shape_test.csv,Co-culture | CORO1A,energy_vs_oracleMEAN,0.3124866433578178,0.2843167972552932,-0.0281698461025246,-0.09014736053940159,0.0281698461025246,0,1,True
upgrade/oracle_shape_test.csv,IFNγ | UBC,energy_vs_oracleMEAN,0.3150603615193689,0.2867454905580101,-0.028314870961358818,-0.08987125776410344,0.028314870961358818,0,1,True
upgrade/class_c_protein_oracle.csv,IFNγ | SLC5A3,energy_rho_partial_magmatch,0.1177846217821267,0.128339635881642,0.010555014099515286,0.08961283688663135,0.010555014099515286,0,1,True
upgrade/class_c_protein_oracle.csv,Co-culture | FGFR1,energy_rho,0.1340447995533596,0.1460482582359444,0.012003458682584789,0.08954811169534807,0.012003458682584789,0,1,True
upgrade/oracle_shape_test.csv,Co-culture | IDI2-AS1,energy_vs_oracleDIST,0.6624587572951156,0.6033843197509192,-0.05907443754419639,-0.08917451372430057,0.05907443754419639,0,1,True
upgrade/class_c_protein_oracle.csv,IFNγ | HLA-B,energy_rho_partial_magmatch,0.1587072628747417,0.1728416046158044,0.014134341741062678,0.08905919921395204,0.014134341741062678,0,1,True
upgrade/oracle_shape_test.csv,Control | WNT7A,magmatch_vs_oracleDIST,0.3886721923241137,0.3540686126955779,-0.03460357962853583,-0.08903024273905324,0.03460357962853583,0,1,True
upgrade/class_c_protein_oracle.csv,IFNγ | SLC5A3,energy_rho,0.1420404662586254,0.1546809091263498,0.012640442867724394,0.08899184296332034,0.012640442867724394,0,1,True
upgrade/class_c_protein_oracle.csv,Co-culture | JAK2,energy_rho,0.3622240278825878,0.3944143318725245,0.03219030398993672,0.08886849439035824,0.03219030398993672,0,1,True
upgrade/class_c_protein_oracle.csv,Co-culture | CORO1A,energy_rho,0.3259518761268083,0.2969990194993945,-0.028952856627413814,-0.08882555600370282,0.028952856627413814,0,1,True
upgrade/class_c_protein_oracle.csv,Co-culture | TIMP1,energy_rho_partial_magmatch,0.4296486471929478,0.4677856612935078,0.038137014100559974,0.08876325888542434,0.038137014100559974,0,1,True
upgrade/oracle_shape_test.csv,IFNγ | ILF2,energy_vs_oracleDIST,0.4383439242134809,0.3994755240211557,-0.03886840019232518,-0.0886710138895312,0.03886840019232518,0,1,True
upgrade/oracle_shape_test.csv,Control | NT5E,energy_vs_oracleDIST,0.3636858259455687,0.3958888806324489,0.03220305468688023,0.08854635619398575,0.03220305468688023,0,1,True
upgrade/oracle_shape_test.csv,Control | EIF3K,energy_vs_oracleMEAN,0.2864006000054928,0.2610426036501581,-0.0253579963553347,-0.08854030457634644,0.0253579963553347,0,1,True
upgrade/class_c_protein_oracle.csv,Control | CTPS1,energy_rho_partial_magmatch,0.2591697911694435,0.2821107994654865,0.02294100829604301,0.0885172928238551,0.02294100829604301,0,1,True
exp13_real_data_projection/projection.csv,frangieh | IFNγ:LINC00518:s0,preference_conflict,0.6406779661016949,0.6971751412429379,0.05649717514124297,0.0881834215167549,0.05649717514124297,0,1,True
upgrade/class_c_protein_oracle.csv,Co-culture | SPESP1,energy_rho_partial_magmatch,0.4100641176739723,0.4460837601184708,0.03601964244449851,0.08783904977790931,0.03601964244449851,0,1,True
exp12_partial_observed_retrieval/summary.csv,leave_MoA_out | DART_recommended | DART_coverage_mean,decision_regret,0.2108861183633609,0.2294016176340531,0.01851549927069218,0.0877985683191798,0.01851549927069218,0,1,True
upgrade/class_c_protein_oracle.csv,Control | SSR2,energy_rho_partial_magmatch,0.5427705282036491,0.4951605366797945,-0.047609991523854645,-0.08771661144061092,0.047609991523854645,0,1,True
upgrade/class_c_protein_oracle.csv,IFNγ | SINHCAF,energy_rho_partial_magmatch,0.2025594843605837,0.1848447753823763,-0.017714708978207427,-0.0874543546263813,0.017714708978207427,0,1,True
upgrade/class_c_protein_oracle.csv,IFNγ | FTH1,energy_rho_partial_magmatch,0.3920829597286656,0.4262627837771107,0.03417982404844511,0.08717497968312288,0.03417982404844511,0,1,True
upgrade/oracle_shape_test.csv,IFNγ | SLC26A2,magmatch_vs_oracleDIST,0.2770766571803569,0.2529881875950255,-0.024088469585331396,-0.08693792479837643,0.024088469585331396,0,1,True
upgrade/class_c_protein_oracle.csv,IFNγ | NEAT1,energy_rho,0.088738863654146,0.0810245214611516,-0.007714342192994397,-0.08693307391291992,0.007714342192994397,0,1,True
upgrade/oracle_shape_test.csv,Control | FGFR1,energy_vs_oracleMEAN,0.0791870961079001,0.0860675365108855,0.006880440402985397,0.08688840406030458,0.006880440402985397,0,1,True
upgrade/oracle_shape_test.csv,IFNγ | MFGE8,energy_vs_oracleMEAN,0.2503392980130729,0.228642997321229,-0.021696300691843917,-0.08666757821902545,0.021696300691843917,0,1,True
upgrade/oracle_shape_test.csv,Co-culture | NMRK1,energy_vs_oracleDIST,0.6187468472532953,0.5654766489697793,-0.05327019828351598,-0.08609368842845813,0.05327019828351598,0,1,True
exp12_partial_observed_retrieval/summary.csv,leave_drug_out | mean_or_no_call | DART_coverage_mean,moa_ndcg,0.1162459251663538,0.1262457613592395,0.009999836192885705,0.08602311159359292,0.009999836192885705,0,1,True
upgrade/oracle_shape_test.csv,Co-culture | MIA,mean_vs_oracleDIST,0.5737862902501868,0.5244346194898963,-0.049351670760290456,-0.08601054364469349,0.049351670760290456,0,1,True
upgrade/oracle_shape_test.csv,Co-culture | GSEC,magmatch_vs_oracleDIST,0.1738764059585247,0.1887994134369241,0.01492300747839942,0.08582537346647856,0.01492300747839942,0,1,True
upgrade/oracle_shape_test.csv,IFNγ | SAT1,magmatch_vs_oracleDIST,0.3170127220511221,0.3442054240900289,0.027192702038906835,0.08577795194768773,0.027192702038906835,0,1,True
exp13_real_data_projection/projection.csv,frangieh | Co-culture:EEA1:s2,preference_conflict,0.580225988700565,0.6299435028248588,0.049717514124293816,0.08568646543330093,0.049717514124293816,0,1,True
upgrade/class_c_protein_oracle.csv,Co-culture | CTSB,energy_rho_partial_magmatch,0.1592053833131885,0.1455675639048364,-0.013637819408352098,-0.08566179814110812,0.013637819408352098,0,1,True
upgrade/oracle_shape_test.csv,Control | IDI2-AS1,mean_vs_oracleDIST,0.1311951112919131,0.1199796849530486,-0.011215426338864506,-0.08548661782000277,0.011215426338864506,0,1,True
exp11_hir_benchmark/uncertainty_band.csv,mean | DART_coverage_worst | predicted_structure,hit_at_1_std,0.2050355352398626,0.2224948226581775,0.0174592874183149,0.08515249514134222,0.0174592874183149,0,1,True
upgrade/oracle_shape_test.csv,Co-culture | P2RX4,energy_vs_oracleDIST,0.5762082946992156,0.527148088935449,-0.049060205763766684,-0.08514317863017995,0.049060205763766684,0,1,True
exp13_real_data_projection/projection.csv,frangieh | IFNγ:CD274:s2,preference_conflict,0.7169491525423729,0.7779661016949153,0.06101694915254241,0.08510638297872346,0.06101694915254241,0,1,True
exp08_signature_baselines/summary.csv,Control+IFNγ | coverage_worst,hit@1,0.5222222222222223,0.4777777777777778,-0.04444444444444445,-0.08510638297872342,0.04444444444444445,0,1,True
exp08_signature_baselines/summary_by_task.csv,frangieh | coverage_worst,hit@1,0.5222222222222223,0.4777777777777778,-0.04444444444444445,-0.08510638297872342,0.04444444444444445,0,1,True
upgrade/oracle_shape_test.csv,Co-culture | JPT1,energy_vs_oracleMEAN,-0.1090834433235321,-0.1183602647641209,-0.009276821440588792,-0.08504334991584872,0.009276821440588792,0,1,True
upgrade/oracle_shape_test.csv,Control | WBP2,energy_vs_oracleDIST,0.4517043763938875,0.4133474728366623,-0.03835690355722521,-0.08491594405934619,0.03835690355722521,0,1,True
upgrade/oracle_shape_test.csv,Co-culture | NUP50-AS1,mean_vs_oracleDIST,0.572243435192269,0.5236782498556469,-0.04856518533662202,-0.08486805151430794,0.04856518533662202,0,1,True
upgrade/class_c_protein_oracle.csv,Control | EIF3K,energy_rho,0.2852254364962915,0.2610388252793161,-0.024186611216975407,-0.08479822667320164,0.024186611216975407,0,1,True
exp12_partial_observed_retrieval/summary.csv,leave_drug_out | DART_recommended | DART_coverage_worst,moa_ndcg,0.1596790469486911,0.1731939327433277,0.01351488579463661,0.0846378159996113,0.01351488579463661,0,1,True
upgrade/oracle_shape_test.csv,IFNγ | IRF4,energy_vs_oracleMEAN,0.3611892973633256,0.3306387015450989,-0.030550595818226722,-0.08458333633151768,0.030550595818226722,0,1,True
upgrade/oracle_shape_test.csv,Co-culture | ST3GAL6-AS1,mean_vs_oracleDIST,0.1772702237661068,0.192211185876162,0.014940962110055217,0.08428354064565612,0.014940962110055217,0,1,True
exp11_hir_benchmark/method_dominance.csv,mean | predicted_mean | hit_at_1,best_value,0.0397321428571428,0.0430803571428571,0.0033482142857143016,0.08426966292134884,0.0033482142857143016,0,1,True
upgrade/class_c_protein_oracle.csv,IFNγ | POLD2,energy_rho_partial_magmatch,0.4642828739620288,0.4252304653489792,-0.039052408613049594,-0.08411339466345141,0.039052408613049594,0,1,True
upgrade/oracle_shape_test.csv,Control | SLC25A13,energy_vs_oracleDIST,0.4395895177917185,0.4027554399094198,-0.0368340778822987,-0.08379198409310347,0.0368340778822987,0,1,True
upgrade/oracle_shape_test.csv,Co-culture | ENPP1,mean_vs_oracleDIST,0.2933770166719852,0.2688546559879166,-0.0245223606840686,-0.0835865091350568,0.0245223606840686,0,1,True
upgrade/class_c_protein_oracle.csv,IFNγ | AEBP1,energy_rho,0.085208893740335,0.0780907826855353,-0.007118111054799689,-0.08353718423444591,0.007118111054799689,0,1,True
upgrade/oracle_shape_test.csv,Co-culture | C19orf48,mean_vs_oracleDIST,0.3439043615192025,0.3152468712880117,-0.028657490231190796,-0.08332982491002998,0.028657490231190796,0,1,True
upgrade/class_c_protein_oracle.csv,IFNγ | HLA-C,energy_rho,0.1220189263625699,0.1118526893038608,-0.010166237058709102,-0.08331688666478597,0.010166237058709102,0,1,True
upgrade/oracle_shape_test.csv,Co-culture | SHMT2,energy_vs_oracleDIST,0.4966655450465607,0.4552899252838847,-0.04137561976267601,-0.08330680510321525,0.04137561976267601,0,1,True
exp12_partial_observed_retrieval/summary.csv,leave_drug_out | mean_or_no_call | DART_sliced_wasserstein,moa_hit@5,0.3944954128440367,0.4271844660194174,0.03268905317538068,0.0828629487468952,0.03268905317538068,0,1,True
upgrade/oracle_shape_test.csv,IFNγ | RBP7,magmatch_vs_oracleDIST,0.3210972931529635,0.294604238951048,-0.0264930542019155,-0.08250787149829635,0.0264930542019155,0,1,True
upgrade/class_c_protein_oracle.csv,Co-culture | SDCBP,energy_rho,0.2238512418998661,0.2054036429111985,-0.0184475989886676,-0.08241008105248594,0.0184475989886676,0,1,True
exp13_real_data_projection/projection.csv,frangieh | IFNγ:SNHG6:s2,preference_conflict,0.7203389830508474,0.7796610169491525,0.05932203389830504,0.08235294117647053,0.05932203389830504,0,1,True
upgrade/oracle_shape_test.csv,IFNγ | TMED10,energy_vs_oracleDIST,0.3047860382311281,0.2796964380855847,-0.0250896001455434,-0.08231873182628277,0.0250896001455434,0,1,True
exp12_partial_observed_retrieval/summary.csv,leave_drug_out | mean_or_no_call | DART_coverage_mean,moa_hit@5,0.4036697247706422,0.4368932038834951,0.033223479112852894,0.08230361871138557,0.033223479112852894,0,1,True
exp12_partial_observed_retrieval/recommendation_vs_outcome.csv,DART_recommended | DART_mmd,mean_regret_reduction,0.17852574346914,0.193212010263446,0.014686266794306013,0.08226414022381419,0.014686266794306013,0,1,True
upgrade/class_c_protein_oracle.csv,Co-culture | TP53,energy_rho_partial_magmatch,0.5027327183148593,0.5440481064986977,0.0413153881838384,0.0821816179426833,0.0413153881838384,0,1,True
upgrade/oracle_shape_test.csv,Control | P2RX4,magmatch_vs_oracleDIST,0.3437511413828585,0.37181813945463,0.028066998071771487,0.08164917782923492,0.028066998071771487,0,1,True
upgrade/class_c_magnitude_control_v2.csv,K562 | Sorafenib Tosylate,energydist_vs_candmag_rho,0.5076871657754011,0.4662433155080214,-0.04144385026737968,-0.08163265306122448,0.04144385026737968,0,1,True
exp13_real_data_projection/projection.csv,frangieh | IFNγ:PFDN4:s0,preference_conflict,0.6372881355932203,0.6892655367231638,0.051977401129943535,0.08156028368794332,0.051977401129943535,0,1,True
upgrade/class_c_protein_oracle.csv,IFNγ | SET,energy_rho,0.2403530051727772,0.2207883307443139,-0.019564674428463297,-0.0813997495658491,0.019564674428463297,0,1,True
upgrade/oracle_shape_test.csv,Control | RNF213,energy_vs_oracleDIST,0.4709499957808192,0.432620942502012,-0.0383290532788072,-0.08138667294233419,0.0383290532788072,0,1,True
exp12_partial_observed_retrieval/recommendation_vs_outcome.csv,DART_recommended | DART_coverage_mean,frac_regret_improved,0.644122383252818,0.5917065390749602,-0.05241584417785783,-0.08137559808612428,0.05241584417785783,0,1,True
exp12_partial_observed_retrieval/recommendation_vs_outcome.csv,mean_or_no_call | DART_sliced_wasserstein,median_regret_reduction,0.0310211181640625,0.0284996032714843,-0.0025215148925782013,-0.08128381701918594,0.0025215148925782013,0,1,True
upgrade/oracle_shape_test.csv,IFNγ | C1QBP,energy_vs_oracleMEAN,0.2793554507296661,0.2567463256793107,-0.022609125050355394,-0.0809331802594193,0.022609125050355394,0,1,True
upgrade/oracle_shape_test.csv,IFNγ | LGALS3,magmatch_vs_oracleDIST,0.4673798292464231,0.4295551830337998,-0.03782464621262327,-0.08092913695828423,0.03782464621262327,0,1,True
upgrade/class_c_protein_oracle.csv,Co-culture | ACTA2,energy_rho,0.3654742165406339,0.3361217465536243,-0.029352469987009577,-0.08031338096800088,0.029352469987009577,0,1,True
upgrade/oracle_shape_test.csv,IFNγ | ROMO1,energy_vs_oracleDIST,0.3210369966083193,0.3466257828159386,0.025588786207619285,0.07970665835389322,0.025588786207619285,0,1,True
upgrade/oracle_shape_test.csv,Co-culture | CDK4,energy_vs_oracleMEAN,0.4215718241307395,0.3879881980820453,-0.03358362604869419,-0.07966288097631284,0.03358362604869419,0,1,True
exp07_ranking_flip/representative_cases.csv,<column mean>,alpha,0.7333333333333334,0.7916666666666666,0.05833333333333324,0.0795454545454544,0.30000000000000004,0,12,False
upgrade/oracle_shape_test.csv,Co-culture | APOC2,energy_vs_oracleMEAN,0.2756434499026738,0.2537216187478273,-0.021921831154846527,-0.07952966472661276,0.021921831154846527,0,1,True
upgrade/class_c_protein_oracle.csv,Co-culture | BZW2,energy_rho,0.3880483173092237,0.3571924778844496,-0.0308558394247741,-0.07951545735008571,0.0308558394247741,0,1,True
upgrade/oracle_shape_test.csv,Co-culture | JAK2,energy_vs_oracleMEAN,0.3658309728152877,0.3949170338959001,0.029086061080612402,0.07950683031777708,0.029086061080612402,0,1,True
upgrade/class_c_protein_oracle.csv,Co-culture | APOE,energy_rho,0.3849139586104806,0.3543209497593343,-0.030593008851146297,-0.0794801231984038,0.030593008851146297,0,1,True
exp12_partial_observed_retrieval/summary.csv,leave_drug_out | mean_or_no_call | mean_l2,moa_ndcg,0.1357297934137522,0.1465157639891729,0.010785970575420717,0.07946649224272583,0.010785970575420717,0,1,True
exp12_partial_observed_retrieval/summary.csv,leave_drug_out | mean_or_no_call | cmap_reverse,moa_mrr,0.1315477587605217,0.121094245204672,-0.010453513555849683,-0.07946553901294477,0.010453513555849683,0,1,True
upgrade/oracle_shape_test.csv,Co-culture | TP53,energy_vs_oracleDIST,0.6632197601277372,0.6107754294540528,-0.05244433067368437,-0.07907534399093222,0.05244433067368437,0,1,True
exp12_partial_observed_retrieval/summary.csv,leave_drug_out | mean_or_no_call | DART_sliced_wasserstein,target_hit@5,-0.4954128440366973,-0.4563106796116505,0.03910216442504677,0.07892844300611292,0.03910216442504677,0,1,True
upgrade/oracle_shape_test.csv,Co-culture | GAA,mean_vs_oracleDIST,-0.0751047247619549,-0.069185833876048,0.0059188908859068995,0.0788085024566281,0.0059188908859068995,0,1,True
upgrade/class_c_magnitude_control_v2.csv,MCF7 | (+)-JQ1,energy_rho,0.1086325439266615,0.1000763941940412,-0.008556149732620297,-0.07876230661040771,0.008556149732620297,0,1,True
upgrade/class_c_protein_oracle.csv,Co-culture | CSPG4,energy_rho_partial_magmatch,0.4172316755556508,0.384448322174082,-0.03278335338156885,-0.07857350077246512,0.03278335338156885,0,1,True
exp12_partial_observed_retrieval/summary.csv,leave_drug_out | mean_or_no_call | cmap_reverse,decision_regret,0.6758876940526,0.72888082670934,0.052993132656739994,0.07840523377337283,0.052993132656739994,0,1,True
upgrade/class_c_magnitude_control_v2.csv,A549 | Tanespimycin (17-AAG),energy_rho,-0.3937165775401069,-0.3629679144385027,0.030748663101604234,0.07809847198641755,0.030748663101604234,0,1,True
upgrade/class_c_protein_oracle.csv,Co-culture | IFNGR2,energy_rho,0.3663730570248263,0.3948741768109579,0.028501119786131568,0.077792619407055,0.028501119786131568,0,1,True
upgrade/oracle_shape_test.csv,Co-culture | WBP2,mean_vs_oracleDIST,0.6047499549711032,0.5577380493887363,-0.0470119055823669,-0.07773775788807338,0.0470119055823669,0,1,True
upgrade/class_c_protein_oracle.csv,Co-culture | CDK4,energy_rho_partial_magmatch,0.4275521249295609,0.3943471504961286,-0.03320497443343229,-0.07766298539365885,0.03320497443343229,0,1,True
upgrade/oracle_shape_test.csv,Co-culture | STAT1,energy_vs_oracleMEAN,0.3885951472445511,0.418749048022522,0.03015390077797092,0.07759721394306152,0.03015390077797092,0,1,True
upgrade/oracle_shape_test.csv,Control | SMAD4,mean_vs_oracleDIST,0.1532948023471239,0.1414080476780022,-0.011886754669121702,-0.07754179846362365,0.011886754669121702,0,1,True
upgrade/class_c_protein_oracle.csv,Co-culture | SLC19A1,energy_rho,0.261614125231877,0.2413589402485363,-0.020255184983340696,-0.07742389660874724,0.020255184983340696,0,1,True
upgrade/class_c_protein_oracle.csv,Co-culture | CDK6,energy_rho_partial_magmatch,0.4582366394485567,0.4228378455859228,-0.03539879386263389,-0.07725002938488923,0.03539879386263389,0,1,True
exp12_partial_observed_retrieval/summary.csv,leave_drug_out | DART_recommended | DART_coverage_mean,moa_mrr,0.35013003640851,0.3231496379410074,-0.02698039846750261,-0.0770582231226331,0.02698039846750261,0,1,True
upgrade/class_c_protein_oracle.csv,Co-culture | E2F1,energy_rho_partial_magmatch,0.4525725544386329,0.4874269474925419,0.03485439305390897,0.0770139344776266,0.03485439305390897,0,1,True
exp08_signature_baselines/flip_vs_dart.csv,A549 | coverage_worst,mean_topk_overlap,0.361111111111111,0.3888888888888889,0.0277777777777779,0.07692307692307729,0.0277777777777779,0,1,True
upgrade/oracle_shape_test.csv,IFNγ | MYC,energy_vs_oracleDIST,0.56221277922888,0.5189915922706066,-0.04322118695827337,-0.07687692018946048,0.04322118695827337,0,1,True
upgrade/class_c_protein_oracle.csv,Co-culture | TYR,energy_rho_partial_magmatch,0.5341620194721745,0.5751831995593828,0.04102118008720834,0.07679538902399484,0.04102118008720834,0,1,True
upgrade/oracle_shape_test.csv,Co-culture | JAK1,energy_vs_oracleMEAN,0.3847263140764095,0.4142699034962694,0.029543589419859906,0.07679118463935464,0.029543589419859906,0,1,True
upgrade/oracle_shape_test.csv,Co-culture | SLC26A2,mean_vs_oracleDIST,0.6095360488895092,0.5630395866260413,-0.04649646226346793,-0.07628172664796133,0.04649646226346793,0,1,True
exp12_partial_observed_retrieval/recommendation_vs_outcome.csv,DART_recommended | DART_sliced_wasserstein,mean_regret_reduction,0.1633417157159335,0.1756867297718589,0.01234501405592539,0.0755778400013535,0.01234501405592539,0,1,True
upgrade/class_c_protein_oracle.csv,Co-culture | FKBP4,energy_rho,0.4651222860670903,0.430137449621207,-0.034984836445883294,-0.07521642693516734,0.034984836445883294,0,1,True
upgrade/class_c_protein_oracle.csv,Co-culture | TTLL1,energy_rho,0.3117325903227543,0.2882967146569493,-0.023435875665805017,-0.07517942105937828,0.023435875665805017,0,1,True
upgrade/oracle_shape_test.csv,Control | SERPINF1,energy_vs_oracleDIST,0.4355877304925229,0.4028574559221555,-0.032730274570367424,-0.07514048784927668,0.032730274570367424,0,1,True
upgrade/oracle_shape_test.csv,IFNγ | TM4SF1,magmatch_vs_oracleDIST,0.3442923198036112,0.3184453675478302,-0.025846952255780986,-0.0750726948266648,0.025846952255780986,0,1,True
upgrade/class_c_protein_oracle.csv,Co-culture | STAT1,energy_rho,0.3598634133119897,0.3868263112385756,0.026962897926585905,0.0749253659282389,0.026962897926585905,0,1,True
upgrade/class_c_protein_oracle.csv,IFNγ | UQCRFS1,energy_rho_partial_magmatch,0.303482385352098,0.2807474692344677,-0.02273491611763029,-0.07491346191724903,0.02273491611763029,0,1,True
upgrade/oracle_shape_test.csv,Control | CDK6,mean_vs_oracleDIST,0.1962712517616653,0.2109514819400171,0.014680230178351794,0.0747956210937004,0.014680230178351794,0,1,True
exp08_signature_baselines/summary.csv,MCF7 | coverage_mean,mrr,0.9,0.8333333333333334,-0.06666666666666665,-0.07407407407407406,0.06666666666666665,0,1,True
upgrade/class_c_protein_oracle.csv,Co-culture | CTPS1,energy_rho_partial_magmatch,0.4189146848643254,0.4499397394636725,0.03102505459934707,0.07406055629058504,0.03102505459934707,0,1,True
upgrade/class_c_protein_oracle.csv,Co-culture | TAPBP,energy_rho,-0.3216170330321212,-0.2978109875141095,0.023806045518011687,0.07401985303320077,0.023806045518011687,0,1,True
upgrade/class_c_protein_oracle.csv,IFNγ | MFGE8,energy_rho,0.230112926071758,0.2130853897833742,-0.0170275362883838,-0.07399643548521895,0.0170275362883838,0,1,True
upgrade/oracle_shape_test.csv,Co-culture | TTLL1,energy_vs_oracleMEAN,0.3148426247300437,0.2917032737600548,-0.023139350969988925,-0.0734949754336134,0.023139350969988925,0,1,True
upgrade/oracle_shape_test.csv,Co-culture | TOP1MT,energy_vs_oracleDIST,0.6449313678533638,0.5976403120690763,-0.047291055784287495,-0.07332726882504485,0.047291055784287495,0,1,True
upgrade/class_c_protein_oracle.csv,Co-culture | TTLL1,energy_rho_partial_magmatch,0.2723388211637552,0.2523732110786723,-0.019965610085082908,-0.07331165641301556,0.019965610085082908,0,1,True
exp12_partial_observed_retrieval/summary.csv,partial_library | mean_or_no_call | DART_sliced_wasserstein,decision_regret,0.0415830612182617,0.0446300506591796,0.0030469894409178994,0.07327477467146593,0.0030469894409178994,0,1,True
exp08_signature_baselines/summary.csv,A549 | coverage_worst,median_rank_proxy,1.3666666666666667,1.2666666666666666,-0.10000000000000009,-0.07317073170731714,0.10000000000000009,0,1,True
exp08_signature_baselines/summary.csv,MCF7 | coverage_worst,median_rank_proxy,1.3666666666666667,1.4666666666666666,0.09999999999999987,0.07317073170731697,0.09999999999999987,0,1,True
upgrade/oracle_shape_test.csv,Co-culture | FBXO32,mean_vs_oracleDIST,0.518417253104098,0.4804864163310975,-0.03793083677300052,-0.07316661732587827,0.03793083677300052,0,1,True
upgrade/oracle_shape_test.csv,Control | SINHCAF,mean_vs_oracleDIST,0.4596438507644274,0.4260302042965114,-0.03361364646791598,-0.07312976429906239,0.03361364646791598,0,1,True
exp11_hir_benchmark/method_dominance.csv,worst | predicted_structure | mrr,best_value,0.2719164252407318,0.2917718403622876,0.01985541512155581,0.0730202859352005,0.01985541512155581,0,1,True
exp12_partial_observed_retrieval/summary.csv,leave_drug_out | mean_or_no_call | DART_coverage_mean,moa_mrr,0.2629198401335462,0.2821150254706409,0.01919518533709469,0.07300774763648411,0.01919518533709469,0,1,True
upgrade/oracle_shape_test.csv,Co-culture | ACTA2,energy_vs_oracleMEAN,0.3936429043435656,0.3649066497400485,-0.028736254603517086,-0.07300081949003333,0.028736254603517086,0,1,True
upgrade/class_c_protein_oracle.csv,Co-culture | JAK1,energy_rho,0.3582012533959896,0.3843452335103022,0.02614398011431257,0.07298684710466531,0.02614398011431257,0,1,True
exp12_partial_observed_retrieval/recommendation_vs_outcome.csv,DART_recommended | DART_mmd,mean_ndcg_gain,-0.0091786259859124,-0.008509578335107,0.0006690476508053999,0.07289191779164682,0.0006690476508053999,0,1,True
upgrade/oracle_shape_test.csv,Co-culture | SLC19A1,energy_vs_oracleMEAN,0.2640488709764291,0.2448419471247818,-0.019206923851647295,-0.07274003399681964,0.019206923851647295,0,1,True
upgrade/oracle_shape_test.csv,Co-culture | NMRK1,mean_vs_oracleDIST,0.6202364205299337,0.5753789521906051,-0.04485746833932858,-0.07232317686375478,0.04485746833932858,0,1,True
upgrade/oracle_shape_test.csv,Co-culture | IFNGR2,energy_vs_oracleMEAN,0.3876232213585811,0.4156378553156395,0.028014633957058388,0.07227284748026669,0.028014633957058388,0,1,True
upgrade/oracle_shape_test.csv,Co-culture | SEC11C,energy_vs_oracleDIST,0.4254544443665809,0.3947826711431085,-0.03067177322347242,-0.07209179179955856,0.03067177322347242,0,1,True
upgrade/class_c_protein_oracle.csv,Co-culture | RBP7,energy_rho_partial_magmatch,0.3421495376357599,0.3668027861738411,0.024653248538081207,0.07205401681508677,0.024653248538081207,0,1,True
exp12_partial_observed_retrieval/summary.csv,leave_drug_out | DART_recommended | DART_coverage_worst,moa_hit@1,0.1708333333333333,0.1831275720164609,0.012294238683127595,0.07196627521830788,0.012294238683127595,0,1,True
upgrade/oracle_shape_test.csv,Control | PROS1,energy_vs_oracleDIST,0.4216863372850894,0.4518818175978881,0.030195480312798673,0.07160649431329434,0.030195480312798673,0,1,True
exp13_real_data_projection/projection.csv,frangieh | Co-culture:TTLL1:s1,mean_vs_DART_disagreement,0.2738715739460341,0.2542991880296423,-0.01957238591639182,-0.07146556188503347,0.01957238591639182,0,1,True
upgrade/class_c_protein_oracle.csv,Control | JAK1,energy_rho_partial_magmatch,0.2593209260031259,0.2408358763868195,-0.018485049616306398,-0.07128252201321993,0.018485049616306398,0,1,True
upgrade/class_c_protein_oracle.csv,Co-culture | SGK1,energy_rho_partial_magmatch,0.3015407122036707,0.2800820539431702,-0.021458658260500474,-0.071163386541339,0.021458658260500474,0,1,True
exp12_partial_observed_retrieval/recommendation_vs_outcome.csv,mean_sufficient | DART_mmd,mean_regret_reduction,0.1378914226185191,0.1477024771950461,0.009811054576526979,0.07115057913115862,0.009811054576526979,0,1,True
upgrade/oracle_shape_test.csv,Co-culture | TIMP1,mean_vs_oracleDIST,0.5675731712331663,0.5273014109826493,-0.04027176025051704,-0.07095430561493699,0.04027176025051704,0,1,True
upgrade/oracle_shape_test.csv,IFNγ | JAK1,energy_vs_oracleDIST,0.4503023923693683,0.4822522838615778,0.0319498914922095,0.07095208027676222,0.0319498914922095,0,1,True
exp12_partial_observed_retrieval/summary.csv,leave_drug_out | mean_or_no_call | cmap_match,moa_mrr,0.2485810961616751,0.2662170657537437,0.017635969592068618,0.07094654366073891,0.017635969592068618,0,1,True
exp12_partial_observed_retrieval/summary.csv,leave_drug_out | mean_or_no_call | mean_cosine,moa_mrr,0.2485810961616751,0.2662170657537437,0.017635969592068618,0.07094654366073891,0.017635969592068618,0,1,True
exp12_partial_observed_retrieval/recommendation_vs_outcome.csv,DART_recommended | DART_mmd,median_regret_reduction,0.0604324340820312,0.0647115707397461,0.004279136657714892,0.07080861002398774,0.004279136657714892,0,1,True
upgrade/oracle_shape_test.csv,IFNγ | CTSL,energy_vs_oracleMEAN,0.2474377867009733,0.2299403532026041,-0.017497433498369214,-0.07071447627970714,0.017497433498369214,0,1,True
upgrade/class_c_protein_oracle.csv,Co-culture | CDK4,energy_rho,0.4254799269576276,0.3954081529233454,-0.030071774034282184,-0.07067730374334898,0.030071774034282184,0,1,True
upgrade/class_c_protein_oracle.csv,Co-culture | CYP27A1,energy_rho_partial_magmatch,0.2733778158987043,0.2540898110755448,-0.01928800482315951,-0.07055438920583947,0.01928800482315951,0,1,True
upgrade/class_c_protein_oracle.csv,Control | PFN1,energy_rho_partial_magmatch,0.4582937129168645,0.4905257351135337,0.03223202219666921,0.0703304917528209,0.03223202219666921,0,1,True
exp08_signature_baselines/flip_vs_dart.csv,A549+MCF7 | coverage_mean,top1_flip_rate,0.1583333333333333,0.1694444444444444,0.0111111111111111,0.07017543859649117,0.0111111111111111,0,1,True
upgrade/class_c_protein_oracle.csv,Co-culture | SLC22A18,energy_rho_partial_magmatch,0.4214652605681807,0.4510042167896684,0.029538956221487722,0.07008633684699427,0.029538956221487722,0,1,True
upgrade/oracle_shape_test.csv,Co-culture | WBP2,magmatch_vs_oracleDIST,0.3381151801532314,0.3144256368765524,-0.023689543276678993,-0.0700635306168243,0.023689543276678993,0,1,True
exp12_partial_observed_retrieval/summary.csv,leave_drug_out | mean_or_no_call | mean_cosine,moa_ndcg,0.1547915707282306,0.1656293512849406,0.010837780556710003,0.07001531482446174,0.010837780556710003,0,1,True
exp12_partial_observed_retrieval/summary.csv,leave_drug_out | mean_or_no_call | cmap_match,moa_ndcg,0.1547915707282306,0.1656293512849406,0.010837780556710003,0.07001531482446174,0.010837780556710003,0,1,True
exp13_real_data_projection/projection.csv,sciplex3_cross_line | K562->MCF7:GSK J1:s2,observed_dart_minority_cov,0.7126626120562931,0.6627687537783248,-0.04989385827796833,-0.07001048944325315,0.04989385827796833,0,1,True
upgrade/oracle_shape_test.csv,Co-culture | DNMT1,energy_vs_oracleDIST,0.5055114790385419,0.4701451175645129,-0.035366361474028996,-0.0699615398275309,0.035366361474028996,0,1,True
exp13_real_data_projection/projection.csv,frangieh | Co-culture:EEA1:s2,mean_vs_DART_disagreement,0.270113108534553,0.2512498670354218,-0.01886324149913121,-0.06983460225781014,0.01886324149913121,0,1,True
upgrade/oracle_shape_test.csv,Co-culture | NME1,mean_vs_oracleDIST,0.3679460278721631,0.3422734756922143,-0.025672552179948793,-0.06977260314077452,0.025672552179948793,0,1,True
upgrade/oracle_shape_test.csv,Co-culture | TP53,mean_vs_oracleDIST,0.5962955262415668,0.5548446170053438,-0.041450909236222966,-0.06951403693649495,0.041450909236222966,0,1,True
exp02_divergence_gate/depth_sweep.csv,<column mean>,hit@1,0.685,0.6375,-0.0475000000000001,-0.0693430656934308,1.0,47,400,False
upgrade/class_c_protein_oracle.csv,IFNγ | MYC,energy_rho,0.4574506516964901,0.4257866489935415,-0.03166400270294856,-0.06921840112265712,0.03166400270294856,0,1,True
upgrade/oracle_shape_test.csv,Co-culture | TM4SF1,energy_vs_oracleDIST,0.5371956061063239,0.5743191080629814,0.03712350195665748,0.06910611616080466,0.03712350195665748,0,1,True
upgrade/oracle_shape_test.csv,Co-culture | AEBP1,mean_vs_oracleDIST,0.2588376811073807,0.2410010256742896,-0.017836655433091098,-0.06891058271261297,0.017836655433091098,0,1,True
exp12_partial_observed_retrieval/summary.csv,leave_drug_out | mean_or_no_call | DART_sliced_wasserstein,moa_mrr,0.2624935945741348,0.2805408340649409,0.01804723949080611,0.06875306622276117,0.01804723949080611,0,1,True
upgrade/oracle_shape_test.csv,Co-culture | SSR2,magmatch_vs_oracleDIST,0.0661244280171822,0.0615914403951913,-0.0045329876219908985,-0.06855239066586735,0.0045329876219908985,0,1,True
exp08_signature_baselines/summary_by_task.csv,controlled | coverage_mean,hit@1,0.8111111111111111,0.7555555555555555,-0.05555555555555558,-0.06849315068493153,0.05555555555555558,0,1,True
exp13_real_data_projection/projection.csv,frangieh | IFNγ:FBL:s2,preference_conflict,0.6186440677966102,0.6610169491525424,0.0423728813559322,0.0684931506849315,0.0423728813559322,0,1,True
exp12_partial_observed_retrieval/summary.csv,leave_MoA_out | DART_recommended | DART_coverage_worst,target_mrr,0.4077259984206086,0.4356263957613561,0.027900397340747507,0.06842928203946799,0.027900397340747507,0,1,True
upgrade/class_c_protein_oracle.csv,IFNγ | SDCBP,energy_rho_partial_magmatch,0.1910511610983327,0.2040887294842306,0.013037568385897896,0.06824124130388064,0.013037568385897896,0,1,True
upgrade/oracle_shape_test.csv,Co-culture | LAMP2,mean_vs_oracleDIST,0.3655924689655405,0.3407585184996568,-0.02483395046588366,-0.06792795961074467,0.02483395046588366,0,1,True
upgrade/oracle_shape_test.csv,Co-culture | DDR1,mean_vs_oracleDIST,0.2314920321995894,0.2159041483920774,-0.015587883807511999,-0.06733658890718247,0.015587883807511999,0,1,True
exp11_synthetic_phase_diagram/phase_diagram_source.csv,<column mean>,mean_rank,1.9452160493827162,1.8148148148148149,-0.13040123456790131,-0.06703689012296711,2.333333333333333,0,108,False
exp11_synthetic_phase_diagram/per_query_scores.csv,<column mean>,gt_rank,1.945216049382716,1.8148148148148149,-0.1304012345679011,-0.067036890122967,13.0,0,1296,False
upgrade/class_c_protein_oracle.csv,IFNγ | TAPBPL,energy_rho_partial_magmatch,0.3292061388120021,0.3072301274804101,-0.021976011331591994,-0.06675456117220739,0.021976011331591994,0,1,True
exp13_real_data_projection/projection.csv,cd34 | CD34+:panobinostat:s1,mean_vs_DART_disagreement,0.1764705882352941,0.1647058823529411,-0.01176470588235301,-0.06666666666666707,0.01176470588235301,0,1,True
exp08_signature_baselines/flip_vs_dart.csv,K562+MCF7 | coverage_mean,top1_flip_rate,0.125,0.1333333333333333,0.008333333333333304,0.06666666666666643,0.008333333333333304,0,1,True
exp12_partial_observed_retrieval/summary.csv,leave_drug_out | DART_recommended | DART_coverage_mean,moa_ndcg,0.175118036540001,0.1634630300953981,-0.011655006444602906,-0.06655514574559905,0.011655006444602906,0,1,True
upgrade/class_c_protein_oracle.csv,Co-culture | CD63,energy_rho_partial_magmatch,0.4388965111437107,0.4097004116017604,-0.029196099541950293,-0.0665216031584959,0.029196099541950293,0,1,True
exp12_partial_observed_retrieval/recommendation_vs_outcome.csv,DART_recommended | DART_sliced_wasserstein,mean_ndcg_gain,-0.012263624989291,-0.0130776250167779,-0.0008140000274868987,-0.06637515646456167,0.0008140000274868987,0,1,True
upgrade/class_c_protein_oracle.csv,IFNγ | STAT1,energy_rho_partial_magmatch,0.4031525736488506,0.4298930516029264,0.026740477954075803,0.06632843172016308,0.026740477954075803,0,1,True
exp13_real_data_projection/projection.csv,frangieh | Co-culture:LINC00518:s1,mean_vs_DART_disagreement,0.2974647637302479,0.2777718682409673,-0.019692895489280604,-0.06620244778685402,0.019692895489280604,0,1,True
exp07_ranking_flip/delta_rank_vs_divergence.csv,K562+A549 | Flavopiridol HCl,delta_rank,-6.96,-7.42,-0.45999999999999996,-0.0660919540229885,0.45999999999999996,0,1,True
upgrade/oracle_shape_test.csv,Control | SLIRP,energy_vs_oracleDIST,0.4610443668898844,0.4307103463128768,-0.030334020577007625,-0.06579414641075657,0.030334020577007625,0,1,True
upgrade/oracle_shape_test.csv,Control | TRIM22,magmatch_vs_oracleDIST,0.3098515981878933,0.3302107197418617,0.020359121553968407,0.0657060401593368,0.020359121553968407,0,1,True
upgrade/oracle_shape_test.csv,IFNγ | NUP50-AS1,magmatch_vs_oracleDIST,0.4272431224253765,0.3992021103790625,-0.028041012046313984,-0.06563244807109027,0.028041012046313984,0,1,True
upgrade/oracle_shape_test.csv,Control | SSR2,energy_vs_oracleDIST,0.4547294497558543,0.4249473389233109,-0.029782110832543396,-0.06549413249688031,0.029782110832543396,0,1,True
exp12_partial_observed_retrieval/summary.csv,leave_drug_out | mean_or_no_call | DART_energy,moa_ndcg,0.1405050805945781,0.1496822194869787,0.0091771388924006,0.06531535268024131,0.0091771388924006,0,1,True
upgrade/oracle_shape_test.csv,IFNγ | E2F1,magmatch_vs_oracleDIST,0.1044757189453302,0.0976726053565163,-0.0068031135888139,-0.0651166956063142,0.0068031135888139,0,1,True
upgrade/oracle_shape_test.csv,IFNγ | HNRNPC,magmatch_vs_oracleDIST,0.2963081361350435,0.315595753251985,0.019287617116941547,0.06509310668456011,0.019287617116941547,0,1,True
upgrade/oracle_shape_test.csv,IFNγ | HSPA1A,magmatch_vs_oracleDIST,0.3165604979662911,0.3370758774836588,0.020515379517367704,0.06480713686377977,0.020515379517367704,0,1,True
upgrade/class_c_protein_oracle.csv,Co-culture | HLA-A,energy_rho,-0.0411097900060752,-0.0437704041712685,-0.002660614165193295,-0.06471972162348943,0.002660614165193295,0,1,True
upgrade/class_c_protein_oracle.csv,IFNγ | CST3,energy_rho,0.4128166543214689,0.386145829272413,-0.026670825049055935,-0.0646069502522706,0.026670825049055935,0,1,True
exp11_hir_benchmark/uncertainty_band.csv,mean | DART_coverage_mean | predicted_structure,hit_at_1_mean,0.0348214285714285,0.0370535714285714,0.002232142857142898,0.0641025641025654,0.002232142857142898,0,1,True
upgrade/oracle_shape_test.csv,Co-culture | GPNMB,energy_vs_oracleMEAN,0.343259188645884,0.3213325773497989,-0.021926611296085086,-0.06387771113304473,0.021926611296085086,0,1,True
upgrade/oracle_shape_test.csv,Co-culture | SPESP1,mean_vs_oracleDIST,0.5500840056779845,0.5149597288188993,-0.03512427685908526,-0.06385256887408351,0.03512427685908526,0,1,True
upgrade/class_c_protein_oracle.csv,Co-culture | RAB27A,energy_rho_partial_magmatch,0.1979250221090434,0.1853041897433729,-0.012620832365670492,-0.06376572416759545,0.012620832365670492,0,1,True
upgrade/class_c_magnitude_control_v2.csv,A549 | Crizotinib (PF-02341066),energy_rho,-0.3699866310160428,-0.3465909090909091,0.023395721925133672,0.06323396567299001,0.023395721925133672,0,1,True
upgrade/oracle_shape_test.csv,Control | TAPBPL,energy_vs_oracleDIST,0.3838265525724449,0.4079067472593623,0.02408019468691741,0.06273717783600295,0.02408019468691741,0,1,True
upgrade/class_c_protein_oracle.csv,IFNγ | SLC22A18,energy_rho,0.3976957363585565,0.3727932634205294,-0.02490247293802711,-0.0626168969424792,0.02490247293802711,0,1,True
exp08_signature_baselines/summary_by_task.csv,controlled | coverage_worst,ndcg@10,0.8436432511904859,0.8964466820341557,0.052803430843669785,0.06258976263860057,0.052803430843669785,0,1,True
upgrade/class_c_protein_oracle.csv,IFNγ | CTSL,energy_rho_partial_magmatch,0.1851868023338921,0.1736036281886346,-0.011583174145257502,-0.06254859417234832,0.011583174145257502,0,1,True
exp01_sciplex3_controlled/metrics_summary.csv,<column mean>,coverage_worst_rank_med,1.0666666666666667,1.0,-0.06666666666666665,-0.062499999999999986,1.0,0,15,False
upgrade/class_c_protein_oracle.csv,Co-culture | CCND2,energy_rho,0.4316953625738343,0.4048054375216094,-0.026889925052224872,-0.06228912187497914,0.026889925052224872,0,1,True
upgrade/oracle_shape_test.csv,Co-culture | SMAD3,mean_vs_oracleDIST,0.6900911523864736,0.647111287687449,-0.042979864699024595,-0.062281431301345634,0.042979864699024595,0,1,True
exp12_partial_observed_retrieval/summary.csv,leave_MoA_out | DART_recommended | DART_energy,target_hit@5,0.4736842105263157,0.4444444444444444,-0.029239766081871288,-0.06172839506172829,0.029239766081871288,0,1,True
upgrade/class_c_protein_oracle.csv,IFNγ | CORO1A,energy_rho,0.3583719932946083,0.3363013787636609,-0.022070614530947386,-0.06158576826287792,0.022070614530947386,0,1,True
upgrade/class_c_magnitude_control_v2.csv,MCF7 | PFI-1 (PF-6405761),energydist_vs_candmag_rho,0.0496562261268143,0.0466004583651642,-0.003055767761650098,-0.061538461538461285,0.003055767761650098,0,1,True
upgrade/oracle_shape_test.csv,IFNγ | MT2A,magmatch_vs_oracleDIST,0.2225623432484763,0.2088708692318688,-0.013691474016607502,-0.06151747783011912,0.013691474016607502,0,1,True
upgrade/oracle_shape_test.csv,Co-culture | CDKN2B,mean_vs_oracleDIST,0.3584815618975032,0.3364831360266501,-0.0219984258708531,-0.06136557136833407,0.0219984258708531,0,1,True
upgrade/oracle_shape_test.csv,Co-culture | TAPBP,energy_vs_oracleMEAN,-0.3278364295646704,-0.3077382832894805,0.02009814627518991,0.061305408620628186,0.02009814627518991,0,1,True
upgrade/oracle_shape_test.csv,IFNγ | IFNGR1,energy_vs_oracleDIST,0.4809964523800242,0.5104752251374216,0.02947877275739741,0.061286881871026586,0.02947877275739741,0,1,True
exp08_signature_baselines/summary.csv,A549 | coverage_worst,mrr,0.8166666666666667,0.8666666666666667,0.050000000000000044,0.06122448979591842,0.050000000000000044,0,1,True
exp07_ranking_flip/delta_rank_vs_divergence.csv,K562+A549 | TG101209,delta_rank,0.98,0.92,-0.05999999999999994,-0.06122448979591831,0.05999999999999994,0,1,True
upgrade/class_c_protein_oracle.csv,IFNγ | CD47,energy_rho,-0.0134684842614286,-0.0126440847384991,0.0008243995229295,0.06120952491220093,0.0008243995229295,0,1,True
upgrade/oracle_shape_test.csv,Co-culture | NDUFA13,energy_vs_oracleDIST,0.6138970468572725,0.576369298342647,-0.03752774851462548,-0.061130361689702775,0.03752774851462548,0,1,True
exp12_partial_observed_retrieval/summary.csv,leave_MoA_out | mean_or_no_call | DART_coverage_mean,decision_regret,0.1781438914212313,0.1889550902626731,0.0108111988414418,0.060688013241375245,0.0108111988414418,0,1,True
exp12_partial_observed_retrieval/recommendation_vs_outcome.csv,DART_recommended | DART_energy,median_regret_reduction,0.0557203292846679,0.0590972900390625,0.0033769607543946006,0.0606055419583425,0.0033769607543946006,0,1,True
exp08_signature_baselines/flip_vs_dart.csv,K562 | coverage_worst,mean_topk_overlap,0.5777777777777777,0.5428571428571428,-0.03492063492063491,-0.060439560439560426,0.03492063492063491,0,1,True
upgrade/oracle_shape_test.csv,Co-culture | SMAD3,energy_vs_oracleDIST,0.6970455831430343,0.6549369493912974,-0.0421086337517369,-0.06041015791516202,0.0421086337517369,0,1,True
upgrade/oracle_shape_test.csv,Co-culture | ATP5MD,magmatch_vs_oracleDIST,0.4095139253672823,0.384780754157282,-0.024733171210000293,-0.060396410666176396,0.024733171210000293,0,1,True
exp12_partial_observed_retrieval/summary.csv,leave_drug_out | DART_recommended | cmap_match,decision_regret,0.4123440762360891,0.3874968246177391,-0.024847251618349997,-0.06025853904622026,0.024847251618349997,0,1,True
exp12_partial_observed_retrieval/summary.csv,leave_drug_out | DART_recommended | mean_cosine,decision_regret,0.4123440762360891,0.3874968246177391,-0.024847251618349997,-0.06025853904622026,0.024847251618349997,0,1,True
upgrade/class_c_protein_oracle.csv,IFNγ | ISYNA1,energy_rho_partial_magmatch,0.2152467090301872,0.2281699219003807,0.012923212870193518,0.0600390729708258,0.012923212870193518,0,1,True
upgrade/oracle_shape_test.csv,Control | CCND1,energy_vs_oracleMEAN,0.2253288836705484,0.2388408965822117,0.01351201291166329,0.05996573848658967,0.01351201291166329,0,1,True
upgrade/oracle_shape_test.csv,IFNγ | MYC,mean_vs_oracleDIST,0.5020763323067327,0.5320447545904643,0.029968422283731644,0.0596889762679016,0.029968422283731644,0,1,True
upgrade/oracle_shape_test.csv,Co-culture | DAG1,mean_vs_oracleDIST,0.2805303158856734,0.2637940450659622,-0.016736270819711185,-0.059659401754396636,0.016736270819711185,0,1,True
exp13_real_data_projection/projection.csv,frangieh | IFNγ:JMJD7:s1,mean_vs_DART_disagreement,0.2192319965961068,0.2322802538737014,0.013048257277594622,0.059518033317160136,0.013048257277594622,0,1,True
upgrade/oracle_shape_test.csv,Co-culture | TAPBP,mean_vs_oracleDIST,-0.2162551131687659,-0.2290751730644379,-0.012820059895672004,-0.05928211226001026,0.012820059895672004,0,1,True
upgrade/oracle_shape_test.csv,Co-culture | DDX17,mean_vs_oracleDIST,0.2817708547498102,0.2651093710228797,-0.016661483726930493,-0.05913132407439566,0.016661483726930493,0,1,True
upgrade/class_c_protein_oracle.csv,Co-culture | CYP27A1,energy_rho,0.2607813078244874,0.2453932977310648,-0.015388010093422583,-0.059007335386856465,0.015388010093422583,0,1,True
upgrade/oracle_shape_test.csv,IFNγ | MYC,energy_vs_oracleMEAN,0.4815037750315127,0.4531758346003404,-0.028327940431172316,-0.05883222915400477,0.028327940431172316,0,1,True
upgrade/oracle_shape_test.csv,Co-culture | S100B,energy_vs_oracleMEAN,0.0857680308154023,0.0908066340450891,0.0050386032296868,0.05874686852180782,0.0050386032296868,0,1,True
upgrade/oracle_shape_test.csv,Control | ST6GALNAC2,energy_vs_oracleDIST,0.4671905167929692,0.4397696201351901,-0.02742089665777908,-0.0586931790611032,0.02742089665777908,0,1,True
exp11_hir_benchmark/uncertainty_band.csv,mean | DART_coverage_mean | predicted_mean,hit_at_1_std,0.1953292084689907,0.1838926748518226,-0.011436533617168121,-0.05855004331819486,0.011436533617168121,0,1,True
upgrade/oracle_shape_test.csv,Control | TP53,energy_vs_oracleDIST,0.4254516177887226,0.4005943379206117,-0.02485727986811087,-0.05842563250154307,0.02485727986811087,0,1,True
upgrade/oracle_shape_test.csv,Control | PIK3IP1,magmatch_vs_oracleDIST,0.3584968633224726,0.3794077464813312,0.020910883158858584,0.058329333665742486,0.020910883158858584,0,1,True
upgrade/oracle_shape_test.csv,Co-culture | STX7,energy_vs_oracleDIST,0.632186597431239,0.595344562275688,-0.036842035155550956,-0.05827715314631952,0.036842035155550956,0,1,True
exp12_partial_observed_retrieval/summary.csv,leave_drug_out | mean_or_no_call | DART_mmd,moa_hit@1,0.1559633027522936,0.1650485436893204,0.009085240937026812,0.05825242718446602,0.009085240937026812,0,1,True
upgrade/oracle_shape_test.csv,Co-culture | TIMP3,mean_vs_oracleDIST,0.5795453558267392,0.5458191465764428,-0.033726209250296346,-0.05819425332497899,0.033726209250296346,0,1,True
upgrade/class_c_protein_oracle.csv,Co-culture | TFAP2A,energy_rho,0.1488010003078244,0.157452876028932,0.008651875721107594,0.05814393521017649,0.008651875721107594,0,1,True
exp13_real_data_projection/projection.csv,frangieh | IFNγ:EEA1:s2,mean_vs_DART_disagreement,0.1488494131829947,0.1575009750735738,0.008651561890579113,0.05812291567413119,0.008651561890579113,0,1,True
upgrade/oracle_shape_test.csv,Co-culture | P2RX4,mean_vs_oracleDIST,0.5278527615889321,0.4972145790536576,-0.030638182535274505,-0.058043046782682434,0.030638182535274505,0,1,True
upgrade/oracle_shape_test.csv,IFNγ | POLD2,energy_vs_oracleMEAN,0.5060798149519837,0.4767819318285187,-0.02929788312346504,-0.05789182310352526,0.02929788312346504,0,1,True
exp13_real_data_projection/projection.csv,frangieh | Co-culture:FBL:s2,preference_conflict,0.5282485875706214,0.5587570621468927,0.03050847457627126,0.05775401069518731,0.03050847457627126,0,1,True
upgrade/class_c_protein_oracle.csv,IFNγ | XAGE1A,energy_rho_partial_magmatch,0.160919522305823,0.1702041505854222,0.009284628279599222,0.057697339306998746,0.009284628279599222,0,1,True
upgrade/class_c_protein_oracle.csv,Co-culture | CCND2,energy_rho_partial_magmatch,0.4220177694740566,0.3977988832833623,-0.02421888619069429,-0.05738830907731039,0.02421888619069429,0,1,True
upgrade/oracle_shape_test.csv,Control | SERPINA3,energy_vs_oracleDIST,0.419162385562593,0.3953771603636838,-0.023785225198909188,-0.05674465557539244,0.023785225198909188,0,1,True
upgrade/oracle_shape_test.csv,Co-culture | PROS1,mean_vs_oracleDIST,0.2990804838680719,0.2822330162874297,-0.016847467580642206,-0.05633088245261042,0.016847467580642206,0,1,True
upgrade/oracle_shape_test.csv,IFNγ | CST3,energy_vs_oracleMEAN,0.4120151261159409,0.3888207087442984,-0.023194417371642462,-0.05629506273300161,0.023194417371642462,0,1,True
upgrade/oracle_shape_test.csv,Control | B2M,energy_vs_oracleDIST,0.4988129618271193,0.4708791329893848,-0.027933828837734542,-0.056000607392828666,0.027933828837734542,0,1,True
exp12_partial_observed_retrieval/summary.csv,leave_MoA_out | DART_recommended | mean_l2,target_hit@5,0.4736842105263157,0.5,0.026315789473684292,0.05555555555555574,0.026315789473684292,0,1,True
exp12_partial_observed_retrieval/summary.csv,leave_MoA_out | DART_recommended | DART_sliced_wasserstein,target_hit@5,0.4736842105263157,0.5,0.026315789473684292,0.05555555555555574,0.026315789473684292,0,1,True
exp12_partial_observed_retrieval/summary.csv,leave_MoA_out | DART_recommended | DART_coverage_worst,target_hit@5,0.4210526315789473,0.4444444444444444,0.02339181286549713,0.0555555555555557,0.02339181286549713,0,1,True
exp12_partial_observed_retrieval/summary.csv,leave_MoA_out | DART_recommended | DART_mmd,target_hit@5,0.4210526315789473,0.4444444444444444,0.02339181286549713,0.0555555555555557,0.02339181286549713,0,1,True
exp12_partial_observed_retrieval/summary.csv,leave_MoA_out | DART_recommended | mean_cosine,target_hit@5,0.5263157894736842,0.5555555555555556,0.0292397660818714,0.055555555555555663,0.0292397660818714,0,1,True
exp12_partial_observed_retrieval/summary.csv,leave_MoA_out | DART_recommended | cmap_match,target_hit@5,0.5263157894736842,0.5555555555555556,0.0292397660818714,0.055555555555555663,0.0292397660818714,0,1,True
upgrade/class_c_protein_oracle.csv,Co-culture | TIMP3,energy_rho,0.4194104370901429,0.4426586682218769,0.023248231131733965,0.05543074057247955,0.023248231131733965,0,1,True
upgrade/class_c_protein_oracle.csv,Control | CCND1,energy_rho,0.2276606972605551,0.2402174830256689,0.012556785765113793,0.055155702834129045,0.012556785765113793,0,1,True
exp12_partial_observed_retrieval/summary.csv,leave_drug_out | mean_or_no_call | DART_energy,n_queries,109.0,103.0,-6.0,-0.05504587155963303,6.0,0,1,True
exp12_partial_observed_retrieval/summary.csv,leave_drug_out | mean_or_no_call | DART_mmd,n_queries,109.0,103.0,-6.0,-0.05504587155963303,6.0,0,1,True
exp12_partial_observed_retrieval/summary.csv,leave_drug_out | mean_or_no_call | DART_sliced_wasserstein,n_queries,109.0,103.0,-6.0,-0.05504587155963303,6.0,0,1,True
exp12_partial_observed_retrieval/summary.csv,leave_drug_out | mean_or_no_call | mean_cosine,n_queries,109.0,103.0,-6.0,-0.05504587155963303,6.0,0,1,True
exp12_partial_observed_retrieval/summary.csv,leave_drug_out | mean_or_no_call | cmap_reverse,n_queries,109.0,103.0,-6.0,-0.05504587155963303,6.0,0,1,True
exp12_partial_observed_retrieval/summary.csv,leave_drug_out | mean_or_no_call | cmap_match,n_queries,109.0,103.0,-6.0,-0.05504587155963303,6.0,0,1,True
exp12_partial_observed_retrieval/summary.csv,leave_drug_out | mean_or_no_call | mean_l2,n_queries,109.0,103.0,-6.0,-0.05504587155963303,6.0,0,1,True
exp12_partial_observed_retrieval/summary.csv,leave_drug_out | mean_or_no_call | DART_coverage_worst,n_queries,109.0,103.0,-6.0,-0.05504587155963303,6.0,0,1,True
exp12_partial_observed_retrieval/summary.csv,leave_drug_out | mean_or_no_call | DART_coverage_mean,n_queries,109.0,103.0,-6.0,-0.05504587155963303,6.0,0,1,True
exp08_signature_baselines/flip_vs_dart.csv,K562+MCF7 | pca_dist,mean_delta_rank,0.5083333333333333,0.5361111111111111,0.02777777777777779,0.054644808743169425,0.02777777777777779,0,1,True
upgrade/class_c_protein_oracle.csv,Co-culture | UQCRH,energy_rho_partial_magmatch,0.4418478585067548,0.4177726014655964,-0.02407525704115837,-0.054487662614280424,0.02407525704115837,0,1,True
upgrade/class_c_protein_oracle.csv,Co-culture | NDUFA13,energy_rho_partial_magmatch,0.5947839452726609,0.5624662283274907,-0.03231771694517016,-0.05433522071675131,0.03231771694517016,0,1,True
upgrade/oracle_shape_test.csv,Co-culture | JAK2,energy_vs_oracleDIST,0.4349779836204854,0.4113892124084001,-0.023588771212085302,-0.0542298049564419,0.023588771212085302,0,1,True
exp11_synthetic_phase_diagram/phase_diagram_source.csv,<column mean>,mrr,0.6066003119822564,0.6394933127572014,0.03289300077494506,0.05422516297008962,0.33333333333333337,0,108,False
exp12_partial_observed_retrieval/recommendation_vs_outcome.csv,mean_or_no_call | DART_energy,n_ndcg_defined,111.0,105.0,-6.0,-0.05405405405405406,6.0,0,1,True
exp12_partial_observed_retrieval/recommendation_vs_outcome.csv,mean_or_no_call | DART_coverage_mean,n_ndcg_defined,111.0,105.0,-6.0,-0.05405405405405406,6.0,0,1,True
exp12_partial_observed_retrieval/recommendation_vs_outcome.csv,mean_or_no_call | DART_sliced_wasserstein,n_ndcg_defined,111.0,105.0,-6.0,-0.05405405405405406,6.0,0,1,True
exp12_partial_observed_retrieval/recommendation_vs_outcome.csv,mean_or_no_call | DART_coverage_worst,n_ndcg_defined,111.0,105.0,-6.0,-0.05405405405405406,6.0,0,1,True
exp12_partial_observed_retrieval/recommendation_vs_outcome.csv,mean_or_no_call | DART_mmd,n_ndcg_defined,111.0,105.0,-6.0,-0.05405405405405406,6.0,0,1,True
exp08_signature_baselines/divergence_stratified.csv,high(<0.3) | frangieh | coverage_mean | hit@1,hit@1_mean,0.4625,0.4875,0.024999999999999967,0.05405405405405398,0.024999999999999967,0,1,True
upgrade/class_c_protein_oracle.csv,Co-culture | KDR,energy_rho_partial_magmatch,0.3788363606458446,0.3583970060272119,-0.020439354618632666,-0.053952990636346045,0.020439354618632666,0,1,True
upgrade/oracle_shape_test.csv,Co-culture | PYGB,energy_vs_oracleDIST,0.5183987203106095,0.4904311395036369,-0.027967580806972592,-0.05394994183283328,0.027967580806972592,0,1,True
upgrade/oracle_shape_test.csv,Control | SSR2,mean_vs_oracleDIST,0.5151040374411362,0.4874564385328334,-0.027647598908302817,-0.05367381518818373,0.027647598908302817,0,1,True
upgrade/oracle_shape_test.csv,Co-culture | PYGB,mean_vs_oracleDIST,0.5361867271607934,0.5076701173386998,-0.028516609822093586,-0.05318410243590743,0.028516609822093586,0,1,True
exp08_signature_baselines/summary.csv,MCF7 | coverage_mean,ndcg@10,0.9261859507142916,0.8769765845238191,-0.04920936619047245,-0.0531311948238054,0.04920936619047245,0,1,True
upgrade/class_c_protein_oracle.csv,Co-culture | AGA,energy_rho,0.4358791407038639,0.4127474382025443,-0.02313170250131963,-0.053069074294232625,0.02313170250131963,0,1,True
upgrade/oracle_shape_test.csv,Co-culture | LCP1,mean_vs_oracleDIST,0.5945024784715541,0.5630059959378433,-0.031496482533710846,-0.05297956471886752,0.031496482533710846,0,1,True
exp12_partial_observed_retrieval/summary.csv,leave_drug_out | mean_or_no_call | DART_coverage_mean,target_mrr,-0.5696513767758468,-0.5395484246691898,0.03010295210665692,0.052844517425790744,0.03010295210665692,0,1,True
upgrade/oracle_shape_test.csv,Co-culture | TM4SF1,mean_vs_oracleDIST,0.5882939926529057,0.5572689380535585,-0.031025054599347235,-0.05273733029201959,0.031025054599347235,0,1,True
upgrade/class_c_protein_oracle.csv,Co-culture | IFNGR1,energy_rho_partial_magmatch,0.3097634810146009,0.3260943469767511,0.01633086596215022,0.05272043660104806,0.01633086596215022,0,1,True
upgrade/oracle_shape_test.csv,Co-culture | IFNGR2,energy_vs_oracleDIST,0.451913481970198,0.4280965257382857,-0.023816956231912267,-0.05270246890638883,0.023816956231912267,0,1,True
upgrade/oracle_shape_test.csv,IFNγ | CDK4,energy_vs_oracleMEAN,0.3191563681727808,0.3358200460021052,0.016663677829324375,0.052211641349118265,0.016663677829324375,0,1,True
upgrade/oracle_shape_test.csv,Co-culture | LGALS3,mean_vs_oracleDIST,0.3862205205514201,0.4063587172758646,0.0201381967244445,0.05214170571696324,0.0201381967244445,0,1,True
upgrade/oracle_shape_test.csv,IFNγ | FBL,magmatch_vs_oracleDIST,0.2329312697360726,0.220802307902226,-0.012128961833846597,-0.05207099007183345,0.012128961833846597,0,1,True
exp12_partial_observed_retrieval/summary.csv,leave_drug_out | mean_or_no_call | DART_mmd,moa_ndcg,0.1381595983688559,0.1453440167709623,0.007184418402106374,0.05200086339948346,0.007184418402106374,0,1,True
upgrade/class_c_protein_oracle.csv,IFNγ | FOS,energy_rho,0.0971278572635244,0.1021631650912058,0.005035307827681398,0.051842056126284675,0.005035307827681398,0,1,True
exp08_signature_baselines/flip_vs_dart.csv,Control+IFNγ | coverage_mean,mean_delta_rank,-0.6444444444444445,-0.6777777777777778,-0.033333333333333326,-0.05172413793103447,0.033333333333333326,0,1,True
upgrade/class_c_magnitude_control_v2.csv,A549 | Alisertib (MLN8237),energy_rho,-0.4141042780748663,-0.3927139037433155,0.021390374331550832,0.05165456012913647,0.021390374331550832,0,1,True
upgrade/class_c_protein_oracle.csv,Co-culture | NEAT1,energy_rho_partial_magmatch,0.4451443791485223,0.4680370123051957,0.022892633156673392,0.05142743394954847,0.022892633156673392,0,1,True
upgrade/oracle_shape_test.csv,Co-culture | RRS1,energy_vs_oracleDIST,0.3817355845272023,0.3621290473159592,-0.019606537211243114,-0.05136156545512188,0.019606537211243114,0,1,True
upgrade/class_c_magnitude_control_v2.csv,"A549 | Luminespib (AUY-922, NVP-AUY922)",energy_rho,-0.6059491978609626,-0.5748663101604279,0.03108288770053469,0.051296194153336895,0.03108288770053469,0,1,True
upgrade/oracle_shape_test.csv,Co-culture | TMEM173,energy_vs_oracleDIST,0.705007938698164,0.6688444629514979,-0.03616347574666612,-0.05129513266679517,0.03616347574666612,0,1,True
exp13_real_data_projection/projection.csv,sciplex3_within_line | A549:Abexinostat (PCI-24781):s0,observed_dart_minority_cov,0.9775093920786028,0.9277312371446976,-0.04977815493390514,-0.05092345438037736,0.04977815493390514,0,1,True
upgrade/oracle_shape_test.csv,Co-culture | CTSO,energy_vs_oracleMEAN,0.4439543548747384,0.4661744665596011,0.02222011168486271,0.05005044198999266,0.02222011168486271,0,1,True
exp08_signature_baselines/summary.csv,MCF7 | coverage_worst,hit@1,0.6666666666666666,0.6333333333333333,-0.033333333333333326,-0.04999999999999999,0.033333333333333326,0,1,True
exp13_real_data_projection/projection.csv,cd34 | CD34+:Sapanisertib:s0,mean_vs_DART_disagreement,0.0672268907563025,0.0705882352941176,0.0033613445378151002,0.04999999999999963,0.0033613445378151002,0,1,True
upgrade/class_c_protein_oracle.csv,Co-culture | CD59,energy_rho,0.0304453256530348,0.0289256365869775,-0.0015196890660572997,-0.0499153493503794,0.0015196890660572997,0,1,True
upgrade/oracle_shape_test.csv,Control | LEF1-AS1,magmatch_vs_oracleDIST,0.2186858070537145,0.2295435853968485,0.010857778343134006,0.049650128142367626,0.010857778343134006,0,1,True
upgrade/class_c_protein_oracle.csv,Co-culture | ATP1B1,energy_rho,0.3759985266429176,0.3945614359208395,0.01856290927792187,0.049369633023990264,0.01856290927792187,0,1,True
exp12_partial_observed_retrieval/summary.csv,leave_drug_out | mean_or_no_call | DART_energy,target_hit@5,-0.5412844036697247,-0.5145631067961165,0.026721296873608247,0.049366463715649136,0.026721296873608247,0,1,True
upgrade/oracle_shape_test.csv,IFNγ | CORO1A,energy_vs_oracleMEAN,0.3769235767286525,0.3585233476338529,-0.018400229094799603,-0.0488168696012506,0.018400229094799603,0,1,True
exp13_real_data_projection/projection.csv,cd34 | CD34+:Dabrafenib:s2,mean_vs_DART_disagreement,0.1378151260504201,0.1445378151260504,0.0067226890756303115,0.04878048780487851,0.0067226890756303115,0,1,True
upgrade/class_c_magnitude_control_v2.csv,K562 | ABT-737,energydist_vs_candmag_rho,0.9324866310160428,0.8870320855614974,-0.045454545454545414,-0.048745519713261604,0.045454545454545414,0,1,True
upgrade/class_c_protein_oracle.csv,Co-culture | TIMP3,energy_rho_partial_magmatch,0.5056377336941822,0.481018075844299,-0.02461965784988318,-0.048690309700607795,0.02461965784988318,0,1,True
upgrade/class_c_protein_oracle.csv,Co-culture | NOLC1,energy_rho_partial_magmatch,0.4009123925894308,0.4203695091531729,0.019457116563742105,0.04853209060980035,0.019457116563742105,0,1,True
upgrade/oracle_shape_test.csv,Control | SLC5A3,magmatch_vs_oracleDIST,0.3890840347458982,0.3702425588134908,-0.018841475932407425,-0.04842520959440641,0.018841475932407425,0,1,True
exp12_partial_observed_retrieval/summary.csv,leave_MoA_out | DART_recommended | mean_l2,target_mrr,0.3392806382627634,0.3556410153632376,0.01636037710047422,0.04822078024919172,0.01636037710047422,0,1,True
upgrade/class_c_magnitude_control_v2.csv,K562 | BMS-754807,energy_rho,-0.6183155080213903,-0.5885695187165776,0.02974598930481276,0.04810810810810799,0.02974598930481276,0,1,True
upgrade/oracle_shape_test.csv,Co-culture | VAT1,mean_vs_oracleDIST,0.5286728377007984,0.5540808788716769,0.02540804117087847,0.048060046514548024,0.02540804117087847,0,1,True
upgrade/oracle_shape_test.csv,Co-culture | TIMP3,energy_vs_oracleMEAN,0.4090587136272209,0.428529274727622,0.019470561100401074,0.047598450911242,0.019470561100401074,0,1,True
upgrade/class_c_protein_oracle.csv,IFNγ | GPNMB,energy_rho,0.2671345541134429,0.2544202966538873,-0.012714257459555567,-0.04759495641344945,0.012714257459555567,0,1,True
upgrade/oracle_shape_test.csv,Co-culture | CCND1,mean_vs_oracleDIST,0.5313716757525617,0.5060825207379063,-0.02528915501465545,-0.04759221495733541,0.02528915501465545,0,1,True
upgrade/class_c_protein_oracle.csv,Co-culture | JAK1,energy_rho_partial_magmatch,0.3803884821005067,0.3983919326749944,0.01800345057448771,0.047329115947655896,0.01800345057448771,0,1,True
upgrade/class_c_protein_oracle.csv,Co-culture | SP100,energy_rho_partial_magmatch,0.5521701032450341,0.5260724551144429,-0.026097648130591233,-0.04726378334723058,0.026097648130591233,0,1,True
upgrade/class_c_protein_oracle.csv,IFNγ | MFGE8,energy_rho_partial_magmatch,0.091470378022949,0.0871477395293231,-0.004322638493625894,-0.047257249691713174,0.004322638493625894,0,1,True
exp12_partial_observed_retrieval/recommendation_vs_outcome.csv,mean_or_no_call | DART_energy,frac_regret_improved,0.6165413533834586,0.6456692913385826,0.029127937955124028,0.047244094488188976,0.029127937955124028,0,1,True
exp11_hir_benchmark/uncertainty_band.csv,mean | DART_mmd | predicted_mean,hit_at_1_mean,0.0283482142857142,0.0270089285714285,-0.0013392857142856991,-0.04724409448818859,0.0013392857142856991,0,1,True
exp12_partial_observed_retrieval/summary.csv,leave_MoA_out | DART_recommended | DART_mmd,target_mrr,0.3931711678031754,0.4117409110841764,0.018569743281000972,0.04723068424563912,0.018569743281000972,0,1,True
exp12_partial_observed_retrieval/summary.csv,leave_MoA_out | DART_recommended | DART_sliced_wasserstein,target_mrr,0.3901056865909065,0.4085154381387258,0.01840975154781932,0.04719170260936272,0.01840975154781932,0,1,True
upgrade/oracle_shape_test.csv,Co-culture | TXNDC17,energy_vs_oracleDIST,0.3660464165395915,0.3488282930891792,-0.017218123450412348,-0.047038087718992976,0.017218123450412348,0,1,True
upgrade/class_c_protein_oracle.csv,Co-culture | P2RX4,energy_rho_partial_magmatch,0.4457385868397474,0.466684118380535,0.0209455315407876,0.04699061772795984,0.0209455315407876,0,1,True
upgrade/class_c_protein_oracle.csv,Co-culture | LAMP2,energy_rho_partial_magmatch,0.2606955936546031,0.2484639499521911,-0.012231643702412004,-0.0469192575560666,0.012231643702412004,0,1,True
upgrade/oracle_shape_test.csv,Co-culture | CCND2,energy_vs_oracleMEAN,0.4259814706814102,0.4060275611676645,-0.019953909513745705,-0.0468422006286493,0.019953909513745705,0,1,True
exp12_partial_observed_retrieval/recommendation_vs_outcome.csv,mean_or_no_call | DART_sliced_wasserstein,frac_regret_improved,0.5864661654135338,0.5590551181102362,-0.027411047303297575,-0.04673934988895612,0.027411047303297575,0,1,True
exp12_partial_observed_retrieval/summary.csv,leave_drug_out | DART_recommended | DART_coverage_worst,moa_mrr,0.3145847665910159,0.3291814850313799,0.014596718440363976,0.04639995317809148,0.014596718440363976,0,1,True
exp08_signature_baselines/summary_by_task.csv,controlled | coverage_mean,rank,1.2,1.2555555555555555,0.05555555555555558,0.04629629629629632,0.05555555555555558,0,1,True
upgrade/class_c_magnitude_control_v2.csv,A549 | Dasatinib,energy_rho,-0.5350935828877006,-0.5103609625668449,0.02473262032085566,0.046221111805121874,0.02473262032085566,0,1,True
exp12_partial_observed_retrieval/recommendation_vs_outcome.csv,DART_recommended | DART_energy,frac_regret_improved,0.6006441223832528,0.6283891547049442,0.027745032321691343,0.04619213155970596,0.027745032321691343,0,1,True
exp11_hir_benchmark/uncertainty_band.csv,worst | DART_coverage_mean | predicted_structure,hit_at_1_mean,0.0633928571428571,0.0662946428571428,0.002901785714285704,0.04577464788732381,0.002901785714285704,0,1,True
exp12_partial_observed_retrieval/recommendation_vs_outcome.csv,DART_recommended | DART_mmd,frac_regret_improved,0.605475040257649,0.6331738437001595,0.027698803442510522,0.04574722589840168,0.027698803442510522,0,1,True
upgrade/oracle_shape_test.csv,Co-culture | NEAT1,energy_vs_oracleMEAN,0.4390378236940606,0.4590529273723338,0.020015103678273194,0.04558856344053977,0.020015103678273194,0,1,True
exp07_ranking_flip/delta_rank_vs_divergence.csv,A549+MCF7 | Rigosertib (ON-01910),top1_flip_rate,0.44,0.46,0.020000000000000018,0.0454545454545455,0.020000000000000018,0,1,True
exp13_real_data_projection/projection.csv,frangieh | IFNγ:EEA1:s2,preference_conflict,0.735593220338983,0.7689265536723164,0.03333333333333344,0.04531490015360998,0.03333333333333344,0,1,True
exp12_partial_observed_retrieval/recommendation_vs_outcome.csv,mean_or_no_call | DART_coverage_mean,n_queries,133.0,127.0,-6.0,-0.045112781954887216,6.0,0,1,True
exp12_partial_observed_retrieval/recommendation_vs_outcome.csv,mean_or_no_call | DART_mmd,n_queries,133.0,127.0,-6.0,-0.045112781954887216,6.0,0,1,True
exp12_partial_observed_retrieval/recommendation_vs_outcome.csv,mean_or_no_call | DART_sliced_wasserstein,n_queries,133.0,127.0,-6.0,-0.045112781954887216,6.0,0,1,True
exp12_partial_observed_retrieval/recommendation_vs_outcome.csv,mean_or_no_call | DART_coverage_worst,n_queries,133.0,127.0,-6.0,-0.045112781954887216,6.0,0,1,True
exp12_partial_observed_retrieval/recommendation_vs_outcome.csv,mean_or_no_call | DART_energy,n_queries,133.0,127.0,-6.0,-0.045112781954887216,6.0,0,1,True
upgrade/class_c_magnitude_control_v2.csv,A549 | AZ 960,energy_rho,-0.2904411764705882,-0.2774064171122995,0.013034759358288683,0.04487917146144965,0.013034759358288683,0,1,True
upgrade/oracle_shape_test.csv,Co-culture | CDKN2B,energy_vs_oracleMEAN,0.2483932936770162,0.2595210778672692,0.011127784190252982,0.044799052444315784,0.011127784190252982,0,1,True
upgrade/oracle_shape_test.csv,Co-culture | SP100,mean_vs_oracleDIST,0.6248545610073499,0.6527545233046982,0.027899962297348258,0.04465032991416395,0.027899962297348258,0,1,True
exp13_real_data_projection/projection.csv,frangieh | IFNγ:SP100:s0,preference_conflict,0.6203389830508474,0.6480225988700565,0.027683615819209084,0.04462659380692175,0.027683615819209084,0,1,True
exp08_signature_baselines/summary.csv,Control+IFNγ | coverage_mean,hit@1,0.5,0.5222222222222223,0.022222222222222254,0.04444444444444451,0.022222222222222254,0,1,True
exp08_signature_baselines/summary_by_task.csv,frangieh | coverage_mean,hit@1,0.5,0.5222222222222223,0.022222222222222254,0.04444444444444451,0.022222222222222254,0,1,True
upgrade/oracle_shape_test.csv,Co-culture | LY96,energy_vs_oracleDIST,0.5371805482116144,0.5135641265245976,-0.02361642168701683,-0.043963657592667495,0.02361642168701683,0,1,True
upgrade/class_c_magnitude_control_v2.csv,K562 | Fulvestrant,energy_rho,-0.6477272727272727,-0.6193181818181819,0.02840909090909083,0.0438596491228069,0.02840909090909083,0,1,True
upgrade/oracle_shape_test.csv,Co-culture | EMP1,energy_vs_oracleMEAN,0.3399082279232441,0.3547981691916632,0.014889941268419082,0.043805768867064415,0.014889941268419082,0,1,True
upgrade/oracle_shape_test.csv,IFNγ | UQCRH,energy_vs_oracleDIST,0.4217509388847738,0.4033043546060582,-0.018446584278715594,-0.04373809890617782,0.018446584278715594,0,1,True
upgrade/oracle_shape_test.csv,Control | NGFR,energy_vs_oracleDIST,0.4430165001454673,0.4236726342904474,-0.019343865855019904,-0.043663985085585354,0.019343865855019904,0,1,True
upgrade/class_c_magnitude_control_v2.csv,MCF7 | Sorafenib Tosylate,energy_rho,-0.2030557677616501,-0.1941940412528647,0.00886172650878539,0.04364183596689268,0.00886172650878539,0,1,True
upgrade/class_c_protein_oracle.csv,IFNγ | FSTL3,energy_rho_partial_magmatch,0.2285795225657219,0.2187116811560303,-0.009867841409691602,-0.04317027745499105,0.009867841409691602,0,1,True
upgrade/oracle_shape_test.csv,Co-culture | WNT7A,mean_vs_oracleDIST,0.4487513240812222,0.4680949272848472,0.019343603203624993,0.04310539527260287,0.019343603203624993,0,1,True
exp08_signature_baselines/summary_by_task.csv,crossline | coverage_mean,rank,2.062962962962963,2.151851851851852,0.08888888888888902,0.04308797127468588,0.08888888888888902,0,1,True
upgrade/class_c_protein_oracle.csv,Co-culture | SNHG6,energy_rho_partial_magmatch,0.295730681445025,0.308441861178952,0.012711179733926992,0.04298228263572964,0.012711179733926992,0,1,True
upgrade/oracle_shape_test.csv,Co-culture | PFN1,energy_vs_oracleDIST,0.3834922569097819,0.3998977221459353,0.016405465236153383,0.04277913032286552,0.016405465236153383,0,1,True
exp08_signature_baselines/summary.csv,A549 | coverage_worst,ndcg@10,0.8646742429762011,0.9015812676190554,0.036907024642854336,0.0426831548905871,0.036907024642854336,0,1,True
upgrade/oracle_shape_test.csv,Co-culture | AGA,mean_vs_oracleDIST,0.2964997923747979,0.3091450385525782,0.01264524617778029,0.042648414949969855,0.01264524617778029,0,1,True
exp11_hir_benchmark/uncertainty_band.csv,mean | DART_coverage_worst | observed,hit_at_1_mean,0.0419642857142857,0.04375,0.0017857142857143002,0.04255319148936206,0.0017857142857143002,0,1,True
upgrade/class_c_protein_oracle.csv,Co-culture | JAK2,energy_rho_partial_magmatch,0.3978405820687115,0.4147366982322611,0.016896116163549635,0.042469564255341576,0.016896116163549635,0,1,True
exp07_ranking_flip/delta_rank_vs_divergence.csv,A549+MCF7 | Epothilone A,ours_hit1,0.96,0.92,-0.039999999999999925,-0.04166666666666659,0.039999999999999925,0,1,True
exp07_ranking_flip/delta_rank_vs_divergence.csv,K562+A549 | KW-2449,delta_rank,0.96,0.92,-0.039999999999999925,-0.04166666666666659,0.039999999999999925,0,1,True
upgrade/oracle_shape_test.csv,Control | MRPL47,energy_vs_oracleDIST,0.320875624848078,0.3341754902121303,0.013299865364052255,0.041448662142377496,0.013299865364052255,0,1,True
upgrade/class_c_protein_oracle.csv,Co-culture | FRZB,energy_rho,0.1193506109161628,0.1242641177898021,0.004913506873639312,0.041168678031240066,0.004913506873639312,0,1,True
upgrade/oracle_shape_test.csv,Control | EMP1,energy_vs_oracleMEAN,0.252746560737941,0.2631496751230804,0.010403114385139411,0.04116026091419629,0.010403114385139411,0,1,True
upgrade/class_c_protein_oracle.csv,Control | EMP1,energy_rho,0.2550211399848613,0.2654695948201054,0.010448454835244092,0.04097093611872466,0.010448454835244092,0,1,True
exp12_partial_observed_retrieval/summary.csv,leave_drug_out | DART_recommended | DART_coverage_mean,target_hit@5,-0.425,-0.4423868312757201,-0.017386831275720105,-0.04091019123698848,0.017386831275720105,0,1,True
exp08_signature_baselines/flip_vs_dart.csv,K562+A549 | pca_dist,top1_flip_rate,0.1361111111111111,0.1305555555555555,-0.005555555555555591,-0.04081632653061251,0.005555555555555591,0,1,True
upgrade/oracle_shape_test.csv,Co-culture | CDK4,mean_vs_oracleDIST,0.4644474418663912,0.4834041730059437,0.018956731139552485,0.040815664875608934,0.018956731139552485,0,1,True
exp11_hir_benchmark/method_dominance.csv,mean | predicted_mean | ndcg,best_value,0.182699910274107,0.1901411508385453,0.0074412405644382895,0.040729306069576615,0.0074412405644382895,0,1,True
exp08_signature_baselines/summary_by_task.csv,frangieh | coverage_worst,mrr,0.6149409527620194,0.6399159065335536,0.024974953771534136,0.040613580311017895,0.024974953771534136,0,1,True
exp08_signature_baselines/summary.csv,Control+IFNγ | coverage_worst,mrr,0.6149409527620194,0.6399159065335536,0.024974953771534136,0.040613580311017895,0.024974953771534136,0,1,True
upgrade/oracle_shape_test.csv,IFNγ | CST3,mean_vs_oracleDIST,0.4380174911959248,0.4202965446441334,-0.017720946551791406,-0.04045716645563097,0.017720946551791406,0,1,True
upgrade/oracle_shape_test.csv,Control | TIMP1,energy_vs_oracleDIST,0.4260176097270379,0.4431096999595714,0.017092090232533497,0.04012061905958513,0.017092090232533497,0,1,True
exp08_signature_baselines/summary.csv,K562 | coverage_mean,hit@1,0.8333333333333334,0.8,-0.033333333333333326,-0.03999999999999999,0.033333333333333326,0,1,True
upgrade/oracle_shape_test.csv,IFNγ | E2F1,energy_vs_oracleMEAN,0.4226314763556976,0.405746989915154,-0.016884486440543578,-0.03995084934547837,0.016884486440543578,0,1,True
upgrade/class_c_protein_oracle.csv,IFNγ | PTMA,energy_rho_partial_magmatch,0.215575221238938,0.2069673696931893,-0.008607851545748696,-0.03992968902584577,0.008607851545748696,0,1,True
upgrade/class_c_protein_oracle.csv,IFNγ | C1QBP,energy_rho,0.2977937182436032,0.2859173781399035,-0.0118763401036997,-0.03988109679998199,0.0118763401036997,0,1,True
exp12_partial_observed_retrieval/summary.csv,leave_drug_out | DART_recommended | DART_energy,moa_hit@1,0.225,0.2160493827160493,-0.008950617283950718,-0.03978052126200319,0.008950617283950718,0,1,True
upgrade/class_c_protein_oracle.csv,Control | SMAD4,energy_rho_partial_magmatch,0.2750414676199916,0.2641018245752796,-0.01093964304471201,-0.039774522508826425,0.01093964304471201,0,1,True
upgrade/class_c_protein_oracle.csv,Control | CTSL,energy_rho,0.3652185850504978,0.3506957869905654,-0.014522798059932396,-0.039764674237277295,0.014522798059932396,0,1,True
upgrade/class_c_protein_oracle.csv,Co-culture | A2M,energy_rho,0.4238235585395927,0.4069737743597644,-0.016849784179828298,-0.039756601161788,0.016849784179828298,0,1,True
exp09_structure_diagnostics/exp09_structure_diagnostics_summary.csv,gaussian | nearest_neighbor,score_disagreement_std,0.1829080905688345,0.17565130841482,-0.007256782154014513,-0.03967447329118304,0.007256782154014513,0,1,True
upgrade/class_c_protein_oracle.csv,Co-culture | IFNGR2,energy_rho_partial_magmatch,0.3947247561634569,0.4103733836653116,0.015648627501854695,0.039644403492580894,0.015648627501854695,0,1,True
upgrade/oracle_shape_test.csv,Co-culture | ACSL3,energy_vs_oracleMEAN,0.2515380770720966,0.261501770171353,0.009963693099256432,0.03961107286512574,0.009963693099256432,0,1,True
upgrade/class_c_magnitude_control_v2.csv,MCF7 | Obatoclax Mesylate (GX15-070),energy_rho,-0.1312452253628724,-0.1260504201680672,0.0051948051948051965,0.03958090803259606,0.0051948051948051965,0,1,True
upgrade/class_c_protein_oracle.csv,Co-culture | NEAT1,energy_rho,0.4483644520171497,0.4660308374100652,0.017666385392915485,0.03940184221437732,0.017666385392915485,0,1,True
upgrade/oracle_shape_test.csv,Control | JMJD7,energy_vs_oracleDIST,0.4602370549866308,0.4422522882773699,-0.017984766709260913,-0.03907718101877595,0.017984766709260913,0,1,True
upgrade/oracle_shape_test.csv,Co-culture | ATP1B1,energy_vs_oracleMEAN,0.3308834324596899,0.3437236667826896,0.012840234322999744,0.03880591490347289,0.012840234322999744,0,1,True
exp08_signature_baselines/flip_vs_dart.csv,Control+IFNγ | pca_dist,top1_flip_rate,0.2888888888888888,0.2777777777777778,-0.011111111111111016,-0.038461538461538144,0.011111111111111016,0,1,True
upgrade/oracle_shape_test.csv,Co-culture | MIA,energy_vs_oracleMEAN,0.2890183353034078,0.2780063810724579,-0.011011954230949916,-0.038101230565146346,0.011011954230949916,0,1,True
exp12_partial_observed_retrieval/summary.csv,leave_MoA_out | DART_recommended | mean_cosine,target_mrr,0.3979047238346114,0.4130555274503174,0.015150803615705977,0.03807646079116012,0.015150803615705977,0,1,True
exp12_partial_observed_retrieval/summary.csv,leave_MoA_out | DART_recommended | cmap_match,target_mrr,0.3979047238346114,0.4130555274503174,0.015150803615705977,0.03807646079116012,0.015150803615705977,0,1,True
upgrade/class_c_protein_oracle.csv,Co-culture | EMP1,energy_rho,0.3199426178381612,0.3321170218834849,0.012174404045323717,0.03805183606856021,0.012174404045323717,0,1,True
upgrade/class_c_magnitude_control_v2.csv,K562 | AZ 960,energy_rho,-0.6945187165775402,-0.6681149732620322,0.026403743315507988,0.03801732435033681,0.026403743315507988,0,1,True
exp11_hir_benchmark/uncertainty_band.csv,worst | DART_coverage_worst | observed,hit_at_1_std,0.3203105556187874,0.332482230493225,0.012171674874437599,0.037999605885369346,0.012171674874437599,0,1,True
upgrade/oracle_shape_test.csv,IFNγ | STX7,magmatch_vs_oracleDIST,0.3543549959065923,0.3676399880446506,0.013284992138058282,0.03749063027619962,0.013284992138058282,0,1,True
upgrade/oracle_shape_test.csv,Co-culture | STAT3,mean_vs_oracleDIST,0.5848260436713696,0.6067248557772219,0.021898812105852317,0.03744500153990728,0.021898812105852317,0,1,True
upgrade/class_c_protein_oracle.csv,Co-culture | TXNDC17,energy_rho_partial_magmatch,0.3479931590826035,0.3609765392208929,0.012983380138289424,0.03730929703479472,0.012983380138289424,0,1,True
upgrade/oracle_shape_test.csv,Co-culture | LGALS3BP,mean_vs_oracleDIST,0.4078841978398871,0.3927649132520477,-0.015119284587839399,-0.03706759091896568,0.015119284587839399,0,1,True
exp07_ranking_flip/delta_rank_vs_divergence.csv,K562+MCF7 | PHA-680632,delta_rank,1.08,1.12,0.040000000000000036,0.03703703703703707,0.040000000000000036,0,1,True
upgrade/class_c_magnitude_control_v2.csv,K562 | BMS-536924,energy_rho,-0.6627673796791445,-0.6383689839572193,0.024398395721925148,0.03681290973272821,0.024398395721925148,0,1,True
exp13_real_data_projection/projection.csv,frangieh | Co-culture:JMJD7:s1,mean_vs_DART_disagreement,0.3256391164060561,0.3136545757543524,-0.011984540651703679,-0.03680313588850162,0.011984540651703679,0,1,True
upgrade/oracle_shape_test.csv,Co-culture | NDUFA13,mean_vs_oracleDIST,0.6487942969961238,0.6726599018109434,0.023865604814819585,0.036784547776261,0.023865604814819585,0,1,True
upgrade/oracle_shape_test.csv,Control | UCN2,magmatch_vs_oracleDIST,0.4143789680765447,0.4296209160534161,0.01524194797687145,0.036782629310607134,0.01524194797687145,0,1,True
upgrade/class_c_protein_oracle.csv,Co-culture | FBXO32,energy_rho_partial_magmatch,0.4654899115001195,0.4483968844057546,-0.017093027094364888,-0.036720510309836224,0.017093027094364888,0,1,True
exp12_partial_observed_retrieval/summary.csv,leave_MoA_out | DART_recommended | cmap_match,decision_regret,0.407735318553691,0.3927744845954739,-0.014960833958217068,-0.0366925141812237,0.014960833958217068,0,1,True
exp12_partial_observed_retrieval/summary.csv,leave_MoA_out | DART_recommended | mean_cosine,decision_regret,0.407735318553691,0.3927744845954739,-0.014960833958217068,-0.0366925141812237,0.014960833958217068,0,1,True
exp12_partial_observed_retrieval/summary.csv,leave_drug_out | mean_or_no_call | DART_energy,moa_hit@5,0.4495412844036697,0.4660194174757281,0.01647813307205842,0.036655438874578936,0.01647813307205842,0,1,True
upgrade/oracle_shape_test.csv,IFNγ | PUF60,mean_vs_oracleDIST,0.3273785297519265,0.3393068496354918,0.011928319883565297,0.03643586490721939,0.011928319883565297,0,1,True
upgrade/oracle_shape_test.csv,Co-culture | SERPINE2,mean_vs_oracleDIST,0.6005464857479923,0.5788063606863851,-0.021740125061607163,-0.03620056994343979,0.021740125061607163,0,1,True
upgrade/class_c_protein_oracle.csv,IFNγ | HLA-B,energy_rho,0.1883908359648096,0.1815762868244253,-0.006814549140384291,-0.036172402471090534,0.006814549140384291,0,1,True
upgrade/oracle_shape_test.csv,IFNγ | TOP1MT,magmatch_vs_oracleDIST,0.4205622706229322,0.4053637934843346,-0.015198477138597621,-0.03613847032946109,0.015198477138597621,0,1,True
exp12_partial_observed_retrieval/summary.csv,leave_drug_out | DART_recommended | DART_coverage_mean,target_mrr,-0.4641675782754022,-0.4807382905701517,-0.01657071229474949,-0.03569984865448244,0.01657071229474949,0,1,True
upgrade/oracle_shape_test.csv,Control | DDX17,magmatch_vs_oracleDIST,-0.2536508508261407,-0.2446343985400375,0.009016452286103205,0.035546706256796005,0.009016452286103205,0,1,True
upgrade/class_c_protein_oracle.csv,Co-culture | STAT1,energy_rho_partial_magmatch,0.3919459954397745,0.4058768646451635,0.013930869205388996,0.03554282826581291,0.013930869205388996,0,1,True
upgrade/class_c_protein_oracle.csv,Co-culture | ATP1B1,energy_rho_partial_magmatch,0.4378829989998082,0.422364101052373,-0.015518897947435217,-0.03544074098077056,0.015518897947435217,0,1,True
exp07_ranking_flip/delta_rank_vs_divergence.csv,K562+A549 | PHA-680632,delta_rank,1.14,1.18,0.040000000000000036,0.03508771929824565,0.040000000000000036,0,1,True
upgrade/class_c_protein_oracle.csv,Control | HLA-C,energy_rho_partial_magmatch,0.2944093965563928,0.3046500409953236,0.010240644438930802,0.03478368747299562,0.010240644438930802,0,1,True
upgrade/oracle_shape_test.csv,Co-culture | VDAC2,magmatch_vs_oracleDIST,0.2687121851379737,0.2780017478740859,0.0092895627361122,0.03457067915004434,0.0092895627361122,0,1,True
exp13_real_data_projection/projection.csv,frangieh | IFNγ:FBL:s2,mean_vs_DART_disagreement,0.2855369996099706,0.2953941070098926,0.009857107399922016,0.034521296411275375,0.009857107399922016,0,1,True
exp12_partial_observed_retrieval/summary.csv,leave_drug_out | mean_or_no_call | DART_mmd,moa_mrr,0.2963130292257533,0.3065260209116774,0.0102129916859241,0.03446690046877109,0.0102129916859241,0,1,True
upgrade/oracle_shape_test.csv,Co-culture | KCNN4,energy_vs_oracleMEAN,0.4371428455598611,0.4522007402692699,0.01505789470940877,0.034446165280650316,0.01505789470940877,0,1,True
upgrade/class_c_protein_oracle.csv,Co-culture | KCNN4,energy_rho,0.4036564043253223,0.4174980844620479,0.013841680136725598,0.03429074824134353,0.013841680136725598,0,1,True
exp12_partial_observed_retrieval/summary.csv,leave_drug_out | mean_or_no_call | DART_sliced_wasserstein,target_mrr,-0.5284914950689643,-0.510607946912003,0.01788354815696136,0.033838857056020716,0.01788354815696136,0,1,True
exp13_real_data_projection/projection.csv,sciplex3_within_line | MCF7:Abexinostat (PCI-24781):s0,preference_conflict,0.4677966101694915,0.4519774011299435,-0.015819209039547977,-0.033816425120772854,0.015819209039547977,0,1,True
upgrade/oracle_shape_test.csv,Co-culture | SNHG6,energy_vs_oracleMEAN,0.3132024725063112,0.3237732083489236,0.010570735842612367,0.03375048657190712,0.010570735842612367,0,1,True
upgrade/class_c_protein_oracle.csv,IFNγ | POLD2,energy_rho,0.4943729289306459,0.4777726664327576,-0.016600262497888263,-0.0335784213221292,0.016600262497888263,0,1,True
exp01_sciplex3_controlled/metrics_summary.csv,<column mean>,coverage_mean_rank_med,1.0,1.0333333333333334,0.03333333333333344,0.03333333333333344,0.5,0,15,False
exp07_ranking_flip/delta_rank_vs_divergence.csv,A549+MCF7 | Rigosertib (ON-01910),delta_rank,0.6,0.62,0.020000000000000018,0.03333333333333337,0.020000000000000018,0,1,True
upgrade/oracle_shape_test.csv,Co-culture | NOLC1,mean_vs_oracleDIST,0.4292235512423052,0.4151189370979614,-0.01410461414434383,-0.03286076475421894,0.01410461414434383,0,1,True
upgrade/oracle_shape_test.csv,Co-culture | TAPBPL,energy_vs_oracleMEAN,0.4621667499677124,0.4772617102640981,0.015094960296385684,0.03266128577497243,0.015094960296385684,0,1,True
exp08_signature_baselines/summary.csv,K562+A549 | global_energy,median_rank_proxy,2.3833333333333333,2.4611111111111112,0.07777777777777795,0.0326340326340327,0.07777777777777795,0,1,True
exp13_real_data_projection/projection.csv,frangieh | Co-culture:SNHG6:s2,mean_vs_DART_disagreement,0.2556465624224374,0.2473141155196256,-0.008332446902811791,-0.03259361997226087,0.008332446902811791,0,1,True
upgrade/class_c_protein_oracle.csv,Co-culture | SNHG6,energy_rho,0.2984128105655612,0.3080410895197632,0.00962827895420204,0.03226496522034101,0.00962827895420204,0,1,True
exp07_ranking_flip/delta_rank_vs_divergence.csv,K562+A549 | KW-2449,top1_flip_rate,0.62,0.64,0.020000000000000018,0.03225806451612906,0.020000000000000018,0,1,True
exp11_hir_benchmark/uncertainty_band.csv,mean | DART_coverage_mean | observed,hit_at_1_mean,0.0276785714285714,0.0285714285714285,0.0008928571428571015,0.032258064516127574,0.0008928571428571015,0,1,True
upgrade/oracle_shape_test.csv,Co-culture | B2M,mean_vs_oracleDIST,0.4703860438798634,0.4855431138055945,0.015157069925731126,0.03222261825778624,0.015157069925731126,0,1,True
upgrade/class_c_magnitude_control_v2.csv,K562 | Lenalidomide (CC-5013),energy_rho,-0.7282754010695188,-0.7048796791443851,0.023395721925133728,0.03212482790270771,0.023395721925133728,0,1,True
upgrade/oracle_shape_test.csv,Co-culture | A2M,energy_vs_oracleMEAN,0.4233718216983104,0.4098266662574008,-0.013545155440909618,-0.03199352140767113,0.013545155440909618,0,1,True
upgrade/class_c_protein_oracle.csv,Co-culture | TAPBPL,energy_rho,0.4646617272911021,0.4794782553802509,0.014816528089148795,0.03188669782537633,0.014816528089148795,0,1,True
upgrade/oracle_shape_test.csv,Co-culture | JAK1,energy_vs_oracleDIST,0.4414806775357639,0.427410812379211,-0.014069865156552896,-0.031869719044302025,0.014069865156552896,0,1,True
upgrade/class_c_protein_oracle.csv,Co-culture | GPNMB,energy_rho_partial_magmatch,0.4036888367139272,0.390823603134127,-0.012865233579800184,-0.031869183414940674,0.012865233579800184,0,1,True
exp12_partial_observed_retrieval/recommendation_vs_outcome.csv,DART_recommended | DART_sliced_wasserstein,frac_regret_improved,0.6183574879227053,0.6379585326953748,0.01960104477266955,0.03169856459330154,0.01960104477266955,0,1,True
upgrade/oracle_shape_test.csv,Control | CTSL,energy_vs_oracleMEAN,0.3721934576249413,0.3839871333837936,0.011793675758852262,0.03168695074360154,0.011793675758852262,0,1,True
exp13_real_data_projection/projection.csv,frangieh | IFNγ:SP100:s0,structure_reliability_score,0.3690249537716255,0.3806553146122187,0.011630360840593212,0.03151646175068901,0.011630360840593212,0,1,True
exp12_partial_observed_retrieval/summary.csv,leave_drug_out | mean_or_no_call | DART_mmd,target_hit@5,-0.5412844036697247,-0.5242718446601942,0.01701255900953058,0.03142998189896328,0.01701255900953058,0,1,True
upgrade/class_c_protein_oracle.csv,Control | SINHCAF,energy_rho_partial_magmatch,0.4542911587381752,0.4685129465876903,0.01422178784951511,0.03130544712562115,0.01422178784951511,0,1,True
upgrade/class_c_magnitude_control_v2.csv,A549 | UNC0379,energydist_vs_candmag_rho,0.374331550802139,0.3860294117647059,0.01169786096256692,0.0312500000000002,0.01169786096256692,0,1,True
exp07_ranking_flip/delta_rank_vs_divergence.csv,K562+A549 | JNJ-7706621,top1_flip_rate,0.64,0.66,0.020000000000000018,0.03125000000000003,0.020000000000000018,0,1,True
exp12_partial_observed_retrieval/summary.csv,leave_drug_out | mean_or_no_call | cmap_match,moa_hit@5,0.3577981651376147,0.3689320388349514,0.011133873697336705,0.031117749564351302,0.011133873697336705,0,1,True
exp12_partial_observed_retrieval/summary.csv,leave_drug_out | mean_or_no_call | mean_cosine,moa_hit@5,0.3577981651376147,0.3689320388349514,0.011133873697336705,0.031117749564351302,0.011133873697336705,0,1,True
exp13_real_data_projection/projection.csv,frangieh | IFNγ:SNHG6:s2,structure_reliability_score,0.3617639119669155,0.373019806729884,0.01125589476296851,0.031113923723817702,0.01125589476296851,0,1,True
exp08_signature_baselines/summary_by_task.csv,controlled | coverage_mean,mrr,0.9037037037037036,0.8759259259259259,-0.02777777777777768,-0.030737704918032682,0.02777777777777768,0,1,True
upgrade/oracle_shape_test.csv,Co-culture | LY96,mean_vs_oracleDIST,0.5063941033284318,0.4908613057858801,-0.015532797542551713,-0.03067333809864214,0.015532797542551713,0,1,True
upgrade/oracle_shape_test.csv,IFNγ | RBP7,energy_vs_oracleMEAN,0.2285088300651046,0.2215539355190831,-0.006954894546021523,-0.030435999099203297,0.006954894546021523,0,1,True
exp11_hir_benchmark/uncertainty_band.csv,mean | DART_coverage_mean | predicted_structure,hit_at_1_std,0.183327293886299,0.188893102767039,0.005565808880739986,0.030359957662343194,0.005565808880739986,0,1,True
exp12_partial_observed_retrieval/summary.csv,leave_drug_out | mean_or_no_call | mean_l2,target_mrr,-0.5571770526784826,-0.5402617360155045,0.016915316662978075,0.030358961449797914,0.016915316662978075,0,1,True
exp11_hir_benchmark/uncertainty_band.csv,worst | DART_mmd | predicted_structure,hit_at_1_mean,0.0368303571428571,0.0357142857142857,-0.0011160714285714038,-0.030303030303029662,0.0011160714285714038,0,1,True
exp08_signature_baselines/summary.csv,MCF7 | coverage_worst,mrr,0.8277777777777777,0.8027777777777777,-0.025000000000000022,-0.030201342281879224,0.025000000000000022,0,1,True
exp11_hir_benchmark/phase_grid_method_performance.csv,<column mean>,hit_at_1,0.04176587301587301,0.043022486772486775,0.0012566137566137614,0.030087094220110962,1.0,2084,241920,False
exp13_real_data_projection/projection.csv,frangieh | IFNγ:PFDN4:s0,structure_reliability_score,0.4328965564773464,0.4458526249806971,0.012956068503350737,0.029928786241173837,0.012956068503350737,0,1,True
upgrade/class_c_protein_oracle.csv,IFNγ | E2F1,energy_rho,0.4425927514196976,0.4294054812677868,-0.01318727015191079,-0.029795495090261186,0.01318727015191079,0,1,True
upgrade/oracle_shape_test.csv,Co-culture | TIMM50,energy_vs_oracleDIST,0.6203592002867949,0.6020256343282934,-0.018333565958501552,-0.029553145903253888,0.018333565958501552,0,1,True
exp13_real_data_projection/projection.csv,cd34 | CD34+:Chaetocin:s2,mean_vs_DART_disagreement,0.4,0.388235294117647,-0.01176470588235301,-0.029411764705882526,0.01176470588235301,0,1,True
exp08_signature_baselines/flip_vs_dart.csv,A549+MCF7 | mean_cosine,mean_delta_rank,-0.4722222222222222,-0.4583333333333333,0.013888888888888895,0.029411764705882366,0.013888888888888895,0,1,True
exp08_signature_baselines/flip_vs_dart.csv,A549+MCF7 | cmap_cosine,mean_delta_rank,-0.4722222222222222,-0.4583333333333333,0.013888888888888895,0.029411764705882366,0.013888888888888895,0,1,True
upgrade/oracle_shape_test.csv,Co-culture | JAK2,mean_vs_oracleDIST,0.4128892103813759,0.4008220452211744,-0.01206716516020151,-0.029226157663590574,0.01206716516020151,0,1,True
upgrade/class_c_magnitude_control_v2.csv,"A549 | Rucaparib (AG-014699,PF-01367338) phosphate",energy_rho,-0.4575534759358288,-0.4441844919786097,0.013368983957219083,0.029218407596785612,0.013368983957219083,0,1,True
exp13_real_data_projection/projection.csv,sciplex3_cross_line | K562->A549:Ellagic acid:s2,mean_vs_DART_disagreement,0.0905640848714852,0.0932091311597952,0.002645046288309999,0.02920634920634871,0.002645046288309999,0,1,True
upgrade/oracle_shape_test.csv,IFNγ | JAK2,energy_vs_oracleDIST,0.5075487635309863,0.5223006250568529,0.014751861525866605,0.029064914715265563,0.014751861525866605,0,1,True
upgrade/class_c_protein_oracle.csv,IFNγ | BZW2,energy_rho,0.3796214259668824,0.3687249018816549,-0.01089652408522751,-0.028703659329750546,0.01089652408522751,0,1,True
exp13_real_data_projection/projection.csv,sciplex3_cross_line | K562->MCF7:ABT-737:s0,preference_conflict,0.1378531073446328,0.1338983050847457,-0.003954802259887091,-0.02868852459016455,0.003954802259887091,0,1,True
exp11_synthetic_phase_diagram/boundary_contour.csv,<column mean>,max_advantage,0.7291666666666667,0.75,0.02083333333333326,0.028571428571428466,0.08333333333333326,0,4,False
exp12_partial_observed_retrieval/summary.csv,leave_drug_out | DART_recommended | mean_l2,moa_hit@1,0.2541666666666666,0.2469135802469135,-0.007253086419753085,-0.028536733454766244,0.007253086419753085,0,1,True
upgrade/class_c_protein_oracle.csv,IFNγ | FOXM1,energy_rho_partial_magmatch,0.263799981807077,0.2713193767624394,0.007519394955362413,0.02850415266844681,0.007519394955362413,0,1,True
upgrade/oracle_shape_test.csv,Co-culture | TMEM173,mean_vs_oracleDIST,0.6849797746354032,0.6656185985849054,-0.019361176050497808,-0.028265325148911523,0.019361176050497808,0,1,True
exp08_signature_baselines/summary.csv,K562 | coverage_mean,median_rank_proxy,1.2,1.2333333333333334,0.03333333333333344,0.027777777777777866,0.03333333333333344,0,1,True
exp13_real_data_projection/projection.csv,sciplex3_cross_line | K562->MCF7:IOX2:s2,preference_conflict,0.1423728813559321,0.1384180790960452,-0.003954802259886897,-0.027777777777777037,0.003954802259886897,0,1,True
upgrade/class_c_magnitude_control_v2.csv,MCF7 | Ruxolitinib (INCB018424),energy_rho,-0.5202444614209321,-0.5058823529411766,0.014362108479755498,0.027606461086637217,0.014362108479755498,0,1,True
upgrade/class_c_protein_oracle.csv,IFNγ | RBP7,energy_rho,0.1969051239068002,0.1915200684885822,-0.0053850554182180155,-0.02734847784238915,0.0053850554182180155,0,1,True
exp13_real_data_projection/projection.csv,cd34 | CD34+:BMS-536924:s2,mean_vs_DART_disagreement,0.4302521008403361,0.442016806722689,0.0117647058823529,0.027343749999999906,0.0117647058823529,0,1,True
exp08_signature_baselines/flip_vs_dart.csv,A549+MCF7 | pca_dist,mean_delta_rank,-0.5083333333333333,-0.4944444444444444,0.013888888888888895,0.027322404371584712,0.013888888888888895,0,1,True
upgrade/oracle_shape_test.csv,Co-culture | XAGE1A,energy_vs_oracleDIST,0.6559745961733255,0.6380835006593619,-0.017891095513963617,-0.02727406765190694,0.017891095513963617,0,1,True
upgrade/oracle_shape_test.csv,Co-culture | CYP27A1,energy_vs_oracleMEAN,0.3250507190434298,0.3338781202419224,0.008827401198492624,0.027156996374197225,0.008827401198492624,0,1,True
upgrade/class_c_magnitude_control_v2.csv,MCF7 | (+)-JQ1,energydist_vs_candmag_rho,0.0337662337662337,0.0346829640947288,0.0009167303284950967,0.027149321266970224,0.0009167303284950967,0,1,True
upgrade/oracle_shape_test.csv,Control | SGK1,energy_vs_oracleDIST,0.3747597191536255,0.3645875971198738,-0.010172122033751674,-0.02714305063715188,0.010172122033751674,0,1,True
upgrade/oracle_shape_test.csv,Co-culture | TIMM50,magmatch_vs_oracleDIST,0.3502020364065145,0.3597012513689653,0.00949921496245082,0.027124956382104333,0.00949921496245082,0,1,True
exp08_signature_baselines/flip_vs_dart.csv,Control+IFNγ | mean_cosine,mean_topk_overlap,0.3236331569664903,0.3148589065255732,-0.00877425044091712,-0.027111716621253442,0.00877425044091712,0,1,True
exp08_signature_baselines/flip_vs_dart.csv,Control+IFNγ | cmap_cosine,mean_topk_overlap,0.3236331569664903,0.3148589065255732,-0.00877425044091712,-0.027111716621253442,0.00877425044091712,0,1,True
upgrade/oracle_shape_test.csv,Co-culture | IFNGR1,mean_vs_oracleDIST,0.3326144153859251,0.323620219046036,-0.008994196339889127,-0.02704090960535598,0.008994196339889127,0,1,True
exp13_real_data_projection/projection.csv,sciplex3_cross_line | K562->MCF7:Lapatinib (GW-572016) Ditosylate:s1,preference_conflict,0.188135593220339,0.1932203389830508,0.005084745762711812,0.027027027027026748,0.005084745762711812,0,1,True
upgrade/oracle_shape_test.csv,IFNγ | JAK2,mean_vs_oracleDIST,0.454188400712123,0.4662425116629631,0.01205411095084008,0.02653989166597036,0.01205411095084008,0,1,True
upgrade/class_c_protein_oracle.csv,Co-culture | MIA,energy_rho,0.2729017547659684,0.2656901814997547,-0.007211573266213689,-0.026425529115406743,0.007211573266213689,0,1,True
exp12_partial_observed_retrieval/summary.csv,leave_drug_out | mean_or_no_call | DART_mmd,moa_hit@5,0.4587155963302752,0.4466019417475728,-0.012113654582702416,-0.02640776699029127,0.012113654582702416,0,1,True
exp08_signature_baselines/flip_vs_dart.csv,A549+MCF7 | pca_dist,top1_flip_rate,0.1055555555555555,0.1083333333333333,0.0027777777777777957,0.026315789473684393,0.0027777777777777957,0,1,True
upgrade/coverage_by_identifiability.csv,<column mean>,hit_at_1,0.20994475138121546,0.20441988950276244,-0.0055248618784530246,-0.026315789473684143,1.0,3,543,False
upgrade/oracle_shape_test.csv,IFNγ | STAT1,energy_vs_oracleDIST,0.5253257380419951,0.5391046482918145,0.013778910249819365,0.026229269293327227,0.013778910249819365,0,1,True
exp08_signature_baselines/flip_vs_dart.csv,A549+MCF7 | cmap_wtcs,mean_delta_rank,-0.5305555555555556,-0.5166666666666667,0.01388888888888884,0.026178010471204095,0.01388888888888884,0,1,True
exp12_partial_observed_retrieval/summary.csv,leave_drug_out | DART_recommended | DART_coverage_worst,target_hit@5,-0.4479166666666667,-0.4362139917695473,0.011702674897119403,0.02612690209589448,0.011702674897119403,0,1,True
exp12_partial_observed_retrieval/summary.csv,leave_drug_out | mean_or_no_call | cmap_reverse,target_mrr,-0.5903530314678334,-0.5751484592628817,0.015204572204951639,0.025755050612931582,0.015204572204951639,0,1,True
exp11_hir_benchmark/phase_grid_method_performance.csv,<column mean>,hit_at_5,0.16743138227513227,0.17173445767195766,0.004303075396825395,0.025700530798666823,1.0,4859,241920,False
upgrade/class_c_magnitude_control_v2.csv,"K562 | Temsirolimus (CCI-779, NSC 683864)",energy_rho,-0.7165775401069518,-0.6981951871657754,0.018382352941176405,0.025652985074626777,0.018382352941176405,0,1,True
exp12_partial_observed_retrieval/summary.csv,leave_drug_out | mean_sufficient | cmap_reverse,decision_regret,4.296388019214977,4.405924190174449,0.10953617095947266,0.025494943768949153,0.10953617095947266,0,1,True
exp12_partial_observed_retrieval/summary.csv,leave_drug_out | DART_recommended | DART_coverage_worst,moa_hit@5,0.4895833333333333,0.5020576131687243,0.012474279835391011,0.0254793800893093,0.012474279835391011,0,1,True
exp13_real_data_projection/projection.csv,sciplex3_within_line | MCF7:Abexinostat (PCI-24781):s0,mean_vs_DART_disagreement,0.1546202058536024,0.1585492077597372,0.003929001906134794,0.02541066275551886,0.003929001906134794,0,1,True
exp13_real_data_projection/projection.csv,sciplex3_cross_line | K562->A549:Sirtinol:s1,mean_vs_DART_disagreement,0.0886665516646541,0.0909090909090908,0.002242539244436695,0.025291828793773393,0.002242539244436695,0,1,True
upgrade/class_c_magnitude_control_v2.csv,A549 | Cediranib (AZD2171),energy_rho,-0.4642379679144385,-0.4525401069518716,0.01169786096256692,0.02519798416126726,0.01169786096256692,0,1,True
upgrade/class_c_magnitude_control_v2.csv,K562 | GSK-LSD1 2HCl,energy_rho,-0.7459893048128343,-0.7272727272727273,0.018716577540107027,0.025089605734767123,0.018716577540107027,0,1,True
exp13_real_data_projection/projection.csv,sciplex3_cross_line | K562->MCF7:AG-490 (Tyrphostin B42):s1,preference_conflict,0.1581920903954802,0.1621468926553672,0.00395480225988698,0.024999999999999842,0.00395480225988698,0,1,True
upgrade/class_c_protein_oracle.csv,Control | CTSL,energy_rho_partial_magmatch,0.3781254998469759,0.3687022429668775,-0.00942325688009843,-0.024920976987566137,0.00942325688009843,0,1,True
exp07_ranking_flip/delta_rank_vs_divergence.csv,"K562+A549 | Patupilone (EPO906, Epothilone B)",delta_rank,-4.84,-4.96,-0.1200000000000001,-0.024793388429752088,0.1200000000000001,0,1,True
exp13_real_data_projection/projection.csv,sciplex3_cross_line | A549->MCF7:Abexinostat (PCI-24781):s0,mean_vs_DART_disagreement,0.1025817951814156,0.1051118394571904,0.002530044275774801,0.02466367713004462,0.002530044275774801,0,1,True
upgrade/class_c_magnitude_control_v2.csv,K562 | PCI-34051,energy_rho,-0.652072192513369,-0.636029411764706,0.016042780748663055,0.02460276781137871,0.016042780748663055,0,1,True
upgrade/class_c_magnitude_control_v2.csv,MCF7 | BMS-754807,energy_rho,-0.4349885408708938,-0.4456837280366691,-0.010695187165775333,-0.02458728486125731,0.010695187165775333,0,1,True
exp13_real_data_projection/projection.csv,sciplex3_cross_line | K562->A549:Lapatinib (GW-572016) Ditosylate:s0,mean_vs_DART_disagreement,0.0913115979529641,0.0935541371974009,0.002242539244436792,0.024559193954660125,0.002242539244436792,0,1,True
exp12_partial_observed_retrieval/summary.csv,leave_drug_out | DART_recommended | cmap_reverse,moa_ndcg,0.0666516023716842,0.0682837824949909,0.0016321801233066952,0.024488235319607247,0.0016321801233066952,0,1,True
exp12_partial_observed_retrieval/summary.csv,partial_library | DART_recommended | mean_cosine,decision_regret,0.1674362670543581,0.1633384394091229,-0.004097827645235197,-0.024473954880425274,0.004097827645235197,0,1,True
exp12_partial_observed_retrieval/summary.csv,partial_library | DART_recommended | cmap_match,decision_regret,0.1674362670543581,0.1633384394091229,-0.004097827645235197,-0.024473954880425274,0.004097827645235197,0,1,True
upgrade/oracle_shape_test.csv,IFNγ | JAK1,mean_vs_oracleDIST,0.4253209101659454,0.4149207958104297,-0.010400114355515744,-0.024452393726558098,0.010400114355515744,0,1,True
exp13_real_data_projection/projection.csv,sciplex3_cross_line | K562->A549:Lapatinib (GW-572016) Ditosylate:s1,mean_vs_DART_disagreement,0.0958138062214874,0.0981542176988097,0.0023404114773223073,0.024426662185949584,0.0023404114773223073,0,1,True
exp12_partial_observed_retrieval/summary.csv,leave_drug_out | mean_or_no_call | cmap_reverse,target_hit@5,-0.5871559633027523,-0.5728155339805825,0.014340429322169834,0.0244235436893205,0.014340429322169834,0,1,True
exp07_ranking_flip/delta_rank_vs_divergence.csv,K562+A549 | PHA-680632,ours_hit1,0.82,0.84,0.020000000000000018,0.024390243902439046,0.020000000000000018,0,1,True
exp11_hir_benchmark/method_dominance.csv,mean | predicted_mean | mrr,best_value,0.1433540060379349,0.146841463594173,0.0034874575562380827,0.024327590505669006,0.0034874575562380827,0,1,True
exp12_partial_observed_retrieval/summary.csv,leave_drug_out | mean_or_no_call | DART_coverage_worst,target_mrr,-0.5565540304575567,-0.5430498608904113,0.013504169567145397,0.024263896815271087,0.013504169567145397,0,1,True
upgrade/oracle_shape_test.csv,IFNγ | GAA,magmatch_vs_oracleDIST,0.1838186945278287,0.1882775200447026,0.004458825516873904,0.024256648804558197,0.004458825516873904,0,1,True
upgrade/oracle_shape_test.csv,Co-culture | MRPL47,mean_vs_oracleDIST,0.2320045127352144,0.2263856014094189,-0.005618911325795506,-0.024218974275764804,0.005618911325795506,0,1,True
upgrade/oracle_shape_test.csv,IFNγ | EEF1G,energy_vs_oracleDIST,0.4077080815562746,0.3979348433459385,-0.0097732382103361,-0.02397116626442719,0.0097732382103361,0,1,True
upgrade/class_c_magnitude_control_v2.csv,MCF7 | PD173074,energy_rho,-0.5226890756302521,-0.5352177234530175,-0.012528647822765415,-0.023969599532300392,0.012528647822765415,0,1,True
exp07_ranking_flip/delta_rank_vs_divergence.csv,K562+A549 | KW-2449,ours_hit1,0.84,0.82,-0.020000000000000018,-0.023809523809523832,0.020000000000000018,0,1,True
exp11_hir_benchmark/uncertainty_band.csv,mean | DART_energy | predicted_structure,hit_at_1_mean,0.0564732142857142,0.0578125,0.0013392857142857997,0.023715415019764395,0.0013392857142857997,0,1,True
exp12_partial_observed_retrieval/recommendation_vs_outcome.csv,mean_or_no_call | DART_mmd,median_regret_reduction,0.044158935546875,0.045206069946289,0.001047134399414,0.023712854181062858,0.001047134399414,0,1,True
exp13_real_data_projection/projection.csv,sciplex3_cross_line | K562->MCF7:Dasatinib:s2,preference_conflict,0.1203389830508474,0.1231638418079096,0.0028248587570621903,0.02347417840375624,0.0028248587570621903,0,1,True
exp08_signature_baselines/flip_vs_dart.csv,K562 | coverage_mean,mean_topk_overlap,0.6095238095238095,0.5952380952380952,-0.014285714285714235,-0.02343749999999992,0.014285714285714235,0,1,True
exp07_ranking_flip/ranking_flip_summary.csv,K562+MCF7,mean_delta_rank,0.5693333333333334,0.556,-0.013333333333333308,-0.023419203747072553,0.013333333333333308,0,1,True
upgrade/class_c_magnitude_control_v2.csv,A549 | AZ 960,energydist_vs_candmag_rho,0.4425133689839572,0.4321524064171123,-0.010360962566844933,-0.023413897280966798,0.010360962566844933,0,1,True
exp12_partial_observed_retrieval/per_query_scores.csv,<column mean>,moa_hit@1,0.11782945736434108,0.11507321274763135,-0.00275624461670973,-0.02339181286549705,1.0,218,5805,False
upgrade/class_c_magnitude_control_v2.csv,A549 | Fulvestrant,energy_rho,-0.6584224598930482,-0.643048128342246,0.015374331550802145,0.02335025380710661,0.015374331550802145,0,1,True
exp08_signature_baselines/flip_vs_dart.csv,K562+A549 | coverage_mean,top1_flip_rate,0.2388888888888889,0.2333333333333333,-0.005555555555555591,-0.02325581395348852,0.005555555555555591,0,1,True
exp11_hir_benchmark/uncertainty_band.csv,mean | DART_mmd | predicted_mean,hit_at_1_std,0.1659656381077887,0.1621093653952542,-0.0038562727125344975,-0.023235368215377136,0.0038562727125344975,0,1,True
upgrade/class_c_protein_oracle.csv,IFNγ | SET,energy_rho_partial_magmatch,0.18247969539849,0.1866921367588008,0.00421244136031082,0.023084438798036695,0.00421244136031082,0,1,True
exp07_ranking_flip/ranking_flip_summary.csv,A549+MCF7,mean_delta_rank,0.4666666666666667,0.456,-0.010666666666666658,-0.022857142857142836,0.010666666666666658,0,1,True
exp08_signature_baselines/flip_vs_dart.csv,Control+IFNγ | cmap_wtcs,mean_topk_overlap,0.3041005291005291,0.2971781305114638,-0.006922398589065293,-0.022763520371175995,0.006922398589065293,0,1,True
exp08_signature_baselines/flip_vs_dart.csv,Control+IFNγ | coverage_mean,top1_flip_rate,0.4888888888888889,0.4777777777777778,-0.011111111111111072,-0.022727272727272648,0.011111111111111072,0,1,True
upgrade/oracle_shape_test.csv,Co-culture | MFGE8,energy_vs_oracleMEAN,0.319753815004497,0.3270082453556529,0.007254430351155916,0.022687549016589183,0.007254430351155916,0,1,True
upgrade/class_c_protein_oracle.csv,IFNγ | HLA-H,energy_rho,0.2276475842780954,0.2224854131742752,-0.005162171103820196,-0.022676151474175375,0.005162171103820196,0,1,True
exp13_real_data_projection/projection.csv,sciplex3_cross_line | A549->MCF7:UNC0379:s1,preference_conflict,0.1497175141242938,0.1463276836158192,-0.003389830508474606,-0.022641509433962464,0.003389830508474606,0,1,True
upgrade/class_c_magnitude_control_v2.csv,A549 | A-366,energy_rho,-0.6814839572192515,-0.6661096256684492,0.015374331550802256,0.022560078469838322,0.015374331550802256,0,1,True
exp13_real_data_projection/projection.csv,sciplex3_cross_line | K562->A549:IOX2:s2,mean_vs_DART_disagreement,0.0894715657524006,0.091484100971767,0.002012535219366396,0.022493573264782143,0.002012535219366396,0,1,True
exp12_partial_observed_retrieval/summary.csv,leave_MoA_out | mean_or_no_call | cmap_reverse,decision_regret,0.773141167380593,0.7557673454284668,-0.017373821952126223,-0.022471733087230158,0.017373821952126223,0,1,True
upgrade/class_c_protein_oracle.csv,Co-culture | CCT3,energy_rho,0.3448611169830465,0.3525691237200571,0.007708006737010609,0.022351046138348898,0.007708006737010609,0,1,True
exp13_real_data_projection/projection.csv,sciplex3_cross_line | K562->A549:SRT2104 (GSK2245840):s2,mean_vs_DART_disagreement,0.0902190788338795,0.0922316140532459,0.002012535219366396,0.02230720203951627,0.002012535219366396,0,1,True
exp11_hir_benchmark/uncertainty_band.csv,mean | DART_energy | predicted_mean,hit_at_1_mean,0.0301339285714285,0.0308035714285714,0.0006696428571428999,0.022222222222223694,0.0006696428571428999,0,1,True
exp07_ranking_flip/delta_rank_vs_divergence.csv,K562+A549 | TG101209,ours_hit1,0.9,0.88,-0.020000000000000018,-0.02222222222222224,0.020000000000000018,0,1,True
exp13_real_data_projection/projection.csv,sciplex3_cross_line | K562->A549:Disulfiram:s0,mean_vs_DART_disagreement,0.0830889540566959,0.0849289862572594,0.0018400322005635017,0.02214532871972311,0.0018400322005635017,0,1,True
exp08_signature_baselines/summary_by_task.csv,crossline | global_energy,rank,1.8,1.8398148148148148,0.03981481481481475,0.02211934156378597,0.03981481481481475,0,1,True
exp08_signature_baselines/summary_by_task.csv,controlled | coverage_mean,ndcg@10,0.9288319561904814,0.9083280536111178,-0.02050390257936363,-0.022074932330556858,0.02050390257936363,0,1,True
exp12_partial_observed_retrieval/recommendation_vs_outcome.csv,mean_or_no_call | DART_mmd,frac_regret_improved,0.6240601503759399,0.6377952755905512,0.013735125214611288,0.022009297030642184,0.013735125214611288,0,1,True
exp12_partial_observed_retrieval/summary.csv,leave_drug_out | DART_recommended | DART_sliced_wasserstein,target_hit@5,-0.4208333333333333,-0.4300411522633744,-0.009207818930041134,-0.02187996577435517,0.009207818930041134,0,1,True
exp11_hir_benchmark/uncertainty_band.csv,worst | DART_coverage_mean | observed,hit_at_1_mean,0.0511160714285714,0.0522321428571428,0.0011160714285714038,0.021834061135370706,0.0011160714285714038,0,1,True
exp08_signature_baselines/summary.csv,MCF7 | coverage_worst,ndcg@10,0.8726122594047705,0.8536348113405503,-0.018977448064220193,-0.021747858639030764,0.018977448064220193,0,1,True
exp07_ranking_flip/delta_rank_vs_divergence.csv,K562+A549 | JNJ-7706621,ours_hit1,0.92,0.9,-0.020000000000000018,-0.021739130434782625,0.020000000000000018,0,1,True
exp07_ranking_flip/delta_rank_vs_divergence.csv,"K562+MCF7 | Tozasertib (VX-680, MK-0457)",top1_flip_rate,0.92,0.94,0.019999999999999907,0.021739130434782507,0.019999999999999907,0,1,True
exp07_ranking_flip/delta_rank_vs_divergence.csv,A549+MCF7 | Rigosertib (ON-01910),ours_hit1,0.92,0.94,0.019999999999999907,0.021739130434782507,0.019999999999999907,0,1,True
upgrade/class_c_magnitude_control_v2.csv,A549 | Sorafenib Tosylate,energy_rho,-0.4769385026737968,-0.4665775401069519,0.010360962566844878,0.02172389628591442,0.010360962566844878,0,1,True
exp12_partial_observed_retrieval/summary.csv,leave_drug_out | DART_recommended | cmap_reverse,moa_hit@1,0.0604166666666666,0.0617283950617283,0.0013117283950617037,0.02171136653895236,0.0013117283950617037,0,1,True
exp13_real_data_projection/projection.csv,sciplex3_cross_line | K562->A549:Resveratrol:s1,preference_conflict,0.1310734463276836,0.1282485875706214,-0.002824858757062204,-0.021551724137931473,0.002824858757062204,0,1,True
upgrade/class_c_magnitude_control_v2.csv,A549 | Entinostat (MS-275),energy_rho,-0.3723262032085562,-0.3643048128342246,0.008021390374331583,0.021543985637342992,0.008021390374331583,0,1,True
exp13_real_data_projection/projection.csv,sciplex3_cross_line | K562->A549:Clevudine:s1,mean_vs_DART_disagreement,0.0915416019780346,0.0935136998406166,0.001972097862581998,0.02154318714080624,0.001972097862581998,0,1,True
exp12_partial_observed_retrieval/summary.csv,leave_drug_out | DART_recommended | mean_cosine,moa_hit@1,0.225,0.2201646090534979,-0.004835390946502094,-0.021490626428898194,0.004835390946502094,0,1,True
exp12_partial_observed_retrieval/summary.csv,leave_drug_out | DART_recommended | cmap_match,moa_hit@1,0.225,0.2201646090534979,-0.004835390946502094,-0.021490626428898194,0.004835390946502094,0,1,True
exp07_ranking_flip/delta_rank_vs_divergence.csv,A549+MCF7 | Momelotinib (CYT387),delta_rank,0.94,0.92,-0.019999999999999907,-0.021276595744680753,0.019999999999999907,0,1,True
exp12_partial_observed_retrieval/recommendation_vs_outcome.csv,DART_recommended | DART_sliced_wasserstein,mean_minority_cov_gain,0.0030035710940418,0.0029402388033774,-6.333229066439981e-05,-0.021085663925196382,6.333229066439981e-05,0,1,True
exp08_signature_baselines/summary.csv,K562+A549 | coverage_mean,hit@5,0.9222222222222224,0.9027777777777778,-0.019444444444444597,-0.021084337349397752,0.019444444444444597,0,1,True
exp11_hir_benchmark/uncertainty_band.csv,worst | DART_coverage_mean | predicted_structure,hit_at_1_std,0.2436682228074117,0.2487964292058604,0.005128206398448687,0.021045856285092507,0.005128206398448687,0,1,True
exp12_partial_observed_retrieval/summary.csv,leave_drug_out | DART_recommended | DART_mmd,moa_hit@1,0.2375,0.2325102880658436,-0.004989711934156399,-0.021009313406974314,0.004989711934156399,0,1,True
exp08_signature_baselines/divergence_stratified.csv,high(<0.3) | controlled | coverage_mean | hit@1,hit@1_mean,0.8,0.7833333333333333,-0.01666666666666672,-0.020833333333333398,0.01666666666666672,0,1,True
upgrade/oracle_shape_test.csv,Co-culture | IFNGR1,energy_vs_oracleDIST,0.3353051453405371,0.3283287068917088,-0.006976438448828337,-0.020806237380410732,0.006976438448828337,0,1,True
exp11_hir_benchmark/uncertainty_band.csv,worst | DART_energy | predicted_structure,hit_at_1_mean,0.0752232142857142,0.0767857142857142,0.0015624999999999944,0.020771513353115677,0.0015624999999999944,0,1,True
exp12_partial_observed_retrieval/recommendation_vs_outcome.csv,mean_or_no_call | DART_coverage_mean,mean_ndcg_gain,-0.0378511294256268,-0.0386334263080686,-0.000782296882441795,-0.020667728924150603,0.000782296882441795,0,1,True
exp13_real_data_projection/projection.csv,sciplex3_within_line | A549:Lapatinib (GW-572016) Ditosylate:s1,preference_conflict,0.5751412429378531,0.5632768361581921,-0.011864406779660941,-0.02062868369351657,0.011864406779660941,0,1,True
exp08_signature_baselines/flip_vs_dart.csv,Control+IFNγ | coverage_mean,mean_topk_overlap,0.4949294532627866,0.4847442680776014,-0.010185185185185186,-0.020579064587973275,0.010185185185185186,0,1,True
exp12_partial_observed_retrieval/summary.csv,leave_drug_out | DART_recommended | DART_sliced_wasserstein,moa_hit@1,0.25,0.2448559670781893,-0.005144032921810704,-0.020576131687242816,0.005144032921810704,0,1,True
upgrade/oracle_shape_test.csv,IFNγ | CKS1B,mean_vs_oracleDIST,0.4387025846945538,0.4297350330721349,-0.008967551622418912,-0.020441073144491638,0.008967551622418912,0,1,True
exp07_ranking_flip/delta_rank_vs_divergence.csv,"K562+MCF7 | Tozasertib (VX-680, MK-0457)",ours_hit1,0.98,1.0,0.020000000000000018,0.02040816326530614,0.020000000000000018,0,1,True
exp07_ranking_flip/delta_rank_vs_divergence.csv,A549+MCF7 | Momelotinib (CYT387),ours_hit1,0.98,0.96,-0.020000000000000018,-0.02040816326530614,0.020000000000000018,0,1,True
upgrade/oracle_shape_test.csv,IFNγ | APOD,mean_vs_oracleDIST,0.375006562447208,0.3826299169623016,0.0076233545150936055,0.020328589626126322,0.0076233545150936055,0,1,True
upgrade/oracle_shape_test.csv,Co-culture | STOM,mean_vs_oracleDIST,0.4138621820395223,0.422212363805686,0.0083501817661637,0.02017623771520706,0.0083501817661637,0,1,True
upgrade/class_c_protein_oracle.csv,Co-culture | TFAP2A,energy_rho_partial_magmatch,0.1192880627381391,0.116888065981378,-0.0023999967567610997,-0.020119337188244622,0.0023999967567610997,0,1,True
exp12_partial_observed_retrieval/summary.csv,leave_drug_out | DART_recommended | DART_sliced_wasserstein,moa_ndcg,0.1832323268473076,0.1795468871383942,-0.003685439708913385,-0.020113479822720153,0.003685439708913385,0,1,True
exp11_hir_benchmark/uncertainty_band.csv,mean | DART_coverage_worst | observed,hit_at_1_std,0.2005075670361982,0.2045383521494196,0.004030785113221386,0.020102907699706397,0.004030785113221386,0,1,True
exp13_real_data_projection/projection.csv,sciplex3_cross_line | K562->A549:Nintedanib (BIBF 1120):s2,mean_vs_DART_disagreement,0.1032143062503593,0.1052843424759932,0.0020700362256339117,0.020055710306406346,0.0020700362256339117,0,1,True
upgrade/oracle_shape_test.csv,IFNγ | TIMP3,energy_vs_oracleMEAN,0.1707925616935012,0.1742154754760692,0.0034229137825679823,0.020041351617587612,0.0034229137825679823,0,1,True
exp08_signature_baselines/flip_vs_dart.csv,A549+MCF7 | pca_mean,mean_delta_rank,-0.6944444444444444,-0.6805555555555556,0.01388888888888884,0.01999999999999993,0.01388888888888884,0,1,True
exp13_real_data_projection/projection.csv,sciplex3_cross_line | K562->A549:AG-490 (Tyrphostin B42):s1,mean_vs_DART_disagreement,0.0957391754355701,0.097653891326184,0.0019147158906138995,0.019999293725925724,0.0019147158906138995,0,1,True
exp11_hir_benchmark/method_dominance.csv,mean | observed | decision_regret,best_value,0.2622788400508995,0.2570426020997443,-0.005236237951155243,-0.019964393430057355,0.005236237951155243,0,1,True
upgrade/oracle_shape_test.csv,Co-culture | STAT1,energy_vs_oracleDIST,0.4395198035986826,0.4307687228994092,-0.008751080699273384,-0.019910549257670843,0.008751080699273384,0,1,True
exp13_real_data_projection/projection.csv,frangieh | Co-culture:FBL:s2,structure_reliability_score,0.5059234183581757,0.4958588862162049,-0.010064532141970783,-0.01989339053454421,0.010064532141970783,0,1,True
exp13_real_data_projection/projection.csv,sciplex3_cross_line | K562->A549:UNC0379:s1,mean_vs_DART_disagreement,0.0868840204703582,0.0886090506583864,0.0017250301880281926,0.01985440105890027,0.0017250301880281926,0,1,True
upgrade/oracle_shape_test.csv,Co-culture | CDK6,energy_vs_oracleMEAN,0.4257822431514088,0.4173660383084424,-0.008416204842966402,-0.019766453341675847,0.008416204842966402,0,1,True
exp13_real_data_projection/projection.csv,sciplex3_cross_line | K562->MCF7:Ellagic acid:s2,preference_conflict,0.0858757062146893,0.0841807909604519,-0.0016949152542374002,-0.019736842105264454,0.0016949152542374002,0,1,True
upgrade/class_c_magnitude_control_v2.csv,A549 | PCI-34051,energy_rho,-0.6614304812834225,-0.6483957219251337,0.013034759358288794,0.01970692268822641,0.013034759358288794,0,1,True
exp12_partial_observed_retrieval/summary.csv,leave_drug_out | mean_or_no_call | DART_coverage_worst,moa_ndcg,0.1204493546512854,0.1228177887478868,0.00236843409660141,0.019663319105845744,0.00236843409660141,0,1,True
exp13_real_data_projection/projection.csv,sciplex3_cross_line | K562->A549:Triamcinolone Acetonide:s1,mean_vs_DART_disagreement,0.088091541601978,0.0898165717900063,0.0017250301880282898,0.019582245430809397,0.0017250301880282898,0,1,True
upgrade/class_c_magnitude_control_v2.csv,"K562 | Fluorouracil (5-Fluoracil, 5-FU)",energy_rho,-0.7366310160427808,-0.7222593582887701,0.014371657754010725,0.019509981851179713,0.014371657754010725,0,1,True
exp13_real_data_projection/projection.csv,sciplex3_cross_line | K562->A549:Costunolide:s2,mean_vs_DART_disagreement,0.0943591512851474,0.0961991834857109,0.0018400322005635017,0.01950030469226075,0.0018400322005635017,0,1,True
upgrade/class_c_protein_oracle.csv,Co-culture | CTSO,energy_rho,0.4564111592899391,0.4653092167636066,0.008898057473667509,0.01949570533619434,0.008898057473667509,0,1,True
exp13_real_data_projection/projection.csv,sciplex3_cross_line | K562->A549:Ofloxacin:s0,mean_vs_DART_disagreement,0.0858490023575412,0.0875165315393018,0.0016675291817606075,0.0194239785666435,0.0016675291817606075,0,1,True
exp13_real_data_projection/projection.csv,sciplex3_cross_line | K562->A549:Resveratrol:s1,mean_vs_DART_disagreement,0.0921741130469783,0.0939566442412742,0.0017825311942959027,0.019338739862757363,0.0017825311942959027,0,1,True
upgrade/class_c_magnitude_control_v2.csv,A549 | Tanespimycin (17-AAG),energydist_vs_candmag_rho,0.7653743315508023,0.750668449197861,-0.014705882352941235,-0.01921397379912671,0.014705882352941235,0,1,True
exp13_real_data_projection/projection.csv,sciplex3_cross_line | A549->MCF7:ABT-737:s0,mean_vs_DART_disagreement,0.1293772641021218,0.131849807371629,0.002472543269507188,0.01911111111111089,0.002472543269507188,0,1,True
exp08_signature_baselines/summary.csv,K562+MCF7 | coverage_mean,hit@1,0.8722222222222222,0.8555555555555555,-0.01666666666666672,-0.01910828025477713,0.01666666666666672,0,1,True
upgrade/class_c_magnitude_control_v2.csv,K562 | Ruxolitinib (INCB018424),energy_rho,-0.7172459893048129,-0.7035427807486632,0.013703208556149704,0.019105312208760442,0.013703208556149704,0,1,True
exp13_real_data_projection/projection.csv,sciplex3_within_line | K562:Alvespimycin (17-DMAG) HCl:s2,mean_vs_DART_disagreement,0.1987809786671266,0.2025760450807889,0.0037950664136623125,0.01909169800405013,0.0037950664136623125,0,1,True
upgrade/class_c_magnitude_control_v2.csv,MCF7 | Entinostat (MS-275),energy_rho,0.1764705882352941,0.173109243697479,-0.003361344537815114,-0.019047619047618983,0.003361344537815114,0,1,True
upgrade/class_c_magnitude_control_v2.csv,MCF7 | ZM 447439,energy_rho,-0.4658517952635599,-0.4569900687547746,0.008861726508785306,0.01902263037061326,0.008861726508785306,0,1,True
exp13_real_data_projection/projection.csv,sciplex3_cross_line | K562->A549:ABT-737:s0,mean_vs_DART_disagreement,0.098918949835663,0.1007992639871198,0.0018803141514567995,0.019008634387856133,0.0018803141514567995,0,1,True
exp12_partial_observed_retrieval/summary.csv,leave_drug_out | DART_recommended | cmap_reverse,moa_hit@5,0.2625,0.2674897119341564,0.004989711934156371,0.019008426415833793,0.004989711934156371,0,1,True
exp13_real_data_projection/projection.csv,sciplex3_cross_line | A549->MCF7:Ellagic acid:s2,mean_vs_DART_disagreement,0.117992064861135,0.1202346041055718,0.002242539244436792,0.019005847953216505,0.002242539244436792,0,1,True
upgrade/class_c_protein_oracle.csv,Co-culture | TAPBPL,energy_rho_partial_magmatch,0.4515590422947304,0.4601362507811282,0.008577208486397814,0.018994655588802298,0.008577208486397814,0,1,True
upgrade/class_c_protein_oracle.csv,Co-culture | FGFR1,energy_rho_partial_magmatch,0.0835788445845729,0.0851599235290608,0.0015810789444878903,0.018917214665345208,0.0015810789444878903,0,1,True
exp13_real_data_projection/projection.csv,sciplex3_cross_line | A549->MCF7:Resveratrol:s1,preference_conflict,0.1497175141242938,0.1525423728813559,0.002824858757062093,0.018867924528301525,0.002824858757062093,0,1,True
upgrade/class_c_magnitude_control_v2.csv,MCF7 | Navitoclax (ABT-263),energy_rho,-0.4884644766997708,-0.4976317799847212,-0.009167303284950412,-0.01876759461995635,0.009167303284950412,0,1,True
upgrade/class_c_protein_oracle.csv,Control | EMP1,energy_rho_partial_magmatch,0.2802719923223504,0.2750187973949392,-0.00525319492741122,-0.018743203285790117,0.00525319492741122,0,1,True
exp13_real_data_projection/projection.csv,sciplex3_cross_line | K562->A549:ITSA-1 (ITSA1):s1,mean_vs_DART_disagreement,0.0960266804669081,0.0978263993047493,0.001799718837841205,0.018741862460417015,0.001799718837841205,0,1,True
upgrade/class_c_protein_oracle.csv,Co-culture | EIF3K,energy_rho,0.2019095727090716,0.205684471082761,0.0037748983736894115,0.01869598515335677,0.0037748983736894115,0,1,True
upgrade/oracle_shape_test.csv,IFNγ | IFNGR2,energy_vs_oracleDIST,0.4968346913050822,0.5061224383714735,0.00928774706639135,0.018693837666597626,0.00928774706639135,0,1,True
upgrade/oracle_shape_test.csv,Co-culture | SGK1,energy_vs_oracleMEAN,0.2415281918701626,0.2370141584750754,-0.004514033395087214,-0.018689467925606818,0.004514033395087214,0,1,True
upgrade/oracle_shape_test.csv,IFNγ | IFNGR1,mean_vs_oracleDIST,0.4555367562018375,0.44703286421582,-0.008503891986017476,-0.01866785033313449,0.008503891986017476,0,1,True
exp13_real_data_projection/projection.csv,sciplex3_cross_line | K562->A549:BMS-536924:s1,preference_conflict,0.1225988700564971,0.1248587570621468,0.002259887005649705,0.018433179723502214,0.002259887005649705,0,1,True
exp08_signature_baselines/flip_vs_dart.csv,Control+IFNγ | pca_mean,mean_topk_overlap,0.333994708994709,0.3278659611992945,-0.006128747795414502,-0.01834983498349847,0.006128747795414502,0,1,True
exp08_signature_baselines/summary.csv,K562 | coverage_mean,mrr,0.9111111111111112,0.8944444444444444,-0.01666666666666683,-0.018292682926829444,0.01666666666666683,0,1,True
exp12_partial_observed_retrieval/summary.csv,leave_drug_out | DART_recommended | mean_l2,moa_mrr,0.3832443165424739,0.3762501146832311,-0.006994201859242766,-0.018249981949745673,0.006994201859242766,0,1,True
exp12_partial_observed_retrieval/summary.csv,leave_drug_out | DART_recommended | DART_energy,moa_mrr,0.3625384829640123,0.3559486064484531,-0.006589876515559201,-0.01817704002532981,0.006589876515559201,0,1,True
upgrade/oracle_shape_test.csv,Co-culture | EIF3K,energy_vs_oracleMEAN,0.2076280977998678,0.2113856828916583,0.0037575850917904996,0.01809767142119862,0.0037575850917904996,0,1,True
exp13_real_data_projection/projection.csv,sciplex3_cross_line | K562->A549:WP1066:s2,mean_vs_DART_disagreement,0.098556724742683,0.1003392559369788,0.0017825311942958055,0.01808634772461981,0.0017825311942958055,0,1,True
exp08_signature_baselines/flip_vs_dart.csv,K562+A549 | coverage_mean,mean_topk_overlap,0.5168209876543209,0.5075066137566137,-0.009314373897707284,-0.018022437401356586,0.009314373897707284,0,1,True
exp13_real_data_projection/projection.csv,sciplex3_cross_line | K562->A549:Belinostat (PXD101):s0,preference_conflict,0.1254237288135593,0.127683615819209,0.002259887005649719,0.018018018018018035,0.002259887005649719,0,1,True
exp13_real_data_projection/projection.csv,sciplex3_cross_line | K562->A549:GSK J1:s2,mean_vs_DART_disagreement,0.0925936572882684,0.0942441492726122,0.001650491984343791,0.017825108465101182,0.001650491984343791,0,1,True
upgrade/oracle_shape_test.csv,Control | PFN1,energy_vs_oracleDIST,0.3475672959333394,0.3537587862865289,0.006191490353189499,0.01781378865512415,0.006191490353189499,0,1,True
exp13_real_data_projection/projection.csv,sciplex3_cross_line | K562->MCF7:Belinostat (PXD101):s0,mean_vs_DART_disagreement,0.139209936173883,0.1416824794433902,0.002472543269507216,0.017761255679471295,0.002472543269507216,0,1,True
upgrade/class_c_protein_oracle.csv,IFNγ | PTMA,energy_rho,0.2004241550037035,0.2039546216521773,0.0035304666484737846,0.017614975841652156,0.0035304666484737846,0,1,True
upgrade/class_c_magnitude_control_v2.csv,A549 | BMS-754807,energy_rho,-0.3051470588235294,-0.2997994652406417,0.005347593582887666,0.017524644030668016,0.005347593582887666,0,1,True
exp13_real_data_projection/projection.csv,sciplex3_cross_line | K562->A549:Zileuton:s0,mean_vs_DART_disagreement,0.0790638836179633,0.0804439077683859,0.0013800241504226124,0.017454545454545205,0.0013800241504226124,0,1,True
upgrade/oracle_shape_test.csv,IFNγ | WBP2,magmatch_vs_oracleDIST,0.4339474744324457,0.4263740205060232,-0.007573453926422502,-0.017452466882835818,0.007573453926422502,0,1,True
exp13_real_data_projection/projection.csv,sciplex3_within_line | MCF7:Ellagic acid:s2,mean_vs_DART_disagreement,0.2677246851819906,0.272382266689667,0.004657581507676367,0.017396907216494787,0.004657581507676367,0,1,True
exp13_real_data_projection/projection.csv,sciplex3_cross_line | K562->A549:Sirtinol:s0,mean_vs_DART_disagreement,0.086021505376344,0.0875165315393018,0.0014950261629578104,0.017379679144384565,0.0014950261629578104,0,1,True
exp13_real_data_projection/projection.csv,sciplex3_cross_line | K562->MCF7:Amisulpride:s2,mean_vs_DART_disagreement,0.1558277269852222,0.1585302742797999,0.002702547294577695,0.01734317343173458,0.002702547294577695,0,1,True
upgrade/class_c_magnitude_control_v2.csv,MCF7 | Dasatinib,energy_rho,-0.5122994652406417,-0.5034377387318563,0.008861726508785472,0.017297942141366214,0.008861726508785472,0,1,True
exp11_hir_benchmark/uncertainty_band.csv,worst | DART_mmd | predicted_mean,hit_at_1_mean,0.0779017857142857,0.0765625,-0.0013392857142856956,-0.01719197707736366,0.0013392857142856956,0,1,True
exp08_signature_baselines/flip_vs_dart.csv,K562 | pca_dist,mean_topk_overlap,0.6476190476190475,0.6365079365079365,-0.011111111111111072,-0.01715686274509798,0.011111111111111072,0,1,True
exp13_real_data_projection/projection.csv,sciplex3_cross_line | A549->MCF7:Nintedanib (BIBF 1120):s2,mean_vs_DART_disagreement,0.1044218273819792,0.106204358576275,0.0017825311942958055,0.01707048458149689,0.0017825311942958055,0,1,True
exp13_real_data_projection/projection.csv,sciplex3_cross_line | K562->A549:Belinostat (PXD101):s0,mean_vs_DART_disagreement,0.0842964751883157,0.085734000345006,0.0014375251566902947,0.017053206002729155,0.0014375251566902947,0,1,True
exp13_real_data_projection/projection.csv,sciplex3_within_line | A549:Clevudine:s1,preference_conflict,0.5632768361581921,0.5536723163841808,-0.009604519774011333,-0.0170511534603812,0.009604519774011333,0,1,True
exp13_real_data_projection/projection.csv,sciplex3_cross_line | K562->A549:Alvespimycin (17-DMAG) HCl:s2,mean_vs_DART_disagreement,0.0911390949341613,0.0926916221033868,0.0015525271692255066,0.01703470031545792,0.0015525271692255066,0,1,True
upgrade/oracle_shape_test.csv,Co-culture | PTMA,energy_vs_oracleDIST,0.2925489171778029,0.2875994183019443,-0.0049494988758586045,-0.016918534252685132,0.0049494988758586045,0,1,True
upgrade/oracle_shape_test.csv,Co-culture | SP100,energy_vs_oracleMEAN,0.5291164664449295,0.5380365316108645,0.00892006516593502,0.01685841536149475,0.00892006516593502,0,1,True
exp13_real_data_projection/projection.csv,sciplex3_cross_line | K562->A549:Zileuton:s0,preference_conflict,0.1005649717514124,0.1022598870056497,0.001694915254237303,0.01685393258426982,0.001694915254237303,0,1,True
upgrade/class_c_magnitude_control_v2.csv,"A549 | Luminespib (AUY-922, NVP-AUY922)",energydist_vs_candmag_rho,0.8997326203208557,0.884692513368984,-0.015040106951871635,-0.01671619613670131,0.015040106951871635,0,1,True
upgrade/oracle_shape_test.csv,Co-culture | ATP5MD,energy_vs_oracleDIST,0.5116782660718412,0.5202184089712619,0.008540142899420733,0.016690454658126266,0.008540142899420733,0,1,True
exp11_hir_benchmark/method_dominance.csv,worst | predicted_mean | decision_regret,best_value,1.21156917065382,1.1913711246635232,-0.020198045990296842,-0.016670980476828263,0.020198045990296842,0,1,True
exp13_real_data_projection/projection.csv,sciplex3_cross_line | K562->A549:WP1066:s2,preference_conflict,0.2033898305084746,0.2067796610169491,0.003389830508474523,0.016666666666666403,0.003389830508474523,0,1,True
upgrade/oracle_shape_test.csv,Control | LRPAP1,energy_vs_oracleDIST,0.2722580677663405,0.2767707020087079,0.004512634242367419,0.016574841213668968,0.004512634242367419,0,1,True
exp12_partial_observed_retrieval/summary.csv,leave_drug_out | mean_or_no_call | DART_mmd,target_mrr,-0.5490481278808652,-0.5399980359424105,0.00905009193845474,0.016483239772412936,0.00905009193845474,0,1,True
exp13_real_data_projection/projection.csv,sciplex3_cross_line | K562->A549:BMS-536924:s1,mean_vs_DART_disagreement,0.0839514691507101,0.0853314933011327,0.0013800241504225985,0.016438356164383165,0.0013800241504225985,0,1,True
upgrade/oracle_shape_test.csv,Control | HNRNPA1,energy_vs_oracleDIST,0.383157030351653,0.3768693102046773,-0.006287720146975706,-0.01641029564616099,0.006287720146975706,0,1,True
upgrade/oracle_shape_test.csv,Co-culture | FRZB,energy_vs_oracleMEAN,0.1233977096942147,0.1254177841844615,0.002020074490246812,0.016370437468026362,0.002020074490246812,0,1,True
exp13_real_data_projection/projection.csv,sciplex3_cross_line | K562->A549:Disulfiram:s0,preference_conflict,0.1384180790960452,0.1406779661016949,0.002259887005649691,0.01632653061224471,0.002259887005649691,0,1,True
upgrade/class_c_magnitude_control_v2.csv,MCF7 | A-366,energy_rho,-0.5440794499618029,-0.5352177234530175,0.008861726508785361,0.016287559674248858,0.008861726508785361,0,1,True
exp13_real_data_projection/projection.csv,sciplex3_cross_line | A549->MCF7:AG-490 (Tyrphostin B42):s1,mean_vs_DART_disagreement,0.1167270427232476,0.1186245759300787,0.0018975332068311007,0.016256157635467828,0.0018975332068311007,0,1,True
upgrade/oracle_shape_test.csv,IFNγ | SDCBP,magmatch_vs_oracleDIST,0.2742396007952906,0.2697880524475978,-0.004451548347692791,-0.01623233236477653,0.004451548347692791,0,1,True
exp11_hir_benchmark/phase_grid_method_performance.csv,<column mean>,ndcg,0.17297396749657223,0.17577865760795724,0.002804690111385011,0.016214521479601205,1.0,5671,241920,False
exp08_signature_baselines/summary_by_task.csv,frangieh | coverage_mean,ndcg@10,0.7144864542837674,0.726045755251199,0.011559300967431518,0.01617847462065473,0.011559300967431518,0,1,True
exp08_signature_baselines/summary.csv,Control+IFNγ | coverage_mean,ndcg@10,0.7144864542837674,0.726045755251199,0.011559300967431518,0.01617847462065473,0.011559300967431518,0,1,True
upgrade/oracle_shape_test.csv,Co-culture | KDR,energy_vs_oracleMEAN,0.3922008213502413,0.3858649225763594,-0.0063358987738819095,-0.01615473101782175,0.0063358987738819095,0,1,True
exp12_partial_observed_retrieval/summary.csv,leave_drug_out | DART_recommended | DART_sliced_wasserstein,moa_hit@5,0.5416666666666666,0.5329218106995884,-0.008744855967078191,-0.016144349477682816,0.008744855967078191,0,1,True
exp13_real_data_projection/projection.csv,sciplex3_cross_line | K562->MCF7:Disulfiram:s0,preference_conflict,0.1159932030930842,0.1141242937853107,-0.001868909307773503,-0.016112231216459372,0.001868909307773503,0,1,True
exp13_real_data_projection/projection.csv,sciplex3_cross_line | A549->MCF7:IOX2:s2,mean_vs_DART_disagreement,0.1320798113966994,0.134207348628601,0.0021275372319016217,0.016107966913365745,0.0021275372319016217,0,1,True
upgrade/oracle_shape_test.csv,Co-culture | IFNGR2,mean_vs_oracleDIST,0.4291193042789324,0.4222135221052789,-0.0069057821736535074,-0.016092918926725028,0.0069057821736535074,0,1,True
exp13_real_data_projection/projection.csv,sciplex3_cross_line | A549->MCF7:Dasatinib:s2,mean_vs_DART_disagreement,0.1359323788166292,0.1381174170547984,0.002185038238169207,0.016074450084602666,0.002185038238169207,0,1,True
exp13_real_data_projection/projection.csv,sciplex3_cross_line | A549->MCF7:WP1066:s2,mean_vs_DART_disagreement,0.1217296302685296,0.1236846644816284,0.001955034213098797,0.016060462919225887,0.001955034213098797,0,1,True
exp11_hir_benchmark/uncertainty_band.csv,mean | DART_mmd | observed,hit_at_1_mean,0.1529017857142857,0.1553571428571428,0.0024553571428571064,0.016058394160583706,0.0024553571428571064,0,1,True
exp11_hir_benchmark/method_dominance.csv,mean | observed | hit_at_1,best_value,0.1529017857142857,0.1553571428571428,0.0024553571428571064,0.016058394160583706,0.0024553571428571064,0,1,True
upgrade/oracle_shape_test.csv,IFNγ | TIMM50,magmatch_vs_oracleDIST,0.3786961856448051,0.3726799475004223,-0.006016238144382791,-0.015886714396499548,0.006016238144382791,0,1,True
upgrade/class_c_magnitude_control_v2.csv,MCF7 | PCI-34051,energy_rho,-0.5385790679908327,-0.547135217723453,-0.00855614973262031,-0.01588652482269502,0.00855614973262031,0,1,True
exp13_real_data_projection/projection.csv,sciplex3_cross_line | K562->A549:Droxinostat:s1,mean_vs_DART_disagreement,0.0868840204703582,0.0882640446207808,0.0013800241504225985,0.015883520847120726,0.0013800241504225985,0,1,True
upgrade/class_c_magnitude_control_v2.csv,A549 | ZM 447439,energy_rho,-0.2947860962566845,-0.2901069518716578,0.004679144385026701,0.015873015873015747,0.004679144385026701,0,1,True
upgrade/class_c_protein_oracle.csv,IFNγ | E2F1,energy_rho_partial_magmatch,0.4435377438176549,0.4365183943445999,-0.007019349473054992,-0.01582582220091906,0.007019349473054992,0,1,True
upgrade/class_c_magnitude_control_v2.csv,K562 | Veliparib (ABT-888),energy_rho,-0.697192513368984,-0.6861631016042782,0.011029411764705843,0.015819750719079522,0.011029411764705843,0,1,True
upgrade/class_c_magnitude_control_v2.csv,"A549 | Fluorouracil (5-Fluoracil, 5-FU)",energy_rho,-0.3606283422459893,-0.3549465240641711,0.005681818181818177,0.015755329008341045,0.005681818181818177,0,1,True
exp13_real_data_projection/projection.csv,sciplex3_cross_line | A549->MCF7:Belinostat (PXD101):s0,preference_conflict,0.1796610169491525,0.1768361581920903,-0.002824858757062204,-0.015723270440251895,0.002824858757062204,0,1,True
upgrade/class_c_magnitude_control_v2.csv,"MCF7 | Temsirolimus (CCI-779, NSC 683864)",energy_rho,-0.4860198624904507,-0.4783804430863254,0.007639419404125325,0.01571832756994664,0.007639419404125325,0,1,True
exp13_real_data_projection/projection.csv,sciplex3_cross_line | A549->MCF7:Lapatinib (GW-572016) Ditosylate:s1,mean_vs_DART_disagreement,0.1244896785693749,0.1264447127824736,0.0019550342130986997,0.015704387990761896,0.0019550342130986997,0,1,True
upgrade/class_c_magnitude_control_v2.csv,MCF7 | Cediranib (AZD2171),energydist_vs_candmag_rho,0.4282658517952635,0.4215431627196332,-0.006722689075630284,-0.015697466999643316,0.006722689075630284,0,1,True
exp13_real_data_projection/projection.csv,sciplex3_within_line | MCF7:Droxinostat:s1,preference_conflict,0.503954802259887,0.511864406779661,0.007909604519774072,0.015695067264574113,0.007909604519774072,0,1,True
upgrade/class_c_protein_oracle.csv,Co-culture | KCNN4,energy_rho_partial_magmatch,0.4237899678513947,0.4171390115882082,-0.006650956263186514,-0.015693991759424385,0.006650956263186514,0,1,True
exp13_real_data_projection/projection.csv,sciplex3_within_line | K562:Dasatinib:s2,preference_conflict,0.3615819209039548,0.3672316384180791,0.005649717514124297,0.01562500000000001,0.005649717514124297,0,1,True
exp12_partial_observed_retrieval/summary.csv,leave_drug_out | DART_recommended | mean_l2,moa_ndcg,0.1868306340097662,0.1839138438598805,-0.0029167901498857174,-0.015611948037029344,0.0029167901498857174,0,1,True
exp13_real_data_projection/projection.csv,sciplex3_within_line | K562:AG-490 (Tyrphostin B42):s1,mean_vs_DART_disagreement,0.4958886780518659,0.4881544521385156,-0.007734225913350323,-0.015596697919651608,0.007734225913350323,0,1,True
exp13_real_data_projection/projection.csv,sciplex3_cross_line | K562->MCF7:WP1066:s2,mean_vs_DART_disagreement,0.1623253406934621,0.1648553849692369,0.002530044275774801,0.015586255756287486,0.002530044275774801,0,1,True
exp13_real_data_projection/projection.csv,sciplex3_cross_line | K562->A549:Dasatinib:s2,mean_vs_DART_disagreement,0.0923466160657811,0.0937841412224713,0.0014375251566902114,0.015566625155665929,0.0014375251566902114,0,1,True
exp11_hir_benchmark/uncertainty_band.csv,mean | DART_coverage_mean | observed,hit_at_1_std,0.1640501999762417,0.1665986255670085,0.0025484255907667897,0.01553442538403404,0.0025484255907667897,0,1,True
exp13_real_data_projection/projection.csv,cd34 | CD34+:Geldanamycin:s1,mean_vs_DART_disagreement,0.3260504201680672,0.3310924369747899,0.005042016806722727,0.015463917525773313,0.005042016806722727,0,1,True
upgrade/class_c_protein_oracle.csv,Co-culture | ACSL3,energy_rho_partial_magmatch,0.2798538689233431,0.2841662183081992,0.00431234938485614,0.015409289860621397,0.00431234938485614,0,1,True
exp07_ranking_flip/ranking_flip_summary.csv,K562,top1_flip_rate,0.65,0.66,0.010000000000000009,0.015384615384615398,0.010000000000000009,0,1,True
exp11_hir_benchmark/phase_grid_method_performance.csv,<column mean>,decision_regret,1.4756818760876054,1.4530484620093924,-0.022633414078212954,-0.015337597110170985,8.099999290704726,2555,241920,False
exp07_ranking_flip/delta_rank_vs_divergence.csv,"K562+MCF7 | Patupilone (EPO906, Epothilone B)",delta_rank,-5.22,-5.3,-0.08000000000000007,-0.015325670498084306,0.08000000000000007,0,1,True
upgrade/oracle_shape_test.csv,IFNγ | POLD2,mean_vs_oracleDIST,0.5139724247267813,0.5061047652463191,-0.007867659480462197,-0.015307551732263665,0.007867659480462197,0,1,True
exp13_real_data_projection/projection.csv,sciplex3_cross_line | A549->MCF7:Nintedanib (BIBF 1120):s2,preference_conflict,0.1107344632768361,0.1090395480225989,-0.001694915254237206,-0.015306122448978858,0.001694915254237206,0,1,True
exp13_real_data_projection/projection.csv,sciplex3_within_line | MCF7:UNC0379:s1,preference_conflict,0.6655367231638418,0.6757062146892655,0.01016949152542368,0.015280135823429467,0.01016949152542368,0,1,True
exp13_real_data_projection/projection.csv,sciplex3_cross_line | K562->MCF7:Droxinostat:s1,preference_conflict,0.1485875706214689,0.1508474576271186,0.002259887005649691,0.015209125475284996,0.002259887005649691,0,1,True
exp13_real_data_projection/projection.csv,sciplex3_cross_line | A549->MCF7:Droxinostat:s1,mean_vs_DART_disagreement,0.1172445517796561,0.119027082973952,0.0017825311942958888,0.015203531142716926,0.0017825311942958888,0,1,True
upgrade/oracle_shape_test.csv,IFNγ | TAPBPL,energy_vs_oracleMEAN,0.3246932543240679,0.3296261354333164,0.004932881109248499,0.015192434839823061,0.004932881109248499,0,1,True
exp12_partial_observed_retrieval/recommendation_vs_outcome.csv,DART_recommended | DART_mmd,mean_minority_cov_gain,0.0036176395939307,0.003562727368555,-5.491222537570015e-05,-0.015179020449639643,5.491222537570015e-05,0,1,True
exp08_signature_baselines/flip_vs_dart.csv,A549 | coverage_mean,mean_topk_overlap,0.3928571428571428,0.3869047619047618,-0.005952380952380987,-0.015151515151515242,0.005952380952380987,0,1,True
exp07_ranking_flip/delta_rank_vs_divergence.csv,"K562+MCF7 | Tozasertib (VX-680, MK-0457)",delta_rank,1.32,1.34,0.020000000000000018,0.015151515151515164,0.020000000000000018,0,1,True
exp13_real_data_projection/projection.csv,sciplex3_within_line | A549:ABT-737:s0,preference_conflict,0.5966101694915255,0.5875706214689266,-0.009039548022598876,-0.01515151515151516,0.009039548022598876,0,1,True
upgrade/oracle_shape_test.csv,Control | SHMT2,magmatch_vs_oracleDIST,0.3691430528984513,0.3635649180786229,-0.005578134819828384,-0.015111038325196087,0.005578134819828384,0,1,True
upgrade/class_c_magnitude_control_v2.csv,K562 | A-366,energy_rho,-0.6864973262032087,-0.6761363636363638,0.010360962566844933,0.015092502434274603,0.010360962566844933,0,1,True
upgrade/class_c_protein_oracle.csv,Co-culture | ST3GAL6-AS1,energy_rho_partial_magmatch,0.1917628682741162,0.1888752273886888,-0.002887640885427395,-0.015058394314897527,0.002887640885427395,0,1,True
upgrade/class_c_magnitude_control_v2.csv,MCF7 | Bosutinib (SKI-606),energydist_vs_candmag_rho,0.6525592055003819,0.6427807486631015,-0.009778456837280403,-0.01498478108171394,0.009778456837280403,0,1,True
exp13_real_data_projection/projection.csv,cd34 | CD34+:Neratinib:s0,mean_vs_DART_disagreement,0.4487394957983193,0.442016806722689,-0.006722689075630284,-0.014981273408239772,0.006722689075630284,0,1,True
exp11_hir_benchmark/phase_grid_method_performance.csv,<column mean>,mrr,0.13478568179593553,0.13680431453178013,0.0020186327358446,0.014976611083221689,0.9873417721518988,0,241920,False
exp13_real_data_projection/projection.csv,sciplex3_within_line | K562:Abexinostat (PCI-24781):s0,mean_vs_DART_disagreement,0.1383474210798688,0.1404174573055028,0.002070036225634009,0.014962593516209922,0.002070036225634009,0,1,True
upgrade/class_c_protein_oracle.csv,Co-culture | FBL,energy_rho,0.2289940920929257,0.2324122341919615,0.0034181420990357925,0.014926769803514022,0.0034181420990357925,0,1,True
upgrade/class_c_protein_oracle.csv,IFNγ | SMAD4,energy_rho_partial_magmatch,0.2970660013254844,0.3014811638272712,0.004415162501786807,0.014862564151019336,0.004415162501786807,0,1,True
upgrade/oracle_shape_test.csv,IFNγ | HLA-H,energy_vs_oracleMEAN,0.2205102388497569,0.2237797096929294,0.0032694708431725006,0.014826843688651262,0.0032694708431725006,0,1,True
upgrade/oracle_shape_test.csv,Co-culture | UCN2,mean_vs_oracleDIST,0.4939852397882859,0.5012674693296747,0.007282229541388796,0.014741795816631773,0.007282229541388796,0,1,True
exp11_hir_benchmark/uncertainty_band.csv,worst | DART_mmd | predicted_structure,hit_at_1_std,0.1883451139148206,0.1855768722395226,-0.002768241675297989,-0.014697708996846772,0.002768241675297989,0,1,True
exp13_real_data_projection/projection.csv,sciplex3_cross_line | A549->MCF7:SRT2104 (GSK2245840):s2,mean_vs_DART_disagreement,0.1397458380961188,0.1417974814559254,0.002051643359806621,0.014681248384624356,0.002051643359806621,0,1,True
exp08_signature_baselines/flip_vs_dart.csv,A549+MCF7 | coverage_mean,mean_delta_rank,-0.7583333333333333,-0.7694444444444445,-0.011111111111111183,-0.014652014652014747,0.011111111111111183,0,1,True
exp13_real_data_projection/projection.csv,sciplex3_cross_line | A549->MCF7:BMS-536924:s1,mean_vs_DART_disagreement,0.1244501306633282,0.1262722097636708,0.0018220791003425857,0.014641038065856357,0.0018220791003425857,0,1,True
exp13_real_data_projection/projection.csv,sciplex3_cross_line | K562->A549:Abexinostat (PCI-24781):s0,mean_vs_DART_disagreement,0.0868265194640906,0.088091541601978,0.0012650221378874005,0.014569536423840918,0.0012650221378874005,0,1,True
upgrade/oracle_shape_test.csv,Co-culture | PROS1,energy_vs_oracleMEAN,0.2617925033692039,0.265590567734754,0.00379806436555008,0.01450791873972686,0.00379806436555008,0,1,True
exp13_real_data_projection/projection.csv,sciplex3_cross_line | A549->MCF7:Amisulpride:s2,mean_vs_DART_disagreement,0.1193145880052901,0.1210396181933183,0.0017250301880281926,0.014457831325300383,0.0017250301880281926,0,1,True
exp13_real_data_projection/projection.csv,sciplex3_cross_line | A549->MCF7:Alvespimycin (17-DMAG) HCl:s2,mean_vs_DART_disagreement,0.1181823407754554,0.1198895980679661,0.0017072572925107,0.014445959365066749,0.0017072572925107,0,1,True
exp08_signature_baselines/summary.csv,Control+IFNγ | coverage_mean,median_rank_proxy,3.077777777777778,3.1222222222222222,0.04444444444444429,0.014440433212996338,0.04444444444444429,0,1,True
exp08_signature_baselines/summary_by_task.csv,frangieh | coverage_mean,rank,3.077777777777778,3.1222222222222222,0.04444444444444429,0.014440433212996338,0.04444444444444429,0,1,True
exp12_partial_observed_retrieval/summary.csv,leave_drug_out | DART_recommended | DART_energy,moa_ndcg,0.1838680622281168,0.1812206901838026,-0.0026473720443142,-0.014398215830597732,0.0026473720443142,0,1,True
exp08_signature_baselines/summary.csv,K562+MCF7 | global_energy,median_rank_proxy,1.9333333333333331,1.961111111111111,0.0277777777777779,0.014367816091954089,0.0277777777777779,0,1,True
exp12_partial_observed_retrieval/summary.csv,leave_drug_out | DART_recommended | mean_cosine,moa_ndcg,0.1965945682418893,0.1937815859735291,-0.0028129822683602146,-0.014308545213208183,0.0028129822683602146,0,1,True
exp12_partial_observed_retrieval/summary.csv,leave_drug_out | DART_recommended | cmap_match,moa_ndcg,0.1965945682418893,0.1937815859735291,-0.0028129822683602146,-0.014308545213208183,0.0028129822683602146,0,1,True
upgrade/class_c_magnitude_control_v2.csv,MCF7 | ZM 447439,energydist_vs_candmag_rho,0.790985485103132,0.7796791443850267,-0.011306340718105323,-0.014293992659841482,0.011306340718105323,0,1,True
exp13_real_data_projection/projection.csv,sciplex3_within_line | MCF7:BMS-536924:s1,mean_vs_DART_disagreement,0.2615720775113564,0.2578345121039618,-0.0037375654073946163,-0.014288854693339147,0.0037375654073946163,0,1,True
upgrade/oracle_shape_test.csv,Co-culture | FBL,energy_vs_oracleMEAN,0.2198134095185585,0.2166732593218503,-0.0031401501967081857,-0.014285526090450218,0.0031401501967081857,0,1,True
exp12_partial_observed_retrieval/summary.csv,leave_drug_out | DART_recommended | cmap_match,moa_mrr,0.3518118628726144,0.3467997446251891,-0.005012118247425312,-0.014246586816318137,0.005012118247425312,0,1,True
exp12_partial_observed_retrieval/summary.csv,leave_drug_out | DART_recommended | mean_cosine,moa_mrr,0.3518118628726144,0.3467997446251891,-0.005012118247425312,-0.014246586816318137,0.005012118247425312,0,1,True
exp13_real_data_projection/projection.csv,sciplex3_cross_line | K562->MCF7:Alvespimycin (17-DMAG) HCl:s2,preference_conflict,0.1192090395480225,0.1175141242937853,-0.001694915254237206,-0.014218009478672307,0.001694915254237206,0,1,True
upgrade/oracle_shape_test.csv,Co-culture | ST3GAL6-AS1,energy_vs_oracleMEAN,0.2481558422604448,0.244640473837345,-0.003515368423099796,-0.014165970831387249,0.003515368423099796,0,1,True
exp13_real_data_projection/projection.csv,cd34 | CD34+:Geldanamycin:s0,preference_conflict,0.5932773109243697,0.584873949579832,-0.008403361344537785,-0.014164305949008449,0.008403361344537785,0,1,True
exp12_partial_observed_retrieval/recommendation_vs_outcome.csv,mean_sufficient | DART_sliced_wasserstein,mean_regret_reduction,-0.3446773182262074,-0.3398234627463601,0.004853855479847291,0.014082317643720805,0.004853855479847291,0,1,True
exp12_partial_observed_retrieval/per_query_scores.csv,<column mean>,moa_rank,20.271662360034455,19.986391042204996,-0.2852713178294586,-0.014072418569474127,111.0,0,5805,False
upgrade/class_c_protein_oracle.csv,Co-culture | CSPG4,energy_rho,0.4365984447511364,0.4427200581003075,0.006121613349171107,0.014021152440569186,0.006121613349171107,0,1,True
exp13_real_data_projection/projection.csv,sciplex3_cross_line | A549->MCF7:Costunolide:s2,mean_vs_DART_disagreement,0.1277097349203611,0.1294922661146569,0.0017825311942957778,0.01395767672219625,0.0017825311942957778,0,1,True
upgrade/class_c_magnitude_control_v2.csv,A549 | Alisertib (MLN8237),energydist_vs_candmag_rho,0.7185828877005348,0.7085561497326204,-0.010026737967914423,-0.013953488372093,0.010026737967914423,0,1,True
upgrade/class_c_magnitude_control_v2.csv,K562 | BMS-754807,energydist_vs_candmag_rho,0.8626336898395722,0.850601604278075,-0.012032085561497263,-0.013948082138705855,0.012032085561497263,0,1,True
exp07_ranking_flip/ranking_flip_summary.csv,K562,mean_delta_rank,0.72,0.71,-0.010000000000000009,-0.013888888888888902,0.010000000000000009,0,1,True
exp12_partial_observed_retrieval/summary.csv,leave_drug_out | DART_recommended | DART_sliced_wasserstein,moa_mrr,0.3801839145265379,0.3749061211370987,-0.005277793389439178,-0.013882211181953553,0.005277793389439178,0,1,True
exp13_real_data_projection/projection.csv,sciplex3_cross_line | A549->MCF7:Disulfiram:s0,preference_conflict,0.1231638418079096,0.1248587570621468,0.001694915254237206,0.01376146788990759,0.001694915254237206,0,1,True
upgrade/class_c_magnitude_control_v2.csv,K562 | ZM 447439,energy_rho,-0.6320187165775402,-0.6233288770053477,0.008689839572192493,0.01374933897408775,0.008689839572192493,0,1,True
exp13_real_data_projection/projection.csv,sciplex3_cross_line | K562->MCF7:Zileuton:s0,mean_vs_DART_disagreement,0.1597952964176873,0.1619803346558564,0.002185038238169096,0.013673983447282744,0.002185038238169096,0,1,True
upgrade/class_c_protein_oracle.csv,Co-culture | GPNMB,energy_rho,0.3794247768391046,0.3742455485809969,-0.005179228258107682,-0.013650210988472002,0.005179228258107682,0,1,True
exp13_real_data_projection/projection.csv,sciplex3_within_line | MCF7:SRT2104 (GSK2245840):s2,mean_vs_DART_disagreement,0.4137197400954516,0.4080846414812259,-0.005635098614225675,-0.013620569840166607,0.005635098614225675,0,1,True
exp08_signature_baselines/summary.csv,A549+MCF7 | coverage_mean,median_rank_proxy,1.8416666666666663,1.8666666666666667,0.025000000000000355,0.013574660633484358,0.025000000000000355,0,1,True
upgrade/class_c_protein_oracle.csv,Co-culture | SDC3,energy_rho_partial_magmatch,0.4958084033477175,0.502534649084451,0.006726245736733527,0.013566219715756443,0.006726245736733527,0,1,True
upgrade/class_c_magnitude_control_v2.csv,MCF7 | Fulvestrant,energy_rho,-0.2488922841864018,-0.2522536287242169,-0.003361344537815114,-0.013505217925107381,0.003361344537815114,0,1,True
exp13_real_data_projection/projection.csv,sciplex3_within_line | K562:GSK J1:s2,mean_vs_DART_disagreement,0.4983612213213731,0.4916336035880628,-0.00672761773331032,-0.01349948078920039,0.00672761773331032,0,1,True
exp12_partial_observed_retrieval/summary.csv,leave_drug_out | mean_or_no_call | mean_cosine,target_hit@5,-0.5412844036697247,-0.5339805825242718,0.007303821145452916,0.013493500082277421,0.007303821145452916,0,1,True
exp12_partial_observed_retrieval/summary.csv,leave_drug_out | mean_or_no_call | cmap_match,target_hit@5,-0.5412844036697247,-0.5339805825242718,0.007303821145452916,0.013493500082277421,0.007303821145452916,0,1,True
exp12_partial_observed_retrieval/per_query_scores.csv,<column mean>,topk_diversity,0.7693827160493828,0.7797530864197529,0.010370370370370141,0.013478818998716004,0.6,0,405,False
upgrade/oracle_shape_test.csv,Control | SINHCAF,energy_vs_oracleDIST,0.3492272601899513,0.3445433398027439,-0.004683920387207441,-0.01341224160066934,0.004683920387207441,0,1,True
upgrade/class_c_magnitude_control_v2.csv,K562 | PD173074,energy_rho,-0.6731283422459894,-0.6821524064171123,-0.009024064171122892,-0.013406156901688029,0.009024064171122892,0,1,True
exp13_real_data_projection/projection.csv,sciplex3_cross_line | A549->MCF7:Lapatinib (GW-572016) Ditosylate:s0,preference_conflict,0.1689265536723163,0.1666666666666666,-0.002259887005649691,-0.013377926421404533,0.002259887005649691,0,1,True
exp13_real_data_projection/projection.csv,sciplex3_cross_line | K562->MCF7:AG-490 (Tyrphostin B42):s1,mean_vs_DART_disagreement,0.1634178598125467,0.1656028980507158,0.002185038238169096,0.013370865587613917,0.002185038238169096,0,1,True
exp13_real_data_projection/projection.csv,sciplex3_cross_line | K562->A549:AICAR (Acadesine):s0,mean_vs_DART_disagreement,0.0906790868840204,0.0918866080156402,0.0012075211316198015,0.013316423589093204,0.0012075211316198015,0,1,True
upgrade/class_c_magnitude_control_v2.csv,K562 | UNC0379,energydist_vs_candmag_rho,0.6544117647058825,0.6457219251336899,-0.008689839572192604,-0.013278855975485325,0.008689839572192604,0,1,True
exp13_real_data_projection/projection.csv,sciplex3_cross_line | A549->MCF7:Dasatinib:s2,preference_conflict,0.127683615819209,0.1293785310734463,0.0016949152542372892,0.013274336283185853,0.0016949152542372892,0,1,True
exp13_real_data_projection/projection.csv,sciplex3_within_line | A549:Belinostat (PXD101):s0,preference_conflict,0.5107344632768361,0.503954802259887,-0.006779661016949157,-0.01327433628318585,0.006779661016949157,0,1,True
exp13_real_data_projection/projection.csv,sciplex3_cross_line | A549->MCF7:Sirtinol:s0,mean_vs_DART_disagreement,0.1214421252371916,0.1230521534126847,0.0016100281754931056,0.013257575757576048,0.0016100281754931056,0,1,True
exp13_real_data_projection/projection.csv,sciplex3_cross_line | A549->MCF7:Belinostat (PXD101):s0,mean_vs_DART_disagreement,0.095451670404232,0.0967166925421194,0.0012650221378874005,0.013253012048192651,0.0012650221378874005,0,1,True
upgrade/oracle_shape_test.csv,Co-culture | CD47,energy_vs_oracleDIST,0.2017091868794771,0.2043755925426355,0.0026664056631584,0.013219059103894952,0.0026664056631584,0,1,True
exp11_hir_benchmark/sanity_checks.csv,predicted_mean_dart_eq_mean,value,0.0506696428571428,0.0513392857142857,0.0006696428571428964,0.013215859030837794,0.0006696428571428964,0,1,True
exp13_real_data_projection/projection.csv,sciplex3_cross_line | K562->A549:AICAR (Acadesine):s0,preference_conflict,0.1282485875706214,0.1265536723163841,-0.001694915254237317,-0.013215859030837235,0.001694915254237317,0,1,True
exp13_real_data_projection/projection.csv,sciplex3_cross_line | A549->MCF7:Amisulpride:s2,preference_conflict,0.1282485875706214,0.1299435028248587,0.0016949152542372892,0.013215859030837019,0.0016949152542372892,0,1,True
exp12_partial_observed_retrieval/summary.csv,leave_drug_out | mean_sufficient | DART_coverage_worst,minority_state_coverage,0.941689604935458,0.9292859651072236,-0.012403639828234336,-0.01317168604519582,0.012403639828234336,0,1,True
exp08_signature_baselines/summary.csv,K562 | coverage_mean,ndcg@10,0.9341239671428612,0.9218216255952428,-0.012302341547618334,-0.013169923886276717,0.012302341547618334,0,1,True
exp07_ranking_flip/ranking_flip_summary.csv,K562,ours_hit1,0.76,0.75,-0.010000000000000009,-0.013157894736842117,0.010000000000000009,0,1,True
upgrade/class_c_protein_oracle.csv,IFNγ | NONO,energy_rho_partial_magmatch,0.2275763128143152,0.2245989110236118,-0.00297740179070341,-0.013083091794060048,0.00297740179070341,0,1,True
upgrade/oracle_shape_test.csv,IFNγ | RNF213,magmatch_vs_oracleDIST,0.4301664652450196,0.424551609423934,-0.005614855821085618,-0.013052751143414766,0.005614855821085618,0,1,True
exp12_partial_observed_retrieval/summary.csv,leave_drug_out | DART_recommended | DART_mmd,moa_mrr,0.3710626335126503,0.3662236351759724,-0.004838998336677891,-0.01304092058763691,0.004838998336677891,0,1,True
upgrade/oracle_shape_test.csv,Co-culture | SDC3,mean_vs_oracleDIST,0.6271757933917849,0.619039897050332,-0.008135896341452842,-0.012972274164877567,0.008135896341452842,0,1,True
upgrade/class_c_protein_oracle.csv,Co-culture | S100B,energy_rho,0.0756016352873654,0.076580398443477,0.0009787631561116034,0.01294632255494578,0.0009787631561116034,0,1,True
exp13_real_data_projection/projection.csv,sciplex3_cross_line | K562->MCF7:Triamcinolone Acetonide:s1,mean_vs_DART_disagreement,0.1424874935311367,0.1443275257317002,0.0018400322005635017,0.012913640032284051,0.0018400322005635017,0,1,True
exp13_real_data_projection/projection.csv,sciplex3_cross_line | K562->A549:Dasatinib:s2,preference_conflict,0.0875706214689265,0.0864406779661016,-0.001129943502824901,-0.012903225806452106,0.001129943502824901,0,1,True
exp13_real_data_projection/projection.csv,sciplex3_cross_line | K562->A549:AG-490 (Tyrphostin B42):s1,preference_conflict,0.0875706214689265,0.0864406779661016,-0.001129943502824901,-0.012903225806452106,0.001129943502824901,0,1,True
exp13_real_data_projection/projection.csv,sciplex3_cross_line | A549->MCF7:GSK J1:s2,mean_vs_DART_disagreement,0.1254671956759243,0.1270772238514174,0.0016100281754931056,0.012832263978002112,0.0016100281754931056,0,1,True
exp13_real_data_projection/projection.csv,sciplex3_cross_line | A549->MCF7:GSK J1:s2,preference_conflict,0.088135593220339,0.0870056497175141,-0.001129943502824901,-0.012820512820513299,0.001129943502824901,0,1,True
exp08_signature_baselines/summary.csv,A549+MCF7 | global_energy,median_rank_proxy,1.0833333333333333,1.0972222222222223,0.013888888888889062,0.012820512820512981,0.013888888888889062,0,1,True
exp13_real_data_projection/projection.csv,sciplex3_within_line | K562:Ofloxacin:s0,preference_conflict,0.7491525423728813,0.7587570621468926,0.009604519774011333,0.012820512820512867,0.009604519774011333,0,1,True
upgrade/oracle_shape_test.csv,IFNγ | SLC22A18,magmatch_vs_oracleDIST,0.2854339661871532,0.28177562928021,-0.003658336906943227,-0.012816753926701667,0.003658336906943227,0,1,True
upgrade/oracle_shape_test.csv,IFNγ | STAT1,mean_vs_oracleDIST,0.4768361147287764,0.4829456941249853,0.006109579396208875,0.012812744688359006,0.006109579396208875,0,1,True
exp13_real_data_projection/projection.csv,sciplex3_cross_line | K562->A549:Curcumin:s0,mean_vs_DART_disagreement,0.0903340808464148,0.091484100971767,0.0011500201253522024,0.01273074474856789,0.0011500201253522024,0,1,True
exp08_signature_baselines/summary.csv,K562+A549 | coverage_mean,mrr,0.8438258949853154,0.8331090279089628,-0.010716867076352554,-0.012700329700760196,0.010716867076352554,0,1,True
exp13_real_data_projection/projection.csv,sciplex3_cross_line | K562->A549:Lapatinib (GW-572016) Ditosylate:s1,preference_conflict,0.0892655367231638,0.0903954802259887,0.001129943502824901,0.012658227848101746,0.001129943502824901,0,1,True
exp13_real_data_projection/projection.csv,sciplex3_cross_line | K562->MCF7:BMS-536924:s1,mean_vs_DART_disagreement,0.1553102179288137,0.1572652521419124,0.0019550342130986997,0.01258793039614939,0.0019550342130986997,0,1,True
exp13_real_data_projection/projection.csv,sciplex3_cross_line | K562->A549:Nintedanib (BIBF 1120):s2,preference_conflict,0.135593220338983,0.1338983050847457,-0.0016949152542372892,-0.012500000000000013,0.0016949152542372892,0,1,True
exp12_partial_observed_retrieval/summary.csv,leave_drug_out | DART_recommended | DART_sliced_wasserstein,n_queries,480.0,486.0,6.0,0.0125,6.0,0,1,True
exp12_partial_observed_retrieval/summary.csv,leave_drug_out | DART_recommended | mean_l2,n_queries,480.0,486.0,6.0,0.0125,6.0,0,1,True
exp12_partial_observed_retrieval/summary.csv,leave_drug_out | DART_recommended | cmap_reverse,n_queries,480.0,486.0,6.0,0.0125,6.0,0,1,True
exp12_partial_observed_retrieval/summary.csv,leave_drug_out | DART_recommended | mean_cosine,n_queries,480.0,486.0,6.0,0.0125,6.0,0,1,True
exp12_partial_observed_retrieval/summary.csv,leave_drug_out | DART_recommended | cmap_match,n_queries,480.0,486.0,6.0,0.0125,6.0,0,1,True
exp12_partial_observed_retrieval/summary.csv,leave_drug_out | DART_recommended | DART_coverage_mean,n_queries,480.0,486.0,6.0,0.0125,6.0,0,1,True
exp12_partial_observed_retrieval/summary.csv,leave_drug_out | DART_recommended | DART_energy,n_queries,480.0,486.0,6.0,0.0125,6.0,0,1,True
exp12_partial_observed_retrieval/summary.csv,leave_drug_out | DART_recommended | DART_coverage_worst,n_queries,480.0,486.0,6.0,0.0125,6.0,0,1,True
exp12_partial_observed_retrieval/summary.csv,leave_drug_out | DART_recommended | DART_mmd,n_queries,480.0,486.0,6.0,0.0125,6.0,0,1,True
exp12_partial_observed_retrieval/summary.csv,leave_drug_out | mean_or_no_call | DART_energy,moa_mrr,0.3149140702166511,0.3188470945114364,0.0039330242947853145,0.012489198377447906,0.0039330242947853145,0,1,True
exp13_real_data_projection/projection.csv,sciplex3_cross_line | A549->MCF7:Clevudine:s1,mean_vs_DART_disagreement,0.1252946926571214,0.1268472198263469,0.0015525271692254927,0.012391005048187501,0.0015525271692254927,0,1,True
exp13_real_data_projection/projection.csv,sciplex3_cross_line | K562->MCF7:Sirtinol:s1,mean_vs_DART_disagreement,0.1627278477373353,0.1647403829567017,0.002012535219366396,0.012367491166078095,0.002012535219366396,0,1,True
upgrade/class_c_magnitude_control_v2.csv,A549 | Navitoclax (ABT-263),energy_rho,-0.5411096256684492,-0.5344251336898396,0.006684491978609652,0.012353304508956194,0.006684491978609652,0,1,True
exp13_real_data_projection/projection.csv,sciplex3_cross_line | A549->MCF7:UNC0379:s1,mean_vs_DART_disagreement,0.1167270427232476,0.1181645678799379,0.0014375251566902947,0.012315270935961048,0.0014375251566902947,0,1,True
upgrade/class_c_protein_oracle.csv,IFNγ | CDK4,energy_rho_partial_magmatch,0.2975067898587449,0.2938505321429964,-0.003656257715748512,-0.012289661414062144,0.003656257715748512,0,1,True
exp08_signature_baselines/flip_vs_dart.csv,A549+MCF7 | pca_mean,top1_flip_rate,0.4527777777777778,0.4583333333333333,0.005555555555555536,0.012269938650306705,0.005555555555555536,0,1,True
upgrade/oracle_shape_test.csv,IFNγ | TGFB1,magmatch_vs_oracleDIST,0.3578210076280327,0.3534350456603619,-0.004385961967670826,-0.012257418860745552,0.004385961967670826,0,1,True
upgrade/class_c_magnitude_control_v2.csv,K562 | PCI-34051,energydist_vs_candmag_rho,0.9816176470588236,0.9695855614973262,-0.012032085561497374,-0.01225740551583253,0.012032085561497374,0,1,True
exp13_real_data_projection/projection.csv,sciplex3_cross_line | A549->MCF7:Sirtinol:s1,mean_vs_DART_disagreement,0.1365073888793053,0.138174918061066,0.0016675291817606908,0.012215669755686685,0.0016675291817606908,0,1,True
exp07_ranking_flip/ranking_flip_summary.csv,A549+MCF7,decision_flip_to_gt_rate,0.4373333333333333,0.432,-0.005333333333333301,-0.01219512195121944,0.005333333333333301,0,1,True
upgrade/oracle_shape_test.csv,IFNγ | PTMA,energy_vs_oracleMEAN,0.1866022602373616,0.1888638519615869,0.002261591724225298,0.012119851717489975,0.002261591724225298,0,1,True
upgrade/oracle_shape_test.csv,Co-culture | CTSO,mean_vs_oracleDIST,0.5130508510895835,0.5068401954399682,-0.006210655649615315,-0.012105341286201037,0.006210655649615315,0,1,True
exp13_real_data_projection/projection.csv,sciplex3_cross_line | A549->MCF7:Ofloxacin:s0,mean_vs_DART_disagreement,0.1094244149272612,0.1107469380714162,0.0013225231441549995,0.012086179716237311,0.0013225231441549995,0,1,True
exp12_partial_observed_retrieval/summary.csv,leave_drug_out | mean_or_no_call | cmap_match,target_mrr,-0.5585339409997216,-0.5518168827229887,0.006717058276732968,0.012026231144897093,0.006717058276732968,0,1,True
exp12_partial_observed_retrieval/summary.csv,leave_drug_out | mean_or_no_call | mean_cosine,target_mrr,-0.5585339409997216,-0.5518168827229887,0.006717058276732968,0.012026231144897093,0.006717058276732968,0,1,True
exp13_real_data_projection/projection.csv,sciplex3_within_line | K562:UNC0379:s1,mean_vs_DART_disagreement,0.4210798688977057,0.4261399574492553,0.005060088551549602,0.012016932950976257,0.005060088551549602,0,1,True
exp12_partial_observed_retrieval/recommendation_vs_outcome.csv,DART_recommended | DART_energy,mean_ndcg_gain,-0.0116801584830034,-0.0115398777954764,0.00014028068752700018,0.012010169873219805,0.00014028068752700018,0,1,True
exp11_hir_benchmark/method_dominance.csv,worst | predicted_structure | hit_at_1,best_value,0.1303571428571428,0.1319196428571428,0.0015624999999999944,0.011986301369862975,0.0015624999999999944,0,1,True
exp11_hir_benchmark/uncertainty_band.csv,worst | DART_coverage_worst | predicted_structure,hit_at_1_mean,0.1303571428571428,0.1319196428571428,0.0015624999999999944,0.011986301369862975,0.0015624999999999944,0,1,True
exp12_partial_observed_retrieval/summary.csv,leave_drug_out | DART_recommended | cmap_reverse,decision_regret,0.7976331055164337,0.7880887592770925,-0.009544346239341195,-0.011965835135643766,0.009544346239341195,0,1,True
upgrade/oracle_shape_test.csv,Co-culture | TFAP2A,energy_vs_oracleMEAN,0.1401061813236931,0.1384347550109488,-0.0016714263127443063,-0.011929711429952838,0.0016714263127443063,0,1,True
exp12_partial_observed_retrieval/summary.csv,leave_drug_out | mean_or_no_call | DART_coverage_worst,moa_mrr,0.2745570718233709,0.2712901101594247,-0.0032669616639461885,-0.011899025737162226,0.0032669616639461885,0,1,True
upgrade/oracle_shape_test.csv,IFNγ | SLC22A18,energy_vs_oracleMEAN,0.3996584928462827,0.3949054617753693,-0.004753031070913405,-0.011892731309331949,0.004753031070913405,0,1,True
upgrade/oracle_shape_test.csv,Control | NUP50-AS1,magmatch_vs_oracleDIST,0.4025614835395274,0.4073449010255757,0.004783417486048269,0.01188245195240738,0.004783417486048269,0,1,True
upgrade/oracle_shape_test.csv,Co-culture | HLA-B,energy_vs_oracleMEAN,0.1390301210017669,0.1373882711128453,-0.0016418498889216038,-0.011809310652191247,0.0016418498889216038,0,1,True
exp08_signature_baselines/flip_vs_dart.csv,A549+MCF7 | mean_cosine,top1_flip_rate,0.4722222222222222,0.4777777777777778,0.005555555555555591,0.011764705882353017,0.005555555555555591,0,1,True
exp08_signature_baselines/flip_vs_dart.csv,A549+MCF7 | cmap_cosine,top1_flip_rate,0.4722222222222222,0.4777777777777778,0.005555555555555591,0.011764705882353017,0.005555555555555591,0,1,True
upgrade/class_c_protein_oracle.csv,Co-culture | KDR,energy_rho,0.4025687610074658,0.397862589760979,-0.004706171246486812,-0.011690353803681091,0.004706171246486812,0,1,True
upgrade/oracle_shape_test.csv,Control | PET100,mean_vs_oracleDIST,0.3002923199574807,0.2967998458424696,-0.0034924741150110794,-0.01163024787149265,0.0034924741150110794,0,1,True
exp09_predict_then_rank/summary.csv,nearest_neighbor | dart_coverage,hit@5,0.4777777777777778,0.4722222222222222,-0.005555555555555591,-0.01162790697674426,0.005555555555555591,0,1,True
exp09_predict_then_rank/predictor_ranker_matrix.csv,nearest_neighbor | dart_coverage,hit5,0.4777777777777778,0.4722222222222222,-0.005555555555555591,-0.01162790697674426,0.005555555555555591,0,1,True
exp12_partial_observed_retrieval/summary.csv,leave_drug_out | DART_recommended | DART_mmd,target_hit@5,-0.4291666666666666,-0.434156378600823,-0.004989711934156427,-0.011626513244636337,0.004989711934156427,0,1,True
exp13_real_data_projection/projection.csv,sciplex3_within_line | K562:Sirtinol:s0,mean_vs_DART_disagreement,0.3688114542004485,0.3730665286642516,0.004255074463803132,0.011537262238852554,0.004255074463803132,0,1,True
upgrade/oracle_shape_test.csv,Co-culture | XAGE1A,mean_vs_oracleDIST,0.685612007860221,0.6777181961337118,-0.00789381172650927,-0.01151352607015398,0.00789381172650927,0,1,True
exp13_real_data_projection/projection.csv,sciplex3_cross_line | A549->MCF7:Triamcinolone Acetonide:s1,mean_vs_DART_disagreement,0.1052268414697257,0.1064343626013455,0.0012075211316198015,0.011475409836065558,0.0012075211316198015,0,1,True
exp12_partial_observed_retrieval/recommendation_vs_outcome.csv,DART_recommended | DART_mmd,n_ndcg_defined,523.0,529.0,6.0,0.011472275334608031,6.0,0,1,True
exp12_partial_observed_retrieval/recommendation_vs_outcome.csv,DART_recommended | DART_sliced_wasserstein,n_ndcg_defined,523.0,529.0,6.0,0.011472275334608031,6.0,0,1,True
exp12_partial_observed_retrieval/recommendation_vs_outcome.csv,DART_recommended | DART_coverage_mean,n_ndcg_defined,523.0,529.0,6.0,0.011472275334608031,6.0,0,1,True
exp12_partial_observed_retrieval/recommendation_vs_outcome.csv,DART_recommended | DART_energy,n_ndcg_defined,523.0,529.0,6.0,0.011472275334608031,6.0,0,1,True
exp12_partial_observed_retrieval/recommendation_vs_outcome.csv,DART_recommended | DART_coverage_worst,n_ndcg_defined,523.0,529.0,6.0,0.011472275334608031,6.0,0,1,True
upgrade/class_c_magnitude_control_v2.csv,MCF7 | Tanespimycin (17-AAG),energy_rho,-0.3998472116119175,-0.4044308632543927,-0.004583651642475206,-0.011463507833397104,0.004583651642475206,0,1,True
upgrade/oracle_shape_test.csv,Co-culture | SERPINE2,energy_vs_oracleDIST,0.5941526719944588,0.6009439565267124,0.006791284532253639,0.011430201112210055,0.006791284532253639,0,1,True
exp13_real_data_projection/projection.csv,sciplex3_cross_line | A549->MCF7:Alvespimycin (17-DMAG) HCl:s2,preference_conflict,0.0988700564971751,0.0999999999999999,0.00112994350282479,0.011428571428570738,0.00112994350282479,0,1,True
exp13_real_data_projection/projection.csv,sciplex3_within_line | K562:Clevudine:s1,mean_vs_DART_disagreement,0.2682421942383992,0.2712897475705824,0.003047553332183206,0.011361200428724145,0.003047553332183206,0,1,True
exp13_real_data_projection/projection.csv,sciplex3_within_line | MCF7:Belinostat (PXD101):s0,preference_conflict,0.6480225988700565,0.6406779661016949,-0.007344632768361614,-0.01133391455972106,0.007344632768361614,0,1,True
exp13_real_data_projection/projection.csv,sciplex3_cross_line | K562->MCF7:Clevudine:s1,mean_vs_DART_disagreement,0.1649128859755045,0.16677208807135,0.0018592020958455024,0.011273843671146843,0.0018592020958455024,0,1,True
exp13_real_data_projection/projection.csv,sciplex3_within_line | MCF7:AG-490 (Tyrphostin B42):s1,mean_vs_DART_disagreement,0.408659651543902,0.4040595710424932,-0.00460008050140881,-0.011256507668495936,0.00460008050140881,0,1,True
exp13_real_data_projection/projection.csv,sciplex3_cross_line | K562->MCF7:Lapatinib (GW-572016) Ditosylate:s0,mean_vs_DART_disagreement,0.1584727732735322,0.1602553044678281,0.0017825311942958888,0.011248185776487597,0.0017825311942958888,0,1,True
exp13_real_data_projection/projection.csv,sciplex3_cross_line | K562->MCF7:SRT2104 (GSK2245840):s2,preference_conflict,0.2011299435028248,0.2033898305084746,0.002259887005649802,0.0112359550561802,0.002259887005649802,0,1,True
upgrade/class_c_protein_oracle.csv,Co-culture | TOP1MT,energy_rho_partial_magmatch,0.4977404470688938,0.5033327175040496,0.005592270435155811,0.011235314445686925,0.005592270435155811,0,1,True
upgrade/class_c_magnitude_control_v2.csv,MCF7 | Lenalidomide (CC-5013),energy_rho,-0.5174942704354469,-0.5116883116883116,0.005805958747135298,0.01121936817242413,0.005805958747135298,0,1,True
exp12_partial_observed_retrieval/summary.csv,leave_drug_out | mean_or_no_call | mean_l2,moa_hit@5,0.4128440366972477,0.4174757281553398,0.004631691458092113,0.011218985976267564,0.004631691458092113,0,1,True
exp08_signature_baselines/divergence_stratified.csv,high(<0.3) | crossline | coverage_mean | hit@1,hit@1_mean,0.8268518518518518,0.8175925925925925,-0.0092592592592593,-0.011198208286674182,0.0092592592592593,0,1,True
exp08_signature_baselines/summary_by_task.csv,crossline | coverage_mean,hit@1,0.8268518518518518,0.8175925925925925,-0.0092592592592593,-0.011198208286674182,0.0092592592592593,0,1,True
upgrade/class_c_protein_oracle.csv,IFNγ | SCARB2,energy_rho_partial_magmatch,0.0577001546398451,0.0570545657739139,-0.0006455888659311973,-0.011188685194361387,0.0006455888659311973,0,1,True
exp13_real_data_projection/projection.csv,sciplex3_within_line | A549:Ofloxacin:s0,mean_vs_DART_disagreement,0.3753090679086884,0.3795066413662239,0.0041975734575355195,0.011184311322200125,0.0041975734575355195,0,1,True
upgrade/class_c_magnitude_control_v2.csv,A549 | GSK-LSD1 2HCl,energy_rho,-0.6584224598930482,-0.6510695187165776,0.007352941176470562,0.01116751269035529,0.007352941176470562,0,1,True
exp12_partial_observed_retrieval/summary.csv,leave_drug_out | DART_recommended | DART_mmd,moa_ndcg,0.1865936903447389,0.1845191025593899,-0.002074587785348997,-0.01111820973965474,0.002074587785348997,0,1,True
exp13_real_data_projection/projection.csv,sciplex3_cross_line | A549->MCF7:Costunolide:s2,preference_conflict,0.0508474576271186,0.0502824858757062,-0.000564971751412402,-0.011111111111110582,0.000564971751412402,0,1,True
exp11_hir_benchmark/uncertainty_band.csv,mean | DART_energy | predicted_structure,hit_at_1_std,0.2308332522708851,0.2333885490844613,0.002555296813576191,0.011069881780193112,0.002555296813576191,0,1,True
exp13_real_data_projection/projection.csv,sciplex3_cross_line | A549->MCF7:Lapatinib (GW-572016) Ditosylate:s0,mean_vs_DART_disagreement,0.1248346846069806,0.1262147087574032,0.0013800241504225985,0.01105481345002276,0.0013800241504225985,0,1,True
exp11_hir_benchmark/uncertainty_band.csv,worst | DART_energy | observed,hit_at_1_mean,0.0808035714285714,0.0816964285714285,0.000892857142857098,0.011049723756905525,0.000892857142857098,0,1,True
exp08_signature_baselines/summary.csv,Control+IFNγ | coverage_mean,mrr,0.6537808995652132,0.6610044682413103,0.007223568676097081,0.011048913605308755,0.007223568676097081,0,1,True
exp08_signature_baselines/summary_by_task.csv,frangieh | coverage_mean,mrr,0.6537808995652132,0.6610044682413103,0.007223568676097081,0.011048913605308755,0.007223568676097081,0,1,True
exp13_real_data_projection/projection.csv,sciplex3_cross_line | A549->MCF7:IOX2:s2,preference_conflict,0.1028248587570621,0.103954802259887,0.001129943502824901,0.010989010989011406,0.001129943502824901,0,1,True
exp13_real_data_projection/projection.csv,sciplex3_cross_line | K562->MCF7:GSK J1:s2,mean_vs_DART_disagreement,0.1622678396871945,0.1640503708814903,0.0017825311942958055,0.01098511693834102,0.0017825311942958055,0,1,True
exp13_real_data_projection/projection.csv,sciplex3_cross_line | K562->MCF7:AICAR (Acadesine):s0,mean_vs_DART_disagreement,0.1566516199955187,0.158357771260997,0.0017061512654783229,0.010891373262064769,0.0017061512654783229,0,1,True
exp13_real_data_projection/projection.csv,sciplex3_cross_line | K562->MCF7:Lapatinib (GW-572016) Ditosylate:s1,mean_vs_DART_disagreement,0.1814731757805761,0.183447859332663,0.001974683552086909,0.010881407368296401,0.001974683552086909,0,1,True
exp13_real_data_projection/projection.csv,sciplex3_within_line | K562:Belinostat (PXD101):s0,preference_conflict,0.7836158192090394,0.792090395480226,0.008474576271186529,0.010814708002884036,0.008474576271186529,0,1,True
exp13_real_data_projection/projection.csv,sciplex3_within_line | MCF7:Triamcinolone Acetonide:s1,mean_vs_DART_disagreement,0.362543844517279,0.3586337760910816,-0.0039100684261973995,-0.01078509119746217,0.0039100684261973995,0,1,True
exp13_real_data_projection/projection.csv,sciplex3_within_line | K562:Dasatinib:s2,mean_vs_DART_disagreement,0.1443850267379678,0.1459375539071933,0.0015525271692254927,0.010752688172043235,0.0015525271692254927,0,1,True
exp13_real_data_projection/projection.csv,sciplex3_within_line | A549:AICAR (Acadesine):s0,mean_vs_DART_disagreement,0.3643838767178425,0.3604738082916451,-0.0039100684261973995,-0.010730629635474038,0.0039100684261973995,0,1,True
exp11_hir_benchmark/uncertainty_band.csv,mean | DART_energy | predicted_mean,hit_at_1_std,0.1709557689002644,0.1727851597094389,0.0018293908091744915,0.01070095979177958,0.0018293908091744915,0,1,True
exp13_real_data_projection/projection.csv,sciplex3_within_line | MCF7:AICAR (Acadesine):s0,mean_vs_DART_disagreement,0.2602495543672014,0.263031540110791,0.002781985743589621,0.010689684946258752,0.002781985743589621,0,1,True
exp13_real_data_projection/projection.csv,sciplex3_cross_line | K562->MCF7:Nintedanib (BIBF 1120):s2,preference_conflict,0.1587570621468926,0.1604519774011299,0.0016949152542372892,0.010676156583629902,0.0016949152542372892,0,1,True
exp12_partial_observed_retrieval/summary.csv,leave_MoA_out | DART_recommended | cmap_reverse,decision_regret,0.9990037217432138,0.9883647840850208,-0.010638937658193015,-0.010649547570882495,0.010638937658193015,0,1,True
exp08_signature_baselines/summary.csv,K562+A549 | coverage_mean,hit@1,0.7833333333333333,0.775,-0.008333333333333304,-0.010638297872340387,0.008333333333333304,0,1,True
exp12_partial_observed_retrieval/summary.csv,leave_drug_out | DART_recommended | cmap_reverse,moa_mrr,0.1670935355908627,0.1688701554165221,0.0017766198256593813,0.010632486884528725,0.0017766198256593813,0,1,True
exp13_real_data_projection/projection.csv,sciplex3_within_line | MCF7:Ofloxacin:s0,mean_vs_DART_disagreement,0.3395434420102352,0.3359783796216433,-0.0035650623885918886,-0.010499576629974857,0.0035650623885918886,0,1,True
exp13_real_data_projection/projection.csv,sciplex3_cross_line | A549->MCF7:Curcumin:s0,mean_vs_DART_disagreement,0.1352606306534208,0.1366798918981082,0.0014192612446873865,0.01049278890562006,0.0014192612446873865,0,1,True
exp12_partial_observed_retrieval/summary.csv,leave_drug_out | DART_recommended | mean_l2,target_mrr,-0.4582324879641554,-0.4630389591669799,-0.004806471202824514,-0.010489154150066491,0.004806471202824514,0,1,True
exp13_real_data_projection/projection.csv,sciplex3_within_line | K562:Lapatinib (GW-572016) Ditosylate:s0,mean_vs_DART_disagreement,0.3739865447645334,0.3700764763383359,-0.0039100684261975105,-0.010455104551045648,0.0039100684261975105,0,1,True
exp08_signature_baselines/summary.csv,K562+A549 | coverage_mean,ndcg@10,0.8653979558524268,0.8563779311262537,-0.009020024726173137,-0.010422979006563877,0.009020024726173137,0,1,True
exp13_real_data_projection/projection.csv,sciplex3_cross_line | K562->MCF7:Clevudine:s1,preference_conflict,0.2169491525423729,0.2146892655367231,-0.002259887005649802,-0.010416666666667056,0.002259887005649802,0,1,True
exp13_real_data_projection/projection.csv,sciplex3_within_line | A549:Amisulpride:s2,mean_vs_DART_disagreement,0.3147605083088954,0.3180380656661491,0.003277557357253713,0.010412860796492387,0.003277557357253713,0,1,True
exp13_real_data_projection/projection.csv,cd34 | CD34+:panobinostat:s1,structure_reliability_score,0.395525747418157,0.3914081003593334,-0.004117647058823615,-0.010410566406111519,0.004117647058823615,0,1,True
upgrade/class_c_protein_oracle.csv,Co-culture | ACSL3,energy_rho,0.2697407551765856,0.2725433399636466,0.0028025847870610243,0.010389919703555047,0.0028025847870610243,0,1,True
upgrade/class_c_magnitude_control_v2.csv,MCF7 | Fulvestrant,energydist_vs_candmag_rho,0.7081741787624141,0.7155080213903742,0.007333842627960108,0.010355987055015945,0.007333842627960108,0,1,True
upgrade/class_c_magnitude_control_v2.csv,"MCF7 | Luminespib (AUY-922, NVP-AUY922)",energy_rho,-0.413903743315508,-0.4181818181818181,-0.0042780748663101,-0.010335917312661353,0.0042780748663101,0,1,True
exp13_real_data_projection/projection.csv,sciplex3_within_line | K562:Triamcinolone Acetonide:s1,mean_vs_DART_disagreement,0.43252256914496,0.4280641729382673,-0.004458396206692694,-0.010307892639004607,0.004458396206692694,0,1,True
exp11_hir_benchmark/uncertainty_band.csv,worst | DART_coverage_mean | observed,hit_at_1_std,0.2202344629486507,0.2224948226581775,0.002260359709526788,0.010263424167423821,0.002260359709526788,0,1,True
upgrade/class_c_protein_oracle.csv,IFNγ | TIMP3,energy_rho,0.1617813470559952,0.1634405841073396,0.0016592370513444088,0.010256046704631032,0.0016592370513444088,0,1,True
exp13_real_data_projection/projection.csv,sciplex3_cross_line | K562->MCF7:Droxinostat:s1,mean_vs_DART_disagreement,0.1630153527686734,0.1646828819504341,0.0016675291817606908,0.010229276895943627,0.0016675291817606908,0,1,True
upgrade/class_c_magnitude_control_v2.csv,"MCF7 | Temsirolimus (CCI-779, NSC 683864)",energydist_vs_candmag_rho,0.8365164247517187,0.8279602750190985,-0.0085561497326202,-0.010228310502282963,0.0085561497326202,0,1,True
exp13_real_data_projection/projection.csv,cd34 | CD34+:Geldanamycin:s0,mean_vs_DART_disagreement,0.1647058823529411,0.1663865546218487,0.0016806722689076126,0.010204081632653367,0.0016806722689076126,0,1,True
exp13_real_data_projection/projection.csv,sciplex3_within_line | A549:Disulfiram:s0,preference_conflict,0.6096045197740113,0.6033898305084746,-0.006214689265536699,-0.010194624652455938,0.006214689265536699,0,1,True
exp13_real_data_projection/projection.csv,sciplex3_within_line | K562:Sirtinol:s1,preference_conflict,0.5548022598870056,0.5491525423728814,-0.005649717514124242,-0.010183299389001943,0.005649717514124242,0,1,True
exp13_real_data_projection/projection.csv,sciplex3_within_line | A549:IOX2:s2,mean_vs_DART_disagreement,0.3592087861537577,0.3628561570405815,0.0036473708868238197,0.01015390220790028,0.0036473708868238197,0,1,True
exp13_real_data_projection/projection.csv,sciplex3_within_line | A549:Ellagic acid:s2,preference_conflict,0.5016949152542373,0.4966101694915254,-0.00508474576271184,-0.010135135135135087,0.00508474576271184,0,1,True
upgrade/class_c_magnitude_control_v2.csv,K562 | Navitoclax (ABT-263),energy_rho,-0.5939171122994653,-0.5879010695187166,0.006016042780748743,0.010129431626336656,0.006016042780748743,0,1,True
exp08_signature_baselines/flip_vs_dart.csv,Control+IFNγ | pca_dist,mean_delta_rank,-1.1,-1.0888888888888888,0.011111111111111294,0.010101010101010267,0.011111111111111294,0,1,True
exp13_real_data_projection/projection.csv,sciplex3_within_line | MCF7:Zileuton:s0,preference_conflict,0.6152542372881356,0.6214689265536724,0.00621468926553681,0.010101010101010242,0.00621468926553681,0,1,True
exp13_real_data_projection/projection.csv,sciplex3_cross_line | K562->MCF7:Disulfiram:s0,mean_vs_DART_disagreement,0.1426599965499396,0.1440975217066298,0.0014375251566901837,0.010076582023377263,0.0014375251566901837,0,1,True
exp13_real_data_projection/projection.csv,sciplex3_cross_line | K562->MCF7:Abexinostat (PCI-24781):s0,mean_vs_DART_disagreement,0.1493876142832499,0.1508826404462078,0.0014950261629579076,0.010007698229407613,0.0014950261629579076,0,1,True
exp09_structure_diagnostics/exp09_structure_diagnostics_summary.csv,cells | scgen,score_disagreement_mean,0.4166666666666667,0.4125,-0.004166666666666707,-0.010000000000000097,0.004166666666666707,0,1,True
exp12_partial_observed_retrieval/per_query_scores.csv,<column mean>,decision_regret,0.3135647671934306,0.3112807525269087,-0.0022840146665219496,-0.0072840283905780635,3.827486038208008,344,6885,False
exp12_partial_observed_retrieval/per_query_scores.csv,<column mean>,moa_ndcg,0.08631554844148358,0.08678104500419566,0.00046549656271208106,0.005392963042199262,0.6809047493604338,191,5805,False
exp12_partial_observed_retrieval/per_query_scores.csv,<column mean>,moa_hit@5,0.367786391042205,0.3681309216192937,0.0003445305770887197,0.0009367681498829123,1.0,266,5805,False
exp12_partial_observed_retrieval/per_query_scores.csv,<column mean>,target_hit@5,-0.4496162829496163,-0.44978311644978314,-0.00016683350016682974,-0.0003710575139146484,1.0,85,5994,False
exp03_crossline_semireal/per_query_scores.csv,<column mean>,coverage_mean,-23256.685239809878,-23256.13738653247,0.5478532774068299,2.355680836532268e-05,1.237783432006836,1960,96750,False
exp08_signature_baselines/per_query_scores.csv,<column mean>,coverage_mean,-25905.406585565655,-25904.83311192273,0.5734736429258191,2.213721838457287e-05,4.6479644775390625,1220,54180,False
exp03_crossline_semireal/per_query_scores.csv,<column mean>,coverage_worst,-46512.76797390202,-46512.086137387356,0.6818365146609722,1.4659125748945876e-05,2.1760082244873047,757,96750,False
exp08_signature_baselines/per_query_scores.csv,<column mean>,coverage_worst,-51810.220433647955,-51809.47214393315,0.7482897148074699,1.4442897724509505e-05,9.14608573913574,407,54180,False
exp11_hir_benchmark/uncertainty_band.csv,worst | DART_coverage_worst | predicted_mean,hit_at_1_ci_hi,0.0,1.0,1.0,,1.0,1,1,True
exp12_partial_observed_retrieval/summary.csv,leave_MoA_out | mean_or_no_call | cmap_reverse,target_hit@5,0.0,0.3333333333333333,0.3333333333333333,,0.3333333333333333,1,1,True
