cell_line,drug_a,drug_b,n_per_arm,supervised_ceiling,kmeans_full,kmeans_pca,gmm_pca,leiden_pca,best_unsupervised,gap_vs_best,gap_vs_kmeans
A-172,4EGI-1,Alpelisib,300,0.9,0.6166666666666667,0.5933333333333333,0.5866666666666667,0.6583333333333333,0.6583333333333333,0.2416666666666667,0.2833333333333333
A-172,9-ING-41,AZD1390,300,0.7916666666666666,0.5549999999999999,0.5549999999999999,0.5383333333333333,0.515,0.5549999999999999,0.2366666666666667,0.2366666666666667
A-172,APTO-253,Tomivosertib,300,0.7333333333333333,0.6799999999999999,0.68,0.69,0.655,0.69,0.043333333333333335,0.053333333333333344
A-172,AT7519,Ralimetinib dimesylate,300,0.85,0.5033333333333333,0.5116666666666667,0.5233333333333333,0.55,0.55,0.29999999999999993,0.3466666666666667
A-172,AZD2858,DT-061,300,0.6833333333333333,0.5916666666666667,0.5916666666666667,0.585,0.6,0.6,0.08333333333333337,0.09166666666666667
A-172,Belumosudil (mesylate),Temuterkib,300,0.93,0.7366666666666667,0.7433333333333334,0.6783333333333333,0.5066666666666666,0.7433333333333334,0.18666666666666665,0.19333333333333336
A-172,CP21R7,Methylprednisolone succinate,300,0.6916666666666667,0.5566666666666666,0.5566666666666666,0.5549999999999999,0.5366666666666666,0.5566666666666666,0.135,0.135
A-172,Capivasertib,DTP3,300,0.8116666666666666,0.5566666666666666,0.5516666666666667,0.55,0.5533333333333333,0.5566666666666666,0.255,0.255
A-172,Encorafenib,IQ 1,300,0.8783333333333333,0.5516666666666667,0.5533333333333333,0.505,0.5016666666666667,0.5533333333333333,0.32499999999999996,0.32666666666666655
A-172,Erdafitinib ,Tomivosertib,300,0.75,0.6599999999999999,0.6633333333333333,0.6433333333333333,0.6433333333333333,0.6633333333333333,0.08666666666666667,0.09000000000000008
A-172,Futibatinib,GSK1059615,300,0.975,0.885,0.885,0.8866666666666667,0.9016666666666666,0.9016666666666666,0.07333333333333336,0.08999999999999997
A-172,Irinotecan,ML264,300,0.9016666666666666,0.5916666666666667,0.5733333333333333,0.5683333333333334,0.54,0.5916666666666667,0.30999999999999994,0.30999999999999994
A-172,LJI308,Oleic acid,300,0.8283333333333334,0.6433333333333333,0.6533333333333333,0.595,0.5133333333333333,0.6533333333333333,0.17500000000000004,0.18500000000000005
A-172,LY2090314,XRK3F2,300,0.7983333333333333,0.51,0.5166666666666667,0.52,0.5733333333333334,0.5733333333333334,0.22499999999999998,0.28833333333333333
A-172,NG25,Pemigatinib,300,0.9566666666666667,0.8116666666666666,0.815,0.725,0.5,0.815,0.14166666666666672,0.14500000000000002
A-172,NG25,Temuterkib,300,0.96,0.7533333333333333,0.76,0.905,0.5,0.905,0.05499999999999994,0.20666666666666667
A-172,NVP-BHG712,Sonidegib,300,0.875,0.7116666666666667,0.7166666666666667,0.6283333333333333,0.5016666666666667,0.7166666666666667,0.15833333333333333,0.16333333333333333
A-172,Oleic acid,Sonidegib,300,0.8416666666666667,0.6533333333333333,0.655,0.6366666666666667,0.72,0.72,0.1216666666666667,0.18833333333333335
A-172,Oxaliplatin,c-Kit-IN-1,300,0.9483333333333334,0.65,0.6583333333333333,0.64,0.6383333333333333,0.6583333333333333,0.29000000000000004,0.29833333333333334
A-172,Sapanisertib,venetoclax,300,0.9916666666666667,0.9633333333333334,0.9666666666666667,0.9833333333333333,0.9233333333333333,0.9833333333333333,0.008333333333333415,0.02833333333333332
A-427,APTO-253,TAK-901,154,0.9935064935064936,0.9902597402597403,0.9902597402597403,0.9902597402597403,0.987012987012987,0.9902597402597403,0.0032467532467532756,0.0032467532467532756
A-427,AZD-8055,Capivasertib,300,0.8283333333333334,0.7183333333333334,0.7266666666666667,0.6716666666666666,0.61,0.7266666666666667,0.10166666666666668,0.10999999999999999
A-427,AZD2858,Brivudine,241,0.9626556016597511,0.946058091286307,0.946058091286307,0.9439834024896265,0.9315352697095436,0.946058091286307,0.016597510373444035,0.016597510373444035
A-427,AZD2858,Volasertib,241,0.6078838174273858,0.5601659751037344,0.5518672199170125,0.5124481327800829,0.5269709543568465,0.5601659751037344,0.047717842323651394,0.047717842323651394
A-427,Abemaciclib,EX229,300,0.8233333333333334,0.595,0.585,0.6,0.5883333333333334,0.6,0.22333333333333338,0.2283333333333334
A-427,Anastrozole,SBI-0640756,300,0.735,0.5133333333333333,0.5183333333333333,0.5216666666666666,0.545,0.545,0.18999999999999995,0.22166666666666668
A-427,Belumosudil (mesylate),Temuterkib,300,0.87,0.6066666666666667,0.6,0.6033333333333334,0.5816666666666667,0.6066666666666667,0.2633333333333333,0.2633333333333333
A-427,Belzutifan,Ipatasertib,300,0.8683333333333333,0.515,0.5083333333333333,0.51,0.605,0.605,0.2633333333333333,0.3533333333333333
A-427,Belzutifan,Ixazomib,251,0.898406374501992,0.5139442231075697,0.5258964143426295,0.5258964143426295,0.7629482071713147,0.7629482071713147,0.13545816733067728,0.3844621513944223
A-427,Bimiralisib,Sapanisertib,300,0.985,0.635,0.6466666666666667,0.6566666666666666,0.9816666666666667,0.9816666666666667,0.0033333333333332993,0.35
A-427,Capmatinib,EX229,300,0.9466666666666667,0.6616666666666666,0.65,0.6466666666666667,0.5666666666666667,0.6616666666666666,0.28500000000000003,0.28500000000000003
A-427,Encorafenib,Everolimus,300,0.9366666666666666,0.795,0.7866666666666666,0.7983333333333333,0.89,0.89,0.046666666666666634,0.1416666666666666
A-427,Erdafitinib ,Tubulin inhibitor 6,300,0.715,0.5766666666666667,0.5883333333333334,0.575,0.6133333333333333,0.6133333333333333,0.10166666666666668,0.1383333333333333
A-427,IQ 1,Oxaliplatin,300,0.765,0.5916666666666667,0.5883333333333334,0.5883333333333334,0.5616666666666666,0.5916666666666667,0.17333333333333334,0.17333333333333334
A-427,Infigratinib,Lapatinib ditosylate,300,0.7583333333333333,0.5816666666666667,0.5833333333333333,0.5900000000000001,0.535,0.5900000000000001,0.16833333333333322,0.17666666666666664
A-427,LY2090314,MK-8353,300,0.675,0.515,0.5133333333333333,0.5783333333333334,0.5,0.5783333333333334,0.09666666666666668,0.16000000000000003
A-427,Lapatinib ditosylate,Trametinib,300,0.97,0.8533333333333333,0.855,0.87,0.9016666666666666,0.9016666666666666,0.06833333333333336,0.1166666666666667
A-427,Lonafarnib,Sapanisertib,171,0.9883040935672515,0.827485380116959,0.8245614035087719,0.8245614035087719,0.8654970760233918,0.8654970760233918,0.1228070175438597,0.16081871345029242
A-427,Methylprednisolone succinate,Volasertib,300,0.68,0.5216666666666667,0.5283333333333333,0.5016666666666667,0.5566666666666666,0.5566666666666666,0.1233333333333334,0.15833333333333333
A-427,OTS514,Ralimetinib dimesylate,300,0.8633333333333333,0.5983333333333334,0.6016666666666667,0.515,0.5766666666666667,0.6016666666666667,0.2616666666666666,0.2649999999999999
A498,APTO-253,Tubulin inhibitor 6,300,0.7216666666666667,0.535,0.54,0.5516666666666666,0.515,0.5516666666666666,0.17000000000000004,0.18666666666666665
A498,AZD1390,LY2090314,300,0.775,0.6033333333333334,0.6,0.5716666666666667,0.5016666666666667,0.6033333333333334,0.17166666666666663,0.17166666666666663
A498,Abemaciclib,CP21R7,300,0.9416666666666667,0.74,0.7583333333333333,0.7566666666666666,0.8183333333333334,0.8183333333333334,0.1233333333333333,0.20166666666666666
A498,Alpelisib,EX229,300,0.9733333333333334,0.8216666666666667,0.8183333333333334,0.8366666666666667,0.9583333333333334,0.9583333333333334,0.015000000000000013,0.15166666666666673
A498,Anastrozole,Capmatinib,300,0.8433333333333334,0.575,0.5783333333333334,0.575,0.5483333333333333,0.5783333333333334,0.265,0.2683333333333334
A498,Anastrozole,EX229,300,0.97,0.535,0.505,0.9416666666666667,0.92,0.9416666666666667,0.02833333333333332,0.43499999999999994
A498,Belzutifan,Vemurafenib,300,0.9233333333333333,0.51,0.5033333333333334,0.5016666666666667,0.5,0.51,0.41333333333333333,0.41333333333333333
A498,Bentamapimod,Torkinib,272,0.84375,0.5735294117647058,0.5827205882352942,0.5569852941176471,0.5367647058823529,0.5827205882352942,0.26102941176470584,0.27022058823529416
A498,Binimetinib,ERK5-IN-2,300,0.9116666666666666,0.595,0.5933333333333333,0.6433333333333333,0.5233333333333333,0.6433333333333333,0.2683333333333333,0.31666666666666665
A498,CP21R7,Trametinib,300,0.8783333333333333,0.575,0.5666666666666667,0.5033333333333334,0.5733333333333334,0.575,0.30333333333333334,0.30333333333333334
A498,DT-061,Sapanisertib,300,0.9483333333333334,0.535,0.5533333333333333,0.5866666666666667,0.5,0.5866666666666667,0.3616666666666667,0.41333333333333333
A498,Dabrafenib,LY-2584702 (tosylate salt),300,0.935,0.775,0.755,0.86,0.7066666666666667,0.86,0.07500000000000007,0.16000000000000003
A498,EX229,venetoclax,300,0.8266666666666667,0.5866666666666667,0.5866666666666667,0.565,0.5700000000000001,0.5866666666666667,0.24,0.24
A498,Elimusertib hydrochloride,Regorafenib,300,0.9,0.56,0.56,0.58,0.6966666666666667,0.6966666666666667,0.20333333333333337,0.33999999999999997
A498,IQ 1,TAK-901,300,0.9966666666666667,0.9783333333333334,0.9783333333333334,0.99,0.9833333333333333,0.99,0.00666666666666671,0.018333333333333313
A498,Infigratinib,OTS514,300,0.8883333333333333,0.5633333333333334,0.5566666666666666,0.6083333333333333,0.5816666666666667,0.6083333333333333,0.28,0.32499999999999996
A498,LY2090314,Torkinib,272,0.7555147058823529,0.5827205882352942,0.5808823529411764,0.6029411764705883,0.5588235294117647,0.6029411764705883,0.1525735294117646,0.17279411764705876
A498,Minodronic acid,Torkinib,272,0.7426470588235294,0.5257352941176471,0.5294117647058824,0.5220588235294117,0.5202205882352942,0.5294117647058824,0.21323529411764708,0.21691176470588236
A498,NVP-BHG712,SBI-0640756,300,0.8233333333333334,0.6233333333333333,0.6216666666666666,0.575,0.5833333333333333,0.6233333333333333,0.20000000000000007,0.20000000000000007
A498,Pemigatinib,c-Kit-IN-1,300,0.97,0.8183333333333334,0.7966666666666666,0.8433333333333333,0.565,0.8433333333333333,0.1266666666666667,0.15166666666666662
A549,9-ING-41,AZD-8055,300,0.7866666666666666,0.6033333333333333,0.6066666666666667,0.61,0.5433333333333333,0.61,0.17666666666666664,0.18333333333333335
A549,9-ING-41,Methylprednisolone succinate,300,0.7983333333333333,0.57,0.5716666666666667,0.5549999999999999,0.5816666666666667,0.5816666666666667,0.21666666666666667,0.2283333333333334
A549,AZD-8055,NG25,300,0.9516666666666667,0.835,0.8283333333333334,0.8333333333333334,0.69,0.835,0.1166666666666667,0.1166666666666667
A549,AZD1390,Minodronic acid,300,0.7783333333333333,0.5766666666666667,0.5833333333333334,0.5516666666666667,0.5533333333333333,0.5833333333333334,0.19499999999999995,0.20166666666666666
A549,Abemaciclib,c-Kit-IN-1,300,0.68,0.5266666666666666,0.53,0.5316666666666666,0.5166666666666666,0.5316666666666666,0.14833333333333343,0.15333333333333343
A549,Afatinib,RMC-6236,300,0.8783333333333333,0.5416666666666667,0.5466666666666666,0.53,0.5466666666666666,0.5466666666666666,0.33166666666666667,0.33666666666666656
A549,Afatinib,olaparib,300,0.9366666666666666,0.6466666666666666,0.6483333333333333,0.615,0.615,0.6483333333333333,0.28833333333333333,0.29000000000000004
A549,Anastrozole,DTP3,300,0.715,0.5533333333333333,0.5433333333333333,0.5733333333333334,0.5,0.5733333333333334,0.1416666666666666,0.16166666666666663
A549,BI-78D3,c-Kit-IN-1,300,0.9266666666666666,0.735,0.7316666666666667,0.715,0.7983333333333333,0.7983333333333333,0.1283333333333333,0.19166666666666665
A549,Belumosudil (mesylate),Dabrafenib,300,0.855,0.61,0.615,0.5483333333333333,0.6416666666666666,0.6416666666666666,0.21333333333333337,0.245
A549,Belzutifan,HI-TOPK-032,300,0.925,0.7533333333333333,0.7466666666666667,0.785,0.6816666666666666,0.785,0.14,0.17166666666666675
A549,DTP3,Dabrafenib,300,0.89,0.6033333333333334,0.6066666666666667,0.53,0.6066666666666667,0.6066666666666667,0.2833333333333333,0.2866666666666666
A549,EX229,venetoclax,300,0.9016666666666666,0.7133333333333334,0.7116666666666667,0.675,0.815,0.815,0.08666666666666667,0.18833333333333324
A549,Encorafenib,Volasertib,300,0.8533333333333334,0.5983333333333334,0.5883333333333334,0.5666666666666667,0.5433333333333333,0.5983333333333334,0.255,0.255
A549,Erdafitinib ,Ipatasertib,300,0.9066666666666666,0.585,0.5916666666666667,0.5666666666666667,0.6816666666666666,0.6816666666666666,0.22499999999999998,0.32166666666666666
A549,IQ 1,Minodronic acid,300,0.765,0.5316666666666666,0.525,0.5166666666666667,0.5333333333333333,0.5333333333333333,0.2316666666666667,0.2333333333333334
A549,Ixazomib,Sonidegib,300,0.8716666666666667,0.6483333333333333,0.64,0.63,0.5,0.6483333333333333,0.22333333333333338,0.22333333333333338
A549,LB-100,Ralimetinib dimesylate,300,0.7683333333333333,0.5166666666666666,0.525,0.5133333333333333,0.5316666666666666,0.5316666666666666,0.2366666666666667,0.2516666666666667
A549,Lapatinib ditosylate,Sonidegib,300,0.65,0.6433333333333333,0.6366666666666667,0.6116666666666667,0.61,0.6433333333333333,0.00666666666666671,0.00666666666666671
A549,Minodronic acid,Sapanisertib,300,0.9133333333333333,0.54,0.5416666666666667,0.5266666666666666,0.5183333333333333,0.5416666666666667,0.3716666666666666,0.3733333333333333
AN3 CA,4EGI-1,Temuterkib,150,0.7433333333333333,0.5800000000000001,0.5800000000000001,0.5833333333333334,0.5733333333333333,0.5833333333333334,0.15999999999999992,0.16333333333333322
AN3 CA,9-ING-41,Pimitespib,158,0.7563291139240507,0.5664556962025317,0.5664556962025317,0.560126582278481,0.6139240506329114,0.6139240506329114,0.14240506329113922,0.189873417721519
AN3 CA,Afatinib,BAY1125976,259,0.7702702702702703,0.5,0.5019305019305019,0.5308880308880308,0.5193050193050193,0.5308880308880308,0.23938223938223946,0.2702702702702703
AN3 CA,Alpelisib,CP21R7,102,0.6176470588235294,0.5980392156862745,0.5980392156862745,0.6078431372549019,0.6127450980392157,0.6127450980392157,0.004901960784313708,0.019607843137254943
AN3 CA,BAY1125976,Oxaliplatin,198,0.8181818181818182,0.5631313131313131,0.5757575757575757,0.5631313131313131,0.5909090909090909,0.5909090909090909,0.2272727272727273,0.2550505050505051
AN3 CA,BI-78D3,Dabrafenib,300,0.6716666666666666,0.5933333333333334,0.595,0.5816666666666667,0.5833333333333334,0.595,0.07666666666666666,0.07833333333333325
AN3 CA,Bentamapimod,Ixazomib,257,0.7315175097276264,0.5077821011673151,0.5077821011673151,0.5077821011673151,0.5136186770428015,0.5136186770428015,0.2178988326848249,0.22373540856031127
AN3 CA,Bentamapimod,Minodronic acid,246,0.725609756097561,0.5121951219512195,0.5792682926829268,0.5182926829268293,0.5040650406504065,0.5792682926829268,0.14634146341463417,0.21341463414634143
AN3 CA,Bimiralisib,RMC-6236,156,0.7628205128205128,0.6730769230769231,0.6602564102564102,0.657051282051282,0.6506410256410257,0.6730769230769231,0.08974358974358965,0.08974358974358965
AN3 CA,Brivudine,MK-8353,137,0.8211678832116789,0.572992700729927,0.5547445255474452,0.5912408759124088,0.5766423357664234,0.5912408759124088,0.22992700729927007,0.24817518248175185
AN3 CA,Dabrafenib,vincristine,168,0.8988095238095238,0.6577380952380952,0.6994047619047619,0.5863095238095238,0.7351190476190477,0.7351190476190477,0.16369047619047616,0.2410714285714286
AN3 CA,ETC-206,Elimusertib hydrochloride,147,0.7551020408163265,0.5578231292517006,0.5578231292517006,0.5578231292517006,0.5714285714285714,0.5714285714285714,0.18367346938775508,0.19727891156462585
AN3 CA,Elimusertib hydrochloride,NVP-BHG712,147,0.8605442176870748,0.5408163265306123,0.5408163265306123,0.5408163265306123,0.5374149659863945,0.5408163265306123,0.3197278911564625,0.3197278911564625
AN3 CA,Everolimus,Sapanisertib,300,0.7783333333333333,0.5533333333333333,0.5533333333333333,0.59,0.5783333333333334,0.59,0.18833333333333335,0.22499999999999998
AN3 CA,Gemcitabine,Volasertib,170,0.5617647058823529,0.6058823529411765,0.6029411764705882,0.5852941176470589,0.5882352941176471,0.6058823529411765,-0.044117647058823595,-0.044117647058823595
AN3 CA,HI-TOPK-032,Oxaliplatin,198,0.7525252525252525,0.5151515151515151,0.5176767676767677,0.5227272727272727,0.5025252525252526,0.5227272727272727,0.22979797979797978,0.23737373737373735
AN3 CA,Infigratinib,Tucatinib,148,0.6824324324324325,0.5337837837837838,0.5337837837837838,0.527027027027027,0.527027027027027,0.5337837837837838,0.14864864864864868,0.14864864864864868
AN3 CA,ML264,Volasertib,170,0.7323529411764705,0.5323529411764706,0.5352941176470588,0.5029411764705882,0.5705882352941176,0.5705882352941176,0.16176470588235292,0.19999999999999996
AN3 CA,NG25,NVP-BHG712,183,0.8442622950819673,0.5245901639344263,0.5163934426229508,0.5191256830601093,0.5027322404371585,0.5245901639344263,0.319672131147541,0.319672131147541
AN3 CA,Sapanisertib,XRK3F2,300,0.715,0.5416666666666667,0.545,0.5083333333333333,0.5266666666666666,0.545,0.16999999999999993,0.17333333333333323
AsPC-1,4EGI-1,Bimiralisib,300,0.9783333333333334,0.9566666666666667,0.9566666666666667,0.9616666666666667,0.9583333333333334,0.9616666666666667,0.01666666666666672,0.021666666666666723
AsPC-1,9-ING-41,IQ 1,300,0.76,0.5466666666666666,0.55,0.5566666666666666,0.5216666666666666,0.5566666666666666,0.20333333333333337,0.21333333333333337
AsPC-1,AZD-7648,venetoclax,300,0.9466666666666667,0.7816666666666667,0.7883333333333333,0.785,0.7933333333333333,0.7933333333333333,0.15333333333333332,0.16499999999999992
AsPC-1,AZD1390,Capivasertib,300,0.7933333333333333,0.5283333333333333,0.5266666666666666,0.5083333333333333,0.525,0.5283333333333333,0.265,0.265
AsPC-1,Adagrasib,palbociclib,300,0.8866666666666667,0.7733333333333333,0.7716666666666667,0.7416666666666667,0.5,0.7733333333333333,0.1133333333333334,0.1133333333333334
AsPC-1,Anastrozole,Everolimus,300,0.7183333333333334,0.5466666666666666,0.54,0.5333333333333333,0.54,0.5466666666666666,0.17166666666666675,0.17166666666666675
AsPC-1,Anastrozole,ULK-101,300,0.6666666666666666,0.5016666666666667,0.5,0.5066666666666666,0.5083333333333333,0.5083333333333333,0.15833333333333333,0.16499999999999992
AsPC-1,BI-78D3,MK-8353,300,0.6333333333333333,0.5533333333333333,0.545,0.5466666666666666,0.5333333333333333,0.5533333333333333,0.07999999999999996,0.07999999999999996
AsPC-1,Belumosudil (mesylate),DTP3,300,0.8633333333333333,0.5616666666666666,0.5433333333333333,0.5183333333333333,0.5866666666666667,0.5866666666666667,0.2766666666666666,0.30166666666666664
AsPC-1,Belumosudil (mesylate),olaparib,300,0.75,0.6433333333333333,0.6433333333333333,0.6133333333333333,0.5666666666666667,0.6433333333333333,0.10666666666666669,0.10666666666666669
AsPC-1,Belzutifan,Erdafitinib ,300,0.8666666666666667,0.5483333333333333,0.5483333333333333,0.5866666666666667,0.5633333333333334,0.5866666666666667,0.28,0.31833333333333336
AsPC-1,Capmatinib,Oxaliplatin,300,0.9116666666666666,0.8533333333333333,0.86,0.6566666666666667,0.8033333333333333,0.86,0.05166666666666664,0.05833333333333335
AsPC-1,Dabrafenib,PH-797804,300,0.8233333333333334,0.57,0.5683333333333334,0.5983333333333334,0.665,0.665,0.15833333333333333,0.2533333333333334
AsPC-1,ERK5-IN-2,RMC-6236,300,0.9633333333333334,0.925,0.925,0.9366666666666666,0.9133333333333333,0.9366666666666666,0.026666666666666727,0.03833333333333333
AsPC-1,Elimusertib hydrochloride,MK-3903,300,0.9433333333333334,0.565,0.6466666666666666,0.7566666666666667,0.9066666666666666,0.9066666666666666,0.036666666666666736,0.3783333333333334
AsPC-1,Encorafenib,c-Kit-IN-1,300,0.96,0.8283333333333334,0.8266666666666667,0.8566666666666667,0.8133333333333334,0.8566666666666667,0.10333333333333328,0.1316666666666666
AsPC-1,MK-8353,Tucatinib,300,0.68,0.5483333333333333,0.5516666666666667,0.5533333333333333,0.5266666666666666,0.5533333333333333,0.1266666666666667,0.1316666666666667
AsPC-1,ML264,RMC-6236,300,0.98,0.945,0.955,0.95,0.9633333333333334,0.9633333333333334,0.016666666666666607,0.03500000000000003
AsPC-1,Methylprednisolone succinate,Sonidegib,299,0.7341137123745819,0.6337792642140468,0.6354515050167224,0.5836120401337792,0.6354515050167224,0.6354515050167224,0.09866220735785947,0.10033444816053505
AsPC-1,TAK-901,Volasertib,300,0.9883333333333333,0.8333333333333334,0.8316666666666667,0.8683333333333334,0.985,0.985,0.0033333333333332993,0.15499999999999992
BT-474,4EGI-1,Alpelisib,300,0.8833333333333333,0.535,0.535,0.5466666666666666,0.5283333333333333,0.5466666666666666,0.33666666666666667,0.3483333333333333
BT-474,APTO-253,Paclitaxel,300,0.7866666666666666,0.595,0.5983333333333334,0.5633333333333334,0.5,0.5983333333333334,0.18833333333333324,0.19166666666666665
BT-474,AT7519,Tomivosertib,300,0.785,0.7466666666666666,0.7483333333333333,0.675,0.63,0.7483333333333333,0.036666666666666736,0.03833333333333344
BT-474,AZD-8055,Dabrafenib,300,0.8966666666666666,0.5666666666666667,0.5666666666666667,0.5349999999999999,0.5166666666666667,0.5666666666666667,0.32999999999999996,0.32999999999999996
BT-474,Abemaciclib,TAK-733,300,0.8866666666666667,0.7533333333333333,0.7466666666666666,0.7416666666666667,0.7816666666666667,0.7816666666666667,0.10499999999999998,0.13333333333333341
BT-474,Adagrasib,Alpelisib,300,0.905,0.6933333333333334,0.6866666666666666,0.5016666666666667,0.66,0.6933333333333334,0.21166666666666667,0.21166666666666667
BT-474,Adagrasib,Trametinib,300,0.9166666666666666,0.745,0.7433333333333333,0.795,0.72,0.795,0.12166666666666659,0.17166666666666663
BT-474,Anastrozole,DT-061,300,0.665,0.5566666666666666,0.5433333333333333,0.5416666666666666,0.5383333333333333,0.5566666666666666,0.10833333333333339,0.10833333333333339
BT-474,BAY1125976,Pemigatinib,300,0.81,0.6116666666666667,0.6133333333333333,0.6116666666666667,0.6266666666666667,0.6266666666666667,0.18333333333333335,0.19833333333333336
BT-474,Bentamapimod,MK-3903,300,0.8616666666666667,0.5033333333333334,0.5033333333333333,0.51,0.505,0.51,0.3516666666666667,0.3583333333333333
BT-474,Binimetinib,Infigratinib,300,0.925,0.8,0.7866666666666666,0.7866666666666666,0.62,0.8,0.125,0.125
BT-474,Bortezomib,LY2090314,300,0.9416666666666667,0.9033333333333333,0.905,0.9,0.9033333333333333,0.905,0.036666666666666625,0.03833333333333333
BT-474,Celecoxib,Oleic acid,300,0.6116666666666667,0.525,0.5283333333333333,0.5483333333333333,0.5383333333333333,0.5483333333333333,0.06333333333333335,0.08666666666666667
BT-474,Gemcitabine,Ipatasertib,300,0.85,0.525,0.5283333333333333,0.6,0.5583333333333333,0.6,0.25,0.32499999999999996
BT-474,Hydroxyfasudil,Minodronic acid,300,0.6216666666666667,0.5,0.5066666666666667,0.5533333333333333,0.525,0.5533333333333333,0.06833333333333336,0.1216666666666667
BT-474,IQ 1,Trametinib,300,0.8866666666666667,0.515,0.5166666666666666,0.5216666666666667,0.565,0.565,0.32166666666666677,0.3716666666666667
BT-474,LB-100,Pralsetinib,300,0.8533333333333334,0.5283333333333333,0.5283333333333333,0.5233333333333333,0.5383333333333333,0.5383333333333333,0.31500000000000006,0.32500000000000007
BT-474,ML264,Oxaliplatin,300,0.8016666666666666,0.5083333333333333,0.5166666666666666,0.5333333333333333,0.51,0.5333333333333333,0.2683333333333333,0.29333333333333333
BT-474,NVP-BHG712,Paclitaxel,300,0.7533333333333333,0.5449999999999999,0.54,0.5666666666666667,0.5083333333333333,0.5666666666666667,0.18666666666666665,0.20833333333333337
BT-474,Sonidegib,olaparib,300,0.6983333333333334,0.52,0.5166666666666667,0.535,0.5183333333333333,0.535,0.16333333333333333,0.17833333333333334
C-33 A,AT7519,Tubulin inhibitor 6,300,0.625,0.5066666666666667,0.505,0.52,0.5083333333333333,0.52,0.10499999999999998,0.11833333333333329
C-33 A,AZD2858,BI-78D3,300,0.63,0.5633333333333334,0.5616666666666666,0.5166666666666666,0.5383333333333333,0.5633333333333334,0.06666666666666665,0.06666666666666665
C-33 A,AZD2858,Belumosudil (mesylate),300,0.7416666666666667,0.5083333333333333,0.52,0.5066666666666667,0.5016666666666667,0.52,0.22166666666666668,0.2333333333333334
C-33 A,Abemaciclib,Capivasertib,300,0.8233333333333334,0.5866666666666667,0.5916666666666667,0.6,0.5983333333333334,0.6,0.22333333333333338,0.2366666666666667
C-33 A,Adagrasib,Ipatasertib,300,0.7433333333333333,0.6516666666666666,0.655,0.6483333333333333,0.615,0.655,0.08833333333333326,0.09166666666666667
C-33 A,Afatinib,Anastrozole,300,0.8383333333333334,0.7366666666666667,0.7366666666666667,0.6966666666666667,0.7866666666666666,0.7866666666666666,0.05166666666666675,0.10166666666666668
C-33 A,Alpelisib,Anastrozole,300,0.705,0.625,0.6366666666666667,0.6133333333333333,0.63,0.6366666666666667,0.06833333333333325,0.07999999999999996
C-33 A,BI-3406,NVP-BHG712,300,0.665,0.5433333333333333,0.5433333333333333,0.5166666666666667,0.575,0.575,0.09000000000000008,0.1216666666666667
C-33 A,Bortezomib,IQ 1,247,0.9493927125506073,0.7955465587044535,0.7955465587044535,0.8704453441295547,0.7651821862348178,0.8704453441295547,0.07894736842105265,0.15384615384615385
C-33 A,Capivasertib,PF-06260933,300,0.8316666666666667,0.7516666666666667,0.7533333333333333,0.7683333333333333,0.7166666666666667,0.7683333333333333,0.06333333333333335,0.07999999999999996
C-33 A,Capmatinib,EX229,300,0.8333333333333334,0.5733333333333334,0.5766666666666667,0.5816666666666667,0.5666666666666667,0.5816666666666667,0.2516666666666667,0.26
C-33 A,Celecoxib,LB-100,300,0.5416666666666666,0.505,0.5233333333333333,0.5116666666666667,0.51,0.5233333333333333,0.018333333333333313,0.036666666666666625
C-33 A,Dabrafenib,Pralsetinib,290,0.8758620689655172,0.6896551724137931,0.6879310344827586,0.6810344827586207,0.6189655172413793,0.6896551724137931,0.18620689655172407,0.18620689655172407
C-33 A,ETC-206,EX229,300,0.795,0.5466666666666666,0.55,0.5683333333333334,0.5083333333333333,0.5683333333333334,0.22666666666666668,0.2483333333333334
C-33 A,EX229,Pralsetinib,290,0.8396551724137931,0.5672413793103448,0.5741379310344827,0.5896551724137931,0.6068965517241379,0.6068965517241379,0.23275862068965514,0.27241379310344827
C-33 A,Hydroxyfasudil,Tucatinib,300,0.6033333333333334,0.5166666666666666,0.5166666666666666,0.5033333333333333,0.5183333333333333,0.5183333333333333,0.08500000000000008,0.08666666666666678
C-33 A,Ipatasertib,OTS514,198,0.7853535353535354,0.5454545454545454,0.5252525252525253,0.5176767676767677,0.5606060606060606,0.5606060606060606,0.2247474747474748,0.23989898989898994
C-33 A,LB-100,Pemigatinib,300,0.5866666666666667,0.55,0.56,0.5116666666666667,0.565,0.565,0.021666666666666723,0.036666666666666625
C-33 A,MK-3903,Tomivosertib,300,0.6783333333333333,0.575,0.5783333333333334,0.5633333333333334,0.5333333333333333,0.5783333333333334,0.09999999999999998,0.10333333333333339
C-33 A,ML264,ULK-101,276,0.6739130434782609,0.5634057971014492,0.5615942028985508,0.5398550724637681,0.5615942028985508,0.5634057971014492,0.11050724637681164,0.11050724637681164
C32,APTO-253,Alpelisib,300,0.7233333333333334,0.5516666666666667,0.5483333333333333,0.5283333333333333,0.52,0.5516666666666667,0.17166666666666663,0.17166666666666663
C32,APTO-253,Methylprednisolone succinate,300,0.7433333333333333,0.555,0.5616666666666666,0.5466666666666666,0.5066666666666667,0.5616666666666666,0.18166666666666664,0.18833333333333324
C32,APTO-253,Sonidegib,276,0.6992753623188406,0.5742753623188406,0.5869565217391304,0.5797101449275363,0.5072463768115942,0.5869565217391304,0.1123188405797102,0.125
C32,Afatinib,CP21R7,300,0.975,0.8016666666666666,0.7833333333333333,0.805,0.8583333333333333,0.8583333333333333,0.1166666666666667,0.17333333333333334
C32,Afatinib,Pimitespib,244,0.9590163934426229,0.819672131147541,0.8258196721311475,0.8709016393442623,0.6413934426229508,0.8709016393442623,0.08811475409836056,0.1393442622950819
C32,Alpelisib,Celecoxib,300,0.6766666666666666,0.5633333333333334,0.5533333333333333,0.5516666666666666,0.5083333333333333,0.5633333333333334,0.11333333333333329,0.11333333333333329
C32,Alpelisib,ETC-206,300,0.7183333333333334,0.5449999999999999,0.55,0.5383333333333333,0.5083333333333333,0.55,0.16833333333333333,0.17333333333333345
C32,BAY1125976,NVP-BHG712,300,0.955,0.885,0.875,0.9033333333333333,0.8833333333333333,0.9033333333333333,0.05166666666666664,0.06999999999999995
C32,BAY1125976,PF-06260933,300,0.9883333333333333,0.9333333333333333,0.9333333333333333,0.9316666666666666,0.915,0.9333333333333333,0.05499999999999994,0.05499999999999994
C32,BI-3406,BI-78D3,300,0.7216666666666667,0.51,0.5066666666666666,0.5066666666666667,0.5133333333333333,0.5133333333333333,0.20833333333333337,0.21166666666666667
C32,Brivudine,ERK5-IN-2,300,0.9883333333333333,0.8633333333333333,0.865,0.895,0.99,0.99,-0.0016666666666667052,0.125
C32,Brivudine,Vemurafenib,300,0.975,0.855,0.8566666666666667,0.8433333333333334,0.93,0.93,0.04499999999999993,0.12
C32,ETC-206,PH-797804,300,0.9816666666666667,0.9383333333333334,0.9383333333333334,0.9433333333333334,0.9433333333333334,0.9433333333333334,0.03833333333333333,0.043333333333333335
C32,Futibatinib,Oleic acid,300,0.78,0.6233333333333333,0.625,0.61,0.51,0.625,0.15500000000000003,0.15666666666666673
C32,Ipatasertib,LJI308,300,0.9016666666666666,0.5566666666666666,0.5716666666666667,0.6116666666666667,0.5,0.6116666666666667,0.2899999999999999,0.345
C32,LB-100,NVP-BHG712,300,0.6933333333333334,0.5916666666666667,0.5916666666666667,0.5966666666666667,0.5683333333333334,0.5966666666666667,0.09666666666666668,0.10166666666666668
C32,ML264,Volasertib,300,0.8233333333333334,0.655,0.655,0.63,0.6533333333333333,0.655,0.16833333333333333,0.16833333333333333
C32,ML264,c-Kit-IN-1,300,0.9516666666666667,0.7883333333333333,0.7883333333333333,0.7833333333333333,0.87,0.87,0.08166666666666667,0.16333333333333333
C32,Oleic acid,Sapanisertib,300,0.9366666666666666,0.6666666666666667,0.69,0.6166666666666667,0.6,0.69,0.2466666666666667,0.2699999999999999
C32,TAK-733,Temuterkib,300,0.9766666666666667,0.9216666666666666,0.9183333333333333,0.9433333333333334,0.9183333333333333,0.9433333333333334,0.033333333333333326,0.05500000000000005
CFPAC-1,AZD1390,Encorafenib,300,0.9133333333333333,0.8066666666666666,0.8033333333333333,0.83,0.7733333333333333,0.83,0.08333333333333337,0.10666666666666669
CFPAC-1,AZD2858,LY2090314,300,0.7166666666666667,0.6133333333333333,0.6133333333333333,0.5833333333333333,0.6066666666666667,0.6133333333333333,0.10333333333333339,0.10333333333333339
CFPAC-1,Abemaciclib,Trametinib,300,0.99,0.8083333333333333,0.8066666666666666,0.8283333333333334,0.785,0.8283333333333334,0.16166666666666663,0.18166666666666664
CFPAC-1,BI-3406,Erdafitinib ,300,0.9116666666666666,0.5566666666666666,0.5516666666666666,0.5366666666666666,0.59,0.59,0.32166666666666666,0.355
CFPAC-1,BI-78D3,Ixazomib,300,0.9116666666666666,0.6116666666666667,0.6083333333333333,0.6316666666666667,0.6066666666666667,0.6316666666666667,0.2799999999999999,0.29999999999999993
CFPAC-1,Belumosudil (mesylate),NVP-BHG712,300,0.8383333333333334,0.595,0.6066666666666667,0.6366666666666667,0.6016666666666667,0.6366666666666667,0.20166666666666666,0.2433333333333334
CFPAC-1,Belzutifan,Tubulin inhibitor 6,300,0.8766666666666667,0.6633333333333333,0.6333333333333333,0.69,0.6433333333333333,0.69,0.18666666666666676,0.21333333333333337
CFPAC-1,Belzutifan,venetoclax,300,0.9583333333333334,0.9283333333333333,0.9283333333333333,0.9316666666666666,0.92,0.9316666666666666,0.026666666666666727,0.030000000000000027
CFPAC-1,Bentamapimod,Minodronic acid,300,0.8566666666666667,0.5016666666666667,0.5,0.5066666666666666,0.5016666666666667,0.5066666666666666,0.3500000000000001,0.355
CFPAC-1,Capivasertib,Gemcitabine,300,0.7166666666666667,0.5333333333333333,0.5283333333333333,0.5366666666666666,0.55,0.55,0.16666666666666663,0.18333333333333335
CFPAC-1,DT-061,NVP-BHG712,300,0.8633333333333333,0.5700000000000001,0.5683333333333334,0.5766666666666667,0.5166666666666666,0.5766666666666667,0.2866666666666666,0.2933333333333332
CFPAC-1,ERK5-IN-2,Pralsetinib,300,0.9516666666666667,0.715,0.7066666666666667,0.7316666666666667,0.6883333333333334,0.7316666666666667,0.21999999999999997,0.2366666666666667
CFPAC-1,ETC-206,Sapanisertib,300,0.86,0.5833333333333334,0.585,0.5733333333333333,0.5683333333333334,0.585,0.275,0.2766666666666666
CFPAC-1,Everolimus,Ixazomib,300,0.9266666666666666,0.62,0.625,0.5900000000000001,0.7666666666666666,0.7666666666666666,0.16000000000000003,0.30666666666666664
CFPAC-1,LB-100,OTS514,300,0.84,0.615,0.6283333333333334,0.6383333333333333,0.625,0.6383333333333333,0.20166666666666666,0.22499999999999998
CFPAC-1,LY-2584702 (tosylate salt),Pralsetinib,300,0.8483333333333334,0.6133333333333333,0.6133333333333333,0.6216666666666667,0.63,0.63,0.21833333333333338,0.2350000000000001
CFPAC-1,Lonafarnib,MK-8353,300,0.9833333333333333,0.7216666666666667,0.7233333333333334,0.7116666666666667,0.6950000000000001,0.7233333333333334,0.2599999999999999,0.2616666666666666
CFPAC-1,MK-8353,Pemigatinib,300,0.6066666666666667,0.5083333333333333,0.505,0.5016666666666667,0.5116666666666667,0.5116666666666667,0.09499999999999997,0.09833333333333338
CFPAC-1,Pralsetinib,Regorafenib,300,0.8666666666666667,0.69,0.69,0.6966666666666667,0.6733333333333333,0.6966666666666667,0.17000000000000004,0.17666666666666675
CFPAC-1,XRK3F2,c-Kit-IN-1,300,0.9383333333333334,0.7516666666666667,0.7533333333333333,0.7983333333333333,0.7316666666666667,0.7983333333333333,0.14,0.18666666666666665
CHP-212,AZD-8055,ML264,126,0.7222222222222222,0.5357142857142857,0.5277777777777778,0.5277777777777778,0.5674603174603174,0.5674603174603174,0.15476190476190477,0.1865079365079365
CHP-212,Anastrozole,HI-TOPK-032,119,0.7226890756302521,0.5168067226890757,0.5084033613445378,0.5042016806722689,0.5294117647058824,0.5294117647058824,0.19327731092436973,0.2058823529411764
CHP-212,BAY1125976,Celecoxib,105,0.8476190476190476,0.6285714285714286,0.6238095238095238,0.6238095238095238,0.6047619047619047,0.6285714285714286,0.21904761904761905,0.21904761904761905
CHP-212,BAY1125976,NVP-BHG712,128,0.8046875,0.5390625,0.52734375,0.5234375,0.5703125,0.5703125,0.234375,0.265625
CHP-212,BI-78D3,LB-100,135,0.6592592592592592,0.5703703703703704,0.5777777777777777,0.5296296296296297,0.5407407407407407,0.5777777777777777,0.08148148148148149,0.0888888888888888
CHP-212,Bentamapimod,SBI-0640756,140,0.7821428571428571,0.5821428571428572,0.5785714285714286,0.5607142857142857,0.5535714285714286,0.5821428571428572,0.19999999999999996,0.19999999999999996
CHP-212,Brivudine,XRK3F2,122,0.8770491803278688,0.8483606557377049,0.8524590163934427,0.8483606557377049,0.8565573770491803,0.8565573770491803,0.020491803278688492,0.02868852459016391
CHP-212,ERK5-IN-2,Ipatasertib,270,0.8481481481481481,0.5611111111111111,0.5518518518518518,0.55,0.5277777777777778,0.5611111111111111,0.287037037037037,0.287037037037037
CHP-212,ERK5-IN-2,SBI-0640756,140,0.7928571428571428,0.6714285714285715,0.6857142857142857,0.7035714285714285,0.7214285714285714,0.7214285714285714,0.0714285714285714,0.12142857142857133
CHP-212,EX229,Ralimetinib dimesylate,152,0.9276315789473685,0.5263157894736843,0.5164473684210527,0.5164473684210527,0.5328947368421053,0.5328947368421053,0.39473684210526316,0.4013157894736842
CHP-212,Erdafitinib ,Paclitaxel,160,0.734375,0.540625,0.5375,0.540625,0.534375,0.540625,0.19374999999999998,0.19374999999999998
CHP-212,Everolimus,PF-06260933,173,0.9248554913294798,0.7745664739884393,0.7890173410404624,0.9017341040462428,0.5635838150289018,0.9017341040462428,0.023121387283236983,0.1502890173410405
CHP-212,Gemcitabine,LY2090314,160,0.7,0.596875,0.6,0.6,0.58125,0.6,0.09999999999999998,0.10312499999999991
CHP-212,HI-TOPK-032,Tomivosertib,146,0.8013698630136986,0.5650684931506849,0.5753424657534247,0.5273972602739726,0.5136986301369864,0.5753424657534247,0.22602739726027388,0.23630136986301375
CHP-212,HI-TOPK-032,olaparib,146,0.7808219178082192,0.5856164383561644,0.5856164383561644,0.5856164383561644,0.5924657534246576,0.5924657534246576,0.18835616438356162,0.1952054794520548
CHP-212,Lapatinib ditosylate,Oxaliplatin,116,0.6077586206896551,0.521551724137931,0.5172413793103448,0.521551724137931,0.5172413793103449,0.521551724137931,0.08620689655172409,0.08620689655172409
CHP-212,MK-8353,c-Kit-IN-1,113,0.8938053097345132,0.663716814159292,0.672566371681416,0.6548672566371682,0.588495575221239,0.672566371681416,0.22123893805309724,0.23008849557522126
CHP-212,ML264,SBI-0640756,140,0.7928571428571428,0.6321428571428571,0.6535714285714286,0.6892857142857143,0.6357142857142857,0.6892857142857143,0.10357142857142854,0.1607142857142857
CHP-212,Minodronic acid,Temuterkib,113,0.6902654867256637,0.5,0.504424778761062,0.504424778761062,0.5132743362831859,0.5132743362831859,0.17699115044247782,0.19026548672566368
CHP-212,Minodronic acid,Tomivosertib,113,0.6991150442477876,0.6725663716814159,0.672566371681416,0.6725663716814159,0.5265486725663717,0.672566371681416,0.02654867256637161,0.026548672566371723
COLO 205,AT7519,IQ 1,181,0.8232044198895028,0.5662983425414365,0.5718232044198894,0.6104972375690608,0.5773480662983426,0.6104972375690608,0.21270718232044195,0.25690607734806625
COLO 205,AT7519,RMC-6236,181,0.9475138121546961,0.6464088397790055,0.6546961325966851,0.6602209944751382,0.6767955801104972,0.6767955801104972,0.27071823204419887,0.30110497237569056
COLO 205,AZD-7648,AZD1390,189,0.8068783068783069,0.5793650793650793,0.58994708994709,0.5978835978835979,0.5264550264550265,0.5978835978835979,0.20899470899470896,0.22751322751322756
COLO 205,AZD-8055,Futibatinib,177,0.867231638418079,0.6807909604519774,0.6836158192090396,0.731638418079096,0.6610169491525424,0.731638418079096,0.13559322033898302,0.18644067796610164
COLO 205,AZD2858,DT-061,217,0.7741935483870968,0.532258064516129,0.5276497695852534,0.532258064516129,0.5230414746543779,0.532258064516129,0.24193548387096775,0.24193548387096775
COLO 205,Belzutifan,Infigratinib,274,0.8813868613138686,0.5857664233576643,0.5675182481751825,0.5802919708029197,0.6094890510948905,0.6094890510948905,0.2718978102189781,0.2956204379562043
COLO 205,Bimiralisib,HI-TOPK-032,300,0.9533333333333334,0.575,0.57,0.5483333333333333,0.78,0.78,0.17333333333333334,0.3783333333333334
COLO 205,Binimetinib,Dabrafenib,141,0.8297872340425532,0.5567375886524822,0.5212765957446809,0.5425531914893617,0.5567375886524822,0.5567375886524822,0.2730496453900709,0.2730496453900709
COLO 205,Brivudine,DTP3,275,0.9636363636363636,0.8872727272727272,0.8963636363636364,0.92,0.8545454545454545,0.92,0.043636363636363584,0.07636363636363641
COLO 205,Capmatinib,Torkinib,151,0.8443708609271523,0.543046357615894,0.5496688741721855,0.5496688741721855,0.5562913907284768,0.5562913907284768,0.2880794701986755,0.30132450331125826
COLO 205,EX229,Temuterkib,300,0.9433333333333334,0.865,0.87,0.87,0.8683333333333333,0.87,0.07333333333333336,0.07833333333333337
COLO 205,Elimusertib hydrochloride,MK-3903,123,0.7764227642276422,0.5691056910569106,0.5731707317073171,0.5772357723577235,0.5528455284552846,0.5772357723577235,0.19918699186991873,0.20731707317073167
COLO 205,Encorafenib,Infigratinib,300,0.9433333333333334,0.5466666666666666,0.5666666666666667,0.5983333333333334,0.5466666666666666,0.5983333333333334,0.345,0.3966666666666667
COLO 205,Erdafitinib ,Sonidegib,179,0.7262569832402235,0.6061452513966481,0.6061452513966481,0.5782122905027933,0.5837988826815643,0.6061452513966481,0.12011173184357538,0.12011173184357538
COLO 205,HI-TOPK-032,Ipatasertib,300,0.945,0.6483333333333333,0.6316666666666667,0.6333333333333333,0.8666666666666667,0.8666666666666667,0.07833333333333325,0.29666666666666663
COLO 205,HI-TOPK-032,NVP-BHG712,300,0.8966666666666666,0.5983333333333334,0.5833333333333333,0.595,0.6183333333333333,0.6183333333333333,0.2783333333333333,0.29833333333333323
COLO 205,LJI308,Lapatinib ditosylate,300,0.68,0.5733333333333334,0.5766666666666667,0.5833333333333334,0.54,0.5833333333333334,0.09666666666666668,0.10666666666666669
COLO 205,Lapatinib ditosylate,NVP-BHG712,300,0.7,0.5766666666666667,0.575,0.5800000000000001,0.5516666666666666,0.5800000000000001,0.11999999999999988,0.1233333333333333
COLO 205,NVP-BHG712,Paclitaxel,300,0.85,0.5816666666666667,0.585,0.5583333333333333,0.6333333333333333,0.6333333333333333,0.21666666666666667,0.2683333333333333
COLO 205,PF-06260933,Pralsetinib,179,0.9776536312849162,0.9106145251396648,0.9162011173184358,0.9162011173184358,0.8743016759776536,0.9162011173184358,0.06145251396648044,0.06703910614525144
H4,4EGI-1,c-Kit-IN-1,150,0.9666666666666667,0.8933333333333333,0.91,0.9433333333333334,0.5,0.9433333333333334,0.023333333333333317,0.07333333333333336
H4,9-ING-41,CP21R7,184,0.8097826086956522,0.5625,0.5923913043478262,0.5407608695652174,0.5,0.5923913043478262,0.21739130434782605,0.24728260869565222
H4,AT7519,IQ 1,189,0.7645502645502645,0.6904761904761905,0.6904761904761905,0.626984126984127,0.5211640211640212,0.6904761904761905,0.07407407407407407,0.07407407407407407
H4,AZD-8055,Brivudine,300,0.9766666666666667,0.93,0.9266666666666666,0.96,0.9316666666666666,0.96,0.01666666666666672,0.046666666666666634
H4,AZD1390,Lapatinib ditosylate,192,0.7708333333333334,0.6302083333333333,0.6380208333333333,0.625,0.5442708333333333,0.6380208333333333,0.1328125000000001,0.1406250000000001
H4,AZD2858,Oxaliplatin,135,0.6703703703703704,0.5814814814814815,0.562962962962963,0.5481481481481482,0.6111111111111112,0.6111111111111112,0.059259259259259234,0.0888888888888889
H4,Bimiralisib,RMC-6236,300,0.895,0.645,0.63,0.6,0.5283333333333333,0.645,0.25,0.25
H4,CP21R7,venetoclax,184,0.9510869565217391,0.8152173913043479,0.8559782608695652,0.5244565217391304,0.5081521739130435,0.8559782608695652,0.09510869565217395,0.13586956521739124
H4,Capivasertib,Oleic acid,209,0.6674641148325359,0.5406698564593302,0.5526315789473684,0.5526315789473684,0.5,0.5526315789473684,0.11483253588516751,0.12679425837320568
H4,Capmatinib,RMC-6236,192,0.9166666666666666,0.78125,0.7864583333333334,0.7604166666666666,0.5494791666666666,0.7864583333333334,0.13020833333333326,0.13541666666666663
H4,Capmatinib,Vemurafenib,192,0.8359375,0.59375,0.5859375,0.6067708333333333,0.6223958333333334,0.6223958333333334,0.21354166666666663,0.2421875
H4,ERK5-IN-2,MK-3903,211,0.8767772511848341,0.5924170616113744,0.6113744075829384,0.5995260663507109,0.5355450236966824,0.6113744075829384,0.2654028436018957,0.28436018957345965
H4,Encorafenib,NG25,112,0.96875,0.9017857142857143,0.9241071428571429,0.9151785714285714,0.8794642857142857,0.9241071428571429,0.044642857142857095,0.0669642857142857
H4,Erdafitinib ,IQ 1,198,0.76010101010101,0.6590909090909092,0.6666666666666666,0.6565656565656566,0.51010101010101,0.6666666666666666,0.09343434343434343,0.10101010101010088
H4,Erdafitinib ,Vemurafenib,300,0.7133333333333334,0.5349999999999999,0.5466666666666666,0.5666666666666667,0.5033333333333334,0.5666666666666667,0.14666666666666672,0.17833333333333345
H4,Lapatinib ditosylate,venetoclax,216,0.9606481481481481,0.9351851851851852,0.9328703703703703,0.9328703703703703,0.8888888888888888,0.9351851851851852,0.02546296296296291,0.02546296296296291
H4,ML264,TAK-733,288,0.9635416666666666,0.9097222222222222,0.796875,0.7569444444444444,0.5,0.9097222222222222,0.05381944444444442,0.05381944444444442
H4,Oleic acid,Temuterkib,272,0.7720588235294118,0.6139705882352942,0.6066176470588235,0.5919117647058824,0.5110294117647058,0.6139705882352942,0.15808823529411764,0.15808823529411764
H4,PH-797804,Tubulin inhibitor 6,225,0.9155555555555556,0.6177777777777778,0.6088888888888888,0.6688888888888889,0.5,0.6688888888888889,0.2466666666666667,0.2977777777777778
H4,Pimitespib,Volasertib,146,0.6712328767123288,0.5616438356164384,0.6164383561643836,0.5924657534246576,0.5513698630136986,0.6164383561643836,0.0547945205479452,0.1095890410958904
HCT15,APTO-253,ERK5-IN-2,300,0.7433333333333333,0.5016666666666667,0.505,0.5066666666666666,0.5066666666666667,0.5066666666666667,0.23666666666666658,0.24166666666666659
HCT15,APTO-253,venetoclax,230,0.908695652173913,0.8326086956521739,0.8369565217391304,0.8304347826086956,0.8782608695652174,0.8782608695652174,0.030434782608695587,0.07608695652173914
HCT15,Anastrozole,Paclitaxel,300,0.775,0.5266666666666666,0.5266666666666666,0.52,0.53,0.53,0.245,0.2483333333333334
HCT15,BAY1125976,vincristine,187,0.9064171122994652,0.7459893048128342,0.7459893048128342,0.7540106951871658,0.7566844919786097,0.7566844919786097,0.14973262032085555,0.160427807486631
HCT15,Bentamapimod,Celecoxib,230,0.6347826086956522,0.5152173913043478,0.5173913043478261,0.5043478260869565,0.5065217391304347,0.5173913043478261,0.11739130434782608,0.11956521739130432
HCT15,Bentamapimod,DT-061,172,0.7412790697674418,0.5726744186046512,0.5348837209302326,0.5406976744186046,0.5494186046511628,0.5726744186046512,0.16860465116279066,0.16860465116279066
HCT15,Binimetinib,Everolimus,172,0.7761627906976745,0.5784883720930233,0.561046511627907,0.5784883720930232,0.5319767441860465,0.5784883720930233,0.19767441860465118,0.19767441860465118
HCT15,Capivasertib,MK-3903,197,0.748730964467005,0.6624365482233503,0.6649746192893401,0.6065989847715736,0.6522842639593909,0.6649746192893401,0.08375634517766495,0.08629441624365475
HCT15,Celecoxib,Lonafarnib,132,0.9015151515151515,0.5227272727272727,0.9090909090909091,0.7575757575757576,0.5227272727272727,0.9090909090909091,-0.007575757575757569,0.3787878787878788
HCT15,ETC-206,Oxaliplatin,300,0.605,0.5416666666666666,0.5416666666666666,0.5116666666666667,0.5516666666666666,0.5516666666666666,0.053333333333333344,0.06333333333333335
HCT15,Erdafitinib ,Tomivosertib,300,0.7466666666666667,0.6016666666666667,0.6066666666666667,0.515,0.5983333333333334,0.6066666666666667,0.14,0.14500000000000002
HCT15,Gemcitabine,IQ 1,134,0.6977611940298507,0.5746268656716418,0.5783582089552239,0.5746268656716418,0.6231343283582089,0.6231343283582089,0.07462686567164178,0.12313432835820892
HCT15,Ixazomib,LB-100,230,0.7282608695652174,0.5695652173913044,0.5543478260869565,0.508695652173913,0.5760869565217391,0.5760869565217391,0.15217391304347827,0.15869565217391302
HCT15,LJI308,venetoclax,174,0.7959770114942529,0.5172413793103448,0.5632183908045977,0.5718390804597702,0.5373563218390804,0.5718390804597702,0.22413793103448276,0.2787356321839082
HCT15,Lapatinib ditosylate,Pimitespib,150,0.6366666666666667,0.53,0.53,0.52,0.5066666666666667,0.53,0.10666666666666669,0.10666666666666669
HCT15,MK-8353,ML264,270,0.6685185185185185,0.6018518518518519,0.6055555555555556,0.6055555555555555,0.5962962962962963,0.6055555555555556,0.06296296296296289,0.06666666666666665
HCT15,MK-8353,Pemigatinib,197,0.5761421319796954,0.515228426395939,0.5228426395939086,0.5203045685279187,0.5304568527918782,0.5304568527918782,0.045685279187817285,0.06091370558375642
HCT15,ML264,venetoclax,230,0.8978260869565218,0.7695652173913043,0.7739130434782608,0.5369565217391304,0.7673913043478261,0.7739130434782608,0.12391304347826093,0.12826086956521743
HCT15,NVP-BHG712,Pimitespib,150,0.75,0.51,0.5066666666666667,0.51,0.5033333333333333,0.51,0.24,0.24
HCT15,venetoclax,vincristine,187,0.9278074866310161,0.8529411764705882,0.8823529411764706,0.8823529411764706,0.8342245989304813,0.8823529411764706,0.045454545454545525,0.07486631016042788
HEC-1-A,9-ING-41,Erdafitinib ,300,0.7033333333333334,0.5616666666666666,0.5583333333333333,0.5583333333333333,0.5616666666666666,0.5616666666666666,0.14166666666666672,0.14166666666666672
HEC-1-A,AT7519,Adagrasib,300,0.6683333333333333,0.5433333333333333,0.5433333333333333,0.5433333333333333,0.5466666666666666,0.5466666666666666,0.1216666666666667,0.125
HEC-1-A,AZD1390,ETC-206,300,0.7133333333333334,0.515,0.5083333333333333,0.5116666666666667,0.5066666666666666,0.515,0.19833333333333336,0.19833333333333336
HEC-1-A,AZD1390,Methylprednisolone succinate,300,0.75,0.5033333333333334,0.5033333333333334,0.5016666666666667,0.505,0.505,0.245,0.2466666666666666
HEC-1-A,Adagrasib,Everolimus,300,0.6866666666666666,0.5783333333333334,0.575,0.5633333333333334,0.5683333333333334,0.5783333333333334,0.10833333333333328,0.10833333333333328
HEC-1-A,Alpelisib,BI-78D3,300,0.8866666666666667,0.5083333333333333,0.515,0.53,0.5133333333333333,0.53,0.3566666666666667,0.3783333333333334
HEC-1-A,Alpelisib,LJI308,300,0.9083333333333333,0.7216666666666667,0.7316666666666667,0.7216666666666667,0.6,0.7316666666666667,0.17666666666666664,0.18666666666666665
HEC-1-A,BI-78D3,Hydroxyfasudil,300,0.6933333333333334,0.54,0.5349999999999999,0.5266666666666666,0.5033333333333334,0.54,0.15333333333333332,0.15333333333333332
HEC-1-A,DT-061,vincristine,300,0.8666666666666667,0.7,0.7150000000000001,0.7333333333333333,0.5283333333333333,0.7333333333333333,0.13333333333333341,0.16666666666666674
HEC-1-A,ETC-206,Temuterkib,300,0.68,0.5566666666666666,0.5483333333333333,0.56,0.555,0.56,0.12,0.1233333333333334
HEC-1-A,Encorafenib,Infigratinib,300,0.8766666666666667,0.5216666666666666,0.5266666666666666,0.585,0.6016666666666667,0.6016666666666667,0.275,0.3550000000000001
HEC-1-A,Futibatinib,Lapatinib ditosylate,300,0.7133333333333334,0.55,0.5333333333333333,0.5216666666666666,0.5449999999999999,0.55,0.16333333333333333,0.16333333333333333
HEC-1-A,GSK1059615,Tubulin inhibitor 6,300,0.93,0.5066666666666666,0.5566666666666666,0.935,0.8200000000000001,0.935,-0.0050000000000000044,0.42333333333333345
HEC-1-A,HI-TOPK-032,palbociclib,300,0.8983333333333333,0.8066666666666666,0.81,0.8,0.81,0.81,0.08833333333333326,0.09166666666666667
HEC-1-A,Methylprednisolone succinate,Pralsetinib,300,0.7416666666666667,0.5549999999999999,0.555,0.5833333333333333,0.5016666666666667,0.5833333333333333,0.15833333333333344,0.18666666666666676
HEC-1-A,Methylprednisolone succinate,Vemurafenib,300,0.8066666666666666,0.6216666666666667,0.6083333333333333,0.6333333333333333,0.5466666666666666,0.6333333333333333,0.17333333333333334,0.18499999999999994
HEC-1-A,Pemigatinib,SBI-0640756,300,0.7566666666666667,0.56,0.5583333333333333,0.5633333333333334,0.5633333333333334,0.5633333333333334,0.19333333333333336,0.19666666666666666
HEC-1-A,Pimitespib,Trametinib,300,0.9266666666666666,0.77,0.78,0.8366666666666667,0.8383333333333334,0.8383333333333334,0.08833333333333326,0.15666666666666662
HEC-1-A,Pimitespib,Tubulin inhibitor 6,300,0.6383333333333333,0.5483333333333333,0.5366666666666666,0.5566666666666666,0.5433333333333333,0.5566666666666666,0.08166666666666667,0.08999999999999997
HEC-1-A,TAK-733,Volasertib,300,0.8983333333333333,0.7883333333333333,0.7716666666666667,0.785,0.735,0.7883333333333333,0.10999999999999999,0.10999999999999999
HOP62,4EGI-1,Bentamapimod,300,0.8566666666666667,0.5316666666666667,0.515,0.515,0.5466666666666666,0.5466666666666666,0.31000000000000005,0.32499999999999996
HOP62,4EGI-1,venetoclax,300,0.9716666666666667,0.9466666666666667,0.95,0.9716666666666667,0.9016666666666666,0.9716666666666667,0.0,0.025000000000000022
HOP62,9-ING-41,Elimusertib hydrochloride,300,0.9583333333333334,0.8433333333333334,0.8533333333333334,0.88,0.8033333333333333,0.88,0.07833333333333337,0.11499999999999999
HOP62,9-ING-41,PH-797804,300,0.9833333333333333,0.9683333333333334,0.9683333333333334,0.5283333333333333,0.985,0.985,-0.0016666666666667052,0.014999999999999902
HOP62,AZD1390,Dabrafenib,300,0.8516666666666667,0.6166666666666667,0.6116666666666667,0.5833333333333333,0.5683333333333334,0.6166666666666667,0.235,0.235
HOP62,AZD2858,Capmatinib,300,0.9383333333333334,0.8183333333333334,0.815,0.8666666666666667,0.8583333333333333,0.8666666666666667,0.07166666666666666,0.12
HOP62,Alpelisib,Everolimus,300,0.9383333333333334,0.8633333333333333,0.875,0.8616666666666667,0.85,0.875,0.06333333333333335,0.07500000000000007
HOP62,Alpelisib,Paclitaxel,300,0.8333333333333334,0.595,0.5883333333333334,0.585,0.5183333333333333,0.595,0.2383333333333334,0.2383333333333334
HOP62,Bentamapimod,Tubulin inhibitor 6,300,0.7716666666666666,0.5383333333333333,0.5466666666666666,0.5266666666666666,0.51,0.5466666666666666,0.22499999999999998,0.23333333333333328
HOP62,Brivudine,olaparib,300,0.9816666666666667,0.8983333333333333,0.8933333333333333,0.905,0.9033333333333333,0.905,0.07666666666666666,0.08333333333333337
HOP62,Celecoxib,Temuterkib,300,0.7766666666666666,0.625,0.635,0.6166666666666667,0.6533333333333333,0.6533333333333333,0.1233333333333333,0.15166666666666662
HOP62,DTP3,Minodronic acid,300,0.7833333333333333,0.5483333333333333,0.5566666666666666,0.5766666666666667,0.5066666666666666,0.5766666666666667,0.20666666666666667,0.235
HOP62,Elimusertib hydrochloride,Ipatasertib,300,0.9783333333333334,0.9266666666666666,0.9233333333333333,0.94,0.9183333333333333,0.94,0.03833333333333344,0.05166666666666675
HOP62,Everolimus,PF-06260933,300,0.9433333333333334,0.6950000000000001,0.685,0.68,0.515,0.6950000000000001,0.2483333333333333,0.2483333333333333
HOP62,IQ 1,Tucatinib,300,0.8283333333333334,0.7216666666666667,0.71,0.675,0.5466666666666666,0.7216666666666667,0.10666666666666669,0.10666666666666669
HOP62,Ipatasertib,NVP-BHG712,300,0.79,0.62,0.615,0.585,0.5633333333333334,0.62,0.17000000000000004,0.17000000000000004
HOP62,Ixazomib,ML264,300,0.945,0.875,0.8716666666666667,0.8983333333333333,0.895,0.8983333333333333,0.046666666666666634,0.06999999999999995
HOP62,PF-06260933,Sapanisertib,300,0.97,0.8533333333333334,0.8533333333333334,0.8616666666666667,0.9083333333333333,0.9083333333333333,0.06166666666666665,0.11666666666666659
HOP62,Pralsetinib,TAK-901,300,0.9933333333333333,0.9733333333333334,0.9733333333333334,0.9833333333333333,0.9766666666666667,0.9833333333333333,0.010000000000000009,0.019999999999999907
HOP62,c-Kit-IN-1,vincristine,300,0.9333333333333333,0.7566666666666667,0.7583333333333333,0.74,0.5183333333333333,0.7583333333333333,0.17500000000000004,0.17666666666666664
HS-578T,4EGI-1,Pemigatinib,300,0.8116666666666666,0.5033333333333333,0.5016666666666667,0.51,0.5133333333333333,0.5133333333333333,0.29833333333333334,0.30833333333333335
HS-578T,4EGI-1,olaparib,300,0.93,0.8216666666666667,0.815,0.78,0.53,0.8216666666666667,0.10833333333333339,0.10833333333333339
HS-578T,APTO-253,Infigratinib,300,0.8016666666666666,0.5383333333333333,0.54,0.5433333333333333,0.57,0.57,0.2316666666666667,0.2633333333333333
HS-578T,AT7519,PH-797804,300,0.9716666666666667,0.945,0.945,0.955,0.9683333333333334,0.9683333333333334,0.0033333333333332993,0.026666666666666727
HS-578T,Abemaciclib,LY2090314,300,0.955,0.7283333333333334,0.73,0.7150000000000001,0.6433333333333333,0.73,0.22499999999999998,0.22666666666666657
HS-578T,Adagrasib,Volasertib,300,0.6833333333333333,0.5433333333333333,0.5433333333333333,0.5366666666666666,0.55,0.55,0.1333333333333333,0.14
HS-578T,Belumosudil (mesylate),palbociclib,300,0.8033333333333333,0.6,0.6033333333333333,0.6,0.595,0.6033333333333333,0.20000000000000007,0.20333333333333337
HS-578T,Bortezomib,venetoclax,117,0.9743589743589743,0.905982905982906,0.9401709401709402,0.9529914529914529,0.9017094017094017,0.9529914529914529,0.021367521367521403,0.06837606837606836
HS-578T,Brivudine,LJI308,300,0.9716666666666667,0.8883333333333333,0.9033333333333333,0.9299999999999999,0.935,0.935,0.036666666666666625,0.08333333333333337
HS-578T,CP21R7,Ixazomib,300,0.9183333333333333,0.5283333333333333,0.5183333333333333,0.5216666666666666,0.5,0.5283333333333333,0.39,0.39
HS-578T,Capivasertib,NG25,300,0.955,0.79,0.8,0.7183333333333334,0.6799999999999999,0.8,0.15499999999999992,0.16499999999999992
HS-578T,DT-061,ERK5-IN-2,300,0.96,0.5183333333333333,0.5183333333333333,0.6166666666666667,0.5,0.6166666666666667,0.34333333333333327,0.44166666666666665
HS-578T,Ixazomib,Oleic acid,300,0.9583333333333334,0.5416666666666667,0.56,0.5549999999999999,0.83,0.83,0.1283333333333334,0.41666666666666663
HS-578T,Ixazomib,PF-06260933,300,0.9833333333333333,0.9266666666666666,0.9233333333333333,0.9616666666666667,0.95,0.9616666666666667,0.021666666666666612,0.05666666666666664
HS-578T,LY2090314,Oleic acid,300,0.7283333333333334,0.6116666666666667,0.6116666666666667,0.5783333333333334,0.6083333333333334,0.6116666666666667,0.1166666666666667,0.1166666666666667
HS-578T,LY2090314,Oxaliplatin,300,0.8066666666666666,0.575,0.5816666666666667,0.5683333333333334,0.5683333333333334,0.5816666666666667,0.22499999999999998,0.2316666666666667
HS-578T,MK-3903,Pemigatinib,300,0.7716666666666666,0.5683333333333334,0.5616666666666666,0.5516666666666667,0.5333333333333333,0.5683333333333334,0.20333333333333325,0.20333333333333325
HS-578T,MK-8353,Temuterkib,300,0.8066666666666666,0.555,0.5583333333333333,0.5316666666666667,0.56,0.56,0.2466666666666666,0.2516666666666666
HS-578T,Oleic acid,RMC-6236,300,0.9633333333333334,0.6233333333333333,0.6266666666666667,0.62,0.78,0.78,0.18333333333333335,0.3400000000000001
HS-578T,PH-797804,RMC-6236,300,0.98,0.95,0.9533333333333334,0.9583333333333334,0.9516666666666667,0.9583333333333334,0.021666666666666612,0.030000000000000027
HT-29,9-ING-41,c-Kit-IN-1,300,0.9466666666666667,0.8016666666666666,0.8183333333333334,0.8283333333333334,0.8049999999999999,0.8283333333333334,0.11833333333333329,0.14500000000000002
HT-29,APTO-253,Infigratinib,300,0.8366666666666667,0.6116666666666667,0.615,0.6083333333333333,0.645,0.645,0.19166666666666665,0.22499999999999998
HT-29,AT7519,Adagrasib,300,0.695,0.5916666666666667,0.595,0.5933333333333333,0.6066666666666667,0.6066666666666667,0.08833333333333326,0.10333333333333328
HT-29,AZD-8055,BI-3406,300,0.715,0.5383333333333333,0.5316666666666667,0.5466666666666666,0.5266666666666666,0.5466666666666666,0.16833333333333333,0.17666666666666664
HT-29,Adagrasib,Ipatasertib,300,0.8866666666666667,0.51,0.5,0.5183333333333333,0.5083333333333333,0.5183333333333333,0.3683333333333334,0.3766666666666667
HT-29,Alpelisib,Pimitespib,300,0.8433333333333334,0.52,0.5233333333333333,0.5116666666666667,0.505,0.5233333333333333,0.32000000000000006,0.32333333333333336
HT-29,BI-78D3,venetoclax,300,0.95,0.7466666666666666,0.7666666666666666,0.6483333333333333,0.7916666666666666,0.7916666666666666,0.15833333333333333,0.20333333333333337
HT-29,Bimiralisib,ULK-101,300,0.8733333333333333,0.5666666666666667,0.5616666666666666,0.5466666666666666,0.6816666666666666,0.6816666666666666,0.19166666666666665,0.30666666666666664
HT-29,Binimetinib,Oleic acid,300,0.8583333333333333,0.53,0.5333333333333333,0.53,0.51,0.5333333333333333,0.32499999999999996,0.32833333333333325
HT-29,Binimetinib,Vemurafenib,300,0.7333333333333333,0.53,0.5366666666666666,0.5516666666666667,0.5366666666666666,0.5516666666666667,0.18166666666666653,0.20333333333333325
HT-29,Bortezomib,OTS514,300,0.9916666666666667,0.9883333333333333,0.9883333333333333,0.99,0.97,0.99,0.0016666666666667052,0.0033333333333334103
HT-29,Dabrafenib,SBI-0640756,300,0.8516666666666667,0.65,0.6466666666666666,0.635,0.6566666666666666,0.6566666666666666,0.19500000000000006,0.20166666666666666
HT-29,HI-TOPK-032,LY-2584702 (tosylate salt),285,0.8894736842105263,0.7192982456140351,0.7140350877192982,0.6964912280701754,0.643859649122807,0.7192982456140351,0.1701754385964912,0.1701754385964912
HT-29,HI-TOPK-032,Sonidegib,300,0.89,0.6766666666666666,0.6883333333333334,0.715,0.595,0.715,0.17500000000000004,0.21333333333333337
HT-29,Irinotecan,Minodronic acid,300,0.8066666666666666,0.5583333333333333,0.5566666666666666,0.53,0.5066666666666667,0.5583333333333333,0.2483333333333333,0.2483333333333333
HT-29,Irinotecan,SBI-0640756,300,0.805,0.5366666666666666,0.54,0.5283333333333333,0.5,0.54,0.265,0.2683333333333334
HT-29,Paclitaxel,ULK-101,300,0.815,0.505,0.52,0.5133333333333333,0.54,0.54,0.2749999999999999,0.30999999999999994
HT-29,SBI-0640756,Torkinib,300,0.7666666666666667,0.55,0.55,0.55,0.505,0.55,0.21666666666666667,0.21666666666666667
HT-29,SBI-0640756,Tucatinib,300,0.7416666666666667,0.565,0.5566666666666666,0.56,0.5483333333333333,0.565,0.17666666666666675,0.17666666666666675
HT-29,c-Kit-IN-1,venetoclax,300,0.81,0.5016666666666667,0.5016666666666667,0.51,0.5133333333333333,0.5133333333333333,0.29666666666666675,0.30833333333333335
HepG2/C3A,4EGI-1,AZD-7648,300,0.9733333333333334,0.9433333333333334,0.9383333333333334,0.9333333333333333,0.935,0.9433333333333334,0.030000000000000027,0.030000000000000027
HepG2/C3A,APTO-253,Regorafenib,300,0.8633333333333333,0.515,0.51,0.5016666666666667,0.8283333333333334,0.8283333333333334,0.03499999999999992,0.3483333333333333
HepG2/C3A,AZD-8055,NVP-BHG712,300,0.8716666666666667,0.6066666666666667,0.6016666666666667,0.5983333333333334,0.5016666666666667,0.6066666666666667,0.265,0.265
HepG2/C3A,AZD2858,EX229,213,0.9154929577464789,0.8145539906103286,0.8192488262910798,0.823943661971831,0.7136150234741784,0.823943661971831,0.09154929577464788,0.10093896713615025
HepG2/C3A,Alpelisib,LJI308,300,0.9183333333333333,0.6916666666666667,0.6833333333333333,0.6916666666666667,0.6583333333333333,0.6916666666666667,0.22666666666666668,0.22666666666666668
HepG2/C3A,Bimiralisib,Binimetinib,230,0.8652173913043478,0.5673913043478261,0.5608695652173913,0.5478260869565217,0.5630434782608695,0.5673913043478261,0.2978260869565217,0.2978260869565217
HepG2/C3A,Brivudine,Tucatinib,300,0.975,0.8766666666666667,0.8766666666666667,0.8883333333333333,0.9166666666666666,0.9166666666666666,0.05833333333333335,0.09833333333333327
HepG2/C3A,Capmatinib,Hydroxyfasudil,254,0.905511811023622,0.7066929133858268,0.7303149606299213,0.8326771653543307,0.7952755905511811,0.8326771653543307,0.07283464566929132,0.19881889763779514
HepG2/C3A,Capmatinib,ML264,254,0.9507874015748031,0.6456692913385826,0.6476377952755905,0.7224409448818898,0.7736220472440944,0.7736220472440944,0.17716535433070868,0.3051181102362205
HepG2/C3A,Capmatinib,NVP-BHG712,254,0.9192913385826772,0.5767716535433071,0.5728346456692913,0.5688976377952756,0.7007874015748031,0.7007874015748031,0.21850393700787407,0.34251968503937014
HepG2/C3A,EX229,Ralimetinib dimesylate,300,0.9516666666666667,0.8416666666666667,0.8366666666666667,0.8483333333333334,0.8433333333333333,0.8483333333333334,0.10333333333333328,0.10999999999999999
HepG2/C3A,Everolimus,venetoclax,300,0.955,0.895,0.9,0.905,0.8933333333333333,0.905,0.04999999999999993,0.05999999999999994
HepG2/C3A,Gemcitabine,Vemurafenib,300,0.8333333333333334,0.5516666666666666,0.5516666666666666,0.5433333333333333,0.5083333333333333,0.5516666666666666,0.28166666666666673,0.28166666666666673
HepG2/C3A,Irinotecan,Oxaliplatin,300,0.795,0.6016666666666667,0.605,0.5983333333333334,0.5116666666666667,0.605,0.19000000000000006,0.19333333333333336
HepG2/C3A,MK-8353,Methylprednisolone succinate,300,0.7833333333333333,0.51,0.5233333333333333,0.52,0.515,0.5233333333333333,0.26,0.2733333333333333
HepG2/C3A,ML264,Oxaliplatin,300,0.855,0.5800000000000001,0.5466666666666666,0.515,0.5416666666666666,0.5800000000000001,0.2749999999999999,0.2749999999999999
HepG2/C3A,OTS514,c-Kit-IN-1,206,0.9466019417475728,0.866504854368932,0.866504854368932,0.8713592233009708,0.8932038834951457,0.8932038834951457,0.05339805825242716,0.08009708737864085
HepG2/C3A,PH-797804,palbociclib,300,0.93,0.69,0.6883333333333334,0.7966666666666666,0.8766666666666667,0.8766666666666667,0.053333333333333344,0.2400000000000001
HepG2/C3A,TAK-901,Trametinib,300,0.9916666666666667,0.9716666666666667,0.9716666666666667,0.975,0.955,0.975,0.01666666666666672,0.020000000000000018
HepG2/C3A,Torkinib,Trametinib,185,0.9567567567567568,0.8702702702702703,0.8837837837837837,0.9378378378378378,0.8513513513513513,0.9378378378378378,0.018918918918918948,0.08648648648648649
Hs 766T,AZD-8055,Ralimetinib dimesylate,300,0.9183333333333333,0.86,0.8616666666666667,0.8583333333333334,0.5066666666666667,0.8616666666666667,0.05666666666666664,0.05833333333333335
Hs 766T,Afatinib,Sapanisertib,300,0.9316666666666666,0.905,0.9033333333333333,0.895,0.5,0.905,0.026666666666666616,0.026666666666666616
Hs 766T,Alpelisib,Ralimetinib dimesylate,268,0.9235074626865671,0.8507462686567164,0.8488805970149254,0.8376865671641791,0.8022388059701493,0.8507462686567164,0.0727611940298507,0.0727611940298507
Hs 766T,BAY1125976,Sonidegib,153,0.9150326797385621,0.7647058823529411,0.7679738562091503,0.7189542483660131,0.6535947712418301,0.7679738562091503,0.1470588235294118,0.15032679738562094
Hs 766T,BI-3406,venetoclax,145,0.9206896551724137,0.8344827586206897,0.8379310344827586,0.8413793103448276,0.7551724137931034,0.8413793103448276,0.07931034482758614,0.08620689655172409
Hs 766T,BI-78D3,Volasertib,226,0.6703539823008849,0.5088495575221239,0.5110619469026549,0.5132743362831859,0.5,0.5132743362831859,0.15707964601769908,0.16150442477876104
Hs 766T,Celecoxib,Pralsetinib,186,0.7903225806451613,0.5940860215053764,0.6021505376344086,0.6102150537634409,0.5241935483870968,0.6102150537634409,0.18010752688172038,0.19623655913978488
Hs 766T,DTP3,Ixazomib,230,0.8478260869565217,0.5804347826086956,0.5326086956521738,0.6543478260869565,0.7108695652173913,0.7108695652173913,0.13695652173913042,0.2673913043478261
Hs 766T,Elimusertib hydrochloride,MK-8353,170,0.9058823529411765,0.8529411764705882,0.8647058823529412,0.8676470588235294,0.8264705882352941,0.8676470588235294,0.038235294117647034,0.05294117647058827
Hs 766T,Elimusertib hydrochloride,Tubulin inhibitor 6,170,0.888235294117647,0.7588235294117647,0.7558823529411764,0.7470588235294118,0.7088235294117647,0.7588235294117647,0.12941176470588234,0.12941176470588234
Hs 766T,Erdafitinib ,PF-06260933,239,0.895397489539749,0.8493723849372385,0.8535564853556485,0.8807531380753137,0.5,0.8807531380753137,0.014644351464435212,0.046025104602510414
Hs 766T,Everolimus,Infigratinib,300,0.7716666666666666,0.525,0.505,0.5333333333333333,0.575,0.575,0.19666666666666666,0.2466666666666666
Hs 766T,GSK1059615,NVP-BHG712,300,0.9333333333333333,0.83,0.8316666666666667,0.86,0.5,0.86,0.07333333333333336,0.10333333333333339
Hs 766T,IQ 1,Regorafenib,203,0.8226600985221675,0.5591133004926108,0.5517241379310345,0.5147783251231527,0.5,0.5591133004926108,0.2635467980295567,0.2635467980295567
Hs 766T,Ipatasertib,LJI308,277,0.8140794223826715,0.5992779783393501,0.6191335740072202,0.6101083032490975,0.5126353790613718,0.6191335740072202,0.19494584837545126,0.21480144404332135
Hs 766T,Ipatasertib,Tucatinib,300,0.8016666666666666,0.5233333333333333,0.51,0.5183333333333333,0.5,0.5233333333333333,0.2783333333333333,0.2783333333333333
Hs 766T,Ixazomib,LJI308,235,0.8702127659574468,0.7553191489361702,0.6872340425531915,0.7,0.6553191489361703,0.7553191489361702,0.11489361702127654,0.11489361702127654
Hs 766T,Pimitespib,Ralimetinib dimesylate,153,0.7516339869281046,0.5163398692810458,0.5065359477124183,0.5032679738562091,0.6339869281045751,0.6339869281045751,0.11764705882352944,0.23529411764705876
Hs 766T,Ralimetinib dimesylate,SBI-0640756,149,0.7651006711409396,0.6342281879194631,0.6208053691275168,0.6342281879194631,0.5,0.6342281879194631,0.1308724832214765,0.1308724832214765
Hs 766T,Sapanisertib,olaparib,193,0.9352331606217616,0.8782383419689119,0.8937823834196891,0.9067357512953368,0.5647668393782384,0.9067357512953368,0.02849740932642486,0.05699481865284972
J82,9-ING-41,Erdafitinib ,300,0.6966666666666667,0.6133333333333333,0.61,0.5866666666666667,0.5883333333333334,0.6133333333333333,0.08333333333333337,0.08333333333333337
J82,AT7519,Ralimetinib dimesylate,300,0.71,0.5033333333333333,0.5016666666666667,0.53,0.5116666666666667,0.53,0.17999999999999994,0.20666666666666667
J82,AZD-7648,Ipatasertib,300,0.8766666666666667,0.5916666666666667,0.5983333333333334,0.575,0.5116666666666667,0.5983333333333334,0.2783333333333333,0.28500000000000003
J82,AZD1390,ERK5-IN-2,300,0.8816666666666667,0.69,0.6966666666666667,0.665,0.6950000000000001,0.6966666666666667,0.18500000000000005,0.19166666666666676
J82,Alpelisib,HI-TOPK-032,300,0.9283333333333333,0.8033333333333333,0.8016666666666666,0.8233333333333334,0.7616666666666667,0.8233333333333334,0.10499999999999998,0.125
J82,BAY1125976,ERK5-IN-2,300,0.8566666666666667,0.5083333333333333,0.5066666666666666,0.5116666666666667,0.5,0.5116666666666667,0.345,0.3483333333333334
J82,BI-78D3,Paclitaxel,300,0.6866666666666666,0.55,0.5466666666666666,0.5316666666666667,0.5416666666666667,0.55,0.1366666666666666,0.1366666666666666
J82,Belumosudil (mesylate),DTP3,300,0.89,0.7866666666666666,0.7916666666666666,0.8033333333333333,0.7266666666666667,0.8033333333333333,0.08666666666666667,0.10333333333333339
J82,Bentamapimod,LB-100,300,0.7616666666666667,0.5283333333333333,0.5333333333333333,0.5183333333333333,0.5233333333333333,0.5333333333333333,0.2283333333333334,0.2333333333333334
J82,Brivudine,venetoclax,300,0.9766666666666667,0.9333333333333333,0.9183333333333333,0.9666666666666667,0.94,0.9666666666666667,0.010000000000000009,0.043333333333333335
J82,Capivasertib,PH-797804,300,0.9066666666666666,0.6516666666666666,0.6633333333333333,0.69,0.7016666666666667,0.7016666666666667,0.20499999999999996,0.255
J82,Dabrafenib,ETC-206,300,0.7633333333333333,0.5416666666666666,0.54,0.5616666666666666,0.5,0.5616666666666666,0.20166666666666666,0.22166666666666668
J82,ERK5-IN-2,OTS514,300,0.9183333333333333,0.525,0.5166666666666667,0.8666666666666667,0.5533333333333333,0.8666666666666667,0.05166666666666664,0.3933333333333333
J82,ETC-206,Paclitaxel,300,0.7883333333333333,0.5383333333333333,0.545,0.54,0.5333333333333333,0.545,0.2433333333333333,0.25
J82,ETC-206,Torkinib,257,0.669260700389105,0.5933852140077821,0.6011673151750972,0.6070038910505836,0.6147859922178989,0.6147859922178989,0.05447470817120614,0.07587548638132291
J82,Elimusertib hydrochloride,olaparib,300,0.8133333333333334,0.5083333333333333,0.505,0.5016666666666667,0.5033333333333334,0.5083333333333333,0.30500000000000005,0.30500000000000005
J82,Futibatinib,TAK-733,300,0.9216666666666666,0.83,0.8333333333333334,0.8333333333333334,0.7383333333333333,0.8333333333333334,0.08833333333333326,0.09166666666666667
J82,Hydroxyfasudil,Ipatasertib,300,0.8516666666666667,0.505,0.505,0.5233333333333333,0.5233333333333333,0.5233333333333333,0.32833333333333337,0.3466666666666667
J82,MK-3903,Temuterkib,300,0.84,0.6816666666666666,0.6766666666666667,0.615,0.565,0.6816666666666666,0.15833333333333333,0.15833333333333333
J82,SBI-0640756,Tubulin inhibitor 6,300,0.7933333333333333,0.6083333333333334,0.6083333333333333,0.5633333333333334,0.5583333333333333,0.6083333333333334,0.18499999999999994,0.18499999999999994
KATO III,9-ING-41,HI-TOPK-032,300,0.9033333333333333,0.6433333333333333,0.6516666666666666,0.6383333333333333,0.5833333333333334,0.6516666666666666,0.2516666666666667,0.26
KATO III,AZD-7648,Oxaliplatin,300,0.825,0.5483333333333333,0.545,0.5633333333333334,0.525,0.5633333333333334,0.2616666666666666,0.2766666666666666
KATO III,AZD1390,BI-78D3,300,0.7733333333333333,0.5133333333333333,0.5083333333333333,0.5033333333333333,0.5,0.5133333333333333,0.26,0.26
KATO III,Alpelisib,Volasertib,300,0.8833333333333333,0.5316666666666667,0.5316666666666666,0.5316666666666667,0.5333333333333333,0.5333333333333333,0.35,0.35166666666666657
KATO III,Bentamapimod,ERK5-IN-2,300,0.885,0.715,0.7216666666666667,0.6916666666666667,0.7783333333333333,0.7783333333333333,0.10666666666666669,0.17000000000000004
KATO III,Capivasertib,Erdafitinib ,300,0.6966666666666667,0.515,0.5183333333333333,0.5216666666666666,0.5166666666666667,0.5216666666666666,0.17500000000000004,0.18166666666666664
KATO III,Capmatinib,c-Kit-IN-1,300,0.9466666666666667,0.6950000000000001,0.7,0.715,0.8216666666666667,0.8216666666666667,0.125,0.2516666666666666
KATO III,Celecoxib,Hydroxyfasudil,300,0.855,0.5816666666666667,0.5883333333333334,0.5916666666666667,0.5933333333333333,0.5933333333333333,0.2616666666666667,0.2733333333333333
KATO III,Elimusertib hydrochloride,TAK-901,300,0.99,0.9233333333333333,0.9733333333333334,0.985,0.9883333333333333,0.9883333333333333,0.0016666666666667052,0.06666666666666665
KATO III,Gemcitabine,IQ 1,300,0.785,0.5483333333333333,0.5433333333333333,0.5383333333333333,0.5716666666666667,0.5716666666666667,0.21333333333333337,0.2366666666666667
KATO III,Gemcitabine,Ralimetinib dimesylate,300,0.825,0.5033333333333333,0.5033333333333334,0.5033333333333334,0.5066666666666667,0.5066666666666667,0.31833333333333325,0.32166666666666666
KATO III,IQ 1,Regorafenib,300,0.8516666666666667,0.5533333333333333,0.5516666666666667,0.5483333333333333,0.5466666666666666,0.5533333333333333,0.29833333333333334,0.29833333333333334
KATO III,Infigratinib,NVP-BHG712,300,0.85,0.6316666666666666,0.6166666666666667,0.6216666666666667,0.5966666666666667,0.6316666666666666,0.21833333333333338,0.21833333333333338
KATO III,LY2090314,RMC-6236,300,0.915,0.5466666666666666,0.5483333333333333,0.5416666666666666,0.5066666666666666,0.5483333333333333,0.3666666666666667,0.3683333333333334
KATO III,Lapatinib ditosylate,PF-06260933,300,0.9216666666666666,0.515,0.5083333333333333,0.525,0.5583333333333333,0.5583333333333333,0.3633333333333333,0.4066666666666666
KATO III,Lapatinib ditosylate,Paclitaxel,300,0.815,0.6,0.6016666666666667,0.5916666666666667,0.5933333333333333,0.6016666666666667,0.21333333333333326,0.21499999999999997
KATO III,Oleic acid,PH-797804,300,0.9733333333333334,0.7833333333333333,0.78,0.8,0.8,0.8,0.17333333333333334,0.19000000000000006
KATO III,PF-06260933,Volasertib,300,0.8883333333333333,0.5283333333333333,0.5283333333333333,0.52,0.5066666666666666,0.5283333333333333,0.36,0.36
KATO III,Pralsetinib,Regorafenib,300,0.91,0.535,0.5233333333333333,0.5383333333333333,0.5333333333333333,0.5383333333333333,0.3716666666666667,0.375
KATO III,TAK-901,ULK-101,300,0.9933333333333333,0.9683333333333334,0.9683333333333334,0.9883333333333333,0.97,0.9883333333333333,0.0050000000000000044,0.02499999999999991
LOX-IMVI,4EGI-1,Capmatinib,300,0.925,0.7066666666666667,0.71,0.7033333333333334,0.5366666666666666,0.71,0.21500000000000008,0.21833333333333338
LOX-IMVI,9-ING-41,Dabrafenib,300,0.7733333333333333,0.5066666666666667,0.5016666666666667,0.5533333333333333,0.5166666666666667,0.5533333333333333,0.21999999999999997,0.2666666666666666
LOX-IMVI,AZD-7648,ETC-206,300,0.695,0.5883333333333334,0.5933333333333333,0.6066666666666667,0.5283333333333333,0.6066666666666667,0.08833333333333326,0.10666666666666658
LOX-IMVI,AZD1390,Methylprednisolone succinate,300,0.6683333333333333,0.51,0.505,0.505,0.5166666666666667,0.5166666666666667,0.15166666666666662,0.15833333333333333
LOX-IMVI,AZD1390,Pemigatinib,300,0.7183333333333334,0.5433333333333333,0.545,0.5166666666666666,0.5033333333333334,0.545,0.17333333333333334,0.17500000000000004
LOX-IMVI,Afatinib,MK-8353,300,0.87,0.5683333333333334,0.5516666666666667,0.5416666666666667,0.5083333333333333,0.5683333333333334,0.30166666666666664,0.30166666666666664
LOX-IMVI,Anastrozole,CP21R7,300,0.655,0.5349999999999999,0.53,0.525,0.5016666666666667,0.5349999999999999,0.1200000000000001,0.1200000000000001
LOX-IMVI,Anastrozole,Dabrafenib,300,0.825,0.6383333333333333,0.64,0.6233333333333333,0.5333333333333333,0.64,0.18499999999999994,0.18666666666666665
LOX-IMVI,Anastrozole,Hydroxyfasudil,300,0.715,0.515,0.5116666666666667,0.5083333333333333,0.5033333333333334,0.515,0.19999999999999996,0.19999999999999996
LOX-IMVI,BAY1125976,Sonidegib,300,0.8816666666666667,0.7083333333333333,0.7083333333333334,0.6816666666666666,0.5,0.7083333333333334,0.17333333333333334,0.17333333333333345
LOX-IMVI,BI-3406,SBI-0640756,300,0.7216666666666667,0.5383333333333333,0.5366666666666666,0.5566666666666666,0.515,0.5566666666666666,0.16500000000000004,0.18333333333333335
LOX-IMVI,Binimetinib,LY-2584702 (tosylate salt),300,0.8933333333333333,0.62,0.615,0.6416666666666667,0.5733333333333334,0.6416666666666667,0.2516666666666666,0.2733333333333333
LOX-IMVI,Celecoxib,ETC-206,300,0.5033333333333334,0.5166666666666667,0.5216666666666666,0.5183333333333333,0.515,0.5216666666666666,-0.0183333333333332,-0.013333333333333308
LOX-IMVI,Erdafitinib ,RMC-6236,300,0.9366666666666666,0.6183333333333333,0.605,0.565,0.795,0.795,0.1416666666666666,0.31833333333333336
LOX-IMVI,GSK1059615,LB-100,300,0.915,0.5016666666666667,0.5066666666666666,0.5016666666666667,0.53,0.53,0.385,0.41333333333333333
LOX-IMVI,Ixazomib,LY-2584702 (tosylate salt),300,0.8016666666666666,0.585,0.5966666666666667,0.6033333333333334,0.5666666666666667,0.6033333333333334,0.19833333333333325,0.21666666666666667
LOX-IMVI,MK-8353,Pralsetinib,300,0.8716666666666667,0.6316666666666667,0.6316666666666667,0.6366666666666667,0.5966666666666667,0.6366666666666667,0.235,0.24
LOX-IMVI,Oxaliplatin,Regorafenib,300,0.83,0.5616666666666666,0.55,0.5083333333333333,0.505,0.5616666666666666,0.2683333333333333,0.2683333333333333
LOX-IMVI,Oxaliplatin,palbociclib,300,0.7466666666666667,0.5183333333333333,0.52,0.5116666666666667,0.5033333333333333,0.52,0.22666666666666668,0.2283333333333334
LOX-IMVI,Regorafenib,venetoclax,300,0.935,0.8266666666666667,0.83,0.845,0.5466666666666666,0.845,0.09000000000000008,0.10833333333333339
LS 180,4EGI-1,NG25,300,0.9583333333333334,0.8666666666666667,0.8633333333333333,0.685,0.8083333333333333,0.8666666666666667,0.09166666666666667,0.09166666666666667
LS 180,AZD-8055,Bentamapimod,300,0.8716666666666667,0.55,0.5383333333333333,0.53,0.515,0.55,0.32166666666666666,0.32166666666666666
LS 180,AZD-8055,ERK5-IN-2,300,0.91,0.5366666666666666,0.525,0.55,0.5583333333333333,0.5583333333333333,0.3516666666666667,0.3733333333333334
LS 180,Abemaciclib,Sapanisertib,300,0.9466666666666667,0.7466666666666667,0.74,0.505,0.72,0.7466666666666667,0.19999999999999996,0.19999999999999996
LS 180,Abemaciclib,Temuterkib,300,0.8916666666666667,0.7133333333333334,0.745,0.6766666666666666,0.64,0.745,0.14666666666666672,0.17833333333333334
LS 180,BI-3406,PH-797804,300,0.99,0.975,0.9783333333333334,0.9883333333333333,0.9833333333333333,0.9883333333333333,0.0016666666666667052,0.015000000000000013
LS 180,BI-78D3,Elimusertib hydrochloride,300,0.925,0.5433333333333333,0.5449999999999999,0.5366666666666666,0.5333333333333333,0.5449999999999999,0.3800000000000001,0.3816666666666667
LS 180,Belumosudil (mesylate),Belzutifan,300,0.8766666666666667,0.6166666666666667,0.61,0.595,0.605,0.6166666666666667,0.26,0.26
LS 180,Bentamapimod,Dabrafenib,300,0.84,0.5533333333333333,0.5566666666666666,0.5283333333333333,0.5083333333333333,0.5566666666666666,0.2833333333333333,0.2866666666666666
LS 180,Bentamapimod,PF-06260933,300,0.975,0.925,0.925,0.9333333333333333,0.9366666666666666,0.9366666666666666,0.03833333333333333,0.04999999999999993
LS 180,Binimetinib,NVP-BHG712,300,0.9183333333333333,0.5366666666666666,0.5233333333333333,0.5316666666666667,0.5,0.5366666666666666,0.3816666666666667,0.3816666666666667
LS 180,Capivasertib,Tomivosertib,300,0.8516666666666667,0.6516666666666666,0.6533333333333333,0.645,0.6416666666666666,0.6533333333333333,0.19833333333333336,0.20000000000000007
LS 180,DTP3,PF-06260933,300,0.9716666666666667,0.925,0.9266666666666666,0.945,0.9566666666666667,0.9566666666666667,0.015000000000000013,0.046666666666666634
LS 180,Elimusertib hydrochloride,Torkinib,300,0.9133333333333333,0.5433333333333333,0.5583333333333333,0.56,0.585,0.585,0.32833333333333337,0.37
LS 180,Gemcitabine,Pemigatinib,300,0.8066666666666666,0.5283333333333333,0.525,0.53,0.525,0.53,0.2766666666666666,0.2783333333333333
LS 180,LJI308,ML264,300,0.7833333333333333,0.5133333333333333,0.5133333333333333,0.51,0.5183333333333333,0.5183333333333333,0.265,0.27
LS 180,Methylprednisolone succinate,SBI-0640756,300,0.76,0.5083333333333333,0.505,0.5066666666666667,0.5116666666666667,0.5116666666666667,0.2483333333333333,0.2516666666666667
LS 180,Minodronic acid,Volasertib,300,0.7233333333333334,0.5066666666666666,0.5016666666666667,0.5033333333333334,0.5033333333333334,0.5066666666666666,0.21666666666666679,0.21666666666666679
LS 180,Pimitespib,Temuterkib,286,0.8164335664335665,0.5541958041958042,0.5611888111888113,0.5279720279720279,0.5,0.5611888111888113,0.2552447552447552,0.2622377622377623
LS 180,Ralimetinib dimesylate,Tomivosertib,300,0.8483333333333334,0.675,0.6733333333333333,0.665,0.6599999999999999,0.675,0.17333333333333334,0.17333333333333334
LoVo,4EGI-1,Pimitespib,300,0.8383333333333334,0.6116666666666667,0.565,0.5449999999999999,0.7633333333333333,0.7633333333333333,0.07500000000000007,0.22666666666666668
LoVo,AT7519,BI-3406,300,0.9233333333333333,0.7733333333333333,0.765,0.8116666666666666,0.855,0.855,0.06833333333333336,0.15000000000000002
LoVo,AT7519,BI-78D3,300,0.7216666666666667,0.5133333333333333,0.515,0.505,0.5033333333333333,0.515,0.20666666666666667,0.20833333333333337
LoVo,AZD2858,NVP-BHG712,300,0.72,0.5449999999999999,0.5533333333333333,0.5383333333333333,0.5616666666666666,0.5616666666666666,0.15833333333333333,0.17500000000000004
LoVo,Abemaciclib,Erdafitinib ,300,0.9483333333333334,0.895,0.895,0.8966666666666666,0.8683333333333333,0.8966666666666666,0.05166666666666675,0.053333333333333344
LoVo,Adagrasib,OTS514,300,0.7916666666666666,0.6433333333333333,0.6483333333333333,0.5583333333333333,0.6466666666666666,0.6483333333333333,0.1433333333333333,0.14833333333333332
LoVo,BI-78D3,Methylprednisolone succinate,300,0.78,0.565,0.58,0.5466666666666666,0.5433333333333333,0.58,0.20000000000000007,0.21500000000000008
LoVo,Belumosudil (mesylate),Tomivosertib,300,0.8566666666666667,0.6283333333333334,0.6483333333333333,0.5583333333333333,0.7333333333333333,0.7333333333333333,0.1233333333333334,0.22833333333333328
LoVo,Belumosudil (mesylate),palbociclib,300,0.8766666666666667,0.595,0.6333333333333333,0.5633333333333334,0.5816666666666667,0.6333333333333333,0.2433333333333334,0.28166666666666673
LoVo,Binimetinib,Futibatinib,300,0.9616666666666667,0.93,0.9383333333333334,0.9316666666666666,0.8883333333333333,0.9383333333333334,0.023333333333333317,0.03166666666666662
LoVo,Capivasertib,SBI-0640756,300,0.7666666666666667,0.5466666666666666,0.56,0.5800000000000001,0.585,0.585,0.18166666666666675,0.22000000000000008
LoVo,Capmatinib,Encorafenib,300,0.8616666666666667,0.5366666666666666,0.5449999999999999,0.5283333333333333,0.5233333333333333,0.5449999999999999,0.31666666666666676,0.32500000000000007
LoVo,ERK5-IN-2,NG25,300,0.94,0.8916666666666666,0.88,0.9016666666666666,0.88,0.9016666666666666,0.03833333333333333,0.04833333333333334
LoVo,Encorafenib,Futibatinib,300,0.9333333333333333,0.6216666666666666,0.6283333333333334,0.9083333333333333,0.9016666666666666,0.9083333333333333,0.025000000000000022,0.31166666666666676
LoVo,Erdafitinib ,XRK3F2,300,0.7983333333333333,0.505,0.5183333333333333,0.56,0.5266666666666666,0.56,0.23833333333333329,0.29333333333333333
LoVo,Hydroxyfasudil,venetoclax,300,0.9516666666666667,0.8816666666666667,0.8866666666666667,0.9033333333333333,0.9166666666666666,0.9166666666666666,0.03500000000000003,0.06999999999999995
LoVo,LY2090314,Ralimetinib dimesylate,300,0.835,0.6616666666666666,0.6683333333333333,0.6333333333333333,0.6533333333333333,0.6683333333333333,0.16666666666666663,0.17333333333333334
LoVo,TAK-733,palbociclib,300,0.9333333333333333,0.83,0.8333333333333334,0.84,0.865,0.865,0.06833333333333336,0.10333333333333339
LoVo,Temuterkib,Torkinib,300,0.8483333333333334,0.7183333333333334,0.7183333333333333,0.7150000000000001,0.7133333333333334,0.7183333333333334,0.13,0.13
LoVo,Tucatinib,venetoclax,300,0.9533333333333334,0.8983333333333333,0.9016666666666666,0.9233333333333333,0.915,0.9233333333333333,0.030000000000000027,0.05500000000000005
MIA PaCa-2,4EGI-1,Bentamapimod,300,0.88,0.6416666666666667,0.6333333333333333,0.5066666666666666,0.51,0.6416666666666667,0.23833333333333329,0.23833333333333329
MIA PaCa-2,4EGI-1,vincristine,300,0.875,0.8383333333333334,0.8316666666666667,0.845,0.745,0.845,0.030000000000000027,0.036666666666666625
MIA PaCa-2,APTO-253,PH-797804,300,0.9766666666666667,0.9583333333333334,0.955,0.9616666666666667,0.97,0.97,0.00666666666666671,0.018333333333333313
MIA PaCa-2,AZD1390,Oleic acid,300,0.8,0.5066666666666667,0.5066666666666666,0.5266666666666666,0.5383333333333333,0.5383333333333333,0.2616666666666667,0.29333333333333333
MIA PaCa-2,AZD2858,Brivudine,218,0.9311926605504587,0.7293577981651376,0.713302752293578,0.6490825688073395,0.8279816513761468,0.8279816513761468,0.10321100917431192,0.2018348623853211
MIA PaCa-2,Adagrasib,Irinotecan,300,0.8933333333333333,0.5383333333333333,0.5283333333333333,0.515,0.645,0.645,0.2483333333333333,0.355
MIA PaCa-2,Afatinib,Sonidegib,300,0.9483333333333334,0.7516666666666667,0.7633333333333333,0.9233333333333333,0.6599999999999999,0.9233333333333333,0.025000000000000022,0.19666666666666666
MIA PaCa-2,BAY1125976,Bimiralisib,300,0.9866666666666667,0.985,0.985,0.9883333333333333,0.9816666666666667,0.9883333333333333,-0.0016666666666665941,0.0016666666666667052
MIA PaCa-2,Belumosudil (mesylate),c-Kit-IN-1,300,0.9683333333333334,0.925,0.915,0.9183333333333333,0.8433333333333333,0.925,0.043333333333333335,0.043333333333333335
MIA PaCa-2,Belzutifan,IQ 1,300,0.8333333333333334,0.53,0.54,0.5416666666666666,0.5433333333333333,0.5433333333333333,0.29000000000000004,0.30333333333333334
MIA PaCa-2,Binimetinib,MK-8353,273,0.9615384615384616,0.8095238095238095,0.8058608058608059,0.8333333333333334,0.7344322344322345,0.8333333333333334,0.1282051282051282,0.15201465201465203
MIA PaCa-2,Bortezomib,NVP-BHG712,246,0.9857723577235772,0.9369918699186992,0.943089430894309,0.9451219512195121,0.9613821138211383,0.9613821138211383,0.024390243902438935,0.04878048780487798
MIA PaCa-2,DTP3,ML264,300,0.8866666666666667,0.5816666666666667,0.585,0.56,0.5316666666666666,0.585,0.30166666666666675,0.30500000000000005
MIA PaCa-2,HI-TOPK-032,Methylprednisolone succinate,300,0.885,0.725,0.7366666666666667,0.67,0.6533333333333333,0.7366666666666667,0.14833333333333332,0.16000000000000003
MIA PaCa-2,HI-TOPK-032,Trametinib,300,0.9866666666666667,0.8716666666666667,0.8733333333333333,0.8966666666666666,0.98,0.98,0.00666666666666671,0.11499999999999999
MIA PaCa-2,HI-TOPK-032,Tubulin inhibitor 6,300,0.8833333333333333,0.705,0.7,0.7083333333333334,0.615,0.7083333333333334,0.17499999999999993,0.17833333333333334
MIA PaCa-2,Irinotecan,Tomivosertib,300,0.8616666666666667,0.6233333333333333,0.6416666666666667,0.5883333333333334,0.7216666666666667,0.7216666666666667,0.14,0.2383333333333334
MIA PaCa-2,PF-06260933,TAK-733,300,0.965,0.8683333333333333,0.8766666666666667,0.9016666666666666,0.89,0.9016666666666666,0.06333333333333335,0.09666666666666668
MIA PaCa-2,Regorafenib,SBI-0640756,300,0.7483333333333333,0.5233333333333333,0.5166666666666666,0.505,0.505,0.5233333333333333,0.22499999999999998,0.22499999999999998
MIA PaCa-2,SBI-0640756,Temuterkib,300,0.7766666666666666,0.5833333333333333,0.585,0.5666666666666667,0.505,0.585,0.19166666666666665,0.19333333333333336
NCI-H1573,AZD1390,Hydroxyfasudil,300,0.7916666666666666,0.5433333333333333,0.5366666666666666,0.5166666666666666,0.5633333333333334,0.5633333333333334,0.22833333333333328,0.2483333333333333
NCI-H1573,Adagrasib,Minodronic acid,300,0.7166666666666667,0.685,0.69,0.6966666666666667,0.6166666666666667,0.6966666666666667,0.020000000000000018,0.03166666666666662
NCI-H1573,BAY1125976,Tubulin inhibitor 6,300,0.895,0.7733333333333333,0.7833333333333333,0.7466666666666667,0.8233333333333334,0.8233333333333334,0.07166666666666666,0.1216666666666667
NCI-H1573,CP21R7,Temuterkib,300,0.7033333333333334,0.5166666666666666,0.525,0.5016666666666667,0.5449999999999999,0.5449999999999999,0.15833333333333344,0.18666666666666676
NCI-H1573,Capivasertib,TAK-901,300,0.9933333333333333,0.99,0.99,0.9933333333333333,0.995,0.995,-0.0016666666666667052,0.0033333333333332993
NCI-H1573,Capmatinib,Sonidegib,300,0.935,0.6066666666666667,0.6316666666666667,0.555,0.86,0.86,0.07500000000000007,0.32833333333333337
NCI-H1573,Celecoxib,Vemurafenib,300,0.8033333333333333,0.51,0.5133333333333333,0.5216666666666666,0.5066666666666667,0.5216666666666666,0.28166666666666673,0.29333333333333333
NCI-H1573,Celecoxib,XRK3F2,300,0.905,0.5783333333333334,0.5633333333333334,0.5366666666666666,0.5916666666666667,0.5916666666666667,0.31333333333333335,0.32666666666666666
NCI-H1573,ERK5-IN-2,Volasertib,300,0.8316666666666667,0.505,0.505,0.5266666666666666,0.5533333333333333,0.5533333333333333,0.2783333333333333,0.32666666666666666
NCI-H1573,ETC-206,Futibatinib,300,0.8283333333333334,0.6383333333333333,0.6433333333333333,0.6266666666666667,0.5983333333333334,0.6433333333333333,0.18500000000000005,0.19000000000000006
NCI-H1573,Everolimus,LY-2584702 (tosylate salt),251,0.8844621513944223,0.5099601593625498,0.5139442231075697,0.5039840637450199,0.750996015936255,0.750996015936255,0.13346613545816732,0.3745019920318725
NCI-H1573,Everolimus,ML264,300,0.7583333333333333,0.53,0.5233333333333333,0.5116666666666667,0.5233333333333333,0.53,0.22833333333333328,0.22833333333333328
NCI-H1573,Hydroxyfasudil,Ralimetinib dimesylate,300,0.8233333333333334,0.5633333333333334,0.56,0.5116666666666667,0.5416666666666666,0.5633333333333334,0.26,0.26
NCI-H1573,LY2090314,vincristine,300,0.9233333333333333,0.8783333333333333,0.8833333333333333,0.8983333333333333,0.87,0.8983333333333333,0.025000000000000022,0.04500000000000004
NCI-H1573,NG25,RMC-6236,300,0.985,0.9633333333333334,0.965,0.9716666666666667,0.96,0.9716666666666667,0.013333333333333308,0.021666666666666612
NCI-H1573,NVP-BHG712,Volasertib,300,0.8333333333333334,0.5216666666666667,0.515,0.5616666666666666,0.535,0.5616666666666666,0.2716666666666667,0.31166666666666665
NCI-H1573,PF-06260933,Vemurafenib,300,0.9,0.785,0.6966666666666667,0.6666666666666666,0.5266666666666666,0.785,0.11499999999999999,0.11499999999999999
NCI-H1573,Pimitespib,Ralimetinib dimesylate,261,0.8908045977011494,0.5,0.5076628352490422,0.5287356321839081,0.8275862068965517,0.8275862068965517,0.06321839080459768,0.3908045977011494
NCI-H1573,Regorafenib,Trametinib,300,0.9683333333333334,0.9083333333333333,0.9183333333333333,0.9483333333333334,0.9483333333333334,0.9483333333333334,0.020000000000000018,0.06000000000000005
NCI-H1573,TAK-733,Volasertib,300,0.945,0.8583333333333333,0.8683333333333333,0.7933333333333333,0.8333333333333334,0.8683333333333333,0.07666666666666666,0.08666666666666667
NCI-H1792,4EGI-1,BI-78D3,300,0.8283333333333334,0.5333333333333333,0.5383333333333333,0.5216666666666666,0.5166666666666666,0.5383333333333333,0.29000000000000004,0.29500000000000004
NCI-H1792,AT7519,c-Kit-IN-1,300,0.9683333333333334,0.9216666666666666,0.9283333333333333,0.9416666666666667,0.8966666666666666,0.9416666666666667,0.026666666666666727,0.046666666666666745
NCI-H1792,Adagrasib,Belumosudil (mesylate),300,0.8216666666666667,0.5983333333333334,0.5833333333333333,0.55,0.5766666666666667,0.5983333333333334,0.22333333333333327,0.22333333333333327
NCI-H1792,Afatinib,Volasertib,300,0.9283333333333333,0.8433333333333333,0.8416666666666667,0.845,0.5016666666666667,0.845,0.08333333333333337,0.08500000000000008
NCI-H1792,Alpelisib,Sapanisertib,300,0.9566666666666667,0.8666666666666667,0.8783333333333333,0.92,0.5,0.92,0.036666666666666625,0.08999999999999997
NCI-H1792,BI-78D3,ULK-101,300,0.7266666666666667,0.5566666666666666,0.5566666666666666,0.5333333333333333,0.5383333333333333,0.5566666666666666,0.17000000000000004,0.17000000000000004
NCI-H1792,Belzutifan,Dabrafenib,300,0.9716666666666667,0.9083333333333333,0.91,0.9583333333333334,0.895,0.9583333333333334,0.013333333333333308,0.06333333333333335
NCI-H1792,Bimiralisib,EX229,300,0.9783333333333334,0.9516666666666667,0.955,0.9683333333333334,0.9733333333333334,0.9733333333333334,0.0050000000000000044,0.026666666666666727
NCI-H1792,Capivasertib,DTP3,300,0.7683333333333333,0.6183333333333333,0.6,0.62,0.6116666666666667,0.62,0.14833333333333332,0.15000000000000002
NCI-H1792,Capmatinib,ML264,300,0.915,0.8316666666666667,0.84,0.84,0.8,0.84,0.07500000000000007,0.08333333333333337
NCI-H1792,Capmatinib,Methylprednisolone succinate,300,0.885,0.7966666666666666,0.7983333333333333,0.6633333333333333,0.54,0.7983333333333333,0.08666666666666667,0.08833333333333337
NCI-H1792,ETC-206,Vemurafenib,300,0.7916666666666666,0.6816666666666666,0.6633333333333333,0.615,0.6866666666666666,0.6866666666666666,0.10499999999999998,0.10999999999999999
NCI-H1792,GSK1059615,XRK3F2,300,0.9283333333333333,0.585,0.5983333333333334,0.5916666666666667,0.5233333333333333,0.5983333333333334,0.32999999999999996,0.3433333333333334
NCI-H1792,IQ 1,PF-06260933,300,0.8266666666666667,0.76,0.7616666666666667,0.7566666666666666,0.735,0.7616666666666667,0.06499999999999995,0.06666666666666665
NCI-H1792,Ipatasertib,NG25,300,0.9633333333333334,0.9166666666666666,0.9183333333333333,0.9283333333333333,0.9216666666666666,0.9283333333333333,0.03500000000000003,0.046666666666666745
NCI-H1792,Ixazomib,Tubulin inhibitor 6,300,0.91,0.8216666666666667,0.8266666666666667,0.8533333333333334,0.5066666666666666,0.8533333333333334,0.05666666666666664,0.08833333333333337
NCI-H1792,MK-8353,Oleic acid,300,0.74,0.5266666666666666,0.5183333333333333,0.5066666666666666,0.5066666666666667,0.5266666666666666,0.21333333333333337,0.21333333333333337
NCI-H1792,Oxaliplatin,Volasertib,300,0.715,0.5183333333333333,0.5166666666666667,0.5016666666666667,0.5033333333333333,0.5183333333333333,0.19666666666666666,0.19666666666666666
NCI-H1792,Pemigatinib,Pralsetinib,241,0.921161825726141,0.8568464730290456,0.8630705394190872,0.8609958506224067,0.8423236514522822,0.8630705394190872,0.05809128630705385,0.06431535269709543
NCI-H1792,ULK-101,XRK3F2,300,0.83,0.56,0.5616666666666666,0.5366666666666666,0.5066666666666666,0.5616666666666666,0.2683333333333333,0.2699999999999999
NCI-H2030,4EGI-1,Erdafitinib ,300,0.7783333333333333,0.5516666666666667,0.56,0.5616666666666666,0.5533333333333333,0.5616666666666666,0.21666666666666667,0.22666666666666657
NCI-H2030,9-ING-41,Gemcitabine,300,0.7916666666666666,0.5016666666666667,0.505,0.515,0.5233333333333333,0.5233333333333333,0.2683333333333333,0.2899999999999999
NCI-H2030,AZD2858,HI-TOPK-032,300,0.8866666666666667,0.5183333333333333,0.52,0.5033333333333334,0.5033333333333334,0.52,0.3666666666666667,0.3683333333333334
NCI-H2030,Adagrasib,Volasertib,300,0.8083333333333333,0.5666666666666667,0.5666666666666667,0.5666666666666667,0.5716666666666667,0.5716666666666667,0.2366666666666667,0.2416666666666667
NCI-H2030,Afatinib,TAK-733,300,0.98,0.795,0.7966666666666666,0.7866666666666666,0.8183333333333334,0.8183333333333334,0.16166666666666663,0.18499999999999994
NCI-H2030,Alpelisib,Brivudine,300,0.985,0.8366666666666667,0.8416666666666667,0.8433333333333334,0.6283333333333334,0.8433333333333334,0.1416666666666666,0.14833333333333332
NCI-H2030,BI-78D3,Torkinib,300,0.7216666666666667,0.5283333333333333,0.5266666666666666,0.5183333333333333,0.515,0.5283333333333333,0.19333333333333336,0.19333333333333336
NCI-H2030,Bentamapimod,palbociclib,300,0.925,0.5383333333333333,0.5366666666666666,0.5516666666666666,0.555,0.555,0.37,0.3866666666666667
NCI-H2030,CP21R7,venetoclax,300,0.9766666666666667,0.815,0.8216666666666667,0.84,0.8766666666666667,0.8766666666666667,0.09999999999999998,0.16166666666666674
NCI-H2030,Capivasertib,Temuterkib,300,0.8266666666666667,0.6016666666666667,0.6033333333333334,0.5683333333333334,0.5333333333333333,0.6033333333333334,0.22333333333333327,0.22499999999999998
NCI-H2030,Encorafenib,Pimitespib,300,0.9483333333333334,0.74,0.74,0.6466666666666667,0.7616666666666667,0.7616666666666667,0.18666666666666665,0.20833333333333337
NCI-H2030,Everolimus,SBI-0640756,300,0.7383333333333333,0.5633333333333334,0.5616666666666666,0.5533333333333333,0.5433333333333333,0.5633333333333334,0.17499999999999993,0.17499999999999993
NCI-H2030,IQ 1,RMC-6236,300,0.9533333333333334,0.6416666666666667,0.645,0.6416666666666667,0.6283333333333334,0.645,0.30833333333333335,0.31166666666666665
NCI-H2030,Ipatasertib,MK-8353,300,0.855,0.5133333333333333,0.5183333333333333,0.51,0.5216666666666666,0.5216666666666666,0.33333333333333337,0.3416666666666667
NCI-H2030,Ixazomib,vincristine,300,0.93,0.8683333333333334,0.87,0.905,0.855,0.905,0.025000000000000022,0.06166666666666665
NCI-H2030,LB-100,Tucatinib,300,0.7966666666666666,0.5533333333333333,0.5516666666666666,0.5516666666666666,0.5733333333333333,0.5733333333333333,0.22333333333333338,0.2433333333333333
NCI-H2030,Methylprednisolone succinate,NG25,300,0.9466666666666667,0.5366666666666666,0.515,0.8933333333333333,0.8533333333333334,0.8933333333333333,0.053333333333333344,0.41000000000000003
NCI-H2030,NG25,TAK-901,300,0.995,0.9883333333333333,0.9883333333333333,0.9916666666666667,0.9933333333333333,0.9933333333333333,0.0016666666666667052,0.00666666666666671
NCI-H2030,Oleic acid,XRK3F2,300,0.8983333333333333,0.5566666666666666,0.5616666666666666,0.5766666666666667,0.505,0.5766666666666667,0.32166666666666666,0.3416666666666667
NCI-H2030,TAK-901,palbociclib,300,0.995,0.9883333333333333,0.9883333333333333,0.99,0.9916666666666667,0.9916666666666667,0.0033333333333332993,0.00666666666666671
NCI-H23,APTO-253,ML264,300,0.645,0.5033333333333333,0.505,0.5133333333333333,0.5016666666666667,0.5133333333333333,0.1316666666666667,0.14166666666666672
NCI-H23,AZD-8055,PF-06260933,300,0.9333333333333333,0.89,0.8833333333333333,0.8916666666666667,0.8766666666666667,0.8916666666666667,0.04166666666666663,0.043333333333333335
NCI-H23,Adagrasib,CP21R7,300,0.73,0.69,0.7033333333333334,0.6616666666666666,0.6683333333333333,0.7033333333333334,0.026666666666666616,0.040000000000000036
NCI-H23,Adagrasib,EX229,300,0.92,0.6383333333333333,0.6366666666666667,0.5733333333333333,0.775,0.775,0.14500000000000002,0.28166666666666673
NCI-H23,BAY1125976,Tubulin inhibitor 6,300,0.84,0.6616666666666666,0.6616666666666666,0.6133333333333333,0.6566666666666667,0.6616666666666666,0.17833333333333334,0.17833333333333334
NCI-H23,BI-78D3,venetoclax,300,0.9716666666666667,0.8966666666666666,0.895,0.925,0.905,0.925,0.046666666666666634,0.07500000000000007
NCI-H23,Binimetinib,MK-3903,300,0.9316666666666666,0.835,0.8216666666666667,0.85,0.7333333333333333,0.85,0.08166666666666667,0.09666666666666668
NCI-H23,Binimetinib,olaparib,300,0.8966666666666666,0.8133333333333334,0.8083333333333333,0.7433333333333333,0.5266666666666666,0.8133333333333334,0.08333333333333326,0.08333333333333326
NCI-H23,Celecoxib,Encorafenib,300,0.9383333333333334,0.9166666666666666,0.91,0.9066666666666666,0.9116666666666666,0.9166666666666666,0.021666666666666723,0.021666666666666723
NCI-H23,ERK5-IN-2,TAK-733,300,0.9316666666666666,0.8316666666666667,0.83,0.8516666666666667,0.8016666666666666,0.8516666666666667,0.07999999999999996,0.09999999999999998
NCI-H23,ETC-206,IQ 1,300,0.6633333333333333,0.5166666666666666,0.52,0.52,0.515,0.52,0.1433333333333333,0.14666666666666672
NCI-H23,EX229,MK-8353,300,0.8883333333333333,0.65,0.655,0.6983333333333333,0.5966666666666667,0.6983333333333333,0.19000000000000006,0.23833333333333329
NCI-H23,Elimusertib hydrochloride,Encorafenib,300,0.9083333333333333,0.6916666666666667,0.6833333333333333,0.6266666666666667,0.7966666666666666,0.7966666666666666,0.11166666666666669,0.21666666666666667
NCI-H23,Elimusertib hydrochloride,c-Kit-IN-1,300,0.95,0.905,0.9083333333333333,0.8933333333333333,0.5,0.9083333333333333,0.04166666666666663,0.04499999999999993
NCI-H23,LB-100,OTS514,300,0.7716666666666666,0.6033333333333334,0.5716666666666667,0.5716666666666667,0.615,0.615,0.15666666666666662,0.16833333333333322
NCI-H23,LB-100,RMC-6236,300,0.9466666666666667,0.9133333333333333,0.9166666666666666,0.9283333333333333,0.8733333333333333,0.9283333333333333,0.018333333333333313,0.033333333333333326
NCI-H23,LB-100,Temuterkib,300,0.7,0.5133333333333333,0.51,0.5183333333333333,0.5133333333333333,0.5183333333333333,0.18166666666666664,0.18666666666666665
NCI-H23,Pimitespib,Volasertib,300,0.6833333333333333,0.5916666666666667,0.5883333333333334,0.5716666666666667,0.5800000000000001,0.5916666666666667,0.09166666666666667,0.09166666666666667
NCI-H23,SBI-0640756,TAK-901,225,0.9955555555555555,0.9066666666666666,0.9133333333333333,0.9577777777777777,0.9866666666666667,0.9866666666666667,0.008888888888888835,0.0888888888888889
NCI-H23,Sapanisertib,Tubulin inhibitor 6,300,0.85,0.7166666666666667,0.72,0.65,0.5,0.72,0.13,0.1333333333333333
NCI-H2347,9-ING-41,Futibatinib,300,0.8266666666666667,0.635,0.645,0.6366666666666667,0.6383333333333333,0.645,0.18166666666666664,0.19166666666666665
NCI-H2347,9-ING-41,Paclitaxel,300,0.625,0.5349999999999999,0.5366666666666666,0.5066666666666666,0.5183333333333333,0.5366666666666666,0.08833333333333337,0.09000000000000008
NCI-H2347,APTO-253,olaparib,300,0.7533333333333333,0.55,0.5466666666666666,0.5333333333333333,0.5516666666666666,0.5516666666666666,0.20166666666666666,0.20333333333333325
NCI-H2347,AT7519,Pemigatinib,300,0.7783333333333333,0.5633333333333334,0.5633333333333334,0.5633333333333334,0.5383333333333333,0.5633333333333334,0.21499999999999997,0.21499999999999997
NCI-H2347,Abemaciclib,HI-TOPK-032,300,0.95,0.5983333333333334,0.5766666666666667,0.5066666666666667,0.6866666666666666,0.6866666666666666,0.2633333333333333,0.35166666666666657
NCI-H2347,Alpelisib,Ralimetinib dimesylate,300,0.8833333333333333,0.5683333333333334,0.5900000000000001,0.6583333333333333,0.5,0.6583333333333333,0.22499999999999998,0.31499999999999995
NCI-H2347,Anastrozole,BI-3406,300,0.8416666666666667,0.5616666666666666,0.5700000000000001,0.585,0.575,0.585,0.2566666666666667,0.28
NCI-H2347,BI-78D3,EX229,300,0.9266666666666666,0.6716666666666666,0.6683333333333333,0.6066666666666667,0.6916666666666667,0.6916666666666667,0.235,0.255
NCI-H2347,BI-78D3,Sonidegib,300,0.8116666666666666,0.5316666666666666,0.5316666666666667,0.525,0.5283333333333333,0.5316666666666667,0.2799999999999999,0.28
NCI-H2347,Bentamapimod,Oleic acid,300,0.7866666666666666,0.515,0.5133333333333333,0.5033333333333334,0.5266666666666666,0.5266666666666666,0.26,0.2716666666666666
NCI-H2347,Binimetinib,c-Kit-IN-1,300,0.9533333333333334,0.725,0.7233333333333334,0.75,0.5,0.75,0.20333333333333337,0.2283333333333334
NCI-H2347,CP21R7,Futibatinib,300,0.745,0.5983333333333334,0.595,0.5816666666666667,0.5766666666666667,0.5983333333333334,0.1466666666666666,0.1466666666666666
NCI-H2347,Capivasertib,Trametinib,300,0.965,0.8233333333333334,0.82,0.8566666666666667,0.7933333333333333,0.8566666666666667,0.10833333333333328,0.1416666666666666
NCI-H2347,Capmatinib,Irinotecan,300,0.82,0.525,0.5233333333333333,0.515,0.5,0.525,0.29499999999999993,0.29499999999999993
NCI-H2347,Everolimus,NG25,300,0.915,0.61,0.6066666666666667,0.5716666666666667,0.6016666666666667,0.61,0.30500000000000005,0.30500000000000005
NCI-H2347,GSK1059615,Ralimetinib dimesylate,300,0.8933333333333333,0.5633333333333334,0.5633333333333334,0.5566666666666666,0.5483333333333333,0.5633333333333334,0.32999999999999996,0.32999999999999996
NCI-H2347,IQ 1,Trametinib,300,0.8333333333333334,0.6066666666666667,0.6016666666666667,0.6,0.5966666666666667,0.6066666666666667,0.22666666666666668,0.22666666666666668
NCI-H2347,Irinotecan,NG25,300,0.9466666666666667,0.855,0.855,0.5616666666666666,0.6083333333333333,0.855,0.09166666666666667,0.09166666666666667
NCI-H2347,LY2090314,SBI-0640756,300,0.785,0.6566666666666667,0.6583333333333333,0.5816666666666667,0.655,0.6583333333333333,0.1266666666666667,0.1283333333333333
NCI-H2347,RMC-6236,Tubulin inhibitor 6,300,0.9183333333333333,0.6216666666666666,0.6266666666666667,0.6583333333333333,0.5,0.6583333333333333,0.26,0.29666666666666675
NCI-H460,APTO-253,Abemaciclib,300,0.9533333333333334,0.8633333333333333,0.87,0.8866666666666667,0.865,0.8866666666666667,0.06666666666666665,0.09000000000000008
NCI-H460,AT7519,Anastrozole,300,0.805,0.535,0.5366666666666666,0.5466666666666666,0.5466666666666666,0.5466666666666666,0.2583333333333334,0.27
NCI-H460,AZD-8055,LY2090314,300,0.9266666666666666,0.5533333333333333,0.5533333333333333,0.5683333333333334,0.57,0.57,0.3566666666666667,0.3733333333333333
NCI-H460,AZD2858,Volasertib,300,0.645,0.5683333333333334,0.5683333333333334,0.54,0.5766666666666667,0.5766666666666667,0.06833333333333336,0.07666666666666666
NCI-H460,Adagrasib,Capivasertib,300,0.6,0.5,0.5016666666666667,0.5066666666666667,0.5900000000000001,0.5900000000000001,0.009999999999999898,0.09999999999999998
NCI-H460,Afatinib,Infigratinib,300,0.9366666666666666,0.5333333333333333,0.5316666666666667,0.5633333333333334,0.5,0.5633333333333334,0.3733333333333333,0.4033333333333333
NCI-H460,Alpelisib,Pimitespib,300,0.9466666666666667,0.575,0.5633333333333334,0.56,0.825,0.825,0.1216666666666667,0.3716666666666667
NCI-H460,Alpelisib,Tomivosertib,300,0.9366666666666666,0.71,0.7133333333333334,0.7,0.7033333333333334,0.7133333333333334,0.22333333333333327,0.22666666666666668
NCI-H460,Alpelisib,XRK3F2,300,0.8516666666666667,0.51,0.5216666666666666,0.52,0.5133333333333333,0.5216666666666666,0.33000000000000007,0.3416666666666667
NCI-H460,Anastrozole,Infigratinib,300,0.8483333333333334,0.5166666666666666,0.5183333333333333,0.5066666666666666,0.5383333333333333,0.5383333333333333,0.31000000000000005,0.3316666666666668
NCI-H460,BI-3406,NG25,300,0.955,0.51,0.5266666666666666,0.5333333333333333,0.87,0.87,0.08499999999999996,0.44499999999999995
NCI-H460,Belzutifan,Torkinib,300,0.8466666666666667,0.5666666666666667,0.56,0.5616666666666666,0.5433333333333333,0.5666666666666667,0.28,0.28
NCI-H460,Bentamapimod,Tucatinib,300,0.6833333333333333,0.5033333333333334,0.5033333333333333,0.51,0.5016666666666667,0.51,0.17333333333333334,0.17999999999999994
NCI-H460,Bimiralisib,RMC-6236,300,0.8066666666666666,0.5333333333333333,0.5333333333333333,0.5166666666666667,0.52,0.5333333333333333,0.2733333333333333,0.2733333333333333
NCI-H460,CP21R7,Encorafenib,300,0.875,0.5016666666666667,0.505,0.5083333333333333,0.5333333333333333,0.5333333333333333,0.3416666666666667,0.3733333333333333
NCI-H460,CP21R7,Methylprednisolone succinate,300,0.635,0.5016666666666667,0.5066666666666667,0.5116666666666667,0.5183333333333333,0.5183333333333333,0.1166666666666667,0.1333333333333333
NCI-H460,ERK5-IN-2,Vemurafenib,300,0.8316666666666667,0.5433333333333333,0.5449999999999999,0.53,0.54,0.5449999999999999,0.28666666666666674,0.28833333333333333
NCI-H460,Elimusertib hydrochloride,Oleic acid,300,0.965,0.7283333333333334,0.7333333333333334,0.785,0.8466666666666667,0.8466666666666667,0.11833333333333329,0.23666666666666658
NCI-H460,LJI308,LY-2584702 (tosylate salt),236,0.7457627118644068,0.5889830508474576,0.5805084745762712,0.5635593220338984,0.5148305084745762,0.5889830508474576,0.15677966101694918,0.15677966101694918
NCI-H460,Sonidegib,Trametinib,300,0.9833333333333333,0.6533333333333333,0.6699999999999999,0.92,0.895,0.92,0.06333333333333324,0.32999999999999996
NCI-H661,9-ING-41,XRK3F2,100,0.575,0.55,0.54,0.55,0.54,0.55,0.02499999999999991,0.02499999999999991
NCI-H661,BI-3406,Everolimus,139,0.7158273381294964,0.5503597122302158,0.5503597122302158,0.5611510791366907,0.5323741007194245,0.5611510791366907,0.15467625899280568,0.16546762589928055
NCI-H661,BI-78D3,Encorafenib,106,0.7311320754716981,0.6273584905660378,0.6273584905660378,0.6084905660377358,0.6037735849056604,0.6273584905660378,0.10377358490566035,0.10377358490566035
NCI-H661,BI-78D3,GSK1059615,106,0.8443396226415094,0.6037735849056604,0.6037735849056604,0.5943396226415094,0.6037735849056604,0.6037735849056604,0.24056603773584906,0.24056603773584906
NCI-H661,BI-78D3,Lapatinib ditosylate,106,0.6509433962264151,0.5707547169811321,0.570754716981132,0.5801886792452831,0.5896226415094339,0.5896226415094339,0.061320754716981174,0.08018867924528295
NCI-H661,BI-78D3,Trametinib,106,0.7594339622641509,0.5754716981132075,0.5754716981132075,0.6037735849056604,0.5801886792452831,0.6037735849056604,0.1556603773584906,0.1839622641509434
NCI-H661,BI-78D3,Vemurafenib,102,0.6274509803921569,0.5,0.5049019607843137,0.5245098039215687,0.5049019607843137,0.5245098039215687,0.1029411764705882,0.12745098039215685
NCI-H661,Bimiralisib,Sapanisertib,109,0.7522935779816514,0.5963302752293578,0.5963302752293578,0.5642201834862385,0.6146788990825688,0.6146788990825688,0.13761467889908263,0.15596330275229364
NCI-H661,Brivudine,Encorafenib,112,0.9330357142857143,0.65625,0.6696428571428571,0.5714285714285714,0.8035714285714286,0.8035714285714286,0.1294642857142857,0.2767857142857143
NCI-H661,Dabrafenib,XRK3F2,100,0.655,0.525,0.5349999999999999,0.555,0.515,0.555,0.09999999999999998,0.13
NCI-H661,Encorafenib,RMC-6236,112,0.6651785714285714,0.53125,0.53125,0.5,0.53125,0.53125,0.1339285714285714,0.1339285714285714
NCI-H661,GSK1059615,Lapatinib ditosylate,130,0.8807692307692307,0.5346153846153846,0.5346153846153846,0.5346153846153846,0.5846153846153845,0.5846153846153845,0.2961538461538462,0.34615384615384615
NCI-H661,GSK1059615,Tomivosertib,102,0.8970588235294118,0.6519607843137255,0.6715686274509804,0.5637254901960784,0.6470588235294117,0.6715686274509804,0.22549019607843135,0.2450980392156863
NCI-H661,Gemcitabine,RMC-6236,105,0.7904761904761904,0.6476190476190476,0.6476190476190476,0.638095238095238,0.6333333333333333,0.6476190476190476,0.1428571428571428,0.1428571428571428
NCI-H661,Gemcitabine,Vemurafenib,102,0.5490196078431373,0.5294117647058824,0.5392156862745099,0.5343137254901961,0.5196078431372549,0.5392156862745099,0.009803921568627416,0.019607843137254943
NCI-H661,Lapatinib ditosylate,Tomivosertib,102,0.6617647058823529,0.5049019607843137,0.5049019607843137,0.5098039215686274,0.5,0.5098039215686274,0.1519607843137255,0.1568627450980392
NCI-H661,Lapatinib ditosylate,XRK3F2,100,0.695,0.515,0.515,0.51,0.53,0.53,0.16499999999999992,0.17999999999999994
NCI-H661,RMC-6236,Tucatinib,106,0.7358490566037735,0.5849056603773585,0.5849056603773585,0.570754716981132,0.5990566037735849,0.5990566037735849,0.1367924528301886,0.15094339622641506
NCI-H661,TAK-901,Vemurafenib,102,0.9558823529411765,0.5049019607843137,0.5,0.5049019607843137,0.8235294117647058,0.8235294117647058,0.13235294117647067,0.4509803921568628
NCI-H661,Tomivosertib,Trametinib,102,0.8137254901960784,0.6176470588235294,0.6127450980392157,0.5098039215686274,0.6225490196078431,0.6225490196078431,0.19117647058823528,0.196078431372549
PANC-1,APTO-253,Oleic acid,300,0.6766666666666666,0.5316666666666667,0.5266666666666666,0.53,0.5083333333333333,0.5316666666666667,0.1449999999999999,0.1449999999999999
PANC-1,AT7519,HI-TOPK-032,300,0.8566666666666667,0.7333333333333333,0.745,0.6583333333333333,0.6016666666666667,0.745,0.11166666666666669,0.1233333333333334
PANC-1,AZD-7648,Irinotecan,300,0.8616666666666667,0.6233333333333333,0.6166666666666667,0.5316666666666667,0.5783333333333334,0.6233333333333333,0.2383333333333334,0.2383333333333334
PANC-1,Alpelisib,BI-3406,300,0.7683333333333333,0.5516666666666666,0.55,0.5166666666666666,0.5483333333333333,0.5516666666666666,0.21666666666666667,0.21666666666666667
PANC-1,BI-3406,Sapanisertib,300,0.915,0.8516666666666667,0.8366666666666667,0.8783333333333333,0.8566666666666667,0.8783333333333333,0.036666666666666736,0.06333333333333335
PANC-1,Belumosudil (mesylate),DTP3,300,0.8266666666666667,0.5966666666666667,0.5933333333333334,0.6483333333333333,0.5549999999999999,0.6483333333333333,0.17833333333333334,0.22999999999999998
PANC-1,Binimetinib,palbociclib,300,0.7116666666666667,0.585,0.585,0.5116666666666667,0.5133333333333333,0.585,0.1266666666666667,0.1266666666666667
PANC-1,CP21R7,Oleic acid,300,0.6833333333333333,0.5533333333333333,0.5449999999999999,0.51,0.5349999999999999,0.5533333333333333,0.13,0.13
PANC-1,Futibatinib,ML264,300,0.8016666666666666,0.5116666666666667,0.505,0.5483333333333333,0.5266666666666666,0.5483333333333333,0.2533333333333333,0.2899999999999999
PANC-1,Gemcitabine,SBI-0640756,300,0.8016666666666666,0.5883333333333334,0.5983333333333334,0.585,0.61,0.61,0.19166666666666665,0.21333333333333326
PANC-1,HI-TOPK-032,Oleic acid,300,0.89,0.7333333333333334,0.73,0.6933333333333334,0.73,0.7333333333333334,0.15666666666666662,0.15666666666666662
PANC-1,HI-TOPK-032,Regorafenib,300,0.915,0.6166666666666667,0.6183333333333334,0.5216666666666666,0.5833333333333333,0.6183333333333334,0.29666666666666663,0.29833333333333334
PANC-1,Ixazomib,Pralsetinib,300,0.8933333333333333,0.86,0.845,0.5816666666666667,0.7733333333333333,0.86,0.033333333333333326,0.033333333333333326
PANC-1,LY-2584702 (tosylate salt),Regorafenib,300,0.8533333333333334,0.675,0.6833333333333333,0.6666666666666666,0.5,0.6833333333333333,0.17000000000000004,0.17833333333333334
PANC-1,MK-3903,TAK-901,300,0.9866666666666667,0.9299999999999999,0.9283333333333333,0.965,0.9883333333333333,0.9883333333333333,-0.0016666666666665941,0.056666666666666754
PANC-1,MK-3903,Vemurafenib,300,0.7016666666666667,0.5516666666666666,0.5549999999999999,0.565,0.5516666666666666,0.565,0.13666666666666671,0.15000000000000002
PANC-1,ML264,RMC-6236,300,0.89,0.6083333333333334,0.5916666666666667,0.5916666666666667,0.5,0.6083333333333334,0.2816666666666666,0.2816666666666666
PANC-1,PH-797804,Pralsetinib,300,0.935,0.8266666666666667,0.8216666666666667,0.5483333333333333,0.8533333333333334,0.8533333333333334,0.08166666666666667,0.10833333333333339
PANC-1,Sapanisertib,vincristine,300,0.9366666666666666,0.8883333333333333,0.9266666666666666,0.8316666666666667,0.9216666666666666,0.9266666666666666,0.010000000000000009,0.04833333333333334
PANC-1,XRK3F2,olaparib,300,0.8633333333333333,0.5133333333333333,0.5349999999999999,0.5433333333333333,0.5016666666666667,0.5433333333333333,0.31999999999999995,0.35
Panc 03.27,AT7519,Methylprednisolone succinate,300,0.65,0.5033333333333334,0.5116666666666667,0.505,0.5266666666666666,0.5266666666666666,0.1233333333333334,0.1466666666666666
Panc 03.27,AT7519,SBI-0640756,300,0.675,0.5349999999999999,0.5433333333333333,0.525,0.5366666666666666,0.5433333333333333,0.1316666666666667,0.14000000000000012
Panc 03.27,AZD2858,Everolimus,300,0.7116666666666667,0.505,0.5066666666666666,0.54,0.505,0.54,0.17166666666666663,0.20666666666666667
Panc 03.27,Adagrasib,HI-TOPK-032,300,0.89,0.565,0.5933333333333333,0.585,0.5533333333333333,0.5933333333333333,0.29666666666666675,0.32500000000000007
Panc 03.27,Afatinib,TAK-733,300,0.9516666666666667,0.865,0.8666666666666667,0.915,0.8200000000000001,0.915,0.036666666666666625,0.08666666666666667
Panc 03.27,BAY1125976,Torkinib,300,0.9566666666666667,0.9033333333333333,0.9016666666666666,0.9216666666666666,0.92,0.9216666666666666,0.03500000000000003,0.053333333333333344
Panc 03.27,Belzutifan,Sapanisertib,300,0.9416666666666667,0.8583333333333334,0.8483333333333334,0.8833333333333333,0.8283333333333334,0.8833333333333333,0.05833333333333335,0.08333333333333326
Panc 03.27,Binimetinib,Encorafenib,300,0.8883333333333333,0.515,0.5066666666666666,0.5966666666666667,0.5233333333333333,0.5966666666666667,0.29166666666666663,0.3733333333333333
Panc 03.27,Brivudine,Capivasertib,300,0.9183333333333333,0.9,0.8933333333333333,0.8516666666666667,0.8016666666666666,0.9,0.018333333333333313,0.018333333333333313
Panc 03.27,Brivudine,TAK-733,300,0.96,0.9533333333333334,0.9433333333333334,0.945,0.9433333333333334,0.9533333333333334,0.006666666666666599,0.006666666666666599
Panc 03.27,Capivasertib,Tubulin inhibitor 6,300,0.7033333333333334,0.5283333333333333,0.5383333333333333,0.54,0.55,0.55,0.15333333333333332,0.17500000000000004
Panc 03.27,Capmatinib,TAK-733,300,0.92,0.72,0.7433333333333333,0.725,0.5383333333333333,0.7433333333333333,0.17666666666666675,0.20000000000000007
Panc 03.27,Dabrafenib,Torkinib,300,0.9083333333333333,0.8166666666666667,0.815,0.8566666666666667,0.7050000000000001,0.8566666666666667,0.05166666666666664,0.09166666666666667
Panc 03.27,Elimusertib hydrochloride,Tucatinib,300,0.8833333333333333,0.58,0.56,0.7150000000000001,0.5016666666666667,0.7150000000000001,0.16833333333333322,0.30333333333333334
Panc 03.27,Erdafitinib ,HI-TOPK-032,300,0.9016666666666666,0.7333333333333333,0.78,0.7116666666666667,0.7166666666666667,0.78,0.12166666666666659,0.16833333333333333
Panc 03.27,GSK1059615,ML264,300,0.9116666666666666,0.8566666666666667,0.8483333333333334,0.835,0.8116666666666666,0.8566666666666667,0.05499999999999994,0.05499999999999994
Panc 03.27,Gemcitabine,NG25,300,0.905,0.585,0.5833333333333333,0.5816666666666667,0.5783333333333334,0.585,0.32000000000000006,0.32000000000000006
Panc 03.27,HI-TOPK-032,Pimitespib,300,0.905,0.6483333333333333,0.6983333333333334,0.7,0.5233333333333333,0.7,0.20500000000000007,0.2566666666666667
Panc 03.27,LY-2584702 (tosylate salt),Trametinib,262,0.9675572519083969,0.9312977099236641,0.933206106870229,0.9618320610687023,0.8950381679389313,0.9618320610687023,0.005725190839694583,0.0362595419847328
Panc 03.27,LY2090314,venetoclax,300,0.9466666666666667,0.9166666666666666,0.9183333333333333,0.9266666666666666,0.935,0.935,0.011666666666666603,0.030000000000000027
RKO,AT7519,Minodronic acid,300,0.6216666666666667,0.5233333333333333,0.53,0.5266666666666666,0.52,0.53,0.09166666666666667,0.09833333333333338
RKO,AZD-7648,Regorafenib,300,0.6466666666666666,0.5066666666666666,0.5116666666666667,0.53,0.54,0.54,0.10666666666666658,0.14
RKO,AZD-8055,Sapanisertib,300,0.7116666666666667,0.565,0.56,0.5316666666666667,0.51,0.565,0.14666666666666672,0.14666666666666672
RKO,AZD1390,olaparib,300,0.78,0.5416666666666667,0.545,0.5416666666666667,0.5666666666666667,0.5666666666666667,0.21333333333333337,0.23833333333333329
RKO,Abemaciclib,Irinotecan,300,0.9133333333333333,0.6866666666666666,0.6816666666666666,0.6316666666666666,0.6333333333333333,0.6866666666666666,0.22666666666666668,0.22666666666666668
RKO,Afatinib,MK-8353,300,0.9166666666666666,0.5733333333333333,0.5933333333333333,0.59,0.5133333333333333,0.5933333333333333,0.32333333333333336,0.3433333333333334
RKO,BAY1125976,Bimiralisib,300,0.8566666666666667,0.6433333333333333,0.6366666666666667,0.625,0.5516666666666667,0.6433333333333333,0.21333333333333337,0.21333333333333337
RKO,Bimiralisib,Binimetinib,300,0.8733333333333333,0.7433333333333333,0.75,0.7066666666666667,0.7616666666666667,0.7616666666666667,0.11166666666666658,0.13
RKO,Binimetinib,LJI308,300,0.915,0.7833333333333333,0.7983333333333333,0.7916666666666666,0.7816666666666666,0.7983333333333333,0.1166666666666667,0.1316666666666667
RKO,Binimetinib,SBI-0640756,300,0.9233333333333333,0.8283333333333334,0.825,0.8383333333333334,0.88,0.88,0.043333333333333335,0.09499999999999997
RKO,Brivudine,Erdafitinib ,300,0.9616666666666667,0.885,0.885,0.89,0.9,0.9,0.06166666666666665,0.07666666666666666
RKO,Brivudine,GSK1059615,300,0.9866666666666667,0.935,0.935,0.97,0.9633333333333334,0.97,0.01666666666666672,0.05166666666666664
RKO,Brivudine,NVP-BHG712,300,0.9533333333333334,0.9166666666666666,0.9183333333333333,0.9366666666666666,0.9233333333333333,0.9366666666666666,0.01666666666666672,0.036666666666666736
RKO,DTP3,Everolimus,300,0.76,0.6083333333333334,0.6016666666666667,0.5633333333333334,0.5449999999999999,0.6083333333333334,0.15166666666666662,0.15166666666666662
RKO,Infigratinib,Pralsetinib,300,0.9,0.6116666666666667,0.62,0.5933333333333334,0.6633333333333333,0.6633333333333333,0.2366666666666667,0.28833333333333333
RKO,LJI308,Ralimetinib dimesylate,300,0.72,0.5433333333333333,0.5483333333333333,0.54,0.5716666666666667,0.5716666666666667,0.14833333333333332,0.17666666666666664
RKO,MK-3903,TAK-901,300,0.9916666666666667,0.98,0.9816666666666667,0.9766666666666667,0.9783333333333334,0.9816666666666667,0.010000000000000009,0.011666666666666714
RKO,MK-3903,Tucatinib,300,0.8083333333333333,0.61,0.615,0.6033333333333334,0.5900000000000001,0.615,0.19333333333333336,0.19833333333333336
RKO,NVP-BHG712,Volasertib,300,0.6883333333333334,0.5383333333333333,0.5333333333333333,0.5333333333333333,0.5216666666666666,0.5383333333333333,0.15000000000000002,0.15000000000000002
RKO,Tomivosertib,palbociclib,300,0.8516666666666667,0.5383333333333333,0.5449999999999999,0.55,0.7833333333333333,0.7833333333333333,0.06833333333333336,0.31333333333333335
RPMI-7951,AZD-7648,Encorafenib,300,0.9016666666666666,0.5266666666666666,0.5116666666666667,0.5433333333333333,0.525,0.5433333333333333,0.3583333333333333,0.375
RPMI-7951,AZD-7648,Hydroxyfasudil,232,0.8038793103448276,0.5948275862068966,0.5711206896551724,0.584051724137931,0.6099137931034483,0.6099137931034483,0.19396551724137934,0.20905172413793105
RPMI-7951,AZD-8055,NG25,208,0.9254807692307693,0.875,0.8846153846153846,0.8774038461538461,0.5,0.8846153846153846,0.04086538461538469,0.050480769230769273
RPMI-7951,AZD1390,Abemaciclib,300,0.8883333333333333,0.61,0.64,0.6133333333333333,0.7466666666666666,0.7466666666666666,0.14166666666666672,0.2783333333333333
RPMI-7951,AZD2858,Abemaciclib,211,0.8838862559241706,0.7156398104265402,0.6540284360189573,0.6492890995260663,0.6208530805687205,0.7156398104265402,0.16824644549763035,0.16824644549763035
RPMI-7951,Belumosudil (mesylate),Gemcitabine,300,0.7416666666666667,0.63,0.645,0.6333333333333333,0.5083333333333333,0.645,0.09666666666666668,0.11166666666666669
RPMI-7951,Belzutifan,olaparib,183,0.8469945355191257,0.5218579234972678,0.5081967213114754,0.5218579234972678,0.5027322404371585,0.5218579234972678,0.32513661202185795,0.32513661202185795
RPMI-7951,Bimiralisib,SBI-0640756,263,0.9486692015209125,0.9049429657794676,0.94106463878327,0.6634980988593155,0.8783269961977186,0.94106463878327,0.0076045627376425395,0.04372623574144485
RPMI-7951,Brivudine,Tucatinib,300,0.9683333333333334,0.845,0.8383333333333334,0.84,0.8783333333333333,0.8783333333333333,0.09000000000000008,0.1233333333333334
RPMI-7951,Dabrafenib,LB-100,300,0.7533333333333333,0.5466666666666666,0.5466666666666666,0.5183333333333333,0.535,0.5466666666666666,0.20666666666666667,0.20666666666666667
RPMI-7951,ERK5-IN-2,Methylprednisolone succinate,300,0.915,0.5466666666666666,0.5133333333333333,0.5433333333333333,0.5083333333333333,0.5466666666666666,0.3683333333333334,0.3683333333333334
RPMI-7951,Everolimus,Pemigatinib,300,0.6983333333333334,0.5566666666666666,0.5583333333333333,0.555,0.515,0.5583333333333333,0.14,0.14166666666666672
RPMI-7951,GSK1059615,olaparib,300,0.9566666666666667,0.8266666666666667,0.8316666666666667,0.8466666666666667,0.87,0.87,0.08666666666666667,0.13
RPMI-7951,Ipatasertib,NG25,208,0.9038461538461539,0.5240384615384616,0.5192307692307693,0.5216346153846154,0.5528846153846154,0.5528846153846154,0.35096153846153844,0.3798076923076923
RPMI-7951,LB-100,olaparib,300,0.7433333333333333,0.5033333333333333,0.5016666666666667,0.5333333333333333,0.5366666666666666,0.5366666666666666,0.20666666666666667,0.24
RPMI-7951,Minodronic acid,Oxaliplatin,300,0.715,0.505,0.5083333333333333,0.5016666666666667,0.5133333333333333,0.5133333333333333,0.20166666666666666,0.20999999999999996
RPMI-7951,NG25,Tubulin inhibitor 6,208,0.9110576923076923,0.5120192307692307,0.5288461538461539,0.5264423076923077,0.5,0.5288461538461539,0.38221153846153844,0.39903846153846156
RPMI-7951,NG25,Vemurafenib,208,0.9206730769230769,0.7355769230769231,0.7259615384615384,0.7139423076923077,0.6081730769230769,0.7355769230769231,0.18509615384615374,0.18509615384615374
RPMI-7951,Pralsetinib,TAK-733,222,0.9369369369369369,0.8558558558558559,0.8536036036036037,0.8671171171171171,0.8896396396396397,0.8896396396396397,0.04729729729729726,0.08108108108108103
RPMI-7951,Trametinib,palbociclib,300,0.9283333333333333,0.8466666666666667,0.8483333333333334,0.8733333333333333,0.8683333333333334,0.8733333333333333,0.05500000000000005,0.08166666666666667
SHP-77,AT7519,Tucatinib,267,0.7172284644194756,0.599250936329588,0.6086142322097379,0.6048689138576779,0.5112359550561798,0.6086142322097379,0.10861423220973776,0.1179775280898876
SHP-77,AZD-7648,Tomivosertib,300,0.8583333333333333,0.6866666666666666,0.685,0.685,0.5083333333333333,0.6866666666666666,0.17166666666666663,0.17166666666666663
SHP-77,AZD1390,Celecoxib,300,0.7433333333333333,0.51,0.5183333333333333,0.5283333333333333,0.5066666666666666,0.5283333333333333,0.21499999999999997,0.23333333333333328
SHP-77,AZD2858,Binimetinib,203,0.8891625615763546,0.6847290640394089,0.687192118226601,0.6600985221674878,0.6724137931034483,0.687192118226601,0.20197044334975367,0.20443349753694573
SHP-77,AZD2858,EX229,203,0.8940886699507389,0.5566502463054187,0.5517241379310345,0.5024630541871922,0.5443349753694582,0.5566502463054187,0.3374384236453202,0.3374384236453202
SHP-77,Abemaciclib,Torkinib,170,0.8794117647058823,0.5617647058823529,0.55,0.5617647058823529,0.5411764705882354,0.5617647058823529,0.3176470588235294,0.3176470588235294
SHP-77,Alpelisib,TAK-733,266,0.9360902255639098,0.6635338345864661,0.6729323308270677,0.6936090225563909,0.6390977443609023,0.6936090225563909,0.24248120300751885,0.27255639097744366
SHP-77,BAY1125976,Belzutifan,300,0.945,0.8016666666666666,0.795,0.8683333333333334,0.8466666666666667,0.8683333333333334,0.07666666666666655,0.1433333333333333
SHP-77,BI-3406,Minodronic acid,300,0.8916666666666667,0.5116666666666667,0.515,0.5283333333333333,0.515,0.5283333333333333,0.3633333333333334,0.38
SHP-77,BI-3406,palbociclib,300,0.7033333333333334,0.5483333333333333,0.5433333333333333,0.5583333333333333,0.5466666666666666,0.5583333333333333,0.14500000000000002,0.15500000000000003
SHP-77,Belzutifan,olaparib,300,0.8266666666666667,0.5466666666666666,0.545,0.5016666666666667,0.5383333333333333,0.5466666666666666,0.28,0.28
SHP-77,Bentamapimod,Tomivosertib,300,0.76,0.6183333333333334,0.6183333333333333,0.6166666666666667,0.605,0.6183333333333334,0.1416666666666666,0.1416666666666666
SHP-77,Bimiralisib,Pralsetinib,194,0.9072164948453608,0.5515463917525774,0.5463917525773196,0.5257731958762887,0.5670103092783505,0.5670103092783505,0.3402061855670103,0.35567010309278346
SHP-77,Capivasertib,Dabrafenib,261,0.8103448275862069,0.5268199233716475,0.5038314176245211,0.5268199233716475,0.5651340996168582,0.5651340996168582,0.24521072796934862,0.28352490421455934
SHP-77,ERK5-IN-2,NVP-BHG712,300,0.6233333333333333,0.5433333333333333,0.5383333333333333,0.5166666666666666,0.5433333333333333,0.5433333333333333,0.07999999999999996,0.07999999999999996
SHP-77,GSK1059615,olaparib,300,0.9133333333333333,0.575,0.5733333333333333,0.5516666666666667,0.5083333333333333,0.575,0.3383333333333334,0.3383333333333334
SHP-77,IQ 1,Tucatinib,142,0.7640845070422535,0.6232394366197183,0.6267605633802817,0.6267605633802817,0.5,0.6267605633802817,0.13732394366197176,0.14084507042253525
SHP-77,Ipatasertib,Irinotecan,300,0.7816666666666666,0.5233333333333333,0.5233333333333333,0.5783333333333334,0.5083333333333333,0.5783333333333334,0.20333333333333325,0.2583333333333333
SHP-77,ML264,Regorafenib,300,0.8333333333333334,0.555,0.5683333333333334,0.5716666666666667,0.5916666666666667,0.5916666666666667,0.2416666666666667,0.2783333333333333
SHP-77,Minodronic acid,Ralimetinib dimesylate,300,0.775,0.5266666666666666,0.525,0.5133333333333333,0.5133333333333333,0.5266666666666666,0.2483333333333334,0.2483333333333334
SK-MEL-2,AZD-7648,DT-061,205,0.7439024390243902,0.5024390243902439,0.5121951219512195,0.5121951219512195,0.5073170731707317,0.5121951219512195,0.23170731707317072,0.24146341463414633
SK-MEL-2,AZD-8055,Abemaciclib,271,0.940959409594096,0.7730627306273062,0.7712177121771218,0.8025830258302583,0.5,0.8025830258302583,0.13837638376383765,0.16789667896678973
SK-MEL-2,AZD-8055,Temuterkib,300,0.8066666666666666,0.57,0.5800000000000001,0.6016666666666667,0.6016666666666667,0.6016666666666667,0.20499999999999996,0.2366666666666667
SK-MEL-2,Adagrasib,GSK1059615,300,0.9466666666666667,0.795,0.8016666666666666,0.8016666666666666,0.51,0.8016666666666666,0.14500000000000002,0.15166666666666662
SK-MEL-2,Adagrasib,Temuterkib,300,0.7983333333333333,0.66,0.66,0.645,0.5166666666666666,0.66,0.1383333333333333,0.1383333333333333
SK-MEL-2,Alpelisib,Oxaliplatin,288,0.8142361111111112,0.5902777777777778,0.5989583333333333,0.6302083333333333,0.5295138888888888,0.6302083333333333,0.1840277777777779,0.22395833333333337
SK-MEL-2,Anastrozole,Vemurafenib,300,0.7333333333333333,0.5983333333333334,0.6016666666666667,0.5683333333333334,0.59,0.6016666666666667,0.1316666666666666,0.1349999999999999
SK-MEL-2,Belumosudil (mesylate),LB-100,300,0.72,0.5433333333333333,0.5666666666666667,0.5183333333333333,0.5066666666666667,0.5666666666666667,0.15333333333333332,0.17666666666666664
SK-MEL-2,Belzutifan,Capmatinib,219,0.9041095890410958,0.6894977168949772,0.6118721461187215,0.636986301369863,0.541095890410959,0.6894977168949772,0.21461187214611865,0.21461187214611865
SK-MEL-2,Belzutifan,Oxaliplatin,300,0.7733333333333333,0.6,0.6,0.6283333333333334,0.595,0.6283333333333334,0.1449999999999999,0.17333333333333334
SK-MEL-2,Capmatinib,LY2090314,219,0.9041095890410958,0.6232876712328768,0.5981735159817352,0.5776255707762556,0.5365296803652968,0.6232876712328768,0.2808219178082191,0.2808219178082191
SK-MEL-2,EX229,Encorafenib,232,0.9568965517241379,0.8771551724137931,0.8556034482758621,0.8469827586206896,0.8383620689655172,0.8771551724137931,0.07974137931034475,0.07974137931034475
SK-MEL-2,Everolimus,RMC-6236,300,0.9366666666666666,0.5866666666666667,0.5916666666666667,0.635,0.5,0.635,0.30166666666666664,0.35
SK-MEL-2,GSK1059615,Pralsetinib,300,0.965,0.905,0.905,0.9083333333333333,0.9366666666666666,0.9366666666666666,0.02833333333333332,0.05999999999999994
SK-MEL-2,GSK1059615,venetoclax,250,0.964,0.828,0.886,0.9,0.904,0.904,0.05999999999999994,0.136
SK-MEL-2,HI-TOPK-032,MK-8353,300,0.915,0.6916666666666667,0.6783333333333333,0.685,0.5933333333333333,0.6916666666666667,0.22333333333333338,0.22333333333333338
SK-MEL-2,IQ 1,NVP-BHG712,263,0.8022813688212928,0.5570342205323193,0.5475285171102662,0.5247148288973384,0.5437262357414449,0.5570342205323193,0.24524714828897343,0.24524714828897343
SK-MEL-2,IQ 1,XRK3F2,263,0.7965779467680608,0.5247148288973384,0.5228136882129277,0.5532319391634981,0.526615969581749,0.5532319391634981,0.2433460076045627,0.27186311787072237
SK-MEL-2,PF-06260933,Regorafenib,300,0.9516666666666667,0.85,0.8666666666666667,0.8516666666666667,0.8233333333333334,0.8666666666666667,0.08499999999999996,0.10166666666666668
SK-MEL-2,Pemigatinib,Tomivosertib,300,0.71,0.6383333333333333,0.645,0.66,0.5033333333333333,0.66,0.04999999999999993,0.07166666666666666
SNU-1,9-ING-41,Temuterkib,300,0.6466666666666666,0.535,0.5349999999999999,0.5316666666666666,0.5116666666666667,0.535,0.11166666666666658,0.11166666666666658
SNU-1,AT7519,XRK3F2,130,0.7692307692307693,0.6346153846153846,0.6384615384615384,0.6384615384615384,0.6192307692307693,0.6384615384615384,0.13076923076923086,0.1346153846153847
SNU-1,AZD-8055,Bentamapimod,300,0.7833333333333333,0.5166666666666666,0.5166666666666667,0.515,0.5033333333333334,0.5166666666666667,0.2666666666666666,0.2666666666666667
SNU-1,AZD1390,Gemcitabine,246,0.6158536585365854,0.5447154471544715,0.5345528455284553,0.5345528455284553,0.5304878048780488,0.5447154471544715,0.07113821138211385,0.07113821138211385
SNU-1,Abemaciclib,DTP3,251,0.8944223107569721,0.7549800796812749,0.7529880478087649,0.5059760956175299,0.5,0.7549800796812749,0.1394422310756972,0.1394422310756972
SNU-1,Abemaciclib,LY2090314,300,0.9,0.7516666666666667,0.7633333333333333,0.5416666666666666,0.5,0.7633333333333333,0.13666666666666671,0.14833333333333332
SNU-1,Adagrasib,Vemurafenib,176,0.7045454545454546,0.5653409090909091,0.5681818181818182,0.5255681818181818,0.5426136363636364,0.5681818181818182,0.13636363636363635,0.13920454545454553
SNU-1,Anastrozole,Trametinib,277,0.8700361010830325,0.6028880866425993,0.6209386281588448,0.5144404332129964,0.5902527075812274,0.6209386281588448,0.2490974729241877,0.26714801444043323
SNU-1,BAY1125976,GSK1059615,300,0.8633333333333333,0.6433333333333333,0.645,0.5816666666666667,0.5933333333333334,0.645,0.21833333333333327,0.21999999999999997
SNU-1,BAY1125976,Pimitespib,177,0.7796610169491526,0.6045197740112994,0.5875706214689266,0.6214689265536724,0.6129943502824858,0.6214689265536724,0.1581920903954802,0.17514124293785316
SNU-1,BI-78D3,Pemigatinib,259,0.5675675675675675,0.5019305019305019,0.5038610038610039,0.5,0.5057915057915058,0.5057915057915058,0.061776061776061764,0.06563706563706562
SNU-1,Belumosudil (mesylate),CP21R7,223,0.6390134529147982,0.515695067264574,0.5089686098654709,0.5022421524663677,0.5134529147982063,0.515695067264574,0.12331838565022413,0.12331838565022413
SNU-1,CP21R7,Paclitaxel,223,0.6816143497757847,0.5224215246636771,0.5134529147982063,0.5179372197309418,0.5022421524663677,0.5224215246636771,0.15919282511210764,0.15919282511210764
SNU-1,Celecoxib,Methylprednisolone succinate,235,0.6617021276595745,0.5468085106382978,0.5446808510638298,0.5404255319148936,0.5212765957446809,0.5468085106382978,0.11489361702127665,0.11489361702127665
SNU-1,ETC-206,Pemigatinib,201,0.6094527363184079,0.5,0.5074626865671642,0.5174129353233831,0.5248756218905473,0.5248756218905473,0.08457711442786064,0.1094527363184079
SNU-1,Everolimus,Lapatinib ditosylate,300,0.645,0.5683333333333334,0.5616666666666666,0.5483333333333333,0.5233333333333333,0.5683333333333334,0.07666666666666666,0.07666666666666666
SNU-1,HI-TOPK-032,vincristine,123,0.8089430894308943,0.6016260162601625,0.6829268292682926,0.6788617886178862,0.6422764227642277,0.6829268292682926,0.1260162601626017,0.20731707317073178
SNU-1,LJI308,Oleic acid,201,0.6318407960199005,0.5199004975124378,0.5223880597014925,0.5049751243781094,0.5248756218905473,0.5248756218905473,0.10696517412935325,0.11194029850746268
SNU-1,Methylprednisolone succinate,Vemurafenib,235,0.7170212765957447,0.5595744680851064,0.551063829787234,0.5468085106382978,0.5191489361702127,0.5595744680851064,0.1574468085106383,0.1574468085106383
SNU-1,Ralimetinib dimesylate,Tubulin inhibitor 6,214,0.7336448598130841,0.602803738317757,0.6004672897196262,0.5420560747663551,0.5070093457943925,0.602803738317757,0.13084112149532712,0.13084112149532712
SNU-423,9-ING-41,Oleic acid,300,0.8433333333333334,0.5166666666666667,0.5083333333333333,0.5033333333333333,0.525,0.525,0.31833333333333336,0.32666666666666666
SNU-423,APTO-253,Bortezomib,170,0.9794117647058823,0.9529411764705882,0.9529411764705882,0.9588235294117647,0.95,0.9588235294117647,0.020588235294117574,0.026470588235294135
SNU-423,AZD-7648,OTS514,300,0.8983333333333333,0.5349999999999999,0.5333333333333333,0.5266666666666666,0.5283333333333333,0.5349999999999999,0.3633333333333334,0.3633333333333334
SNU-423,AZD1390,c-Kit-IN-1,300,0.9483333333333334,0.7283333333333333,0.755,0.7266666666666667,0.505,0.755,0.19333333333333336,0.22000000000000008
SNU-423,AZD2858,OTS514,234,0.8333333333333334,0.5576923076923077,0.5876068376068376,0.5662393162393162,0.5256410256410257,0.5876068376068376,0.24572649572649574,0.27564102564102566
SNU-423,Abemaciclib,Temuterkib,300,0.95,0.86,0.8633333333333333,0.87,0.82,0.87,0.07999999999999996,0.08999999999999997
SNU-423,Adagrasib,IQ 1,300,0.8066666666666666,0.59,0.5966666666666667,0.5983333333333334,0.5083333333333333,0.5983333333333334,0.20833333333333326,0.21666666666666667
SNU-423,BAY1125976,Tucatinib,300,0.8283333333333334,0.5683333333333334,0.5700000000000001,0.5466666666666666,0.5549999999999999,0.5700000000000001,0.2583333333333333,0.26
SNU-423,Capivasertib,MK-3903,300,0.8616666666666667,0.5066666666666667,0.5,0.545,0.5083333333333333,0.545,0.31666666666666665,0.355
SNU-423,DT-061,Irinotecan,300,0.7983333333333333,0.5166666666666666,0.5516666666666666,0.5516666666666667,0.5183333333333333,0.5516666666666667,0.2466666666666666,0.28166666666666673
SNU-423,Futibatinib,TAK-901,300,0.985,0.9633333333333334,0.9633333333333334,0.9716666666666667,0.9783333333333334,0.9783333333333334,0.006666666666666599,0.021666666666666612
SNU-423,HI-TOPK-032,IQ 1,300,0.96,0.795,0.7983333333333333,0.725,0.5083333333333333,0.7983333333333333,0.16166666666666663,0.16499999999999992
SNU-423,Hydroxyfasudil,ULK-101,300,0.695,0.5166666666666666,0.52,0.5266666666666666,0.505,0.5266666666666666,0.16833333333333333,0.17833333333333334
SNU-423,LB-100,Pemigatinib,300,0.69,0.5116666666666667,0.5116666666666667,0.5116666666666667,0.5016666666666667,0.5116666666666667,0.17833333333333323,0.17833333333333323
SNU-423,LY-2584702 (tosylate salt),SBI-0640756,300,0.9,0.525,0.5183333333333333,0.5033333333333333,0.515,0.525,0.375,0.375
SNU-423,LY2090314,Minodronic acid,300,0.8,0.5483333333333333,0.5549999999999999,0.52,0.565,0.565,0.2350000000000001,0.2516666666666667
SNU-423,MK-3903,Paclitaxel,300,0.8983333333333333,0.5416666666666667,0.555,0.535,0.5166666666666666,0.555,0.34333333333333327,0.3566666666666666
SNU-423,Oleic acid,Trametinib,300,0.9416666666666667,0.8533333333333334,0.8516666666666667,0.8866666666666667,0.51,0.8866666666666667,0.05499999999999994,0.08833333333333326
SNU-423,RMC-6236,SBI-0640756,300,0.9433333333333334,0.8133333333333334,0.8116666666666666,0.8633333333333333,0.8116666666666666,0.8633333333333333,0.08000000000000007,0.13
SNU-423,RMC-6236,palbociclib,300,0.9483333333333334,0.5633333333333334,0.5900000000000001,0.8433333333333334,0.5216666666666666,0.8433333333333334,0.10499999999999998,0.385
SW 1088,9-ING-41,Afatinib,210,0.75,0.5523809523809524,0.5404761904761904,0.5,0.5428571428571428,0.5523809523809524,0.19761904761904758,0.19761904761904758
SW 1088,9-ING-41,TAK-901,124,0.9798387096774194,0.967741935483871,0.967741935483871,0.9798387096774194,0.9838709677419355,0.9838709677419355,-0.0040322580645161255,0.012096774193548376
SW 1088,APTO-253,Encorafenib,130,0.8346153846153846,0.5153846153846153,0.5038461538461538,0.5076923076923077,0.5269230769230769,0.5269230769230769,0.3076923076923077,0.3192307692307693
SW 1088,AT7519,Afatinib,133,0.8609022556390977,0.5939849624060151,0.5488721804511278,0.5112781954887218,0.5075187969924813,0.5939849624060151,0.26691729323308266,0.26691729323308266
SW 1088,AZD-8055,Ralimetinib dimesylate,161,0.8416149068322981,0.5031055900621118,0.5186335403726707,0.5093167701863355,0.5217391304347826,0.5217391304347826,0.3198757763975155,0.33850931677018636
SW 1088,Abemaciclib,Ipatasertib,128,0.9375,0.6171875,0.515625,0.625,0.84375,0.84375,0.09375,0.3203125
SW 1088,Abemaciclib,Trametinib,128,0.9296875,0.671875,0.62890625,0.82421875,0.859375,0.859375,0.0703125,0.2578125
SW 1088,Afatinib,Temuterkib,125,0.808,0.5,0.504,0.524,0.552,0.552,0.256,0.30800000000000005
SW 1088,Anastrozole,Bimiralisib,102,0.946078431372549,0.5833333333333333,0.5196078431372548,0.5098039215686274,0.5098039215686274,0.5833333333333333,0.36274509803921573,0.36274509803921573
SW 1088,BAY1125976,RMC-6236,236,0.9597457627118644,0.8072033898305084,0.8177966101694916,0.875,0.8940677966101694,0.8940677966101694,0.06567796610169496,0.15254237288135597
SW 1088,BI-3406,LB-100,112,0.8258928571428571,0.5089285714285714,0.5267857142857143,0.5267857142857143,0.5267857142857143,0.5267857142857143,0.2991071428571428,0.3169642857142857
SW 1088,BI-78D3,Everolimus,223,0.6905829596412556,0.5672645739910314,0.5650224215246636,0.5672645739910314,0.5739910313901345,0.5739910313901345,0.11659192825112108,0.12331838565022424
SW 1088,Brivudine,Irinotecan,270,0.9703703703703703,0.6259259259259259,0.6259259259259259,0.6148148148148148,0.5111111111111111,0.6259259259259259,0.34444444444444444,0.34444444444444444
SW 1088,Dabrafenib,ML264,161,0.7111801242236024,0.6459627329192547,0.6490683229813665,0.639751552795031,0.5372670807453416,0.6490683229813665,0.06211180124223592,0.06521739130434778
SW 1088,ERK5-IN-2,Sapanisertib,250,0.884,0.52,0.552,0.5900000000000001,0.528,0.5900000000000001,0.29399999999999993,0.364
SW 1088,Infigratinib,Ralimetinib dimesylate,161,0.8291925465838509,0.5527950310559007,0.5652173913043479,0.5745341614906831,0.5496894409937888,0.5745341614906831,0.25465838509316774,0.2763975155279502
SW 1088,Irinotecan,palbociclib,108,0.7314814814814815,0.6111111111111112,0.5972222222222222,0.5509259259259259,0.5416666666666667,0.6111111111111112,0.12037037037037035,0.12037037037037035
SW 1088,ML264,RMC-6236,161,0.9099378881987578,0.5341614906832298,0.5403726708074534,0.5527950310559007,0.5124223602484472,0.5527950310559007,0.3571428571428571,0.37577639751552794
SW 1088,NVP-BHG712,Tucatinib,104,0.7211538461538461,0.5480769230769231,0.5769230769230769,0.5528846153846154,0.5625,0.5769230769230769,0.14423076923076927,0.17307692307692302
SW 1088,TAK-901,Vemurafenib,124,0.9798387096774194,0.9717741935483871,0.9717741935483871,0.967741935483871,0.9556451612903226,0.9717741935483871,0.008064516129032251,0.008064516129032251
SW 1271,9-ING-41,Bentamapimod,137,0.6715328467153284,0.5,0.5,0.5218978102189781,0.5109489051094891,0.5218978102189781,0.14963503649635035,0.17153284671532842
SW 1271,APTO-253,Lapatinib ditosylate,102,0.6862745098039216,0.5931372549019608,0.5882352941176471,0.5588235294117647,0.5490196078431373,0.5931372549019608,0.09313725490196079,0.09313725490196079
SW 1271,APTO-253,RMC-6236,102,0.9117647058823529,0.7745098039215687,0.7647058823529411,0.5245098039215687,0.5049019607843137,0.7745098039215687,0.13725490196078427,0.13725490196078427
SW 1271,APTO-253,TAK-901,102,0.9705882352941176,0.8725490196078431,0.8725490196078431,0.8774509803921569,0.9509803921568627,0.9509803921568627,0.019607843137254943,0.0980392156862745
SW 1271,AT7519,Gemcitabine,101,0.698019801980198,0.6089108910891089,0.5891089108910892,0.594059405940594,0.5841584158415842,0.6089108910891089,0.08910891089108908,0.08910891089108908
SW 1271,AT7519,Sapanisertib,114,0.7894736842105263,0.6491228070175439,0.6228070175438596,0.5043859649122807,0.631578947368421,0.6491228070175439,0.14035087719298245,0.14035087719298245
SW 1271,Afatinib,Bentamapimod,137,0.8905109489051095,0.5401459854014599,0.5364963503649636,0.6021897810218978,0.5328467153284672,0.6021897810218978,0.2883211678832117,0.35036496350364965
SW 1271,Afatinib,TAK-901,138,0.9927536231884058,0.8913043478260869,0.8913043478260869,0.8840579710144928,0.9891304347826086,0.9891304347826086,0.0036231884057971175,0.10144927536231885
SW 1271,BAY1125976,EX229,101,0.9306930693069307,0.8514851485148515,0.8415841584158416,0.8514851485148515,0.8564356435643564,0.8564356435643564,0.07425742574257432,0.07920792079207928
SW 1271,BAY1125976,Ipatasertib,202,0.9257425742574258,0.8589108910891089,0.8613861386138614,0.8688118811881188,0.8316831683168316,0.8688118811881188,0.05693069306930698,0.06683168316831689
SW 1271,BAY1125976,Temuterkib,142,0.778169014084507,0.75,0.7323943661971831,0.6654929577464789,0.5633802816901409,0.75,0.028169014084507005,0.028169014084507005
SW 1271,BI-3406,Bimiralisib,139,0.697841726618705,0.658273381294964,0.6546762589928057,0.5,0.525179856115108,0.658273381294964,0.03956834532374098,0.03956834532374098
SW 1271,BI-3406,Gemcitabine,101,0.7277227722772277,0.5891089108910891,0.5693069306930693,0.5297029702970297,0.6237623762376238,0.6237623762376238,0.10396039603960394,0.13861386138613863
SW 1271,BI-78D3,Sapanisertib,153,0.6830065359477124,0.5098039215686274,0.5032679738562091,0.5032679738562091,0.5,0.5098039215686274,0.17320261437908502,0.17320261437908502
SW 1271,Bentamapimod,Tucatinib,137,0.6094890510948905,0.5182481751824817,0.5182481751824818,0.5182481751824818,0.5218978102189781,0.5218978102189781,0.08759124087591241,0.09124087591240881
SW 1271,Brivudine,RMC-6236,216,0.9305555555555556,0.7800925925925926,0.7731481481481481,0.8009259259259259,0.7870370370370371,0.8009259259259259,0.12962962962962965,0.15046296296296302
SW 1271,EX229,Lapatinib ditosylate,101,0.905940594059406,0.7821782178217822,0.7326732673267327,0.6039603960396039,0.5792079207920793,0.7821782178217822,0.12376237623762376,0.12376237623762376
SW 1271,Irinotecan,Vemurafenib,145,0.7206896551724138,0.5689655172413793,0.5655172413793104,0.506896551724138,0.5689655172413793,0.5689655172413793,0.15172413793103445,0.15172413793103445
SW 1271,Lapatinib ditosylate,Tomivosertib,109,0.7522935779816514,0.5779816513761468,0.573394495412844,0.5045871559633027,0.6055045871559632,0.6055045871559632,0.1467889908256882,0.17431192660550465
SW 1271,Lapatinib ditosylate,Trametinib,109,0.8990825688073395,0.5504587155963303,0.5596330275229358,0.5321100917431192,0.5825688073394495,0.5825688073394495,0.31651376146789,0.3486238532110092
SW 900,4EGI-1,Regorafenib,300,0.8766666666666667,0.7666666666666667,0.7666666666666666,0.725,0.595,0.7666666666666667,0.10999999999999999,0.10999999999999999
SW 900,9-ING-41,XRK3F2,300,0.7283333333333334,0.5216666666666667,0.525,0.52,0.5383333333333333,0.5383333333333333,0.19000000000000006,0.20666666666666667
SW 900,AT7519,Bimiralisib,300,0.94,0.505,0.5483333333333333,0.515,0.84,0.84,0.09999999999999998,0.43499999999999994
SW 900,AT7519,Volasertib,300,0.6566666666666666,0.5433333333333333,0.54,0.5283333333333333,0.5,0.5433333333333333,0.11333333333333329,0.11333333333333329
SW 900,AZD2858,Bimiralisib,299,0.9364548494983278,0.5618729096989967,0.5735785953177257,0.5434782608695652,0.5117056856187291,0.5735785953177257,0.3628762541806021,0.3745819397993311
SW 900,Adagrasib,Oxaliplatin,300,0.59,0.5383333333333333,0.5416666666666666,0.5483333333333333,0.5433333333333333,0.5483333333333333,0.04166666666666663,0.05166666666666664
SW 900,Afatinib,LY2090314,300,0.9383333333333334,0.8049999999999999,0.7966666666666666,0.73,0.5033333333333333,0.8049999999999999,0.13333333333333341,0.13333333333333341
SW 900,BAY1125976,GSK1059615,300,0.925,0.7083333333333333,0.7150000000000001,0.6833333333333333,0.7,0.7150000000000001,0.20999999999999996,0.21666666666666679
SW 900,BAY1125976,HI-TOPK-032,300,0.9633333333333334,0.8466666666666667,0.8516666666666667,0.8733333333333333,0.9116666666666666,0.9116666666666666,0.05166666666666675,0.1166666666666667
SW 900,Bortezomib,Pimitespib,202,0.9628712871287128,0.905940594059406,0.9034653465346535,0.9207920792079208,0.8960396039603961,0.9207920792079208,0.042079207920792006,0.05693069306930687
SW 900,Brivudine,DTP3,300,0.9716666666666667,0.8766666666666667,0.8766666666666667,0.905,0.88,0.905,0.06666666666666665,0.09499999999999997
SW 900,Capivasertib,c-Kit-IN-1,300,0.9433333333333334,0.7983333333333333,0.7816666666666666,0.7783333333333333,0.795,0.7983333333333333,0.14500000000000002,0.14500000000000002
SW 900,ETC-206,Tubulin inhibitor 6,300,0.6466666666666666,0.525,0.525,0.51,0.5016666666666667,0.525,0.12166666666666659,0.12166666666666659
SW 900,Erdafitinib ,Pimitespib,282,0.7145390070921985,0.6028368794326241,0.6028368794326241,0.5673758865248226,0.5,0.6028368794326241,0.11170212765957444,0.11170212765957444
SW 900,Futibatinib,vincristine,300,0.8816666666666667,0.7766666666666666,0.7633333333333333,0.7616666666666667,0.7916666666666666,0.7916666666666666,0.09000000000000008,0.1050000000000001
SW 900,Ipatasertib,Sonidegib,260,0.8769230769230769,0.5557692307692308,0.5538461538461539,0.551923076923077,0.5076923076923077,0.5557692307692308,0.3211538461538461,0.3211538461538461
SW 900,LB-100,NVP-BHG712,300,0.8166666666666667,0.52,0.5366666666666666,0.5066666666666666,0.5,0.5366666666666666,0.28,0.29666666666666663
SW 900,Lapatinib ditosylate,XRK3F2,300,0.8666666666666667,0.5216666666666667,0.5283333333333333,0.5033333333333333,0.5,0.5283333333333333,0.3383333333333334,0.345
SW 900,PH-797804,olaparib,300,0.95,0.8583333333333333,0.8583333333333333,0.87,0.8533333333333334,0.87,0.07999999999999996,0.09166666666666667
SW 900,Ralimetinib dimesylate,venetoclax,300,0.965,0.9033333333333333,0.9033333333333333,0.95,0.935,0.95,0.015000000000000013,0.06166666666666665
SW1417,4EGI-1,Oleic acid,300,0.745,0.5216666666666667,0.52,0.5216666666666667,0.5166666666666667,0.5216666666666667,0.22333333333333327,0.22333333333333327
SW1417,APTO-253,Ralimetinib dimesylate,300,0.705,0.52,0.5233333333333333,0.51,0.535,0.535,0.16999999999999993,0.18499999999999994
SW1417,AT7519,Ralimetinib dimesylate,300,0.71,0.5383333333333333,0.535,0.5449999999999999,0.5433333333333333,0.5449999999999999,0.16500000000000004,0.17166666666666663
SW1417,AZD-7648,AZD2858,300,0.7866666666666666,0.5683333333333334,0.5716666666666667,0.5566666666666666,0.5533333333333333,0.5716666666666667,0.21499999999999997,0.21833333333333327
SW1417,AZD2858,Belzutifan,300,0.7483333333333333,0.5966666666666667,0.6,0.55,0.5866666666666667,0.6,0.14833333333333332,0.15166666666666662
SW1417,Adagrasib,Sapanisertib,300,0.8033333333333333,0.645,0.645,0.6333333333333333,0.6016666666666667,0.645,0.15833333333333333,0.15833333333333333
SW1417,Adagrasib,ULK-101,300,0.7,0.575,0.575,0.5800000000000001,0.5933333333333334,0.5933333333333334,0.10666666666666658,0.125
SW1417,BAY1125976,PF-06260933,300,0.91,0.5633333333333334,0.5483333333333333,0.5183333333333333,0.5766666666666667,0.5766666666666667,0.33333333333333337,0.3466666666666667
SW1417,Belumosudil (mesylate),Vemurafenib,300,0.7616666666666667,0.5549999999999999,0.55,0.5383333333333333,0.5,0.5549999999999999,0.20666666666666678,0.20666666666666678
SW1417,Binimetinib,vincristine,300,0.8483333333333334,0.7283333333333333,0.7,0.7133333333333334,0.5083333333333333,0.7283333333333333,0.1200000000000001,0.1200000000000001
SW1417,DT-061,Torkinib,300,0.655,0.5183333333333333,0.5316666666666666,0.5333333333333333,0.5016666666666667,0.5333333333333333,0.1216666666666667,0.13666666666666671
SW1417,DTP3,Elimusertib hydrochloride,300,0.8166666666666667,0.55,0.55,0.565,0.52,0.565,0.2516666666666667,0.2666666666666666
SW1417,ERK5-IN-2,GSK1059615,300,0.85,0.5383333333333333,0.54,0.5466666666666666,0.52,0.5466666666666666,0.30333333333333334,0.31166666666666665
SW1417,Encorafenib,NG25,300,0.9216666666666666,0.6666666666666666,0.6666666666666666,0.635,0.5,0.6666666666666666,0.255,0.255
SW1417,Everolimus,Ipatasertib,300,0.7766666666666666,0.5133333333333333,0.53,0.5183333333333333,0.5416666666666666,0.5416666666666666,0.235,0.2633333333333333
SW1417,HI-TOPK-032,Pimitespib,300,0.845,0.525,0.52,0.575,0.5033333333333334,0.575,0.27,0.31999999999999995
SW1417,Ipatasertib,PF-06260933,300,0.9266666666666666,0.7516666666666667,0.775,0.8133333333333334,0.5383333333333333,0.8133333333333334,0.11333333333333329,0.17499999999999993
SW1417,NG25,Volasertib,300,0.9,0.5616666666666666,0.5666666666666667,0.5483333333333333,0.56,0.5666666666666667,0.33333333333333337,0.3383333333333334
SW1417,Oleic acid,Temuterkib,300,0.7183333333333334,0.5783333333333334,0.575,0.595,0.5733333333333333,0.595,0.1233333333333334,0.14
SW1417,Ralimetinib dimesylate,Temuterkib,300,0.63,0.5383333333333333,0.5416666666666666,0.5116666666666667,0.5,0.5416666666666666,0.08833333333333337,0.09166666666666667
SW48,4EGI-1,Brivudine,238,0.957983193277311,0.8403361344537815,0.8403361344537815,0.8613445378151261,0.6680672268907564,0.8613445378151261,0.09663865546218486,0.11764705882352944
SW48,9-ING-41,Ralimetinib dimesylate,300,0.75,0.5366666666666666,0.5283333333333333,0.5483333333333333,0.5349999999999999,0.5483333333333333,0.20166666666666666,0.21333333333333337
SW48,APTO-253,Belumosudil (mesylate),250,0.718,0.644,0.642,0.646,0.602,0.646,0.07199999999999995,0.07399999999999995
SW48,AZD-7648,CP21R7,170,0.8352941176470589,0.5323529411764706,0.5352941176470588,0.5117647058823529,0.5411764705882354,0.5411764705882354,0.2941176470588235,0.30294117647058827
SW48,Abemaciclib,BAY1125976,300,0.9683333333333334,0.93,0.9166666666666666,0.9316666666666666,0.8983333333333333,0.9316666666666666,0.036666666666666736,0.03833333333333333
SW48,Anastrozole,Ralimetinib dimesylate,300,0.735,0.6,0.6033333333333334,0.6,0.6183333333333334,0.6183333333333334,0.11666666666666659,0.135
SW48,BAY1125976,Trametinib,300,0.9666666666666667,0.9166666666666666,0.92,0.945,0.85,0.945,0.021666666666666723,0.050000000000000044
SW48,Bentamapimod,LB-100,300,0.78,0.5549999999999999,0.555,0.5666666666666667,0.5533333333333333,0.5666666666666667,0.21333333333333337,0.2250000000000001
SW48,CP21R7,ML264,261,0.7145593869731801,0.5325670498084292,0.5325670498084292,0.524904214559387,0.5459770114942529,0.5459770114942529,0.16858237547892718,0.18199233716475094
SW48,DT-061,ETC-206,166,0.7198795180722891,0.572289156626506,0.5753012048192772,0.5692771084337349,0.5783132530120482,0.5783132530120482,0.14156626506024095,0.14759036144578308
SW48,Dabrafenib,Paclitaxel,300,0.6966666666666667,0.5666666666666667,0.565,0.55,0.5383333333333333,0.5666666666666667,0.13,0.13
SW48,ETC-206,Tubulin inhibitor 6,264,0.6060606060606061,0.5075757575757576,0.5511363636363636,0.5056818181818182,0.5189393939393939,0.5511363636363636,0.05492424242424243,0.09848484848484851
SW48,Elimusertib hydrochloride,Ixazomib,126,0.9047619047619048,0.8531746031746031,0.8412698412698413,0.8174603174603174,0.8492063492063492,0.8531746031746031,0.051587301587301626,0.051587301587301626
SW48,Everolimus,XRK3F2,300,0.775,0.605,0.6033333333333333,0.5766666666666667,0.5483333333333333,0.605,0.17000000000000004,0.17000000000000004
SW48,Ipatasertib,Vemurafenib,300,0.94,0.7883333333333333,0.79,0.8083333333333333,0.73,0.8083333333333333,0.1316666666666666,0.15166666666666662
SW48,Lapatinib ditosylate,Pemigatinib,267,0.6385767790262172,0.5168539325842696,0.5112359550561798,0.5205992509363296,0.5093632958801498,0.5205992509363296,0.1179775280898876,0.12172284644194764
SW48,NVP-BHG712,Sapanisertib,300,0.815,0.5533333333333333,0.6016666666666667,0.575,0.5349999999999999,0.6016666666666667,0.21333333333333326,0.2616666666666666
SW48,PH-797804,Pralsetinib,254,0.9901574803149606,0.9665354330708661,0.9665354330708661,0.9763779527559056,0.9803149606299213,0.9803149606299213,0.009842519685039353,0.023622047244094557
SW48,PH-797804,Torkinib,165,0.9848484848484849,0.9606060606060606,0.9575757575757575,0.9787878787878788,0.9757575757575757,0.9787878787878788,0.0060606060606061,0.024242424242424288
SW48,Tucatinib,XRK3F2,300,0.7216666666666667,0.5449999999999999,0.5483333333333333,0.54,0.5,0.5483333333333333,0.17333333333333334,0.17666666666666675
SW480,4EGI-1,Tubulin inhibitor 6,300,0.8083333333333333,0.5,0.5,0.5016666666666667,0.505,0.505,0.30333333333333334,0.30833333333333335
SW480,9-ING-41,Bimiralisib,300,0.8533333333333334,0.54,0.54,0.5383333333333333,0.54,0.54,0.31333333333333335,0.31333333333333335
SW480,APTO-253,LB-100,300,0.6633333333333333,0.5066666666666666,0.5066666666666666,0.5116666666666667,0.5116666666666667,0.5116666666666667,0.15166666666666662,0.15666666666666673
SW480,AT7519,Dabrafenib,300,0.7316666666666667,0.5433333333333333,0.5433333333333333,0.54,0.55,0.55,0.18166666666666664,0.18833333333333335
SW480,AZD1390,venetoclax,300,0.93,0.51,0.5083333333333333,0.5033333333333334,0.5166666666666667,0.5166666666666667,0.41333333333333333,0.42000000000000004
SW480,BAY1125976,Vemurafenib,300,0.985,0.5083333333333333,0.5083333333333333,0.5166666666666667,0.8033333333333333,0.8033333333333333,0.18166666666666664,0.4766666666666667
SW480,Belzutifan,Capmatinib,300,0.925,0.5166666666666666,0.5183333333333333,0.5266666666666666,0.525,0.5266666666666666,0.39833333333333343,0.40833333333333344
SW480,Belzutifan,Torkinib,300,0.8033333333333333,0.54,0.5383333333333333,0.5416666666666666,0.54,0.5416666666666666,0.2616666666666667,0.2633333333333333
SW480,Bentamapimod,RMC-6236,300,0.9483333333333334,0.51,0.51,0.5033333333333334,0.5033333333333333,0.51,0.43833333333333335,0.43833333333333335
SW480,Bentamapimod,Tomivosertib,300,0.7583333333333333,0.525,0.5266666666666666,0.5216666666666666,0.52,0.5266666666666666,0.2316666666666667,0.23333333333333328
SW480,Bortezomib,Pimitespib,300,0.9766666666666667,0.8116666666666666,0.81,0.8116666666666666,0.5,0.8116666666666666,0.16500000000000004,0.16500000000000004
SW480,EX229,Futibatinib,300,0.93,0.5066666666666667,0.5083333333333333,0.5066666666666666,0.5033333333333333,0.5083333333333333,0.42166666666666675,0.42333333333333334
SW480,Erdafitinib ,TAK-733,300,0.9333333333333333,0.55,0.5533333333333333,0.5616666666666666,0.5549999999999999,0.5616666666666666,0.3716666666666667,0.3833333333333333
SW480,GSK1059615,ML264,300,0.895,0.5483333333333333,0.5483333333333333,0.5533333333333333,0.5466666666666666,0.5533333333333333,0.3416666666666667,0.3466666666666667
SW480,Hydroxyfasudil,Temuterkib,300,0.66,0.505,0.5033333333333334,0.505,0.5033333333333333,0.505,0.15500000000000003,0.15500000000000003
SW480,Infigratinib,ML264,300,0.7616666666666667,0.55,0.5516666666666666,0.55,0.5483333333333333,0.5516666666666666,0.21000000000000008,0.21166666666666667
SW480,Irinotecan,Tucatinib,300,0.75,0.5333333333333333,0.5333333333333333,0.5216666666666666,0.5333333333333333,0.5333333333333333,0.21666666666666667,0.21666666666666667
SW480,LY-2584702 (tosylate salt),Methylprednisolone succinate,300,0.76,0.5883333333333334,0.5900000000000001,0.5783333333333334,0.5616666666666666,0.5900000000000001,0.16999999999999993,0.17166666666666663
SW480,LY-2584702 (tosylate salt),PF-06260933,300,0.9383333333333334,0.5683333333333334,0.5666666666666667,0.79,0.5483333333333333,0.79,0.14833333333333332,0.37
SW480,Methylprednisolone succinate,Paclitaxel,300,0.845,0.54,0.54,0.5366666666666666,0.5316666666666667,0.54,0.30499999999999994,0.30499999999999994
hTERT-HPNE,APTO-253,Pralsetinib,300,0.835,0.5966666666666667,0.6066666666666667,0.615,0.5533333333333333,0.615,0.21999999999999997,0.23833333333333329
hTERT-HPNE,AZD1390,ERK5-IN-2,300,0.8566666666666667,0.5449999999999999,0.5433333333333333,0.5233333333333333,0.5349999999999999,0.5449999999999999,0.31166666666666676,0.31166666666666676
hTERT-HPNE,Abemaciclib,Encorafenib,300,0.945,0.63,0.6266666666666667,0.6066666666666667,0.65,0.65,0.29499999999999993,0.31499999999999995
hTERT-HPNE,Abemaciclib,TAK-901,300,0.9866666666666667,0.9616666666666667,0.9633333333333334,0.9666666666666667,0.9633333333333334,0.9666666666666667,0.020000000000000018,0.025000000000000022
hTERT-HPNE,Adagrasib,Everolimus,242,0.7107438016528925,0.5123966942148761,0.5103305785123967,0.5103305785123967,0.5165289256198347,0.5165289256198347,0.19421487603305787,0.19834710743801642
hTERT-HPNE,Afatinib,NG25,300,0.9566666666666667,0.745,0.755,0.7616666666666667,0.855,0.855,0.10166666666666668,0.21166666666666667
hTERT-HPNE,Alpelisib,PH-797804,300,0.9783333333333334,0.88,0.88,0.9216666666666666,0.8983333333333333,0.9216666666666666,0.056666666666666754,0.09833333333333338
hTERT-HPNE,Anastrozole,Tubulin inhibitor 6,300,0.7033333333333334,0.5233333333333333,0.5216666666666667,0.5266666666666666,0.515,0.5266666666666666,0.17666666666666675,0.18000000000000005
hTERT-HPNE,Binimetinib,LJI308,278,0.7679856115107914,0.5431654676258992,0.5413669064748201,0.5485611510791366,0.5071942446043165,0.5485611510791366,0.21942446043165476,0.22482014388489213
hTERT-HPNE,ERK5-IN-2,Tomivosertib,300,0.825,0.5916666666666667,0.5933333333333334,0.5916666666666667,0.5783333333333334,0.5933333333333334,0.23166666666666658,0.23333333333333328
hTERT-HPNE,Elimusertib hydrochloride,Sonidegib,127,0.8110236220472441,0.6456692913385826,0.6377952755905512,0.6062992125984252,0.6023622047244095,0.6456692913385826,0.16535433070866146,0.16535433070866146
hTERT-HPNE,Elimusertib hydrochloride,Temuterkib,229,0.9519650655021834,0.6091703056768559,0.6091703056768558,0.611353711790393,0.868995633187773,0.868995633187773,0.08296943231441045,0.3427947598253275
hTERT-HPNE,Encorafenib,Pralsetinib,300,0.9533333333333334,0.6233333333333333,0.625,0.6133333333333333,0.555,0.625,0.32833333333333337,0.33000000000000007
hTERT-HPNE,Gemcitabine,Pemigatinib,300,0.5916666666666667,0.5166666666666667,0.5166666666666667,0.5233333333333333,0.5183333333333333,0.5233333333333333,0.06833333333333336,0.07499999999999996
hTERT-HPNE,Infigratinib,Regorafenib,300,0.9216666666666666,0.715,0.7183333333333334,0.685,0.7833333333333333,0.7833333333333333,0.1383333333333333,0.20666666666666667
hTERT-HPNE,LB-100,TAK-901,300,0.985,0.9616666666666667,0.9616666666666667,0.9783333333333333,0.9633333333333334,0.9783333333333333,0.00666666666666671,0.023333333333333317
hTERT-HPNE,LY2090314,Pimitespib,161,0.7298136645962733,0.6304347826086957,0.6304347826086957,0.6149068322981367,0.639751552795031,0.639751552795031,0.09006211180124224,0.0993788819875776
hTERT-HPNE,MK-8353,Tucatinib,300,0.6966666666666667,0.53,0.5316666666666666,0.51,0.515,0.5316666666666666,0.16500000000000004,0.16666666666666663
hTERT-HPNE,RMC-6236,Ralimetinib dimesylate,300,0.9466666666666667,0.8533333333333333,0.8483333333333334,0.8333333333333334,0.6283333333333334,0.8533333333333333,0.09333333333333338,0.09333333333333338
hTERT-HPNE,RMC-6236,ULK-101,222,0.9144144144144144,0.6666666666666667,0.6576576576576577,0.6351351351351351,0.5765765765765766,0.6666666666666667,0.24774774774774766,0.24774774774774766
