cell_line,drug,n_per_arm,A_sup,A_unsup,G
A-172,4EGI-1,300,0.9333333333333333,0.5933333333333334,0.33999999999999997
A-172,9-ING-41,300,0.7983333333333333,0.525,0.2733333333333333
A-172,APTO-253,300,0.7383333333333333,0.5333333333333333,0.20499999999999996
A-172,AT7519,300,0.7583333333333333,0.5416666666666666,0.21666666666666667
A-172,AZD-7648,300,0.84,0.5166666666666666,0.32333333333333336
A-172,AZD-8055,300,0.895,0.5183333333333333,0.3766666666666667
A-172,AZD1390,300,0.7816666666666666,0.5566666666666666,0.22499999999999998
A-172,AZD2858,300,0.725,0.5216666666666666,0.20333333333333337
A-172,Abemaciclib,300,0.945,0.6566666666666667,0.2883333333333332
A-172,Adagrasib,300,0.6566666666666666,0.5716666666666667,0.08499999999999996
A-172,Afatinib,300,0.9333333333333333,0.62,0.31333333333333335
A-172,Alpelisib,300,0.8333333333333334,0.5583333333333333,0.275
A-172,Anastrozole,300,0.7183333333333334,0.5333333333333333,0.18500000000000005
A-172,BAY1125976,300,0.9366666666666666,0.5016666666666667,0.43499999999999994
A-172,BI-3406,300,0.9316666666666666,0.53,0.4016666666666666
A-172,BI-78D3,300,0.7483333333333333,0.5383333333333333,0.20999999999999996
A-172,Belumosudil (mesylate),300,0.8966666666666666,0.6383333333333333,0.2583333333333333
A-172,Belzutifan,300,0.895,0.5316666666666667,0.3633333333333333
A-172,Bentamapimod,300,0.875,0.57,0.30500000000000005
A-172,Bimiralisib,300,0.97,0.845,0.125
A-172,Binimetinib,300,0.9566666666666667,0.66,0.29666666666666663
A-172,Bortezomib,300,0.985,0.9833333333333333,0.0016666666666667052
A-172,Brivudine,300,0.9883333333333333,0.94,0.04833333333333334
A-172,CP21R7,300,0.7433333333333333,0.5066666666666667,0.23666666666666658
A-172,Capivasertib,300,0.75,0.5349999999999999,0.21500000000000008
A-172,Capmatinib,300,0.8916666666666667,0.6483333333333333,0.2433333333333334
A-172,Celecoxib,300,0.715,0.5416666666666667,0.17333333333333323
A-172,DT-061,300,0.7833333333333333,0.5666666666666667,0.21666666666666667
A-172,DTP3,300,0.845,0.52,0.32499999999999996
A-172,Dabrafenib,300,0.8916666666666667,0.5116666666666667,0.38
A-172,ERK5-IN-2,300,0.9333333333333333,0.5616666666666666,0.3716666666666667
A-172,ETC-206,300,0.7333333333333333,0.5066666666666666,0.22666666666666668
A-172,EX229,300,0.9566666666666667,0.785,0.17166666666666663
A-172,Elimusertib hydrochloride,300,0.9383333333333334,0.5800000000000001,0.3583333333333333
A-172,Encorafenib,300,0.91,0.5449999999999999,0.3650000000000001
A-172,Erdafitinib ,300,0.7783333333333333,0.5283333333333333,0.25
A-172,Everolimus,300,0.755,0.5366666666666666,0.21833333333333338
A-172,Futibatinib,300,0.7933333333333333,0.6166666666666667,0.17666666666666664
A-172,GSK1059615,300,0.9583333333333334,0.805,0.15333333333333332
A-172,Gemcitabine,300,0.7216666666666667,0.5666666666666667,0.15500000000000003
A-172,HI-TOPK-032,300,0.9583333333333334,0.7466666666666667,0.21166666666666667
A-172,Hydroxyfasudil,300,0.795,0.6133333333333333,0.18166666666666675
A-172,IQ 1,300,0.8283333333333334,0.5083333333333333,0.32000000000000006
A-172,Infigratinib,300,0.8566666666666667,0.63,0.22666666666666668
A-172,Ipatasertib,300,0.8766666666666667,0.6,0.2766666666666667
A-172,Irinotecan,300,0.78,0.5733333333333334,0.20666666666666667
A-172,Ixazomib,300,0.9616666666666667,0.9066666666666666,0.05500000000000005
A-172,LB-100,300,0.7,0.5366666666666666,0.16333333333333333
A-172,LJI308,300,0.8333333333333334,0.6616666666666666,0.17166666666666675
A-172,LY-2584702 (tosylate salt),300,0.8366666666666667,0.6383333333333333,0.19833333333333336
A-172,LY2090314,300,0.76,0.5716666666666667,0.18833333333333335
A-172,Lapatinib ditosylate,300,0.7433333333333333,0.5333333333333333,0.20999999999999996
A-172,Lonafarnib,211,0.9928909952606635,0.9597156398104265,0.033175355450236976
A-172,MK-3903,300,0.8966666666666666,0.5133333333333333,0.3833333333333333
A-172,MK-8353,300,0.7233333333333334,0.5116666666666667,0.21166666666666667
A-172,ML264,300,0.8633333333333333,0.5283333333333333,0.33499999999999996
A-172,Methylprednisolone succinate,300,0.725,0.5283333333333333,0.19666666666666666
A-172,Minodronic acid,300,0.7616666666666667,0.5183333333333333,0.2433333333333334
A-172,NG25,300,0.9666666666666667,0.7566666666666667,0.20999999999999996
A-172,NVP-BHG712,300,0.8133333333333334,0.5033333333333334,0.30999999999999994
A-172,OTS514,300,0.8133333333333334,0.6616666666666666,0.15166666666666673
A-172,Oleic acid,300,0.7316666666666667,0.5116666666666667,0.21999999999999997
A-172,Oxaliplatin,300,0.7416666666666667,0.5283333333333333,0.21333333333333337
A-172,PF-06260933,300,0.8966666666666666,0.5083333333333333,0.3883333333333333
A-172,PH-797804,300,0.995,0.9533333333333334,0.04166666666666663
A-172,Paclitaxel,300,0.865,0.5666666666666667,0.29833333333333334
A-172,Pemigatinib,300,0.7283333333333334,0.5166666666666667,0.21166666666666667
A-172,Pimitespib,300,0.7166666666666667,0.5116666666666667,0.20499999999999996
A-172,Pralsetinib,300,0.935,0.7150000000000001,0.21999999999999997
A-172,RMC-6236,300,0.9716666666666667,0.9183333333333333,0.053333333333333344
A-172,Ralimetinib dimesylate,300,0.8366666666666667,0.5483333333333333,0.28833333333333333
A-172,Regorafenib,300,0.8183333333333334,0.57,0.2483333333333334
A-172,SBI-0640756,300,0.77,0.6483333333333333,0.1216666666666667
A-172,Sapanisertib,300,0.9483333333333334,0.6166666666666667,0.33166666666666667
A-172,Sonidegib,300,0.8733333333333333,0.6516666666666666,0.22166666666666668
A-172,TAK-733,300,0.945,0.5183333333333333,0.42666666666666664
A-172,TAK-901,300,0.99,0.9833333333333333,0.00666666666666671
A-172,Temuterkib,300,0.795,0.5133333333333333,0.28166666666666673
A-172,Tomivosertib,300,0.7716666666666666,0.6583333333333333,0.11333333333333329
A-172,Torkinib,300,0.7316666666666667,0.5816666666666667,0.15000000000000002
A-172,Trametinib,300,0.9816666666666667,0.8683333333333333,0.1133333333333334
A-172,Tubulin inhibitor 6,300,0.7366666666666667,0.515,0.22166666666666668
A-172,Tucatinib,300,0.7283333333333334,0.5216666666666666,0.20666666666666678
A-172,ULK-101,300,0.785,0.54,0.245
A-172,Vemurafenib,300,0.775,0.5166666666666666,0.2583333333333334
A-172,Volasertib,300,0.7283333333333334,0.5466666666666666,0.18166666666666675
A-172,XRK3F2,300,0.8533333333333334,0.505,0.3483333333333334
A-172,c-Kit-IN-1,300,0.9416666666666667,0.6433333333333333,0.29833333333333334
A-172,olaparib,300,0.8783333333333333,0.5683333333333334,0.30999999999999994
A-172,palbociclib,300,0.8833333333333333,0.53,0.3533333333333333
A-172,venetoclax,300,0.95,0.8316666666666667,0.11833333333333329
A-172,vincristine,300,0.9283333333333333,0.52,0.4083333333333333
A-427,4EGI-1,300,0.76,0.6283333333333333,0.1316666666666667
A-427,9-ING-41,300,0.825,0.6,0.22499999999999998
A-427,APTO-253,300,0.6483333333333333,0.52,0.1283333333333333
A-427,AT7519,300,0.6616666666666666,0.5016666666666667,0.15999999999999992
A-427,AZD-7648,300,0.8783333333333333,0.525,0.3533333333333333
A-427,AZD-8055,300,0.8033333333333333,0.6316666666666666,0.17166666666666675
A-427,AZD1390,300,0.7883333333333333,0.5133333333333333,0.275
A-427,AZD2858,241,0.6410788381742739,0.5,0.1410788381742739
A-427,Abemaciclib,300,0.88,0.61,0.27
A-427,Adagrasib,300,0.5716666666666667,0.5716666666666667,0.0
A-427,Afatinib,300,0.95,0.7783333333333333,0.17166666666666663
A-427,Alpelisib,300,0.8133333333333334,0.6133333333333333,0.20000000000000007
A-427,Anastrozole,300,0.6716666666666666,0.5466666666666666,0.125
A-427,BAY1125976,300,0.8983333333333333,0.7366666666666667,0.16166666666666663
A-427,BI-3406,300,0.92,0.7016666666666667,0.21833333333333338
A-427,BI-78D3,300,0.745,0.5233333333333333,0.22166666666666668
A-427,Belumosudil (mesylate),300,0.8066666666666666,0.5433333333333333,0.2633333333333333
A-427,Belzutifan,300,0.8083333333333333,0.6016666666666667,0.20666666666666667
A-427,Bentamapimod,300,0.7466666666666667,0.5683333333333334,0.17833333333333334
A-427,Bimiralisib,300,0.9833333333333333,0.8833333333333333,0.09999999999999998
A-427,Binimetinib,300,0.9516666666666667,0.695,0.2566666666666667
A-427,Brivudine,300,0.9616666666666667,0.8616666666666667,0.09999999999999998
A-427,CP21R7,300,0.69,0.53,0.15999999999999992
A-427,Capivasertib,300,0.64,0.5066666666666667,0.1333333333333333
A-427,Capmatinib,300,0.935,0.5983333333333334,0.33666666666666667
A-427,Celecoxib,300,0.6166666666666667,0.5166666666666666,0.10000000000000009
A-427,DT-061,300,0.76,0.52,0.24
A-427,DTP3,300,0.7383333333333333,0.5816666666666667,0.15666666666666662
A-427,Dabrafenib,300,0.8883333333333333,0.6366666666666667,0.2516666666666666
A-427,ERK5-IN-2,300,0.86,0.5316666666666667,0.32833333333333325
A-427,ETC-206,300,0.655,0.5066666666666667,0.14833333333333332
A-427,EX229,300,0.88,0.5083333333333333,0.3716666666666667
A-427,Elimusertib hydrochloride,272,0.9558823529411765,0.5477941176470589,0.40808823529411764
A-427,Encorafenib,300,0.94,0.7983333333333333,0.1416666666666666
A-427,Erdafitinib ,300,0.7266666666666667,0.5766666666666667,0.15000000000000002
A-427,Everolimus,300,0.6283333333333333,0.5016666666666667,0.1266666666666666
A-427,Futibatinib,300,0.7133333333333334,0.5716666666666667,0.14166666666666672
A-427,GSK1059615,171,0.9239766081871345,0.5614035087719298,0.36257309941520466
A-427,Gemcitabine,300,0.6816666666666666,0.515,0.16666666666666663
A-427,HI-TOPK-032,300,0.9216666666666666,0.605,0.31666666666666665
A-427,Hydroxyfasudil,300,0.7216666666666667,0.5616666666666666,0.16000000000000003
A-427,IQ 1,300,0.7733333333333333,0.5216666666666666,0.2516666666666667
A-427,Infigratinib,300,0.8433333333333334,0.6016666666666667,0.2416666666666667
A-427,Ipatasertib,300,0.83,0.6216666666666667,0.20833333333333326
A-427,Irinotecan,300,0.77,0.5683333333333334,0.20166666666666666
A-427,Ixazomib,251,0.8844621513944223,0.5876494023904382,0.29681274900398413
A-427,LB-100,300,0.6683333333333333,0.5166666666666666,0.15166666666666673
A-427,LJI308,300,0.73,0.6066666666666667,0.1233333333333333
A-427,LY-2584702 (tosylate salt),268,0.8097014925373134,0.6100746268656716,0.19962686567164178
A-427,LY2090314,300,0.61,0.5866666666666667,0.023333333333333317
A-427,Lapatinib ditosylate,300,0.6783333333333333,0.5533333333333333,0.125
A-427,Lonafarnib,171,0.9766081871345029,0.6578947368421053,0.3187134502923976
A-427,MK-3903,300,0.7816666666666666,0.5133333333333333,0.2683333333333333
A-427,MK-8353,300,0.6633333333333333,0.5383333333333333,0.125
A-427,ML264,300,0.77,0.56,0.20999999999999996
A-427,Methylprednisolone succinate,300,0.755,0.5033333333333334,0.2516666666666666
A-427,Minodronic acid,300,0.7166666666666667,0.53,0.18666666666666665
A-427,NG25,300,0.95,0.7183333333333334,0.23166666666666658
A-427,NVP-BHG712,300,0.7583333333333333,0.56,0.19833333333333325
A-427,OTS514,300,0.7516666666666667,0.5183333333333333,0.2333333333333334
A-427,Oleic acid,300,0.5933333333333334,0.5366666666666666,0.056666666666666754
A-427,Oxaliplatin,300,0.6516666666666666,0.515,0.1366666666666666
A-427,PF-06260933,300,0.8683333333333333,0.665,0.20333333333333325
A-427,PH-797804,171,0.9736842105263158,0.956140350877193,0.01754385964912286
A-427,Paclitaxel,300,0.875,0.57,0.30500000000000005
A-427,Pemigatinib,300,0.6533333333333333,0.5816666666666667,0.07166666666666666
A-427,Pimitespib,300,0.6666666666666666,0.5133333333333333,0.15333333333333332
A-427,Pralsetinib,300,0.8216666666666667,0.5316666666666667,0.2899999999999999
A-427,RMC-6236,300,0.9533333333333334,0.8033333333333333,0.15000000000000002
A-427,Ralimetinib dimesylate,300,0.7833333333333333,0.5716666666666667,0.21166666666666667
A-427,Regorafenib,300,0.8633333333333333,0.55,0.31333333333333324
A-427,SBI-0640756,300,0.6666666666666666,0.535,0.1316666666666666
A-427,Sapanisertib,300,0.8766666666666667,0.7616666666666667,0.11499999999999999
A-427,Sonidegib,282,0.7145390070921985,0.5886524822695036,0.1258865248226949
A-427,TAK-733,300,0.87,0.575,0.29500000000000004
A-427,TAK-901,154,0.9967532467532467,0.974025974025974,0.022727272727272707
A-427,Temuterkib,300,0.8233333333333334,0.5533333333333333,0.27
A-427,Tomivosertib,300,0.7333333333333333,0.5966666666666667,0.1366666666666666
A-427,Torkinib,194,0.7654639175257731,0.5489690721649485,0.21649484536082464
A-427,Trametinib,300,0.9616666666666667,0.8166666666666667,0.14500000000000002
A-427,Tubulin inhibitor 6,300,0.715,0.5466666666666666,0.16833333333333333
A-427,Tucatinib,300,0.7416666666666667,0.535,0.20666666666666667
A-427,ULK-101,300,0.735,0.5016666666666667,0.23333333333333328
A-427,Vemurafenib,300,0.7583333333333333,0.5666666666666667,0.19166666666666665
A-427,Volasertib,300,0.66,0.51,0.15000000000000002
A-427,XRK3F2,300,0.8466666666666667,0.6633333333333333,0.18333333333333335
A-427,c-Kit-IN-1,263,0.8555133079847909,0.6045627376425855,0.25095057034220536
A-427,olaparib,300,0.8133333333333334,0.5433333333333333,0.27
A-427,palbociclib,300,0.8266666666666667,0.56,0.2666666666666666
A-427,venetoclax,199,0.949748743718593,0.6432160804020101,0.3065326633165829
A-427,vincristine,300,0.8533333333333334,0.56,0.29333333333333333
A498,4EGI-1,300,0.825,0.5483333333333333,0.2766666666666666
A498,9-ING-41,300,0.7883333333333333,0.5566666666666666,0.2316666666666667
A498,APTO-253,300,0.7583333333333333,0.5316666666666666,0.22666666666666668
A498,AT7519,300,0.69,0.5133333333333333,0.17666666666666664
A498,AZD-7648,300,0.8866666666666667,0.61,0.2766666666666667
A498,AZD-8055,300,0.855,0.6516666666666666,0.20333333333333337
A498,AZD1390,300,0.7983333333333333,0.5016666666666667,0.29666666666666663
A498,AZD2858,253,0.717391304347826,0.5177865612648221,0.1996047430830039
A498,Abemaciclib,300,0.9316666666666666,0.7383333333333333,0.19333333333333336
A498,Adagrasib,300,0.6283333333333333,0.5916666666666667,0.036666666666666625
A498,Afatinib,300,0.8966666666666666,0.5966666666666667,0.29999999999999993
A498,Alpelisib,300,0.85,0.5883333333333334,0.2616666666666666
A498,Anastrozole,300,0.815,0.5416666666666666,0.2733333333333333
A498,BAY1125976,300,0.925,0.6133333333333333,0.31166666666666676
A498,BI-3406,300,0.8533333333333334,0.5416666666666667,0.31166666666666665
A498,BI-78D3,300,0.7583333333333333,0.5033333333333333,0.255
A498,Belumosudil (mesylate),300,0.8466666666666667,0.5349999999999999,0.31166666666666676
A498,Belzutifan,300,0.8916666666666667,0.5433333333333333,0.3483333333333334
A498,Bentamapimod,300,0.8616666666666667,0.6116666666666667,0.25
A498,Bimiralisib,300,0.9083333333333333,0.7183333333333334,0.18999999999999995
A498,Binimetinib,300,0.885,0.6983333333333333,0.18666666666666676
A498,Bortezomib,182,0.9835164835164835,0.9862637362637363,-0.0027472527472528485
A498,Brivudine,300,0.9766666666666667,0.955,0.021666666666666723
A498,CP21R7,300,0.6966666666666667,0.5116666666666667,0.18499999999999994
A498,Capivasertib,300,0.705,0.515,0.18999999999999995
A498,Capmatinib,300,0.81,0.5666666666666667,0.2433333333333334
A498,Celecoxib,300,0.6616666666666666,0.52,0.1416666666666666
A498,DT-061,300,0.8166666666666667,0.5716666666666667,0.245
A498,DTP3,300,0.8283333333333334,0.5633333333333334,0.265
A498,Dabrafenib,300,0.8883333333333333,0.595,0.29333333333333333
A498,ERK5-IN-2,300,0.8983333333333333,0.6216666666666667,0.2766666666666666
A498,ETC-206,300,0.7266666666666667,0.5283333333333333,0.19833333333333336
A498,EX229,300,0.9616666666666667,0.56,0.4016666666666666
A498,Elimusertib hydrochloride,300,0.895,0.5216666666666666,0.3733333333333334
A498,Encorafenib,300,0.9033333333333333,0.6366666666666667,0.2666666666666666
A498,Erdafitinib ,300,0.7933333333333333,0.5033333333333334,0.2899999999999999
A498,Everolimus,300,0.7133333333333334,0.5333333333333333,0.18000000000000005
A498,Futibatinib,300,0.7583333333333333,0.5916666666666667,0.16666666666666663
A498,GSK1059615,300,0.945,0.6066666666666667,0.33833333333333326
A498,Gemcitabine,300,0.7116666666666667,0.5016666666666667,0.20999999999999996
A498,HI-TOPK-032,300,0.94,0.5133333333333333,0.42666666666666664
A498,Hydroxyfasudil,300,0.665,0.5033333333333334,0.16166666666666663
A498,IQ 1,300,0.8,0.505,0.29500000000000004
A498,Infigratinib,300,0.8416666666666667,0.5066666666666666,0.3350000000000001
A498,Ipatasertib,300,0.875,0.5583333333333333,0.31666666666666665
A498,Irinotecan,300,0.8166666666666667,0.53,0.2866666666666666
A498,Ixazomib,300,0.93,0.605,0.32500000000000007
A498,LB-100,300,0.6666666666666666,0.51,0.15666666666666662
A498,LJI308,300,0.765,0.5633333333333334,0.20166666666666666
A498,LY-2584702 (tosylate salt),300,0.79,0.5633333333333334,0.22666666666666668
A498,LY2090314,300,0.7216666666666667,0.6033333333333334,0.11833333333333329
A498,Lapatinib ditosylate,300,0.71,0.5866666666666667,0.1233333333333333
A498,Lonafarnib,300,0.975,0.5616666666666666,0.41333333333333333
A498,MK-3903,300,0.8316666666666667,0.5666666666666667,0.265
A498,MK-8353,300,0.7083333333333334,0.5066666666666667,0.20166666666666666
A498,ML264,300,0.8066666666666666,0.52,0.2866666666666666
A498,Methylprednisolone succinate,300,0.6816666666666666,0.5033333333333333,0.17833333333333334
A498,Minodronic acid,300,0.7466666666666667,0.5433333333333333,0.20333333333333337
A498,NG25,300,0.925,0.5383333333333333,0.3866666666666667
A498,NVP-BHG712,300,0.83,0.58,0.25
A498,OTS514,300,0.8166666666666667,0.535,0.2816666666666666
A498,Oleic acid,300,0.7366666666666667,0.5216666666666666,0.21500000000000008
A498,Oxaliplatin,300,0.7133333333333334,0.5166666666666666,0.19666666666666677
A498,PF-06260933,300,0.9183333333333333,0.7033333333333334,0.21499999999999997
A498,PH-797804,300,0.9166666666666666,0.6066666666666667,0.30999999999999994
A498,Paclitaxel,300,0.8733333333333333,0.5383333333333333,0.33499999999999996
A498,Pemigatinib,300,0.75,0.5266666666666666,0.22333333333333338
A498,Pimitespib,300,0.8866666666666667,0.5283333333333333,0.3583333333333334
A498,Pralsetinib,300,0.91,0.5066666666666666,0.40333333333333343
A498,RMC-6236,300,0.9166666666666666,0.6733333333333333,0.2433333333333333
A498,Ralimetinib dimesylate,300,0.8233333333333334,0.6016666666666667,0.22166666666666668
A498,Regorafenib,300,0.7983333333333333,0.5583333333333333,0.24
A498,SBI-0640756,300,0.8033333333333333,0.5383333333333333,0.265
A498,Sapanisertib,300,0.9333333333333333,0.56,0.3733333333333333
A498,Sonidegib,300,0.7766666666666666,0.6066666666666667,0.16999999999999993
A498,TAK-733,300,0.9716666666666667,0.865,0.10666666666666669
A498,TAK-901,300,0.9883333333333333,0.96,0.02833333333333332
A498,Temuterkib,300,0.8483333333333334,0.6283333333333334,0.21999999999999997
A498,Tomivosertib,300,0.7283333333333334,0.5916666666666667,0.13666666666666671
A498,Torkinib,272,0.7334558823529411,0.5036764705882353,0.22977941176470584
A498,Trametinib,300,0.8966666666666666,0.6066666666666667,0.2899999999999999
A498,Tubulin inhibitor 6,300,0.63,0.515,0.11499999999999999
A498,Tucatinib,300,0.835,0.6066666666666667,0.22833333333333328
A498,ULK-101,300,0.73,0.5433333333333333,0.18666666666666665
A498,Vemurafenib,300,0.785,0.6,0.18500000000000005
A498,Volasertib,300,0.7433333333333333,0.515,0.22833333333333328
A498,XRK3F2,300,0.8,0.6,0.20000000000000007
A498,c-Kit-IN-1,300,0.9633333333333334,0.5033333333333333,0.4600000000000001
A498,olaparib,300,0.7916666666666666,0.5233333333333333,0.2683333333333333
A498,palbociclib,300,0.84,0.6383333333333333,0.20166666666666666
A498,venetoclax,300,0.9566666666666667,0.5833333333333334,0.3733333333333333
A498,vincristine,300,0.8666666666666667,0.52,0.3466666666666667
A549,4EGI-1,300,0.77,0.5433333333333333,0.22666666666666668
A549,9-ING-41,300,0.7516666666666667,0.5449999999999999,0.20666666666666678
A549,APTO-253,300,0.715,0.5483333333333333,0.16666666666666663
A549,AT7519,300,0.5983333333333334,0.5333333333333333,0.06500000000000006
A549,AZD-7648,300,0.875,0.6133333333333333,0.2616666666666667
A549,AZD-8055,300,0.8416666666666667,0.6,0.2416666666666667
A549,AZD1390,300,0.7816666666666666,0.5033333333333334,0.2783333333333332
A549,AZD2858,300,0.695,0.5383333333333333,0.15666666666666662
A549,Abemaciclib,300,0.9333333333333333,0.6916666666666667,0.2416666666666667
A549,Adagrasib,300,0.59,0.5283333333333333,0.06166666666666665
A549,Afatinib,300,0.9216666666666666,0.66,0.2616666666666666
A549,Alpelisib,300,0.8583333333333333,0.5766666666666667,0.2816666666666666
A549,Anastrozole,300,0.7533333333333333,0.5066666666666666,0.2466666666666667
A549,BAY1125976,300,0.8766666666666667,0.62,0.2566666666666667
A549,BI-3406,300,0.9233333333333333,0.5883333333333334,0.33499999999999996
A549,BI-78D3,300,0.7016666666666667,0.535,0.16666666666666663
A549,Belumosudil (mesylate),300,0.765,0.5566666666666666,0.20833333333333337
A549,Belzutifan,300,0.9116666666666666,0.57,0.3416666666666667
A549,Bentamapimod,300,0.79,0.5366666666666666,0.2533333333333334
A549,Bimiralisib,300,0.9566666666666667,0.7233333333333334,0.23333333333333328
A549,Binimetinib,300,0.9166666666666666,0.665,0.2516666666666666
A549,Bortezomib,300,0.9966666666666667,0.9283333333333333,0.06833333333333336
A549,Brivudine,300,0.9866666666666667,0.8483333333333334,0.1383333333333333
A549,CP21R7,300,0.7183333333333334,0.56,0.15833333333333333
A549,Capivasertib,300,0.71,0.5083333333333333,0.20166666666666666
A549,Capmatinib,300,0.8666666666666667,0.5233333333333333,0.3433333333333334
A549,Celecoxib,300,0.6433333333333333,0.5316666666666667,0.11166666666666658
A549,DT-061,300,0.7916666666666666,0.575,0.21666666666666667
A549,DTP3,300,0.725,0.5516666666666667,0.17333333333333323
A549,Dabrafenib,300,0.82,0.6166666666666667,0.20333333333333325
A549,ERK5-IN-2,300,0.825,0.5466666666666666,0.2783333333333333
A549,ETC-206,300,0.6916666666666667,0.505,0.18666666666666665
A549,EX229,300,0.945,0.63,0.31499999999999995
A549,Elimusertib hydrochloride,300,0.9433333333333334,0.5466666666666666,0.3966666666666667
A549,Encorafenib,300,0.875,0.615,0.26
A549,Erdafitinib ,300,0.74,0.57,0.17000000000000004
A549,Everolimus,300,0.7083333333333334,0.5033333333333334,0.20499999999999996
A549,Futibatinib,300,0.7616666666666667,0.6583333333333333,0.10333333333333339
A549,GSK1059615,300,0.9066666666666666,0.5549999999999999,0.3516666666666667
A549,Gemcitabine,300,0.7233333333333334,0.5416666666666667,0.18166666666666664
A549,HI-TOPK-032,300,0.89,0.69,0.20000000000000007
A549,Hydroxyfasudil,300,0.6633333333333333,0.5033333333333334,0.15999999999999992
A549,IQ 1,300,0.77,0.5383333333333333,0.2316666666666667
A549,Infigratinib,300,0.78,0.5116666666666667,0.2683333333333333
A549,Ipatasertib,300,0.8283333333333334,0.5116666666666667,0.31666666666666665
A549,Irinotecan,300,0.7566666666666667,0.5133333333333333,0.2433333333333334
A549,Ixazomib,300,0.9166666666666666,0.61,0.30666666666666664
A549,LB-100,300,0.6666666666666666,0.5083333333333333,0.15833333333333333
A549,LJI308,300,0.7266666666666667,0.5233333333333333,0.20333333333333337
A549,LY-2584702 (tosylate salt),222,0.7319819819819819,0.5337837837837838,0.19819819819819817
A549,LY2090314,300,0.6966666666666667,0.6316666666666667,0.06499999999999995
A549,Lapatinib ditosylate,300,0.685,0.5283333333333333,0.15666666666666673
A549,Lonafarnib,300,0.9766666666666667,0.8566666666666667,0.12
A549,MK-3903,300,0.8,0.555,0.245
A549,MK-8353,300,0.6616666666666666,0.5233333333333333,0.1383333333333333
A549,ML264,300,0.75,0.5333333333333333,0.21666666666666667
A549,Methylprednisolone succinate,300,0.6433333333333333,0.505,0.1383333333333333
A549,Minodronic acid,300,0.71,0.5333333333333333,0.17666666666666664
A549,NG25,300,0.9166666666666666,0.78,0.1366666666666666
A549,NVP-BHG712,300,0.7183333333333334,0.5666666666666667,0.15166666666666673
A549,OTS514,300,0.7733333333333333,0.5883333333333334,0.18499999999999994
A549,Oleic acid,300,0.7166666666666667,0.5766666666666667,0.14
A549,Oxaliplatin,300,0.7066666666666667,0.53,0.17666666666666664
A549,PF-06260933,300,0.805,0.5083333333333333,0.29666666666666675
A549,PH-797804,300,0.9283333333333333,0.7933333333333333,0.135
A549,Paclitaxel,300,0.835,0.5466666666666666,0.28833333333333333
A549,Pemigatinib,300,0.6533333333333333,0.5833333333333333,0.07000000000000006
A549,Pimitespib,300,0.7866666666666666,0.5016666666666667,0.2849999999999999
A549,Pralsetinib,300,0.8633333333333333,0.555,0.30833333333333324
A549,RMC-6236,300,0.9666666666666667,0.7333333333333334,0.23333333333333328
A549,Ralimetinib dimesylate,300,0.7966666666666666,0.55,0.2466666666666666
A549,Regorafenib,300,0.7883333333333333,0.5083333333333333,0.28
A549,SBI-0640756,300,0.7316666666666667,0.5166666666666666,0.21500000000000008
A549,Sapanisertib,300,0.84,0.6133333333333333,0.22666666666666668
A549,Sonidegib,300,0.6466666666666666,0.565,0.08166666666666667
A549,TAK-733,300,0.93,0.7783333333333333,0.15166666666666673
A549,TAK-901,300,0.9966666666666667,0.9883333333333333,0.008333333333333415
A549,Temuterkib,300,0.8066666666666666,0.6066666666666667,0.19999999999999996
A549,Tomivosertib,300,0.69,0.595,0.09499999999999997
A549,Torkinib,300,0.7566666666666667,0.5033333333333334,0.2533333333333333
A549,Trametinib,300,0.965,0.7033333333333334,0.2616666666666666
A549,Tubulin inhibitor 6,300,0.685,0.5016666666666667,0.18333333333333335
A549,Tucatinib,300,0.7383333333333333,0.5016666666666667,0.23666666666666658
A549,ULK-101,300,0.7033333333333334,0.5083333333333333,0.19500000000000006
A549,Vemurafenib,300,0.73,0.5466666666666666,0.18333333333333335
A549,Volasertib,300,0.6433333333333333,0.5366666666666666,0.10666666666666669
A549,XRK3F2,300,0.785,0.595,0.19000000000000006
A549,c-Kit-IN-1,300,0.9283333333333333,0.6733333333333333,0.255
A549,olaparib,300,0.7466666666666667,0.5116666666666667,0.235
A549,palbociclib,300,0.8433333333333334,0.6233333333333333,0.22000000000000008
A549,venetoclax,300,0.945,0.8283333333333334,0.11666666666666659
A549,vincristine,300,0.82,0.6733333333333333,0.1466666666666666
AN3 CA,4EGI-1,150,0.6866666666666666,0.56,0.1266666666666666
AN3 CA,9-ING-41,300,0.7333333333333333,0.5933333333333333,0.14
AN3 CA,APTO-253,300,0.6016666666666667,0.5916666666666667,0.010000000000000009
AN3 CA,AZD-7648,280,0.6607142857142857,0.5964285714285714,0.06428571428571428
AN3 CA,AZD-8055,233,0.7274678111587983,0.5708154506437768,0.15665236051502152
AN3 CA,AZD1390,205,0.6853658536585366,0.5195121951219512,0.1658536585365854
AN3 CA,AZD2858,139,0.5035971223021583,0.60431654676259,-0.1007194244604317
AN3 CA,Abemaciclib,297,0.7794612794612794,0.5942760942760943,0.18518518518518512
AN3 CA,Adagrasib,155,0.5870967741935483,0.567741935483871,0.019354838709677358
AN3 CA,Afatinib,300,0.8233333333333334,0.605,0.21833333333333338
AN3 CA,Alpelisib,102,0.6372549019607843,0.5343137254901961,0.1029411764705882
AN3 CA,Anastrozole,287,0.5679442508710801,0.5487804878048781,0.019163763066202044
AN3 CA,BAY1125976,259,0.8243243243243243,0.581081081081081,0.2432432432432433
AN3 CA,BI-3406,300,0.7183333333333334,0.525,0.19333333333333336
AN3 CA,BI-78D3,300,0.6666666666666666,0.5816666666666667,0.08499999999999996
AN3 CA,Belumosudil (mesylate),195,0.6897435897435897,0.5897435897435898,0.09999999999999998
AN3 CA,Belzutifan,205,0.7439024390243902,0.5975609756097561,0.14634146341463417
AN3 CA,Bentamapimod,264,0.7140151515151515,0.5871212121212122,0.12689393939393934
AN3 CA,Bimiralisib,156,0.7724358974358975,0.5352564102564102,0.23717948717948723
AN3 CA,Binimetinib,119,0.7563025210084033,0.5504201680672269,0.2058823529411764
AN3 CA,Brivudine,195,0.8461538461538461,0.5102564102564102,0.3358974358974359
AN3 CA,CP21R7,160,0.659375,0.559375,0.10000000000000009
AN3 CA,Capivasertib,122,0.5614754098360656,0.5532786885245902,0.008196721311475419
AN3 CA,Capmatinib,164,0.725609756097561,0.5152439024390244,0.21036585365853655
AN3 CA,Celecoxib,271,0.5811808118081181,0.5682656826568265,0.01291512915129156
AN3 CA,DT-061,176,0.6306818181818182,0.5710227272727273,0.05965909090909094
AN3 CA,DTP3,115,0.5739130434782609,0.508695652173913,0.0652173913043479
AN3 CA,Dabrafenib,300,0.7616666666666667,0.605,0.15666666666666673
AN3 CA,ERK5-IN-2,300,0.8316666666666667,0.5783333333333334,0.2533333333333333
AN3 CA,ETC-206,276,0.5978260869565217,0.5887681159420289,0.009057971014492794
AN3 CA,EX229,117,0.7948717948717948,0.5,0.2948717948717948
AN3 CA,Elimusertib hydrochloride,147,0.7993197278911565,0.5238095238095238,0.2755102040816326
AN3 CA,Encorafenib,300,0.815,0.6566666666666667,0.15833333333333321
AN3 CA,Erdafitinib ,300,0.575,0.5549999999999999,0.020000000000000018
AN3 CA,Everolimus,300,0.6033333333333334,0.5083333333333333,0.09500000000000008
AN3 CA,Futibatinib,145,0.6344827586206897,0.5482758620689655,0.0862068965517242
AN3 CA,Gemcitabine,294,0.608843537414966,0.5068027210884354,0.10204081632653061
AN3 CA,HI-TOPK-032,300,0.7283333333333334,0.5466666666666666,0.18166666666666675
AN3 CA,Hydroxyfasudil,113,0.6327433628318584,0.5486725663716814,0.08407079646017701
AN3 CA,Infigratinib,148,0.6486486486486487,0.5371621621621622,0.11148648648648651
AN3 CA,Ipatasertib,253,0.8221343873517787,0.5711462450592886,0.2509881422924901
AN3 CA,Irinotecan,300,0.62,0.5033333333333333,0.1166666666666667
AN3 CA,Ixazomib,257,0.6964980544747081,0.6089494163424125,0.08754863813229563
AN3 CA,LB-100,289,0.596885813148789,0.5553633217993079,0.04152249134948105
AN3 CA,LY2090314,300,0.67,0.635,0.03500000000000003
AN3 CA,Lapatinib ditosylate,300,0.5783333333333334,0.5616666666666666,0.01666666666666672
AN3 CA,MK-3903,164,0.7103658536585366,0.5396341463414634,0.1707317073170731
AN3 CA,MK-8353,137,0.5218978102189781,0.5109489051094891,0.010948905109488982
AN3 CA,ML264,300,0.7183333333333334,0.6116666666666667,0.10666666666666669
AN3 CA,Methylprednisolone succinate,300,0.5316666666666666,0.51,0.021666666666666612
AN3 CA,Minodronic acid,246,0.6239837398373984,0.5691056910569106,0.054878048780487854
AN3 CA,NG25,183,0.8387978142076503,0.5546448087431695,0.28415300546448086
AN3 CA,NVP-BHG712,209,0.6435406698564593,0.569377990430622,0.07416267942583732
AN3 CA,Oleic acid,252,0.5138888888888888,0.5694444444444444,-0.05555555555555558
AN3 CA,Oxaliplatin,198,0.5732323232323232,0.5328282828282829,0.04040404040404033
AN3 CA,PF-06260933,197,0.8375634517766497,0.5812182741116751,0.25634517766497456
AN3 CA,Paclitaxel,300,0.7783333333333333,0.6,0.17833333333333334
AN3 CA,Pemigatinib,119,0.6260504201680672,0.6008403361344538,0.025210084033613467
AN3 CA,Pimitespib,158,0.5949367088607594,0.5411392405063291,0.05379746835443033
AN3 CA,Pralsetinib,218,0.7018348623853211,0.5412844036697247,0.16055045871559637
AN3 CA,RMC-6236,300,0.855,0.6183333333333334,0.23666666666666658
AN3 CA,Ralimetinib dimesylate,234,0.6346153846153846,0.5769230769230769,0.05769230769230771
AN3 CA,Regorafenib,237,0.6603375527426161,0.5527426160337553,0.10759493670886078
AN3 CA,SBI-0640756,156,0.5993589743589743,0.5384615384615384,0.0608974358974359
AN3 CA,Sapanisertib,300,0.82,0.5433333333333333,0.2766666666666666
AN3 CA,TAK-733,300,0.8133333333333334,0.6033333333333334,0.20999999999999996
AN3 CA,TAK-901,200,0.965,0.5025,0.4625
AN3 CA,Temuterkib,300,0.7316666666666667,0.585,0.14666666666666672
AN3 CA,Tomivosertib,282,0.6648936170212766,0.5390070921985816,0.12588652482269502
AN3 CA,Trametinib,244,0.8401639344262295,0.5307377049180327,0.30942622950819676
AN3 CA,Tubulin inhibitor 6,188,0.6276595744680851,0.5452127659574468,0.08244680851063824
AN3 CA,Tucatinib,274,0.6094890510948905,0.5255474452554745,0.08394160583941601
AN3 CA,Vemurafenib,300,0.6433333333333333,0.5633333333333334,0.07999999999999996
AN3 CA,Volasertib,170,0.5705882352941176,0.5852941176470587,-0.014705882352941124
AN3 CA,XRK3F2,300,0.7166666666666667,0.6116666666666667,0.10499999999999998
AN3 CA,c-Kit-IN-1,230,0.7891304347826087,0.5173913043478261,0.2717391304347826
AN3 CA,olaparib,300,0.6683333333333333,0.55,0.11833333333333329
AN3 CA,palbociclib,220,0.6840909090909091,0.5704545454545454,0.11363636363636365
AN3 CA,venetoclax,202,0.8193069306930693,0.5717821782178217,0.24752475247524752
AN3 CA,vincristine,168,0.8273809523809523,0.5565476190476191,0.27083333333333326
AsPC-1,4EGI-1,300,0.8683333333333333,0.6716666666666666,0.19666666666666666
AsPC-1,9-ING-41,300,0.7416666666666667,0.5166666666666666,0.2250000000000001
AsPC-1,APTO-253,300,0.7616666666666667,0.54,0.22166666666666668
AsPC-1,AT7519,300,0.7366666666666667,0.5016666666666667,0.235
AsPC-1,AZD-7648,300,0.9216666666666666,0.8633333333333333,0.05833333333333335
AsPC-1,AZD-8055,300,0.9266666666666666,0.8833333333333333,0.043333333333333335
AsPC-1,AZD1390,300,0.81,0.5083333333333333,0.30166666666666675
AsPC-1,AZD2858,300,0.6866666666666666,0.5033333333333333,0.18333333333333335
AsPC-1,Abemaciclib,300,0.9433333333333334,0.7483333333333333,0.19500000000000006
AsPC-1,Adagrasib,300,0.68,0.5483333333333333,0.1316666666666667
AsPC-1,Afatinib,300,0.9583333333333334,0.9316666666666666,0.026666666666666727
AsPC-1,Alpelisib,300,0.9616666666666667,0.8966666666666666,0.06500000000000006
AsPC-1,Anastrozole,300,0.755,0.55,0.20499999999999996
AsPC-1,BAY1125976,300,0.935,0.8516666666666667,0.08333333333333337
AsPC-1,BI-3406,300,0.9533333333333334,0.9016666666666666,0.05166666666666675
AsPC-1,BI-78D3,300,0.7433333333333333,0.525,0.21833333333333327
AsPC-1,Belumosudil (mesylate),300,0.795,0.645,0.15000000000000002
AsPC-1,Belzutifan,300,0.91,0.5016666666666667,0.4083333333333333
AsPC-1,Bentamapimod,300,0.8216666666666667,0.6183333333333334,0.20333333333333325
AsPC-1,Bimiralisib,300,0.9683333333333334,0.9133333333333333,0.05500000000000005
AsPC-1,Binimetinib,300,0.9533333333333334,0.9233333333333333,0.030000000000000027
AsPC-1,Bortezomib,300,0.9833333333333333,0.9483333333333334,0.03499999999999992
AsPC-1,Brivudine,300,0.975,0.9016666666666666,0.07333333333333336
AsPC-1,CP21R7,300,0.7233333333333334,0.52,0.20333333333333337
AsPC-1,Capivasertib,300,0.73,0.52,0.20999999999999996
AsPC-1,Capmatinib,300,0.9333333333333333,0.88,0.053333333333333344
AsPC-1,Celecoxib,300,0.72,0.5700000000000001,0.1499999999999999
AsPC-1,DT-061,300,0.7983333333333333,0.5833333333333334,0.21499999999999997
AsPC-1,DTP3,300,0.8583333333333333,0.68,0.17833333333333323
AsPC-1,Dabrafenib,300,0.825,0.5433333333333333,0.2816666666666666
AsPC-1,ERK5-IN-2,300,0.8283333333333334,0.5966666666666667,0.2316666666666667
AsPC-1,ETC-206,300,0.735,0.56,0.17499999999999993
AsPC-1,EX229,300,0.9416666666666667,0.7633333333333333,0.17833333333333334
AsPC-1,Elimusertib hydrochloride,300,0.9633333333333334,0.9266666666666666,0.036666666666666736
AsPC-1,Encorafenib,300,0.8983333333333333,0.7316666666666667,0.16666666666666663
AsPC-1,Erdafitinib ,300,0.755,0.5833333333333334,0.17166666666666663
AsPC-1,Everolimus,300,0.74,0.5349999999999999,0.20500000000000007
AsPC-1,Futibatinib,300,0.8466666666666667,0.6599999999999999,0.18666666666666676
AsPC-1,GSK1059615,300,0.925,0.8066666666666666,0.1183333333333334
AsPC-1,Gemcitabine,300,0.7133333333333334,0.505,0.20833333333333337
AsPC-1,HI-TOPK-032,300,0.92,0.7083333333333333,0.21166666666666678
AsPC-1,Hydroxyfasudil,300,0.7383333333333333,0.6599999999999999,0.07833333333333337
AsPC-1,IQ 1,300,0.855,0.6333333333333333,0.22166666666666668
AsPC-1,Infigratinib,300,0.8633333333333333,0.5333333333333333,0.32999999999999996
AsPC-1,Ipatasertib,300,0.8383333333333334,0.5,0.3383333333333334
AsPC-1,Irinotecan,300,0.7416666666666667,0.51,0.2316666666666667
AsPC-1,Ixazomib,300,0.895,0.6133333333333333,0.28166666666666673
AsPC-1,LB-100,300,0.7016666666666667,0.5016666666666667,0.19999999999999996
AsPC-1,LJI308,300,0.7366666666666667,0.5716666666666667,0.16500000000000004
AsPC-1,LY-2584702 (tosylate salt),219,0.7876712328767124,0.5273972602739726,0.26027397260273977
AsPC-1,LY2090314,300,0.7566666666666667,0.5666666666666667,0.19000000000000006
AsPC-1,Lapatinib ditosylate,300,0.7483333333333333,0.55,0.19833333333333325
AsPC-1,MK-3903,300,0.8766666666666667,0.635,0.2416666666666667
AsPC-1,MK-8353,300,0.7166666666666667,0.5516666666666667,0.16499999999999992
AsPC-1,ML264,300,0.7933333333333333,0.5449999999999999,0.2483333333333334
AsPC-1,Methylprednisolone succinate,300,0.7033333333333334,0.5033333333333334,0.19999999999999996
AsPC-1,Minodronic acid,300,0.7516666666666667,0.5533333333333333,0.19833333333333336
AsPC-1,NG25,300,0.9466666666666667,0.8616666666666667,0.08499999999999996
AsPC-1,NVP-BHG712,300,0.8133333333333334,0.555,0.2583333333333333
AsPC-1,OTS514,300,0.8333333333333334,0.6416666666666667,0.19166666666666665
AsPC-1,Oleic acid,300,0.7266666666666667,0.5383333333333333,0.18833333333333335
AsPC-1,Oxaliplatin,300,0.7283333333333334,0.51,0.21833333333333338
AsPC-1,PF-06260933,300,0.7866666666666666,0.6616666666666666,0.125
AsPC-1,PH-797804,300,0.8683333333333333,0.5283333333333333,0.33999999999999997
AsPC-1,Paclitaxel,300,0.8816666666666667,0.6416666666666667,0.24
AsPC-1,Pemigatinib,300,0.7816666666666666,0.5833333333333333,0.19833333333333336
AsPC-1,Pimitespib,300,0.7183333333333334,0.52,0.19833333333333336
AsPC-1,Pralsetinib,300,0.8516666666666667,0.53,0.32166666666666666
AsPC-1,RMC-6236,300,0.965,0.8816666666666667,0.08333333333333326
AsPC-1,Ralimetinib dimesylate,300,0.81,0.515,0.29500000000000004
AsPC-1,Regorafenib,300,0.8583333333333333,0.7283333333333333,0.13
AsPC-1,SBI-0640756,300,0.8,0.6066666666666667,0.19333333333333336
AsPC-1,Sapanisertib,300,0.9183333333333333,0.745,0.17333333333333334
AsPC-1,Sonidegib,299,0.8043478260869565,0.5568561872909699,0.24749163879598668
AsPC-1,TAK-733,300,0.9583333333333334,0.8683333333333333,0.09000000000000008
AsPC-1,TAK-901,300,0.985,0.8066666666666666,0.17833333333333334
AsPC-1,Temuterkib,300,0.7883333333333333,0.5900000000000001,0.19833333333333325
AsPC-1,Tomivosertib,300,0.7766666666666666,0.62,0.15666666666666662
AsPC-1,Torkinib,300,0.735,0.565,0.17000000000000004
AsPC-1,Trametinib,300,0.9783333333333334,0.96,0.018333333333333424
AsPC-1,Tubulin inhibitor 6,300,0.745,0.5066666666666667,0.23833333333333329
AsPC-1,Tucatinib,300,0.7516666666666667,0.54,0.21166666666666667
AsPC-1,ULK-101,300,0.7933333333333333,0.535,0.2583333333333333
AsPC-1,Vemurafenib,300,0.8616666666666667,0.8316666666666667,0.030000000000000027
AsPC-1,Volasertib,300,0.75,0.5016666666666667,0.2483333333333333
AsPC-1,XRK3F2,300,0.9183333333333333,0.8433333333333334,0.07499999999999996
AsPC-1,c-Kit-IN-1,300,0.9366666666666666,0.8166666666666667,0.12
AsPC-1,olaparib,300,0.7683333333333333,0.5933333333333333,0.17500000000000004
AsPC-1,palbociclib,300,0.8933333333333333,0.7466666666666666,0.14666666666666672
AsPC-1,venetoclax,300,0.965,0.925,0.039999999999999925
AsPC-1,vincristine,300,0.8183333333333334,0.5866666666666667,0.2316666666666667
BT-474,4EGI-1,300,0.8216666666666667,0.545,0.2766666666666666
BT-474,9-ING-41,300,0.7916666666666666,0.5683333333333334,0.22333333333333327
BT-474,APTO-253,300,0.6933333333333334,0.535,0.15833333333333333
BT-474,AT7519,300,0.7233333333333334,0.5266666666666666,0.19666666666666677
BT-474,AZD-7648,300,0.8633333333333333,0.505,0.3583333333333333
BT-474,AZD-8055,300,0.8966666666666666,0.63,0.2666666666666666
BT-474,AZD1390,300,0.8033333333333333,0.5033333333333334,0.29999999999999993
BT-474,AZD2858,300,0.6666666666666666,0.54,0.1266666666666666
BT-474,Abemaciclib,300,0.9116666666666666,0.6633333333333333,0.2483333333333333
BT-474,Adagrasib,300,0.6383333333333333,0.5633333333333334,0.07499999999999996
BT-474,Afatinib,300,0.9433333333333334,0.71,0.2333333333333334
BT-474,Alpelisib,300,0.8966666666666666,0.5883333333333334,0.30833333333333324
BT-474,Anastrozole,300,0.715,0.525,0.18999999999999995
BT-474,BAY1125976,300,0.9416666666666667,0.7566666666666666,0.18500000000000005
BT-474,BI-3406,300,0.9166666666666666,0.5466666666666666,0.37
BT-474,BI-78D3,300,0.7166666666666667,0.5083333333333333,0.20833333333333337
BT-474,Belumosudil (mesylate),300,0.75,0.5433333333333333,0.20666666666666667
BT-474,Belzutifan,300,0.8633333333333333,0.5866666666666667,0.2766666666666666
BT-474,Bentamapimod,300,0.8083333333333333,0.5233333333333333,0.28500000000000003
BT-474,Bimiralisib,300,0.9366666666666666,0.8,0.1366666666666666
BT-474,Binimetinib,300,0.8683333333333333,0.5716666666666667,0.29666666666666663
BT-474,Bortezomib,300,0.9383333333333334,0.8733333333333333,0.06500000000000006
BT-474,Brivudine,300,0.9266666666666666,0.51,0.41666666666666663
BT-474,CP21R7,300,0.6833333333333333,0.5516666666666666,0.1316666666666667
BT-474,Capivasertib,300,0.6883333333333334,0.53,0.15833333333333333
BT-474,Capmatinib,300,0.845,0.5183333333333333,0.32666666666666666
BT-474,Celecoxib,300,0.6433333333333333,0.5183333333333333,0.125
BT-474,DT-061,300,0.74,0.5383333333333333,0.20166666666666666
BT-474,DTP3,300,0.82,0.5116666666666667,0.30833333333333324
BT-474,Dabrafenib,300,0.8316666666666667,0.575,0.2566666666666667
BT-474,ERK5-IN-2,300,0.8933333333333333,0.5416666666666666,0.3516666666666667
BT-474,ETC-206,300,0.6483333333333333,0.5133333333333333,0.135
BT-474,EX229,300,0.9183333333333333,0.5483333333333333,0.37
BT-474,Elimusertib hydrochloride,300,0.8983333333333333,0.5033333333333333,0.395
BT-474,Encorafenib,300,0.8833333333333333,0.6533333333333333,0.22999999999999998
BT-474,Erdafitinib ,300,0.705,0.525,0.17999999999999994
BT-474,Everolimus,300,0.7483333333333333,0.5116666666666667,0.23666666666666658
BT-474,Futibatinib,300,0.77,0.51,0.26
BT-474,GSK1059615,300,0.9333333333333333,0.8333333333333334,0.09999999999999998
BT-474,Gemcitabine,300,0.7416666666666667,0.53,0.21166666666666667
BT-474,HI-TOPK-032,300,0.865,0.5866666666666667,0.2783333333333333
BT-474,Hydroxyfasudil,300,0.725,0.5283333333333333,0.19666666666666666
BT-474,IQ 1,300,0.825,0.6116666666666667,0.21333333333333326
BT-474,Infigratinib,300,0.82,0.6583333333333333,0.16166666666666663
BT-474,Ipatasertib,300,0.845,0.5233333333333333,0.32166666666666666
BT-474,Irinotecan,300,0.79,0.515,0.275
BT-474,Ixazomib,300,0.8466666666666667,0.5616666666666666,0.28500000000000003
BT-474,LB-100,300,0.6266666666666667,0.5316666666666667,0.09499999999999997
BT-474,LJI308,300,0.6983333333333334,0.555,0.1433333333333333
BT-474,LY-2584702 (tosylate salt),211,0.7417061611374408,0.580568720379147,0.16113744075829384
BT-474,LY2090314,300,0.6966666666666667,0.5166666666666667,0.17999999999999994
BT-474,Lapatinib ditosylate,300,0.8216666666666667,0.5316666666666667,0.2899999999999999
BT-474,MK-3903,300,0.8616666666666667,0.5616666666666666,0.30000000000000004
BT-474,MK-8353,300,0.7433333333333333,0.5616666666666666,0.18166666666666664
BT-474,ML264,300,0.8283333333333334,0.5533333333333333,0.275
BT-474,Methylprednisolone succinate,300,0.6616666666666666,0.5633333333333334,0.09833333333333327
BT-474,Minodronic acid,300,0.71,0.5166666666666666,0.19333333333333336
BT-474,NG25,300,0.925,0.7416666666666667,0.18333333333333335
BT-474,NVP-BHG712,300,0.75,0.5116666666666667,0.23833333333333329
BT-474,OTS514,300,0.7666666666666667,0.5133333333333333,0.2533333333333334
BT-474,Oleic acid,300,0.6933333333333334,0.53,0.16333333333333333
BT-474,Oxaliplatin,300,0.7433333333333333,0.5116666666666667,0.23166666666666658
BT-474,PF-06260933,300,0.8766666666666667,0.76,0.1166666666666667
BT-474,PH-797804,300,0.9566666666666667,0.8433333333333333,0.1133333333333334
BT-474,Paclitaxel,300,0.8416666666666667,0.54,0.30166666666666664
BT-474,Pemigatinib,300,0.8216666666666667,0.5683333333333334,0.2533333333333333
BT-474,Pimitespib,300,0.685,0.5233333333333333,0.16166666666666674
BT-474,Pralsetinib,300,0.8883333333333333,0.525,0.3633333333333333
BT-474,RMC-6236,300,0.9083333333333333,0.5549999999999999,0.3533333333333334
BT-474,Ralimetinib dimesylate,300,0.7966666666666666,0.54,0.2566666666666666
BT-474,Regorafenib,300,0.8083333333333333,0.5316666666666667,0.2766666666666666
BT-474,SBI-0640756,300,0.715,0.55,0.16499999999999992
BT-474,Sapanisertib,300,0.9183333333333333,0.6016666666666667,0.31666666666666665
BT-474,Sonidegib,300,0.725,0.5066666666666666,0.21833333333333338
BT-474,TAK-733,300,0.895,0.525,0.37
BT-474,TAK-901,300,0.9683333333333334,0.8833333333333333,0.08500000000000008
BT-474,Temuterkib,300,0.7683333333333333,0.5233333333333333,0.245
BT-474,Tomivosertib,300,0.78,0.7216666666666667,0.05833333333333335
BT-474,Torkinib,300,0.7116666666666667,0.5183333333333333,0.19333333333333336
BT-474,Trametinib,300,0.9283333333333333,0.7366666666666667,0.19166666666666665
BT-474,Tubulin inhibitor 6,300,0.69,0.5366666666666666,0.15333333333333332
BT-474,Tucatinib,300,0.8983333333333333,0.5366666666666666,0.3616666666666667
BT-474,ULK-101,300,0.7783333333333333,0.5466666666666666,0.2316666666666667
BT-474,Vemurafenib,300,0.8066666666666666,0.565,0.2416666666666667
BT-474,Volasertib,300,0.7216666666666667,0.52,0.20166666666666666
BT-474,XRK3F2,300,0.8483333333333334,0.6083333333333333,0.2400000000000001
BT-474,c-Kit-IN-1,300,0.8683333333333333,0.55,0.31833333333333325
BT-474,olaparib,300,0.7383333333333333,0.5266666666666666,0.21166666666666667
BT-474,palbociclib,300,0.78,0.6166666666666667,0.16333333333333333
BT-474,venetoclax,300,0.935,0.5583333333333333,0.3766666666666667
BT-474,vincristine,300,0.8666666666666667,0.6616666666666666,0.20500000000000007
C-33 A,4EGI-1,300,0.7033333333333334,0.5066666666666666,0.19666666666666677
C-33 A,9-ING-41,300,0.6633333333333333,0.57,0.09333333333333338
C-33 A,APTO-253,300,0.6366666666666667,0.5116666666666667,0.125
C-33 A,AT7519,300,0.5616666666666666,0.5216666666666667,0.039999999999999925
C-33 A,AZD-7648,300,0.72,0.585,0.135
C-33 A,AZD-8055,300,0.7266666666666667,0.6116666666666667,0.11499999999999999
C-33 A,AZD1390,300,0.69,0.5616666666666666,0.1283333333333333
C-33 A,AZD2858,300,0.6066666666666667,0.5233333333333333,0.08333333333333337
C-33 A,Abemaciclib,300,0.8216666666666667,0.6283333333333333,0.19333333333333336
C-33 A,Adagrasib,300,0.6133333333333333,0.5816666666666667,0.03166666666666662
C-33 A,Afatinib,300,0.8516666666666667,0.74,0.11166666666666669
C-33 A,Alpelisib,300,0.7316666666666667,0.6266666666666667,0.10499999999999998
C-33 A,Anastrozole,300,0.5733333333333334,0.51,0.06333333333333335
C-33 A,BAY1125976,300,0.7716666666666666,0.6,0.17166666666666663
C-33 A,BI-3406,300,0.7516666666666667,0.62,0.1316666666666667
C-33 A,BI-78D3,300,0.6533333333333333,0.52,0.1333333333333333
C-33 A,Belumosudil (mesylate),300,0.7483333333333333,0.5066666666666666,0.2416666666666667
C-33 A,Belzutifan,300,0.7616666666666667,0.5716666666666667,0.19000000000000006
C-33 A,Bentamapimod,300,0.6983333333333334,0.5766666666666667,0.1216666666666667
C-33 A,Bimiralisib,300,0.8716666666666667,0.7616666666666667,0.10999999999999999
C-33 A,Binimetinib,300,0.78,0.595,0.18500000000000005
C-33 A,Bortezomib,247,0.9473684210526315,0.7975708502024291,0.1497975708502024
C-33 A,Brivudine,300,0.9083333333333333,0.6166666666666667,0.29166666666666663
C-33 A,CP21R7,300,0.5933333333333334,0.5266666666666666,0.06666666666666676
C-33 A,Capivasertib,300,0.6166666666666667,0.52,0.09666666666666668
C-33 A,Capmatinib,300,0.7416666666666667,0.55,0.19166666666666665
C-33 A,Celecoxib,300,0.6116666666666667,0.5133333333333333,0.09833333333333338
C-33 A,DT-061,300,0.6366666666666667,0.5183333333333333,0.1183333333333334
C-33 A,DTP3,300,0.6933333333333334,0.5483333333333333,0.14500000000000002
C-33 A,Dabrafenib,300,0.735,0.57,0.16500000000000004
C-33 A,ERK5-IN-2,300,0.7683333333333333,0.5016666666666667,0.2666666666666666
C-33 A,ETC-206,300,0.615,0.5233333333333333,0.09166666666666667
C-33 A,EX229,300,0.8166666666666667,0.5266666666666666,0.29000000000000004
C-33 A,Elimusertib hydrochloride,300,0.7083333333333334,0.5083333333333333,0.20000000000000007
C-33 A,Encorafenib,300,0.8133333333333334,0.6283333333333333,0.18500000000000005
C-33 A,Erdafitinib ,300,0.6866666666666666,0.54,0.1466666666666666
C-33 A,Everolimus,300,0.6116666666666667,0.5366666666666666,0.07500000000000007
C-33 A,Futibatinib,300,0.65,0.5266666666666666,0.1233333333333334
C-33 A,GSK1059615,300,0.8716666666666667,0.6799999999999999,0.19166666666666676
C-33 A,Gemcitabine,300,0.67,0.5483333333333333,0.1216666666666667
C-33 A,HI-TOPK-032,300,0.7766666666666666,0.575,0.20166666666666666
C-33 A,Hydroxyfasudil,300,0.6433333333333333,0.53,0.11333333333333329
C-33 A,IQ 1,300,0.7133333333333334,0.5083333333333333,0.20500000000000007
C-33 A,Infigratinib,300,0.69,0.5133333333333333,0.17666666666666664
C-33 A,Ipatasertib,300,0.7066666666666667,0.6,0.10666666666666669
C-33 A,Irinotecan,300,0.7366666666666667,0.5683333333333334,0.16833333333333333
C-33 A,Ixazomib,300,0.7966666666666666,0.6233333333333333,0.17333333333333334
C-33 A,LB-100,300,0.6116666666666667,0.52,0.09166666666666667
C-33 A,LJI308,300,0.6233333333333333,0.58,0.043333333333333335
C-33 A,LY-2584702 (tosylate salt),104,0.7163461538461539,0.6682692307692308,0.04807692307692302
C-33 A,LY2090314,300,0.6083333333333333,0.5916666666666667,0.016666666666666607
C-33 A,Lapatinib ditosylate,300,0.6916666666666667,0.5716666666666667,0.12
C-33 A,Lonafarnib,219,0.9246575342465754,0.6757990867579908,0.24885844748858454
C-33 A,MK-3903,300,0.6616666666666666,0.5266666666666666,0.135
C-33 A,MK-8353,300,0.6466666666666666,0.5283333333333333,0.11833333333333329
C-33 A,ML264,300,0.6833333333333333,0.5549999999999999,0.1283333333333334
C-33 A,Methylprednisolone succinate,300,0.5633333333333334,0.5533333333333333,0.010000000000000009
C-33 A,Minodronic acid,300,0.5933333333333334,0.5316666666666667,0.06166666666666665
C-33 A,NG25,300,0.8366666666666667,0.5233333333333333,0.31333333333333335
C-33 A,NVP-BHG712,300,0.6433333333333333,0.5183333333333333,0.125
C-33 A,OTS514,198,0.648989898989899,0.5075757575757576,0.14141414141414144
C-33 A,Oleic acid,300,0.6316666666666667,0.5316666666666667,0.09999999999999998
C-33 A,Oxaliplatin,300,0.62,0.5083333333333333,0.11166666666666669
C-33 A,PF-06260933,300,0.84,0.7083333333333333,0.1316666666666667
C-33 A,PH-797804,300,0.9466666666666667,0.7833333333333333,0.16333333333333333
C-33 A,Paclitaxel,300,0.76,0.5333333333333333,0.22666666666666668
C-33 A,Pemigatinib,300,0.6,0.5366666666666666,0.06333333333333335
C-33 A,Pimitespib,300,0.555,0.5133333333333333,0.04166666666666674
C-33 A,Pralsetinib,290,0.7724137931034483,0.6172413793103448,0.15517241379310343
C-33 A,RMC-6236,300,0.79,0.7050000000000001,0.08499999999999996
C-33 A,Ralimetinib dimesylate,300,0.6733333333333333,0.5516666666666666,0.1216666666666667
C-33 A,Regorafenib,300,0.6283333333333333,0.5349999999999999,0.09333333333333338
C-33 A,SBI-0640756,300,0.6433333333333333,0.5583333333333333,0.08499999999999996
C-33 A,Sapanisertib,300,0.7916666666666666,0.6599999999999999,0.1316666666666667
C-33 A,Sonidegib,183,0.6229508196721312,0.592896174863388,0.030054644808743203
C-33 A,TAK-733,300,0.7366666666666667,0.5333333333333333,0.20333333333333337
C-33 A,TAK-901,300,0.9683333333333334,0.7833333333333333,0.18500000000000005
C-33 A,Temuterkib,300,0.69,0.55,0.1399999999999999
C-33 A,Tomivosertib,300,0.6566666666666666,0.5816666666666667,0.07499999999999996
C-33 A,Torkinib,258,0.6027131782945736,0.5523255813953488,0.050387596899224785
C-33 A,Trametinib,300,0.825,0.7183333333333334,0.10666666666666658
C-33 A,Tubulin inhibitor 6,300,0.6316666666666667,0.5083333333333333,0.1233333333333334
C-33 A,Tucatinib,300,0.68,0.5083333333333333,0.17166666666666675
C-33 A,ULK-101,276,0.5942028985507246,0.5072463768115942,0.08695652173913038
C-33 A,Vemurafenib,300,0.6783333333333333,0.6066666666666667,0.07166666666666666
C-33 A,Volasertib,300,0.635,0.53,0.10499999999999998
C-33 A,XRK3F2,300,0.7966666666666666,0.6616666666666666,0.135
C-33 A,c-Kit-IN-1,300,0.765,0.6066666666666667,0.15833333333333333
C-33 A,olaparib,300,0.6683333333333333,0.54,0.1283333333333333
C-33 A,palbociclib,300,0.7016666666666667,0.585,0.1166666666666667
C-33 A,venetoclax,300,0.795,0.595,0.20000000000000007
C-33 A,vincristine,300,0.6966666666666667,0.5166666666666666,0.18000000000000005
C32,4EGI-1,300,0.89,0.5166666666666666,0.3733333333333334
C32,9-ING-41,300,0.7883333333333333,0.5633333333333334,0.22499999999999998
C32,APTO-253,300,0.7066666666666667,0.5433333333333333,0.16333333333333333
C32,AT7519,300,0.7,0.5216666666666667,0.17833333333333323
C32,AZD-7648,286,0.972027972027972,0.7342657342657343,0.2377622377622377
C32,AZD-8055,300,0.84,0.6066666666666667,0.23333333333333328
C32,AZD1390,300,0.865,0.5533333333333333,0.31166666666666665
C32,AZD2858,203,0.6921182266009852,0.5049261083743842,0.18719211822660098
C32,Abemaciclib,300,0.9583333333333334,0.7516666666666667,0.20666666666666667
C32,Adagrasib,300,0.6383333333333333,0.5483333333333333,0.08999999999999997
C32,Afatinib,300,0.9666666666666667,0.7583333333333333,0.20833333333333337
C32,Alpelisib,300,0.8016666666666666,0.5766666666666667,0.22499999999999998
C32,Anastrozole,300,0.7133333333333334,0.5,0.21333333333333337
C32,BAY1125976,300,0.955,0.765,0.18999999999999995
C32,BI-3406,300,0.75,0.5783333333333334,0.17166666666666663
C32,BI-78D3,300,0.69,0.5633333333333334,0.1266666666666666
C32,Belumosudil (mesylate),300,0.815,0.5966666666666667,0.21833333333333327
C32,Belzutifan,300,0.8683333333333333,0.51,0.3583333333333333
C32,Bentamapimod,300,0.7816666666666666,0.5666666666666667,0.21499999999999997
C32,Bimiralisib,300,0.98,0.9016666666666666,0.07833333333333337
C32,Binimetinib,300,0.975,0.8083333333333333,0.16666666666666663
C32,Bortezomib,274,0.9963503649635036,0.9781021897810219,0.018248175182481674
C32,Brivudine,300,0.98,0.885,0.09499999999999997
C32,CP21R7,300,0.6733333333333333,0.52,0.15333333333333332
C32,Capivasertib,300,0.6766666666666666,0.515,0.16166666666666663
C32,Capmatinib,300,0.9433333333333334,0.5566666666666666,0.3866666666666667
C32,Celecoxib,300,0.6966666666666667,0.52,0.17666666666666664
C32,DT-061,300,0.8566666666666667,0.5566666666666666,0.30000000000000004
C32,DTP3,300,0.845,0.55,0.29499999999999993
C32,Dabrafenib,300,0.975,0.7766666666666666,0.19833333333333336
C32,ERK5-IN-2,300,0.8866666666666667,0.5216666666666666,0.3650000000000001
C32,ETC-206,300,0.735,0.5449999999999999,0.19000000000000006
C32,EX229,300,0.9766666666666667,0.82,0.15666666666666673
C32,Elimusertib hydrochloride,188,0.9388297872340425,0.5212765957446809,0.41755319148936165
C32,Encorafenib,300,0.9816666666666667,0.8816666666666667,0.09999999999999998
C32,Erdafitinib ,300,0.7533333333333333,0.565,0.18833333333333335
C32,Everolimus,300,0.715,0.545,0.16999999999999993
C32,Futibatinib,300,0.795,0.6316666666666666,0.16333333333333344
C32,GSK1059615,300,0.9683333333333334,0.54,0.42833333333333334
C32,Gemcitabine,300,0.73,0.5166666666666666,0.21333333333333337
C32,HI-TOPK-032,300,0.9583333333333334,0.7666666666666666,0.19166666666666676
C32,Hydroxyfasudil,300,0.7733333333333333,0.5166666666666666,0.2566666666666667
C32,IQ 1,300,0.895,0.5266666666666666,0.3683333333333334
C32,Infigratinib,300,0.8033333333333333,0.5266666666666666,0.2766666666666667
C32,Ipatasertib,300,0.9416666666666667,0.7516666666666667,0.18999999999999995
C32,Irinotecan,300,0.8716666666666667,0.5683333333333334,0.30333333333333334
C32,Ixazomib,300,0.92,0.5433333333333333,0.3766666666666667
C32,LB-100,300,0.6633333333333333,0.5516666666666667,0.11166666666666658
C32,LJI308,300,0.725,0.55,0.17499999999999993
C32,LY-2584702 (tosylate salt),106,0.7877358490566038,0.589622641509434,0.19811320754716977
C32,LY2090314,300,0.7066666666666667,0.6033333333333333,0.10333333333333339
C32,Lapatinib ditosylate,300,0.7166666666666667,0.5333333333333333,0.18333333333333335
C32,MK-3903,300,0.955,0.515,0.43999999999999995
C32,MK-8353,300,0.7616666666666667,0.53,0.2316666666666667
C32,ML264,300,0.7983333333333333,0.545,0.2533333333333333
C32,Methylprednisolone succinate,300,0.6766666666666666,0.505,0.17166666666666663
C32,Minodronic acid,300,0.75,0.5516666666666666,0.19833333333333336
C32,NG25,300,0.975,0.865,0.10999999999999999
C32,NVP-BHG712,300,0.765,0.5766666666666667,0.18833333333333335
C32,OTS514,251,0.8167330677290837,0.5896414342629482,0.22709163346613548
C32,Oleic acid,300,0.6866666666666666,0.5133333333333333,0.17333333333333334
C32,Oxaliplatin,300,0.7116666666666667,0.5333333333333333,0.17833333333333334
C32,PF-06260933,300,0.965,0.6266666666666667,0.33833333333333326
C32,PH-797804,300,0.99,0.98,0.010000000000000009
C32,Paclitaxel,300,0.9333333333333333,0.6333333333333333,0.30000000000000004
C32,Pemigatinib,300,0.8033333333333333,0.535,0.2683333333333333
C32,Pimitespib,244,0.7254098360655737,0.5102459016393442,0.2151639344262295
C32,Pralsetinib,260,0.9384615384615385,0.825,0.1134615384615385
C32,RMC-6236,300,0.975,0.8216666666666667,0.15333333333333332
C32,Ralimetinib dimesylate,300,0.7416666666666667,0.61,0.1316666666666667
C32,Regorafenib,300,0.8283333333333334,0.5116666666666667,0.31666666666666665
C32,SBI-0640756,300,0.7766666666666666,0.515,0.2616666666666666
C32,Sapanisertib,300,0.9266666666666666,0.6683333333333333,0.2583333333333333
C32,Sonidegib,276,0.7717391304347826,0.5688405797101449,0.2028985507246377
C32,TAK-733,300,0.96,0.755,0.20499999999999996
C32,TAK-901,300,0.9933333333333333,0.99,0.0033333333333332993
C32,Temuterkib,300,0.7916666666666666,0.61,0.18166666666666664
C32,Tomivosertib,300,0.77,0.6599999999999999,0.1100000000000001
C32,Torkinib,251,0.7549800796812749,0.5139442231075697,0.2410358565737052
C32,Trametinib,300,0.9816666666666667,0.7466666666666667,0.235
C32,Tubulin inhibitor 6,300,0.7366666666666667,0.5666666666666667,0.17000000000000004
C32,Tucatinib,300,0.7616666666666667,0.59,0.17166666666666675
C32,ULK-101,300,0.775,0.5583333333333333,0.21666666666666667
C32,Vemurafenib,300,0.9233333333333333,0.6683333333333333,0.255
C32,Volasertib,300,0.7583333333333333,0.6366666666666667,0.12166666666666659
C32,XRK3F2,300,0.8366666666666667,0.59,0.2466666666666667
C32,c-Kit-IN-1,300,0.9516666666666667,0.8,0.15166666666666662
C32,olaparib,300,0.7816666666666666,0.5383333333333333,0.2433333333333333
C32,palbociclib,300,0.8983333333333333,0.6816666666666666,0.21666666666666667
C32,venetoclax,300,0.9683333333333334,0.875,0.09333333333333338
C32,vincristine,256,0.92578125,0.65625,0.26953125
CFPAC-1,4EGI-1,300,0.8616666666666667,0.515,0.3466666666666667
CFPAC-1,9-ING-41,300,0.795,0.5433333333333333,0.2516666666666667
CFPAC-1,APTO-253,300,0.7566666666666667,0.505,0.2516666666666667
CFPAC-1,AT7519,300,0.7283333333333334,0.5916666666666667,0.13666666666666671
CFPAC-1,AZD-7648,300,0.9233333333333333,0.745,0.17833333333333334
CFPAC-1,AZD-8055,300,0.92,0.6733333333333333,0.2466666666666667
CFPAC-1,AZD1390,300,0.8366666666666667,0.6083333333333333,0.2283333333333334
CFPAC-1,AZD2858,300,0.6983333333333334,0.5116666666666667,0.18666666666666665
CFPAC-1,Abemaciclib,300,0.9216666666666666,0.5916666666666667,0.32999999999999996
CFPAC-1,Adagrasib,300,0.66,0.5283333333333333,0.1316666666666667
CFPAC-1,Afatinib,300,0.9516666666666667,0.7166666666666667,0.235
CFPAC-1,Alpelisib,300,0.9033333333333333,0.7333333333333333,0.17000000000000004
CFPAC-1,Anastrozole,300,0.74,0.53,0.20999999999999996
CFPAC-1,BAY1125976,300,0.92,0.5983333333333334,0.32166666666666666
CFPAC-1,BI-3406,300,0.89,0.6583333333333333,0.2316666666666667
CFPAC-1,BI-78D3,300,0.7616666666666667,0.5066666666666667,0.255
CFPAC-1,Belumosudil (mesylate),300,0.7983333333333333,0.5166666666666667,0.2816666666666666
CFPAC-1,Belzutifan,300,0.88,0.67,0.20999999999999996
CFPAC-1,Bentamapimod,300,0.8633333333333333,0.5433333333333333,0.31999999999999995
CFPAC-1,Bimiralisib,300,0.9466666666666667,0.7733333333333333,0.17333333333333334
CFPAC-1,Binimetinib,300,0.92,0.7833333333333333,0.13666666666666671
CFPAC-1,Bortezomib,300,0.9816666666666667,0.9416666666666667,0.040000000000000036
CFPAC-1,Brivudine,300,0.9716666666666667,0.905,0.06666666666666665
CFPAC-1,CP21R7,300,0.6716666666666666,0.5283333333333333,0.1433333333333333
CFPAC-1,Capivasertib,300,0.71,0.5233333333333333,0.18666666666666665
CFPAC-1,Capmatinib,300,0.885,0.6683333333333333,0.21666666666666667
CFPAC-1,Celecoxib,300,0.7033333333333334,0.5449999999999999,0.15833333333333344
CFPAC-1,DT-061,300,0.81,0.67,0.14
CFPAC-1,DTP3,300,0.815,0.64,0.17499999999999993
CFPAC-1,Dabrafenib,300,0.8633333333333333,0.55,0.31333333333333324
CFPAC-1,ERK5-IN-2,300,0.8633333333333333,0.54,0.32333333333333325
CFPAC-1,ETC-206,300,0.6783333333333333,0.525,0.15333333333333332
CFPAC-1,EX229,300,0.94,0.645,0.29499999999999993
CFPAC-1,Elimusertib hydrochloride,300,0.9183333333333333,0.625,0.29333333333333333
CFPAC-1,Encorafenib,300,0.9,0.7,0.20000000000000007
CFPAC-1,Erdafitinib ,300,0.735,0.52,0.21499999999999997
CFPAC-1,Everolimus,300,0.6866666666666666,0.5516666666666667,0.1349999999999999
CFPAC-1,Futibatinib,300,0.7833333333333333,0.6433333333333333,0.14
CFPAC-1,GSK1059615,300,0.9433333333333334,0.6950000000000001,0.2483333333333333
CFPAC-1,Gemcitabine,300,0.72,0.5449999999999999,0.17500000000000004
CFPAC-1,HI-TOPK-032,300,0.9566666666666667,0.5083333333333333,0.44833333333333336
CFPAC-1,Hydroxyfasudil,300,0.7016666666666667,0.5616666666666666,0.14
CFPAC-1,IQ 1,300,0.845,0.5966666666666667,0.2483333333333333
CFPAC-1,Infigratinib,300,0.8333333333333334,0.5116666666666667,0.32166666666666666
CFPAC-1,Ipatasertib,300,0.8616666666666667,0.53,0.33166666666666667
CFPAC-1,Irinotecan,300,0.7866666666666666,0.5516666666666667,0.23499999999999988
CFPAC-1,Ixazomib,300,0.9,0.645,0.255
CFPAC-1,LB-100,300,0.655,0.52,0.135
CFPAC-1,LJI308,300,0.7283333333333334,0.555,0.17333333333333334
CFPAC-1,LY-2584702 (tosylate salt),300,0.775,0.515,0.26
CFPAC-1,LY2090314,300,0.7083333333333334,0.6266666666666667,0.08166666666666667
CFPAC-1,Lapatinib ditosylate,300,0.72,0.585,0.135
CFPAC-1,Lonafarnib,300,0.96,0.6683333333333333,0.29166666666666663
CFPAC-1,MK-3903,300,0.895,0.5216666666666666,0.3733333333333334
CFPAC-1,MK-8353,300,0.71,0.5166666666666666,0.19333333333333336
CFPAC-1,ML264,300,0.7716666666666666,0.5166666666666666,0.255
CFPAC-1,Methylprednisolone succinate,300,0.74,0.505,0.235
CFPAC-1,Minodronic acid,300,0.7516666666666667,0.55,0.20166666666666666
CFPAC-1,NG25,300,0.9533333333333334,0.91,0.043333333333333335
CFPAC-1,NVP-BHG712,300,0.7783333333333333,0.585,0.19333333333333336
CFPAC-1,OTS514,300,0.8433333333333334,0.5966666666666667,0.2466666666666667
CFPAC-1,Oleic acid,300,0.7016666666666667,0.5183333333333333,0.18333333333333335
CFPAC-1,Oxaliplatin,300,0.745,0.56,0.18499999999999994
CFPAC-1,PF-06260933,300,0.875,0.7133333333333334,0.16166666666666663
CFPAC-1,PH-797804,300,0.905,0.6483333333333333,0.2566666666666667
CFPAC-1,Paclitaxel,300,0.855,0.5433333333333333,0.31166666666666665
CFPAC-1,Pemigatinib,300,0.74,0.5466666666666666,0.19333333333333336
CFPAC-1,Pimitespib,300,0.7666666666666667,0.5466666666666666,0.22000000000000008
CFPAC-1,Pralsetinib,300,0.89,0.6983333333333333,0.19166666666666676
CFPAC-1,RMC-6236,300,0.9266666666666666,0.7050000000000001,0.22166666666666657
CFPAC-1,Ralimetinib dimesylate,300,0.85,0.5883333333333334,0.2616666666666666
CFPAC-1,Regorafenib,300,0.7883333333333333,0.615,0.17333333333333334
CFPAC-1,SBI-0640756,300,0.7533333333333333,0.5816666666666667,0.17166666666666663
CFPAC-1,Sapanisertib,300,0.8966666666666666,0.6066666666666667,0.2899999999999999
CFPAC-1,Sonidegib,300,0.7566666666666667,0.5466666666666666,0.21000000000000008
CFPAC-1,TAK-733,300,0.93,0.5366666666666666,0.3933333333333334
CFPAC-1,TAK-901,300,0.9833333333333333,0.9016666666666666,0.08166666666666667
CFPAC-1,Temuterkib,300,0.79,0.56,0.22999999999999998
CFPAC-1,Tomivosertib,300,0.7116666666666667,0.6266666666666667,0.08499999999999996
CFPAC-1,Torkinib,300,0.7733333333333333,0.5833333333333333,0.19000000000000006
CFPAC-1,Trametinib,300,0.9183333333333333,0.7316666666666667,0.18666666666666665
CFPAC-1,Tubulin inhibitor 6,300,0.685,0.5016666666666667,0.18333333333333335
CFPAC-1,Tucatinib,300,0.7566666666666667,0.5083333333333333,0.2483333333333334
CFPAC-1,ULK-101,300,0.7616666666666667,0.525,0.2366666666666667
CFPAC-1,Vemurafenib,300,0.8616666666666667,0.6699999999999999,0.19166666666666676
CFPAC-1,Volasertib,300,0.725,0.5483333333333333,0.17666666666666664
CFPAC-1,XRK3F2,300,0.8666666666666667,0.6416666666666667,0.22499999999999998
CFPAC-1,c-Kit-IN-1,300,0.9166666666666666,0.7533333333333333,0.16333333333333333
CFPAC-1,olaparib,300,0.7833333333333333,0.5216666666666666,0.2616666666666667
CFPAC-1,palbociclib,300,0.8866666666666667,0.7733333333333333,0.1133333333333334
CFPAC-1,venetoclax,300,0.94,0.7933333333333333,0.1466666666666666
CFPAC-1,vincristine,300,0.855,0.7383333333333333,0.1166666666666667
COLO 205,4EGI-1,300,0.8383333333333334,0.5733333333333334,0.265
COLO 205,9-ING-41,300,0.78,0.5616666666666666,0.21833333333333338
COLO 205,APTO-253,300,0.7816666666666666,0.505,0.2766666666666666
COLO 205,AT7519,181,0.7154696132596685,0.5220994475138121,0.19337016574585641
COLO 205,AZD-7648,189,0.8809523809523809,0.5026455026455027,0.37830687830687826
COLO 205,AZD-8055,300,0.8516666666666667,0.5333333333333333,0.31833333333333336
COLO 205,AZD1390,300,0.8316666666666667,0.5233333333333333,0.30833333333333335
COLO 205,AZD2858,300,0.7233333333333334,0.565,0.15833333333333344
COLO 205,Abemaciclib,300,0.9216666666666666,0.5449999999999999,0.3766666666666667
COLO 205,Adagrasib,300,0.675,0.52,0.15500000000000003
COLO 205,Afatinib,300,0.9416666666666667,0.5083333333333333,0.43333333333333335
COLO 205,Alpelisib,208,0.7692307692307693,0.5408653846153846,0.2283653846153847
COLO 205,Anastrozole,300,0.7366666666666667,0.52,0.21666666666666667
COLO 205,BAY1125976,300,0.9183333333333333,0.6066666666666667,0.31166666666666665
COLO 205,BI-3406,300,0.76,0.5133333333333333,0.2466666666666667
COLO 205,BI-78D3,300,0.75,0.5316666666666667,0.21833333333333327
COLO 205,Belumosudil (mesylate),300,0.805,0.5466666666666666,0.2583333333333334
COLO 205,Belzutifan,274,0.8905109489051095,0.5145985401459854,0.37591240875912413
COLO 205,Bentamapimod,300,0.8166666666666667,0.5216666666666667,0.29499999999999993
COLO 205,Bimiralisib,300,0.945,0.5316666666666666,0.41333333333333333
COLO 205,Binimetinib,141,0.8617021276595744,0.5212765957446808,0.34042553191489366
COLO 205,Bortezomib,300,0.99,0.93,0.05999999999999994
COLO 205,Brivudine,300,0.9383333333333334,0.835,0.10333333333333339
COLO 205,CP21R7,300,0.7183333333333334,0.5516666666666666,0.16666666666666674
COLO 205,Capivasertib,286,0.7465034965034965,0.5384615384615384,0.20804195804195802
COLO 205,Capmatinib,151,0.8079470198675497,0.5397350993377483,0.26821192052980136
COLO 205,Celecoxib,300,0.705,0.5166666666666667,0.18833333333333324
COLO 205,DT-061,217,0.8087557603686636,0.5391705069124424,0.2695852534562212
COLO 205,DTP3,275,0.74,0.5145454545454545,0.22545454545454546
COLO 205,Dabrafenib,300,0.9,0.5283333333333333,0.3716666666666667
COLO 205,ERK5-IN-2,300,0.8816666666666667,0.5316666666666666,0.3500000000000001
COLO 205,ETC-206,300,0.7,0.5066666666666667,0.19333333333333325
COLO 205,EX229,300,0.9483333333333334,0.5516666666666667,0.3966666666666666
COLO 205,Elimusertib hydrochloride,123,0.8983739837398373,0.6178861788617886,0.2804878048780487
COLO 205,Encorafenib,300,0.96,0.5966666666666667,0.3633333333333333
COLO 205,Erdafitinib ,300,0.7383333333333333,0.5283333333333333,0.20999999999999996
COLO 205,Everolimus,300,0.7516666666666667,0.5566666666666666,0.19500000000000006
COLO 205,Futibatinib,177,0.768361581920904,0.6355932203389831,0.13276836158192085
COLO 205,GSK1059615,300,0.915,0.5366666666666666,0.3783333333333334
COLO 205,Gemcitabine,300,0.7316666666666667,0.51,0.22166666666666668
COLO 205,HI-TOPK-032,300,0.8866666666666667,0.6083333333333333,0.27833333333333343
COLO 205,Hydroxyfasudil,300,0.7533333333333333,0.555,0.19833333333333325
COLO 205,IQ 1,268,0.8451492537313433,0.5298507462686567,0.3152985074626866
COLO 205,Infigratinib,300,0.8666666666666667,0.5166666666666666,0.3500000000000001
COLO 205,Ipatasertib,300,0.88,0.5133333333333333,0.3666666666666667
COLO 205,Irinotecan,300,0.76,0.5566666666666666,0.20333333333333337
COLO 205,Ixazomib,300,0.92,0.89,0.030000000000000027
COLO 205,LB-100,300,0.6833333333333333,0.5016666666666667,0.18166666666666664
COLO 205,LJI308,300,0.765,0.53,0.235
COLO 205,LY2090314,300,0.7333333333333333,0.6433333333333333,0.08999999999999997
COLO 205,Lapatinib ditosylate,300,0.745,0.555,0.18999999999999995
COLO 205,MK-3903,193,0.8756476683937824,0.7512953367875648,0.12435233160621761
COLO 205,MK-8353,300,0.74,0.5466666666666666,0.19333333333333336
COLO 205,ML264,300,0.8466666666666667,0.5166666666666667,0.32999999999999996
COLO 205,Methylprednisolone succinate,300,0.7416666666666667,0.5116666666666667,0.22999999999999998
COLO 205,Minodronic acid,300,0.7583333333333333,0.5733333333333333,0.18500000000000005
COLO 205,NG25,291,0.9484536082474226,0.8075601374570447,0.14089347079037795
COLO 205,NVP-BHG712,300,0.7633333333333333,0.5,0.2633333333333333
COLO 205,OTS514,170,0.7441176470588236,0.5794117647058824,0.16470588235294115
COLO 205,Oleic acid,300,0.7266666666666667,0.5333333333333333,0.19333333333333336
COLO 205,Oxaliplatin,300,0.7416666666666667,0.5483333333333333,0.19333333333333336
COLO 205,PF-06260933,300,0.9616666666666667,0.8683333333333334,0.09333333333333327
COLO 205,PH-797804,300,0.9783333333333334,0.8966666666666667,0.08166666666666667
COLO 205,Paclitaxel,300,0.9333333333333333,0.505,0.42833333333333334
COLO 205,Pemigatinib,300,0.685,0.5216666666666666,0.16333333333333344
COLO 205,Pimitespib,197,0.751269035532995,0.5685279187817258,0.18274111675126914
COLO 205,Pralsetinib,179,0.8296089385474861,0.5167597765363129,0.3128491620111732
COLO 205,RMC-6236,300,0.9516666666666667,0.7083333333333334,0.2433333333333333
COLO 205,Ralimetinib dimesylate,300,0.8266666666666667,0.5133333333333333,0.31333333333333335
COLO 205,Regorafenib,300,0.855,0.5283333333333333,0.32666666666666666
COLO 205,SBI-0640756,300,0.7533333333333333,0.54,0.21333333333333326
COLO 205,Sapanisertib,300,0.9,0.51,0.39
COLO 205,Sonidegib,179,0.6871508379888268,0.5391061452513967,0.14804469273743015
COLO 205,TAK-733,300,0.9466666666666667,0.5549999999999999,0.3916666666666667
COLO 205,TAK-901,300,0.9983333333333333,0.995,0.0033333333333332993
COLO 205,Temuterkib,300,0.81,0.5449999999999999,0.2650000000000001
COLO 205,Tomivosertib,300,0.7483333333333333,0.625,0.1233333333333333
COLO 205,Torkinib,252,0.7420634920634921,0.5615079365079365,0.18055555555555558
COLO 205,Trametinib,300,0.94,0.595,0.345
COLO 205,Tubulin inhibitor 6,300,0.755,0.5033333333333334,0.2516666666666666
COLO 205,Tucatinib,300,0.7616666666666667,0.5166666666666666,0.2450000000000001
COLO 205,ULK-101,214,0.7663551401869159,0.530373831775701,0.2359813084112149
COLO 205,Vemurafenib,300,0.89,0.5233333333333333,0.3666666666666667
COLO 205,Volasertib,300,0.73,0.5183333333333333,0.21166666666666667
COLO 205,XRK3F2,300,0.86,0.6083333333333333,0.2516666666666667
COLO 205,c-Kit-IN-1,300,0.93,0.5133333333333333,0.41666666666666674
COLO 205,olaparib,300,0.7183333333333334,0.5033333333333333,0.21500000000000008
COLO 205,palbociclib,300,0.8316666666666667,0.635,0.19666666666666666
COLO 205,venetoclax,134,0.9552238805970149,0.6194029850746269,0.33582089552238803
COLO 205,vincristine,160,0.878125,0.525,0.353125
H4,4EGI-1,150,0.8733333333333333,0.6733333333333333,0.19999999999999996
H4,9-ING-41,300,0.7816666666666666,0.54,0.24166666666666659
H4,APTO-253,300,0.7466666666666667,0.5916666666666667,0.15500000000000003
H4,AT7519,189,0.7301587301587301,0.6084656084656085,0.12169312169312163
H4,AZD-7648,250,0.818,0.618,0.19999999999999996
H4,AZD-8055,300,0.8716666666666667,0.515,0.3566666666666667
H4,AZD1390,192,0.8046875,0.5520833333333333,0.25260416666666674
H4,AZD2858,135,0.662962962962963,0.5259259259259259,0.13703703703703707
H4,Abemaciclib,300,0.9366666666666666,0.78,0.15666666666666662
H4,Adagrasib,163,0.6042944785276073,0.5429447852760736,0.06134969325153372
H4,Afatinib,300,0.8966666666666666,0.5183333333333333,0.3783333333333333
H4,Alpelisib,125,0.84,0.516,0.32399999999999995
H4,Anastrozole,300,0.765,0.52,0.245
H4,BAY1125976,300,0.915,0.62,0.29500000000000004
H4,BI-3406,300,0.9316666666666666,0.865,0.06666666666666665
H4,BI-78D3,300,0.735,0.5133333333333333,0.22166666666666668
H4,Belumosudil (mesylate),157,0.8662420382165605,0.5414012738853503,0.32484076433121023
H4,Belzutifan,149,0.8489932885906041,0.5738255033557047,0.2751677852348994
H4,Bentamapimod,300,0.7866666666666666,0.55,0.23666666666666658
H4,Bimiralisib,300,0.95,0.92,0.029999999999999916
H4,Binimetinib,213,0.9061032863849765,0.6009389671361502,0.30516431924882625
H4,Brivudine,300,0.9766666666666667,0.8783333333333333,0.09833333333333338
H4,CP21R7,184,0.7663043478260869,0.5135869565217391,0.2527173913043478
H4,Capivasertib,209,0.7081339712918661,0.5358851674641149,0.1722488038277512
H4,Capmatinib,192,0.7942708333333334,0.5026041666666666,0.29166666666666674
H4,Celecoxib,203,0.6674876847290641,0.5615763546798029,0.10591133004926112
H4,DT-061,182,0.7884615384615384,0.5796703296703297,0.20879120879120872
H4,Dabrafenib,300,0.8383333333333334,0.6533333333333333,0.18500000000000005
H4,ERK5-IN-2,300,0.86,0.65,0.20999999999999996
H4,ETC-206,291,0.6941580756013745,0.5257731958762887,0.16838487972508587
H4,EX229,276,0.9492753623188406,0.8804347826086957,0.0688405797101449
H4,Encorafenib,300,0.905,0.6033333333333333,0.30166666666666675
H4,Erdafitinib ,300,0.7583333333333333,0.6716666666666666,0.08666666666666667
H4,Everolimus,300,0.665,0.5466666666666666,0.1183333333333334
H4,Futibatinib,168,0.7619047619047619,0.6101190476190477,0.1517857142857142
H4,GSK1059615,300,0.935,0.5083333333333333,0.42666666666666675
H4,Gemcitabine,300,0.7166666666666667,0.5216666666666666,0.19500000000000006
H4,HI-TOPK-032,214,0.9299065420560748,0.6074766355140186,0.32242990654205617
H4,Hydroxyfasudil,130,0.7923076923076923,0.5,0.29230769230769227
H4,IQ 1,198,0.7777777777777778,0.5227272727272727,0.2550505050505051
H4,Infigratinib,236,0.8008474576271186,0.5847457627118644,0.21610169491525422
H4,Ipatasertib,300,0.875,0.5733333333333333,0.30166666666666675
H4,Irinotecan,300,0.7366666666666667,0.5116666666666667,0.22499999999999998
H4,Ixazomib,109,0.8486238532110092,0.7981651376146789,0.050458715596330306
H4,LB-100,276,0.6340579710144928,0.5326086956521738,0.10144927536231896
H4,LJI308,137,0.8357664233576643,0.7372262773722628,0.0985401459854015
H4,LY2090314,300,0.74,0.5316666666666666,0.20833333333333337
H4,Lapatinib ditosylate,300,0.6766666666666666,0.5333333333333333,0.1433333333333333
H4,MK-3903,211,0.8554502369668247,0.533175355450237,0.3222748815165877
H4,MK-8353,266,0.6973684210526315,0.5225563909774437,0.17481203007518786
H4,ML264,300,0.795,0.63,0.16500000000000004
H4,Methylprednisolone succinate,213,0.6549295774647887,0.5046948356807511,0.15023474178403762
H4,Minodronic acid,300,0.7733333333333333,0.5133333333333333,0.26
H4,NG25,112,0.9107142857142857,0.7857142857142857,0.125
H4,NVP-BHG712,300,0.7716666666666666,0.565,0.20666666666666667
H4,OTS514,118,0.7542372881355932,0.5254237288135593,0.22881355932203395
H4,Oleic acid,272,0.6764705882352942,0.5661764705882353,0.11029411764705888
H4,Oxaliplatin,300,0.7766666666666666,0.5083333333333333,0.2683333333333333
H4,PF-06260933,203,0.8719211822660099,0.7389162561576355,0.13300492610837444
H4,PH-797804,300,0.915,0.6383333333333333,0.2766666666666667
H4,Paclitaxel,300,0.8683333333333333,0.5066666666666666,0.3616666666666667
H4,Pemigatinib,198,0.6994949494949495,0.5252525252525253,0.1742424242424242
H4,Pimitespib,146,0.660958904109589,0.5273972602739726,0.13356164383561642
H4,Pralsetinib,202,0.8465346534653465,0.5321782178217822,0.3143564356435643
H4,RMC-6236,300,0.945,0.9033333333333333,0.04166666666666663
H4,Ralimetinib dimesylate,300,0.795,0.5183333333333333,0.2766666666666667
H4,Regorafenib,298,0.7919463087248322,0.5721476510067114,0.2197986577181208
H4,SBI-0640756,185,0.6675675675675675,0.5675675675675675,0.09999999999999998
H4,Sapanisertib,300,0.9583333333333334,0.8049999999999999,0.15333333333333343
H4,TAK-733,288,0.9565972222222222,0.8871527777777778,0.06944444444444442
H4,TAK-901,300,0.995,0.9916666666666667,0.0033333333333332993
H4,Temuterkib,300,0.81,0.6333333333333333,0.17666666666666675
H4,Tomivosertib,300,0.7583333333333333,0.63,0.1283333333333333
H4,Torkinib,133,0.7518796992481203,0.5,0.25187969924812026
H4,Trametinib,300,0.9633333333333334,0.9033333333333333,0.06000000000000005
H4,Tubulin inhibitor 6,225,0.6933333333333334,0.5488888888888889,0.1444444444444445
H4,Tucatinib,300,0.765,0.56,0.20499999999999996
H4,ULK-101,141,0.7375886524822695,0.6063829787234043,0.13120567375886516
H4,Vemurafenib,300,0.7566666666666667,0.5866666666666667,0.17000000000000004
H4,Volasertib,202,0.6905940594059405,0.6188118811881188,0.07178217821782173
H4,XRK3F2,300,0.8216666666666667,0.5266666666666666,0.29500000000000004
H4,c-Kit-IN-1,201,0.945273631840796,0.6169154228855721,0.32835820895522394
H4,olaparib,186,0.8279569892473119,0.6048387096774194,0.2231182795698925
H4,palbociclib,300,0.8,0.5333333333333333,0.2666666666666667
H4,venetoclax,216,0.9351851851851852,0.8587962962962963,0.07638888888888895
H4,vincristine,101,0.8762376237623762,0.7574257425742574,0.1188118811881188
HCT15,4EGI-1,133,0.7142857142857143,0.5263157894736843,0.18796992481203
HCT15,9-ING-41,300,0.7083333333333334,0.5066666666666667,0.20166666666666666
HCT15,APTO-253,300,0.6483333333333333,0.535,0.11333333333333329
HCT15,AT7519,300,0.6283333333333333,0.56,0.06833333333333325
HCT15,AZD-7648,206,0.7621359223300971,0.5121359223300971,0.25
HCT15,AZD-8055,300,0.7716666666666666,0.6,0.17166666666666663
HCT15,AZD1390,199,0.7185929648241206,0.5552763819095478,0.16331658291457285
HCT15,AZD2858,190,0.5631578947368421,0.5263157894736842,0.0368421052631579
HCT15,Abemaciclib,300,0.8283333333333334,0.5783333333333334,0.25
HCT15,Adagrasib,221,0.6085972850678733,0.5452488687782805,0.06334841628959276
HCT15,Afatinib,300,0.905,0.665,0.24
HCT15,Anastrozole,300,0.645,0.5016666666666667,0.1433333333333333
HCT15,BAY1125976,300,0.825,0.6333333333333333,0.19166666666666665
HCT15,BI-3406,300,0.865,0.5866666666666667,0.2783333333333333
HCT15,BI-78D3,300,0.6483333333333333,0.515,0.1333333333333333
HCT15,Belumosudil (mesylate),191,0.7486910994764397,0.5863874345549738,0.16230366492146597
HCT15,Bentamapimod,300,0.6933333333333334,0.5233333333333333,0.17000000000000004
HCT15,Bimiralisib,300,0.9283333333333333,0.66,0.2683333333333333
HCT15,Binimetinib,172,0.8255813953488372,0.5901162790697674,0.23546511627906985
HCT15,Bortezomib,240,0.9666666666666667,0.95,0.01666666666666672
HCT15,Brivudine,300,0.9166666666666666,0.6016666666666667,0.31499999999999995
HCT15,CP21R7,255,0.7,0.5431372549019607,0.1568627450980392
HCT15,Capivasertib,232,0.6120689655172413,0.5431034482758621,0.06896551724137923
HCT15,Capmatinib,167,0.7544910179640718,0.5568862275449101,0.19760479041916168
HCT15,Celecoxib,230,0.6043478260869565,0.5304347826086957,0.07391304347826078
HCT15,DT-061,172,0.7093023255813954,0.5436046511627907,0.16569767441860472
HCT15,DTP3,183,0.6502732240437158,0.5437158469945356,0.10655737704918022
HCT15,Dabrafenib,300,0.77,0.6116666666666667,0.15833333333333333
HCT15,ERK5-IN-2,300,0.7683333333333333,0.5733333333333333,0.19500000000000006
HCT15,ETC-206,300,0.61,0.5383333333333333,0.07166666666666666
HCT15,EX229,300,0.8133333333333334,0.6066666666666667,0.20666666666666667
HCT15,Elimusertib hydrochloride,124,0.8064516129032258,0.6612903225806451,0.14516129032258063
HCT15,Encorafenib,300,0.7766666666666666,0.5933333333333334,0.18333333333333324
HCT15,Erdafitinib ,300,0.615,0.5066666666666667,0.10833333333333328
HCT15,Everolimus,300,0.6033333333333334,0.5283333333333333,0.07500000000000007
HCT15,Futibatinib,148,0.6824324324324325,0.5405405405405406,0.14189189189189189
HCT15,GSK1059615,300,0.905,0.5183333333333333,0.3866666666666667
HCT15,Gemcitabine,300,0.6583333333333333,0.5116666666666667,0.1466666666666666
HCT15,HI-TOPK-032,263,0.8574144486692015,0.5684410646387833,0.28897338403041817
HCT15,Hydroxyfasudil,213,0.6126760563380281,0.5140845070422535,0.09859154929577463
HCT15,IQ 1,134,0.6865671641791045,0.5261194029850746,0.16044776119402981
HCT15,Infigratinib,300,0.8083333333333333,0.6416666666666667,0.16666666666666663
HCT15,Ipatasertib,300,0.74,0.5733333333333333,0.16666666666666674
HCT15,Irinotecan,300,0.7033333333333334,0.5016666666666667,0.20166666666666666
HCT15,Ixazomib,230,0.7565217391304347,0.5826086956521739,0.17391304347826086
HCT15,LB-100,300,0.655,0.5333333333333333,0.1216666666666667
HCT15,LJI308,174,0.6379310344827587,0.5603448275862069,0.07758620689655182
HCT15,LY2090314,300,0.6433333333333333,0.54,0.10333333333333328
HCT15,Lapatinib ditosylate,300,0.5883333333333334,0.5216666666666667,0.06666666666666665
HCT15,Lonafarnib,132,0.8598484848484849,0.5037878787878788,0.3560606060606061
HCT15,MK-3903,197,0.7614213197969543,0.6421319796954315,0.11928934010152281
HCT15,MK-8353,270,0.6370370370370371,0.5111111111111111,0.125925925925926
HCT15,ML264,300,0.705,0.56,0.1449999999999999
HCT15,Methylprednisolone succinate,292,0.625,0.5154109589041096,0.1095890410958904
HCT15,Minodronic acid,300,0.695,0.505,0.18999999999999995
HCT15,NG25,178,0.8314606741573034,0.5955056179775281,0.2359550561797753
HCT15,NVP-BHG712,300,0.6816666666666666,0.51,0.17166666666666663
HCT15,Oleic acid,300,0.6416666666666667,0.5183333333333333,0.1233333333333334
HCT15,Oxaliplatin,300,0.7133333333333334,0.5683333333333334,0.14500000000000002
HCT15,PF-06260933,255,0.8549019607843137,0.6490196078431373,0.2058823529411764
HCT15,PH-797804,269,0.8197026022304833,0.6319702602230484,0.18773234200743494
HCT15,Paclitaxel,300,0.7666666666666667,0.5066666666666667,0.26
HCT15,Pemigatinib,197,0.6243654822335025,0.5,0.12436548223350252
HCT15,Pimitespib,150,0.6633333333333333,0.5033333333333334,0.15999999999999992
HCT15,Pralsetinib,190,0.7710526315789473,0.6026315789473684,0.16842105263157892
HCT15,RMC-6236,300,0.9,0.6916666666666667,0.20833333333333337
HCT15,Ralimetinib dimesylate,300,0.6916666666666667,0.5133333333333333,0.17833333333333334
HCT15,Regorafenib,300,0.73,0.5266666666666666,0.20333333333333337
HCT15,SBI-0640756,221,0.6312217194570136,0.5384615384615384,0.09276018099547512
HCT15,Sapanisertib,300,0.8,0.6316666666666666,0.16833333333333345
HCT15,TAK-733,300,0.8133333333333334,0.565,0.2483333333333334
HCT15,TAK-901,300,0.9766666666666667,0.8916666666666666,0.08500000000000008
HCT15,Temuterkib,300,0.6983333333333334,0.555,0.1433333333333333
HCT15,Tomivosertib,300,0.7416666666666667,0.6033333333333334,0.1383333333333333
HCT15,Torkinib,157,0.7356687898089171,0.5700636942675159,0.16560509554140124
HCT15,Trametinib,300,0.9216666666666666,0.6233333333333333,0.29833333333333334
HCT15,Tubulin inhibitor 6,250,0.614,0.502,0.11199999999999999
HCT15,Tucatinib,300,0.655,0.5116666666666667,0.1433333333333333
HCT15,ULK-101,159,0.6855345911949685,0.5408805031446541,0.14465408805031443
HCT15,Vemurafenib,300,0.7516666666666667,0.5316666666666667,0.21999999999999997
HCT15,Volasertib,300,0.6416666666666667,0.5333333333333333,0.10833333333333339
HCT15,XRK3F2,300,0.7566666666666667,0.5316666666666667,0.22499999999999998
HCT15,c-Kit-IN-1,300,0.77,0.5966666666666667,0.17333333333333334
HCT15,olaparib,300,0.71,0.5616666666666666,0.14833333333333332
HCT15,palbociclib,284,0.8133802816901409,0.6390845070422535,0.17429577464788737
HCT15,venetoclax,230,0.9,0.7434782608695651,0.15652173913043488
HCT15,vincristine,187,0.7914438502673797,0.5213903743315508,0.27005347593582896
HEC-1-A,4EGI-1,300,0.785,0.5083333333333333,0.2766666666666667
HEC-1-A,9-ING-41,300,0.7883333333333333,0.5266666666666666,0.2616666666666667
HEC-1-A,APTO-253,300,0.6816666666666666,0.53,0.15166666666666662
HEC-1-A,AT7519,300,0.6483333333333333,0.5166666666666666,0.1316666666666667
HEC-1-A,AZD-7648,300,0.9233333333333333,0.545,0.3783333333333333
HEC-1-A,AZD-8055,300,0.9066666666666666,0.7783333333333333,0.1283333333333333
HEC-1-A,AZD1390,300,0.7566666666666667,0.5683333333333334,0.18833333333333335
HEC-1-A,AZD2858,300,0.6933333333333334,0.525,0.16833333333333333
HEC-1-A,Abemaciclib,300,0.895,0.7316666666666667,0.16333333333333333
HEC-1-A,Adagrasib,300,0.6366666666666667,0.5733333333333333,0.06333333333333346
HEC-1-A,Afatinib,300,0.9533333333333334,0.7883333333333333,0.16500000000000004
HEC-1-A,Alpelisib,300,0.9333333333333333,0.7166666666666667,0.21666666666666667
HEC-1-A,Anastrozole,300,0.665,0.5566666666666666,0.10833333333333339
HEC-1-A,BAY1125976,300,0.8966666666666666,0.73,0.16666666666666663
HEC-1-A,BI-3406,300,0.9316666666666666,0.71,0.22166666666666668
HEC-1-A,BI-78D3,300,0.7066666666666667,0.5316666666666667,0.17499999999999993
HEC-1-A,Belumosudil (mesylate),300,0.7333333333333333,0.51,0.22333333333333327
HEC-1-A,Belzutifan,300,0.8666666666666667,0.515,0.3516666666666667
HEC-1-A,Bentamapimod,300,0.7066666666666667,0.5216666666666666,0.18500000000000005
HEC-1-A,Bimiralisib,300,0.945,0.8533333333333333,0.09166666666666667
HEC-1-A,Binimetinib,300,0.92,0.7116666666666667,0.20833333333333337
HEC-1-A,Bortezomib,300,0.98,0.9383333333333334,0.04166666666666663
HEC-1-A,Brivudine,300,0.9283333333333333,0.8483333333333334,0.07999999999999996
HEC-1-A,CP21R7,300,0.6816666666666666,0.5333333333333333,0.14833333333333332
HEC-1-A,Capivasertib,300,0.6883333333333334,0.5333333333333333,0.15500000000000003
HEC-1-A,Capmatinib,300,0.855,0.5283333333333333,0.32666666666666666
HEC-1-A,Celecoxib,300,0.6533333333333333,0.525,0.1283333333333333
HEC-1-A,DT-061,300,0.86,0.5116666666666667,0.3483333333333333
HEC-1-A,DTP3,300,0.8533333333333334,0.5083333333333333,0.3450000000000001
HEC-1-A,Dabrafenib,300,0.825,0.5883333333333334,0.23666666666666658
HEC-1-A,ERK5-IN-2,300,0.8983333333333333,0.6466666666666666,0.2516666666666667
HEC-1-A,ETC-206,300,0.6783333333333333,0.5333333333333333,0.14500000000000002
HEC-1-A,EX229,300,0.9,0.7433333333333334,0.15666666666666662
HEC-1-A,Elimusertib hydrochloride,300,0.9,0.5783333333333334,0.32166666666666666
HEC-1-A,Encorafenib,300,0.8366666666666667,0.5133333333333333,0.32333333333333336
HEC-1-A,Erdafitinib ,300,0.7483333333333333,0.5583333333333333,0.18999999999999995
HEC-1-A,Everolimus,300,0.6866666666666666,0.5466666666666666,0.14
HEC-1-A,Futibatinib,300,0.735,0.585,0.15000000000000002
HEC-1-A,GSK1059615,300,0.97,0.87,0.09999999999999998
HEC-1-A,Gemcitabine,300,0.76,0.51,0.25
HEC-1-A,HI-TOPK-032,300,0.8983333333333333,0.7016666666666667,0.19666666666666666
HEC-1-A,Hydroxyfasudil,300,0.6516666666666666,0.5233333333333333,0.1283333333333333
HEC-1-A,IQ 1,300,0.86,0.5516666666666667,0.30833333333333324
HEC-1-A,Infigratinib,300,0.8083333333333333,0.5416666666666667,0.2666666666666666
HEC-1-A,Ipatasertib,300,0.8216666666666667,0.5083333333333333,0.31333333333333335
HEC-1-A,Irinotecan,300,0.7583333333333333,0.5316666666666667,0.22666666666666657
HEC-1-A,Ixazomib,300,0.8666666666666667,0.5483333333333333,0.31833333333333336
HEC-1-A,LB-100,300,0.6683333333333333,0.515,0.15333333333333332
HEC-1-A,LJI308,300,0.71,0.5983333333333334,0.11166666666666658
HEC-1-A,LY-2584702 (tosylate salt),300,0.7366666666666667,0.5016666666666667,0.235
HEC-1-A,LY2090314,300,0.7033333333333334,0.5483333333333333,0.15500000000000003
HEC-1-A,Lapatinib ditosylate,300,0.6883333333333334,0.5283333333333333,0.16000000000000003
HEC-1-A,MK-3903,300,0.8883333333333333,0.535,0.3533333333333333
HEC-1-A,MK-8353,300,0.6783333333333333,0.5516666666666667,0.1266666666666666
HEC-1-A,ML264,300,0.7933333333333333,0.51,0.2833333333333333
HEC-1-A,Methylprednisolone succinate,300,0.6716666666666666,0.56,0.11166666666666658
HEC-1-A,Minodronic acid,300,0.755,0.5266666666666666,0.2283333333333334
HEC-1-A,NG25,300,0.9366666666666666,0.5183333333333333,0.41833333333333333
HEC-1-A,NVP-BHG712,300,0.7516666666666667,0.5433333333333333,0.20833333333333337
HEC-1-A,OTS514,300,0.78,0.5533333333333333,0.22666666666666668
HEC-1-A,Oleic acid,300,0.65,0.5433333333333333,0.10666666666666669
HEC-1-A,Oxaliplatin,300,0.7183333333333334,0.565,0.15333333333333343
HEC-1-A,PF-06260933,300,0.875,0.5466666666666666,0.32833333333333337
HEC-1-A,PH-797804,300,0.98,0.9766666666666667,0.0033333333333332993
HEC-1-A,Paclitaxel,300,0.85,0.5416666666666667,0.30833333333333324
HEC-1-A,Pemigatinib,300,0.7316666666666667,0.5033333333333333,0.2283333333333334
HEC-1-A,Pimitespib,300,0.665,0.5533333333333333,0.11166666666666669
HEC-1-A,Pralsetinib,300,0.8,0.5933333333333334,0.20666666666666667
HEC-1-A,RMC-6236,300,0.9466666666666667,0.7,0.2466666666666667
HEC-1-A,Ralimetinib dimesylate,300,0.7316666666666667,0.5133333333333333,0.21833333333333338
HEC-1-A,Regorafenib,300,0.79,0.5133333333333333,0.2766666666666667
HEC-1-A,SBI-0640756,300,0.72,0.5133333333333333,0.20666666666666667
HEC-1-A,Sapanisertib,300,0.8933333333333333,0.6016666666666667,0.29166666666666663
HEC-1-A,Sonidegib,300,0.6983333333333334,0.5966666666666667,0.10166666666666668
HEC-1-A,TAK-733,300,0.93,0.84,0.09000000000000008
HEC-1-A,TAK-901,300,0.9816666666666667,0.9683333333333334,0.013333333333333308
HEC-1-A,Temuterkib,300,0.7766666666666666,0.555,0.22166666666666657
HEC-1-A,Tomivosertib,300,0.7666666666666667,0.6416666666666666,0.1250000000000001
HEC-1-A,Torkinib,300,0.7283333333333334,0.5483333333333333,0.18000000000000005
HEC-1-A,Trametinib,300,0.9483333333333334,0.81,0.1383333333333333
HEC-1-A,Tubulin inhibitor 6,300,0.7016666666666667,0.5433333333333333,0.15833333333333333
HEC-1-A,Tucatinib,300,0.7416666666666667,0.5466666666666666,0.19500000000000006
HEC-1-A,ULK-101,300,0.7683333333333333,0.5549999999999999,0.21333333333333337
HEC-1-A,Vemurafenib,300,0.8716666666666667,0.5633333333333334,0.30833333333333335
HEC-1-A,Volasertib,300,0.7,0.5083333333333333,0.19166666666666665
HEC-1-A,XRK3F2,300,0.86,0.5666666666666667,0.29333333333333333
HEC-1-A,c-Kit-IN-1,300,0.9083333333333333,0.7066666666666667,0.20166666666666666
HEC-1-A,olaparib,300,0.7116666666666667,0.5733333333333334,0.1383333333333333
HEC-1-A,palbociclib,300,0.9166666666666666,0.675,0.24166666666666659
HEC-1-A,venetoclax,300,0.91,0.885,0.025000000000000022
HEC-1-A,vincristine,300,0.765,0.5266666666666666,0.2383333333333334
HOP62,4EGI-1,300,0.8683333333333333,0.51,0.3583333333333333
HOP62,9-ING-41,300,0.8066666666666666,0.5883333333333334,0.21833333333333327
HOP62,APTO-253,300,0.7783333333333333,0.5833333333333333,0.19500000000000006
HOP62,AT7519,300,0.72,0.5366666666666666,0.18333333333333335
HOP62,AZD-7648,300,0.9066666666666666,0.7983333333333333,0.10833333333333328
HOP62,AZD-8055,300,0.9183333333333333,0.775,0.1433333333333333
HOP62,AZD1390,300,0.7983333333333333,0.5133333333333333,0.28500000000000003
HOP62,AZD2858,300,0.7466666666666667,0.5349999999999999,0.21166666666666678
HOP62,Abemaciclib,300,0.9316666666666666,0.79,0.1416666666666666
HOP62,Adagrasib,300,0.7983333333333333,0.6166666666666667,0.18166666666666664
HOP62,Afatinib,300,0.9583333333333334,0.8583333333333334,0.09999999999999998
HOP62,Alpelisib,300,0.93,0.8316666666666667,0.09833333333333338
HOP62,Anastrozole,300,0.7483333333333333,0.515,0.23333333333333328
HOP62,BAY1125976,300,0.9166666666666666,0.685,0.23166666666666658
HOP62,BI-3406,300,0.9483333333333334,0.875,0.07333333333333336
HOP62,BI-78D3,300,0.7366666666666667,0.52,0.21666666666666667
HOP62,Belumosudil (mesylate),300,0.7766666666666666,0.5916666666666667,0.18499999999999994
HOP62,Belzutifan,300,0.875,0.5133333333333333,0.3616666666666667
HOP62,Bentamapimod,300,0.7816666666666666,0.505,0.2766666666666666
HOP62,Bimiralisib,300,0.9733333333333334,0.9066666666666666,0.06666666666666676
HOP62,Binimetinib,300,0.9566666666666667,0.8833333333333333,0.07333333333333336
HOP62,Bortezomib,300,0.9666666666666667,0.955,0.011666666666666714
HOP62,Brivudine,300,0.98,0.9283333333333333,0.05166666666666664
HOP62,CP21R7,300,0.6866666666666666,0.53,0.15666666666666662
HOP62,Capivasertib,300,0.7466666666666667,0.5316666666666666,0.21500000000000008
HOP62,Capmatinib,300,0.9316666666666666,0.845,0.08666666666666667
HOP62,Celecoxib,300,0.6866666666666666,0.5316666666666667,0.15499999999999992
HOP62,DT-061,300,0.8433333333333334,0.6333333333333333,0.21000000000000008
HOP62,DTP3,300,0.8366666666666667,0.565,0.2716666666666667
HOP62,Dabrafenib,300,0.865,0.6516666666666666,0.21333333333333337
HOP62,ERK5-IN-2,300,0.9266666666666666,0.8266666666666667,0.09999999999999998
HOP62,ETC-206,300,0.7183333333333334,0.51,0.20833333333333337
HOP62,EX229,300,0.9216666666666666,0.8233333333333334,0.09833333333333327
HOP62,Elimusertib hydrochloride,300,0.9533333333333334,0.9083333333333333,0.04500000000000004
HOP62,Encorafenib,300,0.9016666666666666,0.6516666666666666,0.25
HOP62,Erdafitinib ,300,0.78,0.5083333333333333,0.2716666666666667
HOP62,Everolimus,300,0.6733333333333333,0.505,0.16833333333333333
HOP62,Futibatinib,300,0.815,0.5983333333333334,0.21666666666666656
HOP62,GSK1059615,300,0.9516666666666667,0.8533333333333333,0.09833333333333338
HOP62,Gemcitabine,300,0.7416666666666667,0.5800000000000001,0.16166666666666663
HOP62,HI-TOPK-032,300,0.9516666666666667,0.8966666666666666,0.05500000000000005
HOP62,Hydroxyfasudil,300,0.7483333333333333,0.615,0.1333333333333333
HOP62,IQ 1,300,0.8766666666666667,0.6966666666666667,0.18000000000000005
HOP62,Infigratinib,300,0.8666666666666667,0.5016666666666667,0.365
HOP62,Ipatasertib,300,0.885,0.5583333333333333,0.32666666666666666
HOP62,Irinotecan,300,0.83,0.6166666666666667,0.21333333333333326
HOP62,Ixazomib,300,0.93,0.8816666666666667,0.04833333333333334
HOP62,LB-100,300,0.7,0.5133333333333333,0.18666666666666665
HOP62,LJI308,300,0.77,0.595,0.17500000000000004
HOP62,LY-2584702 (tosylate salt),300,0.825,0.625,0.19999999999999996
HOP62,LY2090314,300,0.7216666666666667,0.5166666666666666,0.20500000000000007
HOP62,Lapatinib ditosylate,300,0.7516666666666667,0.6133333333333333,0.13833333333333342
HOP62,Lonafarnib,129,0.9806201550387597,0.9767441860465116,0.003875968992248069
HOP62,MK-3903,300,0.8783333333333333,0.6416666666666667,0.23666666666666658
HOP62,MK-8353,300,0.74,0.5116666666666667,0.22833333333333328
HOP62,ML264,300,0.8116666666666666,0.5133333333333333,0.29833333333333334
HOP62,Methylprednisolone succinate,300,0.7133333333333334,0.545,0.16833333333333333
HOP62,Minodronic acid,300,0.7616666666666667,0.5183333333333333,0.2433333333333334
HOP62,NG25,300,0.9633333333333334,0.9083333333333333,0.05500000000000005
HOP62,NVP-BHG712,300,0.8266666666666667,0.555,0.2716666666666666
HOP62,OTS514,300,0.7933333333333333,0.5166666666666666,0.2766666666666667
HOP62,Oleic acid,300,0.7166666666666667,0.5183333333333333,0.19833333333333336
HOP62,Oxaliplatin,300,0.7616666666666667,0.5349999999999999,0.2266666666666668
HOP62,PF-06260933,300,0.9433333333333334,0.7016666666666667,0.2416666666666667
HOP62,PH-797804,300,0.9883333333333333,0.98,0.008333333333333304
HOP62,Paclitaxel,300,0.9133333333333333,0.6599999999999999,0.2533333333333334
HOP62,Pemigatinib,300,0.73,0.5066666666666667,0.22333333333333327
HOP62,Pimitespib,300,0.775,0.54,0.235
HOP62,Pralsetinib,300,0.91,0.7116666666666667,0.19833333333333336
HOP62,RMC-6236,300,0.9633333333333334,0.9133333333333333,0.050000000000000044
HOP62,Ralimetinib dimesylate,300,0.8016666666666666,0.52,0.2816666666666666
HOP62,Regorafenib,300,0.875,0.7883333333333333,0.08666666666666667
HOP62,SBI-0640756,300,0.7783333333333333,0.5466666666666666,0.2316666666666667
HOP62,Sapanisertib,300,0.8983333333333333,0.5449999999999999,0.3533333333333334
HOP62,Sonidegib,300,0.785,0.7133333333333334,0.07166666666666666
HOP62,TAK-733,300,0.975,0.8866666666666667,0.08833333333333326
HOP62,TAK-901,300,0.995,0.9666666666666667,0.02833333333333332
HOP62,Temuterkib,300,0.815,0.58,0.235
HOP62,Tomivosertib,300,0.745,0.65,0.09499999999999997
HOP62,Torkinib,300,0.8166666666666667,0.6233333333333333,0.19333333333333336
HOP62,Trametinib,300,0.98,0.95,0.030000000000000027
HOP62,Tubulin inhibitor 6,300,0.7083333333333334,0.5766666666666667,0.1316666666666667
HOP62,Tucatinib,300,0.7716666666666666,0.5583333333333333,0.21333333333333326
HOP62,ULK-101,300,0.8083333333333333,0.6166666666666667,0.19166666666666665
HOP62,Vemurafenib,300,0.8883333333333333,0.5683333333333334,0.31999999999999995
HOP62,Volasertib,300,0.7066666666666667,0.5183333333333333,0.18833333333333335
HOP62,XRK3F2,300,0.915,0.6366666666666667,0.2783333333333333
HOP62,c-Kit-IN-1,300,0.9166666666666666,0.7533333333333333,0.16333333333333333
HOP62,olaparib,300,0.845,0.6633333333333333,0.18166666666666664
HOP62,palbociclib,300,0.8766666666666667,0.5066666666666667,0.37
HOP62,venetoclax,300,0.9716666666666667,0.8833333333333333,0.08833333333333337
HOP62,vincristine,300,0.9,0.6816666666666666,0.21833333333333338
HS-578T,4EGI-1,300,0.8983333333333333,0.5516666666666667,0.34666666666666657
HS-578T,9-ING-41,300,0.7883333333333333,0.5766666666666667,0.21166666666666667
HS-578T,APTO-253,300,0.7683333333333333,0.5783333333333334,0.18999999999999995
HS-578T,AT7519,300,0.7383333333333333,0.5116666666666667,0.22666666666666657
HS-578T,AZD-7648,300,0.8883333333333333,0.5133333333333333,0.375
HS-578T,AZD-8055,300,0.8966666666666666,0.53,0.3666666666666666
HS-578T,AZD1390,300,0.83,0.5083333333333333,0.32166666666666666
HS-578T,AZD2858,214,0.7453271028037384,0.5654205607476636,0.17990654205607481
HS-578T,Abemaciclib,300,0.945,0.5666666666666667,0.3783333333333333
HS-578T,Adagrasib,300,0.6166666666666667,0.5433333333333333,0.07333333333333336
HS-578T,Afatinib,300,0.9283333333333333,0.5633333333333334,0.365
HS-578T,Alpelisib,300,0.9166666666666666,0.53,0.3866666666666666
HS-578T,Anastrozole,300,0.76,0.5116666666666667,0.2483333333333333
HS-578T,BAY1125976,300,0.9566666666666667,0.5716666666666667,0.385
HS-578T,BI-3406,300,0.9266666666666666,0.52,0.4066666666666666
HS-578T,BI-78D3,300,0.76,0.5416666666666667,0.21833333333333327
HS-578T,Belumosudil (mesylate),300,0.8933333333333333,0.5066666666666667,0.3866666666666666
HS-578T,Belzutifan,300,0.8966666666666666,0.5833333333333333,0.31333333333333335
HS-578T,Bentamapimod,300,0.835,0.5466666666666666,0.28833333333333333
HS-578T,Bimiralisib,300,0.9633333333333334,0.7666666666666667,0.19666666666666666
HS-578T,Binimetinib,300,0.9116666666666666,0.5383333333333333,0.3733333333333333
HS-578T,Bortezomib,117,0.9615384615384616,0.9615384615384616,0.0
HS-578T,Brivudine,300,0.98,0.8,0.17999999999999994
HS-578T,CP21R7,300,0.7733333333333333,0.515,0.2583333333333333
HS-578T,Capivasertib,300,0.7283333333333334,0.5266666666666666,0.20166666666666677
HS-578T,Capmatinib,300,0.8533333333333334,0.5083333333333333,0.3450000000000001
HS-578T,Celecoxib,300,0.6783333333333333,0.5016666666666667,0.17666666666666664
HS-578T,DT-061,300,0.8016666666666666,0.5316666666666667,0.2699999999999999
HS-578T,DTP3,300,0.8716666666666667,0.5233333333333333,0.3483333333333334
HS-578T,Dabrafenib,300,0.8833333333333333,0.6116666666666667,0.2716666666666666
HS-578T,ERK5-IN-2,300,0.9066666666666666,0.5183333333333333,0.3883333333333333
HS-578T,ETC-206,300,0.735,0.5033333333333334,0.23166666666666658
HS-578T,EX229,300,0.9533333333333334,0.52,0.43333333333333335
HS-578T,Elimusertib hydrochloride,300,0.9333333333333333,0.5733333333333333,0.3600000000000001
HS-578T,Encorafenib,300,0.8916666666666667,0.5833333333333334,0.30833333333333335
HS-578T,Erdafitinib ,300,0.79,0.565,0.2250000000000001
HS-578T,Everolimus,300,0.795,0.5066666666666667,0.28833333333333333
HS-578T,Futibatinib,300,0.8116666666666666,0.655,0.15666666666666662
HS-578T,GSK1059615,300,0.9683333333333334,0.515,0.45333333333333337
HS-578T,Gemcitabine,300,0.7816666666666666,0.51,0.2716666666666666
HS-578T,HI-TOPK-032,300,0.955,0.5900000000000001,0.3649999999999999
HS-578T,Hydroxyfasudil,300,0.8216666666666667,0.585,0.2366666666666667
HS-578T,IQ 1,300,0.8916666666666667,0.5683333333333334,0.32333333333333336
HS-578T,Infigratinib,300,0.8716666666666667,0.505,0.3666666666666667
HS-578T,Ipatasertib,300,0.9033333333333333,0.53,0.3733333333333333
HS-578T,Irinotecan,300,0.8166666666666667,0.5033333333333334,0.31333333333333324
HS-578T,Ixazomib,300,0.95,0.5549999999999999,0.395
HS-578T,LB-100,300,0.6966666666666667,0.5016666666666667,0.19499999999999995
HS-578T,LJI308,300,0.8383333333333334,0.5633333333333334,0.275
HS-578T,LY-2584702 (tosylate salt),300,0.8133333333333334,0.5233333333333333,0.29000000000000004
HS-578T,LY2090314,300,0.7183333333333334,0.5833333333333334,0.135
HS-578T,Lapatinib ditosylate,300,0.7666666666666667,0.575,0.19166666666666676
HS-578T,MK-3903,300,0.85,0.5116666666666667,0.33833333333333326
HS-578T,MK-8353,300,0.715,0.5316666666666666,0.18333333333333335
HS-578T,ML264,300,0.8166666666666667,0.5283333333333333,0.28833333333333333
HS-578T,Methylprednisolone succinate,300,0.7216666666666667,0.5116666666666667,0.20999999999999996
HS-578T,Minodronic acid,300,0.83,0.5316666666666666,0.29833333333333334
HS-578T,NG25,300,0.9516666666666667,0.71,0.2416666666666667
HS-578T,NVP-BHG712,300,0.855,0.515,0.33999999999999997
HS-578T,OTS514,300,0.85,0.56,0.2899999999999999
HS-578T,Oleic acid,300,0.7216666666666667,0.5166666666666667,0.20499999999999996
HS-578T,Oxaliplatin,300,0.8233333333333334,0.53,0.29333333333333333
HS-578T,PF-06260933,300,0.8933333333333333,0.5449999999999999,0.3483333333333334
HS-578T,PH-797804,300,0.98,0.92,0.05999999999999994
HS-578T,Paclitaxel,300,0.8683333333333333,0.5016666666666667,0.3666666666666666
HS-578T,Pemigatinib,300,0.8133333333333334,0.5116666666666667,0.30166666666666664
HS-578T,Pimitespib,300,0.7466666666666667,0.5316666666666667,0.21499999999999997
HS-578T,Pralsetinib,270,0.9333333333333333,0.7166666666666667,0.21666666666666667
HS-578T,RMC-6236,300,0.9666666666666667,0.5616666666666666,0.405
HS-578T,Ralimetinib dimesylate,300,0.8416666666666667,0.5466666666666666,0.29500000000000004
HS-578T,Regorafenib,300,0.8116666666666666,0.5233333333333333,0.28833333333333333
HS-578T,SBI-0640756,300,0.7816666666666666,0.515,0.2666666666666666
HS-578T,Sapanisertib,300,0.9466666666666667,0.52,0.42666666666666664
HS-578T,Sonidegib,300,0.8066666666666666,0.5583333333333333,0.2483333333333333
HS-578T,TAK-733,300,0.9516666666666667,0.5116666666666667,0.43999999999999995
HS-578T,TAK-901,300,0.99,0.98,0.010000000000000009
HS-578T,Temuterkib,300,0.8366666666666667,0.5466666666666666,0.29000000000000004
HS-578T,Tomivosertib,300,0.76,0.6083333333333334,0.15166666666666662
HS-578T,Torkinib,257,0.7626459143968871,0.5038910505836576,0.25875486381322954
HS-578T,Trametinib,300,0.9683333333333334,0.8166666666666667,0.15166666666666673
HS-578T,Tubulin inhibitor 6,300,0.75,0.5066666666666667,0.2433333333333333
HS-578T,Tucatinib,300,0.8116666666666666,0.5266666666666666,0.28500000000000003
HS-578T,ULK-101,300,0.775,0.56,0.21499999999999997
HS-578T,Vemurafenib,300,0.785,0.5583333333333333,0.22666666666666668
HS-578T,Volasertib,300,0.7233333333333334,0.5033333333333334,0.21999999999999997
HS-578T,XRK3F2,300,0.8216666666666667,0.5533333333333333,0.2683333333333333
HS-578T,c-Kit-IN-1,300,0.9566666666666667,0.5816666666666667,0.375
HS-578T,olaparib,300,0.88,0.505,0.375
HS-578T,palbociclib,300,0.83,0.55,0.2799999999999999
HS-578T,venetoclax,300,0.945,0.7683333333333333,0.17666666666666664
HS-578T,vincristine,300,0.84,0.5083333333333333,0.33166666666666667
HT-29,4EGI-1,300,0.845,0.5766666666666667,0.2683333333333333
HT-29,9-ING-41,300,0.7816666666666666,0.5333333333333333,0.2483333333333333
HT-29,APTO-253,300,0.72,0.5466666666666666,0.17333333333333334
HT-29,AT7519,300,0.7183333333333334,0.5666666666666667,0.15166666666666673
HT-29,AZD-7648,300,0.87,0.5333333333333333,0.33666666666666667
HT-29,AZD-8055,300,0.8466666666666667,0.5366666666666666,0.31000000000000005
HT-29,AZD1390,300,0.85,0.5133333333333333,0.33666666666666667
HT-29,AZD2858,300,0.7083333333333334,0.5066666666666667,0.20166666666666666
HT-29,Abemaciclib,300,0.9283333333333333,0.6383333333333333,0.29000000000000004
HT-29,Adagrasib,300,0.6066666666666667,0.555,0.05166666666666664
HT-29,Afatinib,300,0.9466666666666667,0.5783333333333334,0.3683333333333333
HT-29,Alpelisib,300,0.8616666666666667,0.5516666666666667,0.30999999999999994
HT-29,Anastrozole,300,0.77,0.505,0.265
HT-29,BAY1125976,300,0.905,0.675,0.22999999999999998
HT-29,BI-3406,300,0.8383333333333334,0.5416666666666667,0.29666666666666663
HT-29,BI-78D3,300,0.765,0.5383333333333333,0.22666666666666668
HT-29,Belumosudil (mesylate),300,0.8016666666666666,0.5533333333333333,0.2483333333333333
HT-29,Belzutifan,300,0.8616666666666667,0.5683333333333334,0.29333333333333333
HT-29,Bentamapimod,300,0.8716666666666667,0.5116666666666667,0.36
HT-29,Bimiralisib,300,0.9266666666666666,0.5366666666666666,0.39
HT-29,Binimetinib,300,0.91,0.51,0.4
HT-29,Bortezomib,300,0.9783333333333334,0.9766666666666667,0.0016666666666667052
HT-29,Brivudine,300,0.9566666666666667,0.7933333333333333,0.16333333333333333
HT-29,CP21R7,300,0.685,0.5516666666666666,0.13333333333333341
HT-29,Capivasertib,300,0.7583333333333333,0.5533333333333333,0.20499999999999996
HT-29,Capmatinib,300,0.8466666666666667,0.56,0.2866666666666666
HT-29,Celecoxib,300,0.695,0.5166666666666667,0.17833333333333323
HT-29,DT-061,300,0.8066666666666666,0.5283333333333333,0.2783333333333333
HT-29,DTP3,300,0.7883333333333333,0.5383333333333333,0.25
HT-29,Dabrafenib,300,0.8683333333333333,0.5883333333333334,0.2799999999999999
HT-29,ERK5-IN-2,300,0.8866666666666667,0.6116666666666667,0.275
HT-29,ETC-206,300,0.7483333333333333,0.5183333333333333,0.22999999999999998
HT-29,EX229,300,0.9566666666666667,0.635,0.32166666666666666
HT-29,Elimusertib hydrochloride,300,0.9266666666666666,0.6283333333333334,0.29833333333333323
HT-29,Encorafenib,300,0.9166666666666666,0.585,0.33166666666666667
HT-29,Erdafitinib ,300,0.7633333333333333,0.5683333333333334,0.19499999999999995
HT-29,Everolimus,300,0.7133333333333334,0.5233333333333333,0.19000000000000006
HT-29,Futibatinib,300,0.8016666666666666,0.61,0.19166666666666665
HT-29,GSK1059615,300,0.9366666666666666,0.5,0.43666666666666665
HT-29,Gemcitabine,300,0.7566666666666667,0.5233333333333333,0.2333333333333334
HT-29,HI-TOPK-032,300,0.9116666666666666,0.7083333333333333,0.20333333333333337
HT-29,Hydroxyfasudil,300,0.7266666666666667,0.515,0.21166666666666667
HT-29,IQ 1,300,0.835,0.5216666666666666,0.31333333333333335
HT-29,Infigratinib,300,0.8116666666666666,0.5966666666666667,0.21499999999999997
HT-29,Ipatasertib,300,0.8516666666666667,0.5083333333333333,0.3433333333333334
HT-29,Irinotecan,300,0.79,0.5016666666666667,0.28833333333333333
HT-29,Ixazomib,300,0.825,0.5583333333333333,0.2666666666666666
HT-29,LB-100,300,0.7233333333333334,0.5016666666666667,0.22166666666666668
HT-29,LJI308,300,0.6933333333333334,0.54,0.15333333333333332
HT-29,LY-2584702 (tosylate salt),285,0.7491228070175439,0.5385964912280702,0.21052631578947367
HT-29,LY2090314,300,0.725,0.6,0.125
HT-29,Lapatinib ditosylate,300,0.7416666666666667,0.5116666666666667,0.22999999999999998
HT-29,MK-3903,300,0.8516666666666667,0.5816666666666667,0.27
HT-29,MK-8353,300,0.78,0.5533333333333333,0.22666666666666668
HT-29,ML264,300,0.8183333333333334,0.5366666666666666,0.28166666666666673
HT-29,Methylprednisolone succinate,300,0.7466666666666667,0.5416666666666666,0.20500000000000007
HT-29,Minodronic acid,300,0.76,0.5283333333333333,0.2316666666666667
HT-29,NG25,300,0.9333333333333333,0.7716666666666667,0.16166666666666663
HT-29,NVP-BHG712,300,0.7833333333333333,0.5183333333333333,0.265
HT-29,OTS514,300,0.8166666666666667,0.5883333333333334,0.22833333333333328
HT-29,Oleic acid,300,0.745,0.54,0.20499999999999996
HT-29,Oxaliplatin,300,0.7666666666666667,0.5383333333333333,0.2283333333333334
HT-29,PF-06260933,300,0.9383333333333334,0.76,0.17833333333333334
HT-29,PH-797804,300,0.925,0.6666666666666666,0.2583333333333334
HT-29,Paclitaxel,300,0.88,0.5566666666666666,0.32333333333333336
HT-29,Pemigatinib,300,0.7366666666666667,0.5416666666666667,0.19499999999999995
HT-29,Pimitespib,300,0.745,0.5133333333333333,0.2316666666666667
HT-29,Pralsetinib,300,0.8266666666666667,0.565,0.2616666666666667
HT-29,RMC-6236,300,0.9166666666666666,0.6033333333333334,0.31333333333333324
HT-29,Ralimetinib dimesylate,300,0.865,0.535,0.32999999999999996
HT-29,Regorafenib,300,0.8816666666666667,0.6233333333333333,0.2583333333333334
HT-29,SBI-0640756,300,0.73,0.535,0.19499999999999995
HT-29,Sapanisertib,300,0.9016666666666666,0.6133333333333333,0.28833333333333333
HT-29,Sonidegib,300,0.745,0.5266666666666666,0.21833333333333338
HT-29,TAK-733,300,0.93,0.5766666666666667,0.3533333333333334
HT-29,TAK-901,300,0.99,0.9666666666666667,0.023333333333333317
HT-29,Temuterkib,300,0.8016666666666666,0.5916666666666667,0.20999999999999996
HT-29,Tomivosertib,300,0.7966666666666666,0.65,0.1466666666666666
HT-29,Torkinib,300,0.8016666666666666,0.5283333333333333,0.2733333333333333
HT-29,Trametinib,300,0.9483333333333334,0.51,0.43833333333333335
HT-29,Tubulin inhibitor 6,300,0.7733333333333333,0.5033333333333333,0.27
HT-29,Tucatinib,300,0.8,0.5083333333333333,0.29166666666666674
HT-29,ULK-101,300,0.795,0.5683333333333334,0.22666666666666668
HT-29,Vemurafenib,300,0.8816666666666667,0.5416666666666666,0.3400000000000001
HT-29,Volasertib,300,0.6983333333333334,0.525,0.17333333333333334
HT-29,XRK3F2,300,0.855,0.5366666666666666,0.31833333333333336
HT-29,c-Kit-IN-1,300,0.945,0.7333333333333333,0.21166666666666667
HT-29,olaparib,300,0.7066666666666667,0.5016666666666667,0.20499999999999996
HT-29,palbociclib,300,0.81,0.535,0.275
HT-29,venetoclax,300,0.95,0.74,0.20999999999999996
HT-29,vincristine,300,0.9283333333333333,0.5349999999999999,0.3933333333333334
HepG2/C3A,4EGI-1,300,0.8616666666666667,0.6316666666666666,0.2300000000000001
HepG2/C3A,9-ING-41,300,0.8416666666666667,0.5433333333333333,0.29833333333333334
HepG2/C3A,APTO-253,300,0.705,0.5483333333333333,0.15666666666666662
HepG2/C3A,AT7519,300,0.695,0.5066666666666667,0.18833333333333324
HepG2/C3A,AZD-7648,300,0.8933333333333333,0.605,0.28833333333333333
HepG2/C3A,AZD-8055,300,0.9016666666666666,0.6166666666666667,0.2849999999999999
HepG2/C3A,AZD1390,300,0.8183333333333334,0.5166666666666667,0.30166666666666664
HepG2/C3A,AZD2858,213,0.8098591549295775,0.539906103286385,0.2699530516431925
HepG2/C3A,Abemaciclib,300,0.8683333333333333,0.6116666666666667,0.2566666666666666
HepG2/C3A,Adagrasib,269,0.7026022304832714,0.5780669144981412,0.12453531598513023
HepG2/C3A,Afatinib,300,0.945,0.7783333333333333,0.16666666666666663
HepG2/C3A,Alpelisib,300,0.94,0.5566666666666666,0.3833333333333333
HepG2/C3A,Anastrozole,300,0.7833333333333333,0.5516666666666666,0.2316666666666667
HepG2/C3A,BAY1125976,300,0.9333333333333333,0.835,0.09833333333333338
HepG2/C3A,BI-3406,300,0.945,0.5566666666666666,0.3883333333333333
HepG2/C3A,BI-78D3,300,0.7566666666666667,0.5083333333333333,0.2483333333333334
HepG2/C3A,Belumosudil (mesylate),300,0.8416666666666667,0.605,0.2366666666666667
HepG2/C3A,Belzutifan,300,0.88,0.5766666666666667,0.30333333333333334
HepG2/C3A,Bentamapimod,300,0.8433333333333334,0.5616666666666666,0.28166666666666673
HepG2/C3A,Bimiralisib,300,0.95,0.5383333333333333,0.4116666666666666
HepG2/C3A,Binimetinib,230,0.9391304347826087,0.6021739130434782,0.3369565217391305
HepG2/C3A,Bortezomib,138,0.9818840579710145,0.9202898550724637,0.061594202898550776
HepG2/C3A,Brivudine,300,0.9733333333333334,0.895,0.07833333333333337
HepG2/C3A,CP21R7,300,0.73,0.5700000000000001,0.15999999999999992
HepG2/C3A,Capivasertib,270,0.7685185185185185,0.5518518518518518,0.21666666666666667
HepG2/C3A,Capmatinib,254,0.8681102362204725,0.5531496062992126,0.31496062992125984
HepG2/C3A,Celecoxib,300,0.7183333333333334,0.5033333333333333,0.21500000000000008
HepG2/C3A,DT-061,258,0.8333333333333334,0.5174418604651163,0.31589147286821706
HepG2/C3A,DTP3,300,0.8416666666666667,0.5983333333333334,0.2433333333333333
HepG2/C3A,Dabrafenib,300,0.8966666666666666,0.5916666666666667,0.30499999999999994
HepG2/C3A,ERK5-IN-2,300,0.8933333333333333,0.5366666666666666,0.3566666666666667
HepG2/C3A,ETC-206,300,0.8033333333333333,0.57,0.2333333333333334
HepG2/C3A,EX229,300,0.9516666666666667,0.8666666666666667,0.08499999999999996
HepG2/C3A,Elimusertib hydrochloride,169,0.9644970414201184,0.5236686390532544,0.44082840236686394
HepG2/C3A,Encorafenib,300,0.9133333333333333,0.69,0.22333333333333338
HepG2/C3A,Erdafitinib ,300,0.8266666666666667,0.5616666666666666,0.265
HepG2/C3A,Everolimus,300,0.7783333333333333,0.52,0.2583333333333333
HepG2/C3A,Futibatinib,300,0.835,0.6,0.235
HepG2/C3A,GSK1059615,300,0.9483333333333334,0.8049999999999999,0.14333333333333342
HepG2/C3A,Gemcitabine,300,0.7883333333333333,0.5366666666666666,0.2516666666666667
HepG2/C3A,HI-TOPK-032,300,0.95,0.5083333333333333,0.44166666666666665
HepG2/C3A,Hydroxyfasudil,272,0.7702205882352942,0.5018382352941176,0.2683823529411765
HepG2/C3A,IQ 1,300,0.8683333333333333,0.595,0.2733333333333333
HepG2/C3A,Infigratinib,300,0.8916666666666667,0.595,0.29666666666666675
HepG2/C3A,Ipatasertib,300,0.92,0.515,0.405
HepG2/C3A,Irinotecan,300,0.815,0.5766666666666667,0.23833333333333329
HepG2/C3A,Ixazomib,300,0.9283333333333333,0.5283333333333333,0.4
HepG2/C3A,LB-100,300,0.7,0.5116666666666667,0.18833333333333324
HepG2/C3A,LJI308,300,0.8116666666666666,0.5916666666666667,0.21999999999999997
HepG2/C3A,LY2090314,300,0.705,0.55,0.15499999999999992
HepG2/C3A,Lapatinib ditosylate,300,0.7716666666666666,0.555,0.21666666666666656
HepG2/C3A,MK-3903,300,0.8733333333333333,0.5116666666666667,0.3616666666666666
HepG2/C3A,MK-8353,300,0.8,0.5233333333333333,0.2766666666666667
HepG2/C3A,ML264,300,0.8516666666666667,0.5516666666666666,0.30000000000000004
HepG2/C3A,Methylprednisolone succinate,300,0.7583333333333333,0.51,0.2483333333333333
HepG2/C3A,Minodronic acid,300,0.7383333333333333,0.5616666666666666,0.17666666666666664
HepG2/C3A,NG25,300,0.965,0.8116666666666666,0.15333333333333332
HepG2/C3A,NVP-BHG712,300,0.7866666666666666,0.5083333333333333,0.2783333333333333
HepG2/C3A,OTS514,206,0.7961165048543689,0.6504854368932039,0.14563106796116498
HepG2/C3A,Oleic acid,300,0.76,0.515,0.245
HepG2/C3A,Oxaliplatin,300,0.78,0.5016666666666667,0.2783333333333333
HepG2/C3A,PF-06260933,300,0.8983333333333333,0.5933333333333334,0.30499999999999994
HepG2/C3A,PH-797804,300,0.9116666666666666,0.56,0.35166666666666657
HepG2/C3A,Paclitaxel,300,0.8566666666666667,0.5016666666666667,0.355
HepG2/C3A,Pemigatinib,300,0.785,0.5033333333333334,0.2816666666666666
HepG2/C3A,Pimitespib,187,0.7834224598930482,0.5080213903743316,0.27540106951871657
HepG2/C3A,Pralsetinib,300,0.8633333333333333,0.5,0.3633333333333333
HepG2/C3A,RMC-6236,300,0.955,0.6583333333333333,0.29666666666666663
HepG2/C3A,Ralimetinib dimesylate,300,0.8733333333333333,0.5333333333333333,0.33999999999999997
HepG2/C3A,Regorafenib,300,0.84,0.5466666666666666,0.29333333333333333
HepG2/C3A,SBI-0640756,300,0.815,0.6366666666666667,0.17833333333333323
HepG2/C3A,Sapanisertib,300,0.93,0.5933333333333333,0.3366666666666668
HepG2/C3A,Sonidegib,192,0.8203125,0.5390625,0.28125
HepG2/C3A,TAK-733,300,0.8933333333333333,0.57,0.32333333333333336
HepG2/C3A,TAK-901,300,0.99,0.975,0.015000000000000013
HepG2/C3A,Temuterkib,300,0.8766666666666667,0.5516666666666667,0.32499999999999996
HepG2/C3A,Tomivosertib,300,0.825,0.5516666666666666,0.2733333333333333
HepG2/C3A,Torkinib,185,0.827027027027027,0.5486486486486486,0.2783783783783784
HepG2/C3A,Trametinib,300,0.9683333333333334,0.5166666666666666,0.45166666666666677
HepG2/C3A,Tubulin inhibitor 6,300,0.8033333333333333,0.5283333333333333,0.275
HepG2/C3A,Tucatinib,300,0.8883333333333333,0.565,0.32333333333333336
HepG2/C3A,ULK-101,277,0.7978339350180506,0.5451263537906137,0.25270758122743686
HepG2/C3A,Vemurafenib,300,0.8,0.5116666666666667,0.28833333333333333
HepG2/C3A,Volasertib,300,0.7566666666666667,0.5083333333333333,0.2483333333333334
HepG2/C3A,XRK3F2,300,0.89,0.5449999999999999,0.3450000000000001
HepG2/C3A,c-Kit-IN-1,300,0.9116666666666666,0.6783333333333333,0.23333333333333328
HepG2/C3A,olaparib,300,0.7683333333333333,0.5366666666666666,0.2316666666666667
HepG2/C3A,palbociclib,300,0.8916666666666667,0.6483333333333333,0.2433333333333334
HepG2/C3A,venetoclax,300,0.9483333333333334,0.9083333333333333,0.040000000000000036
HepG2/C3A,vincristine,228,0.8706140350877193,0.6600877192982456,0.21052631578947367
Hs 766T,4EGI-1,172,0.8691860465116279,0.7238372093023255,0.14534883720930236
Hs 766T,9-ING-41,300,0.7733333333333333,0.525,0.2483333333333333
Hs 766T,APTO-253,300,0.73,0.6333333333333333,0.09666666666666668
Hs 766T,AT7519,300,0.6716666666666666,0.5333333333333333,0.1383333333333333
Hs 766T,AZD-7648,236,0.8771186440677966,0.788135593220339,0.08898305084745761
Hs 766T,AZD-8055,300,0.9166666666666666,0.8666666666666667,0.04999999999999993
Hs 766T,AZD1390,282,0.8333333333333334,0.6453900709219859,0.1879432624113475
Hs 766T,AZD2858,138,0.6956521739130435,0.5217391304347826,0.17391304347826086
Hs 766T,Abemaciclib,300,0.9116666666666666,0.81,0.10166666666666657
Hs 766T,Adagrasib,218,0.6077981651376146,0.5435779816513762,0.06422018348623848
Hs 766T,Afatinib,300,0.925,0.8266666666666667,0.09833333333333338
Hs 766T,Alpelisib,268,0.9216417910447762,0.8190298507462687,0.10261194029850751
Hs 766T,Anastrozole,300,0.7166666666666667,0.5183333333333333,0.19833333333333336
Hs 766T,BAY1125976,300,0.94,0.8716666666666667,0.06833333333333325
Hs 766T,BI-3406,300,0.9016666666666666,0.81,0.09166666666666656
Hs 766T,BI-78D3,300,0.695,0.525,0.16999999999999993
Hs 766T,Belumosudil (mesylate),280,0.8107142857142857,0.5142857142857142,0.2964285714285715
Hs 766T,Belzutifan,167,0.8383233532934131,0.5538922155688623,0.28443113772455086
Hs 766T,Bentamapimod,300,0.735,0.54,0.19499999999999995
Hs 766T,Bimiralisib,300,0.9616666666666667,0.9316666666666666,0.030000000000000027
Hs 766T,Binimetinib,233,0.907725321888412,0.8261802575107297,0.08154506437768239
Hs 766T,Bortezomib,151,0.9735099337748344,0.9701986754966887,0.0033112582781457123
Hs 766T,Brivudine,300,0.9666666666666667,0.8666666666666667,0.09999999999999998
Hs 766T,CP21R7,257,0.6712062256809338,0.5311284046692607,0.1400778210116731
Hs 766T,Capivasertib,231,0.6861471861471862,0.5021645021645021,0.18398268398268403
Hs 766T,Capmatinib,217,0.8571428571428571,0.695852534562212,0.16129032258064513
Hs 766T,Celecoxib,300,0.6783333333333333,0.5083333333333333,0.17000000000000004
Hs 766T,DT-061,239,0.8075313807531381,0.5585774058577406,0.2489539748953975
Hs 766T,DTP3,230,0.8673913043478261,0.7739130434782608,0.09347826086956523
Hs 766T,Dabrafenib,300,0.8483333333333334,0.7166666666666667,0.1316666666666667
Hs 766T,ERK5-IN-2,300,0.8283333333333334,0.5549999999999999,0.27333333333333343
Hs 766T,ETC-206,300,0.6666666666666666,0.5,0.16666666666666663
Hs 766T,EX229,187,0.8957219251336899,0.8422459893048129,0.053475935828877
Hs 766T,Elimusertib hydrochloride,170,0.9176470588235294,0.8794117647058823,0.038235294117647034
Hs 766T,Encorafenib,300,0.8483333333333334,0.6283333333333334,0.21999999999999997
Hs 766T,Erdafitinib ,300,0.7033333333333334,0.525,0.17833333333333334
Hs 766T,Everolimus,300,0.7,0.5549999999999999,0.14500000000000002
Hs 766T,Futibatinib,141,0.7092198581560284,0.5709219858156028,0.13829787234042556
Hs 766T,GSK1059615,300,0.9466666666666667,0.9266666666666666,0.020000000000000018
Hs 766T,Gemcitabine,300,0.695,0.5166666666666666,0.17833333333333334
Hs 766T,HI-TOPK-032,275,0.8927272727272727,0.7636363636363637,0.12909090909090903
Hs 766T,Hydroxyfasudil,180,0.7777777777777778,0.5194444444444445,0.2583333333333333
Hs 766T,IQ 1,203,0.854679802955665,0.7241379310344828,0.13054187192118227
Hs 766T,Infigratinib,300,0.8166666666666667,0.5316666666666666,0.28500000000000003
Hs 766T,Ipatasertib,300,0.8116666666666666,0.51,0.30166666666666664
Hs 766T,Irinotecan,300,0.7333333333333333,0.5416666666666666,0.19166666666666665
Hs 766T,Ixazomib,235,0.8638297872340426,0.6276595744680851,0.2361702127659575
Hs 766T,LB-100,300,0.645,0.51,0.135
Hs 766T,LJI308,277,0.6805054151624549,0.6046931407942238,0.07581227436823113
Hs 766T,LY2090314,300,0.615,0.555,0.05999999999999994
Hs 766T,Lapatinib ditosylate,300,0.6866666666666666,0.5366666666666666,0.15000000000000002
Hs 766T,MK-3903,282,0.9113475177304965,0.8421985815602837,0.06914893617021278
Hs 766T,MK-8353,282,0.6631205673758865,0.5549645390070922,0.10815602836879434
Hs 766T,ML264,300,0.745,0.5283333333333333,0.21666666666666667
Hs 766T,Methylprednisolone succinate,268,0.6828358208955224,0.5597014925373134,0.12313432835820903
Hs 766T,Minodronic acid,300,0.7033333333333334,0.5266666666666666,0.17666666666666675
Hs 766T,NG25,300,0.9416666666666667,0.8416666666666667,0.09999999999999998
Hs 766T,NVP-BHG712,300,0.675,0.5083333333333333,0.16666666666666674
Hs 766T,OTS514,153,0.7777777777777778,0.5490196078431373,0.2287581699346405
Hs 766T,Oleic acid,300,0.6583333333333333,0.5266666666666666,0.1316666666666667
Hs 766T,Oxaliplatin,300,0.7066666666666667,0.53,0.17666666666666664
Hs 766T,PF-06260933,239,0.8640167364016736,0.805439330543933,0.05857740585774063
Hs 766T,PH-797804,300,0.925,0.8216666666666667,0.10333333333333339
Hs 766T,Paclitaxel,300,0.825,0.5516666666666666,0.2733333333333333
Hs 766T,Pemigatinib,300,0.7766666666666666,0.52,0.2566666666666666
Hs 766T,Pimitespib,153,0.6176470588235294,0.5326797385620915,0.08496732026143794
Hs 766T,Pralsetinib,186,0.8145161290322581,0.674731182795699,0.13978494623655913
Hs 766T,RMC-6236,300,0.915,0.8183333333333334,0.09666666666666668
Hs 766T,Ralimetinib dimesylate,300,0.7316666666666667,0.5183333333333333,0.21333333333333337
Hs 766T,Regorafenib,300,0.8016666666666666,0.55,0.2516666666666666
Hs 766T,SBI-0640756,149,0.6510067114093959,0.5536912751677852,0.09731543624161076
Hs 766T,Sapanisertib,300,0.9283333333333333,0.8583333333333334,0.06999999999999995
Hs 766T,Sonidegib,153,0.6993464052287581,0.5849673202614378,0.1143790849673203
Hs 766T,TAK-733,233,0.9420600858369099,0.9141630901287554,0.027896995708154515
Hs 766T,TAK-901,300,0.98,0.9683333333333334,0.011666666666666603
Hs 766T,Temuterkib,300,0.75,0.5983333333333334,0.15166666666666662
Hs 766T,Tomivosertib,300,0.7766666666666666,0.5983333333333334,0.17833333333333323
Hs 766T,Torkinib,132,0.6893939393939394,0.6060606060606061,0.08333333333333337
Hs 766T,Trametinib,300,0.9316666666666666,0.8200000000000001,0.11166666666666658
Hs 766T,Tubulin inhibitor 6,276,0.730072463768116,0.5235507246376812,0.2065217391304348
Hs 766T,Tucatinib,300,0.71,0.5383333333333333,0.17166666666666663
Hs 766T,ULK-101,177,0.731638418079096,0.5988700564971752,0.13276836158192085
Hs 766T,Vemurafenib,300,0.8116666666666666,0.6016666666666667,0.20999999999999996
Hs 766T,Volasertib,226,0.7632743362831859,0.5243362831858407,0.23893805309734517
Hs 766T,XRK3F2,300,0.9216666666666666,0.635,0.2866666666666666
Hs 766T,c-Kit-IN-1,168,0.9196428571428571,0.8363095238095238,0.08333333333333326
Hs 766T,olaparib,193,0.7772020725388601,0.5233160621761659,0.2538860103626942
Hs 766T,palbociclib,300,0.86,0.8083333333333333,0.05166666666666664
Hs 766T,venetoclax,145,0.9103448275862069,0.8689655172413793,0.04137931034482767
Hs 766T,vincristine,193,0.7849740932642487,0.5621761658031088,0.2227979274611399
J82,4EGI-1,300,0.8633333333333333,0.6466666666666666,0.21666666666666667
J82,9-ING-41,300,0.7566666666666667,0.61,0.14666666666666672
J82,APTO-253,300,0.745,0.545,0.19999999999999996
J82,AT7519,300,0.705,0.5083333333333333,0.19666666666666666
J82,AZD-7648,300,0.7966666666666666,0.5700000000000001,0.22666666666666657
J82,AZD-8055,300,0.9033333333333333,0.58,0.32333333333333336
J82,AZD1390,300,0.7966666666666666,0.6083333333333333,0.18833333333333335
J82,AZD2858,300,0.74,0.525,0.21499999999999997
J82,Abemaciclib,300,0.91,0.795,0.11499999999999999
J82,Adagrasib,300,0.6883333333333334,0.5800000000000001,0.10833333333333328
J82,Afatinib,300,0.9166666666666666,0.735,0.18166666666666664
J82,Alpelisib,300,0.8083333333333333,0.6183333333333333,0.19000000000000006
J82,Anastrozole,300,0.7066666666666667,0.5566666666666666,0.15000000000000002
J82,BAY1125976,300,0.8966666666666666,0.54,0.3566666666666666
J82,BI-3406,300,0.895,0.6733333333333333,0.22166666666666668
J82,BI-78D3,300,0.7883333333333333,0.53,0.2583333333333333
J82,Belumosudil (mesylate),300,0.87,0.7216666666666667,0.14833333333333332
J82,Belzutifan,300,0.8383333333333334,0.62,0.21833333333333338
J82,Bentamapimod,300,0.8,0.515,0.28500000000000003
J82,Bimiralisib,300,0.9483333333333334,0.785,0.16333333333333333
J82,Binimetinib,300,0.8833333333333333,0.7116666666666667,0.17166666666666663
J82,Bortezomib,185,0.9756756756756757,0.8810810810810811,0.09459459459459463
J82,Brivudine,300,0.975,0.825,0.15000000000000002
J82,CP21R7,300,0.7283333333333334,0.5733333333333334,0.15500000000000003
J82,Capivasertib,300,0.7066666666666667,0.5216666666666666,0.18500000000000005
J82,Capmatinib,300,0.8233333333333334,0.6166666666666667,0.20666666666666667
J82,Celecoxib,300,0.7083333333333334,0.5233333333333333,0.18500000000000005
J82,DT-061,300,0.7383333333333333,0.55,0.18833333333333324
J82,DTP3,300,0.8516666666666667,0.53,0.32166666666666666
J82,Dabrafenib,300,0.7916666666666666,0.505,0.2866666666666666
J82,ERK5-IN-2,300,0.83,0.545,0.2849999999999999
J82,ETC-206,300,0.7216666666666667,0.5116666666666667,0.20999999999999996
J82,EX229,300,0.9,0.795,0.10499999999999998
J82,Elimusertib hydrochloride,300,0.9033333333333333,0.7283333333333334,0.17499999999999993
J82,Encorafenib,300,0.8616666666666667,0.63,0.2316666666666667
J82,Erdafitinib ,300,0.78,0.5066666666666666,0.27333333333333343
J82,Everolimus,300,0.7033333333333334,0.56,0.1433333333333333
J82,Futibatinib,300,0.7966666666666666,0.5516666666666667,0.24499999999999988
J82,GSK1059615,300,0.94,0.7933333333333333,0.1466666666666666
J82,Gemcitabine,300,0.71,0.56,0.1499999999999999
J82,HI-TOPK-032,300,0.96,0.8216666666666667,0.1383333333333333
J82,Hydroxyfasudil,300,0.78,0.6516666666666666,0.1283333333333334
J82,IQ 1,300,0.8033333333333333,0.585,0.21833333333333338
J82,Infigratinib,300,0.8183333333333334,0.5183333333333333,0.30000000000000004
J82,Ipatasertib,300,0.8583333333333333,0.6933333333333334,0.16499999999999992
J82,Irinotecan,300,0.7783333333333333,0.6583333333333333,0.12
J82,Ixazomib,300,0.9183333333333333,0.8216666666666667,0.09666666666666668
J82,LB-100,300,0.685,0.5166666666666666,0.16833333333333345
J82,LJI308,300,0.8216666666666667,0.6866666666666666,0.135
J82,LY-2584702 (tosylate salt),300,0.81,0.6783333333333333,0.1316666666666667
J82,LY2090314,300,0.665,0.55,0.11499999999999999
J82,Lapatinib ditosylate,300,0.7233333333333334,0.505,0.21833333333333338
J82,Lonafarnib,300,0.96,0.645,0.31499999999999995
J82,MK-3903,300,0.8516666666666667,0.6033333333333334,0.2483333333333333
J82,MK-8353,300,0.7133333333333334,0.5366666666666666,0.17666666666666675
J82,ML264,300,0.7983333333333333,0.5116666666666667,0.2866666666666666
J82,Methylprednisolone succinate,300,0.715,0.53,0.18499999999999994
J82,Minodronic acid,300,0.745,0.5216666666666667,0.22333333333333327
J82,NG25,300,0.95,0.7966666666666666,0.15333333333333332
J82,NVP-BHG712,300,0.7783333333333333,0.5316666666666666,0.2466666666666667
J82,OTS514,300,0.795,0.5116666666666667,0.2833333333333333
J82,Oleic acid,300,0.7216666666666667,0.5383333333333333,0.18333333333333335
J82,Oxaliplatin,300,0.775,0.5466666666666666,0.2283333333333334
J82,PF-06260933,300,0.8533333333333334,0.655,0.19833333333333336
J82,PH-797804,300,0.9016666666666666,0.6533333333333333,0.2483333333333333
J82,Paclitaxel,300,0.875,0.55,0.32499999999999996
J82,Pemigatinib,300,0.7116666666666667,0.5083333333333333,0.20333333333333337
J82,Pimitespib,300,0.7116666666666667,0.53,0.18166666666666664
J82,Pralsetinib,300,0.9,0.64,0.26
J82,RMC-6236,300,0.9433333333333334,0.5816666666666667,0.3616666666666667
J82,Ralimetinib dimesylate,300,0.805,0.5216666666666666,0.28333333333333344
J82,Regorafenib,300,0.79,0.6983333333333334,0.09166666666666667
J82,SBI-0640756,300,0.7716666666666666,0.675,0.09666666666666657
J82,Sapanisertib,300,0.9033333333333333,0.5483333333333333,0.355
J82,Sonidegib,300,0.8383333333333334,0.7533333333333333,0.08500000000000008
J82,TAK-733,300,0.8983333333333333,0.7516666666666667,0.1466666666666666
J82,TAK-901,300,0.9916666666666667,0.88,0.11166666666666669
J82,Temuterkib,300,0.8016666666666666,0.5016666666666667,0.29999999999999993
J82,Tomivosertib,300,0.7416666666666667,0.6366666666666667,0.10499999999999998
J82,Torkinib,257,0.7723735408560312,0.6556420233463035,0.11673151750972766
J82,Trametinib,300,0.945,0.8183333333333334,0.1266666666666666
J82,Tubulin inhibitor 6,300,0.7416666666666667,0.5883333333333334,0.15333333333333332
J82,Tucatinib,300,0.7316666666666667,0.5383333333333333,0.19333333333333336
J82,ULK-101,300,0.7616666666666667,0.5916666666666667,0.17000000000000004
J82,Vemurafenib,300,0.7583333333333333,0.5283333333333333,0.22999999999999998
J82,Volasertib,300,0.72,0.525,0.19499999999999995
J82,XRK3F2,300,0.81,0.5183333333333333,0.29166666666666674
J82,c-Kit-IN-1,300,0.895,0.79,0.10499999999999998
J82,olaparib,300,0.8483333333333334,0.6766666666666667,0.17166666666666663
J82,palbociclib,300,0.8216666666666667,0.5133333333333333,0.30833333333333335
J82,venetoclax,300,0.915,0.8133333333333334,0.10166666666666668
J82,vincristine,300,0.7583333333333333,0.6016666666666667,0.15666666666666662
KATO III,4EGI-1,300,0.9016666666666666,0.565,0.33666666666666667
KATO III,9-ING-41,300,0.8133333333333334,0.5083333333333333,0.30500000000000005
KATO III,APTO-253,300,0.8016666666666666,0.5083333333333333,0.29333333333333333
KATO III,AT7519,300,0.7166666666666667,0.5266666666666666,0.19000000000000006
KATO III,AZD-7648,300,0.8366666666666667,0.595,0.2416666666666667
KATO III,AZD-8055,300,0.89,0.5966666666666667,0.29333333333333333
KATO III,AZD1390,300,0.82,0.505,0.31499999999999995
KATO III,AZD2858,300,0.7866666666666666,0.5383333333333333,0.2483333333333333
KATO III,Abemaciclib,300,0.92,0.615,0.30500000000000005
KATO III,Adagrasib,300,0.655,0.5533333333333333,0.10166666666666668
KATO III,Afatinib,300,0.9333333333333333,0.5716666666666667,0.3616666666666667
KATO III,Alpelisib,300,0.8883333333333333,0.62,0.2683333333333333
KATO III,Anastrozole,300,0.765,0.5333333333333333,0.2316666666666667
KATO III,BAY1125976,300,0.8833333333333333,0.5233333333333333,0.36
KATO III,BI-3406,300,0.8916666666666667,0.5133333333333333,0.3783333333333334
KATO III,BI-78D3,300,0.7383333333333333,0.5633333333333334,0.17499999999999993
KATO III,Belumosudil (mesylate),300,0.915,0.5166666666666667,0.3983333333333333
KATO III,Belzutifan,300,0.9083333333333333,0.5933333333333334,0.31499999999999995
KATO III,Bentamapimod,300,0.875,0.565,0.31000000000000005
KATO III,Bimiralisib,300,0.935,0.5533333333333333,0.3816666666666667
KATO III,Binimetinib,300,0.905,0.5983333333333334,0.30666666666666664
KATO III,Bortezomib,300,0.99,0.9583333333333334,0.03166666666666662
KATO III,Brivudine,300,0.9616666666666667,0.85,0.11166666666666669
KATO III,CP21R7,300,0.87,0.525,0.345
KATO III,Capivasertib,300,0.705,0.5016666666666667,0.20333333333333325
KATO III,Capmatinib,300,0.83,0.5433333333333333,0.2866666666666666
KATO III,Celecoxib,300,0.7116666666666667,0.5183333333333333,0.19333333333333336
KATO III,DT-061,300,0.7483333333333333,0.5133333333333333,0.235
KATO III,DTP3,300,0.7933333333333333,0.5466666666666666,0.2466666666666667
KATO III,Dabrafenib,300,0.8683333333333333,0.5083333333333333,0.36
KATO III,ERK5-IN-2,300,0.93,0.5583333333333333,0.3716666666666667
KATO III,ETC-206,300,0.7233333333333334,0.5,0.22333333333333338
KATO III,EX229,300,0.945,0.5733333333333333,0.3716666666666667
KATO III,Elimusertib hydrochloride,300,0.8916666666666667,0.5033333333333333,0.3883333333333334
KATO III,Encorafenib,300,0.9083333333333333,0.515,0.3933333333333333
KATO III,Erdafitinib ,300,0.7966666666666666,0.5033333333333334,0.2933333333333332
KATO III,Everolimus,300,0.7716666666666666,0.5316666666666666,0.24
KATO III,Futibatinib,300,0.8166666666666667,0.58,0.2366666666666667
KATO III,GSK1059615,300,0.9466666666666667,0.5,0.44666666666666666
KATO III,Gemcitabine,300,0.7466666666666667,0.5083333333333333,0.2383333333333334
KATO III,HI-TOPK-032,300,0.93,0.7383333333333333,0.19166666666666676
KATO III,Hydroxyfasudil,300,0.865,0.5683333333333334,0.29666666666666663
KATO III,IQ 1,300,0.795,0.5516666666666666,0.2433333333333334
KATO III,Infigratinib,300,0.835,0.6016666666666667,0.23333333333333328
KATO III,Ipatasertib,300,0.9366666666666666,0.8033333333333333,0.1333333333333333
KATO III,Irinotecan,300,0.8016666666666666,0.5333333333333333,0.2683333333333333
KATO III,Ixazomib,300,0.945,0.545,0.3999999999999999
KATO III,LB-100,300,0.7183333333333334,0.5083333333333333,0.21000000000000008
KATO III,LJI308,300,0.8816666666666667,0.575,0.30666666666666675
KATO III,LY-2584702 (tosylate salt),236,0.9110169491525424,0.5402542372881356,0.3707627118644068
KATO III,LY2090314,300,0.715,0.5683333333333334,0.1466666666666666
KATO III,Lapatinib ditosylate,300,0.7283333333333334,0.535,0.19333333333333336
KATO III,MK-3903,300,0.8583333333333333,0.5416666666666667,0.31666666666666654
KATO III,MK-8353,300,0.7166666666666667,0.5116666666666667,0.20499999999999996
KATO III,ML264,300,0.83,0.555,0.2749999999999999
KATO III,Methylprednisolone succinate,300,0.7266666666666667,0.53,0.19666666666666666
KATO III,Minodronic acid,300,0.7433333333333333,0.5016666666666667,0.24166666666666659
KATO III,NG25,300,0.9466666666666667,0.83,0.1166666666666667
KATO III,NVP-BHG712,300,0.8433333333333334,0.5316666666666666,0.31166666666666676
KATO III,OTS514,300,0.815,0.5633333333333334,0.2516666666666666
KATO III,Oleic acid,300,0.74,0.5116666666666667,0.22833333333333328
KATO III,Oxaliplatin,300,0.8066666666666666,0.5066666666666667,0.29999999999999993
KATO III,PF-06260933,300,0.9166666666666666,0.5366666666666666,0.38
KATO III,PH-797804,300,0.96,0.7983333333333333,0.16166666666666663
KATO III,Paclitaxel,300,0.8866666666666667,0.5800000000000001,0.30666666666666664
KATO III,Pemigatinib,300,0.7833333333333333,0.5433333333333333,0.24
KATO III,Pimitespib,300,0.7266666666666667,0.5366666666666666,0.19000000000000006
KATO III,Pralsetinib,300,0.885,0.505,0.38
KATO III,RMC-6236,300,0.9383333333333334,0.5783333333333334,0.36
KATO III,Ralimetinib dimesylate,300,0.8666666666666667,0.5166666666666666,0.3500000000000001
KATO III,Regorafenib,300,0.9066666666666666,0.8,0.10666666666666658
KATO III,SBI-0640756,300,0.8033333333333333,0.5983333333333334,0.20499999999999996
KATO III,Sapanisertib,300,0.9133333333333333,0.5116666666666667,0.4016666666666666
KATO III,Sonidegib,300,0.8933333333333333,0.6133333333333333,0.28
KATO III,TAK-733,300,0.945,0.55,0.3949999999999999
KATO III,TAK-901,300,0.99,0.9783333333333333,0.011666666666666714
KATO III,Temuterkib,300,0.8216666666666667,0.5233333333333333,0.29833333333333334
KATO III,Tomivosertib,300,0.8216666666666667,0.685,0.1366666666666666
KATO III,Torkinib,300,0.7766666666666666,0.5066666666666667,0.2699999999999999
KATO III,Trametinib,300,0.925,0.5133333333333333,0.41166666666666674
KATO III,Tubulin inhibitor 6,300,0.7066666666666667,0.5233333333333333,0.18333333333333335
KATO III,Tucatinib,300,0.79,0.5333333333333333,0.2566666666666667
KATO III,ULK-101,300,0.7733333333333333,0.5933333333333334,0.17999999999999994
KATO III,Vemurafenib,300,0.79,0.505,0.28500000000000003
KATO III,Volasertib,300,0.7533333333333333,0.5133333333333333,0.24
KATO III,XRK3F2,300,0.8266666666666667,0.5183333333333333,0.30833333333333335
KATO III,c-Kit-IN-1,300,0.94,0.6933333333333334,0.2466666666666666
KATO III,olaparib,300,0.9033333333333333,0.52,0.3833333333333333
KATO III,palbociclib,300,0.825,0.575,0.25
KATO III,venetoclax,300,0.945,0.8066666666666666,0.1383333333333333
KATO III,vincristine,300,0.8566666666666667,0.5483333333333333,0.30833333333333335
LOX-IMVI,4EGI-1,300,0.8216666666666667,0.5283333333333333,0.29333333333333333
LOX-IMVI,9-ING-41,300,0.75,0.5266666666666666,0.22333333333333338
LOX-IMVI,APTO-253,300,0.7166666666666667,0.51,0.20666666666666667
LOX-IMVI,AT7519,300,0.6733333333333333,0.515,0.15833333333333333
LOX-IMVI,AZD-7648,300,0.8216666666666667,0.5216666666666667,0.29999999999999993
LOX-IMVI,AZD-8055,300,0.7933333333333333,0.53,0.2633333333333333
LOX-IMVI,AZD1390,300,0.7683333333333333,0.5833333333333333,0.18500000000000005
LOX-IMVI,AZD2858,300,0.67,0.525,0.14500000000000002
LOX-IMVI,Abemaciclib,300,0.9116666666666666,0.7583333333333333,0.15333333333333332
LOX-IMVI,Adagrasib,300,0.6333333333333333,0.5466666666666666,0.08666666666666667
LOX-IMVI,Afatinib,300,0.8983333333333333,0.55,0.3483333333333333
LOX-IMVI,Alpelisib,300,0.7316666666666667,0.505,0.22666666666666668
LOX-IMVI,Anastrozole,300,0.6966666666666667,0.525,0.17166666666666663
LOX-IMVI,BAY1125976,300,0.8466666666666667,0.575,0.2716666666666667
LOX-IMVI,BI-3406,300,0.7533333333333333,0.5683333333333334,0.18499999999999994
LOX-IMVI,BI-78D3,300,0.69,0.52,0.16999999999999993
LOX-IMVI,Belumosudil (mesylate),300,0.7833333333333333,0.575,0.20833333333333337
LOX-IMVI,Belzutifan,300,0.8733333333333333,0.51,0.3633333333333333
LOX-IMVI,Bentamapimod,300,0.7883333333333333,0.545,0.2433333333333333
LOX-IMVI,Bimiralisib,300,0.9516666666666667,0.6333333333333333,0.31833333333333336
LOX-IMVI,Binimetinib,300,0.9083333333333333,0.63,0.2783333333333333
LOX-IMVI,Bortezomib,300,0.985,0.915,0.06999999999999995
LOX-IMVI,Brivudine,300,0.9583333333333334,0.865,0.09333333333333338
LOX-IMVI,CP21R7,300,0.7233333333333334,0.5266666666666666,0.19666666666666677
LOX-IMVI,Capivasertib,300,0.7133333333333334,0.56,0.15333333333333332
LOX-IMVI,Capmatinib,300,0.865,0.6266666666666667,0.23833333333333329
LOX-IMVI,Celecoxib,300,0.6533333333333333,0.5033333333333333,0.15000000000000002
LOX-IMVI,DT-061,300,0.77,0.575,0.19500000000000006
LOX-IMVI,DTP3,300,0.82,0.5133333333333333,0.30666666666666664
LOX-IMVI,Dabrafenib,300,0.8216666666666667,0.6016666666666667,0.21999999999999997
LOX-IMVI,ERK5-IN-2,300,0.8666666666666667,0.515,0.3516666666666667
LOX-IMVI,ETC-206,300,0.65,0.5183333333333333,0.1316666666666667
LOX-IMVI,EX229,300,0.9166666666666666,0.6916666666666667,0.22499999999999998
LOX-IMVI,Elimusertib hydrochloride,300,0.91,0.7766666666666666,0.13333333333333341
LOX-IMVI,Encorafenib,300,0.8666666666666667,0.5083333333333333,0.3583333333333334
LOX-IMVI,Erdafitinib ,300,0.695,0.5316666666666666,0.16333333333333333
LOX-IMVI,Everolimus,300,0.6966666666666667,0.5116666666666667,0.18499999999999994
LOX-IMVI,Futibatinib,300,0.775,0.5533333333333333,0.22166666666666668
LOX-IMVI,GSK1059615,300,0.93,0.5033333333333333,0.42666666666666675
LOX-IMVI,Gemcitabine,300,0.7366666666666667,0.5633333333333334,0.17333333333333334
LOX-IMVI,HI-TOPK-032,300,0.9333333333333333,0.8483333333333334,0.08499999999999996
LOX-IMVI,Hydroxyfasudil,300,0.785,0.52,0.265
LOX-IMVI,IQ 1,300,0.7516666666666667,0.55,0.20166666666666666
LOX-IMVI,Infigratinib,300,0.84,0.555,0.2849999999999999
LOX-IMVI,Ipatasertib,300,0.8666666666666667,0.5316666666666667,0.33499999999999996
LOX-IMVI,Irinotecan,300,0.7883333333333333,0.5366666666666666,0.2516666666666667
LOX-IMVI,Ixazomib,300,0.805,0.5566666666666666,0.2483333333333334
LOX-IMVI,LB-100,300,0.6416666666666667,0.5233333333333333,0.1183333333333334
LOX-IMVI,LJI308,300,0.73,0.5733333333333333,0.15666666666666673
LOX-IMVI,LY-2584702 (tosylate salt),300,0.835,0.735,0.09999999999999998
LOX-IMVI,LY2090314,300,0.7083333333333334,0.5033333333333334,0.20499999999999996
LOX-IMVI,Lapatinib ditosylate,300,0.68,0.5116666666666667,0.16833333333333333
LOX-IMVI,Lonafarnib,113,0.9513274336283186,0.8716814159292036,0.07964601769911506
LOX-IMVI,MK-3903,300,0.8416666666666667,0.545,0.29666666666666663
LOX-IMVI,MK-8353,300,0.6766666666666666,0.5416666666666666,0.135
LOX-IMVI,ML264,300,0.79,0.5283333333333333,0.2616666666666667
LOX-IMVI,Methylprednisolone succinate,300,0.6883333333333334,0.5633333333333334,0.125
LOX-IMVI,Minodronic acid,300,0.7183333333333334,0.5349999999999999,0.18333333333333346
LOX-IMVI,NG25,300,0.9383333333333334,0.8049999999999999,0.13333333333333341
LOX-IMVI,NVP-BHG712,300,0.7633333333333333,0.54,0.22333333333333327
LOX-IMVI,OTS514,300,0.7416666666666667,0.6183333333333334,0.1233333333333333
LOX-IMVI,Oleic acid,300,0.715,0.56,0.15499999999999992
LOX-IMVI,Oxaliplatin,300,0.7316666666666667,0.55,0.18166666666666664
LOX-IMVI,PF-06260933,300,0.915,0.5733333333333334,0.3416666666666667
LOX-IMVI,PH-797804,300,0.9666666666666667,0.9116666666666666,0.05500000000000005
LOX-IMVI,Paclitaxel,300,0.815,0.5016666666666667,0.31333333333333324
LOX-IMVI,Pemigatinib,300,0.6783333333333333,0.5166666666666667,0.16166666666666663
LOX-IMVI,Pimitespib,300,0.7433333333333333,0.6116666666666667,0.1316666666666666
LOX-IMVI,Pralsetinib,300,0.8966666666666666,0.6266666666666667,0.2699999999999999
LOX-IMVI,RMC-6236,300,0.9233333333333333,0.595,0.32833333333333337
LOX-IMVI,Ralimetinib dimesylate,300,0.7633333333333333,0.54,0.22333333333333327
LOX-IMVI,Regorafenib,300,0.845,0.65,0.19499999999999995
LOX-IMVI,SBI-0640756,300,0.7033333333333334,0.52,0.18333333333333335
LOX-IMVI,Sapanisertib,300,0.9,0.6116666666666667,0.28833333333333333
LOX-IMVI,Sonidegib,300,0.7566666666666667,0.625,0.1316666666666667
LOX-IMVI,TAK-733,300,0.9266666666666666,0.7266666666666667,0.19999999999999996
LOX-IMVI,TAK-901,300,0.99,0.9883333333333333,0.0016666666666667052
LOX-IMVI,Temuterkib,300,0.745,0.5033333333333334,0.24166666666666659
LOX-IMVI,Tomivosertib,300,0.7483333333333333,0.5433333333333333,0.20499999999999996
LOX-IMVI,Torkinib,300,0.7116666666666667,0.5966666666666667,0.11499999999999999
LOX-IMVI,Trametinib,300,0.9433333333333334,0.7833333333333333,0.16000000000000003
LOX-IMVI,Tubulin inhibitor 6,300,0.6916666666666667,0.5516666666666667,0.1399999999999999
LOX-IMVI,Tucatinib,300,0.7066666666666667,0.51,0.19666666666666666
LOX-IMVI,ULK-101,300,0.7616666666666667,0.5916666666666667,0.17000000000000004
LOX-IMVI,Vemurafenib,300,0.775,0.51,0.265
LOX-IMVI,Volasertib,300,0.67,0.5133333333333333,0.15666666666666673
LOX-IMVI,XRK3F2,300,0.7966666666666666,0.5666666666666667,0.22999999999999998
LOX-IMVI,c-Kit-IN-1,300,0.8983333333333333,0.71,0.18833333333333335
LOX-IMVI,olaparib,300,0.7783333333333333,0.5449999999999999,0.2333333333333334
LOX-IMVI,palbociclib,300,0.7783333333333333,0.5466666666666666,0.2316666666666667
LOX-IMVI,venetoclax,300,0.94,0.8216666666666667,0.11833333333333329
LOX-IMVI,vincristine,300,0.8116666666666666,0.5966666666666667,0.21499999999999997
LS 180,4EGI-1,300,0.845,0.5366666666666666,0.30833333333333335
LS 180,9-ING-41,300,0.815,0.52,0.29499999999999993
LS 180,APTO-253,300,0.7833333333333333,0.525,0.2583333333333333
LS 180,AT7519,300,0.7366666666666667,0.5383333333333333,0.19833333333333336
LS 180,AZD-7648,300,0.94,0.5433333333333333,0.3966666666666666
LS 180,AZD-8055,300,0.93,0.5033333333333334,0.42666666666666664
LS 180,AZD1390,300,0.8133333333333334,0.5700000000000001,0.2433333333333333
LS 180,AZD2858,300,0.7966666666666666,0.5133333333333333,0.2833333333333333
LS 180,Abemaciclib,300,0.8983333333333333,0.6633333333333333,0.235
LS 180,Adagrasib,300,0.7283333333333334,0.605,0.1233333333333334
LS 180,Afatinib,300,0.9783333333333334,0.5183333333333333,0.4600000000000001
LS 180,Alpelisib,300,0.9383333333333334,0.5033333333333333,0.43500000000000005
LS 180,Anastrozole,300,0.7683333333333333,0.5266666666666666,0.2416666666666667
LS 180,BAY1125976,300,0.9733333333333334,0.8516666666666667,0.1216666666666667
LS 180,BI-3406,300,0.9466666666666667,0.5233333333333333,0.42333333333333334
LS 180,BI-78D3,300,0.795,0.5416666666666667,0.2533333333333333
LS 180,Belumosudil (mesylate),300,0.84,0.5283333333333333,0.31166666666666665
LS 180,Belzutifan,300,0.8983333333333333,0.6083333333333333,0.29000000000000004
LS 180,Bentamapimod,300,0.8533333333333334,0.5333333333333333,0.32000000000000006
LS 180,Bimiralisib,300,0.9816666666666667,0.545,0.43666666666666665
LS 180,Binimetinib,300,0.94,0.5183333333333333,0.42166666666666663
LS 180,Bortezomib,300,0.9833333333333333,0.9283333333333333,0.05499999999999994
LS 180,Brivudine,300,0.9783333333333334,0.8683333333333333,0.1100000000000001
LS 180,CP21R7,300,0.7333333333333333,0.505,0.22833333333333328
LS 180,Capivasertib,300,0.7433333333333333,0.5083333333333333,0.235
LS 180,Capmatinib,300,0.87,0.5266666666666666,0.3433333333333334
LS 180,Celecoxib,300,0.7783333333333333,0.5083333333333333,0.27
LS 180,DT-061,300,0.9016666666666666,0.505,0.3966666666666666
LS 180,DTP3,300,0.915,0.5033333333333334,0.4116666666666666
LS 180,Dabrafenib,300,0.8766666666666667,0.5516666666666667,0.32499999999999996
LS 180,ERK5-IN-2,300,0.9333333333333333,0.5083333333333333,0.42500000000000004
LS 180,ETC-206,300,0.7166666666666667,0.5033333333333334,0.21333333333333326
LS 180,EX229,300,0.9116666666666666,0.63,0.2816666666666666
LS 180,Elimusertib hydrochloride,300,0.925,0.5966666666666667,0.32833333333333337
LS 180,Encorafenib,300,0.93,0.5216666666666666,0.40833333333333344
LS 180,Erdafitinib ,300,0.8066666666666666,0.5216666666666667,0.2849999999999999
LS 180,Everolimus,300,0.7766666666666666,0.515,0.2616666666666666
LS 180,Futibatinib,300,0.805,0.635,0.17000000000000004
LS 180,GSK1059615,300,0.9766666666666667,0.6033333333333334,0.3733333333333333
LS 180,Gemcitabine,300,0.7983333333333333,0.51,0.28833333333333333
LS 180,HI-TOPK-032,300,0.9266666666666666,0.605,0.32166666666666666
LS 180,Hydroxyfasudil,300,0.7416666666666667,0.54,0.20166666666666666
LS 180,IQ 1,300,0.9,0.5366666666666666,0.3633333333333334
LS 180,Infigratinib,300,0.8716666666666667,0.5483333333333333,0.32333333333333336
LS 180,Ipatasertib,300,0.9233333333333333,0.565,0.3583333333333334
LS 180,Irinotecan,300,0.8816666666666667,0.505,0.3766666666666667
LS 180,Ixazomib,300,0.8716666666666667,0.5716666666666667,0.30000000000000004
LS 180,LB-100,300,0.6766666666666666,0.5316666666666667,0.1449999999999999
LS 180,LJI308,300,0.7816666666666666,0.5466666666666666,0.235
LS 180,LY-2584702 (tosylate salt),258,0.8546511627906976,0.5096899224806202,0.34496124031007747
LS 180,LY2090314,300,0.7533333333333333,0.5666666666666667,0.18666666666666665
LS 180,Lapatinib ditosylate,300,0.7333333333333333,0.52,0.21333333333333326
LS 180,MK-3903,300,0.9433333333333334,0.595,0.3483333333333334
LS 180,MK-8353,300,0.8083333333333333,0.5033333333333333,0.30500000000000005
LS 180,ML264,300,0.825,0.5266666666666666,0.29833333333333334
LS 180,Methylprednisolone succinate,300,0.7883333333333333,0.5383333333333333,0.25
LS 180,Minodronic acid,300,0.7466666666666667,0.535,0.21166666666666667
LS 180,NG25,300,0.9733333333333334,0.94,0.03333333333333344
LS 180,NVP-BHG712,300,0.8433333333333334,0.515,0.32833333333333337
LS 180,OTS514,300,0.8433333333333334,0.585,0.2583333333333334
LS 180,Oleic acid,300,0.78,0.505,0.275
LS 180,Oxaliplatin,300,0.7466666666666667,0.5016666666666667,0.245
LS 180,PF-06260933,300,0.94,0.81,0.1299999999999999
LS 180,PH-797804,300,0.99,0.975,0.015000000000000013
LS 180,Paclitaxel,300,0.9083333333333333,0.55,0.3583333333333333
LS 180,Pemigatinib,300,0.8633333333333333,0.51,0.3533333333333333
LS 180,Pimitespib,286,0.7290209790209791,0.506993006993007,0.2220279720279721
LS 180,Pralsetinib,300,0.8966666666666666,0.6266666666666667,0.2699999999999999
LS 180,RMC-6236,300,0.9333333333333333,0.515,0.41833333333333333
LS 180,Ralimetinib dimesylate,300,0.8883333333333333,0.535,0.3533333333333333
LS 180,Regorafenib,300,0.905,0.5266666666666666,0.3783333333333334
LS 180,SBI-0640756,300,0.7916666666666666,0.585,0.20666666666666667
LS 180,Sapanisertib,300,0.9416666666666667,0.5483333333333333,0.3933333333333333
LS 180,Sonidegib,300,0.7816666666666666,0.58,0.20166666666666666
LS 180,TAK-733,300,0.9116666666666666,0.54,0.3716666666666666
LS 180,TAK-901,300,0.995,0.99,0.0050000000000000044
LS 180,Temuterkib,300,0.8516666666666667,0.5866666666666667,0.265
LS 180,Tomivosertib,300,0.8416666666666667,0.64,0.20166666666666666
LS 180,Torkinib,300,0.81,0.565,0.2450000000000001
LS 180,Trametinib,300,0.9633333333333334,0.5066666666666666,0.4566666666666668
LS 180,Tubulin inhibitor 6,300,0.7866666666666666,0.5733333333333334,0.21333333333333326
LS 180,Tucatinib,300,0.7983333333333333,0.52,0.2783333333333333
LS 180,ULK-101,300,0.835,0.575,0.26
LS 180,Vemurafenib,300,0.92,0.5066666666666667,0.41333333333333333
LS 180,Volasertib,300,0.7566666666666667,0.5133333333333333,0.2433333333333334
LS 180,XRK3F2,300,0.885,0.51,0.375
LS 180,c-Kit-IN-1,300,0.91,0.7216666666666667,0.18833333333333335
LS 180,olaparib,300,0.7633333333333333,0.505,0.2583333333333333
LS 180,palbociclib,300,0.9,0.55,0.35
LS 180,venetoclax,300,0.965,0.785,0.17999999999999994
LS 180,vincristine,300,0.93,0.6166666666666667,0.31333333333333335
LoVo,4EGI-1,300,0.8833333333333333,0.5349999999999999,0.3483333333333334
LoVo,9-ING-41,300,0.8133333333333334,0.57,0.2433333333333334
LoVo,APTO-253,300,0.7466666666666667,0.52,0.22666666666666668
LoVo,AT7519,300,0.7216666666666667,0.5233333333333333,0.19833333333333336
LoVo,AZD-7648,300,0.91,0.6616666666666666,0.2483333333333334
LoVo,AZD-8055,300,0.92,0.56,0.36
LoVo,AZD1390,300,0.8316666666666667,0.5383333333333333,0.29333333333333333
LoVo,AZD2858,300,0.7,0.5883333333333334,0.11166666666666658
LoVo,Abemaciclib,300,0.955,0.8683333333333333,0.08666666666666667
LoVo,Adagrasib,300,0.6283333333333333,0.5683333333333334,0.05999999999999994
LoVo,Afatinib,300,0.9483333333333334,0.8483333333333334,0.09999999999999998
LoVo,Alpelisib,300,0.93,0.5283333333333333,0.4016666666666667
LoVo,Anastrozole,300,0.7516666666666667,0.5700000000000001,0.18166666666666664
LoVo,BAY1125976,300,0.9333333333333333,0.8816666666666667,0.05166666666666664
LoVo,BI-3406,300,0.955,0.5633333333333334,0.3916666666666666
LoVo,BI-78D3,300,0.7766666666666666,0.5333333333333333,0.2433333333333333
LoVo,Belumosudil (mesylate),300,0.7866666666666666,0.5366666666666666,0.25
LoVo,Belzutifan,300,0.925,0.615,0.31000000000000005
LoVo,Bentamapimod,300,0.875,0.575,0.30000000000000004
LoVo,Bimiralisib,300,0.9616666666666667,0.855,0.10666666666666669
LoVo,Binimetinib,300,0.94,0.8183333333333334,0.12166666666666659
LoVo,Bortezomib,300,0.99,0.98,0.010000000000000009
LoVo,Brivudine,300,0.9766666666666667,0.9299999999999999,0.046666666666666745
LoVo,CP21R7,300,0.7133333333333334,0.5083333333333333,0.20500000000000007
LoVo,Capivasertib,300,0.7016666666666667,0.5583333333333333,0.1433333333333333
LoVo,Capmatinib,300,0.9366666666666666,0.525,0.4116666666666666
LoVo,Celecoxib,300,0.7383333333333333,0.5133333333333333,0.22499999999999998
LoVo,DT-061,300,0.8516666666666667,0.5733333333333334,0.2783333333333333
LoVo,DTP3,300,0.885,0.6666666666666666,0.21833333333333338
LoVo,Dabrafenib,300,0.8716666666666667,0.54,0.33166666666666667
LoVo,ERK5-IN-2,300,0.895,0.5066666666666667,0.3883333333333333
LoVo,ETC-206,300,0.7283333333333334,0.51,0.21833333333333338
LoVo,EX229,300,0.9466666666666667,0.85,0.09666666666666668
LoVo,Elimusertib hydrochloride,300,0.9583333333333334,0.6566666666666666,0.30166666666666675
LoVo,Encorafenib,300,0.9216666666666666,0.5166666666666667,0.4049999999999999
LoVo,Erdafitinib ,300,0.7216666666666667,0.515,0.20666666666666667
LoVo,Everolimus,300,0.81,0.605,0.20500000000000007
LoVo,Futibatinib,300,0.7966666666666666,0.5916666666666667,0.20499999999999996
LoVo,GSK1059615,300,0.975,0.9416666666666667,0.033333333333333326
LoVo,Gemcitabine,300,0.6983333333333334,0.5700000000000001,0.1283333333333333
LoVo,HI-TOPK-032,300,0.945,0.6383333333333333,0.30666666666666664
LoVo,Hydroxyfasudil,300,0.725,0.5366666666666666,0.18833333333333335
LoVo,IQ 1,300,0.835,0.505,0.32999999999999996
LoVo,Infigratinib,300,0.8516666666666667,0.6233333333333333,0.2283333333333334
LoVo,Ipatasertib,300,0.9116666666666666,0.81,0.10166666666666657
LoVo,Irinotecan,300,0.84,0.5766666666666667,0.2633333333333333
LoVo,Ixazomib,300,0.9316666666666666,0.5333333333333333,0.3983333333333333
LoVo,LB-100,300,0.6883333333333334,0.5033333333333333,0.18500000000000005
LoVo,LJI308,300,0.7133333333333334,0.56,0.15333333333333332
LoVo,LY-2584702 (tosylate salt),300,0.8183333333333334,0.55,0.2683333333333333
LoVo,LY2090314,300,0.73,0.575,0.15500000000000003
LoVo,Lapatinib ditosylate,300,0.6716666666666666,0.525,0.1466666666666666
LoVo,Lonafarnib,300,0.9683333333333334,0.915,0.053333333333333344
LoVo,MK-3903,300,0.9366666666666666,0.5416666666666667,0.3949999999999999
LoVo,MK-8353,300,0.745,0.5066666666666666,0.2383333333333334
LoVo,ML264,300,0.82,0.5133333333333333,0.30666666666666664
LoVo,Methylprednisolone succinate,300,0.7166666666666667,0.5866666666666667,0.13
LoVo,Minodronic acid,300,0.8,0.5316666666666667,0.2683333333333333
LoVo,NG25,300,0.9716666666666667,0.9133333333333333,0.05833333333333335
LoVo,NVP-BHG712,300,0.8316666666666667,0.5966666666666667,0.235
LoVo,OTS514,300,0.815,0.5916666666666667,0.22333333333333327
LoVo,Oleic acid,300,0.7416666666666667,0.53,0.21166666666666667
LoVo,Oxaliplatin,300,0.7166666666666667,0.5566666666666666,0.16000000000000003
LoVo,PF-06260933,300,0.8916666666666667,0.595,0.29666666666666675
LoVo,PH-797804,300,0.95,0.9366666666666666,0.013333333333333308
LoVo,Paclitaxel,300,0.8833333333333333,0.5333333333333333,0.35
LoVo,Pemigatinib,300,0.8216666666666667,0.5533333333333333,0.2683333333333333
LoVo,Pimitespib,300,0.6866666666666666,0.5,0.18666666666666665
LoVo,Pralsetinib,300,0.8816666666666667,0.7083333333333333,0.17333333333333345
LoVo,RMC-6236,300,0.9433333333333334,0.8,0.1433333333333333
LoVo,Ralimetinib dimesylate,300,0.8566666666666667,0.5483333333333333,0.30833333333333335
LoVo,Regorafenib,300,0.8883333333333333,0.77,0.11833333333333329
LoVo,SBI-0640756,300,0.76,0.5466666666666666,0.21333333333333337
LoVo,Sapanisertib,300,0.9266666666666666,0.7833333333333333,0.1433333333333333
LoVo,Sonidegib,300,0.775,0.5816666666666667,0.19333333333333336
LoVo,TAK-733,300,0.9483333333333334,0.88,0.06833333333333336
LoVo,TAK-901,300,0.9933333333333333,0.8833333333333333,0.10999999999999999
LoVo,Temuterkib,300,0.8233333333333334,0.5683333333333334,0.255
LoVo,Tomivosertib,300,0.8366666666666667,0.7216666666666667,0.11499999999999999
LoVo,Torkinib,300,0.775,0.5983333333333334,0.17666666666666664
LoVo,Trametinib,300,0.9616666666666667,0.5883333333333334,0.3733333333333333
LoVo,Tubulin inhibitor 6,300,0.7416666666666667,0.5166666666666666,0.2250000000000001
LoVo,Tucatinib,300,0.7583333333333333,0.5133333333333333,0.245
LoVo,ULK-101,300,0.7833333333333333,0.56,0.22333333333333327
LoVo,Vemurafenib,300,0.8083333333333333,0.5283333333333333,0.28
LoVo,Volasertib,300,0.6933333333333334,0.5766666666666667,0.1166666666666667
LoVo,XRK3F2,300,0.8916666666666667,0.5866666666666667,0.30500000000000005
LoVo,c-Kit-IN-1,300,0.9516666666666667,0.8383333333333334,0.11333333333333329
LoVo,olaparib,300,0.775,0.5366666666666666,0.2383333333333334
LoVo,palbociclib,300,0.8616666666666667,0.515,0.3466666666666667
LoVo,venetoclax,300,0.9533333333333334,0.91,0.043333333333333335
LoVo,vincristine,300,0.8816666666666667,0.5633333333333334,0.31833333333333336
MIA PaCa-2,4EGI-1,300,0.8466666666666667,0.705,0.14166666666666672
MIA PaCa-2,9-ING-41,300,0.8016666666666666,0.5700000000000001,0.23166666666666658
MIA PaCa-2,APTO-253,300,0.77,0.5549999999999999,0.21500000000000008
MIA PaCa-2,AT7519,300,0.7033333333333334,0.5083333333333333,0.19500000000000006
MIA PaCa-2,AZD-7648,300,0.9133333333333333,0.6683333333333333,0.245
MIA PaCa-2,AZD-8055,300,0.9383333333333334,0.64,0.29833333333333334
MIA PaCa-2,AZD1390,300,0.795,0.5266666666666666,0.2683333333333334
MIA PaCa-2,AZD2858,218,0.6903669724770642,0.5022935779816514,0.18807339449541283
MIA PaCa-2,Abemaciclib,300,0.975,0.8566666666666667,0.11833333333333329
MIA PaCa-2,Adagrasib,300,0.8566666666666667,0.6433333333333333,0.21333333333333337
MIA PaCa-2,Afatinib,300,0.9433333333333334,0.65,0.29333333333333333
MIA PaCa-2,Alpelisib,300,0.9,0.675,0.22499999999999998
MIA PaCa-2,Anastrozole,300,0.685,0.5016666666666667,0.18333333333333335
MIA PaCa-2,BAY1125976,300,0.9466666666666667,0.85,0.09666666666666668
MIA PaCa-2,BI-3406,300,0.925,0.6083333333333333,0.31666666666666676
MIA PaCa-2,BI-78D3,300,0.75,0.515,0.235
MIA PaCa-2,Belumosudil (mesylate),300,0.76,0.5716666666666667,0.18833333333333335
MIA PaCa-2,Belzutifan,300,0.8233333333333334,0.6116666666666667,0.21166666666666667
MIA PaCa-2,Bentamapimod,300,0.7966666666666666,0.525,0.2716666666666666
MIA PaCa-2,Bimiralisib,300,0.965,0.7816666666666667,0.18333333333333324
MIA PaCa-2,Binimetinib,273,0.945054945054945,0.7380952380952381,0.2069597069597069
MIA PaCa-2,Bortezomib,246,0.9817073170731707,0.926829268292683,0.05487804878048774
MIA PaCa-2,Brivudine,300,0.9333333333333333,0.5966666666666667,0.33666666666666667
MIA PaCa-2,CP21R7,300,0.6433333333333333,0.5016666666666667,0.1416666666666666
MIA PaCa-2,Capivasertib,300,0.765,0.52,0.245
MIA PaCa-2,Capmatinib,300,0.845,0.5733333333333334,0.2716666666666666
MIA PaCa-2,Celecoxib,300,0.6883333333333334,0.525,0.16333333333333333
MIA PaCa-2,DT-061,300,0.8133333333333334,0.5616666666666666,0.2516666666666667
MIA PaCa-2,DTP3,300,0.7783333333333333,0.5549999999999999,0.22333333333333338
MIA PaCa-2,Dabrafenib,300,0.915,0.8716666666666667,0.043333333333333335
MIA PaCa-2,ERK5-IN-2,300,0.8683333333333333,0.5716666666666667,0.29666666666666663
MIA PaCa-2,ETC-206,300,0.645,0.5183333333333333,0.1266666666666667
MIA PaCa-2,EX229,300,0.945,0.8733333333333333,0.07166666666666666
MIA PaCa-2,Elimusertib hydrochloride,257,0.9357976653696498,0.603112840466926,0.3326848249027238
MIA PaCa-2,Encorafenib,300,0.86,0.5633333333333334,0.29666666666666663
MIA PaCa-2,Erdafitinib ,300,0.7333333333333333,0.6116666666666667,0.12166666666666659
MIA PaCa-2,Everolimus,300,0.7366666666666667,0.5016666666666667,0.235
MIA PaCa-2,Futibatinib,300,0.73,0.6516666666666666,0.07833333333333337
MIA PaCa-2,GSK1059615,300,0.9683333333333334,0.5933333333333333,0.3750000000000001
MIA PaCa-2,Gemcitabine,300,0.68,0.5033333333333334,0.17666666666666664
MIA PaCa-2,HI-TOPK-032,300,0.8766666666666667,0.7766666666666666,0.10000000000000009
MIA PaCa-2,Hydroxyfasudil,300,0.71,0.5033333333333334,0.20666666666666655
MIA PaCa-2,IQ 1,300,0.7866666666666666,0.5516666666666666,0.235
MIA PaCa-2,Infigratinib,300,0.8033333333333333,0.5216666666666666,0.28166666666666673
MIA PaCa-2,Ipatasertib,300,0.8216666666666667,0.5,0.32166666666666666
MIA PaCa-2,Irinotecan,300,0.7933333333333333,0.5333333333333333,0.26
MIA PaCa-2,Ixazomib,300,0.8966666666666666,0.645,0.2516666666666666
MIA PaCa-2,LB-100,300,0.6883333333333334,0.5116666666666667,0.17666666666666664
MIA PaCa-2,LJI308,300,0.7066666666666667,0.5116666666666667,0.19499999999999995
MIA PaCa-2,LY-2584702 (tosylate salt),200,0.79,0.5675,0.22250000000000003
MIA PaCa-2,LY2090314,300,0.7066666666666667,0.6,0.10666666666666669
MIA PaCa-2,Lapatinib ditosylate,300,0.7016666666666667,0.615,0.08666666666666667
MIA PaCa-2,Lonafarnib,266,0.9473684210526315,0.6672932330827067,0.2800751879699248
MIA PaCa-2,MK-3903,300,0.77,0.5366666666666666,0.2333333333333334
MIA PaCa-2,MK-8353,300,0.7166666666666667,0.5616666666666666,0.15500000000000003
MIA PaCa-2,ML264,300,0.8583333333333333,0.5083333333333333,0.35
MIA PaCa-2,Methylprednisolone succinate,300,0.705,0.505,0.19999999999999996
MIA PaCa-2,Minodronic acid,300,0.7233333333333334,0.51,0.21333333333333337
MIA PaCa-2,NG25,300,0.9583333333333334,0.865,0.09333333333333338
MIA PaCa-2,NVP-BHG712,300,0.75,0.5449999999999999,0.20500000000000007
MIA PaCa-2,OTS514,300,0.795,0.6066666666666667,0.18833333333333335
MIA PaCa-2,Oleic acid,300,0.745,0.5066666666666666,0.2383333333333334
MIA PaCa-2,Oxaliplatin,300,0.7366666666666667,0.5066666666666667,0.22999999999999998
MIA PaCa-2,PF-06260933,300,0.905,0.5883333333333334,0.31666666666666665
MIA PaCa-2,PH-797804,300,0.975,0.9033333333333333,0.07166666666666666
MIA PaCa-2,Paclitaxel,300,0.905,0.5449999999999999,0.3600000000000001
MIA PaCa-2,Pemigatinib,300,0.675,0.5083333333333333,0.16666666666666674
MIA PaCa-2,Pimitespib,300,0.7066666666666667,0.5,0.20666666666666667
MIA PaCa-2,Pralsetinib,174,0.8879310344827587,0.5919540229885057,0.29597701149425293
MIA PaCa-2,RMC-6236,300,0.9616666666666667,0.7483333333333333,0.21333333333333337
MIA PaCa-2,Ralimetinib dimesylate,300,0.7933333333333333,0.5216666666666667,0.2716666666666666
MIA PaCa-2,Regorafenib,300,0.6666666666666666,0.5183333333333333,0.14833333333333332
MIA PaCa-2,SBI-0640756,300,0.7933333333333333,0.51,0.2833333333333333
MIA PaCa-2,Sapanisertib,300,0.905,0.7983333333333333,0.10666666666666669
MIA PaCa-2,Sonidegib,300,0.6816666666666666,0.56,0.12166666666666659
MIA PaCa-2,TAK-733,300,0.9533333333333334,0.8633333333333333,0.09000000000000008
MIA PaCa-2,TAK-901,300,1.0,0.9566666666666667,0.043333333333333335
MIA PaCa-2,Temuterkib,300,0.82,0.6083333333333333,0.21166666666666667
MIA PaCa-2,Tomivosertib,300,0.8033333333333333,0.6883333333333334,0.11499999999999999
MIA PaCa-2,Torkinib,159,0.8050314465408805,0.5314465408805031,0.2735849056603774
MIA PaCa-2,Trametinib,300,0.97,0.7066666666666667,0.2633333333333333
MIA PaCa-2,Tubulin inhibitor 6,300,0.6766666666666666,0.5133333333333333,0.16333333333333333
MIA PaCa-2,Tucatinib,300,0.715,0.5083333333333333,0.20666666666666667
MIA PaCa-2,ULK-101,300,0.7483333333333333,0.5183333333333333,0.22999999999999998
MIA PaCa-2,Vemurafenib,300,0.885,0.5416666666666667,0.34333333333333327
MIA PaCa-2,Volasertib,296,0.6942567567567568,0.518581081081081,0.17567567567567577
MIA PaCa-2,XRK3F2,300,0.8983333333333333,0.6666666666666667,0.23166666666666658
MIA PaCa-2,c-Kit-IN-1,300,0.96,0.855,0.10499999999999998
MIA PaCa-2,olaparib,300,0.7333333333333333,0.5,0.23333333333333328
MIA PaCa-2,palbociclib,300,0.9066666666666666,0.625,0.2816666666666666
MIA PaCa-2,venetoclax,300,0.9816666666666667,0.9033333333333333,0.07833333333333337
MIA PaCa-2,vincristine,300,0.9,0.815,0.08500000000000008
NCI-H1573,4EGI-1,300,0.8933333333333333,0.6283333333333333,0.265
NCI-H1573,9-ING-41,300,0.805,0.5283333333333333,0.2766666666666667
NCI-H1573,APTO-253,300,0.7966666666666666,0.5016666666666667,0.29499999999999993
NCI-H1573,AT7519,300,0.7766666666666666,0.5016666666666667,0.2749999999999999
NCI-H1573,AZD-7648,300,0.9366666666666666,0.695,0.2416666666666667
NCI-H1573,AZD-8055,300,0.9083333333333333,0.595,0.31333333333333335
NCI-H1573,AZD1390,300,0.8783333333333333,0.525,0.3533333333333333
NCI-H1573,AZD2858,298,0.761744966442953,0.511744966442953,0.25
NCI-H1573,Abemaciclib,300,0.9266666666666666,0.76,0.16666666666666663
NCI-H1573,Adagrasib,300,0.6983333333333334,0.5833333333333334,0.11499999999999999
NCI-H1573,Afatinib,300,0.97,0.935,0.03499999999999992
NCI-H1573,Alpelisib,300,0.945,0.6833333333333333,0.2616666666666666
NCI-H1573,Anastrozole,300,0.7583333333333333,0.5133333333333333,0.245
NCI-H1573,BAY1125976,300,0.9416666666666667,0.775,0.16666666666666663
NCI-H1573,BI-3406,300,0.96,0.7733333333333333,0.18666666666666665
NCI-H1573,BI-78D3,300,0.7683333333333333,0.5066666666666667,0.2616666666666666
NCI-H1573,Belumosudil (mesylate),300,0.8716666666666667,0.5883333333333334,0.2833333333333333
NCI-H1573,Belzutifan,300,0.8933333333333333,0.575,0.31833333333333336
NCI-H1573,Bentamapimod,300,0.8433333333333334,0.5083333333333333,0.3350000000000001
NCI-H1573,Bimiralisib,300,0.9883333333333333,0.97,0.018333333333333313
NCI-H1573,Binimetinib,300,0.9716666666666667,0.9283333333333333,0.043333333333333335
NCI-H1573,Bortezomib,213,0.9929577464788732,0.9906103286384976,0.0023474178403756207
NCI-H1573,Brivudine,300,0.9866666666666667,0.97,0.01666666666666672
NCI-H1573,CP21R7,300,0.7483333333333333,0.575,0.17333333333333334
NCI-H1573,Capivasertib,300,0.77,0.5416666666666666,0.2283333333333334
NCI-H1573,Capmatinib,300,0.9483333333333334,0.52,0.42833333333333334
NCI-H1573,Celecoxib,300,0.765,0.5566666666666666,0.20833333333333337
NCI-H1573,DT-061,300,0.8366666666666667,0.5,0.33666666666666667
NCI-H1573,DTP3,300,0.84,0.5733333333333333,0.2666666666666667
NCI-H1573,Dabrafenib,300,0.8683333333333333,0.615,0.2533333333333333
NCI-H1573,ERK5-IN-2,300,0.87,0.5583333333333333,0.31166666666666665
NCI-H1573,ETC-206,300,0.7133333333333334,0.505,0.20833333333333337
NCI-H1573,EX229,300,0.975,0.8366666666666667,0.1383333333333333
NCI-H1573,Elimusertib hydrochloride,300,0.975,0.9299999999999999,0.04500000000000004
NCI-H1573,Encorafenib,300,0.9083333333333333,0.6166666666666667,0.29166666666666663
NCI-H1573,Erdafitinib ,300,0.8033333333333333,0.5633333333333334,0.24
NCI-H1573,Everolimus,300,0.78,0.5083333333333333,0.2716666666666667
NCI-H1573,Futibatinib,300,0.87,0.6683333333333333,0.20166666666666666
NCI-H1573,GSK1059615,300,0.955,0.8333333333333334,0.12166666666666659
NCI-H1573,Gemcitabine,300,0.77,0.5016666666666667,0.2683333333333333
NCI-H1573,HI-TOPK-032,300,0.9366666666666666,0.685,0.2516666666666666
NCI-H1573,Hydroxyfasudil,300,0.7833333333333333,0.5116666666666667,0.2716666666666666
NCI-H1573,IQ 1,300,0.8516666666666667,0.5533333333333333,0.29833333333333334
NCI-H1573,Infigratinib,300,0.8733333333333333,0.525,0.3483333333333333
NCI-H1573,Ipatasertib,300,0.8916666666666667,0.55,0.3416666666666667
NCI-H1573,Irinotecan,300,0.8383333333333334,0.56,0.2783333333333333
NCI-H1573,Ixazomib,300,0.9233333333333333,0.705,0.21833333333333338
NCI-H1573,LB-100,300,0.7566666666666667,0.525,0.2316666666666667
NCI-H1573,LJI308,300,0.7583333333333333,0.5283333333333333,0.22999999999999998
NCI-H1573,LY-2584702 (tosylate salt),251,0.852589641434263,0.547808764940239,0.30478087649402397
NCI-H1573,LY2090314,300,0.7783333333333333,0.6116666666666667,0.16666666666666663
NCI-H1573,Lapatinib ditosylate,300,0.7333333333333333,0.5933333333333334,0.1399999999999999
NCI-H1573,Lonafarnib,126,0.9880952380952381,0.9801587301587301,0.00793650793650802
NCI-H1573,MK-3903,300,0.91,0.5616666666666666,0.3483333333333334
NCI-H1573,MK-8353,300,0.76,0.5733333333333334,0.18666666666666665
NCI-H1573,ML264,300,0.8383333333333334,0.5116666666666667,0.32666666666666666
NCI-H1573,Methylprednisolone succinate,300,0.78,0.5183333333333333,0.2616666666666667
NCI-H1573,Minodronic acid,300,0.77,0.5816666666666667,0.18833333333333335
NCI-H1573,NG25,300,0.9916666666666667,0.99,0.0016666666666667052
NCI-H1573,NVP-BHG712,300,0.8283333333333334,0.57,0.2583333333333334
NCI-H1573,OTS514,300,0.8766666666666667,0.71,0.16666666666666674
NCI-H1573,Oleic acid,300,0.775,0.5533333333333333,0.22166666666666668
NCI-H1573,Oxaliplatin,300,0.795,0.5216666666666666,0.27333333333333343
NCI-H1573,PF-06260933,300,0.8516666666666667,0.5533333333333333,0.29833333333333334
NCI-H1573,PH-797804,300,0.9966666666666667,0.9766666666666667,0.020000000000000018
NCI-H1573,Paclitaxel,300,0.85,0.5133333333333333,0.33666666666666667
NCI-H1573,Pemigatinib,300,0.7383333333333333,0.5516666666666666,0.18666666666666665
NCI-H1573,Pimitespib,261,0.7988505747126436,0.5766283524904214,0.2222222222222222
NCI-H1573,Pralsetinib,217,0.9193548387096774,0.7626728110599078,0.15668202764976957
NCI-H1573,RMC-6236,300,0.9883333333333333,0.98,0.008333333333333304
NCI-H1573,Ralimetinib dimesylate,300,0.8366666666666667,0.5666666666666667,0.27
NCI-H1573,Regorafenib,300,0.8316666666666667,0.535,0.29666666666666663
NCI-H1573,SBI-0640756,300,0.78,0.5116666666666667,0.2683333333333333
NCI-H1573,Sapanisertib,300,0.9316666666666666,0.775,0.15666666666666662
NCI-H1573,Sonidegib,300,0.8116666666666666,0.52,0.29166666666666663
NCI-H1573,TAK-733,300,0.93,0.87,0.06000000000000005
NCI-H1573,TAK-901,300,1.0,0.9883333333333333,0.011666666666666714
NCI-H1573,Temuterkib,300,0.795,0.575,0.22000000000000008
NCI-H1573,Tomivosertib,300,0.8416666666666667,0.6416666666666666,0.20000000000000007
NCI-H1573,Torkinib,300,0.77,0.5033333333333333,0.2666666666666667
NCI-H1573,Trametinib,300,0.9833333333333333,0.9583333333333334,0.02499999999999991
NCI-H1573,Tubulin inhibitor 6,300,0.775,0.525,0.25
NCI-H1573,Tucatinib,300,0.805,0.5783333333333334,0.22666666666666668
NCI-H1573,ULK-101,300,0.8016666666666666,0.5216666666666667,0.2799999999999999
NCI-H1573,Vemurafenib,300,0.8516666666666667,0.5533333333333333,0.29833333333333334
NCI-H1573,Volasertib,300,0.77,0.5083333333333333,0.2616666666666667
NCI-H1573,XRK3F2,300,0.85,0.5700000000000001,0.2799999999999999
NCI-H1573,c-Kit-IN-1,300,0.96,0.8133333333333334,0.1466666666666666
NCI-H1573,olaparib,300,0.7766666666666666,0.5166666666666666,0.26
NCI-H1573,palbociclib,300,0.8983333333333333,0.575,0.32333333333333336
NCI-H1573,venetoclax,300,0.9783333333333334,0.9183333333333333,0.06000000000000005
NCI-H1573,vincristine,300,0.95,0.94,0.010000000000000009
NCI-H1792,4EGI-1,300,0.8366666666666667,0.5433333333333333,0.29333333333333333
NCI-H1792,9-ING-41,300,0.8066666666666666,0.5816666666666667,0.22499999999999998
NCI-H1792,APTO-253,300,0.76,0.59,0.17000000000000004
NCI-H1792,AT7519,300,0.77,0.565,0.20500000000000007
NCI-H1792,AZD-7648,300,0.9083333333333333,0.8233333333333334,0.08499999999999996
NCI-H1792,AZD-8055,300,0.9133333333333333,0.7816666666666666,0.1316666666666667
NCI-H1792,AZD1390,300,0.8016666666666666,0.5033333333333333,0.29833333333333334
NCI-H1792,AZD2858,296,0.7415540540540541,0.5844594594594594,0.15709459459459463
NCI-H1792,Abemaciclib,300,0.96,0.8383333333333334,0.12166666666666659
NCI-H1792,Adagrasib,300,0.7516666666666667,0.685,0.06666666666666665
NCI-H1792,Afatinib,300,0.9433333333333334,0.845,0.09833333333333338
NCI-H1792,Alpelisib,300,0.91,0.8266666666666667,0.08333333333333337
NCI-H1792,Anastrozole,300,0.81,0.5716666666666667,0.2383333333333334
NCI-H1792,BAY1125976,300,0.905,0.705,0.20000000000000007
NCI-H1792,BI-3406,300,0.935,0.8166666666666667,0.1183333333333334
NCI-H1792,BI-78D3,300,0.74,0.505,0.235
NCI-H1792,Belumosudil (mesylate),300,0.8416666666666667,0.5566666666666666,0.28500000000000003
NCI-H1792,Belzutifan,300,0.9333333333333333,0.7133333333333334,0.21999999999999997
NCI-H1792,Bentamapimod,300,0.8566666666666667,0.5666666666666667,0.29000000000000004
NCI-H1792,Bimiralisib,300,0.9716666666666667,0.9183333333333333,0.053333333333333344
NCI-H1792,Binimetinib,300,0.9366666666666666,0.805,0.1316666666666666
NCI-H1792,Brivudine,300,0.9883333333333333,0.915,0.07333333333333325
NCI-H1792,CP21R7,300,0.7033333333333334,0.5116666666666667,0.19166666666666665
NCI-H1792,Capivasertib,300,0.7833333333333333,0.5216666666666666,0.2616666666666667
NCI-H1792,Capmatinib,300,0.8833333333333333,0.795,0.08833333333333326
NCI-H1792,Celecoxib,300,0.7633333333333333,0.5066666666666666,0.2566666666666667
NCI-H1792,DT-061,300,0.8066666666666666,0.5533333333333333,0.2533333333333333
NCI-H1792,DTP3,300,0.775,0.5366666666666666,0.2383333333333334
NCI-H1792,Dabrafenib,300,0.9033333333333333,0.7066666666666667,0.19666666666666666
NCI-H1792,ERK5-IN-2,300,0.8483333333333334,0.6066666666666667,0.2416666666666667
NCI-H1792,ETC-206,300,0.6783333333333333,0.5566666666666666,0.1216666666666667
NCI-H1792,EX229,300,0.955,0.8666666666666667,0.08833333333333326
NCI-H1792,Elimusertib hydrochloride,244,0.9795081967213115,0.9057377049180328,0.07377049180327866
NCI-H1792,Encorafenib,300,0.9166666666666666,0.7633333333333333,0.15333333333333332
NCI-H1792,Erdafitinib ,300,0.7916666666666666,0.5733333333333333,0.21833333333333338
NCI-H1792,Everolimus,300,0.7633333333333333,0.5483333333333333,0.21499999999999997
NCI-H1792,Futibatinib,300,0.83,0.5083333333333333,0.32166666666666666
NCI-H1792,GSK1059615,300,0.9633333333333334,0.7916666666666666,0.17166666666666675
NCI-H1792,Gemcitabine,300,0.7116666666666667,0.545,0.16666666666666663
NCI-H1792,HI-TOPK-032,300,0.9616666666666667,0.835,0.1266666666666667
NCI-H1792,Hydroxyfasudil,300,0.76,0.5933333333333333,0.16666666666666674
NCI-H1792,IQ 1,300,0.7966666666666666,0.6333333333333333,0.16333333333333333
NCI-H1792,Infigratinib,300,0.8116666666666666,0.5716666666666667,0.24
NCI-H1792,Ipatasertib,300,0.9,0.6816666666666666,0.21833333333333338
NCI-H1792,Irinotecan,300,0.8,0.5383333333333333,0.2616666666666667
NCI-H1792,Ixazomib,300,0.95,0.8366666666666667,0.11333333333333329
NCI-H1792,LB-100,300,0.6583333333333333,0.5516666666666666,0.10666666666666669
NCI-H1792,LJI308,300,0.74,0.6216666666666667,0.11833333333333329
NCI-H1792,LY-2584702 (tosylate salt),150,0.8266666666666667,0.6066666666666667,0.21999999999999997
NCI-H1792,LY2090314,300,0.73,0.5833333333333333,0.14666666666666672
NCI-H1792,Lapatinib ditosylate,300,0.7533333333333333,0.53,0.22333333333333327
NCI-H1792,Lonafarnib,170,0.9794117647058823,0.8794117647058823,0.09999999999999998
NCI-H1792,MK-3903,300,0.8316666666666667,0.5766666666666667,0.255
NCI-H1792,MK-8353,300,0.6916666666666667,0.5116666666666667,0.17999999999999994
NCI-H1792,ML264,300,0.7966666666666666,0.5316666666666666,0.265
NCI-H1792,Methylprednisolone succinate,300,0.78,0.5333333333333333,0.2466666666666667
NCI-H1792,Minodronic acid,300,0.7483333333333333,0.525,0.22333333333333327
NCI-H1792,NG25,300,0.96,0.8766666666666667,0.08333333333333326
NCI-H1792,NVP-BHG712,300,0.865,0.545,0.31999999999999995
NCI-H1792,OTS514,300,0.8166666666666667,0.5333333333333333,0.2833333333333333
NCI-H1792,Oleic acid,300,0.7666666666666667,0.5033333333333334,0.2633333333333333
NCI-H1792,Oxaliplatin,300,0.7816666666666666,0.5083333333333333,0.2733333333333333
NCI-H1792,PF-06260933,300,0.81,0.575,0.2350000000000001
NCI-H1792,PH-797804,300,0.9233333333333333,0.5583333333333333,0.365
NCI-H1792,Paclitaxel,300,0.8883333333333333,0.7783333333333333,0.10999999999999999
NCI-H1792,Pemigatinib,300,0.71,0.5166666666666666,0.19333333333333336
NCI-H1792,Pimitespib,300,0.6866666666666666,0.51,0.17666666666666664
NCI-H1792,Pralsetinib,241,0.9336099585062241,0.8381742738589212,0.0954356846473029
NCI-H1792,RMC-6236,300,0.9616666666666667,0.9483333333333334,0.013333333333333308
NCI-H1792,Ralimetinib dimesylate,300,0.9033333333333333,0.5633333333333334,0.33999999999999997
NCI-H1792,Regorafenib,300,0.8833333333333333,0.715,0.16833333333333333
NCI-H1792,SBI-0640756,300,0.7683333333333333,0.555,0.21333333333333326
NCI-H1792,Sapanisertib,300,0.9216666666666666,0.6483333333333333,0.2733333333333333
NCI-H1792,Sonidegib,300,0.795,0.6316666666666667,0.16333333333333333
NCI-H1792,TAK-733,300,0.9566666666666667,0.9016666666666666,0.05500000000000005
NCI-H1792,TAK-901,300,0.9866666666666667,0.9433333333333334,0.043333333333333335
NCI-H1792,Temuterkib,300,0.8116666666666666,0.5533333333333333,0.2583333333333333
NCI-H1792,Tomivosertib,300,0.7916666666666666,0.5683333333333334,0.22333333333333327
NCI-H1792,Torkinib,282,0.7907801418439716,0.5851063829787234,0.2056737588652482
NCI-H1792,Trametinib,300,0.9616666666666667,0.9416666666666667,0.020000000000000018
NCI-H1792,Tubulin inhibitor 6,300,0.77,0.5633333333333334,0.20666666666666667
NCI-H1792,Tucatinib,300,0.76,0.5366666666666666,0.22333333333333338
NCI-H1792,ULK-101,300,0.765,0.5983333333333334,0.16666666666666663
NCI-H1792,Vemurafenib,300,0.8633333333333333,0.51,0.3533333333333333
NCI-H1792,Volasertib,300,0.7383333333333333,0.5116666666666667,0.22666666666666657
NCI-H1792,XRK3F2,300,0.8516666666666667,0.6866666666666666,0.16500000000000004
NCI-H1792,c-Kit-IN-1,300,0.9683333333333334,0.8966666666666666,0.07166666666666677
NCI-H1792,olaparib,300,0.8216666666666667,0.64,0.18166666666666664
NCI-H1792,palbociclib,300,0.8683333333333333,0.74,0.1283333333333333
NCI-H1792,venetoclax,300,0.9766666666666667,0.9133333333333333,0.06333333333333335
NCI-H1792,vincristine,300,0.8933333333333333,0.5766666666666667,0.31666666666666665
NCI-H2030,4EGI-1,300,0.78,0.5983333333333334,0.18166666666666664
NCI-H2030,9-ING-41,300,0.7633333333333333,0.505,0.2583333333333333
NCI-H2030,APTO-253,300,0.7383333333333333,0.5566666666666666,0.18166666666666664
NCI-H2030,AT7519,300,0.6816666666666666,0.5316666666666667,0.1499999999999999
NCI-H2030,AZD-7648,300,0.91,0.605,0.30500000000000005
NCI-H2030,AZD-8055,300,0.8983333333333333,0.6366666666666667,0.2616666666666666
NCI-H2030,AZD1390,300,0.73,0.5083333333333333,0.22166666666666668
NCI-H2030,AZD2858,300,0.7133333333333334,0.5383333333333333,0.17500000000000004
NCI-H2030,Abemaciclib,300,0.97,0.6383333333333333,0.33166666666666667
NCI-H2030,Adagrasib,300,0.75,0.6216666666666666,0.1283333333333334
NCI-H2030,Afatinib,300,0.9466666666666667,0.7066666666666667,0.24
NCI-H2030,Alpelisib,300,0.935,0.67,0.265
NCI-H2030,Anastrozole,300,0.7983333333333333,0.53,0.2683333333333333
NCI-H2030,BAY1125976,300,0.9083333333333333,0.6133333333333333,0.29500000000000004
NCI-H2030,BI-3406,300,0.9383333333333334,0.5716666666666667,0.3666666666666667
NCI-H2030,BI-78D3,300,0.7583333333333333,0.5033333333333333,0.255
NCI-H2030,Belumosudil (mesylate),300,0.825,0.5133333333333333,0.31166666666666665
NCI-H2030,Belzutifan,300,0.895,0.5733333333333334,0.32166666666666666
NCI-H2030,Bentamapimod,300,0.8066666666666666,0.5133333333333333,0.29333333333333333
NCI-H2030,Bimiralisib,300,0.9716666666666667,0.8183333333333334,0.15333333333333332
NCI-H2030,Binimetinib,300,0.9616666666666667,0.6966666666666667,0.265
NCI-H2030,Bortezomib,250,0.982,0.85,0.132
NCI-H2030,Brivudine,300,0.9733333333333334,0.845,0.1283333333333334
NCI-H2030,CP21R7,300,0.6716666666666666,0.5716666666666667,0.09999999999999998
NCI-H2030,Capivasertib,300,0.6533333333333333,0.5116666666666667,0.1416666666666666
NCI-H2030,Capmatinib,300,0.885,0.5633333333333334,0.32166666666666666
NCI-H2030,Celecoxib,300,0.6716666666666666,0.505,0.16666666666666663
NCI-H2030,DT-061,300,0.8533333333333334,0.5633333333333334,0.29000000000000004
NCI-H2030,DTP3,300,0.785,0.5866666666666667,0.19833333333333336
NCI-H2030,Dabrafenib,300,0.845,0.5483333333333333,0.29666666666666663
NCI-H2030,ERK5-IN-2,300,0.895,0.5,0.395
NCI-H2030,ETC-206,300,0.65,0.51,0.14
NCI-H2030,EX229,300,0.9666666666666667,0.645,0.32166666666666666
NCI-H2030,Elimusertib hydrochloride,300,0.9583333333333334,0.5116666666666667,0.44666666666666666
NCI-H2030,Encorafenib,300,0.9066666666666666,0.5516666666666667,0.35499999999999987
NCI-H2030,Erdafitinib ,300,0.7533333333333333,0.5483333333333333,0.20499999999999996
NCI-H2030,Everolimus,300,0.6583333333333333,0.5066666666666666,0.15166666666666673
NCI-H2030,Futibatinib,300,0.7883333333333333,0.6383333333333333,0.15000000000000002
NCI-H2030,GSK1059615,300,0.9583333333333334,0.55,0.4083333333333333
NCI-H2030,Gemcitabine,300,0.7683333333333333,0.5116666666666667,0.2566666666666666
NCI-H2030,HI-TOPK-032,300,0.915,0.5666666666666667,0.3483333333333334
NCI-H2030,Hydroxyfasudil,300,0.7016666666666667,0.5133333333333333,0.18833333333333335
NCI-H2030,IQ 1,300,0.7566666666666667,0.5066666666666667,0.25
NCI-H2030,Infigratinib,300,0.8266666666666667,0.5183333333333333,0.30833333333333335
NCI-H2030,Ipatasertib,300,0.84,0.5416666666666666,0.29833333333333334
NCI-H2030,Irinotecan,300,0.8133333333333334,0.5549999999999999,0.2583333333333334
NCI-H2030,Ixazomib,300,0.9033333333333333,0.66,0.2433333333333333
NCI-H2030,LB-100,300,0.725,0.5333333333333333,0.19166666666666665
NCI-H2030,LJI308,300,0.755,0.6316666666666666,0.1233333333333334
NCI-H2030,LY-2584702 (tosylate salt),300,0.7866666666666666,0.525,0.2616666666666666
NCI-H2030,LY2090314,300,0.7216666666666667,0.6083333333333334,0.11333333333333329
NCI-H2030,Lapatinib ditosylate,300,0.6683333333333333,0.5616666666666666,0.10666666666666669
NCI-H2030,Lonafarnib,253,0.9881422924901185,0.8893280632411067,0.09881422924901184
NCI-H2030,MK-3903,300,0.8333333333333334,0.555,0.2783333333333333
NCI-H2030,MK-8353,300,0.665,0.5516666666666666,0.1133333333333334
NCI-H2030,ML264,300,0.7816666666666666,0.52,0.2616666666666666
NCI-H2030,Methylprednisolone succinate,300,0.7566666666666667,0.5333333333333333,0.22333333333333338
NCI-H2030,Minodronic acid,300,0.7716666666666666,0.5566666666666666,0.21499999999999997
NCI-H2030,NG25,300,0.945,0.5,0.44499999999999995
NCI-H2030,NVP-BHG712,300,0.78,0.5633333333333334,0.21666666666666667
NCI-H2030,OTS514,300,0.7766666666666666,0.5700000000000001,0.20666666666666655
NCI-H2030,Oleic acid,300,0.745,0.565,0.18000000000000005
NCI-H2030,Oxaliplatin,300,0.7366666666666667,0.5266666666666666,0.21000000000000008
NCI-H2030,PF-06260933,300,0.9,0.515,0.385
NCI-H2030,PH-797804,300,0.9583333333333334,0.8216666666666667,0.13666666666666671
NCI-H2030,Paclitaxel,300,0.8716666666666667,0.5083333333333333,0.3633333333333334
NCI-H2030,Pemigatinib,300,0.5933333333333334,0.5433333333333333,0.050000000000000044
NCI-H2030,Pimitespib,300,0.74,0.5066666666666666,0.2333333333333334
NCI-H2030,Pralsetinib,300,0.8883333333333333,0.5433333333333333,0.345
NCI-H2030,RMC-6236,300,0.9566666666666667,0.6583333333333333,0.29833333333333334
NCI-H2030,Ralimetinib dimesylate,300,0.8416666666666667,0.5633333333333334,0.2783333333333333
NCI-H2030,Regorafenib,300,0.8166666666666667,0.5116666666666667,0.30499999999999994
NCI-H2030,SBI-0640756,300,0.745,0.5433333333333333,0.20166666666666666
NCI-H2030,Sapanisertib,300,0.8816666666666667,0.5366666666666666,0.3450000000000001
NCI-H2030,Sonidegib,300,0.7416666666666667,0.5383333333333333,0.20333333333333337
NCI-H2030,TAK-733,300,0.9783333333333334,0.525,0.45333333333333337
NCI-H2030,TAK-901,300,0.995,0.9933333333333333,0.0016666666666667052
NCI-H2030,Temuterkib,300,0.8166666666666667,0.5933333333333333,0.22333333333333338
NCI-H2030,Tomivosertib,300,0.7533333333333333,0.6383333333333333,0.11499999999999999
NCI-H2030,Torkinib,300,0.7466666666666667,0.515,0.2316666666666667
NCI-H2030,Trametinib,300,0.9683333333333334,0.8433333333333334,0.125
NCI-H2030,Tubulin inhibitor 6,300,0.7716666666666666,0.5133333333333333,0.2583333333333333
NCI-H2030,Tucatinib,300,0.7283333333333334,0.5166666666666667,0.21166666666666667
NCI-H2030,ULK-101,300,0.785,0.5183333333333333,0.2666666666666667
NCI-H2030,Vemurafenib,300,0.8933333333333333,0.5833333333333334,0.30999999999999994
NCI-H2030,Volasertib,300,0.6933333333333334,0.5233333333333333,0.17000000000000004
NCI-H2030,XRK3F2,300,0.8883333333333333,0.675,0.21333333333333326
NCI-H2030,c-Kit-IN-1,300,0.94,0.65,0.2899999999999999
NCI-H2030,olaparib,300,0.7466666666666667,0.5016666666666667,0.245
NCI-H2030,palbociclib,300,0.8583333333333333,0.5866666666666667,0.2716666666666666
NCI-H2030,venetoclax,300,0.9683333333333334,0.8333333333333334,0.135
NCI-H2030,vincristine,300,0.8683333333333333,0.5933333333333334,0.2749999999999999
NCI-H23,4EGI-1,300,0.78,0.5916666666666667,0.18833333333333335
NCI-H23,9-ING-41,300,0.7383333333333333,0.565,0.17333333333333334
NCI-H23,APTO-253,300,0.725,0.6016666666666667,0.1233333333333333
NCI-H23,AT7519,300,0.6616666666666666,0.5183333333333333,0.1433333333333333
NCI-H23,AZD-7648,300,0.8383333333333334,0.7716666666666666,0.06666666666666676
NCI-H23,AZD-8055,300,0.8933333333333333,0.64,0.2533333333333333
NCI-H23,AZD1390,300,0.7133333333333334,0.56,0.15333333333333332
NCI-H23,AZD2858,300,0.7,0.5383333333333333,0.16166666666666663
NCI-H23,Abemaciclib,300,0.905,0.705,0.20000000000000007
NCI-H23,Adagrasib,300,0.77,0.6133333333333333,0.15666666666666673
NCI-H23,Afatinib,300,0.9266666666666666,0.895,0.03166666666666662
NCI-H23,Alpelisib,300,0.9083333333333333,0.765,0.1433333333333333
NCI-H23,Anastrozole,300,0.6433333333333333,0.53,0.11333333333333329
NCI-H23,BAY1125976,300,0.8566666666666667,0.7,0.15666666666666673
NCI-H23,BI-3406,300,0.9333333333333333,0.8783333333333333,0.05500000000000005
NCI-H23,BI-78D3,300,0.6966666666666667,0.5916666666666667,0.10499999999999998
NCI-H23,Belumosudil (mesylate),300,0.7283333333333334,0.5233333333333333,0.20500000000000007
NCI-H23,Belzutifan,300,0.8666666666666667,0.5783333333333334,0.28833333333333333
NCI-H23,Bentamapimod,300,0.74,0.5366666666666666,0.20333333333333337
NCI-H23,Bimiralisib,300,0.9533333333333334,0.89,0.06333333333333335
NCI-H23,Binimetinib,300,0.9383333333333334,0.89,0.04833333333333334
NCI-H23,Bortezomib,206,0.9902912621359223,0.9781553398058253,0.012135922330097082
NCI-H23,Brivudine,300,0.9866666666666667,0.93,0.05666666666666664
NCI-H23,CP21R7,300,0.6733333333333333,0.54,0.1333333333333333
NCI-H23,Capivasertib,300,0.715,0.515,0.19999999999999996
NCI-H23,Capmatinib,300,0.9083333333333333,0.7483333333333333,0.16000000000000003
NCI-H23,Celecoxib,300,0.66,0.5433333333333333,0.1166666666666667
NCI-H23,DT-061,300,0.7816666666666666,0.5366666666666666,0.245
NCI-H23,DTP3,300,0.6916666666666667,0.5549999999999999,0.13666666666666671
NCI-H23,Dabrafenib,300,0.8066666666666666,0.5766666666666667,0.22999999999999998
NCI-H23,ERK5-IN-2,300,0.82,0.6266666666666667,0.19333333333333325
NCI-H23,ETC-206,300,0.6483333333333333,0.505,0.1433333333333333
NCI-H23,EX229,300,0.8983333333333333,0.57,0.32833333333333337
NCI-H23,Elimusertib hydrochloride,300,0.9283333333333333,0.86,0.06833333333333336
NCI-H23,Encorafenib,300,0.94,0.9133333333333333,0.026666666666666616
NCI-H23,Erdafitinib ,300,0.6966666666666667,0.5183333333333333,0.17833333333333334
NCI-H23,Everolimus,300,0.6983333333333334,0.5366666666666666,0.16166666666666674
NCI-H23,Futibatinib,300,0.7533333333333333,0.535,0.21833333333333327
NCI-H23,GSK1059615,300,0.885,0.6816666666666666,0.20333333333333337
NCI-H23,Gemcitabine,300,0.6666666666666666,0.505,0.16166666666666663
NCI-H23,HI-TOPK-032,300,0.9016666666666666,0.775,0.1266666666666666
NCI-H23,Hydroxyfasudil,300,0.685,0.5233333333333333,0.16166666666666674
NCI-H23,IQ 1,300,0.66,0.55,0.10999999999999999
NCI-H23,Infigratinib,300,0.81,0.5266666666666666,0.28333333333333344
NCI-H23,Ipatasertib,300,0.7833333333333333,0.5066666666666666,0.2766666666666667
NCI-H23,Irinotecan,300,0.7716666666666666,0.53,0.24166666666666659
NCI-H23,Ixazomib,300,0.86,0.8216666666666667,0.03833333333333333
NCI-H23,LB-100,300,0.7133333333333334,0.6016666666666667,0.11166666666666669
NCI-H23,LJI308,300,0.6783333333333333,0.5083333333333333,0.17000000000000004
NCI-H23,LY-2584702 (tosylate salt),284,0.7658450704225352,0.5633802816901409,0.20246478873239437
NCI-H23,LY2090314,300,0.695,0.6216666666666666,0.07333333333333336
NCI-H23,Lapatinib ditosylate,300,0.6533333333333333,0.55,0.10333333333333328
NCI-H23,Lonafarnib,300,0.9616666666666667,0.7116666666666667,0.25
NCI-H23,MK-3903,300,0.7366666666666667,0.56,0.17666666666666664
NCI-H23,MK-8353,300,0.6866666666666666,0.5633333333333334,0.1233333333333333
NCI-H23,ML264,300,0.71,0.5966666666666667,0.11333333333333329
NCI-H23,Methylprednisolone succinate,300,0.7016666666666667,0.5266666666666666,0.17500000000000004
NCI-H23,Minodronic acid,300,0.6833333333333333,0.515,0.16833333333333333
NCI-H23,NG25,300,0.9416666666666667,0.6316666666666667,0.30999999999999994
NCI-H23,NVP-BHG712,300,0.67,0.5449999999999999,0.1250000000000001
NCI-H23,OTS514,300,0.77,0.5166666666666667,0.2533333333333333
NCI-H23,Oleic acid,300,0.68,0.5449999999999999,0.13500000000000012
NCI-H23,Oxaliplatin,300,0.715,0.5033333333333334,0.21166666666666656
NCI-H23,PF-06260933,300,0.77,0.5366666666666666,0.2333333333333334
NCI-H23,PH-797804,300,0.92,0.745,0.17500000000000004
NCI-H23,Paclitaxel,300,0.85,0.5083333333333333,0.3416666666666667
NCI-H23,Pemigatinib,300,0.6333333333333333,0.5700000000000001,0.06333333333333324
NCI-H23,Pimitespib,300,0.7283333333333334,0.5366666666666666,0.19166666666666676
NCI-H23,Pralsetinib,214,0.8504672897196262,0.5514018691588785,0.2990654205607477
NCI-H23,RMC-6236,300,0.95,0.9166666666666666,0.033333333333333326
NCI-H23,Ralimetinib dimesylate,300,0.7366666666666667,0.5616666666666666,0.17500000000000004
NCI-H23,Regorafenib,300,0.8783333333333333,0.7883333333333333,0.08999999999999997
NCI-H23,SBI-0640756,300,0.7483333333333333,0.5033333333333334,0.24499999999999988
NCI-H23,Sapanisertib,300,0.8116666666666666,0.6783333333333333,0.1333333333333333
NCI-H23,Sonidegib,300,0.69,0.5433333333333333,0.1466666666666666
NCI-H23,TAK-733,300,0.885,0.7983333333333333,0.08666666666666667
NCI-H23,TAK-901,225,0.9866666666666667,0.9533333333333334,0.033333333333333326
NCI-H23,Temuterkib,300,0.7616666666666667,0.6266666666666667,0.135
NCI-H23,Tomivosertib,300,0.75,0.6466666666666667,0.10333333333333328
NCI-H23,Torkinib,300,0.7216666666666667,0.5533333333333333,0.16833333333333333
NCI-H23,Trametinib,300,0.9516666666666667,0.9433333333333334,0.008333333333333304
NCI-H23,Tubulin inhibitor 6,300,0.7,0.5566666666666666,0.1433333333333333
NCI-H23,Tucatinib,300,0.7183333333333334,0.575,0.14333333333333342
NCI-H23,ULK-101,300,0.71,0.55,0.15999999999999992
NCI-H23,Vemurafenib,300,0.855,0.585,0.27
NCI-H23,Volasertib,300,0.67,0.5483333333333333,0.1216666666666667
NCI-H23,XRK3F2,300,0.8866666666666667,0.66,0.22666666666666668
NCI-H23,c-Kit-IN-1,300,0.895,0.6333333333333333,0.2616666666666667
NCI-H23,olaparib,300,0.735,0.5583333333333333,0.17666666666666664
NCI-H23,palbociclib,300,0.8316666666666667,0.5716666666666667,0.26
NCI-H23,venetoclax,300,0.94,0.84,0.09999999999999998
NCI-H23,vincristine,300,0.88,0.73,0.15000000000000002
NCI-H2347,4EGI-1,300,0.8066666666666666,0.61,0.19666666666666666
NCI-H2347,9-ING-41,300,0.78,0.52,0.26
NCI-H2347,APTO-253,300,0.73,0.6033333333333334,0.1266666666666666
NCI-H2347,AT7519,300,0.74,0.51,0.22999999999999998
NCI-H2347,AZD-7648,300,0.8583333333333333,0.5766666666666667,0.2816666666666666
NCI-H2347,AZD-8055,300,0.875,0.6316666666666666,0.2433333333333334
NCI-H2347,AZD1390,300,0.7616666666666667,0.51,0.2516666666666667
NCI-H2347,AZD2858,300,0.755,0.5016666666666667,0.2533333333333333
NCI-H2347,Abemaciclib,300,0.9316666666666666,0.6433333333333333,0.28833333333333333
NCI-H2347,Adagrasib,300,0.6233333333333333,0.5433333333333333,0.07999999999999996
NCI-H2347,Afatinib,300,0.9433333333333334,0.545,0.3983333333333333
NCI-H2347,Alpelisib,300,0.82,0.605,0.21499999999999997
NCI-H2347,Anastrozole,300,0.7566666666666667,0.52,0.2366666666666667
NCI-H2347,BAY1125976,300,0.9083333333333333,0.665,0.2433333333333333
NCI-H2347,BI-3406,300,0.865,0.5883333333333334,0.2766666666666666
NCI-H2347,BI-78D3,300,0.75,0.5066666666666667,0.2433333333333333
NCI-H2347,Belumosudil (mesylate),300,0.7883333333333333,0.605,0.18333333333333335
NCI-H2347,Belzutifan,300,0.8766666666666667,0.6950000000000001,0.18166666666666664
NCI-H2347,Bentamapimod,300,0.76,0.555,0.20499999999999996
NCI-H2347,Bimiralisib,300,0.94,0.7783333333333333,0.16166666666666663
NCI-H2347,Binimetinib,300,0.9066666666666666,0.6266666666666667,0.2799999999999999
NCI-H2347,Bortezomib,300,0.9633333333333334,0.9366666666666666,0.026666666666666727
NCI-H2347,Brivudine,300,0.9616666666666667,0.8783333333333333,0.08333333333333337
NCI-H2347,CP21R7,300,0.7183333333333334,0.61,0.10833333333333339
NCI-H2347,Capivasertib,300,0.6733333333333333,0.5233333333333333,0.15000000000000002
NCI-H2347,Capmatinib,300,0.83,0.5166666666666667,0.31333333333333324
NCI-H2347,Celecoxib,300,0.67,0.5316666666666667,0.1383333333333333
NCI-H2347,DT-061,300,0.8033333333333333,0.5900000000000001,0.21333333333333326
NCI-H2347,DTP3,300,0.7266666666666667,0.5933333333333333,0.13333333333333341
NCI-H2347,Dabrafenib,300,0.8633333333333333,0.6433333333333333,0.21999999999999997
NCI-H2347,ERK5-IN-2,300,0.915,0.5816666666666667,0.33333333333333337
NCI-H2347,ETC-206,300,0.7016666666666667,0.5116666666666667,0.18999999999999995
NCI-H2347,EX229,300,0.9116666666666666,0.6616666666666666,0.25
NCI-H2347,Elimusertib hydrochloride,300,0.8766666666666667,0.5416666666666667,0.33499999999999996
NCI-H2347,Encorafenib,300,0.8666666666666667,0.6233333333333333,0.2433333333333334
NCI-H2347,Erdafitinib ,300,0.7716666666666666,0.55,0.22166666666666657
NCI-H2347,Everolimus,300,0.7166666666666667,0.545,0.17166666666666663
NCI-H2347,Futibatinib,300,0.7983333333333333,0.7,0.09833333333333338
NCI-H2347,GSK1059615,300,0.91,0.6216666666666667,0.28833333333333333
NCI-H2347,Gemcitabine,300,0.685,0.53,0.15500000000000003
NCI-H2347,HI-TOPK-032,300,0.9483333333333334,0.5700000000000001,0.3783333333333333
NCI-H2347,Hydroxyfasudil,300,0.7333333333333333,0.5716666666666667,0.16166666666666663
NCI-H2347,IQ 1,300,0.7833333333333333,0.565,0.21833333333333338
NCI-H2347,Infigratinib,300,0.7916666666666666,0.5383333333333333,0.2533333333333333
NCI-H2347,Ipatasertib,300,0.8016666666666666,0.515,0.2866666666666666
NCI-H2347,Irinotecan,300,0.7666666666666667,0.54,0.22666666666666668
NCI-H2347,Ixazomib,300,0.8933333333333333,0.6583333333333333,0.235
NCI-H2347,LB-100,300,0.7,0.5483333333333333,0.15166666666666662
NCI-H2347,LJI308,300,0.76,0.5016666666666667,0.2583333333333333
NCI-H2347,LY-2584702 (tosylate salt),300,0.7616666666666667,0.5166666666666667,0.245
NCI-H2347,LY2090314,300,0.7583333333333333,0.5966666666666667,0.16166666666666663
NCI-H2347,Lapatinib ditosylate,300,0.7033333333333334,0.5633333333333334,0.14
NCI-H2347,Lonafarnib,213,0.9882629107981221,0.9882629107981221,0.0
NCI-H2347,MK-3903,300,0.835,0.6033333333333333,0.2316666666666667
NCI-H2347,MK-8353,300,0.74,0.51,0.22999999999999998
NCI-H2347,ML264,300,0.805,0.5166666666666667,0.28833333333333333
NCI-H2347,Methylprednisolone succinate,300,0.6833333333333333,0.5116666666666667,0.17166666666666663
NCI-H2347,Minodronic acid,300,0.7866666666666666,0.6033333333333334,0.18333333333333324
NCI-H2347,NG25,300,0.9233333333333333,0.7866666666666666,0.13666666666666671
NCI-H2347,NVP-BHG712,300,0.7216666666666667,0.5616666666666666,0.16000000000000003
NCI-H2347,OTS514,300,0.7833333333333333,0.6216666666666667,0.16166666666666663
NCI-H2347,Oleic acid,300,0.735,0.565,0.17000000000000004
NCI-H2347,Oxaliplatin,300,0.7266666666666667,0.5466666666666666,0.18000000000000005
NCI-H2347,PF-06260933,300,0.895,0.6333333333333333,0.2616666666666667
NCI-H2347,PH-797804,300,0.9666666666666667,0.81,0.15666666666666662
NCI-H2347,Paclitaxel,300,0.815,0.5416666666666666,0.2733333333333333
NCI-H2347,Pemigatinib,300,0.65,0.5516666666666667,0.09833333333333327
NCI-H2347,Pimitespib,300,0.6766666666666666,0.5233333333333333,0.15333333333333332
NCI-H2347,Pralsetinib,300,0.885,0.5483333333333333,0.33666666666666667
NCI-H2347,RMC-6236,300,0.9016666666666666,0.6866666666666666,0.21499999999999997
NCI-H2347,Ralimetinib dimesylate,300,0.745,0.5933333333333333,0.15166666666666673
NCI-H2347,Regorafenib,300,0.7516666666666667,0.5700000000000001,0.18166666666666664
NCI-H2347,SBI-0640756,300,0.795,0.5383333333333333,0.2566666666666667
NCI-H2347,Sapanisertib,300,0.88,0.7033333333333334,0.17666666666666664
NCI-H2347,Sonidegib,300,0.7483333333333333,0.505,0.2433333333333333
NCI-H2347,TAK-733,300,0.945,0.7216666666666667,0.22333333333333327
NCI-H2347,TAK-901,300,0.98,0.945,0.03500000000000003
NCI-H2347,Temuterkib,300,0.8716666666666667,0.605,0.2666666666666667
NCI-H2347,Tomivosertib,300,0.7666666666666667,0.575,0.19166666666666676
NCI-H2347,Torkinib,300,0.7533333333333333,0.5016666666666667,0.2516666666666666
NCI-H2347,Trametinib,300,0.9316666666666666,0.7016666666666667,0.22999999999999998
NCI-H2347,Tubulin inhibitor 6,300,0.7116666666666667,0.505,0.20666666666666667
NCI-H2347,Tucatinib,300,0.7616666666666667,0.5316666666666667,0.22999999999999998
NCI-H2347,ULK-101,300,0.7366666666666667,0.5016666666666667,0.235
NCI-H2347,Vemurafenib,300,0.7633333333333333,0.5683333333333334,0.19499999999999995
NCI-H2347,Volasertib,300,0.695,0.565,0.13
NCI-H2347,XRK3F2,300,0.8016666666666666,0.575,0.22666666666666668
NCI-H2347,c-Kit-IN-1,300,0.9433333333333334,0.6783333333333333,0.265
NCI-H2347,olaparib,300,0.765,0.5683333333333334,0.19666666666666666
NCI-H2347,palbociclib,300,0.8233333333333334,0.6133333333333333,0.21000000000000008
NCI-H2347,venetoclax,300,0.9383333333333334,0.785,0.15333333333333332
NCI-H2347,vincristine,300,0.865,0.5816666666666667,0.2833333333333333
NCI-H460,4EGI-1,300,0.8266666666666667,0.5033333333333333,0.32333333333333336
NCI-H460,9-ING-41,300,0.7466666666666667,0.5433333333333333,0.20333333333333337
NCI-H460,APTO-253,300,0.7333333333333333,0.56,0.17333333333333323
NCI-H460,AT7519,300,0.6566666666666666,0.5016666666666667,0.15499999999999992
NCI-H460,AZD-7648,300,0.9266666666666666,0.505,0.42166666666666663
NCI-H460,AZD-8055,300,0.9233333333333333,0.5633333333333334,0.36
NCI-H460,AZD1390,300,0.7266666666666667,0.5383333333333333,0.18833333333333335
NCI-H460,AZD2858,300,0.7016666666666667,0.5033333333333334,0.19833333333333325
NCI-H460,Abemaciclib,300,0.94,0.8183333333333334,0.12166666666666659
NCI-H460,Adagrasib,300,0.63,0.5383333333333333,0.09166666666666667
NCI-H460,Afatinib,300,0.935,0.5633333333333334,0.3716666666666667
NCI-H460,Alpelisib,300,0.9433333333333334,0.5533333333333333,0.39
NCI-H460,Anastrozole,300,0.7883333333333333,0.5083333333333333,0.28
NCI-H460,BAY1125976,300,0.9,0.6416666666666666,0.2583333333333334
NCI-H460,BI-3406,300,0.9433333333333334,0.5366666666666666,0.40666666666666673
NCI-H460,BI-78D3,300,0.6966666666666667,0.55,0.1466666666666666
NCI-H460,Belumosudil (mesylate),300,0.7516666666666667,0.51,0.2416666666666667
NCI-H460,Belzutifan,300,0.9,0.5983333333333334,0.30166666666666664
NCI-H460,Bentamapimod,300,0.7883333333333333,0.525,0.2633333333333333
NCI-H460,Bimiralisib,300,0.97,0.5583333333333333,0.4116666666666666
NCI-H460,Binimetinib,300,0.9683333333333334,0.6233333333333333,0.3450000000000001
NCI-H460,Bortezomib,300,0.9766666666666667,0.8966666666666666,0.08000000000000007
NCI-H460,Brivudine,300,0.965,0.8083333333333333,0.15666666666666662
NCI-H460,CP21R7,300,0.6383333333333333,0.515,0.1233333333333333
NCI-H460,Capivasertib,300,0.6816666666666666,0.515,0.16666666666666663
NCI-H460,Capmatinib,300,0.9366666666666666,0.5366666666666666,0.4
NCI-H460,Celecoxib,300,0.625,0.515,0.10999999999999999
NCI-H460,DT-061,300,0.8433333333333334,0.5216666666666666,0.32166666666666677
NCI-H460,DTP3,300,0.79,0.5316666666666667,0.2583333333333333
NCI-H460,Dabrafenib,300,0.845,0.6483333333333333,0.19666666666666666
NCI-H460,ERK5-IN-2,300,0.85,0.6433333333333333,0.20666666666666667
NCI-H460,ETC-206,300,0.6833333333333333,0.5066666666666667,0.17666666666666664
NCI-H460,EX229,300,0.945,0.835,0.10999999999999999
NCI-H460,Elimusertib hydrochloride,300,0.9583333333333334,0.7783333333333333,0.18000000000000005
NCI-H460,Encorafenib,300,0.8883333333333333,0.5449999999999999,0.3433333333333334
NCI-H460,Erdafitinib ,300,0.685,0.5516666666666667,0.1333333333333333
NCI-H460,Everolimus,300,0.675,0.5083333333333333,0.16666666666666674
NCI-H460,Futibatinib,300,0.7533333333333333,0.6333333333333333,0.12
NCI-H460,GSK1059615,300,0.925,0.5516666666666667,0.3733333333333333
NCI-H460,Gemcitabine,300,0.6516666666666666,0.5066666666666667,0.1449999999999999
NCI-H460,HI-TOPK-032,300,0.8916666666666667,0.6616666666666666,0.2300000000000001
NCI-H460,Hydroxyfasudil,300,0.7,0.5549999999999999,0.14500000000000002
NCI-H460,IQ 1,300,0.7983333333333333,0.57,0.2283333333333334
NCI-H460,Infigratinib,300,0.79,0.5516666666666666,0.2383333333333334
NCI-H460,Ipatasertib,300,0.825,0.6266666666666667,0.19833333333333325
NCI-H460,Irinotecan,300,0.7633333333333333,0.5383333333333333,0.22499999999999998
NCI-H460,Ixazomib,300,0.7716666666666666,0.6016666666666667,0.16999999999999993
NCI-H460,LB-100,300,0.6183333333333333,0.53,0.08833333333333326
NCI-H460,LJI308,300,0.6916666666666667,0.5033333333333334,0.18833333333333324
NCI-H460,LY-2584702 (tosylate salt),236,0.8050847457627118,0.6313559322033898,0.17372881355932202
NCI-H460,LY2090314,300,0.6733333333333333,0.6183333333333334,0.05499999999999994
NCI-H460,Lapatinib ditosylate,300,0.65,0.5216666666666666,0.1283333333333334
NCI-H460,Lonafarnib,300,0.9616666666666667,0.63,0.33166666666666667
NCI-H460,MK-3903,300,0.83,0.5033333333333333,0.32666666666666666
NCI-H460,MK-8353,300,0.6516666666666666,0.53,0.12166666666666659
NCI-H460,ML264,300,0.745,0.5533333333333333,0.19166666666666665
NCI-H460,Methylprednisolone succinate,300,0.7,0.5033333333333333,0.19666666666666666
NCI-H460,Minodronic acid,300,0.7183333333333334,0.5366666666666666,0.18166666666666675
NCI-H460,NG25,300,0.9466666666666667,0.5700000000000001,0.3766666666666666
NCI-H460,NVP-BHG712,300,0.7833333333333333,0.5416666666666667,0.24166666666666659
NCI-H460,OTS514,300,0.7716666666666666,0.575,0.19666666666666666
NCI-H460,Oleic acid,300,0.6883333333333334,0.5066666666666666,0.18166666666666675
NCI-H460,Oxaliplatin,300,0.6866666666666666,0.5016666666666667,0.18499999999999994
NCI-H460,PF-06260933,300,0.84,0.5133333333333333,0.32666666666666666
NCI-H460,PH-797804,300,0.9583333333333334,0.74,0.21833333333333338
NCI-H460,Paclitaxel,300,0.8333333333333334,0.555,0.2783333333333333
NCI-H460,Pemigatinib,300,0.695,0.5283333333333333,0.16666666666666663
NCI-H460,Pimitespib,300,0.7416666666666667,0.5,0.2416666666666667
NCI-H460,Pralsetinib,300,0.8666666666666667,0.5966666666666667,0.27
NCI-H460,RMC-6236,300,0.9733333333333334,0.6516666666666666,0.32166666666666677
NCI-H460,Ralimetinib dimesylate,300,0.8033333333333333,0.5833333333333333,0.22000000000000008
NCI-H460,Regorafenib,300,0.775,0.5066666666666666,0.2683333333333334
NCI-H460,SBI-0640756,300,0.7133333333333334,0.5083333333333333,0.20500000000000007
NCI-H460,Sapanisertib,300,0.8983333333333333,0.6083333333333334,0.2899999999999999
NCI-H460,Sonidegib,300,0.6966666666666667,0.565,0.1316666666666667
NCI-H460,TAK-733,300,0.975,0.8483333333333334,0.1266666666666666
NCI-H460,TAK-901,300,0.9933333333333333,0.9933333333333333,0.0
NCI-H460,Temuterkib,300,0.7616666666666667,0.5716666666666667,0.19000000000000006
NCI-H460,Tomivosertib,300,0.75,0.5933333333333333,0.15666666666666673
NCI-H460,Torkinib,300,0.7516666666666667,0.5033333333333334,0.2483333333333333
NCI-H460,Trametinib,300,0.9633333333333334,0.85,0.1133333333333334
NCI-H460,Tubulin inhibitor 6,300,0.6816666666666666,0.5166666666666667,0.16499999999999992
NCI-H460,Tucatinib,300,0.7,0.5283333333333333,0.17166666666666663
NCI-H460,ULK-101,300,0.7566666666666667,0.5483333333333333,0.20833333333333337
NCI-H460,Vemurafenib,300,0.8,0.5966666666666667,0.20333333333333337
NCI-H460,Volasertib,300,0.68,0.5633333333333334,0.1166666666666667
NCI-H460,XRK3F2,300,0.8933333333333333,0.5783333333333334,0.31499999999999995
NCI-H460,c-Kit-IN-1,300,0.955,0.8033333333333333,0.15166666666666662
NCI-H460,olaparib,300,0.7333333333333333,0.56,0.17333333333333323
NCI-H460,palbociclib,300,0.905,0.6133333333333333,0.29166666666666674
NCI-H460,venetoclax,300,0.9683333333333334,0.8733333333333333,0.09500000000000008
NCI-H460,vincristine,300,0.8366666666666667,0.6233333333333333,0.21333333333333337
PANC-1,4EGI-1,300,0.7966666666666666,0.6716666666666666,0.125
PANC-1,9-ING-41,300,0.7966666666666666,0.5,0.29666666666666663
PANC-1,APTO-253,300,0.75,0.6066666666666667,0.1433333333333333
PANC-1,AT7519,300,0.65,0.54,0.10999999999999999
PANC-1,AZD-7648,300,0.8966666666666666,0.7633333333333333,0.1333333333333333
PANC-1,AZD-8055,300,0.8716666666666667,0.5166666666666666,0.3550000000000001
PANC-1,AZD1390,300,0.7833333333333333,0.6016666666666667,0.18166666666666664
PANC-1,AZD2858,300,0.7,0.5066666666666667,0.19333333333333325
PANC-1,Abemaciclib,300,0.9133333333333333,0.5066666666666666,0.40666666666666673
PANC-1,Adagrasib,300,0.6033333333333334,0.5216666666666666,0.08166666666666678
PANC-1,Afatinib,300,0.955,0.8816666666666667,0.07333333333333325
PANC-1,Alpelisib,300,0.8983333333333333,0.685,0.21333333333333326
PANC-1,Anastrozole,300,0.7266666666666667,0.5233333333333333,0.20333333333333337
PANC-1,BAY1125976,300,0.8783333333333333,0.785,0.09333333333333327
PANC-1,BI-3406,300,0.8916666666666667,0.7583333333333333,0.13333333333333341
PANC-1,BI-78D3,300,0.745,0.5066666666666667,0.23833333333333329
PANC-1,Belumosudil (mesylate),300,0.77,0.52,0.25
PANC-1,Belzutifan,300,0.8533333333333334,0.7033333333333334,0.15000000000000002
PANC-1,Bentamapimod,300,0.8166666666666667,0.62,0.19666666666666666
PANC-1,Bimiralisib,300,0.94,0.8533333333333334,0.08666666666666656
PANC-1,Binimetinib,300,0.8866666666666667,0.7316666666666667,0.15500000000000003
PANC-1,Bortezomib,300,0.9833333333333333,0.945,0.03833333333333333
PANC-1,Brivudine,300,0.9783333333333334,0.895,0.08333333333333337
PANC-1,CP21R7,300,0.6533333333333333,0.54,0.11333333333333329
PANC-1,Capivasertib,300,0.6866666666666666,0.515,0.17166666666666663
PANC-1,Capmatinib,300,0.8233333333333334,0.705,0.1183333333333334
PANC-1,Celecoxib,300,0.71,0.5,0.20999999999999996
PANC-1,DT-061,300,0.8083333333333333,0.6583333333333333,0.15000000000000002
PANC-1,DTP3,300,0.79,0.5933333333333333,0.19666666666666677
PANC-1,Dabrafenib,300,0.79,0.715,0.07500000000000007
PANC-1,ERK5-IN-2,300,0.8583333333333333,0.5416666666666666,0.31666666666666665
PANC-1,ETC-206,300,0.685,0.5183333333333333,0.16666666666666674
PANC-1,EX229,300,0.9266666666666666,0.8266666666666667,0.09999999999999998
PANC-1,Elimusertib hydrochloride,300,0.8566666666666667,0.7183333333333334,0.1383333333333333
PANC-1,Encorafenib,300,0.825,0.6566666666666666,0.16833333333333333
PANC-1,Erdafitinib ,300,0.715,0.55,0.16499999999999992
PANC-1,Everolimus,300,0.6666666666666666,0.5583333333333333,0.10833333333333328
PANC-1,Futibatinib,300,0.795,0.62,0.17500000000000004
PANC-1,GSK1059615,300,0.94,0.83,0.10999999999999999
PANC-1,Gemcitabine,300,0.72,0.525,0.19499999999999995
PANC-1,HI-TOPK-032,300,0.905,0.725,0.18000000000000005
PANC-1,Hydroxyfasudil,300,0.7166666666666667,0.5316666666666666,0.18500000000000005
PANC-1,IQ 1,300,0.74,0.5433333333333333,0.19666666666666666
PANC-1,Infigratinib,300,0.795,0.5583333333333333,0.2366666666666667
PANC-1,Ipatasertib,300,0.815,0.505,0.30999999999999994
PANC-1,Irinotecan,300,0.7366666666666667,0.59,0.14666666666666672
PANC-1,Ixazomib,300,0.8466666666666667,0.5,0.3466666666666667
PANC-1,LB-100,300,0.6366666666666667,0.52,0.1166666666666667
PANC-1,LJI308,300,0.6733333333333333,0.53,0.1433333333333333
PANC-1,LY-2584702 (tosylate salt),300,0.775,0.5166666666666667,0.2583333333333333
PANC-1,LY2090314,300,0.71,0.5333333333333333,0.17666666666666664
PANC-1,Lapatinib ditosylate,300,0.66,0.5166666666666667,0.1433333333333333
PANC-1,Lonafarnib,300,0.9733333333333334,0.8716666666666667,0.10166666666666668
PANC-1,MK-3903,300,0.815,0.5449999999999999,0.27
PANC-1,MK-8353,300,0.6516666666666666,0.5266666666666666,0.125
PANC-1,ML264,300,0.775,0.5483333333333333,0.22666666666666668
PANC-1,Methylprednisolone succinate,300,0.7166666666666667,0.5016666666666667,0.21499999999999997
PANC-1,Minodronic acid,300,0.72,0.505,0.21499999999999997
PANC-1,NG25,300,0.9233333333333333,0.625,0.29833333333333334
PANC-1,NVP-BHG712,300,0.78,0.5216666666666666,0.2583333333333334
PANC-1,OTS514,300,0.7183333333333334,0.505,0.21333333333333337
PANC-1,Oleic acid,300,0.7016666666666667,0.54,0.16166666666666663
PANC-1,Oxaliplatin,300,0.7116666666666667,0.525,0.18666666666666665
PANC-1,PF-06260933,300,0.865,0.5700000000000001,0.29499999999999993
PANC-1,PH-797804,300,0.91,0.83,0.08000000000000007
PANC-1,Paclitaxel,300,0.8633333333333333,0.55,0.31333333333333324
PANC-1,Pemigatinib,300,0.6633333333333333,0.5216666666666667,0.1416666666666666
PANC-1,Pimitespib,300,0.7716666666666666,0.5766666666666667,0.19499999999999995
PANC-1,Pralsetinib,300,0.8583333333333333,0.7066666666666667,0.15166666666666662
PANC-1,RMC-6236,300,0.9366666666666666,0.53,0.4066666666666666
PANC-1,Ralimetinib dimesylate,300,0.7816666666666666,0.5483333333333333,0.23333333333333328
PANC-1,Regorafenib,300,0.8,0.64,0.16000000000000003
PANC-1,SBI-0640756,300,0.765,0.5133333333333333,0.2516666666666667
PANC-1,Sapanisertib,300,0.8433333333333334,0.6983333333333333,0.14500000000000013
PANC-1,Sonidegib,300,0.6883333333333334,0.53,0.15833333333333333
PANC-1,TAK-733,300,0.9166666666666666,0.7916666666666666,0.125
PANC-1,TAK-901,300,0.9833333333333333,0.92,0.06333333333333324
PANC-1,Temuterkib,300,0.8,0.6016666666666667,0.19833333333333336
PANC-1,Tomivosertib,300,0.7783333333333333,0.525,0.2533333333333333
PANC-1,Torkinib,300,0.7066666666666667,0.5033333333333334,0.20333333333333325
PANC-1,Trametinib,300,0.9216666666666666,0.88,0.04166666666666663
PANC-1,Tubulin inhibitor 6,300,0.72,0.5116666666666667,0.20833333333333326
PANC-1,Tucatinib,300,0.7166666666666667,0.5700000000000001,0.1466666666666666
PANC-1,ULK-101,300,0.7483333333333333,0.5283333333333333,0.21999999999999997
PANC-1,Vemurafenib,300,0.8366666666666667,0.5533333333333333,0.2833333333333333
PANC-1,Volasertib,300,0.69,0.5,0.18999999999999995
PANC-1,XRK3F2,300,0.8283333333333334,0.53,0.29833333333333334
PANC-1,c-Kit-IN-1,300,0.895,0.5066666666666666,0.3883333333333334
PANC-1,olaparib,300,0.7533333333333333,0.6283333333333333,0.125
PANC-1,palbociclib,300,0.805,0.59,0.21500000000000008
PANC-1,venetoclax,300,0.9283333333333333,0.8466666666666667,0.08166666666666667
PANC-1,vincristine,300,0.825,0.6533333333333333,0.17166666666666663
Panc 03.27,4EGI-1,300,0.7916666666666666,0.6383333333333333,0.15333333333333332
Panc 03.27,9-ING-41,300,0.7516666666666667,0.5866666666666667,0.16500000000000004
Panc 03.27,APTO-253,300,0.7016666666666667,0.5933333333333333,0.10833333333333339
Panc 03.27,AT7519,300,0.6666666666666666,0.51,0.15666666666666662
Panc 03.27,AZD-7648,300,0.8716666666666667,0.7233333333333334,0.14833333333333332
Panc 03.27,AZD-8055,300,0.8966666666666666,0.6483333333333333,0.2483333333333333
Panc 03.27,AZD1390,300,0.795,0.5033333333333333,0.29166666666666674
Panc 03.27,AZD2858,300,0.665,0.525,0.14
Panc 03.27,Abemaciclib,300,0.9083333333333333,0.7383333333333333,0.17000000000000004
Panc 03.27,Adagrasib,300,0.6283333333333333,0.5483333333333333,0.07999999999999996
Panc 03.27,Afatinib,300,0.9416666666666667,0.64,0.30166666666666664
Panc 03.27,Alpelisib,300,0.85,0.5916666666666667,0.2583333333333333
Panc 03.27,Anastrozole,300,0.7116666666666667,0.5033333333333333,0.20833333333333337
Panc 03.27,BAY1125976,300,0.9516666666666667,0.8616666666666667,0.08999999999999997
Panc 03.27,BI-3406,300,0.8416666666666667,0.6266666666666667,0.21499999999999997
Panc 03.27,BI-78D3,300,0.71,0.5733333333333333,0.13666666666666671
Panc 03.27,Belumosudil (mesylate),300,0.81,0.6433333333333333,0.16666666666666674
Panc 03.27,Belzutifan,300,0.8133333333333334,0.555,0.2583333333333333
Panc 03.27,Bentamapimod,300,0.7466666666666667,0.5283333333333333,0.21833333333333338
Panc 03.27,Bimiralisib,300,0.9116666666666666,0.7333333333333334,0.17833333333333323
Panc 03.27,Binimetinib,300,0.865,0.6333333333333333,0.2316666666666667
Panc 03.27,Bortezomib,178,0.9859550561797753,0.9831460674157303,0.002808988764045006
Panc 03.27,Brivudine,300,0.9583333333333334,0.8716666666666667,0.08666666666666667
Panc 03.27,CP21R7,300,0.6316666666666667,0.5933333333333334,0.03833333333333333
Panc 03.27,Capivasertib,300,0.6983333333333334,0.51,0.18833333333333335
Panc 03.27,Capmatinib,300,0.8083333333333333,0.5933333333333333,0.21500000000000008
Panc 03.27,Celecoxib,300,0.6933333333333334,0.5283333333333333,0.16500000000000004
Panc 03.27,DT-061,300,0.7816666666666666,0.5933333333333333,0.18833333333333335
Panc 03.27,DTP3,300,0.8283333333333334,0.5766666666666667,0.2516666666666667
Panc 03.27,Dabrafenib,300,0.8266666666666667,0.7150000000000001,0.11166666666666658
Panc 03.27,ERK5-IN-2,300,0.8933333333333333,0.5333333333333333,0.36
Panc 03.27,ETC-206,300,0.7083333333333334,0.53,0.17833333333333334
Panc 03.27,EX229,300,0.9233333333333333,0.7366666666666667,0.18666666666666665
Panc 03.27,Elimusertib hydrochloride,300,0.8516666666666667,0.5833333333333333,0.2683333333333334
Panc 03.27,Encorafenib,300,0.89,0.6683333333333333,0.22166666666666668
Panc 03.27,Erdafitinib ,300,0.7033333333333334,0.5816666666666667,0.1216666666666667
Panc 03.27,Everolimus,300,0.7033333333333334,0.5016666666666667,0.20166666666666666
Panc 03.27,Futibatinib,300,0.8016666666666666,0.6466666666666666,0.15500000000000003
Panc 03.27,GSK1059615,300,0.9383333333333334,0.925,0.013333333333333308
Panc 03.27,Gemcitabine,300,0.6816666666666666,0.5433333333333333,0.1383333333333333
Panc 03.27,HI-TOPK-032,300,0.9266666666666666,0.7183333333333333,0.20833333333333337
Panc 03.27,Hydroxyfasudil,300,0.685,0.5416666666666667,0.1433333333333333
Panc 03.27,IQ 1,300,0.8266666666666667,0.5633333333333334,0.2633333333333333
Panc 03.27,Infigratinib,300,0.8216666666666667,0.5449999999999999,0.2766666666666667
Panc 03.27,Ipatasertib,300,0.8466666666666667,0.5166666666666667,0.32999999999999996
Panc 03.27,Irinotecan,300,0.6983333333333334,0.51,0.18833333333333335
Panc 03.27,Ixazomib,300,0.8233333333333334,0.6933333333333334,0.13
Panc 03.27,LB-100,300,0.6233333333333333,0.56,0.06333333333333324
Panc 03.27,LJI308,300,0.65,0.5133333333333333,0.13666666666666671
Panc 03.27,LY-2584702 (tosylate salt),262,0.8110687022900763,0.5229007633587787,0.28816793893129766
Panc 03.27,LY2090314,300,0.68,0.5916666666666667,0.08833333333333337
Panc 03.27,Lapatinib ditosylate,300,0.6683333333333333,0.565,0.10333333333333339
Panc 03.27,MK-3903,300,0.845,0.5900000000000001,0.2549999999999999
Panc 03.27,MK-8353,300,0.7066666666666667,0.5349999999999999,0.17166666666666675
Panc 03.27,ML264,300,0.7433333333333333,0.5700000000000001,0.17333333333333323
Panc 03.27,Methylprednisolone succinate,300,0.655,0.515,0.14
Panc 03.27,Minodronic acid,300,0.7033333333333334,0.555,0.14833333333333332
Panc 03.27,NG25,300,0.935,0.5916666666666667,0.3433333333333334
Panc 03.27,NVP-BHG712,300,0.7366666666666667,0.5183333333333333,0.21833333333333338
Panc 03.27,OTS514,300,0.81,0.6733333333333333,0.13666666666666671
Panc 03.27,Oleic acid,300,0.6983333333333334,0.5366666666666666,0.16166666666666674
Panc 03.27,Oxaliplatin,300,0.695,0.515,0.17999999999999994
Panc 03.27,PF-06260933,300,0.915,0.7783333333333333,0.13666666666666671
Panc 03.27,PH-797804,300,0.965,0.7483333333333333,0.21666666666666667
Panc 03.27,Paclitaxel,300,0.8583333333333333,0.5133333333333333,0.345
Panc 03.27,Pemigatinib,300,0.7416666666666667,0.5216666666666667,0.21999999999999997
Panc 03.27,Pimitespib,300,0.7066666666666667,0.5016666666666667,0.20499999999999996
Panc 03.27,Pralsetinib,300,0.83,0.53,0.29999999999999993
Panc 03.27,RMC-6236,300,0.9066666666666666,0.7166666666666667,0.18999999999999995
Panc 03.27,Ralimetinib dimesylate,300,0.74,0.5349999999999999,0.20500000000000007
Panc 03.27,Regorafenib,300,0.735,0.525,0.20999999999999996
Panc 03.27,SBI-0640756,300,0.67,0.5116666666666667,0.15833333333333333
Panc 03.27,Sapanisertib,300,0.885,0.7083333333333333,0.17666666666666675
Panc 03.27,Sonidegib,300,0.6983333333333334,0.5349999999999999,0.16333333333333344
Panc 03.27,TAK-733,300,0.91,0.6066666666666667,0.30333333333333334
Panc 03.27,TAK-901,300,0.9933333333333333,0.9466666666666667,0.046666666666666634
Panc 03.27,Temuterkib,300,0.7666666666666667,0.5133333333333333,0.2533333333333334
Panc 03.27,Tomivosertib,300,0.7066666666666667,0.6433333333333333,0.06333333333333335
Panc 03.27,Torkinib,300,0.7416666666666667,0.5916666666666667,0.15000000000000002
Panc 03.27,Trametinib,300,0.9283333333333333,0.69,0.2383333333333334
Panc 03.27,Tubulin inhibitor 6,300,0.6933333333333334,0.535,0.15833333333333333
Panc 03.27,Tucatinib,300,0.7333333333333333,0.525,0.20833333333333326
Panc 03.27,ULK-101,300,0.7166666666666667,0.5033333333333333,0.21333333333333337
Panc 03.27,Vemurafenib,300,0.8533333333333334,0.6366666666666667,0.21666666666666667
Panc 03.27,Volasertib,300,0.695,0.54,0.15499999999999992
Panc 03.27,XRK3F2,300,0.8683333333333333,0.67,0.19833333333333325
Panc 03.27,c-Kit-IN-1,300,0.9283333333333333,0.76,0.16833333333333333
Panc 03.27,olaparib,300,0.74,0.5583333333333333,0.18166666666666664
Panc 03.27,palbociclib,300,0.8533333333333334,0.7416666666666667,0.11166666666666669
Panc 03.27,venetoclax,300,0.9233333333333333,0.8416666666666667,0.08166666666666667
Panc 03.27,vincristine,300,0.8,0.7916666666666666,0.008333333333333415
RKO,4EGI-1,300,0.8433333333333334,0.6416666666666667,0.20166666666666666
RKO,9-ING-41,300,0.7566666666666667,0.5383333333333333,0.21833333333333338
RKO,APTO-253,300,0.6933333333333334,0.625,0.06833333333333336
RKO,AT7519,300,0.665,0.5333333333333333,0.1316666666666667
RKO,AZD-7648,300,0.7983333333333333,0.7133333333333334,0.08499999999999996
RKO,AZD-8055,300,0.7666666666666667,0.6783333333333333,0.08833333333333337
RKO,AZD1390,300,0.77,0.5466666666666666,0.22333333333333338
RKO,AZD2858,300,0.6733333333333333,0.5183333333333333,0.15500000000000003
RKO,Abemaciclib,300,0.9,0.835,0.06500000000000006
RKO,Adagrasib,300,0.5866666666666667,0.545,0.04166666666666663
RKO,Afatinib,300,0.9183333333333333,0.54,0.3783333333333333
RKO,Alpelisib,300,0.7966666666666666,0.6066666666666667,0.18999999999999995
RKO,Anastrozole,300,0.6216666666666667,0.5083333333333333,0.1133333333333334
RKO,BAY1125976,300,0.8566666666666667,0.5333333333333333,0.32333333333333336
RKO,BI-3406,300,0.6983333333333334,0.5333333333333333,0.16500000000000004
RKO,BI-78D3,300,0.7,0.5166666666666667,0.18333333333333324
RKO,Belumosudil (mesylate),300,0.7383333333333333,0.5700000000000001,0.16833333333333322
RKO,Belzutifan,300,0.8133333333333334,0.525,0.28833333333333333
RKO,Bentamapimod,300,0.73,0.575,0.15500000000000003
RKO,Bimiralisib,300,0.9533333333333334,0.85,0.10333333333333339
RKO,Binimetinib,300,0.9116666666666666,0.8266666666666667,0.08499999999999996
RKO,Bortezomib,300,0.9783333333333334,0.9383333333333334,0.040000000000000036
RKO,Brivudine,300,0.9716666666666667,0.87,0.10166666666666668
RKO,CP21R7,300,0.6733333333333333,0.53,0.1433333333333333
RKO,Capivasertib,300,0.6766666666666666,0.5033333333333333,0.17333333333333334
RKO,Capmatinib,300,0.88,0.8116666666666666,0.06833333333333336
RKO,Celecoxib,300,0.6183333333333333,0.5016666666666667,0.11666666666666659
RKO,DT-061,300,0.7266666666666667,0.63,0.09666666666666668
RKO,DTP3,300,0.73,0.5366666666666666,0.19333333333333336
RKO,Dabrafenib,300,0.8666666666666667,0.5566666666666666,0.31000000000000005
RKO,ERK5-IN-2,300,0.8916666666666667,0.6516666666666666,0.2400000000000001
RKO,ETC-206,300,0.64,0.5333333333333333,0.10666666666666669
RKO,EX229,300,0.935,0.8283333333333334,0.10666666666666669
RKO,Elimusertib hydrochloride,300,0.9366666666666666,0.85,0.08666666666666667
RKO,Encorafenib,300,0.9216666666666666,0.7366666666666667,0.18499999999999994
RKO,Erdafitinib ,300,0.7366666666666667,0.565,0.17166666666666675
RKO,Everolimus,300,0.6883333333333334,0.5349999999999999,0.15333333333333343
RKO,Futibatinib,300,0.76,0.5216666666666667,0.23833333333333329
RKO,GSK1059615,300,0.9516666666666667,0.9166666666666666,0.03500000000000003
RKO,Gemcitabine,300,0.6466666666666666,0.5733333333333334,0.07333333333333325
RKO,HI-TOPK-032,300,0.9416666666666667,0.7933333333333333,0.14833333333333332
RKO,Hydroxyfasudil,300,0.6783333333333333,0.5633333333333334,0.11499999999999999
RKO,IQ 1,300,0.805,0.5449999999999999,0.2600000000000001
RKO,Infigratinib,300,0.7583333333333333,0.5033333333333334,0.2549999999999999
RKO,Ipatasertib,300,0.8533333333333334,0.51,0.3433333333333334
RKO,Irinotecan,300,0.745,0.6433333333333333,0.10166666666666668
RKO,Ixazomib,300,0.84,0.6283333333333333,0.21166666666666667
RKO,LB-100,300,0.6683333333333333,0.51,0.15833333333333333
RKO,LJI308,300,0.6733333333333333,0.515,0.15833333333333333
RKO,LY-2584702 (tosylate salt),178,0.7471910112359551,0.6629213483146067,0.08426966292134841
RKO,LY2090314,300,0.7133333333333334,0.565,0.14833333333333343
RKO,Lapatinib ditosylate,300,0.6633333333333333,0.5666666666666667,0.09666666666666668
RKO,MK-3903,300,0.82,0.5666666666666667,0.2533333333333333
RKO,MK-8353,300,0.655,0.55,0.10499999999999998
RKO,ML264,300,0.8083333333333333,0.5133333333333333,0.29500000000000004
RKO,Methylprednisolone succinate,300,0.6333333333333333,0.525,0.10833333333333328
RKO,Minodronic acid,300,0.685,0.5016666666666667,0.18333333333333335
RKO,NG25,300,0.9533333333333334,0.92,0.033333333333333326
RKO,NVP-BHG712,300,0.7066666666666667,0.5566666666666666,0.15000000000000002
RKO,OTS514,300,0.7616666666666667,0.515,0.2466666666666667
RKO,Oleic acid,300,0.6833333333333333,0.5266666666666666,0.15666666666666673
RKO,Oxaliplatin,300,0.69,0.5216666666666667,0.16833333333333322
RKO,PF-06260933,300,0.8733333333333333,0.6,0.2733333333333333
RKO,PH-797804,300,0.9866666666666667,0.9416666666666667,0.04500000000000004
RKO,Paclitaxel,300,0.8166666666666667,0.6316666666666666,0.18500000000000005
RKO,Pemigatinib,300,0.7533333333333333,0.5733333333333334,0.17999999999999994
RKO,Pimitespib,300,0.655,0.515,0.14
RKO,Pralsetinib,300,0.805,0.5800000000000001,0.22499999999999998
RKO,RMC-6236,300,0.9216666666666666,0.7866666666666666,0.135
RKO,Ralimetinib dimesylate,300,0.7583333333333333,0.55,0.20833333333333326
RKO,Regorafenib,300,0.8416666666666667,0.7383333333333333,0.10333333333333339
RKO,SBI-0640756,300,0.695,0.5316666666666666,0.16333333333333333
RKO,Sapanisertib,300,0.8583333333333333,0.6633333333333333,0.19499999999999995
RKO,Sonidegib,271,0.6937269372693727,0.5904059040590406,0.10332103321033215
RKO,TAK-733,300,0.925,0.8516666666666667,0.07333333333333336
RKO,TAK-901,300,0.9933333333333333,0.9816666666666667,0.011666666666666603
RKO,Temuterkib,300,0.7833333333333333,0.615,0.16833333333333333
RKO,Tomivosertib,300,0.73,0.6083333333333334,0.12166666666666659
RKO,Torkinib,298,0.7197986577181208,0.5838926174496644,0.13590604026845643
RKO,Trametinib,300,0.9616666666666667,0.83,0.1316666666666667
RKO,Tubulin inhibitor 6,300,0.63,0.5383333333333333,0.09166666666666667
RKO,Tucatinib,300,0.67,0.525,0.14500000000000002
RKO,ULK-101,300,0.7,0.5516666666666666,0.14833333333333332
RKO,Vemurafenib,300,0.805,0.5533333333333333,0.2516666666666667
RKO,Volasertib,300,0.6816666666666666,0.6116666666666667,0.06999999999999995
RKO,XRK3F2,300,0.7383333333333333,0.6383333333333333,0.09999999999999998
RKO,c-Kit-IN-1,300,0.9083333333333333,0.84,0.06833333333333336
RKO,olaparib,300,0.75,0.5133333333333333,0.2366666666666667
RKO,palbociclib,300,0.8133333333333334,0.5533333333333333,0.26
RKO,venetoclax,300,0.9583333333333334,0.9183333333333333,0.040000000000000036
RKO,vincristine,287,0.8466898954703833,0.5749128919860627,0.27177700348432066
RPMI-7951,4EGI-1,280,0.8910714285714286,0.7410714285714286,0.15000000000000002
RPMI-7951,9-ING-41,300,0.7966666666666666,0.5883333333333334,0.20833333333333326
RPMI-7951,APTO-253,300,0.67,0.5266666666666666,0.14333333333333342
RPMI-7951,AT7519,300,0.68,0.5183333333333333,0.16166666666666674
RPMI-7951,AZD-7648,300,0.7866666666666666,0.5533333333333333,0.23333333333333328
RPMI-7951,AZD-8055,300,0.8683333333333333,0.5133333333333333,0.355
RPMI-7951,AZD1390,300,0.7816666666666666,0.5733333333333333,0.20833333333333337
RPMI-7951,AZD2858,211,0.7109004739336493,0.6018957345971564,0.1090047393364929
RPMI-7951,Abemaciclib,300,0.9383333333333334,0.7966666666666666,0.14166666666666672
RPMI-7951,Adagrasib,260,0.5692307692307692,0.5423076923076923,0.02692307692307694
RPMI-7951,Afatinib,300,0.8883333333333333,0.6766666666666666,0.21166666666666667
RPMI-7951,Alpelisib,285,0.7473684210526316,0.5543859649122806,0.19298245614035092
RPMI-7951,Anastrozole,300,0.7066666666666667,0.5549999999999999,0.15166666666666673
RPMI-7951,BAY1125976,300,0.8883333333333333,0.765,0.1233333333333333
RPMI-7951,BI-3406,300,0.7716666666666666,0.565,0.20666666666666667
RPMI-7951,BI-78D3,300,0.6983333333333334,0.53,0.16833333333333333
RPMI-7951,Belumosudil (mesylate),300,0.825,0.665,0.15999999999999992
RPMI-7951,Belzutifan,183,0.8469945355191257,0.5983606557377049,0.24863387978142082
RPMI-7951,Bentamapimod,300,0.795,0.5066666666666666,0.28833333333333344
RPMI-7951,Bimiralisib,300,0.94,0.8066666666666666,0.1333333333333333
RPMI-7951,Binimetinib,281,0.8434163701067615,0.5160142348754448,0.32740213523131667
RPMI-7951,Brivudine,300,0.9666666666666667,0.8033333333333333,0.16333333333333333
RPMI-7951,CP21R7,300,0.69,0.5083333333333333,0.18166666666666664
RPMI-7951,Capivasertib,300,0.705,0.5083333333333333,0.19666666666666666
RPMI-7951,Capmatinib,293,0.8430034129692833,0.5580204778156996,0.28498293515358364
RPMI-7951,Celecoxib,300,0.6333333333333333,0.565,0.06833333333333336
RPMI-7951,DT-061,262,0.7232824427480916,0.5229007633587786,0.20038167938931306
RPMI-7951,DTP3,238,0.8067226890756303,0.5084033613445378,0.2983193277310925
RPMI-7951,Dabrafenib,300,0.8366666666666667,0.5416666666666666,0.29500000000000004
RPMI-7951,ERK5-IN-2,300,0.9083333333333333,0.5833333333333334,0.32499999999999996
RPMI-7951,ETC-206,300,0.7216666666666667,0.5466666666666666,0.17500000000000004
RPMI-7951,EX229,201,0.9228855721393034,0.7860696517412935,0.13681592039800994
RPMI-7951,Elimusertib hydrochloride,174,0.9109195402298851,0.5689655172413793,0.34195402298850575
RPMI-7951,Encorafenib,300,0.855,0.5283333333333333,0.32666666666666666
RPMI-7951,Erdafitinib ,300,0.7683333333333333,0.5566666666666666,0.21166666666666667
RPMI-7951,Everolimus,300,0.7416666666666667,0.5366666666666666,0.20500000000000007
RPMI-7951,Futibatinib,235,0.8106382978723404,0.6,0.21063829787234045
RPMI-7951,GSK1059615,300,0.9416666666666667,0.8116666666666666,0.13
RPMI-7951,Gemcitabine,300,0.7733333333333333,0.5283333333333333,0.245
RPMI-7951,HI-TOPK-032,300,0.9133333333333333,0.7,0.21333333333333337
RPMI-7951,Hydroxyfasudil,232,0.7349137931034483,0.6185344827586207,0.11637931034482762
RPMI-7951,IQ 1,300,0.855,0.545,0.30999999999999994
RPMI-7951,Infigratinib,300,0.825,0.5066666666666666,0.31833333333333336
RPMI-7951,Ipatasertib,300,0.8433333333333334,0.5566666666666666,0.28666666666666674
RPMI-7951,Irinotecan,300,0.7433333333333333,0.5566666666666666,0.18666666666666665
RPMI-7951,Ixazomib,292,0.8835616438356164,0.5034246575342466,0.38013698630136983
RPMI-7951,LB-100,300,0.6333333333333333,0.5333333333333333,0.09999999999999998
RPMI-7951,LJI308,277,0.6552346570397112,0.5992779783393501,0.05595667870036103
RPMI-7951,LY2090314,300,0.675,0.5383333333333333,0.13666666666666671
RPMI-7951,Lapatinib ditosylate,300,0.6883333333333334,0.5116666666666667,0.17666666666666664
RPMI-7951,MK-3903,300,0.8566666666666667,0.725,0.1316666666666667
RPMI-7951,MK-8353,300,0.7266666666666667,0.5316666666666667,0.19499999999999995
RPMI-7951,ML264,300,0.7816666666666666,0.5116666666666667,0.2699999999999999
RPMI-7951,Methylprednisolone succinate,300,0.6683333333333333,0.54,0.1283333333333333
RPMI-7951,Minodronic acid,300,0.68,0.5,0.18000000000000005
RPMI-7951,NG25,208,0.90625,0.6682692307692307,0.23798076923076927
RPMI-7951,NVP-BHG712,300,0.765,0.5183333333333333,0.2466666666666667
RPMI-7951,OTS514,175,0.7971428571428572,0.5314285714285715,0.2657142857142857
RPMI-7951,Oleic acid,300,0.6966666666666667,0.53,0.16666666666666663
RPMI-7951,Oxaliplatin,300,0.7816666666666666,0.5183333333333333,0.2633333333333333
RPMI-7951,PF-06260933,300,0.9083333333333333,0.7533333333333333,0.15500000000000003
RPMI-7951,PH-797804,300,0.9766666666666667,0.9183333333333333,0.05833333333333335
RPMI-7951,Paclitaxel,300,0.8583333333333333,0.5033333333333334,0.35499999999999987
RPMI-7951,Pemigatinib,300,0.7683333333333333,0.5183333333333333,0.25
RPMI-7951,Pimitespib,171,0.7017543859649122,0.543859649122807,0.1578947368421052
RPMI-7951,Pralsetinib,222,0.8716216216216216,0.6554054054054055,0.21621621621621612
RPMI-7951,RMC-6236,300,0.93,0.52,0.41000000000000003
RPMI-7951,Ralimetinib dimesylate,300,0.7916666666666666,0.52,0.2716666666666666
RPMI-7951,Regorafenib,300,0.8,0.61,0.19000000000000006
RPMI-7951,SBI-0640756,263,0.7699619771863118,0.6159695817490495,0.15399239543726229
RPMI-7951,Sapanisertib,300,0.9133333333333333,0.74,0.17333333333333334
RPMI-7951,Sonidegib,154,0.6558441558441559,0.6818181818181818,-0.02597402597402587
RPMI-7951,TAK-733,300,0.9533333333333334,0.795,0.15833333333333333
RPMI-7951,TAK-901,300,0.9916666666666667,0.9516666666666667,0.040000000000000036
RPMI-7951,Temuterkib,300,0.8183333333333334,0.5216666666666667,0.29666666666666663
RPMI-7951,Tomivosertib,300,0.7383333333333333,0.6583333333333333,0.07999999999999996
RPMI-7951,Torkinib,215,0.7232558139534884,0.5,0.22325581395348837
RPMI-7951,Trametinib,300,0.9516666666666667,0.79,0.16166666666666663
RPMI-7951,Tubulin inhibitor 6,300,0.69,0.5583333333333333,0.1316666666666666
RPMI-7951,Tucatinib,300,0.755,0.53,0.22499999999999998
RPMI-7951,ULK-101,217,0.8271889400921659,0.6543778801843319,0.17281105990783407
RPMI-7951,Vemurafenib,300,0.7883333333333333,0.515,0.2733333333333333
RPMI-7951,Volasertib,300,0.65,0.5133333333333333,0.13666666666666671
RPMI-7951,XRK3F2,300,0.7816666666666666,0.595,0.18666666666666665
RPMI-7951,c-Kit-IN-1,268,0.9085820895522388,0.791044776119403,0.1175373134328358
RPMI-7951,olaparib,300,0.7416666666666667,0.52,0.22166666666666668
RPMI-7951,palbociclib,300,0.775,0.5183333333333333,0.2566666666666667
RPMI-7951,venetoclax,192,0.9453125,0.8489583333333334,0.09635416666666663
RPMI-7951,vincristine,155,0.8225806451612904,0.6,0.2225806451612904
SHP-77,4EGI-1,300,0.8166666666666667,0.5016666666666667,0.31499999999999995
SHP-77,9-ING-41,300,0.755,0.5033333333333334,0.2516666666666666
SHP-77,APTO-253,300,0.71,0.5266666666666666,0.18333333333333335
SHP-77,AT7519,267,0.7284644194756554,0.5636704119850188,0.16479400749063666
SHP-77,AZD-7648,300,0.8383333333333334,0.6266666666666667,0.21166666666666667
SHP-77,AZD-8055,300,0.875,0.5233333333333333,0.3516666666666667
SHP-77,AZD1390,300,0.775,0.5333333333333333,0.2416666666666667
SHP-77,AZD2858,203,0.6748768472906403,0.5123152709359606,0.16256157635467972
SHP-77,Abemaciclib,300,0.9,0.6599999999999999,0.2400000000000001
SHP-77,Adagrasib,216,0.5763888888888888,0.5694444444444444,0.00694444444444442
SHP-77,Afatinib,300,0.9216666666666666,0.6533333333333333,0.2683333333333333
SHP-77,Alpelisib,266,0.8853383458646616,0.5545112781954887,0.3308270676691729
SHP-77,Anastrozole,300,0.7,0.525,0.17499999999999993
SHP-77,BAY1125976,300,0.89,0.5783333333333334,0.31166666666666665
SHP-77,BI-3406,300,0.8983333333333333,0.515,0.3833333333333333
SHP-77,BI-78D3,300,0.71,0.5016666666666667,0.20833333333333326
SHP-77,Belumosudil (mesylate),300,0.77,0.61,0.16000000000000003
SHP-77,Belzutifan,300,0.88,0.585,0.29500000000000004
SHP-77,Bentamapimod,300,0.7466666666666667,0.5483333333333333,0.19833333333333336
SHP-77,Bimiralisib,300,0.9483333333333334,0.5366666666666666,0.41166666666666674
SHP-77,Binimetinib,231,0.8917748917748918,0.577922077922078,0.31385281385281383
SHP-77,Bortezomib,141,0.9645390070921985,0.8971631205673759,0.06737588652482263
SHP-77,Brivudine,300,0.9666666666666667,0.8966666666666666,0.07000000000000006
SHP-77,CP21R7,300,0.6883333333333334,0.5666666666666667,0.1216666666666667
SHP-77,Capivasertib,261,0.6685823754789272,0.5747126436781609,0.0938697318007663
SHP-77,Capmatinib,252,0.8611111111111112,0.5257936507936508,0.33531746031746035
SHP-77,Celecoxib,300,0.6783333333333333,0.5166666666666666,0.16166666666666674
SHP-77,DT-061,300,0.7716666666666666,0.54,0.23166666666666658
SHP-77,DTP3,300,0.7133333333333334,0.51,0.20333333333333337
SHP-77,Dabrafenib,300,0.855,0.5716666666666667,0.2833333333333333
SHP-77,ERK5-IN-2,300,0.7833333333333333,0.5166666666666667,0.2666666666666666
SHP-77,ETC-206,300,0.7116666666666667,0.515,0.19666666666666666
SHP-77,EX229,300,0.9333333333333333,0.5416666666666667,0.3916666666666666
SHP-77,Elimusertib hydrochloride,250,0.878,0.51,0.368
SHP-77,Encorafenib,300,0.81,0.6083333333333334,0.20166666666666666
SHP-77,Erdafitinib ,300,0.715,0.5116666666666667,0.20333333333333325
SHP-77,Everolimus,300,0.7,0.5166666666666666,0.18333333333333335
SHP-77,Futibatinib,241,0.7199170124481328,0.520746887966805,0.19917012448132776
SHP-77,GSK1059615,300,0.93,0.5366666666666666,0.3933333333333334
SHP-77,Gemcitabine,300,0.6683333333333333,0.5216666666666666,0.14666666666666672
SHP-77,HI-TOPK-032,300,0.895,0.6966666666666667,0.19833333333333336
SHP-77,Hydroxyfasudil,298,0.7130872483221476,0.5083892617449665,0.2046979865771812
SHP-77,IQ 1,142,0.8380281690140845,0.7077464788732395,0.130281690140845
SHP-77,Infigratinib,300,0.765,0.5033333333333334,0.2616666666666666
SHP-77,Ipatasertib,300,0.7183333333333334,0.5316666666666667,0.18666666666666665
SHP-77,Irinotecan,300,0.7616666666666667,0.51,0.2516666666666667
SHP-77,Ixazomib,300,0.87,0.595,0.275
SHP-77,LB-100,300,0.6866666666666666,0.5116666666666667,0.17499999999999993
SHP-77,LJI308,251,0.7051792828685259,0.5677290836653387,0.13745019920318724
SHP-77,LY2090314,300,0.65,0.5083333333333333,0.14166666666666672
SHP-77,Lapatinib ditosylate,300,0.71,0.5233333333333333,0.18666666666666665
SHP-77,Lonafarnib,300,0.8916666666666667,0.5383333333333333,0.3533333333333334
SHP-77,MK-3903,300,0.8183333333333334,0.5116666666666667,0.30666666666666664
SHP-77,MK-8353,293,0.674061433447099,0.5136518771331058,0.16040955631399323
SHP-77,ML264,300,0.7816666666666666,0.5183333333333333,0.2633333333333333
SHP-77,Methylprednisolone succinate,300,0.6866666666666666,0.5316666666666667,0.15499999999999992
SHP-77,Minodronic acid,300,0.6683333333333333,0.5166666666666667,0.15166666666666662
SHP-77,NG25,300,0.9416666666666667,0.5566666666666666,0.385
SHP-77,NVP-BHG712,300,0.7866666666666666,0.5216666666666667,0.2649999999999999
SHP-77,OTS514,186,0.6881720430107527,0.5618279569892473,0.1263440860215055
SHP-77,Oleic acid,300,0.685,0.5016666666666667,0.18333333333333335
SHP-77,Oxaliplatin,300,0.71,0.5266666666666666,0.18333333333333335
SHP-77,PF-06260933,300,0.9066666666666666,0.8,0.10666666666666658
SHP-77,PH-797804,300,0.8333333333333334,0.515,0.31833333333333336
SHP-77,Paclitaxel,300,0.865,0.51,0.355
SHP-77,Pemigatinib,300,0.6666666666666666,0.5133333333333333,0.15333333333333332
SHP-77,Pimitespib,199,0.6155778894472361,0.5,0.11557788944723613
SHP-77,Pralsetinib,194,0.7938144329896907,0.5206185567010309,0.2731958762886598
SHP-77,RMC-6236,300,0.91,0.5883333333333334,0.32166666666666666
SHP-77,Ralimetinib dimesylate,300,0.7383333333333333,0.5216666666666666,0.21666666666666667
SHP-77,Regorafenib,300,0.775,0.525,0.25
SHP-77,SBI-0640756,260,0.7096153846153846,0.573076923076923,0.1365384615384616
SHP-77,Sapanisertib,300,0.86,0.5266666666666666,0.33333333333333337
SHP-77,Sonidegib,123,0.6829268292682927,0.5284552845528455,0.15447154471544722
SHP-77,TAK-733,300,0.9216666666666666,0.6466666666666666,0.275
SHP-77,TAK-901,300,0.9483333333333334,0.9233333333333333,0.025000000000000022
SHP-77,Temuterkib,300,0.7683333333333333,0.5066666666666666,0.2616666666666667
SHP-77,Tomivosertib,300,0.7466666666666667,0.58,0.16666666666666674
SHP-77,Torkinib,170,0.6441176470588236,0.5323529411764706,0.11176470588235299
SHP-77,Trametinib,300,0.935,0.52,0.41500000000000004
SHP-77,Tubulin inhibitor 6,300,0.6416666666666667,0.5016666666666667,0.14
SHP-77,Tucatinib,300,0.6916666666666667,0.5349999999999999,0.15666666666666673
SHP-77,ULK-101,181,0.6325966850828729,0.505524861878453,0.1270718232044199
SHP-77,Vemurafenib,300,0.8383333333333334,0.5383333333333333,0.30000000000000004
SHP-77,Volasertib,255,0.6607843137254902,0.5,0.16078431372549018
SHP-77,XRK3F2,300,0.86,0.535,0.32499999999999996
SHP-77,c-Kit-IN-1,300,0.9483333333333334,0.62,0.32833333333333337
SHP-77,olaparib,300,0.7366666666666667,0.5216666666666667,0.21499999999999997
SHP-77,palbociclib,300,0.835,0.5700000000000001,0.2649999999999999
SHP-77,venetoclax,233,0.9570815450643777,0.5622317596566524,0.3948497854077253
SHP-77,vincristine,191,0.8717277486910995,0.5863874345549738,0.2853403141361257
SK-MEL-2,4EGI-1,300,0.7783333333333333,0.5549999999999999,0.22333333333333338
SK-MEL-2,9-ING-41,300,0.7583333333333333,0.5483333333333333,0.20999999999999996
SK-MEL-2,APTO-253,300,0.6983333333333334,0.5283333333333333,0.17000000000000004
SK-MEL-2,AT7519,300,0.6866666666666666,0.5183333333333333,0.16833333333333333
SK-MEL-2,AZD-7648,205,0.8853658536585366,0.6,0.2853658536585366
SK-MEL-2,AZD-8055,300,0.8533333333333334,0.5933333333333333,0.2600000000000001
SK-MEL-2,AZD1390,300,0.7633333333333333,0.505,0.2583333333333333
SK-MEL-2,AZD2858,212,0.7028301886792453,0.6155660377358491,0.08726415094339623
SK-MEL-2,Abemaciclib,271,0.8985239852398524,0.514760147601476,0.3837638376383764
SK-MEL-2,Adagrasib,300,0.5983333333333334,0.6033333333333334,-0.0050000000000000044
SK-MEL-2,Afatinib,300,0.9383333333333334,0.7150000000000001,0.22333333333333327
SK-MEL-2,Alpelisib,288,0.8420138888888888,0.5104166666666666,0.3315972222222222
SK-MEL-2,Anastrozole,300,0.7066666666666667,0.5449999999999999,0.16166666666666674
SK-MEL-2,BAY1125976,300,0.8566666666666667,0.6016666666666667,0.255
SK-MEL-2,BI-3406,300,0.9266666666666666,0.5349999999999999,0.3916666666666667
SK-MEL-2,BI-78D3,300,0.72,0.5083333333333333,0.21166666666666667
SK-MEL-2,Belumosudil (mesylate),300,0.7733333333333333,0.5883333333333334,0.18499999999999994
SK-MEL-2,Belzutifan,300,0.82,0.5133333333333333,0.30666666666666664
SK-MEL-2,Bentamapimod,300,0.7733333333333333,0.585,0.18833333333333335
SK-MEL-2,Bimiralisib,300,0.9683333333333334,0.7733333333333333,0.19500000000000006
SK-MEL-2,Binimetinib,188,0.9414893617021277,0.5664893617021277,0.375
SK-MEL-2,Brivudine,300,0.9683333333333334,0.9366666666666666,0.03166666666666673
SK-MEL-2,CP21R7,300,0.6466666666666666,0.515,0.1316666666666666
SK-MEL-2,Capivasertib,300,0.7266666666666667,0.5566666666666666,0.17000000000000004
SK-MEL-2,Capmatinib,219,0.9292237442922374,0.5639269406392694,0.365296803652968
SK-MEL-2,Celecoxib,300,0.7166666666666667,0.5900000000000001,0.1266666666666666
SK-MEL-2,DT-061,274,0.7773722627737226,0.6003649635036497,0.17700729927007297
SK-MEL-2,DTP3,300,0.7416666666666667,0.5266666666666666,0.21500000000000008
SK-MEL-2,Dabrafenib,300,0.8233333333333334,0.61,0.21333333333333337
SK-MEL-2,ERK5-IN-2,300,0.8316666666666667,0.575,0.2566666666666667
SK-MEL-2,ETC-206,300,0.67,0.515,0.15500000000000003
SK-MEL-2,EX229,232,0.9331896551724138,0.7931034482758621,0.1400862068965517
SK-MEL-2,Elimusertib hydrochloride,139,0.9136690647482014,0.5323741007194245,0.38129496402877694
SK-MEL-2,Encorafenib,300,0.9166666666666666,0.665,0.2516666666666666
SK-MEL-2,Erdafitinib ,300,0.735,0.5016666666666667,0.23333333333333328
SK-MEL-2,Everolimus,300,0.705,0.5033333333333334,0.20166666666666655
SK-MEL-2,Futibatinib,288,0.7274305555555556,0.5086805555555556,0.21875
SK-MEL-2,GSK1059615,300,0.955,0.7416666666666667,0.21333333333333326
SK-MEL-2,Gemcitabine,300,0.735,0.5583333333333333,0.17666666666666664
SK-MEL-2,HI-TOPK-032,300,0.945,0.72,0.22499999999999998
SK-MEL-2,Hydroxyfasudil,300,0.7016666666666667,0.5466666666666666,0.15500000000000003
SK-MEL-2,IQ 1,263,0.7585551330798479,0.526615969581749,0.23193916349809884
SK-MEL-2,Infigratinib,300,0.775,0.5716666666666667,0.20333333333333337
SK-MEL-2,Ipatasertib,300,0.83,0.6366666666666667,0.19333333333333325
SK-MEL-2,Irinotecan,300,0.7916666666666666,0.6466666666666666,0.14500000000000002
SK-MEL-2,Ixazomib,300,0.8316666666666667,0.5283333333333333,0.30333333333333334
SK-MEL-2,LB-100,300,0.6733333333333333,0.53,0.1433333333333333
SK-MEL-2,LJI308,300,0.7266666666666667,0.615,0.11166666666666669
SK-MEL-2,LY-2584702 (tosylate salt),126,0.7738095238095238,0.5595238095238095,0.2142857142857143
SK-MEL-2,LY2090314,300,0.705,0.51,0.19499999999999995
SK-MEL-2,Lapatinib ditosylate,300,0.6866666666666666,0.5066666666666666,0.18000000000000005
SK-MEL-2,MK-3903,300,0.7533333333333333,0.5283333333333333,0.22499999999999998
SK-MEL-2,MK-8353,300,0.6883333333333334,0.5083333333333333,0.18000000000000005
SK-MEL-2,ML264,300,0.785,0.5083333333333333,0.2766666666666667
SK-MEL-2,Methylprednisolone succinate,300,0.6516666666666666,0.5533333333333333,0.09833333333333327
SK-MEL-2,Minodronic acid,300,0.7533333333333333,0.6266666666666667,0.1266666666666666
SK-MEL-2,NG25,300,0.955,0.5116666666666667,0.44333333333333325
SK-MEL-2,NVP-BHG712,300,0.7516666666666667,0.51,0.2416666666666667
SK-MEL-2,OTS514,241,0.7676348547717843,0.533195020746888,0.23443983402489632
SK-MEL-2,Oleic acid,300,0.7283333333333334,0.5766666666666667,0.15166666666666673
SK-MEL-2,Oxaliplatin,300,0.765,0.5716666666666667,0.19333333333333336
SK-MEL-2,PF-06260933,300,0.8933333333333333,0.695,0.19833333333333336
SK-MEL-2,PH-797804,300,0.9833333333333333,0.965,0.018333333333333313
SK-MEL-2,Paclitaxel,300,0.77,0.5666666666666667,0.20333333333333337
SK-MEL-2,Pemigatinib,300,0.665,0.5,0.16500000000000004
SK-MEL-2,Pimitespib,267,0.6835205992509363,0.5468164794007491,0.13670411985018727
SK-MEL-2,Pralsetinib,300,0.8533333333333334,0.6,0.2533333333333334
SK-MEL-2,RMC-6236,300,0.9533333333333334,0.6983333333333334,0.255
SK-MEL-2,Ralimetinib dimesylate,300,0.77,0.5383333333333333,0.2316666666666667
SK-MEL-2,Regorafenib,300,0.8266666666666667,0.5,0.32666666666666666
SK-MEL-2,SBI-0640756,260,0.7461538461538462,0.6480769230769231,0.09807692307692306
SK-MEL-2,Sapanisertib,300,0.9333333333333333,0.7416666666666667,0.19166666666666665
SK-MEL-2,Sonidegib,261,0.7452107279693486,0.6379310344827587,0.10727969348658994
SK-MEL-2,TAK-733,300,0.9166666666666666,0.6816666666666666,0.235
SK-MEL-2,TAK-901,244,0.9938524590163934,0.9938524590163934,0.0
SK-MEL-2,Temuterkib,300,0.815,0.5083333333333333,0.30666666666666664
SK-MEL-2,Tomivosertib,300,0.715,0.6166666666666667,0.09833333333333327
SK-MEL-2,Torkinib,208,0.7115384615384616,0.5913461538461539,0.12019230769230771
SK-MEL-2,Trametinib,300,0.955,0.5333333333333333,0.42166666666666663
SK-MEL-2,Tubulin inhibitor 6,300,0.6616666666666666,0.5516666666666666,0.10999999999999999
SK-MEL-2,Tucatinib,300,0.7183333333333334,0.515,0.20333333333333337
SK-MEL-2,ULK-101,300,0.7866666666666666,0.5433333333333333,0.2433333333333333
SK-MEL-2,Vemurafenib,300,0.7566666666666667,0.5366666666666666,0.22000000000000008
SK-MEL-2,Volasertib,300,0.685,0.5483333333333333,0.13666666666666671
SK-MEL-2,XRK3F2,300,0.8466666666666667,0.6083333333333334,0.23833333333333329
SK-MEL-2,c-Kit-IN-1,266,0.9097744360902256,0.631578947368421,0.27819548872180455
SK-MEL-2,olaparib,300,0.7183333333333334,0.595,0.1233333333333334
SK-MEL-2,palbociclib,300,0.8616666666666667,0.5283333333333333,0.33333333333333337
SK-MEL-2,venetoclax,250,0.928,0.53,0.398
SK-MEL-2,vincristine,300,0.895,0.7883333333333333,0.10666666666666669
SNU-1,4EGI-1,219,0.7511415525114156,0.5,0.25114155251141557
SNU-1,9-ING-41,300,0.7433333333333333,0.5683333333333334,0.17499999999999993
SNU-1,APTO-253,300,0.7066666666666667,0.545,0.16166666666666663
SNU-1,AT7519,130,0.6076923076923076,0.5538461538461539,0.053846153846153766
SNU-1,AZD-7648,217,0.7580645161290323,0.5276497695852534,0.2304147465437788
SNU-1,AZD-8055,300,0.7966666666666666,0.5433333333333333,0.2533333333333333
SNU-1,AZD1390,246,0.6890243902439024,0.5203252032520325,0.16869918699186992
SNU-1,AZD2858,174,0.5919540229885057,0.5344827586206897,0.05747126436781602
SNU-1,Abemaciclib,300,0.8983333333333333,0.6866666666666666,0.21166666666666667
SNU-1,Adagrasib,176,0.6590909090909091,0.5539772727272727,0.10511363636363635
SNU-1,Afatinib,300,0.865,0.6,0.265
SNU-1,Alpelisib,162,0.8240740740740741,0.5154320987654322,0.3086419753086419
SNU-1,Anastrozole,286,0.6013986013986014,0.5087412587412588,0.0926573426573426
SNU-1,BAY1125976,300,0.8483333333333334,0.62,0.2283333333333334
SNU-1,BI-3406,300,0.8316666666666667,0.505,0.32666666666666666
SNU-1,BI-78D3,300,0.6916666666666667,0.5016666666666667,0.18999999999999995
SNU-1,Belumosudil (mesylate),259,0.7258687258687259,0.527027027027027,0.1988416988416989
SNU-1,Belzutifan,209,0.8229665071770335,0.5526315789473684,0.2703349282296651
SNU-1,Bentamapimod,300,0.755,0.5533333333333333,0.20166666666666666
SNU-1,Bimiralisib,300,0.9183333333333333,0.5583333333333333,0.36
SNU-1,Binimetinib,146,0.8493150684931506,0.5102739726027398,0.33904109589041087
SNU-1,Bortezomib,111,0.954954954954955,0.8558558558558559,0.09909909909909909
SNU-1,Brivudine,268,0.8768656716417911,0.6100746268656716,0.2667910447761195
SNU-1,CP21R7,223,0.6591928251121076,0.553811659192825,0.1053811659192826
SNU-1,Capivasertib,174,0.6637931034482759,0.5086206896551724,0.15517241379310354
SNU-1,Capmatinib,163,0.7331288343558282,0.5276073619631902,0.20552147239263796
SNU-1,Celecoxib,268,0.6100746268656716,0.5149253731343284,0.0951492537313432
SNU-1,DT-061,205,0.7024390243902439,0.5073170731707317,0.19512195121951215
SNU-1,DTP3,251,0.6633466135458167,0.5258964143426295,0.13745019920318724
SNU-1,Dabrafenib,300,0.835,0.6433333333333333,0.19166666666666665
SNU-1,ERK5-IN-2,300,0.8366666666666667,0.5433333333333333,0.29333333333333333
SNU-1,ETC-206,201,0.6393034825870647,0.5223880597014925,0.11691542288557222
SNU-1,EX229,222,0.8828828828828829,0.5067567567567568,0.37612612612612606
SNU-1,Elimusertib hydrochloride,127,0.8070866141732284,0.5039370078740157,0.3031496062992126
SNU-1,Encorafenib,300,0.87,0.6433333333333333,0.22666666666666668
SNU-1,Erdafitinib ,300,0.6866666666666666,0.5416666666666667,0.1449999999999999
SNU-1,Everolimus,300,0.6783333333333333,0.5083333333333333,0.17000000000000004
SNU-1,Futibatinib,108,0.6712962962962963,0.5648148148148148,0.10648148148148151
SNU-1,GSK1059615,300,0.9116666666666666,0.515,0.3966666666666666
SNU-1,Gemcitabine,300,0.6383333333333333,0.5166666666666666,0.1216666666666667
SNU-1,HI-TOPK-032,123,0.8008130081300813,0.6829268292682926,0.11788617886178865
SNU-1,Hydroxyfasudil,222,0.6531531531531531,0.5112612612612613,0.14189189189189189
SNU-1,IQ 1,141,0.7198581560283688,0.5177304964539007,0.2021276595744681
SNU-1,Infigratinib,172,0.7093023255813954,0.5145348837209303,0.19476744186046513
SNU-1,Ipatasertib,300,0.7783333333333333,0.5716666666666667,0.20666666666666667
SNU-1,Irinotecan,300,0.7383333333333333,0.54,0.19833333333333325
SNU-1,Ixazomib,241,0.7531120331950207,0.5352697095435685,0.21784232365145229
SNU-1,LB-100,300,0.6566666666666666,0.52,0.1366666666666666
SNU-1,LJI308,201,0.654228855721393,0.5373134328358209,0.1169154228855721
SNU-1,LY2090314,300,0.6183333333333333,0.5583333333333333,0.05999999999999994
SNU-1,Lapatinib ditosylate,300,0.635,0.5333333333333333,0.10166666666666668
SNU-1,MK-3903,233,0.7639484978540773,0.5021459227467812,0.2618025751072961
SNU-1,MK-8353,196,0.6071428571428571,0.5306122448979592,0.07653061224489788
SNU-1,ML264,300,0.76,0.5566666666666666,0.20333333333333337
SNU-1,Methylprednisolone succinate,235,0.6297872340425532,0.5382978723404255,0.09148936170212774
SNU-1,Minodronic acid,295,0.6711864406779661,0.5254237288135593,0.1457627118644068
SNU-1,NG25,131,0.8740458015267175,0.5076335877862596,0.36641221374045796
SNU-1,NVP-BHG712,281,0.699288256227758,0.5284697508896797,0.1708185053380783
SNU-1,OTS514,116,0.7198275862068966,0.5387931034482759,0.18103448275862066
SNU-1,Oleic acid,299,0.5953177257525084,0.5267558528428093,0.06856187290969906
SNU-1,Oxaliplatin,280,0.6589285714285714,0.5,0.15892857142857142
SNU-1,PF-06260933,257,0.8443579766536965,0.5739299610894941,0.2704280155642024
SNU-1,PH-797804,128,0.92578125,0.80078125,0.125
SNU-1,Paclitaxel,300,0.815,0.545,0.2699999999999999
SNU-1,Pemigatinib,259,0.5772200772200772,0.528957528957529,0.048262548262548166
SNU-1,Pimitespib,177,0.6186440677966102,0.5028248587570622,0.11581920903954801
SNU-1,Pralsetinib,162,0.7283950617283951,0.5740740740740741,0.154320987654321
SNU-1,RMC-6236,300,0.895,0.6183333333333334,0.2766666666666666
SNU-1,Ralimetinib dimesylate,300,0.7566666666666667,0.5816666666666667,0.17500000000000004
SNU-1,Regorafenib,282,0.7854609929078015,0.5141843971631206,0.2712765957446809
SNU-1,SBI-0640756,200,0.6775,0.54,0.13749999999999996
SNU-1,Sapanisertib,300,0.8166666666666667,0.645,0.17166666666666663
SNU-1,TAK-733,300,0.875,0.5549999999999999,0.32000000000000006
SNU-1,TAK-901,231,0.9783549783549783,0.961038961038961,0.017316017316017285
SNU-1,Temuterkib,300,0.7583333333333333,0.5483333333333333,0.20999999999999996
SNU-1,Tomivosertib,191,0.7120418848167539,0.6570680628272252,0.054973821989528715
SNU-1,Torkinib,129,0.6395348837209303,0.5116279069767442,0.12790697674418605
SNU-1,Trametinib,277,0.8935018050541517,0.5270758122743683,0.3664259927797834
SNU-1,Tubulin inhibitor 6,214,0.6425233644859814,0.530373831775701,0.11214953271028039
SNU-1,Tucatinib,300,0.7,0.5066666666666667,0.19333333333333325
SNU-1,ULK-101,164,0.7012195121951219,0.5304878048780488,0.1707317073170731
SNU-1,Vemurafenib,300,0.7016666666666667,0.5033333333333333,0.19833333333333336
SNU-1,Volasertib,207,0.5966183574879227,0.5096618357487923,0.08695652173913038
SNU-1,XRK3F2,300,0.8166666666666667,0.655,0.16166666666666663
SNU-1,c-Kit-IN-1,210,0.8523809523809524,0.5714285714285714,0.28095238095238095
SNU-1,olaparib,300,0.6833333333333333,0.55,0.1333333333333333
SNU-1,palbociclib,258,0.7868217054263565,0.5329457364341086,0.25387596899224796
SNU-1,venetoclax,141,0.8900709219858156,0.6099290780141844,0.2801418439716312
SNU-1,vincristine,131,0.767175572519084,0.5229007633587787,0.2442748091603053
SNU-423,4EGI-1,300,0.8533333333333334,0.5633333333333334,0.29000000000000004
SNU-423,9-ING-41,300,0.85,0.5733333333333333,0.2766666666666667
SNU-423,APTO-253,300,0.7633333333333333,0.5283333333333333,0.235
SNU-423,AT7519,300,0.725,0.5183333333333333,0.20666666666666667
SNU-423,AZD-7648,300,0.8416666666666667,0.5033333333333333,0.3383333333333334
SNU-423,AZD-8055,300,0.875,0.5466666666666666,0.32833333333333337
SNU-423,AZD1390,300,0.7816666666666666,0.5033333333333333,0.2783333333333333
SNU-423,AZD2858,234,0.7350427350427351,0.5064102564102564,0.2286324786324787
SNU-423,Abemaciclib,300,0.9383333333333334,0.6683333333333333,0.27
SNU-423,Adagrasib,300,0.6633333333333333,0.54,0.1233333333333333
SNU-423,Afatinib,300,0.9116666666666666,0.5716666666666667,0.33999999999999997
SNU-423,Alpelisib,300,0.85,0.5416666666666667,0.30833333333333324
SNU-423,Anastrozole,300,0.7166666666666667,0.5033333333333333,0.21333333333333337
SNU-423,BAY1125976,300,0.92,0.6183333333333334,0.30166666666666664
SNU-423,BI-3406,300,0.9033333333333333,0.5866666666666667,0.31666666666666665
SNU-423,BI-78D3,300,0.795,0.5166666666666666,0.27833333333333343
SNU-423,Belumosudil (mesylate),300,0.8683333333333333,0.5983333333333334,0.2699999999999999
SNU-423,Belzutifan,300,0.9033333333333333,0.515,0.3883333333333333
SNU-423,Bentamapimod,300,0.84,0.56,0.2799999999999999
SNU-423,Bimiralisib,300,0.9633333333333334,0.8816666666666667,0.08166666666666667
SNU-423,Binimetinib,300,0.895,0.5816666666666667,0.31333333333333335
SNU-423,Bortezomib,170,0.9852941176470589,0.9647058823529412,0.020588235294117685
SNU-423,Brivudine,300,0.975,0.8733333333333333,0.10166666666666668
SNU-423,CP21R7,300,0.71,0.5216666666666666,0.18833333333333335
SNU-423,Capivasertib,300,0.75,0.5083333333333333,0.2416666666666667
SNU-423,Capmatinib,300,0.7933333333333333,0.54,0.2533333333333333
SNU-423,Celecoxib,300,0.7116666666666667,0.5483333333333333,0.16333333333333333
SNU-423,DT-061,300,0.72,0.5316666666666666,0.18833333333333335
SNU-423,DTP3,300,0.8533333333333334,0.6183333333333334,0.235
SNU-423,Dabrafenib,300,0.8566666666666667,0.595,0.2616666666666667
SNU-423,ERK5-IN-2,300,0.9,0.54,0.36
SNU-423,ETC-206,300,0.7566666666666667,0.51,0.2466666666666667
SNU-423,EX229,300,0.97,0.7983333333333333,0.17166666666666663
SNU-423,Elimusertib hydrochloride,300,0.8866666666666667,0.5283333333333333,0.3583333333333334
SNU-423,Encorafenib,300,0.895,0.63,0.265
SNU-423,Erdafitinib ,300,0.785,0.5083333333333333,0.2766666666666667
SNU-423,Everolimus,300,0.7483333333333333,0.5333333333333333,0.21499999999999997
SNU-423,Futibatinib,300,0.8016666666666666,0.5816666666666667,0.21999999999999997
SNU-423,GSK1059615,300,0.9516666666666667,0.9033333333333333,0.04833333333333334
SNU-423,Gemcitabine,300,0.7666666666666667,0.5133333333333333,0.2533333333333334
SNU-423,HI-TOPK-032,300,0.94,0.795,0.1449999999999999
SNU-423,Hydroxyfasudil,300,0.7916666666666666,0.5983333333333334,0.19333333333333325
SNU-423,IQ 1,300,0.795,0.5583333333333333,0.2366666666666667
SNU-423,Infigratinib,300,0.8516666666666667,0.56,0.29166666666666663
SNU-423,Ipatasertib,300,0.89,0.5416666666666666,0.3483333333333334
SNU-423,Irinotecan,300,0.8666666666666667,0.5449999999999999,0.32166666666666677
SNU-423,Ixazomib,300,0.9133333333333333,0.5033333333333334,0.4099999999999999
SNU-423,LB-100,300,0.755,0.5283333333333333,0.22666666666666668
SNU-423,LJI308,300,0.825,0.5683333333333334,0.2566666666666666
SNU-423,LY-2584702 (tosylate salt),300,0.8116666666666666,0.5833333333333333,0.2283333333333334
SNU-423,LY2090314,300,0.7316666666666667,0.6266666666666667,0.10499999999999998
SNU-423,Lapatinib ditosylate,300,0.7883333333333333,0.565,0.22333333333333338
SNU-423,Lonafarnib,260,0.9884615384615385,0.9846153846153847,0.0038461538461538325
SNU-423,MK-3903,300,0.8783333333333333,0.5566666666666666,0.32166666666666666
SNU-423,MK-8353,300,0.735,0.5266666666666666,0.20833333333333337
SNU-423,ML264,300,0.8333333333333334,0.5566666666666666,0.2766666666666667
SNU-423,Methylprednisolone succinate,300,0.73,0.51,0.21999999999999997
SNU-423,Minodronic acid,300,0.76,0.5383333333333333,0.22166666666666668
SNU-423,NG25,300,0.9433333333333334,0.555,0.3883333333333333
SNU-423,NVP-BHG712,300,0.84,0.5633333333333334,0.2766666666666666
SNU-423,OTS514,300,0.8266666666666667,0.5383333333333333,0.28833333333333333
SNU-423,Oleic acid,300,0.72,0.5333333333333333,0.18666666666666665
SNU-423,Oxaliplatin,300,0.77,0.5083333333333333,0.2616666666666667
SNU-423,PF-06260933,300,0.9083333333333333,0.5066666666666666,0.4016666666666667
SNU-423,PH-797804,300,0.9716666666666667,0.9299999999999999,0.04166666666666674
SNU-423,Paclitaxel,300,0.8733333333333333,0.5266666666666666,0.3466666666666667
SNU-423,Pemigatinib,300,0.735,0.52,0.21499999999999997
SNU-423,Pimitespib,300,0.7683333333333333,0.5183333333333333,0.25
SNU-423,Pralsetinib,300,0.9383333333333334,0.7766666666666666,0.16166666666666674
SNU-423,RMC-6236,300,0.9266666666666666,0.755,0.17166666666666663
SNU-423,Ralimetinib dimesylate,300,0.8616666666666667,0.5366666666666666,0.32500000000000007
SNU-423,Regorafenib,300,0.785,0.5366666666666666,0.2483333333333334
SNU-423,SBI-0640756,300,0.7683333333333333,0.5733333333333333,0.19500000000000006
SNU-423,Sapanisertib,300,0.9183333333333333,0.5816666666666667,0.33666666666666667
SNU-423,Sonidegib,300,0.8033333333333333,0.6316666666666666,0.17166666666666675
SNU-423,TAK-733,300,0.96,0.5716666666666667,0.3883333333333333
SNU-423,TAK-901,300,0.9933333333333333,0.9633333333333334,0.029999999999999916
SNU-423,Temuterkib,300,0.8366666666666667,0.5733333333333334,0.2633333333333333
SNU-423,Tomivosertib,300,0.795,0.635,0.16000000000000003
SNU-423,Torkinib,256,0.71484375,0.576171875,0.138671875
SNU-423,Trametinib,300,0.9466666666666667,0.6333333333333333,0.31333333333333335
SNU-423,Tubulin inhibitor 6,300,0.7483333333333333,0.545,0.20333333333333325
SNU-423,Tucatinib,300,0.8083333333333333,0.56,0.2483333333333333
SNU-423,ULK-101,300,0.7733333333333333,0.5316666666666667,0.24166666666666659
SNU-423,Vemurafenib,300,0.815,0.585,0.22999999999999998
SNU-423,Volasertib,300,0.695,0.515,0.17999999999999994
SNU-423,XRK3F2,300,0.815,0.5633333333333334,0.2516666666666666
SNU-423,c-Kit-IN-1,300,0.9516666666666667,0.75,0.20166666666666666
SNU-423,olaparib,300,0.83,0.5566666666666666,0.2733333333333333
SNU-423,palbociclib,300,0.82,0.5766666666666667,0.2433333333333333
SNU-423,venetoclax,300,0.9483333333333334,0.8333333333333334,0.11499999999999999
SNU-423,vincristine,300,0.9016666666666666,0.5466666666666666,0.355
SW 900,4EGI-1,300,0.785,0.5700000000000001,0.21499999999999997
SW 900,9-ING-41,300,0.7633333333333333,0.5433333333333333,0.21999999999999997
SW 900,APTO-253,300,0.7383333333333333,0.57,0.16833333333333333
SW 900,AT7519,300,0.6616666666666666,0.5166666666666667,0.1449999999999999
SW 900,AZD-7648,300,0.8966666666666666,0.5966666666666667,0.29999999999999993
SW 900,AZD-8055,300,0.895,0.5016666666666667,0.3933333333333333
SW 900,AZD1390,300,0.7683333333333333,0.5166666666666666,0.2516666666666667
SW 900,AZD2858,299,0.6622073578595318,0.5133779264214047,0.1488294314381271
SW 900,Abemaciclib,300,0.9383333333333334,0.72,0.21833333333333338
SW 900,Adagrasib,300,0.645,0.5516666666666667,0.09333333333333327
SW 900,Afatinib,300,0.92,0.5066666666666666,0.41333333333333344
SW 900,Alpelisib,300,0.8766666666666667,0.5733333333333333,0.30333333333333345
SW 900,Anastrozole,300,0.7983333333333333,0.5333333333333333,0.265
SW 900,BAY1125976,300,0.89,0.6633333333333333,0.22666666666666668
SW 900,BI-3406,300,0.9216666666666666,0.5433333333333333,0.3783333333333333
SW 900,BI-78D3,300,0.69,0.5183333333333333,0.17166666666666663
SW 900,Belumosudil (mesylate),300,0.765,0.53,0.235
SW 900,Belzutifan,297,0.877104377104377,0.5656565656565656,0.3114478114478114
SW 900,Bentamapimod,300,0.83,0.5716666666666667,0.2583333333333333
SW 900,Bimiralisib,300,0.935,0.5216666666666666,0.41333333333333344
SW 900,Binimetinib,300,0.915,0.515,0.4
SW 900,Bortezomib,202,0.9628712871287128,0.9232673267326733,0.03960396039603953
SW 900,Brivudine,300,0.9633333333333334,0.8416666666666667,0.1216666666666667
SW 900,CP21R7,300,0.6783333333333333,0.5583333333333333,0.12
SW 900,Capivasertib,300,0.635,0.5266666666666666,0.10833333333333339
SW 900,Capmatinib,300,0.835,0.595,0.24
SW 900,Celecoxib,300,0.6483333333333333,0.5033333333333333,0.14500000000000002
SW 900,DT-061,300,0.81,0.5516666666666667,0.2583333333333333
SW 900,DTP3,300,0.7666666666666667,0.5633333333333334,0.20333333333333337
SW 900,Dabrafenib,300,0.885,0.6566666666666667,0.22833333333333328
SW 900,ERK5-IN-2,300,0.8283333333333334,0.5733333333333334,0.255
SW 900,ETC-206,300,0.6633333333333333,0.5033333333333333,0.16000000000000003
SW 900,EX229,300,0.9533333333333334,0.765,0.18833333333333335
SW 900,Elimusertib hydrochloride,277,0.927797833935018,0.8050541516245487,0.12274368231046928
SW 900,Encorafenib,300,0.905,0.5700000000000001,0.33499999999999996
SW 900,Erdafitinib ,300,0.7383333333333333,0.5216666666666667,0.21666666666666656
SW 900,Everolimus,300,0.6816666666666666,0.5066666666666667,0.17499999999999993
SW 900,Futibatinib,300,0.7283333333333334,0.5816666666666667,0.14666666666666672
SW 900,GSK1059615,300,0.9316666666666666,0.5483333333333333,0.3833333333333333
SW 900,Gemcitabine,300,0.6833333333333333,0.5266666666666666,0.15666666666666673
SW 900,HI-TOPK-032,300,0.9016666666666666,0.68,0.22166666666666657
SW 900,Hydroxyfasudil,300,0.71,0.5166666666666666,0.19333333333333336
SW 900,IQ 1,300,0.7533333333333333,0.5233333333333333,0.22999999999999998
SW 900,Infigratinib,300,0.8416666666666667,0.52,0.32166666666666666
SW 900,Ipatasertib,300,0.8916666666666667,0.5133333333333333,0.3783333333333334
SW 900,Irinotecan,300,0.8133333333333334,0.515,0.29833333333333334
SW 900,Ixazomib,300,0.8583333333333333,0.5733333333333333,0.28500000000000003
SW 900,LB-100,300,0.605,0.52,0.08499999999999996
SW 900,LJI308,300,0.6633333333333333,0.5333333333333333,0.13
SW 900,LY-2584702 (tosylate salt),127,0.7795275590551181,0.5708661417322834,0.2086614173228346
SW 900,LY2090314,300,0.705,0.5800000000000001,0.12499999999999989
SW 900,Lapatinib ditosylate,300,0.7233333333333334,0.54,0.18333333333333335
SW 900,MK-3903,300,0.8083333333333333,0.5166666666666667,0.29166666666666663
SW 900,MK-8353,300,0.7133333333333334,0.5333333333333333,0.18000000000000005
SW 900,ML264,300,0.7966666666666666,0.5133333333333333,0.2833333333333333
SW 900,Methylprednisolone succinate,300,0.68,0.5166666666666666,0.16333333333333344
SW 900,Minodronic acid,300,0.7033333333333334,0.5316666666666667,0.17166666666666663
SW 900,NG25,300,0.9416666666666667,0.7733333333333333,0.16833333333333333
SW 900,NVP-BHG712,300,0.7883333333333333,0.55,0.23833333333333329
SW 900,OTS514,300,0.725,0.56,0.16499999999999992
SW 900,Oleic acid,300,0.645,0.5183333333333333,0.1266666666666667
SW 900,Oxaliplatin,300,0.6516666666666666,0.5333333333333333,0.11833333333333329
SW 900,PF-06260933,300,0.8566666666666667,0.5466666666666666,0.31000000000000005
SW 900,PH-797804,300,0.9383333333333334,0.8566666666666667,0.08166666666666667
SW 900,Paclitaxel,300,0.8633333333333333,0.5183333333333333,0.345
SW 900,Pemigatinib,300,0.67,0.515,0.15500000000000003
SW 900,Pimitespib,282,0.7180851063829787,0.5088652482269503,0.2092198581560284
SW 900,Pralsetinib,300,0.8333333333333334,0.5283333333333333,0.30500000000000005
SW 900,RMC-6236,300,0.9566666666666667,0.5066666666666667,0.44999999999999996
SW 900,Ralimetinib dimesylate,300,0.8516666666666667,0.5333333333333333,0.31833333333333336
SW 900,Regorafenib,300,0.7816666666666666,0.6066666666666667,0.17499999999999993
SW 900,SBI-0640756,300,0.7216666666666667,0.62,0.10166666666666668
SW 900,Sapanisertib,300,0.8966666666666666,0.6166666666666667,0.2799999999999999
SW 900,Sonidegib,260,0.7076923076923077,0.575,0.13269230769230778
SW 900,TAK-733,300,0.945,0.7633333333333333,0.18166666666666664
SW 900,TAK-901,300,0.9766666666666667,0.87,0.10666666666666669
SW 900,Temuterkib,300,0.7033333333333334,0.5433333333333333,0.16000000000000003
SW 900,Tomivosertib,300,0.7,0.5866666666666667,0.11333333333333329
SW 900,Torkinib,254,0.6712598425196851,0.5196850393700787,0.15157480314960636
SW 900,Trametinib,300,0.9366666666666666,0.8,0.1366666666666666
SW 900,Tubulin inhibitor 6,300,0.6983333333333334,0.5333333333333333,0.16500000000000004
SW 900,Tucatinib,300,0.7266666666666667,0.565,0.16166666666666674
SW 900,ULK-101,300,0.7533333333333333,0.5583333333333333,0.19499999999999995
SW 900,Vemurafenib,300,0.7983333333333333,0.54,0.2583333333333333
SW 900,Volasertib,300,0.68,0.505,0.17500000000000004
SW 900,XRK3F2,300,0.8666666666666667,0.5033333333333334,0.3633333333333333
SW 900,c-Kit-IN-1,300,0.945,0.7783333333333333,0.16666666666666663
SW 900,olaparib,300,0.7083333333333334,0.5116666666666667,0.19666666666666666
SW 900,palbociclib,300,0.8116666666666666,0.5466666666666666,0.265
SW 900,venetoclax,300,0.9466666666666667,0.8433333333333333,0.10333333333333339
SW 900,vincristine,300,0.8783333333333333,0.6866666666666666,0.19166666666666665
SW1417,4EGI-1,300,0.7116666666666667,0.5933333333333334,0.11833333333333329
SW1417,9-ING-41,300,0.7666666666666667,0.5233333333333333,0.2433333333333334
SW1417,APTO-253,300,0.665,0.505,0.16000000000000003
SW1417,AT7519,300,0.6233333333333333,0.5266666666666666,0.09666666666666668
SW1417,AZD-7648,300,0.8016666666666666,0.575,0.22666666666666668
SW1417,AZD-8055,300,0.7483333333333333,0.6133333333333333,0.135
SW1417,AZD1390,300,0.7133333333333334,0.5066666666666667,0.20666666666666667
SW1417,AZD2858,300,0.65,0.5166666666666667,0.1333333333333333
SW1417,Abemaciclib,300,0.905,0.515,0.39
SW1417,Adagrasib,300,0.6133333333333333,0.5549999999999999,0.05833333333333335
SW1417,Afatinib,300,0.8566666666666667,0.5833333333333333,0.27333333333333343
SW1417,Alpelisib,300,0.7933333333333333,0.575,0.21833333333333338
SW1417,Anastrozole,300,0.6966666666666667,0.52,0.17666666666666664
SW1417,BAY1125976,300,0.8366666666666667,0.5683333333333334,0.2683333333333333
SW1417,BI-3406,300,0.775,0.5516666666666667,0.22333333333333327
SW1417,BI-78D3,300,0.6883333333333334,0.5416666666666666,0.14666666666666672
SW1417,Belumosudil (mesylate),300,0.71,0.505,0.20499999999999996
SW1417,Belzutifan,300,0.825,0.635,0.18999999999999995
SW1417,Bentamapimod,300,0.7633333333333333,0.5433333333333333,0.21999999999999997
SW1417,Bimiralisib,300,0.8766666666666667,0.66,0.21666666666666667
SW1417,Binimetinib,300,0.825,0.6133333333333333,0.21166666666666667
SW1417,Bortezomib,300,0.955,0.9216666666666666,0.033333333333333326
SW1417,Brivudine,300,0.9433333333333334,0.7716666666666666,0.17166666666666675
SW1417,CP21R7,300,0.64,0.5533333333333333,0.08666666666666667
SW1417,Capivasertib,300,0.63,0.5266666666666666,0.10333333333333339
SW1417,Capmatinib,300,0.795,0.5266666666666666,0.2683333333333334
SW1417,Celecoxib,300,0.6266666666666667,0.5083333333333333,0.1183333333333334
SW1417,DT-061,300,0.74,0.5483333333333333,0.19166666666666665
SW1417,DTP3,300,0.7,0.5549999999999999,0.14500000000000002
SW1417,Dabrafenib,300,0.83,0.57,0.26
SW1417,ERK5-IN-2,300,0.805,0.5216666666666666,0.28333333333333344
SW1417,ETC-206,300,0.655,0.51,0.14500000000000002
SW1417,EX229,300,0.915,0.5016666666666667,0.41333333333333333
SW1417,Elimusertib hydrochloride,300,0.8066666666666666,0.5033333333333334,0.30333333333333323
SW1417,Encorafenib,300,0.865,0.5916666666666667,0.2733333333333333
SW1417,Erdafitinib ,300,0.7083333333333334,0.565,0.14333333333333342
SW1417,Everolimus,300,0.685,0.52,0.16500000000000004
SW1417,Futibatinib,300,0.755,0.6216666666666667,0.1333333333333333
SW1417,GSK1059615,300,0.8766666666666667,0.56,0.31666666666666665
SW1417,Gemcitabine,300,0.7183333333333334,0.5283333333333333,0.19000000000000006
SW1417,HI-TOPK-032,300,0.8483333333333334,0.5033333333333333,0.3450000000000001
SW1417,Hydroxyfasudil,300,0.6316666666666667,0.5566666666666666,0.07500000000000007
SW1417,IQ 1,300,0.7666666666666667,0.5166666666666667,0.25
SW1417,Infigratinib,300,0.7733333333333333,0.5216666666666666,0.2516666666666667
SW1417,Ipatasertib,300,0.7733333333333333,0.5233333333333333,0.25
SW1417,Irinotecan,300,0.72,0.5066666666666667,0.21333333333333326
SW1417,Ixazomib,300,0.83,0.665,0.16499999999999992
SW1417,LB-100,300,0.6066666666666667,0.5633333333333334,0.043333333333333335
SW1417,LJI308,300,0.62,0.5333333333333333,0.08666666666666667
SW1417,LY-2584702 (tosylate salt),277,0.703971119133574,0.5595667870036101,0.14440433212996395
SW1417,LY2090314,300,0.73,0.645,0.08499999999999996
SW1417,Lapatinib ditosylate,300,0.6866666666666666,0.5516666666666666,0.135
SW1417,Lonafarnib,137,0.9817518248175182,0.6605839416058394,0.3211678832116788
SW1417,MK-3903,300,0.8166666666666667,0.5283333333333333,0.28833333333333333
SW1417,MK-8353,300,0.6266666666666667,0.5316666666666666,0.09500000000000008
SW1417,ML264,300,0.7616666666666667,0.5633333333333334,0.19833333333333336
SW1417,Methylprednisolone succinate,300,0.6616666666666666,0.5266666666666666,0.135
SW1417,Minodronic acid,300,0.6383333333333333,0.55,0.08833333333333326
SW1417,NG25,300,0.9116666666666666,0.515,0.3966666666666666
SW1417,NVP-BHG712,300,0.7233333333333334,0.5216666666666666,0.20166666666666677
SW1417,OTS514,300,0.7283333333333334,0.58,0.14833333333333343
SW1417,Oleic acid,300,0.68,0.5583333333333333,0.1216666666666667
SW1417,Oxaliplatin,300,0.7366666666666667,0.5033333333333334,0.23333333333333328
SW1417,PF-06260933,300,0.86,0.5333333333333333,0.32666666666666666
SW1417,PH-797804,300,0.94,0.845,0.09499999999999997
SW1417,Paclitaxel,300,0.8266666666666667,0.5516666666666666,0.275
SW1417,Pemigatinib,300,0.675,0.5333333333333333,0.14166666666666672
SW1417,Pimitespib,300,0.6183333333333333,0.5016666666666667,0.11666666666666659
SW1417,Pralsetinib,300,0.7433333333333333,0.56,0.18333333333333324
SW1417,RMC-6236,300,0.9,0.6366666666666667,0.2633333333333333
SW1417,Ralimetinib dimesylate,300,0.7683333333333333,0.5783333333333334,0.18999999999999995
SW1417,Regorafenib,300,0.755,0.5333333333333333,0.22166666666666668
SW1417,SBI-0640756,300,0.6566666666666666,0.5233333333333333,0.1333333333333333
SW1417,Sapanisertib,300,0.8233333333333334,0.64,0.18333333333333335
SW1417,Sonidegib,300,0.665,0.555,0.10999999999999999
SW1417,TAK-733,300,0.9133333333333333,0.505,0.4083333333333333
SW1417,TAK-901,300,0.9716666666666667,0.9383333333333334,0.033333333333333326
SW1417,Temuterkib,300,0.7583333333333333,0.595,0.16333333333333333
SW1417,Tomivosertib,300,0.6783333333333333,0.63,0.04833333333333334
SW1417,Torkinib,300,0.7383333333333333,0.515,0.22333333333333327
SW1417,Trametinib,300,0.885,0.5983333333333334,0.2866666666666666
SW1417,Tubulin inhibitor 6,300,0.7016666666666667,0.5283333333333333,0.17333333333333334
SW1417,Tucatinib,300,0.7133333333333334,0.5083333333333333,0.20500000000000007
SW1417,ULK-101,300,0.6833333333333333,0.5133333333333333,0.17000000000000004
SW1417,Vemurafenib,300,0.83,0.5783333333333334,0.2516666666666666
SW1417,Volasertib,300,0.655,0.54,0.11499999999999999
SW1417,XRK3F2,300,0.7666666666666667,0.6166666666666667,0.15000000000000002
SW1417,c-Kit-IN-1,300,0.8983333333333333,0.6083333333333334,0.2899999999999999
SW1417,olaparib,300,0.6816666666666666,0.5116666666666667,0.16999999999999993
SW1417,palbociclib,300,0.7116666666666667,0.6,0.11166666666666669
SW1417,venetoclax,300,0.9083333333333333,0.5916666666666667,0.31666666666666665
SW1417,vincristine,300,0.7466666666666667,0.5166666666666667,0.22999999999999998
SW48,4EGI-1,238,0.7857142857142857,0.615546218487395,0.1701680672268907
SW48,9-ING-41,300,0.7666666666666667,0.5433333333333333,0.22333333333333338
SW48,APTO-253,300,0.6766666666666666,0.5449999999999999,0.1316666666666667
SW48,AT7519,296,0.6807432432432432,0.5304054054054055,0.15033783783783772
SW48,AZD-7648,170,0.8588235294117647,0.6941176470588235,0.16470588235294115
SW48,AZD-8055,300,0.785,0.655,0.13
SW48,AZD1390,293,0.7696245733788396,0.5665529010238908,0.20307167235494883
SW48,AZD2858,175,0.7228571428571429,0.5257142857142857,0.19714285714285718
SW48,Abemaciclib,300,0.955,0.8766666666666667,0.07833333333333325
SW48,Adagrasib,191,0.6963350785340314,0.5575916230366492,0.1387434554973822
SW48,Afatinib,300,0.96,0.8333333333333334,0.1266666666666666
SW48,Alpelisib,270,0.7555555555555555,0.5740740740740741,0.18148148148148147
SW48,Anastrozole,300,0.7216666666666667,0.5033333333333333,0.21833333333333338
SW48,BAY1125976,300,0.87,0.6216666666666667,0.2483333333333333
SW48,BI-3406,300,0.82,0.5133333333333333,0.30666666666666664
SW48,BI-78D3,300,0.7183333333333334,0.53,0.18833333333333335
SW48,Belumosudil (mesylate),250,0.764,0.628,0.136
SW48,Belzutifan,165,0.8787878787878788,0.7575757575757576,0.12121212121212122
SW48,Bentamapimod,300,0.8433333333333334,0.5416666666666667,0.30166666666666664
SW48,Bimiralisib,300,0.9733333333333334,0.8916666666666666,0.08166666666666678
SW48,Binimetinib,158,0.8987341772151899,0.7436708860759493,0.15506329113924056
SW48,Brivudine,300,0.975,0.8516666666666667,0.1233333333333333
SW48,CP21R7,261,0.6973180076628352,0.5593869731800767,0.13793103448275856
SW48,Capivasertib,239,0.6820083682008368,0.5585774058577406,0.12343096234309614
SW48,Capmatinib,168,0.9107142857142857,0.7172619047619048,0.19345238095238093
SW48,Celecoxib,261,0.6494252873563219,0.5421455938697318,0.10727969348659006
SW48,DT-061,166,0.7560240963855421,0.5753012048192772,0.18072289156626498
SW48,DTP3,213,0.7676056338028169,0.6713615023474179,0.096244131455399
SW48,Dabrafenib,300,0.865,0.5033333333333334,0.3616666666666666
SW48,ERK5-IN-2,300,0.94,0.7383333333333333,0.20166666666666666
SW48,ETC-206,300,0.6816666666666666,0.525,0.15666666666666662
SW48,EX229,300,0.9466666666666667,0.8733333333333333,0.07333333333333336
SW48,Elimusertib hydrochloride,126,0.9246031746031746,0.8531746031746031,0.07142857142857151
SW48,Encorafenib,300,0.8733333333333333,0.6,0.2733333333333333
SW48,Erdafitinib ,300,0.7666666666666667,0.5633333333333334,0.20333333333333337
SW48,Everolimus,300,0.7566666666666667,0.53,0.22666666666666668
SW48,Futibatinib,187,0.7967914438502673,0.6550802139037433,0.14171122994652408
SW48,GSK1059615,300,0.9583333333333334,0.6733333333333333,0.28500000000000003
SW48,Gemcitabine,300,0.715,0.5116666666666667,0.20333333333333325
SW48,HI-TOPK-032,163,0.8895705521472392,0.6073619631901841,0.28220858895705514
SW48,Hydroxyfasudil,176,0.6306818181818182,0.5198863636363636,0.11079545454545459
SW48,IQ 1,231,0.8138528138528138,0.6320346320346321,0.18181818181818177
SW48,Infigratinib,271,0.8136531365313653,0.5461254612546126,0.2675276752767527
SW48,Ipatasertib,300,0.9416666666666667,0.835,0.10666666666666669
SW48,Irinotecan,300,0.81,0.5016666666666667,0.30833333333333335
SW48,Ixazomib,251,0.8207171314741036,0.5796812749003983,0.2410358565737053
SW48,LB-100,300,0.6966666666666667,0.5283333333333333,0.16833333333333333
SW48,LJI308,292,0.684931506849315,0.5376712328767124,0.14726027397260266
SW48,LY2090314,300,0.7183333333333334,0.565,0.15333333333333343
SW48,Lapatinib ditosylate,300,0.6966666666666667,0.55,0.1466666666666666
SW48,MK-3903,265,0.8584905660377359,0.6396226415094339,0.21886792452830195
SW48,MK-8353,300,0.65,0.525,0.125
SW48,ML264,300,0.835,0.5266666666666666,0.30833333333333335
SW48,Methylprednisolone succinate,255,0.6980392156862745,0.5647058823529412,0.1333333333333333
SW48,Minodronic acid,300,0.715,0.5,0.21499999999999997
SW48,NG25,161,0.9658385093167702,0.9316770186335404,0.03416149068322982
SW48,NVP-BHG712,300,0.7733333333333333,0.5783333333333334,0.19499999999999995
SW48,OTS514,141,0.7375886524822695,0.6347517730496454,0.1028368794326241
SW48,Oleic acid,292,0.7106164383561644,0.5051369863013698,0.20547945205479456
SW48,Oxaliplatin,300,0.74,0.5233333333333333,0.21666666666666667
SW48,PF-06260933,223,0.8901345291479821,0.8430493273542601,0.047085201793722
SW48,PH-797804,266,0.9887218045112782,0.9642857142857143,0.024436090225563922
SW48,Paclitaxel,300,0.8383333333333334,0.51,0.32833333333333337
SW48,Pemigatinib,267,0.6704119850187266,0.5711610486891385,0.09925093632958804
SW48,Pimitespib,190,0.6789473684210526,0.5078947368421053,0.17105263157894735
SW48,Pralsetinib,254,0.7716535433070866,0.5492125984251969,0.2224409448818897
SW48,RMC-6236,300,0.945,0.8416666666666667,0.10333333333333328
SW48,Ralimetinib dimesylate,300,0.8616666666666667,0.565,0.29666666666666675
SW48,Regorafenib,300,0.8033333333333333,0.6483333333333333,0.15500000000000003
SW48,SBI-0640756,233,0.7167381974248928,0.5,0.21673819742489275
SW48,Sapanisertib,300,0.875,0.5133333333333333,0.3616666666666667
SW48,Sonidegib,134,0.7014925373134329,0.5597014925373134,0.14179104477611948
SW48,TAK-733,300,0.945,0.8733333333333333,0.07166666666666666
SW48,TAK-901,300,0.9966666666666667,0.985,0.011666666666666714
SW48,Temuterkib,300,0.8666666666666667,0.5033333333333334,0.3633333333333333
SW48,Tomivosertib,300,0.7483333333333333,0.595,0.15333333333333332
SW48,Torkinib,165,0.7242424242424242,0.5515151515151515,0.17272727272727273
SW48,Trametinib,300,0.98,0.8966666666666667,0.08333333333333326
SW48,Tubulin inhibitor 6,264,0.7083333333333334,0.5340909090909091,0.1742424242424243
SW48,Tucatinib,300,0.7183333333333334,0.515,0.20333333333333337
SW48,ULK-101,201,0.7437810945273632,0.5447761194029851,0.1990049751243781
SW48,Vemurafenib,300,0.7766666666666666,0.5633333333333334,0.21333333333333326
SW48,Volasertib,300,0.6666666666666666,0.5033333333333334,0.16333333333333322
SW48,XRK3F2,300,0.8283333333333334,0.605,0.22333333333333338
SW48,c-Kit-IN-1,300,0.9483333333333334,0.885,0.06333333333333335
SW48,olaparib,300,0.7266666666666667,0.5083333333333333,0.21833333333333338
SW48,palbociclib,300,0.875,0.6883333333333334,0.18666666666666665
SW48,venetoclax,300,0.975,0.9216666666666666,0.053333333333333344
SW48,vincristine,205,0.7829268292682927,0.5609756097560976,0.2219512195121951
SW480,4EGI-1,300,0.785,0.5316666666666667,0.2533333333333333
SW480,9-ING-41,300,0.795,0.54,0.255
SW480,APTO-253,300,0.72,0.5349999999999999,0.18500000000000005
SW480,AT7519,300,0.6166666666666667,0.54,0.07666666666666666
SW480,AZD-7648,300,0.93,0.57,0.3600000000000001
SW480,AZD-8055,300,0.9233333333333333,0.5333333333333333,0.39
SW480,AZD1390,300,0.7316666666666667,0.5066666666666667,0.22499999999999998
SW480,AZD2858,300,0.64,0.5766666666666667,0.06333333333333335
SW480,Abemaciclib,300,0.89,0.56,0.32999999999999996
SW480,Adagrasib,300,0.5916666666666667,0.515,0.07666666666666666
SW480,Afatinib,300,0.9483333333333334,0.5433333333333333,0.405
SW480,Alpelisib,300,0.9266666666666666,0.515,0.4116666666666666
SW480,Anastrozole,300,0.6933333333333334,0.5333333333333333,0.16000000000000003
SW480,BAY1125976,300,0.905,0.5633333333333334,0.3416666666666667
SW480,BI-3406,300,0.9366666666666666,0.5266666666666666,0.41000000000000003
SW480,BI-78D3,300,0.645,0.5266666666666666,0.1183333333333334
SW480,Belumosudil (mesylate),300,0.75,0.5533333333333333,0.19666666666666666
SW480,Belzutifan,300,0.8533333333333334,0.5516666666666667,0.30166666666666664
SW480,Bentamapimod,300,0.7016666666666667,0.5283333333333333,0.17333333333333334
SW480,Bimiralisib,300,0.9533333333333334,0.545,0.4083333333333333
SW480,Binimetinib,300,0.945,0.5566666666666666,0.3883333333333333
SW480,Bortezomib,300,0.9583333333333334,0.73,0.2283333333333334
SW480,Brivudine,300,0.955,0.5816666666666667,0.3733333333333333
SW480,CP21R7,300,0.6516666666666666,0.5766666666666667,0.07499999999999996
SW480,Capivasertib,300,0.6433333333333333,0.5416666666666666,0.10166666666666668
SW480,Capmatinib,300,0.8983333333333333,0.5383333333333333,0.36
SW480,Celecoxib,300,0.685,0.5516666666666667,0.1333333333333333
SW480,DT-061,300,0.8283333333333334,0.5333333333333333,0.29500000000000004
SW480,DTP3,300,0.7016666666666667,0.5516666666666667,0.1499999999999999
SW480,Dabrafenib,300,0.825,0.53,0.29499999999999993
SW480,ERK5-IN-2,300,0.8033333333333333,0.5516666666666667,0.2516666666666666
SW480,ETC-206,300,0.61,0.54,0.06999999999999995
SW480,EX229,300,0.9066666666666666,0.5349999999999999,0.3716666666666667
SW480,Elimusertib hydrochloride,300,0.9233333333333333,0.5266666666666666,0.3966666666666667
SW480,Encorafenib,300,0.9066666666666666,0.5516666666666666,0.355
SW480,Erdafitinib ,300,0.7466666666666667,0.5533333333333333,0.19333333333333336
SW480,Everolimus,300,0.65,0.5083333333333333,0.14166666666666672
SW480,Futibatinib,300,0.7716666666666666,0.5633333333333334,0.20833333333333326
SW480,GSK1059615,300,0.9316666666666666,0.51,0.42166666666666663
SW480,Gemcitabine,300,0.6883333333333334,0.5033333333333334,0.18499999999999994
SW480,HI-TOPK-032,300,0.8933333333333333,0.56,0.33333333333333326
SW480,Hydroxyfasudil,300,0.655,0.54,0.11499999999999999
SW480,IQ 1,300,0.8183333333333334,0.5916666666666667,0.22666666666666668
SW480,Infigratinib,300,0.7533333333333333,0.5016666666666667,0.2516666666666666
SW480,Ipatasertib,300,0.7433333333333333,0.5816666666666667,0.16166666666666663
SW480,Irinotecan,300,0.755,0.54,0.21499999999999997
SW480,Ixazomib,300,0.815,0.5733333333333334,0.24166666666666659
SW480,LB-100,300,0.63,0.5516666666666666,0.07833333333333337
SW480,LJI308,300,0.6566666666666666,0.5016666666666667,0.15499999999999992
SW480,LY-2584702 (tosylate salt),300,0.7583333333333333,0.5083333333333333,0.25
SW480,LY2090314,300,0.6683333333333333,0.5683333333333334,0.09999999999999998
SW480,Lapatinib ditosylate,300,0.64,0.54,0.09999999999999998
SW480,Lonafarnib,134,0.9552238805970149,0.6492537313432836,0.30597014925373134
SW480,MK-3903,300,0.8516666666666667,0.5533333333333333,0.29833333333333334
SW480,MK-8353,300,0.68,0.6,0.08000000000000007
SW480,ML264,300,0.7066666666666667,0.5733333333333334,0.1333333333333333
SW480,Methylprednisolone succinate,300,0.6833333333333333,0.5316666666666666,0.15166666666666673
SW480,Minodronic acid,300,0.7033333333333334,0.565,0.13833333333333342
SW480,NG25,300,0.9583333333333334,0.5483333333333333,0.41000000000000003
SW480,NVP-BHG712,300,0.71,0.5266666666666666,0.18333333333333335
SW480,OTS514,300,0.75,0.5066666666666666,0.2433333333333334
SW480,Oleic acid,300,0.6483333333333333,0.5833333333333333,0.06500000000000006
SW480,Oxaliplatin,300,0.6883333333333334,0.5166666666666667,0.17166666666666663
SW480,PF-06260933,300,0.9083333333333333,0.5666666666666667,0.3416666666666667
SW480,PH-797804,300,0.9433333333333334,0.755,0.18833333333333335
SW480,Paclitaxel,300,0.8916666666666667,0.5733333333333334,0.31833333333333336
SW480,Pemigatinib,300,0.68,0.5233333333333333,0.15666666666666673
SW480,Pimitespib,300,0.6433333333333333,0.5833333333333334,0.05999999999999994
SW480,Pralsetinib,300,0.7933333333333333,0.5433333333333333,0.25
SW480,RMC-6236,300,0.96,0.5449999999999999,0.41500000000000004
SW480,Ralimetinib dimesylate,300,0.7583333333333333,0.5316666666666666,0.22666666666666668
SW480,Regorafenib,300,0.8116666666666666,0.5533333333333333,0.2583333333333333
SW480,SBI-0640756,300,0.7216666666666667,0.5766666666666667,0.14500000000000002
SW480,Sapanisertib,300,0.8466666666666667,0.56,0.2866666666666666
SW480,Sonidegib,300,0.675,0.5266666666666666,0.14833333333333343
SW480,TAK-733,300,0.9333333333333333,0.5883333333333334,0.345
SW480,TAK-901,300,0.9916666666666667,0.9716666666666667,0.020000000000000018
SW480,Temuterkib,300,0.7483333333333333,0.5733333333333333,0.17500000000000004
SW480,Tomivosertib,300,0.7133333333333334,0.5183333333333333,0.19500000000000006
SW480,Torkinib,300,0.6866666666666666,0.5683333333333334,0.11833333333333329
SW480,Trametinib,300,0.96,0.56,0.3999999999999999
SW480,Tubulin inhibitor 6,300,0.6566666666666666,0.5633333333333334,0.09333333333333327
SW480,Tucatinib,300,0.69,0.545,0.1449999999999999
SW480,ULK-101,300,0.78,0.54,0.24
SW480,Vemurafenib,300,0.9233333333333333,0.52,0.4033333333333333
SW480,Volasertib,300,0.6333333333333333,0.5616666666666666,0.07166666666666666
SW480,XRK3F2,300,0.9283333333333333,0.5333333333333333,0.395
SW480,c-Kit-IN-1,300,0.885,0.5583333333333333,0.32666666666666666
SW480,olaparib,300,0.72,0.5833333333333333,0.13666666666666671
SW480,palbociclib,300,0.9033333333333333,0.575,0.32833333333333337
SW480,venetoclax,300,0.9266666666666666,0.525,0.4016666666666666
SW480,vincristine,300,0.8366666666666667,0.525,0.31166666666666665
hTERT-HPNE,4EGI-1,300,0.835,0.5383333333333333,0.29666666666666663
hTERT-HPNE,9-ING-41,300,0.785,0.5466666666666666,0.2383333333333334
hTERT-HPNE,APTO-253,300,0.6733333333333333,0.53,0.1433333333333333
hTERT-HPNE,AT7519,300,0.6866666666666666,0.56,0.1266666666666666
hTERT-HPNE,AZD-7648,300,0.8066666666666666,0.5016666666666667,0.30499999999999994
hTERT-HPNE,AZD-8055,300,0.8316666666666667,0.5533333333333333,0.2783333333333333
hTERT-HPNE,AZD1390,300,0.77,0.5066666666666666,0.2633333333333334
hTERT-HPNE,AZD2858,216,0.6944444444444444,0.5046296296296297,0.18981481481481477
hTERT-HPNE,Abemaciclib,300,0.8816666666666667,0.5783333333333334,0.30333333333333334
hTERT-HPNE,Adagrasib,242,0.5929752066115702,0.5020661157024794,0.09090909090909083
hTERT-HPNE,Afatinib,300,0.8816666666666667,0.5066666666666666,0.3750000000000001
hTERT-HPNE,Alpelisib,300,0.7983333333333333,0.5466666666666666,0.2516666666666667
hTERT-HPNE,Anastrozole,300,0.7016666666666667,0.5016666666666667,0.19999999999999996
hTERT-HPNE,BAY1125976,300,0.8933333333333333,0.5700000000000001,0.32333333333333325
hTERT-HPNE,BI-3406,300,0.8766666666666667,0.5183333333333333,0.3583333333333334
hTERT-HPNE,BI-78D3,300,0.71,0.5216666666666667,0.18833333333333324
hTERT-HPNE,Belumosudil (mesylate),300,0.8,0.5266666666666666,0.27333333333333343
hTERT-HPNE,Belzutifan,272,0.8382352941176471,0.5036764705882353,0.3345588235294118
hTERT-HPNE,Bentamapimod,300,0.8533333333333334,0.5333333333333333,0.32000000000000006
hTERT-HPNE,Bimiralisib,300,0.9266666666666666,0.5566666666666666,0.37
hTERT-HPNE,Binimetinib,300,0.8866666666666667,0.5016666666666667,0.385
hTERT-HPNE,Bortezomib,222,0.9617117117117117,0.7522522522522522,0.20945945945945943
hTERT-HPNE,Brivudine,300,0.97,0.7466666666666666,0.22333333333333338
hTERT-HPNE,CP21R7,300,0.715,0.5233333333333333,0.19166666666666665
hTERT-HPNE,Capivasertib,300,0.7566666666666667,0.5333333333333333,0.22333333333333338
hTERT-HPNE,Capmatinib,300,0.8016666666666666,0.5466666666666666,0.255
hTERT-HPNE,Celecoxib,300,0.6116666666666667,0.5083333333333333,0.10333333333333339
hTERT-HPNE,DT-061,300,0.7583333333333333,0.54,0.21833333333333327
hTERT-HPNE,DTP3,269,0.79182156133829,0.5,0.29182156133828996
hTERT-HPNE,Dabrafenib,300,0.875,0.5466666666666666,0.32833333333333337
hTERT-HPNE,ERK5-IN-2,300,0.8916666666666667,0.53,0.3616666666666667
hTERT-HPNE,ETC-206,300,0.71,0.5166666666666666,0.19333333333333336
hTERT-HPNE,EX229,300,0.9183333333333333,0.595,0.32333333333333336
hTERT-HPNE,Elimusertib hydrochloride,229,0.9148471615720524,0.5458515283842795,0.36899563318777284
hTERT-HPNE,Encorafenib,300,0.9,0.5283333333333333,0.3716666666666667
hTERT-HPNE,Erdafitinib ,300,0.7633333333333333,0.5383333333333333,0.22499999999999998
hTERT-HPNE,Everolimus,300,0.7133333333333334,0.5083333333333333,0.20500000000000007
hTERT-HPNE,Futibatinib,250,0.788,0.638,0.15000000000000002
hTERT-HPNE,GSK1059615,300,0.9066666666666666,0.5183333333333333,0.3883333333333333
hTERT-HPNE,Gemcitabine,300,0.7316666666666667,0.5266666666666666,0.20500000000000007
hTERT-HPNE,HI-TOPK-032,300,0.9233333333333333,0.6533333333333333,0.27
hTERT-HPNE,Hydroxyfasudil,260,0.6730769230769231,0.5019230769230769,0.1711538461538462
hTERT-HPNE,IQ 1,300,0.855,0.51,0.345
hTERT-HPNE,Infigratinib,300,0.8483333333333334,0.5416666666666666,0.30666666666666675
hTERT-HPNE,Ipatasertib,300,0.8683333333333333,0.5583333333333333,0.30999999999999994
hTERT-HPNE,Irinotecan,300,0.7833333333333333,0.5466666666666666,0.2366666666666667
hTERT-HPNE,Ixazomib,300,0.8866666666666667,0.5433333333333333,0.3433333333333334
hTERT-HPNE,LB-100,300,0.6616666666666666,0.5116666666666667,0.1499999999999999
hTERT-HPNE,LJI308,278,0.7571942446043165,0.5773381294964028,0.17985611510791366
hTERT-HPNE,LY2090314,300,0.7016666666666667,0.585,0.1166666666666667
hTERT-HPNE,Lapatinib ditosylate,300,0.7466666666666667,0.5266666666666666,0.22000000000000008
hTERT-HPNE,MK-3903,300,0.8033333333333333,0.51,0.29333333333333333
hTERT-HPNE,MK-8353,300,0.6966666666666667,0.5066666666666666,0.19000000000000006
hTERT-HPNE,ML264,300,0.775,0.5349999999999999,0.2400000000000001
hTERT-HPNE,Methylprednisolone succinate,300,0.6483333333333333,0.5066666666666666,0.14166666666666672
hTERT-HPNE,Minodronic acid,300,0.7633333333333333,0.555,0.20833333333333326
hTERT-HPNE,NG25,300,0.9366666666666666,0.6633333333333333,0.2733333333333333
hTERT-HPNE,NVP-BHG712,300,0.7916666666666666,0.505,0.2866666666666666
hTERT-HPNE,OTS514,207,0.8115942028985508,0.5531400966183575,0.2584541062801933
hTERT-HPNE,Oleic acid,300,0.7133333333333334,0.545,0.16833333333333333
hTERT-HPNE,Oxaliplatin,300,0.74,0.5633333333333334,0.17666666666666664
hTERT-HPNE,PF-06260933,300,0.8983333333333333,0.5633333333333334,0.33499999999999996
hTERT-HPNE,PH-797804,300,0.98,0.8966666666666667,0.08333333333333326
hTERT-HPNE,Paclitaxel,300,0.8316666666666667,0.505,0.32666666666666666
hTERT-HPNE,Pemigatinib,300,0.7266666666666667,0.5016666666666667,0.22499999999999998
hTERT-HPNE,Pimitespib,161,0.6894409937888198,0.5403726708074534,0.1490683229813664
hTERT-HPNE,Pralsetinib,300,0.8733333333333333,0.5516666666666666,0.32166666666666666
hTERT-HPNE,RMC-6236,300,0.9383333333333334,0.5083333333333333,0.43000000000000005
hTERT-HPNE,Ralimetinib dimesylate,300,0.825,0.51,0.31499999999999995
hTERT-HPNE,Regorafenib,300,0.8433333333333334,0.5933333333333333,0.2500000000000001
hTERT-HPNE,SBI-0640756,300,0.745,0.5433333333333333,0.20166666666666666
hTERT-HPNE,Sapanisertib,300,0.895,0.5566666666666666,0.3383333333333334
hTERT-HPNE,Sonidegib,127,0.8070866141732284,0.6653543307086615,0.1417322834645669
hTERT-HPNE,TAK-733,300,0.8916666666666667,0.525,0.3666666666666667
hTERT-HPNE,TAK-901,300,0.9883333333333333,0.965,0.023333333333333317
hTERT-HPNE,Temuterkib,300,0.765,0.5283333333333333,0.2366666666666667
hTERT-HPNE,Tomivosertib,300,0.7866666666666666,0.555,0.23166666666666658
hTERT-HPNE,Torkinib,204,0.7328431372549019,0.5245098039215687,0.20833333333333326
hTERT-HPNE,Trametinib,300,0.9333333333333333,0.51,0.42333333333333334
hTERT-HPNE,Tubulin inhibitor 6,300,0.6666666666666666,0.505,0.16166666666666663
hTERT-HPNE,Tucatinib,300,0.7616666666666667,0.5366666666666666,0.2250000000000001
hTERT-HPNE,ULK-101,222,0.7297297297297297,0.5045045045045045,0.22522522522522526
hTERT-HPNE,Vemurafenib,300,0.7566666666666667,0.5316666666666667,0.22499999999999998
hTERT-HPNE,Volasertib,300,0.705,0.5033333333333333,0.20166666666666666
hTERT-HPNE,XRK3F2,300,0.8166666666666667,0.5433333333333333,0.2733333333333333
hTERT-HPNE,c-Kit-IN-1,300,0.92,0.55,0.37
hTERT-HPNE,olaparib,300,0.79,0.515,0.275
hTERT-HPNE,palbociclib,300,0.8083333333333333,0.5383333333333333,0.27
hTERT-HPNE,venetoclax,300,0.9233333333333333,0.7216666666666667,0.20166666666666666
hTERT-HPNE,vincristine,117,0.7991452991452992,0.6410256410256411,0.1581196581196581
