subpop_variance_ratio,split_half_stability,response_diversity,isotropy_index,n_cells,pair,drug,seed,source,predictor,synth,score_disagreement
0.11233680632211875,0.9600595831871033,0.19077592608232163,0.8545130551119399,200,K562+A549,(+)-JQ1,0,real_blend,real_blend,real,1.0
0.029172051774991305,0.9822168588638306,0.12821304296946767,0.9818602782489405,200,K562+A549,(+)-JQ1,0,real_single,real_single,real,
0.1395417097848702,0.9571457386016846,0.23547849526967612,0.8123361335166411,200,K562+A549,(+)-JQ1,0,predicted,average_effect,cells,-0.5
0.1395417097848702,0.9656967937946319,0.22332958663552394,0.8123362933723026,200,K562+A549,(+)-JQ1,0,predicted,nearest_neighbor,cells,0.5
0.46396555995782873,0.9883332133293152,0.6373990702286689,0.637096770825069,200,K562+A549,(+)-JQ1,0,predicted,scgen,cells,0.5
0.008638623857415942,0.9736809015274048,0.06207000551021702,0.9975260449497096,200,K562+A549,(+)-JQ1,0,predicted,average_effect,gaussian,1.0
0.008638775211356451,0.9789691090583801,0.05933273376332182,0.9975258927365757,200,K562+A549,(+)-JQ1,0,predicted,nearest_neighbor,gaussian,1.0
0.007959214194069761,0.9779935359954834,0.05564508793873024,0.9980026889684095,200,K562+A549,(+)-JQ1,0,predicted,scgen,gaussian,1.0
0.11872805710870027,0.9527219653129577,0.2011318425811892,0.8420191912728701,200,K562+A549,(+)-JQ1,1,real_blend,real_blend,real,1.0
0.029172051774991305,0.983886432647705,0.12907920379929416,0.9818602782489405,200,K562+A549,(+)-JQ1,1,real_single,real_single,real,
0.15007586280124807,0.9655078887939453,0.2752056463109098,0.7948875436391025,200,K562+A549,(+)-JQ1,1,predicted,average_effect,cells,0.5
0.15007595442131053,0.9722979426383972,0.2596207013091767,0.7948874700763835,200,K562+A549,(+)-JQ1,1,predicted,nearest_neighbor,cells,0.5
0.4836628046970734,0.992335170507431,0.6842853336218646,0.6141158573256178,200,K562+A549,(+)-JQ1,1,predicted,scgen,cells,0.5
0.008948312449782813,0.9742015898227692,0.059752040941548845,0.9979524799698798,200,K562+A549,(+)-JQ1,1,predicted,average_effect,gaussian,1.0
0.008905238792635814,0.9793443739414215,0.05785208304114131,0.9979529982401508,200,K562+A549,(+)-JQ1,1,predicted,nearest_neighbor,gaussian,1.0
0.008434311974996502,0.9786233961582184,0.052890050024817725,0.9981046045501006,200,K562+A549,(+)-JQ1,1,predicted,scgen,gaussian,1.0
0.12068667627796677,0.9586505174636841,0.19833245869114424,0.8450293324877263,200,K562+A549,(+)-JQ1,2,real_blend,real_blend,real,1.0
0.029172051774991305,0.983024388551712,0.12430077728928246,0.9818602782489405,200,K562+A549,(+)-JQ1,2,real_single,real_single,real,
0.14201314819526262,0.9580209076404571,0.24682499805438218,0.8089566240200136,200,K562+A549,(+)-JQ1,2,predicted,average_effect,cells,-0.5
0.14201314819526262,0.9666091144084931,0.23464455228633951,0.8089566262384087,200,K562+A549,(+)-JQ1,2,predicted,nearest_neighbor,cells,0.5
0.47291142771505273,0.989172774553299,0.6695120755858615,0.6323489524803034,200,K562+A549,(+)-JQ1,2,predicted,scgen,cells,0.5
0.009127493915047245,0.9746284544467926,0.06313725465617659,0.9974243513581202,200,K562+A549,(+)-JQ1,2,predicted,average_effect,gaussian,1.0
0.009127234838806201,0.979593425989151,0.059263557972963565,0.9974245153824877,200,K562+A549,(+)-JQ1,2,predicted,nearest_neighbor,gaussian,1.0
0.00815282128956068,0.9789846897125244,0.05674087561478314,0.9977902131794941,200,K562+A549,(+)-JQ1,2,predicted,scgen,gaussian,1.0
0.11910521371817034,0.9614815950393677,0.22039830320408105,0.8493356511714247,200,K562+A549,(+)-JQ1,3,real_blend,real_blend,real,1.0
0.029172051774991305,0.9833470165729523,0.1282521703312295,0.9818602782489405,200,K562+A549,(+)-JQ1,3,real_single,real_single,real,
0.14283505998762516,0.961160409450531,0.2636832439850354,0.8051623257175721,200,K562+A549,(+)-JQ1,3,predicted,average_effect,cells,-0.5
0.14283504679819797,0.9687469124794006,0.2492835547269051,0.8051623773244387,200,K562+A549,(+)-JQ1,3,predicted,nearest_neighbor,cells,0.5
0.4867976303316661,0.9911110460758209,0.6755434520699035,0.6224156607245428,200,K562+A549,(+)-JQ1,3,predicted,scgen,cells,0.5
0.009005236560604129,0.973853588104248,0.0583215629562307,0.9975734456885548,200,K562+A549,(+)-JQ1,3,predicted,average_effect,gaussian,1.0
0.009005052695505012,0.979099440574646,0.05522589544063505,0.9975738582554932,200,K562+A549,(+)-JQ1,3,predicted,nearest_neighbor,gaussian,1.0
0.008394520837688766,0.9782658994197846,0.0517437229833293,0.9981269356195505,200,K562+A549,(+)-JQ1,3,predicted,scgen,gaussian,1.0
0.14087145317225824,0.9644315123558045,0.21811445479398905,0.8060696856292641,200,K562+A549,2-Methoxyestradiol (2-MeOE2),0,real_blend,real_blend,real,0.5
0.02583910711973584,0.9864446222782135,0.1295045690612301,0.9818163270258862,200,K562+A549,2-Methoxyestradiol (2-MeOE2),0,real_single,real_single,real,
0.1395417097848702,0.9627253711223602,0.2291634444759082,0.8123361950045208,200,K562+A549,2-Methoxyestradiol (2-MeOE2),0,predicted,average_effect,cells,0.5
0.1395417097848702,0.9637641847133637,0.2293322365141307,0.8123362050039157,200,K562+A549,2-Methoxyestradiol (2-MeOE2),0,predicted,nearest_neighbor,cells,0.5
0.46396555995782873,0.9900318562984467,0.5921874484461607,0.6370967480252346,200,K562+A549,2-Methoxyestradiol (2-MeOE2),0,predicted,scgen,cells,1.0
0.008638623857415942,0.9770785450935364,0.05993721729152646,0.9975260413987611,200,K562+A549,2-Methoxyestradiol (2-MeOE2),0,predicted,average_effect,gaussian,0.5
0.008638861110945036,0.9776663482189178,0.06001329893808072,0.9975259095463282,200,K562+A549,2-Methoxyestradiol (2-MeOE2),0,predicted,nearest_neighbor,gaussian,1.0
0.007959214194069761,0.9812317669391633,0.05434153268103781,0.9980027003557711,200,K562+A549,2-Methoxyestradiol (2-MeOE2),0,predicted,scgen,gaussian,1.0
0.14127328332297268,0.9530223846435547,0.21452528007087213,0.808570917448395,200,K562+A549,2-Methoxyestradiol (2-MeOE2),1,real_blend,real_blend,real,0.5
0.02583910711973584,0.9863037228584289,0.1240648409754549,0.9818163270258862,200,K562+A549,2-Methoxyestradiol (2-MeOE2),1,real_single,real_single,real,
0.15007595442131053,0.9699755311012268,0.2653155965833285,0.7948875137084873,200,K562+A549,2-Methoxyestradiol (2-MeOE2),1,predicted,average_effect,cells,0.5
0.15007586280124807,0.9707812786102294,0.2665803503837938,0.7948875923783334,200,K562+A549,2-Methoxyestradiol (2-MeOE2),1,predicted,nearest_neighbor,cells,0.5
0.4836628157749931,0.9933999657630921,0.6358339252386476,0.6141159115650596,200,K562+A549,2-Methoxyestradiol (2-MeOE2),1,predicted,scgen,cells,1.0
0.008948312449782813,0.9776163339614868,0.058379425344493696,0.9979524752264393,200,K562+A549,2-Methoxyestradiol (2-MeOE2),1,predicted,average_effect,gaussian,0.5
0.008905238792635814,0.9782136917114258,0.05804241630735085,0.99795300323901,200,K562+A549,2-Methoxyestradiol (2-MeOE2),1,predicted,nearest_neighbor,gaussian,1.0
0.008434285107541824,0.9817537486553192,0.051859861090932546,0.9981045977628893,200,K562+A549,2-Methoxyestradiol (2-MeOE2),1,predicted,scgen,gaussian,1.0
0.13191773061518353,0.9628421545028687,0.2256883928988851,0.8176741669419456,200,K562+A549,2-Methoxyestradiol (2-MeOE2),2,real_blend,real_blend,real,0.5
0.02583910711973584,0.9849886417388916,0.13321241458957478,0.9818163270258862,200,K562+A549,2-Methoxyestradiol (2-MeOE2),2,real_single,real_single,real,
0.14201314819526262,0.9637120187282562,0.2383591071168235,0.8089566028686895,200,K562+A549,2-Methoxyestradiol (2-MeOE2),2,predicted,average_effect,cells,0.5
0.14201314819526262,0.9647392570972443,0.23958584939003347,0.808956611914257,200,K562+A549,2-Methoxyestradiol (2-MeOE2),2,predicted,nearest_neighbor,cells,0.5
0.4729114764007391,0.9907743692398071,0.6215373158304726,0.6323490257892466,200,K562+A549,2-Methoxyestradiol (2-MeOE2),2,predicted,scgen,cells,-0.5
0.009127450727192775,0.9780077517032624,0.06262885566767495,0.997424364769925,200,K562+A549,2-Methoxyestradiol (2-MeOE2),2,predicted,average_effect,gaussian,0.5
0.009127234838806201,0.9786098003387451,0.062104807625105396,0.9974245165127182,200,K562+A549,2-Methoxyestradiol (2-MeOE2),2,predicted,nearest_neighbor,gaussian,1.0
0.00815282128956068,0.982083135843277,0.055316530698861666,0.9977902041451089,200,K562+A549,2-Methoxyestradiol (2-MeOE2),2,predicted,scgen,gaussian,1.0
0.13292290515494004,0.9660992383956909,0.21153887035395458,0.8180769743669563,200,K562+A549,2-Methoxyestradiol (2-MeOE2),3,real_blend,real_blend,real,0.5
0.02583910711973584,0.9858281970024109,0.11768202237676773,0.9818163270258862,200,K562+A549,2-Methoxyestradiol (2-MeOE2),3,real_single,real_single,real,
0.1428349695434991,0.9662840366363525,0.25469648974435377,0.8051623033883719,200,K562+A549,2-Methoxyestradiol (2-MeOE2),3,predicted,average_effect,cells,0.5
0.1428349695434991,0.9671692967414856,0.254009491274499,0.8051623806708154,200,K562+A549,2-Methoxyestradiol (2-MeOE2),3,predicted,nearest_neighbor,cells,0.5
0.48679758299378956,0.9923988103866577,0.6298064404667498,0.6224156603594752,200,K562+A549,2-Methoxyestradiol (2-MeOE2),3,predicted,scgen,cells,0.5
0.009005150981940475,0.9772787392139435,0.05705149249132946,0.9975734504963212,200,K562+A549,2-Methoxyestradiol (2-MeOE2),3,predicted,average_effect,gaussian,0.5
0.009005052695505012,0.9778704583644867,0.05660362769016747,0.9975738599174997,200,K562+A549,2-Methoxyestradiol (2-MeOE2),3,predicted,nearest_neighbor,gaussian,1.0
0.008394467533051807,0.9814591109752655,0.04972270321201211,0.9981269423873275,200,K562+A549,2-Methoxyestradiol (2-MeOE2),3,predicted,scgen,gaussian,1.0
0.13552812623105137,0.9646109521389008,0.2380352885215451,0.8172580922149439,200,K562+A549,A-366,0,real_blend,real_blend,real,0.5
0.03055226431825628,0.985432243347168,0.13676433472743998,0.9795478109637289,200,K562+A549,A-366,0,real_single,real_single,real,
0.1395417097848702,0.9637307345867157,0.2307358535803341,0.8123362567310365,200,K562+A549,A-366,0,predicted,average_effect,cells,0.5
0.1395417097848702,0.9642968297004699,0.2297216800222508,0.8123361886321172,200,K562+A549,A-366,0,predicted,nearest_neighbor,cells,0.5
0.46396556575517534,0.9903486788272857,0.5915981301660757,0.6370967022584729,200,K562+A549,A-366,0,predicted,scgen,cells,1.0
0.008638667178549176,0.9776863753795624,0.05969681435119145,0.9975260560611308,200,K562+A549,A-366,0,predicted,average_effect,gaussian,0.5
0.008638861110945036,0.9780219554901123,0.05951965178541452,0.9975259062517335,200,K562+A549,A-366,0,predicted,nearest_neighbor,gaussian,1.0
0.007959187526640762,0.9817125856876373,0.053771240791738006,0.9980026958036328,200,K562+A549,A-366,0,predicted,scgen,gaussian,1.0
0.1396666486850657,0.9599575579166413,0.23952603272177242,0.8083750266964587,200,K562+A549,A-366,1,real_blend,real_blend,real,0.5
0.03055226431825628,0.9840329468250275,0.14196409404286858,0.9795478109637289,200,K562+A549,A-366,1,real_single,real_single,real,
0.15007586280124807,0.9707429468631744,0.26749340009233236,0.7948875307045129,200,K562+A549,A-366,1,predicted,average_effect,cells,0.5
0.15007586280124807,0.9711477220058441,0.265394845944688,0.7948874643054085,200,K562+A549,A-366,1,predicted,nearest_neighbor,cells,0.5
0.48366276038539463,0.9935770273208618,0.632780525248805,0.6141159589882776,200,K562+A549,A-366,1,predicted,scgen,cells,1.0
0.008948398833505757,0.9782353043556213,0.05727065243409668,0.997952484667213,200,K562+A549,A-366,1,predicted,average_effect,gaussian,0.5
0.008905238792635814,0.9785492062568665,0.05739271951272473,0.9979530103559593,200,K562+A549,A-366,1,predicted,nearest_neighbor,gaussian,1.0
0.008434231372632467,0.9822373509407043,0.05150705929443433,0.9981045971673426,200,K562+A549,A-366,1,predicted,scgen,gaussian,1.0
0.13504770368020222,0.963187450170517,0.21908788809312474,0.8154256248135637,200,K562+A549,A-366,2,real_blend,real_blend,real,0.5
0.03055226431825628,0.9847653865814209,0.13196804562688214,0.9795478109637289,200,K562+A549,A-366,2,real_single,real_single,real,
0.14201314819526262,0.9647019982337952,0.2406014625176729,0.8089566592170508,200,K562+A549,A-366,2,predicted,average_effect,cells,0.5
0.14201314819526262,0.965175461769104,0.2384181463851459,0.808956585437534,200,K562+A549,A-366,2,predicted,nearest_neighbor,cells,0.5
0.47291142771505273,0.99107546210289,0.6205304259307579,0.6323490621035104,200,K562+A549,A-366,2,predicted,scgen,cells,-0.5
0.009127450727192775,0.9785732567310333,0.06264551125242257,0.9974243589648774,200,K562+A549,A-366,2,predicted,average_effect,gaussian,0.5
0.009127234838806201,0.9788784563541413,0.062271423555083305,0.997424528193919,200,K562+A549,A-366,2,predicted,nearest_neighbor,gaussian,1.0
0.00815287456204689,0.982542234659195,0.0548917681518325,0.9977902187042937,200,K562+A549,A-366,2,predicted,scgen,gaussian,1.0
0.13623190197522517,0.9660759150981904,0.23507925652107287,0.8158072827676129,200,K562+A549,A-366,3,real_blend,real_blend,real,0.5
0.03055226431825628,0.9845780789852142,0.1305080801151739,0.9795478109637289,200,K562+A549,A-366,3,real_single,real_single,real,
0.14283504679819797,0.9671915829181671,0.25521338022318774,0.8051623216178853,200,K562+A549,A-366,3,predicted,average_effect,cells,0.5
0.1428349695434991,0.9676058292388916,0.2537914381098324,0.8051623529850536,200,K562+A549,A-366,3,predicted,nearest_neighbor,cells,0.5
0.4867976303316661,0.9926473259925842,0.6273044283676937,0.6224156362408838,200,K562+A549,A-366,3,predicted,scgen,cells,-0.5
0.009005236560604129,0.9778700172901154,0.056819367563393564,0.9975734442197449,200,K562+A549,A-366,3,predicted,average_effect,gaussian,0.5
0.009005052695505012,0.9782046914100647,0.056723311381287056,0.997573865259827,200,K562+A549,A-366,3,predicted,nearest_neighbor,gaussian,1.0
0.008394520837688766,0.9819312274456025,0.04943024484095826,0.9981269452097835,200,K562+A549,A-366,3,predicted,scgen,gaussian,1.0
0.13666285805082629,0.9649309933185577,0.24695921153922096,0.8097569845292694,200,K562+A549,ABT-737,0,real_blend,real_blend,real,0.5
0.02931252552462208,0.9861747086048126,0.13198958562259078,0.9808807326505926,200,K562+A549,ABT-737,0,real_single,real_single,real,
0.1395417097848702,0.9651396095752716,0.23030484854594246,0.8123362239235592,200,K562+A549,ABT-737,0,predicted,average_effect,cells,0.5
0.13954165513568956,0.9655000388622283,0.22649493878925608,0.8123361390390985,200,K562+A549,ABT-737,0,predicted,nearest_neighbor,cells,0.5
0.46396555995782873,0.9907252669334412,0.5797133049050892,0.6370966862184084,200,K562+A549,ABT-737,0,predicted,scgen,cells,1.0
0.008638667178549176,0.9785350263118744,0.059385524538759005,0.9975260483709173,200,K562+A549,ABT-737,0,predicted,average_effect,gaussian,0.5
0.008638775211356451,0.9787682890892029,0.05934416475418802,0.9975259115041251,200,K562+A549,ABT-737,0,predicted,nearest_neighbor,gaussian,1.0
0.007959214194069761,0.9823988437652588,0.05317367598247558,0.9980027042206724,200,K562+A549,ABT-737,0,predicted,scgen,gaussian,1.0
0.1442812397529858,0.9610954701900483,0.24604146769858193,0.8009870048763233,200,K562+A549,ABT-737,1,real_blend,real_blend,real,0.5
0.02931252552462208,0.9868616580963134,0.13789141399348204,0.9808807326505926,200,K562+A549,ABT-737,1,real_single,real_single,real,
0.15007586280124807,0.9718021392822266,0.2645182027219265,0.7948875151579377,200,K562+A549,ABT-737,1,predicted,average_effect,cells,0.5
0.15007586280124807,0.9721065104007721,0.26191565233128156,0.7948875934411403,200,K562+A549,ABT-737,1,predicted,nearest_neighbor,cells,0.5
0.4836628157749931,0.9938082933425904,0.6184618324540871,0.6141158880783019,200,K562+A549,ABT-737,1,predicted,scgen,cells,1.0
0.008948312449782813,0.9790411651134491,0.057557913708119246,0.9979524717785897,200,K562+A549,ABT-737,1,predicted,average_effect,gaussian,0.5
0.008905238792635814,0.9792398154735565,0.056912498002531176,0.9979530154635372,200,K562+A549,ABT-737,1,predicted,nearest_neighbor,gaussian,1.0
0.008434258240087145,0.982906174659729,0.05087128182955958,0.9981045978609759,200,K562+A549,ABT-737,1,predicted,scgen,gaussian,1.0
0.13831985103612843,0.9647269785404206,0.23711758621420398,0.8057445966917363,200,K562+A549,ABT-737,2,real_blend,real_blend,real,0.5
0.02931252552462208,0.9857493340969086,0.13368516978731482,0.9808807326505926,200,K562+A549,ABT-737,2,real_single,real_single,real,
0.14201314819526262,0.9660974562168121,0.23844323859111238,0.8089566529568883,200,K562+A549,ABT-737,2,predicted,average_effect,cells,0.5
0.14201314819526262,0.9664453744888306,0.23552454608016737,0.8089565955246555,200,K562+A549,ABT-737,2,predicted,nearest_neighbor,cells,0.5
0.4729114764007391,0.9914239168167114,0.6097737227958693,0.6323490232770724,200,K562+A549,ABT-737,2,predicted,scgen,cells,0.5
0.009127493915047245,0.9793786764144897,0.06222678368889656,0.9974243548708119,200,K562+A549,ABT-737,2,predicted,average_effect,gaussian,0.5
0.009127234838806201,0.9796199679374695,0.06204163471136115,0.9974245207843472,200,K562+A549,ABT-737,2,predicted,nearest_neighbor,gaussian,1.0
0.00815282128956068,0.983199805021286,0.054171878098969284,0.9977902183038767,200,K562+A549,ABT-737,2,predicted,scgen,gaussian,1.0
0.14652525404842076,0.9693323791027069,0.25428417192298736,0.7905365060154836,200,K562+A549,ABT-737,3,real_blend,real_blend,real,0.5
0.02931252552462208,0.9860651969909668,0.1320869072850973,0.9808807326505926,200,K562+A549,ABT-737,3,real_single,real_single,real,
0.1428349695434991,0.9683936536312103,0.25310345352921804,0.8051622986194238,200,K562+A549,ABT-737,3,predicted,average_effect,cells,0.5
0.1428349695434991,0.9686815500259399,0.2505294106884808,0.8051623334856579,200,K562+A549,ABT-737,3,predicted,nearest_neighbor,cells,0.5
0.4867975945238115,0.9929154813289642,0.6161965439918886,0.6224156439551491,200,K562+A549,ABT-737,3,predicted,scgen,cells,0.5
0.009005150981940475,0.9787318348884583,0.05635434962845243,0.9975734469975563,200,K562+A549,ABT-737,3,predicted,average_effect,gaussian,0.5
0.009005052695505012,0.9789521992206573,0.055721609096212044,0.9975738653541896,200,K562+A549,ABT-737,3,predicted,nearest_neighbor,gaussian,1.0
0.008394520837688766,0.982621693611145,0.048670576604112115,0.9981269373910361,200,K562+A549,ABT-737,3,predicted,scgen,gaussian,1.0
0.13175267368078647,0.9652497351169587,0.2548572986815716,0.8111321043093989,200,K562+A549,AC480 (BMS-599626),0,real_blend,real_blend,real,0.5
0.02838776234616276,0.9851915955543518,0.12940770239700072,0.9806287109677914,200,K562+A549,AC480 (BMS-599626),0,real_single,real_single,real,
0.13954165513568956,0.9643144905567169,0.23010794596497464,0.8123362183674302,200,K562+A549,AC480 (BMS-599626),0,predicted,average_effect,cells,0.5
0.1395417097848702,0.9641902565956115,0.22976240516047208,0.8123361734562746,200,K562+A549,AC480 (BMS-599626),0,predicted,nearest_neighbor,cells,0.5
0.46396555995782873,0.9905003070831299,0.5856975552217186,0.6370968188420534,200,K562+A549,AC480 (BMS-599626),0,predicted,scgen,cells,1.0
0.008638623857415942,0.978015124797821,0.060042410274294356,0.9975260528974356,200,K562+A549,AC480 (BMS-599626),0,predicted,average_effect,gaussian,0.5
0.008638775211356451,0.9779546320438385,0.059702368674606765,0.9975258939352827,200,K562+A549,AC480 (BMS-599626),0,predicted,nearest_neighbor,gaussian,1.0
0.007959214194069761,0.9819788575172425,0.05333643917787123,0.9980027073186178,200,K562+A549,AC480 (BMS-599626),0,predicted,scgen,gaussian,1.0
0.13243621798532035,0.963681823015213,0.2582315024498414,0.8163743643594378,200,K562+A549,AC480 (BMS-599626),1,real_blend,real_blend,real,0.5
0.02838776234616276,0.9846635937690735,0.12631198538921884,0.9806287109677914,200,K562+A549,AC480 (BMS-599626),1,real_single,real_single,real,
0.15007595442131053,0.9711381614208221,0.26618641234330553,0.7948874889315203,200,K562+A549,AC480 (BMS-599626),1,predicted,average_effect,cells,0.5
0.15007595442131053,0.9710826575756073,0.26606593671738044,0.7948875854062425,200,K562+A549,AC480 (BMS-599626),1,predicted,nearest_neighbor,cells,0.5
0.4836628046970734,0.9936619997024536,0.6284261044929739,0.6141158552494681,200,K562+A549,AC480 (BMS-599626),1,predicted,scgen,cells,1.0
0.008948268867933573,0.978585010766983,0.05758286934607737,0.9979524750355001,200,K562+A549,AC480 (BMS-599626),1,predicted,average_effect,gaussian,0.5
0.008905238792635814,0.9785370290279388,0.05747406929905807,0.9979530099415798,200,K562+A549,AC480 (BMS-599626),1,predicted,nearest_neighbor,gaussian,1.0
0.008434258240087145,0.9825032949447632,0.05159455283063086,0.9981046030425248,200,K562+A549,AC480 (BMS-599626),1,predicted,scgen,gaussian,1.0
0.13772755427948777,0.9662953615188599,0.23786774821591383,0.80823812157773,200,K562+A549,AC480 (BMS-599626),2,real_blend,real_blend,real,0.5
0.02838776234616276,0.9839821457862854,0.13132007884262442,0.9806287109677914,200,K562+A549,AC480 (BMS-599626),2,real_single,real_single,real,
0.14201314819526262,0.9652772843837738,0.23975502156171646,0.8089565513626203,200,K562+A549,AC480 (BMS-599626),2,predicted,average_effect,cells,0.5
0.14201314819526262,0.9651335179805756,0.23945704952082525,0.8089566340593307,200,K562+A549,AC480 (BMS-599626),2,predicted,nearest_neighbor,cells,0.5
0.47291152258433033,0.9912152409553527,0.6166831361748755,0.6323490833216535,200,K562+A549,AC480 (BMS-599626),2,predicted,scgen,cells,1.0
0.009127493915047245,0.978930139541626,0.06179342286390499,0.9974243537366775,200,K562+A549,AC480 (BMS-599626),2,predicted,average_effect,gaussian,0.5
0.009127234838806201,0.9788726508617401,0.06206998030714772,0.9974245193317719,200,K562+A549,AC480 (BMS-599626),2,predicted,nearest_neighbor,gaussian,1.0
0.00815282128956068,0.9828034162521362,0.05425898697196663,0.9977902203584235,200,K562+A549,AC480 (BMS-599626),2,predicted,scgen,gaussian,1.0
0.1359795490580455,0.9669581413269043,0.23998625832723786,0.8047898761683434,200,K562+A549,AC480 (BMS-599626),3,real_blend,real_blend,real,0.5
0.02838776234616276,0.9846396744251251,0.11749041175407582,0.9806287109677914,200,K562+A549,AC480 (BMS-599626),3,real_single,real_single,real,
0.14283495635407054,0.9676922738552094,0.2539432448119756,0.8051623416560082,200,K562+A549,AC480 (BMS-599626),3,predicted,average_effect,cells,0.5
0.1428349695434991,0.967565530538559,0.25496235943934886,0.8051623622833899,200,K562+A549,AC480 (BMS-599626),3,predicted,nearest_neighbor,cells,0.5
0.4867975945238115,0.9927635550498962,0.6234936453522152,0.6224156569042039,200,K562+A549,AC480 (BMS-599626),3,predicted,scgen,cells,-0.5
0.00900510780377909,0.9782013237476349,0.056466826651497715,0.9975734537703994,200,K562+A549,AC480 (BMS-599626),3,predicted,average_effect,gaussian,0.5
0.009005052695505012,0.9780993342399598,0.05645794275005456,0.9975738677258311,200,K562+A549,AC480 (BMS-599626),3,predicted,nearest_neighbor,gaussian,1.0
0.008394520837688766,0.9821996212005615,0.04926883136931337,0.9981269309927944,200,K562+A549,AC480 (BMS-599626),3,predicted,scgen,gaussian,1.0
0.1332738299077405,0.9637896299362183,0.22739103741243305,0.8223885164145227,200,K562+A549,AG-14361,0,real_blend,real_blend,real,0.5
0.029628939818841637,0.9865782022476196,0.13303208401302158,0.9809871711817141,200,K562+A549,AG-14361,0,real_single,real_single,real,
0.1395417097848702,0.9640031099319458,0.22791261113971117,0.8123362332004957,200,K562+A549,AG-14361,0,predicted,average_effect,cells,0.5
0.1395417097848702,0.9643181324005127,0.2294933074208405,0.8123361376723689,200,K562+A549,AG-14361,0,predicted,nearest_neighbor,cells,0.5
0.46396555995782873,0.990400207042694,0.5824822593855693,0.6370967991889525,200,K562+A549,AG-14361,0,predicted,scgen,cells,1.0
0.008638623857415942,0.9778770446777344,0.0595527629017949,0.9975260557792338,200,K562+A549,AG-14361,0,predicted,average_effect,gaussian,0.5
0.008638861110945036,0.978031986951828,0.05966354292698528,0.9975259069375901,200,K562+A549,AG-14361,0,predicted,nearest_neighbor,gaussian,1.0
0.007959214194069761,0.9818796217441559,0.05390279596812575,0.9980026880783074,200,K562+A549,AG-14361,0,predicted,scgen,gaussian,1.0
0.14532470042334206,0.9579902768135071,0.24240276071607747,0.8043379353390013,200,K562+A549,AG-14361,1,real_blend,real_blend,real,0.5
0.029628939818841637,0.9870548665523529,0.14190887467087265,0.9809871711817141,200,K562+A549,AG-14361,1,real_single,real_single,real,
0.15007586280124807,0.9710042774677277,0.26456996825927503,0.7948875805988738,200,K562+A549,AG-14361,1,predicted,average_effect,cells,0.5
0.15007595442131053,0.9712085008621216,0.26550777135278547,0.7948875607809194,200,K562+A549,AG-14361,1,predicted,nearest_neighbor,cells,0.5
0.4836628046970734,0.9936193406581879,0.6263685007551166,0.6141158598447229,200,K562+A549,AG-14361,1,predicted,scgen,cells,1.0
0.008948398833505757,0.978403627872467,0.057509340702269984,0.9979524628455091,200,K562+A549,AG-14361,1,predicted,average_effect,gaussian,0.5
0.008905238792635814,0.9785791993141174,0.057769086579032125,0.9979530144035832,200,K562+A549,AG-14361,1,predicted,nearest_neighbor,gaussian,1.0
0.008434231372632467,0.9823975265026093,0.05137150940405033,0.9981046062876167,200,K562+A549,AG-14361,1,predicted,scgen,gaussian,1.0
0.13902921163366658,0.9623428404331207,0.23858435902408215,0.8162974803704695,200,K562+A549,AG-14361,2,real_blend,real_blend,real,0.5
0.029628939818841637,0.9871054649353027,0.1315536873431017,0.9809871711817141,200,K562+A549,AG-14361,2,real_single,real_single,real,
0.14201314819526262,0.9649733364582062,0.23722945664430595,0.8089566088066147,200,K562+A549,AG-14361,2,predicted,average_effect,cells,0.5
0.14201314819526262,0.9652537643909455,0.23999253373921525,0.8089566660000955,200,K562+A549,AG-14361,2,predicted,nearest_neighbor,cells,0.5
0.4729114764007391,0.9911238253116608,0.6129561157109366,0.6323489855980158,200,K562+A549,AG-14361,2,predicted,scgen,cells,1.0
0.009127450727192775,0.9787448167800903,0.0625517571486145,0.9974243473393564,200,K562+A549,AG-14361,2,predicted,average_effect,gaussian,0.5
0.009127234838806201,0.9789311170578003,0.06175036481089813,0.9974245269290569,200,K562+A549,AG-14361,2,predicted,nearest_neighbor,gaussian,1.0
0.00815282128956068,0.9827080130577087,0.05448748509906998,0.9977902160700105,200,K562+A549,AG-14361,2,predicted,scgen,gaussian,1.0
0.1471611352680494,0.9670466840267181,0.2388645653547814,0.8073045343606965,200,K562+A549,AG-14361,3,real_blend,real_blend,real,0.5
0.029628939818841637,0.9868955373764038,0.14721712354906202,0.9809871711817141,200,K562+A549,AG-14361,3,real_single,real_single,real,
0.1428349695434991,0.9674205780029297,0.25350800685432595,0.8051624270401544,200,K562+A549,AG-14361,3,predicted,average_effect,cells,0.5
0.1428349695434991,0.9676990687847138,0.2541219855418335,0.8051623063180008,200,K562+A549,AG-14361,3,predicted,nearest_neighbor,cells,0.5
0.4867976303316661,0.992676293849945,0.6210760078261812,0.6224156991559009,200,K562+A549,AG-14361,3,predicted,scgen,cells,-0.5
0.00900510780377909,0.9780174732208252,0.05660864055559456,0.9975734372151291,200,K562+A549,AG-14361,3,predicted,average_effect,gaussian,0.5
0.009005052695505012,0.9782145202159882,0.056600406222262256,0.9975738532100921,200,K562+A549,AG-14361,3,predicted,nearest_neighbor,gaussian,1.0
0.008394520837688766,0.9820984959602356,0.04907134379803013,0.9981269310688738,200,K562+A549,AG-14361,3,predicted,scgen,gaussian,1.0
0.1422031487952907,0.9665613830089569,0.25402524645837177,0.8052926941879167,200,K562+A549,AG-490 (Tyrphostin B42),0,real_blend,real_blend,real,0.5
0.03154673203802149,0.9863586902618409,0.1380519127798433,0.9792607775876216,200,K562+A549,AG-490 (Tyrphostin B42),0,real_single,real_single,real,
0.1395417097848702,0.9629191994667053,0.23008785039099744,0.8123362253659375,200,K562+A549,AG-490 (Tyrphostin B42),0,predicted,average_effect,cells,0.5
0.1395417097848702,0.9638409674167633,0.23042922024038703,0.8123361831834911,200,K562+A549,AG-490 (Tyrphostin B42),0,predicted,nearest_neighbor,cells,0.5
0.46396556575517534,0.9901018142700195,0.5927403930187736,0.6370967428241915,200,K562+A549,AG-490 (Tyrphostin B42),0,predicted,scgen,cells,0.5
0.008638710499682413,0.9772155344486236,0.06034402828033103,0.9975260701583852,200,K562+A549,AG-490 (Tyrphostin B42),0,predicted,average_effect,gaussian,0.5
0.008638775211356451,0.9777495563030243,0.05997979493079175,0.9975258994675945,200,K562+A549,AG-490 (Tyrphostin B42),0,predicted,nearest_neighbor,gaussian,1.0
0.007959214194069761,0.9813215672969818,0.05408677033783904,0.9980026901913991,200,K562+A549,AG-490 (Tyrphostin B42),0,predicted,scgen,gaussian,1.0
0.13527371646906486,0.9576711475849151,0.21612470311948828,0.8192625167500887,200,K562+A549,AG-490 (Tyrphostin B42),1,real_blend,real_blend,real,0.5
0.03154673203802149,0.9851938366889954,0.14169726713462405,0.9792607775876216,200,K562+A549,AG-490 (Tyrphostin B42),1,real_single,real_single,real,
0.15007587627599075,0.9701286852359772,0.2667858896316869,0.7948875276841887,200,K562+A549,AG-490 (Tyrphostin B42),1,predicted,average_effect,cells,0.5
0.15007586280124807,0.9708385348320008,0.26676214768811046,0.7948875318698875,200,K562+A549,AG-490 (Tyrphostin B42),1,predicted,nearest_neighbor,cells,0.5
0.48366285045660523,0.993429434299469,0.6364136760372967,0.614115873932135,200,K562+A549,AG-490 (Tyrphostin B42),1,predicted,scgen,cells,0.5
0.008948312449782813,0.9777538657188416,0.05776614677599112,0.997952475979853,200,K562+A549,AG-490 (Tyrphostin B42),1,predicted,average_effect,gaussian,0.5
0.008905238792635814,0.9782921195030212,0.05786741516685345,0.9979530085305893,200,K562+A549,AG-490 (Tyrphostin B42),1,predicted,nearest_neighbor,gaussian,1.0
0.008434231372632467,0.9818473696708679,0.05169544195999798,0.9981046084841249,200,K562+A549,AG-490 (Tyrphostin B42),1,predicted,scgen,gaussian,1.0
0.1398544339395536,0.9628921508789062,0.2556293451768098,0.8055646347585359,200,K562+A549,AG-490 (Tyrphostin B42),2,real_blend,real_blend,real,0.5
0.03154673203802149,0.9850519299507141,0.1438616343751573,0.9792607775876216,200,K562+A549,AG-490 (Tyrphostin B42),2,real_single,real_single,real,
0.14201314819526262,0.9639376878738404,0.23947991241943034,0.8089566525639381,200,K562+A549,AG-490 (Tyrphostin B42),2,predicted,average_effect,cells,0.5
0.14201309383242766,0.9648047506809234,0.23959414569172177,0.8089566170475445,200,K562+A549,AG-490 (Tyrphostin B42),2,predicted,nearest_neighbor,cells,0.5
0.4729114764007391,0.9908499479293823,0.6220805365884928,0.6323489688063736,200,K562+A549,AG-490 (Tyrphostin B42),2,predicted,scgen,cells,0.5
0.009127493915047245,0.978135633468628,0.06272482473045815,0.997424358184227,200,K562+A549,AG-490 (Tyrphostin B42),2,predicted,average_effect,gaussian,0.5
0.009127234838806201,0.9786404728889465,0.06233001367855595,0.9974245236250208,200,K562+A549,AG-490 (Tyrphostin B42),2,predicted,nearest_neighbor,gaussian,1.0
0.00815282128956068,0.982174688577652,0.054896973691489825,0.9977902179474518,200,K562+A549,AG-490 (Tyrphostin B42),2,predicted,scgen,gaussian,1.0
0.13299064247812992,0.9669557809829712,0.24553873078999833,0.8173289730948093,200,K562+A549,AG-490 (Tyrphostin B42),3,real_blend,real_blend,real,0.5
0.03154673203802149,0.9852845847606659,0.13456667258159238,0.9792607775876216,200,K562+A549,AG-490 (Tyrphostin B42),3,real_single,real_single,real,
0.14283505998762516,0.9664542078971863,0.25549378473128537,0.8051622324493164,200,K562+A549,AG-490 (Tyrphostin B42),3,predicted,average_effect,cells,0.5
0.14283504679819797,0.9672641038894654,0.2543836239988073,0.8051622803790924,200,K562+A549,AG-490 (Tyrphostin B42),3,predicted,nearest_neighbor,cells,0.5
0.4867976303316661,0.9924467384815217,0.631078028695565,0.6224156347061623,200,K562+A549,AG-490 (Tyrphostin B42),3,predicted,scgen,cells,0.5
0.009005193382446472,0.9774008095264435,0.05716562177986417,0.9975734456848423,200,K562+A549,AG-490 (Tyrphostin B42),3,predicted,average_effect,gaussian,0.5
0.009005052695505012,0.9779290318489074,0.05685583005406558,0.9975738608735768,200,K562+A549,AG-490 (Tyrphostin B42),3,predicted,nearest_neighbor,gaussian,1.0
0.008394626552017644,0.9815504431724549,0.04939216540915303,0.9981269396821305,200,K562+A549,AG-490 (Tyrphostin B42),3,predicted,scgen,gaussian,1.0
0.1497613298729603,0.9689275920391083,0.25435913498038865,0.7908240296909131,200,K562+A549,AICAR (Acadesine),0,real_blend,real_blend,real,0.5
0.03246457687363414,0.9856993973255157,0.13533162228353623,0.979465912635233,200,K562+A549,AICAR (Acadesine),0,real_single,real_single,real,
0.13954165513568956,0.9644909024238586,0.22787434093785286,0.8123362408917231,200,K562+A549,AICAR (Acadesine),0,predicted,average_effect,cells,0.5
0.1395417097848702,0.9647510468959808,0.22858530414962297,0.8123361583929374,200,K562+A549,AICAR (Acadesine),0,predicted,nearest_neighbor,cells,0.5
0.46396555995782873,0.99051274061203,0.5808734359395632,0.6370967096086552,200,K562+A549,AICAR (Acadesine),0,predicted,scgen,cells,1.0
0.008638667178549176,0.9781473100185394,0.059704636700567026,0.9975260474427402,200,K562+A549,AICAR (Acadesine),0,predicted,average_effect,gaussian,1.0
0.008638861110945036,0.9783031404018402,0.05964144529111626,0.9975259116654105,200,K562+A549,AICAR (Acadesine),0,predicted,nearest_neighbor,gaussian,1.0
0.007959214194069761,0.98206045627594,0.053478836173522004,0.9980026891469355,200,K562+A549,AICAR (Acadesine),0,predicted,scgen,gaussian,1.0
0.1480149955516929,0.9566145896911621,0.2308054807721971,0.7985226866879356,200,K562+A549,AICAR (Acadesine),1,real_blend,real_blend,real,0.5
0.03246457687363414,0.9844899773597717,0.13443330573384704,0.979465912635233,200,K562+A549,AICAR (Acadesine),1,real_single,real_single,real,
0.15007595442131053,0.9713071167469025,0.263947182259046,0.7948874749061504,200,K562+A549,AICAR (Acadesine),1,predicted,average_effect,cells,0.5
0.15007586280124807,0.9715163111686707,0.264453950052737,0.7948874956372224,200,K562+A549,AICAR (Acadesine),1,predicted,nearest_neighbor,cells,0.5
0.4836628046970734,0.9936805903911591,0.6240946303654582,0.6141158261645918,200,K562+A549,AICAR (Acadesine),1,predicted,scgen,cells,1.0
0.008948398833505757,0.97868572473526,0.05750956170464583,0.9979524686789797,200,K562+A549,AICAR (Acadesine),1,predicted,average_effect,gaussian,0.5
0.008905238792635814,0.9788206875324249,0.057758162599590546,0.9979530058008863,200,K562+A549,AICAR (Acadesine),1,predicted,nearest_neighbor,gaussian,1.0
0.008434231372632467,0.9825777471065521,0.051208563918244465,0.9981046106620722,200,K562+A549,AICAR (Acadesine),1,predicted,scgen,gaussian,1.0
0.1453538471836429,0.9664858222007752,0.25640420968157696,0.8007900215177151,200,K562+A549,AICAR (Acadesine),2,real_blend,real_blend,real,0.5
0.03246457687363414,0.9853932321071625,0.14054199927752664,0.979465912635233,200,K562+A549,AICAR (Acadesine),2,real_single,real_single,real,
0.14201314819526262,0.9654419898986817,0.23734766099772442,0.8089565985318727,200,K562+A549,AICAR (Acadesine),2,predicted,average_effect,cells,0.5
0.14201314819526262,0.9657148122787476,0.2376812287322827,0.8089566251754364,200,K562+A549,AICAR (Acadesine),2,predicted,nearest_neighbor,cells,0.5
0.4729114879466369,0.9912295162677764,0.611517337184511,0.6323489758430927,200,K562+A549,AICAR (Acadesine),2,predicted,scgen,cells,-0.5
0.009127450727192775,0.9790347218513489,0.06210703957193342,0.9974243467560365,200,K562+A549,AICAR (Acadesine),2,predicted,average_effect,gaussian,0.5
0.009127234838806201,0.9792094647884368,0.06187950880139337,0.9974245323848087,200,K562+A549,AICAR (Acadesine),2,predicted,nearest_neighbor,gaussian,1.0
0.00815287456204689,0.9828802347183228,0.054329074618549855,0.9977902119478143,200,K562+A549,AICAR (Acadesine),2,predicted,scgen,gaussian,1.0
0.1453676191828752,0.9708461165428162,0.2680101928586507,0.7958879962667731,200,K562+A549,AICAR (Acadesine),3,real_blend,real_blend,real,0.5
0.03246457687363414,0.9846276104450226,0.13505773932357323,0.979465912635233,200,K562+A549,AICAR (Acadesine),3,real_single,real_single,real,
0.1428349695434991,0.9678164482116699,0.25272834351904927,0.8051623162939757,200,K562+A549,AICAR (Acadesine),3,predicted,average_effect,cells,0.5
0.1428349695434991,0.9680185496807099,0.25299083120656796,0.8051623645803344,200,K562+A549,AICAR (Acadesine),3,predicted,nearest_neighbor,cells,0.5
0.4867976303316661,0.9927578628063202,0.619327062353937,0.6224155846425147,200,K562+A549,AICAR (Acadesine),3,predicted,scgen,cells,-0.5
0.009005150981940475,0.9783269941806794,0.056449284902752694,0.9975734541123231,200,K562+A549,AICAR (Acadesine),3,predicted,average_effect,gaussian,0.5
0.009005052695505012,0.9784804224967957,0.05626903649137249,0.9975738565543345,200,K562+A549,AICAR (Acadesine),3,predicted,nearest_neighbor,gaussian,1.0
0.008394626552017644,0.9822807371616363,0.04883162021679521,0.9981269329371186,200,K562+A549,AICAR (Acadesine),3,predicted,scgen,gaussian,1.0
0.126625352437173,0.9744128465652466,0.2493531876713867,0.8614037926575082,200,A549+MCF7,(+)-JQ1,0,real_blend,real_blend,real,1.0
0.05178843953549131,0.9797312140464782,0.1529809921134212,0.957024479265943,200,A549+MCF7,(+)-JQ1,0,real_single,real_single,real,
0.16949077635950738,0.976149183511734,0.33400690678991296,0.8073358519588426,200,A549+MCF7,(+)-JQ1,0,predicted,average_effect,cells,-1.0
0.16949077635950738,0.980762493610382,0.29950970465004434,0.8073358594191868,200,A549+MCF7,(+)-JQ1,0,predicted,nearest_neighbor,cells,0.5
0.5160408851242384,0.9939936101436615,0.6745566563325515,0.6090751509369867,200,A549+MCF7,(+)-JQ1,0,predicted,scgen,cells,0.5
0.008638623857415942,0.9716428518295288,0.06390418143489784,0.9975260484265407,200,A549+MCF7,(+)-JQ1,0,predicted,average_effect,gaussian,1.0
0.008638861110945036,0.9770794212818146,0.06093279271353458,0.9975259067423133,200,A549+MCF7,(+)-JQ1,0,predicted,nearest_neighbor,gaussian,1.0
0.007959187526640762,0.9761256575584412,0.056732186003099816,0.9980026936215798,200,A549+MCF7,(+)-JQ1,0,predicted,scgen,gaussian,0.5
0.1313478967423957,0.9683363735675812,0.25093894524670124,0.8554576050910551,200,A549+MCF7,(+)-JQ1,1,real_blend,real_blend,real,1.0
0.05178843953549131,0.9803308188915253,0.1390617794544956,0.957024479265943,200,A549+MCF7,(+)-JQ1,1,real_single,real_single,real,
0.16194960379497922,0.9746574699878693,0.3234063959674165,0.8119467396052987,200,A549+MCF7,(+)-JQ1,1,predicted,average_effect,cells,-1.0
0.16194960379497922,0.9798277974128723,0.28846338489642376,0.8119467606216018,200,A549+MCF7,(+)-JQ1,1,predicted,nearest_neighbor,cells,0.5
0.49045189852750337,0.9943699836730957,0.6752054501219946,0.6254907117100814,200,A549+MCF7,(+)-JQ1,1,predicted,scgen,cells,0.5
0.008948312449782813,0.9718178093433381,0.06339437964514394,0.9979524714120561,200,A549+MCF7,(+)-JQ1,1,predicted,average_effect,gaussian,1.0
0.008905282377398894,0.9776989340782165,0.059828520686964426,0.9979530108653919,200,A549+MCF7,(+)-JQ1,1,predicted,nearest_neighbor,gaussian,1.0
0.008434285107541824,0.9766819536685943,0.056399086997673376,0.9981046083457749,200,A549+MCF7,(+)-JQ1,1,predicted,scgen,gaussian,0.5
0.1407252199525691,0.9755509078502655,0.27970202053464344,0.8401828807112179,200,A549+MCF7,(+)-JQ1,2,real_blend,real_blend,real,1.0
0.05178843953549131,0.9807190120220184,0.15385763606184766,0.957024479265943,200,A549+MCF7,(+)-JQ1,2,real_single,real_single,real,
0.1642306253903082,0.974014264345169,0.3296024904509248,0.8099386105760171,200,A549+MCF7,(+)-JQ1,2,predicted,average_effect,cells,-1.0
0.1642305809740138,0.9790330231189728,0.296485468946589,0.809938529752836,200,A549+MCF7,(+)-JQ1,2,predicted,nearest_neighbor,cells,0.5
0.5082300886571053,0.9934636175632476,0.6821498856906008,0.6228029905862295,200,A549+MCF7,(+)-JQ1,2,predicted,scgen,cells,-0.5
0.009127450727192775,0.9729398488998413,0.061874836857782056,0.9974243581939706,200,A549+MCF7,(+)-JQ1,2,predicted,average_effect,gaussian,1.0
0.009127234838806201,0.97841717004776,0.05806981780579712,0.9974245149895165,200,A549+MCF7,(+)-JQ1,2,predicted,nearest_neighbor,gaussian,1.0
0.00815287456204689,0.9774579524993896,0.05474531936347116,0.9977902137760364,200,A549+MCF7,(+)-JQ1,2,predicted,scgen,gaussian,0.5
0.13566042951605828,0.9766257107257843,0.25850831309989575,0.8484110585488835,200,A549+MCF7,(+)-JQ1,3,real_blend,real_blend,real,1.0
0.05178843953549131,0.9791683375835418,0.15682436710705683,0.957024479265943,200,A549+MCF7,(+)-JQ1,3,real_single,real_single,real,
0.16620857847550075,0.9756209194660187,0.3304416799720191,0.802410052145865,200,A549+MCF7,(+)-JQ1,3,predicted,average_effect,cells,-1.0
0.16620862407910364,0.9803981602191925,0.3013359950824117,0.802410164255757,200,A549+MCF7,(+)-JQ1,3,predicted,nearest_neighbor,cells,0.5
0.5015046082365766,0.9934902608394622,0.7013085071532297,0.6174650217922063,200,A549+MCF7,(+)-JQ1,3,predicted,scgen,cells,0.5
0.009005193382446472,0.9715648114681243,0.06020030661153353,0.9975734450681463,200,A549+MCF7,(+)-JQ1,3,predicted,average_effect,gaussian,1.0
0.009005052695505012,0.9772075891494751,0.05606972245370023,0.997573857079801,200,A549+MCF7,(+)-JQ1,3,predicted,nearest_neighbor,gaussian,1.0
0.008394520837688766,0.9762026309967041,0.05365400335468673,0.9981269320179711,200,A549+MCF7,(+)-JQ1,3,predicted,scgen,gaussian,0.5
0.16301131532085386,0.9763540327548981,0.2962070705500496,0.8110780924596062,200,A549+MCF7,2-Methoxyestradiol (2-MeOE2),0,real_blend,real_blend,real,1.0
0.04165306123494022,0.9847670316696167,0.16789859088805614,0.9645101231131066,200,A549+MCF7,2-Methoxyestradiol (2-MeOE2),0,real_single,real_single,real,
0.16949078768569625,0.9789200842380523,0.31605133971439003,0.8073359044450339,200,A549+MCF7,2-Methoxyestradiol (2-MeOE2),0,predicted,average_effect,cells,0.5
0.16949078768569625,0.9792209267616272,0.31066580432723123,0.8073358919236336,200,A549+MCF7,2-Methoxyestradiol (2-MeOE2),0,predicted,nearest_neighbor,cells,0.5
0.5160408851242384,0.9947492241859436,0.607098626727401,0.6090750357785952,200,A549+MCF7,2-Methoxyestradiol (2-MeOE2),0,predicted,scgen,cells,1.0
0.008638667178549176,0.9749583005905151,0.06194202082016176,0.9975260540316178,200,A549+MCF7,2-Methoxyestradiol (2-MeOE2),0,predicted,average_effect,gaussian,0.5
0.008638861110945036,0.9753699779510498,0.06104099315425049,0.9975259174476333,200,A549+MCF7,2-Methoxyestradiol (2-MeOE2),0,predicted,nearest_neighbor,gaussian,1.0
0.007959214194069761,0.9794042468070984,0.0552531938006644,0.9980026894942022,200,A549+MCF7,2-Methoxyestradiol (2-MeOE2),0,predicted,scgen,gaussian,1.0
0.16987796863875332,0.9729410231113433,0.3113920934047575,0.8020464620765648,200,A549+MCF7,2-Methoxyestradiol (2-MeOE2),1,real_blend,real_blend,real,1.0
0.04165306123494022,0.9856026291847229,0.1731446300322227,0.9645101231131066,200,A549+MCF7,2-Methoxyestradiol (2-MeOE2),1,real_single,real_single,real,
0.16194960379497922,0.9777309715747833,0.3018990677190678,0.811946749958935,200,A549+MCF7,2-Methoxyestradiol (2-MeOE2),1,predicted,average_effect,cells,0.5
0.16194960379497922,0.9781301558017731,0.29601490382728823,0.8119467572405675,200,A549+MCF7,2-Methoxyestradiol (2-MeOE2),1,predicted,nearest_neighbor,cells,0.5
0.4904519337762836,0.9951326251029968,0.6089436970780657,0.6254906440636643,200,A549+MCF7,2-Methoxyestradiol (2-MeOE2),1,predicted,scgen,cells,0.5
0.008948398833505757,0.9752270996570587,0.06342399365222273,0.9979524802306166,200,A549+MCF7,2-Methoxyestradiol (2-MeOE2),1,predicted,average_effect,gaussian,0.5
0.008905238792635814,0.9756502032279968,0.06298137485762878,0.9979530096222802,200,A549+MCF7,2-Methoxyestradiol (2-MeOE2),1,predicted,nearest_neighbor,gaussian,1.0
0.008434231372632467,0.9798654019832611,0.05506626218467647,0.9981046030119864,200,A549+MCF7,2-Methoxyestradiol (2-MeOE2),1,predicted,scgen,gaussian,1.0
0.16081433728324632,0.9751930236816406,0.3113781532155847,0.8161144146636278,200,A549+MCF7,2-Methoxyestradiol (2-MeOE2),2,real_blend,real_blend,real,1.0
0.04165306123494022,0.9859057068824768,0.16649057484174434,0.9645101231131066,200,A549+MCF7,2-Methoxyestradiol (2-MeOE2),2,real_single,real_single,real,
0.1642306253903082,0.977199399471283,0.308797948090373,0.809938545979135,200,A549+MCF7,2-Methoxyestradiol (2-MeOE2),2,predicted,average_effect,cells,0.5
0.1642305809740138,0.9775626838207245,0.3018730585923026,0.8099385283967264,200,A549+MCF7,2-Methoxyestradiol (2-MeOE2),2,predicted,nearest_neighbor,cells,0.5
0.5082300886571053,0.9943329095840454,0.617221710033713,0.6228029709833185,200,A549+MCF7,2-Methoxyestradiol (2-MeOE2),2,predicted,scgen,cells,-0.5
0.009127537102901715,0.9761906802654267,0.06074316935755042,0.9974243558634013,200,A549+MCF7,2-Methoxyestradiol (2-MeOE2),2,predicted,average_effect,gaussian,0.5
0.009127234838806201,0.9765926539897919,0.06021990561679491,0.9974245146968608,200,A549+MCF7,2-Methoxyestradiol (2-MeOE2),2,predicted,nearest_neighbor,gaussian,1.0
0.00815282128956068,0.9805305421352386,0.053943907813797765,0.9977902178453614,200,A549+MCF7,2-Methoxyestradiol (2-MeOE2),2,predicted,scgen,gaussian,1.0
0.16693044433977078,0.9787943661212921,0.2974840731777926,0.8025209677474084,200,A549+MCF7,2-Methoxyestradiol (2-MeOE2),3,real_blend,real_blend,real,1.0
0.04165306123494022,0.9851043581962585,0.16166892962156587,0.9645101231131066,200,A549+MCF7,2-Methoxyestradiol (2-MeOE2),3,real_single,real_single,real,
0.16620857847550075,0.9785247445106506,0.3158759882136204,0.8024100643108573,200,A549+MCF7,2-Methoxyestradiol (2-MeOE2),3,predicted,average_effect,cells,0.5
0.16620857847550075,0.9788375914096832,0.31122909768902407,0.8024100736134694,200,A549+MCF7,2-Methoxyestradiol (2-MeOE2),3,predicted,nearest_neighbor,cells,0.5
0.501504616981655,0.9943215906620025,0.6366026835017928,0.6174649937036356,200,A549+MCF7,2-Methoxyestradiol (2-MeOE2),3,predicted,scgen,cells,0.5
0.009005150981940475,0.9749657928943634,0.05897208056692094,0.9975734419753818,200,A549+MCF7,2-Methoxyestradiol (2-MeOE2),3,predicted,average_effect,gaussian,0.5
0.009005052695505012,0.9754521608352661,0.05917648795913655,0.9975738569751269,200,A549+MCF7,2-Methoxyestradiol (2-MeOE2),3,predicted,nearest_neighbor,gaussian,1.0
0.008394520837688766,0.9794831335544586,0.052221439864389985,0.9981269261035137,200,A549+MCF7,2-Methoxyestradiol (2-MeOE2),3,predicted,scgen,gaussian,1.0
0.16549534213282013,0.9779085457324982,0.31901852387677676,0.8042879520408014,200,A549+MCF7,A-366,0,real_blend,real_blend,real,1.0
0.04305656077517981,0.9863903105258942,0.1543953616771514,0.9645157053253839,200,A549+MCF7,A-366,0,real_single,real_single,real,
0.16949079901188516,0.9787485420703887,0.31543950829666245,0.8073358840403596,200,A549+MCF7,A-366,0,predicted,average_effect,cells,0.5
0.16949077635950738,0.9792303442955017,0.31185854901117516,0.807335864123684,200,A549+MCF7,A-366,0,predicted,nearest_neighbor,cells,0.5
0.5160408511840956,0.9946890056133271,0.6088733158311631,0.6090751091418555,200,A549+MCF7,A-366,0,predicted,scgen,cells,0.5
0.008638623857415942,0.974839162826538,0.0622123310325885,0.9975260489618494,200,A549+MCF7,A-366,0,predicted,average_effect,gaussian,0.5
0.008638731887291579,0.9753836691379547,0.06148144912716602,0.9975258996327077,200,A549+MCF7,A-366,0,predicted,nearest_neighbor,gaussian,1.0
0.007959187526640762,0.9792634069919586,0.05533557399177613,0.998002697937685,200,A549+MCF7,A-366,0,predicted,scgen,gaussian,1.0
0.1635757826026096,0.9709949314594268,0.2958382680767382,0.8058393279657341,200,A549+MCF7,A-366,1,real_blend,real_blend,real,1.0
0.04305656077517981,0.9857196867465973,0.15208726197034694,0.9645157053253839,200,A549+MCF7,A-366,1,real_single,real_single,real,
0.16194960379497922,0.9775959074497222,0.30065044948808606,0.811946775159873,200,A549+MCF7,A-366,1,predicted,average_effect,cells,0.5
0.16194960379497922,0.9781115114688873,0.29780398515723094,0.8119467281571425,200,A549+MCF7,A-366,1,predicted,nearest_neighbor,cells,0.5
0.49045194326159336,0.9950812101364136,0.6081949599946967,0.6254906698594866,200,A549+MCF7,A-366,1,predicted,scgen,cells,1.0
0.008948398833505757,0.9751086294651031,0.06292053611661674,0.9979524825930038,200,A549+MCF7,A-366,1,predicted,average_effect,gaussian,0.5
0.008905238792635814,0.9756965160369873,0.06273218953457538,0.9979530159212786,200,A549+MCF7,A-366,1,predicted,nearest_neighbor,gaussian,1.0
0.008434258240087145,0.979730236530304,0.05499173640316957,0.9981046042650356,200,A549+MCF7,A-366,1,predicted,scgen,gaussian,1.0
0.16790805171215717,0.9763723313808441,0.3176659599691438,0.806231192152991,200,A549+MCF7,A-366,2,real_blend,real_blend,real,1.0
0.04305656077517981,0.9864660859107971,0.15061751691203318,0.9645157053253839,200,A549+MCF7,A-366,2,real_single,real_single,real,
0.1642305809740138,0.9770316660404206,0.30655568971147107,0.809938565842359,200,A549+MCF7,A-366,2,predicted,average_effect,cells,0.5
0.1642305809740138,0.9775628507137298,0.30248375456262533,0.8099385421745315,200,A549+MCF7,A-366,2,predicted,nearest_neighbor,cells,0.5
0.5082300880793248,0.9942600965499878,0.615770386672764,0.6228030625724656,200,A549+MCF7,A-366,2,predicted,scgen,cells,-0.5
0.009127537102901715,0.9760383248329163,0.061304501880486306,0.9974243548448621,200,A549+MCF7,A-366,2,predicted,average_effect,gaussian,0.5
0.009127234838806201,0.976595675945282,0.06128304916281735,0.997424506682684,200,A549+MCF7,A-366,2,predicted,nearest_neighbor,gaussian,1.0
0.00815287456204689,0.9803930759429932,0.05375573533643019,0.9977902167176437,200,A549+MCF7,A-366,2,predicted,scgen,gaussian,1.0
0.17413561375061967,0.9794321656227112,0.31042274641675016,0.7901779809367064,200,A549+MCF7,A-366,3,real_blend,real_blend,real,1.0
0.04305656077517981,0.9864615380764008,0.15464157431616166,0.9645157053253839,200,A549+MCF7,A-366,3,real_single,real_single,real,
0.16620862407910364,0.9783581614494323,0.3157750962166329,0.8024101073645589,200,A549+MCF7,A-366,3,predicted,average_effect,cells,0.5
0.16620862407910364,0.9788003265857697,0.31262077456206827,0.8024100962213189,200,A549+MCF7,A-366,3,predicted,nearest_neighbor,cells,0.5
0.501504616981655,0.9942680776119233,0.6356223174723961,0.6174650062630378,200,A549+MCF7,A-366,3,predicted,scgen,cells,0.5
0.009005193382446472,0.9748209297657013,0.058980026304735644,0.9975734445930404,200,A549+MCF7,A-366,3,predicted,average_effect,gaussian,0.5
0.009005052695505012,0.9753623485565186,0.05865570375390572,0.9975738572520099,200,A549+MCF7,A-366,3,predicted,nearest_neighbor,gaussian,1.0
0.008394520837688766,0.9793345928192139,0.05208586277338667,0.9981269368215739,200,A549+MCF7,A-366,3,predicted,scgen,gaussian,1.0
0.161948173590904,0.9781179845333099,0.29546186058305524,0.8166600986201522,200,A549+MCF7,ABT-737,0,real_blend,real_blend,real,1.0
0.04666694715088631,0.9868945360183716,0.17783803343423088,0.9600699668449095,200,A549+MCF7,ABT-737,0,real_single,real_single,real,
0.16949077635950738,0.9794185101985932,0.30928985979757684,0.807335899815397,200,A549+MCF7,ABT-737,0,predicted,average_effect,cells,0.5
0.16949079901188516,0.9796847343444824,0.308657520470877,0.8073358713196602,200,A549+MCF7,ABT-737,0,predicted,nearest_neighbor,cells,0.5
0.5160408424178223,0.9948423743247986,0.594178758314001,0.6090751369330002,200,A549+MCF7,ABT-737,0,predicted,scgen,cells,0.5
0.008638623857415942,0.9756068527698517,0.062092373441644866,0.9975260484466401,200,A549+MCF7,ABT-737,0,predicted,average_effect,gaussian,0.5
0.008638775211356451,0.9759196400642395,0.06135183336997119,0.9975259122061695,200,A549+MCF7,ABT-737,0,predicted,nearest_neighbor,gaussian,1.0
0.007959187526640762,0.979878282546997,0.055016296950052945,0.9980027014324088,200,A549+MCF7,ABT-737,0,predicted,scgen,gaussian,1.0
0.1683633668593931,0.9733522653579711,0.3027358655611794,0.800883079222379,200,A549+MCF7,ABT-737,1,real_blend,real_blend,real,1.0
0.04666694715088631,0.9855656147003173,0.17838972713224288,0.9600699668449095,200,A549+MCF7,ABT-737,1,real_single,real_single,real,
0.16194960379497922,0.9782611429691315,0.29677470611004775,0.8119466844033553,200,A549+MCF7,ABT-737,1,predicted,average_effect,cells,0.5
0.1619495579919896,0.9785423994064331,0.29556370076098826,0.8119467182753493,200,A549+MCF7,ABT-737,1,predicted,nearest_neighbor,cells,0.5
0.4904519073396984,0.9952248215675354,0.5946932542807316,0.6254905656786081,200,A549+MCF7,ABT-737,1,predicted,scgen,cells,1.0
0.008948398833505757,0.9758320569992065,0.06318346883983428,0.9979524776550168,200,A549+MCF7,ABT-737,1,predicted,average_effect,gaussian,0.5
0.008905238792635814,0.9761709928512573,0.06237255239487671,0.9979530022655899,200,A549+MCF7,ABT-737,1,predicted,nearest_neighbor,gaussian,1.0
0.008434258240087145,0.9803314089775086,0.054458952843867925,0.9981046054548589,200,A549+MCF7,ABT-737,1,predicted,scgen,gaussian,1.0
0.16262007487202773,0.9758024990558625,0.3007995044535069,0.8127148412172241,200,A549+MCF7,ABT-737,2,real_blend,real_blend,real,1.0
0.04666694715088631,0.9850554525852203,0.17058508438673126,0.9600699668449095,200,A549+MCF7,ABT-737,2,real_single,real_single,real,
0.1642305809740138,0.9777274131774902,0.3026913727179955,0.8099385834142756,200,A549+MCF7,ABT-737,2,predicted,average_effect,cells,0.5
0.1642305809740138,0.9780137777328491,0.3012371733114454,0.8099385776316388,200,A549+MCF7,ABT-737,2,predicted,nearest_neighbor,cells,0.5
0.5082300974325341,0.9944312095642089,0.6034515938978084,0.6228030056492176,200,A549+MCF7,ABT-737,2,predicted,scgen,cells,-0.5
0.009127493915047245,0.9767435550689697,0.06088831115829885,0.9974243571429935,200,A549+MCF7,ABT-737,2,predicted,average_effect,gaussian,0.5
0.009127234838806201,0.9770150899887085,0.06101486165607972,0.9974245188254763,200,A549+MCF7,ABT-737,2,predicted,nearest_neighbor,gaussian,1.0
0.00815282128956068,0.9809713244438172,0.053383964732007794,0.9977902167742819,200,A549+MCF7,ABT-737,2,predicted,scgen,gaussian,1.0
0.16166912434868808,0.9796315550804138,0.3078665599293353,0.8095922059943865,200,A549+MCF7,ABT-737,3,real_blend,real_blend,real,1.0
0.04666694715088631,0.9853549480438233,0.17295424850795782,0.9600699668449095,200,A549+MCF7,ABT-737,3,real_single,real_single,real,
0.16620857847550075,0.9790022671222687,0.3113933547736202,0.802410077368846,200,A549+MCF7,ABT-737,3,predicted,average_effect,cells,0.5
0.16620857847550075,0.9792701959609985,0.310372696191765,0.8024100537381825,200,A549+MCF7,ABT-737,3,predicted,nearest_neighbor,cells,0.5
0.5015046432168904,0.9944270133972168,0.623442439460321,0.6174649714934172,200,A549+MCF7,ABT-737,3,predicted,scgen,cells,1.0
0.009005193382446472,0.9756095707416534,0.05891864391706603,0.99757345009175,200,A549+MCF7,ABT-737,3,predicted,average_effect,gaussian,0.5
0.009005052695505012,0.9759591519832611,0.05836757293258221,0.9975738650666975,200,A549+MCF7,ABT-737,3,predicted,nearest_neighbor,gaussian,1.0
0.008394520837688766,0.9799652755260467,0.05151358401035089,0.9981269361036176,200,A549+MCF7,ABT-737,3,predicted,scgen,gaussian,1.0
0.17376863383630856,0.97705557346344,0.30562064126173816,0.7943742957588569,200,A549+MCF7,AC480 (BMS-599626),0,real_blend,real_blend,real,1.0
0.046760529967178006,0.9850697159767151,0.16422487373619177,0.9571694418066717,200,A549+MCF7,AC480 (BMS-599626),0,real_single,real_single,real,
0.16949082166426294,0.979013991355896,0.31264695881205484,0.8073358625161046,200,A549+MCF7,AC480 (BMS-599626),0,predicted,average_effect,cells,0.5
0.16949077635950738,0.9794320881366729,0.30939067967414924,0.807335844325727,200,A549+MCF7,AC480 (BMS-599626),0,predicted,nearest_neighbor,cells,0.5
0.5160408763579658,0.9947480738162995,0.6042645242515774,0.6090751308853504,200,A549+MCF7,AC480 (BMS-599626),0,predicted,scgen,cells,0.5
0.008638667178549176,0.9751435339450836,0.06195531027793588,0.9975260467014135,200,A549+MCF7,AC480 (BMS-599626),0,predicted,average_effect,gaussian,0.5
0.008638861110945036,0.9756627023220062,0.061518418139069886,0.9975259096840866,200,A549+MCF7,AC480 (BMS-599626),0,predicted,nearest_neighbor,gaussian,1.0
0.007959214194069761,0.9795065760612488,0.05542134954796052,0.9980026995132276,200,A549+MCF7,AC480 (BMS-599626),0,predicted,scgen,gaussian,1.0
0.16001747142386505,0.9746526300907135,0.33071516830947356,0.8075622477833543,200,A549+MCF7,AC480 (BMS-599626),1,real_blend,real_blend,real,1.0
0.046760529967178006,0.9854572832584381,0.1773370147162978,0.9571694418066717,200,A549+MCF7,AC480 (BMS-599626),1,real_single,real_single,real,
0.16194960379497922,0.9778757452964782,0.29821565592541943,0.8119467237872627,200,A549+MCF7,AC480 (BMS-599626),1,predicted,average_effect,cells,0.5
0.16194960379497922,0.9783652186393738,0.29615849418088,0.8119467305572394,200,A549+MCF7,AC480 (BMS-599626),1,predicted,nearest_neighbor,cells,0.5
0.49045189852750337,0.9951274275779725,0.6028368001586489,0.6254906844636131,200,A549+MCF7,AC480 (BMS-599626),1,predicted,scgen,cells,0.5
0.008948312449782813,0.9754493951797485,0.06287278151148434,0.9979524729680214,200,A549+MCF7,AC480 (BMS-599626),1,predicted,average_effect,gaussian,0.5
0.008905260585017354,0.9759488999843597,0.06300480232863759,0.9979530082923792,200,A549+MCF7,AC480 (BMS-599626),1,predicted,nearest_neighbor,gaussian,1.0
0.008434258240087145,0.9799778282642364,0.05488300680944447,0.9981046048899078,200,A549+MCF7,AC480 (BMS-599626),1,predicted,scgen,gaussian,1.0
0.16523162270500144,0.9779031097888946,0.29202474591942384,0.8074630944248755,200,A549+MCF7,AC480 (BMS-599626),2,real_blend,real_blend,real,1.0
0.046760529967178006,0.9859386146068573,0.17461410915431452,0.9571694418066717,200,A549+MCF7,AC480 (BMS-599626),2,real_single,real_single,real,
0.1642305809740138,0.9774065852165222,0.3033115895484344,0.8099385569301516,200,A549+MCF7,AC480 (BMS-599626),2,predicted,average_effect,cells,0.5
0.1642305809740138,0.9778155207633972,0.3014604822503658,0.8099385536267631,200,A549+MCF7,AC480 (BMS-599626),2,predicted,nearest_neighbor,cells,0.5
0.5082300974325341,0.9943554699420929,0.6098631165732045,0.6228030712524736,200,A549+MCF7,AC480 (BMS-599626),2,predicted,scgen,cells,1.0
0.009127493915047245,0.9763782262802124,0.06088397231079545,0.9974243464889896,200,A549+MCF7,AC480 (BMS-599626),2,predicted,average_effect,gaussian,0.5
0.009127234838806201,0.9768563091754914,0.06080987934131421,0.9974245205870899,200,A549+MCF7,AC480 (BMS-599626),2,predicted,nearest_neighbor,gaussian,1.0
0.00815287456204689,0.9806308507919311,0.05350275429636764,0.9977902136330287,200,A549+MCF7,AC480 (BMS-599626),2,predicted,scgen,gaussian,1.0
0.16120369003814256,0.9782688677310943,0.2927915271212549,0.8120642523704864,200,A549+MCF7,AC480 (BMS-599626),3,real_blend,real_blend,real,1.0
0.046760529967178006,0.9866787791252136,0.17597979849220446,0.9571694418066717,200,A549+MCF7,AC480 (BMS-599626),3,real_single,real_single,real,
0.16620857847550075,0.978654944896698,0.3138381546327845,0.8024101037324566,200,A549+MCF7,AC480 (BMS-599626),3,predicted,average_effect,cells,0.5
0.16620853287189782,0.9791048526763916,0.3108729044117332,0.802410146142293,200,A549+MCF7,AC480 (BMS-599626),3,predicted,nearest_neighbor,cells,0.5
0.5015046082365766,0.9943300545215606,0.629622367650466,0.6174649920175233,200,A549+MCF7,AC480 (BMS-599626),3,predicted,scgen,cells,1.0
0.009005236560604129,0.9751322448253632,0.05887754546852264,0.9975734465820973,200,A549+MCF7,AC480 (BMS-599626),3,predicted,average_effect,gaussian,0.5
0.009005052695505012,0.9756831467151642,0.05814995516998389,0.997573860855997,200,A549+MCF7,AC480 (BMS-599626),3,predicted,nearest_neighbor,gaussian,1.0
0.008394520837688766,0.9795855820178986,0.05202240129370539,0.9981269357774895,200,A549+MCF7,AC480 (BMS-599626),3,predicted,scgen,gaussian,1.0
0.17579283434163806,0.9785091936588287,0.3112044975597371,0.7943658360755566,200,A549+MCF7,AG-14361,0,real_blend,real_blend,real,1.0
0.044695373374812754,0.9855020821094513,0.145907620908737,0.9653472989894966,200,A549+MCF7,AG-14361,0,real_single,real_single,real,
0.16949077635950738,0.9793551802635193,0.3123427281978113,0.8073358762222292,200,A549+MCF7,AG-14361,0,predicted,average_effect,cells,0.5
0.16949078768569625,0.9788638710975647,0.3149190603023534,0.8073357857062926,200,A549+MCF7,AG-14361,0,predicted,nearest_neighbor,cells,0.5
0.5160408412928751,0.9948576033115387,0.5972753747984855,0.6090751847675182,200,A549+MCF7,AG-14361,0,predicted,scgen,cells,1.0
0.008638623857415942,0.9755459070205689,0.06172711652075458,0.9975260457766278,200,A549+MCF7,AG-14361,0,predicted,average_effect,gaussian,0.5
0.008638775211356451,0.9749705255031585,0.06152565556926903,0.9975259059869126,200,A549+MCF7,AG-14361,0,predicted,nearest_neighbor,gaussian,1.0
0.007959214194069761,0.979869794845581,0.05484888949926192,0.9980027065538131,200,A549+MCF7,AG-14361,0,predicted,scgen,gaussian,1.0
0.17567476945623597,0.9725720882415771,0.3306082910887368,0.7913178617117832,200,A549+MCF7,AG-14361,1,real_blend,real_blend,real,1.0
0.044695373374812754,0.9857038497924805,0.15477568289438326,0.9653472989894966,200,A549+MCF7,AG-14361,1,real_single,real_single,real,
0.16194960379497922,0.9782543122768402,0.2974093122198427,0.8119467113396296,200,A549+MCF7,AG-14361,1,predicted,average_effect,cells,0.5
0.16194960379497922,0.9776940822601319,0.30097162227117746,0.8119467265475777,200,A549+MCF7,AG-14361,1,predicted,nearest_neighbor,cells,0.5
0.49045194326159336,0.9952434778213501,0.5972228714849115,0.6254906177426022,200,A549+MCF7,AG-14361,1,predicted,scgen,cells,0.5
0.008948312449782813,0.9758084177970886,0.06268277591185434,0.9979524753734261,200,A549+MCF7,AG-14361,1,predicted,average_effect,gaussian,0.5
0.008905282377398894,0.9752125263214111,0.06300254744439204,0.997953007568453,200,A549+MCF7,AG-14361,1,predicted,nearest_neighbor,gaussian,1.0
0.008434231372632467,0.9803323149681091,0.054961045410381715,0.998104594846539,200,A549+MCF7,AG-14361,1,predicted,scgen,gaussian,1.0
0.1789161723171037,0.9777620673179627,0.32013031372141665,0.7892862925399937,200,A549+MCF7,AG-14361,2,real_blend,real_blend,real,1.0
0.044695373374812754,0.9855965197086334,0.14933170084308078,0.9653472989894966,200,A549+MCF7,AG-14361,2,real_single,real_single,real,
0.1642305809740138,0.9777071237564087,0.30394698461006187,0.8099385719615547,200,A549+MCF7,AG-14361,2,predicted,average_effect,cells,0.5
0.1642305809740138,0.9771155834197998,0.30608235513364,0.8099386181370574,200,A549+MCF7,AG-14361,2,predicted,nearest_neighbor,cells,0.5
0.5082300974325341,0.9944461226463318,0.6062028998998255,0.6228029284851974,200,A549+MCF7,AG-14361,2,predicted,scgen,cells,-0.5
0.009127450727192775,0.9767030417919159,0.06074073561592308,0.9974243385512772,200,A549+MCF7,AG-14361,2,predicted,average_effect,gaussian,0.5
0.009127234838806201,0.9761293053627014,0.06100738000438932,0.9974245212986685,200,A549+MCF7,AG-14361,2,predicted,nearest_neighbor,gaussian,1.0
0.00815287456204689,0.980972820520401,0.053349455230490395,0.9977902161050758,200,A549+MCF7,AG-14361,2,predicted,scgen,gaussian,1.0
0.18671922510011865,0.9819844901561737,0.3328217180896925,0.7807161619609755,200,A549+MCF7,AG-14361,3,real_blend,real_blend,real,1.0
0.044695373374812754,0.9862818956375122,0.1514424373093659,0.9653472989894966,200,A549+MCF7,AG-14361,3,real_single,real_single,real,
0.16620856707460002,0.9789856910705567,0.3129540689675959,0.8024101057038578,200,A549+MCF7,AG-14361,3,predicted,average_effect,cells,0.5
0.16620857847550075,0.978430712223053,0.3142952713509505,0.8024100811891202,200,A549+MCF7,AG-14361,3,predicted,nearest_neighbor,cells,0.5
0.5015046082365766,0.9944408178329468,0.6257171880152393,0.6174650309800913,200,A549+MCF7,AG-14361,3,predicted,scgen,cells,0.5
0.009005322139253001,0.9754881441593171,0.05889721144464588,0.9975734454980764,200,A549+MCF7,AG-14361,3,predicted,average_effect,gaussian,0.5
0.009005052695505012,0.9748550236225129,0.05890449174810597,0.9975738531880385,200,A549+MCF7,AG-14361,3,predicted,nearest_neighbor,gaussian,1.0
0.008394520837688766,0.9799486696720123,0.051699934726648133,0.9981269407976991,200,A549+MCF7,AG-14361,3,predicted,scgen,gaussian,1.0
0.15909177398310456,0.976114684343338,0.3028852214525346,0.8101203929106726,200,A549+MCF7,AG-490 (Tyrphostin B42),0,real_blend,real_blend,real,1.0
0.03976155364194287,0.9868774890899659,0.17702456486050522,0.9657977316525971,200,A549+MCF7,AG-490 (Tyrphostin B42),0,real_single,real_single,real,
0.16949077635950738,0.9787772417068481,0.31615225275069414,0.8073359048553754,200,A549+MCF7,AG-490 (Tyrphostin B42),0,predicted,average_effect,cells,0.5
0.16949077635950738,0.9795047760009765,0.3110760183332345,0.807335857769383,200,A549+MCF7,AG-490 (Tyrphostin B42),0,predicted,nearest_neighbor,cells,0.5
0.5160408424178223,0.9947042286396026,0.6096649326577612,0.6090750682972443,200,A549+MCF7,AG-490 (Tyrphostin B42),0,predicted,scgen,cells,-0.5
0.008638667178549176,0.9748477458953857,0.0620438779407082,0.9975260556278159,200,A549+MCF7,AG-490 (Tyrphostin B42),0,predicted,average_effect,gaussian,0.5
0.008638775211356451,0.9756973803043365,0.062170495961539785,0.9975259183665336,200,A549+MCF7,AG-490 (Tyrphostin B42),0,predicted,nearest_neighbor,gaussian,1.0
0.007959187526640762,0.9792736113071442,0.055230072374252925,0.9980026884414019,200,A549+MCF7,AG-490 (Tyrphostin B42),0,predicted,scgen,gaussian,1.0
0.17242280279050548,0.9723311841487885,0.3188928228182838,0.7941342654154578,200,A549+MCF7,AG-490 (Tyrphostin B42),1,real_blend,real_blend,real,1.0
0.03976155364194287,0.9860497355461121,0.16417092298766767,0.9657977316525971,200,A549+MCF7,AG-490 (Tyrphostin B42),1,real_single,real_single,real,
0.16194960379497922,0.9776230931282044,0.30182801334509024,0.8119467368566782,200,A549+MCF7,AG-490 (Tyrphostin B42),1,predicted,average_effect,cells,0.5
0.16194960379497922,0.9784118711948395,0.2987284216915592,0.8119466861141222,200,A549+MCF7,AG-490 (Tyrphostin B42),1,predicted,nearest_neighbor,cells,0.5
0.49045197037128946,0.9950997352600097,0.609538137511972,0.6254906892511443,200,A549+MCF7,AG-490 (Tyrphostin B42),1,predicted,scgen,cells,-0.5
0.008948312449782813,0.9751029074192047,0.06337028022057922,0.997952474215539,200,A549+MCF7,AG-490 (Tyrphostin B42),1,predicted,average_effect,gaussian,0.5
0.008905260585017354,0.9759599387645721,0.062384315244427335,0.9979529995742236,200,A549+MCF7,AG-490 (Tyrphostin B42),1,predicted,nearest_neighbor,gaussian,1.0
0.008434258240087145,0.9797375202178955,0.0550904897711435,0.9981045988732101,200,A549+MCF7,AG-490 (Tyrphostin B42),1,predicted,scgen,gaussian,1.0
0.17410925031997018,0.9759102463722229,0.3012724378565299,0.8003756142049007,200,A549+MCF7,AG-490 (Tyrphostin B42),2,real_blend,real_blend,real,0.5
0.03976155364194287,0.9860856473445893,0.16463456748992822,0.9657977316525971,200,A549+MCF7,AG-490 (Tyrphostin B42),2,real_single,real_single,real,
0.1642305809740138,0.9770774781703949,0.30796691774719753,0.8099385331897564,200,A549+MCF7,AG-490 (Tyrphostin B42),2,predicted,average_effect,cells,0.5
0.1642305809740138,0.9778851211071015,0.3038460909704813,0.8099386120967709,200,A549+MCF7,AG-490 (Tyrphostin B42),2,predicted,nearest_neighbor,cells,0.5
0.5082300886571053,0.9942903459072113,0.6170028761121056,0.6228029799042831,200,A549+MCF7,AG-490 (Tyrphostin B42),2,predicted,scgen,cells,-0.5
0.009127493915047245,0.9760695397853851,0.06081626178738009,0.9974243536243244,200,A549+MCF7,AG-490 (Tyrphostin B42),2,predicted,average_effect,gaussian,0.5
0.009127234838806201,0.9768526673316955,0.06026441148365835,0.9974245188643636,200,A549+MCF7,AG-490 (Tyrphostin B42),2,predicted,nearest_neighbor,gaussian,1.0
0.00815282128956068,0.9804124593734741,0.053748728681882185,0.9977902163379936,200,A549+MCF7,AG-490 (Tyrphostin B42),2,predicted,scgen,gaussian,1.0
0.162515435635141,0.977237218618393,0.29781407729842324,0.8127222571946389,200,A549+MCF7,AG-490 (Tyrphostin B42),3,real_blend,real_blend,real,1.0
0.03976155364194287,0.9860269606113434,0.16141095320607202,0.9657977316525971,200,A549+MCF7,AG-490 (Tyrphostin B42),3,real_single,real_single,real,
0.16620862407910364,0.9783795833587646,0.3159950486284745,0.802410093543044,200,A549+MCF7,AG-490 (Tyrphostin B42),3,predicted,average_effect,cells,0.5
0.16620862407910364,0.9791162490844727,0.312586751562301,0.8024100824826069,200,A549+MCF7,AG-490 (Tyrphostin B42),3,predicted,nearest_neighbor,cells,0.5
0.501504616981655,0.9942786693572998,0.6371286375646253,0.6174650247608703,200,A549+MCF7,AG-490 (Tyrphostin B42),3,predicted,scgen,cells,-0.5
0.009005193382446472,0.9748298525810242,0.05936219054661296,0.9975734443876858,200,A549+MCF7,AG-490 (Tyrphostin B42),3,predicted,average_effect,gaussian,0.5
0.009005052695505012,0.9757383823394775,0.058835019423945534,0.9975738600475195,200,A549+MCF7,AG-490 (Tyrphostin B42),3,predicted,nearest_neighbor,gaussian,1.0
0.008394520837688766,0.9793528258800507,0.05214604642980081,0.9981269417880607,200,A549+MCF7,AG-490 (Tyrphostin B42),3,predicted,scgen,gaussian,1.0
0.1672720236756851,0.9776647806167602,0.31609277793769763,0.8030271479445102,200,A549+MCF7,AICAR (Acadesine),0,real_blend,real_blend,real,1.0
0.04542057817144932,0.9859562516212463,0.15692905419412684,0.9596186562777557,200,A549+MCF7,AICAR (Acadesine),0,real_single,real_single,real,
0.16949077635950738,0.9794973194599151,0.30968518163806913,0.807335810110758,200,A549+MCF7,AICAR (Acadesine),0,predicted,average_effect,cells,0.5
0.16949077635950738,0.9797326683998108,0.30851962183154136,0.8073358662495042,200,A549+MCF7,AICAR (Acadesine),0,predicted,nearest_neighbor,cells,0.5
0.5160408851242384,0.9948669314384461,0.5936702834781906,0.6090750947018461,200,A549+MCF7,AICAR (Acadesine),0,predicted,scgen,cells,1.0
0.008638623857415942,0.9757094562053681,0.06206178777716931,0.9975260548206301,200,A549+MCF7,AICAR (Acadesine),0,predicted,average_effect,gaussian,0.5
0.008638861110945036,0.9759672164916993,0.061776695093257894,0.9975259050272357,200,A549+MCF7,AICAR (Acadesine),0,predicted,nearest_neighbor,gaussian,1.0
0.007959214194069761,0.9799511194229126,0.05495175132659502,0.9980026913390267,200,A549+MCF7,AICAR (Acadesine),0,predicted,scgen,gaussian,1.0
0.16520564895484546,0.9723919451236724,0.30138617249705935,0.8148140193578012,200,A549+MCF7,AICAR (Acadesine),1,real_blend,real_blend,real,1.0
0.04542057817144932,0.9870661854743957,0.17573689894036337,0.9596186562777557,200,A549+MCF7,AICAR (Acadesine),1,real_single,real_single,real,
0.16194960379497922,0.9783934473991394,0.2961451862271788,0.8119468210966847,200,A549+MCF7,AICAR (Acadesine),1,predicted,average_effect,cells,0.5
0.16194960379497922,0.9786139965057373,0.2945279920907151,0.8119466626316714,200,A549+MCF7,AICAR (Acadesine),1,predicted,nearest_neighbor,cells,0.5
0.4904519073396984,0.9952450573444367,0.5934808016870954,0.625490547826488,200,A549+MCF7,AICAR (Acadesine),1,predicted,scgen,cells,1.0
0.008948312449782813,0.9759875476360321,0.06243243129602627,0.9979524762021796,200,A549+MCF7,AICAR (Acadesine),1,predicted,average_effect,gaussian,0.5
0.008905238792635814,0.9762811958789825,0.061924823234361104,0.9979530070674719,200,A549+MCF7,AICAR (Acadesine),1,predicted,nearest_neighbor,gaussian,1.0
0.008434311974996502,0.9804144203662872,0.05471507301553202,0.998104600614849,200,A549+MCF7,AICAR (Acadesine),1,predicted,scgen,gaussian,1.0
0.16571546482429522,0.9762087345123291,0.3071281903915891,0.806202653857204,200,A549+MCF7,AICAR (Acadesine),2,real_blend,real_blend,real,1.0
0.04542057817144932,0.9858860194683075,0.1827636349114804,0.9596186562777557,200,A549+MCF7,AICAR (Acadesine),2,real_single,real_single,real,
0.1642305809740138,0.9778685092926025,0.3021912126488321,0.8099385680403165,200,A549+MCF7,AICAR (Acadesine),2,predicted,average_effect,cells,0.5
0.1642306253903082,0.9780929684638977,0.3002638754051228,0.8099386059647661,200,A549+MCF7,AICAR (Acadesine),2,predicted,nearest_neighbor,cells,0.5
0.508230123181038,0.9944585680961608,0.6028066844836781,0.6228029497743243,200,A549+MCF7,AICAR (Acadesine),2,predicted,scgen,cells,-0.5
0.009127450727192775,0.9768913924694062,0.06089527902074887,0.9974243541099732,200,A549+MCF7,AICAR (Acadesine),2,predicted,average_effect,gaussian,0.5
0.00912719164809034,0.9771328687667846,0.060592581593199135,0.9974245175264823,200,A549+MCF7,AICAR (Acadesine),2,predicted,nearest_neighbor,gaussian,1.0
0.00815282128956068,0.9810475528240203,0.05301829368955868,0.9977902179595267,200,A549+MCF7,AICAR (Acadesine),2,predicted,scgen,gaussian,1.0
0.1726836305145263,0.9790052950382233,0.3095815520433096,0.7982803253669858,200,A549+MCF7,AICAR (Acadesine),3,real_blend,real_blend,real,1.0
0.04542057817144932,0.9871178328990936,0.165679988477078,0.9596186562777557,200,A549+MCF7,AICAR (Acadesine),3,real_single,real_single,real,
0.16620857847550075,0.9791058659553528,0.31112308478316364,0.802409997167247,200,A549+MCF7,AICAR (Acadesine),3,predicted,average_effect,cells,0.5
0.16620862407910364,0.979335618019104,0.31018297501237635,0.8024100580379029,200,A549+MCF7,AICAR (Acadesine),3,predicted,nearest_neighbor,cells,0.5
0.5015046431116246,0.9944535791873932,0.622664797037821,0.6174648929026624,200,A549+MCF7,AICAR (Acadesine),3,predicted,scgen,cells,1.0
0.009005236560604129,0.9756994783878327,0.058673856712087025,0.9975734391788955,200,A549+MCF7,AICAR (Acadesine),3,predicted,average_effect,gaussian,0.5
0.009005052695505012,0.9759743571281433,0.05798353941874779,0.9975738521092545,200,A549+MCF7,AICAR (Acadesine),3,predicted,nearest_neighbor,gaussian,1.0
0.008394520837688766,0.9800337731838227,0.05162209636271664,0.9981269351844241,200,A549+MCF7,AICAR (Acadesine),3,predicted,scgen,gaussian,1.0
0.08450909635336687,0.961501169204712,0.17368002590988985,0.8977026230347267,200,K562+MCF7,(+)-JQ1,0,real_blend,real_blend,real,1.0
0.05178843953549131,0.9797312140464782,0.1529809921134212,0.957024479265943,200,K562+MCF7,(+)-JQ1,0,real_single,real_single,real,
0.11541417487160929,0.9602557122707367,0.2180383821980979,0.8563420761801916,200,K562+MCF7,(+)-JQ1,0,predicted,average_effect,cells,-1.0
0.11541417487160929,0.9537534356117249,0.20081092541604495,0.8563420484097761,200,K562+MCF7,(+)-JQ1,0,predicted,nearest_neighbor,cells,0.5
0.4059686356156648,0.990719610452652,0.5991914795512605,0.6799275729878889,200,K562+MCF7,(+)-JQ1,0,predicted,scgen,cells,0.5
0.008638623857415942,0.971537297964096,0.06190557424530563,0.9975260550125544,200,K562+MCF7,(+)-JQ1,0,predicted,average_effect,gaussian,0.5
0.008638861110945036,0.9670717000961304,0.06305772959484945,0.9975259112118694,200,K562+MCF7,(+)-JQ1,0,predicted,nearest_neighbor,gaussian,0.5
0.007959214194069761,0.9761097252368927,0.05569703458259034,0.9980026914474855,200,K562+MCF7,(+)-JQ1,0,predicted,scgen,gaussian,0.5
0.0905412732592333,0.9569580256938934,0.1797950284797375,0.892451745368824,200,K562+MCF7,(+)-JQ1,1,real_blend,real_blend,real,1.0
0.05178843953549131,0.9803308188915253,0.1390617794544956,0.957024479265943,200,K562+MCF7,(+)-JQ1,1,real_single,real_single,real,
0.12229789909807928,0.9657671988010407,0.24829513312591145,0.840181992463286,200,K562+MCF7,(+)-JQ1,1,predicted,average_effect,cells,-1.0
0.122297952411769,0.959699559211731,0.22783708700125282,0.8401819697808237,200,K562+MCF7,(+)-JQ1,1,predicted,nearest_neighbor,cells,0.5
0.4162194577737782,0.9928906917572021,0.6338341354172847,0.6619284721906341,200,K562+MCF7,(+)-JQ1,1,predicted,scgen,cells,0.5
0.008948398833505757,0.9722691893577575,0.060788721742153884,0.997952474375037,200,K562+MCF7,(+)-JQ1,1,predicted,average_effect,gaussian,0.5
0.008905238792635814,0.9682416915893555,0.06168616543098793,0.9979530038193356,200,K562+MCF7,(+)-JQ1,1,predicted,nearest_neighbor,gaussian,0.5
0.008434258240087145,0.9769550740718842,0.054750295451059805,0.998104610874669,200,K562+MCF7,(+)-JQ1,1,predicted,scgen,gaussian,1.0
0.08850743621186412,0.96186283826828,0.1746976067648256,0.8931554767739908,200,K562+MCF7,(+)-JQ1,2,real_blend,real_blend,real,1.0
0.05178843953549131,0.9807190120220184,0.15385763606184766,0.957024479265943,200,K562+MCF7,(+)-JQ1,2,real_single,real_single,real,
0.1158309530899573,0.9601157903671265,0.22930916357483322,0.8549505245910446,200,K562+MCF7,(+)-JQ1,2,predicted,average_effect,cells,0.5
0.1158309530899573,0.9536421358585357,0.20835818005518547,0.854950488263508,200,K562+MCF7,(+)-JQ1,2,predicted,nearest_neighbor,cells,0.5
0.40519956464642004,0.9905617713928223,0.6121985751454214,0.6857475864072274,200,K562+MCF7,(+)-JQ1,2,predicted,scgen,cells,0.5
0.009127493915047245,0.9725838541984558,0.06265872856656107,0.9974243582595991,200,K562+MCF7,(+)-JQ1,2,predicted,average_effect,gaussian,1.0
0.009127234838806201,0.9686545610427857,0.06358763868605544,0.9974245205253149,200,K562+MCF7,(+)-JQ1,2,predicted,nearest_neighbor,gaussian,0.5
0.00815282128956068,0.977256852388382,0.05677314563734681,0.997790223317142,200,K562+MCF7,(+)-JQ1,2,predicted,scgen,gaussian,1.0
0.09274033870567688,0.9625721573829651,0.19136098112580402,0.8913671969431347,200,K562+MCF7,(+)-JQ1,3,real_blend,real_blend,real,1.0
0.05178843953549131,0.9791683375835418,0.15682436710705683,0.957024479265943,200,K562+MCF7,(+)-JQ1,3,real_single,real_single,real,
0.11086997712707396,0.9640329539775848,0.24025497472254143,0.8546538099292897,200,K562+MCF7,(+)-JQ1,3,predicted,average_effect,cells,-0.5
0.1108700365619717,0.9578547239303589,0.21936534095695015,0.8546537855373825,200,K562+MCF7,(+)-JQ1,3,predicted,nearest_neighbor,cells,0.5
0.3972806351654519,0.9923449456691742,0.6217169946686423,0.6808734021668991,200,K562+MCF7,(+)-JQ1,3,predicted,scgen,cells,0.5
0.009005236560604129,0.9718376457691192,0.057609721697743144,0.9975734438953185,200,K562+MCF7,(+)-JQ1,3,predicted,average_effect,gaussian,0.5
0.009005052695505012,0.9674812197685242,0.059329129131919345,0.9975738601239396,200,K562+MCF7,(+)-JQ1,3,predicted,nearest_neighbor,gaussian,0.5
0.008394520837688766,0.9765282213687897,0.051565789020942,0.9981269434768779,200,K562+MCF7,(+)-JQ1,3,predicted,scgen,gaussian,1.0
0.11145098571056213,0.9646975576877594,0.1954296477885873,0.8540751818797357,200,K562+MCF7,2-Methoxyestradiol (2-MeOE2),0,real_blend,real_blend,real,1.0
0.04165306123494022,0.9847670316696167,0.16789859088805614,0.9645101231131066,200,K562+MCF7,2-Methoxyestradiol (2-MeOE2),0,real_single,real_single,real,
0.11541417487160929,0.9656960904598236,0.20427339022943225,0.8563421688083871,200,K562+MCF7,2-Methoxyestradiol (2-MeOE2),0,predicted,average_effect,cells,0.5
0.11541417487160929,0.9638224899768829,0.20369534047246052,0.8563421610148236,200,K562+MCF7,2-Methoxyestradiol (2-MeOE2),0,predicted,nearest_neighbor,cells,0.5
0.4059686356156648,0.9920371413230896,0.5383375144270371,0.6799275811109698,200,K562+MCF7,2-Methoxyestradiol (2-MeOE2),0,predicted,scgen,cells,0.5
0.008638667178549176,0.975419408082962,0.0604835664242479,0.9975260602258107,200,K562+MCF7,2-Methoxyestradiol (2-MeOE2),0,predicted,average_effect,gaussian,0.5
0.008638775211356451,0.974262273311615,0.060930602606169004,0.9975259124745436,200,K562+MCF7,2-Methoxyestradiol (2-MeOE2),0,predicted,nearest_neighbor,gaussian,1.0
0.007959187526640762,0.9798234045505524,0.053948362312379095,0.9980026863266944,200,K562+MCF7,2-Methoxyestradiol (2-MeOE2),0,predicted,scgen,gaussian,1.0
0.1177896270910856,0.9597461223602295,0.20222701584550784,0.8539768686455108,200,K562+MCF7,2-Methoxyestradiol (2-MeOE2),1,real_blend,real_blend,real,1.0
0.04165306123494022,0.9856026291847229,0.1731446300322227,0.9645101231131066,200,K562+MCF7,2-Methoxyestradiol (2-MeOE2),1,real_single,real_single,real,
0.12229801315412071,0.9705020844936371,0.2322000219087771,0.8401819805190026,200,K562+MCF7,2-Methoxyestradiol (2-MeOE2),1,predicted,average_effect,cells,0.5
0.12229784578438309,0.969019103050232,0.2301009264904198,0.8401820341202995,200,K562+MCF7,2-Methoxyestradiol (2-MeOE2),1,predicted,nearest_neighbor,cells,1.0
0.41621938299909567,0.9939115703105926,0.5704593615773503,0.661928282417595,200,K562+MCF7,2-Methoxyestradiol (2-MeOE2),1,predicted,scgen,cells,0.5
0.008948485217213642,0.9761323392391205,0.05898374582806465,0.9979524778127155,200,K562+MCF7,2-Methoxyestradiol (2-MeOE2),1,predicted,average_effect,gaussian,0.5
0.008905238792635814,0.9749741435050965,0.059894364731519656,0.997953003659174,200,K562+MCF7,2-Methoxyestradiol (2-MeOE2),1,predicted,nearest_neighbor,gaussian,1.0
0.008434231372632467,0.9805013835430145,0.05263226386798148,0.998104600986174,200,K562+MCF7,2-Methoxyestradiol (2-MeOE2),1,predicted,scgen,gaussian,1.0
0.11279465391608713,0.9647615730762482,0.21199799201253766,0.8546619763383714,200,K562+MCF7,2-Methoxyestradiol (2-MeOE2),2,real_blend,real_blend,real,1.0
0.04165306123494022,0.9859057068824768,0.16649057484174434,0.9645101231131066,200,K562+MCF7,2-Methoxyestradiol (2-MeOE2),2,real_single,real_single,real,
0.11583100757871334,0.9658032238483429,0.2148914558156726,0.854950597220305,200,K562+MCF7,2-Methoxyestradiol (2-MeOE2),2,predicted,average_effect,cells,0.5
0.11583100757871334,0.9640868663787842,0.2122760833664843,0.8549505753628674,200,K562+MCF7,2-Methoxyestradiol (2-MeOE2),2,predicted,nearest_neighbor,cells,0.5
0.40519956464642004,0.9919508814811706,0.5518398716018204,0.6857475499099333,200,K562+MCF7,2-Methoxyestradiol (2-MeOE2),2,predicted,scgen,cells,-1.0
0.009127493915047245,0.9764407336711883,0.062418255563550185,0.9974243494070445,200,K562+MCF7,2-Methoxyestradiol (2-MeOE2),2,predicted,average_effect,gaussian,0.5
0.009127234838806201,0.9753183901309967,0.06327310952943266,0.997424521433499,200,K562+MCF7,2-Methoxyestradiol (2-MeOE2),2,predicted,nearest_neighbor,gaussian,1.0
0.00815287456204689,0.980789703130722,0.05477321128179158,0.9977902108944928,200,K562+MCF7,2-Methoxyestradiol (2-MeOE2),2,predicted,scgen,gaussian,1.0
0.11655263416146923,0.9674554109573364,0.18696548915559774,0.853336401369405,200,K562+MCF7,2-Methoxyestradiol (2-MeOE2),3,real_blend,real_blend,real,1.0
0.04165306123494022,0.9851043581962585,0.16166892962156587,0.9645101231131066,200,K562+MCF7,2-Methoxyestradiol (2-MeOE2),3,real_single,real_single,real,
0.1108700365619717,0.9689560770988465,0.22570103114395812,0.8546537568640659,200,K562+MCF7,2-Methoxyestradiol (2-MeOE2),3,predicted,average_effect,cells,0.5
0.1108700365619717,0.9673914194107056,0.22379796494574666,0.8546537564013121,200,K562+MCF7,2-Methoxyestradiol (2-MeOE2),3,predicted,nearest_neighbor,cells,1.0
0.39728064632556126,0.9934991955757141,0.5632855395733054,0.6808734436857203,200,K562+MCF7,2-Methoxyestradiol (2-MeOE2),3,predicted,scgen,cells,-1.0
0.009005236560604129,0.975725257396698,0.05643824118677332,0.9975734386671378,200,K562+MCF7,2-Methoxyestradiol (2-MeOE2),3,predicted,average_effect,gaussian,0.5
0.009005095876507859,0.9746406435966491,0.057374706293770616,0.997573864409267,200,K562+MCF7,2-Methoxyestradiol (2-MeOE2),3,predicted,nearest_neighbor,gaussian,1.0
0.008394520837688766,0.980157345533371,0.050071737518446624,0.9981269360272121,200,K562+MCF7,2-Methoxyestradiol (2-MeOE2),3,predicted,scgen,gaussian,1.0
0.11079497326668969,0.9658237338066101,0.21409359478472278,0.8607207317938337,200,K562+MCF7,A-366,0,real_blend,real_blend,real,1.0
0.04305656077517981,0.9863903105258942,0.1543953616771514,0.9645157053253839,200,K562+MCF7,A-366,0,real_single,real_single,real,
0.11541417487160929,0.9671034395694733,0.20129153051820525,0.8563421271652228,200,K562+MCF7,A-366,0,predicted,average_effect,cells,0.5
0.11541417487160929,0.9669780910015107,0.20064899743539277,0.8563421113272909,200,K562+MCF7,A-366,0,predicted,nearest_neighbor,cells,0.5
0.40596862863547717,0.9923809170722961,0.5269027839113898,0.6799275970535853,200,K562+MCF7,A-366,0,predicted,scgen,cells,1.0
0.008638667178549176,0.976367849111557,0.059604760577475435,0.9975260519392584,200,K562+MCF7,A-366,0,predicted,average_effect,gaussian,0.5
0.008638861110945036,0.9763391137123107,0.059681543698745454,0.9975259078448374,200,K562+MCF7,A-366,0,predicted,nearest_neighbor,gaussian,1.0
0.007959214194069761,0.9805907011032104,0.05326932195396106,0.9980026910099381,200,K562+MCF7,A-366,0,predicted,scgen,gaussian,1.0
0.11732140994931173,0.96465984582901,0.2209552368126355,0.8488652492308437,200,K562+MCF7,A-366,1,real_blend,real_blend,real,1.0
0.04305656077517981,0.9857196867465973,0.15208726197034694,0.9645157053253839,200,K562+MCF7,A-366,1,real_single,real_single,real,
0.12229801315412071,0.9716112077236175,0.229265296464358,0.8401819411240872,200,K562+MCF7,A-366,1,predicted,average_effect,cells,0.5
0.12229795984043469,0.971549528837204,0.22718208548086638,0.8401819775322452,200,K562+MCF7,A-366,1,predicted,nearest_neighbor,cells,0.5
0.4162194577737782,0.9941225349903107,0.5567379775285992,0.6619282314373011,200,K562+MCF7,A-366,1,predicted,scgen,cells,0.5
0.008948485217213642,0.9770832836627961,0.05864410686258814,0.997952479156201,200,K562+MCF7,A-366,1,predicted,average_effect,gaussian,0.5
0.008905238792635814,0.9770662546157837,0.05886537978280948,0.9979530021679208,200,K562+MCF7,A-366,1,predicted,nearest_neighbor,gaussian,1.0
0.008434231372632467,0.9812607944011689,0.052006775678132944,0.9981046080706397,200,K562+MCF7,A-366,1,predicted,scgen,gaussian,1.0
0.11509618788604914,0.9666731059551239,0.20723589868703574,0.8551397454532115,200,K562+MCF7,A-366,2,real_blend,real_blend,real,1.0
0.04305656077517981,0.9864660859107971,0.15061751691203318,0.9645157053253839,200,K562+MCF7,A-366,2,real_single,real_single,real,
0.1158309530899573,0.9671690106391907,0.21181041050649585,0.8549505603582921,200,K562+MCF7,A-366,2,predicted,average_effect,cells,0.5
0.1158309530899573,0.9671559035778046,0.21143612035650994,0.8549505630223647,200,K562+MCF7,A-366,2,predicted,nearest_neighbor,cells,1.0
0.4051995094685265,0.9922896087169647,0.5404685785528937,0.685747562654739,200,K562+MCF7,A-366,2,predicted,scgen,cells,-0.5
0.009127450727192775,0.9773342192173005,0.06189851368421084,0.9974243554614776,200,K562+MCF7,A-366,2,predicted,average_effect,gaussian,0.5
0.009127234838806201,0.9773328125476837,0.06155083794448202,0.9974245198313418,200,K562+MCF7,A-366,2,predicted,nearest_neighbor,gaussian,1.0
0.00815287456204689,0.981520026922226,0.054128109908366584,0.9977902157051263,200,K562+MCF7,A-366,2,predicted,scgen,gaussian,1.0
0.11441817879426434,0.9694659173488617,0.20919476085239908,0.8551673640107795,200,K562+MCF7,A-366,3,real_blend,real_blend,real,1.0
0.04305656077517981,0.9864615380764008,0.15464157431616166,0.9645157053253839,200,K562+MCF7,A-366,3,real_single,real_single,real,
0.1108700365619717,0.9701150476932525,0.22369786911703105,0.8546537742116593,200,K562+MCF7,A-366,3,predicted,average_effect,cells,0.5
0.11086997712707396,0.9700369298458099,0.22222960587719442,0.8546537576305552,200,K562+MCF7,A-366,3,predicted,nearest_neighbor,cells,1.0
0.3972805808421481,0.9937669992446899,0.5520163530006501,0.6808734127707459,200,K562+MCF7,A-366,3,predicted,scgen,cells,-0.5
0.009005236560604129,0.9766500473022461,0.05585897912784099,0.9975734462214937,200,K562+MCF7,A-366,3,predicted,average_effect,gaussian,0.5
0.009005052695505012,0.9766044855117798,0.056169559046507,0.997573861731142,200,K562+MCF7,A-366,3,predicted,nearest_neighbor,gaussian,1.0
0.008394520837688766,0.9809062123298645,0.0495987937040685,0.9981269307653939,200,K562+MCF7,A-366,3,predicted,scgen,gaussian,1.0
0.11654020032914347,0.9677400290966034,0.2230149218254036,0.8465780416383087,200,K562+MCF7,ABT-737,0,real_blend,real_blend,real,0.5
0.04666694715088631,0.9868945360183716,0.17783803343423088,0.9600699668449095,200,K562+MCF7,ABT-737,0,real_single,real_single,real,
0.11541417487160929,0.9683951795101166,0.19833892749187831,0.8563421322523085,200,K562+MCF7,ABT-737,0,predicted,average_effect,cells,0.5
0.11541417487160929,0.9691794514656067,0.19718862947976035,0.8563421574704833,200,K562+MCF7,ABT-737,0,predicted,nearest_neighbor,cells,0.5
0.4059686356156648,0.9926816999912262,0.5129243569647909,0.6799274747751922,200,K562+MCF7,ABT-737,0,predicted,scgen,cells,1.0
0.008638667178549176,0.9772777736186982,0.05913732124805737,0.9975260587982753,200,K562+MCF7,ABT-737,0,predicted,average_effect,gaussian,0.5
0.008638775211356451,0.9778158307075501,0.058585384481034675,0.9975259156874443,200,K562+MCF7,ABT-737,0,predicted,nearest_neighbor,gaussian,1.0
0.007959187526640762,0.9813290297985077,0.05277259057639461,0.9980027062569857,200,K562+MCF7,ABT-737,0,predicted,scgen,gaussian,1.0
0.12512941414047205,0.9674547612667084,0.2181418037261198,0.8364133413757365,200,K562+MCF7,ABT-737,1,real_blend,real_blend,real,0.5
0.04666694715088631,0.9855656147003173,0.17838972713224288,0.9600699668449095,200,K562+MCF7,ABT-737,1,real_single,real_single,real,
0.12229790652674219,0.9726444721221924,0.22568712374283906,0.8401820277344795,200,K562+MCF7,ABT-737,1,predicted,average_effect,cells,0.5
0.12229795984043469,0.9733011782169342,0.22436018454670714,0.8401819885737215,200,K562+MCF7,ABT-737,1,predicted,nearest_neighbor,cells,0.5
0.4162194973353934,0.994335675239563,0.5423659393622055,0.6619282896229577,200,K562+MCF7,ABT-737,1,predicted,scgen,cells,1.0
0.008948398833505757,0.9779362082481384,0.058602381063836195,0.9979524787209694,200,K562+MCF7,ABT-737,1,predicted,average_effect,gaussian,0.5
0.008905238792635814,0.9784846782684327,0.058145216947999456,0.9979529999125262,200,K562+MCF7,ABT-737,1,predicted,nearest_neighbor,gaussian,1.0
0.008434231372632467,0.9819714605808259,0.05171890256842293,0.9981046040585468,200,K562+MCF7,ABT-737,1,predicted,scgen,gaussian,1.0
0.1168843615392627,0.9667649805545807,0.21971105063571894,0.8436748140521835,200,K562+MCF7,ABT-737,2,real_blend,real_blend,real,0.5
0.04666694715088631,0.9850554525852203,0.17058508438673126,0.9600699668449095,200,K562+MCF7,ABT-737,2,real_single,real_single,real,
0.11583100757871334,0.9684535741806031,0.20848735952215924,0.8549505292954458,200,K562+MCF7,ABT-737,2,predicted,average_effect,cells,0.5
0.1158309530899573,0.9692107856273651,0.20698234694075002,0.8549505817388665,200,K562+MCF7,ABT-737,2,predicted,nearest_neighbor,cells,0.5
0.40519956464642004,0.992585277557373,0.5284975679658157,0.685747573893341,200,K562+MCF7,ABT-737,2,predicted,scgen,cells,-0.5
0.009127450727192775,0.9781928062438965,0.061692684770891626,0.9974243499047032,200,K562+MCF7,ABT-737,2,predicted,average_effect,gaussian,0.5
0.009127234838806201,0.9786982417106629,0.06082197556371283,0.9974245286632587,200,K562+MCF7,ABT-737,2,predicted,nearest_neighbor,gaussian,1.0
0.00815282128956068,0.9822230458259582,0.053504330413361334,0.9977902131278735,200,K562+MCF7,ABT-737,2,predicted,scgen,gaussian,1.0
0.11931593053101648,0.9714995861053467,0.22790116574130592,0.8347965450197741,200,K562+MCF7,ABT-737,3,real_blend,real_blend,real,0.5
0.04666694715088631,0.9853549480438233,0.17295424850795782,0.9600699668449095,200,K562+MCF7,ABT-737,3,real_single,real_single,real,
0.1108700365619717,0.9712096989154816,0.22008361299907742,0.854653792857529,200,K562+MCF7,ABT-737,3,predicted,average_effect,cells,0.5
0.1108700365619717,0.9719086170196534,0.21931003199285826,0.8546538161438325,200,K562+MCF7,ABT-737,3,predicted,nearest_neighbor,cells,0.5
0.3972805808421481,0.9939779758453369,0.5382091894825625,0.6808734883257618,200,K562+MCF7,ABT-737,3,predicted,scgen,cells,-1.0
0.00900510780377909,0.9775661885738373,0.055777753283357545,0.9975734521035571,200,K562+MCF7,ABT-737,3,predicted,average_effect,gaussian,0.5
0.009005052695505012,0.9781322777271271,0.05528548086210516,0.9975738568703432,200,K562+MCF7,ABT-737,3,predicted,nearest_neighbor,gaussian,1.0
0.008394520837688766,0.9816430866718292,0.04899068189801059,0.998126936193997,200,K562+MCF7,ABT-737,3,predicted,scgen,gaussian,1.0
0.12261018446594528,0.9685347080230713,0.23634268530964642,0.8400432035507401,200,K562+MCF7,AC480 (BMS-599626),0,real_blend,real_blend,real,0.5
0.046760529967178006,0.9850697159767151,0.16422487373619177,0.9571694418066717,200,K562+MCF7,AC480 (BMS-599626),0,real_single,real_single,real,
0.11541417487160929,0.9676343202590942,0.20052029302507923,0.8563421230658421,200,K562+MCF7,AC480 (BMS-599626),0,predicted,average_effect,cells,0.5
0.11541417487160929,0.968108469247818,0.1986183291112268,0.8563421033111672,200,K562+MCF7,AC480 (BMS-599626),0,predicted,nearest_neighbor,cells,0.5
0.4059686356156648,0.9925022602081299,0.5220687793334268,0.6799274681918012,200,K562+MCF7,AC480 (BMS-599626),0,predicted,scgen,cells,1.0
0.008638667178549176,0.9767411351203918,0.059351086342602444,0.9975260550094849,200,K562+MCF7,AC480 (BMS-599626),0,predicted,average_effect,gaussian,0.5
0.008638775211356451,0.9771228909492493,0.05918630421108617,0.9975259107619011,200,K562+MCF7,AC480 (BMS-599626),0,predicted,nearest_neighbor,gaussian,1.0
0.007959214194069761,0.9808965206146241,0.05315924595377952,0.9980026927946793,200,K562+MCF7,AC480 (BMS-599626),0,predicted,scgen,gaussian,1.0
0.11753785978604063,0.9677597999572753,0.2418964760404606,0.8467750222672782,200,K562+MCF7,AC480 (BMS-599626),1,real_blend,real_blend,real,1.0
0.046760529967178006,0.9854572832584381,0.1773370147162978,0.9571694418066717,200,K562+MCF7,AC480 (BMS-599626),1,real_single,real_single,real,
0.12229795984043469,0.9720489680767059,0.22725071450948053,0.8401819697635442,200,K562+MCF7,AC480 (BMS-599626),1,predicted,average_effect,cells,0.5
0.12229789166941728,0.9724410712718964,0.2252449134532556,0.8401819932477257,200,K562+MCF7,AC480 (BMS-599626),1,predicted,nearest_neighbor,cells,1.0
0.41621944458657323,0.99422527551651,0.5512936983002422,0.6619283293294903,200,K562+MCF7,AC480 (BMS-599626),1,predicted,scgen,cells,1.0
0.008948398833505757,0.9774751245975495,0.0586647905706944,0.9979524724305632,200,K562+MCF7,AC480 (BMS-599626),1,predicted,average_effect,gaussian,0.5
0.008905238792635814,0.9778209805488587,0.05825637870783107,0.9979530111697137,200,K562+MCF7,AC480 (BMS-599626),1,predicted,nearest_neighbor,gaussian,1.0
0.008434258240087145,0.9815619766712189,0.0517544343540306,0.9981045999660143,200,K562+MCF7,AC480 (BMS-599626),1,predicted,scgen,gaussian,1.0
0.1251308015756029,0.9702441930770874,0.20804170667355715,0.84132010538158,200,K562+MCF7,AC480 (BMS-599626),2,real_blend,real_blend,real,0.5
0.046760529967178006,0.9859386146068573,0.17461410915431452,0.9571694418066717,200,K562+MCF7,AC480 (BMS-599626),2,real_single,real_single,real,
0.11583100757871334,0.9677321195602417,0.21025750826792,0.8549505500150263,200,K562+MCF7,AC480 (BMS-599626),2,predicted,average_effect,cells,0.5
0.1158309530899573,0.968175208568573,0.2098383591660833,0.8549505363286474,200,K562+MCF7,AC480 (BMS-599626),2,predicted,nearest_neighbor,cells,0.5
0.40519956464642004,0.9924103021621704,0.5357193098851148,0.6857475257139379,200,K562+MCF7,AC480 (BMS-599626),2,predicted,scgen,cells,0.5
0.009127450727192775,0.9777366399765015,0.061331688466314205,0.9974243505020463,200,K562+MCF7,AC480 (BMS-599626),2,predicted,average_effect,gaussian,0.5
0.009127234838806201,0.978089439868927,0.060982226654655025,0.997424524193365,200,K562+MCF7,AC480 (BMS-599626),2,predicted,nearest_neighbor,gaussian,1.0
0.00815287456204689,0.9818181812763214,0.0537419337642252,0.9977902194554708,200,K562+MCF7,AC480 (BMS-599626),2,predicted,scgen,gaussian,1.0
0.11680861983576091,0.9687662839889526,0.21297453669459887,0.845393044838926,200,K562+MCF7,AC480 (BMS-599626),3,real_blend,real_blend,real,0.5
0.046760529967178006,0.9866787791252136,0.17597979849220446,0.9571694418066717,200,K562+MCF7,AC480 (BMS-599626),3,real_single,real_single,real,
0.1108700365619717,0.9706067979335785,0.22210060192862968,0.8546537877888123,200,K562+MCF7,AC480 (BMS-599626),3,predicted,average_effect,cells,0.5
0.11086997712707396,0.9710090041160584,0.22027820929878017,0.8546537317569357,200,K562+MCF7,AC480 (BMS-599626),3,predicted,nearest_neighbor,cells,0.5
0.39728064632556126,0.9938743114471436,0.5455806493082298,0.68087342707153,200,K562+MCF7,AC480 (BMS-599626),3,predicted,scgen,cells,-0.5
0.009005193382446472,0.9770221590995789,0.055860027703651394,0.9975734428320631,200,K562+MCF7,AC480 (BMS-599626),3,predicted,average_effect,gaussian,0.5
0.009005095876507859,0.9774222910404206,0.0559885413975183,0.9975738513041325,200,K562+MCF7,AC480 (BMS-599626),3,predicted,nearest_neighbor,gaussian,1.0
0.008394520837688766,0.9812122166156769,0.049417552873603054,0.9981269380618085,200,K562+MCF7,AC480 (BMS-599626),3,predicted,scgen,gaussian,1.0
0.11377918928448631,0.9666194319725037,0.1993404767257173,0.8626481271120959,200,K562+MCF7,AG-14361,0,real_blend,real_blend,real,1.0
0.044695373374812754,0.9855020821094513,0.145907620908737,0.9653472989894966,200,K562+MCF7,AG-14361,0,real_single,real_single,real,
0.11541417487160929,0.9670514225959778,0.20116948613680674,0.8563421749812974,200,K562+MCF7,AG-14361,0,predicted,average_effect,cells,0.5
0.11541417487160929,0.966305947303772,0.20231809683729307,0.8563420851521208,200,K562+MCF7,AG-14361,0,predicted,nearest_neighbor,cells,0.5
0.4059686356156648,0.9923747658729554,0.5253691973281432,0.6799276304579916,200,K562+MCF7,AG-14361,0,predicted,scgen,cells,0.5
0.008638623857415942,0.9763923525810242,0.05986529249317629,0.9975260532424954,200,K562+MCF7,AG-14361,0,predicted,average_effect,gaussian,0.5
0.008638817786883917,0.9758953154087067,0.059369244876289584,0.99752591212574,200,K562+MCF7,AG-14361,0,predicted,nearest_neighbor,gaussian,1.0
0.007959187526640762,0.9806182742118835,0.05333407482766528,0.9980026940826431,200,K562+MCF7,AG-14361,0,predicted,scgen,gaussian,1.0
0.11654816088577942,0.9641830563545227,0.2109728632924983,0.8537209919383842,200,K562+MCF7,AG-14361,1,real_blend,real_blend,real,1.0
0.044695373374812754,0.9857038497924805,0.15477568289438326,0.9653472989894966,200,K562+MCF7,AG-14361,1,real_single,real_single,real,
0.12229801315412071,0.9716433465480805,0.2279488490934305,0.8401819814821575,200,K562+MCF7,AG-14361,1,predicted,average_effect,cells,0.5
0.12229789909807928,0.9710627555847168,0.22977521500196907,0.8401819920484288,200,K562+MCF7,AG-14361,1,predicted,nearest_neighbor,cells,1.0
0.41621944458657323,0.9941296815872193,0.5554568677667724,0.6619283387760808,200,K562+MCF7,AG-14361,1,predicted,scgen,cells,1.0
0.008948398833505757,0.9770807564258576,0.05894466733069714,0.9979524689437698,200,K562+MCF7,AG-14361,1,predicted,average_effect,gaussian,0.5
0.008905282377398894,0.9765860319137574,0.05928970308378134,0.9979530028007688,200,K562+MCF7,AG-14361,1,predicted,nearest_neighbor,gaussian,1.0
0.008434258240087145,0.9812817275524139,0.05202346073682429,0.998104596829838,200,K562+MCF7,AG-14361,1,predicted,scgen,gaussian,1.0
0.1126935963115448,0.965831196308136,0.22171685392922424,0.8645433836989972,200,K562+MCF7,AG-14361,2,real_blend,real_blend,real,1.0
0.044695373374812754,0.9855965197086334,0.14933170084308078,0.9653472989894966,200,K562+MCF7,AG-14361,2,real_single,real_single,real,
0.11583100757871334,0.967174768447876,0.2111737717852631,0.8549504951762344,200,K562+MCF7,AG-14361,2,predicted,average_effect,cells,0.5
0.1158309530899573,0.9664938747882843,0.2131392953695539,0.854950547689972,200,K562+MCF7,AG-14361,2,predicted,nearest_neighbor,cells,0.5
0.4051995508519467,0.9922773778438568,0.5380883876419633,0.6857475072093256,200,K562+MCF7,AG-14361,2,predicted,scgen,cells,-0.5
0.009127493915047245,0.9773387551307678,0.06196157084841447,0.9974243636655521,200,K562+MCF7,AG-14361,2,predicted,average_effect,gaussian,0.5
0.009127234838806201,0.9768376410007477,0.061671506881385896,0.9974245132812964,200,K562+MCF7,AG-14361,2,predicted,nearest_neighbor,gaussian,1.0
0.00815282128956068,0.9815517663955688,0.05422289095640287,0.9977902028075584,200,K562+MCF7,AG-14361,2,predicted,scgen,gaussian,1.0
0.116442092725312,0.9688304126262665,0.22012621077713845,0.8576979781059735,200,K562+MCF7,AG-14361,3,real_blend,real_blend,real,1.0
0.044695373374812754,0.9862818956375122,0.1514424373093659,0.9653472989894966,200,K562+MCF7,AG-14361,3,real_single,real_single,real,
0.11087005142069613,0.9701296091079712,0.22267226092137193,0.8546537686330175,200,K562+MCF7,AG-14361,3,predicted,average_effect,cells,0.5
0.1108700365619717,0.9694606542587281,0.22408530884636546,0.854653742372502,200,K562+MCF7,AG-14361,3,predicted,nearest_neighbor,cells,0.5
0.3972806351654519,0.9937631011009216,0.5500033482232982,0.6808734092195636,200,K562+MCF7,AG-14361,3,predicted,scgen,cells,-0.5
0.009005150981940475,0.9766211152076721,0.056155447326658,0.9975734483258998,200,K562+MCF7,AG-14361,3,predicted,average_effect,gaussian,0.5
0.009005052695505012,0.9760877788066864,0.05624716601585855,0.9975738635162675,200,K562+MCF7,AG-14361,3,predicted,nearest_neighbor,gaussian,1.0
0.008394520837688766,0.9809346258640289,0.04972989143339834,0.998126934100377,200,K562+MCF7,AG-14361,3,predicted,scgen,gaussian,1.0
0.11254794481901124,0.9678837418556213,0.21874136171885517,0.8541284546974742,200,K562+MCF7,AG-490 (Tyrphostin B42),0,real_blend,real_blend,real,1.0
0.03976155364194287,0.9868774890899659,0.17702456486050522,0.9657977316525971,200,K562+MCF7,AG-490 (Tyrphostin B42),0,real_single,real_single,real,
0.11541417487160929,0.9661155998706817,0.20315918648745035,0.8563421533665906,200,K562+MCF7,AG-490 (Tyrphostin B42),0,predicted,average_effect,cells,0.5
0.11541411267132912,0.9651120007038116,0.20252105631628703,0.8563421776673928,200,K562+MCF7,AG-490 (Tyrphostin B42),0,predicted,nearest_neighbor,cells,0.5
0.40596862863547717,0.9921363294124603,0.5350705657121986,0.6799274686643015,200,K562+MCF7,AG-490 (Tyrphostin B42),0,predicted,scgen,cells,-1.0
0.008638667178549176,0.9757248759269714,0.05998937398823745,0.9975260593770529,200,K562+MCF7,AG-490 (Tyrphostin B42),0,predicted,average_effect,gaussian,0.5
0.008638775211356451,0.9751221358776092,0.06042702985751869,0.9975259063454858,200,K562+MCF7,AG-490 (Tyrphostin B42),0,predicted,nearest_neighbor,gaussian,1.0
0.007959214194069761,0.9800537109375,0.05361999953782148,0.9980027091811866,200,K562+MCF7,AG-490 (Tyrphostin B42),0,predicted,scgen,gaussian,1.0
0.11162920187042723,0.9618143856525421,0.20935957474956302,0.8592162753226303,200,K562+MCF7,AG-490 (Tyrphostin B42),1,real_blend,real_blend,real,1.0
0.03976155364194287,0.9860497355461121,0.16417092298766767,0.9657977316525971,200,K562+MCF7,AG-490 (Tyrphostin B42),1,real_single,real_single,real,
0.12229789909807928,0.9708282053470612,0.23148435483072083,0.8401819397959813,200,K562+MCF7,AG-490 (Tyrphostin B42),1,predicted,average_effect,cells,0.5
0.12229790652674219,0.9700362145900726,0.23038497266223368,0.8401820047500451,200,K562+MCF7,AG-490 (Tyrphostin B42),1,predicted,nearest_neighbor,cells,1.0
0.41621944458657323,0.9939727783203125,0.5650228885061771,0.6619283749265367,200,K562+MCF7,AG-490 (Tyrphostin B42),1,predicted,scgen,cells,-0.5
0.008948398833505757,0.9764381110668182,0.05879773241180508,0.9979524715379494,200,K562+MCF7,AG-490 (Tyrphostin B42),1,predicted,average_effect,gaussian,0.5
0.008905238792635814,0.9758092641830445,0.05964509871449075,0.9979530084581927,200,K562+MCF7,AG-490 (Tyrphostin B42),1,predicted,nearest_neighbor,gaussian,1.0
0.008434311974996502,0.9807325601577759,0.05233286936709902,0.9981046054728799,200,K562+MCF7,AG-490 (Tyrphostin B42),1,predicted,scgen,gaussian,1.0
0.11741103239221552,0.967385470867157,0.22694143850035453,0.8451417836382086,200,K562+MCF7,AG-490 (Tyrphostin B42),2,real_blend,real_blend,real,1.0
0.03976155364194287,0.9860856473445893,0.16463456748992822,0.9657977316525971,200,K562+MCF7,AG-490 (Tyrphostin B42),2,real_single,real_single,real,
0.11583100757871334,0.9662506580352783,0.2137273694197086,0.8549505618801233,200,K562+MCF7,AG-490 (Tyrphostin B42),2,predicted,average_effect,cells,0.5
0.1158309530899573,0.9652866065502167,0.21171092458574803,0.8549505372329451,200,K562+MCF7,AG-490 (Tyrphostin B42),2,predicted,nearest_neighbor,cells,0.5
0.40519949567405317,0.9920505940914154,0.5483550502711414,0.685747585396818,200,K562+MCF7,AG-490 (Tyrphostin B42),2,predicted,scgen,cells,-1.0
0.009127450727192775,0.9767345011234283,0.062376326806281135,0.9974243546765221,200,K562+MCF7,AG-490 (Tyrphostin B42),2,predicted,average_effect,gaussian,0.5
0.009127234838806201,0.9761196970939636,0.06305444179171638,0.997424511423559,200,K562+MCF7,AG-490 (Tyrphostin B42),2,predicted,nearest_neighbor,gaussian,1.0
0.00815282128956068,0.9810165166854858,0.054463143721201424,0.9977902166529078,200,K562+MCF7,AG-490 (Tyrphostin B42),2,predicted,scgen,gaussian,1.0
0.11369587840229467,0.9680320382118225,0.22287369202331486,0.8505027708872095,200,K562+MCF7,AG-490 (Tyrphostin B42),3,real_blend,real_blend,real,1.0
0.03976155364194287,0.9860269606113434,0.16141095320607202,0.9657977316525971,200,K562+MCF7,AG-490 (Tyrphostin B42),3,real_single,real_single,real,
0.1108700365619717,0.9692968487739563,0.22447704341654406,0.8546537238682558,200,K562+MCF7,AG-490 (Tyrphostin B42),3,predicted,average_effect,cells,0.5
0.1108700365619717,0.9684341788291931,0.2245977819799606,0.854653692000294,200,K562+MCF7,AG-490 (Tyrphostin B42),3,predicted,nearest_neighbor,cells,1.0
0.39728064632556126,0.9935663044452667,0.5603360105595594,0.6808733516770259,200,K562+MCF7,AG-490 (Tyrphostin B42),3,predicted,scgen,cells,-1.0
0.009005193382446472,0.976011085510254,0.056669809857844866,0.9975734486672335,200,K562+MCF7,AG-490 (Tyrphostin B42),3,predicted,average_effect,gaussian,0.5
0.009005052695505012,0.9754556596279145,0.056962966380493585,0.9975738587011588,200,K562+MCF7,AG-490 (Tyrphostin B42),3,predicted,nearest_neighbor,gaussian,1.0
0.008394520837688766,0.9803856492042542,0.049933672919899696,0.9981269337649935,200,K562+MCF7,AG-490 (Tyrphostin B42),3,predicted,scgen,gaussian,1.0
0.12525395796235478,0.9709437727928162,0.23403870728020804,0.8365345211955935,200,K562+MCF7,AICAR (Acadesine),0,real_blend,real_blend,real,1.0
0.04542057817144932,0.9859562516212463,0.15692905419412684,0.9596186562777557,200,K562+MCF7,AICAR (Acadesine),0,real_single,real_single,real,
0.11541417487160929,0.9676644563674927,0.19857260708526314,0.856342182709824,200,K562+MCF7,AICAR (Acadesine),0,predicted,average_effect,cells,0.5
0.11541417487160929,0.9679880380630493,0.19762590877575303,0.8563421029453725,200,K562+MCF7,AICAR (Acadesine),0,predicted,nearest_neighbor,cells,0.5
0.4059686356156648,0.9924772381782532,0.5197056433074321,0.6799275597876181,200,K562+MCF7,AICAR (Acadesine),0,predicted,scgen,cells,-0.5
0.008638623857415942,0.9767863571643829,0.05935908596618933,0.9975260440460468,200,K562+MCF7,AICAR (Acadesine),0,predicted,average_effect,gaussian,0.5
0.008638861110945036,0.9769860625267028,0.059507731539920505,0.9975259029728344,200,K562+MCF7,AICAR (Acadesine),0,predicted,nearest_neighbor,gaussian,1.0
0.007959214194069761,0.9809017241001129,0.05326988657344045,0.998002689595673,200,K562+MCF7,AICAR (Acadesine),0,predicted,scgen,gaussian,1.0
0.11770237516474855,0.9627287268638611,0.21119713359164394,0.8509592560534369,200,K562+MCF7,AICAR (Acadesine),1,real_blend,real_blend,real,0.5
0.04542057817144932,0.9870661854743957,0.17573689894036337,0.9596186562777557,200,K562+MCF7,AICAR (Acadesine),1,real_single,real_single,real,
0.12229789166941728,0.9720644176006317,0.22554216196561772,0.8401819771132802,200,K562+MCF7,AICAR (Acadesine),1,predicted,average_effect,cells,0.5
0.122297952411769,0.972281301021576,0.22482544845854469,0.8401819499211245,200,K562+MCF7,AICAR (Acadesine),1,predicted,nearest_neighbor,cells,0.5
0.4162194577737782,0.9942013323307037,0.5502418668011149,0.6619283835501282,200,K562+MCF7,AICAR (Acadesine),1,predicted,scgen,cells,1.0
0.008948312449782813,0.977484506368637,0.059040752096528926,0.9979524809760772,200,K562+MCF7,AICAR (Acadesine),1,predicted,average_effect,gaussian,0.5
0.008905238792635814,0.977711409330368,0.05893006587882377,0.9979530069299324,200,K562+MCF7,AICAR (Acadesine),1,predicted,nearest_neighbor,gaussian,1.0
0.008434258240087145,0.9815599799156189,0.051882002900028645,0.9981046034228004,200,K562+MCF7,AICAR (Acadesine),1,predicted,scgen,gaussian,1.0
0.12801847665158458,0.9691400587558746,0.2251518335753191,0.8377845574605669,200,K562+MCF7,AICAR (Acadesine),2,real_blend,real_blend,real,0.5
0.04542057817144932,0.9858860194683075,0.1827636349114804,0.9596186562777557,200,K562+MCF7,AICAR (Acadesine),2,real_single,real_single,real,
0.11583100757871334,0.9677507400512695,0.2096163769153706,0.8549504707609815,200,K562+MCF7,AICAR (Acadesine),2,predicted,average_effect,cells,0.5
0.1158309530899573,0.9680568635463714,0.2086332740839657,0.854950504242252,200,K562+MCF7,AICAR (Acadesine),2,predicted,nearest_neighbor,cells,0.5
0.4051995508519467,0.9923923671245575,0.5338157308836056,0.6857475864750503,200,K562+MCF7,AICAR (Acadesine),2,predicted,scgen,cells,-1.0
0.009127493915047245,0.9777532339096069,0.06153802197057312,0.9974243583116591,200,K562+MCF7,AICAR (Acadesine),2,predicted,average_effect,gaussian,0.5
0.009127234838806201,0.9779475212097168,0.06134405674140575,0.9974245169889319,200,K562+MCF7,AICAR (Acadesine),2,predicted,nearest_neighbor,gaussian,1.0
0.00815282128956068,0.9818207621574402,0.05381512684339962,0.9977902142451225,200,K562+MCF7,AICAR (Acadesine),2,predicted,scgen,gaussian,1.0
0.130239589441882,0.9735537767410278,0.23547482840026157,0.831631668533812,200,K562+MCF7,AICAR (Acadesine),3,real_blend,real_blend,real,1.0
0.04542057817144932,0.9871178328990936,0.165679988477078,0.9596186562777557,200,K562+MCF7,AICAR (Acadesine),3,real_single,real_single,real,
0.1108700365619717,0.970603597164154,0.22058809988480899,0.8546538120402091,200,K562+MCF7,AICAR (Acadesine),3,predicted,average_effect,cells,0.5
0.1108700365619717,0.9708601593971252,0.21970890401909804,0.8546537981150738,200,K562+MCF7,AICAR (Acadesine),3,predicted,nearest_neighbor,cells,0.5
0.39728064632556126,0.9938398599624634,0.5447821735422244,0.6808734777901371,200,K562+MCF7,AICAR (Acadesine),3,predicted,scgen,cells,-1.0
0.009005236560604129,0.9770601928234101,0.05574915723151119,0.9975734462993525,200,K562+MCF7,AICAR (Acadesine),3,predicted,average_effect,gaussian,0.5
0.009005052695505012,0.9772743821144104,0.05564492866839499,0.997573856513663,200,K562+MCF7,AICAR (Acadesine),3,predicted,nearest_neighbor,gaussian,1.0
0.008394520837688766,0.9812169909477234,0.049351517834921865,0.9981269383425363,200,K562+MCF7,AICAR (Acadesine),3,predicted,scgen,gaussian,1.0
