cell_line,drug,n_treated_G1,n_treated_G2M,n_control_G1,n_control_G2M,induced_cosine_G1_vs_G2M,norm_delta_G1,norm_delta_G2M,norm_delta_mean
A-172,4EGI-1,584,205,1732,1027,0.8302086207024882,2.190174406402423,2.103889385412848,2.0490865024403995
A-172,9-ING-41,2132,950,1732,1027,0.8312425940341449,1.2116062917455923,1.3441863332941018,1.1914232847151098
A-172,APTO-253,775,411,1732,1027,0.7156503102053035,1.0517092827827668,1.143692134478312,1.0065795305090268
A-172,AT7519,1214,633,1732,1027,0.829994479198037,0.9006798040911455,1.1205214899103588,0.9418859753678525
A-172,AZD-7648,364,292,1732,1027,0.8292559288442571,1.1719808002504037,1.2744990953059214,1.1986025764123243
A-172,AZD-8055,1426,542,1732,1027,0.8372612208772989,1.972155258499686,1.7104944763772172,1.801333490712248
A-172,AZD1390,789,373,1732,1027,0.5924899802486502,1.2052393001311614,1.8121009367908418,1.2401798359054856
A-172,AZD2858,195,121,1732,1027,0.6832821241951367,1.0611741939398793,1.1159987981636967,0.9969221956488291
A-172,Abemaciclib,741,424,1732,1027,0.8801562825038376,2.1537732166490673,2.132395447377019,2.0846126960954114
A-172,Adagrasib,434,309,1732,1027,0.7421441010621039,0.9213350075597938,0.9748011308974397,0.8796043204613887
A-172,Afatinib,1873,707,1732,1027,0.9103387246953543,2.021024244168099,2.0652722873821285,1.9700887230671809
A-172,Alpelisib,753,438,1732,1027,0.87903307954291,1.4912088561265797,1.4445425681647392,1.4304700508236767
A-172,Anastrozole,677,507,1732,1027,0.7337729712667767,0.8363901033621501,0.8713831126469824,0.8046788367575766
A-172,BAY1125976,1863,624,1732,1027,0.838190954351074,1.946721404373116,1.9474234325165103,1.8923486121638806
A-172,BI-3406,1868,710,1732,1027,0.9044918026773999,2.330991927497374,2.1026846417552343,2.2114763936091344
A-172,BI-78D3,1204,687,1732,1027,0.797340799015944,1.0023896708928295,0.9950018730898841,0.9517487464184475
A-172,Belumosudil (mesylate),612,238,1732,1027,0.7941954949490918,1.8135633008901546,1.7638072288664146,1.7053912588724085
A-172,Belzutifan,545,174,1732,1027,0.6765155733347414,1.7492641480658304,1.644399466851043,1.592740616780826
A-172,Bentamapimod,792,580,1732,1027,0.8470023800259364,1.4793978705881587,1.2722586767089066,1.357670612359731
A-172,Bimiralisib,3330,780,1732,1027,0.9176777841229369,3.1747431139754188,2.5996682869720065,2.9684131695943403
A-172,Binimetinib,651,226,1732,1027,0.8977233938409441,2.7104471084956714,2.352886206649103,2.5355400026735513
A-172,Brivudine,1536,1081,1732,1027,0.9080853015529288,3.6221550842147527,3.2513134539522017,3.407158534064417
A-172,CP21R7,403,263,1732,1027,0.7228767335966945,1.0489174358806943,1.0507737802264927,0.9871561852988853
A-172,Capivasertib,433,311,1732,1027,0.7876795514978299,1.0171726528551057,1.0573799417628549,0.9940744285338156
A-172,Capmatinib,500,266,1732,1027,0.9048043669889959,1.9695210228675433,1.912656572820864,1.8964525626508386
A-172,Celecoxib,535,450,1732,1027,0.7432383195370202,0.9551385713342072,0.9155370798948085,0.9049116886130341
A-172,DT-061,380,364,1732,1027,0.8153187369609284,1.131016002845223,1.0860157512291309,1.1418462185050122
A-172,DTP3,479,379,1732,1027,0.8419670580465666,1.5487539712498606,1.4837620483712268,1.4855524315742388
A-172,Dabrafenib,2579,826,1732,1027,0.8368156544406143,1.6209245396234169,1.594980212144275,1.6160174324810377
A-172,ERK5-IN-2,1917,633,1732,1027,0.825596471816743,2.183668826936384,2.2838683272584,2.111456045011083
A-172,ETC-206,751,495,1732,1027,0.7244764766098775,0.8113413341322063,0.8521367581273698,0.7738809923189102
A-172,EX229,1016,280,1732,1027,0.8590893051448508,2.5737530501027837,2.2255789366084606,2.422001071086724
A-172,Elimusertib hydrochloride,328,169,1732,1027,0.8537557979204193,2.623448627316126,2.2035773055638215,2.393765540910759
A-172,Encorafenib,2210,820,1732,1027,0.8933696426940194,1.8506362188078387,1.8401205278977,1.796348915724093
A-172,Erdafitinib ,712,484,1732,1027,0.8165383856152327,1.0199988925199417,1.0594224919881114,0.9871511784441498
A-172,Everolimus,1769,1257,1732,1027,0.8645821801945849,0.9584339607015223,0.9736570761491544,0.94626339527501
A-172,Futibatinib,547,278,1732,1027,0.8315780198613267,1.3364117181735555,1.246773912021934,1.2529976930390638
A-172,GSK1059615,2053,1064,1732,1027,0.8751690222006187,2.6975104744888645,2.6760110876187313,2.603885715550593
A-172,Gemcitabine,973,679,1732,1027,0.6909162673479187,0.924567840607749,1.3788838720203793,1.0274342424052145
A-172,HI-TOPK-032,359,413,1732,1027,0.849134981957379,2.243983462136594,2.316625010101699,2.2803380556940263
A-172,Hydroxyfasudil,356,227,1732,1027,0.7751400308937629,1.5523148599628918,1.4118229150107502,1.4250802085708514
A-172,IQ 1,548,251,1732,1027,0.8158985826351811,1.3068414579144774,1.381960966978045,1.2575751003635538
A-172,Infigratinib,1249,468,1732,1027,0.8061573590650154,1.5377438735452393,1.8112060274050006,1.538749578643276
A-172,Ipatasertib,1604,813,1732,1027,0.8957608494187006,1.7163104821810273,1.7182266018672019,1.668284579448926
A-172,Irinotecan,1156,883,1732,1027,0.7151339667035682,1.196622838914477,1.691028112780681,1.3437778278195065
A-172,Ixazomib,420,183,1732,1027,0.8676001633786932,3.0598381844019826,2.5610520582263807,2.812917179324517
A-172,LB-100,674,371,1732,1027,0.7427120348176155,0.8196526567570014,1.0200845469819213,0.832913305255203
A-172,LJI308,603,310,1732,1027,0.8132369611574484,1.6380274303914113,1.713718158974459,1.5855349238856844
A-172,LY-2584702 (tosylate salt),154,177,1732,1027,0.8159306473867575,1.711173589131531,1.5753311694139394,1.6674279814809392
A-172,LY2090314,770,622,1732,1027,0.7867407743785947,0.954855204424654,1.1923368645736763,1.0245708678044347
A-172,Lapatinib ditosylate,1249,819,1732,1027,0.7163623338607049,0.8860143536921998,0.8730396860471885,0.8202425155036954
A-172,Lonafarnib,87,95,1732,1027,0.9201397556604295,4.425526268406621,3.9575485963916313,4.165042868909636
A-172,MK-3903,681,300,1732,1027,0.7592995243420892,1.614772850952903,1.4526876403912279,1.4678593921010405
A-172,MK-8353,473,309,1732,1027,0.7198627458506143,0.9347489979550629,0.9956582772190997,0.8926175089314882
A-172,ML264,969,550,1732,1027,0.847600712929119,1.2578035711210667,1.2596053749605696,1.2156867774965714
A-172,Methylprednisolone succinate,468,341,1732,1027,0.7434268582058318,0.8663944094060022,0.9121270168732895,0.8376692284709925
A-172,Minodronic acid,678,522,1732,1027,0.6312327540408245,0.9365570333422928,0.9453397524681127,0.8656634991806856
A-172,NG25,780,428,1732,1027,0.7945467981030621,2.7893184074418333,2.829859791999053,2.6587492408451134
A-172,NVP-BHG712,596,388,1732,1027,0.7818512537209032,1.0905772459682943,1.146961489091702,1.0559714384925887
A-172,OTS514,344,322,1732,1027,0.8496394741063504,1.4958795767805515,1.5247010217702894,1.4904835570681791
A-172,Oleic acid,398,321,1732,1027,0.7059265920867229,0.9087622137800351,0.9344528158115326,0.874914721326377
A-172,Oxaliplatin,763,443,1732,1027,0.8135797530232813,0.9503316052512889,1.0587468511293268,0.9454896908720641
A-172,PF-06260933,379,114,1732,1027,0.609245400225573,1.7986576291866825,2.343929959665556,1.8509813109940427
A-172,PH-797804,778,349,1732,1027,0.9418300173358181,4.1371000970599905,3.95132916776789,4.0163063063032824
A-172,Paclitaxel,2139,1120,1732,1027,0.8787070719150449,1.5131890438423776,1.6251291331890854,1.5065104548102113
A-172,Pemigatinib,688,418,1732,1027,0.7573909260594173,0.9335325437095656,1.027544807228488,0.9118693426941832
A-172,Pimitespib,335,223,1732,1027,0.7784643819885713,1.3395930774710247,1.1199093108894358,1.208246162347733
A-172,Pralsetinib,274,213,1732,1027,0.8858114511413614,2.2630837734982254,2.0681373107140617,2.1582662836278095
A-172,RMC-6236,2476,708,1732,1027,0.8965063511081539,3.1440575591497404,2.6117559091854066,2.96756225971214
A-172,Ralimetinib dimesylate,840,486,1732,1027,0.8597255288333085,1.36933037480493,1.364917013038674,1.3211381251895782
A-172,Regorafenib,600,366,1732,1027,0.8513564980793318,1.361837884474323,1.4770255338607046,1.3582538610069135
A-172,SBI-0640756,389,266,1732,1027,0.7767812617732126,1.1575861358256914,1.2612510668011871,1.128703892232402
A-172,Sapanisertib,2243,659,1732,1027,0.8578018932776925,2.3515305372617044,2.287860638551794,2.276632911170597
A-172,Sonidegib,427,230,1732,1027,0.8424566482931525,1.8791907743790706,1.7404694539275367,1.7576427452780066
A-172,TAK-733,593,288,1732,1027,0.8967970963010624,2.517526353204691,2.185065644402193,2.347311804071459
A-172,TAK-901,1414,654,1732,1027,0.9520349146024549,5.673032709906575,5.074225215725218,5.414809844173676
A-172,Temuterkib,987,513,1732,1027,0.8028155517729507,1.2438267035247859,1.2988681654478509,1.212079341398334
A-172,Tomivosertib,1139,682,1732,1027,0.8817452688790929,1.4751213187808587,1.675523979053399,1.5053039894696834
A-172,Torkinib,198,128,1732,1027,0.7258088592470071,1.1798975083229268,1.314362683733217,1.158309719021413
A-172,Trametinib,2593,788,1732,1027,0.900966279689541,3.1853914908657677,2.6783966437888385,2.9721016259510344
A-172,Tubulin inhibitor 6,415,350,1732,1027,0.6619697477468248,1.0583270062293584,0.968493645781583,0.9763340173886521
A-172,Tucatinib,1354,941,1732,1027,0.753538336926879,0.9126953585236044,0.929844206845294,0.8542896097615074
A-172,ULK-101,474,345,1732,1027,0.8196457412496966,1.3687544201998985,1.2055788509036092,1.2662039837365346
A-172,Vemurafenib,1314,749,1732,1027,0.7973536426845366,1.029985632815829,1.1614392781614806,1.024493650112686
A-172,Volasertib,306,221,1732,1027,0.6766139957888427,0.9416026744485688,0.9998794730857871,0.8902918563894454
A-172,XRK3F2,1620,748,1732,1027,0.8231557947026825,1.2631263311853527,1.374183955025058,1.2294998647538398
A-172,c-Kit-IN-1,500,262,1732,1027,0.8686801827464944,2.2569762535038196,2.07918781072453,2.123518659521551
A-172,olaparib,386,264,1732,1027,0.855935205173036,1.7648268465727863,1.5060073708039117,1.6221696445402904
A-172,palbociclib,919,254,1732,1027,0.6523553037503533,1.4713422729484784,1.3083603717318295,1.335966018571682
A-172,venetoclax,706,368,1732,1027,0.9209400555513434,3.1194065769695896,2.7784443750255226,2.9393805270772564
A-172,vincristine,406,377,1732,1027,0.8667944937595399,1.920965214730881,2.185094812209107,1.9826696827162715
A-427,4EGI-1,430,138,686,645,0.37678999900909416,1.7286486731875899,1.124681679389013,1.4329529916612758
A-427,9-ING-41,811,468,686,645,0.7893767561046596,1.3623451070508528,1.1552578029632354,1.222280334731557
A-427,APTO-253,425,181,686,645,0.33049655356234187,0.9039906911311482,0.7351074177848277,0.7712324329031589
A-427,AT7519,420,250,686,645,0.5003606183404764,0.7048983684078675,0.8113725422922319,0.6271198989981464
A-427,AZD-7648,237,117,686,645,0.7283600490210026,1.3629176862663894,1.4737034199386245,1.32292564290999
A-427,AZD-8055,608,324,686,645,0.781578843924979,1.7686985562469215,1.443237523994631,1.565708633378604
A-427,AZD1390,539,225,686,645,0.3128206916315855,1.0649394773630196,1.0684741850642518,0.8865403201947343
A-427,AZD2858,111,69,686,645,0.2876331235790183,0.8854356488844461,1.2092086284817998,0.8318009863245486
A-427,Abemaciclib,227,114,686,645,0.7007598006424216,1.2980934432400306,1.7068051314242914,1.351030310969837
A-427,Adagrasib,256,189,686,645,0.5345254637190378,0.7249261329486912,0.8785177512941079,0.6880537396503941
A-427,Afatinib,597,140,686,645,0.8196653595599966,2.3719163107401067,2.180099944986669,2.369195241718896
A-427,Alpelisib,230,164,686,645,0.7361772592978735,1.353770376984066,1.3080051032196771,1.2459393962448024
A-427,Anastrozole,325,239,686,645,0.5560029711010163,0.7838723757233144,0.8013984273406973,0.6873767499057077
A-427,BAY1125976,754,248,686,645,0.8900687171420987,2.269190979531028,1.7720265663060528,2.103169162824591
A-427,BI-3406,535,149,686,645,0.8101308946305955,1.9226392670507393,1.6284315098740119,1.8818408782427085
A-427,BI-78D3,415,328,686,645,0.6614189499545616,0.8577292396018809,1.0701591591346966,0.8635065941301332
A-427,Belumosudil (mesylate),246,75,686,645,0.5853087978426097,1.0597885245753333,1.5741143659224008,1.172751207710701
A-427,Belzutifan,407,84,686,645,0.5154154578535636,1.3715394453052674,1.2946363229109055,1.3849322652798455
A-427,Bentamapimod,338,251,686,645,0.697481593085212,1.209310463604607,1.0088798139213013,1.0338794030689173
A-427,Bimiralisib,969,95,686,645,0.8253129195260397,3.286325465597666,2.553401893438461,3.2937577402111193
A-427,Binimetinib,295,57,686,645,0.7172843359554981,2.256401696809092,2.1036831421565196,2.253565829764906
A-427,Brivudine,405,100,686,645,0.8118248055338344,2.2088295362573986,2.6043700546505955,2.3339814835853194
A-427,CP21R7,187,128,686,645,0.5391464419207349,0.9893556507140624,1.0165787396156207,0.8898342586422127
A-427,Capivasertib,207,148,686,645,0.45268901979218856,0.8273979119366315,0.8906795030102871,0.7061805878806622
A-427,Capmatinib,265,100,686,645,0.7292662495169734,1.8690916791711218,1.7938408492376565,1.8111949513270789
A-427,Celecoxib,299,229,686,645,0.4087719221941697,0.6767976150654486,0.6989137389154596,0.5695096909896734
A-427,DT-061,207,191,686,645,0.5852514828257563,1.059104669983444,1.012174929199235,0.9222127919780546
A-427,DTP3,317,181,686,645,0.4975573439475353,1.2451109771817885,0.9242504005189527,0.9910761932739713
A-427,Dabrafenib,1020,419,686,645,0.8108265899179546,1.5423405267897283,1.346292386405857,1.4724198265371615
A-427,ERK5-IN-2,530,149,686,645,0.6832161953198866,1.3901547236147087,1.5447772617198021,1.448435681330555
A-427,ETC-206,301,290,686,645,0.5324237982872296,0.6715483530331301,0.7387194340600104,0.6201088722860769
A-427,EX229,245,99,686,645,0.5586622799481566,1.203300864964942,1.315994091701759,1.169601016736539
A-427,Elimusertib hydrochloride,201,51,686,645,0.6825073672980486,2.0426892234616907,2.317950419613517,2.0718373130626264
A-427,Encorafenib,900,165,686,645,0.85543169292389,2.44574061391247,2.2175939318230236,2.495941734675587
A-427,Erdafitinib ,420,229,686,645,0.5732779179576503,1.0687330135881856,0.8973689037408821,0.9147083881258543
A-427,Everolimus,884,709,686,645,0.5606176291784722,0.6498458935414144,0.634949309395767,0.5661260549919628
A-427,Futibatinib,305,155,686,645,0.5346352095834217,1.1685765882589734,0.8619646653662327,0.9540965930059369
A-427,Gemcitabine,462,234,686,645,0.4229990754080883,0.7387165811868371,0.8649416939022128,0.6978132503089673
A-427,HI-TOPK-032,179,111,686,645,0.6861690744545961,1.6428469276259485,2.188906836892047,1.7310881920443302
A-427,Hydroxyfasudil,185,101,686,645,0.4539806803986815,1.0262099632262576,1.0375043870962726,0.906800747059145
A-427,IQ 1,208,104,686,645,0.560778483666479,0.9685798497092432,1.1264478904657516,0.9343317758184847
A-427,Infigratinib,302,73,686,645,0.6031087593466425,1.1592079664777646,1.6070381541797192,1.2266270304711269
A-427,Ipatasertib,619,292,686,645,0.7746053931459959,1.4760364680150466,1.4806322592703793,1.460276127190123
A-427,Irinotecan,357,259,686,645,0.6034629258422674,0.9182579262287753,1.3120661368135516,0.9749932194519728
A-427,LB-100,258,215,686,645,0.5532163001161094,0.8209466819297138,0.7889414951439806,0.7039926005632069
A-427,LJI308,178,66,686,645,0.5434100136155378,1.011639025355499,1.6714792688460849,1.1551936068003412
A-427,LY-2584702 (tosylate salt),103,112,686,645,0.6799114038478407,1.5113212843306596,1.3983031792600236,1.3356257863153609
A-427,LY2090314,373,411,686,645,0.4016261224745454,0.9893533540158446,0.7209054464569833,0.7362767571927349
A-427,Lapatinib ditosylate,530,368,686,645,0.40452463578889364,0.802294048338395,0.7548447257386273,0.645969442592083
A-427,MK-3903,361,190,686,645,0.6920691366923659,1.209491018309363,1.093709249914824,1.1040306531514072
A-427,MK-8353,209,148,686,645,0.41245798502381203,0.7645121743783587,0.8620493823307227,0.6702477189487271
A-427,ML264,430,235,686,645,0.7250101060193251,1.0506471000994793,0.971308963140543,0.9764705802763531
A-427,Methylprednisolone succinate,253,220,686,645,0.5114020569845453,0.7434570641481336,0.8123288811853326,0.670404487932926
A-427,Minodronic acid,306,295,686,645,0.4197156646309446,0.724748632616777,0.8240190604143074,0.6544621557696044
A-427,NG25,553,214,686,645,0.5177659267546805,2.2572012714513248,2.310146892030401,2.0612067067588677
A-427,NVP-BHG712,269,190,686,645,0.5863187775722659,1.0426627196661642,1.0418194467183373,0.9246258453408989
A-427,OTS514,183,207,686,645,0.5146060097414652,1.0348655077721713,0.9255987004743903,0.8792976012955546
A-427,Oleic acid,264,214,686,645,0.4309863826411169,0.7426855660164499,0.7514524118003074,0.6248290918493444
A-427,Oxaliplatin,281,249,686,645,0.3497189424134579,0.7568549868257863,0.8400940683276431,0.6496421115634111
A-427,PF-06260933,192,100,686,645,0.6413593560830863,1.6179707767641132,1.7621864713720918,1.5457423756345359
A-427,Paclitaxel,618,326,686,645,0.793318033024835,1.4594295396529475,1.3700154424165425,1.373178113178014
A-427,Pemigatinib,294,224,686,645,0.6448683005428271,1.0448763301072193,0.8905927020449956,0.8823967124443903
A-427,Pimitespib,212,138,686,645,0.40957644886478745,0.875107742611328,0.8772090570463081,0.7401888875433694
A-427,Pralsetinib,188,91,686,645,0.554686433543661,1.3335690248420715,1.875076645002817,1.366495341037863
A-427,RMC-6236,791,104,686,645,0.7711291703284237,2.849247426969441,2.2264409149573203,2.8286415180272577
A-427,Ralimetinib dimesylate,333,215,686,645,0.7259074735625362,1.26428218220845,1.0994703733973674,1.1245256177282994
A-427,Regorafenib,304,118,686,645,0.6855960939364573,1.518603267955876,1.7473060423715967,1.5467261337227278
A-427,SBI-0640756,185,138,686,645,0.3754174960269882,0.87451202604525,1.0664798968036038,0.7987915842845834
A-427,Sapanisertib,798,238,686,645,0.8882741282959238,2.5929674309456496,2.101148581244836,2.457351423019612
A-427,Sonidegib,137,81,686,645,0.5159926545447607,1.1630219035851224,1.3226131684790614,1.0886007648698206
A-427,TAK-733,204,79,686,645,0.5623782168028545,1.1959917220476883,1.6082032017963697,1.223145696799231
A-427,TAK-901,93,52,686,645,0.8216069910099232,5.114605968868679,4.388401516501906,4.659875641542674
A-427,Temuterkib,466,277,686,645,0.6553409821408467,1.2624642353789017,1.0609080533184752,1.085274935885505
A-427,Tomivosertib,438,176,686,645,0.6741636535948167,0.9786644865707312,1.4276779347145112,1.1375081900319475
A-427,Torkinib,82,72,686,645,0.4572845314871102,1.2025356797176052,1.2750078159844525,1.048038006959473
A-427,Trametinib,734,84,686,645,0.7974571053518557,2.6151188178096163,2.2969408009424583,2.660179125254568
A-427,Tubulin inhibitor 6,223,167,686,645,0.36657253509405513,0.7955497432385008,0.8343699061197962,0.6605792642660632
A-427,Tucatinib,549,307,686,645,0.5889453722211967,0.8198675332422665,0.7921076873238312,0.7379412098591407
A-427,ULK-101,229,205,686,645,0.4716876429109761,0.9817393930322187,1.0121177620713855,0.8541705496788602
A-427,Vemurafenib,485,244,686,645,0.6653914779121863,1.2572557257371135,1.135880028913823,1.1548810183875309
A-427,Volasertib,194,88,686,645,0.16807865119615625,0.8134533084823825,0.930562368234721,0.695047777471498
A-427,XRK3F2,545,271,686,645,0.8321303513027309,1.7194090911118498,1.6503931156241103,1.645147119083843
A-427,c-Kit-IN-1,92,76,686,645,0.6851479304159069,1.6373088445370485,1.8362666808333687,1.5898506451125918
A-427,olaparib,184,101,686,645,0.689536899684103,1.1819792212645743,1.3299770271326588,1.1642085331481518
A-427,palbociclib,467,88,686,645,0.3775957636563625,1.4001348756285792,1.3796186231974534,1.3997889631179992
A-427,venetoclax,116,60,686,645,0.7809799023395673,2.052657804481392,2.4651626553222283,2.1186774278488336
A-427,vincristine,408,204,686,645,0.7368840800926303,1.7635621327326545,1.6238012815039253,1.5821471278541126
A498,4EGI-1,419,133,1443,897,0.5429786357001016,1.5884302794503162,1.4250286945009265,1.3978198043522625
A498,9-ING-41,1873,810,1443,897,0.8482817400543216,1.15118857020375,1.1803215014172788,1.1317357458495778
A498,APTO-253,591,302,1443,897,0.6830754740583639,0.8700011282210897,0.9496059932442096,0.8280984143716758
A498,AT7519,858,466,1443,897,0.7407761170177296,0.6761728686463397,0.8260043904662197,0.6862034758427604
A498,AZD-7648,336,150,1443,897,0.8797822431953759,1.694167920017129,1.8871017024972618,1.7031840127895748
A498,AZD-8055,1178,330,1443,897,0.7084980865171595,1.8907381001924062,1.5152902512493818,1.7149420442553158
A498,AZD1390,705,236,1443,897,0.40996919650755376,1.0728445610422175,1.3134845408825597,0.9804008732331534
A498,AZD2858,140,72,1443,897,0.49450095888340806,0.9177702141928679,1.1138035542329419,0.8529302581596248
A498,Abemaciclib,323,181,1443,897,0.8375412137369808,1.8734701384656036,2.0762862766737746,1.8727670615318732
A498,Adagrasib,377,268,1443,897,0.6537254501008781,0.884241575577479,0.8007358196218787,0.7778974557491203
A498,Afatinib,1428,375,1443,897,0.8909848927985996,2.1306454649117743,1.9879740146594371,2.0929152296226095
A498,Alpelisib,679,237,1443,897,0.8728572736065086,1.540492306174007,1.6909602886926525,1.537695196377238
A498,Anastrozole,648,401,1443,897,0.8271985719462535,0.9567819619991533,1.140871624667915,0.9828415182540406
A498,BAY1125976,1454,350,1443,897,0.7989296580832571,1.9714338091201653,1.8551864313409874,1.894558039487324
A498,BI-3406,1497,440,1443,897,0.8045204090359683,1.5518403362676336,1.4280785276199632,1.5076727805082373
A498,BI-78D3,855,536,1443,897,0.8543835178558488,0.8835259164365795,1.0060785649919175,0.8970290913140508
A498,Belumosudil (mesylate),461,223,1443,897,0.8161225835017937,1.2807113434646862,1.3874041972503957,1.2626209059965354
A498,Belzutifan,420,145,1443,897,0.8041078005334829,1.5484609459456757,1.543709513275401,1.4832129982875712
A498,Bentamapimod,476,446,1443,897,0.8697299275817858,1.2870598398673878,1.2740171160530795,1.2558720971163635
A498,Bimiralisib,1564,343,1443,897,0.7196475680559508,2.2081302983309525,1.7277196443199403,2.079271444901345
A498,Binimetinib,511,157,1443,897,0.7962193740299788,2.2602430458204794,1.768147355991301,2.0852590415381274
A498,Brivudine,937,717,1443,897,0.9228156579075288,2.534856920333931,2.368496778752412,2.4190868127220924
A498,CP21R7,360,198,1443,897,0.6841017549067784,0.844549413426151,1.0164980740006462,0.8344750443847214
A498,Capivasertib,295,202,1443,897,0.6322040285645834,0.898691774889861,0.9064413921680289,0.8248177451923244
A498,Capmatinib,465,149,1443,897,0.8306716846755241,1.2968392162427145,1.4238949185266625,1.2840405548545186
A498,Celecoxib,447,352,1443,897,0.6601884412853809,0.7424346989371262,0.7822247921330846,0.7108763364088942
A498,DT-061,321,219,1443,897,0.8366342530436303,1.2369656491775816,1.3655615260940592,1.2405683045829772
A498,DTP3,540,203,1443,897,0.7768623109433295,1.5254345450563107,1.6371934095227294,1.4478606394319025
A498,Dabrafenib,2201,740,1443,897,0.9252395556314124,1.4735625459466553,1.507872109534351,1.486972009039961
A498,ERK5-IN-2,1292,540,1443,897,0.8874011807781897,1.5106808109208918,1.5309157920746312,1.4910357699404222
A498,ETC-206,604,332,1443,897,0.661643232013333,0.7252756003898299,0.8048523442904879,0.6898586848696335
A498,EX229,460,89,1443,897,0.8150446875220818,2.0190978905309076,2.1620510664272117,2.0067584159254137
A498,Elimusertib hydrochloride,338,95,1443,897,0.7016081610356913,1.536831863718135,1.758374883176998,1.5208426690891532
A498,Encorafenib,1781,617,1443,897,0.8998828399935851,1.795712138134824,1.6700842763487775,1.7483139826180445
A498,Erdafitinib ,535,318,1443,897,0.8023158708900879,1.0444322163955297,1.1386135418274055,1.0268591829641711
A498,Everolimus,1713,1001,1443,897,0.8176077530349184,0.77034830288583,0.852980001970339,0.7641818132665757
A498,Futibatinib,412,227,1443,897,0.8176797650923302,1.2123023373662434,1.2063704974509302,1.1559822063099627
A498,GSK1059615,1423,350,1443,897,0.8671001999993841,1.9813388420730291,1.9530983739572425,1.9863056538116965
A498,Gemcitabine,1003,462,1443,897,0.7465059536486797,0.9580209798172501,1.185126096715391,0.9686534752268171
A498,HI-TOPK-032,264,260,1443,897,0.7875329162619967,1.6754158420314893,2.03801461839458,1.7799805358902308
A498,Hydroxyfasudil,303,143,1443,897,0.5822049001995915,0.7781311828963424,0.9169544655956035,0.7349831839445965
A498,IQ 1,407,128,1443,897,0.7777556479558453,1.1677825852051453,1.2867231060083175,1.1573438245558205
A498,Infigratinib,897,430,1443,897,0.8346674324651822,1.5864586062929456,1.6846710328187058,1.549018435316821
A498,Ipatasertib,972,607,1443,897,0.8616965937029957,1.3401969509038876,1.4985673878255605,1.3531852470425996
A498,Irinotecan,980,691,1443,897,0.7367692637831668,1.0948538480850625,1.4982837017799988,1.1820765061624883
A498,Ixazomib,375,141,1443,897,0.8098387558528704,1.7399540717331525,1.8540757233684728,1.6950719973570365
A498,LB-100,555,332,1443,897,0.6800343021566154,0.6361783326131492,0.8334707473569903,0.6511806351831124
A498,LJI308,584,239,1443,897,0.7857727352262601,0.9264368342738032,1.2437956303625717,0.9875665155225795
A498,LY-2584702 (tosylate salt),179,142,1443,897,0.6970859628881373,1.2608004502402965,1.3202579633705946,1.204094408424663
A498,LY2090314,573,496,1443,897,0.7937360879482669,0.9143168658888124,1.1191535770353844,0.9853239347128422
A498,Lapatinib ditosylate,1042,658,1443,897,0.8057032001405046,0.9259403072654415,1.0500362654558337,0.9273274113842661
A498,Lonafarnib,354,132,1443,897,0.9009539909673087,2.4815272317742836,2.3777103096207464,2.427105355911832
A498,MK-3903,670,199,1443,897,0.69201446622015,1.4829016351375308,1.402184664671674,1.386286574118655
A498,MK-8353,346,238,1443,897,0.6508632204374002,0.8542972171705349,0.8780953928182952,0.7916761766051765
A498,ML264,636,408,1443,897,0.8638732340714645,1.0975198506990396,1.1463163064563953,1.0780069179060554
A498,Methylprednisolone succinate,362,237,1443,897,0.694167461806283,0.7592071940458093,0.8701355001838942,0.7431478923767751
A498,Minodronic acid,515,409,1443,897,0.7707233856082462,0.9369647261340716,0.9835661539902485,0.9182269891523299
A498,NG25,780,395,1443,897,0.6040359280421451,2.0870839166636244,2.4524632242143225,1.986904558176856
A498,NVP-BHG712,429,268,1443,897,0.8057934297555958,1.0970912495661205,1.186150863238724,1.0772370484087725
A498,OTS514,298,177,1443,897,0.795968853563223,1.2481777460581427,1.3492909151527213,1.2195876286743157
A498,Oleic acid,329,238,1443,897,0.7159584030653687,0.9065832307338924,0.9659133029871613,0.8752291846790198
A498,Oxaliplatin,527,331,1443,897,0.6864606945025254,0.8048515267096334,0.908433118254973,0.7783560225050284
A498,PF-06260933,283,150,1443,897,0.7953058442881829,1.7931428047033657,2.0784217610297158,1.7990428417517812
A498,PH-797804,729,209,1443,897,0.8562723142160039,1.8917355927917887,1.7773721957334676,1.8714046838685188
A498,Paclitaxel,1658,814,1443,897,0.914464772940971,1.3247153571961041,1.426977191205802,1.3401094647146587
A498,Pemigatinib,685,250,1443,897,0.5800843391657362,1.049164049442939,1.0108426086979416,0.9360184025475884
A498,Pimitespib,339,156,1443,897,0.8821150177939227,1.807254377139617,1.835232068719581,1.7613628813052162
A498,Pralsetinib,310,171,1443,897,0.8198454978256812,1.680396734901915,1.606867353327212,1.5776523797739548
A498,RMC-6236,2046,427,1443,897,0.7612507436378506,2.124453169451623,1.6781905274447821,2.0355783858813856
A498,Ralimetinib dimesylate,493,341,1443,897,0.872054668516386,1.2591840148435594,1.2690768410196753,1.2242366864200829
A498,Regorafenib,518,350,1443,897,0.772073110669356,1.0269858583755256,1.1945016549701546,1.0390927252722186
A498,SBI-0640756,298,204,1443,897,0.7600514579824402,1.081598647517903,1.1747966467091497,1.0518394979416525
A498,Sapanisertib,1701,439,1443,897,0.8174015860721114,1.7820188323949366,1.6889430318798149,1.7291731836658077
A498,Sonidegib,368,212,1443,897,0.7576410518240803,1.052379995700645,1.1901411199328613,1.0371808093471986
A498,TAK-733,435,204,1443,897,0.9206933493319683,2.19194726417342,2.423066607579616,2.2307207072284556
A498,TAK-901,1103,313,1443,897,0.9667249211025205,4.149750123411437,4.006579834024214,4.123577466278781
A498,Temuterkib,713,386,1443,897,0.8310543560996281,1.1553735210182057,1.259565900020259,1.146759543586048
A498,Tomivosertib,971,550,1443,897,0.7692972154478022,0.8642884008739554,1.0874914612340687,0.8945037074125889
A498,Torkinib,136,89,1443,897,0.6175911009123465,1.1457705891387922,1.1184393729079245,1.0294670054295156
A498,Trametinib,1642,369,1443,897,0.7290855498632757,1.8658064784925028,1.6587221552760978,1.806248877564725
A498,Tubulin inhibitor 6,348,203,1443,897,0.635399583168871,0.6681861125915869,0.793368851739969,0.6466184063072978
A498,Tucatinib,1178,719,1443,897,0.7897394912214417,0.9301142193649593,1.0646381017005453,0.9297177061951544
A498,ULK-101,504,262,1443,897,0.6541980471312391,0.8100035727680778,1.0334502375157626,0.8100559242691316
A498,Vemurafenib,1059,532,1443,897,0.8489359084499943,1.1462450675203826,1.1198912634687526,1.0984707300742391
A498,Volasertib,243,115,1443,897,0.6116870171308696,1.0500613365517424,1.110870062327882,0.9812636127203608
A498,XRK3F2,1277,440,1443,897,0.8457403400148131,1.4855595981351184,1.4192708838686972,1.4404415383869615
A498,c-Kit-IN-1,234,189,1443,897,0.8754960462295228,1.940380712618988,1.9521566200450304,1.8834777910033247
A498,olaparib,316,171,1443,897,0.7419099858839847,1.1102223235207036,1.1618000990381505,1.052061115131628
A498,palbociclib,745,129,1443,897,0.7221754846877222,1.827278843274059,1.4897551435942467,1.7264543579055307
A498,venetoclax,382,245,1443,897,0.8726517679097898,1.9194578101493494,2.0081440453176156,1.8927833919987553
A498,vincristine,439,374,1443,897,0.8560036048858611,1.3300651557347454,1.498864038287817,1.3668967544206094
A549,4EGI-1,507,233,1343,678,0.3594663608897769,1.2920473490131636,1.2254858663353976,1.0860041065477415
A549,9-ING-41,1949,815,1343,678,0.845475117959562,1.2305330020814012,1.1088534299201218,1.1692276773329333
A549,APTO-253,779,355,1343,678,0.7255786508359162,0.9885954799842449,0.9418583847750003,0.9135650440441316
A549,AT7519,1096,477,1343,678,0.6960088550829674,0.7540670533228393,0.895717548397885,0.7411340622382437
A549,AZD-7648,486,232,1343,678,0.9071372185548937,1.7936683747860607,1.9615962831461569,1.8097687273489413
A549,AZD-8055,1382,522,1343,678,0.8904345434527333,1.6197659841924126,1.6180432713657935,1.6019613025077708
A549,AZD1390,675,294,1343,678,0.2871544535947316,1.103930405451966,1.3629162877176866,0.9702051762131492
A549,AZD2858,261,119,1343,678,0.5735735821907036,0.9961454842544787,1.1878355896665656,0.9467708505043504
A549,Abemaciclib,395,320,1343,678,0.8895938856558306,2.0168970217337554,1.9799833240866125,1.9777810610948088
A549,Adagrasib,433,231,1343,678,0.5707164466058946,0.7186150200341931,0.9055052259176454,0.6993194132132545
A549,Afatinib,1915,598,1343,678,0.9243219942473404,2.088748646137493,2.108444379162877,2.0961765331782654
A549,Alpelisib,524,223,1343,678,0.8999869707650471,1.792335232597449,1.9394275571318116,1.8039596387967194
A549,Anastrozole,857,404,1343,678,0.7056496114555534,0.842880116693326,1.065054571893857,0.8483380572360265
A549,BAY1125976,1801,564,1343,678,0.9379485512487499,2.0493903462586602,1.9893974545280855,2.0389758866994008
A549,BI-3406,1286,481,1343,678,0.9134516452555601,1.924563023480489,1.9549335008241355,1.9207494777352505
A549,BI-78D3,1180,576,1343,678,0.6460313451721275,1.073881719048925,0.9393831600970143,0.9521690580311384
A549,Belumosudil (mesylate),577,210,1343,678,0.696229483758798,1.0087449875040218,1.1128228127131765,0.9795350931252313
A549,Belzutifan,432,164,1343,678,0.8327556112530162,1.6709299571318332,1.622321923125047,1.598572649013737
A549,Bentamapimod,975,561,1343,678,0.7502752262191525,1.200111363715821,1.0510295822440856,1.082050561427432
A549,Bimiralisib,2019,439,1343,678,0.9432400149881918,2.552262901282786,2.515640151378862,2.5873763031566037
A549,Binimetinib,459,172,1343,678,0.8795120461877003,2.32868717150815,2.2176720452570073,2.2612923521650194
A549,Bortezomib,200,91,1343,678,0.922555721066386,3.6591554232798944,3.7688100024555666,3.6284254679794214
A549,Brivudine,825,1241,1343,678,0.9138460177590227,2.8852653521005536,2.84950331342214,2.857333632442597
A549,CP21R7,515,247,1343,678,0.737166607123769,1.177693426010495,1.095724756460388,1.0884000273148922
A549,Capivasertib,432,203,1343,678,0.7004111691960128,0.9174157090913543,0.9699000993259264,0.8665209992085745
A549,Capmatinib,434,242,1343,678,0.8826831447223358,1.701722499191651,1.8614254554334475,1.7062440725270376
A549,Celecoxib,639,326,1343,678,0.7406161525475827,0.8886643972062573,0.9099089738902498,0.8417112250768157
A549,DT-061,435,225,1343,678,0.8023301565798827,1.2796765561519627,1.3042288470593295,1.229007771385632
A549,DTP3,506,234,1343,678,0.754131964820451,1.1368624512928813,1.1873169960082317,1.0864039697553574
A549,Dabrafenib,2630,883,1343,678,0.8940973214608495,1.6266835831452822,1.334042605540057,1.5483735823873022
A549,ERK5-IN-2,1521,680,1343,678,0.8540482250297979,1.5764970156627491,1.4957141583818439,1.5089203912098288
A549,ETC-206,706,391,1343,678,0.5676308567548526,0.7827754496497878,0.881988804170901,0.7319153324354551
A549,EX229,580,318,1343,678,0.8877146216432662,2.2388722649590265,1.999486676793834,2.10210871925427
A549,Elimusertib hydrochloride,323,98,1343,678,0.8648324091866907,2.3053751482679776,2.352257671520467,2.270906231299796
A549,Encorafenib,2250,959,1343,678,0.8730580036070158,1.82125601039025,1.7103410157967138,1.7534940600233153
A549,Erdafitinib ,815,359,1343,678,0.8357161540942855,1.2059769912553824,1.2090050442124702,1.1676738397854693
A549,Everolimus,1847,896,1343,678,0.7883013747563268,0.8747644709810096,0.9752721081370785,0.861350545600748
A549,Futibatinib,469,129,1343,678,0.7180119566545021,1.4242490420694727,1.3126079251705058,1.3732830718176845
A549,GSK1059615,1919,1035,1343,678,0.9182265707122222,1.8090888262024512,1.7224418596808369,1.744662197670955
A549,Gemcitabine,1052,543,1343,678,0.6895060933345036,0.8532613666924165,1.1718768525858418,0.8868454141218889
A549,HI-TOPK-032,297,451,1343,678,0.8029809127783267,1.496862275300207,1.6805059737005708,1.6844551374004086
A549,Hydroxyfasudil,430,198,1343,678,0.5995037755712957,0.8298879312373109,1.0034962082675352,0.7996288784655233
A549,IQ 1,533,225,1343,678,0.7548358766481982,1.1791525925177353,1.117295310897865,1.108034694718044
A549,Infigratinib,933,392,1343,678,0.8655876731467618,1.3694006032052761,1.4637918572982707,1.3621085499325083
A549,Ipatasertib,1500,922,1343,678,0.8425536449640842,1.452015055442139,1.2953684111593449,1.3475546082169432
A549,Irinotecan,1180,652,1343,678,0.6808975703772504,0.8785868472835211,1.1454134017769537,0.8940913013675272
A549,Ixazomib,472,208,1343,678,0.8567360188197495,1.871897599979945,1.8724313059492157,1.8166321095876627
A549,LB-100,793,376,1343,678,0.7135388612148865,0.8629355508903496,0.8743410270572572,0.8130697600987222
A549,LJI308,538,272,1343,678,0.5973151808255222,0.8960979109577216,1.2536335579925608,0.911443044122075
A549,LY-2584702 (tosylate salt),115,92,1343,678,0.6634384360654841,1.409143849995288,1.5003189295994088,1.3647487401765976
A549,LY2090314,977,415,1343,678,0.8112477077777498,1.4787728520443855,1.1923264211295985,1.3505953053792044
A549,Lapatinib ditosylate,1385,607,1343,678,0.7569818746761072,0.8761981973505178,0.9208451404260318,0.8465085531943783
A549,Lonafarnib,211,182,1343,678,0.9447606524650948,3.4220178841621336,3.0002041378597983,3.202798559269614
A549,MK-3903,669,237,1343,678,0.8172962407982074,1.3513590115561431,1.3876107357578338,1.3313996138745483
A549,MK-8353,543,260,1343,678,0.6092185475958148,0.8906459649490144,1.0662932512495318,0.8559550453966583
A549,ML264,1116,499,1343,678,0.6869158821430283,1.1978306071485232,1.0253734987384726,1.076088478372184
A549,Methylprednisolone succinate,575,273,1343,678,0.6302230933883861,0.8528054919034722,0.9507538862322857,0.8072167537408818
A549,Minodronic acid,625,276,1343,678,0.74334920097982,1.0834112656461086,1.017170700155687,1.007830099859514
A549,NG25,543,576,1343,678,0.8171383976092562,2.1066982263380467,2.68063167873287,2.354439170031443
A549,NVP-BHG712,590,291,1343,678,0.6945968795409316,1.0514677027522612,1.0181182610062887,0.9684193595012416
A549,OTS514,244,152,1343,678,0.7299084278983525,1.4326516516602317,1.2875817137498358,1.2877660971650846
A549,Oleic acid,599,212,1343,678,0.7325593023256296,1.089106892601268,1.0514963595754836,1.0315290627256153
A549,Oxaliplatin,758,351,1343,678,0.7398698147848038,0.9461508594106263,1.019967534484141,0.9114469366101462
A549,PF-06260933,407,137,1343,678,0.2950270996427123,1.7499742224212302,1.7736641434723852,1.5265270520640222
A549,PH-797804,844,459,1343,678,0.9213367976163765,2.7188003763745945,2.462825282641011,2.586101701045375
A549,Paclitaxel,1889,945,1343,678,0.8380287949540508,1.485665951186918,1.3778587942248435,1.3984492228322651
A549,Pemigatinib,736,316,1343,678,0.6903674934810529,0.8106516363845194,0.8867150972228396,0.7786123280472388
A549,Pimitespib,317,166,1343,678,0.7735524190682299,1.1734987150169924,1.2576269844555605,1.1392654203685932
A549,Pralsetinib,247,164,1343,678,0.6895265007027424,1.439291878213484,1.9933693021305379,1.53571915114363
A549,RMC-6236,1827,474,1343,678,0.9052583733173167,2.485183785795059,2.309346213068675,2.4642539341739758
A549,Ralimetinib dimesylate,881,463,1343,678,0.7940018040163287,1.175667502259954,1.073549005549635,1.0874643296189725
A549,Regorafenib,720,459,1343,678,0.7760178808672216,1.1735695179222743,1.3761307346707985,1.1965977476794905
A549,SBI-0640756,387,173,1343,678,0.5352940118156263,1.0202587414764202,1.1387912400743416,0.9504284408955673
A549,Sapanisertib,2006,732,1343,678,0.9178708207551679,1.8079971753909276,1.7182970386142336,1.7822670916250385
A549,Sonidegib,270,157,1343,678,0.5445388540642452,0.8475905800811394,1.1110676312384467,0.8415570510288131
A549,TAK-733,515,386,1343,678,0.913729411698679,2.1373778753969335,2.075261214718609,2.079527738625215
A549,TAK-901,937,843,1343,678,0.979961409208264,5.7264271552010495,5.562133116978259,5.616566536839647
A549,Temuterkib,1062,483,1343,678,0.8697606380107781,1.47859552762329,1.3968240857661847,1.4176866049153602
A549,Tomivosertib,670,634,1343,678,0.7770516226406082,0.9899853891406258,1.353524742534684,1.1386046732732946
A549,Torkinib,217,141,1343,678,0.6329218025471828,1.0785878555326966,1.1752787016007924,1.0232948495706475
A549,Trametinib,1574,337,1343,678,0.919736347071595,2.404052418870627,2.3950041677786,2.437607513160925
A549,Tubulin inhibitor 6,487,222,1343,678,0.6775510881825538,0.8741883457581306,1.0139914050032186,0.8468261852353762
A549,Tucatinib,1375,754,1343,678,0.6249640900506773,0.8683756209302013,0.9437781234619884,0.8127325938199044
A549,ULK-101,443,259,1343,678,0.6984390788303366,0.9042543998546267,0.9837060951420232,0.8668493328226669
A549,Vemurafenib,1445,592,1343,678,0.8244784687051532,1.290658750124856,1.149030518222974,1.2204169356857546
A549,Volasertib,348,167,1343,678,0.17594632492966647,0.9357185273380413,0.8932278532843632,0.7402372151730048
A549,XRK3F2,1753,565,1343,678,0.9007271872689722,1.584994796036982,1.4863297816038052,1.5720082470612295
A549,c-Kit-IN-1,301,233,1343,678,0.8383092546023034,2.0337161381044746,2.085684453831172,1.9948331551780916
A549,olaparib,425,200,1343,678,0.6851120059592057,0.9844394097648732,1.1133795789349812,0.95146589224614
A549,palbociclib,776,181,1343,678,0.8179499927603927,1.732098913987636,1.5530098970180197,1.7149432687693658
A549,venetoclax,257,268,1343,678,0.9221464717006875,2.6404088335696647,2.6991286361956686,2.6397556394439747
A549,vincristine,317,306,1343,678,0.812123300956829,1.6019858103755829,1.8702194571333584,1.7179583939675278
AN3 CA,4EGI-1,57,81,118,176,0.2522045211490586,1.7351801920958942,1.171591268400225,1.1083256063134126
AN3 CA,9-ING-41,154,299,118,176,0.6182472651082825,2.1177040117215054,1.0601361997511731,1.3554187717785462
AN3 CA,APTO-253,134,231,118,176,0.5186917694511313,1.9233352751724142,0.9269843185314643,1.1719150136062377
AN3 CA,AZD-7648,84,158,118,176,0.6015043514033018,2.124564149583386,1.2776874671883924,1.4740324688597197
AN3 CA,AZD-8055,111,100,118,176,0.34501730843744166,1.9133779373831894,1.3855570040549818,1.3085816600853633
AN3 CA,AZD1390,85,99,118,176,0.23193770509835712,1.3246358663952524,1.566912719493942,1.162948693416895
AN3 CA,Abemaciclib,94,141,118,176,0.5115989597782002,1.9263337911500271,1.3995230002228178,1.4013387443360468
AN3 CA,Afatinib,216,259,118,176,0.6437626575121345,2.5360635431328635,1.560377440436882,1.7815133530882459
AN3 CA,Anastrozole,89,151,118,176,0.05092565289906853,1.4616647182859426,0.8422401138517438,0.7978787179521324
AN3 CA,BAY1125976,140,97,118,176,0.6877197296027292,2.2325071467519875,1.7093655245825927,1.7397886742783648
AN3 CA,BI-3406,120,182,118,176,0.44677669089313027,1.4937308856552196,1.1793752447933619,1.113215528435306
AN3 CA,BI-78D3,127,193,118,176,0.418281502462899,1.4606527979687018,1.0486564532225437,1.0248506972754607
AN3 CA,Belumosudil (mesylate),69,106,118,176,0.2449353725445292,1.8745378500789929,1.2252154502871466,1.1748665748450335
AN3 CA,Belzutifan,58,121,118,176,0.537730794949704,1.9759784286704998,1.3100838654894074,1.4255558098863608
AN3 CA,Bentamapimod,88,126,118,176,0.5164916979745472,2.1517547162400468,1.2665987183717096,1.4120859982770795
AN3 CA,Bimiralisib,78,63,118,176,0.4243941512428367,1.646860506046935,1.661146263130876,1.4820043093177144
AN3 CA,CP21R7,50,82,118,176,0.2859759840645355,1.9960359797824871,1.1154513793616416,1.1797504688241112
AN3 CA,Capmatinib,65,82,118,176,0.28092620651461037,1.4889367781100689,1.2475134859486285,1.0725748885113489
AN3 CA,Celecoxib,70,153,118,176,0.19826403807074539,1.474562689894837,0.8468274801946967,0.8839571033395541
AN3 CA,Dabrafenib,355,406,118,176,0.7432158810341322,2.6020409880543993,1.3750430684076758,1.753869461483707
AN3 CA,ERK5-IN-2,161,302,118,176,0.5563752579760041,1.821287200561268,1.6342038801885177,1.5406252208865536
AN3 CA,ETC-206,88,140,118,176,0.3005152672622425,1.3323017636212844,1.0926887375268213,0.9808375753586801
AN3 CA,Elimusertib hydrochloride,54,79,118,176,0.39467249763132606,1.6404180675736661,1.5036723914564176,1.307546203922673
AN3 CA,Encorafenib,261,400,118,176,0.7403102098844558,2.2810489543598207,1.5229703714307823,1.706363265341853
AN3 CA,Erdafitinib ,108,159,118,176,0.3452092774273374,1.3758439837726897,1.0224383633621155,0.9535464451620161
AN3 CA,Everolimus,210,372,118,176,0.010234451492232125,1.0757900953334432,0.867744278850349,0.6700018452780426
AN3 CA,Futibatinib,55,71,118,176,0.4810911841861495,1.997859017471058,1.2472053680051718,1.3217932896219886
AN3 CA,Gemcitabine,126,117,118,176,-0.04712063723197052,1.2882833954448827,1.0460821238436062,0.8088774534800472
AN3 CA,HI-TOPK-032,63,214,118,176,0.25117396156306093,1.4453608904306787,1.0561781907800878,1.0318165279111537
AN3 CA,Infigratinib,63,70,118,176,0.20539997734869225,1.4202178308076792,1.2566049232256171,1.0668379066261735
AN3 CA,Ipatasertib,68,141,118,176,0.5788646209839211,1.6612712992747605,2.027326220120507,1.7582999402029418
AN3 CA,Irinotecan,181,262,118,176,0.11479815858927338,1.1401608398927334,1.0036089976976725,0.7993145824813194
AN3 CA,Ixazomib,96,127,118,176,0.5609505858369228,1.9998453234956985,1.4594511266723809,1.462029876690188
AN3 CA,LB-100,88,157,118,176,0.33793610359351367,1.6454631132492656,0.9420992366053222,1.0145895666254623
AN3 CA,LY2090314,125,233,118,176,0.708546366334438,2.5571909239089274,1.2745586958327444,1.6666589890124028
AN3 CA,Lapatinib ditosylate,122,194,118,176,0.26466906487353303,1.6854771057625408,0.8317426704577257,0.943289366196957
AN3 CA,MK-3903,73,79,118,176,0.22933126638540954,1.460336777731492,1.2270486214884453,1.1020475440096456
AN3 CA,ML264,148,157,118,176,0.6890694705859423,2.332248378142695,1.3718269200019868,1.6122154054362796
AN3 CA,Methylprednisolone succinate,111,150,118,176,0.07153996939598618,1.1987026594687604,0.8449592551349204,0.7253541358316596
AN3 CA,Minodronic acid,96,115,118,176,0.3005269446065284,1.6561611675154235,0.9380105845591727,0.9740362264118296
AN3 CA,NG25,56,103,118,176,0.4626225855627325,2.020825959188747,1.7903599537392343,1.6526269461752017
AN3 CA,NVP-BHG712,82,102,118,176,0.4103526926339948,1.5636395035627504,1.0692969865156274,1.0456757996171833
AN3 CA,Oleic acid,83,134,118,176,0.25009863002949734,1.554645331806012,0.946050899083717,0.9502227365493304
AN3 CA,Oxaliplatin,72,84,118,176,0.15358842774473885,1.524710660393834,0.9696531599876133,0.901094787938254
AN3 CA,PF-06260933,94,83,118,176,0.31321261205208667,1.717159212064117,1.5741222101759833,1.3433528150754614
AN3 CA,Paclitaxel,175,314,118,176,0.6956490160879605,2.0840485660346872,1.4158048735143962,1.5670218869643324
AN3 CA,Pralsetinib,73,109,118,176,0.06603325981784987,1.6673137363049821,1.4017895849480793,1.1072625951567552
AN3 CA,RMC-6236,193,321,118,176,0.7192340560440498,2.3743431982909935,1.6353461912028036,1.7955572593846256
AN3 CA,Ralimetinib dimesylate,69,122,118,176,0.4131780655909911,1.7554035378228343,1.089984034840479,1.151309052016442
AN3 CA,Regorafenib,74,125,118,176,0.315260703767515,1.394784063775396,1.1730274897641693,1.0407562065826745
AN3 CA,Sapanisertib,158,131,118,176,0.5938238428371406,2.2107064665099196,1.538047566659698,1.6480150297888123
AN3 CA,TAK-733,100,168,118,176,0.5514393119911397,2.087590909605825,1.478513671685034,1.5227463655860696
AN3 CA,TAK-901,81,95,118,176,0.7784561610073647,2.926127563005495,3.069747735204379,2.8497866611158105
AN3 CA,Temuterkib,172,206,118,176,0.5514054239802202,1.695203520555486,1.2476799050146334,1.2349522801685444
AN3 CA,Tomivosertib,98,155,118,176,0.20854814162920013,1.4319905079732311,0.9958296665716886,0.9130176928773881
AN3 CA,Trametinib,103,120,118,176,0.5366272653963365,1.8285682510130439,1.5550982958795856,1.4684882581282004
AN3 CA,Tucatinib,87,140,118,176,0.18250174652282544,1.450587528452561,0.964310765965529,0.8908579746394903
AN3 CA,Vemurafenib,171,256,118,176,0.4411707235906499,1.8047385579556214,1.078586452799128,1.1639079767766107
AN3 CA,Volasertib,50,98,118,176,0.40665738440663896,2.110972270962609,1.1107778975645404,1.292182211537248
AN3 CA,XRK3F2,151,193,118,176,0.6533176237967566,2.412930708415696,1.3231825703868378,1.6045986644649743
AN3 CA,c-Kit-IN-1,74,116,118,176,0.38580075724818336,1.6327935577990205,1.4167835952960455,1.2576316648712298
AN3 CA,olaparib,137,192,118,176,0.09186093788442366,1.185350660567876,1.3350965694652979,0.9714333072834467
AN3 CA,palbociclib,100,94,118,176,0.4845899917672053,2.0881618231073493,1.16438874445105,1.3190586421992567
AN3 CA,venetoclax,68,101,118,176,0.4443923269082588,1.6527192791089023,1.5125446529851378,1.3393354352108124
AsPC-1,9-ING-41,2029,211,1217,128,0.7296722841077784,1.1136199377986453,1.2473431266064117,1.0973449198079452
AsPC-1,APTO-253,739,69,1217,128,0.69000460005678,1.3341095206166202,1.651239805618961,1.3228341751051758
AsPC-1,AT7519,959,87,1217,128,0.5178550462296408,0.8225822238646039,1.2147209003634354,0.810972073350349
AsPC-1,AZD-7648,464,99,1217,128,0.8673995650775486,2.4967736536377876,2.13086446010679,2.424536053528868
AsPC-1,AZD-8055,937,122,1217,128,0.9116262484979204,2.618146282811674,2.3958590488176834,2.576054555027666
AsPC-1,AZD1390,598,83,1217,128,0.7393911358187281,1.4325153464626006,1.5639567904125604,1.4018240607081196
AsPC-1,Abemaciclib,1091,111,1217,128,0.8550762095172209,1.953361867620616,1.9174611540680526,1.9256320295611524
AsPC-1,Afatinib,2044,188,1217,128,0.9248731877990086,2.7465362768777655,2.401401673874734,2.69846808780214
AsPC-1,Alpelisib,502,64,1217,128,0.8889624430540995,2.7850809457795593,2.5963865648945528,2.7393552968187396
AsPC-1,Anastrozole,768,99,1217,128,0.572956186913094,0.9556715636698307,1.1824238629194386,0.9342019472947228
AsPC-1,BAY1125976,2653,149,1217,128,0.8850583634183177,2.3420146838998877,2.1638155091145213,2.3301369146630195
AsPC-1,BI-3406,1130,111,1217,128,0.9178041944935251,2.7974378021296515,2.5170796529688606,2.7538519687965843
AsPC-1,BI-78D3,1457,171,1217,128,0.6300437778570763,0.8871527416264463,1.1076088730858056,0.8719412774842179
AsPC-1,Bentamapimod,1210,124,1217,128,0.7950674119993688,1.5318060813350438,1.6662834615813114,1.5156290084683568
AsPC-1,Bimiralisib,2359,198,1217,128,0.954586967908192,3.301056066871867,2.991075173650841,3.263079035384904
AsPC-1,Binimetinib,388,56,1217,128,0.8724772209285688,2.813009002491404,2.52095830880892,2.7508888576483845
AsPC-1,Bortezomib,503,60,1217,128,0.8958621443407875,3.0060677682750683,2.978990513579722,2.9780493703588267
AsPC-1,Brivudine,1296,290,1217,128,0.9405284602243926,2.9654647785445682,2.5796600737347997,2.9247866926713257
AsPC-1,CP21R7,441,55,1217,128,0.44788244730316856,1.0169247218548645,1.3648223653578682,0.9830993932262059
AsPC-1,Capivasertib,523,51,1217,128,0.38414326298710466,0.8544573589527775,1.4320560388254986,0.8363315840741885
AsPC-1,Celecoxib,552,65,1217,128,0.5921088858263596,0.9358281679294538,1.4590410820746922,0.9385511715212459
AsPC-1,DT-061,416,73,1217,128,0.6611600316858076,1.5239722006196514,1.600410891409335,1.4848526998312626
AsPC-1,Dabrafenib,2432,172,1217,128,0.8293813097498,1.3737203685461683,1.6894125157577389,1.3825261295694777
AsPC-1,ERK5-IN-2,2459,166,1217,128,0.7599045322825994,1.277735199354793,1.418163050145524,1.2711495776178032
AsPC-1,ETC-206,705,72,1217,128,0.49553438220742985,0.8004964954363744,1.2377713910047665,0.7890392195897815
AsPC-1,EX229,779,68,1217,128,0.8490644551509062,2.238195789652275,2.297647502004523,2.2111339254267013
AsPC-1,Elimusertib hydrochloride,324,51,1217,128,0.8466556762460691,2.6873840686135453,2.5516839259795243,2.6404179192517017
AsPC-1,Encorafenib,2474,234,1217,128,0.882499628161278,2.166808801177721,2.015054136812597,2.1325149554054814
AsPC-1,Erdafitinib ,982,82,1217,128,0.6631638493890752,1.1194170609979663,1.3841806977532294,1.1099750444290362
AsPC-1,Everolimus,1853,237,1217,128,0.6394997880094803,0.9972414578734521,1.05675769001118,0.9671884025068165
AsPC-1,GSK1059615,2150,144,1217,128,0.9076352592266941,2.4315100535139953,2.309719053034929,2.4111493195623463
AsPC-1,Gemcitabine,1382,150,1217,128,0.5571214284606658,0.8372689073683782,1.0583309272994377,0.818077844753905
AsPC-1,HI-TOPK-032,454,90,1217,128,0.8144053064171093,1.815419468924593,1.960314935598279,1.820960370001553
AsPC-1,Infigratinib,1065,111,1217,128,0.81232269422524,1.7584374396443239,2.247782342007943,1.769178422504662
AsPC-1,Ipatasertib,1912,237,1217,128,0.8217877897530222,1.6066191531526959,1.5109396396392127,1.5725908473800552
AsPC-1,Irinotecan,1658,234,1217,128,0.6498497896581631,0.9235290823004791,1.102565924893325,0.9118154204033765
AsPC-1,Ixazomib,445,56,1217,128,0.6535860717931388,1.6510491419585698,1.6437514011681007,1.5939370693387016
AsPC-1,LB-100,762,85,1217,128,0.5319351086230791,0.8660020381410323,1.2065332933484911,0.8497608466155272
AsPC-1,LY2090314,1102,108,1217,128,0.6997759276919475,1.2007281126539826,1.5497009862165683,1.1956474731336237
AsPC-1,Lapatinib ditosylate,1463,145,1217,128,0.6145449509080703,0.9276066207875112,1.140661526756685,0.9113822721816883
AsPC-1,MK-3903,496,63,1217,128,0.7799932733820941,1.8259974483659607,1.9076262533495207,1.7972640067122845
AsPC-1,MK-8353,549,63,1217,128,0.5585091339967619,0.9597958547280002,1.381891050419411,0.9462538428155612
AsPC-1,ML264,1224,104,1217,128,0.5844416843700807,1.122759791818737,1.2739704881480567,1.0989318392010108
AsPC-1,Methylprednisolone succinate,564,88,1217,128,0.5243210970561958,0.9843382810103006,1.2113043713974239,0.961436147084038
AsPC-1,Minodronic acid,813,70,1217,128,0.6028714049211286,1.0494462128411737,1.410757226096519,1.0382550170538396
AsPC-1,NG25,660,100,1217,128,0.902316235003888,2.8168813289106818,2.5882295258309647,2.767038216916764
AsPC-1,NVP-BHG712,712,80,1217,128,0.5947000292902104,1.283520759320822,1.407806697389847,1.2440771763626617
AsPC-1,Oleic acid,585,76,1217,128,0.6176102149052988,1.0731003509445267,1.3084636635609297,1.0495999846646757
AsPC-1,Oxaliplatin,809,69,1217,128,0.4514706246062444,0.9832755884646074,1.1604911404971097,0.9471427969582342
AsPC-1,PH-797804,1439,102,1217,128,0.7675248688223718,1.4752838029801276,1.6137029059138648,1.4637602552688358
AsPC-1,Paclitaxel,2963,328,1217,128,0.8592994315217868,1.8928429045698574,1.7396889721000788,1.8564714133826972
AsPC-1,Pemigatinib,718,59,1217,128,0.553008732211735,1.3786712452208605,1.4874416172032934,1.3444912477915807
AsPC-1,Pralsetinib,397,80,1217,128,0.5968701922113295,1.7204928878197294,2.077690028553303,1.6876266292245135
AsPC-1,RMC-6236,2338,194,1217,128,0.9429605931031635,3.171843475385743,2.8434508209718334,3.131250180714148
AsPC-1,Ralimetinib dimesylate,984,139,1217,128,0.6974347174245372,1.2757547439313617,1.4433180380865527,1.2531054904318684
AsPC-1,Regorafenib,717,111,1217,128,0.8413886466786572,1.8948692891794168,1.8797286141548952,1.8808097476382408
AsPC-1,SBI-0640756,425,68,1217,128,0.6516469375785396,1.0772609609937167,1.453326699650479,1.0857579965973947
AsPC-1,Sapanisertib,2519,108,1217,128,0.8498563895404662,2.045621204443821,2.038316473015434,2.0477052501520223
AsPC-1,TAK-733,899,90,1217,128,0.8940672836581492,2.6285028463265023,2.4938092625344774,2.59212454716409
AsPC-1,TAK-901,2030,192,1217,128,0.9701419768981858,4.179141576162921,3.9801403828088393,4.151075803510139
AsPC-1,Temuterkib,1011,106,1217,128,0.7107744264738259,1.1828828759747205,1.3428100813973962,1.1646801735786565
AsPC-1,Tomivosertib,746,101,1217,128,0.7102348459340825,1.245616386714893,1.3999952088961722,1.227407630377126
AsPC-1,Trametinib,1779,166,1217,128,0.9388680021560081,3.2248886111980553,2.78968250117149,3.1714828381777225
AsPC-1,Tubulin inhibitor 6,497,55,1217,128,0.3737396617964273,0.9078717886980692,1.3573862811194526,0.8770314015164502
AsPC-1,Tucatinib,1431,167,1217,128,0.590088842112968,0.9187540336821929,1.092160805925472,0.8935857835642395
AsPC-1,ULK-101,433,53,1217,128,0.4697812877859203,1.0055308164453156,1.3854076687534638,0.9791674990331452
AsPC-1,Vemurafenib,1455,201,1217,128,0.8860558579740329,2.239491527948235,1.9180586513297497,2.18600266244549
AsPC-1,XRK3F2,1775,172,1217,128,0.9028149176228226,2.381219034022276,2.1523413591010034,2.342473537360006
AsPC-1,c-Kit-IN-1,637,101,1217,128,0.839432000944891,2.0526591151527187,1.9732474601556886,2.0258752439551095
AsPC-1,olaparib,485,101,1217,128,0.6236372852240306,1.080597576398655,1.9647116212465157,1.1747423694881818
AsPC-1,palbociclib,752,89,1217,128,0.8284405002316647,2.0601483281321484,1.9198378695102947,2.0179172528416305
AsPC-1,venetoclax,512,110,1217,128,0.9068382148241315,2.794454307313497,2.491300989267893,2.757027540167084
BT-474,4EGI-1,371,141,753,367,0.49872323808512076,1.571047429244435,1.155666971676626,1.3214348306452786
BT-474,9-ING-41,962,329,753,367,0.544086947133985,1.2345266263619457,0.9324054336279076,1.0897010736089354
BT-474,APTO-253,382,153,753,367,0.4990815660252088,0.7801668454825944,0.8726765497924343,0.6997933756919257
BT-474,AT7519,609,237,753,367,0.5160082966614551,0.9304575557491995,0.7962330163970556,0.8047186384246232
BT-474,AZD-7648,333,129,753,367,0.6666983766881608,1.2674479736822952,1.2233028690767467,1.1560485129587732
BT-474,AZD-8055,553,155,753,367,0.7373993155723925,1.7387113426085972,1.5161824417534162,1.6180775807625172
BT-474,AZD1390,409,175,753,367,0.5745770032022075,1.2473576502892558,1.0519705746567571,1.0824254821010597
BT-474,AZD2858,191,84,753,367,0.42379318060467586,0.8856525042593324,0.9646950200062572,0.7793723862798334
BT-474,Abemaciclib,409,115,753,367,0.7797042645205523,1.7359408173306994,1.445141516469962,1.6194968791882243
BT-474,Adagrasib,243,128,753,367,0.4687952987918917,0.7519639438037787,0.8887598759665231,0.6982133818143096
BT-474,Afatinib,540,181,753,367,0.835034149813924,2.3410959841673864,1.767482115075003,2.131816210158936
BT-474,Alpelisib,385,170,753,367,0.7614255054725426,2.0516695347476164,1.4279829407915714,1.7772122243199773
BT-474,Anastrozole,443,193,753,367,0.5328094778138106,0.7730911160805708,0.8300724465414107,0.6996997262763696
BT-474,BAY1125976,1060,243,753,367,0.7970707435259545,2.1895950471266907,1.6303359663482475,2.0620845409300608
BT-474,BI-3406,779,332,753,367,0.7561939169039819,1.7090854387800116,1.2785658210354616,1.5056150548624503
BT-474,BI-78D3,685,315,753,367,0.5145054578260352,0.8057494498256517,0.8024417682023972,0.7169807259589093
BT-474,Belumosudil (mesylate),292,113,753,367,0.5018488108725724,0.9440018340236825,1.0327370481522287,0.837688402109163
BT-474,Belzutifan,302,102,753,367,0.6203565637960029,1.4185567243391624,1.2476942650806433,1.2712689854515544
BT-474,Bentamapimod,479,186,753,367,0.5944329495308623,1.1653923729211795,1.0443756283158654,1.043653527038637
BT-474,Bimiralisib,1001,286,753,367,0.8280781026479678,2.033330835204905,1.6189116249747224,1.8869703359353234
BT-474,Binimetinib,390,130,753,367,0.7771560876509794,1.8140427396277812,1.3769157901050788,1.6394691350214639
BT-474,Brivudine,760,366,753,367,0.8637257209233626,2.0440412422095244,1.6981945405761283,1.876637441307427
BT-474,CP21R7,302,122,753,367,0.3710600544705568,0.8157126775745013,0.9619836972328434,0.7277311197284365
BT-474,Capivasertib,297,123,753,367,0.44133809851801276,0.9335458293122684,0.9542749545651941,0.8209069680448139
BT-474,Capmatinib,299,113,753,367,0.6785416239998603,1.3595690036142283,1.1412455168724456,1.214453504066281
BT-474,Celecoxib,336,165,753,367,0.42301712426371624,0.7966930936205661,0.8195905029909669,0.6933849209288799
BT-474,DT-061,279,128,753,367,0.4651675079351707,0.9889950230048782,0.9764780127808357,0.8612054683302981
BT-474,DTP3,434,166,753,367,0.6391765770798382,1.4109683257608956,1.273048916975382,1.261379522911059
BT-474,Dabrafenib,1314,394,753,367,0.6264328787608466,1.1931031788817854,0.9903166860429964,1.1033128437004118
BT-474,ERK5-IN-2,986,437,753,367,0.7547354673308054,1.5320991155536101,1.5434644954753256,1.44946403018964
BT-474,ETC-206,426,211,753,367,0.4220018616386938,0.7069053654270488,0.7852424726556381,0.629337019498055
BT-474,Elimusertib hydrochloride,193,85,753,367,0.6679888508139326,1.624025103495434,1.4153498278756063,1.4470986700858766
BT-474,Encorafenib,1213,371,753,367,0.7915663255691618,1.6919463764140752,1.353408559863551,1.5647388961115605
BT-474,Erdafitinib ,610,221,753,367,0.44547539638186684,0.8956772439703284,0.8246564267276723,0.7933437022429338
BT-474,Everolimus,941,342,753,367,0.5769325805454576,0.9198591812715492,0.8692323323746379,0.832028725195216
BT-474,Futibatinib,252,113,753,367,0.5406019827092117,0.9776126355592133,1.1339346879211631,0.911437802504898
BT-474,GSK1059615,807,239,753,367,0.7724181905373393,2.2577537273538377,1.8978628477575037,2.0951923241885537
BT-474,Gemcitabine,758,218,753,367,0.46627248053157766,0.9269218550802499,0.8573544242945984,0.8397333536808622
BT-474,HI-TOPK-032,327,186,753,367,0.7685394299913466,1.5233587148655947,1.306232257888999,1.3784328956675846
BT-474,Hydroxyfasudil,213,81,753,367,0.3139039336484058,0.9477367460474061,1.0381058904753735,0.8110036176603523
BT-474,IQ 1,328,98,753,367,0.6682510792520385,1.4871423354937583,1.3254802469756182,1.3740138861062086
BT-474,Infigratinib,506,236,753,367,0.7777691693440183,1.5974946731940176,1.312253579101357,1.4356877731222502
BT-474,Ipatasertib,885,373,753,367,0.7570635071713346,1.2901034399399598,1.1203941672312645,1.1767369635682619
BT-474,Irinotecan,753,292,753,367,0.5210440439814751,0.8016960170465242,0.8519796263127217,0.7290985166922258
BT-474,Ixazomib,263,133,753,367,0.7356056425747299,1.505616054626967,1.327044602890022,1.3651076481004112
BT-474,LB-100,375,178,753,367,0.4193048673619287,0.6934787420709813,0.7953025904171378,0.6215255016570677
BT-474,LJI308,307,162,753,367,0.5298975170088932,0.7694466482205449,0.9021460550155129,0.7267899083091435
BT-474,LY-2584702 (tosylate salt),113,72,753,367,0.4980684940067088,1.1808283734581269,1.277877718665825,1.0877072627919149
BT-474,LY2090314,564,244,753,367,0.3903014148445416,0.7999237603639471,0.7886451901302597,0.686746322284393
BT-474,Lapatinib ditosylate,664,262,753,367,0.7037763064882051,1.567829701928501,1.1634438550061044,1.3689909437269245
BT-474,MK-3903,296,115,753,367,0.6855430669353932,1.4967562150731746,1.257958373026231,1.3433068789255909
BT-474,MK-8353,321,139,753,367,0.4815623670916564,0.9032368232373176,0.8903450334635982,0.7983057954830738
BT-474,ML264,439,161,753,367,0.6896262105933699,1.1763180198902434,1.1133845963644102,1.0962258669850755
BT-474,Methylprednisolone succinate,275,146,753,367,0.47539701975360543,0.800473546823582,0.8656713251475254,0.722120017424584
BT-474,Minodronic acid,410,199,753,367,0.5280265454388894,0.8079396666421075,0.8698595401589565,0.7345316521457494
BT-474,NG25,294,202,753,367,0.71217206622813,2.4730895401617587,2.19029744340622,2.2273771192324245
BT-474,NVP-BHG712,365,162,753,367,0.6429170980434447,1.0782395837559988,1.0197441439815333,0.9771180362133869
BT-474,OTS514,325,109,753,367,0.5575618133199536,1.0761075629628987,1.2150824149970927,0.9973557561291279
BT-474,Oleic acid,291,136,753,367,0.5464655919969507,0.8259988209746273,0.9577004700871754,0.7708905950508497
BT-474,Oxaliplatin,444,204,753,367,0.5093448297005808,0.8262057041288733,0.8294245815572078,0.7320823795811823
BT-474,PF-06260933,257,79,753,367,0.7858197444293312,1.8371352364084337,1.6354929689646283,1.7186147603452149
BT-474,PH-797804,679,209,753,367,0.947615184723178,4.440767124363335,3.749284546967195,4.211419768605132
BT-474,Paclitaxel,1053,402,753,367,0.6792465006504744,1.2126833550491751,1.058768613722346,1.1090134610908782
BT-474,Pemigatinib,422,148,753,367,0.6213829845904385,1.3543080240887535,1.069967435291674,1.1980032678791532
BT-474,Pimitespib,280,104,753,367,0.3907125578352425,0.8134685130192898,0.9728009408242132,0.7264500960141383
BT-474,Pralsetinib,207,94,753,367,0.6922615794524964,1.4651413472973336,1.4615690674555903,1.360674687249166
BT-474,RMC-6236,1154,392,753,367,0.7791452120549776,1.8808532453171347,1.362195295661954,1.6848015672146492
BT-474,Ralimetinib dimesylate,509,230,753,367,0.6603535499208022,1.1068254131683337,1.059666290854091,1.013139356407793
BT-474,Regorafenib,365,164,753,367,0.6725080991542259,1.3278464027557706,1.2121001993147644,1.197867615043437
BT-474,SBI-0640756,192,85,753,367,0.5400510475407744,1.0258323388566606,1.0501800987502175,0.9217624950677775
BT-474,Sapanisertib,1055,335,753,367,0.742590479601074,1.8581333678390795,1.3450905520625476,1.6818636715267137
BT-474,Sonidegib,200,90,753,367,0.3758371798660484,1.015174087348224,0.9720743875826917,0.8559168314255302
BT-474,TAK-733,272,104,753,367,0.6911906007772244,1.339968767386306,1.249019109479597,1.2199790897459954
BT-474,TAK-901,1331,418,753,367,0.9598259474694556,6.446916022703319,5.054990638302775,6.050311007996968
BT-474,Temuterkib,487,183,753,367,0.5843304851061599,0.9348448537173029,1.0005971588625218,0.8697580116845611
BT-474,Tomivosertib,206,148,753,367,0.7146989232222507,1.3993263498961859,1.2652460118540343,1.2985751727143517
BT-474,Torkinib,192,93,753,367,0.5177122008340324,0.9170107301832251,1.109234479958804,0.8624857133977136
BT-474,Trametinib,791,260,753,367,0.8143958296144116,2.0995791683494023,1.6609836995420286,1.922216176460997
BT-474,Tubulin inhibitor 6,282,119,753,367,0.4314034018119206,0.7405420988864787,0.8427512036091196,0.667457071193365
BT-474,Tucatinib,553,215,753,367,0.7331168936342546,1.8178861492832623,1.4003165131171005,1.6106818129130853
BT-474,ULK-101,290,132,753,367,0.5081641052453443,1.0644572657289562,1.008334791041134,0.9300905870590355
BT-474,Vemurafenib,688,214,753,367,0.7378846966369296,1.3723118471062528,1.1223576709138188,1.2669086539778924
BT-474,Volasertib,228,107,753,367,0.39063689821724196,0.8850785675190455,0.9001530799264531,0.7610323902311291
BT-474,XRK3F2,986,267,753,367,0.7071615564374584,1.6515523047521636,1.2298903072151244,1.5190607495281967
BT-474,c-Kit-IN-1,176,80,753,367,0.6686648479224263,1.314859051477366,1.3230557951621593,1.217970944677927
BT-474,olaparib,242,113,753,367,0.49124116690055225,0.9171408282483366,1.027251869322394,0.8326666453278524
BT-474,palbociclib,530,119,753,367,0.574129843933036,1.2734348657940475,1.0708450478812457,1.165362772303187
BT-474,venetoclax,175,86,753,367,0.7381812964008108,1.6940225605031438,1.4868714316624636,1.5339774069422862
BT-474,vincristine,286,134,753,367,0.7969195895546127,1.8246688812708676,1.3714847819557279,1.6112746310073764
C-33 A,4EGI-1,128,164,237,389,0.2110553666411576,1.138195428703369,1.1499189819317657,0.8648826897571179
C-33 A,9-ING-41,426,492,237,389,0.6401365592720755,1.5693307549665105,0.9992454374256576,1.1168583017066958
C-33 A,APTO-253,249,293,237,389,0.4284143767378323,1.1204151725442455,0.807348047629867,0.7715495768602775
C-33 A,AT7519,191,210,237,389,0.2813704829782846,0.8107254106924462,0.8110479665612442,0.6563188668740606
C-33 A,AZD-7648,132,172,237,389,0.6131841357140888,1.2924896673941937,1.1208735777843706,1.062028902062877
C-33 A,AZD-8055,257,197,237,389,0.7608058288276577,1.891267827977271,1.328097028451544,1.5025523923521689
C-33 A,AZD1390,160,201,237,389,0.15455580551642287,0.8992393023264624,1.5208585764390508,0.973045217736639
C-33 A,AZD2858,93,133,237,389,0.23318349643564004,1.0816103606430516,0.8683077990191043,0.7468886521365712
C-33 A,Abemaciclib,209,292,237,389,0.7694475333390287,1.4079752828377354,1.5332624219578803,1.401912027519602
C-33 A,Adagrasib,96,149,237,389,0.43198618522870363,1.1207435063632603,1.0154594048898729,0.8998528199593703
C-33 A,Afatinib,446,311,237,389,0.9067012786943215,2.8443458814641778,1.9857873361326437,2.395166341258083
C-33 A,Alpelisib,90,152,237,389,0.6776385923205289,1.519321207754009,1.678779680203505,1.4986361818214844
C-33 A,Anastrozole,201,289,237,389,0.23992138372956465,0.8061259244533215,0.7205737451351673,0.5890142443142719
C-33 A,BAY1125976,464,308,237,389,0.7471388847544422,1.454888474186948,1.0795937038138015,1.2151491424548966
C-33 A,BI-3406,232,275,237,389,0.8289778939652127,1.6558417362774425,1.615760881206324,1.550030456033372
C-33 A,BI-78D3,309,365,237,389,0.5519145034780435,1.162496660041718,0.8176584172021171,0.8514942184378046
C-33 A,Belumosudil (mesylate),203,157,237,389,0.50116002178673,1.1940820626162447,1.139330723434552,1.0447851019774868
C-33 A,Belzutifan,81,187,237,389,0.2910792463315253,1.4106540392329474,1.2318035444177864,1.0923622397327755
C-33 A,Bentamapimod,246,286,237,389,0.743873914867634,1.2863295367031882,1.1732031252100734,1.1308321181270247
C-33 A,Bimiralisib,431,292,237,389,0.9051272408201467,2.7179091786828047,2.159377921372679,2.387373275207159
C-33 A,Binimetinib,109,113,237,389,0.6547062634838247,1.7836118695415524,1.3589694717566034,1.4131556952046658
C-33 A,Bortezomib,75,92,237,389,0.8485615057366707,2.505801230976789,3.0507241478408966,2.726767504692712
C-33 A,Brivudine,239,394,237,389,0.8068669026771623,1.630415618920926,1.9409578186338825,1.743078500378128
C-33 A,CP21R7,146,191,237,389,0.30940566763112864,1.0202266791393788,0.82712356490617,0.7171533857621887
C-33 A,Capivasertib,98,169,237,389,0.23164788603017486,1.0075094916348304,0.9044512376476193,0.7526568625732988
C-33 A,Capmatinib,123,148,237,389,0.6004593433426213,1.3648338658905057,1.3002403197576764,1.1796111714119224
C-33 A,Celecoxib,147,251,237,389,0.2794304226073379,0.9851454263788917,0.6912524518498244,0.642411818841427
C-33 A,DT-061,100,158,237,389,0.4515759787297032,1.2518375941742828,0.95520927561197,0.911821184977259
C-33 A,DTP3,97,142,237,389,0.3897666850197477,1.273420430687129,1.1266624971925578,0.9773808912300788
C-33 A,Dabrafenib,600,430,237,389,0.7609241458756784,1.391648304173105,1.1675903231899696,1.219958560297024
C-33 A,ERK5-IN-2,512,491,237,389,0.5771905830489763,1.1096041917747073,1.03034646081005,0.9373239849810125
C-33 A,ETC-206,169,254,237,389,0.37942950523373914,0.9495489759730658,0.7664709864939316,0.688319080732901
C-33 A,EX229,113,122,237,389,0.3719300167293406,1.477264519544873,1.2454627320314633,1.1428025356979061
C-33 A,Elimusertib hydrochloride,101,108,237,389,0.437756842911832,1.2566121447115797,1.234403929440355,1.0543916405699245
C-33 A,Encorafenib,613,441,237,389,0.8945567871476975,2.2062555164236914,1.7221267681902916,1.9196382908810419
C-33 A,Erdafitinib ,237,257,237,389,0.5840166147127719,1.1394641262994343,1.0365772280200125,0.9421980723973122
C-33 A,Everolimus,356,537,237,389,0.5206351860133879,0.8333312015872351,0.7653553065148113,0.6925572353271773
C-33 A,Futibatinib,86,146,237,389,0.4034501107312343,1.3268277092411724,0.8991487526446966,0.8896745723495768
C-33 A,GSK1059615,112,108,237,389,0.8067227232455668,2.0420423816878164,1.7539142278132134,1.8438547742484448
C-33 A,Gemcitabine,245,319,237,389,0.40566523431893114,0.9199624741968958,0.8061533079131824,0.7189036809769414
C-33 A,HI-TOPK-032,133,306,237,389,0.6685003661406898,1.3794874862145399,1.2581562639671169,1.202005435690059
C-33 A,Hydroxyfasudil,102,134,237,389,0.22406494099099367,1.0949263849245017,0.9729364063383716,0.7893714134594293
C-33 A,IQ 1,93,115,237,389,0.48675227916239,1.1139043215256563,1.036589198795372,0.9150825746355725
C-33 A,Infigratinib,190,195,237,389,0.5056912177507104,1.0271978651209568,1.1103118202108553,0.9466229445380921
C-33 A,Ipatasertib,470,443,237,389,0.6646241651308505,1.5316008270353079,1.0449036272851067,1.1744038397735082
C-33 A,Irinotecan,294,450,237,389,0.7449274459620142,1.2705120512589143,1.2875457580993135,1.2011977724957472
C-33 A,Ixazomib,181,212,237,389,0.7644205399550974,1.8027170191290258,1.481874053202857,1.5041296350127638
C-33 A,LB-100,183,260,237,389,0.3387470959147851,0.8602090770610732,0.8042806610480292,0.6805488278660383
C-33 A,LJI308,100,126,237,389,0.416416270697617,1.1348663678013833,1.0458802145826074,0.9206738118819314
C-33 A,LY2090314,246,294,237,389,0.6301169836525431,1.2381541035147818,0.9926209641721617,0.9758679622194618
C-33 A,Lapatinib ditosylate,283,335,237,389,0.691674522511667,1.3230715404710611,1.17521407745332,1.1181966541299428
C-33 A,Lonafarnib,52,73,237,389,0.7849485778960191,2.32134281987294,2.252240090525641,2.1640255460046136
C-33 A,MK-3903,158,151,237,389,0.43056726316978866,1.1322649594432346,0.9495334737230162,0.8604289189302821
C-33 A,MK-8353,119,208,237,389,0.43363508910041154,1.136650789253361,0.9006468312100153,0.8443203298690687
C-33 A,ML264,322,309,237,389,0.7394520410219284,1.2625725437641568,1.0270254858606165,1.0519037400032663
C-33 A,Methylprednisolone succinate,194,238,237,389,0.30349361916872675,0.8936047994966673,0.7191897617497486,0.6400123320501694
C-33 A,Minodronic acid,170,232,237,389,0.30110395350296126,0.8679126634904647,0.8012305391945755,0.6701055204301769
C-33 A,NG25,134,261,237,389,0.46373035275234,1.7362917567831315,1.7789769977844925,1.563582803408884
C-33 A,NVP-BHG712,173,186,237,389,0.4093912400692402,1.1250453210109284,0.884022553080872,0.8294662845449304
C-33 A,Oleic acid,157,220,237,389,0.2619289679252143,0.9163574762278254,0.7156802471915288,0.6311477260771391
C-33 A,Oxaliplatin,122,215,237,389,0.3346812786189463,0.9692372881426704,0.856750479956787,0.745064511139912
C-33 A,PF-06260933,145,126,237,389,0.7839367837535542,1.5537560417669192,2.2228309203588714,1.8360901106536345
C-33 A,PH-797804,266,147,237,389,0.872832606484788,2.476802612658777,2.744054206060163,2.5450809268954218
C-33 A,Paclitaxel,466,625,237,389,0.680274026835607,1.375389963418291,0.971061124916289,1.0400830693318222
C-33 A,Pemigatinib,123,138,237,389,0.2936221363655527,1.0296202663983804,0.8538225284630481,0.7494833008955231
C-33 A,Pimitespib,70,142,237,389,0.034745219395419205,1.1929809751395284,0.970581495619639,0.7820778042704473
C-33 A,Pralsetinib,94,107,237,389,0.6479413189766416,1.619233020673053,1.9734122730505206,1.6560355943389293
C-33 A,RMC-6236,638,530,237,389,0.9413491889729046,2.6908388374882675,2.262734547336539,2.435516208073927
C-33 A,Ralimetinib dimesylate,205,240,237,389,0.5253579721727737,1.1980552726086233,0.876554639820123,0.8752360691065207
C-33 A,Regorafenib,200,215,237,389,0.4424268016423285,1.0029200830005154,0.9282724828923211,0.794099870175675
C-33 A,SBI-0640756,116,145,237,389,0.3704057865278512,1.0576205965089194,1.1550350379886338,0.9370535112168095
C-33 A,Sapanisertib,482,373,237,389,0.8684988718878643,2.073993587892155,1.5429353853994345,1.74469055231677
C-33 A,Sonidegib,59,77,237,389,0.41060544304862545,1.425432030972447,1.4895044164227633,1.2470573539087064
C-33 A,TAK-733,135,217,237,389,0.5861032491075518,1.2945688433558538,1.1484827889827947,1.0767796501947013
C-33 A,TAK-901,517,327,237,389,0.9255069118272624,2.7817530607567855,2.9091864616271863,2.81493936153455
C-33 A,Temuterkib,269,331,237,389,0.6205181498984356,1.120615893547973,0.9886607852753033,0.9285188591820159
C-33 A,Tomivosertib,169,227,237,389,0.22242139354842475,0.9479978278109107,1.1882328414564698,0.8671933242722198
C-33 A,Torkinib,64,108,237,389,0.3816938661370175,1.2803494843582208,1.1098773954365913,0.983457047981295
C-33 A,Trametinib,475,304,237,389,0.907123447165012,2.4558186830361364,1.9118271955401138,2.1634913218517053
C-33 A,Tubulin inhibitor 6,127,183,237,389,0.27724059685163926,0.9536395602549341,0.7888303879791112,0.6806801739677629
C-33 A,Tucatinib,245,354,237,389,0.5425348951798526,1.090538220518263,0.8829779881663834,0.8462562203440858
C-33 A,ULK-101,80,96,237,389,0.12731953980906294,1.1665972938181586,0.9331099486360704,0.7790627404478093
C-33 A,Vemurafenib,318,328,237,389,0.7053177369364103,1.3895740104953969,1.0321894515678869,1.0972728418950621
C-33 A,Volasertib,150,167,237,389,0.33477014643955677,0.8852204534918383,0.8543855695766794,0.7075155078472677
C-33 A,XRK3F2,377,288,237,389,0.8718733063173083,2.1291660282935196,1.5767715430356364,1.7845366885317655
C-33 A,c-Kit-IN-1,161,165,237,389,0.7520331909422349,1.38945768083489,1.5746633237552579,1.4179788824784076
C-33 A,olaparib,233,292,237,389,0.18225553573162692,0.927306333605256,0.9870029255024677,0.744942761685724
C-33 A,palbociclib,143,171,237,389,0.6927279856877414,1.4805775218766648,1.3142495373063745,1.2552513031639485
C-33 A,venetoclax,108,138,237,389,0.5997970003756652,1.5751543935299612,1.3838774702062993,1.331020466422857
C-33 A,vincristine,55,179,237,389,0.4557292999178684,1.3291718362436713,1.1752673707915267,1.0873569262619436
C32,4EGI-1,271,123,901,395,0.7400237544939781,1.911673112373825,1.8643172039971654,1.7929264091135524
C32,9-ING-41,1653,612,901,395,0.68563750796464,1.4437935659571202,1.3197006749416031,1.3243002594798776
C32,APTO-253,537,227,901,395,0.6313862051410044,1.2070948115480722,1.1520810616917883,1.0952898727343596
C32,AT7519,700,269,901,395,0.6337751478985818,0.9859598152381475,1.1762795743062504,0.9456619042261539
C32,AZD-7648,201,65,901,395,0.7992167423348745,3.2862723083286274,2.685375901937592,3.0201162384988427
C32,AZD-8055,836,325,901,395,0.7610546756003492,1.9140753789586165,1.5725335974377004,1.7315472806437566
C32,AZD1390,297,125,901,395,0.7189988967491133,1.7083637305012167,1.573587763587328,1.5662122412019415
C32,AZD2858,119,59,901,395,0.4097699331149148,1.3376028946807268,1.4997971850601408,1.2005678820051504
C32,Abemaciclib,419,271,901,395,0.871247212128463,2.493597427296547,2.4005872481832515,2.437178414728882
C32,Adagrasib,247,110,901,395,0.47920310757481077,1.0543712951874529,1.0776495669687634,0.9370389444392316
C32,Afatinib,1539,287,901,395,0.8892303587537227,3.414975479875278,2.4662601527920716,3.254470095038472
C32,Alpelisib,343,166,901,395,0.7072959888320569,1.5272973997228783,1.7104273493063378,1.4779178674190694
C32,Anastrozole,518,249,901,395,0.6926369500551024,1.082550825104598,1.0517327412135622,1.0049368953809266
C32,BAY1125976,1436,445,901,395,0.8789797210859212,3.2110214100526697,2.552115224720029,2.975769999319124
C32,BI-3406,939,381,901,395,0.6967007955629057,1.2508086985248739,1.2039548457802343,1.16094518833712
C32,BI-78D3,1056,413,901,395,0.7247758697391895,1.075451306821774,1.0249641545798216,1.010451561266332
C32,Belumosudil (mesylate),365,133,901,395,0.741215173745308,1.5870334710943326,1.5890491740429615,1.5017969543035046
C32,Belzutifan,206,113,901,395,0.7488320218303357,1.8778312074752765,2.0179607857600157,1.8247141035139092
C32,Bentamapimod,795,322,901,395,0.7774714029540345,1.3549307659053,1.3777954814918787,1.2976662192156543
C32,Bimiralisib,1493,390,901,395,0.8947075322196297,3.532351192549189,2.8450805465467375,3.320830349936346
C32,Binimetinib,218,72,901,395,0.7823639323742234,3.5485049479340525,2.6388377920676156,3.199411934557035
C32,Brivudine,1136,543,901,395,0.911973724037838,3.2275006904981915,3.0122336020195397,3.107813724663632
C32,CP21R7,281,161,901,395,0.5558842599913199,1.0565476259080966,1.3396775676487827,1.0408143201475841
C32,Capivasertib,252,131,901,395,0.6124979583871775,1.2457184060300188,1.3242328939128976,1.1756717013544185
C32,Capmatinib,245,93,901,395,0.8161952617879495,2.7249979563534334,2.3207631168132687,2.5143392063772425
C32,Celecoxib,287,176,901,395,0.6016794575416713,1.121102125296376,1.2287029045856983,1.0817112896268877
C32,DT-061,209,75,901,395,0.7356602350330278,1.950892748191024,1.9035078526310143,1.828832392567837
C32,DTP3,249,104,901,395,0.7507402175035437,1.8691432819324396,2.004278990715931,1.799489352485937
C32,Dabrafenib,2005,478,901,395,0.8997698833342676,3.3941301103501997,2.609876366549139,3.2138530022204383
C32,ERK5-IN-2,1478,629,901,395,0.8118227880008526,1.6873214301580999,1.824988682371889,1.6557620337254775
C32,ETC-206,478,219,901,395,0.5737042929541167,1.0251044789194341,1.0611193045884053,0.9372302349407737
C32,EX229,399,201,901,395,0.8583475311833875,2.9526947993177863,2.757301707652227,2.8139427442630196
C32,Encorafenib,2032,417,901,395,0.8790801906844443,3.770951684924275,2.81898356748492,3.5733603670203182
C32,Erdafitinib ,653,229,901,395,0.6043931982397297,1.3236739488296485,1.3110384989337571,1.229132579060727
C32,Everolimus,1239,615,901,395,0.7061638564602531,1.0434212414966255,0.9908249029514199,0.9648006016516809
C32,Futibatinib,244,70,901,395,0.742097322867874,1.82419150406884,1.9641519956703384,1.7927169616543515
C32,GSK1059615,1377,483,901,395,0.8814885680981336,3.1429477561256207,2.602981833042326,2.9213168140969823
C32,Gemcitabine,711,314,901,395,0.4597657869963875,1.1194725069927238,1.4308796037026652,1.0532189576515665
C32,HI-TOPK-032,289,205,901,395,0.8840270163705591,2.644561866791964,2.4051115189061383,2.580134242045795
C32,Hydroxyfasudil,234,107,901,395,0.62753310112189,1.3544728614777943,1.5957214670249944,1.308787737789005
C32,IQ 1,269,162,901,395,0.8358072245635404,2.448967450787448,1.938951685928836,2.2246697238828768
C32,Infigratinib,727,294,901,395,0.7450297984854125,1.4830103033276916,1.4693044680483853,1.3996120401109908
C32,Ipatasertib,1095,484,901,395,0.9095131115109032,2.6316921380631366,2.302160602287985,2.4851689465377587
C32,Irinotecan,998,323,901,395,0.6970026995706707,1.6890783289356606,1.9158488084787961,1.592665973765901
C32,Ixazomib,261,169,901,395,0.7374704799009623,1.9852400194534001,2.2416939120116632,1.974925524551636
C32,LB-100,452,248,901,395,0.567541519533112,0.9696911183892839,0.9485623995514213,0.8865678083148125
C32,LJI308,348,141,901,395,0.6045827276179787,1.1536998921781192,1.349052964502128,1.0921871442007982
C32,LY2090314,632,267,901,395,0.7498731532540207,1.4776733707991283,1.3442178446645003,1.3662203600637923
C32,Lapatinib ditosylate,952,446,901,395,0.7361319565114173,1.25570689095762,1.2898369655620268,1.1916674731872825
C32,MK-3903,307,141,901,395,0.8176019622745717,2.8875921192286182,2.199158754001471,2.5808271296603853
C32,MK-8353,336,158,901,395,0.5632390602365218,1.3026288867983886,1.2307284983834725,1.1568177187100677
C32,ML264,898,320,901,395,0.7523364573448856,1.3337020070543562,1.3514627830664279,1.2821263254081516
C32,Methylprednisolone succinate,288,152,901,395,0.6513854722024235,1.086800939543969,1.304719023270106,1.0864531801291897
C32,Minodronic acid,463,193,901,395,0.6987169543069575,1.2382001348776648,1.2668604987682106,1.1645709439980794
C32,NG25,143,141,901,395,0.8434023328656639,3.364473125163573,3.1796761972744245,3.325164252577413
C32,NVP-BHG712,485,232,901,395,0.7245566290106523,1.4249721309291141,1.390962980661752,1.3246702449048895
C32,OTS514,172,56,901,395,0.6195010980443449,1.7276040191087256,2.0698059154134527,1.6614533901688215
C32,Oleic acid,367,138,901,395,0.6754583273655638,1.243084989565293,1.2566178347661994,1.1549895518020175
C32,Oxaliplatin,465,251,901,395,0.7139566112262405,1.2866398331424502,1.3772802496464753,1.2465473568602061
C32,PF-06260933,338,67,901,395,0.5905983289023389,2.814107267628493,2.498221105524245,2.571837397890393
C32,PH-797804,390,157,901,395,0.932103698216708,5.0325313495744615,4.3209985345042705,4.751728350554421
C32,Paclitaxel,2044,724,901,395,0.7185336125342101,2.535294909653727,1.94405179217953,2.266140936611978
C32,Pemigatinib,443,183,901,395,0.6886723077694131,1.4386518132640111,1.4015614846633169,1.3314050512683149
C32,Pimitespib,150,71,901,395,0.5041436876107476,1.2866785891998065,1.5580972101732296,1.2138890441211818
C32,Pralsetinib,116,99,901,395,0.8637449942593503,3.0517057102258973,3.1030204239242436,3.109923422810873
C32,RMC-6236,1833,412,901,395,0.8599334230371757,3.31915114090151,2.3914852433225016,3.1201558795934052
C32,Ralimetinib dimesylate,699,281,901,395,0.807876546048983,1.535854329399004,1.527108623513477,1.478216388704116
C32,Regorafenib,501,240,901,395,0.7634125935385788,1.620509328122933,1.5365489599879945,1.5193903540885603
C32,SBI-0640756,252,128,901,395,0.6134608665693124,1.346753635279904,1.332106086213384,1.2236496861308988
C32,Sapanisertib,1810,671,901,395,0.7991171491965218,2.4236660279282187,2.0539824934339745,2.2319504127608325
C32,Sonidegib,151,96,901,395,0.5731126426748259,1.4198531212827628,1.3251434082709947,1.2945501614768775
C32,TAK-733,401,173,901,395,0.8995340504938804,3.0311600438342245,2.7539823186549213,2.8857407421084074
C32,TAK-901,838,331,901,395,0.9642199551281725,6.895556510114362,6.306995578379488,6.669097508894842
C32,Temuterkib,835,376,901,395,0.7741966903339156,1.5102667751431187,1.502458118704257,1.4321179762288303
C32,Tomivosertib,695,353,901,395,0.840178399852177,1.624549945007019,1.480151391401002,1.5452022185267114
C32,Torkinib,141,93,901,395,0.46779871679149204,1.5157220244534413,1.4959947460928942,1.3583948657188496
C32,Trametinib,1180,284,901,395,0.8990139243403139,3.412525419801384,2.728672339928176,3.205098758656522
C32,Tubulin inhibitor 6,310,146,901,395,0.6401293956985008,1.1755711623130352,1.259432008991281,1.1121770710997978
C32,Tucatinib,809,490,901,395,0.8473527355561753,1.5234924424900367,1.4641585973397333,1.4966268965146403
C32,ULK-101,239,127,901,395,0.6644841997155189,1.3597693475570423,1.4728360903045001,1.313857440741812
C32,Vemurafenib,1017,348,901,395,0.8508526909032741,2.704801170076409,1.9720198357271386,2.4588926564755935
C32,Volasertib,219,114,901,395,0.8346453722727686,1.8091847035288924,1.9562443039126745,1.8189583629734212
C32,XRK3F2,1279,430,901,395,0.7883051822859795,1.7648311829007526,1.6180320710275944,1.6718823219424528
C32,c-Kit-IN-1,297,181,901,395,0.8802723178590548,2.8317834235718946,2.4876618148356826,2.6873010807490445
C32,olaparib,306,158,901,395,0.6559304910447987,1.3308633855061536,1.5377076215856282,1.3011272410019898
C32,palbociclib,467,93,901,395,0.8353739346362612,2.4608899821844745,2.1305687993394735,2.3712070051699583
C32,venetoclax,387,206,901,395,0.9244041535814127,3.431920063632294,2.9812638970024397,3.2444667488571626
C32,vincristine,145,94,901,395,0.7919412677702024,2.52620453303963,2.5163733638862937,2.463186419037228
CFPAC-1,4EGI-1,566,109,1655,393,0.6608338025705638,1.6888828874707236,1.7324373027881566,1.6058584562832654
CFPAC-1,9-ING-41,1801,422,1655,393,0.6158127989022919,1.3446886367679067,1.2579001416499243,1.2501863940131226
CFPAC-1,APTO-253,970,197,1655,393,0.5329734943500106,1.0347771432233535,1.084936293457922,0.9672732148111675
CFPAC-1,AT7519,908,176,1655,393,0.732679205139009,0.9613406669961855,1.4500706907811467,0.9859724057703194
CFPAC-1,AZD-7648,653,153,1655,393,0.8554031244044112,2.639536658283112,2.1997721439014373,2.5047531210059457
CFPAC-1,AZD-8055,1293,266,1655,393,0.8717834772301468,2.4678963279251995,2.0344901569336606,2.3525097938016195
CFPAC-1,AZD1390,902,209,1655,393,0.44776874776732345,1.2216202572639887,1.8650979228598272,1.1902992507730539
CFPAC-1,AZD2858,366,78,1655,393,0.5168564250413086,0.9802037730955439,1.161025471466571,0.9256624214635896
CFPAC-1,Abemaciclib,794,159,1655,393,0.7856251287736395,1.7415060235395408,2.050482190311096,1.7235234691885608
CFPAC-1,Adagrasib,662,154,1655,393,0.5083053365018058,0.7959837364720178,0.9094157721834958,0.7471380187146023
CFPAC-1,Afatinib,1655,275,1655,393,0.8888584043106856,2.838509389118835,2.4824928548199696,2.7454194348490515
CFPAC-1,Alpelisib,894,168,1655,393,0.8706688242804821,2.8154702629898285,2.295171615793137,2.689940747150693
CFPAC-1,Anastrozole,966,209,1655,393,0.6920475573745705,0.8727164301132839,1.0823389246181425,0.8581172911259903
CFPAC-1,BAY1125976,1781,216,1655,393,0.825367616822394,1.9531630128867745,1.7574463324245577,1.905124749194272
CFPAC-1,BI-3406,1505,312,1655,393,0.8123478744160907,2.259128892824884,1.893425444517221,2.1419836475270997
CFPAC-1,BI-78D3,1314,297,1655,393,0.7404202668049651,1.0434791325819006,1.0847074812340602,1.0072888879609025
CFPAC-1,Belumosudil (mesylate),735,105,1655,393,0.7618614341693131,1.4019337971554093,1.4973577046631932,1.37246969762536
CFPAC-1,Belzutifan,580,61,1655,393,0.667281488399591,1.80659483166511,1.8103377809924701,1.7418173767696885
CFPAC-1,Bentamapimod,1057,259,1655,393,0.8053691379024095,1.525467073279588,1.4750424768139418,1.47140592571966
CFPAC-1,Bimiralisib,2258,329,1655,393,0.8921293385208876,3.02447580684249,2.4137617217423744,2.913326589600482
CFPAC-1,Binimetinib,717,134,1655,393,0.883213381121071,3.089335485782099,2.49160385388465,2.9534045620712446
CFPAC-1,Bortezomib,311,61,1655,393,0.8894613848554389,3.8343725694723543,4.029349061187481,3.7979561370979966
CFPAC-1,Brivudine,1585,580,1655,393,0.8316548802251842,2.65757823648976,2.322095882508147,2.528903548430565
CFPAC-1,CP21R7,559,140,1655,393,0.5206695407725549,0.8532847556509483,1.115166002703443,0.8236593245123301
CFPAC-1,Capivasertib,711,179,1655,393,0.6633377874257597,1.1133558106704535,1.1475667996889678,1.059316199876537
CFPAC-1,Capmatinib,716,158,1655,393,0.870217495380315,2.255349822638065,1.9650664054098133,2.161949465875731
CFPAC-1,Celecoxib,856,208,1655,393,0.6207372157952978,0.8638305579784352,0.9327787197446507,0.8212587387050542
CFPAC-1,DT-061,588,154,1655,393,0.8499318507473616,1.7868692425884527,1.8063422343023643,1.750232607287591
CFPAC-1,DTP3,722,135,1655,393,0.8107844189113929,1.8479750438763802,1.5773515776789588,1.7575710766920685
CFPAC-1,Dabrafenib,2302,250,1655,393,0.8190470959551953,1.687697500135981,1.4787694964292832,1.656436649625957
CFPAC-1,ERK5-IN-2,1976,302,1655,393,0.8104380030300173,1.4660054955837516,1.4090908919469123,1.4220309805297597
CFPAC-1,ETC-206,942,224,1655,393,0.625810514659011,0.7616068896408589,0.9803411730346893,0.7478029645196006
CFPAC-1,EX229,452,126,1655,393,0.8079099885453966,1.983118959533922,2.157862049556163,1.961436738395665
CFPAC-1,Elimusertib hydrochloride,468,85,1655,393,0.7683362509622159,2.227382016619724,2.0421182546712995,2.1309329084367357
CFPAC-1,Encorafenib,2119,343,1655,393,0.890184244790659,2.348357994929357,2.036609161826791,2.2633739330148575
CFPAC-1,Erdafitinib ,1117,198,1655,393,0.5684542917003763,1.182668276879331,1.1195905538843702,1.1058726294628918
CFPAC-1,Everolimus,1984,562,1655,393,0.6663077482147004,0.8833231476373465,0.9315534833359895,0.8552357556819099
CFPAC-1,Futibatinib,592,98,1655,393,0.6662683628946873,1.5094104457385606,1.5202261255345233,1.4380702170694357
CFPAC-1,GSK1059615,1797,364,1655,393,0.8760668216951268,2.5857491158653785,2.187799828049032,2.478891700269023
CFPAC-1,Gemcitabine,1441,416,1655,393,0.5680624583243943,1.1529491395482925,1.638912161282983,1.1607384711296564
CFPAC-1,HI-TOPK-032,628,192,1655,393,0.8290839359982864,2.047595626308148,1.910405463163791,1.975195639396438
CFPAC-1,Hydroxyfasudil,494,102,1655,393,0.6891532506835627,1.1777129129294717,1.4542974615483835,1.155913606699873
CFPAC-1,IQ 1,701,94,1655,393,0.6166942977743561,1.6697867672377498,1.5287817276560638,1.580594631881905
CFPAC-1,Infigratinib,1068,195,1655,393,0.7200503141299425,1.323922546257764,1.4551442671013262,1.281431495536207
CFPAC-1,Ipatasertib,1863,341,1655,393,0.8130035281497714,1.6253595570483248,1.4870780192436812,1.5534370567114546
CFPAC-1,Irinotecan,1418,443,1655,393,0.523768720463597,1.2649510553214225,1.7617619497131072,1.2590450851340147
CFPAC-1,Ixazomib,670,76,1655,393,0.7734388107431893,2.1157031577124834,2.0462788954511297,2.0511489266325773
CFPAC-1,LB-100,917,184,1655,393,0.6343453402856248,0.7475743137131692,0.9947089618177288,0.7392873671852632
CFPAC-1,LJI308,741,116,1655,393,0.42755966774077064,0.8708410106880722,1.3661951067170046,0.8498581793186589
CFPAC-1,LY-2584702 (tosylate salt),258,65,1655,393,0.6284397560998197,1.4785556611044843,1.6172401383090087,1.411868229902548
CFPAC-1,LY2090314,1075,280,1655,393,0.8060538560679092,1.2190011889654278,1.4830750899993907,1.2288522567407274
CFPAC-1,Lapatinib ditosylate,1669,309,1655,393,0.5414203807039727,1.0987752944191747,0.9721229740263678,1.0164711003303672
CFPAC-1,Lonafarnib,367,100,1655,393,0.8607268364272935,2.3541768270804,2.4223352069578845,2.3183754751328136
CFPAC-1,MK-3903,712,157,1655,393,0.8022803073911011,1.7874365273986568,1.655073421943479,1.7108524847809425
CFPAC-1,MK-8353,695,146,1655,393,0.5652145986911855,0.8996914988387495,1.020555331029465,0.8511938831942009
CFPAC-1,ML264,1105,217,1655,393,0.71872070286372,1.1238119551263686,1.213368498999112,1.0913257733478743
CFPAC-1,Methylprednisolone succinate,729,186,1655,393,0.6467673016915823,0.8968186398862382,1.047552618015057,0.8704895791594828
CFPAC-1,Minodronic acid,832,235,1655,393,0.7417683668724906,1.0545837669566789,1.2885228245352383,1.056249184441239
CFPAC-1,NG25,883,340,1655,393,0.7295006646280726,2.707084727654419,2.4290164276511996,2.5244733361195166
CFPAC-1,NVP-BHG712,851,202,1655,393,0.7571396391163423,1.2495630254692742,1.2523924465154763,1.202027668863716
CFPAC-1,OTS514,436,107,1655,393,0.7177406168522329,1.7334479405602938,1.5097483358150137,1.6200128722276403
CFPAC-1,Oleic acid,629,155,1655,393,0.541190176078527,0.8733224650495033,1.078923342943053,0.8377505845607806
CFPAC-1,Oxaliplatin,1037,226,1655,393,0.695309415277321,1.0505122556792408,1.0807942707249394,1.0043078880086784
CFPAC-1,PF-06260933,413,55,1655,393,0.6872921215359175,2.077647494508421,2.7491454389406424,2.0850122722395663
CFPAC-1,PH-797804,1105,181,1655,393,0.8910390483217188,2.3749321404493657,1.9728057169493889,2.26912442053098
CFPAC-1,Paclitaxel,1810,522,1655,393,0.7796911267254765,1.7821820834919078,1.6642495906093064,1.6985733945359571
CFPAC-1,Pemigatinib,1055,178,1655,393,0.6401570412355977,1.057807499139872,1.1406339306660627,1.0127837750288482
CFPAC-1,Pimitespib,441,130,1655,393,0.6436233881154048,1.096118911031744,1.1705355232006935,1.047004369810949
CFPAC-1,Pralsetinib,450,147,1655,393,0.8332764500050119,2.112703070700086,2.314524133994575,2.125607515964938
CFPAC-1,RMC-6236,1981,366,1655,393,0.8842491987808,2.656175435162103,2.134883874221332,2.541054900999034
CFPAC-1,Ralimetinib dimesylate,1031,263,1655,393,0.7762151024471334,1.4637586493663617,1.412295013372426,1.4046805121445656
CFPAC-1,Regorafenib,913,259,1655,393,0.822693048827166,1.636312478862458,1.5623068399610178,1.5858662006858801
CFPAC-1,SBI-0640756,509,127,1655,393,0.6557659578125895,1.0641467833936331,1.1680820628458473,1.0196176965237702
CFPAC-1,Sapanisertib,1811,248,1655,393,0.8296521161241536,1.896023679396337,1.7148529368204304,1.8395241498232797
CFPAC-1,Sonidegib,447,96,1655,393,0.5908736782641651,1.0695792391409724,1.4589199196075502,1.0516845199629563
CFPAC-1,TAK-733,491,112,1655,393,0.8489715307306542,2.0863272508026145,1.9381742335610637,2.0107596410584527
CFPAC-1,TAK-901,1556,280,1655,393,0.9501144194211907,5.790494211122215,4.485408010905643,5.540910213580002
CFPAC-1,Temuterkib,1196,221,1655,393,0.7828485182157442,1.3317180113912062,1.277297775793156,1.2871810547119062
CFPAC-1,Tomivosertib,1026,264,1655,393,0.8139080330705624,1.2959307659060475,1.6803544937542234,1.3277940445715906
CFPAC-1,Torkinib,364,99,1655,393,0.6461144838070595,1.3616777363969006,1.528346586304887,1.3135068643489278
CFPAC-1,Trametinib,2044,318,1655,393,0.8983900385753483,2.8270403594730826,2.453701724986784,2.74079388098881
CFPAC-1,Tubulin inhibitor 6,637,163,1655,393,0.5751222040325515,0.9279327585892657,1.08155291931481,0.8885267986435395
CFPAC-1,Tucatinib,1622,363,1655,393,0.59811720387688,0.9063663943993131,0.9651220161273325,0.8571318856849675
CFPAC-1,ULK-101,533,123,1655,393,0.6551045553228481,1.1886112677733127,1.4210963127733234,1.1565623798428257
CFPAC-1,Vemurafenib,1589,313,1655,393,0.8738483327002249,2.3426891480981653,1.8659628220728972,2.228763438274939
CFPAC-1,Volasertib,484,96,1655,393,0.5100743791877771,0.900444244280208,1.16460185616425,0.8627210238407426
CFPAC-1,XRK3F2,1631,254,1655,393,0.8360511220293393,2.199859959094274,1.68976598921467,2.09054695476599
CFPAC-1,c-Kit-IN-1,391,166,1655,393,0.8109988098696143,2.0728871444957067,2.1372952189476098,2.0616807282350162
CFPAC-1,olaparib,658,155,1655,393,0.5608445270105424,1.134559063237895,1.183277264449089,1.0610142743774567
CFPAC-1,palbociclib,976,120,1655,393,0.8188061847457462,2.7840755821717496,2.136304225439552,2.6683787594397277
CFPAC-1,venetoclax,234,142,1655,393,0.8445559067953908,2.5541774181301844,2.4892321613848365,2.523465757721069
CFPAC-1,vincristine,527,115,1655,393,0.7586579331056413,2.3193719781022053,2.190522007635828,2.2141035958474067
COLO 205,9-ING-41,1351,122,465,81,0.6019216857669049,1.2764198162523521,1.713602430343546,1.2725642140324738
COLO 205,APTO-253,541,74,465,81,0.44707793147456754,1.0386023610438087,1.720506792228269,1.0284454549547746
COLO 205,Abemaciclib,647,64,465,81,0.6706517008662349,1.7997977149160862,2.318932673618221,1.789018322778273
COLO 205,Anastrozole,412,80,465,81,0.487782293162,1.1005924168864303,1.699924810085368,1.0796542038765635
COLO 205,BI-3406,594,78,465,81,0.5154375839242653,1.2674832792222792,1.7317368977822156,1.2372335453500116
COLO 205,BI-78D3,1145,142,465,81,0.5685966030519302,1.3496207813822674,1.5191631377363068,1.3104435524433289
COLO 205,Bentamapimod,802,108,465,81,0.6937318492609523,1.3992762454917949,1.7650418422912486,1.384977438447535
COLO 205,Bortezomib,286,51,465,81,0.8921012244080001,3.4709219785858143,3.8645494437697496,3.477310535252467
COLO 205,Brivudine,449,135,465,81,0.8775330974407614,2.7743322427393218,3.045661288642276,2.773582432417018
COLO 205,Dabrafenib,1339,77,465,81,0.7019613382157662,1.8575478513349055,2.1567350453443677,1.8549638191920161
COLO 205,ERK5-IN-2,1642,132,465,81,0.6718182208913032,1.5383787324779146,1.8868778855690291,1.5308704216638296
COLO 205,Encorafenib,1095,70,465,81,0.7829154394023654,2.0944656963203228,2.375476412632266,2.0950752756049593
COLO 205,Erdafitinib ,527,76,465,81,0.5374038834003104,1.1709045129974227,1.787606051149431,1.1632408356001813
COLO 205,Everolimus,851,129,465,81,0.47908999380815503,1.0134788508859012,1.681402680758064,1.0057021801149009
COLO 205,Gemcitabine,554,82,465,81,0.3306761802850862,1.0719142180204266,1.7490024275910925,1.0333272463100387
COLO 205,HI-TOPK-032,287,59,465,81,0.6527357407143036,1.595326174808601,2.199355671209571,1.5923362294498296
COLO 205,Ipatasertib,1447,155,465,81,0.7888901914313279,1.8344411846489457,2.069421106062636,1.8183003739503847
COLO 205,Irinotecan,780,124,465,81,0.41526583148743296,1.0907822416682833,1.7254859602588293,1.062072925352366
COLO 205,LY2090314,607,73,465,81,0.5791368586036297,1.5247806136616155,1.8034402615868328,1.4870588179954525
COLO 205,Lapatinib ditosylate,549,61,465,81,0.4008243147978538,1.1410099808060084,1.5790791399205488,1.103858297569195
COLO 205,ML264,825,84,465,81,0.6495224416274845,1.3802360439084707,1.8846668351686586,1.384954809414231
COLO 205,Methylprednisolone succinate,262,50,465,81,0.3807995768906915,1.1190405640867207,2.0157270989291747,1.1018245818514734
COLO 205,Minodronic acid,410,53,465,81,0.3471415416569248,1.1733439998033623,1.7310120012834838,1.1254324228631125
COLO 205,NVP-BHG712,450,71,465,81,0.43921391833376683,1.0856099827908532,1.5492454674061251,1.0483447614581238
COLO 205,Oleic acid,328,56,465,81,0.38230526714194646,1.1709956561222707,1.6718865396391576,1.1166148957979598
COLO 205,Oxaliplatin,315,55,465,81,0.37802051486168897,1.1229856005304706,1.6674137468925967,1.074504713735535
COLO 205,Paclitaxel,1409,122,465,81,0.7551714609968476,1.9135793167300228,2.0210634124132683,1.8967303700465992
COLO 205,RMC-6236,937,56,465,81,0.7270758228526947,2.182616536637169,2.46450070993353,2.18803631465665
COLO 205,Ralimetinib dimesylate,663,80,465,81,0.564754601906372,1.4353802214993334,1.7938590792532576,1.3997241954011912
COLO 205,Regorafenib,400,56,465,81,0.6661828508690887,1.5531060699368358,1.9866872438447143,1.5347032949630546
COLO 205,TAK-901,1204,92,465,81,0.9189889093426922,4.862899514957187,4.654897941960113,4.821136374769157
COLO 205,Temuterkib,667,76,465,81,0.6602860269515718,1.4373834929281186,2.063053214698685,1.4505698943338265
COLO 205,Tomivosertib,422,62,465,81,0.7113422370828228,1.4085139263683035,2.3997024417813013,1.467825639331191
COLO 205,Tucatinib,622,87,465,81,0.4736038911027419,1.0410234193983512,1.607600546074783,1.0228344702434644
COLO 205,Vemurafenib,627,60,465,81,0.6471104340365267,1.6593003355801967,2.085027289974369,1.6494438460437273
COLO 205,XRK3F2,1193,92,465,81,0.7151044478118143,1.6228972518607936,2.0031001265457116,1.624187690164881
COLO 205,olaparib,349,71,465,81,0.2764866958004928,0.9554145196964553,1.8558093142543708,0.9272568474465649
H4,9-ING-41,567,175,249,171,0.6496529641256399,1.5630219057944665,1.4399597406679256,1.4432409310498597
H4,APTO-253,267,77,249,171,0.2824755118131364,1.418610033769873,1.4893204328486616,1.3026146179547542
H4,AZD-7648,134,92,249,171,0.6164105479468138,1.8976758096408082,1.7288608842346485,1.6545295206275976
H4,AZD-8055,337,77,249,171,0.5601177995173072,1.9341037783258095,1.953402909425346,1.7736605512559507
H4,Abemaciclib,264,69,249,171,0.7701172987594843,2.3188289048750836,2.5583726283451385,2.3276416125978017
H4,Afatinib,551,124,249,171,0.7579900303947703,2.0792695101511214,2.056398045758589,1.9899336706535458
H4,Anastrozole,216,105,249,171,0.5170378549745518,1.2251605050821646,1.4526498116068312,1.1434442298807619
H4,BAY1125976,513,86,249,171,0.6344495043380141,2.2238970862452723,2.0820464295814842,2.096862214125372
H4,BI-3406,305,72,249,171,0.7855110333919301,2.6224154062250773,2.6388831662635606,2.5950290291584075
H4,BI-78D3,405,213,249,171,0.591565181637753,1.22436396325481,1.3576505428331063,1.151249679342344
H4,Bentamapimod,303,244,249,171,0.6607607808658168,1.389067098491241,1.4862186849512151,1.313883523038366
H4,Brivudine,412,123,249,171,0.7894418364487408,2.7142972390526063,2.991805681828968,2.6771275263874648
H4,CP21R7,106,56,249,171,0.526492511267806,1.6283569005547986,1.7225931261169722,1.4551909325678876
H4,Capivasertib,92,89,249,171,0.3455496161782774,1.5155331151931717,1.385347383708955,1.2396831315542216
H4,Capmatinib,120,52,249,171,0.5927949348910017,1.806038522916041,2.0358282723660484,1.706356197880154
H4,Celecoxib,103,66,249,171,0.2903698050978821,1.3536134122912937,1.350137261562252,1.0950859759474887
H4,DT-061,80,77,249,171,0.4624764466778617,1.6279612739023883,1.5487256263293099,1.4103161444861678
H4,Dabrafenib,809,146,249,171,0.6335853005922634,1.84424575437688,1.6802520971756718,1.8117922411539615
H4,ERK5-IN-2,741,255,249,171,0.7802233892144079,1.7902524254370902,1.7465247869252867,1.721485160238329
H4,ETC-206,171,87,249,171,0.3070266734527658,1.2733566144457544,1.2207992248546498,1.0465938724718449
H4,Encorafenib,906,199,249,171,0.7935734329545268,2.1300343181004613,1.970586068616435,2.058382791373725
H4,Erdafitinib ,282,102,249,171,0.5693962167171089,1.719092699926225,1.4527065538947532,1.531120773449941
H4,Everolimus,475,210,249,171,0.39237110147154736,1.0364540688968054,1.2339624857534846,0.9485756317834078
H4,Futibatinib,86,57,249,171,0.42429709657945164,1.7646411451922652,1.7539726645041447,1.49813562426939
H4,Gemcitabine,260,137,249,171,0.4244376903504769,1.2090557202399834,1.5347731283295467,1.1249797002879427
H4,HI-TOPK-032,120,70,249,171,0.7464172178794783,2.316975394587718,2.3010305684905843,2.1697494878326298
H4,Ipatasertib,620,189,249,171,0.7475268053841628,1.7715650876915785,1.8943483451703078,1.705058277716869
H4,Irinotecan,365,167,249,171,0.3822166560025482,1.2196759067304885,2.06113399019846,1.247208904577553
H4,LB-100,149,82,249,171,0.24827058016204925,1.1325081884997397,1.4019967684063908,1.0068961587731495
H4,LY2090314,216,151,249,171,0.46439441994196584,1.3684583488543702,1.2876116728900195,1.1525129231003342
H4,Lapatinib ditosylate,369,195,249,171,0.45443404378996893,1.306269357724666,1.1059586836237965,1.089283056266332
H4,MK-8353,156,78,249,171,0.4226551720988997,1.3313068145001568,1.4541855963565922,1.1769921979040487
H4,ML264,374,132,249,171,0.6483166723489099,1.5211179450180927,1.6040643802586634,1.4933277175097925
H4,Methylprednisolone succinate,125,66,249,171,0.2903931794870283,1.2643630750341017,1.3856258670214352,1.0755117642989556
H4,Minodronic acid,176,114,249,171,0.4546459451098593,1.326853223878091,1.35856602747002,1.1479649278149595
H4,NVP-BHG712,208,93,249,171,0.4892850068489397,1.4612692154154292,1.543727553316554,1.325785973727773
H4,Oleic acid,156,79,249,171,0.4145040526358718,1.193014355736008,1.3423053267088496,1.0786992029977114
H4,Oxaliplatin,181,121,249,171,0.4665496018795826,1.4204251970447404,1.4473849247920245,1.2325885411172732
H4,Paclitaxel,776,384,249,171,0.6881076269859432,1.8503560342443204,1.7523877898780331,1.6908216430937608
H4,Pralsetinib,118,55,249,171,0.5260998508350803,1.8961821795170914,2.1402615288654814,1.7441162208217014
H4,RMC-6236,593,84,249,171,0.83667948681646,3.1990022765923607,2.790732090262682,3.1786359477998483
H4,Ralimetinib dimesylate,278,177,249,171,0.6293856878603845,1.463909840762772,1.5172612332016908,1.3434737543683206
H4,Regorafenib,194,64,249,171,0.5076902170872684,1.587473555421756,2.0176403453762624,1.4784128612661187
H4,Sapanisertib,520,89,249,171,0.7166135494054846,2.662676958181729,2.338488289784247,2.514053805336701
H4,TAK-733,192,60,249,171,0.766557908067549,2.3707178110187384,2.7520834530283973,2.3820410236927283
H4,Temuterkib,354,135,249,171,0.6400088143532973,1.4636094786866591,1.4838415019974078,1.4035679477249807
H4,Tomivosertib,238,89,249,171,0.5862926017759171,1.4066156771677685,2.0218878981641293,1.4911407223038529
H4,Torkinib,59,59,249,171,0.3300207717070309,1.8518578786156006,1.5781234150473926,1.4245912427112235
H4,Tubulin inhibitor 6,116,88,249,171,0.40120383960788225,1.4296723656045764,1.4353120841409253,1.2073562749141429
H4,Tucatinib,422,258,249,171,0.573838106414729,1.3239922375272697,1.1996254861557396,1.1505728558221677
H4,ULK-101,71,50,249,171,0.4106632792528716,1.714273197285947,1.7538504387281717,1.461648275777375
H4,Vemurafenib,460,138,249,171,0.5301059697115447,1.3652238438964182,1.371028454047237,1.3026168271780068
H4,Volasertib,128,55,249,171,0.385454848498855,1.4673223785360463,1.6556428115778243,1.3365056537702824
H4,XRK3F2,648,180,249,171,0.6850756681683917,1.6552140111736597,1.5637416578909857,1.5673688207522425
H4,olaparib,110,52,249,171,0.5341289002450708,2.092098946732716,2.5567275114730332,1.9832533040977076
H4,palbociclib,306,53,249,171,0.3210816431491078,1.467395422299098,1.8880845499665369,1.4013620345171507
H4,venetoclax,113,67,249,171,0.7576445974790834,2.602436360715991,2.9087337978111876,2.559676087155894
HCT15,9-ING-41,546,368,232,238,0.4879972553862531,0.8821803346752445,0.719689912502855,0.7181665690963198
HCT15,APTO-253,260,161,232,238,0.4605981496690049,0.94162333232828,0.9271596722922346,0.838405789518903
HCT15,AT7519,182,137,232,238,0.33396574870743734,0.7349894204721029,1.0182025286429721,0.7206975618419171
HCT15,AZD-7648,73,82,232,238,0.3887374606266667,1.2068035599088607,1.1408492326881745,0.9812248208421821
HCT15,AZD-8055,260,103,232,238,0.44364778010047273,1.219322517033097,1.1855450201633269,1.1129486931033457
HCT15,AZD1390,101,65,232,238,0.3275723583399383,1.087266790450086,1.3217686175006396,0.9707681280830585
HCT15,AZD2858,81,75,232,238,0.14888378614757086,0.9063085487710582,0.958794804091121,0.70460119051633
HCT15,Abemaciclib,320,167,232,238,0.6358398684894284,1.0740845770508873,1.3475617007420908,1.1188506739161357
HCT15,Adagrasib,109,74,232,238,0.22122262623954528,0.8761946997317025,1.0370429720322234,0.7645788274618839
HCT15,Afatinib,919,256,232,238,0.7270452602446226,1.4407399490304256,1.448014458064677,1.462086310354352
HCT15,Anastrozole,193,153,232,238,0.28695657570664357,0.732286367353976,0.820053510765858,0.6153230326828811
HCT15,BAY1125976,989,268,232,238,0.7663632289317082,1.3911724917061075,1.5403943974606207,1.457958976179424
HCT15,BI-3406,281,132,232,238,0.6682034335918376,1.2721337833758801,1.373460999444548,1.2691498107063495
HCT15,BI-78D3,418,317,232,238,0.34148810344855873,0.7316131517024415,0.7662666276507066,0.6271791972391593
HCT15,Belumosudil (mesylate),105,53,232,238,0.32301180690723835,1.0464677293327163,1.2285593505907904,0.9858289601134448
HCT15,Bentamapimod,260,205,232,238,0.30385115021042486,0.8722498061083982,0.8667402906444442,0.6933293861314179
HCT15,Bimiralisib,698,230,232,238,0.7238922487567615,1.552132030005325,1.530727928771457,1.5224057889159546
HCT15,Bortezomib,157,58,232,238,0.7824219264026268,2.5705376369927495,3.1644686956993247,2.6856171421153334
HCT15,Brivudine,350,209,232,238,0.6009866317301322,1.4403437347662251,1.5103893749394615,1.3468835212078691
HCT15,CP21R7,93,104,232,238,0.2324110918424866,1.0477971119106377,0.935051916992656,0.7849357104133267
HCT15,Capivasertib,78,101,232,238,0.2238723358969146,1.0005091744302608,0.9660752084716862,0.7869286521071323
HCT15,Capmatinib,85,55,232,238,0.37859206380044047,1.2172965961890172,1.3088666209866153,1.0642193062983993
HCT15,Celecoxib,82,84,232,238,0.1684818746149322,0.961778173024771,0.9752272301251047,0.7405112599268469
HCT15,DT-061,53,71,232,238,0.26721925451881334,1.1688423064487776,1.1010103110742384,0.8992251323347427
HCT15,DTP3,73,68,232,238,0.3750636431932101,1.1447020436809185,1.0533267364018777,0.9109500517648699
HCT15,Dabrafenib,1040,342,232,238,0.6411826507703787,1.1240573116818091,1.05892412400753,1.1405854000541407
HCT15,ERK5-IN-2,939,421,232,238,0.6615341100224528,1.0364768508474054,0.8960641102552317,0.9625685678213356
HCT15,ETC-206,182,154,232,238,0.23854392573688324,0.7744072912827533,0.814441108355849,0.612274165205851
HCT15,EX229,180,82,232,238,0.4827232929217626,1.168911237804835,1.3581262318819933,1.137716707240282
HCT15,Encorafenib,907,350,232,238,0.6187227303541059,1.202788609645421,1.0326921356653989,1.1193165382723596
HCT15,Erdafitinib ,216,181,232,238,0.21028217343570638,0.8246096254952962,0.8667411757946749,0.6449595957481256
HCT15,Everolimus,359,287,232,238,0.2722648060727167,0.7074035394701551,0.7379227628676364,0.5936596626516467
HCT15,Futibatinib,71,54,232,238,0.24525822879326184,1.31890630232338,1.1306317138542643,0.9808283144751347
HCT15,GSK1059615,347,250,232,238,0.6522456988130952,1.4410962043256443,1.5458330620635243,1.3511838670914853
HCT15,Gemcitabine,191,174,232,238,0.20379092547496377,0.7437439576861198,0.9058401629235537,0.6428054237743742
HCT15,HI-TOPK-032,114,111,232,238,0.629488939488213,1.3129975661915154,1.5559209969924148,1.2972566371136645
HCT15,Hydroxyfasudil,98,72,232,238,0.1866332937908689,0.899495995681976,1.0130848021176702,0.7527660900319437
HCT15,Infigratinib,275,140,232,238,0.6500315639647326,1.2252761244743737,1.429552882512845,1.2564635676240903
HCT15,Ipatasertib,493,279,232,238,0.5396747602468173,1.0038015373001128,0.945010675714141,0.8934457414461097
HCT15,Irinotecan,310,305,232,238,0.3740734608618876,0.8183798466367497,0.999051815908583,0.7576081919098361
HCT15,Ixazomib,131,68,232,238,0.444855865703781,1.1989684738480786,1.21655956423529,1.0800674185533152
HCT15,LB-100,167,122,232,238,0.1993553404409956,0.7527516311551009,0.8833628875702739,0.6333293697219049
HCT15,LJI308,86,65,232,238,0.133883365832288,0.9395113905211406,1.0295749592400145,0.7735930545302885
HCT15,LY2090314,217,218,232,238,0.27492384287367444,0.8154377105071448,0.8029327686931549,0.6434856946533307
HCT15,Lapatinib ditosylate,240,207,232,238,0.18914425869606274,0.8184986068535454,0.7747036548013364,0.6059420000772073
HCT15,Lonafarnib,53,54,232,238,0.7516910584212684,2.04972616250706,1.9675689343003744,1.8797160131964838
HCT15,MK-3903,114,54,232,238,0.39754051243096966,1.2182292091681513,1.4139660734358768,1.158565553685356
HCT15,MK-8353,105,112,232,238,0.161156815225517,0.9358952925098106,0.9226178858555737,0.7079960264855196
HCT15,ML264,471,219,232,238,0.5356831386224782,0.8196380601390008,0.849271426693228,0.8213897198318277
HCT15,Methylprednisolone succinate,123,119,232,238,0.25724279348711865,0.8149080536822577,0.9022053092561575,0.6815899286027994
HCT15,Minodronic acid,117,127,232,238,0.3071211113540678,0.9228115926781152,0.8776045821418997,0.7278631626942381
HCT15,NG25,72,94,232,238,0.4364764872998998,1.4270171509156069,1.8007532541111932,1.4326510493504367
HCT15,NVP-BHG712,158,143,232,238,0.3936128587864948,0.8975395486316106,0.8923549828462012,0.736907371813753
HCT15,Oleic acid,131,113,232,238,0.34850701134454887,0.8684749316351529,1.0635740955129762,0.7813690466495046
HCT15,Oxaliplatin,120,150,232,238,0.38148414796627267,0.9360282049112182,0.9979696637317779,0.8235683173308052
HCT15,PF-06260933,159,65,232,238,0.5767222199766957,1.3278873037119645,1.733921012276006,1.4347394951606816
HCT15,PH-797804,129,88,232,238,0.6155681979709869,1.408694229433137,1.3638529676703288,1.280434856829321
HCT15,Paclitaxel,1012,678,232,238,0.6179597020169733,0.960464239210581,0.8772607649968148,0.8511160216530983
HCT15,Pemigatinib,75,65,232,238,0.1297296273583266,1.078915599320385,1.0212926526891992,0.7880604805936131
HCT15,Pimitespib,63,67,232,238,0.29103628104886536,1.0862911474904204,1.0990233512861958,0.8781284173737064
HCT15,Pralsetinib,88,67,232,238,0.4283631501665149,1.3227633905909282,1.4744820033520176,1.1946310241181046
HCT15,RMC-6236,1174,357,232,238,0.7534396905830558,1.496078118429826,1.5139813974368137,1.5373448816224708
HCT15,Ralimetinib dimesylate,276,184,232,238,0.37020261925555914,0.8649372970873954,0.835506958563206,0.7092093586630748
HCT15,Regorafenib,160,155,232,238,0.46845960076349635,1.0343986869925195,1.0082898076763942,0.8736426397304649
HCT15,SBI-0640756,87,97,232,238,0.22935818720376372,0.9936051613580816,1.0112655046866874,0.7801456095697565
HCT15,Sapanisertib,841,233,232,238,0.5444955815501386,1.0294261885467786,1.1488566494742671,1.1056674838758112
HCT15,TAK-733,188,74,232,238,0.513558346337746,1.1526104911857673,1.256992555459035,1.115913657143848
HCT15,TAK-901,529,174,232,238,0.8466995508888703,2.620566599527017,2.483064679827302,2.546989612273764
HCT15,Temuterkib,348,188,232,238,0.4069817025747774,0.8345034376955841,0.8731818169155366,0.7789646362192636
HCT15,Tomivosertib,226,117,232,238,0.5855166111166495,1.1167390544692655,1.4283723713829068,1.1862546349326002
HCT15,Torkinib,63,65,232,238,0.2876480361097686,1.0880888446974581,1.2124716181418291,0.9252281684173195
HCT15,Trametinib,561,185,232,238,0.7120208830369263,1.4854398297898106,1.4362060167720674,1.4523736010503225
HCT15,Tubulin inhibitor 6,119,87,232,238,0.26007954275830286,0.8837164978918739,0.9098461680890756,0.7038922565930859
HCT15,Tucatinib,215,198,232,238,0.3110228524169692,0.8531230576500907,0.8140670924448465,0.6718175939941569
HCT15,ULK-101,65,63,232,238,0.2822188210448221,0.9992347069358334,1.2788420494581179,0.9197637194012015
HCT15,Vemurafenib,424,242,232,238,0.5673029740919611,0.9788241458117501,0.9123964277239621,0.8839621841197752
HCT15,Volasertib,142,109,232,238,0.24058411254912715,0.8191150194603741,0.9530402234245715,0.7239720130994796
HCT15,XRK3F2,490,286,232,238,0.6811959849585326,1.1720301343899835,0.966092350635701,1.025303697616232
HCT15,c-Kit-IN-1,190,93,232,238,0.5216570603526854,1.1914036260394736,1.39814086428065,1.1889776749262722
HCT15,olaparib,202,108,232,238,0.3614856967794035,0.8649412479891925,1.0451848294856507,0.842526374108759
HCT15,palbociclib,178,69,232,238,0.4181716774228454,1.2229590910562065,1.412180505458845,1.1761536570509006
HCT15,venetoclax,119,57,232,238,0.5399019118051422,1.5600342915574665,1.8098860533815841,1.54059994828834
HCT15,vincristine,72,82,232,238,0.680104311483432,1.503721451505341,1.544700919233728,1.4025729186796823
HEC-1-A,4EGI-1,241,376,576,1277,0.5522281341328072,1.3295404998591942,1.0490488635741433,1.0012019528262628
HEC-1-A,9-ING-41,712,1573,576,1277,0.8655605391349819,1.0617392324710344,0.9803039083535214,0.9752505962288749
HEC-1-A,APTO-253,272,572,576,1277,0.6593530935017884,0.938598753506606,0.7079135934621377,0.7144208819300465
HEC-1-A,AT7519,361,750,576,1277,0.5672957802099989,0.587452699049972,0.5507947979794602,0.5062081668975074
HEC-1-A,AZD-7648,252,382,576,1277,0.8569886109156308,1.5770335145270822,1.6564636925662237,1.5645265015764396
HEC-1-A,AZD-8055,794,641,576,1277,0.8272624762081777,1.939419415223174,1.686921446425672,1.7500113026760598
HEC-1-A,AZD1390,264,507,576,1277,0.41572336398704496,0.9292223858785952,1.0092391064062545,0.8440009804792977
HEC-1-A,AZD2858,94,273,576,1277,0.4994562001786234,0.9013825056231218,0.7777977877347133,0.7305466153697964
HEC-1-A,Abemaciclib,502,951,576,1277,0.8645904364727954,1.301904188400328,1.4012554370602581,1.3332174695982308
HEC-1-A,Adagrasib,162,377,576,1277,0.6208345858307314,0.799138179008509,0.7003179838955876,0.663815302880903
HEC-1-A,Afatinib,1195,1039,576,1277,0.8691783810103411,2.2063228588269452,1.8928927294954214,1.9930244007704974
HEC-1-A,Alpelisib,420,365,576,1277,0.8633952727653378,1.9472875687811104,1.741730496582369,1.7910457706818608
HEC-1-A,Anastrozole,272,714,576,1277,0.6829647049149975,0.7592999974289902,0.6301741215405275,0.6233333658252528
HEC-1-A,BAY1125976,1933,1314,576,1277,0.872902516436372,2.0497450436685836,1.5317048920741068,1.7429914291859023
HEC-1-A,BI-3406,756,935,576,1277,0.8930320903902319,1.818022476203729,1.7031732489678753,1.7123394873372204
HEC-1-A,BI-78D3,427,1255,576,1277,0.761691691053946,0.7850387947120735,0.7094926284493498,0.6985814146301765
HEC-1-A,Belumosudil (mesylate),211,459,576,1277,0.6532171162919077,0.8830060007835793,0.857924541122656,0.7978325570307677
HEC-1-A,Belzutifan,286,355,576,1277,0.7493026584968018,1.4044019278743234,1.1640955459012885,1.1793181621779767
HEC-1-A,Bentamapimod,344,933,576,1277,0.7370047672760054,0.8721747618858643,0.7371768085587852,0.7385471111500647
HEC-1-A,Bimiralisib,1669,1133,576,1277,0.8862215059636799,2.534725840351935,2.1000737651431525,2.3014883646651154
HEC-1-A,Binimetinib,265,352,576,1277,0.828409219109781,2.1146897211159947,1.822783261629456,1.8530954115579492
HEC-1-A,Bortezomib,385,223,576,1277,0.9100384817814452,2.5421428021515835,3.048939888392042,2.751562801025582
HEC-1-A,Brivudine,537,1645,576,1277,0.8964351914694394,1.8248282957816375,2.1204612677490804,1.9992629179119255
HEC-1-A,CP21R7,164,394,576,1277,0.5591248827747544,0.8167961442475414,0.7015017021924969,0.6627801486497709
HEC-1-A,Capivasertib,151,478,576,1277,0.5919009457960511,0.8611733715867014,0.7505284515980112,0.7411972554824795
HEC-1-A,Capmatinib,251,446,576,1277,0.8658460573680066,1.3647519134507855,1.4598873823564362,1.3858918825661135
HEC-1-A,Celecoxib,187,545,576,1277,0.5504926487041056,0.8158199583405821,0.5714792546385739,0.5721309393395284
HEC-1-A,DT-061,164,372,576,1277,0.7882783053132643,1.1068261789338385,1.2058216452912784,1.1239078540397711
HEC-1-A,DTP3,259,395,576,1277,0.7293589758452204,1.271788327064739,1.1037454629467371,1.0793475089926088
HEC-1-A,Dabrafenib,1013,1468,576,1277,0.8738951376539539,1.241074574782911,1.060507520220053,1.0811515404984373
HEC-1-A,ERK5-IN-2,907,1609,576,1277,0.9011088106898466,1.4824373240638515,1.4727107244727502,1.4494513845720656
HEC-1-A,ETC-206,215,636,576,1277,0.5876198920340027,0.8436804223485564,0.6194246518891847,0.6307578048240176
HEC-1-A,EX229,601,420,576,1277,0.8630693457262539,1.3631527327991388,1.6158077380725502,1.5118206174269484
HEC-1-A,Elimusertib hydrochloride,220,232,576,1277,0.7933817002763339,1.586378744140583,1.6639976425194998,1.5740765981636031
HEC-1-A,Encorafenib,796,1954,576,1277,0.901231613570878,1.3101853916097417,1.2544010845511406,1.2464158701590855
HEC-1-A,Erdafitinib ,326,972,576,1277,0.7755026052864753,0.961836397480509,0.8613933564831705,0.8740298210060711
HEC-1-A,Everolimus,595,1613,576,1277,0.8113113533706836,0.8025581750479479,0.6617536716402533,0.6765115888098789
HEC-1-A,Futibatinib,190,268,576,1277,0.688670681829252,1.1463452290702185,0.782138628005428,0.8357700270308084
HEC-1-A,GSK1059615,1232,1386,576,1277,0.9246511396531233,2.1171873493231277,2.041479245048618,2.0474508812174004
HEC-1-A,Gemcitabine,416,1120,576,1277,0.7428740927739553,0.869242029771924,0.8053450086522204,0.7822539563814893
HEC-1-A,HI-TOPK-032,118,579,576,1277,0.8558900794163672,1.5805337361455698,1.5363985524119494,1.5090286274065658
HEC-1-A,Hydroxyfasudil,151,289,576,1277,0.5840062595695383,0.8422696432196424,0.7678957188884536,0.7145482424091171
HEC-1-A,IQ 1,274,334,576,1277,0.8099930252665523,1.2364968168580617,1.2474589904332196,1.195421049787226
HEC-1-A,Infigratinib,438,939,576,1277,0.8809695938758981,1.2200581936698205,1.0016657574613355,1.03984422156621
HEC-1-A,Ipatasertib,747,1510,576,1277,0.8931301082720713,1.1260533770395231,1.0742199551047802,1.0648608104353368
HEC-1-A,Irinotecan,395,1478,576,1277,0.7582702885093804,0.9528379787277244,0.9007037296151289,0.9013488667004762
HEC-1-A,Ixazomib,257,347,576,1277,0.7955426727023167,1.4155387380078426,1.2709076846535976,1.2621698520807973
HEC-1-A,LB-100,228,539,576,1277,0.6154204478402381,0.7565096533812522,0.5732516971636462,0.5710162060796438
HEC-1-A,LJI308,195,492,576,1277,0.5545677849235765,0.7290302119776992,0.6987752664941792,0.6356465998657657
HEC-1-A,LY-2584702 (tosylate salt),72,233,576,1277,0.6747802060593843,1.206974253273503,1.02907855803314,1.0092163791254205
HEC-1-A,LY2090314,211,781,576,1277,0.5485032502683362,0.8240468325852431,0.6979367139828434,0.7308251129242835
HEC-1-A,Lapatinib ditosylate,419,1386,576,1277,0.6797113575139131,0.7531050546534122,0.6317450688241169,0.6606980444570436
HEC-1-A,MK-3903,339,368,576,1277,0.7769883655121856,1.4859492762374933,1.39891306024665,1.3725773127796752
HEC-1-A,MK-8353,172,550,576,1277,0.5417302371506311,0.8454914930703123,0.6896331495655925,0.6920438893395567
HEC-1-A,ML264,310,837,576,1277,0.806814408281664,1.0487853244076917,0.8829329710625159,0.890225785059895
HEC-1-A,Methylprednisolone succinate,172,445,576,1277,0.6287646029311462,0.8650306926343055,0.6886979833067045,0.6768743953547272
HEC-1-A,Minodronic acid,217,673,576,1277,0.6156775207133776,0.8102054297100509,0.708664466409732,0.6978594182248962
HEC-1-A,NG25,381,679,576,1277,0.785479337289049,1.652115882047155,1.7192898624005406,1.6076400755884217
HEC-1-A,NVP-BHG712,224,644,576,1277,0.7400042796465347,0.9669603153066144,0.8019108536662536,0.8102089250506802
HEC-1-A,OTS514,77,332,576,1277,0.539516289737844,1.0877267283577003,0.9006485885184149,0.9171869512728308
HEC-1-A,Oleic acid,181,443,576,1277,0.5513516210191274,0.7804224329897348,0.6802616207735325,0.6415258475292591
HEC-1-A,Oxaliplatin,233,720,576,1277,0.6653001570680965,0.7933278340203228,0.7054476055436434,0.7020629919578726
HEC-1-A,PF-06260933,144,301,576,1277,0.7958132699699159,1.3962223353033778,1.4089995386487795,1.3431655136429932
HEC-1-A,PH-797804,679,1066,576,1277,0.9660220230978789,3.6142493006432987,3.5609662464675575,3.56199384048102
HEC-1-A,Paclitaxel,904,2178,576,1277,0.8647924255696672,1.1998087688806445,1.218983594303599,1.1791078983025085
HEC-1-A,Pemigatinib,328,550,576,1277,0.7112041922354732,1.000704770023042,0.7685947287457334,0.7852509812224574
HEC-1-A,Pimitespib,115,305,576,1277,0.5321666987454374,0.981645706166474,0.7689031750103921,0.7391967290597159
HEC-1-A,Pralsetinib,95,275,576,1277,0.69041435009997,1.1497523322815268,1.1735149555134208,1.101249587151397
HEC-1-A,RMC-6236,1436,1370,576,1277,0.8392181872455943,2.2552506359309996,1.7915435497479704,1.9456858234292964
HEC-1-A,Ralimetinib dimesylate,301,871,576,1277,0.8155694348539997,1.0373601641765342,0.8666134616489852,0.8885213805257044
HEC-1-A,Regorafenib,327,661,576,1277,0.8099829778204154,1.072957944104617,1.213977406066082,1.1171243762572343
HEC-1-A,SBI-0640756,158,328,576,1277,0.5468538927679557,0.959020489731732,0.802053338141439,0.7580915126602902
HEC-1-A,Sapanisertib,1532,1306,576,1277,0.8024953482525147,1.697593674771638,1.3425794974625311,1.4563683765229964
HEC-1-A,Sonidegib,125,270,576,1277,0.7404542659978313,0.9928332282544167,0.87525729800766,0.8586847234196471
HEC-1-A,TAK-733,422,487,576,1277,0.8860081767054367,1.6276338899202738,1.777438085129685,1.6912534615202781
HEC-1-A,TAK-901,1228,1881,576,1277,0.9748347864022746,4.017976053170082,3.9150918541729838,3.941919956449572
HEC-1-A,Temuterkib,290,860,576,1277,0.7863291716266808,1.0343289813394168,0.8739477772788974,0.8861211299954672
HEC-1-A,Tomivosertib,416,853,576,1277,0.7997206569566476,0.9526455813913345,1.1109660880311807,1.0225706528682381
HEC-1-A,Torkinib,91,346,576,1277,0.5753975085809964,1.0131993558128085,0.9827856128754083,0.9457100909600794
HEC-1-A,Trametinib,1329,1102,576,1277,0.8689548597103046,2.1581387993330927,1.9163654193276651,2.0030177027983305
HEC-1-A,Tubulin inhibitor 6,206,508,576,1277,0.6708962357977241,0.8559316962260665,0.6753987112209612,0.6701706904650303
HEC-1-A,Tucatinib,454,1470,576,1277,0.7189049053382331,0.7956632107671425,0.6606151492696604,0.6759224414278816
HEC-1-A,ULK-101,181,336,576,1277,0.6016726380758262,0.8612873647328577,0.8495234549971609,0.7769870737137404
HEC-1-A,Vemurafenib,581,1073,576,1277,0.895257654811822,1.4005727636404104,1.3343579367838834,1.3219593232045999
HEC-1-A,Volasertib,153,370,576,1277,0.6183868182722002,0.8835563956522473,0.6877041295057617,0.6815734743237811
HEC-1-A,XRK3F2,890,1188,576,1277,0.8623385401449665,1.7046223427753675,1.4378869095978766,1.494620653523371
HEC-1-A,c-Kit-IN-1,371,535,576,1277,0.8570649555215537,1.3273304862880193,1.5568416444750128,1.4454431752463788
HEC-1-A,olaparib,188,487,576,1277,0.7341960626971265,0.9846949255615306,0.9800809779561968,0.9264864439188129
HEC-1-A,palbociclib,515,473,576,1277,0.8617191317976114,1.8547542453064,1.5669048712728282,1.6541808067211132
HEC-1-A,venetoclax,192,348,576,1277,0.9026767613053224,1.7639193585922035,1.9591567565778607,1.8610046382303413
HEC-1-A,vincristine,95,508,576,1277,0.5945174048644275,1.0760096411897384,1.1882304772499488,1.153117205014768
HOP62,4EGI-1,592,170,1247,919,0.695691655374658,1.8740592281907276,1.736333601786828,1.6600230018527058
HOP62,9-ING-41,2187,784,1247,919,0.7951878310570579,1.4841009403691008,1.3116836950982163,1.40330633095482
HOP62,APTO-253,989,330,1247,919,0.7224188795945998,1.4077072457436859,1.1647447123120822,1.277071122654518
HOP62,AT7519,1084,612,1247,919,0.7670182529260039,1.0247654547844542,1.0388513912388955,0.9710237539204603
HOP62,AZD-7648,502,227,1247,919,0.8865565059583846,2.413222734195004,2.285642630099939,2.301222127674581
HOP62,AZD-8055,1594,443,1247,919,0.8670771646725357,2.2477440789084446,1.9964914790558022,2.1290766999228303
HOP62,AZD1390,725,291,1247,919,0.45261766904529643,1.374202350631714,1.5623595520681532,1.2158008337172685
HOP62,AZD2858,214,120,1247,919,0.6772183519635816,1.2046244919905649,1.1930355179176524,1.0906930023324708
HOP62,Abemaciclib,801,404,1247,919,0.8705643973205789,2.0302743899276408,1.9030112926977505,1.9320615482594408
HOP62,Adagrasib,377,240,1247,919,0.8469555015530839,1.582521390134773,1.4133630917178315,1.4545326775566834
HOP62,Afatinib,2252,478,1247,919,0.9048844574362362,2.575233381665183,2.463008090047374,2.568863963463881
HOP62,Alpelisib,639,227,1247,919,0.8788710527316341,2.634991010321466,2.4085755824701014,2.5172325735283456
HOP62,Anastrozole,865,480,1247,919,0.7585990666714666,1.062262568894614,1.0318523924089733,0.9858766643936845
HOP62,BAY1125976,2211,497,1247,919,0.8541537708058997,2.264606895154068,1.9237693561087068,2.198303929260367
HOP62,BI-3406,1641,493,1247,919,0.8945891436962906,2.7147917641537114,2.5525932119028107,2.648991286208536
HOP62,BI-78D3,1232,670,1247,919,0.7705645503697868,1.0559353015452977,1.01709031716653,0.9900677476122451
HOP62,Belumosudil (mesylate),498,238,1247,919,0.783672577148265,1.6628723631901505,1.3324763427585176,1.4705334129879328
HOP62,Belzutifan,362,131,1247,919,0.7462471405969031,1.7807475937937802,1.538863156727487,1.5731182305252893
HOP62,Bentamapimod,998,595,1247,919,0.8148155661051443,1.17285889081261,1.20776389928854,1.119112430068105
HOP62,Bimiralisib,3409,753,1247,919,0.9194295110159542,3.2504252318210587,2.9453018099281327,3.1712671231676377
HOP62,Binimetinib,593,157,1247,919,0.8658189992854506,2.971230579769146,2.620305464757985,2.8595739808857323
HOP62,Bortezomib,265,70,1247,919,0.8992112048498091,4.103146051163408,4.048903505242756,3.959346661265317
HOP62,Brivudine,2115,877,1247,919,0.9174303392268474,3.2797691741994646,3.071623978047023,3.1330341384149296
HOP62,CP21R7,420,253,1247,919,0.7334058265148152,1.209145800081315,1.0438877136939695,1.0714662453638153
HOP62,Capivasertib,442,265,1247,919,0.7400520870960595,1.203246998974673,1.2434666927066451,1.1191896753432233
HOP62,Capmatinib,492,235,1247,919,0.9009852652100432,2.4550483677576156,2.1823833814701445,2.309506485387799
HOP62,Celecoxib,556,376,1247,919,0.7581911682140395,1.1290016536866738,1.0462768986848623,1.0208184531772864
HOP62,DT-061,382,332,1247,919,0.8380755621183696,1.7537918691799574,1.6488742031102446,1.6569927777790265
HOP62,DTP3,531,262,1247,919,0.8047826954145202,1.5548017628485586,1.402640250955319,1.4013230545609425
HOP62,Dabrafenib,3256,824,1247,919,0.8323814066282816,1.8092539957640712,1.402774223003417,1.7803301562294678
HOP62,ERK5-IN-2,1811,495,1247,919,0.8765666998616877,2.2291554601129526,2.009396263132129,2.190090376037287
HOP62,ETC-206,781,463,1247,919,0.748104930827347,1.0376788866235436,1.026713929338738,0.9605059338878699
HOP62,EX229,693,277,1247,919,0.8679775015413576,2.4977408233969247,2.1364047576114267,2.3267404249614216
HOP62,Elimusertib hydrochloride,378,137,1247,919,0.8904286040590198,2.9684527240222494,2.804072753614909,2.8641600769837345
HOP62,Encorafenib,2636,882,1247,919,0.8911992709798482,2.080237352675039,1.9061115995851114,2.054235056630527
HOP62,Erdafitinib ,777,385,1247,919,0.7339930458607197,1.3130583355570986,1.1012520454524546,1.1838801905636824
HOP62,Everolimus,2026,1219,1247,919,0.7436403669693318,0.9803540972335374,0.8648613729015467,0.8686988022250469
HOP62,Futibatinib,418,225,1247,919,0.8673589919357287,1.6531128349281996,1.4794429947949017,1.5558383366502881
HOP62,GSK1059615,2245,1242,1247,919,0.8591742205590427,2.8577011440363536,2.6759490591942563,2.6885707369844085
HOP62,Gemcitabine,1048,637,1247,919,0.6427320299379492,1.2365633903140951,1.6096517348962018,1.2447923290253848
HOP62,HI-TOPK-032,515,375,1247,919,0.8716995151592751,2.844362315905669,2.6943491980619814,2.6923769173354275
HOP62,Hydroxyfasudil,383,202,1247,919,0.7676709778894535,1.5982913221045256,1.3210226526310775,1.4107346000381549
HOP62,IQ 1,540,165,1247,919,0.8068048261110895,1.7706825881332606,1.543366877676278,1.6683118586288073
HOP62,Infigratinib,1255,438,1247,919,0.8605299864741964,1.6318086665662321,1.5281722046617308,1.5502513881963604
HOP62,Ipatasertib,1444,821,1247,919,0.8773839794691668,1.5389016214097708,1.519733858536804,1.4845462882774199
HOP62,Irinotecan,1307,852,1247,919,0.6582823306030595,1.576989651312568,1.9486119023501691,1.5579778311543278
HOP62,Ixazomib,576,162,1247,919,0.8636210291234568,2.842837973678829,2.437263135505599,2.6768016347863886
HOP62,LB-100,809,407,1247,919,0.6592688549683375,0.9932307288166492,0.8259055268363876,0.864504123185323
HOP62,LJI308,513,288,1247,919,0.6472995997004074,1.338435692464208,0.9560471669472874,1.1020464386531057
HOP62,LY-2584702 (tosylate salt),119,152,1247,919,0.7736414391074843,1.8241217963288807,1.7218891394911877,1.762830598411668
HOP62,LY2090314,743,611,1247,919,0.7889330958479593,1.1871664412735619,1.1068541649317305,1.096283688954819
HOP62,Lapatinib ditosylate,1585,795,1247,919,0.7477112880618758,1.2432438238399892,1.0160313322870025,1.1083475458656058
HOP62,Lonafarnib,54,57,1247,919,0.8727188743333604,4.5776524171076955,4.347251826998427,4.338535825486999
HOP62,MK-3903,686,269,1247,919,0.8371755026258129,1.8710647840893824,1.6826727631690692,1.732856254269223
HOP62,MK-8353,503,316,1247,919,0.7490751588565872,1.2734625137063753,1.1771499743609704,1.152725263563186
HOP62,ML264,974,485,1247,919,0.8231325839642905,1.3494436444811686,1.215312723058782,1.277579669465339
HOP62,Methylprednisolone succinate,552,328,1247,919,0.7753274308240418,1.1898565395532372,1.0805395226564087,1.0677452446545581
HOP62,Minodronic acid,751,557,1247,919,0.7838005615295246,1.1889613545589797,1.2152282046019256,1.1352448745259538
HOP62,NG25,832,357,1247,919,0.8556326368721914,3.1344313361740563,3.165201917774261,3.0110983046174042
HOP62,NVP-BHG712,621,306,1247,919,0.7525471241545003,1.2738838099024887,1.094343133271788,1.1605074695722153
HOP62,OTS514,268,250,1247,919,0.8075156114880925,1.767926238306387,1.5865481726593507,1.6150085913506436
HOP62,Oleic acid,507,384,1247,919,0.7633095289254845,1.0813774709601223,1.048979943605893,1.0070446229906305
HOP62,Oxaliplatin,736,477,1247,919,0.8095316343279377,1.2687409875002187,1.100118958378332,1.1395980487444355
HOP62,PF-06260933,414,122,1247,919,0.5946306750791015,2.4770502044114497,2.5554224218224517,2.4102895889593365
HOP62,PH-797804,589,214,1247,919,0.9391683468240053,4.1773414638264645,3.7520432556629197,4.0106207775754354
HOP62,Paclitaxel,2427,1134,1247,919,0.8494993049119361,2.0344760490028855,1.914881267247894,1.950574345608914
HOP62,Pemigatinib,709,318,1247,919,0.6896628864371156,1.159194395590146,0.979270091229353,1.0222364828420887
HOP62,Pimitespib,338,177,1247,919,0.7570659716666932,1.4999353121094923,1.502696588980007,1.3842340019394686
HOP62,Pralsetinib,396,227,1247,919,0.854460700632333,2.207158640513639,2.3934284409090143,2.1693444210920254
HOP62,RMC-6236,2901,600,1247,919,0.9080124964025775,3.13785229448073,2.7851891390138017,3.1042297748046495
HOP62,Ralimetinib dimesylate,755,425,1247,919,0.7953054776771883,1.193185344108385,1.2250063240069173,1.139058354256289
HOP62,Regorafenib,798,429,1247,919,0.8900034366596864,2.0500996076793156,1.8432321647483945,1.914445607640371
HOP62,SBI-0640756,315,231,1247,919,0.7399512558364323,1.2786136050521177,1.1347177572722316,1.1394396233805155
HOP62,Sapanisertib,2797,618,1247,919,0.809782890673848,1.969472154515386,1.8083034335568782,1.9385862742990518
HOP62,Sonidegib,267,181,1247,919,0.7797719998445851,1.8732792741717326,1.5195705952608924,1.6348367295402677
HOP62,TAK-733,531,269,1247,919,0.9151646507407329,2.594850111297577,2.4699842902856926,2.50721733886561
HOP62,TAK-901,1064,394,1247,919,0.9716243957491691,6.624298369010035,6.285524792459527,6.484068185968274
HOP62,Temuterkib,1005,413,1247,919,0.8178179190917502,1.4289696367224372,1.2260220371151596,1.3664490650203438
HOP62,Tomivosertib,950,584,1247,919,0.8489570465673444,1.2391126946384956,1.2406096810259404,1.1856587679462938
HOP62,Torkinib,228,150,1247,919,0.7504397592619758,1.4917877342497745,1.7380046797556408,1.4726440523403879
HOP62,Trametinib,2501,579,1247,919,0.9241192682305701,3.2047740716670674,2.9536420699286565,3.153649070880535
HOP62,Tubulin inhibitor 6,474,274,1247,919,0.7825254633163081,1.1614149056181466,1.1225880704038338,1.0622063436277358
HOP62,Tucatinib,1560,830,1247,919,0.8365280149763236,1.2954949702991039,1.0858478467632733,1.193374714744222
HOP62,ULK-101,413,243,1247,919,0.8100714569424549,1.6280002763263786,1.3590753131497164,1.4416756158291621
HOP62,Vemurafenib,1623,559,1247,919,0.8668322751093774,1.8445771160319613,1.7516447092563907,1.804573185129691
HOP62,Volasertib,395,186,1247,919,0.6220143097274057,1.1621079173841664,1.0233648305901042,1.0164335933991413
HOP62,XRK3F2,1972,470,1247,919,0.8647337021295507,2.079558708057798,1.8227356416298937,2.0479991399510062
HOP62,c-Kit-IN-1,462,299,1247,919,0.8654211654046426,2.1623874461815915,1.9906451109420458,2.0288338997839435
HOP62,olaparib,516,243,1247,919,0.8282363527340726,1.8772477327242187,1.7192344327135791,1.7503378427110412
HOP62,palbociclib,912,182,1247,919,0.7852487731574993,1.9581958018239585,1.8975408896542403,1.9432725974758718
HOP62,venetoclax,594,346,1247,919,0.9238060973861636,3.1046946407396603,2.983184805465498,2.9988645035290866
HOP62,vincristine,189,402,1247,919,0.7053166310687048,1.847488890681379,2.1311107439397605,2.146646619829876
HS-578T,4EGI-1,349,91,1284,303,0.8579808426329684,2.5873743392690436,2.44028723935062,2.5077729144018504
HS-578T,9-ING-41,1373,309,1284,303,0.8082631803402581,1.5342815107806713,1.3251793832614804,1.457418535187417
HS-578T,APTO-253,556,141,1284,303,0.7459401074176524,1.2695913040438644,1.3087220427675814,1.2214051328988285
HS-578T,AT7519,768,183,1284,303,0.6748276360999897,0.9650232218853516,1.0515225261950756,0.9285239916511778
HS-578T,AZD-7648,387,99,1284,303,0.7624393959839766,1.7952557155795497,1.654922418092939,1.7033498643109928
HS-578T,AZD-8055,851,221,1284,303,0.8781009379350806,2.3234438066932115,2.068167909499245,2.232783384751593
HS-578T,AZD1390,503,154,1284,303,0.8027356427053051,1.8435474005400576,1.9472182347210367,1.834693701331299
HS-578T,Abemaciclib,589,132,1284,303,0.8483182760923377,2.288165701727572,1.8986118411171737,2.1664474791901167
HS-578T,Adagrasib,328,93,1284,303,0.5402881074877957,0.9739622134867022,1.2414463220333487,0.9602499819759797
HS-578T,Afatinib,1170,205,1284,303,0.9045004933718521,2.362415016420546,2.1156711709311353,2.2934760910023226
HS-578T,Alpelisib,549,117,1284,303,0.8147161357874053,2.0478450765496943,1.8246291314936296,1.9598450606939504
HS-578T,Anastrozole,615,162,1284,303,0.7049595243723993,1.051571429842273,1.173612198590993,1.0280366719061196
HS-578T,BAY1125976,1147,186,1284,303,0.9014440732567569,2.768030200579615,2.450397297132242,2.6914443022988226
HS-578T,BI-3406,1107,232,1284,303,0.8946289064329128,2.3159084187371812,1.766218045364959,2.1925369679218982
HS-578T,BI-78D3,959,243,1284,303,0.7315231056233666,0.9796442646005467,1.1297160770180226,0.9622373938274796
HS-578T,Belumosudil (mesylate),468,96,1284,303,0.7481836443981755,1.8311559880490362,1.6528771539046498,1.736290657159363
HS-578T,Belzutifan,337,52,1284,303,0.7639720571264481,1.929553553240086,1.9756957816692597,1.8743870064581496
HS-578T,Bentamapimod,691,149,1284,303,0.81858461293918,1.5679380410990311,1.4486443169343157,1.5040641081709716
HS-578T,Bimiralisib,1200,243,1284,303,0.9119803087718131,3.0871585791002225,2.5361993700488386,2.9587137330233544
HS-578T,Binimetinib,415,83,1284,303,0.8446721551966894,2.351896548887744,1.8457512515529908,2.22549180260256
HS-578T,Brivudine,766,354,1284,303,0.9383900010191926,3.186325265034241,2.746746307880446,3.109068619707266
HS-578T,CP21R7,342,76,1284,303,0.5724850262098193,1.146360089311276,1.3655873516147166,1.100187641934613
HS-578T,Capivasertib,369,106,1284,303,0.6480725185202996,1.1944629306911148,1.3715923369846488,1.1624705538682163
HS-578T,Capmatinib,453,112,1284,303,0.7747594002739383,1.778353243586135,1.4901720502064737,1.6667709814772615
HS-578T,Celecoxib,484,132,1284,303,0.6195532477248796,0.9136436076926525,1.1915640466482376,0.9028326408714658
HS-578T,DT-061,403,95,1284,303,0.6734598035864219,1.3678903687979578,1.4933992457082688,1.315723741497968
HS-578T,DTP3,365,88,1284,303,0.8222016319239889,1.9883787820698002,1.9890202805788935,1.933448697150657
HS-578T,Dabrafenib,1752,267,1284,303,0.898446988914165,2.091307269807266,1.939707046311265,2.0693503417697725
HS-578T,ERK5-IN-2,1108,257,1284,303,0.8270701654336216,1.7512388910843395,1.7591085065463616,1.7058449565858234
HS-578T,ETC-206,586,135,1284,303,0.6468925722518092,0.9966167922222949,1.196402611150066,0.9692526337796721
HS-578T,EX229,525,78,1284,303,0.8121938157790529,2.806318197810481,2.1886962035686857,2.641684958156626
HS-578T,Elimusertib hydrochloride,239,71,1284,303,0.8426162242396769,2.7846299208535124,2.339839129040165,2.638922681095982
HS-578T,Encorafenib,1623,288,1284,303,0.8753538431093066,1.975600883811677,1.8908119253802909,1.9456750442386264
HS-578T,Erdafitinib ,640,163,1284,303,0.8102152717751016,1.3472106850208194,1.3839876463766516,1.307754765374347
HS-578T,Everolimus,1528,402,1284,303,0.8245138350370583,1.1897131241087264,1.2766523835410264,1.1765087348135546
HS-578T,GSK1059615,866,251,1284,303,0.8912185836779116,2.8788758168417714,2.535435154902803,2.767482453969193
HS-578T,Gemcitabine,959,203,1284,303,0.7790499448923459,1.1896777638173006,1.356535171171857,1.1710692052584235
HS-578T,HI-TOPK-032,319,125,1284,303,0.8661100301414634,2.5073917126501,2.2351681856283663,2.439156826774062
HS-578T,Hydroxyfasudil,292,60,1284,303,0.6682167071402415,1.6755609508414222,1.6831872608150047,1.5812927808299848
HS-578T,IQ 1,339,86,1284,303,0.8064003474982445,1.9601766315520333,1.9298977600628597,1.8995824971616873
HS-578T,Infigratinib,724,168,1284,303,0.8809208906241479,2.0636946938670953,2.1098293018002177,2.0333995028545595
HS-578T,Ipatasertib,957,254,1284,303,0.8516487267130394,1.885556825243204,1.6646534746697594,1.8043781756124417
HS-578T,Irinotecan,1034,272,1284,303,0.8072639353709189,1.5064085892903367,1.3958895282177028,1.4505249960167743
HS-578T,Ixazomib,285,92,1284,303,0.8532228774135828,2.690656794971606,2.3164202325266205,2.5578647429976793
HS-578T,LB-100,570,140,1284,303,0.5834744772119628,0.894034929101212,1.0515595553188712,0.8561915720836234
HS-578T,LJI308,408,108,1284,303,0.7362866872477359,1.6722107807292477,1.4090617291163772,1.5630620533604689
HS-578T,LY-2584702 (tosylate salt),218,75,1284,303,0.7834137236767735,1.8558911777995992,1.8412885724561987,1.797285302072829
HS-578T,LY2090314,695,158,1284,303,0.6804272481750618,1.3655587804537912,1.4278291456608925,1.3108327744777963
HS-578T,Lapatinib ditosylate,1147,222,1284,303,0.6350729820757048,1.1683771937046175,1.2204829699660236,1.1251947588546798
HS-578T,MK-3903,454,151,1284,303,0.87078256802814,2.283478593977676,1.990079653730282,2.1996146795935836
HS-578T,MK-8353,405,84,1284,303,0.6742429989979865,1.058594339003933,1.393544788204067,1.0531734188798565
HS-578T,ML264,725,143,1284,303,0.7256198570138195,1.3279927415516515,1.2355603937197623,1.2696584407098674
HS-578T,Methylprednisolone succinate,404,100,1284,303,0.6067488417202597,1.0607600551549095,1.241281487617302,1.0224989395008042
HS-578T,Minodronic acid,577,100,1284,303,0.630293258420931,1.1276454871248247,1.3690043218672703,1.0951023039519545
HS-578T,NG25,404,192,1284,303,0.7933726887803431,2.8690366009579877,2.777337783220703,2.8104273364680106
HS-578T,NVP-BHG712,436,116,1284,303,0.7777753001638819,1.5278676107095577,1.5735903232070299,1.4816477468615417
HS-578T,OTS514,350,89,1284,303,0.7567048551974764,1.7270971540450595,1.6406945599821061,1.6417173740478423
HS-578T,Oleic acid,384,102,1284,303,0.5276175359716371,1.0563402245368925,1.3029321761317738,1.0095295171156364
HS-578T,Oxaliplatin,637,164,1284,303,0.7597273515947927,1.334805527739412,1.3740214864732743,1.2913928382242583
HS-578T,PH-797804,424,136,1284,303,0.9340487109867877,3.925669022528703,3.178445650912458,3.7397838245690016
HS-578T,Paclitaxel,1421,366,1284,303,0.776716176236499,1.5180103170016783,1.4422948655815826,1.4482204298904644
HS-578T,Pemigatinib,612,123,1284,303,0.7719248110700248,1.4548655533218056,1.502260852011625,1.410974802508503
HS-578T,Pimitespib,310,85,1284,303,0.6056562872076856,1.1358955387238845,1.4443119811609428,1.1222869275112215
HS-578T,Pralsetinib,178,69,1284,303,0.8259678806067766,2.9359511644807323,2.765934133101787,2.8597687195274757
HS-578T,RMC-6236,1413,288,1284,303,0.8876748504218488,2.8984478762552524,2.0815754079550364,2.7276707132850126
HS-578T,Ralimetinib dimesylate,608,148,1284,303,0.829280368182464,1.6086104972292377,1.5364648834358594,1.5530531530251732
HS-578T,Regorafenib,584,175,1284,303,0.8308401775828377,1.8419668411474748,1.5342942900174363,1.744038612808427
HS-578T,SBI-0640756,262,91,1284,303,0.6153599299331849,1.1767816113053635,1.3127903238585155,1.1405117154806161
HS-578T,Sapanisertib,1221,277,1284,303,0.8930121819504504,2.5787969114661897,2.020444941179706,2.4408354279739335
HS-578T,Sonidegib,325,94,1284,303,0.7741583163223055,1.9615020091830955,1.6886664417008705,1.8523060469748214
HS-578T,TAK-733,440,81,1284,303,0.8238049066641495,2.4668853645377116,2.3446247944459007,2.3785050334714724
HS-578T,TAK-901,692,217,1284,303,0.9701929363354294,6.881739805519647,5.615680189359567,6.568241110988686
HS-578T,Temuterkib,707,158,1284,303,0.7824427198370403,1.3898276041406807,1.3861844535814771,1.3455325461835554
HS-578T,Tomivosertib,714,225,1284,303,0.7835181285444109,1.4156638950227085,1.3023092354387484,1.3785985864765395
HS-578T,Trametinib,1110,257,1284,303,0.911405112199404,3.053398007445798,2.457824357713519,2.90560314470512
HS-578T,Tubulin inhibitor 6,366,82,1284,303,0.5543035935156001,1.1429561633634113,1.3187409923192615,1.0826389171543191
HS-578T,Tucatinib,1146,303,1284,303,0.7694325969451107,1.1621014770416025,1.136224261715357,1.1113019563690814
HS-578T,ULK-101,327,111,1284,303,0.7985483668391301,1.5749016635775668,1.5944525543419155,1.5720388175125224
HS-578T,Vemurafenib,1105,223,1284,303,0.7547019474197146,1.4139600180304686,1.3161171838610366,1.356725275621324
HS-578T,Volasertib,282,74,1284,303,0.4870158826743701,0.9229981347791739,1.2971983635466167,0.9010938411677022
HS-578T,XRK3F2,1217,227,1284,303,0.8416977987234768,1.6101875557100658,1.5999076270357722,1.580688282361193
HS-578T,c-Kit-IN-1,409,89,1284,303,0.8193009318797726,2.326103802218734,2.129067831422985,2.224126339207381
HS-578T,olaparib,372,92,1284,303,0.63055000023859,1.7181050236138278,1.838905920545679,1.6353043423998044
HS-578T,palbociclib,579,98,1284,303,0.6650040300381278,1.5867440197262255,1.3903179157834387,1.5151877890335066
HS-578T,venetoclax,568,136,1284,303,0.8883500484440725,3.019443443066272,2.4360791830247677,2.8643532132417984
HS-578T,vincristine,310,108,1284,303,0.7450388172002277,1.868428586826977,1.7625636502491953,1.7744890216267368
HT-29,4EGI-1,501,103,1243,504,0.2122039779205738,1.5695533167820637,1.3996712272578187,1.353776879607952
HT-29,9-ING-41,1697,586,1243,504,0.6716134332183848,1.1969687732363608,1.1792850235824648,1.1192987565794088
HT-29,APTO-253,784,191,1243,504,0.5338897645224102,0.9128133096961595,1.0279396513728467,0.875044021892539
HT-29,AT7519,890,207,1243,504,0.6118662734104143,0.8855787705650967,0.8777189597629939,0.8518101181911722
HT-29,AZD-7648,516,120,1243,504,0.8011803102646543,1.5609519528487037,1.64407820031623,1.5216248652656756
HT-29,AZD-8055,1234,201,1243,504,0.7780453481685172,1.4095697320304978,1.5179831113697084,1.4168459602879426
HT-29,AZD1390,678,181,1243,504,0.5464601946326624,1.4271755060194697,1.7580285624577208,1.3530499274512158
HT-29,AZD2858,387,85,1243,504,0.5617577909569926,0.924064443895066,1.1340831391702453,0.8826650723705044
HT-29,Abemaciclib,993,321,1243,504,0.851382441082929,1.9471325656690779,1.8892664167453894,1.8660802444799907
HT-29,Adagrasib,471,172,1243,504,0.6192367462072524,0.8464386209321577,0.9361975859653066,0.7975212284286316
HT-29,Afatinib,1366,205,1243,504,0.9039148034732223,1.9920706582275736,2.0141317383484894,2.014672386494501
HT-29,Alpelisib,599,121,1243,504,0.7771649716463372,1.4661865756929238,1.6211005012062603,1.4513613708414095
HT-29,Anastrozole,827,285,1243,504,0.7449294746245719,0.9830208581351925,0.9745792663686357,0.9263084022066385
HT-29,BAY1125976,2403,259,1243,504,0.7819176104244073,2.052301359392232,1.7625947192193705,2.0389135579732187
HT-29,BI-3406,1320,320,1243,504,0.8314444629983953,1.2437043136326738,1.392652500587639,1.252557489830416
HT-29,BI-78D3,1441,455,1243,504,0.8386556432297932,1.0838802119323465,1.0822317066350993,1.0631019662310213
HT-29,Belumosudil (mesylate),703,93,1243,504,0.5268947651507213,1.0526688649305742,1.3246227733346605,1.059401608668515
HT-29,Belzutifan,464,75,1243,504,0.6528250679831997,1.5209933031658467,1.5316235180139595,1.4537132493629805
HT-29,Bentamapimod,1092,292,1243,504,0.7791484750277291,1.3795489951037534,1.3572459468832496,1.3238820879629782
HT-29,Bimiralisib,1499,165,1243,504,0.889530348505721,2.1314128355050324,2.1477359974894403,2.168678165440805
HT-29,Binimetinib,431,87,1243,504,0.7244101887344557,1.6864700773933237,1.8111660086001478,1.6584528446202151
HT-29,Bortezomib,376,74,1243,504,0.9195810282327779,4.00416778626282,3.906381514826238,3.9123514963509294
HT-29,Brivudine,911,404,1243,504,0.9071984938897066,2.372043646196513,2.3362435972524938,2.317686174521446
HT-29,CP21R7,450,155,1243,504,0.5670463376728644,0.888371175786279,0.9831208292097119,0.8273392932182895
HT-29,Capivasertib,506,187,1243,504,0.6280078606141782,0.9501833027030532,0.9416626105721494,0.8704832894242138
HT-29,Capmatinib,425,100,1243,504,0.7522533210848688,1.412121162766856,1.6625500704742926,1.4042881740572262
HT-29,Celecoxib,528,188,1243,504,0.6176570774338795,0.8283379528324781,0.9914358830054605,0.7945655175163594
HT-29,DT-061,438,137,1243,504,0.710541101195574,1.245217750200094,1.2943581631214662,1.1768861040326204
HT-29,DTP3,565,136,1243,504,0.567731381673859,1.2964169545169424,1.287154934707038,1.1825715038370277
HT-29,Dabrafenib,2291,402,1243,504,0.9063357728796229,1.6335448272894657,1.5648153634343138,1.656412354992057
HT-29,ERK5-IN-2,2024,388,1243,504,0.8689000558355395,1.6901114284075793,1.5659359060637628,1.678998003410874
HT-29,ETC-206,684,270,1243,504,0.6474925214816568,0.824700454944192,0.896437901303935,0.7791465322423771
HT-29,EX229,811,207,1243,504,0.8701209568586322,2.075026778443754,1.9280713430897976,1.9851361478036036
HT-29,Elimusertib hydrochloride,323,78,1243,504,0.7689433679373259,1.7377758453920191,1.8608172868799027,1.6889469527515866
HT-29,Encorafenib,2255,405,1243,504,0.8944281401971075,1.9279846562687397,1.8548625272422279,1.9399484741369826
HT-29,Erdafitinib ,1151,288,1243,504,0.7067895146683779,1.1954483951500983,1.092589144709964,1.1357774343405531
HT-29,Everolimus,1760,712,1243,504,0.7720464628402117,0.8962580021357646,0.9737919029302087,0.8729568967652576
HT-29,Futibatinib,465,78,1243,504,0.6586317330719358,1.3893184677613961,1.287102918156357,1.3162502339058764
HT-29,GSK1059615,712,146,1243,504,0.8441585454728905,1.9961565885276522,2.010140289362857,1.9922113589951171
HT-29,Gemcitabine,1188,504,1243,504,0.6818086834600324,0.9000757288225181,1.0413187747502604,0.8749438801130517
HT-29,HI-TOPK-032,289,219,1243,504,0.8538735099747712,1.9282222824010897,1.8556142825236286,1.8480705223676015
HT-29,Hydroxyfasudil,383,120,1243,504,0.5818963517560402,0.9991089309141046,1.0967801509477362,0.9341676084161782
HT-29,IQ 1,641,106,1243,504,0.6826806505671817,1.2410556445379453,1.4840357759877312,1.2352534320428177
HT-29,Infigratinib,1014,273,1243,504,0.8338670523482492,1.5941353045564108,1.5267752714511253,1.5302691042337064
HT-29,Ipatasertib,1863,362,1243,504,0.8469996782046088,1.4449921910175143,1.4964132528118226,1.4453493222717881
HT-29,Irinotecan,1154,560,1243,504,0.7399625859625634,1.1186603986362473,1.1617884439010482,1.0717398944331578
HT-29,Ixazomib,588,118,1243,504,0.7360886112826347,1.5749847991046684,1.5148756271044053,1.5033460768401876
HT-29,LB-100,602,197,1243,504,0.61289838470431,0.8012694406748114,0.8982456359598138,0.7606026019618848
HT-29,LJI308,666,128,1243,504,0.593686141356087,0.9647245201269926,1.0979136042962585,0.9546385650741428
HT-29,LY-2584702 (tosylate salt),160,87,1243,504,0.655143453315023,1.2401333900962124,1.329270209118446,1.1899309760713868
HT-29,LY2090314,945,314,1243,504,0.7880558033678304,1.1301198855904593,1.128974920102487,1.0836010356865078
HT-29,Lapatinib ditosylate,1430,343,1243,504,0.6245416741502148,0.943450314372017,0.9659684007773249,0.904807831662502
HT-29,MK-3903,478,121,1243,504,0.6888801216028125,1.4594600576871208,1.6753800266466021,1.4174339504306355
HT-29,MK-8353,679,200,1243,504,0.6706474282980593,1.0762006022820598,1.0593998094679442,1.0119350287215587
HT-29,ML264,1127,284,1243,504,0.8604885433893169,1.2491025687921746,1.2694705902246366,1.2483073784219143
HT-29,Methylprednisolone succinate,447,146,1243,504,0.7776799544697567,1.1168732651540256,1.2919944372054875,1.0958315702694268
HT-29,Minodronic acid,737,259,1243,504,0.7238575950964208,0.9791193257005494,1.094981766649657,0.942424905876999
HT-29,NG25,539,233,1243,504,0.8841298300592179,2.404365934469695,2.4817361797643622,2.370275993878923
HT-29,NVP-BHG712,732,186,1243,504,0.7365498340816623,1.086132336327178,1.2018579637091358,1.066182079840806
HT-29,OTS514,333,134,1243,504,0.6363212176941342,1.2473188299317306,1.090644518474568,1.11472613126768
HT-29,Oleic acid,517,179,1243,504,0.6847890989073385,1.0406290499499196,1.0204110339651105,0.9636979972038674
HT-29,Oxaliplatin,832,268,1243,504,0.7531262575030806,1.0130070379621627,1.0777951426015397,0.9699359345229538
HT-29,PF-06260933,444,111,1243,504,0.8364812422165335,2.50396033696266,2.4360364542173816,2.441495434482643
HT-29,PH-797804,579,208,1243,504,0.8825688992289559,2.002772243658258,2.045756044715069,1.9588897092510276
HT-29,Paclitaxel,1888,775,1243,504,0.5443215438862962,1.6196859845364313,1.7289247134420846,1.483363488229401
HT-29,Pemigatinib,844,172,1243,504,0.4743745633327167,0.9249936380328303,1.0776449133191282,0.8840266097876788
HT-29,Pimitespib,296,122,1243,504,0.5622733690880526,0.9395923360499686,0.9903310020820528,0.8625038854776215
HT-29,Pralsetinib,415,204,1243,504,0.7017861444826456,1.3926435672042938,1.5638748305755994,1.3623584897302636
HT-29,RMC-6236,1744,281,1243,504,0.8656076058397512,2.1403100379129887,1.9616983512567792,2.1381174074456823
HT-29,Ralimetinib dimesylate,945,288,1243,504,0.7880065038590235,1.3385859137957663,1.3503905438685553,1.2937787888936936
HT-29,Regorafenib,798,223,1243,504,0.8479639889342414,1.5855632806995814,1.6451817856158593,1.547484897829822
HT-29,SBI-0640756,392,150,1243,504,0.6778119674079605,0.9861316413139267,1.1043763691190045,0.9461145218861371
HT-29,Sapanisertib,2306,237,1243,504,0.8125361231624407,1.8631085001691057,1.7422830408156036,1.9050870664967678
HT-29,Sonidegib,294,101,1243,504,0.6166073854678235,0.995397257642545,1.1079639870622389,0.9360458582535555
HT-29,TAK-733,695,142,1243,504,0.8779241391561429,1.9072424524437486,1.8246866560442014,1.836642937846928
HT-29,TAK-901,396,168,1243,504,0.9401388521974426,3.9693630593657168,3.2846065898497105,3.7256047489335096
HT-29,Temuterkib,992,276,1243,504,0.8319771840012768,1.314440374450664,1.2393954036589752,1.2767077190450513
HT-29,Tomivosertib,847,257,1243,504,0.8959978431082729,1.4162964669396338,1.5308742691295962,1.4175830930834674
HT-29,Torkinib,311,149,1243,504,0.732355806165455,1.1663994064275032,1.3193578686904732,1.1557660823292841
HT-29,Trametinib,1512,198,1243,504,0.879608736994072,1.9440369874041585,1.9222268506997529,1.95212152634645
HT-29,Tubulin inhibitor 6,572,185,1243,504,0.7768697821642501,1.0241990552790645,1.153910351907733,1.000812815135191
HT-29,Tucatinib,1575,459,1243,504,0.7736463897888474,1.0632895014149804,0.9931260305739764,1.009922420231069
HT-29,ULK-101,396,122,1243,504,0.7320449839245329,1.2249488766193273,1.3875340343553537,1.192092559326168
HT-29,Vemurafenib,1360,280,1243,504,0.8207812038440621,1.5503911127980718,1.6398008163462243,1.5511745467824365
HT-29,Volasertib,462,154,1243,504,0.6370392411703907,0.8748413709150309,1.0009805711880182,0.8368703335049593
HT-29,XRK3F2,2102,319,1243,504,0.8764234968892121,1.529496755731978,1.5056788299837673,1.5603986143626194
HT-29,c-Kit-IN-1,492,172,1243,504,0.8675416688079696,2.056232015029106,1.9482059355158319,1.967884488469092
HT-29,olaparib,516,172,1243,504,0.5018900658958827,0.9111456979438168,1.3503004690278853,0.8896340680523763
HT-29,palbociclib,779,122,1243,504,0.5281768141163472,1.2363525141223661,1.394580474736649,1.203619683993214
HT-29,venetoclax,494,204,1243,504,0.8719004321383718,2.1596743646387857,2.110662713113888,2.0888223133759585
HT-29,vincristine,292,180,1243,504,0.8969667153236213,2.149058695292563,2.0405380680175536,2.080580510137954
HepG2/C3A,9-ING-41,1357,139,568,51,0.6118676739622938,1.4597698376072408,1.8199391826079263,1.4325111721865247
HepG2/C3A,APTO-253,538,72,568,51,0.4167121102341156,1.3716970397753245,1.7610286531186141,1.3121215316268973
HepG2/C3A,AZD-8055,830,73,568,51,0.691325385122741,2.0208261571711135,2.2482717607796325,1.9875577067416499
HepG2/C3A,Abemaciclib,612,62,568,51,0.6451754846669518,1.8331917084735505,2.3908556959576557,1.8177377458554214
HepG2/C3A,Afatinib,1279,109,568,51,0.8227679772369108,2.63465628652586,2.53217928827381,2.59328845987564
HepG2/C3A,Anastrozole,401,61,568,51,0.5550097636811773,1.2164062154038024,1.8721012364434089,1.2224624167151075
HepG2/C3A,BAY1125976,2191,126,568,51,0.8111968729135696,2.5607127600990265,2.4210257728439597,2.527606196812444
HepG2/C3A,BI-3406,571,63,568,51,0.7518199752286457,2.477037134327807,2.62859531056283,2.4351489108924382
HepG2/C3A,BI-78D3,816,80,568,51,0.4742084020240191,1.2188039362891787,1.7242445614516,1.191036085745328
HepG2/C3A,Bentamapimod,721,70,568,51,0.5740442975563443,1.4515356602201739,1.861040352946064,1.4238023011002707
HepG2/C3A,Bimiralisib,1074,86,568,51,0.7796396244010644,2.5494153655757783,2.664090952643944,2.5165752374319057
HepG2/C3A,Brivudine,608,109,568,51,0.8657135970455851,3.022277021566928,2.9506311664299645,2.9864929729484513
HepG2/C3A,Dabrafenib,1987,135,568,51,0.6487081518900414,1.8064977754229998,1.8796513029312276,1.7699902506894447
HepG2/C3A,ERK5-IN-2,1568,103,568,51,0.6829543999715015,1.6955106624887135,1.9884952193098264,1.6801400760334404
HepG2/C3A,EX229,374,51,568,51,0.8429082739019244,2.956495524375455,2.9627418476944802,2.922127733087149
HepG2/C3A,Encorafenib,1858,154,568,51,0.8014027627424225,2.4739015274315608,2.46140216830711,2.4388866569335095
HepG2/C3A,Everolimus,1160,108,568,51,0.40803935631106464,1.089191150282314,1.63125525578638,1.0608223090032216
HepG2/C3A,GSK1059615,1555,160,568,51,0.8691229897010996,2.7949076537447795,2.7915471000590206,2.767308615637018
HepG2/C3A,Gemcitabine,600,70,568,51,0.5313156619712596,1.2427348991622902,1.8281839810090919,1.2302773648621146
HepG2/C3A,Infigratinib,541,69,568,51,0.6531456461111491,1.8480648283643482,2.052186260934558,1.8081920664715359
HepG2/C3A,Ipatasertib,828,106,568,51,0.7706304050740969,2.1377065763911363,2.269782051079706,2.1064407456496013
HepG2/C3A,Irinotecan,847,108,568,51,0.6562967620212022,1.4857315801560063,2.011843777307023,1.494568006087964
HepG2/C3A,Lapatinib ditosylate,749,70,568,51,0.45151841767074985,1.2275030160074856,1.7506087642579398,1.197032820469629
HepG2/C3A,MK-3903,354,58,568,51,0.717870629107935,1.9295837854516715,2.4236653984346113,1.9301735743385517
HepG2/C3A,ML264,795,73,568,51,0.6164636764302883,1.5248991693505252,1.9400462704186994,1.5027537923513028
HepG2/C3A,NG25,324,53,568,51,0.8145648588463339,3.1110755203550085,2.996524479888242,3.039070128839784
HepG2/C3A,PH-797804,615,70,568,51,0.7673515379959928,2.140857255980753,2.5781205872746513,2.135895850540439
HepG2/C3A,Paclitaxel,1847,197,568,51,0.6031836450913935,1.6757654008254363,1.8697840450910335,1.6298115687168104
HepG2/C3A,RMC-6236,1300,95,568,51,0.7868410210148444,2.742983157506237,2.511775936398081,2.6926196831189597
HepG2/C3A,Regorafenib,438,63,568,51,0.6414859779121571,1.903989523958093,2.1209090115855807,1.8495790867129944
HepG2/C3A,Sapanisertib,2156,149,568,51,0.7601416975663557,2.313473574061057,2.257761087703005,2.2768319247586013
HepG2/C3A,TAK-901,1359,173,568,51,0.9512842642185991,5.030472135563923,4.794538603495537,4.9871677140247
HepG2/C3A,Temuterkib,641,82,568,51,0.6912357388207677,1.6139706407886514,2.071072538923562,1.6073061420803199
HepG2/C3A,Tomivosertib,417,65,568,51,0.5913732035836889,1.5376115583033485,1.9237611448149634,1.5111114408161013
HepG2/C3A,Trametinib,670,61,568,51,0.8478071033227306,2.7057893254790453,2.8238804477143464,2.68271834954112
HepG2/C3A,Tucatinib,821,85,568,51,0.6860528309173667,1.5408471333842326,1.9411960755225637,1.5257360721455806
HepG2/C3A,Vemurafenib,845,111,568,51,0.5264588219970676,1.402006915066654,1.7651333723736464,1.3565109941722355
HepG2/C3A,XRK3F2,1192,102,568,51,0.5904916534258772,1.8774444880521177,2.07835153409055,1.8314212169542872
HepG2/C3A,olaparib,308,57,568,51,0.4080097139264523,1.2620927976325778,2.1626517190163,1.263084726633396
Hs 766T,9-ING-41,647,173,463,171,0.6384507026942099,1.1737766332525992,1.3551417842733255,1.1385040974951397
Hs 766T,APTO-253,331,62,463,171,0.4840050748244648,1.465383205736563,1.5725540355025225,1.3473737351149735
Hs 766T,AT7519,318,117,463,171,0.366839149495553,0.850545264327508,1.0799678518302944,0.7768417373813068
Hs 766T,AZD-7648,156,58,463,171,0.7696261198050693,2.227088231301356,2.3732351839865355,2.1577100252497914
Hs 766T,AZD-8055,469,101,463,171,0.7836889070359289,2.2902039636732607,2.5435054707137974,2.2910411670209685
Hs 766T,AZD1390,204,61,463,171,0.5284381272035107,1.3733402246572193,2.151933760797329,1.3789824855048796
Hs 766T,Abemaciclib,245,81,463,171,0.7687556520290262,2.2238508925082954,2.3507597051338003,2.1483261614474882
Hs 766T,Adagrasib,140,58,463,171,0.2899994182339748,1.0004995745729603,1.3836837889518432,0.912636803627655
Hs 766T,Afatinib,722,144,463,171,0.7905086995201912,1.9613379530515127,2.1407405311845022,1.9570737963191034
Hs 766T,Anastrozole,311,122,463,171,0.3972290887970678,0.8960163236042821,1.1657436757171626,0.8332679606547281
Hs 766T,BAY1125976,620,77,463,171,0.7548393051472055,2.56572049875575,2.374117285885756,2.4730500914590046
Hs 766T,BI-3406,463,123,463,171,0.7820014303807797,2.0835794671748356,2.2416947493932478,2.0612304086692195
Hs 766T,BI-78D3,526,174,463,171,0.51818165762776,0.9305346239672218,1.1268076131998155,0.877229530050471
Hs 766T,Bentamapimod,387,124,463,171,0.5294892247831828,1.086591791703753,1.2506051233912667,1.009119992739011
Hs 766T,Bimiralisib,874,165,463,171,0.8526243843709287,2.604734893533877,2.6705754811697684,2.6079838437936544
Hs 766T,Brivudine,605,226,463,171,0.8393915406713894,2.161558981202989,2.362505528196509,2.1416813379325963
Hs 766T,CP21R7,155,75,463,171,0.3199580547433593,1.0077726591640315,1.2384633139434411,0.9010865124098159
Hs 766T,Capivasertib,150,59,463,171,0.4117269665756458,1.078452543998462,1.3824533903744354,1.001744120840765
Hs 766T,Celecoxib,197,76,463,171,0.2923250996060153,0.9741582938871576,1.2555851466761043,0.8737634980692968
Hs 766T,DT-061,148,70,463,171,0.6662650310246915,1.6571890843205823,2.02023977059031,1.6198725644840504
Hs 766T,Dabrafenib,1299,178,463,171,0.7431206237126241,1.8470868307342627,1.7158868372222682,1.7486672738257818
Hs 766T,ERK5-IN-2,852,162,463,171,0.6483563764316195,1.4916474659481602,1.4595676594503484,1.4171861430074775
Hs 766T,ETC-206,268,104,463,171,0.20801265721957554,0.8666318775055458,1.1493790987722852,0.761044706850689
Hs 766T,Encorafenib,1016,200,463,171,0.7072959178689977,1.635028121621618,1.7762121215663795,1.611024227868606
Hs 766T,Erdafitinib ,320,108,463,171,0.37536554357452734,1.04989275892516,1.2178863315322228,0.9437068107936198
Hs 766T,Everolimus,723,286,463,171,0.4841468785126804,0.8564187298760024,1.1166542233658265,0.8179595048147942
Hs 766T,GSK1059615,856,180,463,171,0.8476854088662744,2.4153727831027867,2.5771316301169054,2.4116410684637124
Hs 766T,Gemcitabine,399,151,463,171,0.398916830874909,1.0299369987837228,1.3216574732027189,0.9520145156866158
Hs 766T,HI-TOPK-032,162,91,463,171,0.7543827931606631,1.9866230953202162,2.1619497130275454,1.9555752299164197
Hs 766T,Infigratinib,421,126,463,171,0.5990869073962373,1.2813833180876282,1.7498583259796499,1.2660053416889279
Hs 766T,Ipatasertib,694,183,463,171,0.638856503758765,1.2028876944739348,1.4165632558873849,1.1694995218207462
Hs 766T,Irinotecan,461,216,463,171,0.5754761190217025,1.1743030243498016,1.204266863944711,1.0823088443073094
Hs 766T,LB-100,271,105,463,171,0.3310673039817814,0.9188444633336723,1.1263942844756076,0.8221360353469201
Hs 766T,LJI308,184,70,463,171,0.4154198582422937,0.9481221423149675,1.455128347854996,0.9275599627931251
Hs 766T,LY2090314,346,152,463,171,0.4233082039540979,1.0236414854076,1.09866919089079,0.9150568299627244
Hs 766T,Lapatinib ditosylate,445,181,463,171,0.45415505459437755,0.8742298953264183,1.0597139536214022,0.8103873832728815
Hs 766T,MK-8353,187,70,463,171,0.32604268927254876,1.016883550758149,1.3110894242621143,0.9217222689738768
Hs 766T,ML264,420,125,463,171,0.5621139071129074,1.0708782731736104,1.3226542760296895,1.024154544521812
Hs 766T,Methylprednisolone succinate,155,77,463,171,0.2866328037182444,1.0860363860291393,1.4038213285406094,0.9777138868246369
Hs 766T,Minodronic acid,242,111,463,171,0.3303505557947553,1.0500100016703076,1.2507104310486812,0.9413248458755221
Hs 766T,NG25,218,88,463,171,0.7072775367067895,2.0664011563091345,2.646906047861289,2.083384049628184
Hs 766T,NVP-BHG712,257,73,463,171,0.39274356764574914,0.9174356892303407,1.3489016160126652,0.8600000264722694
Hs 766T,OTS514,89,53,463,171,0.5434419832031679,1.6674014025004642,1.690554644385378,1.4866951552608834
Hs 766T,Oleic acid,194,73,463,171,0.3482639411805291,0.9706360497669477,1.2756631940357732,0.8898794763862118
Hs 766T,Oxaliplatin,223,96,463,171,0.44994534569871697,1.1106133767489337,1.1959215040617168,1.001659427681245
Hs 766T,PH-797804,328,85,463,171,0.8149511702361422,2.4691858169243965,2.3372085299499386,2.355158441156389
Hs 766T,Paclitaxel,1059,258,463,171,0.7526243138508428,1.428914805925037,1.5048464628133988,1.4020735671718079
Hs 766T,Pemigatinib,226,55,463,171,0.49832430987477794,1.442878650689279,1.7888624130926933,1.3716698090548092
Hs 766T,RMC-6236,917,215,463,171,0.8515868929078096,2.2515483252023154,2.357223808025997,2.2496603589656115
Hs 766T,Ralimetinib dimesylate,366,142,463,171,0.5287493453424559,1.0969073453013582,1.2489360204185354,1.0201860042717636
Hs 766T,Regorafenib,266,125,463,171,0.7135473654664509,1.4879602704004486,1.78577917045782,1.469403852474121
Hs 766T,Sapanisertib,1000,136,463,171,0.792566771040765,2.1690509411067724,2.2801208910889574,2.167987542990031
Hs 766T,TAK-901,738,111,463,171,0.9050880318293092,4.711167979617708,4.290475794640536,4.5840013983195895
Hs 766T,Temuterkib,434,135,463,171,0.6021888715522872,1.1506688352539631,1.2711809755417252,1.0781506270698296
Hs 766T,Tomivosertib,378,100,463,171,0.5810070199838232,1.2381670630181443,1.7074070644359383,1.2256429100807698
Hs 766T,Trametinib,313,65,463,171,0.7964794565244303,2.1177596748350016,2.5318367608500933,2.150602304640398
Hs 766T,Tubulin inhibitor 6,184,68,463,171,0.3700555151915025,1.0857092585735773,1.4350998284986427,1.002788181984683
Hs 766T,Tucatinib,536,231,463,171,0.5134715173057474,1.0227905446954293,1.0356226216345052,0.9234564862215904
Hs 766T,Vemurafenib,581,163,463,171,0.7741919870855442,1.5652648104728606,1.7676686584676524,1.5595702834956282
Hs 766T,Volasertib,150,56,463,171,0.37954414387791746,1.1165992757337795,1.4324784166981046,1.0268521310282013
Hs 766T,XRK3F2,474,120,463,171,0.7751517692926,1.8069629921055272,2.0735632798443087,1.8140380604088
Hs 766T,olaparib,123,53,463,171,0.4438546498976195,1.4293284980406744,1.522590716632612,1.2818685147355275
Hs 766T,palbociclib,297,67,463,171,0.6751306034978988,2.1273146110829706,2.396375638899531,2.0844178171339665
Hs 766T,vincristine,113,66,463,171,0.6030960281336544,1.4775359309980778,1.7439731613136233,1.4569979234243764
J82,4EGI-1,226,358,567,1177,0.7815955624365414,1.8581113173692854,1.8838038216301831,1.740512109697246
J82,9-ING-41,436,1216,567,1177,0.7870744207877965,1.3407985163206015,1.0293383757364447,1.0912445025112119
J82,APTO-253,317,513,567,1177,0.6352060478542121,0.9655980367150644,0.8838311610941929,0.813607204720465
J82,AT7519,367,617,567,1177,0.6798967660564176,0.8280468749043537,0.8253957314691847,0.7598429878221725
J82,AZD-7648,159,405,567,1177,0.7736218931216747,1.3197624788694984,1.226222728474008,1.2100468205523736
J82,AZD-8055,547,713,567,1177,0.8575596982442079,1.7567750411394973,1.5406003414340792,1.5416318917968252
J82,AZD1390,300,592,567,1177,0.43562209951595166,1.3130476916258718,1.8911006084182438,1.4935343154946652
J82,AZD2858,72,145,567,1177,0.5770893627574342,1.3600442563945045,1.0690708019219768,1.0395883226053317
J82,Abemaciclib,79,341,567,1177,0.8903013541795796,2.1831345418404307,2.0789630567758604,2.1061895717304453
J82,Adagrasib,166,403,567,1177,0.6607305359566764,0.9846969789576755,0.8805487188245534,0.851480018579338
J82,Afatinib,644,875,567,1177,0.9211534909209859,1.907625162605155,1.8816603471555682,1.823967639356206
J82,Alpelisib,236,534,567,1177,0.8482984119160586,1.5362291295880564,1.4352539244822422,1.4252564428873347
J82,Anastrozole,272,666,567,1177,0.7281554245765177,1.0265284567165913,0.8473273974053587,0.8582806307490398
J82,BAY1125976,521,586,567,1177,0.8837084413980331,1.9662350625890455,1.7098386886484995,1.757591442867272
J82,BI-3406,601,1062,567,1177,0.9195024450395148,1.8653116642251912,1.800683082429857,1.7830166841567914
J82,BI-78D3,327,600,567,1177,0.7467521661038337,1.0173179594903061,0.969471815314818,0.9194430167925078
J82,Belumosudil (mesylate),261,400,567,1177,0.8729246225837769,1.7114163529341342,1.54296681728842,1.534557874340913
J82,Belzutifan,61,424,567,1177,0.7246355153202008,1.8536012614587771,1.3008822715122552,1.4214463695239135
J82,Bentamapimod,192,522,567,1177,0.6819913137572327,1.1879552535359459,0.9869221728999347,0.9945856650340148
J82,Bimiralisib,1281,1262,567,1177,0.9388069788128514,2.6903239310214793,2.5433542429692806,2.536691347339176
J82,Binimetinib,193,385,567,1177,0.8800327974485557,2.0785112830661183,1.9007122146851494,1.9029600775044886
J82,Brivudine,556,1095,567,1177,0.917876492379312,2.6589118684686506,2.4261937038840826,2.4533560307813955
J82,CP21R7,166,343,567,1177,0.6868783965164736,1.308917744879904,0.9770941426864481,1.0004970728351972
J82,Capivasertib,129,309,567,1177,0.6894080467583484,1.2408511549417693,1.1022569628987395,1.077536879229423
J82,Capmatinib,164,370,567,1177,0.8094004793198856,1.5060064170123917,1.301308603618069,1.3106038238640965
J82,Celecoxib,219,581,567,1177,0.7207223055787588,1.016457510813989,0.8372173425859449,0.851803410038372
J82,DT-061,138,463,567,1177,0.748104626276706,1.359090206694365,1.1224857967912647,1.1643903486894804
J82,DTP3,257,424,567,1177,0.8386949393293301,1.6441502714242466,1.3733052640692385,1.3965452583201603
J82,Dabrafenib,857,1108,567,1177,0.8161031659589633,1.1857104825798348,1.1350085933732044,1.1119207342476745
J82,ERK5-IN-2,454,790,567,1177,0.8495250789837174,1.3117690668729087,1.260806706200894,1.2282877360468771
J82,ETC-206,276,657,567,1177,0.6826870345161483,0.9979353426194624,0.8523743577928938,0.8411737371503414
J82,EX229,98,181,567,1177,0.8389658147955119,2.365586237699234,1.7677302096105854,1.8936044070219082
J82,Elimusertib hydrochloride,141,252,567,1177,0.8686246423303998,1.9732501927244286,1.8683339320330148,1.8388344236720038
J82,Encorafenib,645,925,567,1177,0.9075358619874602,1.4608578027141947,1.482610730409364,1.4283549679490941
J82,Erdafitinib ,190,462,567,1177,0.6494836469122699,0.9751649755228243,0.9241210717672269,0.8762365915546099
J82,Everolimus,660,1386,567,1177,0.7843140058777909,0.8345139017219264,0.8029429322154911,0.7742242898314698
J82,Futibatinib,147,415,567,1177,0.7160723722618024,1.1765536643860226,1.097761918103691,1.0711831125627609
J82,GSK1059615,414,1273,567,1177,0.9224581809591442,2.330941615959063,2.0820993879877188,2.129110405514541
J82,Gemcitabine,269,678,567,1177,0.6840399367148358,1.1766018886246112,1.1689351392510012,1.1136783992197967
J82,HI-TOPK-032,92,543,567,1177,0.8140503115649342,2.3571526993468335,2.14469209913412,2.2122360568657666
J82,Hydroxyfasudil,154,285,567,1177,0.8327483593643313,1.6132232048246251,1.4914888377867594,1.4633556179509264
J82,IQ 1,151,263,567,1177,0.7457826610837843,1.383198545657376,1.2910274837813147,1.227596308404106
J82,Infigratinib,283,549,567,1177,0.8143150795307963,1.3754010185751973,1.4833551163931666,1.3844457733580144
J82,Ipatasertib,395,692,567,1177,0.8987361801857231,1.5855178075078404,1.423605572107116,1.431622700367727
J82,Irinotecan,248,788,567,1177,0.666810842161014,1.25329426896661,1.5697761986315533,1.4602980739015037
J82,Ixazomib,168,395,567,1177,0.8943661936528137,2.4420983473364393,2.1503357816162323,2.1952078385436624
J82,LB-100,337,608,567,1177,0.5955065625169871,0.8444887600088176,0.791543950178931,0.7231344165071788
J82,LJI308,195,366,567,1177,0.8828721574533923,1.7366562803058874,1.5080542980098564,1.5364149294656837
J82,LY-2584702 (tosylate salt),58,193,567,1177,0.7034044181316977,1.8330290732297811,1.4285807152970698,1.4637677315741602
J82,LY2090314,283,794,567,1177,0.6986070970405861,1.0239513361009387,0.9099241576103938,0.9077061207111407
J82,Lapatinib ditosylate,406,871,567,1177,0.7664640643618713,1.0145176471922466,0.8324798367449364,0.8434323457894818
J82,Lonafarnib,78,187,567,1177,0.8531165350194695,2.5715518411000104,2.1977481817218116,2.239585287744301
J82,MK-3903,306,445,567,1177,0.8504498945288254,1.630499265070123,1.4529327645244952,1.4406602552642764
J82,MK-8353,144,302,567,1177,0.6447530982174863,1.1551889467522578,0.9096802519089531,0.9033731418309895
J82,ML264,304,604,567,1177,0.7623164469173899,1.1172209365634762,0.9988641034908254,0.9780762564093594
J82,Methylprednisolone succinate,219,445,567,1177,0.7399051564341663,1.1045462318756505,0.9045911210767321,0.9076113673941201
J82,Minodronic acid,253,592,567,1177,0.6918296475956975,1.0272578743766354,0.9138308271070396,0.8902286801771891
J82,NG25,136,857,567,1177,0.7417934313375784,2.4055715047623125,2.9336596817577347,2.930543136136751
J82,NVP-BHG712,161,333,567,1177,0.6756179880850356,1.124645156535544,0.9825041504544942,0.9488888300477246
J82,OTS514,113,326,567,1177,0.775762104237232,1.5995467164438189,1.3471529453404627,1.3731149543140866
J82,Oleic acid,193,399,567,1177,0.561439991241193,1.013392010450494,0.8627851597810903,0.8139858711008118
J82,Oxaliplatin,217,516,567,1177,0.7473931209064337,1.2516027329608266,0.9971629499540402,1.020962728998753
J82,PF-06260933,87,178,567,1177,0.48245756486312835,1.5358934607805754,2.0343678739072146,1.6688103909838061
J82,PH-797804,227,288,567,1177,0.8501466750632793,1.7409065402281967,1.699720502840162,1.6340558150540718
J82,Paclitaxel,385,1129,567,1177,0.8003526194186998,1.3342691893800331,1.1880767717697738,1.2071737066320987
J82,Pemigatinib,270,463,567,1177,0.6508645847587797,1.1102456552013928,0.8837857913290461,0.8647070179016487
J82,Pimitespib,123,276,567,1177,0.7057933142297104,1.2300582914879532,1.0432759496818373,1.0296144036865411
J82,Pralsetinib,125,233,567,1177,0.8133215750663598,1.8169166909706307,1.7185112984136341,1.6645961431871032
J82,RMC-6236,987,1366,567,1177,0.9237131872023953,2.3357251953044638,2.1706630493593417,2.186334879153161
J82,Ralimetinib dimesylate,205,448,567,1177,0.7690055915962188,1.1298559248005045,1.0487400348661597,1.0218599729969102
J82,Regorafenib,224,475,567,1177,0.8080899438962549,1.4799325427860346,1.3210813439569546,1.3137922541409197
J82,SBI-0640756,136,248,567,1177,0.7476118129290017,1.4544422419417569,1.175356198735222,1.189035092245684
J82,Sapanisertib,692,732,567,1177,0.9102913210798665,2.0100189320449817,1.7776464443862485,1.8299422220245163
J82,Sonidegib,117,314,567,1177,0.8409070755651109,1.79938667623716,1.7822917337939468,1.7511955050193084
J82,TAK-733,109,384,567,1177,0.8800196459417855,2.1017750459437656,1.8128666694861209,1.861578323908472
J82,TAK-901,475,513,567,1177,0.96139541156997,4.729121867983114,4.350163173033231,4.450789206561109
J82,Temuterkib,347,665,567,1177,0.8130241998473717,1.0821999222587109,1.0773214692939723,1.0302851687942
J82,Tomivosertib,322,631,567,1177,0.7744390183644604,1.0621692490482715,1.18687653513445,1.0867746286769293
J82,Trametinib,968,1104,567,1177,0.9427981076230862,2.5251697138473457,2.4671270083000616,2.4273660239288364
J82,Tubulin inhibitor 6,162,360,567,1177,0.7086181697498203,1.1675339226198373,1.0189657179468277,1.0005478259977891
J82,Tucatinib,383,899,567,1177,0.7449780620572075,0.9598404635001508,0.8314870672089429,0.8228582194716514
J82,ULK-101,162,354,567,1177,0.7087713085824785,1.1297479389833747,1.0113400479876729,0.9812366209577627
J82,Vemurafenib,443,812,567,1177,0.7366150375150372,1.0005697311784758,0.9448055063855744,0.8964835300391308
J82,Volasertib,116,221,567,1177,0.5079315607048389,1.017721318286928,0.9323798133851694,0.8384954754725185
J82,XRK3F2,471,713,567,1177,0.8392273258755523,1.312897352900401,1.2232041685567305,1.1929961685783368
J82,c-Kit-IN-1,88,231,567,1177,0.8766671183396935,2.4895828303022824,2.092439057325344,2.1532948217998635
J82,olaparib,183,345,567,1177,0.8456282873820442,1.623909079827969,1.4310529441677307,1.434720528983198
J82,palbociclib,203,450,567,1177,0.8437381017860248,1.3953949424086824,1.2443827088907204,1.2512950508677843
J82,venetoclax,102,343,567,1177,0.9136949247719472,2.449136027285846,2.2152271085581328,2.2523655950610864
J82,vincristine,105,387,567,1177,0.7550831992819516,1.4106608955429492,1.3870927223900447,1.3803765309398606
KATO III,4EGI-1,433,220,1004,679,0.7485946032306939,2.1708722427712654,1.8112199299378524,1.9384367889603242
KATO III,9-ING-41,1312,800,1004,679,0.7654541177390198,1.1805983919495626,1.0302360710860674,1.0625328698705725
KATO III,APTO-253,611,283,1004,679,0.7781108855678215,1.3891867038720582,1.298924275906099,1.3150224827387473
KATO III,AT7519,903,395,1004,679,0.7729975459351355,1.0292935701498016,1.165056145585341,1.0458492635876766
KATO III,AZD-7648,346,232,1004,679,0.7892291852441681,1.4775613100253786,1.3049924211341322,1.3366476154917488
KATO III,AZD-8055,1165,408,1004,679,0.8543632297252006,2.002444450416138,1.5329924495516285,1.8323436791544432
KATO III,AZD1390,538,236,1004,679,0.5401549745146522,1.309046260268912,1.4923620953138257,1.2231025001912967
KATO III,AZD2858,246,134,1004,679,0.6652278019587421,1.1603119151110521,1.1514458947509552,1.069535256591227
KATO III,Abemaciclib,955,338,1004,679,0.8521058524054598,1.9344948743200259,2.100062814131482,1.9255535792651954
KATO III,Adagrasib,349,271,1004,679,0.6786133149451065,0.7937593811708088,0.938307364397187,0.7787068548962488
KATO III,Afatinib,1498,636,1004,679,0.9036953667898453,1.9573323255221566,1.8620057448322362,1.904939206121894
KATO III,Alpelisib,592,236,1004,679,0.7980164595644825,1.912441734394082,1.5873531512356085,1.7607294893427947
KATO III,Anastrozole,556,344,1004,679,0.7673689563605678,1.0226772941150792,0.944829475614004,0.9395529428313709
KATO III,BAY1125976,1963,548,1004,679,0.8598740236506297,1.8630780670135834,1.6263085668153834,1.7814582767915021
KATO III,BI-3406,1341,412,1004,679,0.8124328818277151,1.760834574895953,1.5736229424726014,1.6858719524676082
KATO III,BI-78D3,1179,580,1004,679,0.8516029778721663,1.0635405764235555,1.0187477220840866,1.0344274285539217
KATO III,Belumosudil (mesylate),506,156,1004,679,0.8700600691717768,2.069184340520263,2.078602155767489,2.0682784575975015
KATO III,Belzutifan,470,95,1004,679,0.761598486446976,1.8717046590479067,1.5825453481480423,1.7229126799949293
KATO III,Bentamapimod,863,612,1004,679,0.8829941230859095,1.546413192809209,1.4686508925571253,1.471346663942047
KATO III,Bimiralisib,2508,704,1004,679,0.9131210546433873,2.274180256453642,2.0340317683193163,2.2109231976324932
KATO III,Binimetinib,565,240,1004,679,0.8251022112982697,1.8376301324147006,1.6665233898108207,1.7139410242698743
KATO III,Bortezomib,351,106,1004,679,0.9218759292863824,3.440977534976715,3.584621991775792,3.4188222462361533
KATO III,Brivudine,946,988,1004,679,0.9128569919776122,2.2552554787467063,2.453426238157753,2.3128314815688826
KATO III,CP21R7,417,172,1004,679,0.8100051057967569,1.7639108436718738,1.7459742748810878,1.7098829033702543
KATO III,Capivasertib,426,292,1004,679,0.7423105173768998,0.9984492700583978,1.0227559642391248,0.9437052823392769
KATO III,Capmatinib,480,224,1004,679,0.8131637743379677,1.3514826713048347,1.4096030901483412,1.314163575417387
KATO III,Celecoxib,388,309,1004,679,0.6611082638490539,0.9446494085750944,0.8605037411195613,0.8328012328269214
KATO III,DT-061,340,261,1004,679,0.7592923860561782,1.126552816634028,1.0919047307274432,1.0495816808148684
KATO III,DTP3,361,197,1004,679,0.7757863375901516,1.4503383825313376,1.3807904421967856,1.3436896337486328
KATO III,Dabrafenib,2293,648,1004,679,0.84336519124563,1.514140535709509,1.417124950855583,1.5117407132510636
KATO III,ERK5-IN-2,1691,637,1004,679,0.8725540273883796,2.2545444519899718,1.87669286853193,2.119834996790596
KATO III,ETC-206,547,381,1004,679,0.648417470850005,0.8854988725341354,0.8743991793742267,0.8029622439797197
KATO III,EX229,816,152,1004,679,0.8708181803165898,2.0357133258634117,2.1432130206225395,2.01469267903989
KATO III,Elimusertib hydrochloride,429,136,1004,679,0.7825572210295859,1.7470592631537467,1.699557856439281,1.668095499452405
KATO III,Encorafenib,2227,1067,1004,679,0.8756903662891916,1.5635807566832707,1.5231781407201928,1.5209703036084046
KATO III,Erdafitinib ,817,395,1004,679,0.6969346750098655,1.165380354748118,1.0761358529256284,1.0648927248817797
KATO III,Everolimus,1343,917,1004,679,0.8020736280540302,1.0480472036653885,1.0089880995332068,0.9822702657817243
KATO III,Futibatinib,355,146,1004,679,0.6828665888464907,1.5310439627984815,1.1284580158664654,1.3152588991785503
KATO III,GSK1059615,1856,897,1004,679,0.8697166736965858,1.9995258836557772,1.9214360938948034,1.9296688029662616
KATO III,Gemcitabine,1039,611,1004,679,0.706808042665954,1.0605349138313276,1.0303262115819996,0.9735150680337689
KATO III,HI-TOPK-032,246,279,1004,679,0.8726437819484539,1.9177244961502622,1.9121106000272419,1.8518295123008122
KATO III,Hydroxyfasudil,299,154,1004,679,0.8346078244294479,1.8950969756392473,1.8477222919094132,1.8170773270012455
KATO III,IQ 1,522,187,1004,679,0.7880276798477995,1.390973939346454,1.4721875264345265,1.3844424549725192
KATO III,Infigratinib,890,408,1004,679,0.7836162130320291,1.5223000231532038,1.6090651483457417,1.4801293458302256
KATO III,Ipatasertib,1543,670,1004,679,0.898821711677985,2.309623840897724,2.1505325347858673,2.2262168830712206
KATO III,Irinotecan,838,705,1004,679,0.7418153488326008,1.1490216617352207,1.1520709492188401,1.0861778708515504
KATO III,Ixazomib,496,170,1004,679,0.8460602216758023,2.2876407736811997,2.1713254270489055,2.196721342352368
KATO III,LB-100,498,273,1004,679,0.7570764850599239,0.9966894727240533,0.9679053661655914,0.9392004636442992
KATO III,LJI308,450,211,1004,679,0.8117798355120341,1.8497687917499845,1.8418246347296088,1.793611632950649
KATO III,LY-2584702 (tosylate salt),151,64,1004,679,0.7739935398651285,1.986524391233752,2.068409778395021,1.9244519756089762
KATO III,LY2090314,645,468,1004,679,0.7190003627019128,1.0978020645201263,0.9589581877787747,0.9711623099759521
KATO III,Lapatinib ditosylate,1133,663,1004,679,0.7362027678848799,1.16778021111634,1.006970154355685,1.0373434789157323
KATO III,MK-3903,504,211,1004,679,0.8170926782046681,1.6079427990942134,1.5710388000390942,1.5446049969713234
KATO III,MK-8353,502,306,1004,679,0.6319603114542602,1.0432657057055648,0.9060582566459486,0.905887623817945
KATO III,ML264,994,512,1004,679,0.8651158617521759,1.27334062163631,1.2266205313324174,1.2396861772115344
KATO III,Methylprednisolone succinate,373,242,1004,679,0.7181177282600868,0.9669924909438556,1.1102551272957204,0.9501106764944277
KATO III,Minodronic acid,542,351,1004,679,0.7458051858582693,0.9695852204022445,0.9066825351440548,0.8868353713548787
KATO III,NG25,526,415,1004,679,0.8909754666866018,2.4504791271337365,2.505689648025204,2.4164225025070625
KATO III,NVP-BHG712,567,341,1004,679,0.8369766162769197,1.312195992774375,1.2937192166376135,1.2528308509166415
KATO III,OTS514,265,160,1004,679,0.6337552882985329,1.6881753144657867,1.320612099996475,1.4186912003637646
KATO III,Oleic acid,394,261,1004,679,0.7201619345931826,0.9579824333899629,1.0554512784787458,0.9267622236806031
KATO III,Oxaliplatin,566,394,1004,679,0.7892238318791254,1.0523442123991555,1.106039485690406,1.0181590739088104
KATO III,PF-06260933,266,212,1004,679,0.8572866345230185,1.9257935449530315,1.8589404915953063,1.820702200216456
KATO III,PH-797804,552,392,1004,679,0.9377650792010812,2.655953750828237,2.7984420607419223,2.674375122560599
KATO III,Paclitaxel,1491,1076,1004,679,0.8625556294355589,1.5172167851836906,1.2470758958268535,1.3547314560546622
KATO III,Pemigatinib,611,305,1004,679,0.7840202890369755,1.238795778521877,1.1724489533096816,1.1666893001539027
KATO III,Pimitespib,219,144,1004,679,0.5935400430711634,0.9675390032952821,1.0785457677155932,0.9057565859949767
KATO III,Pralsetinib,226,144,1004,679,0.7505323545694661,1.5732811015898571,1.5191557067539572,1.455965319419248
KATO III,RMC-6236,2173,475,1004,679,0.8308148728101994,2.061146770426406,1.7564855297795228,2.002704008337783
KATO III,Ralimetinib dimesylate,695,469,1004,679,0.8596679998350552,1.4962748812780229,1.3461597781574057,1.3876058731857535
KATO III,Regorafenib,603,346,1004,679,0.8905146017906431,2.143525731108358,2.0417480359804654,2.053180418872685
KATO III,SBI-0640756,257,215,1004,679,0.8410607995425594,1.3419302937477504,1.4774344623292806,1.3338966061601834
KATO III,Sapanisertib,2107,613,1004,679,0.8755832295736484,1.9134290163912397,1.6460038306879559,1.8555770437996473
KATO III,Sonidegib,248,130,1004,679,0.857104794368573,1.7923700597796892,1.915535487522861,1.7842292881512456
KATO III,TAK-733,631,172,1004,679,0.9010330404385002,2.1982488345811366,2.1372385302869294,2.14639244338667
KATO III,TAK-901,462,305,1004,679,0.9628147402579567,4.172805155222074,4.149418807027587,4.125744662317286
KATO III,Temuterkib,752,396,1004,679,0.7776491550432278,1.2688295766034563,1.1358334819448737,1.1597261938530723
KATO III,Tomivosertib,828,460,1004,679,0.8992197687385237,1.5927610281059141,1.7178223109079855,1.619396396919113
KATO III,Torkinib,233,182,1004,679,0.746304496991353,1.3178586528393086,1.2965148074875577,1.230625912532585
KATO III,Trametinib,1721,510,1004,679,0.8696083090601396,2.0211550621383694,1.964543003969663,1.9887259931127073
KATO III,Tubulin inhibitor 6,358,267,1004,679,0.6599157966765733,0.96148239667697,0.9645863523504138,0.8767140349358346
KATO III,Tucatinib,1145,765,1004,679,0.7686296121501769,1.0456671011097158,0.9491712615200987,0.9502974284320838
KATO III,ULK-101,352,194,1004,679,0.8208499029962915,1.209281669195146,1.2390398760234287,1.1755882169674
KATO III,Vemurafenib,1188,605,1004,679,0.7945575755907247,1.358813789165383,1.1050897722996216,1.2214891608991743
KATO III,Volasertib,424,193,1004,679,0.6631342682811827,1.0423345927495689,1.0346337505905887,0.9782111482254683
KATO III,XRK3F2,1513,612,1004,679,0.8447223020470118,1.3715843102657614,1.1102280438607801,1.273490036681433
KATO III,c-Kit-IN-1,533,166,1004,679,0.8937875730322421,2.0781474909540396,2.187217387975326,2.0703784071976
KATO III,olaparib,390,222,1004,679,0.8147556920142652,1.9620001248732784,1.8113277151714973,1.8290680573620353
KATO III,palbociclib,919,171,1004,679,0.5742454301046738,1.5403912638743134,1.378549005546264,1.4176617725914498
KATO III,venetoclax,548,259,1004,679,0.9282377765040847,2.3412324077444717,2.3091115249717022,2.2993356699307474
KATO III,vincristine,248,143,1004,679,0.8262264192718428,1.6289823809179687,1.8729069646364254,1.6487318796218806
LOX-IMVI,4EGI-1,463,123,1184,591,0.7441330049950967,1.6469103430649068,1.592326877332736,1.5302775162170552
LOX-IMVI,9-ING-41,1352,475,1184,591,0.7686504141163515,1.222190995817975,1.1838527488249122,1.1655520273779287
LOX-IMVI,APTO-253,763,256,1184,591,0.6116452490055463,0.9377161007048749,0.8816718277617964,0.8580031698333389
LOX-IMVI,AT7519,855,357,1184,591,0.7175623358820798,0.8673886459191738,1.0455586329033502,0.8533111635366859
LOX-IMVI,AZD-7648,508,188,1184,591,0.8022428991646574,1.5035480109354349,1.5245135856048397,1.416339876839222
LOX-IMVI,AZD-8055,1074,266,1184,591,0.779254529922671,1.4774131927288787,1.3022730135258314,1.3824341532668585
LOX-IMVI,AZD1390,641,198,1184,591,0.7222743638184846,1.1821340825541624,1.5660473073218764,1.174237641233115
LOX-IMVI,AZD2858,269,101,1184,591,0.5417772317169042,1.1095863876473528,1.1248779419427979,0.9895154384574703
LOX-IMVI,Abemaciclib,464,204,1184,591,0.8646225177119097,2.352958331958348,2.2588696821166043,2.248562593186539
LOX-IMVI,Adagrasib,436,172,1184,591,0.6119488811651795,0.9959251776351492,1.0279760313460737,0.9075077505843794
LOX-IMVI,Afatinib,1219,279,1184,591,0.8195360038723255,1.7950687907101686,1.6382238007025864,1.7179253918987434
LOX-IMVI,Alpelisib,595,207,1184,591,0.7395409190690093,1.359413954981578,1.2368214133676005,1.2238160533601556
LOX-IMVI,Anastrozole,785,279,1184,591,0.7405989648627799,0.9202074964176343,1.03537289016706,0.8816920198483252
LOX-IMVI,BAY1125976,1236,295,1184,591,0.7981823797511062,1.5643469249328972,1.6453215643006642,1.5679306784447518
LOX-IMVI,BI-3406,1148,488,1184,591,0.8038685256984723,1.1365011981223287,1.0929365788809537,1.0677993275329145
LOX-IMVI,BI-78D3,921,375,1184,591,0.7264199177388521,0.9287441901220425,0.9885564423028419,0.8973727845207401
LOX-IMVI,Belumosudil (mesylate),568,130,1184,591,0.7535988296987468,1.4123183555861518,1.4739688940280014,1.325884165599654
LOX-IMVI,Belzutifan,540,61,1184,591,0.5821392785155024,1.547243482426204,1.7486993370174815,1.463927811051636
LOX-IMVI,Bentamapimod,645,354,1184,591,0.7465595819983174,1.28620672192292,1.2591334483947216,1.2056185115342364
LOX-IMVI,Bimiralisib,1540,255,1184,591,0.9065765772888905,2.3810062821798827,2.222820249185635,2.3175169257517827
LOX-IMVI,Binimetinib,479,90,1184,591,0.7947699203189573,2.054733588534725,1.940366141405287,1.9366227570293628
LOX-IMVI,Bortezomib,228,78,1184,591,0.8962677144453682,3.855884354674768,3.733900835836705,3.7097416621586565
LOX-IMVI,Brivudine,743,447,1184,591,0.885165707148732,2.6019447332233523,2.573300141689358,2.5414993351442057
LOX-IMVI,CP21R7,455,207,1184,591,0.6368700779759575,1.0080958149527424,1.1616585423836716,0.9591669245649341
LOX-IMVI,Capivasertib,498,240,1184,591,0.7090888750269257,1.0666824503231405,1.1349955820214157,1.0111386628705514
LOX-IMVI,Capmatinib,438,138,1184,591,0.773203391821802,2.0072363962405753,1.9277690919457906,1.8790768630835468
LOX-IMVI,Celecoxib,599,276,1184,591,0.6626607988130976,0.9145529384189638,0.8999403878871183,0.8379279230623818
LOX-IMVI,DT-061,432,191,1184,591,0.8126195226240471,1.459104889497926,1.4837194737785258,1.3906877686209937
LOX-IMVI,DTP3,492,224,1184,591,0.8006213399961556,1.4785448226106968,1.3719914283733234,1.3764941773521582
LOX-IMVI,Dabrafenib,1903,366,1184,591,0.7092030560058066,1.4936569105787754,1.4066437000705898,1.491760743155788
LOX-IMVI,ERK5-IN-2,1126,399,1184,591,0.8140922489256744,1.5015178482739957,1.7397792023969996,1.4915562623104084
LOX-IMVI,ETC-206,708,310,1184,591,0.6149405875780635,0.8145146276967974,0.8870055704857166,0.7540579050590664
LOX-IMVI,EX229,567,144,1184,591,0.8146308322077803,2.366005455557411,2.2938611816958194,2.254288255397297
LOX-IMVI,Elimusertib hydrochloride,378,81,1184,591,0.8032371403662633,2.3932931570734044,2.342298735980025,2.277608694467068
LOX-IMVI,Encorafenib,1669,386,1184,591,0.8008487214289263,1.8947424006807254,1.7089255602186573,1.815008318055402
LOX-IMVI,Erdafitinib ,797,261,1184,591,0.6377444421188617,0.8880183251108982,0.9760166765832712,0.8508528516651799
LOX-IMVI,Everolimus,1553,727,1184,591,0.7795687788112352,0.8572323602891512,0.9527215132103083,0.8367116200497153
LOX-IMVI,Futibatinib,446,108,1184,591,0.7649836822565528,1.4427274806200254,1.3321767650717962,1.3462015198452808
LOX-IMVI,GSK1059615,937,410,1184,591,0.8659922888473004,2.145309722206765,2.050707376128482,2.0475722892605663
LOX-IMVI,Gemcitabine,930,375,1184,591,0.605980945130088,0.9707842427754443,1.180007358656165,0.9258214301353539
LOX-IMVI,HI-TOPK-032,272,177,1184,591,0.8941021341256524,2.829182221247521,2.5134123744305135,2.680446444650854
LOX-IMVI,Hydroxyfasudil,387,135,1184,591,0.7479200471141337,1.4914627728577328,1.502963689566214,1.401083408954552
LOX-IMVI,IQ 1,435,120,1184,591,0.6893733311266974,1.234701712296995,1.2787652247355101,1.142385162821
LOX-IMVI,Infigratinib,806,169,1184,591,0.8171723846812128,1.7294326785627598,1.633138161872192,1.6862186909166847
LOX-IMVI,Ipatasertib,1071,472,1184,591,0.8219566498224428,1.5185030732203406,1.383338517996826,1.4136785878994416
LOX-IMVI,Irinotecan,1184,321,1184,591,0.7373606335445096,1.4366909845239686,2.036113983544362,1.4218564772476858
LOX-IMVI,Ixazomib,538,131,1184,591,0.7502476270187549,1.794749036362828,1.6958322488725364,1.640665175046296
LOX-IMVI,LB-100,658,221,1184,591,0.5939851264216034,0.7860049694595728,0.9501019324732825,0.7675149602542649
LOX-IMVI,LJI308,485,152,1184,591,0.7902004341260045,1.373202358013197,1.4526021273302887,1.305658498546719
LOX-IMVI,LY-2584702 (tosylate salt),157,102,1184,591,0.8499265289889855,2.1235366195436867,2.0578051815938476,2.065211343506109
LOX-IMVI,LY2090314,816,405,1184,591,0.6344981542460792,0.9384428695252212,1.0590791221497862,0.8921136729738659
LOX-IMVI,Lapatinib ditosylate,1162,517,1184,591,0.708525217510059,0.9077000349699147,0.9461461659506184,0.846350437596109
LOX-IMVI,MK-3903,491,166,1184,591,0.6125598902138092,1.4059106182462389,1.3464943708831403,1.2742441519987269
LOX-IMVI,MK-8353,490,211,1184,591,0.6061191286914376,0.9075867158940986,0.9714366590680621,0.8392383250937343
LOX-IMVI,ML264,902,268,1184,591,0.745379853179639,1.0895282501052581,1.1450660285292185,1.0747614811709716
LOX-IMVI,Methylprednisolone succinate,521,240,1184,591,0.7387975647641263,1.049822114114247,1.2329704515320088,1.029135539394068
LOX-IMVI,Minodronic acid,706,300,1184,591,0.7399454475694494,1.1369931267832003,1.1762067087634824,1.0677956324726001
LOX-IMVI,NG25,562,294,1184,591,0.8663610618368368,2.406408160380539,2.3897772598472846,2.3333465348486735
LOX-IMVI,NVP-BHG712,498,221,1184,591,0.6711574621135272,1.0623897045733006,1.0948706209549868,0.9885985818728481
LOX-IMVI,OTS514,293,162,1184,591,0.7689913274589442,1.4806162982994295,1.4180813107940713,1.3977146871391988
LOX-IMVI,Oleic acid,519,254,1184,591,0.7606676328199138,1.0796296951226925,1.1174883987624862,1.0300046292663054
LOX-IMVI,Oxaliplatin,721,302,1184,591,0.7980843595923818,1.1080201871852546,1.1006505701445257,1.0359156537094931
LOX-IMVI,PF-06260933,377,79,1184,591,0.8057481031108175,2.311744817471277,2.7454293529607474,2.360924288070989
LOX-IMVI,PH-797804,174,86,1184,591,0.8936624761149272,4.007237305130852,3.7987953192571866,3.8454468023347324
LOX-IMVI,Paclitaxel,1346,518,1184,591,0.8004101962768646,1.3720402884814944,1.4326896550372128,1.3369838702366712
LOX-IMVI,Pemigatinib,672,207,1184,591,0.704993097591334,0.9859144079537367,1.0188982747187874,0.9131799989422346
LOX-IMVI,Pimitespib,330,164,1184,591,0.6858550983943971,1.25265623095258,1.2533272401855016,1.1616687310755545
LOX-IMVI,Pralsetinib,355,181,1184,591,0.7707082482132066,1.9785698668236504,2.140734085196373,1.9263562286182623
LOX-IMVI,RMC-6236,1762,395,1184,591,0.834072807837905,2.139386422124802,2.0059546478597703,2.0697327318425347
LOX-IMVI,Ralimetinib dimesylate,658,283,1184,591,0.7414943742169747,1.188073974961768,1.2438910475164724,1.1291343711845971
LOX-IMVI,Regorafenib,686,259,1184,591,0.8217644739108937,1.8214222156276927,1.6351559204305826,1.6779284594467987
LOX-IMVI,SBI-0640756,353,172,1184,591,0.674932316231117,1.1995689113389947,1.2667025327653803,1.1280473073621604
LOX-IMVI,Sapanisertib,1347,308,1184,591,0.8778377909331609,1.916548299234573,1.916305516706354,1.9288303906025779
LOX-IMVI,Sonidegib,338,113,1184,591,0.7280755063183179,1.4200275238620146,1.5833596717030307,1.3402990288193404
LOX-IMVI,TAK-733,543,222,1184,591,0.8797026065717907,2.1147035450569653,2.103561752889279,2.043922961372528
LOX-IMVI,TAK-901,389,164,1184,591,0.9407118332559893,4.841600938758294,4.65303110948244,4.714092227214801
LOX-IMVI,Temuterkib,800,322,1184,591,0.7775360030892362,1.0248402535817218,1.1119040795117596,1.0072569172879338
LOX-IMVI,Tomivosertib,706,334,1184,591,0.7556448779585715,1.1042191886767574,1.2923832289346489,1.0965716479972107
LOX-IMVI,Torkinib,285,115,1184,591,0.7054209631189866,1.2464994001680927,1.4329394240577304,1.1912216257117865
LOX-IMVI,Trametinib,1407,242,1184,591,0.8924913233427095,2.5803958881023195,2.294987486436167,2.4889508714501054
LOX-IMVI,Tubulin inhibitor 6,453,189,1184,591,0.6830831359212837,1.035846859811968,1.1402826383255882,0.9719466045216795
LOX-IMVI,Tucatinib,1059,491,1184,591,0.6375659966740564,0.887712940343519,0.8947635534795441,0.8185984762724186
LOX-IMVI,ULK-101,379,172,1184,591,0.6649850470038042,1.2854156026494572,1.2330931137316494,1.1689890124386475
LOX-IMVI,Vemurafenib,1147,342,1184,591,0.725305835288578,1.1020433997323165,1.108250061098619,1.0459679025561237
LOX-IMVI,Volasertib,376,156,1184,591,0.5404116493301454,0.8572626428067619,1.030030481545532,0.8150576379716822
LOX-IMVI,XRK3F2,1256,313,1184,591,0.8095704880150514,1.4493470459804454,1.4186928220947965,1.4219636509193865
LOX-IMVI,c-Kit-IN-1,429,192,1184,591,0.869625142098044,2.2200685701454144,2.0934190031279676,2.112297014388154
LOX-IMVI,olaparib,574,195,1184,591,0.7620082176220924,1.5489295505577378,1.824671491468082,1.5073423244197635
LOX-IMVI,palbociclib,791,112,1184,591,0.5724787927909738,1.3524388576848996,1.6765375159081153,1.2615687437932146
LOX-IMVI,venetoclax,536,274,1184,591,0.9065214164443363,2.6210590833586758,2.4908435407011664,2.525919603993919
LOX-IMVI,vincristine,316,212,1184,591,0.7586179644234187,1.6225111919773072,2.012875363194961,1.7069741076621792
LS 180,4EGI-1,301,63,922,456,0.3753193936637839,1.54685551192262,1.8315615744739482,1.4078468116489606
LS 180,9-ING-41,1379,438,922,456,0.8154016329099903,1.3170655812652632,1.327075724242452,1.2773199817009624
LS 180,APTO-253,509,166,922,456,0.5548575718389817,1.1712097355776643,1.2488204990177565,1.0959672953633732
LS 180,AT7519,724,204,922,456,0.738667134056091,0.9014604478801956,1.1678619153971215,0.9685443507289458
LS 180,AZD-7648,295,144,922,456,0.7824914961912034,1.8729072228601094,2.1846425887100587,1.8733015265747
LS 180,AZD-8055,735,141,922,456,0.7718730743497001,1.8727275712764488,2.1740674319248074,1.865037596912396
LS 180,AZD1390,381,92,922,456,0.549084474189653,1.0856865719396633,1.6738818237029847,1.137120770015282
LS 180,AZD2858,191,116,922,456,0.6526839095654258,1.138561783074493,1.2451062838138065,1.0707114993995455
LS 180,Abemaciclib,928,199,922,456,0.7969295180757908,1.639444405846756,2.162397689947575,1.7021537572649512
LS 180,Adagrasib,305,78,922,456,0.6170186244665622,1.045831114737631,1.2473971080050632,1.1060317090513327
LS 180,Afatinib,1364,285,922,456,0.8832967175118975,2.2607305534004376,2.4762166490997712,2.2839674710899405
LS 180,Alpelisib,353,53,922,456,0.7434149044318332,1.9819716218259624,2.386950659425538,1.9810168825871188
LS 180,Anastrozole,508,222,922,456,0.7334556511010446,1.0770863014726968,1.1751125918358487,1.050179118156271
LS 180,BAY1125976,2119,187,922,456,0.8601455586895422,2.7385703524476877,2.8098668147489363,2.753868944010625
LS 180,BI-3406,856,182,922,456,0.8506382097228588,1.9145523538335143,2.334125561034107,1.9758670306289297
LS 180,BI-78D3,1041,377,922,456,0.8195278672308505,1.1470604963030968,1.309932441203346,1.175709567039032
LS 180,Belumosudil (mesylate),384,95,922,456,0.6522003534634312,1.192123846213522,1.5705658476464024,1.249909208991878
LS 180,Bentamapimod,749,384,922,456,0.7818003448211216,1.454627846284341,1.5062493646928399,1.3971268969121777
LS 180,Bimiralisib,1589,242,922,456,0.8433711969942892,2.273933170576786,2.6170894322153586,2.310865466456959
LS 180,Binimetinib,370,128,922,456,0.8345927091498758,2.012868427218343,2.389681117202606,2.0407710451898398
LS 180,Brivudine,845,212,922,456,0.8609116710166227,2.562208089559058,3.0804841439174377,2.636741946838161
LS 180,CP21R7,254,163,922,456,0.5027781749589585,0.9325678389440544,1.0708938793282514,0.863368435230653
LS 180,Capivasertib,394,201,922,456,0.6539821946442228,1.024565411998715,1.0916181030765655,0.962381286949367
LS 180,Capmatinib,314,124,922,456,0.721388260702805,1.620736974825783,1.8631379999421807,1.586917814114682
LS 180,Celecoxib,312,171,922,456,0.6129673190251186,0.9743308585197447,1.2044023568894535,0.94729964163657
LS 180,DT-061,249,170,922,456,0.7426802946898277,1.556173120305324,1.729097033851272,1.5302397735031774
LS 180,DTP3,287,93,922,456,0.7809724108448204,1.7266868647176135,2.0835976592680487,1.7355583663412526
LS 180,Dabrafenib,1845,340,922,456,0.7837416366095166,1.6586196586124935,1.5433513035450412,1.6300317185228983
LS 180,ERK5-IN-2,1627,319,922,456,0.8044634182905915,1.666046461145026,1.8302015021893638,1.676522181330109
LS 180,ETC-206,516,224,922,456,0.676092579243324,0.8742375204841135,0.9781442639562511,0.8453613873414471
LS 180,EX229,483,92,922,456,0.7955250580757608,1.7591217129750654,2.179224988117205,1.8031895530624429
LS 180,Elimusertib hydrochloride,229,65,922,456,0.8581639809194065,1.7986148638936161,2.4478754309935082,1.9233126974461094
LS 180,Encorafenib,1965,468,922,456,0.8453660477947457,1.8894118915883835,1.9680764002730615,1.8786246026698012
LS 180,Erdafitinib ,739,320,922,456,0.7107072111919517,1.1472308106097602,1.1511186277524832,1.0776238809447158
LS 180,Everolimus,1180,500,922,456,0.7168016561153429,1.0771528593729938,1.1371410185034585,1.0287187287343351
LS 180,Futibatinib,288,67,922,456,0.5730024745559839,1.8616376393087355,1.424214289450176,1.59741905174307
LS 180,GSK1059615,959,261,922,456,0.844828872558651,2.118596984377018,2.50160998759801,2.185632447569586
LS 180,Gemcitabine,1029,292,922,456,0.5954406279317288,1.0941645413196264,1.5953917829495408,1.127219630967749
LS 180,HI-TOPK-032,343,129,922,456,0.8074194413408399,1.778451862594139,2.296793564716628,1.8616641523056936
LS 180,Hydroxyfasudil,214,94,922,456,0.5382457785200458,0.9885330868620174,1.1901493952475999,0.9405799366849448
LS 180,IQ 1,407,73,922,456,0.6804804576714575,1.5054207441391458,1.9961865626212985,1.5246643006776
LS 180,Infigratinib,823,180,922,456,0.6869926019733693,1.4619838253505428,1.6285949398365365,1.4369179153618077
LS 180,Ipatasertib,1277,484,922,456,0.8478950093921247,1.7536410199024675,1.684111962112796,1.6885689103454784
LS 180,Irinotecan,1043,320,922,456,0.5964785719352514,1.2968041414111666,1.8226207337134293,1.3052144421020748
LS 180,Ixazomib,363,76,922,456,0.5366705978418792,1.7273024240889394,1.876521949957082,1.5832111975106953
LS 180,LB-100,434,178,922,456,0.5561317571908259,0.8755348478070971,0.9832439802137245,0.8223044511322485
LS 180,LJI308,379,148,922,456,0.613306077150503,0.9601454636486195,1.2208680059946464,0.9730629816292837
LS 180,LY-2584702 (tosylate salt),162,67,922,456,0.6998499002134411,1.4794354960812839,1.8104779634133619,1.4699214219786956
LS 180,LY2090314,520,390,922,456,0.6884225091977817,1.1297725956228915,0.935432782863384,1.004723302305647
LS 180,Lapatinib ditosylate,983,467,922,456,0.6163247796228687,1.0551099295255328,0.922914479032722,0.924971223766583
LS 180,MK-3903,333,73,922,456,0.7556987267146923,1.8015225341558727,2.2698464554902746,1.8453615172527669
LS 180,MK-8353,443,194,922,456,0.6707870005122661,1.0861321861029924,1.2369227250539165,1.0491145718955441
LS 180,ML264,872,269,922,456,0.8218643886010182,1.2101581675389133,1.3488499280639206,1.2364624809714617
LS 180,Methylprednisolone succinate,275,132,922,456,0.6669902911631008,0.9981501666902517,1.2952194838238376,1.0069984543322335
LS 180,Minodronic acid,401,262,922,456,0.7022426167446745,0.9717213380166966,1.1218410152640428,0.9545684835330447
LS 180,NG25,458,166,922,456,0.8491847644793636,2.3822306839499046,2.6281890027581953,2.371515968983835
LS 180,NVP-BHG712,499,248,922,456,0.678044756167122,1.3622221131564953,1.297353314333524,1.24325827753077
LS 180,OTS514,240,152,922,456,0.6977630143122586,1.6534362815464603,1.407753520310754,1.4740636451661746
LS 180,Oleic acid,277,174,922,456,0.6937619273510581,1.0438647836782253,1.2325788655647565,1.0323719141723247
LS 180,Oxaliplatin,571,272,922,456,0.6988357087933464,1.0442691928824885,1.1196794764036198,0.9930063931424782
LS 180,PF-06260933,266,73,922,456,0.8142752757115767,2.3197607536731346,2.773747373221795,2.3730803622317476
LS 180,PH-797804,790,156,922,456,0.9298811263951523,3.936264592575569,4.262572340064,3.984906266072967
LS 180,Paclitaxel,2019,648,922,456,0.8752804182015252,1.5511316391034453,1.640235102976466,1.5687212470312417
LS 180,Pemigatinib,546,149,922,456,0.6853858504088725,1.3540484091219605,1.621837938602345,1.3444628901978268
LS 180,Pimitespib,175,85,922,456,0.5453218196886248,1.1254838344409726,1.3449297510045566,1.0636540478763534
LS 180,Pralsetinib,169,125,922,456,0.7122495551754365,1.6456077830390432,2.081804200823104,1.6939859515742604
LS 180,RMC-6236,1592,277,922,456,0.849766023642204,2.1173027368127677,2.3481706915766956,2.1485117697384357
LS 180,Ralimetinib dimesylate,757,318,922,456,0.8156886860518723,1.5777610822492498,1.6343480766341583,1.5319300339881956
LS 180,Regorafenib,542,241,922,456,0.8297613932094253,1.8556164500400134,2.0715199657455874,1.8468379522239435
LS 180,SBI-0640756,212,101,922,456,0.5346975137075203,0.9797610524256368,1.2961952360354472,0.9575148587450195
LS 180,Sapanisertib,1986,236,922,456,0.8361769776655691,1.8375559424789092,2.2592397290051855,1.9221164593433797
LS 180,Sonidegib,240,68,922,456,0.6337147312720207,1.0967718352450542,1.4763946210169838,1.1389981183067202
LS 180,TAK-733,472,76,922,456,0.7951435795769162,1.7435872220751945,2.0637899565863367,1.7519552343845
LS 180,TAK-901,1486,312,922,456,0.9357472165842601,4.5307808159021965,4.598919286718598,4.523614999087474
LS 180,Temuterkib,784,218,922,456,0.7450134221023647,1.3727162860096191,1.2939703786917007,1.2976885166478729
LS 180,Tomivosertib,741,180,922,456,0.8263839925638167,1.5384515063111528,1.8518247314425889,1.6728876103100112
LS 180,Torkinib,218,140,922,456,0.6979576041124559,1.2616577614752638,1.5531195942355756,1.2718986647850996
LS 180,Trametinib,1238,171,922,456,0.8523773216998636,2.102501842388093,2.453890013290299,2.14336750191474
LS 180,Tubulin inhibitor 6,335,195,922,456,0.7117173382678653,1.025811841854512,1.2866130705495256,1.031997460210587
LS 180,Tucatinib,1089,531,922,456,0.7206312130897312,1.1178704320365145,1.0695537627968714,1.0327927200167348
LS 180,ULK-101,225,105,922,456,0.7180206069702212,1.238731282797872,1.6593637549227285,1.2832535414583204
LS 180,Vemurafenib,970,258,922,456,0.8176488434001052,1.6647696985520464,1.7614514070440455,1.6353397175452316
LS 180,Volasertib,345,115,922,456,0.6339523508415497,1.0617301807193302,1.2527838685498374,1.0269829641244679
LS 180,XRK3F2,1326,351,922,456,0.8552701607331036,1.6648423196829465,1.8395747219251832,1.6747867246622092
LS 180,c-Kit-IN-1,449,83,922,456,0.8100559834200384,1.8942283290071027,2.390492241948083,1.9621406454468908
LS 180,olaparib,314,164,922,456,0.48768984063048043,1.092408072200261,1.336014433023424,1.0243922691123117
LS 180,palbociclib,609,83,922,456,0.6460987493912873,1.8043211649568782,2.01778833659404,1.706277011962415
LS 180,venetoclax,403,125,922,456,0.8813658180778765,2.182715632415712,2.6243387972569243,2.2589737555019465
LS 180,vincristine,206,114,922,456,0.8358376571522185,1.9326027992180168,2.4447868021634456,2.023518515434601
LoVo,4EGI-1,511,76,1921,468,0.7429681509596388,1.358187904781206,1.6466964094574361,1.3495096287830914
LoVo,9-ING-41,2540,439,1921,468,0.8240842467819777,1.0764020732924442,1.0499740091932022,1.049649139369001
LoVo,APTO-253,1005,183,1921,468,0.6733330994056996,0.9813644106532369,1.1878517519738965,0.9649327806254171
LoVo,AT7519,1360,264,1921,468,0.6939015010588547,0.7537505494653299,0.891408609909617,0.7355597063920427
LoVo,AZD-7648,517,143,1921,468,0.8790221075102745,1.8172010957643783,1.8472865969930803,1.7911132121811217
LoVo,AZD-8055,1090,195,1921,468,0.7915406234777949,1.6563234504250233,1.6617330443245688,1.6093042407639595
LoVo,AZD1390,843,130,1921,468,0.7964385065968727,1.2145777272560487,1.4040909508595685,1.2078669797909698
LoVo,AZD2858,462,126,1921,468,0.6771257301076244,0.9752138136025663,1.1330762299369042,0.9527326564701799
LoVo,Abemaciclib,1702,258,1921,468,0.9523247611640079,2.508489648531878,2.3174522948499687,2.4573435868723306
LoVo,Adagrasib,634,163,1921,468,0.6549214504283649,0.7290963494076866,0.8520399802209756,0.7070102626722142
LoVo,Afatinib,2238,414,1921,468,0.9350314031467681,2.2612236205008527,2.1346361637024014,2.2134171154858944
LoVo,Alpelisib,651,118,1921,468,0.8625547412196504,1.7829202286355996,1.8876039074979154,1.762064220560749
LoVo,Anastrozole,1140,270,1921,468,0.7783943221036455,0.9356665654054573,0.97693310529566,0.9089603023011066
LoVo,BAY1125976,2839,254,1921,468,0.8764828602498668,2.358621590403168,2.0581217383697616,2.334367403889544
LoVo,BI-3406,1293,267,1921,468,0.8744334641167997,1.9635610956564522,1.9073651703833345,1.9178675208493334
LoVo,BI-78D3,1922,463,1921,468,0.7773869694540988,0.8188208298753754,0.9277282637504303,0.8076906044749973
LoVo,Belumosudil (mesylate),821,108,1921,468,0.7456748666420695,1.1079786365561541,1.4212302317343557,1.1055512146500726
LoVo,Belzutifan,637,64,1921,468,0.791224203224643,1.6179711738787597,1.7285358841358964,1.5787049509023345
LoVo,Bentamapimod,1391,337,1921,468,0.8956884469089769,1.3982287024868396,1.4381716990086308,1.3821903692594952
LoVo,Bimiralisib,2147,354,1921,468,0.9087923650862411,2.1444963490424636,2.0859701749152073,2.1130305783806733
LoVo,Binimetinib,460,90,1921,468,0.8371475544604465,2.072055781579818,1.9655058057131556,2.0056972512157087
LoVo,Bortezomib,464,70,1921,468,0.9073108005236877,3.009891186050669,3.0279653168358416,2.970430347011065
LoVo,Brivudine,1186,400,1921,468,0.9584859030282844,2.7923727081240934,2.6744806976694973,2.7553194574738114
LoVo,CP21R7,605,150,1921,468,0.6296436757608731,0.8053233048115265,0.9687158218403324,0.7816020192580513
LoVo,Capivasertib,685,154,1921,468,0.7226295793124885,0.8813192572489269,1.07578021665421,0.8700001889167671
LoVo,Capmatinib,543,128,1921,468,0.857243161688738,1.8080593691857898,1.8027741013386276,1.7656040755634557
LoVo,Celecoxib,773,174,1921,468,0.6223373391467998,0.731897185373675,0.9127114764964431,0.7120659074810436
LoVo,DT-061,486,158,1921,468,0.8291574924443388,1.3617504936700757,1.3819910159524076,1.3361974972822168
LoVo,DTP3,575,100,1921,468,0.8069645893644954,1.6826599053913291,1.7055315846602948,1.6495689364026198
LoVo,Dabrafenib,3169,442,1921,468,0.8385141622147368,1.3673161976191093,1.3122425901954755,1.330475374808985
LoVo,ERK5-IN-2,2907,598,1921,468,0.8787939297206318,1.3790255801944282,1.4389002125859525,1.3634667499939332
LoVo,ETC-206,962,263,1921,468,0.6602113449559178,0.6962614020942935,0.8468488645597595,0.6836245427836393
LoVo,EX229,1087,88,1921,468,0.8782595647055551,2.155187850729885,2.2001236910965623,2.1123137897437174
LoVo,Elimusertib hydrochloride,399,86,1921,468,0.9042441305020574,2.1723322244386383,2.3040385180968364,2.159651928589678
LoVo,Encorafenib,2933,546,1921,468,0.8935699553168476,1.8200278519090636,1.6972245771456012,1.7700771928700223
LoVo,Erdafitinib ,1325,295,1921,468,0.7374501698086173,0.8756078681419494,0.9894376043550571,0.8559440641746298
LoVo,Everolimus,2274,600,1921,468,0.9099447931448292,1.1925428825435431,1.2644788944950118,1.1925802605730234
LoVo,Futibatinib,596,101,1921,468,0.659340295814836,1.0710116956886069,1.089183206038937,1.0234254819535749
LoVo,GSK1059615,1660,175,1921,468,0.8392601735577307,2.234060917842248,2.214849087210159,2.2075593811973597
LoVo,Gemcitabine,1742,364,1921,468,0.7642403354130043,0.8545116398050707,1.0334318021196862,0.8466023949458293
LoVo,HI-TOPK-032,666,180,1921,468,0.8989086656115,1.7661480224319215,1.7835599832478801,1.7428923708814232
LoVo,Hydroxyfasudil,476,127,1921,468,0.6725036881478407,0.8956209871271258,1.1216931185406736,0.8845113710238246
LoVo,IQ 1,476,94,1921,468,0.7494297853174652,1.3124626436323517,1.4770991919117054,1.2844818862211909
LoVo,Infigratinib,1297,255,1921,468,0.8619529824895468,1.2756972020240438,1.460140696989924,1.275825486746566
LoVo,Ipatasertib,2527,602,1921,468,0.9201543018238876,1.6255599354048171,1.611558858559183,1.6019785230682764
LoVo,Irinotecan,1895,485,1921,468,0.8153977489602776,0.9950631540029999,1.112610452437779,0.9880667435498407
LoVo,Ixazomib,642,134,1921,468,0.8279191721131178,1.5834630687254676,1.584265635488615,1.5406576121281095
LoVo,LB-100,942,175,1921,468,0.5731786039555682,0.7502547158402214,0.8929575809847891,0.7186631100792459
LoVo,LJI308,705,134,1921,468,0.7171971397918453,0.8739875106959041,1.1401205405728638,0.8733363513591283
LoVo,LY-2584702 (tosylate salt),293,72,1921,468,0.7312560612702942,1.2826183194987912,1.439920744979528,1.2525974421306865
LoVo,LY2090314,1353,362,1921,468,0.7598195530271078,0.881892932766289,0.9792807829209071,0.864889007838392
LoVo,Lapatinib ditosylate,1903,445,1921,468,0.6878922010805187,0.784611902714646,0.8115823903673152,0.7488047950647061
LoVo,Lonafarnib,345,74,1921,468,0.9070115403813555,2.3591353414470975,2.4686545584372253,2.3432947184610398
LoVo,MK-3903,573,129,1921,468,0.8504054705494617,1.729470323808333,1.8316173412845957,1.7071441160714353
LoVo,MK-8353,716,210,1921,468,0.5286959073488856,0.7553280409658976,0.8829094035481767,0.7155278574997676
LoVo,ML264,1672,388,1921,468,0.8351539938852569,0.9742236573179653,1.0321446923927529,0.9585222899448732
LoVo,Methylprednisolone succinate,655,158,1921,468,0.7392692072986969,0.8787922625779562,1.0678979672569329,0.8724101640533833
LoVo,Minodronic acid,1026,258,1921,468,0.7830277921029815,0.9023567059496121,0.9365595579767887,0.8771507898180907
LoVo,NG25,925,297,1921,468,0.9071981448719643,2.4945464262730725,2.5468646540121265,2.4741102715632493
LoVo,NVP-BHG712,947,260,1921,468,0.7737573524425289,1.0545563779336078,1.1077395999785082,1.0280593456954108
LoVo,OTS514,480,118,1921,468,0.7394133976968472,1.1421019151402723,1.2790874443760898,1.116476958316529
LoVo,Oleic acid,728,198,1921,468,0.7854342753884781,0.9469302431474836,1.0122267340853943,0.9282071535299619
LoVo,Oxaliplatin,1052,287,1921,468,0.779815181832711,0.9164273674623744,1.0403380154387714,0.9089800883884238
LoVo,PF-06260933,475,83,1921,468,0.8065033057457188,1.6401133814941862,1.810235598046378,1.6237402036286837
LoVo,PH-797804,1110,251,1921,468,0.9348499191263311,2.6493497155231793,2.5816360835342715,2.6111300524770913
LoVo,Paclitaxel,3365,707,1921,468,0.8345902735388314,1.223446867992486,1.1659954990067882,1.1847325892601688
LoVo,Pemigatinib,886,150,1921,468,0.7737111837751894,1.2440103644812635,1.342727336929991,1.2278852072338582
LoVo,Pimitespib,434,85,1921,468,0.5997969123238778,0.8624117210686213,1.1832593503157767,0.8444464590542812
LoVo,Pralsetinib,373,106,1921,468,0.7959268859245467,1.542739605881095,1.907962025121747,1.5641456880963063
LoVo,RMC-6236,2115,362,1921,468,0.884923519346901,2.06720685910422,1.9834521097047186,2.024664796454773
LoVo,Ralimetinib dimesylate,1294,347,1921,468,0.8766348324131727,1.2273014174784647,1.2659279719912,1.212722489568792
LoVo,Regorafenib,865,230,1921,468,0.9139915507450962,1.8779684339656912,1.8919880178267803,1.8584654036360715
LoVo,SBI-0640756,487,149,1921,468,0.7484925737005664,1.0363726909062319,1.0775009726959395,1.0015039352512622
LoVo,Sapanisertib,2579,283,1921,468,0.8647811472994277,1.9102289575749174,1.8155283313591704,1.8912157475655553
LoVo,Sonidegib,500,95,1921,468,0.7483290196768513,1.0435233879638817,1.339177061383285,1.0451689089688407
LoVo,TAK-733,974,215,1921,468,0.9357585187428197,2.42401181825812,2.21792915013541,2.360858021112581
LoVo,TAK-901,1728,303,1921,468,0.9670079955201295,4.972617679625899,4.179817636514546,4.831321663411036
LoVo,Temuterkib,1533,347,1921,468,0.7697154691032345,0.9969598828592765,0.9543165546735191,0.9548113068235222
LoVo,Tomivosertib,1247,282,1921,468,0.905609455816793,1.5010885487908476,1.489447172560812,1.4773156674646284
LoVo,Torkinib,495,149,1921,468,0.7839678810002818,1.1232171988661803,1.434250703908364,1.1521388344267098
LoVo,Trametinib,1554,243,1921,468,0.892813091404995,2.1139106930630334,2.0628334332721563,2.0748333404513946
LoVo,Tubulin inhibitor 6,741,188,1921,468,0.7210403087352355,0.8654055467846752,1.0938365755113602,0.8649426310843379
LoVo,Tucatinib,1749,472,1921,468,0.7550217767074691,0.8339153704986645,0.873683225351301,0.808855480075005
LoVo,ULK-101,592,139,1921,468,0.7687834103137643,0.9988238101506554,1.2207904717116769,0.9979916546349276
LoVo,Vemurafenib,1760,349,1921,468,0.7957496393010265,1.2170686307065266,1.1773111881188867,1.1716971726491219
LoVo,Volasertib,616,162,1921,468,0.6671090658646753,0.8663619695507281,1.0059823362508844,0.8428835685096258
LoVo,XRK3F2,2137,400,1921,468,0.8370296346768591,1.426593483816227,1.4210376606974044,1.3930491703172125
LoVo,c-Kit-IN-1,888,176,1921,468,0.9528329802527701,2.412197572797548,2.2905076375550077,2.369251616904573
LoVo,olaparib,710,168,1921,468,0.6918910551442603,0.9303736520831991,1.3139894678909543,0.9428767501764347
LoVo,palbociclib,933,135,1921,468,0.7605500627492919,1.611061250314294,1.581222263968565,1.5512475866265196
LoVo,venetoclax,721,200,1921,468,0.959155555666751,2.7577763222438065,2.598466216341678,2.710297660708651
LoVo,vincristine,620,100,1921,468,0.8552756660107499,1.61833620451417,1.767403211668509,1.6130348849106624
MIA PaCa-2,4EGI-1,412,71,880,292,0.777772230571694,1.8182158326059672,1.7037996420179682,1.7535184989483383
MIA PaCa-2,9-ING-41,1072,218,880,292,0.7459921959770716,1.5154956091088687,1.171041561358233,1.4150211615916064
MIA PaCa-2,APTO-253,496,97,880,292,0.717443494465501,1.3012429808820192,1.276582429952925,1.2496071800267643
MIA PaCa-2,AT7519,512,125,880,292,0.6055408524496743,0.9467779329897129,1.11244714501333,0.9093516609824966
MIA PaCa-2,AZD-7648,248,64,880,292,0.8105071986462359,2.1299065044259766,1.9866312172255505,2.0310366044278862
MIA PaCa-2,AZD-8055,495,54,880,292,0.789084885088721,2.0775229377805906,2.058449975184549,2.042160466353002
MIA PaCa-2,AZD1390,517,109,880,292,0.5990315904565076,1.222885237417178,1.1712254153204666,1.1345059804636088
MIA PaCa-2,Abemaciclib,290,69,880,292,0.8682469904543564,2.4550704206911496,2.2580950277039338,2.364314072911695
MIA PaCa-2,Adagrasib,297,106,880,292,0.8363484702971768,1.5793329484544638,1.6083253821483656,1.5371018129575946
MIA PaCa-2,Afatinib,812,89,880,292,0.8689966450361376,2.318915150283458,2.136190714941604,2.2768343431544777
MIA PaCa-2,Anastrozole,423,161,880,292,0.6030251278146501,0.838133622604601,0.8979878399130361,0.7848039633908854
MIA PaCa-2,BAY1125976,859,67,880,292,0.8478460241191897,2.766280847314046,2.5560534881984642,2.748819167689082
MIA PaCa-2,BI-3406,577,104,880,292,0.8640952474287037,2.0276176166640645,1.9190867467383796,1.9772897448448954
MIA PaCa-2,BI-78D3,518,190,880,292,0.6442316788203537,0.9394978451742426,1.0910041130569834,0.9031554214548922
MIA PaCa-2,Belzutifan,324,68,880,292,0.7030867624156192,1.3803724681932406,1.518640590485103,1.3436960773885562
MIA PaCa-2,Bentamapimod,449,199,880,292,0.7591418591211742,1.070124961522331,1.2225401966629372,1.0586352477625922
MIA PaCa-2,Bimiralisib,689,76,880,292,0.9206218953243153,2.849938334875509,2.631877015010849,2.810134061941352
MIA PaCa-2,Brivudine,920,210,880,292,0.8268297463109835,1.7735258948671933,1.825548528948918,1.7202113296102115
MIA PaCa-2,CP21R7,276,82,880,292,0.4190115248049952,0.808431441676533,0.9666616878732811,0.7383023235100004
MIA PaCa-2,Capivasertib,254,72,880,292,0.6222458189409343,1.1706031347546448,1.3499886724921348,1.1199377696295052
MIA PaCa-2,Celecoxib,402,125,880,292,0.5377210764254076,0.8777091570583533,1.0921481894586793,0.8360334786547053
MIA PaCa-2,DT-061,238,109,880,292,0.806839051322423,1.5203431482069605,1.5211370682639986,1.4743022224779023
MIA PaCa-2,DTP3,351,110,880,292,0.7590440951326803,1.2256297882416751,1.2845343913677385,1.1814139576197826
MIA PaCa-2,Dabrafenib,1385,138,880,292,0.9092409088635355,2.4761344966517527,2.320663470088891,2.4659213970406544
MIA PaCa-2,ERK5-IN-2,945,137,880,292,0.7585665766584718,1.4661885365734937,1.5075741505026856,1.4427298544894098
MIA PaCa-2,ETC-206,396,161,880,292,0.4821089318415168,0.8243514343374646,0.9390666607717186,0.7613837216261373
MIA PaCa-2,EX229,383,53,880,292,0.8512257853406138,2.2190455587765876,2.3817141511199345,2.187614363880033
MIA PaCa-2,Encorafenib,962,208,880,292,0.8551637742178745,1.5941863403901213,1.609828767459435,1.5728789486958383
MIA PaCa-2,Erdafitinib ,379,93,880,292,0.6725316100198768,1.143308719455102,1.141541859399831,1.090456822703895
MIA PaCa-2,Everolimus,969,366,880,292,0.6565243626207108,0.8261890232739785,0.8736433810316095,0.7764019363898549
MIA PaCa-2,Futibatinib,243,97,880,292,0.6248833174478854,1.2882256717109668,1.1987007476162874,1.1659937631294723
MIA PaCa-2,GSK1059615,553,73,880,292,0.8239422408126369,2.309154761773274,2.114421581891861,2.2497182084286096
MIA PaCa-2,Gemcitabine,545,136,880,292,0.5272581890308904,0.8433898351133902,1.0355650307220965,0.7979079994204744
MIA PaCa-2,HI-TOPK-032,262,170,880,292,0.8280154016110406,1.8951144099810044,1.840447023632787,1.8338346707874746
MIA PaCa-2,Infigratinib,447,116,880,292,0.66747135869298,1.277062761299519,1.3251470199563578,1.2117714246192264
MIA PaCa-2,Ipatasertib,815,255,880,292,0.8606766544457066,1.4262796755987257,1.5428240522831738,1.4152298027848844
MIA PaCa-2,Irinotecan,588,199,880,292,0.7443458254075043,1.2533645028495473,1.2792119128002881,1.1981713629859867
MIA PaCa-2,LB-100,431,130,880,292,0.6264703045027422,0.7718810920847824,0.9554391960931609,0.7515216110238343
MIA PaCa-2,LJI308,279,103,880,292,0.5945516696731475,0.953140436766699,1.1432042353080984,0.915395244035865
MIA PaCa-2,LY2090314,403,217,880,292,0.661403960578509,1.0188585194180966,1.0612753213787678,0.9795480501015987
MIA PaCa-2,Lapatinib ditosylate,651,174,880,292,0.6375764376900279,1.059864078677,1.0033229404101003,0.9867440809443454
MIA PaCa-2,MK-3903,415,78,880,292,0.502515380583789,1.1668014766310435,1.2550621756217388,1.0904476622912913
MIA PaCa-2,MK-8353,276,62,880,292,0.5398432599009061,1.0271149837138778,1.1750287816717029,0.9791043382794709
MIA PaCa-2,ML264,492,172,880,292,0.8204796729999443,1.2972385221154172,1.2156623218041938,1.2327476442280325
MIA PaCa-2,Methylprednisolone succinate,337,108,880,292,0.5963578622912034,0.9635648343477524,1.0172336956037011,0.8971728626109803
MIA PaCa-2,Minodronic acid,337,161,880,292,0.6197590762895651,0.9692182152596625,1.1053002091119812,0.939371650827227
MIA PaCa-2,NG25,402,109,880,292,0.8238632782795571,2.1933825464184222,2.407304100610226,2.1611964436469804
MIA PaCa-2,NVP-BHG712,261,100,880,292,0.6154919469764194,1.1133508831960117,1.1632193774090902,1.0354472670516017
MIA PaCa-2,OTS514,187,68,880,292,0.6529291499941849,1.506657072590101,1.6769398679882201,1.4399076497145697
MIA PaCa-2,Oleic acid,282,117,880,292,0.6047614292554006,1.007280616893669,1.0601412914866306,0.9440880735274152
MIA PaCa-2,Oxaliplatin,398,119,880,292,0.7597509077982146,1.0585753904431336,1.2432819825057773,1.0470364909751013
MIA PaCa-2,PF-06260933,212,61,880,292,0.7613233314820385,1.6985750899840126,2.019440405463206,1.6877707412221532
MIA PaCa-2,PH-797804,474,59,880,292,0.8852161061273233,3.1829435947127327,2.990678950140701,3.0892410342954917
MIA PaCa-2,Paclitaxel,949,172,880,292,0.8983525693465776,2.008824890960268,1.8614684639251455,1.9652855062353167
MIA PaCa-2,Pemigatinib,369,110,880,292,0.6111885617544479,0.9737506974893656,1.0248694041020854,0.9120962535897662
MIA PaCa-2,Pimitespib,236,70,880,292,0.6346137345793368,1.1614149415383996,1.2513968221533405,1.0973024977404613
MIA PaCa-2,RMC-6236,804,116,880,292,0.896675519561723,2.659807856083862,2.4221044873418,2.6078735675443427
MIA PaCa-2,Ralimetinib dimesylate,420,126,880,292,0.7222017954958782,1.0935532564867458,1.2004640421719588,1.0592446474612793
MIA PaCa-2,Regorafenib,315,101,880,292,0.44576701748167524,0.7939257173902496,1.1739287352234704,0.7699007742216978
MIA PaCa-2,SBI-0640756,207,108,880,292,0.5704206998373976,1.1055620069291916,1.1816111883938298,1.017752200960524
MIA PaCa-2,Sapanisertib,969,94,880,292,0.854695919799323,2.2207437039039077,2.1616896944767827,2.2277927755215314
MIA PaCa-2,Sonidegib,216,58,880,292,0.3975664532421585,1.0292785060915175,1.209597366781613,0.9361518145525646
MIA PaCa-2,TAK-733,254,88,880,292,0.871368018686812,2.4465773338954664,2.1548322598714686,2.317416902064434
MIA PaCa-2,Temuterkib,477,145,880,292,0.7923777153169569,1.4606795570577489,1.3270785630499093,1.3796547087287552
MIA PaCa-2,Tomivosertib,656,175,880,292,0.817649860366433,1.7444631802266426,1.576175254521439,1.655657257133023
MIA PaCa-2,Trametinib,681,79,880,292,0.8500811295509612,2.644835566968899,2.4098276391731663,2.580710228206583
MIA PaCa-2,Tubulin inhibitor 6,288,107,880,292,0.5576188881743934,0.920882701810738,1.0419572232616643,0.8630586959780936
MIA PaCa-2,Tucatinib,757,217,880,292,0.6748684802465433,0.8813976748341463,0.9414216048360161,0.8419871415139504
MIA PaCa-2,ULK-101,314,65,880,292,0.5485985736150107,1.0023231998195279,1.18640663254391,0.9518586892299213
MIA PaCa-2,Vemurafenib,535,111,880,292,0.8394770273147136,1.8488545994514927,1.7885209743245483,1.7952835148512991
MIA PaCa-2,XRK3F2,696,98,880,292,0.8638453822136479,2.076992529252076,1.9594030032240495,2.0409259569313543
MIA PaCa-2,c-Kit-IN-1,271,68,880,292,0.8907392044010809,2.63869000952395,2.4244639522857607,2.5455760809563412
MIA PaCa-2,olaparib,279,81,880,292,0.5260661078421301,0.9375728257132706,1.348768059028994,0.9164673885091856
MIA PaCa-2,palbociclib,257,50,880,292,0.7402012426411406,1.9544502580073386,2.0638286360150797,1.890895733859817
MIA PaCa-2,venetoclax,284,88,880,292,0.8949083551982947,2.6855445719291007,2.448000091862916,2.5793067879219445
MIA PaCa-2,vincristine,261,124,880,292,0.8311795457751762,2.061547672886055,2.0478151186296674,1.9952160782902588
NCI-H1573,4EGI-1,294,57,1381,179,0.6900927555937715,1.814363690346106,1.971835912983464,1.7685928520676695
NCI-H1573,9-ING-41,1574,231,1381,179,0.7672088102419241,0.9962430362538575,1.1623103150790037,0.9857184304832322
NCI-H1573,APTO-253,576,93,1381,179,0.5708559935549409,0.8858137204072669,1.304599999156944,0.8822049013022216
NCI-H1573,AT7519,1054,131,1381,179,0.6975358127845261,0.9918062098496101,1.2160150364018423,0.9800880248071642
NCI-H1573,AZD-7648,434,80,1381,179,0.8689186288066503,2.1828065646589616,2.2891297510397113,2.1661086957640605
NCI-H1573,AZD-8055,765,84,1381,179,0.8355165639872778,1.8150020176657657,2.1572327456923466,1.8177681794749714
NCI-H1573,AZD1390,518,117,1381,179,0.6162448505096919,1.4306236243598927,1.5825980540090265,1.3832403369099355
NCI-H1573,Abemaciclib,886,163,1381,179,0.9029887310713515,1.99647062153911,1.9687802369976175,1.9812914922488551
NCI-H1573,Adagrasib,397,59,1381,179,0.5945259212109321,0.9983125739464552,1.391479539104649,0.9908165266582228
NCI-H1573,Afatinib,1253,159,1381,179,0.9274015685111121,2.4469208592392637,2.5852782478581187,2.443850920236124
NCI-H1573,Alpelisib,676,79,1381,179,0.8811618694457526,2.351281975682561,2.329976402158355,2.323433847315703
NCI-H1573,Anastrozole,946,128,1381,179,0.7309120868422812,0.9981654573084099,1.2246740400374219,0.9913967363147528
NCI-H1573,BAY1125976,1959,109,1381,179,0.9011524720281583,2.431494001011064,2.373953051486305,2.418450704256376
NCI-H1573,BI-3406,1380,171,1381,179,0.9233483427219974,2.336045005081251,2.269837472215777,2.3118759150510018
NCI-H1573,BI-78D3,1236,195,1381,179,0.6556243117722939,0.8580778586472696,1.1253625146566253,0.8503696032747738
NCI-H1573,Belumosudil (mesylate),491,52,1381,179,0.7278998837079634,1.5418314856508502,1.8083582415999324,1.5209648327983938
NCI-H1573,Bentamapimod,961,176,1381,179,0.7931312480128225,1.2452192340784636,1.4523159267027406,1.2464114117569487
NCI-H1573,Bimiralisib,1438,88,1381,179,0.9222259160468825,2.6784052174364414,2.8179919733770347,2.678755689425552
NCI-H1573,Binimetinib,430,61,1381,179,0.8847070623114168,2.602871241724003,2.5745428715435423,2.5670899159859797
NCI-H1573,Brivudine,1469,379,1381,179,0.9338667646001522,2.8539926384275294,2.7621051158222816,2.8298061480740113
NCI-H1573,CP21R7,399,60,1381,179,0.37913935544407573,0.9432000225639628,1.2834768917777166,0.8988352609775354
NCI-H1573,Capivasertib,473,92,1381,179,0.6812643684536166,1.0327307768677012,1.3542818209052585,1.0460671285994467
NCI-H1573,Capmatinib,455,76,1381,179,0.860898373765322,2.0347870480425336,2.2023132419465967,2.0239236070028026
NCI-H1573,Celecoxib,493,80,1381,179,0.5078024065117396,0.8949799102172986,1.2229417222815533,0.871708879408269
NCI-H1573,DT-061,393,94,1381,179,0.824825670456392,1.55897081884616,1.6887048706014742,1.5591807747890367
NCI-H1573,Dabrafenib,1847,200,1381,179,0.8440938098676781,1.577642292778173,1.5536270420293958,1.553270612577352
NCI-H1573,ERK5-IN-2,1935,250,1381,179,0.7980371070135034,1.2468207627063501,1.3937680583671157,1.2351595449933388
NCI-H1573,ETC-206,731,122,1381,179,0.4805826270612744,0.7550335512008707,1.046163610071601,0.7350387326210361
NCI-H1573,Elimusertib hydrochloride,393,52,1381,179,0.9129827453068325,2.9327941560585744,3.166961532112209,2.932067649639933
NCI-H1573,Encorafenib,1831,311,1381,179,0.8811781368280697,1.7994653293108704,1.9574392848363924,1.7910905325349917
NCI-H1573,Erdafitinib ,925,125,1381,179,0.7001775014121843,1.1140627943378059,1.2642458904267775,1.0922523209833725
NCI-H1573,Everolimus,1602,257,1381,179,0.6995421385577466,0.9610876691513996,1.1724334025486396,0.950758939100915
NCI-H1573,GSK1059615,1500,237,1381,179,0.9235749329754598,2.4750413705386283,2.3791427684406514,2.4415557126509806
NCI-H1573,Gemcitabine,1236,186,1381,179,0.6607372209305706,0.9942575768184471,1.4212492791627642,0.9994068856501125
NCI-H1573,HI-TOPK-032,378,103,1381,179,0.8536215752741267,1.8971677998473473,1.9629089824770496,1.898041624103784
NCI-H1573,Infigratinib,986,149,1381,179,0.8280445441520832,1.4558646556084454,1.5087428193271852,1.4360743183101445
NCI-H1573,Ipatasertib,1803,373,1381,179,0.863217135923155,1.4538132809513409,1.5747609315119746,1.4504791075972876
NCI-H1573,Irinotecan,1263,239,1381,179,0.7786258317922918,1.0824385670495036,1.2913633521038006,1.0933340136002572
NCI-H1573,Ixazomib,350,61,1381,179,0.8586008661814757,2.239331106810054,2.223646379272226,2.197877375668
NCI-H1573,LB-100,577,91,1381,179,0.47596187201516804,1.0073997439357896,1.2026932442239457,0.9633538650269347
NCI-H1573,LJI308,561,57,1381,179,0.534523357205613,0.9977579194571715,1.5431022126044465,0.9839135441478439
NCI-H1573,LY2090314,843,175,1381,179,0.7605310426505573,1.2081225128877737,1.379403506959858,1.200753875694736
NCI-H1573,Lapatinib ditosylate,1318,200,1381,179,0.6502741916548619,0.9072725648630284,1.0423923075434365,0.8835173794320214
NCI-H1573,MK-3903,391,55,1381,179,0.7635221194138087,1.706648016899868,1.9254208761773781,1.6844473236927902
NCI-H1573,MK-8353,445,88,1381,179,0.5967011616176402,0.9578706345689225,1.2704325771609686,0.9466347524094642
NCI-H1573,ML264,950,122,1381,179,0.8016454420361468,1.1332268212076453,1.467251935225057,1.1424735208555634
NCI-H1573,Methylprednisolone succinate,403,68,1381,179,0.5446325982188407,0.988712811882604,1.3669846570378892,0.9783884077023547
NCI-H1573,Minodronic acid,731,127,1381,179,0.7951100316264147,1.2104472668264008,1.6470330681576504,1.2443675671179837
NCI-H1573,NG25,590,264,1381,179,0.9322019966058698,3.4097009177535065,3.361340157046717,3.3943799585018186
NCI-H1573,NVP-BHG712,599,114,1381,179,0.720685930531835,1.1910262702866006,1.4332409254658622,1.1838706647891954
NCI-H1573,OTS514,346,58,1381,179,0.7902441105355882,1.7967376654171434,1.7895630228004447,1.756698861123616
NCI-H1573,Oleic acid,509,81,1381,179,0.6947293746166348,1.1717983572323796,1.4817494874969872,1.1702315027763486
NCI-H1573,Oxaliplatin,746,112,1381,179,0.6784878497759911,0.9567698442988801,1.2075806131447533,0.9529723029988606
NCI-H1573,PH-797804,919,112,1381,179,0.9435358916589782,3.848205442244971,3.5415471384534856,3.7933410520790014
NCI-H1573,Paclitaxel,2206,333,1381,179,0.7717118392831613,1.1242788441257616,1.3346803909758338,1.1161368195268817
NCI-H1573,Pemigatinib,671,67,1381,179,0.5223836742065735,0.972259819297162,1.3166466083321247,0.9481434079982531
NCI-H1573,RMC-6236,1958,199,1381,179,0.9357638204291002,2.751706137005647,2.720827748142903,2.735840490487362
NCI-H1573,Ralimetinib dimesylate,844,175,1381,179,0.7877364293144848,1.328021224999911,1.518326570929086,1.319781814683544
NCI-H1573,Regorafenib,481,109,1381,179,0.7659155861742974,1.2950212451916643,1.5320353927699497,1.3023085128276257
NCI-H1573,SBI-0640756,294,70,1381,179,0.6158931685706256,1.087402243778662,1.399944724935606,1.0871456630232796
NCI-H1573,Sapanisertib,1621,114,1381,179,0.878325063864378,2.119785971126418,2.169939010709273,2.1118785427746745
NCI-H1573,Sonidegib,304,61,1381,179,0.6199457262472903,1.1118440826299443,1.5257609517629989,1.1253715382655807
NCI-H1573,TAK-733,582,99,1381,179,0.8952523270995417,2.344503416605049,2.40483098599614,2.3310033095552023
NCI-H1573,TAK-901,961,117,1381,179,0.974072188315799,6.19281276403067,5.890869756696514,6.143737284218098
NCI-H1573,Temuterkib,812,118,1381,179,0.5750374751939056,1.1106225502742417,1.3063993915847523,1.0746009795297848
NCI-H1573,Tomivosertib,826,171,1381,179,0.8536200374490207,1.5432783258876084,1.4819841917125862,1.5143050023304165
NCI-H1573,Torkinib,245,62,1381,179,0.5471921918827487,1.140509066508059,1.533915234768229,1.1442334542081387
NCI-H1573,Trametinib,1568,145,1381,179,0.9421703168718879,2.7281622331767377,2.8477454388525687,2.7259177954016933
NCI-H1573,Tubulin inhibitor 6,541,84,1381,179,0.5340234087516061,0.929990106795431,1.1348323820587805,0.9007149335927307
NCI-H1573,Tucatinib,1259,187,1381,179,0.7198127898996857,1.0443731553704223,1.306998520617367,1.038587135421406
NCI-H1573,ULK-101,375,50,1381,179,0.5624248659740809,1.0378536129020044,1.4982533800359088,1.0255641286624557
NCI-H1573,Vemurafenib,1105,168,1381,179,0.7662525777468497,1.217837600303774,1.3190561434352974,1.194068092407643
NCI-H1573,XRK3F2,1527,177,1381,179,0.8248224679588794,1.3752135585298617,1.520602068684786,1.3668015657712997
NCI-H1573,c-Kit-IN-1,576,81,1381,179,0.8694939570246059,2.221883588883863,2.1684265632212543,2.1868180012813383
NCI-H1573,olaparib,303,53,1381,179,0.6246530007800353,1.109364924309066,1.6732000017209763,1.1309214566356303
NCI-H1573,palbociclib,684,75,1381,179,0.7133600729976172,1.9511265700201952,2.0591171340858416,1.9075661765630385
NCI-H1573,venetoclax,498,99,1381,179,0.9359435852852334,2.821390597914053,2.9153994517727138,2.822809253251343
NCI-H1573,vincristine,434,66,1381,179,0.8823920994057722,2.8452139034049786,2.8015801720303983,2.8058727936741445
NCI-H1792,9-ING-41,1701,156,1113,133,0.38077053982869913,1.4573376422918356,1.5623564973598536,1.3915663443538349
NCI-H1792,APTO-253,733,77,1113,133,0.5171386734690034,1.2357005291225536,1.4929964848908923,1.200174343091876
NCI-H1792,AZD-8055,805,60,1113,133,0.7539810072824097,2.175593221214738,2.0624858356893556,2.1218268985533024
NCI-H1792,AZD1390,593,102,1113,133,0.4972051662131298,1.3979508333739186,1.8648343133118637,1.3645995944397327
NCI-H1792,Abemaciclib,398,58,1113,133,0.8461179889889755,2.840985920618438,2.8354678608617467,2.802316998007633
NCI-H1792,Anastrozole,671,67,1113,133,0.5397389701550246,1.2810834572159766,1.6603055926668844,1.2481455560300985
NCI-H1792,BAY1125976,1757,102,1113,133,0.7527520489812239,1.9164683076097813,2.0397426891064274,1.9218637488212738
NCI-H1792,BI-78D3,1086,117,1113,133,0.4688397320247307,1.1020345935141533,1.4018822115715082,1.0672823521765824
NCI-H1792,Bentamapimod,986,71,1113,133,0.6383290980850057,1.6708482786304937,1.7178501343988386,1.6287470495966285
NCI-H1792,Brivudine,797,107,1113,133,0.8861765462297498,3.1029387001237403,2.8495728102863263,3.045003693173282
NCI-H1792,Celecoxib,492,64,1113,133,0.45010580594256505,1.0536090645168465,1.4931228010511146,1.0236417613889195
NCI-H1792,Dabrafenib,2309,118,1113,133,0.8081196655611811,2.067626827927736,2.148965820327106,2.0786761893333976
NCI-H1792,ERK5-IN-2,1588,98,1113,133,0.5668767943309795,1.6645732071625228,1.6757000819201,1.6411614746989236
NCI-H1792,ETC-206,613,61,1113,133,0.4339209733349675,1.0171143318983928,1.5701696240091203,0.9948528245278453
NCI-H1792,EX229,413,53,1113,133,0.8487657321747069,2.907933735228551,2.7599397501728027,2.8519779651184023
NCI-H1792,Encorafenib,1403,117,1113,133,0.7774601949328053,2.0179612158818445,2.0264132162539092,1.9848180545562764
NCI-H1792,Erdafitinib ,696,68,1113,133,0.4780939110619602,1.2680421209498773,1.6529919199108147,1.2344816207015512
NCI-H1792,Everolimus,1661,197,1113,133,0.6049880521803725,1.0342161608840448,1.3708327120676256,1.0188773206547743
NCI-H1792,GSK1059615,797,77,1113,133,0.7848985025599714,2.4207398111510647,2.31873103094962,2.365848210554045
NCI-H1792,Gemcitabine,1039,107,1113,133,0.5227977609884451,1.1917410526957726,1.5302142259503475,1.1555678109553889
NCI-H1792,HI-TOPK-032,339,60,1113,133,0.8372025672510242,2.5854936480446717,2.497185882985366,2.546910241155004
NCI-H1792,Ipatasertib,1526,127,1113,133,0.7454547525683024,1.9881006253996198,1.9408540287257543,1.944949107476087
NCI-H1792,Irinotecan,1208,166,1113,133,0.6355268135013905,1.2083066570271315,1.3603115599099729,1.1801384913842972
NCI-H1792,LB-100,606,70,1113,133,0.3971367614824584,0.9667928531583556,1.3831116289882197,0.9327091803567227
NCI-H1792,LY2090314,766,82,1113,133,0.5773242788549942,1.2486299120230275,1.471456337003914,1.2179754864733772
NCI-H1792,Lapatinib ditosylate,1190,119,1113,133,0.5257772597724633,1.037050475712124,1.257429578833043,1.0073195135408008
NCI-H1792,MK-3903,480,50,1113,133,0.573914334690875,1.786762395124896,1.893890964885677,1.7233607881555677
NCI-H1792,MK-8353,517,54,1113,133,0.2816959154527421,1.0727154925350904,1.5247512589799832,1.0216171331701547
NCI-H1792,ML264,1074,92,1113,133,0.5853884949077203,1.2577485926044958,1.4387465032352813,1.2361910786608648
NCI-H1792,NG25,415,84,1113,133,0.8627092189366286,3.010976345690277,2.795610116110896,2.953908606993318
NCI-H1792,NVP-BHG712,531,56,1113,133,0.5071574976818577,1.4881481233407086,1.9993341833698377,1.4508890605257057
NCI-H1792,Oxaliplatin,689,62,1113,133,0.4876288425848026,1.182771529155595,1.5097436638977084,1.1428801662727543
NCI-H1792,PH-797804,845,82,1113,133,0.7856225190729461,2.3135974197927394,2.420043691670481,2.274204564112108
NCI-H1792,Paclitaxel,1265,108,1113,133,0.6251405993720982,2.041409184998271,1.7502875495007078,1.968181865171998
NCI-H1792,Pemigatinib,670,60,1113,133,0.4206978673873885,1.0058453075893794,1.4281906209997546,0.9783368842556704
NCI-H1792,Ralimetinib dimesylate,813,76,1113,133,0.6314219668377503,1.7498907455812869,1.7867412621240224,1.6994472057345833
NCI-H1792,Regorafenib,643,72,1113,133,0.7032816851631696,1.8745085105645054,2.014615502430727,1.8303759598530627
NCI-H1792,Sapanisertib,1739,106,1113,133,0.7031874099423961,1.904966122941527,1.80831324758637,1.885666853018176
NCI-H1792,TAK-901,494,66,1113,133,0.9411325955607784,4.83727892593477,4.532694117313413,4.778434547297504
NCI-H1792,Temuterkib,902,89,1113,133,0.546152655842657,1.2838342360137431,1.5560029072727821,1.2561870152801629
NCI-H1792,Tomivosertib,801,107,1113,133,0.647594064936395,1.2511703589373966,1.601460770911659,1.2377798677636629
NCI-H1792,Tucatinib,1313,140,1113,133,0.6243845314704513,1.1579245289807218,1.3545780560516087,1.1334312508664806
NCI-H1792,ULK-101,343,50,1113,133,0.5397704044692193,1.2999350471616498,1.8198933290703951,1.2836823540702127
NCI-H1792,Vemurafenib,939,98,1113,133,0.712976728493902,1.8015239445209736,1.7021613143027865,1.7471312760526794
NCI-H1792,XRK3F2,943,69,1113,133,0.7434626478618568,1.9785098817510618,1.9297731258433073,1.9363756182058023
NCI-H1792,olaparib,369,66,1113,133,0.6112578317702388,1.6210542685770646,2.0947469182392897,1.615957218761772
NCI-H1792,palbociclib,414,53,1113,133,0.6762244469368649,2.002407840208743,1.9746971320202358,1.9371726215596876
NCI-H1792,venetoclax,284,60,1113,133,0.9049268891680364,3.6287726655494805,3.329313814494832,3.575022110642878
NCI-H2030,4EGI-1,541,173,1924,818,0.7893889336240192,1.4174065373023597,1.2082309038709016,1.3259488548807332
NCI-H2030,9-ING-41,1757,836,1924,818,0.7784104390149292,1.4745947759851044,1.0639129515378458,1.2825174344337855
NCI-H2030,APTO-253,733,352,1924,818,0.588322083229789,0.9969721486912925,0.8420439726634469,0.8648356044960739
NCI-H2030,AT7519,1436,585,1924,818,0.761127980279195,0.7642659028865266,0.8401157720209497,0.7445041236580026
NCI-H2030,AZD-7648,541,229,1924,818,0.9062367193849462,2.108608974159841,2.01681585543756,2.0408062658529578
NCI-H2030,AZD-8055,1479,531,1924,818,0.9184569797978155,2.0715817446684146,1.871356119772553,1.9943434315600668
NCI-H2030,AZD1390,701,308,1924,818,0.544393438406024,0.9712618630904841,0.9973960882499396,0.8807977362573867
NCI-H2030,AZD2858,279,111,1924,818,0.598755669674304,0.9306952449607631,1.1477749157979973,0.8981631309099755
NCI-H2030,Abemaciclib,1099,349,1924,818,0.9325979378262914,2.0399950298076277,1.8808925540776167,1.9721828870907852
NCI-H2030,Adagrasib,466,273,1924,818,0.8869456030119401,1.351563360129003,1.190791186114095,1.290992218335101
NCI-H2030,Afatinib,1743,480,1924,818,0.9346987905113968,2.866620305381154,2.39995839987882,2.7617889865092335
NCI-H2030,Alpelisib,1007,329,1924,818,0.930030257874907,2.177218563004528,1.896648332873872,2.0879121610558182
NCI-H2030,Anastrozole,840,419,1924,818,0.8300396138538931,1.0423319221268676,1.0732932150598673,1.0170623912222272
NCI-H2030,BAY1125976,2313,595,1924,818,0.8661169714997563,1.8917998283204707,1.528330313729917,1.8345596003364757
NCI-H2030,BI-3406,1859,629,1924,818,0.921008082914563,2.199139832935767,1.8353533259460502,2.0885991365112475
NCI-H2030,BI-78D3,1499,708,1924,818,0.763576188500535,0.9407196797197381,0.8797253144389298,0.8653337819931828
NCI-H2030,Belumosudil (mesylate),584,225,1924,818,0.791964136115331,1.138445221740708,1.1550396492013844,1.090552721276112
NCI-H2030,Belzutifan,560,192,1924,818,0.8505603951497888,1.5002505674575495,1.4509617255925642,1.443996580734754
NCI-H2030,Bentamapimod,1352,491,1924,818,0.7298881585668168,1.1767230981351542,0.9547017825610156,1.0708348893381374
NCI-H2030,Bimiralisib,3234,841,1924,818,0.9403292585350128,2.929123073714305,2.7156979433943085,2.8826307112700205
NCI-H2030,Binimetinib,725,259,1924,818,0.9267907684497062,2.5599295268293267,2.1072360052581707,2.4105939932625087
NCI-H2030,Bortezomib,172,53,1924,818,0.8607436488651493,2.9764536742536585,3.012751072154936,2.9011685982873785
NCI-H2030,Brivudine,1742,944,1924,818,0.9015560661546979,2.4800506174820436,2.0528436721673544,2.2893588235281337
NCI-H2030,CP21R7,442,238,1924,818,0.805480799413992,1.057754871215336,0.9218847841675808,0.952897111773603
NCI-H2030,Capivasertib,593,278,1924,818,0.7218095626303498,0.734298024798021,0.7905006278960924,0.7102656985879441
NCI-H2030,Capmatinib,702,295,1924,818,0.9049094710190565,1.7947177040760112,1.5454409365750768,1.6885960823737507
NCI-H2030,Celecoxib,638,317,1924,818,0.6615424623123928,0.7173838551559771,0.8341759424060071,0.7009687707679144
NCI-H2030,DT-061,481,264,1924,818,0.8615777516817497,1.6136075962288223,1.4075098599715856,1.4995000354246104
NCI-H2030,DTP3,786,259,1924,818,0.8123355689003336,1.1380632551484982,1.0317929546812428,1.0839358707385494
NCI-H2030,Dabrafenib,2659,786,1924,818,0.8478046776393277,1.5617016102584307,1.2436376494090493,1.4786630185849867
NCI-H2030,ERK5-IN-2,1825,664,1924,818,0.912381002865352,1.7367371698266234,1.6022144107852374,1.6771555818326511
NCI-H2030,ETC-206,778,406,1924,818,0.6507855143464615,0.6692017412052282,0.7342518194020404,0.6450175866101964
NCI-H2030,EX229,804,288,1924,818,0.9165230989130727,2.2680096812584036,2.208438091762817,2.2176330067063255
NCI-H2030,Elimusertib hydrochloride,350,128,1924,818,0.892949802343868,2.503230865046854,2.0016059864906888,2.3188641651771955
NCI-H2030,Encorafenib,2383,840,1924,818,0.9202929260783778,2.1707242079837172,1.875000893221883,2.072578429294646
NCI-H2030,Erdafitinib ,1092,438,1924,818,0.7441450518972349,0.9371002848274225,0.8139352817427675,0.8597632439991336
NCI-H2030,Everolimus,2414,951,1924,818,0.6468768449821618,0.8492721953654475,0.6687566639795677,0.7480367470938017
NCI-H2030,Futibatinib,574,188,1924,818,0.8614776078611222,1.4571911080909536,1.2589938378285703,1.3933882349907942
NCI-H2030,GSK1059615,1855,1040,1924,818,0.9125501581361883,2.2634770621439797,2.2458856057531498,2.218969605185288
NCI-H2030,Gemcitabine,1437,748,1924,818,0.7414819338530417,0.8480188815434686,0.8143000358831736,0.7949891438024855
NCI-H2030,HI-TOPK-032,309,253,1924,818,0.8433565877419287,1.626787730212408,1.4225021043666797,1.5582545930302067
NCI-H2030,Hydroxyfasudil,339,139,1924,818,0.5210994501498104,0.8632683630041311,0.9370529955081284,0.787618109542206
NCI-H2030,IQ 1,548,276,1924,818,0.7394008644783941,1.065230225658992,0.9514580607329841,0.9707660488768545
NCI-H2030,Infigratinib,1247,489,1924,818,0.8590621440060561,1.2010357589748577,1.1254586453732875,1.1499260179472206
NCI-H2030,Ipatasertib,1978,667,1924,818,0.8123351677324322,1.5220475430125397,1.2093869269618203,1.403495077308898
NCI-H2030,Irinotecan,1394,885,1924,818,0.8282001030421406,1.257400845386844,1.1476646018798007,1.2149158972389624
NCI-H2030,Ixazomib,423,230,1924,818,0.8880298801580435,2.539151351819401,1.9310692673127876,2.275679207338199
NCI-H2030,LB-100,749,367,1924,818,0.7610670575086109,1.0744310494464284,0.8548441265794712,0.9543185114686401
NCI-H2030,LJI308,682,310,1924,818,0.8007580878057147,0.9965617725985415,1.1691680961517426,1.0082825073849608
NCI-H2030,LY-2584702 (tosylate salt),248,149,1924,818,0.7523240530805226,1.4235321421651073,1.4587144016365794,1.3951503626865895
NCI-H2030,LY2090314,1038,487,1924,818,0.8320640651151815,1.2492376339945548,1.0815236193410966,1.147214416506507
NCI-H2030,Lapatinib ditosylate,1847,726,1924,818,0.7168920148336586,0.9309488955913965,0.7093745410363547,0.8273247494217554
NCI-H2030,Lonafarnib,120,113,1924,818,0.9173405221990876,3.7690757773873105,3.584308850343923,3.664545776598932
NCI-H2030,MK-3903,668,311,1924,818,0.839214499986288,1.4136035955597144,1.144820361091668,1.281567892211142
NCI-H2030,MK-8353,791,340,1924,818,0.6785785853833598,0.896058164130473,0.8243225488814792,0.8150621078615259
NCI-H2030,ML264,1121,507,1924,818,0.8397925488439761,1.057183768515452,1.0690581748800392,1.0217698121524108
NCI-H2030,Methylprednisolone succinate,420,236,1924,818,0.6641151108229664,0.9037579052036376,0.8572524622275751,0.8334606934770755
NCI-H2030,Minodronic acid,809,381,1924,818,0.7142750805280836,0.9763253541600385,0.881142928597586,0.8898522481081037
NCI-H2030,NG25,767,508,1924,818,0.8402654131547205,2.4317030670848814,2.4315060483382824,2.368588106456149
NCI-H2030,NVP-BHG712,828,321,1924,818,0.7797964212179711,1.3544386218083344,1.1256957111824415,1.2410021273845042
NCI-H2030,OTS514,624,262,1924,818,0.7928067164538406,1.2276082925711944,1.1059583869328047,1.1412565895149789
NCI-H2030,Oleic acid,520,215,1924,818,0.6736693899335846,0.9506082168639136,0.8484658059980938,0.8594814668994205
NCI-H2030,Oxaliplatin,1084,449,1924,818,0.7858897521228524,0.7744060500905935,0.8368291131011579,0.7548226123608996
NCI-H2030,PF-06260933,378,139,1924,818,0.733702737750375,1.389460523074198,1.4606582986960603,1.3342156637131464
NCI-H2030,PH-797804,919,374,1924,818,0.9487826413399073,3.4922038269120845,3.1055605548682825,3.3447601588609372
NCI-H2030,Paclitaxel,2034,1029,1924,818,0.8806214527746048,1.916798388463487,1.5388207458375702,1.7417296049972562
NCI-H2030,Pemigatinib,991,380,1924,818,0.7223882157008583,0.8778023726936097,0.7590429283511892,0.8067110959526159
NCI-H2030,Pimitespib,396,159,1924,818,0.6302347079587574,1.088732956677579,1.0244036746994636,0.9856311930818806
NCI-H2030,Pralsetinib,235,79,1924,818,0.7376108898928208,1.4669613714370848,1.6320403800493353,1.4181550413410617
NCI-H2030,RMC-6236,2419,654,1924,818,0.9320996129114671,2.8476646877258087,2.379025165033157,2.739404155903685
NCI-H2030,Ralimetinib dimesylate,1170,444,1924,818,0.8300891403804316,1.3486517940703713,1.1195163907328507,1.2509544675942783
NCI-H2030,Regorafenib,813,448,1924,818,0.8769991868249002,1.4095388865962362,1.2206549771457822,1.3161931443259294
NCI-H2030,SBI-0640756,384,199,1924,818,0.7313649196495189,0.8617078872202749,0.9045839336441688,0.8261613977977529
NCI-H2030,Sapanisertib,2271,751,1924,818,0.8802233840882033,1.825808451503397,1.5139496381474515,1.7350229120737097
NCI-H2030,Sonidegib,411,243,1924,818,0.7523027591472223,1.053731193954972,1.1698220060298274,1.082055686024382
NCI-H2030,TAK-733,619,225,1924,818,0.9297150679989392,2.3682200608089436,2.3504503562713746,2.3306521838392333
NCI-H2030,TAK-901,993,565,1924,818,0.9648695842201174,5.217454270459681,4.721509971787602,5.002054838682388
NCI-H2030,Temuterkib,1272,473,1924,818,0.8636000651360025,1.380258525633027,1.2253999246785217,1.3155512584675002
NCI-H2030,Tomivosertib,915,577,1924,818,0.9071660304356148,1.3901921960527255,1.4100654349764274,1.4065480733472242
NCI-H2030,Torkinib,347,208,1924,818,0.6983681392580281,0.9467113092948592,0.9169008367007035,0.9057451484321234
NCI-H2030,Trametinib,2149,682,1924,818,0.9448824659741636,2.8450220934529935,2.5920473869260334,2.7650977833793773
NCI-H2030,Tubulin inhibitor 6,556,225,1924,818,0.6990804082683235,0.9069915817466128,0.9641092773999146,0.86076438516432
NCI-H2030,Tucatinib,1759,829,1924,818,0.6535040917202353,0.8163449852370531,0.8699262832386292,0.7677294016173022
NCI-H2030,ULK-101,607,267,1924,818,0.7085128727731617,1.0187976824246794,0.9773450289900276,0.943941811851132
NCI-H2030,Vemurafenib,1567,638,1924,818,0.9101683962215378,2.035549037988535,1.6401170149862385,1.8899235145916677
NCI-H2030,Volasertib,406,182,1924,818,0.5861020151956294,0.7204503213340273,0.9407606422895678,0.7129926146655244
NCI-H2030,XRK3F2,1988,573,1924,818,0.9162306578605612,2.2421944717161244,1.7157272528192127,2.119015482925017
NCI-H2030,c-Kit-IN-1,539,227,1924,818,0.932495671148155,2.105352312917998,1.9495141285146584,2.0306375506080325
NCI-H2030,olaparib,395,200,1924,818,0.7044452732150026,1.1297520112613835,1.0676042175623497,1.0500428818108931
NCI-H2030,palbociclib,920,269,1924,818,0.8937015768613569,1.718602235624439,1.598460738266423,1.6769653370453648
NCI-H2030,venetoclax,674,312,1924,818,0.951884790659013,2.793630221802701,2.4548872438919966,2.6649082893832636
NCI-H2030,vincristine,437,202,1924,818,0.850470103393979,1.407141326028467,1.6930361705549708,1.448977931765992
NCI-H23,4EGI-1,416,136,894,544,0.678347140821433,1.4096471658293557,1.2766133049414012,1.2876242785082561
NCI-H23,9-ING-41,964,522,894,544,0.6923426773433549,0.8742178819942965,0.884246578637075,0.8159675677958294
NCI-H23,APTO-253,614,302,894,544,0.6608970551112157,1.119224157129557,0.9031391718629111,0.9722678026665496
NCI-H23,AT7519,690,369,894,544,0.6269297961326222,0.7472812589777758,0.7058002022432212,0.6661663541772721
NCI-H23,AZD-7648,273,198,894,544,0.8552967506579563,1.6726499231969088,1.5775588117182076,1.586757548459451
NCI-H23,AZD-8055,684,234,894,544,0.8436323064866288,1.4630054187955281,1.5134561880443391,1.44948282881758
NCI-H23,AZD1390,481,178,894,544,0.4546089694105034,1.099110309740969,1.0942355907389025,0.9804955813291556
NCI-H23,AZD2858,194,130,894,544,0.4963608507452865,0.8749393728087499,0.8628375870042562,0.7634892297593494
NCI-H23,Abemaciclib,313,314,894,544,0.861310456140814,1.5527089867553985,1.3394347642028654,1.4373470842699219
NCI-H23,Adagrasib,264,158,894,544,0.7686535192138392,1.1422131911204623,1.1380954454175027,1.0763038707143224
NCI-H23,Afatinib,824,320,894,544,0.9044066270995628,1.9821828635913354,1.9162218261872923,1.9427118875059342
NCI-H23,Alpelisib,230,108,894,544,0.8290179273691168,1.7322936610617181,1.900908030710456,1.707992618309451
NCI-H23,Anastrozole,504,279,894,544,0.6862880574039993,0.7196865145558008,0.7239891028593548,0.6632844080033592
NCI-H23,BAY1125976,1231,325,894,544,0.7659886904346029,1.574458374635364,1.1306209452048177,1.4853990093515006
NCI-H23,BI-3406,565,195,894,544,0.8679623350076694,1.8551626848595344,1.9044294930216918,1.8297184621092661
NCI-H23,BI-78D3,752,391,894,544,0.6707652668969754,0.7136366933129811,0.7618600322556882,0.6789657831563509
NCI-H23,Belumosudil (mesylate),328,151,894,544,0.5970843423432315,0.8543442331182669,0.883561286157502,0.7768977616880812
NCI-H23,Belzutifan,400,170,894,544,0.7663253136479876,1.2995228844740958,1.2455471124313082,1.2098015473060129
NCI-H23,Bentamapimod,551,367,894,544,0.6671379557820697,0.9535890194695051,0.819556492073907,0.8276344528032455
NCI-H23,Bimiralisib,1119,298,894,544,0.9215206096039624,2.1858955950998262,2.1353993232329036,2.1743908105140797
NCI-H23,Binimetinib,295,123,894,544,0.8571406085038138,1.9258138511911858,1.9088056559701347,1.8577028606400823
NCI-H23,Brivudine,397,192,894,544,0.9326990151130476,2.5088876749390883,2.497082774213606,2.463835786887808
NCI-H23,CP21R7,351,206,894,544,0.5534344311274955,0.7410057267894598,0.828971224380334,0.684734513321116
NCI-H23,Capivasertib,286,169,894,544,0.608843152080907,0.8993136115250342,0.8451653411045272,0.7935515819500439
NCI-H23,Capmatinib,243,150,894,544,0.8667754811492002,1.7925302870295703,1.949031653029807,1.7924282570428534
NCI-H23,Celecoxib,423,260,894,544,0.6742471151565984,0.8198333383852225,0.780410989272197,0.7416380429270539
NCI-H23,DT-061,238,199,894,544,0.7309256385277902,1.191272726415408,1.0562868711089255,1.0841420232617751
NCI-H23,DTP3,435,206,894,544,0.6646842429368509,1.0230878833856007,0.9100152611103945,0.9051105958124571
NCI-H23,Dabrafenib,1503,549,894,544,0.7084313904148648,0.9735872941058958,0.8466376469336913,0.9295804330980301
NCI-H23,ERK5-IN-2,986,428,894,544,0.7937323017306979,1.199427018127812,1.1067774290621144,1.138010626052436
NCI-H23,ETC-206,477,282,894,544,0.4998023134674839,0.7620364574722891,0.6725179682867523,0.6394420775008826
NCI-H23,EX229,360,170,894,544,0.7718567408780385,1.5415719478592178,1.4294857430221128,1.4224412050140154
NCI-H23,Elimusertib hydrochloride,187,84,894,544,0.8728498442178718,2.0174457742027556,2.0695583244709175,1.9635109985666834
NCI-H23,Encorafenib,1216,623,894,544,0.9149151675015409,2.0967986784405883,1.9304030020258096,2.0036638498018027
NCI-H23,Erdafitinib ,522,294,894,544,0.5766565743783667,0.8193587153421531,0.8553556876231163,0.7436457778844523
NCI-H23,Everolimus,958,779,894,544,0.6972394109843296,0.7860887497709086,0.7388020190978192,0.7242701065942986
NCI-H23,Futibatinib,316,133,894,544,0.7203021434286195,1.0718492048150825,1.029214696892799,0.9884924696087819
NCI-H23,GSK1059615,529,290,894,544,0.8010199015308749,1.3931539089692027,1.7377695612185098,1.4354894877993085
NCI-H23,Gemcitabine,636,328,894,544,0.6259880626696137,0.7172194034913061,0.8748321538531924,0.6912828366050547
NCI-H23,HI-TOPK-032,218,215,894,544,0.8213026830506771,1.6423376248425778,1.6117043349762985,1.6122477033426867
NCI-H23,Hydroxyfasudil,323,145,894,544,0.513090349835877,0.7728173051307632,0.8213931564280879,0.6955748863234893
NCI-H23,IQ 1,345,126,894,544,0.6004854619965304,0.8228228199584275,0.9387893543734038,0.7870362229252175
NCI-H23,Infigratinib,445,244,894,544,0.705431834690273,1.156119566984255,1.2230851960936533,1.0952603938610168
NCI-H23,Ipatasertib,895,580,894,544,0.8114157213502753,1.0414167671009875,0.9960725108780981,0.9759788890164964
NCI-H23,Irinotecan,621,572,894,544,0.6848495230857123,0.8986178897683051,0.8222055790888089,0.8522005003517896
NCI-H23,Ixazomib,335,142,894,544,0.8473922598981294,1.8886133369519307,1.6237481197653403,1.738577224995101
NCI-H23,LB-100,513,249,894,544,0.7411469850292164,1.1528333473797425,0.905758819327774,1.023381890935429
NCI-H23,LJI308,357,160,894,544,0.5264433954628203,0.8026256335469207,0.7958488331341799,0.7068026946756824
NCI-H23,LY-2584702 (tosylate salt),128,98,894,544,0.6859310898079286,1.3822962877601526,1.1669631896926678,1.2139203958427114
NCI-H23,LY2090314,481,363,894,544,0.6983237566297892,1.0017743553023817,0.8357946250562969,0.8696792464109154
NCI-H23,Lapatinib ditosylate,826,455,894,544,0.730068110476687,0.9149632704364247,0.7656474111027731,0.8078329178329019
NCI-H23,Lonafarnib,174,144,894,544,0.896171884477518,2.228712588837916,2.0354709880482904,2.0971210993706744
NCI-H23,MK-3903,393,194,894,544,0.7744474771771163,1.0332411282471852,1.0370687490415078,0.9944289116162881
NCI-H23,MK-8353,381,182,894,544,0.5920953591498251,0.9120099340935891,0.8178889707196039,0.8042578846288291
NCI-H23,ML264,680,341,894,544,0.7688730392966333,0.9283062609490389,0.8478017661550219,0.8678456596432524
NCI-H23,Methylprednisolone succinate,389,249,894,544,0.6365848014739803,0.834985258348138,0.7993330191105636,0.7492152208398318
NCI-H23,Minodronic acid,400,285,894,544,0.6503763539785878,0.8982843085071999,0.8266162897390529,0.8045658713802263
NCI-H23,NG25,329,295,894,544,0.686903545341735,1.982486545757111,2.3239314077293227,2.0062468129932167
NCI-H23,NVP-BHG712,348,208,894,544,0.5825713034256537,0.8754320667641113,0.827439425192528,0.7704377759701443
NCI-H23,OTS514,224,175,894,544,0.6716671609365775,1.1371254052166702,1.067188318879448,1.0398605871885036
NCI-H23,Oleic acid,338,235,894,544,0.6967531227913393,0.9322258123651418,0.8914804932704862,0.8498861650627683
NCI-H23,Oxaliplatin,414,317,894,544,0.732249796203053,0.9497463861984867,0.8648864642069902,0.8763369152633566
NCI-H23,PF-06260933,328,138,894,544,0.6658227500131279,1.1530291740773353,1.0022822274042071,1.0324330772271408
NCI-H23,PH-797804,509,228,894,544,0.8993490462784434,2.0338377397287704,1.9191211546289086,1.9292792740757605
NCI-H23,Paclitaxel,1002,541,894,544,0.8540766610644437,1.301026836373402,1.322150461495826,1.2669730469406506
NCI-H23,Pemigatinib,416,227,894,544,0.6263669182763851,0.9015122481888783,0.7982410941116066,0.7913779364904873
NCI-H23,Pimitespib,237,193,894,544,0.698480477869401,0.9960359431789189,1.0040836525940295,0.9543115157404348
NCI-H23,Pralsetinib,118,60,894,544,0.6290120780608677,1.4051613281575095,1.3251123111799563,1.2495336815325573
NCI-H23,RMC-6236,951,253,894,544,0.8472759113927343,2.052448029977881,1.9486766632503016,2.0068516052449743
NCI-H23,Ralimetinib dimesylate,443,281,894,544,0.6796254461301957,0.9813097330036797,0.9441254521019883,0.8912009360426183
NCI-H23,Regorafenib,383,284,894,544,0.8667153121474374,1.5302218166680193,1.5817748612807612,1.5106236892349194
NCI-H23,SBI-0640756,239,157,894,544,0.5307431709550601,0.8755161518726122,0.8552526922942546,0.7661391075280031
NCI-H23,Sapanisertib,1167,302,894,544,0.7476843772303197,1.5189936285642616,1.0850416110208398,1.4562606552649475
NCI-H23,Sonidegib,213,144,894,544,0.5630568371028507,0.9198429039794328,0.9857719811658786,0.8522096074860669
NCI-H23,TAK-733,265,242,894,544,0.8605347819558363,1.708872158963385,1.4243883869699874,1.5470523711984148
NCI-H23,TAK-901,138,59,894,544,0.9079521548049333,3.8950726683006724,3.144084954679975,3.5875558498025213
NCI-H23,Temuterkib,680,352,894,544,0.7394884728058079,1.083839421233925,0.9538839830787116,0.9884634105807572
NCI-H23,Tomivosertib,684,430,894,544,0.8251049600733178,1.035052571433491,1.0793145064397893,1.0081285901418058
NCI-H23,Torkinib,178,112,894,544,0.6132220672105833,1.035492784689543,1.0588663429756817,0.9467427679832384
NCI-H23,Trametinib,816,267,894,544,0.9043256287139606,2.1557276855177903,2.2213086050003463,2.1401884464902374
NCI-H23,Tubulin inhibitor 6,345,185,894,544,0.6199243181234317,0.8977370332139036,0.8254032395483983,0.7921009908150245
NCI-H23,Tucatinib,919,535,894,544,0.76687751885046,0.9639855724374188,0.8142318140383105,0.8598385457898008
NCI-H23,ULK-101,333,183,894,544,0.5885619327899922,0.8815218917205055,1.0047575529677766,0.8269934778811658
NCI-H23,Vemurafenib,695,310,894,544,0.8501226326234093,1.5135643172469557,1.4869015218817458,1.461468741828323
NCI-H23,Volasertib,305,146,894,544,0.4480442881537662,0.7971903096355666,0.8067695623961183,0.6868136276142834
NCI-H23,XRK3F2,1021,328,894,544,0.8937324423917915,1.6496791116813958,1.688083005487712,1.6478464543295221
NCI-H23,c-Kit-IN-1,269,197,894,544,0.7875053781515806,1.5714723246420772,1.247560446889903,1.3711021868598188
NCI-H23,olaparib,298,181,894,544,0.5332820751552088,0.8776071100140386,0.9117138594425194,0.7856071410439324
NCI-H23,palbociclib,460,188,894,544,0.7862561231291795,1.3164970455626674,1.2161891345389644,1.2262360688997962
NCI-H23,venetoclax,164,187,894,544,0.8830141836552975,2.1249536686902077,1.9442361877301597,2.0007870060255786
NCI-H23,vincristine,212,213,894,544,0.8599957387398939,1.7039284836111057,1.6079615052984606,1.6379873957891429
NCI-H2347,4EGI-1,649,343,1825,1068,0.5944616485408754,1.5741138878926466,1.4982427228919062,1.4026413868607213
NCI-H2347,9-ING-41,1556,1040,1825,1068,0.8812525208228089,1.0527090574392355,1.0168335067658374,1.0031129076406613
NCI-H2347,APTO-253,878,453,1825,1068,0.8530833913407044,0.991924869126511,0.9966857352695131,0.9660169978838282
NCI-H2347,AT7519,1058,688,1825,1068,0.8530254378265822,0.7995166020619482,0.7595974158684324,0.7588982843603747
NCI-H2347,AZD-7648,590,315,1825,1068,0.8919404359402993,1.4922489356876967,1.3896873802908505,1.4205618908102169
NCI-H2347,AZD-8055,1481,616,1825,1068,0.9040702326286122,1.5638902428340857,1.4054838630933575,1.5058444065230596
NCI-H2347,AZD1390,780,601,1825,1068,0.4314360239654063,0.9755751327547119,1.018606225447916,0.8532202532075309
NCI-H2347,AZD2858,302,142,1825,1068,0.6599550859601356,0.8569816559142559,0.9265823397189716,0.8141975886228223
NCI-H2347,Abemaciclib,766,539,1825,1068,0.8625883569983884,1.6209826427227865,1.4730095901128586,1.5214799679273496
NCI-H2347,Adagrasib,541,374,1825,1068,0.7652844094231771,0.7108747912906348,0.7024244999656852,0.6753072797921161
NCI-H2347,Afatinib,1488,579,1825,1068,0.9174138173610873,1.9047674362617346,1.6660100639507875,1.8215856156150576
NCI-H2347,Alpelisib,1197,561,1825,1068,0.9000947168238013,1.411478781534701,1.1926323405181498,1.3214043098533415
NCI-H2347,Anastrozole,784,656,1825,1068,0.831384782562968,0.7857895280947925,0.780993284897847,0.7625893342735627
NCI-H2347,BAY1125976,1604,566,1825,1068,0.8853141932766563,1.716739454669187,1.443898987496398,1.6504431157373913
NCI-H2347,BI-3406,1584,886,1825,1068,0.910861887165482,1.464086255111541,1.3130932218246463,1.3827507454998038
NCI-H2347,BI-78D3,1139,719,1825,1068,0.857035139275062,0.9037653932804472,0.9103871158996462,0.8718843627173124
NCI-H2347,Belumosudil (mesylate),627,247,1825,1068,0.8399163101125234,1.2247807113028988,1.110313291164422,1.169514682324045
NCI-H2347,Belzutifan,538,167,1825,1068,0.8879620368534992,1.6278199289747506,1.5414413436329801,1.5935486938584928
NCI-H2347,Bentamapimod,981,597,1825,1068,0.8651213233440133,1.054416470707792,0.9317383146428866,0.9754777444403105
NCI-H2347,Bimiralisib,2569,806,1825,1068,0.9450404531926249,2.1105693796236165,1.861816647754011,2.065010738666427
NCI-H2347,Binimetinib,708,364,1825,1068,0.8799264267662722,1.5899470840205678,1.272383088566051,1.445973368577809
NCI-H2347,Bortezomib,325,99,1825,1068,0.916424696954027,3.3706031434230246,3.60961146671829,3.347904689848972
NCI-H2347,Brivudine,1225,1335,1825,1068,0.9402185416781949,2.0586938943505735,1.8657295672598895,1.9704719878277035
NCI-H2347,CP21R7,484,279,1825,1068,0.8153907266741117,0.8574204244999238,0.8429351226111802,0.8160132226828418
NCI-H2347,Capivasertib,709,436,1825,1068,0.7951233074045028,0.7846659418187605,0.7195441176160503,0.7248017332670698
NCI-H2347,Capmatinib,794,410,1825,1068,0.8840191556027399,1.3155682388807666,1.1135340071406157,1.2146975197424164
NCI-H2347,Celecoxib,724,545,1825,1068,0.8031781449517185,0.6958619790815164,0.6986387400205809,0.6655962758110732
NCI-H2347,DT-061,529,341,1825,1068,0.8778434694069903,1.212032392673077,1.1824312503257464,1.166546540876072
NCI-H2347,DTP3,703,347,1825,1068,0.779217297686386,1.0864963637594562,0.9146003277443967,0.9862594187699049
NCI-H2347,Dabrafenib,1916,772,1825,1068,0.9379947278926137,1.454322012135641,1.293663845615623,1.4189946090745023
NCI-H2347,ERK5-IN-2,1733,851,1825,1068,0.8967088865275566,1.4460922430470962,1.5092739146253504,1.4327138745321184
NCI-H2347,ETC-206,805,601,1825,1068,0.7636100543001725,0.6543304422406796,0.718249653449294,0.6465266644668842
NCI-H2347,EX229,719,244,1825,1068,0.9089702962485487,1.6697482636285275,1.5032196770387662,1.5839627647944028
NCI-H2347,Elimusertib hydrochloride,434,248,1825,1068,0.8626716551262386,1.496695847394115,1.2581199131062888,1.3662446482827488
NCI-H2347,Encorafenib,1854,776,1825,1068,0.9124985039971164,1.5377110161299443,1.3946850594774916,1.4826906131181496
NCI-H2347,Erdafitinib ,1048,555,1825,1068,0.8054013235529852,0.8384339600708476,0.8120986346816276,0.7958536290074395
NCI-H2347,Everolimus,1817,1237,1825,1068,0.818998133471906,0.7092185657897506,0.662297013872649,0.6602276956125916
NCI-H2347,Futibatinib,476,158,1825,1068,0.8438003803096353,1.3872858071240675,1.3315912681761475,1.3713759202015676
NCI-H2347,GSK1059615,1557,1027,1825,1068,0.9088503753780875,1.550766988103724,1.7016475748188407,1.5703682570616655
NCI-H2347,Gemcitabine,1556,1095,1825,1068,0.7102059364908232,0.6402213974099962,0.8362027095136305,0.6745597072742824
NCI-H2347,HI-TOPK-032,390,419,1825,1068,0.8963387502192761,1.619957435157201,1.5661339018630638,1.5975385640224362
NCI-H2347,Hydroxyfasudil,435,267,1825,1068,0.7049563194784897,0.8057983338862302,0.828630774622128,0.7548786058958621
NCI-H2347,IQ 1,623,323,1825,1068,0.8670816272808329,1.0236065669221326,1.0316193067950983,0.9964003124557881
NCI-H2347,Infigratinib,1246,567,1825,1068,0.9154519127014751,1.31277360057923,1.155351337265105,1.2456179850321112
NCI-H2347,Ipatasertib,1577,880,1825,1068,0.9086460085952601,1.1197571004251214,1.0665313761239616,1.0784808204716203
NCI-H2347,Irinotecan,1282,797,1825,1068,0.7977983262473756,0.8209127912276801,0.9332337972954455,0.8220544630454267
NCI-H2347,Ixazomib,654,321,1825,1068,0.8905494488070129,1.6431184122243496,1.5804185361158807,1.5879771429099308
NCI-H2347,LB-100,804,529,1825,1068,0.7629896936492364,0.6895243578662472,0.6942865983968837,0.6503681125479716
NCI-H2347,LJI308,465,333,1825,1068,0.7526094083706844,0.7844240404545417,0.7985523657395391,0.7427217105442492
NCI-H2347,LY-2584702 (tosylate salt),276,233,1825,1068,0.7933050254350267,1.217407534917006,1.1327818127938225,1.139058941629812
NCI-H2347,LY2090314,942,507,1825,1068,0.8920310569111977,1.1639698444248727,1.1153388601091045,1.1241867584851326
NCI-H2347,Lapatinib ditosylate,1499,833,1825,1068,0.8544384331981513,0.832144718220558,0.8022360185917873,0.7968331858133687
NCI-H2347,Lonafarnib,59,115,1825,1068,0.9185681790869821,3.3751568630116267,3.0912663247106003,3.241561480012842
NCI-H2347,MK-3903,754,379,1825,1068,0.8777891087398831,1.4025740639918496,1.2825282776979277,1.334122517755057
NCI-H2347,MK-8353,742,447,1825,1068,0.8226186181490528,0.7472915932530504,0.8457145558145241,0.7488013040832389
NCI-H2347,ML264,922,666,1825,1068,0.9029956644277761,0.9978140556586436,1.0743126363948294,1.0005219654053554
NCI-H2347,Methylprednisolone succinate,511,439,1825,1068,0.6107351971327183,0.6276403798023609,0.6232023631536001,0.5772483386331262
NCI-H2347,Minodronic acid,648,424,1825,1068,0.8589077769536215,0.9622640421253634,1.0248689431223024,0.9526820110149035
NCI-H2347,NG25,755,646,1825,1068,0.7921527022017814,1.6835593188833042,1.9852215243152034,1.750798294851375
NCI-H2347,NVP-BHG712,871,479,1825,1068,0.8741885366892342,0.9204040429629,0.9782330030799822,0.9161942984077076
NCI-H2347,OTS514,552,306,1825,1068,0.8205839513037554,1.0896163631670612,1.0935917009411924,1.044981825383372
NCI-H2347,Oleic acid,504,330,1825,1068,0.8177536796031781,0.914694172429785,0.9896088110503104,0.9021341304660372
NCI-H2347,Oxaliplatin,987,577,1825,1068,0.762044240938799,0.6714181775904917,0.7540776349579948,0.6607376100178408
NCI-H2347,PF-06260933,394,160,1825,1068,0.7892985864439959,1.8318523311778763,1.6243475769387956,1.7211304701373016
NCI-H2347,PH-797804,939,473,1825,1068,0.9569342028087114,3.2920938170728222,2.582548851135266,3.017665635078607
NCI-H2347,Paclitaxel,1505,1133,1825,1068,0.89100773613919,1.2118918183024494,1.2000575477679154,1.1657346407649631
NCI-H2347,Pemigatinib,1130,561,1825,1068,0.7865188152763474,0.7444891171813667,0.7585808242493243,0.7244048994581056
NCI-H2347,Pimitespib,433,251,1825,1068,0.7055680776752654,0.6731192897550176,0.7746325745661163,0.6581392872937105
NCI-H2347,Pralsetinib,260,250,1825,1068,0.796961378744256,1.6115437978835343,1.5251421992103147,1.5298218086913433
NCI-H2347,RMC-6236,1829,870,1825,1068,0.9340013506707768,1.7857308984082916,1.5968185133276303,1.7092875491484576
NCI-H2347,Ralimetinib dimesylate,1004,548,1825,1068,0.8777431878846732,0.9792269661707226,0.9496349685380598,0.9453368499006743
NCI-H2347,Regorafenib,874,523,1825,1068,0.8115682507571621,0.8887210383177174,0.8878443601847485,0.849280772131767
NCI-H2347,SBI-0640756,364,253,1825,1068,0.813269853389117,0.9691752197531688,1.0424121317957322,0.9506967560832308
NCI-H2347,Sapanisertib,1759,668,1825,1068,0.8915901888125064,1.8694266550853447,1.5295310307551406,1.777296410476821
NCI-H2347,Sonidegib,428,296,1825,1068,0.7382666254230181,0.94797765824169,0.919092589873155,0.88215671502312
NCI-H2347,TAK-733,716,310,1825,1068,0.8970825995620193,1.7669545132907685,1.6012978638091713,1.67140359169802
NCI-H2347,TAK-901,1607,646,1825,1068,0.9790997166366902,5.8299930264304,4.670939299926924,5.459511200247813
NCI-H2347,Temuterkib,879,551,1825,1068,0.9129473319811727,1.149933248289931,1.2199104029206589,1.1497013949582708
NCI-H2347,Tomivosertib,826,783,1825,1068,0.8441045659089126,0.8617234906356024,0.9174327053349881,0.8966209518198337
NCI-H2347,Torkinib,353,256,1825,1068,0.782480750864609,0.8312891003827804,1.042092139248825,0.8793516265346689
NCI-H2347,Trametinib,1786,752,1825,1068,0.9393391279213404,1.9055361159864999,1.7078875458852687,1.836628336609424
NCI-H2347,Tubulin inhibitor 6,617,407,1825,1068,0.736613508702439,0.7114670659257035,0.7383141159698505,0.6768940321897629
NCI-H2347,Tucatinib,1475,1008,1825,1068,0.8652614072916754,0.8596084971279072,0.8883845326655178,0.8398821561011525
NCI-H2347,ULK-101,522,426,1825,1068,0.7574122490103369,0.8577075114680898,0.8163805938266262,0.7718944587395089
NCI-H2347,Vemurafenib,1531,772,1825,1068,0.8922079575650594,0.9863290294700082,0.94904857113686,0.9591670443356525
NCI-H2347,Volasertib,450,248,1825,1068,0.6324589800807766,0.8790570823311121,0.7146024497747524,0.7561171403907615
NCI-H2347,XRK3F2,1602,653,1825,1068,0.9037741169792283,1.2323603704963468,1.1615165194270336,1.216203512560867
NCI-H2347,c-Kit-IN-1,593,354,1825,1068,0.8623721553438336,1.6401176885645168,1.4662065345826587,1.5264670681908963
NCI-H2347,olaparib,472,326,1825,1068,0.8013789214485452,0.7990629217620786,0.9298265613442438,0.8120068787104134
NCI-H2347,palbociclib,974,327,1825,1068,0.8258946694984441,1.396029268286038,1.1039547273954642,1.291334111149006
NCI-H2347,venetoclax,706,505,1825,1068,0.9206483054192177,2.0129951850354697,1.6223203030025972,1.8265192940766013
NCI-H2347,vincristine,746,453,1825,1068,0.8888308940595522,1.457925943756441,1.2263898818573749,1.3365024260450105
NCI-H460,4EGI-1,801,227,1499,509,0.4786807086508474,1.566874623883369,1.937348873137786,1.46824651993602
NCI-H460,9-ING-41,3870,885,1499,509,0.7524134928752529,1.4377390127393415,1.114635946398957,1.3437534666392497
NCI-H460,APTO-253,1784,395,1499,509,0.674484140758215,1.3461711200246755,1.1946292093685258,1.2662391250077785
NCI-H460,AT7519,1190,374,1499,509,0.6094935810678682,0.9822320632446578,0.9683101293805908,0.9039765515312864
NCI-H460,AZD-7648,817,264,1499,509,0.8401024333697792,2.7516554838844645,2.4396931867787535,2.596426665719692
NCI-H460,AZD-8055,1926,477,1499,509,0.8631825269759472,2.2222037581742167,1.9506649946770434,2.109556397422537
NCI-H460,AZD1390,748,230,1499,509,0.6090953448532666,1.1605334856047214,2.182963874246059,1.2609473885120097
NCI-H460,AZD2858,512,167,1499,509,0.5830043940381127,0.9515626250191732,1.2723796138316352,0.933598948897816
NCI-H460,Abemaciclib,1632,640,1499,509,0.9569082875808004,3.7478765211200438,3.561592451266507,3.6724897411413577
NCI-H460,Adagrasib,534,187,1499,509,0.6823482372629146,0.8894253222415773,1.2373442865188742,0.9081879084774963
NCI-H460,Afatinib,3203,711,1499,509,0.9134334971265314,2.4661649831277304,2.2519579020860565,2.381711829812976
NCI-H460,Alpelisib,580,175,1499,509,0.9004212429000898,2.732562090242775,2.4530942337855968,2.6160401293584825
NCI-H460,Anastrozole,1312,391,1499,509,0.7557470994906167,1.4011214348361083,1.4098511332335724,1.3315412388343097
NCI-H460,BAY1125976,5207,764,1499,509,0.8882156145366324,2.279777679534977,2.2280342108019306,2.2811939326372084
NCI-H460,BI-3406,1674,512,1499,509,0.9156205561042278,3.1911260399923664,2.8265630236805914,3.0566478882263817
NCI-H460,BI-78D3,2737,791,1499,509,0.7667780567750424,1.2358029307296667,1.0960408444995982,1.1642539128729894
NCI-H460,Belumosudil (mesylate),888,201,1499,509,0.41192047803515236,1.0641232222329677,1.3769600866300418,0.9925816595023845
NCI-H460,Belzutifan,880,148,1499,509,0.7845414264888674,1.9194691914749056,1.9251326633728993,1.8305973861389402
NCI-H460,Bentamapimod,2104,745,1499,509,0.8327040683283371,1.3648532126692563,1.2659764836928586,1.298455401689268
NCI-H460,Bimiralisib,3978,879,1499,509,0.9407893256820293,3.396651541319744,3.047955581229842,3.287861623898356
NCI-H460,Binimetinib,649,221,1499,509,0.9054573555954836,3.294095852325258,2.899160334387912,3.139908027102986
NCI-H460,Bortezomib,389,89,1499,509,0.9242509206920467,4.059594207843932,4.007471818022246,3.9855963112724715
NCI-H460,Brivudine,2415,1186,1499,509,0.8955487969714385,2.99277735268828,3.4219879788231724,3.0869619839939197
NCI-H460,CP21R7,743,285,1499,509,0.5754523115297044,1.1526232371130591,0.930393979590533,1.0106432163289736
NCI-H460,Capivasertib,679,243,1499,509,0.5719398350616431,0.9201098627133867,1.1730621775687549,0.8954005403251989
NCI-H460,Capmatinib,603,239,1499,509,0.8616153689807851,2.5089327637247454,2.279931297751126,2.387083139375546
NCI-H460,Celecoxib,718,291,1499,509,0.5855259643436705,0.8353172098885592,0.8699055496300246,0.7761345934172984
NCI-H460,DT-061,466,228,1499,509,0.8079673953719749,1.9402812007268804,1.906624947709146,1.8871556458247718
NCI-H460,DTP3,752,225,1499,509,0.5295572499644271,1.3977556252193386,1.3840904452807576,1.2624791099871588
NCI-H460,Dabrafenib,6178,987,1499,509,0.8519507428045342,2.334225042974341,1.7253327386090085,2.241274106013686
NCI-H460,ERK5-IN-2,4234,753,1499,509,0.8544668905244692,2.190742878171315,1.6597619031134767,2.096748554339806
NCI-H460,ETC-206,1015,361,1499,509,0.5175251287861711,0.8554238709005437,0.8737041856849274,0.7771644717568663
NCI-H460,EX229,1302,442,1499,509,0.9471154821721405,3.7169059179790325,3.2786969060094395,3.571853779190674
NCI-H460,Elimusertib hydrochloride,452,133,1499,509,0.9097011173565691,3.4707910366465033,3.3992477909753487,3.3911101006177247
NCI-H460,Encorafenib,5366,1147,1499,509,0.8603042801554379,2.0460542793821554,1.8669625806605399,1.9718639275946725
NCI-H460,Erdafitinib ,1595,476,1499,509,0.7550040185167792,1.1263249630851642,1.0357041003651348,1.060761639959045
NCI-H460,Everolimus,3080,1235,1499,509,0.6762312112667994,0.8261413967185798,0.9437958678966561,0.8114154588840202
NCI-H460,Futibatinib,460,117,1499,509,0.6704812404836997,1.7332855517221737,1.4854110224828323,1.5956424981337114
NCI-H460,GSK1059615,3056,1135,1499,509,0.8693886544326808,1.9573679066829415,1.8615803522185161,1.884983959603401
NCI-H460,Gemcitabine,1557,532,1499,509,0.5027753778796114,0.9058510172043589,1.7656041683468662,0.9818308654092499
NCI-H460,HI-TOPK-032,628,412,1499,509,0.8696278696417239,2.06521600263539,2.3378352227345855,2.1578854459507832
NCI-H460,Hydroxyfasudil,611,191,1499,509,0.6795711225840334,1.1315225238230175,1.3910568535007388,1.111642498729881
NCI-H460,IQ 1,740,170,1499,509,0.6670717623793608,1.4533672757364258,1.5789038125985353,1.3862138968647248
NCI-H460,Infigratinib,1391,358,1499,509,0.6367363292662703,1.2938144886733245,1.3821691912611747,1.231974937095551
NCI-H460,Ipatasertib,3545,1058,1499,509,0.7859944700251686,1.5537714460230296,1.3070794332363371,1.4413637336640552
NCI-H460,Irinotecan,2292,941,1499,509,0.5068410847032638,1.1381977081797214,2.0312829445486766,1.2315720500055856
NCI-H460,Ixazomib,745,213,1499,509,0.7537091392698694,1.7311559653511936,1.4091683661605718,1.5870678769580668
NCI-H460,LB-100,1047,316,1499,509,0.5639553532248172,0.875677897678338,1.0446229118583243,0.8349362292878147
NCI-H460,LJI308,730,236,1499,509,0.5004781593950747,0.9078502214339573,1.3193657070402005,0.8922533386862511
NCI-H460,LY-2584702 (tosylate salt),149,66,1499,509,0.6854985408623008,1.9147901246388161,1.8060522960502203,1.7829176334631902
NCI-H460,LY2090314,1464,604,1499,509,0.7271689450291363,1.536824740473876,1.0547538106023793,1.3311265046441356
NCI-H460,Lapatinib ditosylate,2183,817,1499,509,0.596190610206471,1.032111524487477,0.8970615965384353,0.9231583260818297
NCI-H460,Lonafarnib,789,193,1499,509,0.8856254811884422,2.5572188897934076,2.971435472069419,2.5782999596126177
NCI-H460,MK-3903,825,216,1499,509,0.7243613049849096,1.5272492170561212,1.4975252166968407,1.4362376097137932
NCI-H460,MK-8353,963,340,1499,509,0.5827137349993692,1.0406228073103947,1.0215530292465247,0.9505693739544963
NCI-H460,ML264,2427,611,1499,509,0.8569875104963047,1.338112655038147,1.315219563018881,1.3138574069963123
NCI-H460,Methylprednisolone succinate,619,243,1499,509,0.6386657151899741,0.9299334304924112,1.0367187487835805,0.8932786869981921
NCI-H460,Minodronic acid,837,391,1499,509,0.6353233996474723,1.0273750602281029,1.0384372141486369,0.9748708815380942
NCI-H460,NG25,827,459,1499,509,0.8678454194975525,2.713453633075761,2.7400788478328537,2.696058631254389
NCI-H460,NVP-BHG712,1171,392,1499,509,0.7390119242559461,1.3304788650669053,1.1946061378398176,1.2348443472574917
NCI-H460,OTS514,320,157,1499,509,0.5334771825845694,1.4231278790932587,1.244543149509388,1.253615254318573
NCI-H460,Oleic acid,760,288,1499,509,0.5703271209445809,0.9196309961334634,1.1261633839543688,0.8890107107681275
NCI-H460,Oxaliplatin,1107,401,1499,509,0.6396552211353155,1.0213015528400016,1.0516361507853402,0.9566118755545618
NCI-H460,PF-06260933,702,220,1499,509,0.6406295081850902,1.855449482658561,2.320039522382212,1.8225836567906324
NCI-H460,PH-797804,1612,287,1499,509,0.9433743978546602,3.188695575774626,3.434992351717474,3.184836706172446
NCI-H460,Paclitaxel,5446,1368,1499,509,0.6419640102553859,1.5929210362808377,1.3574345855194412,1.4719477209001854
NCI-H460,Pemigatinib,1018,292,1499,509,0.5298455768045808,0.9727046363016001,0.9579076245866349,0.8826974760824206
NCI-H460,Pimitespib,414,168,1499,509,0.5846050043793108,1.0873872745262292,1.2004481491637378,1.0288600878603318
NCI-H460,Pralsetinib,528,204,1499,509,0.6846076427499996,1.729387950604257,2.204112869784086,1.7390086279951427
NCI-H460,RMC-6236,3700,797,1499,509,0.9164036505731195,3.4879391582229986,2.9752490776148153,3.347141755147845
NCI-H460,Ralimetinib dimesylate,1779,598,1499,509,0.7720008111272688,1.3944808841389613,1.2010263095383047,1.2910471191208053
NCI-H460,Regorafenib,1290,572,1499,509,0.7495247030924397,1.1959234894899182,1.264105378640075,1.1827029667086482
NCI-H460,SBI-0640756,562,237,1499,509,0.6327601348832683,1.193441562344178,1.352557008595896,1.1374896909138903
NCI-H460,Sapanisertib,5158,813,1499,509,0.8776785238635568,2.040302540082309,1.891208483703955,2.015051228565451
NCI-H460,Sonidegib,342,170,1499,509,0.6506893613655672,1.164529818990961,1.5032799314123437,1.1980617432947374
NCI-H460,TAK-733,884,570,1499,509,0.9450770333252951,3.533848543645165,3.2117169556919425,3.4160280696951686
NCI-H460,TAK-901,3040,501,1499,509,0.9684933161885892,6.590982540628277,6.218408177174501,6.503247545388317
NCI-H460,Temuterkib,2209,549,1499,509,0.8084737792040108,1.587248859380221,1.2787580839595494,1.4901408475869882
NCI-H460,Tomivosertib,1797,533,1499,509,0.8429874953864084,1.3860633252774062,1.6339112073683257,1.402866393551331
NCI-H460,Torkinib,362,150,1499,509,0.6561702547916286,1.153932168784478,1.349979545816643,1.1350080127769
NCI-H460,Trametinib,2887,626,1499,509,0.9477925846227362,3.3734054761337418,3.1302203803753086,3.287981467151683
NCI-H460,Tubulin inhibitor 6,662,237,1499,509,0.6210185017563128,0.9750216112241418,1.0680004382579895,0.9220720450054578
NCI-H460,Tucatinib,2743,881,1499,509,0.7305194811501313,1.1154831974403867,0.9536057341834141,1.0254043804342872
NCI-H460,ULK-101,467,191,1499,509,0.7161517745812771,1.2610839073193825,1.3465632027260286,1.21746907097215
NCI-H460,Vemurafenib,2582,698,1499,509,0.8424612193378781,1.841957596130953,1.5160677943369798,1.7292166777354465
NCI-H460,Volasertib,953,267,1499,509,0.6310887933282204,1.0320572143791553,0.9735070242549417,0.9556929385988284
NCI-H460,XRK3F2,3683,731,1499,509,0.8843403244746826,2.116270390259993,1.8840673274539117,2.045458221317054
NCI-H460,c-Kit-IN-1,807,440,1499,509,0.9502205144772903,3.6221986746546824,3.177137259015741,3.4599957215685992
NCI-H460,olaparib,873,304,1499,509,0.5723489402978487,0.9932440086548959,1.3616422567060358,0.9829013080599431
NCI-H460,palbociclib,1152,169,1499,509,0.6712275930424066,2.1843325163997607,1.8785210126139456,2.0473931404931984
NCI-H460,venetoclax,481,448,1499,509,0.9611641880697561,4.047464528232889,3.6729771388279584,3.9125514216218145
NCI-H460,vincristine,324,210,1499,509,0.8401486088417913,1.999535692356137,2.8369749639550963,2.287841380906218
NCI-H661,9-ING-41,60,69,79,69,0.34773978637608866,1.5262161634764737,1.390524134874292,1.2414253748065127
NCI-H661,BI-3406,64,61,79,69,0.11330272984952203,2.2103542574724435,1.5585533269863174,1.4488866213922866
NCI-H661,Bimiralisib,110,64,79,69,0.7191739359942125,3.4011738349450185,2.1178964635168156,2.6771017336994953
NCI-H661,Dabrafenib,101,60,79,69,0.6452376682414896,2.4125596037327077,1.7820025059594182,1.910568275652337
NCI-H661,Everolimus,102,83,79,69,-0.07031108190126788,1.5043187749070566,1.525429985457294,1.0378988950572132
NCI-H661,GSK1059615,81,57,79,69,0.722171111503272,2.620360726647472,2.273876253535437,2.2726837760347363
NCI-H661,Ipatasertib,63,52,79,69,0.6632347044670857,2.2700695042182364,1.8661693669359505,1.8957643392587387
NCI-H661,Lapatinib ditosylate,64,55,79,69,0.1318400886009533,1.6142812053188613,1.2568514769085497,1.1043132415006045
NCI-H661,RMC-6236,75,54,79,69,0.6787677155067185,2.8300015685781243,1.9684801482387286,2.2400764789042062
NCI-H661,Trametinib,80,58,79,69,0.5475439278776874,2.0647943009478875,1.547793589054827,1.619106872112999
PANC-1,4EGI-1,638,268,1837,1267,0.806914911108126,1.3818336356949226,1.0396524679193373,1.2380446481406677
PANC-1,9-ING-41,1606,1417,1837,1267,0.781803985888564,0.8548061364971538,0.8904541641032159,0.8423370173343249
PANC-1,APTO-253,789,440,1837,1267,0.7531882363724357,0.9627118556761197,0.803752974996679,0.8639233024566209
PANC-1,AT7519,1188,784,1837,1267,0.7581755531825404,0.5705930628152703,0.5244030681040777,0.5202278186913851
PANC-1,AZD-7648,399,343,1837,1267,0.8912358631344488,1.668869847613204,1.39310762222028,1.5250984855038796
PANC-1,AZD-8055,1411,606,1837,1267,0.8460012418794466,1.2638820651128695,1.1610061844065214,1.177026803632603
PANC-1,AZD1390,840,489,1837,1267,0.7985145731166211,1.0329506892205558,0.8518086417992151,0.9265588386619805
PANC-1,AZD2858,184,154,1837,1267,0.5450651020239401,0.7791865193033001,0.7761127842171474,0.7057803585901089
PANC-1,Abemaciclib,487,469,1837,1267,0.8677204847736502,1.6898505108600546,1.4779162392905667,1.5379732335726934
PANC-1,Adagrasib,538,383,1837,1267,0.56714983529007,0.5741573636512357,0.5241649975005057,0.4939825224709496
PANC-1,Afatinib,1680,1001,1837,1267,0.938071856428051,2.0647542334137428,1.871957017514682,1.9569416761526843
PANC-1,Alpelisib,812,481,1837,1267,0.8623748021617622,1.5470051527046675,1.297036734106415,1.3954771161594954
PANC-1,Anastrozole,763,553,1837,1267,0.7903904929012403,0.7508152920207063,0.7931529491376682,0.7309031336496373
PANC-1,BAY1125976,1939,757,1837,1267,0.9391696724532733,1.8468165749009748,1.5559225591109576,1.7960283457525188
PANC-1,BI-3406,1521,889,1837,1267,0.9292834815080532,1.5889844828961448,1.3893208849394367,1.4841205260003314
PANC-1,BI-78D3,1128,887,1837,1267,0.8812516329485401,0.7932527745759528,0.8544375895277181,0.7969545229939182
PANC-1,Belumosudil (mesylate),575,362,1837,1267,0.7191543246778876,0.8840575860617422,0.8296151562588536,0.7969638873267395
PANC-1,Belzutifan,546,254,1837,1267,0.8356804058165173,1.3978446197057062,1.3036177544730696,1.324385881889141
PANC-1,Bentamapimod,869,671,1837,1267,0.8914020185950785,1.1856125821508667,1.0740335935231433,1.1099591439596066
PANC-1,Bimiralisib,2907,1465,1837,1267,0.9177369559096337,1.9260766082122192,1.590279239737099,1.7738208755179845
PANC-1,Binimetinib,565,365,1837,1267,0.8937935207659912,1.5918845386197789,1.3069366710515782,1.4370654667900593
PANC-1,Bortezomib,174,74,1837,1267,0.8538792686077474,2.920690552464388,2.7892208852840685,2.762991250134045
PANC-1,Brivudine,1485,1181,1837,1267,0.9258203331485751,2.3893421305953186,2.0822717148267897,2.2248355150055628
PANC-1,CP21R7,458,340,1837,1267,0.7288618520334293,0.690181408815125,0.8149991765912695,0.6928875377756157
PANC-1,Capivasertib,397,306,1837,1267,0.6910990013155508,0.7893202090249574,0.7567068206227457,0.7233665096844591
PANC-1,Capmatinib,487,383,1837,1267,0.8859981364105678,1.3748163494628607,1.1866781416697805,1.2731762693603164
PANC-1,Celecoxib,529,481,1837,1267,0.7399872166698719,0.6701049243795261,0.6685524896801309,0.6323250895632359
PANC-1,DT-061,393,376,1837,1267,0.7846551176860678,1.1541283046151052,0.945374677963656,1.0470252530163722
PANC-1,DTP3,654,437,1837,1267,0.8836107579068958,1.1275253865356143,1.037850828608097,1.0614189171688149
PANC-1,Dabrafenib,2720,1168,1837,1267,0.91843316049598,1.4707317627717245,1.2497937358471665,1.4156903354902133
PANC-1,ERK5-IN-2,1522,985,1837,1267,0.9013778398628481,1.2911702895519115,1.3282141629488076,1.2738594666595249
PANC-1,ETC-206,717,605,1837,1267,0.6387172462007307,0.5831044586651812,0.6328383709518114,0.563154628233822
PANC-1,EX229,766,340,1837,1267,0.8153205870863595,1.6804582847545189,1.697660405374751,1.6390408703448935
PANC-1,Elimusertib hydrochloride,356,253,1837,1267,0.8975878849796675,1.6610401077620538,1.3907038094085131,1.5144860990066984
PANC-1,Encorafenib,1898,1467,1837,1267,0.9252669822475416,1.4759141226902253,1.4247205472861142,1.4346295526073585
PANC-1,Erdafitinib ,829,542,1837,1267,0.7650755710416605,0.8328046483117119,0.8123006295859576,0.7777336304645315
PANC-1,Everolimus,1896,1532,1837,1267,0.7610626947143756,0.6956989077027529,0.6215094993551483,0.6312134799195079
PANC-1,Futibatinib,488,224,1837,1267,0.8056814919774952,1.092362301177092,0.9855676316236555,1.0260346673047909
PANC-1,GSK1059615,1740,1541,1837,1267,0.922397447597259,1.8694402992590404,1.7833293826578391,1.8037363048723687
PANC-1,Gemcitabine,1124,840,1837,1267,0.7809969643830422,0.7365155808872025,0.7605945457363028,0.7104046083830238
PANC-1,HI-TOPK-032,266,396,1837,1267,0.8340994216495421,1.517208029674749,1.4987973891388606,1.589821654086897
PANC-1,Hydroxyfasudil,388,192,1837,1267,0.6420734583960221,0.6956315205439707,0.745881461111595,0.6424106644440171
PANC-1,IQ 1,507,315,1837,1267,0.815039973476936,0.9335120897161484,0.7997893483125297,0.8458757510606693
PANC-1,Infigratinib,1045,702,1837,1267,0.8555926408479654,1.024731241558251,0.8939565499291765,0.9393331267359748
PANC-1,Ipatasertib,1317,1192,1837,1267,0.919621124414576,1.3056337916274636,1.2438461604047406,1.27205840006026
PANC-1,Irinotecan,1067,987,1837,1267,0.7995413056893468,0.8154067013049063,0.8118211670170355,0.7958042741142899
PANC-1,Ixazomib,466,307,1837,1267,0.8293409773596074,1.4881865343345113,1.2982102398253292,1.3509059009626203
PANC-1,LB-100,660,486,1837,1267,0.7845873529359692,0.6681939865860396,0.643257494162407,0.6192528175901572
PANC-1,LJI308,500,440,1837,1267,0.7452365801574476,0.7355859786873092,0.6328641528205391,0.6699305561166006
PANC-1,LY-2584702 (tosylate salt),254,202,1837,1267,0.8385331153131664,1.2319603338314475,1.2208099850599934,1.1879505506627275
PANC-1,LY2090314,748,688,1837,1267,0.7373667835606742,0.7639548915169904,0.8400235493628426,0.7620183235089646
PANC-1,Lapatinib ditosylate,1310,985,1837,1267,0.7013794688775195,0.6330378882998507,0.6793829186447852,0.6083836022271253
PANC-1,Lonafarnib,271,227,1837,1267,0.9161983992379229,2.390421207697486,2.298949009808304,2.304778186239611
PANC-1,MK-3903,580,469,1837,1267,0.8124049443361844,1.0502767766583436,0.9322020083108905,0.9594464467004667
PANC-1,MK-8353,518,398,1837,1267,0.688400972278874,0.7172288722334286,0.6882883204478931,0.6565929756337284
PANC-1,ML264,881,605,1837,1267,0.9211061636517008,1.0922124756394815,1.061333525528838,1.0590728843380257
PANC-1,Methylprednisolone succinate,471,362,1837,1267,0.7466376978178233,0.6881577544056154,0.6715569349807033,0.6426328838251217
PANC-1,Minodronic acid,640,560,1837,1267,0.7811431597789551,0.7852874198277696,0.7711310402152124,0.7473164917156883
PANC-1,NG25,746,705,1837,1267,0.7080876310784435,1.7193579449677596,2.0397935106683236,1.7863976306331713
PANC-1,NVP-BHG712,563,441,1837,1267,0.8066155288624978,0.9895584261262979,0.9732859107264463,0.9411844708687357
PANC-1,OTS514,403,264,1837,1267,0.8238659009464946,1.0507835652517326,0.9536809177454181,0.9668519610527944
PANC-1,Oleic acid,545,354,1837,1267,0.7483465217107823,0.7866627880820434,0.7561297159601286,0.7251585146250686
PANC-1,Oxaliplatin,687,557,1837,1267,0.7691089740799326,0.6692082558705366,0.6711241336675696,0.6374124760641995
PANC-1,PF-06260933,355,174,1837,1267,0.7681494379515136,1.2454702312914923,1.2194064140845848,1.1947695192923686
PANC-1,PH-797804,797,465,1837,1267,0.9099454698484937,2.1914944688975253,1.9417912929372998,2.0491960049757165
PANC-1,Paclitaxel,1676,1507,1837,1267,0.8882148937320004,1.3340830487475819,1.2794566010084376,1.2876998660711547
PANC-1,Pemigatinib,723,520,1837,1267,0.7404239482073585,0.6645170467761911,0.6479575795312527,0.6174901711904167
PANC-1,Pimitespib,413,274,1837,1267,0.8418483409825277,1.1283728793392216,1.0023834310202968,1.0327023853050725
PANC-1,Pralsetinib,176,173,1837,1267,0.826350292315506,1.520761684291278,1.5046942129455427,1.4704800556438533
PANC-1,RMC-6236,2142,1210,1837,1267,0.9247762007834136,1.827249876057326,1.6146813620478189,1.714871979073442
PANC-1,Ralimetinib dimesylate,702,510,1837,1267,0.8494149409907897,1.0266975561193417,0.9633657088603272,0.965396320942015
PANC-1,Regorafenib,632,593,1837,1267,0.7683861806320869,0.98560581621649,0.9873109147152846,0.987404145041766
PANC-1,SBI-0640756,338,291,1837,1267,0.8557205260710593,0.991244495490684,1.0677552231174143,0.9841761135838508
PANC-1,Sapanisertib,2248,1052,1837,1267,0.9198139993342034,1.7045287923310126,1.4354096265169662,1.610363411112209
PANC-1,Sonidegib,461,300,1837,1267,0.6760252785207834,0.821033998139134,0.6718517859550847,0.6979899427124941
PANC-1,TAK-733,490,469,1837,1267,0.8611496384938143,1.8013049007506183,1.5278295925686165,1.6210394312001417
PANC-1,TAK-901,1103,1034,1837,1267,0.9536619038706767,4.828674074366536,4.608474758437198,4.664361366642142
PANC-1,Temuterkib,933,678,1837,1267,0.8970520014551732,1.1525808933360073,1.164732915381294,1.1271597641573048
PANC-1,Tomivosertib,1039,874,1837,1267,0.8453030742643285,0.8309653807378371,0.8553125795433265,0.80854910588266
PANC-1,Torkinib,233,211,1837,1267,0.7547520998910215,1.033034345984359,0.8371722888761137,0.9024872294252847
PANC-1,Trametinib,2154,1072,1837,1267,0.935526682077951,1.9619320968619716,1.7008777237507424,1.8362960540239395
PANC-1,Tubulin inhibitor 6,461,369,1837,1267,0.7642150128804772,0.7905141748614407,0.7622024756495223,0.7438079709736579
PANC-1,Tucatinib,1399,1064,1837,1267,0.7969369559141357,0.7205298622523808,0.7193860429579217,0.6805173707085348
PANC-1,ULK-101,520,329,1837,1267,0.7478988499077635,0.8337884996853733,0.8392023203225306,0.7812920736559773
PANC-1,Vemurafenib,1231,941,1837,1267,0.889783780906114,1.1881880518820094,1.1742032189179543,1.158569862869894
PANC-1,Volasertib,304,195,1837,1267,0.6787748240911045,0.715910761392797,0.7138276934764383,0.6572160964527758
PANC-1,XRK3F2,1556,815,1837,1267,0.902083507659885,1.2835668888230247,1.1527589719508062,1.2005657949323665
PANC-1,c-Kit-IN-1,515,339,1837,1267,0.8491280384868952,1.5958125611741563,1.543103242498447,1.5188680409917852
PANC-1,olaparib,356,258,1837,1267,0.7255103496228293,1.016912354841119,0.9075526900901563,0.9116259755491068
PANC-1,palbociclib,891,318,1837,1267,0.8582725802258132,1.1880165303881791,1.106434397148754,1.1224562350059926
PANC-1,venetoclax,632,581,1837,1267,0.9068525453666758,1.954692300814636,1.6595755789614064,1.7936082462300775
PANC-1,vincristine,550,382,1837,1267,0.9206364288312777,1.5656606945768028,1.4837736322810948,1.5021379581316046
Panc 03.27,4EGI-1,401,124,1017,431,0.6448389058748341,1.487651803575526,1.6128768556537763,1.4117822871342154
Panc 03.27,9-ING-41,1251,415,1017,431,0.8045576108067586,0.9997034933360613,0.9872655017568639,0.9663650517895499
Panc 03.27,APTO-253,687,186,1017,431,0.712348092990415,1.1048450240246228,0.9995247351962626,1.0327834656795045
Panc 03.27,AT7519,531,227,1017,431,0.6326380365345644,0.7715203237719722,0.9538983722265819,0.7545476330667741
Panc 03.27,AZD-7648,324,136,1017,431,0.7959062793716399,1.7110753430679466,1.6442766229440242,1.6189587690283727
Panc 03.27,AZD-8055,499,211,1017,431,0.8487104325701867,1.6064403457694165,1.585546035550563,1.5491823076152753
Panc 03.27,AZD1390,460,226,1017,431,0.42764667842559734,1.128557645290802,1.8015938806417438,1.152886210307564
Panc 03.27,AZD2858,216,96,1017,431,0.4605587300522793,0.8661117195040855,0.925087636464579,0.7748614468111826
Panc 03.27,Abemaciclib,450,170,1017,431,0.8207571452702571,1.6571462569657454,1.6414870734656597,1.5859541369684909
Panc 03.27,Adagrasib,352,167,1017,431,0.5095697367688983,0.7374444605111278,0.8739295454605466,0.6922709025928062
Panc 03.27,Afatinib,668,267,1017,431,0.8829436549744681,1.7866421474854313,1.6434728932262883,1.7053112697149448
Panc 03.27,Alpelisib,261,135,1017,431,0.7579051035730296,1.6420124385677413,1.4901437609215054,1.5012045325865766
Panc 03.27,Anastrozole,619,272,1017,431,0.6777740123146998,0.8134448938445561,0.8840498958159151,0.7747487294640941
Panc 03.27,BAY1125976,1383,171,1017,431,0.8933043183216082,2.5307238297866426,1.9263868440615424,2.4695372051622053
Panc 03.27,BI-3406,682,315,1017,431,0.8641428665808178,1.4383579778204132,1.3623400770498764,1.3716676707909188
Panc 03.27,BI-78D3,867,372,1017,431,0.7659826824377454,0.877048160123842,0.9083832111398178,0.8411677875806004
Panc 03.27,Belumosudil (mesylate),426,136,1017,431,0.7890886823421532,1.395575771782838,1.407505341129162,1.329343880446833
Panc 03.27,Belzutifan,332,86,1017,431,0.6822023424721135,1.305615853235078,1.277710018792775,1.2172084011117592
Panc 03.27,Bentamapimod,720,301,1017,431,0.7679672984866451,1.1041197994206162,1.0736089886045024,1.041125955365019
Panc 03.27,Bimiralisib,774,247,1017,431,0.9019141654868323,1.7892536689686969,1.771005623039806,1.7618491223962722
Panc 03.27,Binimetinib,283,99,1017,431,0.7103489935959854,1.7466178108539179,1.5181411543112342,1.5993413285298819
Panc 03.27,Brivudine,698,518,1017,431,0.9057039601319351,1.8919440401371093,1.7796721508655506,1.836644870275606
Panc 03.27,CP21R7,356,143,1017,431,0.4873329777251156,0.8136328252460622,0.8623910113852987,0.7329395362069229
Panc 03.27,Capivasertib,350,184,1017,431,0.5598142448687154,0.8554278954392399,0.9265959796283635,0.796991846903055
Panc 03.27,Capmatinib,370,146,1017,431,0.825689809435356,1.4598307476797445,1.4072967634287892,1.394112420021554
Panc 03.27,Celecoxib,448,200,1017,431,0.6158755724381515,0.7738269246305426,0.897688312251265,0.7404877867598134
Panc 03.27,DT-061,282,166,1017,431,0.7501187277516594,1.551698479079197,1.36481181565264,1.404332889384072
Panc 03.27,DTP3,355,147,1017,431,0.7307969349478256,1.2933077057391467,1.2481019322384421,1.2071843694376636
Panc 03.27,Dabrafenib,1743,379,1017,431,0.8973386331445515,1.6690137726039669,1.4461844081438697,1.620162730982467
Panc 03.27,ERK5-IN-2,1298,419,1017,431,0.8814276430236047,1.314308800128138,1.3379521608572797,1.2988789280735002
Panc 03.27,ETC-206,532,257,1017,431,0.5188654532625399,0.6846539711637869,0.8528759579310576,0.6567179011118458
Panc 03.27,EX229,301,104,1017,431,0.8409570388472294,1.7353260076882597,1.7014674447727647,1.6648527966408682
Panc 03.27,Elimusertib hydrochloride,231,103,1017,431,0.7789559712574614,1.5153284505115465,1.538847929449998,1.4488989917471418
Panc 03.27,Encorafenib,1313,439,1017,431,0.8686223188516194,1.4688689539363062,1.3971597062665353,1.4190964192820548
Panc 03.27,Erdafitinib ,665,246,1017,431,0.6970809043674469,0.834051885848599,0.8633160707696275,0.7896640930552242
Panc 03.27,Everolimus,1256,578,1017,431,0.725075188047981,0.7234881815869443,0.7392614608680003,0.6884978831304959
Panc 03.27,Futibatinib,294,88,1017,431,0.7653063755210554,1.3634607960362086,1.4455292329726144,1.3275752619464698
Panc 03.27,GSK1059615,704,364,1017,431,0.9194818798881624,2.0029498946501723,1.9368567772976317,1.9461057290559498
Panc 03.27,Gemcitabine,852,387,1017,431,0.6284471003735917,0.7639489138546771,0.9833206598949734,0.7608691263163562
Panc 03.27,HI-TOPK-032,311,186,1017,431,0.832838205675088,1.6039620327926931,1.5745064689149437,1.5522832270307783
Panc 03.27,Hydroxyfasudil,281,106,1017,431,0.6035942130481471,0.9606633555908447,1.1222305484808661,0.9150170725954628
Panc 03.27,IQ 1,329,107,1017,431,0.7001779870486645,1.3264386931498997,1.4055793349049037,1.27796972929787
Panc 03.27,Infigratinib,691,222,1017,431,0.843942485230878,1.3658587919795282,1.4147196045261168,1.3277387378510752
Panc 03.27,Ipatasertib,1256,410,1017,431,0.8133994268611952,1.1991939650639682,1.1417838883805036,1.1433699872746501
Panc 03.27,Irinotecan,816,434,1017,431,0.6642212756424005,0.8110252871788608,0.8376734460258942,0.7713306498137887
Panc 03.27,Ixazomib,486,118,1017,431,0.8040380030872865,1.4991375655433952,1.497927361754459,1.463475076152808
Panc 03.27,LB-100,499,200,1017,431,0.5294399685052726,0.6881482507150902,0.7991665158120865,0.6430964014062909
Panc 03.27,LJI308,448,156,1017,431,0.5172989479066129,0.7561990254991072,0.9437577735742241,0.7149089688033247
Panc 03.27,LY-2584702 (tosylate salt),173,71,1017,431,0.6021486307282014,1.3455180369425017,1.319855224952051,1.222826999831044
Panc 03.27,LY2090314,655,270,1017,431,0.6880629454392833,1.0091284612000342,1.1351076117845862,0.9722982382382479
Panc 03.27,Lapatinib ditosylate,968,342,1017,431,0.6829693601086368,0.8146313432059475,0.7641296507185538,0.7548880077559048
Panc 03.27,MK-3903,440,177,1017,431,0.8210898198430656,1.3699695518775954,1.2431901292904313,1.2865297943684157
Panc 03.27,MK-8353,460,185,1017,431,0.6014706919371372,0.8964023230359958,1.0151375916031686,0.8455715996800216
Panc 03.27,ML264,800,268,1017,431,0.7655968286867082,0.9431909261416102,0.954497320235022,0.9073839279037047
Panc 03.27,Methylprednisolone succinate,349,164,1017,431,0.5378730106215837,0.6896679211871516,0.8530930214887975,0.6610177083423541
Panc 03.27,Minodronic acid,480,199,1017,431,0.7025882942576203,0.8660022848544191,1.0812973985985772,0.864357438673782
Panc 03.27,NG25,414,219,1017,431,0.631430143025448,2.0410541105526385,2.302204446307672,1.9557370985841376
Panc 03.27,NVP-BHG712,540,217,1017,431,0.6209718346071406,0.8700773299390658,0.9563467235134309,0.8188284100514088
Panc 03.27,OTS514,270,137,1017,431,0.7600402289240311,1.4270481199049143,1.2990087183850831,1.3094340811060041
Panc 03.27,Oleic acid,361,167,1017,431,0.6257739740111988,0.8567622691861496,1.0653074713427417,0.8424712033832154
Panc 03.27,Oxaliplatin,564,295,1017,431,0.6768229378890707,0.7834545918236974,0.9670635444055641,0.7880589555831449
Panc 03.27,PF-06260933,305,73,1017,431,0.7234928607649468,1.9174107902910527,1.6858732367713476,1.802916328682362
Panc 03.27,PH-797804,541,194,1017,431,0.928010916642485,3.0213448945707824,2.494835906325216,2.838648260367766
Panc 03.27,Paclitaxel,1160,523,1017,431,0.8591238035080909,1.2834117419003113,1.2547170366054143,1.2352084731839077
Panc 03.27,Pemigatinib,622,206,1017,431,0.6971365042026577,0.9072001286553317,0.979405450728283,0.8649022026278661
Panc 03.27,Pimitespib,258,123,1017,431,0.5208978612198809,0.8624039211050378,1.056701509418456,0.824111815556358
Panc 03.27,Pralsetinib,263,99,1017,431,0.6465469493380923,1.3290752424623922,1.2925363574898572,1.217729345969057
Panc 03.27,RMC-6236,959,308,1017,431,0.9093900449881404,1.8177196850846289,1.660096380757551,1.7611712624307818
Panc 03.27,Ralimetinib dimesylate,706,276,1017,431,0.7130964136395924,0.9174710723877455,1.0105198063815528,0.8831072354980642
Panc 03.27,Regorafenib,535,268,1017,431,0.6532973085798223,0.9308360529376531,1.0811238645700285,0.9098842281137057
Panc 03.27,SBI-0640756,290,132,1017,431,0.5351882708302197,0.8493135657788823,0.8751277893114442,0.7675782526823467
Panc 03.27,Sapanisertib,1106,281,1017,431,0.8664273843248057,1.6962747581491409,1.467643247286644,1.6372454440569442
Panc 03.27,Sonidegib,253,136,1017,431,0.6407129995668062,1.0080986218966415,1.0527061947813021,0.947128650328422
Panc 03.27,TAK-733,231,109,1017,431,0.809268353398355,1.7027828427323053,1.6091336791322821,1.6088027828622005
Panc 03.27,TAK-901,771,233,1017,431,0.9686545442086233,5.9260841288361625,5.265756655909524,5.7315604617706
Panc 03.27,Temuterkib,734,282,1017,431,0.7655540406400502,0.9662867630650067,1.0066240974620775,0.9298218456082041
Panc 03.27,Tomivosertib,738,347,1017,431,0.7470255220333704,1.0460875126725064,1.0510545323698723,0.9942641368672243
Panc 03.27,Torkinib,222,122,1017,431,0.6625196633953321,1.1049782944179116,1.2850662696880857,1.0866522324243892
Panc 03.27,Trametinib,808,332,1017,431,0.9000856420183738,1.772570919171823,1.723343889054626,1.7230158643363338
Panc 03.27,Tubulin inhibitor 6,467,164,1017,431,0.5435951421071892,0.7124334497967788,0.9747947800783134,0.6930067987861495
Panc 03.27,Tucatinib,1072,411,1017,431,0.7723770528610147,0.839973983624331,0.9290732879377421,0.8246521492443799
Panc 03.27,ULK-101,318,136,1017,431,0.6440314859821691,0.9548140591511496,1.0506591676437909,0.9041138796318272
Panc 03.27,Vemurafenib,813,371,1017,431,0.8709355772572716,1.351083053216369,1.3625905028354266,1.3150921119674788
Panc 03.27,Volasertib,338,127,1017,431,0.4445610325798586,0.7870891063465602,0.9709246152646567,0.7249353216484458
Panc 03.27,XRK3F2,874,311,1017,431,0.8667009618712304,1.4787130660053553,1.4192912328701732,1.432251191029368
Panc 03.27,c-Kit-IN-1,215,126,1017,431,0.8124674135319045,1.7495828293030702,1.747501187700776,1.690776976274439
Panc 03.27,olaparib,430,155,1017,431,0.7042801031277658,1.0446325057702162,1.0765987045431407,0.9900340572881886
Panc 03.27,palbociclib,451,129,1017,431,0.7828552043165796,1.8987040629674896,1.5379246611666366,1.762109625358471
Panc 03.27,venetoclax,154,142,1017,431,0.8572507617892714,2.0018955929449316,1.9271109356779093,1.94303504010711
Panc 03.27,vincristine,328,131,1017,431,0.8635690285958275,1.8894097435940396,1.6223562457565763,1.7657426545102766
RKO,4EGI-1,522,170,585,527,0.6832422625990414,1.637704506079021,1.4548689246742377,1.5269790658469078
RKO,9-ING-41,926,630,585,527,0.8138686609267825,1.349154826752638,1.2899350680141062,1.2874772413752276
RKO,APTO-253,771,348,585,527,0.5580568298419306,1.1281424442654726,1.021808719583016,1.0217317039177078
RKO,AT7519,645,354,585,527,0.4216743679450283,0.8611272491745054,0.9739569503208787,0.8058483676509537
RKO,AZD-7648,247,253,585,527,0.8870785108666843,1.965282980148257,1.8577840134228218,1.8719729696747567
RKO,AZD-8055,941,352,585,527,0.7732040233785326,1.4993388438830797,1.4601034477017143,1.4708492502998067
RKO,AZD1390,343,211,585,527,0.5413524901556916,1.1797312888112859,1.5048992632572062,1.15117506707361
RKO,AZD2858,288,174,585,527,0.4124860100188405,0.8879656471844439,0.9992588464395051,0.7750005463986074
RKO,Abemaciclib,348,306,585,527,0.9284219629328013,2.187550332772389,2.3854664101020644,2.2384928370240793
RKO,Adagrasib,246,212,585,527,0.5671722709238843,0.8987905363058366,0.9596050323053844,0.8179882363011682
RKO,Afatinib,1001,498,585,527,0.8720489490051099,1.768928905886127,1.7781297618666256,1.7319229417377309
RKO,Alpelisib,388,162,585,527,0.7631290386547336,1.5111525255417162,1.249992700064775,1.3463528281666315
RKO,Anastrozole,472,305,585,527,0.5259991957118897,0.7184117869478026,0.852411667986144,0.6778736334131582
RKO,BAY1125976,1258,468,585,527,0.8430639721375375,1.58564880363447,1.7444951423649075,1.631499298278369
RKO,BI-3406,719,468,585,527,0.6255861290874098,0.9098757182709245,0.9012328156275703,0.8337882741581392
RKO,BI-78D3,815,444,585,527,0.6576483778371374,1.0311524936635237,1.078624113025047,1.0081957709634461
RKO,Belumosudil (mesylate),580,204,585,527,0.6571252739336799,1.221510786503341,1.143361621823186,1.1743797700766683
RKO,Belzutifan,474,217,585,527,0.8467146724127095,1.504376028734929,1.4932058535219117,1.4359662317908248
RKO,Bentamapimod,545,378,585,527,0.7674762024244104,1.135431481950339,1.130964857822752,1.083507616932417
RKO,Bimiralisib,1240,735,585,527,0.8851894166173414,2.3419734858756383,2.2959740461197726,2.256568744619713
RKO,Binimetinib,173,185,585,527,0.8650133686966857,2.315546334375086,2.461370399453109,2.3250852892389493
RKO,Bortezomib,231,95,585,527,0.9023451007948309,3.0826442637725555,3.2828762034329095,3.05605686887379
RKO,Brivudine,202,769,585,527,0.9393262693189355,2.7116191522557154,2.7505371790572886,2.758321054379593
RKO,CP21R7,305,210,585,527,0.5783210097027738,0.9613330393152125,0.8685962017990403,0.8268037942005194
RKO,Capivasertib,268,226,585,527,0.5501896038116287,1.0270494842581723,0.9572265569092573,0.8709315293027882
RKO,Capmatinib,185,203,585,527,0.9008199102897935,2.3706466957394574,2.3977544224985623,2.3441056357093517
RKO,Celecoxib,417,311,585,527,0.23768171596420723,0.8883325656505345,0.8533920814526931,0.6842954560492056
RKO,DT-061,194,227,585,527,0.7927624805855201,1.428422997051088,1.4146249182714565,1.3853911641060488
RKO,DTP3,385,217,585,527,0.6371581879576155,1.310815786987597,1.0882559426326601,1.1063712496280873
RKO,Dabrafenib,1494,621,585,527,0.8303352478583134,1.4928357009901314,1.5245076871290646,1.458975857171671
RKO,ERK5-IN-2,1139,478,585,527,0.8219959092276818,1.7133179305610378,1.6027803818995174,1.6625437074425422
RKO,ETC-206,457,346,585,527,0.40640801138102234,0.8031429750075114,0.8907592343638935,0.7030730825104653
RKO,EX229,327,162,585,527,0.8826364885671237,2.3720001620530184,2.2609831068895416,2.275268069778768
RKO,Elimusertib hydrochloride,172,131,585,527,0.9059108363675963,2.601020095632778,2.7599489522181573,2.594494909752085
RKO,Encorafenib,1254,799,585,527,0.8938787976045771,2.1219014682951,2.307815622540932,2.1265597469332347
RKO,Erdafitinib ,645,337,585,527,0.770406185124544,1.1754051835921138,1.1762346650201558,1.1529229874773315
RKO,Everolimus,907,737,585,527,0.7963745803853558,0.904133932131412,1.0296293177428029,0.9075611638808173
RKO,Futibatinib,290,119,585,527,0.7147223079493147,1.4073270341565598,1.205834564198554,1.2430155530749332
RKO,GSK1059615,922,439,585,527,0.937866502773759,2.471494700483503,2.5262618526427207,2.487017264893511
RKO,Gemcitabine,447,449,585,527,0.46976420659799306,0.7945006574806592,1.2138815666643088,0.8731192822934886
RKO,HI-TOPK-032,256,307,585,527,0.9170575246999559,2.459944397063801,2.3310160530727173,2.3472421155012846
RKO,Hydroxyfasudil,340,163,585,527,0.29692569016757375,0.847439796656732,1.0341475448102502,0.7686948117830025
RKO,IQ 1,329,157,585,527,0.7000093779068229,1.1913048565237307,1.2019183060848946,1.1212721700754162
RKO,Infigratinib,566,316,585,527,0.703601030226226,1.1246450779980834,1.2850733079039098,1.1033567883634627
RKO,Ipatasertib,863,729,585,527,0.8620610524217646,1.2951735157603546,1.3242892250818257,1.2648782140373982
RKO,Irinotecan,565,683,585,527,0.6318855447745854,0.9572406677449461,1.6918780218114629,1.2605200277561202
RKO,Ixazomib,522,195,585,527,0.7532222760084346,1.536707477285513,1.5505895555089002,1.4978292284752568
RKO,LB-100,449,333,585,527,0.5005043681217598,0.7370572997126088,0.8049947434013317,0.6742166993007785
RKO,LJI308,275,166,585,527,0.4568899734589857,0.8284094092283143,1.1103817225201342,0.8041467134797784
RKO,LY-2584702 (tosylate salt),69,74,585,527,0.6694854678812054,1.8899119212951172,1.65119753967725,1.6352405197196123
RKO,LY2090314,668,409,585,527,0.5904965578997361,1.0492469849961197,0.8121189766073227,0.87287545727914
RKO,Lapatinib ditosylate,889,538,585,527,0.6369806448534062,1.1003660401082553,0.8647341695019045,0.928110753316186
RKO,MK-3903,353,230,585,527,0.7513566679191995,1.3363799596870602,1.5015220891110492,1.3055563877569996
RKO,MK-8353,308,245,585,527,0.5913446844746388,1.0251452721485657,0.8670254629353347,0.8584233714520277
RKO,ML264,733,402,585,527,0.7657571905631836,1.1816994512653158,1.2950091066937377,1.19703865076951
RKO,Methylprednisolone succinate,420,282,585,527,0.566836742800434,0.8226349479184115,0.8802786472205572,0.726820988008295
RKO,Minodronic acid,475,286,585,527,0.5523929767892376,0.9193568059693057,0.9196698881991272,0.7996060476001704
RKO,NG25,202,407,585,527,0.9010762278760861,3.087813247550492,3.4532834092399396,3.3515829773142336
RKO,NVP-BHG712,404,240,585,527,0.749965514011275,1.199629736263695,1.0899106581622966,1.1171076790603196
RKO,OTS514,131,131,585,527,0.6850882294796881,1.6056828882210405,1.2116103643579117,1.3079477441151695
RKO,Oleic acid,443,291,585,527,0.5940965529754272,0.9254213265866756,0.8859347573388797,0.796851136247648
RKO,Oxaliplatin,459,296,585,527,0.5912786121751882,1.0305719324009945,0.9222311068110872,0.8703601644705736
RKO,PF-06260933,331,194,585,527,0.641001687372906,1.59422765889919,2.603675511845834,1.805876528438118
RKO,PH-797804,448,190,585,527,0.942270912862799,3.523246667559331,3.2805249630810946,3.380125180678195
RKO,Paclitaxel,716,748,585,527,0.8413326322688013,1.8316867584483423,1.4480467826737635,1.5683323096525583
RKO,Pemigatinib,444,220,585,527,0.5313739762898495,1.0675385960871169,1.0638575754677968,0.9836794370673846
RKO,Pimitespib,205,188,585,527,0.495439290068982,1.1108661598093343,0.9080282083152644,0.8813655780284978
RKO,Pralsetinib,141,104,585,527,0.6673157480753771,1.7781733694427946,1.5824142184872476,1.5304312207299169
RKO,RMC-6236,1430,722,585,527,0.8908240831487328,2.117944903274106,2.2202733934122763,2.0912199234816584
RKO,Ralimetinib dimesylate,471,317,585,527,0.6805238574179716,1.1474000921444587,1.1235108728333658,1.0664716378982901
RKO,Regorafenib,431,334,585,527,0.8604272698517431,1.607291685973197,1.8170253834914114,1.626700931943256
RKO,SBI-0640756,285,184,585,527,0.6336656075447639,1.0657304656752122,1.1268136776772235,1.0007633963237375
RKO,Sapanisertib,1671,457,585,527,0.8850444559118364,1.9743336180825255,2.082985988071509,2.0779593741107028
RKO,Sonidegib,139,88,585,527,0.5475597795674912,1.165645285420458,1.3328866633262644,1.0765777743787504
RKO,TAK-733,322,254,585,527,0.9382192433597977,2.55876499035738,2.4980905473819615,2.4876261324408397
RKO,TAK-901,714,482,585,527,0.9432723821721979,3.7442044075540437,3.821783537269575,3.7188460058639197
RKO,Temuterkib,688,326,585,527,0.8094183626247824,1.3752724078845049,1.3924777703051232,1.3810993955361648
RKO,Tomivosertib,462,414,585,527,0.7940272197020397,1.048506070464448,1.3516561784122123,1.129377569519263
RKO,Torkinib,158,98,585,527,0.5410976327835313,1.0863533173055462,1.2561427560915037,0.9930455222255484
RKO,Trametinib,1049,511,585,527,0.9090650030661042,2.4914177110401234,2.502368928598963,2.4298677535396305
RKO,Tubulin inhibitor 6,318,202,585,527,0.5471900345839907,0.8478844874019286,0.7916834954692066,0.7084480236327911
RKO,Tucatinib,811,579,585,527,0.5460715827230544,0.8971805572083876,0.8266345394025197,0.7752424832326694
RKO,ULK-101,164,136,585,527,0.34855230708590346,0.9949859377152335,1.1717277656475247,0.886088767533399
RKO,Vemurafenib,807,490,585,527,0.789895416840319,1.2025683552602409,1.1977150256729798,1.1304746064173927
RKO,Volasertib,359,209,585,527,0.5972338251097383,1.0386992808954163,1.0452101574979842,0.9631183483897868
RKO,XRK3F2,1211,430,585,527,0.8256517182298029,1.410590194337808,1.464071855131367,1.4605075454195904
RKO,c-Kit-IN-1,282,197,585,527,0.9220242308518194,2.356993212228621,2.335322950071182,2.2991024097801196
RKO,olaparib,510,290,585,527,0.4851369134406246,1.014835040648365,0.9458734199581865,0.842611522871887
RKO,palbociclib,561,188,585,527,0.7766459769569591,1.47175624583265,1.3158118823733869,1.3070091734021156
RKO,venetoclax,58,146,585,527,0.9264152714388153,3.518139820904074,3.2384165428510525,3.32431574568991
RKO,vincristine,99,143,585,527,0.7450196724535948,1.5252288007909216,1.484890713493983,1.4071976573477945
RPMI-7951,9-ING-41,1237,192,612,126,0.718814172754336,1.4451552460530794,1.5445088395296651,1.4018316566880213
RPMI-7951,APTO-253,498,84,612,126,0.5255665094421074,1.125375119550565,1.4285666798298176,1.0847982150952749
RPMI-7951,AT7519,360,63,612,126,0.49982639411585694,1.1037541782708749,1.5900752822916298,1.079966980270925
RPMI-7951,AZD-7648,257,59,612,126,0.5856398455528439,1.645861536946753,1.831365442633113,1.5697078192078122
RPMI-7951,AZD-8055,649,104,612,126,0.7455299055359914,2.066056599115332,2.0496512862094187,1.9902710472874081
RPMI-7951,AZD1390,247,59,612,126,0.5710250685252958,1.8429086014382063,2.2376799357487562,1.7844842365530194
RPMI-7951,Abemaciclib,424,82,612,126,0.8510953072345719,2.6000438016744303,2.559045241286461,2.5353659570315235
RPMI-7951,Afatinib,1078,135,612,126,0.8204292576838613,2.1267246308811663,2.010529696795423,2.0732033827838396
RPMI-7951,Anastrozole,440,108,612,126,0.5078816622210768,1.0796170067166324,1.5126220844839142,1.0646055525821911
RPMI-7951,BAY1125976,1294,142,612,126,0.8106435178023624,2.3071878344348056,1.9846472626814935,2.238002420314067
RPMI-7951,BI-3406,637,132,612,126,0.6476052194065811,1.3824789749212634,1.432701697771824,1.31796605668157
RPMI-7951,BI-78D3,876,161,612,126,0.595478378118572,1.0383084151798871,1.365403164610021,1.0199508613163308
RPMI-7951,Belumosudil (mesylate),303,52,612,126,0.6696025059813957,1.8717338139150728,1.919417448591867,1.7842614062372915
RPMI-7951,Bentamapimod,730,144,612,126,0.6064641534832371,1.3899948152524906,1.4423680436792288,1.317569838574853
RPMI-7951,Bimiralisib,903,134,612,126,0.8602174525163924,2.641213326777559,2.580678051970789,2.581854197221527
RPMI-7951,Brivudine,664,148,612,126,0.8628277039157136,2.6045162996067974,2.3512794564153596,2.5163907206422147
RPMI-7951,CP21R7,219,73,612,126,0.4038243871800527,1.1482426855208554,1.5352224935850838,1.0917592443559394
RPMI-7951,Capivasertib,238,51,612,126,0.40693386361727796,1.1875097117484528,1.6711859069040111,1.131882471298903
RPMI-7951,Celecoxib,272,72,612,126,0.36097413496871555,0.9994638616113101,1.4691086331231735,0.9651564833343056
RPMI-7951,DT-061,178,54,612,126,0.49720065020974025,1.4717105814194478,1.7140694533776029,1.4045562245044743
RPMI-7951,Dabrafenib,1682,179,612,126,0.7925668447892581,1.6889984383950396,1.6779336205093747,1.6682812548753068
RPMI-7951,ERK5-IN-2,1122,191,612,126,0.8268372577123834,2.047126743887278,1.9439058469314279,1.9868668369823055
RPMI-7951,ETC-206,377,92,612,126,0.3786160457054062,0.9747075426681001,1.3562626239204099,0.9256040895698915
RPMI-7951,Encorafenib,1671,185,612,126,0.8002066706529195,1.811418943607926,1.842282137728646,1.7778906995238402
RPMI-7951,Erdafitinib ,497,106,612,126,0.62570540016847,1.1766867286290315,1.422163325746988,1.1424309075210666
RPMI-7951,Everolimus,952,206,612,126,0.6096616802581812,1.1752753595434864,1.3474294536308258,1.1313943164177975
RPMI-7951,GSK1059615,650,139,612,126,0.8474583448447155,2.7900937818873963,2.280931653113718,2.6500583069132775
RPMI-7951,Gemcitabine,586,140,612,126,0.5172235951988434,1.2299868888763703,1.3881983206137163,1.1632255220991037
RPMI-7951,HI-TOPK-032,227,90,612,126,0.7432954962293508,2.1869312629401114,2.02094124270176,2.0997283397911546
RPMI-7951,IQ 1,249,55,612,126,0.6776026025812314,1.8024115309604047,1.8626242714724,1.7264737684178724
RPMI-7951,Infigratinib,368,63,612,126,0.6581054035729393,1.695995230478167,1.8312150399387295,1.6390724610421348
RPMI-7951,Ipatasertib,1019,188,612,126,0.7856127312683834,1.7177530003179469,1.7138997074633067,1.6643846224491103
RPMI-7951,Irinotecan,795,177,612,126,0.6569290831576894,1.3744684507877132,1.3716263510970863,1.3097414826848377
RPMI-7951,LB-100,383,75,612,126,0.3998732250463714,0.9737404834837586,1.5112372990076557,0.9400222179204525
RPMI-7951,LY2090314,607,119,612,126,0.4552561394789978,1.0143024539843848,1.32405080865772,0.9661185204897883
RPMI-7951,Lapatinib ditosylate,771,132,612,126,0.4668160854076705,0.9825825144495645,1.2590830644365403,0.9393270367584894
RPMI-7951,MK-3903,261,62,612,126,0.7253254528634823,2.226021720711139,2.0444424940922272,2.1116922746570386
RPMI-7951,ML264,860,153,612,126,0.694833886244938,1.2587881731897201,1.4283498953833147,1.2315954070513597
RPMI-7951,Methylprednisolone succinate,261,64,612,126,0.293199677657743,1.2215683038629497,1.3741958081669772,1.1046053631890511
RPMI-7951,Minodronic acid,344,67,612,126,0.43101689793580766,1.1128507710239994,1.4544172293768916,1.0542138677961226
RPMI-7951,NVP-BHG712,469,99,612,126,0.5680086288459444,1.2162056527815897,1.4861297522155559,1.1709967293662236
RPMI-7951,Oleic acid,298,64,612,126,0.3483124569576739,1.0863290192693156,1.4885565318318468,1.0177167309517219
RPMI-7951,Oxaliplatin,382,92,612,126,0.5502766386450929,1.1785787432742765,1.4057723114755414,1.1323042554146339
RPMI-7951,PH-797804,448,77,612,126,0.9005369874141625,4.173094534377427,3.362474392857863,3.9995370176238305
RPMI-7951,Paclitaxel,1604,262,612,126,0.7532226945263863,1.456459814704511,1.5258388335068536,1.424655728633954
RPMI-7951,Pemigatinib,334,71,612,126,0.5372880571270685,1.4378986835997634,1.8307744149732585,1.3859454334233434
RPMI-7951,RMC-6236,1240,128,612,126,0.8552135321700925,2.3047740358189612,2.2206624228921537,2.2828061057317965
RPMI-7951,Ralimetinib dimesylate,636,123,612,126,0.5508549855633726,1.2508101500795368,1.4636466542586033,1.1940182133155284
RPMI-7951,Regorafenib,374,96,612,126,0.7348516006585052,1.8970107085628432,1.8208176239123344,1.8176536904120548
RPMI-7951,Sapanisertib,1240,148,612,126,0.8465091343567975,2.4859868437378103,2.1599845953157044,2.4102451597077175
RPMI-7951,TAK-901,813,109,612,126,0.9493173221030782,6.49051839958422,4.955269559484128,6.259654834289809
RPMI-7951,Temuterkib,598,121,612,126,0.5935735267752996,1.2072851653387449,1.568104824764165,1.1802635272124573
RPMI-7951,Tomivosertib,538,107,612,126,0.7353159832259137,1.4683342605805638,1.7315939430354406,1.4465292241593446
RPMI-7951,Trametinib,870,161,612,126,0.8739758932739167,2.6801436731851886,2.4340830203142367,2.596907426141695
RPMI-7951,Tubulin inhibitor 6,231,54,612,126,0.30916750213983196,1.1535388458809381,1.7490017004323672,1.0888361335632226
RPMI-7951,Tucatinib,887,147,612,126,0.5310191008197663,1.0895381868219993,1.303449303105378,1.0496375419750605
RPMI-7951,Vemurafenib,967,154,612,126,0.6871868060595656,1.269593735727328,1.4970933168179268,1.2503873635787581
RPMI-7951,Volasertib,271,52,612,126,0.2490618082075446,0.9920669367361098,1.5040729913711461,0.9220383707364009
RPMI-7951,XRK3F2,1070,134,612,126,0.7492737125579726,1.4899173074984782,1.7023307990803398,1.4725066415363148
RPMI-7951,olaparib,318,78,612,126,0.532656346332546,1.3568316257968036,1.8381614256306997,1.332242057103547
RPMI-7951,palbociclib,369,67,612,126,0.5329357586275669,1.4529542481432078,1.7341102089059326,1.388506996476937
SHP-77,4EGI-1,144,111,182,196,0.5448058612953194,1.8536563981177083,1.8517261313404274,1.6622205902494107
SHP-77,9-ING-41,423,283,182,196,0.6044369352214852,1.3897757829066102,1.3321803400257746,1.216993474727787
SHP-77,APTO-253,274,160,182,196,0.45527458284255445,1.2832585140880888,1.3573238194382897,1.1908416636107333
SHP-77,AT7519,119,64,182,196,0.47283322597855365,1.5505745392664272,1.91564769742284,1.5109683305707682
SHP-77,AZD-7648,123,116,182,196,0.6781743208284391,2.3394261540742303,1.925030779113831,1.9442533533085233
SHP-77,AZD-8055,186,119,182,196,0.6543002092036898,2.397151322044856,1.9853305489275086,1.9995817929741964
SHP-77,AZD1390,159,115,182,196,0.39703034847966373,1.6733866897857925,1.957635651134415,1.5120900809591464
SHP-77,AZD2858,72,62,182,196,0.29171032969618843,1.6726722562840406,1.675789433628094,1.3578911201599302
SHP-77,Abemaciclib,164,140,182,196,0.7829549383297671,2.412264357756271,2.0936797650032006,2.140231043500054
SHP-77,Adagrasib,64,81,182,196,0.19951559793012758,1.4557995748748311,1.489984025008204,1.1418220393726934
SHP-77,Afatinib,488,268,182,196,0.8187802324480322,2.5046632984009425,2.106485256347986,2.225842203203725
SHP-77,Alpelisib,70,89,182,196,0.7018284953480721,2.608577504706248,2.0361356073498476,2.1326723940695844
SHP-77,Anastrozole,179,184,182,196,0.41051768070010336,1.442983213713557,1.3051900576255082,1.1512876397988583
SHP-77,BAY1125976,702,254,182,196,0.8068122245936998,2.1146047787081077,2.1467418020256064,2.189856234755147
SHP-77,BI-3406,172,168,182,196,0.71332170752838,2.347352935537025,1.875672372911056,1.9460576933367253
SHP-77,BI-78D3,291,199,182,196,0.4387704628987711,1.3219894500205185,1.1898130957488597,1.1116927095196785
SHP-77,Belumosudil (mesylate),220,117,182,196,0.5265934633228438,1.449291895693876,1.525546728046096,1.3749754261166864
SHP-77,Belzutifan,66,102,182,196,0.6414004411709296,2.3421359073923593,2.002862530984491,1.9459159236557622
SHP-77,Bentamapimod,207,126,182,196,0.48290260020215786,1.390643011210873,1.4985339377995426,1.2826547854855312
SHP-77,Bimiralisib,386,199,182,196,0.8330851252458703,2.5399031863267605,2.2142657856759045,2.279326108977543
SHP-77,Binimetinib,81,68,182,196,0.6809033581329974,2.396549082371057,2.346672700970451,2.1471431626705377
SHP-77,Brivudine,303,190,182,196,0.827274346581775,3.1725644822087746,2.9414406443910113,2.893597665926458
SHP-77,CP21R7,106,109,182,196,0.2991502522642324,1.4621361103518054,1.2666460785421143,1.0994228590671051
SHP-77,Capivasertib,77,96,182,196,0.2846461320573397,1.5710783832641892,1.3326822818516049,1.156578623582231
SHP-77,Capmatinib,86,90,182,196,0.5507247856334281,2.1908399166514783,1.6957170686582541,1.7055457001830039
SHP-77,Celecoxib,141,139,182,196,0.29683396501241593,1.2922666997464585,1.3521316159839367,1.0656504289815378
SHP-77,DT-061,87,110,182,196,0.5434764994052252,2.1035457049255903,1.686349976501133,1.6681392977934066
SHP-77,DTP3,114,139,182,196,0.41423103111317294,1.467957918459106,1.496343603846038,1.2510265244583274
SHP-77,Dabrafenib,778,372,182,196,0.8139764095712717,1.929658633530517,2.0608925820727837,2.000252946770139
SHP-77,ERK5-IN-2,615,299,182,196,0.6374196027869728,1.5948331765616715,1.4064901595023367,1.4832331898212798
SHP-77,ETC-206,123,107,182,196,0.3047481288198424,1.3510112466146302,1.5122423167986607,1.1530228473084077
SHP-77,EX229,115,88,182,196,0.6575702654100977,2.262007501839289,2.301896784415113,2.071320303312852
SHP-77,Elimusertib hydrochloride,84,75,182,196,0.6496628387778965,2.615202295077879,2.127915853269153,2.1493124768141336
SHP-77,Encorafenib,656,360,182,196,0.7578849070917759,1.7669349818581208,1.7038333490510142,1.6625492467485636
SHP-77,Erdafitinib ,239,146,182,196,0.43534141506049373,1.2778937103176926,1.3803456920946753,1.1428953382161757
SHP-77,Everolimus,361,283,182,196,0.40809198364152577,1.1784200998834713,1.2225014586596004,1.000696817243333
SHP-77,Futibatinib,82,88,182,196,0.4600947706071872,1.6191665440355845,1.5889799992412097,1.3704471644262717
SHP-77,GSK1059615,463,273,182,196,0.7757624687221328,2.004817100892882,2.128591785473867,1.9030562394537451
SHP-77,Gemcitabine,204,190,182,196,0.3814436652268216,1.2523356808150135,1.3341315564341647,1.0736386617996418
SHP-77,HI-TOPK-032,107,126,182,196,0.7545671688771997,2.63746256911496,2.3231628371666186,2.3231939748185035
SHP-77,Hydroxyfasudil,132,86,182,196,0.4310297479511076,1.394353330381019,1.5680051020486994,1.2980542950799419
SHP-77,Infigratinib,153,114,182,196,0.5995311775787312,1.6729324632030702,1.7735923988243796,1.5492167442670859
SHP-77,Ipatasertib,379,261,182,196,0.5646920110539895,1.455662298845338,1.3545408297889974,1.2558840315881123
SHP-77,Irinotecan,289,281,182,196,0.5159781432499714,1.3121467256739425,1.4413453805485887,1.2021736596994899
SHP-77,Ixazomib,171,137,182,196,0.7231222015919251,2.1704532051838568,2.035718459089499,1.95957439182088
SHP-77,LB-100,169,140,182,196,0.4613449237429688,1.3533098809997304,1.4007888867153844,1.1942331096145942
SHP-77,LJI308,102,74,182,196,0.3618126136288101,1.5290178862936568,1.594931225208497,1.2729208792301876
SHP-77,LY2090314,273,208,182,196,0.49660690408957714,1.2487329891581624,1.3010502841733194,1.1442594524937717
SHP-77,Lapatinib ditosylate,285,208,182,196,0.41324832190101063,1.205233977158667,1.2403008702956428,1.0329678503715012
SHP-77,Lonafarnib,133,81,182,196,0.5798627156757352,2.1070771526162844,2.063166366739122,1.8864500950931689
SHP-77,MK-3903,154,92,182,196,0.5904753586745051,2.0313236452822427,1.8807515188859512,1.7418976750243111
SHP-77,MK-8353,96,99,182,196,0.19980475718265853,1.473429806683963,1.5512478103909688,1.1746453464723217
SHP-77,ML264,310,188,182,196,0.5835861606897849,1.3696312250639293,1.3637850887500325,1.2682346007961924
SHP-77,Methylprednisolone succinate,145,161,182,196,0.39221935793175294,1.2860305719820238,1.3471297622698448,1.0998358197150135
SHP-77,Minodronic acid,157,143,182,196,0.47225594170533236,1.3874656609493972,1.2964736664713616,1.1678534729167898
SHP-77,NG25,81,152,182,196,0.6837044903264817,2.4913956373216446,2.5223751880704683,2.405916325504174
SHP-77,NVP-BHG712,177,107,182,196,0.5151203599618271,1.4943199864808498,1.5039781251936226,1.3340883773259276
SHP-77,OTS514,56,53,182,196,0.2867169813947739,1.856654768920445,1.6791107010601596,1.424416883769017
SHP-77,Oleic acid,165,144,182,196,0.4178571644296714,1.358485365013229,1.3999544674549735,1.1776161084873062
SHP-77,Oxaliplatin,135,140,182,196,0.3703816169326478,1.4505560916044324,1.3996582762505954,1.181298136800094
SHP-77,PF-06260933,175,76,182,196,0.8107828058078711,2.9100265590308867,3.1314967053990137,2.9822628918035807
SHP-77,PH-797804,275,157,182,196,0.6230689514727819,1.745497885087548,1.5146613726603126,1.5260272984803303
SHP-77,Paclitaxel,487,348,182,196,0.7416892578174724,2.0531304949515436,1.6744434979859286,1.740817615245946
SHP-77,Pemigatinib,154,113,182,196,0.35325912116411284,1.3291451840607278,1.3467256055140913,1.1207284795304306
SHP-77,Pimitespib,52,66,182,196,0.2627904772272498,1.6975467958835073,1.6169151993576396,1.3264400394079279
SHP-77,Pralsetinib,73,62,182,196,0.5451409967550993,2.1556358976871364,2.2695508037299272,1.934956896544344
SHP-77,RMC-6236,550,318,182,196,0.8137638831935451,2.4360885519522943,1.968006466079269,2.113350358369536
SHP-77,Ralimetinib dimesylate,219,138,182,196,0.5002177975781812,1.3756954756776576,1.4450663513488855,1.2295463318132722
SHP-77,Regorafenib,160,135,182,196,0.5913862252285794,1.888192281373329,1.6287614660879062,1.5588196612699947
SHP-77,SBI-0640756,98,90,182,196,0.45769190995574627,1.5573453261633983,1.6364005279868958,1.376247793736431
SHP-77,Sapanisertib,676,294,182,196,0.7652975457063549,1.938829566992245,1.763661313192648,1.8869671594388018
SHP-77,TAK-733,120,113,182,196,0.7469357339611329,2.3585608484863427,2.2167743883645983,2.1303404434161797
SHP-77,TAK-901,548,213,182,196,0.9085265096973764,3.9265535872278114,3.843574626259459,3.79385961774031
SHP-77,Temuterkib,281,163,182,196,0.5465012184009308,1.3172446593249258,1.3739397584924224,1.2421051657135962
SHP-77,Tomivosertib,124,134,182,196,0.5414423741061426,1.5395858847264132,1.8465677030923868,1.495406005901962
SHP-77,Trametinib,324,221,182,196,0.8210963556750255,2.5252126540057453,2.114221119342778,2.2090611327695155
SHP-77,Tubulin inhibitor 6,108,99,182,196,0.3320521613421106,1.429644851247997,1.3550608867818392,1.1326011074589128
SHP-77,Tucatinib,158,167,182,196,0.44158516452238067,1.429744880336321,1.4055114891648928,1.2032546945816702
SHP-77,ULK-101,69,64,182,196,0.3667227850174977,1.7044156352165543,1.672663945387107,1.3866874998268324
SHP-77,Vemurafenib,277,197,182,196,0.7174426840788652,2.137096257743776,1.8356166439639423,1.8387454666447685
SHP-77,Volasertib,101,76,182,196,0.2687157473268749,1.523678002404856,1.5223998043537719,1.2247870303395578
SHP-77,XRK3F2,315,166,182,196,0.7556957123351038,2.415275311019459,1.9603251325507243,2.0875995729457264
SHP-77,c-Kit-IN-1,85,99,182,196,0.7498593851862964,2.546056817061499,2.407780699471322,2.3157613121467553
SHP-77,olaparib,172,150,182,196,0.5078643927919468,1.447119698828783,1.5203978689426632,1.2895071249919172
SHP-77,palbociclib,109,111,182,196,0.5831070068882636,2.1273532220536557,1.8410399806896791,1.760887203797197
SHP-77,vincristine,57,77,182,196,0.6654480026680157,2.4816818224216846,2.3002530689189467,2.162130378617785
SK-MEL-2,4EGI-1,304,90,527,316,0.38062135511763695,1.394315760643985,1.6728830446463485,1.322346837311999
SK-MEL-2,9-ING-41,786,446,527,316,0.6951187566894811,1.2285565244229102,1.2356023574504162,1.1445343256263223
SK-MEL-2,APTO-253,470,245,527,316,0.5436716154353299,1.0044192656987547,1.006366724202869,0.9036568689755657
SK-MEL-2,AT7519,281,173,527,316,0.59100862690914,1.0651186266503618,1.1775871037302426,0.9933674174311867
SK-MEL-2,AZD-7648,121,70,527,316,0.6801003526952641,2.1227958392150845,2.198405620809075,1.9787398006932215
SK-MEL-2,AZD-8055,420,156,527,316,0.75205774309391,1.4348975190913515,1.6094676105220942,1.4251190004588594
SK-MEL-2,AZD1390,297,91,527,316,0.5055467321484289,1.2142035742690929,1.6135621344629263,1.1984002656515798
SK-MEL-2,AZD2858,103,90,527,316,0.4273838494237589,1.2037196552070628,1.3592888976217443,1.121065013322185
SK-MEL-2,Abemaciclib,146,97,527,316,0.7749599111004003,2.1935785528597846,2.281341658444366,2.1018368803025824
SK-MEL-2,Adagrasib,163,125,527,316,0.5614231356363629,1.2471737413743245,1.3014874354623402,1.1509050993792591
SK-MEL-2,Afatinib,446,152,527,316,0.8512421553220084,2.418885999250027,2.310083285902949,2.3442362375745125
SK-MEL-2,Alpelisib,187,90,527,316,0.6468203458013232,1.4982450698398186,1.615457196096464,1.4051046349661356
SK-MEL-2,Anastrozole,298,223,527,316,0.5097760846488469,1.266765630512554,1.0973016724853106,1.0596288658060562
SK-MEL-2,BAY1125976,879,354,527,316,0.8232524130615707,1.885704974470913,1.7511796659045253,1.8258273929347815
SK-MEL-2,BI-3406,274,104,527,316,0.8029349675356992,2.030830061448245,2.0602115461315442,1.9551938307416807
SK-MEL-2,BI-78D3,502,309,527,316,0.5308227761503699,1.0953587484718772,1.0610972366990754,0.9561539925791942
SK-MEL-2,Belumosudil (mesylate),242,106,527,316,0.5754236402299356,1.4495366712225508,1.3748485312944358,1.2905043850383318
SK-MEL-2,Belzutifan,272,102,527,316,0.6542542221131878,1.4127904735405505,1.6574624819241517,1.3777847448566762
SK-MEL-2,Bentamapimod,371,256,527,316,0.6722717597368075,1.236738790262105,1.2626613314040576,1.1460491958585521
SK-MEL-2,Bimiralisib,540,151,527,316,0.866933534969329,2.486100758858378,2.478780247802024,2.459882973620326
SK-MEL-2,Brivudine,254,236,527,316,0.9007904513871157,3.093795769628131,3.092070961240867,3.014667043006253
SK-MEL-2,CP21R7,210,150,527,316,0.3504822282099727,0.9983108478955348,1.1149108857812937,0.8756239866253743
SK-MEL-2,Capivasertib,180,134,527,316,0.5453658892725951,1.2654955560852625,1.1963482650919128,1.113468708671577
SK-MEL-2,Capmatinib,130,78,527,316,0.7169248852714174,1.8804952137017723,1.8491007616871653,1.7409522064373741
SK-MEL-2,Celecoxib,249,190,527,316,0.4712051149919555,1.0753210079753515,1.1228070065216202,0.9699188673348884
SK-MEL-2,DT-061,152,98,527,316,0.6094036707607227,1.4914594018311527,1.5947867654951808,1.3875712276229526
SK-MEL-2,DTP3,255,139,527,316,0.6280238261045606,1.2503767816755629,1.18365575247392,1.118081744961386
SK-MEL-2,Dabrafenib,926,426,527,316,0.8218631820335789,1.590570919062893,1.4674757379209056,1.5202540505794955
SK-MEL-2,ERK5-IN-2,699,401,527,316,0.8223448605090287,1.6122506466719986,1.681980055811351,1.5712821099314669
SK-MEL-2,ETC-206,302,200,527,316,0.46421208048737533,0.9831139381483966,1.03007966849732,0.8702899870638693
SK-MEL-2,EX229,140,71,527,316,0.7792250126654943,2.276761431998351,2.5994921250875764,2.2671987936862728
SK-MEL-2,Encorafenib,553,243,527,316,0.8316590360554837,2.2798630113178473,2.0849962943540596,2.1528704810678074
SK-MEL-2,Erdafitinib ,349,229,527,316,0.51555014739625,1.0445280963387416,1.1037938844912325,0.9370089398351342
SK-MEL-2,Everolimus,724,552,527,316,0.6119066997806978,0.9291985950693236,0.9968762351499784,0.8629151804679317
SK-MEL-2,Futibatinib,172,90,527,316,0.5017871113898767,1.3594778637994784,1.4255441327545193,1.2017433216960127
SK-MEL-2,GSK1059615,345,148,527,316,0.8165628251871633,2.5164283935919896,2.451843236889388,2.403435992730671
SK-MEL-2,Gemcitabine,357,289,527,316,0.4910125881574267,1.1309935812201186,1.170195481784909,1.0025428795593248
SK-MEL-2,HI-TOPK-032,205,188,527,316,0.8315388113312739,2.044824706743001,2.051495670769851,2.0001272383700854
SK-MEL-2,Hydroxyfasudil,196,104,527,316,0.558060060109481,1.3554031664145305,1.3378833429178572,1.2044831640512172
SK-MEL-2,IQ 1,155,82,527,316,0.5590946034233566,1.401248955272923,1.4459309192217316,1.2667621142283383
SK-MEL-2,Infigratinib,205,83,527,316,0.5353767103239161,1.3820991013971227,1.4675998686928207,1.2806735525258117
SK-MEL-2,Ipatasertib,753,456,527,316,0.8303178153239168,1.5952703250333204,1.5255410910922724,1.5054381940263453
SK-MEL-2,Irinotecan,462,455,527,316,0.7268867495799404,1.5087034477057917,1.3462198529108538,1.4100189321781333
SK-MEL-2,Ixazomib,263,140,527,316,0.6139409058821009,1.5404239445638057,1.4207907345532,1.3631390867985798
SK-MEL-2,LB-100,322,223,527,316,0.5360998003250782,0.9936168927487382,0.9966902389294152,0.8696348552006734
SK-MEL-2,LJI308,194,118,527,316,0.5916901102552631,1.3052761991869484,1.3952703478927362,1.2026816361158803
SK-MEL-2,LY2090314,419,302,527,316,0.5564543918069167,1.0644787706239367,1.0272359278381984,0.9406173633753419
SK-MEL-2,Lapatinib ditosylate,513,368,527,316,0.5237241714801605,1.0657162222933918,0.9656810349337068,0.9086536229430525
SK-MEL-2,MK-3903,217,106,527,316,0.5804155049472672,1.3792699874102226,1.3797677765178824,1.2557876141228494
SK-MEL-2,MK-8353,173,126,527,316,0.440218074702426,1.1871706248304879,1.1738713211633343,1.0264130605535555
SK-MEL-2,ML264,486,274,527,316,0.6664198000177041,1.1477687985197327,1.175453922523509,1.0664467950856278
SK-MEL-2,Methylprednisolone succinate,262,169,527,316,0.569411404652973,1.0960572341030375,1.0993022375415777,0.982802041030511
SK-MEL-2,Minodronic acid,291,190,527,316,0.6500706814027002,1.3758371355981882,1.3425789120141387,1.2552683183191435
SK-MEL-2,NG25,346,272,527,316,0.7117258415146079,2.295678947991789,2.4498283050233103,2.2077472981492203
SK-MEL-2,NVP-BHG712,248,198,527,316,0.5876065662694137,1.130462351259295,1.1315279534701328,1.0260582220251346
SK-MEL-2,OTS514,138,87,527,316,0.5142077988067546,1.3554376081127648,1.4815673818444983,1.233102853201396
SK-MEL-2,Oleic acid,221,142,527,316,0.6234550716330638,1.260375709999823,1.3031810225008784,1.1629900261019603
SK-MEL-2,Oxaliplatin,275,215,527,316,0.5541588123384843,1.2264290806660105,1.1474987031237527,1.0919874788156188
SK-MEL-2,PF-06260933,172,132,527,316,0.6995056572817483,2.234261053519104,2.0277877154118964,1.9844092045851927
SK-MEL-2,PH-797804,355,184,527,316,0.9219235188235851,3.7981320714762896,3.423451782736414,3.601300645676722
SK-MEL-2,Paclitaxel,684,382,527,316,0.7334402748646434,1.4553303069322603,1.4903738554280477,1.3773798017420797
SK-MEL-2,Pemigatinib,313,144,527,316,0.4085382055937283,1.065983805393029,1.0313738386952451,0.9131131835093543
SK-MEL-2,Pimitespib,143,96,527,316,0.40323898766615235,1.1759616024152322,1.2561147278467277,1.025699423003458
SK-MEL-2,Pralsetinib,146,110,527,316,0.7158824648912102,1.8063201108458589,1.8036216227723385,1.7008158596100618
SK-MEL-2,RMC-6236,449,148,527,316,0.8346296571220041,2.196276504917194,2.20851185878372,2.147280108715036
SK-MEL-2,Ralimetinib dimesylate,334,288,527,316,0.6867712694777247,1.245628844118469,1.2842625749191343,1.1702748906388942
SK-MEL-2,Regorafenib,278,132,527,316,0.7427412710620661,1.6249204223448206,1.7986021768860738,1.5712954623732165
SK-MEL-2,SBI-0640756,143,94,527,316,0.5401353540903244,1.576229316335152,1.3480428408517535,1.3260652073687298
SK-MEL-2,Sapanisertib,923,320,527,316,0.8782361464924767,2.217644117986645,2.0956002966950424,2.2110844169347352
SK-MEL-2,Sonidegib,150,88,527,316,0.5747414779257142,1.3062742980843358,1.5484523424369179,1.2423957230179516
SK-MEL-2,TAK-733,212,97,527,316,0.8176098676968939,2.1651172482835315,2.208592305047531,2.0969675167034834
SK-MEL-2,TAK-901,155,64,527,316,0.9342586476728406,5.225250693876775,4.71095759886993,4.984485892682736
SK-MEL-2,Temuterkib,480,281,527,316,0.6495146304795177,1.3108057368068442,1.2153154219386229,1.1695227969188964
SK-MEL-2,Tomivosertib,351,238,527,316,0.6882983955293908,1.349581213444054,1.2917087402484484,1.2272648343415178
SK-MEL-2,Torkinib,116,68,527,316,0.5311514440598384,1.3959217434646551,1.5795232059707116,1.2859304322835101
SK-MEL-2,Trametinib,339,127,527,316,0.862969267904127,2.319272624587454,2.2627861243491925,2.2360137011592625
SK-MEL-2,Tubulin inhibitor 6,207,132,527,316,0.4781994867508826,1.0574984618104517,1.2341711893466714,0.9748003417448333
SK-MEL-2,Tucatinib,428,336,527,316,0.597960852359087,1.0506522320981715,1.0366886886673996,0.9454697220958849
SK-MEL-2,ULK-101,181,130,527,316,0.5917377964577254,1.229983829005649,1.3405979290274603,1.1499987538176875
SK-MEL-2,Vemurafenib,604,280,527,316,0.6652649584744609,1.0911939727697664,1.1569005492143172,1.0434848798697747
SK-MEL-2,Volasertib,163,108,527,316,0.35738416117497895,1.0400889252376069,1.225590290809251,0.9211665642925723
SK-MEL-2,XRK3F2,571,247,527,316,0.7643174299611657,1.4896545228858526,1.41715112445071,1.4111788120180595
SK-MEL-2,c-Kit-IN-1,111,118,527,316,0.7990423949683452,2.313419840251913,2.3258903887447517,2.1840393860893577
SK-MEL-2,olaparib,260,168,527,316,0.6394341695209192,1.1797778334150515,1.242513295468109,1.105145675965859
SK-MEL-2,palbociclib,259,76,527,316,0.6814219827649164,1.6113801142435284,1.6707087418780036,1.5137352142547578
SK-MEL-2,venetoclax,143,88,527,316,0.8222268416659411,2.367159476063461,2.4427768834593317,2.2927937125928803
SK-MEL-2,vincristine,162,124,527,316,0.8469240563312718,2.4899225329883854,2.3720736198291643,2.357706927008605
SNU-1,9-ING-41,401,222,219,169,0.7183717766175474,1.3387213495986134,1.2120563093237848,1.2209014364008344
SNU-1,APTO-253,245,73,219,169,0.2672661114703889,1.0198234349501234,1.248346049464767,0.9596419809729013
SNU-1,AZD-7648,121,75,219,169,0.3611040950822211,1.2336876648195456,1.4509831760346217,1.1050922664442868
SNU-1,AZD-8055,261,68,219,169,0.6654435223666204,1.4555104987853655,1.7255736951911884,1.4796989641506975
SNU-1,AZD2858,97,54,219,169,0.3712764441558246,1.015044586129566,1.192949497795949,0.9043951102623998
SNU-1,Abemaciclib,146,133,219,169,0.7503121444999244,1.6777291853918004,1.7965285115416894,1.6237399737113483
SNU-1,Adagrasib,91,69,219,169,0.3762086117201222,1.0281346698529255,1.3113150781661842,0.9544407170608393
SNU-1,Afatinib,390,111,219,169,0.7662940008108848,1.745253909565367,1.716510250876214,1.7392935214687737
SNU-1,Anastrozole,155,103,219,169,0.26988302997871066,0.9065657591193547,0.9367429285266423,0.7310623571243473
SNU-1,BAY1125976,523,163,219,169,0.7866700828426766,1.6147338068984955,1.686131164296742,1.6146049138912786
SNU-1,BI-3406,217,68,219,169,0.6367601718254824,1.4291142245034567,1.6092436525902525,1.4304473917617584
SNU-1,BI-78D3,283,234,219,169,0.5277007528055385,0.9824944694064056,0.9894285851233177,0.8594967386129174
SNU-1,Belzutifan,139,52,219,169,0.50413622012149,1.4513484740001072,1.8531385962856337,1.42017033560439
SNU-1,Bentamapimod,194,112,219,169,0.6455389676474912,1.1957899504531992,1.2587806660949084,1.1248211037039302
SNU-1,Bimiralisib,556,116,219,169,0.8375937967989265,2.105944823319759,2.157220604843722,2.1308389718316256
SNU-1,Brivudine,162,74,219,169,0.689021387695633,1.5341475132398035,1.9208339259021783,1.5577403446530176
SNU-1,CP21R7,108,77,219,169,0.4689990925201841,1.0901770826149104,1.1567884154777417,0.96375978612013
SNU-1,Capivasertib,89,60,219,169,0.3511743933877387,1.1030674573642718,1.1608923722392257,0.9231698485813845
SNU-1,Celecoxib,136,95,219,169,0.2595310255036214,0.9673551008395481,1.0002149875510844,0.7866049277055353
SNU-1,DT-061,109,65,219,169,0.35925895074168557,1.0565337613211065,1.2122322378244528,0.906740912771478
SNU-1,DTP3,155,72,219,169,0.32319490381267596,1.0272856259657346,1.1699568793130846,0.9127813245432773
SNU-1,Dabrafenib,547,163,219,169,0.7311579189592851,1.5529268506368838,1.7770184283323702,1.6016696505735968
SNU-1,ERK5-IN-2,427,172,219,169,0.6742696731141327,1.4009862749265853,1.567160090923075,1.3982735290047563
SNU-1,ETC-206,119,55,219,169,0.2698759389586311,0.9751340419845977,1.0915787381425945,0.8194025164752721
SNU-1,Encorafenib,581,143,219,169,0.7521836213322106,1.8300326470589188,1.7536924668339116,1.832121445696987
SNU-1,Erdafitinib ,216,112,219,169,0.38597136396138176,1.0508131180224554,1.0759366512104982,0.9238879923539456
SNU-1,Everolimus,379,280,219,169,0.4269289501263768,0.88103271686147,0.9520545834476263,0.7715580955399143
SNU-1,GSK1059615,256,106,219,169,0.7203764978690823,1.6266673123828623,1.8525503810727681,1.621082157516506
SNU-1,Gemcitabine,269,140,219,169,0.27241230231501684,0.8736823330730241,1.15585822034381,0.8069176881403631
SNU-1,Hydroxyfasudil,135,58,219,169,0.13995761264681733,0.9410829925555622,1.2047401862390836,0.8328466323447627
SNU-1,Ipatasertib,405,161,219,169,0.6723369662607648,1.4252981487095355,1.4898197178756674,1.3933858639728207
SNU-1,Irinotecan,226,191,219,169,0.4622084033450321,1.032787010738579,1.329381184426233,0.9977566779207321
SNU-1,LB-100,177,105,219,169,0.3748543355950317,0.9164953169553116,1.0648819433270562,0.8155051790040813
SNU-1,LJI308,114,65,219,169,0.37881258071775886,1.0869587810275212,1.3082916369206745,0.9935036858596094
SNU-1,LY2090314,209,162,219,169,0.4881870251642537,1.0980896981322676,0.9789808070595309,0.9077230830479474
SNU-1,Lapatinib ditosylate,290,160,219,169,0.2905791333017184,0.8597099041183401,0.8584443956277175,0.6978890905841378
SNU-1,MK-3903,151,57,219,169,0.2857328301835463,1.217506252179962,1.4961536882844872,1.1255710009517512
SNU-1,MK-8353,105,66,219,169,0.43146273775211963,1.1109691567120583,1.1158916851424827,0.9505044735711785
SNU-1,ML264,264,152,219,169,0.6447631449905895,1.209231938750431,1.314087455025238,1.1553432200460005
SNU-1,Methylprednisolone succinate,125,84,219,169,0.25730754671778183,0.9890503450516861,1.1232011694048707,0.8263956169702622
SNU-1,Minodronic acid,163,95,219,169,0.4079312676190974,0.9714507492630545,1.0057397172398785,0.8342244921429495
SNU-1,NVP-BHG712,171,79,219,169,0.458855567143939,1.1872568267702566,1.2789302109230698,1.0910719873571488
SNU-1,Oleic acid,151,114,219,169,0.2983718557789892,0.9468653258496046,0.9693684917596126,0.7737923999865652
SNU-1,Oxaliplatin,145,97,219,169,0.38906744290473616,1.0626089463197854,1.075576274030795,0.8901067392948595
SNU-1,PF-06260933,132,86,219,169,0.6492904321343256,1.8077580013510748,1.9192225537089413,1.6948835362556731
SNU-1,Paclitaxel,556,311,219,169,0.8089828649166845,1.5594726281057854,1.2962758041533724,1.417145062895108
SNU-1,Pemigatinib,152,74,219,169,0.20142506276791816,1.0665757792280706,1.0947688611483397,0.8566056193628622
SNU-1,Pimitespib,91,64,219,169,0.20684505330143024,1.0478336014132672,1.2616534525783343,0.8840815459624459
SNU-1,Pralsetinib,70,55,219,169,0.5478214329064613,1.5389151052328838,2.005310298435604,1.5342791537977547
SNU-1,RMC-6236,540,126,219,169,0.844308288914947,1.8874267802205393,1.957289662024877,1.9328098395279427
SNU-1,Ralimetinib dimesylate,188,93,219,169,0.6679861542630092,1.3231794610102285,1.3197907035149377,1.2474215577262036
SNU-1,Regorafenib,194,63,219,169,0.5357497038880904,1.2690135427361628,1.6017513377695207,1.281558021542239
SNU-1,SBI-0640756,117,62,219,169,0.2714729326400398,1.0721876220826603,1.410413776051369,0.9790566127802315
SNU-1,Sapanisertib,562,150,219,169,0.609841583988202,1.719788436765619,1.7793009129938342,1.6965572612923039
SNU-1,TAK-733,184,76,219,169,0.6702735694183006,1.5493891978299985,1.5813994837940857,1.4499615629762337
SNU-1,Temuterkib,206,120,219,169,0.5450700198811717,1.120124704594329,1.2211750676094628,1.0389122445639023
SNU-1,Tomivosertib,105,63,219,169,0.45678091887494254,1.4259285009811196,1.4693483102983842,1.2547467134080088
SNU-1,Trametinib,199,56,219,169,0.7046803787025251,1.7327778963475273,2.0838819115200398,1.7620498736224108
SNU-1,Tubulin inhibitor 6,125,66,219,169,0.29078701446602717,1.0601223097700303,1.1173068377530975,0.8635231598729781
SNU-1,Tucatinib,205,151,219,169,0.5011518369191482,0.9998597617895203,1.0512921171444403,0.8856641779990054
SNU-1,ULK-101,90,54,219,169,0.3264301022819989,1.1509356592018143,1.2299443563036527,0.9691106764501428
SNU-1,Vemurafenib,299,141,219,169,0.5551888035511887,1.1519742380720126,1.1331812073578855,1.0704318140362041
SNU-1,Volasertib,128,54,219,169,0.22893172690261823,0.8828283584965627,1.2154345349874858,0.7727595485180564
SNU-1,XRK3F2,374,146,219,169,0.8091139312642073,1.7655810421474127,1.651861378905608,1.704685919028491
SNU-1,c-Kit-IN-1,96,66,219,169,0.638431014071411,1.6398754142062435,1.8689685032006673,1.5746362717227957
SNU-1,olaparib,170,100,219,169,0.4229452691166368,1.0102001740807618,1.5268598284692043,1.0146727985456678
SNU-1,palbociclib,183,53,219,169,0.29532546971440876,1.2120104912250287,1.6599960037952257,1.1846018858861325
SNU-1,venetoclax,66,51,219,169,0.7493844944201808,2.226617840038834,2.1631237551417186,2.059548708794644
SNU-423,4EGI-1,322,69,1481,448,0.7455003424341042,1.6588662894039312,1.6798130625235215,1.582867446410469
SNU-423,9-ING-41,1691,403,1481,448,0.7683048661652147,1.3728363665557315,1.2535969949877355,1.3117901856427172
SNU-423,APTO-253,695,184,1481,448,0.6567633882771092,0.9640869476252572,1.0638669752738377,0.9241941270392542
SNU-423,AT7519,769,175,1481,448,0.6806690357285486,1.0084628756860294,1.090832115125406,0.9598110375252681
SNU-423,AZD-7648,454,137,1481,448,0.7654042608591513,1.6274919652018018,1.4564563761696225,1.5241720866441222
SNU-423,AZD-8055,825,223,1481,448,0.7804917175285078,1.6114969107413648,1.4446796779163429,1.5215068435857333
SNU-423,AZD1390,621,184,1481,448,0.7577172280480503,1.3564273395061126,1.3600980349409841,1.29698830615529
SNU-423,AZD2858,163,50,1481,448,0.48492756061985903,1.1301074816200527,1.3712604801408268,1.0597861383519451
SNU-423,Abemaciclib,449,172,1481,448,0.815109553575805,2.0350330529935206,1.7814467128344134,1.9148066966929969
SNU-423,Adagrasib,415,138,1481,448,0.5149613368324556,0.866714566288743,0.8976716398420554,0.7984302602648369
SNU-423,Afatinib,1196,237,1481,448,0.8263984451107336,1.7053808700639124,1.6462746950551241,1.6752285045352386
SNU-423,Alpelisib,604,166,1481,448,0.8086784254621192,1.553500405651299,1.336662047784216,1.4612162295692566
SNU-423,Anastrozole,714,235,1481,448,0.5923814075238388,0.8770876154554227,0.9269314316243608,0.8199635727583652
SNU-423,BAY1125976,919,182,1481,448,0.8535671887126501,1.9516766425170935,1.7982723952435007,1.9106187766557554
SNU-423,BI-3406,1171,324,1481,448,0.8908641167630934,1.8669121139364335,1.6263798475553048,1.7850713904209883
SNU-423,BI-78D3,887,251,1481,448,0.6008326721222488,1.0435138300971196,1.0714249812528391,0.9757804052263838
SNU-423,Belumosudil (mesylate),446,127,1481,448,0.7514016874984257,1.4392625555785572,1.3976966454681274,1.3648314532387642
SNU-423,Belzutifan,411,116,1481,448,0.773937958309508,1.6888861665065988,1.5099041660542811,1.5851731152641548
SNU-423,Bentamapimod,771,208,1481,448,0.7653456310650731,1.322873766070502,1.2714379076283928,1.261480340704142
SNU-423,Bimiralisib,1129,220,1481,448,0.9056370636994945,2.394513444857854,2.075186245804453,2.3284134833578096
SNU-423,Binimetinib,444,134,1481,448,0.8117765651720722,1.9543359609179543,1.5645543963724493,1.8081673779034964
SNU-423,Brivudine,1004,388,1481,448,0.9033595025522226,2.6427735594731057,2.343471709685866,2.534895382989056
SNU-423,CP21R7,369,113,1481,448,0.632970231358496,1.0660987243526978,1.1698168292745152,1.0125009487815642
SNU-423,Capivasertib,355,88,1481,448,0.589320302750875,1.1905596100627915,1.3364005505254517,1.1179579854494932
SNU-423,Capmatinib,448,166,1481,448,0.7243271799675612,1.2671501034395198,1.1660971026326188,1.183920786878424
SNU-423,Celecoxib,556,217,1481,448,0.6898019760430929,0.9489888975880445,0.9904973773827157,0.911762506420356
SNU-423,DT-061,428,135,1481,448,0.7114774881091336,1.2432149538461141,1.2691386981735635,1.1830528931389324
SNU-423,DTP3,366,104,1481,448,0.8014628586995302,1.653834443775045,1.550487592092535,1.5741039650852078
SNU-423,Dabrafenib,2171,414,1481,448,0.817354136967112,1.4924658883550062,1.4780319385991258,1.4730659173485021
SNU-423,ERK5-IN-2,1200,324,1481,448,0.8042313942871979,1.5815989687249792,1.4733521457222176,1.5130636638486283
SNU-423,ETC-206,726,223,1481,448,0.5982660442611463,0.9442820381139612,1.0369433776964212,0.890407053916731
SNU-423,EX229,677,220,1481,448,0.8697103633130807,2.161892837485417,1.892640958437506,2.0505052172147114
SNU-423,Elimusertib hydrochloride,317,81,1481,448,0.8157258269260999,1.8517706154794409,1.7531161112770521,1.7745973473643262
SNU-423,Encorafenib,1830,370,1481,448,0.7912634026029967,1.6153123741367046,1.456495276438907,1.566111211597917
SNU-423,Erdafitinib ,621,178,1481,448,0.6675063307717046,1.1750295376208262,1.11076723499295,1.0943577674663814
SNU-423,Everolimus,1895,531,1481,448,0.7228365110975682,0.9677532386982373,0.9708140712407078,0.918905416700264
SNU-423,Futibatinib,468,87,1481,448,0.6378012796267305,1.3449029974436373,1.3071420134642568,1.2808750895042722
SNU-423,GSK1059615,869,388,1481,448,0.8359270431043219,2.321464096447943,2.2012458347377075,2.2080383642863572
SNU-423,Gemcitabine,915,327,1481,448,0.7403206677717991,1.1461080746492078,1.1044879087322845,1.088082989414289
SNU-423,HI-TOPK-032,350,161,1481,448,0.8578928289773258,2.2266275197692105,2.0481807312497695,2.1541990370274156
SNU-423,Hydroxyfasudil,289,98,1481,448,0.6822517549735154,1.4095793455702381,1.2976846768532533,1.30426219949985
SNU-423,IQ 1,325,72,1481,448,0.6948178760289564,1.3426955154369808,1.4106681855429848,1.2917088981805769
SNU-423,Infigratinib,716,172,1481,448,0.826054599586167,1.5095892893268965,1.530650656866536,1.4737217020460376
SNU-423,Ipatasertib,1146,346,1481,448,0.8267295922145462,1.47929716727686,1.4709298472485093,1.4311549453027244
SNU-423,Irinotecan,1056,417,1481,448,0.7397370220353502,1.2871722866571988,1.1973922172406224,1.214090744885054
SNU-423,Ixazomib,242,69,1481,448,0.7071288799806987,1.7255572060290174,1.7272313077187949,1.6334668767298044
SNU-423,LB-100,691,178,1481,448,0.6033991653395371,0.8478199902586063,1.0234331382278663,0.816372836765068
SNU-423,LJI308,443,133,1481,448,0.7618185984287289,1.4279648723220861,1.4160116247824797,1.363527264766397
SNU-423,LY-2584702 (tosylate salt),211,83,1481,448,0.7274559945057706,1.6645170658849695,1.534519890482094,1.5645539012456664
SNU-423,LY2090314,817,253,1481,448,0.7466136667310788,1.128601474521946,1.2520960469818472,1.0993777901800887
SNU-423,Lapatinib ditosylate,1282,331,1481,448,0.7816462448806007,1.096257660187596,1.0364687144960776,1.0491191285331083
SNU-423,Lonafarnib,139,81,1481,448,0.9448476681479601,4.14062764656946,3.8345495942392493,4.039808903468686
SNU-423,MK-3903,605,152,1481,448,0.8195996604244653,1.549377661275614,1.4377187797028905,1.4852425448421966
SNU-423,MK-8353,420,134,1481,448,0.5841751544170093,0.9983720639138217,1.1285247942680765,0.9458559670998161
SNU-423,ML264,696,190,1481,448,0.6831607682251445,1.331386841977837,1.3054750260296555,1.2562401571266513
SNU-423,Methylprednisolone succinate,449,169,1481,448,0.6292061251527693,0.9200084451436816,1.0082242008118714,0.8874714739257815
SNU-423,Minodronic acid,687,175,1481,448,0.7049066881826912,1.1000948727641493,1.1441804069626547,1.0500308922987218
SNU-423,NG25,422,229,1481,448,0.6919894355259117,2.139177855100418,2.2942471089260343,2.0880182969797767
SNU-423,NVP-BHG712,523,153,1481,448,0.7613765702723052,1.301637507435391,1.4597855739852508,1.2764328949400032
SNU-423,OTS514,358,121,1481,448,0.7827792466378488,1.5173010739918986,1.4991296372070915,1.4514927741328683
SNU-423,Oleic acid,457,104,1481,448,0.5856962573653832,0.9933769217934648,1.1710109247031737,0.9475784780175158
SNU-423,Oxaliplatin,596,195,1481,448,0.7114358864497156,1.1434494239527084,1.19150971530164,1.0936169479519957
SNU-423,PF-06260933,298,87,1481,448,0.6098137996532568,1.816985980295992,1.7328767530743978,1.6735134856623068
SNU-423,PH-797804,564,156,1481,448,0.9095066744919474,3.1338708802935082,2.669763465348042,2.9844184537621037
SNU-423,Paclitaxel,1710,458,1481,448,0.8138030187782987,1.5011930064400156,1.4568026550054904,1.4527456306689315
SNU-423,Pemigatinib,473,144,1481,448,0.6502538145271041,1.1083621402884016,1.0636661968839676,1.0288717003592827
SNU-423,Pimitespib,415,106,1481,448,0.6714771083959565,1.1681903512086962,1.175375601715926,1.096132906083977
SNU-423,Pralsetinib,259,136,1481,448,0.8828019015646853,2.59607354040452,2.598565345338887,2.5960674468704625
SNU-423,RMC-6236,1330,271,1481,448,0.9015700222701768,2.3697728991883387,1.9101259473454644,2.283033913654442
SNU-423,Ralimetinib dimesylate,640,164,1481,448,0.72271230592566,1.326605082688568,1.3833352273760222,1.2760677602271358
SNU-423,Regorafenib,525,174,1481,448,0.695453294928523,1.1901519723923921,1.240530267456055,1.137100350257905
SNU-423,SBI-0640756,320,101,1481,448,0.6065107696128854,1.1232272354689548,1.2692053368901386,1.0691094236164997
SNU-423,Sapanisertib,1048,273,1481,448,0.8509604077958219,2.104830986205059,2.06320771088031,2.0529611369034444
SNU-423,Sonidegib,369,155,1481,448,0.7618970911457045,1.399670561890315,1.2736800051604764,1.325942107178226
SNU-423,TAK-733,580,143,1481,448,0.8743472262783523,2.198504149407828,1.9216088135532052,2.0987981694938758
SNU-423,TAK-901,713,308,1481,448,0.9556962659921873,5.754921189853201,4.924017971600472,5.470521588003644
SNU-423,Temuterkib,847,233,1481,448,0.7192389025476278,1.3247938382999307,1.3506814953159134,1.2682952245835444
SNU-423,Tomivosertib,776,281,1481,448,0.7997228568722751,1.1534210483132445,1.2077391039691585,1.1381106776628025
SNU-423,Torkinib,168,67,1481,448,0.630878347745357,1.357676477802176,1.4631154392357422,1.3045885731556615
SNU-423,Trametinib,1086,268,1481,448,0.9176933822333068,2.317283006253141,2.1217670486313427,2.2518741187185687
SNU-423,Tubulin inhibitor 6,397,132,1481,448,0.6969050319092109,1.0403020702693795,1.0788586201379187,0.9935820304610757
SNU-423,Tucatinib,1219,422,1481,448,0.7560991968241195,1.1153911041138351,1.0645741839526368,1.0475521546882018
SNU-423,ULK-101,445,124,1481,448,0.6542542240237872,1.1249218796596714,1.1897986273834513,1.0638153392001315
SNU-423,Vemurafenib,1086,301,1481,448,0.7292575376483198,1.247937084703234,1.141470156605279,1.1723268288561424
SNU-423,Volasertib,272,87,1481,448,0.43036795721555265,0.922632853391182,1.2240712292003324,0.8705184078439696
SNU-423,XRK3F2,1241,257,1481,448,0.7823864523358056,1.385636677797731,1.3157602982148826,1.3535899055203744
SNU-423,c-Kit-IN-1,376,160,1481,448,0.8888481773804583,2.1402444295819256,1.8405294995706485,2.031498206606525
SNU-423,olaparib,345,137,1481,448,0.7438890797627151,1.5251089894296757,1.4649637281294985,1.4474553618309036
SNU-423,palbociclib,646,100,1481,448,0.6955176008438263,1.5491000719560781,1.3525945107787616,1.4745966172454723
SNU-423,venetoclax,507,213,1481,448,0.9087924181252207,2.4067718923959034,1.9595401390142158,2.262250994570995
SNU-423,vincristine,406,132,1481,448,0.89228433430518,2.146143726693598,2.061077763554415,2.0886001078337144
SW 900,4EGI-1,305,66,705,263,0.30017146922295085,1.3955334738908605,1.509807564350135,1.2706883528188277
SW 900,9-ING-41,1028,367,705,263,0.5988468775785615,1.064294665794144,1.2839139928484742,1.0251479281485607
SW 900,APTO-253,488,134,705,263,0.5610681334353702,1.2283355892086523,1.2831751783483019,1.158395851284285
SW 900,AT7519,494,165,705,263,0.5977238023309621,0.8667188523335885,1.0348766263463975,0.8299552920348593
SW 900,AZD-7648,298,77,705,263,0.7893570765659956,2.183237088943232,1.8783357296062424,2.040796791420298
SW 900,AZD-8055,546,179,705,263,0.76773618784133,1.6507460406152379,1.5799422198332242,1.5630153277690466
SW 900,AZD1390,324,86,705,263,0.5526410432189325,1.163793203592326,1.5964723962227998,1.1345147702076783
SW 900,AZD2858,201,70,705,263,0.34590734904516834,0.9941149484549285,1.316434575042348,0.9101235930928318
SW 900,Abemaciclib,426,120,705,263,0.8640897768227028,2.2915208755353103,2.1137456121251685,2.1906388700884674
SW 900,Adagrasib,250,79,705,263,0.4517574654665922,0.9617109309601892,1.1880523455534093,0.8827301005142447
SW 900,Afatinib,964,233,705,263,0.8575517323019284,1.9212670984362368,1.8424994363089808,1.8713918425782454
SW 900,Alpelisib,252,76,705,263,0.7684063652675228,1.7972927571924961,1.89878521149748,1.7338543713055998
SW 900,Anastrozole,471,162,705,263,0.7256737842985631,1.254318851344527,1.3642267995442194,1.2100378672122105
SW 900,BAY1125976,1405,288,705,263,0.824977257656028,1.944813242251911,1.8075811216052566,1.9387750578355811
SW 900,BI-3406,549,209,705,263,0.8652733172559239,2.129738104566672,1.9773208207190558,2.0335377568379633
SW 900,BI-78D3,877,274,705,263,0.6363494970288268,0.8711847666896989,1.0583699601533683,0.8578951616960581
SW 900,Belumosudil (mesylate),365,106,705,263,0.677753826699652,1.2385262721013515,1.4314625952926912,1.2009319484984338
SW 900,Bentamapimod,730,255,705,263,0.8090795341905874,1.4674152262075173,1.5553195838513467,1.433330166489057
SW 900,Bimiralisib,956,241,705,263,0.8502812394442978,2.196519556184788,2.1582387582580003,2.1369609412752855
SW 900,Binimetinib,300,73,705,263,0.7748326981367455,1.944517439182541,1.909855960626236,1.8557170891715469
SW 900,Brivudine,934,437,705,263,0.9251296363044963,2.695070082681962,2.5555994671108513,2.6198683382423718
SW 900,CP21R7,308,85,705,263,0.37027257661780044,0.9070447244431327,1.1284531367074273,0.8452857438433911
SW 900,Capivasertib,257,95,705,263,0.46850214268789997,0.868919013542224,1.1697798667251058,0.830002323348062
SW 900,Capmatinib,319,97,705,263,0.7414230567021134,1.8016949894520793,1.7427637974737074,1.69170004736246
SW 900,Celecoxib,295,131,705,263,0.3849165398359046,0.8789539868155472,1.039499258729323,0.7975885688620231
SW 900,DT-061,234,95,705,263,0.7111334218625287,1.5328368597769624,1.5247296675646997,1.4433780917849537
SW 900,DTP3,327,84,705,263,0.5635032185873581,1.332888390088296,1.3305647745572213,1.2359177269547421
SW 900,Dabrafenib,1730,364,705,263,0.7333219719460442,1.493412947445888,1.4376633909254912,1.4821944210878424
SW 900,ERK5-IN-2,1261,286,705,263,0.7450901840633738,1.5290497482684946,1.494325679884735,1.5101927470116125
SW 900,ETC-206,384,159,705,263,0.44630332255384686,0.7739145526638335,1.0562115991998517,0.7409017849380009
SW 900,EX229,350,78,705,263,0.8049729346451281,2.3838178732670223,2.3716326394105467,2.294612342767682
SW 900,Elimusertib hydrochloride,190,60,705,263,0.8177801318378533,2.4669917096191476,2.307044268858437,2.3376231341275138
SW 900,Encorafenib,1690,370,705,263,0.8493774551118329,1.8003355004784258,1.6922110992183355,1.7692007720630845
SW 900,Erdafitinib ,543,159,705,263,0.6005960098767059,1.0077276358831768,1.2611794079166254,0.9905750131748333
SW 900,Everolimus,1208,444,705,263,0.6339800338420579,0.8529494056355501,0.956069378771283,0.8114870158873365
SW 900,Futibatinib,254,53,705,263,0.307939614717213,1.262719905436331,1.4982564048060962,1.1541492497922279
SW 900,GSK1059615,1020,411,705,263,0.8334378833067769,1.8771760048604285,1.984996342536,1.83893530245127
SW 900,Gemcitabine,645,273,705,263,0.46727417342290833,0.8802306483335941,1.1833320890274293,0.8426109514410821
SW 900,HI-TOPK-032,259,158,705,263,0.821075926070672,1.9102266671039412,1.9261370569927423,1.881872478484497
SW 900,Hydroxyfasudil,218,78,705,263,0.32288238463266283,1.025994243991674,1.2200578834315492,0.9105852040962648
SW 900,IQ 1,295,87,705,263,0.6130977341793554,1.2041035921857386,1.4110383142901881,1.1608566641861606
SW 900,Infigratinib,646,156,705,263,0.7805599864277826,1.454037387610545,1.527187785158003,1.4276155261698127
SW 900,Ipatasertib,1011,301,705,263,0.8386536782538142,1.6845735992265942,1.6079290661565964,1.617786418232892
SW 900,Irinotecan,794,359,705,263,0.6243157210744952,1.2308748287246825,1.2587036889880103,1.1531190540319671
SW 900,Ixazomib,324,88,705,263,0.688664012295646,1.5057176809487467,1.5174810093337638,1.4266643408742021
SW 900,LB-100,426,135,705,263,0.45368153710483206,0.7410687044134071,0.9853979868899116,0.7066876194846321
SW 900,LJI308,330,82,705,263,0.45023126696921856,0.9458941926617564,1.2679348612470411,0.8855462952596928
SW 900,LY2090314,573,186,705,263,0.65467525913008,1.079449280273437,1.2114313942742498,1.0391671309294606
SW 900,Lapatinib ditosylate,904,264,705,263,0.5763566879528476,0.8935104946295417,1.0439023270310992,0.8550695383278144
SW 900,MK-3903,364,114,705,263,0.6842831954405022,1.2689188842923056,1.4510509567966177,1.2311812677770642
SW 900,MK-8353,349,117,705,263,0.46787209141015756,1.0055966195480297,1.209082795727837,0.9407378554773242
SW 900,ML264,699,209,705,263,0.6914515573323359,1.0848430199049652,1.2599104993900576,1.069397939516306
SW 900,Methylprednisolone succinate,334,114,705,263,0.4689958474057352,0.9367682548407261,1.2399528644667899,0.8857375211844508
SW 900,Minodronic acid,456,138,705,263,0.4802981036736622,0.9081969630464827,1.013071008786239,0.8309806174416253
SW 900,NG25,341,187,705,263,0.8015479287617758,2.3910863029125555,2.462601165483856,2.345548416618575
SW 900,NVP-BHG712,439,150,705,263,0.7692954282343691,1.4190703149814383,1.5251684467573419,1.3780460993368384
SW 900,OTS514,194,82,705,263,0.526662900779692,1.2718704619025045,1.3398284852360147,1.1627639875990319
SW 900,Oleic acid,343,118,705,263,0.4039829554446412,0.9147497928068471,1.1260283719591118,0.8348450481613883
SW 900,Oxaliplatin,448,157,705,263,0.4716460108797159,0.801925203580577,1.085011442392157,0.7637046247824761
SW 900,PF-06260933,289,96,705,263,0.69066098826027,1.7811346850174796,1.9051291731534148,1.7010641419193109
SW 900,PH-797804,258,98,705,263,0.9069484472243382,3.0642127977734757,2.7547252245425655,2.9273295629361837
SW 900,Paclitaxel,1397,495,705,263,0.659436935026196,1.3898358377114266,1.4380059446388065,1.3068988605963887
SW 900,Pemigatinib,441,128,705,263,0.3580143740645581,0.9656180021079053,1.1150995133914088,0.8772053826962639
SW 900,Pimitespib,178,74,705,263,0.389875811844913,1.1430651812680837,1.2096008781689396,1.0111221533468988
SW 900,Pralsetinib,276,104,705,263,0.6484907962182423,1.4491282993555923,1.4754513477805768,1.3505824095517704
SW 900,RMC-6236,929,273,705,263,0.8533555204185043,2.398755852083346,2.1401178239052414,2.2805761980613006
SW 900,Ralimetinib dimesylate,585,211,705,263,0.7727548409896277,1.3592946091965858,1.4547207421109474,1.3200548976202358
SW 900,Regorafenib,512,184,705,263,0.7559251463259031,1.5056733622781913,1.3231034545179123,1.3879686256934216
SW 900,SBI-0640756,247,107,705,263,0.649371016871941,1.1482343446553454,1.4885174418762623,1.1517941012785418
SW 900,Sapanisertib,1468,286,705,263,0.8307990088366385,1.8162577560106532,1.8923140171869282,1.8560245808402465
SW 900,Sonidegib,175,68,705,263,0.4807744600487801,1.1209830338146594,1.5060462508485455,1.077248756028455
SW 900,TAK-733,318,108,705,263,0.8777223882176604,2.554348839204254,2.2307471521112294,2.412263894870138
SW 900,TAK-901,332,105,705,263,0.9390462898756955,5.179476270347299,4.369989505375886,4.9272657762380465
SW 900,Temuterkib,651,219,705,263,0.6550754562960808,1.1243122064464106,1.2162135635550246,1.0746470287792618
SW 900,Tomivosertib,556,223,705,263,0.7715679211034615,1.2608663999243628,1.5505407663819244,1.2748920384194256
SW 900,Torkinib,162,71,705,263,0.40625226503362843,1.068622563832847,1.2823261022703765,0.9788886505473954
SW 900,Trametinib,764,244,705,263,0.901030416469238,2.352679609405555,2.235193905738542,2.2800503411576334
SW 900,Tubulin inhibitor 6,296,108,705,263,0.44710691219715176,0.9187625148638912,1.1579115302969876,0.8570278194788876
SW 900,Tucatinib,1058,322,705,263,0.634602987703577,0.9814357755763938,1.0689086290828083,0.9461239607067271
SW 900,ULK-101,251,75,705,263,0.5488389579889178,1.1865594227533052,1.4256702568888964,1.118384995698023
SW 900,Vemurafenib,792,259,705,263,0.7913066134808436,1.3702642719402116,1.4537642435219873,1.3362270446692852
SW 900,Volasertib,303,90,705,263,0.33298953537955595,0.9118444414459879,1.171469774603874,0.8411739591229581
SW 900,XRK3F2,904,243,705,263,0.8191727044473175,1.5688500276347,1.6213525768376678,1.5406930782101704
SW 900,c-Kit-IN-1,207,97,705,263,0.8367042925598412,2.585053289738285,2.126164170001885,2.3734413275013613
SW 900,olaparib,313,108,705,263,0.3927636861481148,0.8757396782793366,1.1842523280593131,0.8154013892942226
SW 900,palbociclib,481,108,705,263,0.6696071003402219,1.4342760789116784,1.4395027744730406,1.3501141165791877
SW 900,venetoclax,175,109,705,263,0.8621028533351527,2.8313802035624622,2.5570473988696247,2.692575345848215
SW 900,vincristine,164,123,705,263,0.831328070484987,2.1116834830421154,2.259114367971949,2.1539005354844685
SW1417,4EGI-1,371,244,958,762,0.4264066504856373,1.0215984598204797,0.9945609437292386,0.857236644061225
SW1417,9-ING-41,1214,923,958,762,0.734594965348431,0.8157673086829254,0.7432001320151321,0.7322710149076116
SW1417,APTO-253,465,341,958,762,0.5257380990941725,0.6843106201645842,0.6160409329834762,0.5778171741864859
SW1417,AT7519,544,376,958,762,0.398685113670983,0.5881964976114797,0.5545112785513787,0.4831071559843996
SW1417,AZD-7648,331,225,958,762,0.7667588008847943,1.191011009285439,1.11957070558193,1.0971711205004082
SW1417,AZD-8055,784,533,958,762,0.7340558398720923,0.983331969930012,1.007748838380969,0.927723647653622
SW1417,AZD1390,514,396,958,762,0.32459125392791843,0.8364147921783011,1.0137144151942472,0.7418084188851011
SW1417,AZD2858,188,157,958,762,0.4052244353229897,0.8028918196460544,0.743318888198851,0.6530796697702156
SW1417,Abemaciclib,584,362,958,762,0.7987919374938873,1.362213740115974,1.2789489626669373,1.2560646636785613
SW1417,Adagrasib,285,247,958,762,0.5923008836843645,0.657968632151214,0.7487266530517873,0.628365472277002
SW1417,Afatinib,1162,677,958,762,0.8390118976410759,1.40555665856017,1.147493089683246,1.2728641812583148
SW1417,Alpelisib,540,373,958,762,0.7282795935243339,0.9565470435408848,0.9129399866097884,0.8797848331999508
SW1417,Anastrozole,463,437,958,762,0.6004295213026324,0.6289089080469322,0.6778073932939644,0.5909523440299327
SW1417,BAY1125976,1413,769,958,762,0.8575142701032872,1.120825154918028,1.0544567421582902,1.068740715828067
SW1417,BI-3406,928,663,958,762,0.8196131059112098,0.8868995558326003,0.8921842564385712,0.8521958284641293
SW1417,BI-78D3,841,654,958,762,0.724078302466019,0.7764497060483777,0.6738802652646185,0.6813211466015071
SW1417,Belumosudil (mesylate),363,219,958,762,0.6148656340585229,0.8228380264945772,0.8421533784472455,0.7499384956725349
SW1417,Belzutifan,343,182,958,762,0.7459536167688607,1.0521020443443783,1.044623358792939,0.996524983449243
SW1417,Bentamapimod,612,509,958,762,0.6470574283227731,0.903390309599891,0.7789031100124776,0.7721607520260485
SW1417,Bimiralisib,1902,944,958,762,0.9044678536833148,1.5747512305270603,1.399935852875026,1.5056443817280196
SW1417,Binimetinib,371,215,958,762,0.7284540218163681,1.3078497191163585,1.0776876754929774,1.1594998012203304
SW1417,Bortezomib,275,141,958,762,0.9178057648092839,2.499843892420405,2.782987456965867,2.532182330654038
SW1417,Brivudine,850,1045,958,762,0.9046589437759279,1.829910286567239,1.6540374863132135,1.7107024170838074
SW1417,CP21R7,285,224,958,762,0.44930156621077044,0.7442413043746299,0.6886571607488302,0.6156938824090175
SW1417,Capivasertib,324,254,958,762,0.4775819594332241,0.6451781796013902,0.7082653520019285,0.5784253105028225
SW1417,Capmatinib,382,218,958,762,0.6866478009676454,1.0150228015789882,0.9420745960106894,0.9207166031839874
SW1417,Celecoxib,385,335,958,762,0.42071689390720635,0.6641428755526676,0.6603222794611034,0.5628243608022543
SW1417,DT-061,306,216,958,762,0.6814502090487379,0.8754204343030934,0.9406986239767063,0.8299365020059241
SW1417,DTP3,422,297,958,762,0.6485235209168404,0.7407583375527947,0.8089970160225579,0.6959888487443533
SW1417,Dabrafenib,1587,949,958,762,0.8795128279948478,1.1134747953712996,0.9854666898986064,1.0451331001964528
SW1417,ERK5-IN-2,1181,919,958,762,0.8384574313744119,1.0438162228394774,0.9933052895050862,0.9801752324918914
SW1417,ETC-206,448,405,958,762,0.5332132727755523,0.5823411534008655,0.6207094863016307,0.5296725461549989
SW1417,EX229,490,225,958,762,0.8281548954201349,1.4200545857663176,1.2449333144036445,1.312589109303057
SW1417,Elimusertib hydrochloride,250,181,958,762,0.7501601809963375,1.0872628769254655,1.0844534364640743,1.0181427320672238
SW1417,Encorafenib,1619,907,958,762,0.8804374875785222,1.3765132823184174,1.1796689423813351,1.2826729271381914
SW1417,Erdafitinib ,656,473,958,762,0.6510427551052944,0.775860523106719,0.8269618036890116,0.7258271099517944
SW1417,Everolimus,1161,1002,958,762,0.6328139694882939,0.6720924112136657,0.5707246958005346,0.5680593910087253
SW1417,Futibatinib,283,177,958,762,0.7071248273953659,1.0998788340565375,1.0003248719130484,0.9958591912914306
SW1417,GSK1059615,1466,1014,958,762,0.8884759491778434,1.2931354347724062,1.2823120903163334,1.2557741332817274
SW1417,Gemcitabine,852,699,958,762,0.6127947739756094,0.6390701307106583,0.6837148240652362,0.5928529999978893
SW1417,HI-TOPK-032,246,304,958,762,0.7893190373789616,1.1808729465239096,1.0548099421910113,1.0698922563873317
SW1417,Hydroxyfasudil,252,175,958,762,0.30196082049123263,0.693983766678433,0.7749431993071626,0.5864182278586451
SW1417,IQ 1,364,194,958,762,0.6591471687517078,0.9189828859657876,0.9064772543314213,0.8528204469250348
SW1417,Infigratinib,654,501,958,762,0.8326422211767012,1.0877675200378993,1.0728936707446057,1.0349129914681734
SW1417,Ipatasertib,1215,866,958,762,0.8006855320747017,1.1004358144525839,0.8763760063285391,0.9577241730541941
SW1417,Irinotecan,746,704,958,762,0.6827375787310261,0.7015326986112993,0.7863248202621455,0.691157484424723
SW1417,Ixazomib,367,212,958,762,0.7939981387655947,1.398526516527151,1.2338993171255204,1.2819789133289299
SW1417,LB-100,387,324,958,762,0.45516639141234694,0.597147692426829,0.6155712680875368,0.5188625589047521
SW1417,LJI308,327,301,958,762,0.4833337820918938,0.5876596231306115,0.6097739832518005,0.5188034362649853
SW1417,LY-2584702 (tosylate salt),128,129,958,762,0.5651693235017607,0.93786293863157,0.9742048089546795,0.8532535038472829
SW1417,LY2090314,553,410,958,762,0.684082903899404,0.909671692885975,0.910986472199666,0.8372942924504712
SW1417,Lapatinib ditosylate,978,647,958,762,0.6200100292197359,0.6936581818373273,0.6580625736102677,0.6179845087447324
SW1417,Lonafarnib,71,55,958,762,0.808506761307636,2.374580602998872,2.5567849579313706,2.3342344159234996
SW1417,MK-3903,426,286,958,762,0.7539750722232809,1.0377271522717602,0.9654485950945497,0.9505868456458785
SW1417,MK-8353,380,291,958,762,0.5572295811168296,0.6369297056427261,0.6776502162895475,0.5781427197632937
SW1417,ML264,652,487,958,762,0.7320779868571855,0.8375569797640309,0.8181042004880686,0.7725673070801388
SW1417,Methylprednisolone succinate,349,259,958,762,0.5302605271465602,0.6239133949474025,0.7070505792519367,0.5758782808049927
SW1417,Minodronic acid,433,363,958,762,0.6310568019701229,0.7582914802247414,0.7834433416362019,0.6965412227860867
SW1417,NG25,454,400,958,762,0.7920241491377631,1.3835680964565449,1.5419208654527423,1.386460286865316
SW1417,NVP-BHG712,401,300,958,762,0.6100577102112287,0.8967134707584331,0.7972697809568664,0.7695850939862428
SW1417,OTS514,241,206,958,762,0.6615178304912875,0.9877988154285238,0.9926837151082806,0.9035887109555346
SW1417,Oleic acid,357,254,958,762,0.6666901465573165,0.7947338428726236,0.8430735588726055,0.7451131117328638
SW1417,Oxaliplatin,491,441,958,762,0.6396473061630821,0.6964842690996338,0.7561954483923945,0.6597108286372388
SW1417,PF-06260933,241,166,958,762,0.7415043326875292,1.4711083043868536,1.1989216184046305,1.2787948872200243
SW1417,PH-797804,622,563,958,762,0.9287794245160834,2.2739763862943736,1.958746321632798,2.0920260182157646
SW1417,Paclitaxel,1288,1180,958,762,0.7949077566128786,1.094435640841518,0.9374773777707308,0.9671965683625465
SW1417,Pemigatinib,483,411,958,762,0.5502574901238922,0.6412782237462602,0.5935472663772928,0.5471697500270891
SW1417,Pimitespib,266,176,958,762,0.3278525796708412,0.646007108993912,0.7049273908284457,0.5447718846596288
SW1417,Pralsetinib,292,229,958,762,0.6891731630069465,0.9715489933753284,0.9187748415018624,0.8735104214303961
SW1417,RMC-6236,1436,829,958,762,0.8778712536265525,1.4795620557343483,1.2298618122718832,1.3634158466591346
SW1417,Ralimetinib dimesylate,608,455,958,762,0.7091814707887469,0.9007994582399655,0.8529514748463305,0.8146682114556185
SW1417,Regorafenib,558,349,958,762,0.7241285104450783,0.9642934740099601,1.0164187455146794,0.9115176053267621
SW1417,SBI-0640756,210,214,958,762,0.41716130728487444,0.7703760735835078,0.711254930606814,0.6308427926752377
SW1417,Sapanisertib,1531,868,958,762,0.8501748197617824,1.1867029268212668,1.082093039545076,1.1198849575482313
SW1417,Sonidegib,187,160,958,762,0.5029705762307377,0.7632357546337439,0.7903419034753367,0.6750059195101624
SW1417,TAK-733,481,278,958,762,0.8566493085965322,1.433837428494738,1.299230042013052,1.3353429540987827
SW1417,TAK-901,1260,1055,958,762,0.9690421377422401,3.2046046001603323,2.870753843646571,3.0315394262909288
SW1417,Temuterkib,678,428,958,762,0.7881949198977038,0.9217638843736453,0.9276993156403445,0.8814396009613945
SW1417,Tomivosertib,589,534,958,762,0.7802903867223996,0.8575907936886259,0.956513696221702,0.8602652018230017
SW1417,Torkinib,204,175,958,762,0.5508851862761326,0.8477393874459642,0.925231032463271,0.7819037071287234
SW1417,Trametinib,1377,791,958,762,0.8788890478077275,1.39943130700161,1.214474177782182,1.3066821284570775
SW1417,Tubulin inhibitor 6,313,246,958,762,0.5582560799729755,0.7464981346870116,0.7325595424053001,0.6551825811688538
SW1417,Tucatinib,869,776,958,762,0.7119386262050508,0.7295091307422423,0.7427983419266835,0.6840131677767539
SW1417,ULK-101,320,252,958,762,0.6641047563020487,0.7828459908352743,0.7742281048111926,0.7117897057691476
SW1417,Vemurafenib,998,624,958,762,0.8021168880307149,1.1741340650601997,0.9672822531022468,1.0525018946441318
SW1417,Volasertib,255,174,958,762,0.3588290264297237,0.6184018617496662,0.7932440946278031,0.5572392331145957
SW1417,XRK3F2,1225,656,958,762,0.8279654643519029,1.1034629882290699,0.9467462622713483,1.0262600873230832
SW1417,c-Kit-IN-1,363,268,958,762,0.7955084652909957,1.3192954339109293,1.2788214647857028,1.2340802536091466
SW1417,olaparib,295,201,958,762,0.495347886269455,0.7039332429383263,0.8754390006684957,0.6647460810794573
SW1417,palbociclib,600,248,958,762,0.7415582883240958,1.0641768910163987,0.9110225686364769,1.0083764748356452
SW1417,venetoclax,399,284,958,762,0.8320538619070416,1.4740655143749914,1.3651143388500657,1.366847326905772
SW1417,vincristine,225,278,958,762,0.6714464959521146,0.9315340134278908,1.1554824571177125,0.9994871201374111
SW48,4EGI-1,139,78,312,227,0.5129516999326231,1.505458469313994,1.470119083300441,1.3076172895647564
SW48,9-ING-41,527,375,312,227,0.748875676068514,1.4259392798096955,1.1531560875620444,1.23305964620016
SW48,APTO-253,199,126,312,227,0.5600961850557031,1.0356345862616054,1.1201413651251353,0.9446614614399087
SW48,AT7519,154,109,312,227,0.43597757491608957,1.1282891966627977,1.0926187564017606,0.9501604831279354
SW48,AZD-7648,80,75,312,227,0.7300882902111385,2.1028168418116575,1.8212884859030176,1.850784218705138
SW48,AZD-8055,251,175,312,227,0.7416320773742147,1.5967545476279421,1.7029080697941557,1.5295571012569626
SW48,AZD1390,149,112,312,227,0.6557098746181742,1.3379928211808305,1.3985071336485495,1.2435292744430135
SW48,AZD2858,88,67,312,227,0.3720486469649104,1.1544961013466986,1.107976911656559,0.9478561892447582
SW48,Abemaciclib,224,198,312,227,0.8784803925342969,2.225216107187012,2.0769519365553712,2.0940461027813755
SW48,Adagrasib,92,76,312,227,0.47110264140495134,1.10666497480523,1.063604890780899,0.9291700783225556
SW48,Afatinib,455,251,312,227,0.921307003514394,2.6924732037058106,2.4905947485386237,2.5590590679021386
SW48,Alpelisib,128,102,312,227,0.547588338080217,1.3688972052123776,1.2307478472704294,1.1614162610505723
SW48,Anastrozole,169,137,312,227,0.5089739288853413,1.0494832695398146,1.0904296744040407,0.9316582339726819
SW48,BAY1125976,752,395,312,227,0.8480449961905833,1.6627917263711072,1.6211385618619674,1.5897738903662972
SW48,BI-3406,313,215,312,227,0.7265703832466767,1.2772906441016256,1.155666294450275,1.144273407458573
SW48,BI-78D3,391,329,312,227,0.6584016535604464,1.0971416617088883,0.9894560434674696,0.9571955001017808
SW48,Belumosudil (mesylate),147,83,312,227,0.702334603485695,1.739418961902139,1.5615697983377013,1.566972562726267
SW48,Belzutifan,72,68,312,227,0.7258394147322955,1.9619331847227892,1.862989074634364,1.7928547064450957
SW48,Bentamapimod,281,175,312,227,0.7430532225000631,1.6412152585083062,1.3112713530026365,1.4138825704521234
SW48,Bimiralisib,562,358,312,227,0.9314273878398105,3.035459909323728,2.888420007666275,2.9239437790219798
SW48,Binimetinib,78,66,312,227,0.7809378727030898,2.17369929502137,2.1652149681733843,2.0577186471794207
SW48,Brivudine,305,416,312,227,0.8983344619485352,2.16621000905609,2.120022191464218,2.1135526423965367
SW48,CP21R7,123,94,312,227,0.5246153650418219,1.2664532453537598,1.098859485353718,1.0522554863992226
SW48,Capivasertib,101,104,312,227,0.5186204761712125,1.3420652250022151,1.2043377010155194,1.1426461178740415
SW48,Capmatinib,71,84,312,227,0.8081661568170012,2.3139657914494447,2.2875530789963903,2.2276167331159744
SW48,Celecoxib,108,101,312,227,0.24393782531132818,1.0848772488284164,1.0969412217318573,0.8802726466557736
SW48,DT-061,79,71,312,227,0.605619487599435,1.689031222986172,1.63573183456968,1.5137613731886743
SW48,DTP3,106,81,312,227,0.7696904474327274,1.9819865446565288,1.8469245092465758,1.8169838298376866
SW48,Dabrafenib,856,393,312,227,0.8472204552778043,1.511134945903346,1.5615049335890214,1.486794161305048
SW48,ERK5-IN-2,401,293,312,227,0.8428637430451319,2.0095397055358504,2.011104675492506,1.9315075577456848
SW48,ETC-206,155,150,312,227,0.46267384306365017,1.0722290108332597,1.060377875081356,0.9281654696576092
SW48,EX229,214,83,312,227,0.8662876420805892,2.340099142224371,2.4869500680574275,2.29910411634112
SW48,Elimusertib hydrochloride,51,64,312,227,0.8097119504774578,2.302122027086663,2.4718116088857833,2.3145420519741986
SW48,Encorafenib,941,525,312,227,0.8654489976325647,1.7979257075137351,1.4852654128135323,1.6262280580041524
SW48,Erdafitinib ,240,177,312,227,0.7060409944349366,1.2402568418971556,1.1950586825824128,1.1309088456441236
SW48,Everolimus,470,413,312,227,0.7266604079679924,1.108757221450547,1.131169642125647,1.0565673444643437
SW48,Futibatinib,115,56,312,227,0.6244567885460545,1.7458207562585997,1.6949873915291838,1.5679799837295825
SW48,GSK1059615,219,229,312,227,0.8442371482973869,2.09846291272858,2.017922218807468,1.9809609801175596
SW48,Gemcitabine,281,202,312,227,0.5938156901625846,0.993598982250802,1.14849412152993,0.9457025783334754
SW48,HI-TOPK-032,65,83,312,227,0.6923399306774611,2.000087474936632,1.8922023275981699,1.7843102711696552
SW48,Hydroxyfasudil,91,62,312,227,0.4145948940324445,1.1632916255041796,1.3330878722666237,1.039595802750408
SW48,IQ 1,95,108,312,227,0.7167229204564389,1.557575025819057,1.8792565780426236,1.6227593053916507
SW48,Infigratinib,134,109,312,227,0.6396725370575468,1.3993127339963138,1.3558123809039297,1.2535895722820563
SW48,Ipatasertib,406,428,312,227,0.8684026419088906,1.9915332721329033,1.9479271773560853,1.9191381162942
SW48,Irinotecan,418,232,312,227,0.5716652832896358,1.1082754498305831,1.237063680710681,1.0274800520320415
SW48,Ixazomib,117,106,312,227,0.6313836196522775,1.6293702274934772,1.4361357724761468,1.4077621043690438
SW48,LB-100,170,112,312,227,0.4504745190483964,1.0342690476106289,1.0183869338802234,0.8847321537764612
SW48,LJI308,134,127,312,227,0.5409000774644975,1.0646849301382322,1.060939908318646,0.9303218342530823
SW48,LY2090314,176,204,312,227,0.6571495164178223,1.1942246939124455,1.2013682722572234,1.142453827889888
SW48,Lapatinib ditosylate,342,275,312,227,0.6940094843833475,1.1645148731061425,1.0180637039495568,1.021506856839275
SW48,MK-3903,123,113,312,227,0.7659440485187871,1.8185187155497673,1.7884251208824884,1.7101540171923095
SW48,MK-8353,129,129,312,227,0.4673732248997426,1.253501216203846,1.054784490756803,1.0040670155830547
SW48,ML264,269,237,312,227,0.7358030950411122,1.2754761920661033,1.232532119360772,1.1723149179424277
SW48,Methylprednisolone succinate,124,95,312,227,0.5496486458735369,1.1700044847432527,1.1732086907985784,1.0348987225443589
SW48,Minodronic acid,154,140,312,227,0.5008775429573176,1.0792214173801757,0.9688055952746472,0.9036491889930967
SW48,NVP-BHG712,163,122,312,227,0.7120747389254807,1.5244523891095376,1.3189312166111375,1.3366436578269378
SW48,OTS514,53,65,312,227,0.4983487450151419,1.6580066693510085,1.540319066582683,1.4215340220158774
SW48,Oleic acid,133,113,312,227,0.42106139876607623,1.0426679791384466,1.0485503604094268,0.8933435235960856
SW48,Oxaliplatin,170,144,312,227,0.5061276568024337,1.0534365090712874,1.009972952559151,0.9091850554661379
SW48,PF-06260933,137,60,312,227,0.8208709067986247,2.199988189973536,2.5941996292102756,2.2526441956906633
SW48,PH-797804,135,103,312,227,0.9405948757745214,5.163067057228968,4.843908527478149,4.951897404618934
SW48,Paclitaxel,735,594,312,227,0.6571139585990409,1.4591772846567899,1.2656473907805885,1.2551341608520925
SW48,Pemigatinib,127,108,312,227,0.4704955343940995,1.2047665133406615,1.1930864261833956,1.0428791305173484
SW48,Pimitespib,89,84,312,227,0.4430611055710671,1.182899766452826,1.1138034756569737,0.9838111096226022
SW48,Pralsetinib,111,110,312,227,0.546194810668848,1.3151351289719813,1.3944642075330507,1.2201699846765985
SW48,RMC-6236,535,353,312,227,0.9139496119348328,2.5885863726792877,2.635091286697455,2.5487067348125825
SW48,Ralimetinib dimesylate,226,173,312,227,0.7404850206361089,1.6978239082018356,1.2858384762022395,1.4289577887463232
SW48,Regorafenib,200,141,312,227,0.6289244382092216,1.3710198755154623,1.3091133717493562,1.215386095579332
SW48,SBI-0640756,110,103,312,227,0.47518748911673225,1.1342122033195017,1.1551173846624831,0.9774129499878399
SW48,Sapanisertib,759,362,312,227,0.845476776225345,1.6912623375568885,1.589148179368691,1.6057649547014876
SW48,TAK-733,157,117,312,227,0.8616863661200219,2.3306493536957027,2.27907868153345,2.23106428214099
SW48,TAK-901,294,209,312,227,0.9502729072477255,4.926392607674061,4.66755933153401,4.76054129613259
SW48,Temuterkib,207,188,312,227,0.7636114935092274,1.4629940513041444,1.5730590316131963,1.4323995133127618
SW48,Tomivosertib,247,187,312,227,0.7191657895965162,1.3906762259164378,1.2125739831501063,1.2199947959497779
SW48,Torkinib,72,73,312,227,0.531731681531469,1.3609339480832756,1.439424427864188,1.265086078426288
SW48,Trametinib,353,244,312,227,0.9292182551062096,2.810472056971184,2.9344811841789715,2.8089742699344495
SW48,Tubulin inhibitor 6,118,105,312,227,0.47184844315765784,1.1821126279108995,1.0492250559460703,0.976742609794241
SW48,Tucatinib,392,346,312,227,0.6710674827773959,1.0137981751867604,1.0315938209588456,0.9417317793237513
SW48,ULK-101,99,74,312,227,0.45315412081050516,1.1992271623634347,1.2927894813651628,1.0585690704809076
SW48,Vemurafenib,399,227,312,227,0.7343284907369957,1.2846094991066426,1.2085066328865106,1.1723568094026589
SW48,Volasertib,150,119,312,227,0.4466613463386515,1.0497053987413956,1.0405372486286928,0.8969552641635083
SW48,XRK3F2,482,294,312,227,0.7972677015123152,1.6502488259032362,1.565471474675984,1.5344253087686273
SW48,c-Kit-IN-1,167,128,312,227,0.8559743232850149,2.430810185173371,2.2028787908857796,2.2500364229021437
SW48,olaparib,155,121,312,227,0.4931550804534208,1.0489516054010526,1.1892354551272515,0.9640962904805616
SW48,palbociclib,183,98,312,227,0.7689634459137211,1.929966251345828,1.728880232950679,1.7447286842332053
SW48,venetoclax,107,126,312,227,0.9091278849521455,2.9424240613693584,2.7632370814988065,2.7991271463281264
SW48,vincristine,57,115,312,227,0.5770904867182045,1.6888481046233426,1.4584720301233856,1.456351042823435
SW480,4EGI-1,710,366,1104,1353,0.6620477809428309,1.4351212268682099,1.2435291851765995,1.2743169247654558
SW480,9-ING-41,2530,1960,1104,1353,0.9020713636582638,1.6276220306967952,1.2125926746340545,1.3941851677481332
SW480,APTO-253,992,916,1104,1353,0.7841045725482093,1.222139016330842,1.0055595825217172,1.0540907758314793
SW480,AT7519,892,936,1104,1353,0.6752378489842965,0.6006211374339671,0.5572142728088114,0.5302535647519635
SW480,AZD-7648,580,453,1104,1353,0.8863375330844819,2.0581371741051195,1.7381788484514062,1.8416189996035655
SW480,AZD-8055,1672,750,1104,1353,0.9307385137525096,1.9618780523329549,1.8773359162614336,1.8986684211272762
SW480,AZD1390,746,510,1104,1353,0.40295970929433117,0.9587107063875031,1.1138490173784625,0.857326301375502
SW480,AZD2858,311,421,1104,1353,0.6044252701576619,1.2035713404223074,0.727078857000822,0.8428859308346703
SW480,Abemaciclib,1230,1097,1104,1353,0.894206650360659,1.3340370824874772,1.2119758591995238,1.243924731979289
SW480,Adagrasib,392,532,1104,1353,0.5545908838177924,0.6157267381720549,0.5831109559291391,0.5294707861877359
SW480,Afatinib,3037,1409,1104,1353,0.9518660819175259,2.406319256891646,2.0826167241736155,2.259677681002821
SW480,Alpelisib,650,404,1104,1353,0.9108168206127143,2.037621825935293,2.0518629750354185,1.9821355570257075
SW480,Anastrozole,737,955,1104,1353,0.697170667299342,0.8840056260643359,0.6589021747197581,0.7022003634654419
SW480,BAY1125976,4387,1773,1104,1353,0.9133529307368066,2.2509148099410337,2.0294639034048405,2.1934777920889235
SW480,BI-3406,1447,891,1104,1353,0.9363951503429065,2.052912776946658,1.9403492151995323,1.9712780656726183
SW480,BI-78D3,1531,1867,1104,1353,0.8527235223768151,1.0372368855779457,0.7737250291283795,0.8586836447018551
SW480,Belumosudil (mesylate),717,472,1104,1353,0.5363057800986106,1.1390471301304854,0.863510113209892,0.9104387967977695
SW480,Belzutifan,738,271,1104,1353,0.8283038081714411,1.4258566869939888,1.2027803332491416,1.3266134912441012
SW480,Bentamapimod,1095,1370,1104,1353,0.7999868681048643,1.2021601232972652,0.8341538588241384,0.9485172406240024
SW480,Bimiralisib,4386,1532,1104,1353,0.9507671516241385,2.284283673736191,2.1491087372702826,2.2257450012698827
SW480,Binimetinib,529,382,1104,1353,0.9005964713683542,2.038538488190229,1.8648085554143927,1.899859056543042
SW480,Bortezomib,362,264,1104,1353,0.9197114826217074,2.622674499847118,2.6247947004633443,2.587298600364041
SW480,Brivudine,1174,1812,1104,1353,0.9318075308337139,1.8926021543762133,1.9459425953109746,1.8943073088104534
SW480,CP21R7,506,646,1104,1353,0.8095854160216315,1.126749677543445,0.849426437821333,0.9281113576324532
SW480,Capivasertib,453,611,1104,1353,0.6591171955726719,0.8155432043862312,0.6743479152776527,0.6791367344636697
SW480,Capmatinib,516,403,1104,1353,0.9052214168881363,1.6189574277604655,1.7229068109075125,1.6091575945892942
SW480,Celecoxib,511,627,1104,1353,0.7018894988733818,0.9371125018797839,0.6591991839265983,0.7236399895325967
SW480,DT-061,333,482,1104,1353,0.8423114769817479,1.4182259394460273,1.3888434241390617,1.3598342351583161
SW480,DTP3,519,665,1104,1353,0.7360483276167249,1.0674059315555986,0.8413505657839055,0.8805675611323995
SW480,Dabrafenib,3692,2087,1104,1353,0.8541559216909009,1.5334696231838063,1.0795771694886822,1.3424927011501446
SW480,ERK5-IN-2,2526,1861,1104,1353,0.8847670567271521,1.5062305557223337,1.190212845769407,1.3174775236076053
SW480,ETC-206,711,899,1104,1353,0.6916979997328087,0.6723812303884272,0.6224997536283924,0.5960859277884965
SW480,EX229,1209,522,1104,1353,0.8759845253108752,1.5450693025343492,1.4393005551759748,1.4754593030588443
SW480,Elimusertib hydrochloride,409,308,1104,1353,0.8484302356705464,1.9904710696493066,1.7396813501239383,1.7989428454127014
SW480,Encorafenib,3776,2350,1104,1353,0.9293196935266566,2.124673218076162,1.7560226417963472,1.9299698063715842
SW480,Erdafitinib ,1057,1047,1104,1353,0.746873819846905,1.1498554140829547,0.783750436812749,0.8935872304464396
SW480,Everolimus,1751,2118,1104,1353,0.8062526066201203,0.724790529891246,0.6440790706084005,0.6458688967578952
SW480,Futibatinib,421,349,1104,1353,0.7866839372519259,1.2951577632134557,0.9246029627886398,1.0478465110155468
SW480,GSK1059615,2515,1814,1104,1353,0.9263100205379481,1.817354391519523,1.697131088860685,1.7280750358350112
SW480,Gemcitabine,1095,1256,1104,1353,0.6738590523221727,0.7607152222977295,0.7700726490306189,0.699808230303623
SW480,HI-TOPK-032,328,738,1104,1353,0.8432889285388268,1.4799334407381808,1.2685731983608397,1.3185371287534566
SW480,Hydroxyfasudil,439,422,1104,1353,0.5983077545880965,1.1904890319532297,0.6945276262769049,0.8403702013421057
SW480,IQ 1,732,465,1104,1353,0.8562669688156737,1.6166138815190318,1.329953511131237,1.4308512761356227
SW480,Infigratinib,1083,905,1104,1353,0.830657747740091,1.0610056060391602,0.9636690202033604,0.9810717990439511
SW480,Ipatasertib,2296,2332,1104,1353,0.8835511978873941,1.4991590522985692,0.9890165967085631,1.1943565093270256
SW480,Irinotecan,1090,1506,1104,1353,0.749672331107487,0.9035799432007481,0.9196868542667926,0.8575135781210351
SW480,Ixazomib,673,517,1104,1353,0.8954889702205792,1.883060196461282,1.4835928821057576,1.6350453661598985
SW480,LB-100,653,746,1104,1353,0.7269106187174851,0.8430874550905628,0.6583704676453367,0.6890594027333352
SW480,LJI308,504,562,1104,1353,0.637576373111604,0.7254615502860333,0.6390418591513299,0.6141129963188381
SW480,LY-2584702 (tosylate salt),134,184,1104,1353,0.7218822441965782,1.3163833412623691,1.2051043673114066,1.1636556753540588
SW480,LY2090314,945,1321,1104,1353,0.7919144526613016,1.2017199989268987,0.8050248928267613,0.9347920795015325
SW480,Lapatinib ditosylate,1285,1600,1104,1353,0.7435036728817146,0.8274066746825215,0.6063666563124307,0.6595768342047408
SW480,MK-3903,680,393,1104,1353,0.8733049101022388,1.525673552127522,1.4155135617013583,1.427756698037697
SW480,MK-8353,585,757,1104,1353,0.7163953558708461,0.9267840426992425,0.6924851516030429,0.7400793259314596
SW480,ML264,1484,1357,1104,1353,0.8684717581344955,1.240500491599661,0.9290123197882882,1.0503779686838977
SW480,Methylprednisolone succinate,524,586,1104,1353,0.782090524444927,1.0645678206936144,0.789443585281117,0.8617180778621727
SW480,Minodronic acid,667,887,1104,1353,0.7464584003311847,0.9169089631903191,0.6903453567782737,0.7433200594666426
SW480,NG25,608,615,1104,1353,0.8863907934927164,1.952020405344598,2.1663726259090175,1.9915903484650987
SW480,NVP-BHG712,740,799,1104,1353,0.8187885674808606,1.152642027751395,0.816637792929454,0.9240403192999502
SW480,OTS514,202,383,1104,1353,0.7249724918774808,1.0711936097978583,0.8760904113004814,0.9115643335992123
SW480,Oleic acid,502,691,1104,1353,0.72906501994628,1.0885132716216523,0.7715355958514105,0.8516800743843027
SW480,Oxaliplatin,687,935,1104,1353,0.7030903355811065,0.7017755261574451,0.678763495631154,0.6430260454412816
SW480,PF-06260933,403,533,1104,1353,0.8735681601411083,2.120876865612909,2.431451005078778,2.222674796042069
SW480,PH-797804,1402,902,1104,1353,0.9156365233976931,2.4327728314223878,2.3672878795810317,2.382555288229403
SW480,Paclitaxel,3541,2461,1104,1353,0.9133225223523406,2.164132769985769,1.6199763910089737,1.8858580996614471
SW480,Pemigatinib,756,745,1104,1353,0.7449402039989514,0.8208808517879058,0.5969617470138693,0.6522840866138102
SW480,Pimitespib,242,393,1104,1353,0.6257613890140229,0.8564724669947764,0.772814792656248,0.7620333215792028
SW480,Pralsetinib,293,503,1104,1353,0.6782191314646594,1.1855060734448337,0.9991945615600798,1.0179829650947783
SW480,RMC-6236,3385,1539,1104,1353,0.9514404950461357,2.5332799797479533,2.2490744675296277,2.4070560263308853
SW480,Ralimetinib dimesylate,1076,1127,1104,1353,0.8061167187707442,1.3872747218313564,0.8692909648482425,1.057089158728933
SW480,Regorafenib,830,928,1104,1353,0.8537113764450092,1.3880269687257913,1.2210605728209711,1.2431997813288012
SW480,SBI-0640756,396,531,1104,1353,0.7067699114116606,1.1933809806945674,0.8743418299568618,0.9350089507494239
SW480,Sapanisertib,4232,1691,1104,1353,0.8639397625634946,1.5626708402404859,1.282694901868386,1.4681861089797963
SW480,Sonidegib,239,268,1104,1353,0.5519787563145088,0.7637089055360554,0.8058178195330338,0.6889736314555989
SW480,TAK-733,1117,554,1104,1353,0.9172945730877706,2.030211061590284,1.78912027477952,1.8885576563379973
SW480,TAK-901,2863,1679,1104,1353,0.9448620474247881,3.1521365747626864,3.0845785746191856,3.1105243302655987
SW480,Temuterkib,1210,1122,1104,1353,0.9082598330386955,1.2647032520637937,1.074116445695196,1.1377940442883796
SW480,Tomivosertib,1081,1171,1104,1353,0.7920339678950569,0.9545264254542154,0.9108726512797491,0.8894738374752298
SW480,Torkinib,266,420,1104,1353,0.6365941062259277,1.1422143656386716,1.022733949020027,1.002398419320925
SW480,Trametinib,2870,1236,1104,1353,0.9533140996151378,2.305851213347951,2.190028549988476,2.2386473285505906
SW480,Tubulin inhibitor 6,461,645,1104,1353,0.6659508366701345,0.8092222775992315,0.6921148520344816,0.6854183917894258
SW480,Tucatinib,1371,2016,1104,1353,0.7932440270166305,0.8352799288151647,0.7141533082217364,0.7420737886286021
SW480,ULK-101,367,336,1104,1353,0.7679263327662617,0.9793134374498279,1.07841406282412,0.9646157826227681
SW480,Vemurafenib,1808,1071,1104,1353,0.9460844376408005,2.1470466728136364,1.8899652271969,2.001656418097709
SW480,Volasertib,519,594,1104,1353,0.8297638597736248,1.1000254632811453,0.8635739061235815,0.9261547062033644
SW480,XRK3F2,2693,1223,1104,1353,0.9405224063552353,2.2273526630739484,1.8765397520643903,2.0812239450520904
SW480,c-Kit-IN-1,967,603,1104,1353,0.8397547960473648,1.4946660031100452,1.3249932443747985,1.3843410840577903
SW480,olaparib,570,638,1104,1353,0.7367392901389946,1.0014913109571397,0.7657267546724665,0.8108001541236183
SW480,palbociclib,1075,355,1104,1353,0.8416827047195455,1.9566856914614812,1.6363031132519557,1.8113487083460007
SW480,venetoclax,641,569,1104,1353,0.919466275341379,1.866402979702435,1.7974346758863098,1.7942070844640194
SW480,vincristine,283,586,1104,1353,0.8813451679707225,1.4950519859148592,1.5678991141654703,1.5195377591009336
hTERT-HPNE,4EGI-1,228,57,592,159,0.6847923861531212,1.9472691658536645,2.067662067676334,1.8621214823690098
hTERT-HPNE,9-ING-41,1105,210,592,159,0.7588297818895656,1.7059554767259621,1.6295683546748467,1.6457051407761623
hTERT-HPNE,APTO-253,594,129,592,159,0.5888109195513064,1.1672600264069914,1.5075077392398606,1.141432560546098
hTERT-HPNE,AT7519,480,139,592,159,0.49154679490927405,1.1765193932972817,1.3865135238119652,1.0941186929433744
hTERT-HPNE,AZD-7648,343,82,592,159,0.6623588854538154,1.8880744061301353,1.9305527202121182,1.7876482296379212
hTERT-HPNE,AZD-8055,763,147,592,159,0.789839363055649,1.854594282679353,2.016128992342645,1.829473399980847
hTERT-HPNE,AZD1390,262,71,592,159,0.5353345336651759,1.468588588370364,1.6496828987228427,1.3768202550111186
hTERT-HPNE,Abemaciclib,734,200,592,159,0.8369933384146944,2.2103285577500387,2.0943657926625727,2.1282294583674113
hTERT-HPNE,Afatinib,1660,208,592,159,0.8312770837674532,1.9308918274255555,1.97228470987754,1.9101960389217065
hTERT-HPNE,Alpelisib,237,58,592,159,0.5313112867413956,1.6178514755591922,2.0320832753611318,1.543024264721564
hTERT-HPNE,Anastrozole,422,109,592,159,0.5744908640870037,1.2455048508563398,1.5495278029124187,1.2011767069304202
hTERT-HPNE,BAY1125976,1934,303,592,159,0.8876106322284338,2.3485519956802667,2.2986106373820037,2.343623092806987
hTERT-HPNE,BI-3406,700,126,592,159,0.7243977609639906,1.7511604921456299,1.8191448543290023,1.6751200534009185
hTERT-HPNE,BI-78D3,1033,257,592,159,0.6108003370838285,1.0589330315200918,1.2645413500329439,1.0250943190309705
hTERT-HPNE,Belumosudil (mesylate),332,83,592,159,0.6962756778400869,1.7956720692778214,1.9502416777459175,1.7263882187078021
hTERT-HPNE,Bentamapimod,838,213,592,159,0.7866304054664883,1.553867651591409,1.7042480258419839,1.5256069141765607
hTERT-HPNE,Bimiralisib,1723,258,592,159,0.8553331808894085,2.381261001443535,2.15448466622882,2.3101563898821325
hTERT-HPNE,Binimetinib,327,55,592,159,0.6898136159782231,2.4603877607906055,2.223329751596555,2.3252259533886583
hTERT-HPNE,Brivudine,1025,339,592,159,0.9045491852432291,3.3249437472096033,2.7763093367406175,3.1671641529961883
hTERT-HPNE,CP21R7,227,71,592,159,0.39237769581029186,1.1254284631170346,1.4576376459511144,1.0386038739335874
hTERT-HPNE,Capivasertib,223,67,592,159,0.5188582722112846,1.4068970662129925,1.7323974414463559,1.3433466570582555
hTERT-HPNE,Capmatinib,271,84,592,159,0.6718248062915806,2.021418179356132,1.7860889618873836,1.8689131559406755
hTERT-HPNE,Celecoxib,243,79,592,159,0.4336463749170298,1.0825066626617712,1.4805080292816948,1.0330610873019046
hTERT-HPNE,DT-061,229,72,592,159,0.616629225555084,1.4250656265871386,1.9137647515388216,1.4187127715568866
hTERT-HPNE,DTP3,190,54,592,159,0.605228864691759,1.5772099132042385,2.0449525497494343,1.5476487846898805
hTERT-HPNE,Dabrafenib,2312,314,592,159,0.8313986784841284,2.0274905011974034,1.9831935865030443,2.0251435703732406
hTERT-HPNE,ERK5-IN-2,1600,315,592,159,0.8335305691018784,1.9208212949060266,1.9572509437832142,1.87227833263642
hTERT-HPNE,ETC-206,360,87,592,159,0.4468729916433351,1.0628469555563367,1.3750459064065936,1.0044576164342491
hTERT-HPNE,EX229,509,104,592,159,0.7507112548532654,2.41473770897282,2.1093253693784972,2.268206292355145
hTERT-HPNE,Encorafenib,2207,381,592,159,0.8536732068569812,1.9240510676767693,1.8930785864785658,1.8926304490254435
hTERT-HPNE,Erdafitinib ,526,115,592,159,0.6753902103963458,1.487841669680276,1.6852394422884402,1.4425423623844775
hTERT-HPNE,Everolimus,1058,341,592,159,0.6103500030318699,1.052390946016973,1.384936559709742,1.0496052484249796
hTERT-HPNE,GSK1059615,1371,346,592,159,0.859272409830116,2.537860293579956,2.2804060539744127,2.432240682066872
hTERT-HPNE,Gemcitabine,634,203,592,159,0.5883792231321541,1.2973167129699659,1.6909588473951433,1.2842749532835664
hTERT-HPNE,HI-TOPK-032,278,139,592,159,0.8267341384409157,2.6328409905535524,2.2356859044661315,2.520413737685613
hTERT-HPNE,IQ 1,282,58,592,159,0.6551499125532696,1.8362324857192132,2.143561169762698,1.7670769885645683
hTERT-HPNE,Infigratinib,686,147,592,159,0.7751168389071389,1.7199246743693366,1.9346504211049012,1.6974517707281604
hTERT-HPNE,Ipatasertib,1058,231,592,159,0.7903710931543613,1.9246618583767283,1.8425275790990925,1.8376618365800144
hTERT-HPNE,Irinotecan,1162,289,592,159,0.671113953353282,1.643889016455028,1.7718408985567098,1.5662314259198609
hTERT-HPNE,Ixazomib,282,53,592,159,0.794208601137917,2.7830908094214535,2.5174012611521053,2.6410576722269314
hTERT-HPNE,LB-100,396,92,592,159,0.39594364774522167,1.0343016110808598,1.4598903570382673,0.9814768139246642
hTERT-HPNE,LJI308,209,53,592,159,0.6043458015270708,1.6521828800196277,1.9658386642752126,1.583443623436577
hTERT-HPNE,LY2090314,672,184,592,159,0.7422589957207892,1.4191126718716986,1.6910982171672437,1.4031469478816692
hTERT-HPNE,Lapatinib ditosylate,924,210,592,159,0.6046497731600623,1.2275603797043928,1.2816268083476698,1.1616404420405493
hTERT-HPNE,MK-3903,264,75,592,159,0.6767594745000277,1.7235715756988412,1.8910857519977033,1.6573371134586672
hTERT-HPNE,MK-8353,290,87,592,159,0.4400011079005188,1.2147413812629029,1.7410033544231094,1.1676429648141784
hTERT-HPNE,ML264,977,164,592,159,0.6884386200483646,1.4156744483410715,1.5871238449369651,1.403025192223274
hTERT-HPNE,Methylprednisolone succinate,266,97,592,159,0.4608830658686521,1.24129995060548,1.4272844452601063,1.1724813422820808
hTERT-HPNE,Minodronic acid,466,109,592,159,0.6703940677493314,1.4881074448583622,1.5375510228678826,1.4233592400826394
hTERT-HPNE,NG25,224,91,592,159,0.7561708379050496,2.8263235790950123,2.880398837338288,2.75994918964487
hTERT-HPNE,NVP-BHG712,477,105,592,159,0.6675488422438177,1.4318236159812319,1.6036908894875082,1.3779406075418281
hTERT-HPNE,Oleic acid,309,99,592,159,0.5272103532554807,1.334186518020795,1.5351032954742725,1.2465693194701504
hTERT-HPNE,Oxaliplatin,446,103,592,159,0.5212574573946284,1.3946258730263434,1.42800297548603,1.2865772482793723
hTERT-HPNE,PF-06260933,295,52,592,159,0.5057193286361181,2.2350125717503535,2.508598020150878,2.1188839706783487
hTERT-HPNE,PH-797804,489,149,592,159,0.9219327252875528,4.5483539359306775,4.021788364850604,4.380607982039527
hTERT-HPNE,Paclitaxel,2478,595,592,159,0.7556499912035239,1.6589843986392476,1.559135197957801,1.581509050849576
hTERT-HPNE,Pemigatinib,352,92,592,159,0.5783003987058694,1.3711417629442533,1.6299293498550615,1.3095822214423327
hTERT-HPNE,Pralsetinib,412,151,592,159,0.7798383110389946,2.031603124393838,2.150237839640802,2.0090026322036354
hTERT-HPNE,RMC-6236,1556,229,592,159,0.8900878312485971,2.944120254795029,2.4438460907786244,2.8403441402330234
hTERT-HPNE,Ralimetinib dimesylate,595,188,592,159,0.7229648998590452,1.4258497641075434,1.6306103334567368,1.3978424919574386
hTERT-HPNE,Regorafenib,504,140,592,159,0.7902248936855584,2.09441441639618,1.8378800817490764,1.9747294585713386
hTERT-HPNE,SBI-0640756,286,66,592,159,0.3922282225290164,1.3160171820316646,1.605085211324488,1.20617012220574
hTERT-HPNE,Sapanisertib,1849,312,592,159,0.8777164786139464,2.375087708297941,2.403300495398622,2.36278762665426
hTERT-HPNE,TAK-733,482,113,592,159,0.8124309987023856,2.2624207505637184,1.9786727750557203,2.142142760102885
hTERT-HPNE,TAK-901,956,178,592,159,0.9600363624428225,6.210059084688434,5.661495028970465,6.066894431942296
hTERT-HPNE,Temuterkib,815,172,592,159,0.6899104993696187,1.2766008512801308,1.5663383497456838,1.2714714869598895
hTERT-HPNE,Tomivosertib,433,152,592,159,0.6701546595412411,1.6518211128426945,1.667492205769048,1.581663189146142
hTERT-HPNE,Trametinib,1264,197,592,159,0.8877294538537595,2.9288685102806236,2.574679296501159,2.8348898700848766
hTERT-HPNE,Tubulin inhibitor 6,231,75,592,159,0.3932845772028354,1.136695797037193,1.4828364607455293,1.064435832125173
hTERT-HPNE,Tucatinib,1053,275,592,159,0.6656598372974781,1.3232492727605707,1.424025993137425,1.2655720659781184
hTERT-HPNE,ULK-101,148,53,592,159,0.4815156886472284,1.5512985980752882,1.845461499736098,1.4729237303349647
hTERT-HPNE,Vemurafenib,1117,252,592,159,0.6893127238925059,1.2973681013421776,1.3643913215083812,1.2466447898248787
hTERT-HPNE,Volasertib,306,78,592,159,0.5422632929529402,1.2921411567958971,1.548484892247374,1.2273827663422305
hTERT-HPNE,XRK3F2,1298,228,592,159,0.7823253847773965,1.6039333778287823,1.7453145625979167,1.610412020232284
hTERT-HPNE,c-Kit-IN-1,380,114,592,159,0.7551763109964273,2.223940906395788,1.9837992646006888,2.0882745147403683
hTERT-HPNE,olaparib,405,148,592,159,0.5674347118830441,1.4955472963328031,2.237409261943582,1.5532502961275108
hTERT-HPNE,palbociclib,502,81,592,159,0.617710646402403,1.559514040006494,1.8048017804988012,1.513344580552486
hTERT-HPNE,venetoclax,290,101,592,159,0.8791867370269616,2.9499546621192834,2.6990672585748987,2.8580281398491096
