cell_line,drug_a,drug_b,cos_mean_signature,cos_G2M_response
A-172,GSK1059615,Oxaliplatin,-0.013160031773500322,0.1171708639286397
A-172,Lonafarnib,palbociclib,0.04394774914689842,0.20362816509912218
A-172,BI-78D3,Futibatinib,-0.15014556443878377,-0.05097590505963226
A-172,Brivudine,PF-06260933,-0.04128420475213938,0.3890832628598464
A-172,AZD-7648,Temuterkib,0.09102159190542317,0.12336740130396892
A-172,4EGI-1,Pralsetinib,0.6106999596083874,0.6392031173494936
A-172,Capmatinib,Ralimetinib dimesylate,0.19407286884191072,0.18658531869919867
A-172,AZD-8055,Erdafitinib ,0.5315734393156585,0.5728674155583882
A-172,Abemaciclib,RMC-6236,0.4169791032998609,0.515069451951811
A-172,Hydroxyfasudil,Lapatinib ditosylate,0.0522032208107089,0.2908541411717139
A-172,Dabrafenib,Oxaliplatin,0.20531588848835952,0.26961413895843506
A-172,AT7519,ETC-206,0.6337716393954339,0.5808569841003967
A-172,DT-061,Vemurafenib,0.11613660185365773,0.17082931670304996
A-172,Ipatasertib,Torkinib,0.2957098390673077,0.3005834359094455
A-172,Hydroxyfasudil,Regorafenib,0.762826009449803,0.6918631445244904
A-172,APTO-253,Belzutifan,0.2924561725189251,0.30721173769114346
A-172,Adagrasib,HI-TOPK-032,0.488304888893216,0.4564167084485066
A-172,Tomivosertib,Torkinib,0.4282569107238963,0.3962538182889562
A-172,Everolimus,MK-8353,0.6561828839894747,0.6531231882789841
A-172,Bentamapimod,Pimitespib,0.3194100995805845,0.23104402695045254
A-172,Hydroxyfasudil,Volasertib,0.37646459553780043,0.4007592450059608
A-172,Ipatasertib,Paclitaxel,0.6792863727727733,0.6898705020906183
A-172,Celecoxib,Irinotecan,0.7049109715738084,0.4672169629915545
A-172,Erdafitinib ,olaparib,0.207233690941084,0.302352669108511
A-172,Minodronic acid,Vemurafenib,0.28026459932064995,0.2667871586956473
A-172,Alpelisib,Anastrozole,0.3579566574823721,0.39198585386896734
A-172,Gemcitabine,LB-100,0.652785016240005,0.647953877296459
A-172,Oxaliplatin,PF-06260933,0.40594546836739626,0.3286810695170816
A-172,4EGI-1,olaparib,0.5353156790635122,0.5522149231651003
A-172,MK-3903,Trametinib,0.4938927879026343,0.5271623183214732
A-172,Binimetinib,Pimitespib,0.31683674872150946,0.27877824068247115
A-172,Encorafenib,TAK-733,0.49410879105071814,0.5348358056345668
A-172,Futibatinib,Methylprednisolone succinate,0.20893790631435613,0.2847750640034824
A-172,OTS514,Torkinib,0.29427596852257437,0.2640309700036626
A-172,GSK1059615,LY-2584702 (tosylate salt),-0.0022623843185514067,0.013364650542417568
A-172,BAY1125976,RMC-6236,0.1827107176545944,0.3100104545646535
A-172,Capivasertib,DT-061,0.5421084196320991,0.5494264773803449
A-172,Capmatinib,NG25,0.7189581922676678,0.6258223069904778
A-172,GSK1059615,Vemurafenib,0.5452832246790804,0.6370068564206488
A-172,Brivudine,DTP3,0.06752463439412283,0.13853390769291815
A-172,Pimitespib,Tomivosertib,0.3395654988176479,0.29338488160745907
A-172,Bimiralisib,Binimetinib,0.7442843367796717,0.743395822470243
A-172,AZD1390,Volasertib,0.6025259076931406,0.5813146800431369
A-172,Erdafitinib ,TAK-901,0.0834357750157531,0.17287787603469787
A-172,AZD-8055,Methylprednisolone succinate,0.3353669296265347,0.310776409273189
A-172,BI-78D3,Trametinib,0.5033799568456793,0.49878393696831824
A-172,Anastrozole,Lonafarnib,0.2757626121699903,0.23954257987235864
A-172,Binimetinib,venetoclax,0.6769530802425008,0.7246151609414584
A-172,LY-2584702 (tosylate salt),LY2090314,-0.0482188512167087,-0.16965019303850754
A-172,EX229,Torkinib,0.17279747549580599,0.1387906177626163
A-172,ETC-206,Methylprednisolone succinate,0.6992291515672794,0.6679754775176291
A-172,Pimitespib,Pralsetinib,0.6330520117412824,0.5463997579010911
A-172,APTO-253,Elimusertib hydrochloride,-0.234459488628069,-0.03392672985408837
A-172,Bimiralisib,ULK-101,0.4085775148960999,0.40151761162438077
A-172,Ixazomib,Regorafenib,0.7308733387246809,0.7313237718655937
A-172,9-ING-41,Capivasertib,0.23901007410745814,0.36287204960382613
A-172,Oleic acid,Sonidegib,0.34263220710458453,0.29560856976861394
A-172,Binimetinib,Paclitaxel,0.3054716819482948,0.3715572945671158
A-172,Anastrozole,XRK3F2,0.4108101802124285,0.42562398123785333
A-172,Belzutifan,LB-100,0.3064057403943574,0.36717175281521086
A-172,CP21R7,MK-8353,0.28493854335626484,0.3152023216314659
A-172,TAK-901,Tubulin inhibitor 6,0.30931633918301654,0.20854310116073885
A-172,Bentamapimod,Hydroxyfasudil,0.4026033957154339,0.3491155494863781
A-172,DT-061,Regorafenib,0.5279732677785911,0.42611482355197294
A-172,Bentamapimod,Lonafarnib,0.19542549377081306,0.16530355029352192
A-172,AT7519,DT-061,0.020409448847709767,0.034672268913932505
A-172,Paclitaxel,Pemigatinib,0.3187233638372979,0.4297282488202668
A-172,ETC-206,OTS514,0.19233145154906583,0.21098753948666388
A-172,Erdafitinib ,LJI308,0.19675905955139283,0.2532119338803906
A-172,Bentamapimod,NVP-BHG712,0.815303643919649,0.8320420165354878
A-172,CP21R7,Trametinib,0.5809857756707958,0.47219776194807234
A-172,Elimusertib hydrochloride,Temuterkib,-0.04321511739994327,0.09689447865122051
A-172,olaparib,venetoclax,0.6716819303150903,0.6641914489845836
A-172,Sonidegib,olaparib,0.8103809766350726,0.7767248553663539
A-172,Pemigatinib,Tomivosertib,0.3699342661026136,0.5083996541804967
A-172,4EGI-1,Alpelisib,0.3745050338505532,0.3427571744767102
A-172,Binimetinib,Futibatinib,-0.031369201121881074,-0.12807343458397874
A-172,Everolimus,LY-2584702 (tosylate salt),0.27913845320888747,0.23387792386826858
A-172,Lonafarnib,Oleic acid,0.1758139247777876,0.1165635946960219
A-172,Capmatinib,Encorafenib,0.4427892059593162,0.4515785344538653
A-172,AT7519,ML264,0.6037580697788811,0.5989713662694591
A-172,MK-3903,vincristine,0.10856798575292374,0.2744989091108749
A-172,BI-3406,Temuterkib,0.24534780121223132,0.3269562382793122
A-172,Anastrozole,Lapatinib ditosylate,0.42675375107049396,0.5666891088448143
A-172,Bimiralisib,MK-3903,0.5809539956742295,0.5536471055074537
A-172,DTP3,PF-06260933,-0.008062000170535998,0.07781054124465023
A-172,Erdafitinib ,Infigratinib,0.5627404514452188,0.530422302658635
A-172,Ralimetinib dimesylate,Tucatinib,0.4599131157524104,0.594882822778456
A-172,Minodronic acid,PH-797804,0.1768344292892891,0.08992915796273701
A-172,EX229,Sapanisertib,0.5911548439261766,0.5692639655407162
A-172,Afatinib,PF-06260933,0.13064329634027438,0.26658047265881446
A-172,Anastrozole,BAY1125976,0.39120352869837766,0.4974482842249034
A-172,GSK1059615,Tubulin inhibitor 6,0.41176563429766433,0.38315641596416405
A-172,Bimiralisib,DT-061,0.20255000802612172,0.15500081502785712
A-172,Gemcitabine,LJI308,0.5696506076220375,0.6279876220927878
A-172,NVP-BHG712,Tubulin inhibitor 6,0.49850212552596684,0.5176979913357714
A-172,RMC-6236,Sonidegib,0.5012029647872415,0.5613400318922596
A-172,MK-3903,XRK3F2,0.7211452412233117,0.6060584212407853
A-172,Lapatinib ditosylate,vincristine,0.2351862438017633,0.3216498359057789
A-172,NG25,vincristine,0.2099799361018688,0.3364231150472954
A-172,BI-78D3,Lonafarnib,0.07891459567616005,0.09440849520230364
A-172,Belumosudil (mesylate),Infigratinib,0.2951329147655179,0.4503560599741841
A-172,4EGI-1,CP21R7,0.43195788310202166,0.31363070128908943
A-172,SBI-0640756,Trametinib,0.32553347939010047,0.35165639664093457
A-172,Pralsetinib,TAK-901,0.3418577877770227,0.3633305977008015
A-172,Sonidegib,Tubulin inhibitor 6,0.5844601508170143,0.4528120820428359
A-172,Irinotecan,c-Kit-IN-1,0.5423721071456002,0.5887024510827037
A-172,Ixazomib,Oleic acid,0.10488229215229836,0.1032697413519516
A-172,Lonafarnib,PH-797804,0.5640565692870662,0.5772355494265168
A-172,BI-3406,LB-100,0.34774655089268136,0.45369478106824956
A-172,Bentamapimod,ML264,0.6410018729062568,0.7325915411261189
A-172,NG25,Sonidegib,0.6406119137871894,0.6101635316468037
A-172,Encorafenib,Pemigatinib,0.2088266745883543,0.3334776981371953
A-172,APTO-253,NVP-BHG712,0.6240531280083237,0.6199283312906406
A-172,AT7519,Sapanisertib,0.37158320919773796,0.488708482240451
A-172,NG25,Torkinib,0.4586349328320993,0.43859979518187814
A-172,DTP3,Elimusertib hydrochloride,-0.19146554601690358,-0.11234671041302062
A-172,4EGI-1,Oxaliplatin,0.21927542986567639,0.31402726338778036
A-172,AZD1390,Belzutifan,0.4806963213680151,0.4749898255367547
A-172,LJI308,TAK-733,0.5111537703062793,0.4919853320975448
A-172,Dabrafenib,Futibatinib,0.07520084160245902,-0.05516452364974253
A-172,PF-06260933,Volasertib,0.26470175250135414,0.43439805599114856
A-172,Afatinib,Tucatinib,0.31269361528971634,0.45866666835799086
A-172,Irinotecan,Oxaliplatin,0.2797847875383514,0.23886356563133335
A-172,DTP3,Oleic acid,0.5707959794895054,0.49873591516047655
A-172,Capivasertib,Sapanisertib,0.03545404855104419,0.09250140606995032
A-172,Pimitespib,Ralimetinib dimesylate,0.24488303093055072,0.2605428373698364
A-172,HI-TOPK-032,NG25,0.4641126635236561,0.5524184323225761
A-172,IQ 1,Pemigatinib,0.5283777454169438,0.6111066930403761
A-172,Paclitaxel,Tomivosertib,0.4935756499308925,0.4828317211133988
A-172,BI-3406,Capmatinib,0.8274788383297694,0.7946526953798374
A-172,Lonafarnib,Oxaliplatin,0.13874266326435547,0.18019213248491825
A-172,TAK-733,XRK3F2,0.44988870324173275,0.38449956859663437
A-172,AZD2858,Vemurafenib,0.232489582560089,0.3780519823243099
A-172,c-Kit-IN-1,venetoclax,0.7918784456479313,0.815024103430211
A-172,Alpelisib,Erdafitinib ,0.24719326311888204,0.32743874654907174
A-172,Minodronic acid,venetoclax,0.10475196718423099,-0.001970662275517015
A-172,Ixazomib,Paclitaxel,0.3897869422370578,0.41453055749850953
A-172,Pemigatinib,vincristine,0.2864722829761993,0.416203352686335
A-172,ML264,Sonidegib,0.19841735061232468,0.290497289552442
A-172,Belzutifan,HI-TOPK-032,0.2971357668896876,0.3639431730584459
A-172,ETC-206,Paclitaxel,0.3978741319077487,0.41964843245121075
A-172,DTP3,Temuterkib,0.14779855265406067,0.24411701360627003
A-172,Dabrafenib,Torkinib,-0.0682431766547502,0.14138741534014407
A-172,Ipatasertib,LJI308,0.5788905529203816,0.5874120419326807
A-172,RMC-6236,c-Kit-IN-1,0.4657050836330976,0.5657068086384086
A-172,Oleic acid,PF-06260933,0.13992654697738327,0.26310903024725396
A-172,AZD2858,palbociclib,0.06987000769998288,0.33019374868892004
A-172,AT7519,MK-8353,0.4877894762607935,0.4752729636977189
A-172,Bimiralisib,RMC-6236,0.818687765932453,0.830491825984814
A-172,Binimetinib,TAK-733,0.5163125113613646,0.5606722682822323
A-172,LY-2584702 (tosylate salt),Lonafarnib,0.4980639198588719,0.4108794098305204
A-172,AT7519,MK-3903,0.31661236328673675,0.5352906016874107
A-172,LY-2584702 (tosylate salt),MK-3903,0.11822234030558793,0.1404128988545043
A-172,DT-061,Erdafitinib ,0.2078855978001948,0.27410192687863777
A-172,APTO-253,Bimiralisib,0.008692736946538139,0.1663513113774935
A-172,Hydroxyfasudil,Tubulin inhibitor 6,0.689152102091785,0.5793933063549581
A-172,DTP3,Tomivosertib,0.11597735947407996,0.24884545645055245
A-172,LJI308,Torkinib,0.5102930809080115,0.4590416749104594
A-172,LJI308,Pemigatinib,0.12067084894259641,0.28602051699703634
A-172,Brivudine,LY-2584702 (tosylate salt),0.32723496371378546,0.32192518902178835
A-172,AT7519,Sonidegib,0.2597170151558448,0.4703290343486255
A-172,Bentamapimod,Capmatinib,0.17356886959061762,0.11656329653844233
A-172,Tomivosertib,ULK-101,0.7178483060075643,0.6639352748607191
A-172,Erdafitinib ,Sapanisertib,0.5079238007323931,0.5228386145890104
A-172,4EGI-1,Encorafenib,0.4270035994846824,0.46568873597815236
A-172,Trametinib,ULK-101,0.4827158903947429,0.4829449396605577
A-172,APTO-253,Celecoxib,0.5295286869865512,0.5906897106307316
A-172,Celecoxib,Volasertib,0.5990829052069818,0.5742388390459876
A-172,MK-3903,Oleic acid,0.37964712824637475,0.344818371508182
A-172,BI-3406,LY-2584702 (tosylate salt),0.2162227315315267,0.23649346515446035
A-172,Hydroxyfasudil,TAK-733,0.5501702087386571,0.4762304824616375
A-172,Celecoxib,RMC-6236,-0.003181445025326045,0.06912198491991907
A-172,Sapanisertib,c-Kit-IN-1,0.4819132799280494,0.4942451474625056
A-172,AZD-7648,BI-78D3,0.2279011866232648,0.23810665690236046
A-172,DT-061,EX229,0.06245319778238591,-0.041465906397171536
A-172,9-ING-41,SBI-0640756,0.4567068100531305,0.39189403402868467
A-172,Bimiralisib,IQ 1,0.5131050486349196,0.500915849194551
A-172,Belumosudil (mesylate),Ipatasertib,0.5321608502869062,0.5835515675753448
A-172,AT7519,olaparib,0.019987401768990855,0.23722378376886255
A-172,NVP-BHG712,Torkinib,0.35097759112814747,0.36962145950092845
A-172,Adagrasib,DTP3,0.3423773052671183,0.41000133872301836
A-172,4EGI-1,Pemigatinib,0.5513437307117478,0.6042343798268092
A-172,EX229,IQ 1,0.3767928012636497,0.36779269441753293
A-172,Irinotecan,Trametinib,0.40191746282574814,0.5438862818108586
A-172,AZD1390,vincristine,0.3877415797883618,0.5155756955729838
A-172,Alpelisib,venetoclax,0.4753280260409013,0.44542461504663455
A-172,Adagrasib,Encorafenib,-0.06485791584155992,0.06065651471842036
A-172,LB-100,palbociclib,0.12714696570523162,0.33726969374963917
A-172,ETC-206,Gemcitabine,0.718812544079487,0.5461738017295144
A-172,Irinotecan,Ixazomib,0.3274350578369075,0.43729413467531575
A-172,AZD-8055,MK-3903,0.8835384754916433,0.829831347684221
A-172,AZD1390,Brivudine,0.35204957767618833,0.5739476525075365
A-172,9-ING-41,Ipatasertib,0.6231820623682701,0.6200594597329263
A-172,Encorafenib,Gemcitabine,0.3513172324428167,0.5483659660884825
A-172,Paclitaxel,Vemurafenib,0.7106411284628603,0.7581222597694608
A-172,MK-3903,Pimitespib,0.3724272204276973,0.32207265112731576
A-172,Methylprednisolone succinate,Minodronic acid,0.6327065813969329,0.5472127486058844
A-172,Encorafenib,Trametinib,0.6424651005106359,0.7058307268007818
A-172,Futibatinib,Ralimetinib dimesylate,-0.05810729104194839,-0.09947108814486412
A-427,Belzutifan,Bimiralisib,0.3259855726807058,0.14155020580335226
A-427,OTS514,Pemigatinib,0.26200589681501907,0.19446506857132892
A-427,BI-3406,Erdafitinib ,0.4353044061941131,0.3422295572919048
A-427,Celecoxib,Sapanisertib,0.07552937372236924,0.05930655361588741
A-427,Capivasertib,palbociclib,-0.10428305323671425,-0.10308604108545807
A-427,Belumosudil (mesylate),Trametinib,0.32286483278296835,0.29024034452662667
A-427,Hydroxyfasudil,Tucatinib,0.15839651525861123,0.18468805029461008
A-427,Sapanisertib,Volasertib,0.1810921408624897,-0.1435619523682602
A-427,Pimitespib,Trametinib,-0.18193283169008004,-0.131839155680032
A-427,Abemaciclib,Infigratinib,0.40806817023500924,0.6032940421751627
A-427,Binimetinib,Capmatinib,0.9213780403956496,0.805730768287498
A-427,LB-100,Pemigatinib,0.15140363614158225,0.24046452412815625
A-427,BI-3406,Hydroxyfasudil,0.6554059308017851,0.4105341013551725
A-427,Encorafenib,Ralimetinib dimesylate,0.635173823585083,0.55442219372292
A-427,AZD-8055,Sonidegib,-0.3215170341217127,-0.10923911927647138
A-427,Ipatasertib,Sapanisertib,0.7155393011587301,0.5581727101316516
A-427,Elimusertib hydrochloride,NVP-BHG712,-0.017426259724922656,0.0025672738189314436
A-427,Binimetinib,Elimusertib hydrochloride,0.7589922058976037,0.5938431084108317
A-427,Anastrozole,BI-3406,0.05432462682896595,0.08213897339582694
A-427,Brivudine,DTP3,-0.3446437409979158,-0.22590694438534756
A-427,Celecoxib,Futibatinib,0.19845595247572145,0.17814570745208572
A-427,APTO-253,Everolimus,0.44270818614737173,0.367393795355946
A-427,AT7519,olaparib,-0.08272010634273003,0.1538122893467102
A-427,Capivasertib,Sapanisertib,-0.1963332124869701,-0.10817579587901383
A-427,ETC-206,Elimusertib hydrochloride,0.03950781776038514,0.16982646264324608
A-427,Dabrafenib,MK-8353,0.25479747360469174,0.1725341486976647
A-427,Oleic acid,SBI-0640756,0.24848191050919394,0.3339994287009213
A-427,ERK5-IN-2,RMC-6236,0.4846214781005082,0.5042487508337503
A-427,ERK5-IN-2,EX229,0.17984683986158287,0.212447516803895
A-427,Abemaciclib,palbociclib,-0.2238427389949654,0.11976828398515503
A-427,CP21R7,ML264,0.4586685709253483,0.37553123229591745
A-427,Bentamapimod,Regorafenib,0.2696549503076837,0.1684782432069783
A-427,BI-3406,olaparib,0.35602604123440207,0.3512945838077085
A-427,HI-TOPK-032,Regorafenib,0.170700503957689,0.4221624466122273
A-427,Everolimus,LY-2584702 (tosylate salt),-0.181396448293334,0.0031771871577330867
A-427,9-ING-41,Temuterkib,0.8639247508674494,0.7407722282500343
A-427,PF-06260933,venetoclax,0.368802758540822,0.5337637477503947
A-427,AZD-8055,BAY1125976,0.8389448269096775,0.7144378591656979
A-427,AT7519,OTS514,0.3212293853000896,0.4652215018858808
A-427,Capmatinib,Celecoxib,0.032345366421501875,0.14536307835759427
A-427,AT7519,Capivasertib,0.46799342999663573,0.5141809311817562
A-427,HI-TOPK-032,Vemurafenib,-0.08036225405057168,0.06948747194041839
A-427,Encorafenib,Tomivosertib,0.23883496755199266,0.23962050874392452
A-427,Capivasertib,LJI308,0.09284009953994067,-0.02371129924523144
A-427,4EGI-1,ULK-101,0.2870827104423651,0.29223210556853246
A-427,PF-06260933,palbociclib,-0.21651897704641934,0.31611439673322966
A-427,APTO-253,AZD1390,0.5631180729475505,0.33531431813772844
A-427,Celecoxib,Pralsetinib,0.04396265034587593,0.05809967227119345
A-427,Gemcitabine,Paclitaxel,0.2664662890084539,0.34772959576296986
A-427,Belzutifan,olaparib,-0.17068242416975996,-0.005977601777520593
A-427,Bimiralisib,Sonidegib,-0.0573466372519645,0.0953058015701852
A-427,4EGI-1,Binimetinib,0.12655940023794465,-0.058703405193600164
A-427,Capivasertib,Torkinib,0.4705618347809797,0.3855933547441577
A-427,Alpelisib,Futibatinib,0.4524417100349425,0.11822952964108736
A-427,BAY1125976,Irinotecan,-0.16853228360808536,-0.056188654315034434
A-427,LY-2584702 (tosylate salt),MK-3903,-0.43272361175596363,-0.2291045829477366
A-427,Alpelisib,Oleic acid,0.03980043652814231,0.0031536766515846597
A-427,Minodronic acid,Volasertib,0.21301526292460174,0.40300105566830513
A-427,Alpelisib,Lapatinib ditosylate,0.35337338332471513,0.15749057541263065
A-427,Oleic acid,Tubulin inhibitor 6,0.4365694151982812,0.3015218746159677
A-427,Celecoxib,ETC-206,0.5306695324939205,0.5236580994638005
A-427,BI-3406,LY2090314,0.24713939534364657,0.13534611029922386
A-427,Binimetinib,Everolimus,0.04712520057177763,0.028084019424996755
A-427,BI-3406,LY-2584702 (tosylate salt),-0.27308719643411045,-0.11835073163259599
A-427,BAY1125976,Regorafenib,0.17005835490523136,-0.10438365582526332
A-427,DTP3,LY2090314,0.598081610483059,0.5103845328414185
A-427,NVP-BHG712,XRK3F2,0.6251516980567096,0.5205637424120967
A-427,LY2090314,Volasertib,0.17763193553335352,0.22146832315163886
A-427,Anastrozole,IQ 1,0.06632811113474271,0.12076566894175486
A-427,Belumosudil (mesylate),LB-100,0.14576567985252495,0.18685438605094262
A-427,AT7519,AZD1390,0.4051371930208418,0.4288474901445408
A-427,Capivasertib,ULK-101,0.1012077803069645,0.1276705845803751
A-427,Abemaciclib,Pimitespib,0.27737744844077167,0.3630052667734429
A-427,Paclitaxel,Tomivosertib,0.17381619413414937,0.07818671530171334
A-427,TAK-901,Tucatinib,0.38329487634646386,0.4578433960017208
A-427,AZD-8055,Ipatasertib,0.6694195534744813,0.5298389315159497
A-427,XRK3F2,venetoclax,-0.1308863212275534,-0.11663101902013459
A-427,4EGI-1,APTO-253,0.6520589302329182,0.2890180065722425
A-427,BAY1125976,Trametinib,0.34736247793949115,0.00510640429550329
A-427,DTP3,Encorafenib,0.23482564314982282,0.14194472612280745
A-427,LY-2584702 (tosylate salt),Lapatinib ditosylate,-0.17016956301468317,0.11548698896936768
A-427,HI-TOPK-032,Ralimetinib dimesylate,-0.02774273832085132,0.016647468120810555
A-427,ETC-206,Trametinib,0.002611113076257321,0.06895480442420529
A-427,CP21R7,Lapatinib ditosylate,0.26882307735577937,0.2234267041462344
A-427,Afatinib,CP21R7,0.7077614712033637,0.6074532795785428
A-427,AZD-7648,TAK-901,0.031074230671422322,0.07819839144748184
A-427,Bentamapimod,XRK3F2,0.7398878520252475,0.6334901164690803
A-427,Ralimetinib dimesylate,Volasertib,0.33017384361654156,0.25870910646786205
A-427,Gemcitabine,Volasertib,0.44420631027650115,0.3591131984745115
A-427,Pemigatinib,Pralsetinib,-0.12348183906457527,-0.27210810612101194
A-427,Capivasertib,Temuterkib,-0.07751804565478308,0.156829289345642
A-427,ETC-206,Tubulin inhibitor 6,0.5042336069145384,0.5270232449731159
A-427,Brivudine,vincristine,-0.021067619689456446,0.13414663659486967
A-427,9-ING-41,PF-06260933,-0.17067967192012035,-0.02100062646018269
A-427,ML264,RMC-6236,0.4925822412192499,0.358363971431012
A-427,Pemigatinib,Sapanisertib,0.7355497283826615,0.6717752486891363
A-427,Erdafitinib ,Oxaliplatin,0.05835070265708312,0.3058072261891287
A-427,LY-2584702 (tosylate salt),Volasertib,-0.015534925140551426,0.27807157092123136
A-427,4EGI-1,NVP-BHG712,0.41281275203455337,0.3114110326433751
A-427,RMC-6236,SBI-0640756,0.1861298666208461,0.2858219404197679
A-427,OTS514,TAK-733,-0.011047068489244707,0.2325409580042064
A-427,Infigratinib,Vemurafenib,0.15740781935249998,0.03456893364913947
A-427,Gemcitabine,palbociclib,0.2686084712786049,0.3464974596628669
A-427,Belumosudil (mesylate),LY-2584702 (tosylate salt),0.10563122979724038,0.27984919446067696
A-427,ERK5-IN-2,c-Kit-IN-1,0.014216589570106741,0.2810022248363635
A-427,APTO-253,OTS514,0.02469377737691665,0.17634130458464445
A-427,IQ 1,Regorafenib,0.5697978396728728,0.45657944418194873
A-427,Torkinib,Trametinib,-0.1580994325566374,-0.009207690444904956
A-427,Tubulin inhibitor 6,palbociclib,0.10657797026557896,0.10505264453983948
A-427,Futibatinib,MK-8353,0.3317187070430879,0.2354624707016837
A-427,Regorafenib,XRK3F2,0.5916217135326832,0.4348628585036735
A-427,ERK5-IN-2,Encorafenib,0.6607002802651407,0.6373194020069369
A-427,Everolimus,Infigratinib,0.24316460747153168,0.23203753647650907
A-427,Torkinib,XRK3F2,-0.17929918679641715,0.06153911457258179
A-427,AZD2858,Temuterkib,-0.1718696400341526,0.04767368537303447
A-427,Binimetinib,Temuterkib,0.2257186550047466,0.018643803401364498
A-427,AT7519,Paclitaxel,0.21690292433099545,0.18858056697687886
A-427,Pemigatinib,SBI-0640756,0.013667952366748646,-0.06276052694803694
A-427,Adagrasib,ERK5-IN-2,-0.28047559428784474,0.05457791684573493
A-427,Capmatinib,SBI-0640756,0.22965069373539754,0.36200120540040004
A-427,ML264,PF-06260933,0.1884200086411823,0.3826169542533472
A-427,ERK5-IN-2,Temuterkib,0.7103949864098077,0.5371427751649682
A-427,Abemaciclib,Alpelisib,-0.27676936155715454,-0.2623932104173029
A-427,Adagrasib,palbociclib,-0.24919850858377834,0.10515840862823764
A-427,Abemaciclib,BAY1125976,-0.31758475811297,-0.3993374871936785
A-427,DTP3,MK-3903,0.47187043295164494,0.37444719849985253
A-427,TAK-901,Trametinib,0.014072043615158349,0.21639716148466
A-427,4EGI-1,Methylprednisolone succinate,-0.04786459426761051,0.250355751645232
A-427,Capmatinib,Pemigatinib,0.04416373073410304,-0.0892657699059678
A-427,Abemaciclib,Paclitaxel,-0.1909692538950996,-0.09105429859860137
A-427,RMC-6236,Sapanisertib,0.5014921444248729,0.17781713887734757
A-427,Irinotecan,Vemurafenib,0.03556303145110335,0.2245896589524574
A-427,Alpelisib,Trametinib,0.6257955726116916,0.5216858860091051
A-427,Anastrozole,palbociclib,-0.05154082015599834,0.11457053434254114
A-427,NVP-BHG712,ULK-101,0.4471370799397769,0.44129155171857753
A-427,Lapatinib ditosylate,Volasertib,0.35962440078780833,0.350442912298405
A-427,Binimetinib,PF-06260933,-0.13095877052854674,0.16885323043518813
A-427,Capivasertib,Ralimetinib dimesylate,-0.12936585440974147,0.032609352171182646
A-427,AZD1390,Bentamapimod,0.4135525879480237,0.11556967323237036
A-427,AT7519,Anastrozole,0.5274818908376516,0.571752170733536
A-427,Brivudine,Capmatinib,0.444250847658749,0.5386518060079976
A-427,Everolimus,Gemcitabine,0.5445565685141167,0.5473854639672251
A-427,Bentamapimod,Futibatinib,0.49629304738164076,0.24453559542978442
A-427,Minodronic acid,vincristine,0.37081553619562063,0.4332930797236638
A-427,ML264,XRK3F2,0.6636573266138976,0.5289386489931935
A-427,Oleic acid,Sapanisertib,-0.29894383163823623,-0.1672382071616302
A-427,LJI308,TAK-901,0.2685956234282679,0.5351048537140871
A-427,APTO-253,palbociclib,0.4034973380911353,0.04333753262221513
A-427,Binimetinib,DT-061,0.5210815541401088,0.4778009746781768
A-427,BI-78D3,Belzutifan,0.22499208864784817,0.060292805557593185
A-427,Gemcitabine,Minodronic acid,0.3279632450597264,0.34851372272906217
A-427,ML264,palbociclib,0.4206542952611484,0.2702389757534132
A-427,Infigratinib,ULK-101,0.220396386356678,0.2051697239882286
A-427,Celecoxib,Infigratinib,0.2943145254465559,0.25565915715332604
A-427,Erdafitinib ,NG25,0.1368396380510031,0.12654340664750896
A-427,AZD1390,Belumosudil (mesylate),0.335816473872248,0.393869182792589
A-427,AZD-7648,Belumosudil (mesylate),0.3793485142085521,0.237247347140237
A-427,Lapatinib ditosylate,Trametinib,0.2049715737726487,0.07732737017407566
A-427,Belzutifan,Trametinib,0.16092344069118525,0.13522790529297768
A-427,Bimiralisib,NG25,0.579097228882203,0.4213909173578228
A-427,TAK-733,TAK-901,0.2416924337698765,0.45690173963031094
A-427,BAY1125976,c-Kit-IN-1,-0.4008601810488416,-0.4327202739519807
A-427,Everolimus,LB-100,0.3498174675035454,0.36460080963373753
A-427,ERK5-IN-2,TAK-901,0.0876845033738896,0.2717811510944901
A-427,RMC-6236,ULK-101,0.3439382463435859,0.3697402089854379
A-427,LJI308,NVP-BHG712,-0.014638805509787797,0.00458435926588072
A-427,Regorafenib,ULK-101,0.35805327409388316,0.38461497012806434
A-427,BI-3406,Celecoxib,0.03876294239850443,0.0692537778256274
A-427,Belzutifan,CP21R7,0.23068591195342072,0.15067237331116487
A-427,MK-3903,Minodronic acid,-0.10042491541502191,0.02932851388206354
A-427,Gemcitabine,Oleic acid,0.340150135317786,0.2705028829717865
A-427,Hydroxyfasudil,venetoclax,0.4191766763071355,0.3221408612573721
A-427,BI-3406,Irinotecan,-0.07773407366271004,0.09459151174421838
A-427,Gemcitabine,Tomivosertib,0.36081158279963776,0.4042494476619299
A-427,Hydroxyfasudil,Lapatinib ditosylate,0.17058349908024545,0.19759885078377137
A-427,LB-100,Oleic acid,0.3928821967792879,0.4455550205746025
A-427,AZD2858,BI-78D3,-0.06604465062742272,-0.10834334201622076
A-427,AT7519,Pimitespib,0.29167382576842843,0.3831548845365904
A-427,BAY1125976,Ralimetinib dimesylate,0.748215067075168,0.6856714772022818
A-427,9-ING-41,AZD-7648,0.25289329049199505,0.2631711094126138
A-427,ML264,Pemigatinib,0.4570250833432674,0.4135676123057852
A-427,Anastrozole,Pralsetinib,0.25408749025274757,0.36798926718977004
A-427,AZD-8055,LB-100,0.1306315093344216,0.2224421213568349
A-427,BAY1125976,Vemurafenib,0.7059090238109494,0.4763992128400466
A-427,AZD-8055,Methylprednisolone succinate,-0.06852665463558394,0.07283961075081088
A-427,APTO-253,Sonidegib,-0.1497380684155191,0.208380655006624
A-427,HI-TOPK-032,TAK-733,0.4844815999743287,0.652584771796638
A-427,4EGI-1,BI-3406,0.21701338669294343,-0.05348460711777023
A-427,AZD2858,Oxaliplatin,0.4872847478373066,0.519379378581233
A-427,LB-100,Oxaliplatin,0.3512278883909497,0.3063379705216663
A-427,LY-2584702 (tosylate salt),NG25,-0.17055854209478793,0.21947956489042023
A-427,AZD-7648,XRK3F2,0.4803734419674401,0.4735612646668807
A-427,Everolimus,LJI308,0.12964413891523127,0.18834601686681754
A-427,Dabrafenib,OTS514,-0.14709771682212783,-0.0054608063024418965
A-427,Capivasertib,RMC-6236,-0.234163840683708,-0.11598558464803288
A-427,Minodronic acid,c-Kit-IN-1,0.3485821037147616,0.4296576815583121
A-427,EX229,NG25,0.16571667496378698,0.263777557012931
A-427,ETC-206,venetoclax,-0.022875500562483227,0.07325884099964437
A-427,AT7519,Regorafenib,-0.1885674610215114,-0.07604899592852474
A-427,Ipatasertib,palbociclib,0.6910841561176467,0.4880348479074429
A498,Belumosudil (mesylate),Erdafitinib ,0.4969936750768853,0.4650100164986789
A498,AZD2858,venetoclax,0.16996204623379074,0.027653617163177602
A498,Minodronic acid,Trametinib,0.25942701309879745,0.3115558217877354
A498,AT7519,Adagrasib,0.3813771505442593,0.4671475929731802
A498,Anastrozole,Tubulin inhibitor 6,0.5083623349769463,0.4744318754218966
A498,Belzutifan,venetoclax,0.31445710820522554,0.24902874001523062
A498,LB-100,Pimitespib,0.26081053758481254,0.21748772422199986
A498,Abemaciclib,Tomivosertib,0.4211050986178141,0.5343629718780498
A498,Afatinib,Elimusertib hydrochloride,0.34980336011075575,0.17009791379903333
A498,CP21R7,LB-100,0.5681900802576361,0.5702461559576599
A498,Adagrasib,Encorafenib,-0.2677028283868682,-0.012595421912033066
A498,APTO-253,GSK1059615,0.31834211966234205,0.3382909236186134
A498,Celecoxib,Paclitaxel,0.2748216364475133,0.3404627127375513
A498,Erdafitinib ,Temuterkib,0.7379005252884897,0.6388720828044192
A498,ETC-206,Gemcitabine,0.6031902946291477,0.5796610189441089
A498,Abemaciclib,venetoclax,0.7831899072897117,0.7714067795930406
A498,EX229,LY2090314,0.07520831043896199,-0.022355752982612682
A498,RMC-6236,palbociclib,0.7535799266497575,0.621229035504545
A498,RMC-6236,Ralimetinib dimesylate,0.4127396102804746,0.44915360995143416
A498,Binimetinib,LY2090314,0.44436630795715437,0.3423080481608612
A498,Abemaciclib,GSK1059615,0.2483456748609861,0.45480912453402855
A498,LJI308,TAK-901,0.14366045300258956,0.2532082648740263
A498,BAY1125976,LB-100,0.5437532561626963,0.5841693731909053
A498,Afatinib,Pimitespib,0.25173923445657737,0.2914007754997075
A498,Encorafenib,Futibatinib,0.5605543674699206,0.48756665384813386
A498,LY2090314,Methylprednisolone succinate,0.3103607639231789,0.364113405467364
A498,ERK5-IN-2,MK-8353,0.5639644077538544,0.5372040113575984
A498,Encorafenib,Paclitaxel,0.8088986900933512,0.8429505936338857
A498,BAY1125976,Oxaliplatin,0.30047259256601366,0.4207981965570736
A498,RMC-6236,Sonidegib,0.060137472757516006,0.2666345543672752
A498,Erdafitinib ,NG25,0.03932889902435395,0.05544062127603734
A498,Ipatasertib,PH-797804,0.3266490363939132,0.45193373701681416
A498,Capivasertib,LB-100,0.449499663909254,0.43799455156203404
A498,AZD2858,Oleic acid,0.5194576145040488,0.4199488087547978
A498,CP21R7,venetoclax,0.20417735575993762,0.10302201299113685
A498,ETC-206,Oleic acid,0.46303530530768694,0.4615967821357261
A498,Methylprednisolone succinate,XRK3F2,0.1497377021620869,0.3260812648642612
A498,Tomivosertib,Volasertib,0.19947448263273918,0.28690112904758625
A498,Bentamapimod,Hydroxyfasudil,0.265479201253472,0.2690220665185793
A498,ETC-206,Irinotecan,0.42694382836261513,0.42612768331263784
A498,GSK1059615,olaparib,0.2504514163133568,0.26591188245981734
A498,ETC-206,Lonafarnib,-0.056768966806637386,0.08998204979999506
A498,Encorafenib,palbociclib,0.5867777961074186,0.5444015757164451
A498,Capmatinib,IQ 1,0.4017397531162659,0.3789782904835079
A498,Trametinib,XRK3F2,0.7469262099250737,0.5868747580207682
A498,Oxaliplatin,palbociclib,0.3526369433612603,0.48986733191435555
A498,IQ 1,TAK-901,-0.015145143794190227,-0.06777321501829826
A498,Methylprednisolone succinate,Sonidegib,0.5530325723946576,0.46458783294573913
A498,PH-797804,Tomivosertib,0.31320112587312576,0.48755659150909314
A498,Abemaciclib,Alpelisib,-0.09233407917922411,-0.0503609264402316
A498,Capmatinib,Temuterkib,0.2921568235879281,0.2126260159680477
A498,AZD-7648,XRK3F2,0.4366073736305443,0.39653657105530304
A498,BI-78D3,Elimusertib hydrochloride,0.13022727309557958,0.03791255991320362
A498,Gemcitabine,vincristine,0.2305484919380037,0.23795404059206804
A498,Lapatinib ditosylate,RMC-6236,0.5300535288491307,0.437003690006744
A498,BI-78D3,NVP-BHG712,0.6785000097146621,0.6668946187168279
A498,Adagrasib,Alpelisib,-0.10770005042702159,0.048285101772288425
A498,Bimiralisib,LB-100,0.3637154671995776,0.34382558098723504
A498,Bimiralisib,DTP3,0.3440652807391376,0.18596898278388346
A498,Lapatinib ditosylate,Methylprednisolone succinate,0.4202961262300648,0.4720417797789202
A498,AZD2858,Ralimetinib dimesylate,0.28608661911371874,0.17724091390109128
A498,OTS514,Pimitespib,0.23306513084547792,0.27871013411276396
A498,LJI308,Trametinib,0.40854554840836943,0.5409208855261654
A498,APTO-253,Volasertib,0.6220269273944202,0.582318005079175
A498,APTO-253,Paclitaxel,0.629559075722982,0.519382952498287
A498,Lapatinib ditosylate,Regorafenib,0.5488694236941066,0.5353918683678727
A498,Bimiralisib,Futibatinib,0.3022246452312758,0.11138638695208584
A498,Abemaciclib,MK-8353,0.19532997731831364,0.0785380675315651
A498,AZD1390,LY2090314,0.24813060788170427,-0.05921816602113876
A498,Infigratinib,Regorafenib,0.31119550696538306,0.27826282163188976
A498,Oleic acid,ULK-101,0.40441607275501884,0.35444411789345187
A498,ETC-206,olaparib,0.4375843226212532,0.40188048262425385
A498,MK-3903,Temuterkib,0.49536886294941684,0.46039369478564796
A498,BI-3406,XRK3F2,0.7040686676137436,0.6332463287844757
A498,Sonidegib,venetoclax,0.26783313914232876,0.2877692977224885
A498,Erdafitinib ,Torkinib,0.43477484297731744,0.4015897455891109
A498,Abemaciclib,Oleic acid,0.09005646723939859,0.013856767392511554
A498,BAY1125976,palbociclib,0.2870718047650066,0.27208591222413225
A498,BI-3406,Vemurafenib,0.6966793545946715,0.5605932828494616
A498,Gemcitabine,olaparib,0.4937688605130152,0.34937182883461876
A498,APTO-253,Ixazomib,0.18396355780339987,0.2758252834161346
A498,Afatinib,LY-2584702 (tosylate salt),-0.38116589797043277,-0.2670203418371453
A498,Irinotecan,Sonidegib,0.3211302201776322,0.193400590409215
A498,Adagrasib,Capmatinib,-0.15546570845960456,0.08106779308355055
A498,MK-8353,Tucatinib,0.6616421464242823,0.6322491682318286
A498,MK-3903,ML264,0.2490681034582703,0.3610807048659824
A498,Erdafitinib ,XRK3F2,0.6753922576337175,0.630839986409375
A498,AT7519,Hydroxyfasudil,0.345465439635307,0.39167459383384573
A498,BI-78D3,Infigratinib,0.4318152022280748,0.4032438768219807
A498,Ralimetinib dimesylate,Torkinib,0.2185486161491906,0.2604503095046473
A498,Hydroxyfasudil,Pimitespib,0.45258487591156366,0.3963641858455666
A498,BI-78D3,ERK5-IN-2,0.7859969476068289,0.8087830221493111
A498,Belzutifan,RMC-6236,0.16769887692562577,0.14677441725472612
A498,Gemcitabine,SBI-0640756,0.2643395942962364,0.3397677521075124
A498,ERK5-IN-2,Volasertib,0.5867582134709388,0.5019316967551566
A498,DTP3,Pemigatinib,0.672614851202417,0.6417868557337887
A498,DTP3,ERK5-IN-2,0.1160179575057524,0.030218869509462135
A498,LB-100,Methylprednisolone succinate,0.5151683695166418,0.5102855836496129
A498,DT-061,MK-8353,0.37987217133011103,0.3172514309529245
A498,Anastrozole,ETC-206,0.6155888351011328,0.6135050741158264
A498,ERK5-IN-2,Temuterkib,0.911031500125614,0.8682520434847977
A498,ERK5-IN-2,ML264,0.7299516943925713,0.7081418479559809
A498,Capivasertib,Ixazomib,0.18094115174320258,0.20723002748426753
A498,Ipatasertib,Trametinib,0.4720238743217528,0.5711521961596336
A498,Capivasertib,ERK5-IN-2,0.12234446839091473,0.2397630037683735
A498,DT-061,c-Kit-IN-1,-0.026833013858537216,0.018629210400399387
A498,Anastrozole,Erdafitinib ,0.3750207132748432,0.3740478189068689
A498,APTO-253,LJI308,0.40842542870773446,0.40369273244013054
A498,Capivasertib,Encorafenib,0.1626381812660375,0.26729501044735826
A498,Belzutifan,DTP3,0.0950763340160546,0.09220424275979269
A498,Elimusertib hydrochloride,Tucatinib,0.13785304989771222,-0.12283249246793702
A498,AZD1390,GSK1059615,0.27394004412074296,0.37128391423466967
A498,Ipatasertib,Vemurafenib,0.649796339724236,0.5707571542956075
A498,Sapanisertib,ULK-101,0.5080601563486677,0.5617634379709662
A498,Vemurafenib,vincristine,-0.054038531816080634,0.022112609829701042
A498,Elimusertib hydrochloride,Ixazomib,0.41402779107972365,0.3405582876129223
A498,Everolimus,Infigratinib,0.4940851931821609,0.4635365013651559
A498,Oleic acid,venetoclax,0.0901325962245951,-0.032444523206856084
A498,AT7519,Vemurafenib,0.32838496778063503,0.24217689637310613
A498,APTO-253,Bentamapimod,0.6901202907746284,0.584955939436934
A498,Paclitaxel,Tomivosertib,0.3547472023439807,0.29904483794443965
A498,PF-06260933,Temuterkib,0.2834158946482128,0.2755966335762624
A498,AZD2858,vincristine,0.2954813898123053,0.300445354759096
A498,Futibatinib,Tucatinib,0.5415476718399281,0.5775298970604449
A498,9-ING-41,Binimetinib,0.4065830575645282,0.3558971578398262
A498,4EGI-1,Binimetinib,0.4188193300310395,0.22833023639795047
A498,HI-TOPK-032,Tubulin inhibitor 6,0.3412985364568934,0.34244234390037603
A498,Lonafarnib,PH-797804,0.5365001751200658,0.49917785003078896
A498,AZD2858,Temuterkib,0.2719339895364294,0.11020120318146986
A498,AZD1390,Trametinib,0.14608261792773636,0.18930871044160275
A498,AZD-8055,Hydroxyfasudil,0.44345599382888756,0.5250152485998991
A498,TAK-733,olaparib,0.10340965645360894,0.11115270428264099
A498,Bentamapimod,Futibatinib,0.46004749527002,0.42401779099986625
A498,Encorafenib,Temuterkib,0.7618637823310135,0.7002386765987454
A498,BI-3406,Gemcitabine,0.4864345445915534,0.5162422778894415
A498,NVP-BHG712,olaparib,0.3221383155936493,0.38570127313005936
A498,Binimetinib,Dabrafenib,0.12292448696497565,0.07200099267879563
A498,Anastrozole,vincristine,0.18475192084883177,0.23470662871672823
A498,Gemcitabine,Sapanisertib,0.34454593510133824,0.3360345973654065
A498,Binimetinib,Celecoxib,0.29049913247343107,0.32048785363378285
A498,AZD2858,Capivasertib,0.5730902605096554,0.4732278779672729
A498,9-ING-41,CP21R7,0.6273278686959782,0.6218207767519284
A498,GSK1059615,Temuterkib,0.3590745984949975,0.31707675784124467
A498,Futibatinib,MK-3903,0.34138763090582447,0.17091794105597258
A498,IQ 1,LB-100,0.4290573915686442,0.47478424798505975
A498,Ixazomib,Lonafarnib,0.05953726713028124,0.06294066725882815
A498,EX229,Paclitaxel,0.28224762029664224,0.31524971708578503
A498,Irinotecan,vincristine,0.18149810556398013,0.1377210501959818
A498,Belumosudil (mesylate),Vemurafenib,0.6633038712468188,0.6232027622628418
A498,Elimusertib hydrochloride,Vemurafenib,0.25362353977506213,-0.016325970800357244
A498,Trametinib,palbociclib,0.6253643391646397,0.5199060498948581
A498,Tubulin inhibitor 6,olaparib,0.4196481680064743,0.4561419030603091
A498,ETC-206,PF-06260933,0.40930916494621505,0.4185737756004987
A498,MK-3903,Pralsetinib,0.12380435502541683,0.14542743207995695
A498,GSK1059615,LY-2584702 (tosylate salt),-0.15967781178866475,-0.032458899826975
A498,ETC-206,TAK-733,0.18585940606157844,0.21159116636967237
A498,Anastrozole,NVP-BHG712,0.3718391246971945,0.3717503579575218
A498,Vemurafenib,Volasertib,0.6422503511138784,0.584543811672554
A498,ERK5-IN-2,Tucatinib,0.8058529042780597,0.8297271708906117
A498,Erdafitinib ,GSK1059615,0.271764073397308,0.18015000583285243
A498,Celecoxib,Tucatinib,0.5120677651365418,0.4959440131364198
A498,Capmatinib,ULK-101,0.13381488751871734,0.14573093824703176
A498,Infigratinib,olaparib,0.22598542135845556,0.2910072096308713
A498,DT-061,Tubulin inhibitor 6,0.3659719542430169,0.3713051752493881
A498,LB-100,RMC-6236,0.28587491490144346,0.39409398572250953
A498,Belumosudil (mesylate),XRK3F2,0.4149820197314088,0.4484698912324014
A498,LY2090314,Oxaliplatin,0.5028874262606555,0.540471286812956
A498,IQ 1,Trametinib,0.6456285883152925,0.41038034950447
A498,CP21R7,DT-061,0.47290780257856946,0.39627690111084873
A498,DTP3,Methylprednisolone succinate,0.5128574635667864,0.5823659528165265
A498,ETC-206,Sapanisertib,0.28374578441486487,0.3609846481152605
A498,ETC-206,Tubulin inhibitor 6,0.6057860917323399,0.573794308472147
A498,Belumosudil (mesylate),Pimitespib,0.25325112199281113,0.1971378594969302
A498,LB-100,Sapanisertib,0.5922764490222072,0.6413008131668809
A498,Afatinib,HI-TOPK-032,0.18039257258623465,0.3544119018822113
A498,DT-061,Ixazomib,0.3463126783020429,0.3109292699530553
A498,Abemaciclib,Tucatinib,0.11714986056628285,0.009442600324656394
A498,AZD-7648,Binimetinib,0.7421527234754142,0.6694533838619233
A498,Everolimus,Sonidegib,0.3943618125393671,0.3698620996572246
A498,Ralimetinib dimesylate,Temuterkib,0.7407980319273233,0.7291704261681753
A498,Infigratinib,NVP-BHG712,0.3919046408192556,0.4044578502155034
A498,DTP3,Pimitespib,0.35254006937349114,0.44098393238014005
A498,Bimiralisib,NVP-BHG712,0.4259066057059897,0.3844821433235519
A498,Brivudine,TAK-901,0.1271693615390561,0.21195167416238922
A498,Lapatinib ditosylate,Paclitaxel,0.6106124268315036,0.6322665167127626
A498,Regorafenib,TAK-733,0.14133052987689768,0.11226607307907635
A498,BI-3406,Bentamapimod,0.27091576937824524,0.28479170059354497
A498,DT-061,TAK-901,-0.13310148954457832,-0.0568033608963745
A498,NVP-BHG712,TAK-901,0.07711258683003618,0.10794374635344911
A498,Temuterkib,c-Kit-IN-1,0.1458890019499148,0.16746600195558628
A498,Adagrasib,olaparib,0.25608755658985816,0.2943675736797405
A498,LY2090314,Pimitespib,0.13852529892240512,0.08360199761024051
A498,Elimusertib hydrochloride,PF-06260933,0.07628419137993206,0.18726762079124434
A498,Adagrasib,BI-3406,-0.1793640696688296,0.15335067577049888
A498,Encorafenib,Tucatinib,0.7098331767325454,0.7143669506357864
A498,AZD-7648,venetoclax,0.1050789695030228,0.15455483301890274
A498,Belzutifan,Volasertib,0.39428809525218506,0.36480556166452194
A498,Bentamapimod,ERK5-IN-2,0.6734039752545914,0.7332109609994117
A498,Dabrafenib,EX229,0.14866154222016598,0.20718072152796185
A498,AZD-7648,Dabrafenib,-0.015694347023411864,-0.11349394030772769
A549,Bimiralisib,Ralimetinib dimesylate,0.21231070102931668,0.18532431486130954
A549,Bortezomib,Everolimus,0.16519085154031668,0.2023898306071649
A549,Infigratinib,LJI308,0.12542961526492216,0.007102450368617241
A549,9-ING-41,BAY1125976,0.7077538101961071,0.6980818085588462
A549,RMC-6236,Volasertib,-0.03180352415936225,0.15381660868215408
A549,CP21R7,Paclitaxel,0.6009195640499958,0.5639372526205575
A549,Abemaciclib,Bentamapimod,0.15035017294097205,0.30237999727938997
A549,MK-8353,Oxaliplatin,0.541462189270572,0.5775193533659361
A549,4EGI-1,DT-061,0.38596302487903994,0.25514370006449094
A549,Erdafitinib ,Regorafenib,-0.04219961030477296,0.051754274796563374
A549,ERK5-IN-2,Infigratinib,0.5556313206161659,0.5169357691467199
A549,ETC-206,MK-8353,0.6895863579464176,0.6332604536760458
A549,Capmatinib,SBI-0640756,-0.046021485187281753,0.25665632886732404
A549,Ipatasertib,Paclitaxel,0.4769849723261067,0.564011483873454
A549,BI-3406,Oxaliplatin,0.016941957613187664,0.11482007912574214
A549,AZD-7648,Afatinib,0.6005554251655315,0.6075689751469899
A549,DTP3,Pimitespib,0.5013025454961034,0.492795263888794
A549,Dabrafenib,TAK-733,-0.19288258265752106,-0.055306217383192295
A549,MK-8353,OTS514,0.4095588462405003,0.3288747462813457
A549,Futibatinib,HI-TOPK-032,-0.34472413343356895,-0.0051133307818017615
A549,BI-3406,Tucatinib,0.2295719332211016,0.301087443480572
A549,Oleic acid,olaparib,0.407973797987052,0.3073799329461464
A549,DT-061,LJI308,0.490765194417513,0.39177331381814573
A549,Abemaciclib,IQ 1,-0.10249532015037097,0.04848474647011272
A549,Bortezomib,Brivudine,0.590134191468406,0.6053235223010864
A549,Dabrafenib,Oxaliplatin,0.3242122962682367,0.3602437402254137
A549,Capivasertib,Dabrafenib,0.05515538686102335,0.10520559483694468
A549,Tomivosertib,Volasertib,0.03150679227629638,0.5187829764658143
A549,BI-3406,Everolimus,0.02303516222054675,0.09123579719938096
A549,Paclitaxel,Temuterkib,0.7017041808777169,0.6722054384636926
A549,Alpelisib,Ixazomib,0.6343706620674847,0.6236278076218369
A549,AZD-8055,Tucatinib,0.2715125861455409,0.24056937007813878
A549,OTS514,Sonidegib,0.21706878338063407,0.21590971289827937
A549,Everolimus,XRK3F2,0.10259842327378906,0.09584036562129442
A549,Alpelisib,Ralimetinib dimesylate,0.06085560203740628,0.03805250955166169
A549,Abemaciclib,Sonidegib,0.21481309092361278,0.3467127952848471
A549,Abemaciclib,Tubulin inhibitor 6,0.2229458985079641,0.33527567669999886
A549,Capivasertib,Sonidegib,0.4627147710193011,0.39241491376437426
A549,CP21R7,Regorafenib,0.39704897428382957,0.43061897321024145
A549,4EGI-1,Capmatinib,0.10591794753469372,0.19298410360308493
A549,NVP-BHG712,vincristine,0.05476664585043598,0.18916699792125766
A549,ML264,ULK-101,0.4364264411519847,0.49816327397979593
A549,Oleic acid,Tubulin inhibitor 6,0.42462773280178334,0.4528721152013035
A549,Infigratinib,NVP-BHG712,0.4788531682409518,0.4330703119319292
A549,Abemaciclib,NG25,0.10115139633930764,0.08972276337443402
A549,AZD1390,DT-061,0.07873916806056884,0.05540550404903258
A549,APTO-253,Belzutifan,0.27525286035494434,0.30590370660938315
A549,MK-8353,XRK3F2,0.23494620582493236,0.19502048440773218
A549,Methylprednisolone succinate,NVP-BHG712,0.37005852692529045,0.31780392760337495
A549,Adagrasib,Infigratinib,0.046857519248522356,0.08978633433110353
A549,PH-797804,TAK-733,0.5657610196293672,0.5496091656493711
A549,Temuterkib,Tucatinib,0.6195363870472022,0.48944016660011586
A549,Bimiralisib,EX229,0.06185340411292858,0.16894592051313645
A549,Afatinib,c-Kit-IN-1,-0.037711680451854426,0.0991566411240023
A549,LB-100,LY2090314,0.7253841745033547,0.5734050765695341
A549,PF-06260933,Volasertib,0.29712077309880136,0.18052094131146398
A549,IQ 1,Pimitespib,0.35439348196409187,0.3221373200656281
A549,Bentamapimod,Brivudine,0.17137092405472357,0.357010898060355
A549,Bentamapimod,Sonidegib,-0.013639030505427249,0.14742248853058976
A549,Alpelisib,Sapanisertib,0.26545419559923306,0.2909155554526992
A549,ERK5-IN-2,Tubulin inhibitor 6,0.2420238500279661,0.24119996612609634
A549,CP21R7,Trametinib,0.4411034256760635,0.49679731071597766
A549,Afatinib,TAK-733,0.15766636614392965,0.2950324245167546
A549,Capmatinib,Dabrafenib,-0.23668246138301002,-0.18782475314423255
A549,Belzutifan,Pimitespib,0.304474481376228,0.3310624247420898
A549,Lapatinib ditosylate,MK-3903,0.35105014786079825,0.30996210122742796
A549,Alpelisib,XRK3F2,0.6653012557595852,0.6828274818068241
A549,Bentamapimod,IQ 1,0.18764921332897438,0.23720547937526365
A549,9-ING-41,Futibatinib,0.4519313187637504,0.43536428684943995
A549,Regorafenib,Sapanisertib,0.1255088867290406,0.20357157737449555
A549,AT7519,Belumosudil (mesylate),0.16141822014727503,0.17974532860362524
A549,Methylprednisolone succinate,Vemurafenib,0.3576051120856097,0.36227698086471316
A549,AZD1390,Encorafenib,-0.09596931979695279,-0.004328183035949333
A549,Binimetinib,Tucatinib,0.03248615060194708,0.14826107262531688
A549,Anastrozole,ERK5-IN-2,0.24199482250065563,0.28479244455771985
A549,BAY1125976,ML264,0.7831985190878265,0.6052242231305541
A549,Pemigatinib,palbociclib,0.22521156025287709,0.19696416296544492
A549,AT7519,DT-061,0.05819189648479113,0.013356645356057729
A549,Bentamapimod,DT-061,-0.015162861693114475,-0.0025476158618346
A549,Belzutifan,Irinotecan,0.33917175862211335,0.2226901968469897
A549,Bentamapimod,Lapatinib ditosylate,0.43295907219896657,0.392203955502712
A549,Bentamapimod,Lonafarnib,-0.014328296011601026,0.2131059209907971
A549,RMC-6236,TAK-901,0.1736377368785706,0.2866377015902193
A549,BI-78D3,LJI308,0.3010152120489228,0.37972310340754656
A549,Celecoxib,IQ 1,0.27899835732694667,0.33632506178252
A549,SBI-0640756,Tomivosertib,0.09773197371094863,0.3782045444365282
A549,Bortezomib,Lonafarnib,0.45146097715373995,0.4532625171978758
A549,Lonafarnib,palbociclib,-0.07477623786775395,0.14248782007895724
A549,BAY1125976,Hydroxyfasudil,0.09790617784061187,0.00859414865809977
A549,DT-061,NVP-BHG712,0.016374589040370837,-0.02381212773041139
A549,Brivudine,venetoclax,0.680224050308164,0.7173911071146142
A549,Bimiralisib,Ipatasertib,0.20051944092661214,0.30850882336574703
A549,AZD-8055,GSK1059615,0.34857848774510775,0.35585360518637466
A549,Adagrasib,Lonafarnib,0.1790884462242517,0.2842497340703844
A549,Bortezomib,DT-061,-0.05025064872591431,0.029336896910904405
A549,NG25,RMC-6236,0.3378168334585015,0.5315043880884216
A549,IQ 1,MK-8353,0.18515002086893295,0.15941356426687045
A549,LY2090314,Oxaliplatin,0.5285651026925671,0.5577183693624934
A549,ERK5-IN-2,Pemigatinib,0.47718022595605236,0.3399341596881672
A549,Bentamapimod,Pimitespib,0.14068492964619222,0.2275480883018598
A549,IQ 1,Pralsetinib,0.35542750409359036,0.43673218535705344
A549,Futibatinib,Volasertib,0.4615118431288816,0.1746783050110743
A549,CP21R7,Temuterkib,0.5872092877884496,0.489370525909476
A549,ETC-206,Vemurafenib,0.304309085718185,0.33393934330625735
A549,CP21R7,GSK1059615,0.30104989862103654,0.32684410159665167
A549,Temuterkib,c-Kit-IN-1,-0.17005661475433295,-0.11840565336226205
A549,Gemcitabine,Regorafenib,0.5310904978794038,0.5230456013949603
A549,Elimusertib hydrochloride,GSK1059615,0.06397701577589895,0.07692432034089673
A549,PH-797804,ULK-101,0.3235001110759227,0.3547833095621211
A549,AT7519,AZD2858,0.5194560505889156,0.5490103728410085
A549,Tubulin inhibitor 6,ULK-101,0.5559443504258171,0.5535632611098504
A549,Gemcitabine,venetoclax,0.3855804729255283,0.5099771462852176
A549,AZD2858,EX229,-0.04408421758213222,0.08149316647329197
A549,BAY1125976,Belzutifan,0.2349994497971023,0.2600006219747153
A549,GSK1059615,Ralimetinib dimesylate,0.40332016259440545,0.46144665647387423
A549,ERK5-IN-2,Tucatinib,0.49376969750949007,0.44073925992542823
A549,AZD1390,Afatinib,0.09496938842300051,0.11845404951309768
A549,Methylprednisolone succinate,Temuterkib,0.3228524556009811,0.22334122201363749
A549,Brivudine,XRK3F2,-0.050556124550071344,0.06799461989063589
A549,Binimetinib,Oxaliplatin,-0.04113029402970372,-0.004261263067105646
A549,LY-2584702 (tosylate salt),Lonafarnib,0.20318178726622133,0.05518201444697564
A549,Regorafenib,Volasertib,0.12223900146058142,0.23893019222903716
A549,Alpelisib,Temuterkib,0.01721744809823208,0.09324174295827584
A549,Binimetinib,Futibatinib,-0.011661369622335663,-0.07163066997901246
A549,LY-2584702 (tosylate salt),Pemigatinib,-0.07367473731096538,0.17639164956620682
A549,Infigratinib,PF-06260933,0.38595392095933245,0.09905576500297114
A549,Encorafenib,Oleic acid,0.07060514408250024,0.003745765695102765
A549,Tomivosertib,c-Kit-IN-1,0.5850024201508498,0.6288485306624364
A549,HI-TOPK-032,Hydroxyfasudil,0.2838900267466673,0.3834310881228707
A549,AZD-8055,TAK-733,-0.08721375298215117,-0.013893453727418653
A549,HI-TOPK-032,OTS514,-0.057524622984199344,0.057919732848581165
A549,Ralimetinib dimesylate,vincristine,-0.043491040476128784,0.058190958239128676
A549,Bortezomib,Vemurafenib,-0.2220489514142049,-0.04000990076936338
A549,Infigratinib,TAK-901,-0.015688799265795042,0.017177128798491016
A549,BAY1125976,Tucatinib,0.5169670070164313,0.3566720411744416
A549,9-ING-41,Celecoxib,0.44567198081572557,0.4559114831419169
A549,AZD-8055,PF-06260933,-0.029070944625810568,-0.01835937056994292
A549,AZD2858,MK-8353,0.650078777321024,0.6200727458270823
A549,AT7519,Infigratinib,0.4561471100349571,0.37835141867587974
A549,Alpelisib,LB-100,0.1413484648355471,0.24454534588205135
A549,Futibatinib,MK-8353,0.4712040260227719,0.45887021689174606
A549,Everolimus,Regorafenib,0.22102010124698054,0.17746301943357085
A549,Regorafenib,venetoclax,0.41130987446470413,0.38060263981151776
A549,Binimetinib,Paclitaxel,0.379583925578756,0.4215879497700592
A549,LB-100,TAK-733,-0.24203724668373816,-0.07200619571533383
A549,Belumosudil (mesylate),Ralimetinib dimesylate,0.16527377323730275,0.08659349196442787
A549,Afatinib,NG25,0.33327489534848337,0.4734888538318064
A549,Everolimus,LY2090314,0.231088924325627,0.23100753429780743
A549,Minodronic acid,Vemurafenib,0.34664470965857314,0.39895706372521333
A549,Anastrozole,Belumosudil (mesylate),0.17105404720369072,0.1500063359819007
A549,Brivudine,Sonidegib,0.3316653859788066,0.39029208380665675
A549,APTO-253,MK-3903,0.27195075279394854,0.28912813266110915
A549,BI-3406,Ixazomib,0.6326071829828024,0.6462568822351964
A549,EX229,SBI-0640756,0.02834458993143905,0.3250312634235898
A549,Pralsetinib,c-Kit-IN-1,0.454608633085009,0.6092410470130736
A549,OTS514,Tubulin inhibitor 6,0.3405139271909972,0.25765175822377195
A549,AZD-8055,Brivudine,-0.01883740044519685,0.03607631840569727
A549,LY2090314,vincristine,-0.25636801517654206,-0.15077092538773307
A549,NG25,Torkinib,0.14210476961330887,0.17550724011342306
A549,LB-100,Pimitespib,0.14658857885188736,0.2044575829236412
A549,Bortezomib,Ixazomib,0.09140138524443651,0.11188430792584896
A549,Tubulin inhibitor 6,palbociclib,0.21674705424497664,0.23399758939165957
A549,Everolimus,Ralimetinib dimesylate,0.5046894666736441,0.5638193118628276
A549,Paclitaxel,Torkinib,0.006375244259463363,0.06430764275042039
A549,Methylprednisolone succinate,Trametinib,0.1111981505914719,0.24375857490538455
A549,4EGI-1,Gemcitabine,0.37478693191757134,0.5553788016202081
A549,GSK1059615,Infigratinib,0.4338487968958477,0.42805306927329795
A549,ETC-206,Pemigatinib,0.5150105146135147,0.32611693056215274
A549,Infigratinib,Lapatinib ditosylate,0.5429050137515402,0.48410392414209413
A549,TAK-901,XRK3F2,0.0743120550812235,0.16305863439287688
A549,Bentamapimod,Dabrafenib,0.6221694187119053,0.5834838139724501
A549,AZD2858,Anastrozole,0.40079145055384013,0.3800377250318295
A549,Bortezomib,MK-8353,-0.2259105228148734,-0.09920221536756463
A549,Capmatinib,Oleic acid,-0.09593322211033997,0.004284857266506247
A549,Bimiralisib,Binimetinib,0.830854983155936,0.8331697671163334
A549,Celecoxib,PF-06260933,0.45006394261168614,0.20031875495180507
A549,Belzutifan,Gemcitabine,0.3839720386049016,0.24922999769072035
A549,Capivasertib,LY2090314,0.27017277480559626,0.340932948033018
A549,BI-3406,Encorafenib,0.6701739258095267,0.6974411304354795
A549,Gemcitabine,LY-2584702 (tosylate salt),0.3087528770937794,0.2574134452478692
A549,MK-8353,Pralsetinib,0.20272990616475664,0.15852876895988782
A549,XRK3F2,c-Kit-IN-1,-0.2099920625913024,-0.07057331324877883
A549,Bentamapimod,RMC-6236,0.045127089482683874,0.15196200948098762
A549,BI-3406,Sonidegib,0.06963082990488687,0.1900960252605251
A549,DT-061,LY2090314,0.26183860254044816,0.2892054342183086
A549,Gemcitabine,Tucatinib,0.4008284823923544,0.3909547592559148
A549,Elimusertib hydrochloride,Paclitaxel,0.22945657483523185,0.2777201994210835
A549,MK-8353,NVP-BHG712,0.5260338235548171,0.5002705291094347
A549,AZD1390,ML264,0.22806059007888208,0.33617418122819015
A549,Adagrasib,OTS514,0.13496510461045153,0.18910748258407076
A549,Ipatasertib,ML264,0.42333688528841135,0.4754964911189723
A549,4EGI-1,Alpelisib,0.3190812773337589,0.16100168531053421
A549,ULK-101,c-Kit-IN-1,0.15327890035249414,0.07839175076097886
A549,Anastrozole,Ixazomib,0.12536708418057374,0.15842136380787467
A549,Binimetinib,Torkinib,0.14047205112619424,0.20915063274290385
A549,Belumosudil (mesylate),NG25,0.18914458100575465,0.28639994291170584
A549,DT-061,ML264,-0.07072678973144735,-0.033447840200942144
A549,AZD-8055,Futibatinib,0.3036251648231302,0.2636420107090907
A549,Afatinib,Lapatinib ditosylate,0.2317029950319697,0.20119856753143947
A549,Ixazomib,NG25,0.6360665356281747,0.6821134990461177
AN3 CA,Anastrozole,Tomivosertib,0.5058812159855806,0.46455688501343145
AN3 CA,Dabrafenib,venetoclax,-0.007072427613351657,0.022203170967169075
AN3 CA,ML264,RMC-6236,0.7463606374578899,0.636282009973684
AN3 CA,Dabrafenib,Oleic acid,0.5221519089314691,0.2517951119590843
AN3 CA,Dabrafenib,Minodronic acid,0.5195764093908497,0.29371953112031507
AN3 CA,AZD1390,HI-TOPK-032,0.21694142418541626,0.29810098343742963
AN3 CA,Encorafenib,Paclitaxel,0.8760978111236634,0.8262812960345208
AN3 CA,Everolimus,Ixazomib,0.1701802558682752,0.0362108727351879
AN3 CA,Minodronic acid,Pralsetinib,0.216794639192252,0.10585374546416366
AN3 CA,Bentamapimod,NG25,0.348916507902102,0.23676066889538216
AN3 CA,PF-06260933,Sapanisertib,0.3372243939881673,0.35764911592820603
AN3 CA,AZD-7648,Temuterkib,0.5226369189379563,0.3975548471327285
AN3 CA,9-ING-41,Futibatinib,0.5320911428336172,0.4252298245838231
AN3 CA,Afatinib,Volasertib,0.5352952813538444,0.3453063372533167
AN3 CA,BI-78D3,Oxaliplatin,0.4135460269023612,0.36673516493302827
AN3 CA,Capmatinib,NVP-BHG712,0.1960107539805696,0.12548698742032038
AN3 CA,Ixazomib,Regorafenib,0.5771947445797138,0.5607693186196168
AN3 CA,Capmatinib,Encorafenib,0.28629712481917935,0.2789584833048774
AN3 CA,Encorafenib,Infigratinib,-0.17678398847015117,-0.09669414480599585
AN3 CA,CP21R7,Infigratinib,-0.06577900022037687,0.023107543992377286
AN3 CA,Belzutifan,Bimiralisib,0.007835482004744643,0.19310738617905818
AN3 CA,CP21R7,olaparib,-0.012865054560355301,-0.0031295914943779424
AN3 CA,Capmatinib,Sapanisertib,0.15832280647176705,0.1623681543090221
AN3 CA,CP21R7,NG25,0.3364216592459013,0.22360980176064293
AN3 CA,Ipatasertib,Methylprednisolone succinate,-0.03370481318193966,-0.06847153057074629
AN3 CA,ML264,XRK3F2,0.8508095809447717,0.7589697450431411
AN3 CA,9-ING-41,Paclitaxel,0.8969941179741394,0.8472657518656622
AN3 CA,MK-3903,TAK-901,0.1541129917514616,0.21763058842497596
AN3 CA,Lapatinib ditosylate,Minodronic acid,0.6399875396871822,0.48062215096814115
AN3 CA,Bentamapimod,Irinotecan,0.16760218152910158,0.2802459411030089
AN3 CA,Belzutifan,ERK5-IN-2,0.4677875181814386,0.39780745179813726
AN3 CA,Encorafenib,MK-3903,0.052270243147346955,0.19275366987312767
AN3 CA,ETC-206,Vemurafenib,0.6711251172498949,0.5417707827183927
AN3 CA,Methylprednisolone succinate,Minodronic acid,0.4341166081761514,0.41178639330644345
AN3 CA,ML264,Trametinib,0.4273474636066007,0.39004008000610935
AN3 CA,Afatinib,BI-78D3,0.80417587606763,0.7471039119779146
AN3 CA,Bentamapimod,Bimiralisib,0.1050642184625582,0.27833197831585604
AN3 CA,Celecoxib,NVP-BHG712,0.5212783795963278,0.3960662495122474
AN3 CA,BI-78D3,Ralimetinib dimesylate,0.7748049871613653,0.6875860681679359
AN3 CA,XRK3F2,palbociclib,0.746529131203625,0.5848680627137819
AN3 CA,Abemaciclib,Afatinib,0.3050659735486208,0.21038588519483656
AN3 CA,MK-3903,NVP-BHG712,0.15436392952583802,0.19479904726365901
AN3 CA,AZD-8055,ML264,0.6366107243301069,0.479498806851685
AN3 CA,Ixazomib,LY2090314,0.7301161222899327,0.5738572384159958
AN3 CA,Irinotecan,Paclitaxel,0.2003965424480081,0.23907131290099992
AN3 CA,AZD1390,Capmatinib,0.2884086940070998,0.2987070226523409
AN3 CA,BI-78D3,c-Kit-IN-1,0.29354744844038844,0.22895507696858597
AN3 CA,BI-78D3,TAK-901,-0.02432787192845872,0.012727320529833983
AN3 CA,ETC-206,c-Kit-IN-1,0.14977201689054095,-0.05040318376873366
AN3 CA,RMC-6236,olaparib,-0.09059626461111595,-0.012649795265905707
AN3 CA,Encorafenib,NVP-BHG712,0.7104372044730206,0.6434271388160455
AN3 CA,Minodronic acid,TAK-901,-0.0426818225335766,0.0824756408726201
AN3 CA,Vemurafenib,venetoclax,-0.005264776553575552,0.08997408456175937
AN3 CA,Minodronic acid,NG25,0.2847020163803055,0.2817188039484868
AN3 CA,BI-3406,HI-TOPK-032,0.4257306918517544,0.39190985445022125
AN3 CA,ML264,Temuterkib,0.8650235415745465,0.7976407212492383
AN3 CA,AZD-7648,Gemcitabine,0.1644277535333298,0.059053227374819425
AN3 CA,Ixazomib,Tucatinib,0.4111433782741254,0.42427167702522783
AN3 CA,Erdafitinib ,Regorafenib,0.4331470639877952,0.363150591322051
AN3 CA,HI-TOPK-032,Tucatinib,0.39197840824622737,0.3925260689956381
AN3 CA,4EGI-1,Anastrozole,0.1911494031264839,0.2526005100139814
AN3 CA,CP21R7,Vemurafenib,0.7185432579199211,0.5917137818949748
AN3 CA,Ipatasertib,Tomivosertib,0.1907443708092167,0.15601368562858173
AN3 CA,Anastrozole,BI-78D3,0.5195294881170006,0.28245766118922644
AN3 CA,Temuterkib,Tucatinib,0.5624602183877792,0.5788655437084868
AN3 CA,Abemaciclib,venetoclax,0.6263667461568678,0.619046177845387
AN3 CA,Lapatinib ditosylate,palbociclib,0.7146041461909824,0.5357571083556458
AN3 CA,Belumosudil (mesylate),LB-100,0.28688712966359436,0.04797498276737984
AN3 CA,Dabrafenib,Trametinib,0.3505856848977127,0.350798255971492
AN3 CA,Anastrozole,olaparib,0.09535048336668432,0.2997993625237781
AN3 CA,HI-TOPK-032,c-Kit-IN-1,0.39582013648640585,0.33696874522978043
AN3 CA,Celecoxib,HI-TOPK-032,0.36799096850108076,0.3081178100407371
AN3 CA,9-ING-41,venetoclax,0.04326491131126238,-0.0030620963871999737
AN3 CA,Irinotecan,PF-06260933,0.3376206165712015,0.4669717000945739
AN3 CA,Abemaciclib,NVP-BHG712,0.33906430419543704,0.18808131669673753
AN3 CA,Encorafenib,Sapanisertib,0.752687221128057,0.6784326852889254
AN3 CA,AZD1390,Belzutifan,-0.0495580228573977,-0.03933821061328139
AN3 CA,Minodronic acid,c-Kit-IN-1,0.1448731232962501,0.06974232529899582
AN3 CA,Belumosudil (mesylate),Dabrafenib,0.515383860564797,0.32215466631574236
AN3 CA,LB-100,RMC-6236,0.43799944242426514,0.17374855758292457
AN3 CA,Oxaliplatin,Regorafenib,0.297835217556368,0.22779465526841314
AN3 CA,Sapanisertib,c-Kit-IN-1,0.2487621735832155,0.2886017708028174
AN3 CA,9-ING-41,Afatinib,0.8141851001001192,0.7256796431641537
AN3 CA,NVP-BHG712,Pralsetinib,0.20345200116868606,0.09361585419799481
AN3 CA,AZD-8055,ERK5-IN-2,0.36165781484373294,0.3712785996207918
AN3 CA,Ipatasertib,Vemurafenib,0.5322376783296312,0.5646674675640794
AN3 CA,Dabrafenib,Regorafenib,0.5143322638169293,0.48351741472056486
AN3 CA,Ralimetinib dimesylate,Temuterkib,0.779421657837798,0.6939741183317698
AN3 CA,NG25,Ralimetinib dimesylate,0.41981806836662805,0.2781859845077386
AN3 CA,Belumosudil (mesylate),Celecoxib,0.5010689321390293,0.3618041647530159
AN3 CA,Elimusertib hydrochloride,HI-TOPK-032,0.21798933054385083,0.21142759118763899
AN3 CA,Belumosudil (mesylate),palbociclib,0.4375598677549146,0.24432057862293777
AN3 CA,BAY1125976,ERK5-IN-2,0.4634884651176635,0.4084076345402636
AN3 CA,CP21R7,Lapatinib ditosylate,0.584647475893452,0.4052276923268844
AN3 CA,NG25,Oleic acid,0.19178067898355464,0.05760884756407317
AN3 CA,Anastrozole,Capmatinib,0.3427403077825131,0.2961793387290225
AN3 CA,Capmatinib,LB-100,0.10524396665530625,0.029888743583666364
AN3 CA,AZD1390,Lapatinib ditosylate,-0.11410853860109615,0.0033165748732321455
AN3 CA,Bimiralisib,ML264,0.14727484377065725,0.2893537667296262
AN3 CA,Temuterkib,venetoclax,0.04839340728883751,0.04762291340296929
AN3 CA,Everolimus,ML264,0.2228343175158385,0.1422715459613542
AN3 CA,ETC-206,NVP-BHG712,0.5766652041379658,0.5129474605032399
AN3 CA,Bimiralisib,MK-3903,0.5884704722145948,0.5090924164029388
AN3 CA,Belumosudil (mesylate),Trametinib,0.3898548578486922,0.3800823608628011
AN3 CA,Everolimus,Oxaliplatin,0.3499268914845387,0.33254521210062277
AN3 CA,Celecoxib,Pralsetinib,0.1915845438663362,0.19053069883540938
AN3 CA,Bimiralisib,RMC-6236,0.25079949254219375,0.37475868691179404
AN3 CA,Infigratinib,TAK-733,0.07356162221665412,0.1977135274550448
AN3 CA,Erdafitinib ,Pralsetinib,0.2695736526208898,0.08187469172294422
AN3 CA,CP21R7,Encorafenib,0.6297889509607197,0.5578760159829471
AN3 CA,Abemaciclib,BI-78D3,0.370975154502917,0.2536053491127779
AN3 CA,BAY1125976,olaparib,-0.09424545301470595,-0.09071075803921368
AN3 CA,Afatinib,Bimiralisib,0.31240261889173443,0.4796167764099494
AN3 CA,Methylprednisolone succinate,Trametinib,0.13396459429604207,0.1563662314826925
AN3 CA,NVP-BHG712,Temuterkib,0.738567264518762,0.6340854426399627
AN3 CA,Ixazomib,Ralimetinib dimesylate,0.7057843148568532,0.5696209333263713
AN3 CA,Oxaliplatin,Pralsetinib,0.24899795206743994,0.22730692253561444
AN3 CA,BI-78D3,Encorafenib,0.805339337660733,0.7496999361727301
AN3 CA,BAY1125976,venetoclax,-0.017328386971769933,0.0060902306264261265
AN3 CA,Abemaciclib,TAK-733,0.8227721552262626,0.7555508787960613
AN3 CA,BI-78D3,Paclitaxel,0.8350337897802805,0.7980741952575328
AN3 CA,AZD1390,palbociclib,-0.18046777407342743,-0.1738219918346756
AN3 CA,BI-3406,Futibatinib,0.2857368235903154,0.16696720269421697
AN3 CA,Ipatasertib,Temuterkib,0.6017840795747627,0.5721474907053894
AN3 CA,Bentamapimod,Elimusertib hydrochloride,-0.046205783843899645,-0.17340224087713293
AN3 CA,LB-100,Temuterkib,0.6767462654941564,0.5009672315206901
AN3 CA,Ipatasertib,Ixazomib,0.41478147936409004,0.39849346914106615
AN3 CA,BAY1125976,Futibatinib,0.36231826202432066,0.2966131391077102
AN3 CA,Dabrafenib,Sapanisertib,0.7390006692126558,0.6821959781302065
AN3 CA,Elimusertib hydrochloride,Temuterkib,-0.014417842235042312,-0.1204089281474157
AN3 CA,Dabrafenib,ETC-206,0.6726999279406368,0.6017571731799294
AN3 CA,Abemaciclib,Anastrozole,0.32753584927155466,0.20729667561453302
AN3 CA,Afatinib,NVP-BHG712,0.7236073821969832,0.6418777376409515
AN3 CA,Paclitaxel,Temuterkib,0.8563407667745421,0.8087495993496182
AN3 CA,Belzutifan,Erdafitinib ,0.5539859655073744,0.45575460902477233
AN3 CA,4EGI-1,NVP-BHG712,0.37051045920209225,0.26056176805285114
AN3 CA,Tucatinib,Vemurafenib,0.5723416248039966,0.6117889000093973
AN3 CA,Bentamapimod,Methylprednisolone succinate,0.1396908911183644,0.09445954222116233
AN3 CA,Encorafenib,Ixazomib,0.7315619638455713,0.6591577372422424
AN3 CA,Erdafitinib ,palbociclib,0.6913162465479624,0.5616760397607412
AN3 CA,Encorafenib,LY2090314,0.6909189004407863,0.5270570897865897
AN3 CA,Gemcitabine,XRK3F2,0.24147743147739303,0.17475931235526498
AN3 CA,Futibatinib,Paclitaxel,0.5112681722761804,0.3947148200216368
AN3 CA,Minodronic acid,olaparib,-0.018128379219533936,0.10174643598225848
AN3 CA,BI-3406,Paclitaxel,0.6003848672562427,0.5344518257203128
AN3 CA,Irinotecan,ML264,0.12173023019427623,0.1909930324899748
AN3 CA,HI-TOPK-032,Irinotecan,0.2482624654244421,0.36039102254207955
AN3 CA,NVP-BHG712,PF-06260933,0.25709962928984087,0.18118848763446424
AN3 CA,Bentamapimod,venetoclax,0.0003280529445299808,0.025865009826767798
AN3 CA,c-Kit-IN-1,olaparib,0.3653733748597229,0.44841866636718175
AN3 CA,4EGI-1,AZD1390,0.40324565818966956,0.509534165331708
AN3 CA,BAY1125976,Methylprednisolone succinate,0.1261677548302979,0.1050489226490729
AN3 CA,Everolimus,RMC-6236,0.154688666038595,0.10817711750566743
AN3 CA,LB-100,TAK-901,-0.006363273645600409,0.17297472856519946
AN3 CA,MK-3903,venetoclax,0.2051915527649664,0.2986165901090774
AN3 CA,APTO-253,CP21R7,0.5877672708466911,0.4885549943766632
AN3 CA,Oleic acid,Tomivosertib,0.38415246793239954,0.3380088419378081
AN3 CA,Encorafenib,Pralsetinib,0.06399867148278253,-0.030340857825652604
AN3 CA,HI-TOPK-032,Sapanisertib,0.30221214412474695,0.3172281869141519
AN3 CA,Futibatinib,TAK-733,0.32961827806779065,0.2174288693538605
AN3 CA,AZD1390,NVP-BHG712,-0.013118868674587534,-0.02759037321072028
AN3 CA,Afatinib,Methylprednisolone succinate,0.0011329386603602006,-0.03609832391344138
AN3 CA,AZD-7648,olaparib,-0.24579312476319168,-0.21463151453827306
AN3 CA,Lapatinib ditosylate,Pralsetinib,0.12590479392667367,0.10461876388989523
AN3 CA,APTO-253,Regorafenib,0.521742269058262,0.4856729860854023
AN3 CA,Infigratinib,palbociclib,-0.10107877690808337,-0.01220190113279251
AN3 CA,4EGI-1,palbociclib,0.32186776114342225,0.20460641979804087
AN3 CA,Ixazomib,c-Kit-IN-1,0.17679038090970497,0.11512245878965133
AN3 CA,AZD-8055,Celecoxib,0.4038931618644335,0.31956262904943655
AN3 CA,Futibatinib,Ipatasertib,0.30879226402670934,0.22508371524894052
AN3 CA,Dabrafenib,Erdafitinib ,0.7236282239704636,0.6545128845264618
AN3 CA,Anastrozole,ERK5-IN-2,0.36458561639129566,0.2262444919413821
AN3 CA,Celecoxib,Ralimetinib dimesylate,0.5455320917160804,0.42576349254576135
AN3 CA,Bimiralisib,Oleic acid,-0.17670290198817293,-0.044378885716473825
AN3 CA,Gemcitabine,LB-100,0.18946978949463694,0.18429313989035961
AN3 CA,Trametinib,Vemurafenib,0.3448881931729441,0.3459156901762828
AN3 CA,Ixazomib,TAK-733,0.43768326783260164,0.31985838594379973
AN3 CA,Bentamapimod,Lapatinib ditosylate,0.656939536174094,0.46169317481923544
AN3 CA,Afatinib,Bentamapimod,0.8278580089836733,0.7485099664145275
AN3 CA,Belzutifan,LY2090314,0.6629416718423528,0.5202651780537765
AN3 CA,4EGI-1,Ipatasertib,0.06064279004001341,0.07481792707708282
AN3 CA,4EGI-1,APTO-253,0.40442017942083347,0.32895671776550667
AN3 CA,BI-3406,venetoclax,0.273532936376712,0.2807740214811357
AN3 CA,Abemaciclib,Lapatinib ditosylate,0.36221098889364306,0.2574351106829864
AN3 CA,Bimiralisib,XRK3F2,0.07795492284865423,0.1923321172890698
AN3 CA,BI-3406,Trametinib,0.6024847997636091,0.5273340598046328
AN3 CA,ETC-206,Encorafenib,0.583013659935662,0.5135663309991729
AN3 CA,Ralimetinib dimesylate,palbociclib,0.6595922443120772,0.4934141136972856
AN3 CA,Belzutifan,Irinotecan,0.049346054197946077,0.06898529407794343
AN3 CA,Ralimetinib dimesylate,Tomivosertib,0.40320706080078167,0.41308808291014465
AN3 CA,NG25,Trametinib,0.30731004359990255,0.2907006922484787
AN3 CA,4EGI-1,Erdafitinib ,0.43795486160018976,0.2448616897954642
AN3 CA,Dabrafenib,Methylprednisolone succinate,0.15240427131919249,0.10864099630073945
AN3 CA,Methylprednisolone succinate,RMC-6236,0.12031119187096888,0.13698842254554194
AN3 CA,ML264,Tucatinib,0.48757698934170673,0.531317138554998
AN3 CA,ERK5-IN-2,Elimusertib hydrochloride,0.01870074650334496,-0.07204547398278222
AN3 CA,4EGI-1,Regorafenib,0.3429732000164817,0.3160602181840628
AN3 CA,ERK5-IN-2,Erdafitinib ,0.30560428743596973,0.19114003243907443
AN3 CA,4EGI-1,9-ING-41,0.34765613765201525,0.2920642659976673
AN3 CA,AZD1390,Trametinib,0.36836740429560116,0.3301279198656327
AsPC-1,Regorafenib,c-Kit-IN-1,0.564652625780522,0.45592622192928567
AsPC-1,Dabrafenib,NG25,0.09824461685206944,0.1451910107717174
AsPC-1,Capivasertib,Trametinib,-0.08454300184103136,0.03241247984332897
AsPC-1,Elimusertib hydrochloride,Paclitaxel,0.7304840548222544,0.6257238249742887
AsPC-1,Abemaciclib,Sapanisertib,-0.03696758617814791,0.06372653639175772
AsPC-1,Celecoxib,Everolimus,0.6650115411146407,0.5370177910535175
AsPC-1,BI-3406,Bentamapimod,-0.14250799996981584,0.0025069791340016634
AsPC-1,GSK1059615,Methylprednisolone succinate,0.021549128023650388,0.04181918541610251
AsPC-1,Anastrozole,HI-TOPK-032,0.3460457994055715,0.33220115503685316
AsPC-1,Afatinib,TAK-901,0.2063001229194253,0.20624222073288753
AsPC-1,DT-061,Temuterkib,0.04689804616222439,0.12632287626603597
AsPC-1,Alpelisib,Capivasertib,-0.044020608456647285,0.06820812285149691
AsPC-1,Oleic acid,Pemigatinib,0.5529694285619259,0.3925781101066473
AsPC-1,Anastrozole,Ralimetinib dimesylate,0.5518477746397819,0.500772837720403
AsPC-1,Ixazomib,Paclitaxel,0.30758100369182123,0.3201704991133666
AsPC-1,Temuterkib,Tubulin inhibitor 6,0.6026737036659858,0.3851555270228339
AsPC-1,Bentamapimod,Dabrafenib,0.7802132347288874,0.7362336917850534
AsPC-1,AZD-8055,SBI-0640756,-0.06411376153429539,-0.0038584248090432587
AsPC-1,GSK1059615,olaparib,0.0832549639538811,0.12782060463168118
AsPC-1,BAY1125976,EX229,-0.15866348079701653,-0.02873204685841976
AsPC-1,Ralimetinib dimesylate,olaparib,0.4107860724044347,0.19542536555630566
AsPC-1,9-ING-41,Abemaciclib,0.12568606965095358,0.19177630895900907
AsPC-1,Bentamapimod,Infigratinib,0.410995235883392,0.17158005734536322
AsPC-1,Encorafenib,SBI-0640756,-0.11030614830309884,-0.11132072592742914
AsPC-1,EX229,ULK-101,0.3482130560230523,0.22065734857902797
AsPC-1,Brivudine,Lapatinib ditosylate,0.007779787774796508,0.17324017709782347
AsPC-1,AZD-8055,olaparib,0.23714630498955586,0.20601989633580692
AsPC-1,CP21R7,c-Kit-IN-1,0.2620435115249998,0.18279124002260377
AsPC-1,Celecoxib,Ralimetinib dimesylate,0.6445261138167073,0.5256407070856721
AsPC-1,Ixazomib,c-Kit-IN-1,0.2580243390475142,0.2654921901932396
AsPC-1,AT7519,Gemcitabine,0.6161903047806454,0.5038575721433464
AsPC-1,AZD-7648,DT-061,0.7883503367138543,0.5117901722504334
AsPC-1,Celecoxib,Oleic acid,0.7522872445512304,0.5648220901899107
AsPC-1,Elimusertib hydrochloride,Oleic acid,-0.04321279466444179,0.10339229578330554
AsPC-1,Lapatinib ditosylate,venetoclax,-0.0706152980530416,0.06973685900531115
AsPC-1,Dabrafenib,NVP-BHG712,0.7126772042440197,0.5894973401612362
AsPC-1,AZD-7648,Binimetinib,0.8964708041353038,0.7839317227152359
AsPC-1,DT-061,NG25,0.5555528003912609,0.29750562603971864
AsPC-1,Bimiralisib,Ixazomib,0.2533659903952007,0.28140196969718323
AsPC-1,MK-8353,Methylprednisolone succinate,0.40482603111942206,0.42282692195353805
AsPC-1,9-ING-41,NG25,0.6240688662231376,0.5200338858749848
AsPC-1,Alpelisib,palbociclib,0.7976060051757093,0.7032124934316308
AsPC-1,Brivudine,Sapanisertib,-0.1037701450103406,0.02712740547721071
AsPC-1,Irinotecan,Minodronic acid,0.6572427125612594,0.5643781963524251
AsPC-1,Abemaciclib,BI-78D3,0.3369044536105321,0.34226442548047
AsPC-1,Methylprednisolone succinate,TAK-901,0.0036599722719226277,-0.04129385601995779
AsPC-1,PH-797804,Tucatinib,0.3011213720871264,0.3928372140312141
AsPC-1,Oleic acid,venetoclax,0.01445468933739956,0.15473654197156653
AsPC-1,Regorafenib,TAK-733,0.6337738457492701,0.5438687807355033
AsPC-1,Abemaciclib,ULK-101,0.23884235750433136,0.10406915613915897
AsPC-1,ERK5-IN-2,TAK-733,0.08059049800690343,0.0966454702675364
AsPC-1,XRK3F2,palbociclib,0.8184656376133276,0.7195831157370288
AsPC-1,Binimetinib,Tubulin inhibitor 6,0.09906598775464917,0.13080688222682121
AsPC-1,Anastrozole,MK-8353,0.5877257761673848,0.43027303021082275
AsPC-1,AZD-7648,venetoclax,0.6722951076073547,0.5410187686242449
AsPC-1,Abemaciclib,SBI-0640756,0.3510053101660835,0.29580487882054307
AsPC-1,Dabrafenib,ULK-101,0.28793381083579067,0.3544575847053237
AsPC-1,ETC-206,Irinotecan,0.7655825633789032,0.5964334718671412
AsPC-1,Abemaciclib,MK-8353,0.21030214338583286,0.26842950614774447
AsPC-1,ETC-206,NVP-BHG712,0.6393636884379841,0.402687316598705
AsPC-1,Lapatinib ditosylate,Pralsetinib,0.36611520928579994,0.22736441852805606
AsPC-1,Paclitaxel,TAK-901,0.22221970625324916,0.27282105377856086
AsPC-1,Ralimetinib dimesylate,Sapanisertib,0.4983635514281555,0.5463149937300672
AsPC-1,BI-3406,Everolimus,-0.09251709350384668,0.10098567887129356
AsPC-1,AT7519,Lapatinib ditosylate,0.5781423749400957,0.4655164291854513
AsPC-1,Minodronic acid,NVP-BHG712,0.6137553131793403,0.45642418758860176
AsPC-1,Bentamapimod,Vemurafenib,-0.05149219869927625,0.03814331445220368
AsPC-1,AZD-8055,MK-8353,-0.16525554828793687,-0.0933261250940876
AsPC-1,Minodronic acid,Sapanisertib,0.2859624586623281,0.30968470004169524
AsPC-1,CP21R7,GSK1059615,0.2065873400059358,0.19376981524139023
AsPC-1,APTO-253,Oxaliplatin,0.4589703182555105,0.3194624437261516
AsPC-1,PH-797804,Tubulin inhibitor 6,0.18612790030748685,0.34480689333958314
AsPC-1,Bentamapimod,Tubulin inhibitor 6,0.6493364920031096,0.45550867974452003
AsPC-1,Alpelisib,HI-TOPK-032,0.2927483980425422,0.39027730253242143
AsPC-1,ML264,Pralsetinib,0.1406039092268715,-0.048567475161824136
AsPC-1,9-ING-41,Gemcitabine,0.565849153265505,0.4044166819894108
AsPC-1,ERK5-IN-2,LY2090314,0.6762912834427893,0.5526698082554086
AsPC-1,BI-78D3,Methylprednisolone succinate,0.5209903392293748,0.5027986200107777
AsPC-1,AZD1390,Dabrafenib,0.6008844124687573,0.4519108466501897
AsPC-1,CP21R7,DT-061,0.428159246615585,0.29618704028935494
AsPC-1,Anastrozole,Gemcitabine,0.7800870482765161,0.5722535633662852
AsPC-1,Lapatinib ditosylate,Methylprednisolone succinate,0.45199258071487897,0.42772630971450554
AsPC-1,PH-797804,olaparib,-0.06556354354783635,0.016557341218004694
AsPC-1,Ralimetinib dimesylate,Tomivosertib,0.13843175865065543,0.2444461401805469
AsPC-1,Pemigatinib,Vemurafenib,0.06093187583468669,0.27357339908209916
AsPC-1,Lapatinib ditosylate,MK-3903,0.33441816225492527,0.42487754161868396
AsPC-1,9-ING-41,TAK-901,0.06850461159796445,0.15692826859631884
AsPC-1,Lapatinib ditosylate,TAK-733,0.059245733320307,0.1998443127645795
AsPC-1,AZD-8055,XRK3F2,0.9286767958297835,0.8846247624581872
AsPC-1,AZD-8055,CP21R7,0.27014337439983016,0.19060395127917634
AsPC-1,Anastrozole,olaparib,0.4801427325075901,0.40915083451504525
AsPC-1,Alpelisib,DT-061,0.5720931331855935,0.34187527247744254
AsPC-1,SBI-0640756,Tubulin inhibitor 6,0.38815907222890045,0.31791589059488723
AsPC-1,Minodronic acid,Temuterkib,0.5435097428591007,0.5172288096756391
AsPC-1,Brivudine,RMC-6236,0.47275139572540403,0.44014522164384895
AsPC-1,ML264,Vemurafenib,0.07438677663131005,0.18749875922760129
AsPC-1,EX229,ML264,0.22595034216993293,0.2164384427077819
AsPC-1,Bimiralisib,Binimetinib,0.8420518213277874,0.7450283347509052
AsPC-1,Anastrozole,NVP-BHG712,0.5203201140951357,0.3854775902878947
AsPC-1,LY2090314,palbociclib,0.11630407151344081,0.09886557707594373
AsPC-1,CP21R7,Oleic acid,0.6799836056427617,0.4899008552599163
AsPC-1,AZD-7648,XRK3F2,0.795859674442035,0.7524241359784882
AsPC-1,AZD-8055,ML264,0.023984140088429917,0.10119024916689974
AsPC-1,Alpelisib,Oxaliplatin,0.16959199178882092,0.20016605168921497
AsPC-1,Bortezomib,Ipatasertib,0.20889484052521531,0.12481366796894056
AsPC-1,BI-3406,Binimetinib,0.9001087454846071,0.7806324401929093
AsPC-1,Abemaciclib,Irinotecan,0.36508680604200844,0.39279163214398916
AsPC-1,Lapatinib ditosylate,PH-797804,0.21911351985022054,0.31624740397060985
AsPC-1,GSK1059615,palbociclib,0.4607849805172282,0.46345297841706323
AsPC-1,Bentamapimod,RMC-6236,-0.10727006165099479,0.020353661589785896
AsPC-1,Binimetinib,NG25,0.7218289487485119,0.5930552355057943
AsPC-1,ERK5-IN-2,palbociclib,0.1894175243820631,0.15828122363937286
AsPC-1,Bentamapimod,MK-3903,0.19581232078616045,0.2506483442109347
AsPC-1,Alpelisib,BI-3406,0.9611113962071247,0.8926840170583646
AsPC-1,Irinotecan,venetoclax,0.26491830984012504,0.31909244130752673
AsPC-1,9-ING-41,Ralimetinib dimesylate,0.6519497138034069,0.7026432404608247
AsPC-1,AZD1390,Brivudine,0.023838276213292958,0.15721942345229287
AsPC-1,Trametinib,c-Kit-IN-1,0.24462774376383845,0.21297171179393948
AsPC-1,Anastrozole,Tucatinib,0.6532410654083695,0.5212073856301954
AsPC-1,NVP-BHG712,olaparib,0.4332439494209712,0.09944532886020208
AsPC-1,Bortezomib,Infigratinib,0.3577371705340509,0.5846985395196365
AsPC-1,Bentamapimod,c-Kit-IN-1,0.11776845809415462,0.031275142251825934
AsPC-1,Gemcitabine,PH-797804,0.1061985688799692,0.2656914064286551
AsPC-1,AT7519,Ipatasertib,0.34781344550509097,0.332925008700285
AsPC-1,BI-3406,Infigratinib,-0.07877139431653281,0.07288155962789736
AsPC-1,Bortezomib,venetoclax,0.5090589521236021,0.39872547411822895
AsPC-1,EX229,Tucatinib,0.22068280284790923,0.3170628005284182
AsPC-1,ML264,Oxaliplatin,0.4286488450977148,0.28970354685438643
AsPC-1,Brivudine,Paclitaxel,0.5671506345986617,0.5341639596064987
AsPC-1,Alpelisib,SBI-0640756,-0.07313734011716416,0.04145429669678473
AsPC-1,BAY1125976,MK-8353,0.616254813624827,0.5302869323136835
AsPC-1,Methylprednisolone succinate,Vemurafenib,0.20551436624730615,0.03902263168446932
AsPC-1,Bimiralisib,Infigratinib,-0.06039688787792935,0.03366551529861579
AsPC-1,c-Kit-IN-1,venetoclax,0.8273431504630401,0.7524485673441732
AsPC-1,Celecoxib,EX229,0.22373220650327777,0.17859861392350007
AsPC-1,APTO-253,DT-061,-0.11503135842037104,0.07056690641451156
AsPC-1,9-ING-41,Pemigatinib,0.5815247865399791,0.5661112361313007
AsPC-1,LY2090314,Tomivosertib,-0.3158444736475149,0.03878483719178064
AsPC-1,Elimusertib hydrochloride,Ixazomib,0.17309218677917648,0.1961679567550022
AsPC-1,Ralimetinib dimesylate,Tubulin inhibitor 6,0.6336221026194034,0.4629091885980017
AsPC-1,MK-3903,venetoclax,0.3857368425294724,0.29002853205580825
AsPC-1,Anastrozole,Ixazomib,0.4300201002290609,0.42885539648324844
AsPC-1,LY2090314,MK-3903,0.25058349611799563,0.22368988156132313
AsPC-1,Erdafitinib ,Minodronic acid,0.6099632439980897,0.51112139778635
AsPC-1,LB-100,Oxaliplatin,0.581874017314819,0.35285273672396933
AsPC-1,Brivudine,Tubulin inhibitor 6,0.1322106376067928,0.16256918641893553
AsPC-1,Celecoxib,Sapanisertib,0.2861514870125148,0.3086016485342404
AsPC-1,Erdafitinib ,TAK-733,-0.05151480036481097,0.040316041718231346
AsPC-1,AZD1390,PH-797804,0.20019701013009925,0.09552389513037
AsPC-1,AZD-8055,RMC-6236,0.9168058003908313,0.8810280650927174
AsPC-1,Ipatasertib,Pralsetinib,0.25040030093804283,0.08761132334851808
AsPC-1,Brivudine,ERK5-IN-2,0.03797975253839733,0.05279247544016638
AsPC-1,Methylprednisolone succinate,olaparib,0.6491491871993526,0.4275513980569846
AsPC-1,Capivasertib,Vemurafenib,-0.03411757608033185,0.1100992000066491
AsPC-1,Minodronic acid,RMC-6236,-0.10938520560067784,0.045455397336479283
AsPC-1,Brivudine,Infigratinib,-0.012150820973342191,0.20879957495369683
AsPC-1,Paclitaxel,Ralimetinib dimesylate,0.35643664519815654,0.4800914854631226
AsPC-1,Bimiralisib,TAK-901,0.1617634753430458,0.16964108170590006
AsPC-1,Celecoxib,PH-797804,0.04201281585218975,0.1087298948133165
AsPC-1,DT-061,Tucatinib,0.1646216073076336,0.18535505256970253
AsPC-1,AZD-7648,Tubulin inhibitor 6,0.1579181029463303,0.21324576360031947
AsPC-1,BAY1125976,Celecoxib,0.3777188311741725,0.38602105664859543
AsPC-1,Anastrozole,ETC-206,0.807947552417528,0.5282180653574219
AsPC-1,Dabrafenib,Everolimus,0.6312274352677594,0.5454141460567238
AsPC-1,AZD-8055,Irinotecan,0.2078905513368911,0.23486368752296582
AsPC-1,HI-TOPK-032,MK-3903,0.41009568621735876,0.40340977416308443
AsPC-1,Dabrafenib,TAK-733,-0.027334014319521573,0.035407935711031346
AsPC-1,Irinotecan,Ralimetinib dimesylate,0.7327147834634657,0.607104917774271
AsPC-1,SBI-0640756,TAK-733,0.21135509682394885,0.16049521620282817
AsPC-1,AT7519,Binimetinib,-0.06898520587511034,0.004896224154177998
AsPC-1,Ixazomib,TAK-901,-0.08212452787574599,-0.04024372867177228
AsPC-1,EX229,LB-100,0.2211879681536485,0.28520300372586976
AsPC-1,ETC-206,RMC-6236,-0.0028932784836853405,0.17498569474630052
AsPC-1,CP21R7,LB-100,0.6721656176127719,0.43210153083380404
AsPC-1,Binimetinib,TAK-901,0.1590293476256674,0.1796804757735305
AsPC-1,Infigratinib,Pemigatinib,0.3216803233450633,0.2035959703814879
AsPC-1,APTO-253,GSK1059615,0.08607550880748803,0.15300919966667884
AsPC-1,Methylprednisolone succinate,Pralsetinib,0.5015102499625967,0.37447768100253204
AsPC-1,HI-TOPK-032,c-Kit-IN-1,0.4998217245232615,0.47865534503250984
AsPC-1,AZD-7648,Bentamapimod,-0.09850180091051276,-0.007897294095012261
AsPC-1,Ixazomib,Tucatinib,0.537625494555605,0.41609964516341613
AsPC-1,BI-3406,SBI-0640756,-0.07015607903405632,0.01067105612558243
AsPC-1,ML264,Temuterkib,0.8311085982206917,0.55749205420329
AsPC-1,Encorafenib,Tubulin inhibitor 6,-0.0005236837683133596,0.1745608844948545
AsPC-1,Celecoxib,Tomivosertib,0.16461932093824175,0.2678435898302387
AsPC-1,ML264,SBI-0640756,0.340276791471622,0.3151931278674894
AsPC-1,Dabrafenib,c-Kit-IN-1,0.044481168668126465,0.06907046930296959
AsPC-1,AT7519,Capivasertib,0.5161966859838386,0.3232795723461127
AsPC-1,BI-78D3,Celecoxib,0.6534918226953954,0.5377448068409938
AsPC-1,BAY1125976,LB-100,0.5730778611754791,0.4349320956073214
AsPC-1,AZD1390,Infigratinib,0.440524166376601,0.29967053090195167
AsPC-1,Capivasertib,XRK3F2,-0.0572217889495089,0.08454824169108363
AsPC-1,Oxaliplatin,Trametinib,0.1683637951517953,0.18819758341437334
AsPC-1,Anastrozole,ML264,0.4863142584795283,0.43209052605163545
AsPC-1,Bortezomib,Paclitaxel,0.256166105225997,0.20146221442594026
AsPC-1,Everolimus,Ralimetinib dimesylate,0.8184961998836676,0.6440075637561989
AsPC-1,Gemcitabine,Lapatinib ditosylate,0.6446192735156179,0.5244064754127595
AsPC-1,9-ING-41,Dabrafenib,0.6255563533410854,0.6095382187686558
AsPC-1,AZD-8055,TAK-733,0.4101764485699578,0.3624478560567398
AsPC-1,Capivasertib,Encorafenib,0.06294157617977747,0.19904023546433877
BT-474,Belumosudil (mesylate),Sonidegib,0.46660046509909503,0.4692862992909871
BT-474,HI-TOPK-032,ULK-101,0.13808914866769345,0.33238910758406853
BT-474,LY2090314,Sonidegib,0.5201075959145101,0.49342876351553083
BT-474,AT7519,BI-3406,-0.04719479519739532,0.22428041600258392
BT-474,Oleic acid,palbociclib,0.1957658900178702,0.34271526789962603
BT-474,Dabrafenib,Trametinib,0.43559303996229864,0.5210914802399725
BT-474,Encorafenib,LB-100,0.019153184899234465,0.1410898447717206
BT-474,Abemaciclib,LB-100,0.3624233369402207,0.3344065799563858
BT-474,Vemurafenib,vincristine,-0.039220032728373995,0.101239485273075
BT-474,Elimusertib hydrochloride,Infigratinib,0.23269677809606076,0.3290387938757273
BT-474,CP21R7,Sonidegib,0.3579151111443657,0.4342199163801127
BT-474,Belzutifan,Encorafenib,-0.13333878327165155,-0.0002725332003664996
BT-474,Pimitespib,TAK-901,0.0013651457529101005,0.054390314992430765
BT-474,AT7519,ETC-206,0.4975131993085183,0.5236102484451828
BT-474,9-ING-41,Tomivosertib,-0.11761714697745841,0.3397686080921188
BT-474,ERK5-IN-2,NVP-BHG712,0.5671595474338915,0.56315499946469
BT-474,GSK1059615,MK-3903,0.6148781356772761,0.5464439238047055
BT-474,Binimetinib,Pralsetinib,0.3232899366257065,0.32565537420877394
BT-474,BI-78D3,Tomivosertib,0.17069686341392365,0.481672126174437
BT-474,LB-100,Temuterkib,0.5941055101537102,0.4605043202672716
BT-474,4EGI-1,HI-TOPK-032,0.05411338053512575,0.2118945227012845
BT-474,Lapatinib ditosylate,Temuterkib,0.07060190445552368,0.25230366013219296
BT-474,Binimetinib,Hydroxyfasudil,0.21451655261764283,0.3226820608545858
BT-474,Capivasertib,Tubulin inhibitor 6,0.5515207363760349,0.4737412552779996
BT-474,BAY1125976,LB-100,0.4450736139541901,0.30468021761539593
BT-474,AZD1390,c-Kit-IN-1,0.17892630379644833,0.13865936056941153
BT-474,Hydroxyfasudil,NG25,0.3553555724476954,0.34671638079512046
BT-474,Ralimetinib dimesylate,Tubulin inhibitor 6,0.4121559972681108,0.482405619261062
BT-474,APTO-253,Belumosudil (mesylate),0.5615741109534025,0.4614508451436156
BT-474,Everolimus,MK-8353,0.6999160003705565,0.5675068705686392
BT-474,BI-3406,Sapanisertib,0.22757320091026292,0.43606338109016984
BT-474,Infigratinib,XRK3F2,-0.015884989720534367,0.24033032738773302
BT-474,AZD2858,DTP3,0.5106581938452728,0.4713196189400598
BT-474,MK-3903,Pralsetinib,0.5088942343060635,0.3988763485183231
BT-474,BI-78D3,Capmatinib,0.29941730768447267,0.4926331450994395
BT-474,Methylprednisolone succinate,NG25,0.2372568620210499,0.21896439004574092
BT-474,TAK-901,olaparib,0.175449288065446,0.13426795369070899
BT-474,Capivasertib,GSK1059615,0.1669489122923573,0.08247460087211095
BT-474,GSK1059615,Irinotecan,0.3434978493827404,0.31433117637787056
BT-474,AZD2858,IQ 1,0.2684958800210724,0.15572548539145822
BT-474,AZD-7648,PH-797804,0.16252369105656497,0.1492119702802994
BT-474,RMC-6236,venetoclax,0.5285771100200714,0.4539924425041575
BT-474,Futibatinib,Tucatinib,0.1921469782112563,0.20030107814270512
BT-474,ETC-206,Tomivosertib,0.33652007808118345,0.5496779349439932
BT-474,DT-061,IQ 1,0.4827189130677168,0.3190269516486812
BT-474,Capivasertib,HI-TOPK-032,0.09091699206918144,0.2637128867995274
BT-474,Encorafenib,SBI-0640756,-0.11384533103864178,0.10414108522134712
BT-474,BAY1125976,Futibatinib,0.3674005411076182,0.3673243146483569
BT-474,4EGI-1,Anastrozole,0.4967597615537854,0.44354855319086994
BT-474,LJI308,Trametinib,0.050346343968475205,0.13309516231042945
BT-474,LB-100,Lapatinib ditosylate,0.11430680674418116,0.2633632182176572
BT-474,APTO-253,HI-TOPK-032,0.36636763205085265,0.3870075516408823
BT-474,Belumosudil (mesylate),Everolimus,0.4771572542953559,0.6472452083214789
BT-474,Abemaciclib,TAK-733,0.389393090852519,0.420662571429148
BT-474,Ixazomib,Oxaliplatin,0.20586627636706695,0.4169868651339067
BT-474,Alpelisib,Bimiralisib,0.8836751308600724,0.833396832446364
BT-474,APTO-253,vincristine,0.42929952194278376,0.3169507164662187
BT-474,9-ING-41,Erdafitinib ,0.7573315317218461,0.6179999665333402
BT-474,DT-061,vincristine,0.10998739619025787,0.3274260414022801
BT-474,Belumosudil (mesylate),Elimusertib hydrochloride,0.37597017395635324,0.3951486696858392
BT-474,Belumosudil (mesylate),DTP3,0.5188469385908174,0.505632152127997
BT-474,DT-061,LY-2584702 (tosylate salt),0.31811735636167543,0.40078646680122837
BT-474,Tucatinib,palbociclib,0.6422135451367645,0.5643733802565782
BT-474,IQ 1,Paclitaxel,0.6289557439805599,0.5441978229321709
BT-474,9-ING-41,Binimetinib,0.3911077142126553,0.48495207556860986
BT-474,Infigratinib,MK-3903,0.2285698096124575,0.2871779003492562
BT-474,Abemaciclib,Capmatinib,-0.21575694052306396,-0.04719961541029051
BT-474,ETC-206,GSK1059615,0.2840836117438017,0.26823577363845474
BT-474,Belzutifan,SBI-0640756,0.4642780224640321,0.3247980741370515
BT-474,Adagrasib,Trametinib,0.04160351164760126,0.09999991868493471
BT-474,Erdafitinib ,LJI308,0.14225971075974492,0.4331611445885698
BT-474,Elimusertib hydrochloride,Sapanisertib,0.051301772731690266,0.17821847061461452
BT-474,Everolimus,LJI308,0.19729149951282893,0.3833600260903864
BT-474,Everolimus,GSK1059615,0.3752278043620587,0.321092019662399
BT-474,DTP3,LY-2584702 (tosylate salt),0.3419624765230857,0.3552640692602737
BT-474,BAY1125976,Volasertib,0.42617481630687987,0.30242878748592344
BT-474,LB-100,Pemigatinib,0.4560717849580608,0.33000207376960433
BT-474,BI-3406,CP21R7,0.35658158826512165,0.45356505525991875
BT-474,Lapatinib ditosylate,Ralimetinib dimesylate,0.5701961197169888,0.6509814343305502
BT-474,Capmatinib,Volasertib,0.24376432263313572,0.3490164971656313
BT-474,Tucatinib,Vemurafenib,0.6661736048188153,0.6702979745985089
BT-474,Sapanisertib,Tubulin inhibitor 6,0.40804553654499653,0.4037113467881821
BT-474,AT7519,Tubulin inhibitor 6,0.4377024914715612,0.37325139946922675
BT-474,DTP3,LJI308,0.2648123729963687,0.44049779261596667
BT-474,Alpelisib,Gemcitabine,0.19106390342692958,0.2553038096036796
BT-474,ETC-206,vincristine,0.2869286845090906,0.37552862439876655
BT-474,AT7519,Oxaliplatin,0.5398595853388285,0.48905977187028665
BT-474,Bentamapimod,LJI308,0.06303038121087312,0.34210356369105327
BT-474,Sonidegib,TAK-901,0.009108664339056757,-0.01715529389215783
BT-474,Everolimus,Regorafenib,0.2159304044838119,0.4941258364072987
BT-474,Ipatasertib,SBI-0640756,-0.02121492956159092,0.1584265573566979
BT-474,Paclitaxel,Sonidegib,0.0015251610211401284,0.1577932126541718
BT-474,Erdafitinib ,Tucatinib,0.33487858192578457,0.4411687871758389
BT-474,9-ING-41,Alpelisib,0.4155407126114124,0.47627252520596386
BT-474,Minodronic acid,TAK-733,0.42641368930100443,0.41963361134490007
BT-474,LY2090314,RMC-6236,0.19844169306161002,0.312872636937952
BT-474,BI-78D3,Torkinib,0.40618598525652505,0.4013049539131312
BT-474,4EGI-1,Ixazomib,0.20073504586282162,0.3908872024842317
BT-474,Afatinib,Encorafenib,0.7218160860667775,0.7326082862122838
BT-474,4EGI-1,Dabrafenib,0.4418914872707089,0.3951401375977307
BT-474,Abemaciclib,Tucatinib,-0.19974937376872282,-0.09552645745143991
BT-474,MK-8353,Tomivosertib,-0.03962766305596169,0.24294214496554647
BT-474,Capmatinib,Dabrafenib,0.27361313990076525,0.444838500268283
BT-474,ETC-206,Sapanisertib,0.4293740704166659,0.39802168177083364
BT-474,Hydroxyfasudil,Irinotecan,0.41101228838784143,0.44934070345594596
BT-474,Belzutifan,MK-8353,0.5092468143456524,0.43049886916097346
BT-474,9-ING-41,MK-3903,0.6780252051133402,0.5542553374049938
BT-474,Oxaliplatin,olaparib,0.511566814689851,0.4728625731504863
BT-474,Elimusertib hydrochloride,HI-TOPK-032,0.33222585585937714,0.34375926050730576
BT-474,Temuterkib,Tomivosertib,0.13293207940291046,0.17275214534526478
BT-474,Ixazomib,Minodronic acid,0.2422951111949241,0.3631716085760445
BT-474,LB-100,Ralimetinib dimesylate,0.28064880887079524,0.3196754270217106
BT-474,Anastrozole,Celecoxib,0.6464207115063663,0.5779628776876725
BT-474,AZD2858,TAK-733,0.4125433280190495,0.2589771529346145
BT-474,Brivudine,HI-TOPK-032,0.58270898951411,0.6331075054493629
BT-474,BI-78D3,Irinotecan,0.5719086975090689,0.5821570337945242
BT-474,Pemigatinib,ULK-101,0.47929347473897466,0.431766658838954
BT-474,LJI308,Tomivosertib,0.540749225806881,0.46638916485802895
BT-474,AT7519,Tomivosertib,0.1500789778518216,0.42797183572470543
BT-474,Ixazomib,Methylprednisolone succinate,0.27622892624380374,0.2738214698810176
BT-474,AZD1390,Temuterkib,0.5016187049334732,0.46160103175183753
BT-474,AZD1390,LY2090314,0.5572736782043823,0.5379344980481823
BT-474,IQ 1,vincristine,-0.028193499624283937,-0.02586424450489206
BT-474,Dabrafenib,Ipatasertib,0.5231005730965235,0.5792519565051246
BT-474,AZD-8055,Tomivosertib,0.1821286810069074,0.3249545378227645
BT-474,Torkinib,Tubulin inhibitor 6,0.5358993029103236,0.4422583982998152
BT-474,Capmatinib,LY2090314,0.16242108261569801,0.3324544847241502
BT-474,TAK-901,ULK-101,-0.024672217585362886,-0.015384192126561483
BT-474,BI-3406,Tucatinib,0.7580073752913612,0.6660827249970901
BT-474,AZD2858,Adagrasib,0.49408577097529893,0.45222599679192377
BT-474,AZD-8055,Pimitespib,0.04307173408292211,0.03547218507556811
BT-474,Adagrasib,Minodronic acid,0.6093047206897687,0.6631072167553345
BT-474,Hydroxyfasudil,IQ 1,0.376578812182198,0.22324130421301341
BT-474,ULK-101,Volasertib,0.42423265811800626,0.35384785902428256
BT-474,LJI308,LY-2584702 (tosylate salt),0.5017874696026071,0.49471175030177783
BT-474,Celecoxib,Paclitaxel,0.15741226922867074,0.244111274469694
BT-474,Encorafenib,Pralsetinib,0.18440293006006592,0.14169426323492246
BT-474,Belzutifan,Oxaliplatin,0.43040292088476845,0.3058021168540391
BT-474,Vemurafenib,palbociclib,0.7705427629129591,0.6411099416157678
BT-474,Capivasertib,Gemcitabine,0.6300779663198515,0.5031914966662082
BT-474,Pemigatinib,Trametinib,0.11967073187653522,0.13515874148267817
BT-474,Belumosudil (mesylate),SBI-0640756,0.5007671939956636,0.41389795459103357
BT-474,Anastrozole,Hydroxyfasudil,0.6242272366375129,0.5598789872755482
BT-474,ERK5-IN-2,TAK-733,0.08073501339250766,0.09308141064404497
BT-474,Futibatinib,Lapatinib ditosylate,0.1733542948477984,0.3260773340818373
BT-474,4EGI-1,MK-8353,0.560381049978863,0.46842999771116034
BT-474,NVP-BHG712,Vemurafenib,0.7230302904146977,0.7184006868679833
BT-474,Futibatinib,venetoclax,0.07274010343540577,0.05289458956408041
BT-474,Gemcitabine,Regorafenib,0.10767373899627472,0.41624831424336306
BT-474,Ralimetinib dimesylate,SBI-0640756,0.23883286451803476,0.3431069332169181
BT-474,Elimusertib hydrochloride,LJI308,0.2879421697123741,0.3103631926983177
BT-474,RMC-6236,TAK-901,0.06079629745877417,0.10761776765564465
BT-474,BI-3406,Bimiralisib,0.7934348316434267,0.7817366463632915
BT-474,BI-78D3,Erdafitinib ,0.7799662854096052,0.7076193358651578
BT-474,BI-3406,NG25,0.5599306512198957,0.620052836543855
BT-474,Irinotecan,Oxaliplatin,0.49956686622394564,0.5139771303781058
BT-474,Capmatinib,Oleic acid,0.059328990498421746,0.1690308725332231
BT-474,AZD-7648,Ralimetinib dimesylate,0.42423880425676175,0.4686760847009689
BT-474,SBI-0640756,Tomivosertib,0.3239549454392184,0.3408770910609281
BT-474,9-ING-41,SBI-0640756,0.09461272834163327,0.19359778054061097
BT-474,Ralimetinib dimesylate,c-Kit-IN-1,0.16275056662007265,0.18380131278813588
BT-474,Capivasertib,Minodronic acid,0.6130383099202548,0.5476916941363021
BT-474,CP21R7,XRK3F2,0.5500797971137124,0.5607613172666954
BT-474,DTP3,XRK3F2,0.28758075870963273,0.196000347371992
BT-474,TAK-901,venetoclax,0.15303488400191392,0.10001851752736945
BT-474,Volasertib,c-Kit-IN-1,0.2076647825405758,0.11377902429087759
BT-474,BI-3406,Minodronic acid,0.03387690557815418,0.2377554005536678
BT-474,AZD2858,Elimusertib hydrochloride,0.24661301939381683,0.2920519897241399
BT-474,CP21R7,Encorafenib,0.3830822811589733,0.421905546476825
BT-474,Anastrozole,ETC-206,0.7299178999417055,0.6620410377655446
BT-474,LJI308,RMC-6236,0.09732220064351968,0.2673959954393971
BT-474,Elimusertib hydrochloride,TAK-733,0.502712471315419,0.4468238956562371
BT-474,CP21R7,Infigratinib,0.15920263868314385,0.37777899727932424
BT-474,MK-8353,Vemurafenib,0.26833979262472096,0.32102698563825255
BT-474,Elimusertib hydrochloride,Pralsetinib,0.38453365342028484,0.35241937356948005
BT-474,LB-100,Pimitespib,0.47285125250589766,0.35943904108202474
BT-474,LB-100,Oleic acid,0.5055637351968416,0.4064394107705642
BT-474,Gemcitabine,Sonidegib,0.4651275002229039,0.39931052912005155
BT-474,HI-TOPK-032,PF-06260933,0.256418378609145,0.3038405013138066
BT-474,ULK-101,c-Kit-IN-1,0.20572326186102124,0.166935721608947
BT-474,Anastrozole,LY2090314,0.5426231299978995,0.48446138090034174
BT-474,ERK5-IN-2,PF-06260933,-0.032196470822806425,-0.09107616834717634
BT-474,Everolimus,XRK3F2,0.2704650424786353,0.3636117440822368
BT-474,IQ 1,Minodronic acid,0.19018348580737532,0.09748676518102722
BT-474,Afatinib,Pemigatinib,0.14371877495371407,0.17017453175296776
BT-474,Futibatinib,Oleic acid,0.416092692174626,0.4014367994865686
BT-474,Tubulin inhibitor 6,palbociclib,0.42750360048524033,0.4977736418859161
BT-474,Elimusertib hydrochloride,Futibatinib,0.1286969991126336,0.19277473543739226
BT-474,AZD1390,BI-78D3,0.45920875249489423,0.45852649250690647
BT-474,AT7519,NG25,-0.1763143554607783,0.13863328848359407
BT-474,ETC-206,Tubulin inhibitor 6,0.6079498489905916,0.531821046220702
BT-474,BI-3406,ETC-206,0.3157922935715974,0.4592276423556966
BT-474,RMC-6236,palbociclib,0.5905345618502111,0.5674917948725745
BT-474,ETC-206,HI-TOPK-032,0.3109981499587824,0.4207988823104796
BT-474,Gemcitabine,PH-797804,0.0016582313342222953,0.14537633666250308
BT-474,ML264,Sonidegib,0.3640812565440508,0.2891777990803537
BT-474,Gemcitabine,ML264,0.37496922283638845,0.3063386728052584
BT-474,Gemcitabine,Hydroxyfasudil,0.5369061539459367,0.494896106732597
BT-474,Alpelisib,venetoclax,0.47727310866143363,0.40658600222883284
BT-474,Belumosudil (mesylate),Ixazomib,0.4733560081528019,0.4278358878144136
C-33 A,IQ 1,TAK-901,0.0589157176062347,0.03721806299676246
C-33 A,Tomivosertib,palbociclib,-0.12408981681349943,-0.12358824933845632
C-33 A,Abemaciclib,RMC-6236,-0.39136449592934214,-0.3682445340549281
C-33 A,Belzutifan,Temuterkib,0.38245673428422694,0.4423702662301604
C-33 A,DT-061,Futibatinib,0.533677234498302,0.45109069886637904
C-33 A,SBI-0640756,ULK-101,0.3470069245393399,0.3453202336743129
C-33 A,BAY1125976,RMC-6236,0.5799706578070697,0.46107117543534776
C-33 A,9-ING-41,AZD1390,-0.046800281641748494,0.1793824801422188
C-33 A,TAK-901,Tomivosertib,0.29015681527556125,0.47052582221102957
C-33 A,Capmatinib,ULK-101,0.4273954305048315,0.3254386945866543
C-33 A,MK-3903,olaparib,0.5917607468237124,0.41070517579170673
C-33 A,TAK-733,XRK3F2,0.18257289880816296,0.20195893854494204
C-33 A,LJI308,palbociclib,-0.006767189621940416,0.1002225752739945
C-33 A,Paclitaxel,Ralimetinib dimesylate,0.792404632896758,0.7369110810911749
C-33 A,Celecoxib,Lonafarnib,-0.023697426747762543,0.03666046627629965
C-33 A,ERK5-IN-2,Lapatinib ditosylate,0.5058165930481866,0.4625210983725228
C-33 A,4EGI-1,LJI308,0.3406274921257278,0.46569680290548504
C-33 A,AZD-8055,Paclitaxel,0.7682995482959307,0.689401935285458
C-33 A,Paclitaxel,olaparib,0.24374077506935207,0.20201241546645995
C-33 A,BI-78D3,TAK-901,-0.04937586413620062,0.12713152444969275
C-33 A,BAY1125976,Celecoxib,0.3050807974311048,0.40057681551749413
C-33 A,Pralsetinib,Tubulin inhibitor 6,0.17009284299274505,0.17982180770509473
C-33 A,AZD1390,LY2090314,-0.14278996428947152,-0.0636048693605194
C-33 A,AT7519,LB-100,0.5949974208372412,0.5689560614295703
C-33 A,ML264,NVP-BHG712,0.7072076596029905,0.5830356351336341
C-33 A,AZD-8055,BI-3406,0.8294852833910339,0.74889388340806
C-33 A,LJI308,Pralsetinib,0.5403614551074405,0.47875627151517325
C-33 A,Pralsetinib,Ralimetinib dimesylate,-0.23764763537326136,-0.12714464255293742
C-33 A,Belumosudil (mesylate),Minodronic acid,0.4030330327221747,0.47618305661406213
C-33 A,BI-78D3,Capmatinib,0.5971018169443933,0.5152447349825398
C-33 A,MK-3903,Regorafenib,0.6257824115842887,0.5511633271393123
C-33 A,4EGI-1,Afatinib,0.16536794464851778,0.08194547981416257
C-33 A,LB-100,Lapatinib ditosylate,0.37197988588139785,0.3316183931892009
C-33 A,Gemcitabine,Ralimetinib dimesylate,0.2620531870862154,0.3862208908854473
C-33 A,IQ 1,SBI-0640756,0.25628750731784633,0.15518548780408045
C-33 A,Bortezomib,ML264,-0.31814653231641465,-0.3067933609621588
C-33 A,SBI-0640756,Sapanisertib,-0.28038520510518844,-0.3573036741616772
C-33 A,Lonafarnib,Vemurafenib,-0.23971542261287634,-0.16196858089294253
C-33 A,Gemcitabine,XRK3F2,-0.049380451118755705,0.04886142886456028
C-33 A,AZD-8055,c-Kit-IN-1,-0.4432019429703492,-0.3450474611143892
C-33 A,LB-100,vincristine,0.28782296297912024,0.3717285588660615
C-33 A,Belumosudil (mesylate),Torkinib,0.18788140626004018,0.22035281222508896
C-33 A,Belzutifan,ULK-101,0.38337227705075244,0.3056712275610545
C-33 A,Dabrafenib,Paclitaxel,0.8157584012672756,0.7465404106665389
C-33 A,Everolimus,Pralsetinib,0.48408660882506077,0.4831874577642825
C-33 A,APTO-253,Ixazomib,0.5610977759814679,0.5132153389831581
C-33 A,Lonafarnib,TAK-733,0.035652600657927844,0.05035585830179482
C-33 A,AZD-7648,BI-78D3,0.645345592582047,0.5500703290060572
C-33 A,BI-78D3,Ralimetinib dimesylate,0.7873845360889506,0.7197983828932605
C-33 A,Belzutifan,Lonafarnib,-0.04342817520076553,-0.10633975090028418
C-33 A,Everolimus,Hydroxyfasudil,0.4914539274329871,0.44867556293878036
C-33 A,ERK5-IN-2,NG25,0.3510781282438974,0.5020678478255851
C-33 A,GSK1059615,Regorafenib,-0.10870985177052046,-0.005180173785742083
C-33 A,Ixazomib,venetoclax,-0.006403452517852067,0.05867668748366924
C-33 A,PH-797804,TAK-901,0.9140318449474688,0.8873236668911216
C-33 A,Methylprednisolone succinate,Tomivosertib,0.46446214583860845,0.5435933458525902
C-33 A,AZD-7648,IQ 1,0.4287229682123429,0.428245002676453
C-33 A,Encorafenib,SBI-0640756,-0.14888787918586674,-0.2027315936693724
C-33 A,RMC-6236,Tubulin inhibitor 6,0.4328114022392972,0.3783068195032658
C-33 A,Dabrafenib,Methylprednisolone succinate,0.05829731543277213,0.11928036831586718
C-33 A,AZD2858,Abemaciclib,0.21814257211600896,0.3460598362829337
C-33 A,Encorafenib,GSK1059615,-0.397520977015468,-0.26894074078995417
C-33 A,AZD-8055,ETC-206,0.5584973823877801,0.5199431080205164
C-33 A,BI-3406,Temuterkib,0.7338057613573499,0.636034530166591
C-33 A,MK-3903,c-Kit-IN-1,0.1204186224198331,0.08296735484106726
C-33 A,Capmatinib,Hydroxyfasudil,0.5044579200694017,0.442318460987083
C-33 A,AZD-7648,TAK-901,-0.16729846896025855,-0.15484416175113597
C-33 A,BI-3406,Irinotecan,0.06871041476294375,0.17424507041448833
C-33 A,Binimetinib,Vemurafenib,0.7177406099850455,0.5580495162136447
C-33 A,TAK-901,palbociclib,-0.1585782309356461,-0.12053010005143197
C-33 A,Oxaliplatin,palbociclib,0.4350108357628175,0.36410935201724154
C-33 A,Tucatinib,c-Kit-IN-1,-0.10682646012188247,0.04853258183234592
C-33 A,PF-06260933,Volasertib,0.19017741776244063,0.1284034904018463
C-33 A,HI-TOPK-032,LJI308,0.5498236519275297,0.5124841516146598
C-33 A,9-ING-41,DTP3,0.5035458893635286,0.4981221020703329
C-33 A,Belumosudil (mesylate),Binimetinib,0.3425886668894199,0.2745246101116031
C-33 A,RMC-6236,Ralimetinib dimesylate,0.6597903187346491,0.5426583096794274
C-33 A,Lonafarnib,RMC-6236,-0.24841346136563291,-0.23101946718177893
C-33 A,Abemaciclib,Temuterkib,-0.2642693661797133,-0.2057918582315816
C-33 A,Erdafitinib ,Pemigatinib,0.5284935760844711,0.4880623570617506
C-33 A,Infigratinib,Temuterkib,0.3110127193503737,0.3160452956790264
C-33 A,Pimitespib,palbociclib,0.2937961110098328,0.2077079737103244
C-33 A,IQ 1,Ipatasertib,0.4796251609418141,0.5234231420711308
C-33 A,APTO-253,BI-3406,0.5792333439432341,0.423041685940702
C-33 A,ETC-206,Gemcitabine,0.31052993157406855,0.32265576567005505
C-33 A,4EGI-1,Oxaliplatin,0.5543425445759227,0.5015609996237855
C-33 A,Bimiralisib,Oxaliplatin,0.0999573445702875,0.02825183065575721
C-33 A,Abemaciclib,Infigratinib,0.18818539518418093,0.2836498941197188
C-33 A,Infigratinib,Oleic acid,0.41055847737239776,0.37505039547049807
C-33 A,Oleic acid,SBI-0640756,0.5149121244334794,0.45006416408042277
C-33 A,LY2090314,TAK-733,0.2727425166325087,0.3103127509212411
C-33 A,LY2090314,venetoclax,-0.1626932713642544,0.03264751244264966
C-33 A,AT7519,Torkinib,0.2639060581272353,0.2964555991170945
C-33 A,AZD2858,LJI308,0.44600331118526315,0.5428959881303334
C-33 A,MK-8353,Ralimetinib dimesylate,0.6731499845724442,0.6398547262713703
C-33 A,Dabrafenib,Minodronic acid,0.06417239213575085,0.17248431875537862
C-33 A,Belumosudil (mesylate),vincristine,0.07011085361806327,0.23728125872680278
C-33 A,ETC-206,PH-797804,-0.07761285722435353,-0.07460728310743445
C-33 A,Capmatinib,Regorafenib,0.7352237586245907,0.6310069407011741
C-33 A,Lapatinib ditosylate,TAK-901,-0.21397699983951227,-0.1479207795543003
C-33 A,ERK5-IN-2,Hydroxyfasudil,0.3942114396621504,0.457965780990726
C-33 A,Pimitespib,RMC-6236,-0.008204031958397636,-0.11481483969237907
C-33 A,Oleic acid,Trametinib,0.09108788033941763,0.12732352298963961
C-33 A,Erdafitinib ,Oleic acid,0.31124569407602765,0.31964135364221785
C-33 A,ML264,vincristine,-0.1912809969821134,-0.11202016292211354
C-33 A,HI-TOPK-032,Torkinib,0.36047191264666256,0.24528135660731065
C-33 A,APTO-253,Elimusertib hydrochloride,0.207183274140807,0.1593987930492963
C-33 A,PH-797804,TAK-733,0.04202905066213474,0.0065431029013333294
C-33 A,Alpelisib,Infigratinib,-0.1530354522062304,-0.1564101574593404
C-33 A,Methylprednisolone succinate,Oxaliplatin,0.5380561905128055,0.5682474129563192
C-33 A,MK-3903,Tubulin inhibitor 6,0.4587787909882386,0.39831860786900436
C-33 A,Abemaciclib,c-Kit-IN-1,0.8797815976309528,0.8669248642570336
C-33 A,Trametinib,XRK3F2,0.9131120747876278,0.8626941240258613
C-33 A,Binimetinib,Dabrafenib,0.4629629327181485,0.30133376691348657
C-33 A,Sapanisertib,ULK-101,0.15368605537090818,0.07339065709397856
C-33 A,HI-TOPK-032,Tubulin inhibitor 6,0.20353351156763325,0.2614680813866313
C-33 A,Brivudine,Oleic acid,0.2665293342813061,0.32155817382282303
C-33 A,LY2090314,Lonafarnib,-0.2770256086434056,-0.1931926813211031
C-33 A,Adagrasib,LY2090314,-0.27502395192888524,-0.1276629843031876
C-33 A,EX229,RMC-6236,0.0483054714725633,0.3778777238443227
C-33 A,Tomivosertib,Volasertib,0.3651413467958082,0.2990299014592341
C-33 A,Regorafenib,Trametinib,0.6684408472708029,0.5389279000219767
C-33 A,AZD-8055,Capivasertib,0.15115311740769727,0.16216564640315792
C-33 A,Paclitaxel,Trametinib,0.7825319690044913,0.7336799333694579
C-33 A,Celecoxib,Regorafenib,0.5952876794698878,0.4921845151021257
C-33 A,9-ING-41,LY2090314,0.8369515862839447,0.7238351908941855
C-33 A,BAY1125976,Elimusertib hydrochloride,-0.013575609378080854,-0.03829553341279489
C-33 A,AZD2858,BI-3406,0.2533861563385217,0.1296086111121468
C-33 A,Futibatinib,TAK-901,-0.1001946499395979,0.03363249642891855
C-33 A,9-ING-41,TAK-901,-0.16911479996364215,0.03780098151639448
C-33 A,APTO-253,Temuterkib,0.7383504040509961,0.65751701626766
C-33 A,MK-3903,Tucatinib,0.5869320582641427,0.58926973158072
C-33 A,Bortezomib,Capmatinib,-0.2287860276534849,-0.218815912248395
C-33 A,LB-100,olaparib,0.5953940586696778,0.608628370253576
C-33 A,Temuterkib,venetoclax,-0.13788536860904305,-0.03292655741781757
C-33 A,Encorafenib,ULK-101,0.19638085327460586,0.125944147498933
C-33 A,olaparib,palbociclib,0.4635944777001998,0.2775061053296425
C-33 A,Anastrozole,TAK-901,0.2602477856250281,0.2975206671815624
C-33 A,HI-TOPK-032,Tucatinib,0.08470600630554913,0.2586215307850183
C-33 A,AT7519,Gemcitabine,0.547909317686426,0.5139073369604281
C-33 A,PH-797804,Tomivosertib,0.3346280886500804,0.5845402841371582
C-33 A,AZD2858,NG25,0.22851115150100743,0.25702754421484225
C-33 A,Lapatinib ditosylate,Pralsetinib,-0.184276505292701,-0.16791932096840026
C-33 A,Belzutifan,Tomivosertib,0.09168948825905149,-0.05362437211856297
C-33 A,Bimiralisib,Ipatasertib,0.8228659974237694,0.6753776849695108
C-33 A,Capmatinib,GSK1059615,-0.1700897680058491,-0.12057660103409754
C-33 A,Torkinib,Vemurafenib,-0.057032332582588496,0.07710951578821791
C-33 A,Anastrozole,Tomivosertib,0.5382760158329343,0.5694210678554708
C-33 A,ERK5-IN-2,SBI-0640756,0.23742137238894642,0.30984946890519044
C-33 A,Gemcitabine,Pemigatinib,0.36289221237911923,0.40452687462189124
C-33 A,Everolimus,Temuterkib,0.33052671020353874,0.32111412556861396
C-33 A,Afatinib,Methylprednisolone succinate,0.05762288708379988,0.028102166260981172
C-33 A,Capivasertib,Erdafitinib ,0.3815106696856873,0.38166933710706674
C-33 A,AZD2858,BI-78D3,0.4422253589460516,0.42831243100116756
C-33 A,Abemaciclib,ULK-101,0.15430051973269807,0.2267096404286734
C-33 A,Tucatinib,Vemurafenib,0.7340837825421674,0.6781985553345469
C-33 A,GSK1059615,Trametinib,-0.33434024686103697,-0.210970283267121
C-33 A,Afatinib,Lonafarnib,-0.32687890938786446,-0.30214561564159925
C-33 A,Anastrozole,Celecoxib,0.6031211902124992,0.5386488532932168
C-33 A,AT7519,ML264,0.22270810312040468,0.27032249480046455
C-33 A,Belzutifan,Oxaliplatin,0.42610029830318646,0.2540511707128368
C-33 A,Futibatinib,Temuterkib,0.5820185643977008,0.5113139817171755
C-33 A,4EGI-1,Bimiralisib,0.16960241557488634,0.01878455010024127
C-33 A,BI-78D3,Elimusertib hydrochloride,0.3517354234586146,0.3647870005644834
C-33 A,AZD1390,MK-8353,-0.014286732401647122,0.009062622843861234
C-33 A,Binimetinib,SBI-0640756,0.08433343871331941,0.13418851297710443
C-33 A,LY2090314,NG25,0.29732688051358586,0.31815151338255976
C-33 A,Gemcitabine,TAK-901,0.4111356670344781,0.410915689240685
C-33 A,Bortezomib,Celecoxib,-0.043018087479157585,0.01646558569397768
C-33 A,Lapatinib ditosylate,Regorafenib,0.7391303415824494,0.6699597138192389
C-33 A,Dabrafenib,Tubulin inhibitor 6,0.34330458586373064,0.3322409175944463
C-33 A,Bentamapimod,TAK-901,-0.2126811273892213,-0.23926946136377097
C-33 A,Paclitaxel,Vemurafenib,0.8305988753580745,0.772338681807427
C-33 A,Abemaciclib,Tomivosertib,0.5739550881778781,0.6953042553584425
C-33 A,Erdafitinib ,Infigratinib,0.24905385400202298,0.24518914712237683
C-33 A,Belumosudil (mesylate),Capivasertib,0.23111272747015218,0.30998218250851917
C-33 A,BAY1125976,Methylprednisolone succinate,0.02732226977695964,0.1087247800968304
C-33 A,Bimiralisib,Lonafarnib,-0.2782100458105718,-0.25340331954516454
C-33 A,DT-061,Oxaliplatin,0.4392314359069271,0.3137778296000759
C-33 A,Anastrozole,Ralimetinib dimesylate,0.45064136600701704,0.5492802910408637
C-33 A,Abemaciclib,DT-061,0.010552934666581963,-0.05868679674970347
C-33 A,Bortezomib,PF-06260933,0.5257024896105723,0.5838874342636752
C-33 A,BI-78D3,PF-06260933,-0.14334122455699644,0.037395133234916805
C-33 A,Methylprednisolone succinate,palbociclib,0.2725512646254653,0.24354013265393926
C-33 A,BI-78D3,Hydroxyfasudil,0.5456278641534494,0.5552463866372886
C-33 A,4EGI-1,LY2090314,0.33046189509097545,0.24918715041464992
C-33 A,LJI308,TAK-901,0.44146351324369304,0.4253061680737698
C-33 A,GSK1059615,MK-8353,-0.22922243898787723,-0.12516265664596318
C-33 A,MK-3903,Volasertib,0.47585878259080144,0.43406581445691533
C-33 A,AZD1390,Ixazomib,-0.1010034469251892,-0.01904115712364722
C-33 A,TAK-733,Vemurafenib,0.28746298624758915,0.3442088146946657
C-33 A,Irinotecan,c-Kit-IN-1,0.5979007418278263,0.6031495369042018
C-33 A,PH-797804,ULK-101,0.13484688773343448,0.2167518322009282
C-33 A,DT-061,NG25,0.39692017611617275,0.2766979555577604
C-33 A,SBI-0640756,XRK3F2,-0.21661906221428,-0.27243480111427865
C-33 A,Paclitaxel,XRK3F2,0.8292741840505851,0.767709742786654
C-33 A,Temuterkib,XRK3F2,0.7821586787822606,0.7419653810190967
C-33 A,AZD-7648,Ixazomib,0.7102766316236472,0.6434589998608401
C-33 A,AZD1390,Infigratinib,0.43873964134922144,0.466866222338547
C-33 A,CP21R7,RMC-6236,0.5671991353721111,0.5078555513689998
C32,venetoclax,vincristine,0.29588925186345194,0.2778548976854082
C32,Everolimus,Tomivosertib,0.3875809398486701,0.45931782865999016
C32,Minodronic acid,Torkinib,0.4874212889214229,0.39783140659273497
C32,Lapatinib ditosylate,Tomivosertib,-0.18434595177950786,-0.09686743119609885
C32,Afatinib,Oxaliplatin,-0.08856243399443145,-0.026827039998733915
C32,AZD-7648,Infigratinib,-0.0015447053838500285,0.08467890776251386
C32,Alpelisib,Celecoxib,0.692609431229841,0.5743921463348435
C32,Minodronic acid,Pimitespib,0.5805691661313693,0.44236433312092693
C32,Dabrafenib,vincristine,-0.05468532589447305,0.025810773448694733
C32,BI-78D3,DTP3,0.1475406033257639,0.23316829579499937
C32,Anastrozole,GSK1059615,0.22946647359259664,0.2356991197038446
C32,Vemurafenib,olaparib,0.11929284379222911,0.3005583477836441
C32,AZD1390,ML264,0.24394726139962092,0.3051275392628523
C32,TAK-901,XRK3F2,-0.16235344415032127,-0.15179840050407323
C32,Tomivosertib,Vemurafenib,0.2889464827038589,0.4546506923101218
C32,Irinotecan,OTS514,0.1458597708231096,-0.08500501701002755
C32,LB-100,LJI308,0.45047591328508574,0.3483929728472357
C32,AZD-7648,Erdafitinib ,0.1080982880495692,0.16823260865572884
C32,Bentamapimod,Ralimetinib dimesylate,0.8540047410775903,0.8322786487730522
C32,IQ 1,Oxaliplatin,0.1507300660561068,0.25675701623759856
C32,ERK5-IN-2,NVP-BHG712,0.5007771577003155,0.4447628813911272
C32,Afatinib,vincristine,-0.1297344829032597,-0.037677922423415534
C32,NVP-BHG712,Vemurafenib,0.30286270732961185,0.3842520130481757
C32,CP21R7,Futibatinib,0.6109240257445304,0.5495089668206374
C32,AZD-8055,Bimiralisib,0.6280649486965474,0.5204583711720028
C32,CP21R7,ETC-206,0.7865453931374632,0.6523469836959543
C32,RMC-6236,Regorafenib,0.5843168554156942,0.5646797239946161
C32,ULK-101,Vemurafenib,0.29461833828032963,0.4128848783683816
C32,Belzutifan,MK-8353,0.4652724599167557,0.36398295692683236
C32,Sapanisertib,XRK3F2,0.8117692764915903,0.8357621863518339
C32,AZD-7648,TAK-733,0.5761883621497659,0.5155724993031041
C32,Oxaliplatin,Torkinib,0.6737713801049827,0.5288679548392615
C32,NVP-BHG712,palbociclib,0.3519771295429823,0.3543803056395358
C32,CP21R7,PF-06260933,0.18435171849794235,-0.03531114464188485
C32,Tucatinib,ULK-101,0.6012434647593101,0.4708530341132696
C32,9-ING-41,Vemurafenib,0.38885883078090555,0.4178031703362488
C32,Bimiralisib,DT-061,0.5673121748575775,0.4770122341628342
C32,Oleic acid,c-Kit-IN-1,0.14818133078238338,0.11948356502831389
C32,Paclitaxel,Vemurafenib,0.8962250124799432,0.8300760051312914
C32,4EGI-1,ETC-206,0.594483499308533,0.49845533778282985
C32,ERK5-IN-2,palbociclib,0.07544798343031245,0.023698752262142672
C32,HI-TOPK-032,Vemurafenib,0.25416714755389874,0.35330924646722617
C32,Encorafenib,Tucatinib,0.21917335535946086,0.3286153515207847
C32,Dabrafenib,Temuterkib,0.03403435511713728,0.0858094352387736
C32,BAY1125976,Capivasertib,0.041426094170394084,0.1307746056573981
C32,DT-061,RMC-6236,0.5408295412403282,0.4436399945103344
C32,Afatinib,Futibatinib,-0.038877438332201565,-0.047012273755732394
C32,DTP3,Temuterkib,0.1183649299438525,0.249116897735911
C32,Afatinib,Belumosudil (mesylate),-0.2588762069978708,-0.2674921277853638
C32,Celecoxib,NVP-BHG712,0.5417119673092263,0.47452579994640576
C32,9-ING-41,SBI-0640756,0.08919960679443126,0.13283225057650622
C32,Adagrasib,Ralimetinib dimesylate,-0.16296556494270784,0.010334972195899954
C32,PF-06260933,Sapanisertib,-0.11960508156852609,7.590055168168238e-05
C32,RMC-6236,c-Kit-IN-1,0.07141041563450155,0.2695505847616873
C32,Regorafenib,vincristine,0.21202833223635384,0.33353435672858767
C32,TAK-733,venetoclax,0.7936346764611688,0.7198245812018828
C32,AZD-7648,ULK-101,0.3743819550977818,0.38029099358548996
C32,Volasertib,venetoclax,0.5937810343167716,0.604907961927005
C32,4EGI-1,DT-061,0.39969892420375486,0.3214149079503449
C32,Sapanisertib,ULK-101,0.44967412796307416,0.42269652367209504
C32,APTO-253,Capmatinib,0.16133527805371106,0.239820892185852
C32,Dabrafenib,TAK-901,-0.09053686506334854,-0.050579523721076824
C32,Belzutifan,Celecoxib,0.6001870366431962,0.49763881900011575
C32,DT-061,Dabrafenib,0.5647575599378377,0.46777395005046596
C32,Brivudine,TAK-733,0.5601987172105609,0.5466430197032476
C32,BI-78D3,Lapatinib ditosylate,0.5646136236272007,0.5185390052988653
C32,AT7519,Ralimetinib dimesylate,0.40031750961831253,0.4802308528893207
C32,PF-06260933,Tubulin inhibitor 6,0.26919244581468843,0.15903839211976986
C32,Infigratinib,XRK3F2,0.3365750596092288,0.39900391170823585
C32,Belzutifan,Regorafenib,0.18466085679329347,0.28104708866241246
C32,MK-3903,NG25,0.5405961934718184,0.49469090906997437
C32,Bimiralisib,Gemcitabine,0.3627458091100884,0.35731876859793543
C32,Encorafenib,NVP-BHG712,0.20458009238320946,0.28505029863942943
C32,Brivudine,Sonidegib,0.27382936571687405,0.2756758738508415
C32,RMC-6236,Tomivosertib,0.15864769349440677,0.4212035473523773
C32,Sonidegib,Torkinib,0.5761825180080131,0.4523674911719045
C32,ETC-206,Trametinib,0.11200762351705079,0.13666718838559305
C32,AZD1390,CP21R7,0.4665074432685083,0.29037682502157675
C32,Gemcitabine,NG25,0.24624467911103765,0.27615294233501103
C32,BAY1125976,ML264,0.4151263338083903,0.5153616301739667
C32,Ipatasertib,Ralimetinib dimesylate,0.039806431244475506,0.18562073629212264
C32,Capivasertib,Sapanisertib,0.10944047656217776,0.20194327458637168
C32,Pralsetinib,Torkinib,0.5015455681048424,0.5609611581239147
C32,Alpelisib,c-Kit-IN-1,-0.21425218062392204,-0.13456025234906235
C32,Bimiralisib,PH-797804,0.17785892560559333,0.10650749071824434
C32,Ixazomib,Tubulin inhibitor 6,0.2518511899578241,0.32393533607826797
C32,Regorafenib,TAK-901,0.03878294417280564,-0.009595618932283438
C32,BI-78D3,IQ 1,-0.03618269634681094,0.17584810389570862
C32,AZD1390,palbociclib,0.17514830900636896,0.11689230930204762
C32,APTO-253,AZD1390,0.4890987886318651,0.3395041806973848
C32,Encorafenib,PF-06260933,-0.3103067354445037,0.02435295626826503
C32,Pralsetinib,olaparib,0.5767799280924941,0.5805377675552013
C32,Capivasertib,Methylprednisolone succinate,0.5261399328512699,0.4559525329050732
C32,AT7519,Paclitaxel,0.10457141072586738,0.30068982954134194
C32,Celecoxib,Oleic acid,0.6203938282285898,0.5400271871879876
C32,Ixazomib,MK-3903,0.10429292941161461,0.11804483669810792
C32,Gemcitabine,RMC-6236,0.2139100168986931,0.3182981792679712
C32,Binimetinib,Infigratinib,0.013981446434433562,0.14072941963137986
C32,Everolimus,Regorafenib,0.693676408657972,0.672005600082699
C32,Futibatinib,PF-06260933,0.1208731466841895,-0.16527999191410142
C32,BI-78D3,Dabrafenib,0.2585028362819714,0.2990075418649251
C32,Anastrozole,NVP-BHG712,0.4157350864235202,0.38607727424255434
C32,4EGI-1,Erdafitinib ,0.4610308085358782,0.5394135964380421
C32,Ixazomib,Minodronic acid,0.2247961936515494,0.27365894354215436
C32,Belumosudil (mesylate),Regorafenib,0.07462175143420433,0.16989949193554987
C32,DT-061,Erdafitinib ,0.26692682007281826,0.18011285454889103
C32,CP21R7,Tomivosertib,-0.04219748695346417,-0.07302944934421506
C32,APTO-253,Oxaliplatin,0.6050731187172146,0.6328674662835118
C32,Ralimetinib dimesylate,Volasertib,-0.0979806785314761,0.052691048309680785
C32,BI-3406,Capmatinib,-0.10620679689414063,0.11403143032052265
C32,IQ 1,NG25,0.5957288606120936,0.4731236660763313
C32,Brivudine,Infigratinib,0.018058136245327767,0.05094739488748683
C32,ETC-206,venetoclax,-0.016346614788872255,0.032407946603818384
C32,BI-78D3,HI-TOPK-032,-0.032021999377911635,0.2043905883037209
C32,9-ING-41,EX229,0.12327306835681223,0.10836619776528936
C32,Brivudine,Paclitaxel,0.4618615884641592,0.5822715178730395
C32,BI-3406,Paclitaxel,0.10790479439893133,0.2616206866192789
C32,AZD-8055,Celecoxib,0.44719560545297354,0.514650177876128
C32,Hydroxyfasudil,XRK3F2,0.395908281010647,0.45308979006782857
C32,CP21R7,Oxaliplatin,0.6766062644183595,0.6764089026308298
C32,APTO-253,olaparib,0.5251380967801317,0.452904033666106
C32,MK-8353,ML264,0.5310061676284807,0.40853562141726874
C32,BAY1125976,OTS514,0.005787023524616507,0.09799029837044877
C32,Oxaliplatin,olaparib,0.6223084751347078,0.4710947420429856
C32,AZD2858,Pimitespib,0.6166283409078344,0.4879570889913156
C32,Abemaciclib,PF-06260933,0.02209649143069535,0.2215287803402591
C32,Adagrasib,Irinotecan,0.4006618156537384,0.3549824689893349
C32,Methylprednisolone succinate,Volasertib,0.3865794798885352,0.34624175250597733
C32,9-ING-41,HI-TOPK-032,0.14513829354584654,0.381483234095233
C32,LJI308,Sapanisertib,0.1276242703177559,0.22893615618355356
C32,Brivudine,Tucatinib,0.5867357200096222,0.6143978475789568
C32,AT7519,NG25,0.11623720904239972,0.18508534575948138
C32,DT-061,HI-TOPK-032,0.37088839846631316,0.4162939655987121
C32,Erdafitinib ,LB-100,0.4319979430244472,0.5025946583859848
C32,Erdafitinib ,Gemcitabine,0.5099412794726924,0.1361384690754701
C32,Bentamapimod,PH-797804,-0.0599787809191577,-0.046377243617732454
C32,Belzutifan,Gemcitabine,0.31822405250569086,-0.08230940194021255
C32,Pemigatinib,Temuterkib,0.5033651647362732,0.5063508622063249
C32,AZD2858,Tubulin inhibitor 6,0.6502205971844252,0.49386865131707414
C32,AZD-8055,Everolimus,0.7646988843065686,0.6685396211009039
C32,Anastrozole,Tomivosertib,0.28345511351947933,0.2580600823054149
C32,Pralsetinib,SBI-0640756,0.11604498330647642,0.16778357603637406
C32,MK-8353,SBI-0640756,0.30361846760443517,0.2234867373839455
C32,AZD2858,Belzutifan,0.26411760297142195,0.11159405362552181
C32,Belumosudil (mesylate),palbociclib,-0.06815090338575416,0.018450878228114687
C32,EX229,Paclitaxel,0.2210093923970097,0.24803523972214908
C32,Oleic acid,Pemigatinib,0.44846866277324327,0.47630100785264057
C32,Pralsetinib,c-Kit-IN-1,0.639854102049455,0.5672043602927305
C32,Abemaciclib,Afatinib,0.16678506984818703,0.2838836585205838
C32,Ipatasertib,LY2090314,-0.13297338925023425,-0.03755677593287057
C32,Irinotecan,vincristine,0.5329134922825041,0.381464003068743
C32,Celecoxib,ETC-206,0.7265239258711335,0.6028767936585588
C32,IQ 1,Ipatasertib,0.30087463359456923,0.2613758205860465
C32,Oxaliplatin,TAK-733,-0.017400848292200698,0.09907256042286475
C32,Regorafenib,Sonidegib,0.25709599029129804,0.29897604215112783
C32,Encorafenib,Oxaliplatin,-0.1397610514112289,-0.05036853595534439
C32,Brivudine,SBI-0640756,0.1377537148154631,0.2222055470780277
C32,ETC-206,Pralsetinib,0.30208554451803815,0.2550025329126325
C32,AZD1390,DTP3,0.5763003774202736,0.3683265475536478
C32,APTO-253,XRK3F2,0.578728398420068,0.5543876306499225
C32,AT7519,Methylprednisolone succinate,0.556994524662274,0.48461469595513823
C32,AZD-7648,Minodronic acid,0.022499533129928223,0.11916664576651342
C32,HI-TOPK-032,Ralimetinib dimesylate,-0.043502881272899425,0.12796679461855176
C32,Lapatinib ditosylate,Torkinib,0.5199826675853512,0.4115831782404408
C32,CP21R7,Irinotecan,0.34563957029307757,-0.07610790675177145
C32,Alpelisib,Dabrafenib,-0.08641847043509811,-0.020813599888446603
C32,Tomivosertib,Volasertib,0.7686217782776332,0.6874606930655041
C32,4EGI-1,BAY1125976,0.3785313695893756,0.31801599661260854
C32,EX229,Trametinib,0.3924370587219582,0.3139901052701755
C32,ML264,Temuterkib,0.7403366794931225,0.7377189731073269
C32,9-ING-41,DTP3,0.4049205589514676,0.4687696988567603
C32,Alpelisib,IQ 1,0.031036655445206424,0.19336042304830178
C32,Everolimus,OTS514,0.2607802202817364,0.2983766639965522
C32,Gemcitabine,ML264,0.3407772526174108,0.1312865675475828
C32,CP21R7,SBI-0640756,0.4607019152996828,0.31308938756315835
C32,AZD2858,Afatinib,0.03581174888327507,0.19524293577236465
C32,Gemcitabine,Ixazomib,0.27333302496625195,0.0667755567278134
C32,9-ING-41,Abemaciclib,0.1097070077406612,0.17116283559122195
C32,ETC-206,Erdafitinib ,0.6599966488918779,0.6132652770719582
C32,BI-78D3,RMC-6236,0.28706687519579316,0.3210663876926136
C32,DT-061,ML264,0.12243942037345666,0.08364008550315177
C32,DT-061,Pemigatinib,0.3598297415293829,0.23574094621281316
C32,Brivudine,Minodronic acid,0.04215951637376923,0.18300993301312632
C32,Bentamapimod,LB-100,0.46879147918298736,0.5119203092828611
C32,Adagrasib,Capmatinib,0.13179542260747681,0.31602935624651257
C32,TAK-733,vincristine,0.26712272426011424,0.3064047178768927
C32,Irinotecan,SBI-0640756,0.2780282354102051,0.2733991126802753
C32,Alpelisib,Bimiralisib,-0.06067632597065993,0.04883097863046389
C32,EX229,IQ 1,0.4264920010231654,0.19631440967183597
C32,BI-3406,Irinotecan,0.19131053703357778,0.09220824271066606
C32,olaparib,vincristine,0.5586948219405342,0.5976918289551567
C32,BI-78D3,c-Kit-IN-1,-0.15699574537176791,0.07773031867950894
C32,Belumosudil (mesylate),Capivasertib,0.5826445413512302,0.45827022876814744
C32,Minodronic acid,RMC-6236,-0.12441736811515183,-0.06870182551863738
C32,DT-061,XRK3F2,0.3574828558639659,0.13722822185021716
C32,Abemaciclib,EX229,0.8712897695934322,0.8226980556344967
C32,Adagrasib,NVP-BHG712,-0.09147487909507274,0.016522782000130024
C32,AZD-8055,TAK-901,0.0026134799502431014,-0.07914195341810484
C32,Encorafenib,LB-100,0.1356121672576416,0.2520917751954165
C32,Infigratinib,PF-06260933,0.31710110023293603,0.07580389887454828
CFPAC-1,APTO-253,AZD-8055,0.02983227792890321,0.16403707755541344
CFPAC-1,Erdafitinib ,Lapatinib ditosylate,0.699377845917459,0.6293239985959479
CFPAC-1,Celecoxib,Oxaliplatin,0.5034297214914826,0.4294191699541272
CFPAC-1,Gemcitabine,Torkinib,0.6961604193859673,0.212427263359653
CFPAC-1,AZD-7648,Elimusertib hydrochloride,0.8793801930767219,0.7169820308718925
CFPAC-1,MK-3903,Pimitespib,0.24283209705331193,0.24477061698465835
CFPAC-1,4EGI-1,Dabrafenib,0.3867703510840101,0.3231070072333617
CFPAC-1,AZD-7648,Torkinib,0.5667431306320839,0.46090172670119783
CFPAC-1,4EGI-1,DT-061,-0.12321618952881065,-0.16579906565564553
CFPAC-1,Belumosudil (mesylate),RMC-6236,-0.18049056597235696,0.013233930774366904
CFPAC-1,Binimetinib,Encorafenib,0.6128831184738526,0.5421557841640056
CFPAC-1,Dabrafenib,Trametinib,-0.021475234618278858,0.13182355423783518
CFPAC-1,BAY1125976,Gemcitabine,-0.08304833639029438,0.14413808651682614
CFPAC-1,Abemaciclib,Gemcitabine,0.09666525995712533,0.36537096892877624
CFPAC-1,Irinotecan,Methylprednisolone succinate,0.47964612700541076,0.23598073883276782
CFPAC-1,DTP3,Dabrafenib,-0.07699112526383743,-0.04454462325300057
CFPAC-1,CP21R7,Pralsetinib,0.27390715225430445,0.026773115783817025
CFPAC-1,Pimitespib,RMC-6236,0.02000740035943479,0.02275506590438852
CFPAC-1,Capmatinib,NVP-BHG712,0.2845415263942893,0.26205996671271914
CFPAC-1,BI-78D3,Bimiralisib,0.2950469062001749,0.4582965270132755
CFPAC-1,Adagrasib,LB-100,0.3188135167716478,0.3659597688668212
CFPAC-1,Dabrafenib,ERK5-IN-2,0.5915838047057542,0.587598399140813
CFPAC-1,Brivudine,Hydroxyfasudil,0.1837002330209399,0.18440995986427305
CFPAC-1,Everolimus,PH-797804,0.322593068074467,0.44953246190910345
CFPAC-1,Everolimus,GSK1059615,0.28919339798740357,0.3762074690554897
CFPAC-1,Brivudine,PF-06260933,-0.1423923867143882,0.13629739692335807
CFPAC-1,Anastrozole,Infigratinib,0.40934549737268,0.47305284355822336
CFPAC-1,Adagrasib,Torkinib,0.2702723290278933,0.37675164127281563
CFPAC-1,Binimetinib,CP21R7,0.37325865882256937,0.3719625811718307
CFPAC-1,Adagrasib,GSK1059615,-0.17707855647423493,0.04725146790118578
CFPAC-1,Dabrafenib,Torkinib,-0.2678070625336036,-0.07096346112976376
CFPAC-1,Elimusertib hydrochloride,Tucatinib,0.12700985146677535,0.2488902630419645
CFPAC-1,ERK5-IN-2,Tubulin inhibitor 6,0.2061122866742642,0.1786525416917628
CFPAC-1,BI-78D3,IQ 1,0.2285956717817525,0.20312070550362912
CFPAC-1,Pimitespib,Ralimetinib dimesylate,0.09032069039081907,0.12188869831588013
CFPAC-1,Futibatinib,Vemurafenib,0.3679684885470468,0.21889955103982295
CFPAC-1,9-ING-41,Sonidegib,0.08377826800425961,0.32971637152932365
CFPAC-1,BI-3406,Paclitaxel,0.80388623889952,0.7494182350920303
CFPAC-1,Pralsetinib,venetoclax,0.6573001919225958,0.6614113921143767
CFPAC-1,Infigratinib,TAK-901,0.08528820596675715,0.1239287289658525
CFPAC-1,Oxaliplatin,Tubulin inhibitor 6,0.4975569079158436,0.4061235677130889
CFPAC-1,Lonafarnib,TAK-901,0.38469141696252973,0.35216304981748425
CFPAC-1,Capivasertib,RMC-6236,0.03763457608733574,0.1442728050607287
CFPAC-1,Sonidegib,Tubulin inhibitor 6,0.5750806035067121,0.48055073271552695
CFPAC-1,Belzutifan,LY2090314,0.5540050307857033,0.37326661400643046
CFPAC-1,Alpelisib,BI-3406,0.8832620530716334,0.7701722526579231
CFPAC-1,Torkinib,venetoclax,0.3640570399205437,0.34246437038349437
CFPAC-1,Celecoxib,OTS514,0.39040554488548007,0.37368183703453506
CFPAC-1,DT-061,Infigratinib,0.1204721556346966,0.016374733277285246
CFPAC-1,Adagrasib,olaparib,0.2662544416638694,0.4184858200356508
CFPAC-1,4EGI-1,Everolimus,0.4405894576280414,0.37887843746351124
CFPAC-1,Capmatinib,Celecoxib,0.23762224324361572,0.18329801608594498
CFPAC-1,Bimiralisib,olaparib,0.19879212187554335,0.1950865895800874
CFPAC-1,OTS514,SBI-0640756,-0.26057616151789265,-0.0720990567537232
CFPAC-1,HI-TOPK-032,LY-2584702 (tosylate salt),0.23108914094499677,0.32609613923243813
CFPAC-1,DTP3,EX229,-0.33028274434965466,-0.2327431608374316
CFPAC-1,MK-3903,Oleic acid,0.3537407895373967,0.2983809005668645
CFPAC-1,GSK1059615,Lapatinib ditosylate,0.41906084360625206,0.31790928231919957
CFPAC-1,ERK5-IN-2,PH-797804,0.31357589968480387,0.37607057329991295
CFPAC-1,BI-3406,HI-TOPK-032,0.2881024154619357,0.35096341959370586
CFPAC-1,BAY1125976,BI-78D3,0.6012132905501133,0.45372624614792684
CFPAC-1,LY-2584702 (tosylate salt),c-Kit-IN-1,0.26782872420177023,0.20076326584701354
CFPAC-1,BI-78D3,olaparib,-0.0048468437492997715,0.12373346166609178
CFPAC-1,9-ING-41,BI-78D3,0.5987562400542285,0.551250775007925
CFPAC-1,GSK1059615,Torkinib,0.138452258486918,0.1816512111043106
CFPAC-1,ETC-206,LY-2584702 (tosylate salt),0.4616710064167156,0.39630075225230854
CFPAC-1,ML264,Temuterkib,0.7006957760648945,0.664879975887484
CFPAC-1,Bimiralisib,Celecoxib,0.11559905169624135,0.1332580073005439
CFPAC-1,9-ING-41,EX229,0.09308679093618558,0.21668775209867913
CFPAC-1,BI-3406,vincristine,-0.2767779221222095,0.06514694091651135
CFPAC-1,DTP3,Regorafenib,0.69356996953519,0.5489761128677713
CFPAC-1,Bortezomib,Minodronic acid,-0.015363728828411936,-0.14271278445424246
CFPAC-1,MK-3903,olaparib,0.3076888412950164,0.36558673726170127
CFPAC-1,Infigratinib,vincristine,0.2265520928949677,0.43734049575605705
CFPAC-1,Methylprednisolone succinate,TAK-901,0.0033770278854865707,0.05157502298941694
CFPAC-1,BAY1125976,DT-061,-0.32018746345258303,-0.3538431797390472
CFPAC-1,Adagrasib,Belumosudil (mesylate),0.3827585531904191,0.28970845211173374
CFPAC-1,Brivudine,Volasertib,0.04695774320581385,0.24794100015291168
CFPAC-1,APTO-253,Regorafenib,0.21249358614484484,0.1429418081909953
CFPAC-1,Alpelisib,BI-78D3,0.012889323633882586,0.19147819792059628
CFPAC-1,AZD2858,Temuterkib,0.07755494935625415,0.0927680183202254
CFPAC-1,Adagrasib,Volasertib,0.25931885590046244,0.2916194586071115
CFPAC-1,Ixazomib,Methylprednisolone succinate,0.23135180304926092,0.25884617321078357
CFPAC-1,LY-2584702 (tosylate salt),Lonafarnib,0.08231042111826903,0.032018741876969216
CFPAC-1,4EGI-1,vincristine,0.595887192789475,0.6604688697197141
CFPAC-1,LY2090314,Volasertib,0.5526488028721548,0.4169105948956718
CFPAC-1,Pimitespib,XRK3F2,0.0752221835381704,0.0672144192734033
CFPAC-1,Capmatinib,Hydroxyfasudil,-0.06531076609596223,-0.07601664864083417
CFPAC-1,Trametinib,olaparib,0.16011699112890954,0.19567104523491685
CFPAC-1,AT7519,TAK-901,0.1973675873595613,0.3630450508028229
CFPAC-1,Hydroxyfasudil,XRK3F2,-0.10734585256814586,-0.027218638071048448
CFPAC-1,Belumosudil (mesylate),Everolimus,0.35935295482726576,0.3521992165482024
CFPAC-1,AZD2858,Ixazomib,-0.010587708090916907,0.07207320609896735
CFPAC-1,AZD-7648,Gemcitabine,0.6745449174761664,0.47203603622889245
CFPAC-1,Bentamapimod,Methylprednisolone succinate,0.4377300134215655,0.39541729945793375
CFPAC-1,Oleic acid,c-Kit-IN-1,0.2928215867689534,0.038105045840786944
CFPAC-1,RMC-6236,Volasertib,-0.02720662484569659,0.10846072702419896
CFPAC-1,DTP3,Elimusertib hydrochloride,0.45016087914195974,0.2733746549600505
CFPAC-1,AZD-8055,Abemaciclib,-0.15821147528896248,-0.010339269425751203
CFPAC-1,AZD-8055,Hydroxyfasudil,0.0582604758156674,0.0735278860357593
CFPAC-1,Ixazomib,Pralsetinib,-0.07077858257065309,0.04023642164956087
CFPAC-1,Capivasertib,Dabrafenib,-0.07613975034463702,0.02942952155953874
CFPAC-1,Elimusertib hydrochloride,MK-3903,0.5957126552070084,0.515087241898983
CFPAC-1,Erdafitinib ,venetoclax,-0.2608749122301024,0.029640484736098236
CFPAC-1,Bentamapimod,Sapanisertib,0.43672476085552653,0.5178534108351486
CFPAC-1,BI-78D3,venetoclax,-0.26831229524371586,-0.20590927989586633
CFPAC-1,AT7519,PF-06260933,0.4534577015876216,0.5566905689225542
CFPAC-1,AT7519,LJI308,0.573251239704047,0.6428564600628709
CFPAC-1,Brivudine,LY-2584702 (tosylate salt),0.008426833007993876,0.12282405998963893
CFPAC-1,Bortezomib,Tomivosertib,0.21789534756090342,0.25240061336779684
CFPAC-1,ML264,Ralimetinib dimesylate,0.5014102711159929,0.5550842846505978
CFPAC-1,4EGI-1,Belzutifan,0.4060371086715042,0.18230984374346468
CFPAC-1,Bortezomib,TAK-733,0.3626081314635117,0.3445732070665536
CFPAC-1,Bortezomib,Torkinib,0.10832438204701333,0.11266213496322805
CFPAC-1,Bortezomib,Temuterkib,-0.15465723811945112,-0.11267656584804997
CFPAC-1,Bentamapimod,Tubulin inhibitor 6,0.406385804711886,0.316027151775947
CFPAC-1,Ipatasertib,Oxaliplatin,-0.02503065389080296,0.09627433677618516
CFPAC-1,Celecoxib,ML264,0.1482195723435803,0.2755619343126709
CFPAC-1,Lonafarnib,Pimitespib,-0.05498196352872049,-0.025872327094206424
CFPAC-1,CP21R7,Gemcitabine,0.5496821865352519,0.2070080399198422
CFPAC-1,AZD2858,OTS514,0.36812312510773254,0.2595220415470795
CFPAC-1,DTP3,Futibatinib,0.4900352381988638,0.3782490228794928
CFPAC-1,APTO-253,Temuterkib,0.3968957066552325,0.10942410796423135
CFPAC-1,Abemaciclib,Sonidegib,0.26900932291642765,0.42100144018864205
CFPAC-1,Ralimetinib dimesylate,Tomivosertib,-0.018244101539902233,-0.0735077115782154
CFPAC-1,OTS514,vincristine,-0.2144698588964324,-0.011169671964599913
CFPAC-1,Infigratinib,Methylprednisolone succinate,0.41062542444793176,0.4547324088410957
CFPAC-1,4EGI-1,Ixazomib,0.20172144196065167,0.18622291497393229
CFPAC-1,PF-06260933,SBI-0640756,0.5564498373045252,0.3229613101283473
CFPAC-1,Bortezomib,Erdafitinib ,-0.22584477660819158,-0.05614255821476752
CFPAC-1,Belzutifan,Paclitaxel,0.11282464630406042,0.09634947003103622
CFPAC-1,BI-3406,Lonafarnib,0.09097607963797452,0.16097969148959224
CFPAC-1,Paclitaxel,palbociclib,0.5621290456456527,0.5501533731660536
CFPAC-1,Brivudine,Encorafenib,0.27347238132834445,0.17399911689391648
CFPAC-1,Capmatinib,IQ 1,0.7442913395677504,0.5078590449046494
CFPAC-1,ETC-206,palbociclib,0.15398680419465258,0.23494661925110685
CFPAC-1,Celecoxib,TAK-733,-0.0625187627536525,0.04422241151220817
CFPAC-1,Belzutifan,c-Kit-IN-1,-0.04757759719109217,-0.058264227880807665
CFPAC-1,ETC-206,ML264,0.3004948456681603,0.3118781156491978
CFPAC-1,4EGI-1,SBI-0640756,0.17535081999055893,0.13028961851402662
CFPAC-1,Adagrasib,Ixazomib,-0.046574819259263205,0.14455435662897897
CFPAC-1,BAY1125976,Tucatinib,0.5422199919628213,0.5484213540227294
CFPAC-1,AZD2858,Sonidegib,0.49321054447711626,0.2703279639084449
CFPAC-1,MK-3903,Torkinib,0.35952487194799254,0.34681137678773066
CFPAC-1,Oleic acid,Oxaliplatin,0.5631170643522649,0.415197160025395
CFPAC-1,AZD1390,CP21R7,0.2681561521697363,0.033030779031429605
CFPAC-1,AZD1390,Ixazomib,0.20801116485350282,0.16273686621482014
CFPAC-1,Elimusertib hydrochloride,NVP-BHG712,0.1604291661751767,0.09656979843609209
CFPAC-1,4EGI-1,Sonidegib,0.5935067286601892,0.5754982166241426
CFPAC-1,IQ 1,Lonafarnib,0.09475314027037877,0.20779746741806435
CFPAC-1,Bortezomib,Trametinib,0.1091142555570098,0.11072207538649151
CFPAC-1,AZD-7648,MK-8353,0.16655359133552602,0.12186763139483824
CFPAC-1,Hydroxyfasudil,Pralsetinib,0.4777177808090406,0.4442906773827858
CFPAC-1,Paclitaxel,Sapanisertib,0.6404149476453627,0.542809470268422
CFPAC-1,AZD1390,Celecoxib,0.4493417588476992,0.21081308918735744
CFPAC-1,Ixazomib,Trametinib,0.21215407511999834,0.24431767117141712
CFPAC-1,Minodronic acid,PF-06260933,-0.1856471021671632,-0.20186890614155859
CFPAC-1,PH-797804,Tubulin inhibitor 6,0.18119086629443948,0.36428743151938575
CFPAC-1,Hydroxyfasudil,Lapatinib ditosylate,0.07849356135436064,0.38899506346409185
CFPAC-1,Afatinib,Methylprednisolone succinate,0.16085511939191233,0.21438381368194304
CFPAC-1,ERK5-IN-2,Ipatasertib,0.5214433043055711,0.5292740818308892
CFPAC-1,Binimetinib,Gemcitabine,0.5800034833065314,0.266747873920901
CFPAC-1,NG25,RMC-6236,0.20595760683894737,0.267024550317752
CFPAC-1,Abemaciclib,Minodronic acid,0.015818754367596062,-0.12056780414590468
CFPAC-1,AZD-7648,Alpelisib,0.9016325032896341,0.790822910021072
CFPAC-1,Trametinib,XRK3F2,0.9202810919067959,0.8781237893645994
CFPAC-1,Anastrozole,Oxaliplatin,0.3337524096562549,0.33919239828361886
CFPAC-1,Binimetinib,EX229,-0.06171043130298067,-0.04230646702529653
CFPAC-1,Abemaciclib,Irinotecan,0.06285531670747159,0.2341203788721881
CFPAC-1,Pemigatinib,TAK-901,-0.1293620968719834,-0.03224440264572763
CFPAC-1,LY-2584702 (tosylate salt),palbociclib,0.15412673889231254,0.28854190146771885
CFPAC-1,BI-78D3,DT-061,0.018323196834236194,0.14749598958567248
CFPAC-1,Dabrafenib,Temuterkib,0.6576860185314009,0.511507667113446
CFPAC-1,AZD2858,LB-100,0.4348261217789645,0.32729087787264655
CFPAC-1,9-ING-41,APTO-253,0.28199551539508794,0.3796236143909961
CFPAC-1,BI-3406,Tomivosertib,-0.17307752121871908,0.20071194477942653
CFPAC-1,BI-78D3,Paclitaxel,0.5493449153987806,0.5354424635292244
CFPAC-1,Alpelisib,ML264,-0.1776348569639773,0.0636819865609854
CFPAC-1,BI-78D3,Lonafarnib,0.0007395639018219786,0.021453469369315893
CFPAC-1,Paclitaxel,RMC-6236,0.8644455657000232,0.8284987244910605
CFPAC-1,Belzutifan,Everolimus,0.44332195390252,0.2581775294335347
CFPAC-1,9-ING-41,SBI-0640756,0.04714113662278299,0.14027583747488884
CFPAC-1,AZD-7648,Trametinib,0.7360816213664392,0.6613155067554516
CFPAC-1,AT7519,NG25,0.12170186712133983,0.14985270735360998
CFPAC-1,9-ING-41,Lonafarnib,0.14646279981841132,0.2578095610466151
CFPAC-1,Bortezomib,Irinotecan,0.15605285226648147,0.06039962743898583
CFPAC-1,Methylprednisolone succinate,XRK3F2,0.150983154161918,0.20802030565748725
CFPAC-1,Binimetinib,MK-8353,0.14157960471841805,0.16601165002618656
CFPAC-1,Alpelisib,Pimitespib,0.35527566745948064,0.35057373019094507
CFPAC-1,Capmatinib,Erdafitinib ,0.3278651688223898,0.328402974008845
CFPAC-1,Abemaciclib,Capivasertib,0.04300823597691857,0.17213733195519487
CFPAC-1,MK-3903,NG25,0.4347830402841973,0.43678627150906485
CFPAC-1,BAY1125976,Regorafenib,-0.03156417587053406,-0.013577594825097287
CFPAC-1,AT7519,Ixazomib,0.013554463630944324,0.12586655337804453
CFPAC-1,AZD-7648,Minodronic acid,0.42828573622623173,0.4386610210404313
CFPAC-1,Hydroxyfasudil,TAK-901,0.1712533624405113,0.1165555694623914
CFPAC-1,ERK5-IN-2,venetoclax,-0.32067557606131786,-0.22878137264135112
CFPAC-1,BAY1125976,Sonidegib,0.3274725187925135,0.33435984515135375
CFPAC-1,9-ING-41,Encorafenib,0.7765642775082119,0.5698581364938513
CFPAC-1,AZD2858,palbociclib,0.24047527532489135,0.32556525226322397
COLO 205,BI-78D3,Dabrafenib,0.6868590591560112,0.67316508911478
COLO 205,APTO-253,BI-3406,0.5471045699622417,0.5170250076685956
COLO 205,Bortezomib,Irinotecan,0.128106565767582,0.46791958589393595
COLO 205,Bentamapimod,Vemurafenib,0.4265174333612415,0.41304840696453055
COLO 205,9-ING-41,Dabrafenib,0.6830975949312952,0.6674815519423443
COLO 205,ML264,Ralimetinib dimesylate,0.7517315200518973,0.7203462668015745
COLO 205,BI-3406,Encorafenib,0.5707091559430314,0.5461292401601783
COLO 205,Abemaciclib,LY2090314,-0.09616863934155043,0.1727315874737555
COLO 205,Methylprednisolone succinate,Tucatinib,0.6492615993864143,0.6147084953281434
COLO 205,BI-78D3,Brivudine,-0.264108025377163,0.2535310045247575
COLO 205,Oxaliplatin,Tucatinib,0.49286350468866824,0.4840773233888823
COLO 205,Everolimus,Temuterkib,0.294812538119706,0.43011727282186896
COLO 205,Encorafenib,LY2090314,0.41699282665201415,0.452918198589234
COLO 205,LY2090314,Tomivosertib,-0.3440667983461243,0.0828921712805535
COLO 205,Bentamapimod,Ralimetinib dimesylate,0.86923506613307,0.7455232203645967
COLO 205,Brivudine,Temuterkib,-0.23648133878014094,0.13521951998324822
COLO 205,Methylprednisolone succinate,Temuterkib,0.3086036257387337,0.39656234366707943
COLO 205,NVP-BHG712,Temuterkib,0.5740431061833748,0.49870216475919366
COLO 205,Dabrafenib,TAK-901,-0.23600496025187115,0.1566883768136497
COLO 205,Abemaciclib,Ralimetinib dimesylate,0.07256871990210749,0.37812606293935347
COLO 205,HI-TOPK-032,Lapatinib ditosylate,0.11352747002578328,0.41121103083942334
COLO 205,Ipatasertib,Minodronic acid,0.1114205701649371,0.19763718398482624
COLO 205,Lapatinib ditosylate,Minodronic acid,0.6294604657482794,0.5107736196920136
COLO 205,ERK5-IN-2,Tomivosertib,0.010257638972765867,0.34159769619491565
COLO 205,Bentamapimod,Everolimus,0.6196781459082471,0.6089439405885159
COLO 205,Dabrafenib,Irinotecan,0.36428480699768306,0.5570953718825945
COLO 205,APTO-253,XRK3F2,0.47309557597917873,0.4239305840748441
COLO 205,HI-TOPK-032,Regorafenib,0.364548390717086,0.43361849001019975
COLO 205,Oxaliplatin,Paclitaxel,0.2778364404210014,0.35120331537514904
COLO 205,Abemaciclib,Dabrafenib,-0.019984322970351964,0.34759572555302304
COLO 205,BI-3406,Methylprednisolone succinate,0.2983621728640325,0.45919860831186504
COLO 205,Oleic acid,Paclitaxel,0.2865190425721862,0.30732452270752414
COLO 205,APTO-253,Anastrozole,0.5817354765624023,0.5861719101954588
COLO 205,BI-78D3,Bentamapimod,0.43836052740317766,0.541872401982366
COLO 205,9-ING-41,Regorafenib,0.2481537175263267,0.49031701221653246
COLO 205,Lapatinib ditosylate,XRK3F2,0.6806107796439541,0.47401377121859645
COLO 205,Abemaciclib,Regorafenib,0.162268087766613,0.4484989376841159
COLO 205,TAK-901,Tomivosertib,0.32091632919515944,0.4843023756460126
COLO 205,Bentamapimod,Lapatinib ditosylate,0.25205423085385753,0.31029232225361114
COLO 205,Gemcitabine,HI-TOPK-032,0.23015940770476703,0.522225319390775
COLO 205,BI-78D3,Bortezomib,-0.21376521008375046,0.20774512598156386
COLO 205,Oleic acid,XRK3F2,0.41283662059913,0.32050109524777814
COLO 205,Bentamapimod,Temuterkib,0.4897637096681087,0.5044510162900948
COLO 205,LY2090314,Methylprednisolone succinate,0.14011619656395033,0.322788289227649
COLO 205,9-ING-41,Encorafenib,0.6157547676265341,0.626426009950082
COLO 205,9-ING-41,Everolimus,0.5008412087679062,0.5506773452992602
COLO 205,Bentamapimod,Tucatinib,0.5768535889732117,0.5632703161001412
COLO 205,APTO-253,Oxaliplatin,0.5571579227587835,0.5175937644218501
COLO 205,BI-3406,Minodronic acid,0.5833296685664977,0.46723145273411854
COLO 205,Regorafenib,olaparib,0.16750284605847246,0.42339095082390843
COLO 205,Ipatasertib,LY2090314,0.17171531800169276,0.3417511570813179
COLO 205,BI-78D3,Tomivosertib,0.046288891720361595,0.447851322432462
COLO 205,Lapatinib ditosylate,Tucatinib,0.5511769520537574,0.506412577519433
COLO 205,Bentamapimod,LY2090314,0.21084136961271516,0.3862979143086317
COLO 205,Temuterkib,XRK3F2,0.708208913001023,0.6208224759437317
COLO 205,Ralimetinib dimesylate,Tomivosertib,0.2838762823680836,0.5504716281138019
COLO 205,BI-3406,Tucatinib,0.6220787721637289,0.5569205594169664
COLO 205,Methylprednisolone succinate,TAK-901,0.11984142565643571,0.38316082040218796
COLO 205,ERK5-IN-2,LY2090314,0.681897424717652,0.6259093898704859
COLO 205,Regorafenib,Temuterkib,0.13884577362411976,0.3739066526173242
COLO 205,Irinotecan,Temuterkib,0.3468683159478455,0.48761345953288343
COLO 205,Erdafitinib ,LY2090314,0.6935763093437058,0.6013941531046886
COLO 205,Bortezomib,Brivudine,0.6774879939598589,0.712859127932454
COLO 205,Encorafenib,Regorafenib,0.6219086822173979,0.6586749826434789
COLO 205,Oleic acid,Ralimetinib dimesylate,0.192096735913452,0.30006583740816467
COLO 205,9-ING-41,Ipatasertib,0.5077248204590014,0.6138291967455063
COLO 205,Oxaliplatin,Tomivosertib,-0.006605152977588199,0.36269989301898986
COLO 205,Anastrozole,Dabrafenib,0.5641966859882452,0.6086846950650966
COLO 205,Abemaciclib,Tomivosertib,0.339100769257893,0.6378830470687373
COLO 205,HI-TOPK-032,Irinotecan,0.521140829461303,0.6840436720306245
COLO 205,Erdafitinib ,Minodronic acid,0.5221936829772122,0.4031158981228413
COLO 205,Encorafenib,Erdafitinib ,0.37391191794832834,0.4196474509605201
COLO 205,Brivudine,Oleic acid,-0.30756286955643497,0.16003379753435856
COLO 205,Bortezomib,Dabrafenib,-0.05587082771861042,0.3104802050449379
COLO 205,Anastrozole,Regorafenib,0.2580639565269307,0.4886358042331689
COLO 205,ML264,NVP-BHG712,0.6851022602093878,0.6382663615692857
COLO 205,Vemurafenib,XRK3F2,0.7532954735146082,0.5980982957505464
COLO 205,Bortezomib,TAK-901,0.37947658482287355,0.4862658609095695
COLO 205,Ipatasertib,Vemurafenib,0.4863602459142119,0.48152570796287
COLO 205,Bortezomib,ERK5-IN-2,-0.17970207730266466,0.1202612087327609
COLO 205,Encorafenib,XRK3F2,0.8089770116476515,0.7481501852408459
COLO 205,Lapatinib ditosylate,RMC-6236,0.47607469102363964,0.43597676427629095
COLO 205,9-ING-41,Vemurafenib,0.5616776630657714,0.5613423944421074
COLO 205,ERK5-IN-2,Ipatasertib,0.48382170714923023,0.6139297149922486
COLO 205,Erdafitinib ,Tucatinib,0.549038252461781,0.5031080516783306
COLO 205,Bortezomib,RMC-6236,-0.19424458039144546,0.24054271580969575
COLO 205,Anastrozole,Erdafitinib ,0.41745960830966594,0.5208301677968784
COLO 205,Brivudine,TAK-901,0.474104280964453,0.5834944370146485
COLO 205,Abemaciclib,Bortezomib,0.380233060630856,0.6407716915008306
COLO 205,HI-TOPK-032,LY2090314,-0.06299580797875017,0.20112700110793796
COLO 205,BI-78D3,LY2090314,0.7604708172952791,0.6354297516128659
COLO 205,Ralimetinib dimesylate,Temuterkib,0.6162019530653884,0.6062065533318519
COLO 205,Abemaciclib,Oxaliplatin,0.1416126987422032,0.4223868376820615
COLO 205,Lapatinib ditosylate,ML264,0.4473006079074744,0.4712419468423251
COLO 205,9-ING-41,NVP-BHG712,0.5740265520640282,0.589528325205052
COLO 205,HI-TOPK-032,Minodronic acid,0.15773208010989315,0.4240078046535433
COLO 205,HI-TOPK-032,olaparib,0.3339521752650432,0.6437663124901641
COLO 205,Lapatinib ditosylate,Ralimetinib dimesylate,0.30269253782484284,0.343310107730857
COLO 205,Brivudine,Oxaliplatin,-0.10037145318035227,0.267096428458595
COLO 205,BI-3406,Lapatinib ditosylate,0.7363812560927638,0.5797641448374145
COLO 205,Bentamapimod,TAK-901,-0.12763502392335616,0.08219509282658523
COLO 205,Abemaciclib,ML264,0.05453500103773669,0.33850812480668463
COLO 205,9-ING-41,XRK3F2,0.8445087546133558,0.7578198035468122
COLO 205,LY2090314,Oxaliplatin,0.5684657677335405,0.4683977758482004
COLO 205,Bentamapimod,Minodronic acid,0.2304776895103061,0.31203095181424495
COLO 205,BI-3406,ML264,0.6336719503465142,0.6149323050828222
COLO 205,Erdafitinib ,XRK3F2,0.6718626837881079,0.5703852822187574
COLO 205,Brivudine,Paclitaxel,-0.05906417117148699,0.3448418774805293
COLO 205,BI-3406,Paclitaxel,0.6989605071613817,0.6175817496469177
COLO 205,APTO-253,Bentamapimod,0.5285498275832046,0.5156460271152097
COLO 205,Ralimetinib dimesylate,Vemurafenib,0.5598702442470632,0.556307611350158
COLO 205,RMC-6236,XRK3F2,0.8345473354620072,0.7020070675274903
COLO 205,ML264,Oleic acid,0.3275614772045137,0.3682602566912667
COLO 205,Everolimus,TAK-901,0.15491699282012594,0.4054811384111527
COLO 205,Ipatasertib,Tomivosertib,0.3494268556959825,0.484698810658905
COLO 205,Brivudine,Tomivosertib,0.6727244772099,0.7526202180231367
COLO 205,9-ING-41,Minodronic acid,0.45096464088562,0.42333311285206365
COLO 205,Methylprednisolone succinate,Regorafenib,0.6879384764923723,0.5496590087081589
COLO 205,Ipatasertib,olaparib,-0.07805667830763699,0.20612336192660097
COLO 205,Anastrozole,Irinotecan,0.4725933877752837,0.6455851387355438
COLO 205,Ipatasertib,Oleic acid,0.04063209721676496,0.21976108027180108
COLO 205,RMC-6236,Regorafenib,0.38293340434709106,0.5615201308097956
COLO 205,BI-78D3,Temuterkib,0.8252055837633211,0.7158449546343066
COLO 205,HI-TOPK-032,Temuterkib,0.07409426622634328,0.30178292398253925
COLO 205,APTO-253,Dabrafenib,0.5163319305880011,0.5905494222094589
COLO 205,NVP-BHG712,Paclitaxel,0.542988985845588,0.5731027958649715
COLO 205,Bortezomib,HI-TOPK-032,0.4886449272999062,0.6014840287340809
COLO 205,Brivudine,Minodronic acid,-0.2513093371064262,0.23317875465532908
COLO 205,Ipatasertib,Ralimetinib dimesylate,0.8524382775289483,0.7634677673904361
COLO 205,HI-TOPK-032,ML264,0.21838585355123338,0.4253747914957206
COLO 205,Everolimus,Paclitaxel,0.45198901222215043,0.5589872533110828
COLO 205,Irinotecan,olaparib,0.5196222517112767,0.6964255910445738
COLO 205,LY2090314,Oleic acid,0.728668577434332,0.5376374061324004
COLO 205,Anastrozole,Methylprednisolone succinate,0.4396177705851032,0.5585216445941233
COLO 205,Regorafenib,TAK-901,0.12628188155577416,0.2282188595192453
COLO 205,BI-3406,Irinotecan,0.4837710409914381,0.5215343432948877
COLO 205,BI-78D3,Ipatasertib,0.4541877236837528,0.5951549740853095
COLO 205,LY2090314,Vemurafenib,0.43272258415841514,0.4532907160946047
COLO 205,Irinotecan,ML264,0.3525701939322598,0.5585666897015821
COLO 205,Erdafitinib ,HI-TOPK-032,0.06547954324586355,0.3053902172336562
COLO 205,HI-TOPK-032,NVP-BHG712,0.2567026948104419,0.43732745330482875
COLO 205,9-ING-41,APTO-253,0.6290541600250761,0.6255643253783065
COLO 205,Encorafenib,ML264,0.6568956055661381,0.6394217031547392
COLO 205,Everolimus,Oleic acid,0.19481529932371658,0.45512364911452285
COLO 205,BI-3406,ERK5-IN-2,0.7228460065804806,0.6572206489487569
COLO 205,APTO-253,Ipatasertib,0.4040316302441195,0.5077364507640448
COLO 205,Anastrozole,Everolimus,0.3443095107463626,0.6069343834898354
COLO 205,Dabrafenib,Lapatinib ditosylate,0.42874097097624303,0.4179008113663026
COLO 205,Bortezomib,Ipatasertib,0.05282124748137133,0.22868099148959575
COLO 205,APTO-253,Lapatinib ditosylate,0.5907877195519945,0.542548971419266
COLO 205,ML264,XRK3F2,0.7381122474371405,0.6950115164406172
COLO 205,BI-3406,Temuterkib,0.6874467120008209,0.5986382554673131
COLO 205,Everolimus,Methylprednisolone succinate,0.6501465628193387,0.6778535340362247
COLO 205,Ipatasertib,Regorafenib,0.6216609841721293,0.6352759468812827
COLO 205,ERK5-IN-2,Lapatinib ditosylate,0.547805001887802,0.5010134037487023
COLO 205,BI-78D3,Gemcitabine,0.609864563121513,0.630010258249846
COLO 205,Everolimus,Irinotecan,0.3383354649357957,0.6512298682666067
COLO 205,Anastrozole,ERK5-IN-2,0.5331416058791876,0.585868764538825
COLO 205,Bortezomib,Vemurafenib,-0.07261851470253619,0.2555309363862022
COLO 205,Anastrozole,Vemurafenib,0.3392586721941102,0.47459329558500746
COLO 205,Dabrafenib,Regorafenib,0.5643046871397231,0.6787068669851695
COLO 205,Lapatinib ditosylate,olaparib,0.5253055040997219,0.4979907266964601
COLO 205,Methylprednisolone succinate,Oleic acid,0.23572686506883692,0.41754813450799183
COLO 205,Bentamapimod,Irinotecan,0.09339704958694155,0.3256072048079147
COLO 205,Minodronic acid,Oxaliplatin,0.7394837317566639,0.5046485485297545
COLO 205,LY2090314,olaparib,0.31263340220216057,0.2552753114529167
COLO 205,APTO-253,LY2090314,0.4991922854806778,0.4498587912750248
COLO 205,BI-3406,Gemcitabine,0.6903058120487199,0.5522913188530901
COLO 205,Abemaciclib,Temuterkib,-0.0014916681346227242,0.20148269573363406
COLO 205,Brivudine,Regorafenib,0.4846905546195046,0.5284466176357429
COLO 205,Bortezomib,Gemcitabine,-0.05376609264912918,0.4319836761460143
COLO 205,TAK-901,Vemurafenib,-0.1083673585475453,0.1366619239389203
COLO 205,Abemaciclib,Ipatasertib,0.06626589913715673,0.28680958834403564
COLO 205,9-ING-41,Ralimetinib dimesylate,0.546679772544865,0.6201876598198371
COLO 205,ML264,Tucatinib,0.7362786151353113,0.6683659324189704
COLO 205,Abemaciclib,Irinotecan,0.07935448934519078,0.5103834852001463
COLO 205,Ipatasertib,NVP-BHG712,0.7667944412248388,0.6290317332036359
COLO 205,Everolimus,Gemcitabine,0.45696450440348274,0.6875503638341515
COLO 205,APTO-253,Brivudine,0.07867902450400907,0.44501753574846314
COLO 205,Dabrafenib,Paclitaxel,0.8791302356504571,0.8006469144891336
COLO 205,Anastrozole,XRK3F2,0.4446224519350288,0.47935977737252355
COLO 205,Anastrozole,Gemcitabine,0.6267832550853902,0.6818136890249672
COLO 205,Encorafenib,olaparib,0.09875648790373157,0.2919416672292029
COLO 205,Oxaliplatin,TAK-901,-0.08472894353498125,0.17171553299118375
COLO 205,RMC-6236,Tucatinib,0.6093514818722743,0.6100343619454723
COLO 205,Everolimus,Tomivosertib,0.4338674257378159,0.6672763686812682
COLO 205,ML264,RMC-6236,0.6924592882639242,0.6839082965212033
COLO 205,Anastrozole,Minodronic acid,0.6227143295934289,0.5485066217512348
COLO 205,Brivudine,Gemcitabine,-0.09347968932089859,0.4997549996065619
COLO 205,ML264,olaparib,0.10605612850649503,0.3926283834746513
COLO 205,Erdafitinib ,Oxaliplatin,0.5980187870618003,0.5350471804536743
COLO 205,LY2090314,Tucatinib,0.43445023902723506,0.4512084718696799
COLO 205,APTO-253,Bortezomib,-0.010602955343338653,0.32589370310428817
COLO 205,Brivudine,RMC-6236,-0.1512943210222693,0.33645462805511
COLO 205,Erdafitinib ,Everolimus,0.44889596333199727,0.4576196311832959
COLO 205,9-ING-41,Paclitaxel,0.7093255734683472,0.673665006417158
COLO 205,Bentamapimod,Bortezomib,0.05776787495569777,0.2375205921117761
COLO 205,Oleic acid,Tucatinib,0.3822201746305418,0.3966019528232951
COLO 205,Dabrafenib,RMC-6236,0.8404663367897474,0.778470849824803
COLO 205,Abemaciclib,Lapatinib ditosylate,0.1308869539601056,0.3401018134038465
H4,Sapanisertib,ULK-101,0.23814123309077032,0.4209615270834231
H4,Oleic acid,Vemurafenib,0.2878776138880196,0.330747531970249
H4,9-ING-41,Oxaliplatin,0.1824072332610906,0.24602743917605324
H4,BI-78D3,Erdafitinib ,0.561306753795095,0.5902512117843647
H4,Encorafenib,Everolimus,0.3980747240081384,0.41855702876484324
H4,APTO-253,ULK-101,0.12266260656236078,0.4087630406689158
H4,Methylprednisolone succinate,Tubulin inhibitor 6,0.5129385306816072,0.40996238599628143
H4,Capivasertib,Vemurafenib,0.13576782731406803,0.20078163199896362
H4,Capivasertib,Irinotecan,0.41486909271699884,0.225368654181406
H4,Erdafitinib ,HI-TOPK-032,-0.008451275398030263,0.11732098996435217
H4,Abemaciclib,Futibatinib,-0.16121612969357202,0.06871120687111802
H4,Bentamapimod,Brivudine,0.2291192364154679,0.13289069010690285
H4,APTO-253,venetoclax,-0.10872553715364397,0.34403699685471306
H4,Afatinib,Temuterkib,0.5221413304775847,0.42354474837697437
H4,9-ING-41,Brivudine,0.12318892824507176,0.22933526655069328
H4,Pralsetinib,Tubulin inhibitor 6,0.42333710401359637,0.37093931736211877
H4,ML264,venetoclax,0.017166447352679,0.11907328248574882
H4,HI-TOPK-032,Vemurafenib,0.09490581440737067,0.18267033332621913
H4,Bentamapimod,Gemcitabine,0.4004634817417204,0.38199295121421384
H4,DT-061,Tucatinib,0.08152573728019666,0.14291066459583368
H4,Bentamapimod,Sapanisertib,0.46348007783468614,0.39391390383266317
H4,Afatinib,Pralsetinib,0.037810901020823136,0.11800489413192847
H4,Bentamapimod,RMC-6236,0.07273810323115391,0.11744920690101623
H4,TAK-733,Tucatinib,0.087955869671068,0.22924602469340777
H4,Dabrafenib,Erdafitinib ,0.6576319449792192,0.5020519538836369
H4,AZD-7648,Tomivosertib,0.1028533242614143,0.15122233418748687
H4,Everolimus,Lapatinib ditosylate,0.5047121522931621,0.4446444999877709
H4,AZD-7648,Tucatinib,0.10523020204580888,0.24622492422483
H4,Pralsetinib,Tomivosertib,0.2840413498781614,0.4309108890921782
H4,BI-3406,Oleic acid,0.23259374135336705,0.34253186346177145
H4,Celecoxib,RMC-6236,-0.0725059210272265,-0.011414157423108244
H4,ML264,ULK-101,0.03459028796475478,0.20967038463904364
H4,Ipatasertib,Oxaliplatin,0.11099851544156024,0.18817664644130133
H4,BI-3406,Minodronic acid,0.15555849482231057,0.20028145704014777
H4,Anastrozole,Ipatasertib,0.2970678674488192,0.2796275206488528
H4,Temuterkib,Volasertib,0.6133941527552205,0.4053294578811336
H4,Volasertib,venetoclax,-0.16008775218883975,0.15756382156603332
H4,DT-061,HI-TOPK-032,0.38660527525908206,0.40928394422531034
H4,Lapatinib ditosylate,Temuterkib,0.6660427612465409,0.4778892472353355
H4,Everolimus,venetoclax,0.279612791792134,0.5163600070249056
H4,Irinotecan,Paclitaxel,0.22679508690102443,0.2546730735621278
H4,HI-TOPK-032,Oxaliplatin,0.27188777798367425,0.28957839783569167
H4,Oleic acid,Temuterkib,0.1746652160047234,0.2063584039138612
H4,Abemaciclib,LY2090314,-0.10615111563187477,0.03722523156232723
H4,DT-061,palbociclib,0.35743407729764143,0.16081015208976848
H4,Bentamapimod,XRK3F2,0.49886435127,0.5503675867701591
H4,CP21R7,olaparib,0.5982376025824909,0.2789887336997253
H4,Afatinib,TAK-733,0.370260695672742,0.30110098613894437
H4,Capmatinib,Tubulin inhibitor 6,0.29745568292825747,0.23814719110618746
H4,BI-3406,Paclitaxel,0.33226301389341695,0.201472012567522
H4,Sapanisertib,TAK-733,0.04753459324127599,0.09756610593484298
H4,Oleic acid,Ralimetinib dimesylate,0.1142586452217064,0.12048595185391284
H4,Everolimus,Temuterkib,0.43620042555630373,0.2642794872418155
H4,9-ING-41,Dabrafenib,0.7535956956190186,0.627530409138658
H4,Sapanisertib,olaparib,0.09397839659411544,0.18496647378658138
H4,NVP-BHG712,Oxaliplatin,0.4390930265522281,0.29279330256152625
H4,Bentamapimod,Futibatinib,0.1586796540470628,0.21097513960083802
H4,Sapanisertib,Tucatinib,0.38847263261377946,0.2773571601102991
H4,AZD-8055,Gemcitabine,0.5105959665061206,0.4024123780191946
H4,Anastrozole,ERK5-IN-2,0.27528301032596997,0.322146688094978
H4,RMC-6236,Tucatinib,0.09545405711395705,0.1561347562516409
H4,Paclitaxel,Vemurafenib,0.746675084346103,0.5413168444565172
H4,9-ING-41,Encorafenib,0.7149099961807527,0.6467533750320089
H4,APTO-253,Erdafitinib ,0.5919756516737196,0.2036669006825973
H4,9-ING-41,Celecoxib,0.3179583106061292,0.27417987339103594
H4,CP21R7,ERK5-IN-2,0.2693605198345201,0.3546211092162693
H4,AZD-7648,Irinotecan,0.3264013982357774,0.29275501595661024
H4,AZD-7648,Futibatinib,0.12625904150237852,0.08654148384142671
H4,Bentamapimod,Tomivosertib,0.26328245414972107,0.19994085048162671
H4,Gemcitabine,MK-8353,0.5529099217412581,0.28631099549075373
H4,Everolimus,Gemcitabine,0.6843280151038799,0.5710757830053771
H4,9-ING-41,Tubulin inhibitor 6,0.22184433960956945,0.2856200366453689
H4,RMC-6236,TAK-733,0.3828484313173395,0.3754805656142316
H4,BI-3406,venetoclax,0.4064728460447275,0.4630717141214655
H4,LB-100,ULK-101,0.4074841173605964,0.3998500818373346
H4,Vemurafenib,venetoclax,-0.05224944155124634,0.21850411877528386
H4,Ipatasertib,Irinotecan,0.21452353971307173,0.2654727246183054
H4,Oleic acid,Tomivosertib,0.3623254852348642,0.26134128691111713
H4,Brivudine,Celecoxib,0.20119401253985714,0.06633328274274466
H4,Capmatinib,Encorafenib,0.25540602180205385,0.25998762363790495
H4,Dabrafenib,Methylprednisolone succinate,0.1448682947749021,0.3220782827182477
H4,Bentamapimod,Temuterkib,0.5445585479194583,0.5459477599990181
H4,AZD-7648,Erdafitinib ,-0.00796465686746669,0.16077144326239698
H4,AZD-8055,olaparib,0.2746874997852975,0.370962659185821
H4,Tubulin inhibitor 6,palbociclib,0.19064705138490812,0.21888417144741928
H4,LB-100,Regorafenib,0.34744418639536506,0.3548900737147151
H4,MK-8353,RMC-6236,0.02638113518478316,0.04233970005580521
H4,Anastrozole,ML264,0.3943110776232483,0.3323588078343048
H4,BI-3406,HI-TOPK-032,0.1296976689126477,0.29724463379529736
H4,Encorafenib,LY2090314,0.44467250721412527,0.3265315853795711
H4,BI-78D3,HI-TOPK-032,0.20480066275848136,0.10759790541279533
H4,Irinotecan,ML264,0.19060110003081202,0.15264494879859272
H4,Abemaciclib,Everolimus,0.3561801082346094,0.4117435698844648
H4,BI-3406,Pralsetinib,0.09318270180774446,0.1794114127199086
H4,DT-061,RMC-6236,0.037360453374635685,0.10990052250260993
H4,ERK5-IN-2,Vemurafenib,0.798977438770525,0.555041243914465
H4,Gemcitabine,LB-100,0.5492915636774401,0.4730984748668806
H4,ETC-206,Regorafenib,0.2709941040111251,0.29434068566830784
H4,9-ING-41,CP21R7,0.3533782928413954,0.41579832944260353
H4,Brivudine,ERK5-IN-2,-0.039620279313324694,-0.0363402944719878
H4,Ipatasertib,Regorafenib,0.7261011361446834,0.6348099798928311
H4,Anastrozole,LY2090314,0.3167192624251586,0.34724321607160047
H4,Everolimus,LY2090314,0.29263694145074426,0.15732823626711412
H4,Ralimetinib dimesylate,Regorafenib,0.32121417655319573,0.2057693402698227
H4,DT-061,Everolimus,0.31354275129787523,0.42956264439091235
H4,BAY1125976,Tomivosertib,0.3038567902190855,0.4153783642206755
H4,Everolimus,MK-8353,0.6115153985007062,0.42894913614511987
H4,Ipatasertib,LB-100,0.29460400313492996,0.35756848755271736
H4,Methylprednisolone succinate,olaparib,0.32729158118030865,0.27830070483101266
H4,APTO-253,BI-3406,0.09218942226682084,0.27019687436475615
H4,APTO-253,Oxaliplatin,0.38622228939403525,0.2988353590277815
H4,Torkinib,venetoclax,0.005818071332501985,0.15373973339413738
H4,RMC-6236,Volasertib,0.017629765199786422,0.15889859646729498
H4,ERK5-IN-2,Erdafitinib ,0.6866568249198698,0.551321084530179
H4,Encorafenib,Vemurafenib,0.6726530929830135,0.53122414754374
H4,ERK5-IN-2,Torkinib,0.05930070259382529,0.023910340046255592
H4,Celecoxib,ML264,0.17007261748923885,0.24127394802672303
H4,Regorafenib,Vemurafenib,0.3001707390294271,0.20492316615586126
H4,Everolimus,Vemurafenib,0.5546520687108651,0.4527604114866657
H4,CP21R7,ML264,0.2788851467174258,0.3127484946755528
H4,APTO-253,palbociclib,0.4534139020139175,0.46875703557040166
H4,9-ING-41,Pralsetinib,0.0708535275626681,0.09730587824968995
H4,Brivudine,Volasertib,0.08078933863492518,0.24838022120141962
H4,ETC-206,Lapatinib ditosylate,0.5942817346790149,0.48811945945934504
H4,Gemcitabine,Methylprednisolone succinate,0.5650115192152594,0.432558407293148
H4,LB-100,Tubulin inhibitor 6,0.4330184759855291,0.3848013922864159
H4,Capivasertib,Pralsetinib,0.3962475510157363,0.23307371109154626
H4,NVP-BHG712,Paclitaxel,0.5864379842802873,0.46664585867220926
H4,CP21R7,HI-TOPK-032,0.334776859070253,0.20918993506189967
H4,RMC-6236,Ralimetinib dimesylate,0.14797404104068057,0.13328686023796524
H4,AZD-7648,Paclitaxel,0.08094560282906366,0.2214122788333081
H4,Gemcitabine,Vemurafenib,0.39260188185208933,0.43688831737117595
H4,BAY1125976,Ipatasertib,0.3895877104431356,0.45016638048707425
H4,Erdafitinib ,LY2090314,0.613970848004163,0.5427387211848047
H4,ETC-206,Tucatinib,0.652771413992643,0.49996805751268486
H4,Abemaciclib,Capmatinib,0.257459933878014,0.23322260876976814
H4,MK-8353,palbociclib,0.25837868496080674,0.10735179890740049
H4,Oxaliplatin,Regorafenib,0.23154978743195742,0.3006031942036698
H4,Encorafenib,olaparib,0.06945439216435209,0.07844354697104974
H4,BAY1125976,Encorafenib,0.5311520039504997,0.4372194826387993
H4,AZD-7648,Methylprednisolone succinate,0.2930306314717269,0.3394152458953877
H4,BI-3406,Volasertib,0.04353947244946979,0.21516459177146607
H4,Abemaciclib,Pralsetinib,0.21113478705838834,0.302255047613905
H4,Capivasertib,ETC-206,0.442142983587041,0.42707232932897043
H4,APTO-253,Sapanisertib,0.4467400993417636,0.3590939398696467
H4,ERK5-IN-2,palbociclib,0.36934132802655434,0.12389613703199011
H4,Methylprednisolone succinate,Pralsetinib,0.4707844547752691,0.3804469239085339
H4,ETC-206,Ralimetinib dimesylate,0.44798030874931893,0.3934543968765337
H4,LY2090314,Ralimetinib dimesylate,0.4984537322408247,0.4214284132287983
H4,Abemaciclib,Irinotecan,0.2545020594644313,0.3439465328827474
H4,Anastrozole,Erdafitinib ,0.36401185801193015,0.4002096815118012
H4,AZD-7648,DT-061,0.6714083561019681,0.5537520428371357
H4,LB-100,Oleic acid,0.5369706414091295,0.4527316587898792
H4,Lapatinib ditosylate,Oleic acid,0.40545476712240824,0.4130664536614502
H4,Afatinib,Sapanisertib,0.6669704124012432,0.6119407437890305
H4,Abemaciclib,Afatinib,0.1967145391165893,0.22190539101553414
H4,Paclitaxel,Sapanisertib,0.7133102818523684,0.5788867009017655
H4,Capmatinib,HI-TOPK-032,0.35755498228967353,0.34985396606630026
H4,Afatinib,LB-100,0.22377471793277828,0.2959050636335248
H4,Futibatinib,Torkinib,0.26640825619971514,0.1990870950936959
H4,AZD-8055,Futibatinib,0.07072800592228651,-0.03203627367490594
H4,HI-TOPK-032,Methylprednisolone succinate,0.43853108002734326,0.31545743403895654
H4,Dabrafenib,Encorafenib,0.7620109567634833,0.6989052505879847
H4,BI-3406,Methylprednisolone succinate,0.15217855616787845,0.20248499516268154
H4,Celecoxib,Oleic acid,0.3905679270456813,0.35428897530633197
H4,Celecoxib,MK-8353,0.5509851042567109,0.43805001882486544
H4,AZD-8055,Everolimus,0.6234702801577762,0.635635166014335
H4,Ipatasertib,ML264,0.47643984584339105,0.44316749918521264
H4,CP21R7,Irinotecan,0.267037174872265,0.20285214422872413
H4,APTO-253,ML264,0.55629832822953,0.2436801449238723
H4,Futibatinib,ULK-101,-0.1495441196214079,0.03879487164547814
H4,Brivudine,Encorafenib,0.06592333876824549,0.23381403364207942
H4,CP21R7,venetoclax,0.361682384317338,0.31110153305224947
H4,Capivasertib,Gemcitabine,0.4435649950652666,0.3097148393080158
H4,Afatinib,Regorafenib,0.5230582472789358,0.4663125873713579
H4,Brivudine,Lapatinib ditosylate,0.023289688730127486,0.19687683846061804
H4,Abemaciclib,Torkinib,0.10111348387903879,0.21310268988824893
H4,Tucatinib,palbociclib,0.46208294856359977,0.36712530199367255
H4,9-ING-41,Tucatinib,0.6096076923530042,0.47521563184361854
H4,BI-3406,Vemurafenib,0.41838619639348507,0.3661410327840331
H4,BAY1125976,Irinotecan,0.30658606765261454,0.29592752355264446
H4,Brivudine,RMC-6236,0.22792476865868302,0.3425072915993064
H4,BAY1125976,RMC-6236,0.12984123570951567,0.1502434953666642
H4,Everolimus,Ipatasertib,0.4874809385273505,0.5253457181768033
H4,Gemcitabine,ULK-101,0.5130371093349049,0.3464157868407555
H4,ERK5-IN-2,RMC-6236,0.27503226544510645,0.17685651528023108
H4,LY2090314,Oleic acid,0.2972877909715273,0.3518126902320759
H4,Encorafenib,Erdafitinib ,0.42546801390736055,0.4165175582373641
H4,ETC-206,Gemcitabine,0.4626716680268634,0.2719747142648324
H4,Afatinib,HI-TOPK-032,0.17247100470752333,0.2817120610190058
H4,Bentamapimod,Vemurafenib,0.5434212922525319,0.5783708087493239
H4,CP21R7,Dabrafenib,0.22838471627993903,0.2742495273040662
H4,Capmatinib,ULK-101,0.4154983476768513,0.36877131397666
H4,Methylprednisolone succinate,Minodronic acid,0.5292804049712596,0.4209567509268163
H4,HI-TOPK-032,Oleic acid,0.44187886961493744,0.3140864875588845
H4,Lapatinib ditosylate,Pralsetinib,0.196140763346124,0.19663141481217533
H4,APTO-253,TAK-733,-0.02772795436723269,0.11526417294016629
H4,Afatinib,CP21R7,0.5320841100778728,0.4764869077147897
H4,CP21R7,Oleic acid,0.29883548867327503,0.21065111223021266
H4,Erdafitinib ,Irinotecan,0.3287602144861009,0.2254274807576908
HCT15,BI-3406,Bortezomib,0.24185000455760633,0.3078113061492738
HCT15,AZD1390,Oxaliplatin,0.27706748102432416,0.30532963225752846
HCT15,Regorafenib,Volasertib,0.35457747668636086,0.400465552814137
HCT15,HI-TOPK-032,Tomivosertib,0.3992530053746665,0.4427862060649709
HCT15,Hydroxyfasudil,LB-100,0.4543016193649191,0.5014423465164206
HCT15,AZD-7648,Anastrozole,0.3240948857128774,0.3026921599763575
HCT15,BI-3406,LY2090314,0.1504636623871179,0.10781092110733916
HCT15,GSK1059615,Ralimetinib dimesylate,0.5353811855977851,0.4822545735062513
HCT15,LJI308,Methylprednisolone succinate,0.32685087258915546,0.3566464048233813
HCT15,AZD-8055,MK-3903,0.6930818949734849,0.5413112401947291
HCT15,GSK1059615,HI-TOPK-032,0.20336161051381996,0.24509964328345307
HCT15,Capivasertib,Dabrafenib,0.04095999950995302,0.1639688051384008
HCT15,Everolimus,Oleic acid,0.34614693734274504,0.45275705297879043
HCT15,Anastrozole,ERK5-IN-2,0.23519949128424272,0.27893406352124084
HCT15,Lonafarnib,Trametinib,0.030161916037669656,0.08582902470505864
HCT15,c-Kit-IN-1,olaparib,0.4591034504699683,0.4527228186257006
HCT15,Gemcitabine,Methylprednisolone succinate,0.46555912095051427,0.4233196005013117
HCT15,Lonafarnib,venetoclax,0.09721045504997837,0.16258478916173813
HCT15,DTP3,Tubulin inhibitor 6,0.3154297779434897,0.3324831659118897
HCT15,Irinotecan,Lapatinib ditosylate,0.4369366738562593,0.4445807158146682
HCT15,Capivasertib,venetoclax,0.021662348882030703,0.13159004559884
HCT15,ML264,PF-06260933,0.4867515064076171,0.4356527005851592
HCT15,9-ING-41,MK-3903,0.5132134872847569,0.2891659722697321
HCT15,Minodronic acid,Pimitespib,0.40057567626359114,0.4413945661260692
HCT15,APTO-253,Erdafitinib ,0.5169065392110671,0.43138467140500025
HCT15,Dabrafenib,Lapatinib ditosylate,0.3037910372937496,0.267785357785852
HCT15,BI-3406,palbociclib,0.5923704307959127,0.49477592818404637
HCT15,APTO-253,Volasertib,0.5445962504476735,0.4666133919998977
HCT15,CP21R7,Futibatinib,0.38821096610768846,0.26940759015292204
HCT15,Brivudine,Lapatinib ditosylate,0.10611411736091109,0.17631418375934838
HCT15,Belumosudil (mesylate),XRK3F2,0.27076002832009866,0.17359587788431063
HCT15,LJI308,c-Kit-IN-1,0.5515122178111529,0.5281705009364263
HCT15,HI-TOPK-032,Ipatasertib,0.15594146016107294,0.2561545195542404
HCT15,DTP3,Oleic acid,0.3418960811384569,0.34783612960751903
HCT15,Celecoxib,Hydroxyfasudil,0.46273646282567915,0.4228850053721238
HCT15,AZD-8055,LB-100,0.37602118176280824,0.3772869622841964
HCT15,Brivudine,NVP-BHG712,0.13874561340889258,0.09032030659236202
HCT15,AZD1390,Lonafarnib,0.1816657132047094,0.20594512358702977
HCT15,Abemaciclib,Ixazomib,0.14344759845642846,0.23961164630211873
HCT15,LB-100,NG25,0.29720040722928615,0.40489012316895134
HCT15,DT-061,DTP3,0.14408464189527725,0.10168367009841915
HCT15,9-ING-41,GSK1059615,0.6231951484939349,0.5031559751641003
HCT15,Anastrozole,Irinotecan,0.4189659659318557,0.2984759263578494
HCT15,Sapanisertib,Vemurafenib,0.6762850756519694,0.5597231187320955
HCT15,BAY1125976,Methylprednisolone succinate,0.18295356395029008,0.19886552617364778
HCT15,Lapatinib ditosylate,MK-8353,0.46722483098837336,0.5476267239131835
HCT15,Methylprednisolone succinate,XRK3F2,0.0854273958119198,0.0894529271734629
HCT15,Brivudine,Trametinib,0.3776908361055236,0.4972415690332631
HCT15,Everolimus,NG25,0.2545598485258965,0.20749768492563497
HCT15,Oleic acid,TAK-733,0.13522176746477854,0.15884306475281776
HCT15,Ralimetinib dimesylate,Regorafenib,0.5563231390685124,0.45969407377161475
HCT15,Ixazomib,TAK-901,0.08886444509489924,0.1381382848819425
HCT15,MK-3903,Trametinib,0.6993196114302948,0.6284071922579846
HCT15,CP21R7,vincristine,0.1809482427440654,0.27527183283836865
HCT15,AT7519,Everolimus,0.384134614881254,0.5126879214075993
HCT15,Pemigatinib,ULK-101,0.2842820133120597,0.2695631296082011
HCT15,Oleic acid,Paclitaxel,-0.09710614657022466,0.03465221464022731
HCT15,MK-3903,Pralsetinib,0.39083955022084754,0.33222990141348074
HCT15,Anastrozole,Belumosudil (mesylate),0.3318594801142321,0.24064718817351374
HCT15,Encorafenib,palbociclib,0.5419002569076132,0.3944046110327981
HCT15,Pralsetinib,SBI-0640756,0.27461718792533224,0.31318521579862046
HCT15,Capivasertib,TAK-733,0.053575121415984375,0.20118606534751687
HCT15,DT-061,NG25,0.27697029509154625,0.1931764205519276
HCT15,Hydroxyfasudil,Ixazomib,0.27772107476382324,0.26162402498381665
HCT15,DT-061,palbociclib,0.4215249934473844,0.4087225861560191
HCT15,Encorafenib,vincristine,-0.41752199027398273,-0.3372682229882614
HCT15,Bortezomib,Sapanisertib,0.12928670567949335,0.23537069918011777
HCT15,Celecoxib,Regorafenib,0.26877473935995333,0.2825851408355036
HCT15,BAY1125976,Bentamapimod,0.4344577301955867,0.3764575930495042
HCT15,Bortezomib,palbociclib,0.16534638722158443,0.34446519703858414
HCT15,BI-78D3,Ipatasertib,0.6289717186337136,0.571539154056538
HCT15,Bentamapimod,Capmatinib,0.23287727354042498,0.2166259561108653
HCT15,AZD-7648,Dabrafenib,-0.20713919931376926,-0.038864365370650286
HCT15,DT-061,Vemurafenib,0.152995949909984,0.19660727793087765
HCT15,DT-061,PF-06260933,0.05310927144620162,0.29457742367200634
HCT15,BI-3406,TAK-733,0.5287932601821521,0.42795807654464485
HCT15,DTP3,TAK-733,-0.09481400667595627,-0.030028019336947886
HCT15,Gemcitabine,MK-8353,0.48393874300597656,0.5055641573757462
HCT15,BI-3406,Pimitespib,-0.06455855006569128,-0.04735472848330007
HCT15,Capmatinib,ETC-206,0.17609722169786482,0.2801408209013476
HCT15,Lonafarnib,Temuterkib,0.11682209622507923,0.21970839896474273
HCT15,Erdafitinib ,Paclitaxel,0.41315709145357504,0.3847086296557931
HCT15,AZD-7648,RMC-6236,0.32274388654053254,0.35245206220141856
HCT15,AZD2858,Abemaciclib,0.31289036003186854,0.3030882520254427
HCT15,BAY1125976,EX229,0.10117552991511722,0.13061402821505322
HCT15,GSK1059615,Oleic acid,0.0503120474917471,0.0709061163543091
HCT15,Afatinib,Sapanisertib,0.6623238902690709,0.6163851915570877
HCT15,Lapatinib ditosylate,Pralsetinib,0.2567759116326661,0.22798599061469946
HCT15,Lapatinib ditosylate,MK-3903,0.29617619796615086,0.24300049188465878
HCT15,Lapatinib ditosylate,Minodronic acid,0.4769114385416316,0.4574379611097338
HCT15,BAY1125976,venetoclax,-0.01935936389377812,0.020271144434217528
HCT15,Dabrafenib,NG25,-0.17910997331104894,-0.03524721781939592
HCT15,Abemaciclib,ML264,0.37099230015558327,0.29885169586041027
HCT15,AZD-7648,MK-3903,0.3408812509745294,0.31265536553437867
HCT15,Pimitespib,Ralimetinib dimesylate,0.01571238540850443,0.1611038867026347
HCT15,Irinotecan,Trametinib,0.2773202153997457,0.3594340122291449
HCT15,AZD-8055,Futibatinib,0.05866122871919744,-0.006052905024034168
HCT15,Infigratinib,Pralsetinib,0.3262258843109348,0.3328805309896366
HCT15,PH-797804,vincristine,0.09060089462250992,0.13331275431846884
HCT15,Anastrozole,Methylprednisolone succinate,0.5320787751744106,0.46269341249080276
HCT15,AZD1390,Tucatinib,0.4832584620725859,0.41306278590277673
HCT15,Capmatinib,Lapatinib ditosylate,0.3150612713300401,0.4129042705601098
HCT15,Oxaliplatin,Trametinib,-0.17431871235874963,-0.1571261123546282
HCT15,Gemcitabine,Hydroxyfasudil,0.4786054565218375,0.37487844975255574
HCT15,NVP-BHG712,PF-06260933,0.10435074280476263,0.055622166278298246
HCT15,XRK3F2,vincristine,-0.3424776962500873,-0.20746471737043148
HCT15,DT-061,Paclitaxel,0.07593399747342264,0.11819914281229646
HCT15,Anastrozole,palbociclib,0.2927330993806674,0.1720973816838796
HCT15,Belumosudil (mesylate),Torkinib,0.2411615322109284,0.2920568502285682
HCT15,Torkinib,venetoclax,0.18588018438168513,0.18417105410146334
HCT15,Bentamapimod,Capivasertib,0.2027846986438259,0.2887322055566649
HCT15,AZD2858,Bortezomib,0.19792130252612147,0.13746767913681582
HCT15,Bortezomib,LY2090314,-0.09751110135219504,-0.09356536032010293
HCT15,Encorafenib,LJI308,0.23685711340245927,0.3066972970369466
HCT15,Pimitespib,olaparib,0.36510336865279164,0.40700802838361105
HCT15,AZD2858,Oleic acid,0.4754555847486758,0.49402785018654355
HCT15,Lonafarnib,ULK-101,0.10475753421576736,0.1796488635158804
HCT15,APTO-253,Dabrafenib,0.7911495590193993,0.7173407229102502
HCT15,HI-TOPK-032,Pemigatinib,0.1021144906504085,0.1317907790658682
HCT15,Minodronic acid,Volasertib,0.3043741604260098,0.3601530467244335
HCT15,Bentamapimod,Paclitaxel,0.6506865691975499,0.56465217245797
HCT15,Pemigatinib,SBI-0640756,0.15064671678381175,0.20173978558620925
HCT15,PH-797804,c-Kit-IN-1,0.5921427164928598,0.53344955318326
HCT15,BI-3406,Encorafenib,0.6500140882950299,0.6336065687619507
HCT15,AZD2858,Pralsetinib,0.3763340777337906,0.29999626239186306
HCT15,Adagrasib,Tomivosertib,0.45823966263835203,0.4736395580038077
HCT15,BI-78D3,Capivasertib,0.13571206912777725,0.3364077929959016
HCT15,Anastrozole,NG25,0.16693753869423644,0.21676830249078757
HCT15,DT-061,Ralimetinib dimesylate,0.14509160876675847,0.21607223609669318
HCT15,EX229,Gemcitabine,0.4824527218026691,0.5073404758627773
HCT15,Anastrozole,Pimitespib,0.35612747692569696,0.3392861655620372
HCT15,BI-78D3,Capmatinib,0.32582844940224226,0.3272945046954358
HCT15,Hydroxyfasudil,venetoclax,0.3379626533405209,0.19540067774860356
HCT15,DT-061,ML264,0.05517165930365868,0.1647211876427124
HCT15,ETC-206,Pimitespib,0.3731482707391926,0.36124800607309526
HCT15,Bimiralisib,Oxaliplatin,-0.19438992320232193,-0.18641596849220973
HCT15,EX229,PH-797804,0.6175499331025286,0.5932760463297835
HCT15,DT-061,Tucatinib,0.26028633895169656,0.2725486618028352
HCT15,Gemcitabine,Ipatasertib,0.3613145695078061,0.4215989387275332
HCT15,Capivasertib,LB-100,0.3912298862771766,0.5278531770778303
HCT15,AZD-7648,venetoclax,0.39913968738622874,0.4122211220154108
HCT15,ML264,NVP-BHG712,0.4440001057635107,0.456768235209511
HCT15,Bimiralisib,PF-06260933,-0.0329571215433703,0.10582157879611404
HCT15,DTP3,Dabrafenib,0.33085866109073425,0.3292090231184038
HCT15,AZD-8055,ULK-101,0.27696257095486637,0.34984099646318434
HCT15,Celecoxib,Ralimetinib dimesylate,0.24286070466379328,0.3220210962650855
HCT15,MK-3903,Methylprednisolone succinate,0.3914153349244717,0.3069843341407703
HCT15,AZD1390,Erdafitinib ,0.2898033647758043,0.25967760186016026
HCT15,Bimiralisib,Temuterkib,0.5080944247350528,0.400832518890531
HCT15,DT-061,vincristine,0.1992165823330126,0.22063446263012446
HCT15,ML264,vincristine,0.028960349526845123,0.21209851458002488
HCT15,NVP-BHG712,RMC-6236,0.27522635194211403,0.11315777259877588
HCT15,APTO-253,Tomivosertib,0.13900273439369157,0.27050079242557085
HCT15,Oleic acid,olaparib,0.4200735652688673,0.39075668895063365
HCT15,ML264,Methylprednisolone succinate,0.21187387737967983,0.30775017746642386
HCT15,Afatinib,PH-797804,0.21628372662508408,0.31423085336096673
HCT15,Bimiralisib,CP21R7,0.2607887868741546,0.13418581058643642
HCT15,TAK-733,olaparib,0.3479281003689232,0.39403531270209663
HCT15,Methylprednisolone succinate,c-Kit-IN-1,0.2283966699536066,0.2631526272729489
HCT15,Oxaliplatin,Regorafenib,0.06360365472604176,0.05356622598729916
HCT15,Gemcitabine,Ixazomib,0.37770520181655276,0.31935106469691626
HCT15,Ipatasertib,Sapanisertib,0.692013118632318,0.5260198070633437
HCT15,Brivudine,DTP3,-0.0029087147576367205,0.06745421779983007
HCT15,Bentamapimod,ERK5-IN-2,0.5139213746665384,0.43086441647295576
HCT15,DTP3,RMC-6236,-0.02880258612217537,-0.004807794830530988
HCT15,Oleic acid,Trametinib,-0.09956233523040506,-0.08878501228069945
HCT15,Erdafitinib ,vincristine,0.3762868656701977,0.45182365746796455
HCT15,APTO-253,TAK-901,0.0004391817841313539,0.02511573170442099
HCT15,AZD1390,TAK-901,0.09145134629867488,0.24420804548195033
HCT15,Tucatinib,vincristine,0.3891124126361829,0.40485331040074846
HCT15,EX229,Sapanisertib,0.34982584606699363,0.41552796437451267
HCT15,APTO-253,RMC-6236,0.08974791871297913,0.04944365853210142
HCT15,RMC-6236,c-Kit-IN-1,0.2629375975472993,0.41024030751977203
HCT15,Oxaliplatin,Torkinib,0.5183214463685653,0.5537651286724427
HCT15,AZD2858,Dabrafenib,0.06727958091486995,0.18861321537329354
HCT15,Abemaciclib,LY2090314,-0.044054452979364875,0.11809238650074594
HCT15,NG25,olaparib,0.1277731715126309,0.17207102604354474
HCT15,Ipatasertib,LJI308,0.3104694575091414,0.33959394237980467
HCT15,Methylprednisolone succinate,PF-06260933,0.16176278128273996,0.23571139788697998
HCT15,AZD1390,Bimiralisib,0.20396203447283054,0.19397438281049278
HCT15,BI-78D3,Vemurafenib,0.5917881661387968,0.5315518176771388
HCT15,BI-78D3,vincristine,-0.045113788344236974,0.12563646458825625
HCT15,Capmatinib,SBI-0640756,0.24754212720099444,0.3129104853808315
HCT15,HI-TOPK-032,LJI308,0.40164988646933875,0.4218666297334348
HCT15,PH-797804,RMC-6236,0.2515291869691695,0.37118499073119987
HCT15,LB-100,Pralsetinib,0.27511392916164573,0.2988046149624534
HCT15,LY2090314,Oleic acid,0.3160285484625035,0.500959793996479
HCT15,GSK1059615,Ipatasertib,0.6088241029433934,0.6035582977688506
HCT15,EX229,venetoclax,0.7713456230504592,0.6891553431876993
HCT15,Hydroxyfasudil,PF-06260933,0.25691299624574104,0.284752181658844
HCT15,AT7519,Capivasertib,0.42375986195342463,0.5488827884030351
HCT15,Tucatinib,olaparib,0.36045194168454653,0.3198423623514507
HCT15,AZD2858,Afatinib,0.07480554730015815,0.01915080392150896
HCT15,Bimiralisib,Ipatasertib,0.7608393172965202,0.6487280126878396
HCT15,BI-3406,Ipatasertib,0.6948321631612117,0.5902002013614083
HCT15,9-ING-41,olaparib,0.18881258941904835,0.13495472184436894
HCT15,Vemurafenib,Volasertib,0.3634804452241598,0.31911819212290404
HCT15,Oxaliplatin,XRK3F2,-0.06862102086906843,-0.028245031584357486
HCT15,NG25,NVP-BHG712,0.24590362322132808,0.2735203252774187
HCT15,Bortezomib,MK-3903,0.214579878594093,0.21009377957504882
HEC-1-A,Lapatinib ditosylate,Sonidegib,0.1729836800452317,0.19672209630258441
HEC-1-A,Trametinib,palbociclib,0.8277662016804689,0.8084474330041588
HEC-1-A,Elimusertib hydrochloride,Ixazomib,0.7563658201419583,0.7441333559457078
HEC-1-A,Everolimus,Torkinib,0.5574201207195596,0.5082331743426707
HEC-1-A,Gemcitabine,Paclitaxel,0.7214100319887243,0.714382142711517
HEC-1-A,AZD1390,c-Kit-IN-1,0.4347691233698171,0.49911379133563843
HEC-1-A,Binimetinib,Everolimus,0.2590055312348066,0.3233534117909884
HEC-1-A,Pemigatinib,palbociclib,0.31406970659616923,0.27151841589877257
HEC-1-A,Bimiralisib,DT-061,0.6753881649461609,0.7332847267057894
HEC-1-A,EX229,TAK-733,0.8477207008787498,0.8442177328405431
HEC-1-A,Anastrozole,vincristine,0.43010766227523006,0.42151605693818184
HEC-1-A,Hydroxyfasudil,PH-797804,0.2335465685295987,0.21728298552386
HEC-1-A,AZD1390,Paclitaxel,0.5024372119077658,0.5214848051762271
HEC-1-A,ERK5-IN-2,PF-06260933,0.35427868203752355,0.3932332591001935
HEC-1-A,Encorafenib,TAK-733,0.46545948393681036,0.49128926725404587
HEC-1-A,Ipatasertib,ML264,0.7657711324558264,0.7467971291457278
HEC-1-A,Belumosudil (mesylate),Tomivosertib,0.5230357580017704,0.5691458707770573
HEC-1-A,Afatinib,Pimitespib,0.024741399422771447,0.029511460322937895
HEC-1-A,Bentamapimod,Everolimus,0.7127694752629595,0.6854657743504454
HEC-1-A,Afatinib,IQ 1,0.7480242734462073,0.7225179251818833
HEC-1-A,TAK-901,c-Kit-IN-1,0.4133636319406818,0.4605708798605629
HEC-1-A,AZD1390,Erdafitinib ,0.3502101350756702,0.2224727123781858
HEC-1-A,CP21R7,vincristine,0.14314060908127285,0.1319256051467942
HEC-1-A,AT7519,Pemigatinib,0.33499731469870375,0.35582487951222797
HEC-1-A,Capmatinib,Pimitespib,0.17852656493270772,0.07491146583806228
HEC-1-A,ML264,Regorafenib,0.6681823550445511,0.6527146163539121
HEC-1-A,Erdafitinib ,MK-8353,0.7236289120597788,0.6567418284455067
HEC-1-A,LY2090314,PH-797804,-0.1738495387260827,-0.22334780363538018
HEC-1-A,4EGI-1,RMC-6236,0.1641609029075504,0.24710058077545213
HEC-1-A,Dabrafenib,PF-06260933,0.44403467818708525,0.4178492030910247
HEC-1-A,Belumosudil (mesylate),Torkinib,0.54809735355197,0.5648421204197095
HEC-1-A,APTO-253,Ipatasertib,0.41548291377759383,0.3256768208179816
HEC-1-A,MK-8353,ML264,0.3942654843437743,0.3019505801588406
HEC-1-A,AZD1390,Binimetinib,0.27054030286135317,0.34932985489786755
HEC-1-A,GSK1059615,Torkinib,0.33151798950414574,0.3683752159776018
HEC-1-A,AT7519,Adagrasib,0.47776592611957736,0.5161093244006626
HEC-1-A,AZD-7648,PH-797804,0.2135424874152388,0.24568525848161946
HEC-1-A,PH-797804,XRK3F2,0.0773870737006669,0.176520897935328
HEC-1-A,DTP3,IQ 1,0.4837665804138478,0.458409543510328
HEC-1-A,Torkinib,vincristine,0.5876966536397021,0.5804394487124774
HEC-1-A,Abemaciclib,DTP3,-0.027189252755539337,0.07085430989475566
HEC-1-A,Methylprednisolone succinate,TAK-901,0.2881441573015048,0.2788809508760426
HEC-1-A,MK-3903,NVP-BHG712,0.604810445992425,0.6138102348046294
HEC-1-A,DTP3,Infigratinib,0.2102324739178105,0.21075631714039067
HEC-1-A,Ipatasertib,Torkinib,0.2516008592443672,0.2363011861909175
HEC-1-A,BAY1125976,MK-8353,0.4182588525590374,0.4801430089813827
HEC-1-A,Afatinib,Hydroxyfasudil,0.18101804089507412,0.21992021722018945
HEC-1-A,Celecoxib,Infigratinib,0.3060089011003623,0.2791536668715212
HEC-1-A,Belumosudil (mesylate),HI-TOPK-032,0.5793090660974776,0.6001192879030646
HEC-1-A,Temuterkib,Vemurafenib,0.6653175104806226,0.6595798428393718
HEC-1-A,EX229,Trametinib,0.45828275626454507,0.5445676826372573
HEC-1-A,4EGI-1,AZD2858,0.48652650414285903,0.4823419273859702
HEC-1-A,ETC-206,PH-797804,0.30100677692385586,0.21933357803908374
HEC-1-A,Capmatinib,DT-061,0.8048418232954023,0.804093188552458
HEC-1-A,Binimetinib,ETC-206,0.2905241317844423,0.32519944143994894
HEC-1-A,Bentamapimod,XRK3F2,0.622305161354023,0.5953309241228838
HEC-1-A,Hydroxyfasudil,NVP-BHG712,0.3134330602825146,0.35904863727340197
HEC-1-A,EX229,Hydroxyfasudil,0.31478652110384736,0.2751096052075067
HEC-1-A,AZD-8055,NG25,0.663371398005691,0.680604860718776
HEC-1-A,LY2090314,olaparib,0.20034938977706676,0.09778140435515568
HEC-1-A,Adagrasib,Lapatinib ditosylate,0.0247463168206365,0.08857889548463221
HEC-1-A,9-ING-41,Ixazomib,0.6147299328183646,0.6057582011290673
HEC-1-A,Brivudine,Tubulin inhibitor 6,0.6710103618649449,0.6318363135747946
HEC-1-A,AZD-8055,Hydroxyfasudil,0.40440792050988356,0.44518146015372995
HEC-1-A,EX229,Tucatinib,0.23671515174145,0.2374237264806362
HEC-1-A,Oleic acid,Volasertib,0.4848068459167221,0.44386655760201177
HEC-1-A,NG25,SBI-0640756,0.25212902456483144,0.29186046282011857
HEC-1-A,Capivasertib,RMC-6236,0.04633750233503217,0.13982216950877396
HEC-1-A,Ralimetinib dimesylate,Sonidegib,0.06919356778514264,0.07121742638169262
HEC-1-A,Hydroxyfasudil,venetoclax,0.36086678803696154,0.30387465278733367
HEC-1-A,DTP3,SBI-0640756,0.241033677168472,0.26706585097136437
HEC-1-A,ERK5-IN-2,GSK1059615,0.7431169497890489,0.7550683259575324
HEC-1-A,Binimetinib,Volasertib,0.3234441886496213,0.35674218853645795
HEC-1-A,Binimetinib,Hydroxyfasudil,0.19033432389685034,0.21396204492013637
HEC-1-A,Alpelisib,Tucatinib,0.35569040962433,0.37038339313499985
HEC-1-A,Belzutifan,Gemcitabine,0.4044342092921347,0.37859926906273345
HEC-1-A,GSK1059615,Ipatasertib,0.654527601468775,0.6640282297293066
HEC-1-A,GSK1059615,HI-TOPK-032,0.45292784161768834,0.5165006392705486
HEC-1-A,TAK-901,Torkinib,0.22734838633140186,0.26539280434561274
HEC-1-A,AZD-8055,Futibatinib,0.32223139236220005,0.21833272939723888
HEC-1-A,Volasertib,XRK3F2,0.42215512330008376,0.4432149796204594
HEC-1-A,AZD2858,LB-100,0.5417422631789206,0.532490772404069
HEC-1-A,AZD-8055,LY-2584702 (tosylate salt),-0.07432080985190317,-0.020394735414882043
HEC-1-A,AZD2858,HI-TOPK-032,0.49513182385791954,0.4782561753127425
HEC-1-A,AZD2858,Trametinib,0.16074652245561094,0.24983131749265083
HEC-1-A,AZD2858,MK-8353,0.55419571959058,0.478242450482585
HEC-1-A,Bimiralisib,RMC-6236,0.8868807660309193,0.8703108032099347
HEC-1-A,BI-78D3,TAK-733,0.3560508826351816,0.36418223909167025
HEC-1-A,Capivasertib,c-Kit-IN-1,0.2790636994313954,0.2840844911719507
HEC-1-A,Lapatinib ditosylate,Oleic acid,0.511609600748674,0.489696793614997
HEC-1-A,CP21R7,PF-06260933,0.30452644003837936,0.25881197154183516
HEC-1-A,HI-TOPK-032,Sapanisertib,0.10884337057850182,0.2950683733955923
HEC-1-A,SBI-0640756,ULK-101,0.5345028502157385,0.5320085316775515
HEC-1-A,BAY1125976,TAK-901,-0.13893390763663355,-0.04259237063565022
HEC-1-A,NG25,Vemurafenib,0.7540573175036142,0.7044924353899463
HEC-1-A,Ipatasertib,Tomivosertib,0.46705593388056604,0.44711603993122817
HEC-1-A,IQ 1,c-Kit-IN-1,0.31019431352149,0.3354959583982231
HEC-1-A,Capmatinib,Elimusertib hydrochloride,0.8461228897231848,0.8156814581274254
HEC-1-A,AZD2858,Abemaciclib,0.3317280707271807,0.35041730060371745
HEC-1-A,Gemcitabine,Pimitespib,0.5004868675724751,0.40923376010574736
HEC-1-A,AZD2858,MK-3903,0.32663400899625256,0.3380279778961705
HEC-1-A,Bortezomib,olaparib,0.36667076295473566,0.38413967621256817
HEC-1-A,Minodronic acid,TAK-733,0.2724726881693013,0.2580494312759528
HEC-1-A,DT-061,Pralsetinib,0.4954816165322969,0.4676390718406829
HEC-1-A,BAY1125976,Bortezomib,0.035141791545553816,0.07587253589820386
HEC-1-A,LB-100,OTS514,0.17719546717075957,0.146232735724196
HEC-1-A,AZD-8055,venetoclax,0.4328982534269296,0.5507096957544548
HEC-1-A,BI-3406,RMC-6236,0.9734181629638006,0.9617067129584245
HEC-1-A,Ipatasertib,Ralimetinib dimesylate,0.7985961949427921,0.7679883994160234
HEC-1-A,MK-3903,palbociclib,0.5897173671321984,0.5734804769433527
HEC-1-A,CP21R7,Infigratinib,0.2742693752544446,0.24217385852740592
HEC-1-A,Minodronic acid,Sapanisertib,0.1762611642640044,0.1927555157151411
HEC-1-A,Capmatinib,DTP3,0.2009364871993115,0.16920790953099835
HEC-1-A,Ralimetinib dimesylate,XRK3F2,0.7696910432097855,0.7747749810493813
HEC-1-A,Capmatinib,Lapatinib ditosylate,0.37086463939311803,0.34838553103004977
HEC-1-A,4EGI-1,ETC-206,0.5455553838345426,0.5975444847495001
HEC-1-A,BAY1125976,Brivudine,-0.1267078448131821,-0.00748198244750771
HEC-1-A,Irinotecan,Torkinib,0.7017785362151756,0.6435776240829277
HEC-1-A,Hydroxyfasudil,Tomivosertib,0.46565345717834805,0.42207325798666806
HEC-1-A,LB-100,LY2090314,0.49398592159844645,0.46058355400351325
HEC-1-A,EX229,IQ 1,0.4317383952245909,0.4391187064868838
HEC-1-A,Encorafenib,Infigratinib,0.1995790826187011,0.14578456815694463
HEC-1-A,DTP3,c-Kit-IN-1,-0.01973490118265441,0.060627666094134176
HEC-1-A,Celecoxib,Pralsetinib,0.5898374056688211,0.5236491398180023
HEC-1-A,Ixazomib,Oxaliplatin,0.33085703124579535,0.33017479714095876
HEC-1-A,Capmatinib,HI-TOPK-032,0.4397121564582134,0.4611106415018313
HEC-1-A,Belzutifan,palbociclib,0.5075921017556605,0.5003607876678117
HEC-1-A,Alpelisib,Tomivosertib,0.1883347145954696,0.27669861633283266
HEC-1-A,Brivudine,Irinotecan,0.6061425811899812,0.5889702813306572
HEC-1-A,NG25,vincristine,0.010906797504028058,0.09066618790512673
HEC-1-A,Bimiralisib,DTP3,0.35936547067826075,0.3165650988987803
HEC-1-A,Abemaciclib,NVP-BHG712,0.1345407103674753,0.1838490572165103
HEC-1-A,AZD-8055,LB-100,0.45703077279390725,0.49921618465173406
HEC-1-A,Encorafenib,c-Kit-IN-1,0.26096354208612726,0.3005170304672675
HEC-1-A,Brivudine,HI-TOPK-032,0.8473602361513348,0.857702702751092
HEC-1-A,Oxaliplatin,Trametinib,0.18704791567555262,0.23105942781605365
HEC-1-A,Bortezomib,LJI308,0.22244436688407437,0.25465526173235103
HEC-1-A,Capmatinib,Oleic acid,0.18330961356178463,0.16415466716659965
HEC-1-A,AZD2858,Ipatasertib,0.16158224976202523,0.12779243446714
HEC-1-A,LY-2584702 (tosylate salt),MK-8353,0.2663194590607604,0.23282231852635377
HEC-1-A,Anastrozole,Tubulin inhibitor 6,0.6958046658527604,0.6667669216383448
HEC-1-A,HI-TOPK-032,IQ 1,0.39410548800823125,0.44928863846367
HEC-1-A,9-ING-41,GSK1059615,0.7459883333117601,0.7481018476733505
HEC-1-A,BI-3406,MK-3903,0.6426626051318949,0.6254680104075134
HEC-1-A,LB-100,Pralsetinib,0.45622592739256057,0.4221910008270051
HEC-1-A,Adagrasib,Sonidegib,0.7069370446852873,0.672092825188112
HEC-1-A,Bortezomib,Ixazomib,0.11904771454827001,0.1695230568579404
HEC-1-A,LY2090314,Sapanisertib,0.40330626839317696,0.3617506343793121
HEC-1-A,BI-78D3,Everolimus,0.6661672834964373,0.6280556631295036
HEC-1-A,Erdafitinib ,Regorafenib,0.541308499888646,0.490530990896398
HEC-1-A,ERK5-IN-2,Oxaliplatin,0.3140911530466115,0.28319879883365373
HEC-1-A,PH-797804,olaparib,0.46266068923581916,0.47392295622286035
HEC-1-A,Belzutifan,ETC-206,0.2664931591320103,0.26605062239982175
HEC-1-A,Tucatinib,ULK-101,0.5084786405051442,0.47509629970012546
HEC-1-A,LY-2584702 (tosylate salt),olaparib,0.3734692434350688,0.364929402888561
HEC-1-A,Infigratinib,Torkinib,0.3115378819336226,0.2638087158455338
HEC-1-A,DTP3,Tucatinib,0.289249020068874,0.27409547678007595
HEC-1-A,Alpelisib,palbociclib,0.864168580376646,0.8286742687393941
HEC-1-A,AT7519,Bortezomib,0.22550210235764256,0.1916733808297409
HEC-1-A,Abemaciclib,GSK1059615,0.2867332395639548,0.3482983430750999
HEC-1-A,BI-3406,Lapatinib ditosylate,0.34533350221469655,0.3606762456075565
HEC-1-A,GSK1059615,Regorafenib,0.7380819020983507,0.743613943668966
HEC-1-A,Dabrafenib,Ipatasertib,0.24430948220614723,0.20478674866517488
HEC-1-A,HI-TOPK-032,Paclitaxel,0.5864213288919021,0.6324993311276692
HEC-1-A,EX229,Sonidegib,0.4284675003578022,0.4614094519695634
HEC-1-A,Gemcitabine,LY2090314,0.47536795733151693,0.36639809819602953
HEC-1-A,AZD2858,Everolimus,0.573935806328317,0.5345453573844016
HEC-1-A,Oleic acid,Pemigatinib,0.4163264014973785,0.3958229110894367
HEC-1-A,Trametinib,olaparib,0.42216650202753814,0.5297730150058807
HEC-1-A,4EGI-1,OTS514,0.5281178863313133,0.47565250129262754
HEC-1-A,AT7519,Anastrozole,0.6305962643919849,0.6144768644201605
HEC-1-A,Elimusertib hydrochloride,palbociclib,0.7647022374566281,0.7582959661569012
HEC-1-A,Hydroxyfasudil,Regorafenib,0.3911592482919899,0.34108275611440037
HEC-1-A,Belzutifan,DTP3,0.3911513840463252,0.3584673164373435
HEC-1-A,Adagrasib,Pimitespib,0.5330052036869506,0.5488784721684257
HEC-1-A,ERK5-IN-2,Oleic acid,0.26931964489160876,0.2565399279067499
HEC-1-A,MK-8353,Paclitaxel,0.3324713468966362,0.23863736602267424
HEC-1-A,9-ING-41,Encorafenib,0.8964528684696644,0.8721094145897546
HEC-1-A,Brivudine,Oleic acid,0.3758792351273757,0.34478405831005743
HEC-1-A,Celecoxib,TAK-733,0.23968369716113236,0.24233255698050593
HEC-1-A,AZD2858,ULK-101,0.465647690946922,0.4423929272896413
HEC-1-A,Elimusertib hydrochloride,Trametinib,0.8031602078757069,0.8168566049129156
HEC-1-A,Elimusertib hydrochloride,Oxaliplatin,0.25982741717902724,0.2743168321667284
HEC-1-A,XRK3F2,c-Kit-IN-1,0.18248675082244029,0.2906672535847388
HEC-1-A,Anastrozole,Oleic acid,0.6267069762642695,0.5902265485761816
HEC-1-A,LY-2584702 (tosylate salt),Oleic acid,0.5274512866886352,0.5105077376074573
HEC-1-A,SBI-0640756,vincristine,0.24472386959854747,0.2912779605113324
HEC-1-A,BAY1125976,Irinotecan,0.10950843149507489,0.24411489726084012
HEC-1-A,Bortezomib,Irinotecan,0.28930906802136575,0.30141029825372395
HEC-1-A,CP21R7,LJI308,0.5242918787977786,0.4420507514069498
HEC-1-A,LY2090314,venetoclax,-0.11505687897484054,-0.15602422509397199
HEC-1-A,APTO-253,PH-797804,0.42612946285153214,0.33392473012268215
HEC-1-A,Dabrafenib,RMC-6236,-0.03538765895078851,-0.09996417673628719
HEC-1-A,LJI308,ULK-101,0.5883375927979183,0.6424471073770223
HEC-1-A,HI-TOPK-032,MK-3903,0.4022750803387605,0.5278241109193975
HEC-1-A,DT-061,Temuterkib,0.42536276071246043,0.42740983148158207
HEC-1-A,Anastrozole,LY2090314,0.41328254678506576,0.38311525988111594
HEC-1-A,NVP-BHG712,Trametinib,0.6023538958984628,0.6398760624039098
HEC-1-A,CP21R7,Sapanisertib,0.4650167510094374,0.4692409294363207
HEC-1-A,4EGI-1,Vemurafenib,0.3503768616198597,0.3482016921177977
HOP62,AZD-7648,Trametinib,0.798337321448266,0.7835328812649038
HOP62,Abemaciclib,venetoclax,0.5922071277156685,0.6171547692180039
HOP62,4EGI-1,Bimiralisib,0.34447704073131596,0.41073854922546094
HOP62,Bimiralisib,Volasertib,0.14528845108578833,0.2536447078890969
HOP62,Bortezomib,ML264,0.16025779597926101,0.12717299366282797
HOP62,9-ING-41,Sapanisertib,0.6375618698791201,0.571939030131534
HOP62,ETC-206,palbociclib,0.4443287613171366,0.25319140510495325
HOP62,Anastrozole,Encorafenib,0.21802010512556552,0.2571212391591293
HOP62,BAY1125976,Celecoxib,0.22229301749208627,0.12699151725014884
HOP62,AT7519,AZD-8055,-0.10043119955506652,-0.09892552493531942
HOP62,Belzutifan,MK-8353,0.5615299780040983,0.528979731977866
HOP62,Ixazomib,RMC-6236,0.6878186425925313,0.7447540904794592
HOP62,RMC-6236,Vemurafenib,0.8161588050827889,0.8402093242710158
HOP62,APTO-253,NG25,-0.18487053076031143,0.054969354831192155
HOP62,AT7519,Minodronic acid,0.5644238511722277,0.5595015361784055
HOP62,Brivudine,Pralsetinib,0.5555148297835549,0.66243721459728
HOP62,Hydroxyfasudil,OTS514,0.13693210212329138,0.13561666187902235
HOP62,Adagrasib,Capmatinib,0.7856866521705987,0.7705374604716855
HOP62,Abemaciclib,OTS514,-0.14759982761920326,-0.11130475819341139
HOP62,Binimetinib,ETC-206,0.20410963603453242,0.19864860952763194
HOP62,Gemcitabine,Infigratinib,0.5623663457262397,0.5108920981832258
HOP62,APTO-253,Tomivosertib,0.11829771740701897,0.34251788822502394
HOP62,Abemaciclib,Pralsetinib,0.46075354357438264,0.5064379266781964
HOP62,CP21R7,IQ 1,0.6791238563644111,0.5081706469712087
HOP62,AZD-8055,Sapanisertib,0.4582729962571309,0.4155638395310738
HOP62,4EGI-1,Pemigatinib,0.6882216300086603,0.6522046390594333
HOP62,Bentamapimod,HI-TOPK-032,0.28832088515482673,0.2501231390237391
HOP62,Afatinib,EX229,0.6158257570123198,0.6991392980659856
HOP62,Dabrafenib,c-Kit-IN-1,-0.03273375058370384,0.1431695422548737
HOP62,ERK5-IN-2,Temuterkib,0.446826563912087,0.41907418138189056
HOP62,Abemaciclib,CP21R7,0.25611698972535324,0.28312163147701175
HOP62,Capmatinib,Regorafenib,0.9047601219782843,0.878875869968727
HOP62,PH-797804,Pralsetinib,0.41352011851952153,0.4421477710581804
HOP62,Hydroxyfasudil,Lonafarnib,0.41843151337976514,0.35645490415000325
HOP62,Tubulin inhibitor 6,Volasertib,0.5320789776437401,0.619351429759667
HOP62,MK-3903,ML264,0.39701344197507804,0.3206661159513207
HOP62,Celecoxib,Sapanisertib,0.17890780019393843,0.0640649962636538
HOP62,Hydroxyfasudil,c-Kit-IN-1,0.5436009526561978,0.5130409651212746
HOP62,Brivudine,Infigratinib,0.2489443234293558,0.3770989490847312
HOP62,Sapanisertib,ULK-101,0.32067391208629337,0.38259095084444394
HOP62,DT-061,HI-TOPK-032,0.693314777471057,0.6366650685630383
HOP62,PH-797804,Sapanisertib,0.12758007640696498,0.2683917207458661
HOP62,BI-78D3,Ralimetinib dimesylate,0.8042914012959078,0.7674153620733358
HOP62,Everolimus,Regorafenib,0.20089940663165567,0.3007300624067548
HOP62,Belumosudil (mesylate),OTS514,0.2256688056393521,0.143370111440905
HOP62,TAK-901,Tomivosertib,0.3842954824548106,0.4518188429423137
HOP62,9-ING-41,RMC-6236,0.6478994647469514,0.6425039311300024
HOP62,BI-78D3,Pemigatinib,0.5722496571836131,0.5014345061838448
HOP62,LY2090314,Sapanisertib,0.256517099320244,0.09646314406652329
HOP62,Gemcitabine,venetoclax,0.5394763717960553,0.6208055687214606
HOP62,Adagrasib,ERK5-IN-2,0.5459795336851134,0.49443565694776154
HOP62,ETC-206,TAK-901,0.015221636313745124,0.016771628089820155
HOP62,LB-100,Paclitaxel,0.30139064127435766,0.3659408890096471
HOP62,BAY1125976,TAK-901,-0.0530849383013988,0.08309847719244445
HOP62,Adagrasib,LJI308,0.7817631899816021,0.5621028607785836
HOP62,Bimiralisib,Regorafenib,0.8103484002928647,0.8091613105650832
HOP62,AZD2858,TAK-901,0.03482027099695376,0.05378306151625556
HOP62,Bimiralisib,Infigratinib,0.24400008876150228,0.27129415532093976
HOP62,Abemaciclib,EX229,0.7242335056732825,0.6885073083486446
HOP62,IQ 1,Torkinib,0.42819281946450816,0.39821373387166614
HOP62,Irinotecan,XRK3F2,0.27507086976237516,0.302359083505069
HOP62,DTP3,Pemigatinib,0.7508427008056466,0.651166227913112
HOP62,NVP-BHG712,Ralimetinib dimesylate,0.7542955521423594,0.7417978029767733
HOP62,MK-8353,XRK3F2,0.022218107963245526,0.04489488200363426
HOP62,NVP-BHG712,SBI-0640756,0.17185470139195103,0.19274693097900855
HOP62,HI-TOPK-032,Ixazomib,0.5138576492117701,0.5887604089007445
HOP62,Pimitespib,XRK3F2,0.11786821739965161,0.0705996055146817
HOP62,Hydroxyfasudil,Paclitaxel,0.64679406500241,0.5901700644306161
HOP62,Brivudine,LY-2584702 (tosylate salt),0.311663456193191,0.24867085438725128
HOP62,AZD-7648,Pemigatinib,0.21841681203162647,0.26159318437685664
HOP62,Belzutifan,Binimetinib,0.29503117902395704,0.2976294286904754
HOP62,AZD-7648,ERK5-IN-2,0.5300112010960459,0.49163314749521403
HOP62,MK-3903,Sapanisertib,0.5549303632240894,0.5029177060158795
HOP62,Binimetinib,Celecoxib,0.19619839263332903,0.2362432492568627
HOP62,BI-3406,Belumosudil (mesylate),0.6583985090774772,0.5596969904275907
HOP62,Pemigatinib,vincristine,0.3248660942228523,0.43727822884747575
HOP62,Capivasertib,Encorafenib,0.03855524735191186,0.05089285564480729
HOP62,Bimiralisib,Capmatinib,0.824580822313586,0.823723545348481
HOP62,Sapanisertib,Vemurafenib,0.4068159498532816,0.3082061147725798
HOP62,Dabrafenib,Ralimetinib dimesylate,0.47578144092606006,0.5193113391700457
HOP62,ETC-206,Pemigatinib,0.7369138814592388,0.5600416419568596
HOP62,Sonidegib,olaparib,0.8045542124024161,0.726473182788355
HOP62,AT7519,TAK-901,-0.03505080839150251,-0.033121920205457546
HOP62,Afatinib,Irinotecan,0.31819632282118004,0.4586002052950075
HOP62,EX229,GSK1059615,0.5324028805164098,0.4859275259541731
HOP62,Belumosudil (mesylate),venetoclax,0.6520619440590925,0.5619191246032532
HOP62,Anastrozole,c-Kit-IN-1,0.41004669988021625,0.4407683241444525
HOP62,Binimetinib,Everolimus,0.1428923362934684,0.1509217246980936
HOP62,Bimiralisib,Tubulin inhibitor 6,0.3747265851901682,0.2807977236773406
HOP62,HI-TOPK-032,Oxaliplatin,0.4360768385220492,0.4109999105653948
HOP62,Adagrasib,Bentamapimod,0.10067395289114679,0.11527078513034834
HOP62,BI-3406,Methylprednisolone succinate,0.3347282088051058,0.33688465695926506
HOP62,PF-06260933,Pemigatinib,0.1379472980396002,0.1291800930254561
HOP62,AZD-8055,Vemurafenib,0.8960189102478415,0.8966051982187917
HOP62,DTP3,Paclitaxel,0.10247387790050069,0.16330058774659523
HOP62,9-ING-41,LY2090314,0.25006154419654786,0.16861693307319792
HOP62,Dabrafenib,Trametinib,-0.08869698628846759,0.007119619863414493
HOP62,Alpelisib,TAK-901,0.16903633495363118,0.20434924673937355
HOP62,Adagrasib,LY-2584702 (tosylate salt),0.4388007341274348,0.4269204665510761
HOP62,PF-06260933,PH-797804,0.2857504067038127,0.49673159537793404
HOP62,Encorafenib,palbociclib,0.7165395867256426,0.5740122059211497
HOP62,RMC-6236,ULK-101,0.5351057398791577,0.5828659372916298
HOP62,Minodronic acid,SBI-0640756,0.3669496784012322,0.23429462306708035
HOP62,EX229,Tucatinib,-0.01205105134219217,0.05441206488256514
HOP62,CP21R7,GSK1059615,0.6441718225375519,0.5315210898536542
HOP62,APTO-253,OTS514,0.31876363062149266,0.24879834877039983
HOP62,Lapatinib ditosylate,MK-8353,0.4775350932306862,0.479680457879052
HOP62,NVP-BHG712,Torkinib,0.26662653796025393,0.25560927073484996
HOP62,LY-2584702 (tosylate salt),Temuterkib,-0.1540118879318131,0.0035190096378973357
HOP62,9-ING-41,AZD1390,0.4233851613623789,0.5285633556151833
HOP62,Brivudine,Hydroxyfasudil,0.6800220925492848,0.6236165721581122
HOP62,TAK-901,c-Kit-IN-1,0.3911323889939682,0.37372845809840644
HOP62,NVP-BHG712,ULK-101,0.16509703844855433,0.2345233756019353
HOP62,AZD2858,Capmatinib,0.1765495016836786,0.15078185227583157
HOP62,Adagrasib,Alpelisib,0.7547361765228418,0.7490542480313681
HOP62,BI-3406,Irinotecan,0.4113532972640526,0.4687838085676763
HOP62,Ipatasertib,ULK-101,0.5475813359156182,0.5164371515189543
HOP62,MK-8353,PH-797804,0.12791535842104818,0.17386150061563307
HOP62,Capivasertib,Oleic acid,0.7311277743090743,0.6961640368345664
HOP62,AZD-7648,ULK-101,0.6967962203649356,0.6366290024110253
HOP62,Lonafarnib,MK-8353,0.06689171277529955,0.11669642719337565
HOP62,Capivasertib,ETC-206,0.6294530785786459,0.6467038008745011
HOP62,HI-TOPK-032,Minodronic acid,0.4544635291250396,0.31929367459195107
HOP62,Bimiralisib,Oleic acid,0.057227719957310616,0.044312936656217494
HOP62,Dabrafenib,NVP-BHG712,0.5831687182833777,0.43030637017575146
HOP62,Bortezomib,TAK-901,0.2443948668019012,0.24336558142414022
HOP62,Capivasertib,OTS514,0.6022236243147795,0.6038491385479843
HOP62,Elimusertib hydrochloride,Pimitespib,0.2784716027873073,0.3167225110860503
HOP62,Brivudine,Irinotecan,0.5973333113130742,0.6134979514686084
HOP62,4EGI-1,AT7519,0.19813787503498975,0.21092456503525858
HOP62,Erdafitinib ,Hydroxyfasudil,0.14752480579029656,0.3198431035288759
HOP62,DT-061,DTP3,0.5191549523322019,0.5149717127198494
HOP62,Ixazomib,Tucatinib,-0.05107443177242911,0.014002371074388745
HOP62,Everolimus,Paclitaxel,0.2822357528735261,0.3263807865840783
HOP62,AZD1390,Binimetinib,0.1604925385475094,0.3051269863666748
HOP62,Celecoxib,Erdafitinib ,0.584369817868271,0.6143648095059208
HOP62,Bimiralisib,Oxaliplatin,0.03794238878766802,0.028842612644483734
HOP62,ETC-206,c-Kit-IN-1,0.17318954984098564,0.12970819441413478
HOP62,Regorafenib,XRK3F2,0.769554703304844,0.7444944353964895
HOP62,Infigratinib,Tomivosertib,0.3625698800058986,0.4317874992687354
HOP62,BI-3406,Sonidegib,0.7230522348270901,0.7150434929589476
HOP62,LB-100,Pimitespib,0.3414936315909477,0.38908145026928886
HOP62,ERK5-IN-2,NVP-BHG712,0.2970158827460394,0.26605716968217497
HOP62,Ixazomib,SBI-0640756,0.2358489549519564,0.266832224735692
HOP62,Adagrasib,Tomivosertib,0.41633748794408454,0.4312467832983554
HOP62,Celecoxib,Ralimetinib dimesylate,0.561862826812762,0.549698907948469
HOP62,Tomivosertib,olaparib,0.21704773007557754,0.3892271514466632
HOP62,Anastrozole,Capmatinib,0.2641721708810439,0.3022859221094399
HOP62,PF-06260933,olaparib,-0.1155611635050943,0.16276389170546926
HOP62,MK-3903,Regorafenib,0.7614435669149314,0.726445796430301
HOP62,Adagrasib,Capivasertib,0.31938559731779537,0.3978063948772305
HOP62,Adagrasib,Minodronic acid,0.31719717723060026,0.2959894231275354
HOP62,Capmatinib,OTS514,0.23670730836119752,0.22716065700228827
HOP62,NG25,Tomivosertib,0.331889678631941,0.4530735802821343
HOP62,Belzutifan,LY-2584702 (tosylate salt),0.4199269826179445,0.4687403329301984
HOP62,NVP-BHG712,XRK3F2,0.3148600181817388,0.294301079502804
HOP62,Dabrafenib,Tomivosertib,0.04863817141648956,0.24949264606738836
HOP62,Belzutifan,Celecoxib,0.6226385163507044,0.530688837129261
HOP62,BI-3406,CP21R7,0.63522339148519,0.4914837172027514
HOP62,Belumosudil (mesylate),Trametinib,0.6169597807360072,0.5054756453261047
HOP62,AZD-8055,ML264,0.3622273148716808,0.3199585541121495
HOP62,Infigratinib,TAK-901,0.04756198340076029,0.08463458111886886
HOP62,LJI308,Oleic acid,0.4139381618894243,0.4540404868585094
HOP62,ML264,SBI-0640756,0.4237182693881731,0.3699986653726861
HOP62,Dabrafenib,Torkinib,-0.1529439627112723,-0.08968227143899751
HOP62,ML264,PF-06260933,0.29023178211741696,0.179929137616798
HOP62,EX229,Methylprednisolone succinate,0.24503041708591775,0.17280284451989575
HOP62,Belzutifan,TAK-901,0.12570229162253094,0.1643179331426941
HOP62,Oxaliplatin,vincristine,0.5214609293401792,0.6018923867752854
HOP62,SBI-0640756,TAK-733,0.3093860563418467,0.2975216994085444
HOP62,Irinotecan,Methylprednisolone succinate,0.571528936289544,0.36862846379129205
HOP62,9-ING-41,Anastrozole,0.3971046005624168,0.4124019121302109
HOP62,Ralimetinib dimesylate,Sapanisertib,0.5971976191138525,0.5399404715864753
HOP62,Futibatinib,PH-797804,-0.08093478569673816,-0.07847492364702688
HOP62,Abemaciclib,NG25,0.3850448441848601,0.4131109766794586
HOP62,Ralimetinib dimesylate,Tucatinib,0.6509716548782319,0.6461550528380436
HOP62,4EGI-1,Torkinib,0.5414505699198247,0.606913590065433
HOP62,AZD1390,IQ 1,0.448200352101612,0.5250950995580341
HOP62,BAY1125976,LY2090314,0.4056244785357097,0.2871348434346416
HOP62,Brivudine,Sonidegib,0.6281425949442965,0.610171996653239
HOP62,Lapatinib ditosylate,Vemurafenib,0.23537098929562478,0.1889012899320506
HOP62,BAY1125976,IQ 1,0.013312294927543794,0.09657658604413036
HOP62,ETC-206,IQ 1,0.33475886294964263,0.2647117940250179
HOP62,Minodronic acid,XRK3F2,0.12426588022574636,0.019530600103258383
HOP62,Brivudine,MK-3903,0.5975616940922186,0.5965630039374614
HOP62,Dabrafenib,olaparib,-0.14908123724905364,-0.01676326083703552
HOP62,AZD1390,Ipatasertib,0.27726557794146794,0.23225255787719307
HOP62,Belzutifan,ML264,0.26920780464754757,0.22935492440375982
HOP62,Adagrasib,Ralimetinib dimesylate,0.2932698754585382,0.2866867531150905
HOP62,BAY1125976,olaparib,-0.2547232890002169,-0.17335450500972138
HOP62,AZD2858,Temuterkib,0.4075831446903513,0.3575704294506308
HOP62,Everolimus,Torkinib,0.47057392447825763,0.44954726080318574
HOP62,Bimiralisib,c-Kit-IN-1,0.46239008362768647,0.5087344380547032
HOP62,AZD-8055,Celecoxib,0.3266455145199128,0.22997159981674528
HOP62,BI-3406,NG25,0.7628405524991659,0.8120075376933056
HOP62,Erdafitinib ,Futibatinib,0.40830943249779655,0.28523687453218777
HOP62,Tubulin inhibitor 6,Vemurafenib,0.46903403546152594,0.4066336194214477
HOP62,Infigratinib,MK-3903,0.40424203444113704,0.4161435241205437
HOP62,PF-06260933,Sapanisertib,0.11005376460031102,0.2798929883242682
HOP62,Hydroxyfasudil,Irinotecan,0.6261338066528008,0.521841640500937
HS-578T,Dabrafenib,Erdafitinib ,0.6758412121805115,0.6416703990364583
HS-578T,Ixazomib,Volasertib,0.060260157637932604,0.18103007516131214
HS-578T,Alpelisib,Sapanisertib,0.11460767339870649,0.20840864758114044
HS-578T,Erdafitinib ,Oxaliplatin,0.6019702328872593,0.6277808718353028
HS-578T,Capivasertib,Dabrafenib,0.06169661932527052,0.21503704387142422
HS-578T,BI-78D3,vincristine,0.21757585232809512,0.272068800536859
HS-578T,TAK-901,vincristine,0.16571256761332356,0.1380511320824018
HS-578T,Erdafitinib ,LY2090314,0.6371765320921381,0.7154236918739876
HS-578T,Bentamapimod,Erdafitinib ,0.4793486076687987,0.49312969541147644
HS-578T,Belumosudil (mesylate),MK-3903,0.24680830421041505,0.41264844074231877
HS-578T,Ixazomib,palbociclib,0.2513101300756778,0.25454119211405113
HS-578T,Capivasertib,Erdafitinib ,0.3364244476183933,0.4213879977149062
HS-578T,BAY1125976,Minodronic acid,0.18646219757881094,0.4166861000780787
HS-578T,ERK5-IN-2,PH-797804,0.21887325854228618,0.22726966131241755
HS-578T,BAY1125976,OTS514,0.15311255534489662,0.29784000918156806
HS-578T,Alpelisib,Capivasertib,0.3109082610049488,0.28766189310829526
HS-578T,Binimetinib,HI-TOPK-032,0.1275747645702024,0.14743220433919946
HS-578T,Brivudine,Temuterkib,0.08011882605901992,0.27956098391184586
HS-578T,BI-3406,BI-78D3,0.283914425559492,0.2766175679800138
HS-578T,9-ING-41,Tubulin inhibitor 6,0.47374291906584204,0.5767544122333956
HS-578T,Adagrasib,Vemurafenib,-0.206567198645534,0.0890165240414443
HS-578T,ML264,Temuterkib,0.8443086426104002,0.7775021445057105
HS-578T,BI-3406,ETC-206,0.10494162394256656,0.23686549308533003
HS-578T,IQ 1,PH-797804,0.3755575135754438,0.24180576966119752
HS-578T,LB-100,OTS514,0.36597980215267345,0.4433655923575927
HS-578T,Abemaciclib,TAK-901,0.15173197657895474,0.17832153165273443
HS-578T,Capmatinib,Pemigatinib,0.02722857107188814,0.24816962981437116
HS-578T,Oxaliplatin,Sonidegib,0.13896852949438634,0.1963352863813701
HS-578T,BI-78D3,Regorafenib,0.1533875590062036,0.2980492356307929
HS-578T,Hydroxyfasudil,vincristine,0.050056738865756664,0.2626347314617087
HS-578T,LY-2584702 (tosylate salt),vincristine,0.09391795855927523,0.17833055743803095
HS-578T,BI-78D3,IQ 1,0.36552057379474945,0.3963642143658448
HS-578T,Bentamapimod,Sonidegib,0.006287934911948404,0.15414111034023903
HS-578T,Capivasertib,Gemcitabine,0.4988496267817665,0.5062194378513473
HS-578T,XRK3F2,vincristine,0.21182396313299062,0.355340737872772
HS-578T,Minodronic acid,SBI-0640756,0.1396850701389899,0.1956200356586323
HS-578T,BI-3406,IQ 1,0.1851701387843905,0.19148092819894408
HS-578T,ML264,Tucatinib,0.699704996393049,0.675738646588711
HS-578T,Brivudine,NG25,0.543569354747555,0.43416665771788787
HS-578T,Belzutifan,LJI308,0.0018310601136947262,0.10281273605377324
HS-578T,Everolimus,vincristine,0.3997451525799214,0.4979392848820523
HS-578T,Binimetinib,ML264,-0.005898741515657412,0.07598850045998845
HS-578T,BI-78D3,Oleic acid,0.14955009428864338,0.2770557137030389
HS-578T,Adagrasib,Belzutifan,0.12286231603983694,0.2927970346183095
HS-578T,CP21R7,MK-3903,0.39052932167405996,0.5260722957667273
HS-578T,HI-TOPK-032,Tubulin inhibitor 6,0.4220681253815531,0.30742774862448713
HS-578T,Afatinib,Pimitespib,-0.08609479193782078,0.09562808098181473
HS-578T,Oleic acid,TAK-733,0.19117618405152575,0.2225309116311877
HS-578T,Belzutifan,Bimiralisib,0.2395646276768846,0.22463341282777144
HS-578T,Adagrasib,Methylprednisolone succinate,0.4172347566172969,0.47041118219455114
HS-578T,SBI-0640756,TAK-901,0.21977807178901615,0.33847340585840163
HS-578T,Adagrasib,Everolimus,0.32496316101080536,0.4504031449191182
HS-578T,Capivasertib,Tucatinib,0.30894992934101756,0.4060413138220245
HS-578T,EX229,LY-2584702 (tosylate salt),-0.08408022521518016,-0.11380969107273103
HS-578T,AZD-8055,GSK1059615,0.7138963594616746,0.7243665586096182
HS-578T,PH-797804,Vemurafenib,-0.14490401915115658,0.05431649612136242
HS-578T,Brivudine,Gemcitabine,0.3097368265655362,0.4525589119703476
HS-578T,GSK1059615,vincristine,0.23956614871684992,0.341891744802826
HS-578T,Pemigatinib,RMC-6236,-0.12526966749442223,0.06356758811533114
HS-578T,RMC-6236,c-Kit-IN-1,0.1778121770898024,0.3064985487061979
HS-578T,AZD-7648,AZD1390,0.11148985775782007,0.2582683696672903
HS-578T,Alpelisib,GSK1059615,0.32134471132958475,0.3788035686207182
HS-578T,Ipatasertib,Volasertib,0.35782469058496114,0.45654366139558017
HS-578T,Adagrasib,Pimitespib,0.590081892605295,0.5111619096114756
HS-578T,BAY1125976,Capivasertib,0.17591418318409277,0.2773125393147277
HS-578T,ML264,vincristine,0.22585377556308048,0.29916534835952
HS-578T,Ipatasertib,Temuterkib,0.564507953231596,0.6382445942210766
HS-578T,AZD1390,olaparib,0.12715134025133903,0.5033028772979433
HS-578T,Brivudine,Sapanisertib,0.19416669149778487,0.19591375563015728
HS-578T,PH-797804,ULK-101,0.35092371994411287,0.3265305814389036
HS-578T,Celecoxib,Regorafenib,0.19534767423673488,0.3303878847730207
HS-578T,Infigratinib,venetoclax,0.14201203095798962,0.21539916223144692
HS-578T,Capivasertib,c-Kit-IN-1,0.13146896523743865,0.29146780054992505
HS-578T,Trametinib,Volasertib,0.014056624258603587,0.17392919279278607
HS-578T,BI-3406,RMC-6236,0.9394599286736481,0.8870857838053375
HS-578T,Erdafitinib ,ULK-101,0.2800405840431473,0.38915246794478436
HS-578T,Sapanisertib,c-Kit-IN-1,0.3336537308031913,0.3045272184642284
HS-578T,LB-100,Pimitespib,0.3883090190892643,0.462867019599571
HS-578T,BI-3406,NG25,0.47145910792348894,0.5204161817847992
HS-578T,EX229,MK-8353,0.34090058520539446,0.3165312359025091
HS-578T,Capivasertib,Everolimus,0.44852117937989855,0.5396477097021828
HS-578T,Lapatinib ditosylate,Ralimetinib dimesylate,0.5163294510647249,0.5836561960269496
HS-578T,Afatinib,Belzutifan,0.329291963155241,0.33007761849495554
HS-578T,4EGI-1,XRK3F2,0.5763736004839461,0.6261287127313941
HS-578T,Abemaciclib,Dabrafenib,0.07309649032149274,0.15525325213585792
HS-578T,Elimusertib hydrochloride,Pralsetinib,0.46246790676401317,0.5232547128143781
HS-578T,AZD-7648,Pemigatinib,0.010582166404514363,0.1954844344652564
HS-578T,ERK5-IN-2,SBI-0640756,0.18174358013624697,0.1489988899959579
HS-578T,Everolimus,LB-100,0.7352716797025789,0.6388992629209636
HS-578T,Capivasertib,olaparib,0.38236834074920795,0.4666985480167733
HS-578T,AZD1390,Bimiralisib,0.2936314271530961,0.2902550074177027
HS-578T,CP21R7,IQ 1,0.46010559315544935,0.4689954767632232
HS-578T,Ixazomib,Pemigatinib,-0.03944595537236224,0.08081444783970342
HS-578T,AT7519,Anastrozole,0.5002621856849978,0.4808683770211881
HS-578T,TAK-733,palbociclib,0.15004403741364578,0.29745594076241855
HS-578T,APTO-253,Anastrozole,0.39799282920755763,0.39054449310137174
HS-578T,AZD1390,ERK5-IN-2,0.22254369898419468,0.37102291087485995
HS-578T,BI-3406,Elimusertib hydrochloride,0.70890087009965,0.6089715325068478
HS-578T,Elimusertib hydrochloride,Irinotecan,0.2092972154132549,0.23180510309312724
HS-578T,4EGI-1,Paclitaxel,0.3864090559331853,0.5008400502207901
HS-578T,Celecoxib,ULK-101,0.5543499591186216,0.4752201957213974
HS-578T,Belzutifan,PH-797804,0.08600542784506429,0.08878384149922425
HS-578T,DT-061,TAK-901,0.07918770540511998,0.04262536598395007
HS-578T,Bimiralisib,Irinotecan,0.29986355873012777,0.36034099469335956
HS-578T,Capmatinib,Tomivosertib,0.07149665757116866,0.15668385581581895
HS-578T,Anastrozole,Paclitaxel,0.42587516238768375,0.4680679934454714
HS-578T,Infigratinib,LJI308,-0.08656919124414647,0.060790672854833354
HS-578T,Irinotecan,LB-100,0.5713612626638372,0.5849746418384271
HS-578T,APTO-253,AZD-7648,0.0033228741089653194,0.15094010832466595
HS-578T,Alpelisib,Tubulin inhibitor 6,0.26612960466130525,0.3355676934841477
HS-578T,LJI308,TAK-901,0.2894229414683197,0.27521978590679175
HS-578T,Capmatinib,Everolimus,0.008933920260850936,0.21530184970737157
HS-578T,4EGI-1,Capmatinib,0.014415420864285405,0.18163059315463653
HS-578T,AZD-8055,LY-2584702 (tosylate salt),0.00018449159683192433,0.08550967667356982
HS-578T,9-ING-41,AT7519,0.4301816542232205,0.5077269804974179
HS-578T,APTO-253,TAK-901,-0.13358455827516763,-0.1026991832466139
HS-578T,Bimiralisib,Minodronic acid,0.07479937652202258,0.21898046466262555
HS-578T,EX229,ULK-101,0.6028775327957986,0.4168086671589134
HS-578T,AZD-7648,PH-797804,0.142874742587929,0.20723329991011719
HS-578T,Adagrasib,Capmatinib,0.09578978071205298,0.14352070720023025
HS-578T,Anastrozole,LB-100,0.5263546694657274,0.49426266700688887
HS-578T,Afatinib,Methylprednisolone succinate,0.34991395850121354,0.34395876821957
HS-578T,Irinotecan,Pimitespib,0.5886922253336989,0.5545366609693394
HS-578T,Alpelisib,vincristine,0.02617092967726432,0.0964349074053909
HS-578T,RMC-6236,Tubulin inhibitor 6,-0.02220169587114612,0.11618635443698806
HS-578T,AZD-7648,Brivudine,0.3089559678672838,0.3734888163458612
HS-578T,Lapatinib ditosylate,TAK-901,-0.1613970687825898,0.03342774166804283
HS-578T,Adagrasib,ULK-101,0.48223974327282776,0.47845835883437887
HS-578T,palbociclib,vincristine,0.24609162384874708,0.35230476387778814
HS-578T,Alpelisib,Brivudine,0.16347774784648936,0.18248792070764885
HS-578T,Bentamapimod,Tubulin inhibitor 6,0.41956951411838217,0.4303513844593707
HS-578T,DT-061,DTP3,0.4231589151176674,0.4131886425871478
HS-578T,9-ING-41,MK-8353,0.652445011608684,0.564028276820032
HS-578T,BAY1125976,Erdafitinib ,0.6323754762124784,0.6557135206270728
HS-578T,Tucatinib,ULK-101,0.3238536063889307,0.3776835237655047
HS-578T,Brivudine,HI-TOPK-032,0.7165605793950198,0.6959830119752899
HS-578T,Hydroxyfasudil,c-Kit-IN-1,0.3998396885465153,0.4112752819193024
HS-578T,Hydroxyfasudil,NVP-BHG712,0.18759575555772656,0.22667563143202712
HS-578T,Irinotecan,XRK3F2,0.3573400620349205,0.4966096432858605
HS-578T,Belumosudil (mesylate),Tubulin inhibitor 6,0.1608564687310488,0.32074114048971397
HS-578T,ML264,TAK-733,0.2583852500380914,0.43577476395848985
HS-578T,Afatinib,Brivudine,0.3948926245042709,0.4459323355354584
HS-578T,DTP3,LY-2584702 (tosylate salt),0.260637961283741,0.3287910545242678
HS-578T,Erdafitinib ,RMC-6236,0.023830603314949714,0.0708770541932936
HS-578T,AZD-8055,Ipatasertib,0.5055069480622169,0.6219050045964278
HS-578T,Gemcitabine,Irinotecan,0.6443557193734788,0.705201228603022
HS-578T,Capivasertib,Capmatinib,0.16477284989786228,0.25836322054885397
HS-578T,CP21R7,Sapanisertib,0.36243998032606595,0.491290418674257
HS-578T,Tucatinib,Vemurafenib,0.6575411032759384,0.6269328570091666
HS-578T,Ixazomib,Ralimetinib dimesylate,0.2244559684321586,0.2556871501994242
HS-578T,Belzutifan,Tucatinib,0.29175573993536036,0.3402253411221744
HS-578T,Hydroxyfasudil,Ralimetinib dimesylate,0.17317219982741155,0.19166952843012708
HS-578T,CP21R7,Trametinib,0.5308336314184506,0.42391523894487626
HS-578T,IQ 1,Temuterkib,0.27611861423807454,0.43205884196830696
HS-578T,Pralsetinib,TAK-733,0.264225777186666,0.3114460427434266
HS-578T,Dabrafenib,Irinotecan,0.19818073012385637,0.37166293783317045
HS-578T,Irinotecan,Tomivosertib,0.328839076843352,0.3120128863598932
HS-578T,Abemaciclib,Paclitaxel,0.23367062374358974,0.36865703280416434
HS-578T,Methylprednisolone succinate,OTS514,0.34095105206347925,0.382636081153108
HS-578T,BI-3406,Irinotecan,0.08989368744855722,0.20860548251298008
HS-578T,ETC-206,Everolimus,0.7088773683088367,0.6669930925082297
HS-578T,AT7519,Vemurafenib,0.21137872662397508,0.3218783036509213
HS-578T,GSK1059615,Sapanisertib,0.7068160808420986,0.7070739871881091
HS-578T,Everolimus,Paclitaxel,0.5189447543799589,0.6150705620337393
HS-578T,AZD-8055,NVP-BHG712,0.5815052566556186,0.6918876176649044
HS-578T,Dabrafenib,Regorafenib,-0.2451903477438682,0.03721797659312419
HS-578T,BI-3406,Ixazomib,0.5806604135303196,0.5857190817396583
HS-578T,LB-100,MK-8353,0.6658731235577363,0.4852299194480948
HS-578T,Abemaciclib,HI-TOPK-032,0.5192880222891363,0.45552257722032297
HS-578T,NG25,Sonidegib,0.6690773515943922,0.5733677516109111
HS-578T,CP21R7,NVP-BHG712,0.5864013669267637,0.5181141065651723
HS-578T,Ixazomib,Tubulin inhibitor 6,0.1777902936045117,0.19954189200040034
HS-578T,BI-78D3,LY2090314,0.38995262467163916,0.43721452885577505
HS-578T,AZD1390,palbociclib,0.05178201108185241,0.323547502776894
HS-578T,AZD-8055,Afatinib,0.6783558275507924,0.7285302464227762
HS-578T,ETC-206,Pemigatinib,0.5582277148268348,0.5456052555112156
HS-578T,ETC-206,Trametinib,0.1297502639706217,0.2602641953580528
HS-578T,CP21R7,Elimusertib hydrochloride,0.357554452621036,0.2191929068951996
HS-578T,APTO-253,CP21R7,0.2857444484732355,0.3844381534116184
HS-578T,Ixazomib,c-Kit-IN-1,0.17776593906806137,0.17598996687322396
HS-578T,AZD-8055,PH-797804,0.13821925274806424,0.10443791367321531
HS-578T,Ixazomib,Minodronic acid,0.18941248118808965,0.24550987532294583
HS-578T,Oxaliplatin,Tucatinib,0.5652995073252407,0.5028612249592119
HS-578T,Brivudine,DT-061,0.2165817055175461,0.15197002115018302
HS-578T,EX229,Minodronic acid,0.06339054263702613,0.25109589333897697
HS-578T,Elimusertib hydrochloride,vincristine,-0.07624409939634322,0.031573333368971904
HS-578T,Brivudine,Irinotecan,0.5139943841585283,0.5359350382362719
HS-578T,9-ING-41,Hydroxyfasudil,0.09884591924347322,0.28870488709478864
HS-578T,ETC-206,LY2090314,0.46208021357939266,0.468587435410239
HS-578T,Infigratinib,Sonidegib,-0.1903559872234903,0.006504210770761638
HS-578T,DT-061,Pimitespib,0.4437839615865859,0.4478725385533894
HS-578T,Dabrafenib,NVP-BHG712,0.6563504623880243,0.6790426812773344
HS-578T,Ralimetinib dimesylate,c-Kit-IN-1,0.24705103519950306,0.27823256869056473
HS-578T,Adagrasib,Erdafitinib ,0.029047337362410715,0.19550002869324098
HS-578T,Abemaciclib,Tomivosertib,0.4883225436814628,0.4433011772178052
HS-578T,4EGI-1,Tubulin inhibitor 6,0.6132105531787122,0.5305977970618009
HS-578T,LJI308,ML264,0.02421815252018097,0.20558996792646894
HS-578T,Celecoxib,Erdafitinib ,0.5138315261437348,0.5425308694934092
HS-578T,Erdafitinib ,IQ 1,0.3568496169658868,0.4736165910678358
HS-578T,Belzutifan,Temuterkib,0.346287562265706,0.33468707498369665
HT-29,Capmatinib,MK-3903,0.6907662740167722,0.7342522948815164
HT-29,Dabrafenib,Gemcitabine,0.37452620015324656,0.5126211625592959
HT-29,Belumosudil (mesylate),Bortezomib,0.04892198136509404,0.1770608626776354
HT-29,MK-8353,RMC-6236,0.4231939982248846,0.470031230916803
HT-29,APTO-253,LJI308,0.6247422475542277,0.535886504402095
HT-29,DTP3,c-Kit-IN-1,0.18395129143688244,0.27307894081787254
HT-29,ERK5-IN-2,Infigratinib,0.1680122650218322,0.22199115040654357
HT-29,Afatinib,TAK-733,0.40678640112713516,0.4871026828580975
HT-29,Capivasertib,TAK-733,0.07965297297644572,0.1765723453450394
HT-29,EX229,Encorafenib,0.14734656917018651,0.35791497908491815
HT-29,Belumosudil (mesylate),Binimetinib,0.38248709131740444,0.462404493389926
HT-29,Belumosudil (mesylate),Hydroxyfasudil,0.5952648184840764,0.5825144977366631
HT-29,EX229,LY-2584702 (tosylate salt),0.2383948418935068,0.15478265729732618
HT-29,Capmatinib,TAK-733,0.4979469965565666,0.5384223653073537
HT-29,Regorafenib,Vemurafenib,0.7206901878448352,0.7713607473728443
HT-29,Bentamapimod,Binimetinib,0.5026354736967401,0.5408759841079176
HT-29,Oleic acid,Oxaliplatin,0.6616416513592677,0.5513068589832141
HT-29,Brivudine,SBI-0640756,0.45809246513026847,0.44992303101319514
HT-29,Capmatinib,PF-06260933,-0.17846163077303767,-0.01798111004375666
HT-29,Oleic acid,Pralsetinib,0.6076855500865104,0.5191208717996296
HT-29,Oxaliplatin,c-Kit-IN-1,0.1389310505449864,0.13938079159713518
HT-29,GSK1059615,TAK-901,0.024971070946119712,0.2303673589175831
HT-29,Celecoxib,Trametinib,0.28522089606200124,0.43556708928030347
HT-29,AZD-7648,XRK3F2,0.4979882850333888,0.46610344835394485
HT-29,AZD1390,Capmatinib,0.46863593029312633,0.5930795282573214
HT-29,Anastrozole,Pimitespib,0.6044119906630903,0.5164343553340651
HT-29,APTO-253,Elimusertib hydrochloride,0.049728731830851636,0.286029714191493
HT-29,Gemcitabine,LB-100,0.675891409832346,0.5811024580775578
HT-29,Everolimus,SBI-0640756,0.5418485746021724,0.540812816777862
HT-29,Erdafitinib ,Futibatinib,0.57097227201757,0.41885531586630004
HT-29,Brivudine,Irinotecan,0.3668157571689671,0.34310085368254384
HT-29,Ipatasertib,palbociclib,0.35769146186270645,0.4769733204697714
HT-29,Everolimus,PF-06260933,-0.11470803919365066,-0.04953873631867477
HT-29,Erdafitinib ,XRK3F2,0.7031058384001442,0.6705178385592088
HT-29,BAY1125976,ULK-101,0.22407394761958993,0.4254274751123607
HT-29,Oleic acid,Temuterkib,0.3389547613139039,0.26789999851452295
HT-29,ERK5-IN-2,Vemurafenib,0.6290651493737153,0.6064549603676758
HT-29,Methylprednisolone succinate,Tomivosertib,0.48759435498185477,0.4202425610899578
HT-29,Afatinib,Bentamapimod,0.6647173751085436,0.7448208237533549
HT-29,Alpelisib,NVP-BHG712,0.6370303173581495,0.6453676119395414
HT-29,Hydroxyfasudil,TAK-901,0.25993514363441245,0.247038504947583
HT-29,Brivudine,Capmatinib,0.4865960841485899,0.5931587419369945
HT-29,Bortezomib,Sonidegib,0.2791716829142081,0.2260932045219629
HT-29,APTO-253,Everolimus,0.4372184452457005,0.6050014411833279
HT-29,DT-061,ERK5-IN-2,0.20167131106619468,0.26441347948386573
HT-29,Regorafenib,TAK-901,0.3353238984901167,0.4257089761978908
HT-29,BAY1125976,OTS514,0.198432233428501,0.058613958500879214
HT-29,AZD1390,DTP3,0.5162003647740275,0.48218644850572734
HT-29,BI-3406,Tomivosertib,0.3237298508891283,0.4482720699435391
HT-29,DTP3,MK-3903,0.43828606786349134,0.537163142332151
HT-29,Lapatinib ditosylate,Methylprednisolone succinate,0.22181047977508583,0.3578432813405101
HT-29,Anastrozole,Binimetinib,0.2739357478960522,0.2992080200464782
HT-29,AT7519,PF-06260933,0.2968921643265111,0.18464370849852424
HT-29,DT-061,LY-2584702 (tosylate salt),0.5139017005102223,0.3612323682662797
HT-29,EX229,Sapanisertib,-0.0010252386718614592,0.19222554960439328
HT-29,LJI308,OTS514,0.3676453191469403,0.2588246067236829
HT-29,Hydroxyfasudil,Tucatinib,0.6001869566138951,0.5819376796850032
HT-29,Encorafenib,Erdafitinib ,0.4717061291560889,0.4955091847150702
HT-29,Brivudine,Dabrafenib,-0.054808613666668254,0.13895490784742492
HT-29,BI-3406,Volasertib,0.5120942223146154,0.4482288473959292
HT-29,Dabrafenib,LB-100,0.585594422685438,0.5150691925284974
HT-29,AZD2858,c-Kit-IN-1,0.26365912655274043,0.35872797431918435
HT-29,Capmatinib,Oxaliplatin,0.3688201330209235,0.2637098984273916
HT-29,ERK5-IN-2,ETC-206,0.5464247418809914,0.5411460094327444
HT-29,Dabrafenib,Trametinib,0.6004336529288061,0.6169097478214715
HT-29,Capivasertib,Sapanisertib,0.13250512961580224,0.13439268710439609
HT-29,Oxaliplatin,XRK3F2,0.3145472049199404,0.36165273583205154
HT-29,DTP3,Trametinib,0.049957383301357884,0.30658175368191076
HT-29,Brivudine,TAK-901,0.4709119866329204,0.46891305376984443
HT-29,Adagrasib,PH-797804,0.5299061712012758,0.4394224990610203
HT-29,HI-TOPK-032,MK-8353,0.054808894091645105,0.25264714319578757
HT-29,GSK1059615,Pemigatinib,0.3488239914155561,0.5243837793521628
HT-29,ML264,RMC-6236,0.6319705989735228,0.6659889637443717
HT-29,BAY1125976,Everolimus,0.2288295052163114,0.36611696238554803
HT-29,RMC-6236,Temuterkib,0.5118457887147259,0.5304435374542225
HT-29,GSK1059615,Irinotecan,0.3875718603136232,0.4429701148932666
HT-29,Everolimus,Trametinib,0.48984303132787704,0.578435834796497
HT-29,ERK5-IN-2,MK-8353,0.6752272974007903,0.594379106318783
HT-29,BAY1125976,Pemigatinib,0.6423743045503678,0.5935746740910532
HT-29,Alpelisib,Futibatinib,0.2831619630001143,0.21786553076892556
HT-29,9-ING-41,AZD-7648,0.37559143940384393,0.3027468486439583
HT-29,DTP3,TAK-901,0.21334352283676467,0.3062729834426402
HT-29,Abemaciclib,Brivudine,0.5029150923152478,0.5887217695963383
HT-29,BAY1125976,olaparib,0.09588992924838978,0.0764991802678292
HT-29,Paclitaxel,c-Kit-IN-1,0.22823616479866554,0.4177530892751974
HT-29,Afatinib,Pimitespib,-0.07959012672896307,0.053942220921022827
HT-29,Alpelisib,Temuterkib,0.3706779493672535,0.37000265644585306
HT-29,Bimiralisib,Tubulin inhibitor 6,0.3738602311480434,0.39582224607958316
HT-29,ML264,c-Kit-IN-1,0.05974753137493756,0.1474483074791016
HT-29,GSK1059615,Minodronic acid,0.008219758448924273,0.03799034700382724
HT-29,Bortezomib,Volasertib,-0.08417939463916035,-0.04339819536195738
HT-29,Regorafenib,XRK3F2,0.4606911466071101,0.49662518462755395
HT-29,Torkinib,vincristine,0.4068505992141876,0.4078256029292082
HT-29,Bortezomib,NG25,0.5388986559322153,0.5235156168729596
HT-29,Afatinib,Sonidegib,-0.037090327159949296,0.08430860707716266
HT-29,9-ING-41,AZD1390,0.4361269451640584,0.47766741145253433
HT-29,Binimetinib,Volasertib,0.3153605246985783,0.30564411852653534
HT-29,Minodronic acid,Sonidegib,0.665782721404256,0.530395036366612
HT-29,Ipatasertib,TAK-901,0.05656042337789914,0.24774021363791887
HT-29,NVP-BHG712,Volasertib,0.47978836600867636,0.40471756245584445
HT-29,CP21R7,c-Kit-IN-1,0.16645098825937862,0.09694690829395249
HT-29,Adagrasib,c-Kit-IN-1,0.5174788531998957,0.4768907824600128
HT-29,Belumosudil (mesylate),PF-06260933,0.28168007641738,0.21180382481489196
HT-29,AZD1390,Ralimetinib dimesylate,0.46713657677102177,0.5495466152090569
HT-29,Bortezomib,EX229,0.44223989941016567,0.45396442919386726
HT-29,Celecoxib,EX229,0.251424594620666,0.2611381131211043
HT-29,Alpelisib,Ixazomib,0.712977360915616,0.6673706653926574
HT-29,Gemcitabine,Oleic acid,0.5433078981835614,0.37908598243332625
HT-29,DT-061,MK-8353,0.3872915517286845,0.3728983084737565
HT-29,Bortezomib,c-Kit-IN-1,0.4978942324278482,0.5270528835513496
HT-29,BI-78D3,ULK-101,0.38195744231880047,0.41359285569495635
HT-29,BI-3406,Capivasertib,0.28994303946344974,0.37149318187505737
HT-29,Dabrafenib,NVP-BHG712,0.6247812549738619,0.6279216813054416
HT-29,9-ING-41,c-Kit-IN-1,0.032325182352380556,0.2183709545614559
HT-29,Tucatinib,XRK3F2,0.66202163379451,0.661557997033586
HT-29,Abemaciclib,BI-3406,0.11888034855901951,0.20528667156449454
HT-29,9-ING-41,Oxaliplatin,0.304554065208202,0.40093867246720377
HT-29,Erdafitinib ,Pralsetinib,0.05645854131873362,0.15799713629187234
HT-29,LY2090314,SBI-0640756,0.14035057593003938,0.022057083187808888
HT-29,Sapanisertib,vincristine,-0.027174839063131104,0.07993368374296678
HT-29,ML264,Minodronic acid,0.3052270479259386,0.4212597019438503
HT-29,Oxaliplatin,RMC-6236,0.11717184278872392,0.21571186128273284
HT-29,EX229,Sonidegib,0.2845975010982629,0.22322789037738217
HT-29,CP21R7,Ipatasertib,0.45090487043719835,0.36276253683109455
HT-29,Bortezomib,TAK-733,0.3811448583728172,0.40984992400554954
HT-29,ETC-206,venetoclax,0.14057058356393717,0.12475277295488275
HT-29,Binimetinib,c-Kit-IN-1,0.18498383477215963,0.33599628535864146
HT-29,ETC-206,Oxaliplatin,0.6782222123148263,0.6303396102679258
HT-29,HI-TOPK-032,TAK-733,0.43043039024657015,0.4321201238867064
HT-29,AZD1390,venetoclax,0.38039562488265244,0.5633752107197739
HT-29,Regorafenib,ULK-101,0.7037940714183825,0.6317109949495123
HT-29,Brivudine,Elimusertib hydrochloride,0.5930337012730351,0.6494536914659461
HT-29,AZD-7648,Bortezomib,0.04387316215189818,0.13972483569277316
HT-29,4EGI-1,LJI308,0.4286544714459924,0.3769156612353595
HT-29,Abemaciclib,Paclitaxel,0.1851441722748846,0.49806819078714465
HT-29,ML264,Torkinib,0.0911864206554922,0.1871651126797047
HT-29,Sapanisertib,venetoclax,-0.13756992602823748,0.06746848346470986
HT-29,Alpelisib,Celecoxib,0.5123180177543418,0.5361286162243037
HT-29,AZD1390,Dabrafenib,0.3503146476121208,0.19446854410543815
HT-29,NVP-BHG712,PH-797804,0.23095766679794874,0.359791991826448
HT-29,Alpelisib,Trametinib,0.6124433433274658,0.6817687712972463
HT-29,AZD2858,PF-06260933,0.20554135281631414,0.16787638210732173
HT-29,AZD2858,Sapanisertib,0.23578398396159525,0.23443713340930564
HT-29,Bortezomib,MK-3903,0.19738532483469232,0.25350411984624505
HT-29,Vemurafenib,palbociclib,0.6864786782994081,0.6635596817540164
HT-29,DTP3,Sapanisertib,0.20825078548995193,0.32292286218281496
HT-29,BI-3406,Gemcitabine,0.6040218838054119,0.674925499155158
HT-29,BI-78D3,Ixazomib,0.4566706865149435,0.28951934112999955
HT-29,Anastrozole,Capmatinib,0.3685229000536402,0.35494650431039526
HT-29,Capmatinib,MK-8353,0.4185083523801054,0.43178814407280763
HT-29,ML264,Pemigatinib,0.5168398432311991,0.404949366586733
HT-29,Binimetinib,Tucatinib,0.5345555447109134,0.5921597238205429
HT-29,Belumosudil (mesylate),MK-3903,0.384691255475034,0.4807886493060465
HT-29,Brivudine,Paclitaxel,0.36379869994449415,0.562945964907791
HT-29,Tomivosertib,Tucatinib,0.20607974743118398,0.4155535278655763
HT-29,APTO-253,ML264,0.7025752911255326,0.6492294958765341
HT-29,LJI308,Tucatinib,0.6709038632708224,0.6162411914583591
HT-29,Belzutifan,Paclitaxel,0.20837301656076784,0.21531487303611324
HT-29,CP21R7,Sonidegib,0.4937033204736494,0.38726160154700295
HT-29,Capivasertib,DT-061,0.5369967471261156,0.47962633764711166
HT-29,ERK5-IN-2,LJI308,0.5722095090796517,0.5038854872866914
HT-29,AT7519,ERK5-IN-2,0.6345586679188228,0.4631121415011064
HT-29,9-ING-41,MK-3903,0.5388502706009685,0.5085567882629728
HT-29,LB-100,Oxaliplatin,0.6174219015230121,0.5476640430640819
HT-29,Bortezomib,Hydroxyfasudil,0.2750426283105053,0.14629806146215468
HT-29,AZD-8055,Afatinib,0.6695837331395198,0.7186213168205426
HT-29,4EGI-1,PH-797804,0.00020510482729896654,0.48201479422265464
HT-29,BAY1125976,EX229,0.007490175704620992,0.20319558355482475
HT-29,ETC-206,Paclitaxel,0.5105538322699371,0.4100043394748395
HT-29,Afatinib,ML264,0.5937388614568962,0.6041297087521237
HT-29,HI-TOPK-032,Tomivosertib,0.6449792433187228,0.6768998354856178
HT-29,AZD-8055,DT-061,0.5251871903475973,0.5232020096537318
HT-29,Hydroxyfasudil,TAK-733,0.5056080336179224,0.3632914875508172
HT-29,AZD1390,BI-78D3,0.3038094891079721,0.12007640177665135
HT-29,AZD1390,palbociclib,0.31010711312551914,0.44246798545594257
HT-29,APTO-253,TAK-901,-0.15852570569249563,0.16106324642226033
HT-29,LJI308,Temuterkib,0.6324066808527825,0.547105570135442
HT-29,APTO-253,olaparib,0.359559642546625,0.3804774056010186
HT-29,Belumosudil (mesylate),Ralimetinib dimesylate,0.41762888377962043,0.4503344982971282
HT-29,AZD1390,SBI-0640756,0.4087239180710289,0.46702095703437246
HT-29,LB-100,ML264,0.723700854385349,0.605375876323728
HT-29,Belumosudil (mesylate),ETC-206,0.6146059404134709,0.3919411305628533
HT-29,CP21R7,TAK-901,0.05994101720706592,0.0006382117000572757
HT-29,LY-2584702 (tosylate salt),TAK-733,0.26983902093677903,0.23348476987435468
HT-29,AZD-7648,Anastrozole,0.6284015578964108,0.5890328670938829
HT-29,Binimetinib,Pralsetinib,0.1911617248674577,0.3347377697993873
HT-29,LY-2584702 (tosylate salt),Tomivosertib,0.09162112572649256,0.13981165586047578
HT-29,4EGI-1,GSK1059615,0.11653276516461371,0.45191278654145406
HT-29,AZD-7648,CP21R7,0.46925317803172073,0.30153066781874754
HT-29,AT7519,vincristine,0.269062813378406,0.2481459429836379
HT-29,Bentamapimod,Gemcitabine,0.5090453875907514,0.6084345005391014
HT-29,Celecoxib,Futibatinib,0.4285642006213098,0.3370425855114164
HT-29,Sonidegib,palbociclib,0.2564764028144949,0.37000103367379755
HT-29,Pemigatinib,Pimitespib,0.35220852488067655,0.2941924107019204
HT-29,CP21R7,ETC-206,0.7971717986175477,0.6702649572836014
HT-29,Ralimetinib dimesylate,Volasertib,0.4519867121557434,0.36614541692435915
HT-29,Paclitaxel,Tubulin inhibitor 6,0.5010709008003841,0.511227006398229
HT-29,Regorafenib,palbociclib,0.4424329038892607,0.608503297921392
HT-29,Sonidegib,Temuterkib,0.2219694107590796,0.23097508176271114
HT-29,9-ING-41,PF-06260933,0.16120671544638643,0.05904114376237052
HepG2/C3A,Lapatinib ditosylate,olaparib,0.421012292460967,0.4121872021142108
HepG2/C3A,Bentamapimod,Lapatinib ditosylate,0.3823270689342324,0.424568761274681
HepG2/C3A,Regorafenib,Temuterkib,0.2640517330156043,0.4302625370249279
HepG2/C3A,Brivudine,Sapanisertib,-0.023407601474867798,0.2829035546558053
HepG2/C3A,Abemaciclib,Everolimus,0.4975079052783544,0.6002175449848406
HepG2/C3A,Dabrafenib,Gemcitabine,0.4321583211929514,0.5271861579528797
HepG2/C3A,BAY1125976,Gemcitabine,0.35866693556023244,0.40839533359036406
HepG2/C3A,NG25,Trametinib,0.34994350778271865,0.45965909459276777
HepG2/C3A,APTO-253,Bimiralisib,-0.21260220369762928,0.2266208916311085
HepG2/C3A,BI-3406,RMC-6236,0.9190786708991088,0.8171660932758178
HepG2/C3A,Brivudine,Lapatinib ditosylate,-0.010245287421660705,0.31470203827745397
HepG2/C3A,9-ING-41,BI-3406,0.3008668761514508,0.401714664389753
HepG2/C3A,EX229,Sapanisertib,0.3479447129440544,0.49020257205045964
HepG2/C3A,ERK5-IN-2,Gemcitabine,0.46126096373326064,0.5485046800991941
HepG2/C3A,Irinotecan,olaparib,0.5345688170703666,0.7260836124938213
HepG2/C3A,Paclitaxel,Temuterkib,0.8019366551585116,0.7242418548096806
HepG2/C3A,Bentamapimod,XRK3F2,0.1993723927300032,0.4429357420063159
HepG2/C3A,Abemaciclib,ERK5-IN-2,0.1144218318285701,0.37278192000991334
HepG2/C3A,BAY1125976,BI-3406,-0.15306882054711535,0.12880882056596474
HepG2/C3A,AZD-8055,Trametinib,0.6554276604712569,0.7139279795576646
HepG2/C3A,Lapatinib ditosylate,RMC-6236,0.22633945932310023,0.42534041586191795
HepG2/C3A,AZD-8055,Everolimus,0.45435703484189216,0.5711939827174033
HepG2/C3A,APTO-253,Abemaciclib,0.2988122972579877,0.46974007788777317
HepG2/C3A,MK-3903,Tomivosertib,0.2875891479394341,0.49127498999771985
HepG2/C3A,9-ING-41,Irinotecan,0.11667151969491102,0.3471646121022397
HepG2/C3A,Abemaciclib,Gemcitabine,0.537800190317477,0.5976737025864811
HepG2/C3A,Sapanisertib,XRK3F2,0.5780469736846077,0.6248166226017821
HepG2/C3A,9-ING-41,Encorafenib,0.6005634906490326,0.6626782445382702
HepG2/C3A,Encorafenib,Everolimus,0.350713306851278,0.48957547855982897
HepG2/C3A,Paclitaxel,olaparib,0.21419758742941614,0.44714873499241087
HepG2/C3A,ML264,PH-797804,0.5336482975602621,0.544699171171332
HepG2/C3A,Dabrafenib,Tomivosertib,0.21335782748372706,0.5079174117806693
HepG2/C3A,Paclitaxel,Sapanisertib,0.7529302938187286,0.7605102433179226
HepG2/C3A,Anastrozole,Bimiralisib,0.1054874785143446,0.2597264797359724
HepG2/C3A,Encorafenib,Tomivosertib,0.04002443038233889,0.4776499933353403
HepG2/C3A,Everolimus,Temuterkib,0.5036221767037337,0.5787260116765766
HepG2/C3A,BI-78D3,EX229,0.41906039891675095,0.5645454896716862
HepG2/C3A,Abemaciclib,Encorafenib,0.04882455796990237,0.2832379823081539
HepG2/C3A,ERK5-IN-2,Trametinib,0.3648355087133111,0.5597678924868799
HepG2/C3A,9-ING-41,Trametinib,0.38229686486354775,0.5297484291447474
HepG2/C3A,AZD-8055,BAY1125976,0.21316047211193906,0.36869012877531754
HepG2/C3A,Afatinib,Tucatinib,0.15327056230629107,0.2698137741616249
HepG2/C3A,BI-3406,Infigratinib,0.36394460380584015,0.4418254006899922
HepG2/C3A,Anastrozole,Temuterkib,0.5852886325764195,0.5858620030754598
HepG2/C3A,Dabrafenib,Ipatasertib,0.3340207700764029,0.5122420157167302
HepG2/C3A,RMC-6236,XRK3F2,0.7379098758464758,0.7506007638056202
HepG2/C3A,Encorafenib,PH-797804,0.3119138232147192,0.547031752435866
HepG2/C3A,MK-3903,PH-797804,0.4117556221806749,0.40647910770169693
HepG2/C3A,BI-78D3,Bimiralisib,0.3542536744580067,0.5120105670417936
HepG2/C3A,BAY1125976,NG25,0.08319252785224282,0.1834430135723322
HepG2/C3A,Gemcitabine,XRK3F2,0.3099302498175973,0.5181994896677379
HepG2/C3A,Bimiralisib,Lapatinib ditosylate,0.21079626054482556,0.47113859697100047
HepG2/C3A,Bentamapimod,GSK1059615,0.1615193396076067,0.34622215169971
HepG2/C3A,Gemcitabine,Regorafenib,0.40585812229127527,0.5847555470446039
HepG2/C3A,GSK1059615,Tomivosertib,0.3817444288037848,0.47884192590942126
HepG2/C3A,MK-3903,Temuterkib,0.5439442344658322,0.5008615967912683
HepG2/C3A,9-ING-41,Lapatinib ditosylate,0.6972419991773471,0.6336423305425497
HepG2/C3A,Bentamapimod,Tomivosertib,0.24172861143380475,0.5134159201265617
HepG2/C3A,Bentamapimod,ERK5-IN-2,0.49419166702082173,0.5478278723893584
HepG2/C3A,Afatinib,BI-78D3,0.44686620733547766,0.5656400938794832
HepG2/C3A,Afatinib,Dabrafenib,0.2259948933387121,0.43042454052210266
HepG2/C3A,AZD-8055,Bimiralisib,0.7041224546560776,0.6437871969964062
HepG2/C3A,Bimiralisib,olaparib,0.14466508857197874,0.3275076863909837
HepG2/C3A,Abemaciclib,NG25,0.36282994091813214,0.4327388302676108
HepG2/C3A,Ipatasertib,TAK-901,0.24436936780629576,0.37931761954658755
HepG2/C3A,Lapatinib ditosylate,Regorafenib,0.3114148128793052,0.5188530087369877
HepG2/C3A,APTO-253,BI-78D3,0.4674820060275482,0.5866120030027165
HepG2/C3A,ERK5-IN-2,Everolimus,0.56210327788991,0.5931116974301239
HepG2/C3A,Bentamapimod,Encorafenib,0.08391449960997341,0.3353149777229516
HepG2/C3A,Afatinib,Everolimus,0.28236697577052206,0.4976195928817621
HepG2/C3A,EX229,Ipatasertib,0.4672305259099892,0.5657615585584922
HepG2/C3A,Brivudine,olaparib,0.21276892333621988,0.40572534639204366
HepG2/C3A,BI-3406,Ipatasertib,0.2190244347929593,0.445394316365474
HepG2/C3A,Lapatinib ditosylate,Tucatinib,0.4603370070569043,0.37618104970859895
HepG2/C3A,Gemcitabine,MK-3903,0.62393304347409,0.6087941527287819
HepG2/C3A,AZD-8055,Vemurafenib,0.7823593378538066,0.7244765427057607
HepG2/C3A,GSK1059615,Ipatasertib,0.2716125370395857,0.42161239135936524
HepG2/C3A,Anastrozole,Sapanisertib,0.3711706660186497,0.40363853177149767
HepG2/C3A,Abemaciclib,Trametinib,0.07014442007973423,0.35754941366806403
HepG2/C3A,AZD-8055,ERK5-IN-2,0.5883245894047601,0.6553756821844199
HepG2/C3A,Everolimus,TAK-901,0.09106487616494181,0.3908336998337611
HepG2/C3A,Abemaciclib,Regorafenib,0.2279696649362601,0.48576450480706646
HepG2/C3A,Regorafenib,XRK3F2,0.5801256059110365,0.6589054092820811
HepG2/C3A,Everolimus,Vemurafenib,0.5931796221837721,0.7052591399438817
HepG2/C3A,Regorafenib,Sapanisertib,0.18449715307954476,0.46928965196615635
HepG2/C3A,EX229,Gemcitabine,0.45011119220539964,0.554963605992016
HepG2/C3A,9-ING-41,ML264,0.7158289585119637,0.717513488968043
HepG2/C3A,Lapatinib ditosylate,NG25,0.1028457615430363,0.29391276783896836
HepG2/C3A,Encorafenib,Sapanisertib,0.3657345051621639,0.5299376568379749
HepG2/C3A,Bentamapimod,Temuterkib,0.4545822375388949,0.5476944749418791
HepG2/C3A,Trametinib,Tucatinib,0.08880312024346851,0.233934976535216
HepG2/C3A,BI-78D3,olaparib,0.2590033691955768,0.4995485153177861
HepG2/C3A,Anastrozole,NG25,0.2801690725331284,0.34329940853687
HepG2/C3A,Bentamapimod,EX229,0.08242548460860011,0.3181282909882144
HepG2/C3A,AZD-8055,Dabrafenib,0.32535634370598987,0.48510515222114337
HepG2/C3A,Lapatinib ditosylate,Vemurafenib,0.6223312147834139,0.613339408901739
HepG2/C3A,Irinotecan,Regorafenib,0.19039964705113746,0.47199944771919666
HepG2/C3A,Anastrozole,RMC-6236,0.0461627429153582,0.24347941791604
HepG2/C3A,PH-797804,Tucatinib,0.46415477812015216,0.37406451798453816
HepG2/C3A,EX229,RMC-6236,0.2170870838762363,0.44647383208933317
HepG2/C3A,BI-3406,Irinotecan,0.15889734307801878,0.43467785046252855
HepG2/C3A,9-ING-41,Bimiralisib,0.429450119277502,0.5112493269308196
HepG2/C3A,ERK5-IN-2,ML264,0.8422299668595198,0.7753408576964871
HepG2/C3A,Infigratinib,Ipatasertib,0.28064920549915645,0.3838074421786027
HepG2/C3A,APTO-253,Dabrafenib,0.6509972737114863,0.6423668489464975
HepG2/C3A,BI-3406,Brivudine,0.5340977193757583,0.6505660567892237
HepG2/C3A,Encorafenib,Regorafenib,0.7569229615217387,0.7033803114319546
HepG2/C3A,AZD-8055,Bentamapimod,0.20704207664998625,0.4191863130267828
HepG2/C3A,APTO-253,Vemurafenib,0.31913009713076285,0.5598979554934985
HepG2/C3A,Infigratinib,Trametinib,0.21573187014993697,0.34935695145296636
HepG2/C3A,ERK5-IN-2,GSK1059615,0.4497363244172727,0.5972055811051884
HepG2/C3A,BAY1125976,GSK1059615,0.3857718974913578,0.5324592323961628
HepG2/C3A,Bentamapimod,olaparib,0.2927391115380317,0.34151951877380415
HepG2/C3A,AZD-8055,BI-78D3,0.4588468361796106,0.5760817377478378
HepG2/C3A,Bentamapimod,Sapanisertib,0.5115848274548922,0.5219814196173823
HepG2/C3A,Anastrozole,Brivudine,0.22452570700529395,0.374387633153747
HepG2/C3A,Temuterkib,XRK3F2,0.434959349333804,0.5350049052973117
HepG2/C3A,EX229,MK-3903,0.5682152958401173,0.5736702165353716
HepG2/C3A,TAK-901,XRK3F2,0.13051884468780137,0.48707057111060215
HepG2/C3A,NG25,XRK3F2,0.1950832114150263,0.42936024021989655
HepG2/C3A,APTO-253,AZD-8055,0.23732972490626658,0.44324207086924783
HepG2/C3A,NG25,Tucatinib,0.20867032202213082,0.28737866244252114
HepG2/C3A,PH-797804,Regorafenib,0.4018188059425548,0.4685473836091508
HepG2/C3A,9-ING-41,Ipatasertib,0.43316759210876665,0.5634724962862648
HepG2/C3A,EX229,olaparib,0.20637025693680144,0.46569541883919763
HepG2/C3A,Abemaciclib,Anastrozole,0.5696768215117358,0.5518391993399645
HepG2/C3A,BI-3406,Tomivosertib,0.21359684039107754,0.5128731677674918
HepG2/C3A,Afatinib,Ipatasertib,0.25889080833207295,0.45887457369100393
HepG2/C3A,Gemcitabine,Tomivosertib,0.3843699409947726,0.5914711402746237
HepG2/C3A,AZD-8055,olaparib,0.38490404317224763,0.3435803246222031
HepG2/C3A,Irinotecan,MK-3903,0.41877373631567966,0.5948689614671147
HepG2/C3A,EX229,Lapatinib ditosylate,-0.10809952498852503,0.22104630192973
HepG2/C3A,Infigratinib,XRK3F2,0.3048343884423973,0.43421222608136667
HepG2/C3A,9-ING-41,Anastrozole,0.25895358251751904,0.31404264503729545
HepG2/C3A,Gemcitabine,Tucatinib,0.5918605842968301,0.5397307389129946
HepG2/C3A,ERK5-IN-2,Irinotecan,0.1608013127738606,0.4000648517755834
HepG2/C3A,BI-78D3,ERK5-IN-2,0.7647949424197471,0.6775453144643693
HepG2/C3A,Bimiralisib,ML264,0.3247638978536472,0.4211040318829494
HepG2/C3A,Abemaciclib,Vemurafenib,0.22911064700437037,0.48350772766438527
HepG2/C3A,PH-797804,TAK-901,0.641225670010786,0.6737034985458383
HepG2/C3A,BAY1125976,TAK-901,-0.05576786784093604,0.20519610642100644
HepG2/C3A,BAY1125976,Paclitaxel,0.6078902921890136,0.6431996188406673
HepG2/C3A,APTO-253,Everolimus,0.548276991109405,0.578557156503251
HepG2/C3A,Irinotecan,Paclitaxel,0.29972890010607744,0.5405630480829171
HepG2/C3A,Infigratinib,Tomivosertib,0.39222518816590946,0.49407691083407895
HepG2/C3A,Anastrozole,Tomivosertib,0.38818110812190004,0.4256318970509213
HepG2/C3A,APTO-253,RMC-6236,-0.2647334279077557,0.18845947610886876
HepG2/C3A,Dabrafenib,NG25,0.09025731677189058,0.30480409695446187
HepG2/C3A,Everolimus,PH-797804,0.370156579512308,0.5164267434621403
HepG2/C3A,NG25,Temuterkib,0.3624186936680265,0.3928974580776226
HepG2/C3A,9-ING-41,XRK3F2,0.794019494107564,0.7420775051216603
HepG2/C3A,Infigratinib,Temuterkib,0.5999365925208551,0.6034519588442273
HepG2/C3A,Everolimus,RMC-6236,0.15245015394596226,0.4890570896529462
HepG2/C3A,ML264,RMC-6236,0.3098380775843484,0.4523029519282914
HepG2/C3A,Afatinib,BAY1125976,0.02859962562625774,0.24423925807323926
HepG2/C3A,Regorafenib,olaparib,0.35659549899377885,0.4458962215825009
HepG2/C3A,Lapatinib ditosylate,PH-797804,0.18593721644797634,0.36249284083803535
HepG2/C3A,Irinotecan,Vemurafenib,0.1952168940852057,0.5043175024781971
HepG2/C3A,PH-797804,Temuterkib,0.614350709200355,0.5402423816811815
HepG2/C3A,Gemcitabine,Ipatasertib,0.13951161427678896,0.3818571844135598
HepG2/C3A,9-ING-41,Infigratinib,0.3254983243230584,0.4036612017335617
HepG2/C3A,APTO-253,EX229,0.14977757413246467,0.4205344532956566
HepG2/C3A,ERK5-IN-2,NG25,0.21080111867472037,0.3613252138455358
HepG2/C3A,GSK1059615,RMC-6236,0.4292820896407134,0.5052380639136039
HepG2/C3A,BI-3406,MK-3903,0.6296117994091085,0.5980300969613995
HepG2/C3A,Irinotecan,NG25,0.30448642991715713,0.3397066574843584
HepG2/C3A,BI-3406,Lapatinib ditosylate,0.14533290904288582,0.37303764197749667
HepG2/C3A,BI-3406,olaparib,0.17816158562007728,0.3880659218168169
HepG2/C3A,BAY1125976,Temuterkib,0.6503997778560563,0.6536893127422296
HepG2/C3A,BI-78D3,PH-797804,0.5403005068884476,0.5347034399141753
HepG2/C3A,Bimiralisib,ERK5-IN-2,0.41280352338960097,0.5212913014420348
HepG2/C3A,PH-797804,Vemurafenib,0.41432325678148324,0.586668649440865
HepG2/C3A,Encorafenib,Infigratinib,0.20361974445946135,0.28451395929829615
HepG2/C3A,Ipatasertib,PH-797804,0.5920319158070153,0.6993934033927036
HepG2/C3A,ERK5-IN-2,Regorafenib,0.4142240040345748,0.5627762046573659
HepG2/C3A,Temuterkib,Trametinib,0.22699730402118773,0.35618468734140557
HepG2/C3A,BI-3406,TAK-901,0.2980093995702045,0.4457385584154784
HepG2/C3A,9-ING-41,Tomivosertib,0.1943083749559385,0.5767597425747463
HepG2/C3A,Paclitaxel,Tomivosertib,0.3376137733336819,0.679919302216012
HepG2/C3A,Lapatinib ditosylate,ML264,0.42349355240842335,0.46952093666920586
HepG2/C3A,Anastrozole,Bentamapimod,0.47921935590150266,0.49119421220154963
HepG2/C3A,BI-3406,Tucatinib,0.2141094735690222,0.27166000205626345
HepG2/C3A,Brivudine,Irinotecan,0.4599282940529506,0.5526304233594008
HepG2/C3A,AZD-8055,ML264,0.4559168280230956,0.6066328592672302
HepG2/C3A,Ipatasertib,ML264,0.3772168638386786,0.5017561704933194
HepG2/C3A,9-ING-41,GSK1059615,0.48697109958206947,0.5728545625033175
HepG2/C3A,9-ING-41,olaparib,0.2991825947182738,0.3067354608115368
HepG2/C3A,PH-797804,Paclitaxel,0.533836644529977,0.6735534387263847
HepG2/C3A,Encorafenib,XRK3F2,0.8211936401448622,0.799122857249619
HepG2/C3A,Brivudine,PH-797804,0.5490021701038722,0.6072099495359105
HepG2/C3A,AZD-8055,Regorafenib,0.6689905448485696,0.6840833027009581
HepG2/C3A,TAK-901,Tomivosertib,0.37007057395858856,0.3767690376505712
HepG2/C3A,Ipatasertib,Temuterkib,0.42109295801614505,0.5448825682249595
HepG2/C3A,9-ING-41,Paclitaxel,0.7507839141663224,0.761677960240543
HepG2/C3A,Abemaciclib,Bimiralisib,0.1628911148407367,0.47685955134662017
HepG2/C3A,Regorafenib,Tucatinib,0.2714625692941659,0.3787409258954489
HepG2/C3A,ERK5-IN-2,Ipatasertib,0.3565435567181338,0.5153311423016915
HepG2/C3A,Irinotecan,Tucatinib,0.3178433827227292,0.4453235238965043
HepG2/C3A,Everolimus,ML264,0.6304551473554542,0.6009895652573792
HepG2/C3A,Bimiralisib,MK-3903,0.6501808421510457,0.5680823073334094
Hs 766T,AT7519,Celecoxib,0.3930997297312202,0.3663083956002531
Hs 766T,9-ING-41,Anastrozole,0.35139569643892626,0.4664822312716315
Hs 766T,APTO-253,Volasertib,0.2337720989909388,0.2528434945740092
Hs 766T,Minodronic acid,vincristine,0.5547374414082838,0.495347227044502
Hs 766T,AZD1390,XRK3F2,0.23501136864566333,0.32609674453613813
Hs 766T,Afatinib,Brivudine,0.4474754585734959,0.6434106856731044
Hs 766T,Ralimetinib dimesylate,Tubulin inhibitor 6,0.4053905594249212,0.4757842830695894
Hs 766T,Brivudine,Tomivosertib,0.3037523311903243,0.5336328948661
Hs 766T,AZD-8055,PH-797804,0.3000388280823903,0.44423377051833346
Hs 766T,Methylprednisolone succinate,RMC-6236,0.17021835263174,0.2856657222754867
Hs 766T,AZD1390,Everolimus,0.5280628255218599,0.5598493886255345
Hs 766T,ERK5-IN-2,Lapatinib ditosylate,0.4211927066530825,0.4020872929724637
Hs 766T,Lapatinib ditosylate,Oleic acid,0.5373764255049647,0.4817956001237307
Hs 766T,9-ING-41,Minodronic acid,0.27612029745196703,0.40949325215346233
Hs 766T,BAY1125976,NVP-BHG712,0.12233188407844767,0.07511881212512816
Hs 766T,Encorafenib,NVP-BHG712,0.4663027836603577,0.23654899595900528
Hs 766T,LJI308,Oleic acid,0.31161700515846763,0.21393532277930088
Hs 766T,Encorafenib,Sapanisertib,0.21483376921209224,0.41135953966281585
Hs 766T,Anastrozole,Celecoxib,0.5911195626998018,0.48440834321564014
Hs 766T,Sapanisertib,olaparib,0.0939594525818231,0.20316101096443662
Hs 766T,Gemcitabine,vincristine,0.4060777629887296,0.37623813052902516
Hs 766T,Brivudine,Infigratinib,0.25087168078725336,0.4587994687649328
Hs 766T,NG25,Ralimetinib dimesylate,0.35036231244129457,0.40033314443681434
Hs 766T,Irinotecan,olaparib,0.6427912764821431,0.5766962644817872
Hs 766T,NVP-BHG712,Volasertib,0.4890531553783346,0.3462091652843803
Hs 766T,BI-3406,Encorafenib,0.6046769552269988,0.6271093067902883
Hs 766T,Gemcitabine,LY2090314,0.37197347752607135,0.2190361759979993
Hs 766T,Irinotecan,Temuterkib,0.38192548313949326,0.415295203338519
Hs 766T,9-ING-41,APTO-253,-0.02010508400929626,0.08461601465644764
Hs 766T,CP21R7,LJI308,0.2664410249737722,0.2813990120390417
Hs 766T,Dabrafenib,Sapanisertib,0.3013122293383422,0.3105975717697801
Hs 766T,LB-100,Sapanisertib,0.2832711672100394,0.35102881479811054
Hs 766T,BI-78D3,RMC-6236,0.37586649331122535,0.46506579715530594
Hs 766T,NG25,palbociclib,0.40178472795474185,0.4466395063408348
Hs 766T,Encorafenib,Gemcitabine,0.30073207354039033,0.3298476065629139
Hs 766T,Infigratinib,Tomivosertib,0.34757992765823403,0.5214614200556855
Hs 766T,APTO-253,MK-8353,0.37618174908682034,0.3511862659568188
Hs 766T,RMC-6236,Tucatinib,0.25596281915062746,0.31271475248689024
Hs 766T,MK-8353,OTS514,0.09620436472132601,0.20900095935408614
Hs 766T,Infigratinib,palbociclib,-0.00552693680303689,0.3017551141979297
Hs 766T,APTO-253,Lapatinib ditosylate,0.07438655947064692,0.17473129609093846
Hs 766T,Brivudine,Irinotecan,0.4924377379355333,0.5958726055109383
Hs 766T,Sapanisertib,Temuterkib,0.2435539218886896,0.2271076856208652
Hs 766T,DT-061,Minodronic acid,0.4614441027891144,0.5215294209204657
Hs 766T,Encorafenib,palbociclib,0.6057303088444365,0.6022706011182364
Hs 766T,Oxaliplatin,XRK3F2,0.2368621883590287,0.280251900657035
Hs 766T,LY2090314,palbociclib,0.320472488005107,0.23478858592603863
Hs 766T,Adagrasib,Tomivosertib,0.3895809869351703,0.44586100707983795
Hs 766T,APTO-253,Pemigatinib,0.024995180313172848,0.08871662992222576
Hs 766T,Erdafitinib ,Trametinib,0.23683661040405998,0.3700858626737791
Hs 766T,Infigratinib,LY2090314,0.1865451818030211,0.10899190892742691
Hs 766T,Afatinib,olaparib,0.2119825149451725,0.3921374163676759
Hs 766T,LB-100,MK-8353,0.5012961864064631,0.31930941419884956
Hs 766T,Ralimetinib dimesylate,olaparib,0.3536276627520488,0.3729841029601114
Hs 766T,BAY1125976,Gemcitabine,-0.05340762240823092,0.17929536106835553
Hs 766T,Abemaciclib,LB-100,0.13110479757455057,0.29251251676083706
Hs 766T,Oxaliplatin,Temuterkib,0.19580751212931796,0.3057846098556425
Hs 766T,APTO-253,Temuterkib,0.34249735891763267,0.27814630163589266
Hs 766T,Bimiralisib,Volasertib,0.13846321763142347,0.13794902237753906
Hs 766T,AT7519,palbociclib,-0.04865131397906795,0.10231698090690372
Hs 766T,ML264,Sapanisertib,0.35733456499082294,0.3725667051279869
Hs 766T,Bimiralisib,Paclitaxel,0.6065365658745594,0.6485018195234433
Hs 766T,NG25,Tomivosertib,0.1563699830848402,0.3198466895822753
Hs 766T,BI-78D3,Infigratinib,0.2992053958934791,0.32601858956875396
Hs 766T,Lapatinib ditosylate,Methylprednisolone succinate,0.44435476005191377,0.4385988802055637
Hs 766T,Bentamapimod,Bimiralisib,0.0875889689733506,0.16289172004335936
Hs 766T,HI-TOPK-032,Methylprednisolone succinate,0.5610003064705882,0.4701308966446813
Hs 766T,BI-3406,Vemurafenib,0.8371556030143864,0.7618407091856023
Hs 766T,DT-061,Regorafenib,0.8138616000721972,0.7540793608002496
Hs 766T,BAY1125976,Bimiralisib,0.16152873767565426,0.31478064442380455
Hs 766T,Bentamapimod,NG25,0.2115110766294911,0.2492555431938117
Hs 766T,NG25,Oleic acid,0.2201243248474286,0.3612152872351432
Hs 766T,HI-TOPK-032,XRK3F2,0.1956077103185051,0.37968800969454153
Hs 766T,CP21R7,Temuterkib,0.5586929426895516,0.40709948143553726
Hs 766T,DT-061,Infigratinib,0.07431552090450066,0.3399810603098735
Hs 766T,Adagrasib,Minodronic acid,0.5040820227326032,0.4030904032712707
Hs 766T,Celecoxib,Sapanisertib,0.1517525638198551,0.18840005629065432
Hs 766T,Encorafenib,LB-100,0.3096303389488482,0.3799778058265436
Hs 766T,Dabrafenib,HI-TOPK-032,-0.14576121072465006,0.049995682611787134
Hs 766T,Brivudine,Ralimetinib dimesylate,0.3047040214293746,0.40578174279141593
Hs 766T,Anastrozole,Infigratinib,0.326419105227073,0.43101246066337856
Hs 766T,BAY1125976,Ralimetinib dimesylate,0.1203283107642438,0.23359226865192048
Hs 766T,Infigratinib,TAK-901,0.1306777079488835,0.2947992751486198
Hs 766T,Gemcitabine,Tomivosertib,0.1804949822152555,0.5733494899860482
Hs 766T,Lapatinib ditosylate,OTS514,0.4654262177379775,0.38496885375377543
Hs 766T,Paclitaxel,XRK3F2,0.7955097047825918,0.7555136512864873
Hs 766T,ETC-206,PH-797804,0.1947777626317525,0.26992263404137984
Hs 766T,Irinotecan,PH-797804,0.4416183904501817,0.4680838426010861
Hs 766T,BAY1125976,Sapanisertib,0.7308958246684273,0.711429820035195
Hs 766T,AZD-7648,BI-78D3,0.17637196357188156,0.2961997922120464
Hs 766T,Abemaciclib,Volasertib,0.13405462527277415,0.18190274875529344
Hs 766T,Afatinib,Anastrozole,0.18485432011196715,0.3879512160464378
Hs 766T,BAY1125976,LJI308,0.22249895080603677,0.44266039092275655
Hs 766T,MK-8353,Pemigatinib,0.3591091179523641,0.2605607927363147
Hs 766T,Anastrozole,ML264,0.45164090915324645,0.44554881905276267
Hs 766T,Afatinib,Sapanisertib,0.35167682193248134,0.4700386863355694
Hs 766T,Bentamapimod,Temuterkib,0.5186004694111781,0.43514593768851634
Hs 766T,HI-TOPK-032,Infigratinib,0.20171835562390178,0.38903238346225116
Hs 766T,BAY1125976,MK-8353,0.22287617947281269,0.14400553392203003
Hs 766T,Capivasertib,Dabrafenib,-0.09711970587348596,0.03177838274456992
Hs 766T,olaparib,vincristine,0.358965873109445,0.27521670206375476
Hs 766T,BI-78D3,ML264,0.7827482657055923,0.6783558293932538
Hs 766T,Ipatasertib,LB-100,0.3821328447206059,0.46094343643244434
Hs 766T,Lapatinib ditosylate,Oxaliplatin,0.5143772761424704,0.4680938752894991
Hs 766T,Anastrozole,LY2090314,0.4027880753703156,0.3512111247502445
Hs 766T,Bimiralisib,Trametinib,0.8539938371445708,0.835109281980651
Hs 766T,Methylprednisolone succinate,Tubulin inhibitor 6,0.5687258351901056,0.5311655262036199
Hs 766T,BI-3406,Paclitaxel,0.7355931785495122,0.6965124421681428
Hs 766T,AZD-8055,Oleic acid,0.20748095681609496,0.28930319823279066
Hs 766T,AT7519,BI-78D3,0.373634849020945,0.44785589449510543
Hs 766T,Bentamapimod,Brivudine,0.11961542890224865,0.18824368842278144
Hs 766T,AZD1390,Brivudine,0.39958734270378693,0.5587487052135374
Hs 766T,AZD-8055,Abemaciclib,-0.008492755526122338,0.34021777255677743
Hs 766T,Adagrasib,NG25,0.3521072879287801,0.2572033040790243
Hs 766T,Dabrafenib,Oxaliplatin,-0.026179450831055502,0.11689051389477619
Hs 766T,AT7519,TAK-901,0.10572473887579895,0.13024834945456926
Hs 766T,Abemaciclib,Bimiralisib,0.008611809801784553,0.3599018628057482
Hs 766T,ERK5-IN-2,XRK3F2,0.529897390056375,0.47662061457935007
Hs 766T,Abemaciclib,CP21R7,0.09581988605028753,0.24483037178216555
Hs 766T,OTS514,Temuterkib,-0.08914491236444971,0.024920788720028418
Hs 766T,CP21R7,HI-TOPK-032,0.4149386541259884,0.3933339669668008
Hs 766T,Everolimus,MK-8353,0.3487928761720815,0.31554243235482793
Hs 766T,9-ING-41,Tucatinib,0.4167705568225928,0.43544184228075894
Hs 766T,Ipatasertib,Methylprednisolone succinate,0.2186303067125706,0.433016952971368
Hs 766T,Oxaliplatin,Regorafenib,0.4877549911994101,0.41154651513773255
Hs 766T,Minodronic acid,Sapanisertib,-0.001665730897317974,0.11534727995832289
Hs 766T,Afatinib,OTS514,0.02817384459378343,0.1884964484659689
Hs 766T,Gemcitabine,Trametinib,0.4974435599207641,0.5397024241115251
Hs 766T,AZD-8055,Anastrozole,0.23789716721774878,0.4011483660325631
Hs 766T,Erdafitinib ,Irinotecan,0.5319111535606824,0.4510741374515938
Hs 766T,Oleic acid,Pemigatinib,0.3375899806072988,0.35463154980052747
Hs 766T,AZD1390,Tubulin inhibitor 6,0.4122255530058323,0.43154842294372053
Hs 766T,Brivudine,Volasertib,0.3542665738996127,0.2695857726243235
Hs 766T,AZD-8055,Paclitaxel,0.5230576037043977,0.5365560251527464
Hs 766T,Minodronic acid,Oxaliplatin,0.6354608445340141,0.6237587604880315
Hs 766T,9-ING-41,LB-100,0.4405273947508028,0.47516376058294196
Hs 766T,LB-100,Pemigatinib,0.29473554798328955,0.3593524963978519
Hs 766T,BAY1125976,Tubulin inhibitor 6,0.037209657397347745,0.06281103061209867
Hs 766T,AZD-8055,OTS514,0.2489117209103791,0.3666161009772608
Hs 766T,Infigratinib,Methylprednisolone succinate,0.3230862597979049,0.44420369100572493
Hs 766T,CP21R7,Oleic acid,0.4255222207254657,0.37630032945520553
Hs 766T,Irinotecan,LJI308,0.5386500017549757,0.43738463928870314
Hs 766T,Everolimus,Ralimetinib dimesylate,0.4298786720290176,0.5304970137279656
Hs 766T,Bimiralisib,Oleic acid,0.12330192264501583,0.2536499408448659
Hs 766T,HI-TOPK-032,Tucatinib,0.27537376033413524,0.3516239742365212
Hs 766T,Adagrasib,Paclitaxel,0.08707398377196363,0.2790519124212597
Hs 766T,Temuterkib,Trametinib,0.17625109855086313,0.17659182803731727
Hs 766T,APTO-253,HI-TOPK-032,-0.18634072873902707,0.02612067105428518
Hs 766T,LY2090314,Temuterkib,0.6752915570329763,0.5863622370363456
Hs 766T,Afatinib,Celecoxib,0.13187104988048848,0.322486014698252
Hs 766T,AZD1390,Afatinib,0.17798683839078014,0.4250401783973155
Hs 766T,Brivudine,Gemcitabine,0.477243024510279,0.6005289161449281
Hs 766T,Erdafitinib ,NG25,0.23993303462117826,0.33625198773703213
Hs 766T,CP21R7,Minodronic acid,0.47694072591800474,0.39912572342603486
Hs 766T,LB-100,Oleic acid,0.40792407515357376,0.40822234664931634
Hs 766T,APTO-253,Bimiralisib,-0.1926131379569554,0.0324703226534129
Hs 766T,Regorafenib,Volasertib,0.36203798942107596,0.2529217518305393
Hs 766T,BAY1125976,Trametinib,-0.06200528239377587,0.2188708474300598
Hs 766T,GSK1059615,Regorafenib,0.5153625636762642,0.598843147999712
Hs 766T,Abemaciclib,BI-78D3,-0.05163444401365535,0.10622753729782763
Hs 766T,LJI308,olaparib,0.4256440111370532,0.27220849817901993
Hs 766T,Capivasertib,Lapatinib ditosylate,0.47912899183923263,0.42445188206134743
Hs 766T,9-ING-41,LY2090314,0.3878842490401294,0.38935113372078745
Hs 766T,AT7519,Erdafitinib ,0.30579902316255775,0.3833664407318472
Hs 766T,Ralimetinib dimesylate,Trametinib,0.32143594076910253,0.40007768077308314
Hs 766T,MK-8353,NVP-BHG712,0.3598615511623048,0.2593586843580864
Hs 766T,ETC-206,Irinotecan,0.5453806589283766,0.5208425608862743
Hs 766T,GSK1059615,Vemurafenib,0.6463841488771401,0.7108659176508507
Hs 766T,AZD-8055,Capivasertib,0.24221353214553604,0.24033030187568521
Hs 766T,LB-100,XRK3F2,0.32803780121736353,0.4462572192486496
Hs 766T,AZD-7648,Temuterkib,0.14350698603979056,0.1680750250680188
Hs 766T,NG25,TAK-901,0.16556330318603885,0.1826601975095608
Hs 766T,Adagrasib,LY2090314,0.08042250930094251,0.1465372204218789
Hs 766T,AZD1390,Minodronic acid,0.36456589095388353,0.4729488576471723
Hs 766T,Tubulin inhibitor 6,Vemurafenib,0.5447062910685464,0.5383806314400246
Hs 766T,Bimiralisib,Everolimus,0.1451289955379949,0.3893747880912109
Hs 766T,LB-100,Minodronic acid,0.4944409589354802,0.5019677784161236
Hs 766T,BI-78D3,ETC-206,0.520010356519025,0.4488551714778728
Hs 766T,Capivasertib,HI-TOPK-032,0.3877250767674729,0.3430780069824544
Hs 766T,Bentamapimod,PH-797804,0.17255119275268488,0.1306067312922786
Hs 766T,BI-3406,Sapanisertib,0.18038094087598944,0.33445701783953147
Hs 766T,MK-8353,Temuterkib,0.467833407285603,0.42232269361087854
Hs 766T,APTO-253,Tubulin inhibitor 6,0.03857631234128778,0.0994149675971111
Hs 766T,Everolimus,Tucatinib,0.32158498155092935,0.4163077327316026
Hs 766T,ML264,Tucatinib,0.6567276254101735,0.5839923724779591
Hs 766T,Ipatasertib,ML264,0.5455090852151936,0.5617902831026196
Hs 766T,Encorafenib,Paclitaxel,0.7550207655871486,0.7282506707948193
Hs 766T,APTO-253,Erdafitinib ,0.2238690512377513,0.2299353112036729
Hs 766T,DT-061,ETC-206,0.36229257001188275,0.3560072084314819
Hs 766T,Temuterkib,Volasertib,0.5253343843250357,0.386475913466802
Hs 766T,BI-3406,HI-TOPK-032,0.227655097058908,0.3595850546615498
Hs 766T,Ipatasertib,Oleic acid,0.06935162913638948,0.2218609555336724
Hs 766T,AZD-8055,Minodronic acid,0.2809109665504049,0.3766735256364035
Hs 766T,Infigratinib,Sapanisertib,0.22726415473367922,0.35857300509132617
Hs 766T,ETC-206,Temuterkib,0.4975008877236148,0.3792757621226213
Hs 766T,ETC-206,palbociclib,0.3418729921055143,0.2779159272066157
Hs 766T,Pemigatinib,palbociclib,0.3785892070662979,0.43802882682789807
Hs 766T,Adagrasib,HI-TOPK-032,0.4397578908511166,0.3263953293684986
Hs 766T,MK-8353,RMC-6236,-0.02034590542840556,0.04723852489646223
Hs 766T,BI-3406,Everolimus,0.1686366595538383,0.37776325372741115
J82,Regorafenib,Tomivosertib,0.5603228906514484,0.5947946585326508
J82,Ralimetinib dimesylate,venetoclax,0.3181291068359011,0.3125280565527771
J82,Lonafarnib,Tubulin inhibitor 6,0.165335993539316,0.18266007554830255
J82,Afatinib,OTS514,-0.06999971792279505,-0.03866067119479645
J82,AZD-8055,Belumosudil (mesylate),0.5111301907302325,0.6148356818556029
J82,Bimiralisib,Dabrafenib,0.39905361254160093,0.48625749406206165
J82,Capivasertib,PF-06260933,0.29992849101330366,0.2402484059094445
J82,Erdafitinib ,Oxaliplatin,0.5884326213207031,0.579717484599656
J82,AT7519,Paclitaxel,0.3643357911963566,0.4265627970614848
J82,Brivudine,Lapatinib ditosylate,0.16894690867252507,0.17334801259151245
J82,Futibatinib,Gemcitabine,0.26272969653188044,0.12026083281038694
J82,Methylprednisolone succinate,PF-06260933,0.3401715497073585,0.34152378794254246
J82,Everolimus,OTS514,0.25889453698363507,0.2604730608164031
J82,Dabrafenib,Minodronic acid,0.25788295372110875,0.2951971917400338
J82,Brivudine,TAK-901,0.25965164354331255,0.24801945836457018
J82,BI-3406,LJI308,0.7683586348786029,0.7663258529736806
J82,4EGI-1,AZD1390,0.8506265652455588,0.8644942360346933
J82,Afatinib,Tomivosertib,0.5120953981027797,0.5269570286614802
J82,LB-100,Vemurafenib,0.6542039514740406,0.6709509586284251
J82,BI-3406,OTS514,0.02871765966852119,0.04006616537194258
J82,CP21R7,Lonafarnib,0.21871303318397745,0.20743709233209617
J82,Lapatinib ditosylate,ML264,0.5876742531160569,0.6160490180094632
J82,9-ING-41,TAK-901,0.27718921642133293,0.24589139573379437
J82,Abemaciclib,Futibatinib,-0.006500082955047653,-0.06141427384049241
J82,PH-797804,Ralimetinib dimesylate,0.42123992589574033,0.4264699664783894
J82,Everolimus,Lapatinib ditosylate,0.4718493726099245,0.49028601696562263
J82,APTO-253,Minodronic acid,0.6255770614784035,0.5837052181378255
J82,Belumosudil (mesylate),LB-100,0.3327202283597297,0.4460651708926053
J82,NVP-BHG712,TAK-733,0.3597335624653584,0.3302393298634868
J82,LB-100,Sapanisertib,0.328281875559762,0.42070531875656275
J82,Bimiralisib,XRK3F2,0.7345134008720638,0.7328470267342557
J82,Alpelisib,PF-06260933,0.279589913568431,0.3335865107966263
J82,Methylprednisolone succinate,Trametinib,0.24933031815868406,0.2517439843951007
J82,9-ING-41,ERK5-IN-2,0.6315667805520607,0.6959410536555771
J82,Ixazomib,Lonafarnib,0.22081784334164395,0.2497875468659086
J82,HI-TOPK-032,Sonidegib,0.6479658938210776,0.600108962733479
J82,AZD-8055,OTS514,0.2984405182610827,0.2801149446863765
J82,Ralimetinib dimesylate,Tubulin inhibitor 6,0.5433254133664164,0.5339052438036294
J82,Trametinib,olaparib,0.6884053545322675,0.6710578834037446
J82,AZD2858,Oxaliplatin,0.7231745297256109,0.678723207013988
J82,GSK1059615,PH-797804,0.4379363371053582,0.43187917383626095
J82,Binimetinib,Pemigatinib,0.24842492703758573,0.27398809268127056
J82,AZD-7648,Tomivosertib,0.311320890479501,0.3540519279626842
J82,ERK5-IN-2,Ipatasertib,0.47807991639705555,0.4979994804083297
J82,TAK-901,ULK-101,0.1376582324095326,0.11508177964874637
J82,BI-78D3,GSK1059615,0.40349529610316726,0.39281330583844654
J82,Belumosudil (mesylate),Methylprednisolone succinate,0.4776693975846691,0.4424284390007097
J82,Afatinib,GSK1059615,0.7241025949620812,0.7160079129970995
J82,4EGI-1,Capivasertib,0.6072968381654642,0.537798327023323
J82,ETC-206,Oxaliplatin,0.7540855316569863,0.7304781093541526
J82,Irinotecan,LY-2584702 (tosylate salt),0.3708782334896805,0.22652433768301322
J82,AZD2858,LB-100,0.5890140391890533,0.5736794413368411
J82,9-ING-41,ETC-206,0.4722127732879965,0.4744774768622284
J82,Anastrozole,Gemcitabine,0.7833057908773566,0.7098216387021399
J82,BI-3406,Irinotecan,0.43289960126178206,0.4816018948989893
J82,ERK5-IN-2,Tomivosertib,0.08507227944017745,0.05947718065622765
J82,Infigratinib,Ralimetinib dimesylate,0.5168785615693422,0.5160296636485412
J82,ERK5-IN-2,venetoclax,-0.04014622228492984,-0.054387313791337225
J82,GSK1059615,ULK-101,0.536489350835055,0.5294459787126901
J82,Methylprednisolone succinate,Temuterkib,0.20230093449490033,0.2126217603385076
J82,NVP-BHG712,Ralimetinib dimesylate,0.8381846215317734,0.8005670833490767
J82,AZD2858,NG25,0.36674664715418115,0.4084252374122561
J82,Erdafitinib ,LJI308,0.3377371482232636,0.31659009821517536
J82,Erdafitinib ,Pemigatinib,0.5621151151819278,0.5060067642216982
J82,Belumosudil (mesylate),Volasertib,0.33809016596863517,0.3468788364189298
J82,Celecoxib,c-Kit-IN-1,0.3337235053335925,0.30622485890403256
J82,AZD2858,DT-061,0.6916608822013774,0.666176869462993
J82,Elimusertib hydrochloride,Ipatasertib,0.45606838678948947,0.4264869308820526
J82,Pimitespib,ULK-101,0.5138270198672628,0.45666240814750897
J82,HI-TOPK-032,LY-2584702 (tosylate salt),0.47909351582993553,0.4252673520412868
J82,AZD1390,c-Kit-IN-1,0.6911254867189295,0.6602166241570229
J82,4EGI-1,Vemurafenib,0.47754134723229147,0.5425106263764671
J82,Encorafenib,Trametinib,0.5790724932514988,0.629291708226854
J82,ETC-206,Pimitespib,0.6955483370517968,0.6388673563942164
J82,Alpelisib,GSK1059615,0.5129339938220349,0.4723266130420209
J82,BAY1125976,Everolimus,0.3708685668963081,0.46410629234816414
J82,Alpelisib,TAK-733,0.4473474844685167,0.44588911449982116
J82,Alpelisib,Tubulin inhibitor 6,0.6914722726676337,0.6745577558447637
J82,olaparib,vincristine,0.40482209263179275,0.40693149701762166
J82,BI-78D3,Brivudine,0.3571135225478222,0.32771443492519137
J82,Tucatinib,olaparib,0.02854362004791204,0.036732789036810966
J82,Encorafenib,olaparib,0.3223523773557617,0.3767259349318984
J82,Encorafenib,Everolimus,0.5087628502454904,0.560983868276326
J82,Belzutifan,ERK5-IN-2,0.11904943431872592,0.17437436121332217
J82,Belzutifan,Temuterkib,0.20990673804160562,0.2352002050585092
J82,DTP3,PF-06260933,0.023989123655738166,0.0866121096572697
J82,LJI308,MK-3903,0.5743147518004127,0.634884854506127
J82,Anastrozole,palbociclib,0.5557668611089963,0.5077788642962315
J82,4EGI-1,Gemcitabine,0.7770792414719901,0.7788038366482847
J82,Ixazomib,Regorafenib,0.8196669426328537,0.8029757128867778
J82,9-ING-41,c-Kit-IN-1,0.5053626919514129,0.4243119963007287
J82,Afatinib,Gemcitabine,0.502060822827878,0.534561443935897
J82,ERK5-IN-2,Temuterkib,0.8750964719154636,0.8521540109749653
J82,Erdafitinib ,ULK-101,0.48249552151566966,0.44572021951045937
J82,AZD-7648,Pralsetinib,0.5601033403791726,0.5602348701153755
J82,Binimetinib,CP21R7,0.7353000220054738,0.6844847013245381
J82,Brivudine,Tubulin inhibitor 6,0.4763971664718264,0.4334478138482827
J82,Methylprednisolone succinate,Tucatinib,0.25931415312086786,0.28106527265618053
J82,AZD2858,Paclitaxel,0.2616214276901838,0.3174000145646405
J82,AT7519,AZD-8055,0.4620465341616845,0.4980289740591607
J82,APTO-253,RMC-6236,0.0333614923422688,0.14883166406261975
J82,Hydroxyfasudil,Regorafenib,0.77773061497814,0.7594083809146189
J82,Hydroxyfasudil,ULK-101,0.6672081131054202,0.6630807763674
J82,AZD-7648,Bentamapimod,0.3321665293535278,0.2960054999099293
J82,LB-100,Volasertib,0.6992456060982551,0.662365476227795
J82,4EGI-1,NG25,0.5162670505982363,0.5739309931110843
J82,CP21R7,Temuterkib,0.4395442499836251,0.4413758261182099
J82,EX229,Regorafenib,0.6285248864490178,0.592774246815625
J82,Infigratinib,Lapatinib ditosylate,0.3967873613630698,0.3870582407932411
J82,ETC-206,vincristine,0.7090202807510327,0.6781315062924134
J82,4EGI-1,Belumosudil (mesylate),0.6479139446680138,0.6948433476074276
J82,Pralsetinib,Ralimetinib dimesylate,0.24060474933657125,0.211787506549643
J82,Binimetinib,IQ 1,0.36736507548009883,0.3536281068941194
J82,Dabrafenib,Vemurafenib,0.7637847478620219,0.8034308990979417
J82,GSK1059615,Tubulin inhibitor 6,0.38420749772862073,0.33857636648118933
J82,Irinotecan,MK-3903,0.632858414596958,0.6605142974430969
J82,Binimetinib,Tomivosertib,0.20890927761733316,0.28773938902167673
J82,Brivudine,MK-3903,0.4899428455078272,0.5275181454740256
J82,AZD-8055,Futibatinib,0.2810644279198157,0.21210407948611484
J82,Pemigatinib,Trametinib,0.17919072392221885,0.26484994668153816
J82,BI-78D3,Celecoxib,0.4427261389478165,0.480658219755431
J82,ERK5-IN-2,Trametinib,0.334804728149847,0.33125565902587234
J82,Bimiralisib,TAK-733,0.4218394245558759,0.4466185472571347
J82,BI-3406,Gemcitabine,0.3773333634712258,0.4161805260413495
J82,Alpelisib,BI-78D3,0.3593688979154198,0.37713182022833247
J82,Irinotecan,MK-8353,0.5649400672417952,0.5008370184017454
J82,Encorafenib,MK-3903,0.45785090398726674,0.5141491146103461
J82,LY-2584702 (tosylate salt),Ralimetinib dimesylate,0.11465058942855956,0.11199679043688289
J82,Gemcitabine,XRK3F2,0.37985247902311436,0.4238119953451654
J82,Binimetinib,Encorafenib,0.3703796847652111,0.4225652975299541
J82,Infigratinib,SBI-0640756,0.20776820027219112,0.24721045585836196
J82,Trametinib,XRK3F2,0.6610942867490449,0.6651311457011846
J82,Ixazomib,Tucatinib,-0.04684715774946383,-0.021961251936484356
J82,Adagrasib,IQ 1,0.3850004305296625,0.35353992024070524
J82,Futibatinib,Oleic acid,0.5997241757987803,0.5919334147149693
J82,Belumosudil (mesylate),Paclitaxel,0.514965651554408,0.5193547380548302
J82,ML264,vincristine,0.32503080866345657,0.3542336239937862
J82,Afatinib,Sapanisertib,0.6730216682368316,0.7127994550432737
J82,Erdafitinib ,HI-TOPK-032,0.42880380285222125,0.4141830967010035
J82,AZD2858,Capmatinib,0.4987421522508714,0.4887653691657793
J82,AZD2858,BI-78D3,0.4191956963961245,0.4318352550250465
J82,Irinotecan,LY2090314,0.1303309146054284,0.07485474609253893
J82,NG25,OTS514,0.1878177998883366,0.17862108315215214
J82,MK-3903,ML264,0.32732478742865856,0.36290509732478704
J82,Everolimus,Regorafenib,0.7297708871539654,0.7370193318987578
J82,Belumosudil (mesylate),Infigratinib,0.2150838521585905,0.29817198335906875
J82,HI-TOPK-032,Ipatasertib,0.5418247251830063,0.5446323168541909
J82,APTO-253,Pralsetinib,0.3270832597047778,0.3215887771419029
J82,Adagrasib,RMC-6236,0.10873051339841489,0.0990800451919216
J82,Capivasertib,ETC-206,0.7552797876307649,0.7214497902348415
J82,Hydroxyfasudil,Pemigatinib,0.4095205076779191,0.46041030480936973
J82,Celecoxib,MK-8353,0.7600353107428035,0.7289842467360941
J82,ERK5-IN-2,Hydroxyfasudil,0.08214394749422366,0.0923840446347252
J82,CP21R7,Methylprednisolone succinate,0.5098178739877486,0.5211487508019911
J82,Belzutifan,HI-TOPK-032,0.5927267708486474,0.5344816306820811
J82,MK-8353,TAK-733,0.3795878062694835,0.32586517061703096
J82,Abemaciclib,Volasertib,0.23425296442798638,0.20702639664081993
J82,Hydroxyfasudil,venetoclax,0.7149059980320804,0.7059986193401613
J82,AT7519,TAK-733,0.2486487196869073,0.2911079348574492
J82,Dabrafenib,Sonidegib,0.028223933645942563,0.21294953477916886
J82,APTO-253,Pemigatinib,0.6069126075257878,0.6104124709752151
J82,BAY1125976,TAK-901,0.20119180250476962,0.24262026447658225
J82,Infigratinib,Pimitespib,0.23418171030343948,0.18072768771382178
J82,Paclitaxel,olaparib,0.418570555435714,0.405151524416825
J82,Abemaciclib,Erdafitinib ,0.21562968030425186,0.1802876981398708
J82,9-ING-41,TAK-733,0.551907885980715,0.4729418640992463
J82,GSK1059615,NVP-BHG712,0.43805651492541464,0.3814629947732281
J82,DTP3,Erdafitinib ,0.41301427466062296,0.4388537737589534
J82,MK-8353,Methylprednisolone succinate,0.5797365648054165,0.5536580420683404
J82,LJI308,vincristine,0.4653798477747126,0.4378864041910718
J82,AZD1390,Encorafenib,0.2688415779867709,0.3667477335664302
J82,Elimusertib hydrochloride,Infigratinib,0.06258518970981558,0.1097080483591336
J82,AZD-7648,Afatinib,0.4556944584739033,0.4720294216962756
J82,LJI308,Sonidegib,0.8622836934668372,0.842275752185079
J82,Futibatinib,Ipatasertib,0.1813749041663481,0.14557400634268686
J82,LY2090314,Minodronic acid,0.5934656720835999,0.6470148770678579
J82,HI-TOPK-032,Pralsetinib,0.42663416911004726,0.4061879371382101
J82,LJI308,NG25,0.5529586292705595,0.5502523075955403
J82,DTP3,XRK3F2,0.2539605496537056,0.30813467718960197
J82,Tomivosertib,olaparib,0.40111027132886545,0.45323394295890485
J82,Adagrasib,Futibatinib,0.450020332689159,0.43584326422109954
J82,Bimiralisib,PH-797804,0.4123668675755764,0.4253597239621029
J82,Adagrasib,venetoclax,0.4332478635623623,0.3715465223380503
J82,PF-06260933,Temuterkib,0.0884962467500788,0.0034898622377374164
J82,Belzutifan,SBI-0640756,0.4517059963211036,0.4469851977287657
J82,IQ 1,Methylprednisolone succinate,0.45939977899165396,0.4297666670605381
J82,Dabrafenib,Trametinib,0.3914326821106979,0.4980858448733202
J82,Adagrasib,MK-8353,0.5417011029573031,0.5117236397757765
J82,Ipatasertib,Trametinib,0.6498634312246413,0.6620354551403091
J82,Ipatasertib,Ralimetinib dimesylate,0.7410568830566757,0.7525328693492787
J82,CP21R7,OTS514,0.2710830341546704,0.33585252632093016
J82,LY-2584702 (tosylate salt),ML264,-0.09525423145750636,-0.04531797253897796
J82,Oleic acid,Pimitespib,0.6866276198348669,0.6637280979920637
J82,IQ 1,PH-797804,0.3607064452584825,0.3610316325095683
J82,DT-061,Everolimus,0.5901735426203034,0.562176231394391
J82,Abemaciclib,Adagrasib,0.4718768212044026,0.4425520820432348
J82,Bimiralisib,palbociclib,0.3727793676321252,0.3891387769044987
J82,Everolimus,SBI-0640756,0.6318591742777443,0.6207687341101306
J82,Ixazomib,ULK-101,0.5122152910440135,0.5459620296654618
J82,NVP-BHG712,Sapanisertib,0.3892384472719923,0.4358217647788275
KATO III,Futibatinib,HI-TOPK-032,-0.09416615656266687,0.08572267759365207
KATO III,Erdafitinib ,Oxaliplatin,0.6424124644543383,0.6543992663983377
KATO III,Brivudine,Temuterkib,0.15019193639490788,0.24592464649355933
KATO III,Bimiralisib,Pralsetinib,0.3857569221187034,0.2869990375372134
KATO III,Minodronic acid,Tucatinib,0.5329705845390038,0.5340619374993167
KATO III,SBI-0640756,Sapanisertib,0.4351636935116143,0.431323326510109
KATO III,TAK-733,venetoclax,0.8473148889535914,0.8462486453773495
KATO III,Capmatinib,Vemurafenib,0.5165918239255257,0.515896676311746
KATO III,Belumosudil (mesylate),RMC-6236,0.4919034987383734,0.5441353529452504
KATO III,MK-8353,Regorafenib,0.3174059572327754,0.41861197537420247
KATO III,Trametinib,ULK-101,0.6360943832125925,0.6032268994776709
KATO III,Capmatinib,Sapanisertib,0.38305970949123846,0.3417211021893747
KATO III,MK-8353,Pralsetinib,0.2958352424872334,0.25391062114379825
KATO III,LY2090314,NVP-BHG712,0.480362580908702,0.5064912523072939
KATO III,Belumosudil (mesylate),PH-797804,0.2834858453948206,0.39402540890087295
KATO III,DT-061,Trametinib,0.26303474621069833,0.22488597333847113
KATO III,Oxaliplatin,venetoclax,0.19792965951098174,0.20410966229926358
KATO III,AZD1390,Volasertib,0.5813301260258255,0.38559960245010116
KATO III,DTP3,Vemurafenib,0.5252065948652072,0.4698426622961357
KATO III,ETC-206,Methylprednisolone succinate,0.6613504900491999,0.6571042354276933
KATO III,AZD2858,LY-2584702 (tosylate salt),0.5712511502702166,0.4900054982541921
KATO III,Torkinib,venetoclax,0.3147147476036283,0.3479419256983149
KATO III,Gemcitabine,NVP-BHG712,0.5495937681479361,0.5637410540161119
KATO III,AZD1390,Methylprednisolone succinate,0.7176278462051582,0.6575763030759395
KATO III,Bimiralisib,LB-100,0.6117555429752968,0.5158073180698542
KATO III,ERK5-IN-2,ML264,0.6081692351435938,0.5928644060181145
KATO III,Belumosudil (mesylate),DTP3,0.4591460480344642,0.478327758405791
KATO III,Lapatinib ditosylate,XRK3F2,0.5473924183241121,0.39834997165588115
KATO III,LJI308,Tucatinib,0.1261783608425926,0.20334557890032542
KATO III,Abemaciclib,Sapanisertib,0.20063912031168088,0.20264106955649622
KATO III,BI-3406,Ixazomib,0.6232593908124323,0.6331321713318974
KATO III,Brivudine,vincristine,0.2652983885254374,0.3140230881032874
KATO III,Celecoxib,Pemigatinib,0.6994357580060024,0.5712678338228444
KATO III,Bentamapimod,c-Kit-IN-1,0.482305692836549,0.4490604009497079
KATO III,EX229,GSK1059615,0.4276394682844678,0.49226114655425285
KATO III,ETC-206,Hydroxyfasudil,0.4217660542862588,0.377790921651689
KATO III,OTS514,Tucatinib,0.4479541520627284,0.2904548297357081
KATO III,AZD2858,Methylprednisolone succinate,0.7002016305990787,0.6141049389974461
KATO III,MK-8353,SBI-0640756,0.3450726031072941,0.4871820790798361
KATO III,RMC-6236,Trametinib,0.7957257345649773,0.8200158093965667
KATO III,GSK1059615,LY-2584702 (tosylate salt),0.3447196056497304,0.4220183263235086
KATO III,Ipatasertib,MK-8353,0.27975518762817136,0.3859788420790959
KATO III,9-ING-41,Irinotecan,0.4265255285697833,0.4146946196749415
KATO III,AZD-8055,MK-3903,0.8089746652557996,0.7609581020070709
KATO III,Brivudine,Sapanisertib,0.31563082963135297,0.39985966199796813
KATO III,BI-78D3,HI-TOPK-032,0.416749707644578,0.4196019986751675
KATO III,BAY1125976,CP21R7,0.37702572851979466,0.28160967537317777
KATO III,Adagrasib,Ixazomib,0.258143340530935,0.38863467424544446
KATO III,Brivudine,Lapatinib ditosylate,-0.07518418880327751,-0.03007046674230053
KATO III,Afatinib,Binimetinib,0.3656992512163778,0.3939668277119445
KATO III,Adagrasib,ML264,0.33299365577025425,0.4421278007268681
KATO III,Belzutifan,Minodronic acid,0.38202571799899226,0.40687467402078326
KATO III,Anastrozole,Pimitespib,0.588303681877585,0.5750596208485752
KATO III,9-ING-41,Tubulin inhibitor 6,0.5306120983535855,0.4256265543504553
KATO III,AT7519,SBI-0640756,0.36756907831264185,0.5181588204182641
KATO III,Irinotecan,ULK-101,0.4219736472219461,0.40169929362415874
KATO III,Methylprednisolone succinate,Trametinib,0.37347235294603703,0.4166667122958564
KATO III,Irinotecan,LB-100,0.49999158957461526,0.5341596133475381
KATO III,Belumosudil (mesylate),GSK1059615,0.5543047496849186,0.6136752924254637
KATO III,Alpelisib,NVP-BHG712,0.2631474845483206,0.2455211180321268
KATO III,LY-2584702 (tosylate salt),Tomivosertib,0.41122307638086175,0.5135415679993263
KATO III,Gemcitabine,c-Kit-IN-1,0.3933694530324973,0.4644617819948078
KATO III,Anastrozole,Capivasertib,0.48812586248785,0.5562176659370607
KATO III,AT7519,Methylprednisolone succinate,0.3556420336317791,0.46127605165478114
KATO III,ERK5-IN-2,Minodronic acid,0.1951587597289621,0.2144358829614381
KATO III,AZD1390,LY-2584702 (tosylate salt),0.52932821451771,0.5916279042399795
KATO III,DTP3,Tucatinib,0.5759963828283239,0.5256820182431506
KATO III,LY2090314,Regorafenib,0.11303360342345561,0.1424383508623141
KATO III,NG25,TAK-901,0.31678872300651056,0.3028287168643241
KATO III,Infigratinib,MK-3903,0.37548494592112813,0.44699353255659463
KATO III,Sapanisertib,vincristine,0.08969421151037643,0.057795046716618434
KATO III,4EGI-1,venetoclax,0.24488858174270778,0.4189925799176716
KATO III,AZD2858,DT-061,0.5173151004302601,0.4649777645746328
KATO III,Dabrafenib,EX229,0.20421065201700905,0.3133911442215115
KATO III,MK-8353,Sapanisertib,0.5217466818073253,0.45982407104333745
KATO III,PH-797804,Ralimetinib dimesylate,0.25870118816042026,0.2867410542459602
KATO III,Abemaciclib,Ipatasertib,0.4227257987737296,0.5079155501639333
KATO III,Everolimus,Hydroxyfasudil,0.4779812630174155,0.46660499475397066
KATO III,Brivudine,Sonidegib,0.6090178553777404,0.6700657644600861
KATO III,Oleic acid,Paclitaxel,0.22178708465799324,0.21970373683853694
KATO III,Brivudine,OTS514,-0.12384322544720944,0.08881418366469047
KATO III,PF-06260933,XRK3F2,0.2776021978966134,0.24369019377599266
KATO III,GSK1059615,Hydroxyfasudil,0.5735965502901944,0.6126241490272359
KATO III,Bortezomib,olaparib,0.17986361293298364,0.2860055097618907
KATO III,9-ING-41,Gemcitabine,0.6090102251816414,0.5386521646076865
KATO III,BI-78D3,Dabrafenib,0.7422021662208316,0.7468942450814172
KATO III,Brivudine,DT-061,0.3282219525002877,0.2747111602774829
KATO III,Pralsetinib,SBI-0640756,0.45494714512333007,0.4634116129855471
KATO III,Ixazomib,SBI-0640756,0.4954752615820689,0.549610867146275
KATO III,4EGI-1,APTO-253,0.7190052632788667,0.6809388108276289
KATO III,Alpelisib,Futibatinib,0.39725313026445497,0.3006612932280168
KATO III,BI-3406,Gemcitabine,0.47363723831669596,0.4224174624233614
KATO III,Afatinib,Oleic acid,0.16043955802888712,0.101495911997697
KATO III,Tucatinib,Vemurafenib,0.6146614973589353,0.5752462460738534
KATO III,LY2090314,Pimitespib,0.43419479398652094,0.44953068274269903
KATO III,Abemaciclib,Oxaliplatin,0.23158332963063757,0.2492911467771885
KATO III,Belumosudil (mesylate),PF-06260933,0.030437640231878213,0.03508841283225457
KATO III,Bentamapimod,Everolimus,0.711563451778019,0.7237499126181061
KATO III,Abemaciclib,Alpelisib,0.14360320836595367,0.3076882284599077
KATO III,Ipatasertib,TAK-901,0.3255457585758091,0.4126168805589011
KATO III,Infigratinib,ULK-101,0.48680719845152065,0.5442928134456697
KATO III,Capmatinib,Ralimetinib dimesylate,0.3781779198048837,0.4415643222735528
KATO III,Celecoxib,MK-3903,0.5664249401251177,0.453384180306046
KATO III,4EGI-1,Volasertib,0.38959606315529316,0.3102218228689127
KATO III,APTO-253,Bortezomib,0.09961977359802059,0.16057332503020874
KATO III,PH-797804,XRK3F2,0.12903850338163886,0.22419446503099325
KATO III,AT7519,Adagrasib,0.5123817729521232,0.6100421819973981
KATO III,Methylprednisolone succinate,Vemurafenib,0.3893681470144284,0.410318098532184
KATO III,EX229,Tomivosertib,0.4710647520159244,0.5515114807498824
KATO III,Futibatinib,Torkinib,0.43280070331312626,0.49228868881036286
KATO III,ETC-206,LJI308,0.4087364491752582,0.4361886934616993
KATO III,DTP3,Volasertib,0.5380857624118903,0.45813206055772104
KATO III,Bimiralisib,Capivasertib,0.2102514958268739,0.14534012479281558
KATO III,Abemaciclib,Pimitespib,0.315672353906886,0.2450305758379962
KATO III,CP21R7,HI-TOPK-032,0.5117154712770681,0.5684939190349992
KATO III,IQ 1,Pimitespib,0.5321015150789743,0.4420385153834595
KATO III,Encorafenib,NVP-BHG712,0.5693114836271775,0.5709019767172143
KATO III,Abemaciclib,DT-061,0.44831023591344865,0.43084725953656755
KATO III,AZD-7648,venetoclax,0.26878200428342797,0.3147226222731289
KATO III,CP21R7,Capivasertib,0.2792914574518173,0.19515862889559552
KATO III,Temuterkib,vincristine,0.19703385058441072,0.26671311897383304
KATO III,LB-100,Pralsetinib,0.45889276225502856,0.3927823010663573
KATO III,BI-78D3,Sapanisertib,0.7058592416527152,0.6273102916187338
KATO III,Belzutifan,Infigratinib,0.224039813947048,0.22726833659178328
KATO III,Belumosudil (mesylate),TAK-733,0.5323226464786601,0.5704878601041437
KATO III,Lapatinib ditosylate,Tomivosertib,-0.0020143313812295872,0.07645144507240223
KATO III,Sapanisertib,ULK-101,0.579088951383022,0.558658247422983
KATO III,Anastrozole,Sapanisertib,0.32127961909158786,0.3082817809987558
KATO III,Adagrasib,RMC-6236,-0.03113685120265681,0.18324402410127233
KATO III,Belumosudil (mesylate),ETC-206,0.4174068193240573,0.4054941938116163
KATO III,Paclitaxel,Pimitespib,0.13184665212947694,0.20601201999560945
KATO III,4EGI-1,AZD-8055,0.7881972464793894,0.6439693498018028
KATO III,Bimiralisib,Trametinib,0.9252635573992535,0.8796299293195043
KATO III,Capivasertib,Trametinib,0.15189147655441473,0.08456410655049815
KATO III,Belzutifan,Hydroxyfasudil,0.36227563131446855,0.37112081305160566
KATO III,Gemcitabine,Pemigatinib,0.7353801076492195,0.575713105314698
KATO III,Belzutifan,MK-8353,0.5378195766733976,0.3911311400855143
KATO III,LY-2584702 (tosylate salt),Volasertib,0.23905927177174824,0.2083857691103841
KATO III,AZD-7648,Paclitaxel,0.09592579623215855,0.16476707198338328
KATO III,APTO-253,LY2090314,0.4423343387527506,0.3601797622080325
KATO III,Dabrafenib,Regorafenib,0.1963774991395351,0.2864309342998724
KATO III,Sonidegib,Trametinib,0.6655890577257392,0.6950541592093756
KATO III,Adagrasib,olaparib,0.35268995777918255,0.47063430763717173
KATO III,MK-8353,Tubulin inhibitor 6,0.5337836955502332,0.471664391009517
KATO III,HI-TOPK-032,Lapatinib ditosylate,-0.0041713994317546296,0.05490452280192104
KATO III,Celecoxib,ETC-206,0.7617586543538838,0.6658901533778043
KATO III,Bentamapimod,ML264,0.5976663157739024,0.6691536656591675
KATO III,BAY1125976,Ralimetinib dimesylate,0.5653546488578766,0.5673473304090054
KATO III,AZD2858,Oxaliplatin,0.7448958896964848,0.6244485169827476
KATO III,LB-100,RMC-6236,0.49380775696936346,0.38480482703912955
KATO III,olaparib,palbociclib,0.5285944985246108,0.6064096171942905
KATO III,PH-797804,palbociclib,0.034004153742275334,0.38515424259020076
KATO III,ETC-206,Regorafenib,0.3711869245533225,0.40595515420222883
KATO III,9-ING-41,Dabrafenib,0.7554468840918153,0.6903082809490861
KATO III,Alpelisib,BAY1125976,0.32457165105083546,0.20425228635353726
KATO III,Lapatinib ditosylate,Sonidegib,-0.022886861501572278,0.0012466598620032507
KATO III,AT7519,DT-061,0.11186022445457608,0.22239063525957176
KATO III,AT7519,Bortezomib,0.1296465069875489,0.21866892806172195
KATO III,Dabrafenib,TAK-901,-0.00862473334880353,0.17825606389369397
KATO III,RMC-6236,SBI-0640756,0.24429218381606865,0.42306381010198524
KATO III,Bortezomib,Hydroxyfasudil,0.17198835775713478,0.23483142848661154
KATO III,AT7519,Torkinib,0.22522773691246029,0.2243369776624737
KATO III,Everolimus,Oleic acid,0.3970130704935143,0.3460236426019384
KATO III,Bimiralisib,Everolimus,0.4950352446486749,0.4499157594538772
KATO III,LB-100,Ralimetinib dimesylate,0.5460453276113835,0.5230916395258332
KATO III,Capmatinib,Pemigatinib,0.37287050520536624,0.3079134337554522
KATO III,EX229,HI-TOPK-032,0.4948570292087629,0.5194448431303894
KATO III,Encorafenib,Temuterkib,0.502659116053037,0.4640063644331312
KATO III,GSK1059615,LJI308,0.5725441985952823,0.6632738898715804
KATO III,Everolimus,OTS514,0.26862019781952196,0.25066145309929844
KATO III,Tomivosertib,Vemurafenib,0.25302463076506737,0.40127562080090484
KATO III,Belzutifan,LB-100,0.5297796259599591,0.43661929464999805
KATO III,Irinotecan,Vemurafenib,0.47193165509395546,0.5120943118874584
KATO III,LB-100,LJI308,0.4778840571739552,0.3868615472451156
KATO III,LJI308,PH-797804,0.3612752054489551,0.5577230873905409
KATO III,DT-061,ULK-101,0.38525761817981585,0.3252068867361583
KATO III,MK-3903,TAK-901,0.2165792546553616,0.34464143192153723
KATO III,IQ 1,Sonidegib,0.63231207615037,0.6452861631755051
KATO III,BI-3406,Infigratinib,0.2040708405840913,0.3027606374580624
KATO III,Alpelisib,Tucatinib,0.30026790851251445,0.25116857134841114
KATO III,SBI-0640756,Torkinib,0.46282416033536544,0.40192103050626116
KATO III,IQ 1,MK-3903,0.7524998619636374,0.7325586090636265
KATO III,Afatinib,Futibatinib,0.023172108385786302,0.09985666042841101
KATO III,Belumosudil (mesylate),OTS514,0.13166759252332833,0.22606800723208179
KATO III,PF-06260933,Tomivosertib,0.1852355749710344,0.21832147735309276
KATO III,Binimetinib,TAK-733,0.33692832304534925,0.4190948801320923
KATO III,Afatinib,Belumosudil (mesylate),0.6363353610825514,0.6580979843372805
KATO III,AZD1390,EX229,0.40067099166808523,0.47587120632135005
KATO III,Oleic acid,Ralimetinib dimesylate,0.2999881882895393,0.27835846465365516
KATO III,Tomivosertib,Torkinib,0.30926821706872604,0.3263658475347319
KATO III,Belumosudil (mesylate),LJI308,0.9301769242133314,0.8839593547386803
KATO III,Binimetinib,Minodronic acid,0.30701871322456914,0.35339859344157765
KATO III,Afatinib,LY2090314,0.1579095892474517,0.1745236120349767
KATO III,NG25,venetoclax,0.4477114656856988,0.41244226708022885
KATO III,Everolimus,MK-8353,0.6007887419258645,0.5681895834979871
KATO III,Lapatinib ditosylate,Trametinib,0.23164899633414537,0.05113774608549593
KATO III,NG25,Tubulin inhibitor 6,0.27027547656284195,0.30993142507893257
KATO III,LY2090314,MK-3903,0.3808377122092646,0.21403169267447397
KATO III,DT-061,PF-06260933,-0.08193441181375488,0.012028149278016279
KATO III,Celecoxib,Everolimus,0.6428714946678133,0.5312327525581336
LOX-IMVI,Afatinib,LY2090314,0.4546005076909539,0.3603368324698273
LOX-IMVI,Abemaciclib,BI-78D3,0.025852667310145717,0.13468292386091274
LOX-IMVI,Binimetinib,EX229,0.28260336444330775,0.3291454546497303
LOX-IMVI,Sapanisertib,TAK-733,0.030322395823321104,0.12331603186931384
LOX-IMVI,9-ING-41,Abemaciclib,0.09728160608050355,0.24157615593120557
LOX-IMVI,SBI-0640756,Sapanisertib,0.018614426989408517,0.22872917519590422
LOX-IMVI,AZD-7648,LB-100,0.38730301891867763,0.33743278301540647
LOX-IMVI,Everolimus,SBI-0640756,0.5071706121622455,0.4758750200794602
LOX-IMVI,Afatinib,Paclitaxel,0.76566749930363,0.7517910431788603
LOX-IMVI,Alpelisib,olaparib,0.5722816073797764,0.32654945455805645
LOX-IMVI,Hydroxyfasudil,Minodronic acid,0.6494912562103099,0.5786071708624893
LOX-IMVI,BI-3406,Lapatinib ditosylate,0.6497582652517596,0.6837576593220664
LOX-IMVI,Encorafenib,MK-3903,0.502502557839342,0.5257456735732015
LOX-IMVI,Alpelisib,Regorafenib,0.4932426356620547,0.3815518253069849
LOX-IMVI,LY-2584702 (tosylate salt),Trametinib,0.2080999653216802,0.30829299985102104
LOX-IMVI,Anastrozole,ML264,0.42169550659748734,0.44999711295623424
LOX-IMVI,Temuterkib,palbociclib,0.3109258559424846,0.2537957144081205
LOX-IMVI,Capmatinib,c-Kit-IN-1,0.41289695515753533,0.5433700025823099
LOX-IMVI,LJI308,XRK3F2,0.10230552405840694,0.18489070514314565
LOX-IMVI,ETC-206,ML264,0.44270775970126436,0.49219352745218314
LOX-IMVI,CP21R7,EX229,0.19642804400241293,0.30965123618452906
LOX-IMVI,Minodronic acid,SBI-0640756,0.5210924839524048,0.40587836655782517
LOX-IMVI,AZD-8055,palbociclib,0.36821159124211456,0.15644436291729366
LOX-IMVI,Bimiralisib,Minodronic acid,0.2431762931872376,0.2938128238816839
LOX-IMVI,Gemcitabine,Regorafenib,0.4703436505599453,0.5076074187338172
LOX-IMVI,Elimusertib hydrochloride,Pemigatinib,0.1593995216890248,0.19183865168461361
LOX-IMVI,Dabrafenib,venetoclax,-0.13370011587175648,0.22154731972201056
LOX-IMVI,AZD2858,Volasertib,0.5212159666178408,0.4369767662466463
LOX-IMVI,Gemcitabine,RMC-6236,0.3142141670018881,0.4286051560119546
LOX-IMVI,Tomivosertib,Trametinib,0.4147080484238756,0.49861025624553007
LOX-IMVI,Alpelisib,Vemurafenib,0.5214286419887536,0.3868386417014964
LOX-IMVI,Abemaciclib,Pralsetinib,0.369904230403184,0.4719062264710887
LOX-IMVI,HI-TOPK-032,SBI-0640756,0.5649677723064057,0.48064791268054885
LOX-IMVI,BI-78D3,Pemigatinib,0.3819053718678653,0.34635729195446424
LOX-IMVI,9-ING-41,venetoclax,-0.10801293223191805,0.08884092688029899
LOX-IMVI,Brivudine,ERK5-IN-2,0.40315011248576194,0.4573573402121635
LOX-IMVI,RMC-6236,vincristine,0.19947979836783722,0.3743616216755215
LOX-IMVI,Alpelisib,Ipatasertib,0.24045396849262382,0.2636044513264355
LOX-IMVI,4EGI-1,Ipatasertib,0.09531995516953548,0.08872016574789929
LOX-IMVI,BI-78D3,OTS514,-0.06470157771440326,0.013516021661446019
LOX-IMVI,BI-78D3,Ipatasertib,0.5711676629454866,0.5952476705196095
LOX-IMVI,Temuterkib,Tomivosertib,0.29944605949689096,0.3635006739368356
LOX-IMVI,Everolimus,TAK-901,0.3084704732032973,0.3318164288713085
LOX-IMVI,Hydroxyfasudil,Vemurafenib,0.41472224837178895,0.45356130894217866
LOX-IMVI,BI-78D3,Torkinib,-0.039479744601954254,0.053082124000532256
LOX-IMVI,Tomivosertib,venetoclax,0.5341703921825693,0.5078249066712792
LOX-IMVI,APTO-253,DTP3,0.5225809408308884,0.41272864582871527
LOX-IMVI,PF-06260933,Pimitespib,0.0860398734412941,0.19962764742280742
LOX-IMVI,Bimiralisib,TAK-733,0.3298360196078954,0.3518167682350839
LOX-IMVI,Adagrasib,c-Kit-IN-1,0.35231082653058465,0.3474911622536618
LOX-IMVI,BI-3406,MK-8353,0.5709313495026787,0.5625317404345974
LOX-IMVI,MK-3903,Pralsetinib,0.44535620552516264,0.41734179307392044
LOX-IMVI,AZD-7648,Ixazomib,0.6846223064711667,0.6671109016201431
LOX-IMVI,Oleic acid,TAK-733,0.3256175557170435,0.33360671060572944
LOX-IMVI,IQ 1,OTS514,0.4517641166960928,0.3131753963559097
LOX-IMVI,Afatinib,ERK5-IN-2,0.5059022025791545,0.5863478569874371
LOX-IMVI,DTP3,NVP-BHG712,0.36324536532490664,0.2966264072914292
LOX-IMVI,BAY1125976,Temuterkib,0.6388655032518428,0.6603310458914745
LOX-IMVI,Capivasertib,ETC-206,0.7009168255807445,0.5642269241808132
LOX-IMVI,Adagrasib,BI-78D3,0.090278810423666,0.257028414644334
LOX-IMVI,4EGI-1,Gemcitabine,0.5493551099126385,0.42757066062016813
LOX-IMVI,Elimusertib hydrochloride,Vemurafenib,0.2971571066165825,0.3789924764813047
LOX-IMVI,Infigratinib,c-Kit-IN-1,0.1831832492072853,0.3456598902092292
LOX-IMVI,LY2090314,PH-797804,0.00276228340158937,0.03183411351683496
LOX-IMVI,BI-78D3,PF-06260933,0.2176342376923377,0.2748022497796773
LOX-IMVI,Sonidegib,Volasertib,0.4163920809487022,0.48239493433134184
LOX-IMVI,Oxaliplatin,Sonidegib,0.753044471123814,0.5574770184399491
LOX-IMVI,AZD-8055,LY2090314,0.47606194908286265,0.46596432263475984
LOX-IMVI,AZD1390,Pimitespib,0.5558804689633405,0.6212019671199874
LOX-IMVI,APTO-253,HI-TOPK-032,0.1153609300692934,0.3492280867852214
LOX-IMVI,Pemigatinib,SBI-0640756,0.3329969025769077,0.3464484350582314
LOX-IMVI,APTO-253,Oxaliplatin,0.4879832680074986,0.49355767232213277
LOX-IMVI,BI-78D3,Erdafitinib ,0.7505931879988986,0.6650522816800043
LOX-IMVI,BAY1125976,TAK-733,0.10397793634530277,0.20226159782734554
LOX-IMVI,4EGI-1,ML264,0.06531571280407947,0.16230949776136952
LOX-IMVI,Gemcitabine,venetoclax,0.44305659997940483,0.4944742458156039
LOX-IMVI,Abemaciclib,Bentamapimod,0.05263283343129896,0.14594128211017232
LOX-IMVI,LJI308,SBI-0640756,0.6539037557055419,0.5754197738933151
LOX-IMVI,AZD-8055,GSK1059615,0.5436093269206281,0.5640246453782737
LOX-IMVI,APTO-253,Anastrozole,0.5105328922620967,0.5585637822306424
LOX-IMVI,BI-3406,Vemurafenib,0.7139588630426955,0.6875148105719641
LOX-IMVI,Belzutifan,Infigratinib,0.31126105631896,0.24770305487844557
LOX-IMVI,9-ING-41,Belumosudil (mesylate),0.0982361121554082,0.2171352399423233
LOX-IMVI,Dabrafenib,Elimusertib hydrochloride,0.034966048277114754,0.24896910678743164
LOX-IMVI,IQ 1,RMC-6236,0.3668470255271472,0.2653443351159714
LOX-IMVI,AZD-7648,Afatinib,0.1739234984128983,0.2346112249764506
LOX-IMVI,Bortezomib,vincristine,0.5131755816813309,0.5341556946076413
LOX-IMVI,MK-3903,Trametinib,0.5769034770105174,0.5770621915204163
LOX-IMVI,RMC-6236,TAK-901,0.11581245824336078,0.238309341017894
LOX-IMVI,Methylprednisolone succinate,RMC-6236,0.2695822269562274,0.3764975287766475
LOX-IMVI,LY-2584702 (tosylate salt),RMC-6236,0.09931261265282919,0.22380576799729546
LOX-IMVI,ML264,Methylprednisolone succinate,0.08520057182629567,0.21149738769343576
LOX-IMVI,Belzutifan,XRK3F2,0.24013812865674225,-0.009321640010891096
LOX-IMVI,Minodronic acid,Paclitaxel,-0.02110044222829653,0.1553447875137297
LOX-IMVI,AZD-8055,Dabrafenib,0.4589528626999707,0.3655811627581874
LOX-IMVI,Hydroxyfasudil,ULK-101,0.7651082222972395,0.6231800087402267
LOX-IMVI,GSK1059615,OTS514,0.19242579902999546,0.05110652808764121
LOX-IMVI,RMC-6236,TAK-733,0.4621370373675323,0.5357039391262495
LOX-IMVI,Alpelisib,PF-06260933,-0.1241366603169352,-0.07393684235199124
LOX-IMVI,Tubulin inhibitor 6,Tucatinib,0.353355907018823,0.4318005150624125
LOX-IMVI,LY-2584702 (tosylate salt),olaparib,0.8128954028659295,0.7831706411489849
LOX-IMVI,Capivasertib,GSK1059615,0.16771248589024634,0.10220780221188558
LOX-IMVI,Futibatinib,Ixazomib,0.5535401939906637,0.400441985665426
LOX-IMVI,Ixazomib,Oleic acid,0.5616325410027879,0.5658796033606796
LOX-IMVI,RMC-6236,palbociclib,0.4898646293330006,0.6126299363804542
LOX-IMVI,ERK5-IN-2,HI-TOPK-032,0.2996099299299022,0.3833519909224081
LOX-IMVI,Paclitaxel,palbociclib,0.19613653423652266,0.3319377277908017
LOX-IMVI,LY-2584702 (tosylate salt),MK-3903,0.3040694953070279,0.31012853194865664
LOX-IMVI,Abemaciclib,LB-100,0.12143804505105076,0.21079218331290495
LOX-IMVI,OTS514,SBI-0640756,0.36183421926706844,0.2835663829878067
LOX-IMVI,Infigratinib,MK-3903,0.2311284516358382,0.318440064596199
LOX-IMVI,Lapatinib ditosylate,MK-8353,0.7324221799082283,0.6135847493990577
LOX-IMVI,HI-TOPK-032,LY-2584702 (tosylate salt),0.6939614157184962,0.6851434093127435
LOX-IMVI,IQ 1,Volasertib,0.4622612977767328,0.43689849396703523
LOX-IMVI,Hydroxyfasudil,OTS514,0.508567235688679,0.43049944254626304
LOX-IMVI,olaparib,palbociclib,0.7364232248796048,0.7376181599719496
LOX-IMVI,Pimitespib,venetoclax,0.4313554900689703,0.46346939795043185
LOX-IMVI,MK-8353,Regorafenib,0.17473014190386227,0.22627010983542992
LOX-IMVI,Dabrafenib,Pralsetinib,-0.2717522210503961,-0.14238600425735326
LOX-IMVI,AZD-7648,LJI308,0.6898645671796189,0.6265958545351696
LOX-IMVI,AZD1390,Brivudine,0.45428767584595675,0.5970247193462449
LOX-IMVI,BI-3406,Brivudine,0.5461884745091383,0.42495165092461806
LOX-IMVI,AZD-7648,ERK5-IN-2,0.2184094813595158,0.297927482776637
LOX-IMVI,AZD-7648,ML264,0.16448246522155827,0.2737238252492493
LOX-IMVI,ERK5-IN-2,LJI308,0.38902353498515485,0.4941425134083928
LOX-IMVI,AZD1390,Encorafenib,0.06899509926044364,0.28299437083670603
LOX-IMVI,AZD-7648,Tomivosertib,0.37433610011439516,0.330592943727286
LOX-IMVI,XRK3F2,olaparib,0.00698882904275972,0.010851786549530678
LOX-IMVI,PH-797804,TAK-733,0.42815752545647506,0.39373681719052844
LOX-IMVI,Bentamapimod,vincristine,-0.04544522897350166,-0.06636689980365805
LOX-IMVI,AZD2858,Oxaliplatin,0.726777208676597,0.543990332800887
LOX-IMVI,Encorafenib,Oxaliplatin,0.08427062315173016,0.261439599375204
LOX-IMVI,LB-100,Sapanisertib,0.3406205324357406,0.36888209768013264
LOX-IMVI,Abemaciclib,Belumosudil (mesylate),0.3543108454537265,0.4832883395759383
LOX-IMVI,AT7519,NVP-BHG712,0.5636693360760254,0.5432052436710256
LOX-IMVI,palbociclib,vincristine,0.2644103924901395,0.4809550232912203
LOX-IMVI,BAY1125976,Torkinib,-0.17925746949997398,-0.03648532727369181
LOX-IMVI,BI-3406,Ralimetinib dimesylate,0.3935224631987416,0.46246481560599373
LOX-IMVI,AT7519,Infigratinib,0.48657683811130026,0.5396763269233733
LOX-IMVI,DTP3,Dabrafenib,-0.19217786761039723,-0.20680017881009943
LOX-IMVI,Ixazomib,Tomivosertib,0.26790827076130663,0.3096045305584563
LOX-IMVI,BAY1125976,palbociclib,0.1831751281323057,0.14749390822053254
LOX-IMVI,DT-061,Pimitespib,0.6740399438746144,0.5742632285414757
LOX-IMVI,Abemaciclib,XRK3F2,-0.03179985985307045,0.09953925333412073
LOX-IMVI,AT7519,Tubulin inhibitor 6,0.5250622995667439,0.4081488265148572
LOX-IMVI,Afatinib,Sonidegib,-0.015299800591810207,0.16185281239406704
LOX-IMVI,Regorafenib,Tucatinib,0.12082856178858496,0.22963082841635224
LOX-IMVI,APTO-253,Capmatinib,-0.04104917651019838,0.22894831466091348
LOX-IMVI,AT7519,ERK5-IN-2,0.22205514904517282,0.24673738811815749
LOX-IMVI,ML264,PF-06260933,0.22401293384427481,0.25977446213184224
LOX-IMVI,LY2090314,palbociclib,0.5893203342906945,0.18240847773965163
LOX-IMVI,EX229,Oleic acid,0.2599302678880336,0.19896269369605235
LOX-IMVI,Ipatasertib,Sapanisertib,0.498113435978247,0.5668342231121754
LOX-IMVI,ETC-206,NG25,0.20454450201131885,0.31610214193770253
LOX-IMVI,EX229,TAK-901,0.3844170599678558,0.3401285450777623
LOX-IMVI,AT7519,palbociclib,0.22948755938320986,0.12793397118358496
LOX-IMVI,AZD-8055,AZD2858,0.16315666954183614,0.2380084069005895
LOX-IMVI,Encorafenib,Infigratinib,-0.011855884816730118,0.03741496858509957
LOX-IMVI,HI-TOPK-032,Sonidegib,0.7082642254479725,0.6338945170518479
LOX-IMVI,9-ING-41,Oxaliplatin,0.1288489292828741,0.2674603004829541
LOX-IMVI,TAK-733,Vemurafenib,0.24746302238429843,0.37447277415372204
LOX-IMVI,Oxaliplatin,PH-797804,0.49381026169031167,0.3971939120515398
LOX-IMVI,9-ING-41,Bimiralisib,0.3455323087231073,0.34112592380273726
LOX-IMVI,Infigratinib,Vemurafenib,0.2059920665138855,0.22147866669059166
LOX-IMVI,Bentamapimod,MK-3903,0.25146538826109255,0.22670437894294096
LOX-IMVI,Abemaciclib,Ralimetinib dimesylate,0.0031230423918970143,0.10534837428768037
LOX-IMVI,Pemigatinib,c-Kit-IN-1,0.19850782188692398,0.23428387085880323
LOX-IMVI,Infigratinib,Sapanisertib,0.3309023701071903,0.3249163033136023
LOX-IMVI,Oleic acid,Tucatinib,0.45164986739705604,0.4670317841506623
LOX-IMVI,HI-TOPK-032,PF-06260933,0.13005455598564827,0.33528339974451643
LOX-IMVI,Ralimetinib dimesylate,TAK-901,-0.008236093840049002,0.1299382786933995
LOX-IMVI,HI-TOPK-032,LY2090314,0.13623328237915017,0.16205088551410213
LOX-IMVI,Irinotecan,Vemurafenib,0.327348579426887,0.4219249535857998
LOX-IMVI,Ralimetinib dimesylate,vincristine,0.0049823939261738615,0.015412159267474239
LOX-IMVI,Irinotecan,Lapatinib ditosylate,0.5340256403327062,0.423704485362295
LOX-IMVI,Capmatinib,LY2090314,0.2518352143641775,0.1354768496614851
LOX-IMVI,DTP3,PF-06260933,0.0631831808061298,-0.03886735262395495
LOX-IMVI,Sapanisertib,Vemurafenib,0.48799323846865755,0.4990315578904283
LOX-IMVI,Sapanisertib,c-Kit-IN-1,-0.01041305842489497,0.1722524235216883
LOX-IMVI,Bimiralisib,vincristine,0.06630228331238963,0.13591941066077165
LOX-IMVI,Binimetinib,Volasertib,0.19439266852820028,0.31249668578459255
LOX-IMVI,Anastrozole,DTP3,0.37702432185755014,0.34697347742827656
LOX-IMVI,Lapatinib ditosylate,XRK3F2,0.41507437585685913,0.5044762710266381
LOX-IMVI,Lapatinib ditosylate,Sonidegib,0.49354405831430265,0.3808311190153488
LOX-IMVI,4EGI-1,Oleic acid,0.46540181765970334,0.45752579167951773
LOX-IMVI,Hydroxyfasudil,ML264,0.24998117838160233,0.3641113940331868
LOX-IMVI,Hydroxyfasudil,NVP-BHG712,0.16120069973967852,0.19391485960902766
LOX-IMVI,Infigratinib,Sonidegib,-0.010549859306690524,0.16868925724513578
LOX-IMVI,ETC-206,Paclitaxel,0.3401132303138874,0.45518451311677904
LOX-IMVI,PF-06260933,Torkinib,0.0934495616881521,0.18067599079209903
LOX-IMVI,Infigratinib,LB-100,0.36932310737790286,0.278986113368622
LOX-IMVI,Pemigatinib,Tubulin inhibitor 6,0.552629000396083,0.47670965297915097
LOX-IMVI,LY-2584702 (tosylate salt),Torkinib,0.7590233359504888,0.706982213935418
LOX-IMVI,Belumosudil (mesylate),Sonidegib,0.7264626376074597,0.6510238229876905
LOX-IMVI,Alpelisib,NG25,0.3177761349559913,0.27574456127008606
LOX-IMVI,SBI-0640756,Trametinib,0.3783909506533526,0.43607777061413017
LOX-IMVI,Alpelisib,MK-8353,0.4910897044318572,0.43870266330286956
LOX-IMVI,AZD-7648,Hydroxyfasudil,0.7413184685012603,0.6679686245157795
LOX-IMVI,Futibatinib,Hydroxyfasudil,0.4373245011482473,0.3152238555809861
LOX-IMVI,Adagrasib,Afatinib,-0.1767324970288064,0.004954045082092545
LS 180,Adagrasib,ULK-101,0.5143001607563786,0.3969888566060888
LS 180,Alpelisib,BI-3406,0.8108228177952543,0.7789788220491715
LS 180,Bentamapimod,LY2090314,0.23538705695827886,0.3690788999418545
LS 180,Methylprednisolone succinate,Tucatinib,0.35329945657227935,0.4508011224118464
LS 180,IQ 1,Irinotecan,0.5733012010809805,0.5677401116851496
LS 180,ML264,XRK3F2,0.7005711740056292,0.6342055756613635
LS 180,Infigratinib,Trametinib,0.3982136520987757,0.5060190218516311
LS 180,EX229,NG25,0.592916657473655,0.6299197741074163
LS 180,Capmatinib,Sapanisertib,0.3801961835139044,0.4375179267099104
LS 180,Ralimetinib dimesylate,Torkinib,0.48220238488985084,0.5522025824402755
LS 180,MK-3903,Sapanisertib,0.739364520371495,0.6763224797775268
LS 180,AZD-8055,ML264,0.5074194829789851,0.4810471269645905
LS 180,BI-3406,Methylprednisolone succinate,0.44812114136165704,0.49144714852012106
LS 180,Celecoxib,LY-2584702 (tosylate salt),0.5577472962200116,0.5763059862927852
LS 180,APTO-253,Tucatinib,0.689534350158542,0.6450423004471844
LS 180,Encorafenib,Trametinib,0.7970482552910748,0.7937576403597757
LS 180,Brivudine,Sonidegib,0.3676099973763797,0.37944265007922684
LS 180,Celecoxib,SBI-0640756,0.42324239260184615,0.41374172892318106
LS 180,Dabrafenib,XRK3F2,0.3485991493908795,0.3486192615203202
LS 180,LY-2584702 (tosylate salt),Vemurafenib,0.10408060806803261,0.17372065745794765
LS 180,CP21R7,Tubulin inhibitor 6,0.6100229415931773,0.6073637372974875
LS 180,BI-3406,XRK3F2,0.8837200105140118,0.8292704526513465
LS 180,Brivudine,Elimusertib hydrochloride,0.6433045486982022,0.6468877139648
LS 180,Capivasertib,Oxaliplatin,0.6843613430801525,0.606821195948557
LS 180,Tubulin inhibitor 6,c-Kit-IN-1,0.5417456307747369,0.5117655206863957
LS 180,IQ 1,Tucatinib,0.5090338007315323,0.40287605632803364
LS 180,Bentamapimod,c-Kit-IN-1,0.5315379455493329,0.5028486742102412
LS 180,MK-8353,palbociclib,0.4310798175027976,0.3485904455647256
LS 180,4EGI-1,Pralsetinib,0.32327460282398435,0.5879639940577308
LS 180,Afatinib,BI-78D3,0.6603414678958912,0.6225291309893414
LS 180,Erdafitinib ,Gemcitabine,0.6445675940043994,0.5508226518031417
LS 180,AZD1390,Futibatinib,-0.057411389171363424,0.05024872701414022
LS 180,BI-3406,Temuterkib,0.5078352234317322,0.49241117616918023
LS 180,AZD-7648,Paclitaxel,0.5080741282255279,0.5650516044158169
LS 180,LB-100,TAK-901,0.199735056885409,0.24809131125351147
LS 180,Bentamapimod,ML264,0.6085322305273602,0.6820178798294831
LS 180,9-ING-41,Dabrafenib,0.6336075676902446,0.5853416086490785
LS 180,EX229,MK-8353,0.4261307122526215,0.4768776323817651
LS 180,MK-8353,OTS514,0.0017153064420796366,0.007445693467368124
LS 180,DTP3,Oleic acid,0.3649422152585619,0.38148347661443105
LS 180,APTO-253,Everolimus,0.621309599416457,0.7052751138175445
LS 180,Hydroxyfasudil,Irinotecan,0.6818735038791122,0.5005002026391857
LS 180,CP21R7,Dabrafenib,0.2780181020372752,0.2785485917874369
LS 180,Afatinib,Trametinib,0.9059304589783435,0.8846999010591832
LS 180,PH-797804,Ralimetinib dimesylate,0.34745479354493036,0.43956246736334215
LS 180,Erdafitinib ,NG25,0.41023635560731786,0.48692918296903925
LS 180,Paclitaxel,palbociclib,0.4850806246744964,0.5282147886749764
LS 180,DTP3,Futibatinib,0.029133865266555817,0.04309737079474171
LS 180,Methylprednisolone succinate,c-Kit-IN-1,0.5676394115023496,0.5897632212941356
LS 180,Gemcitabine,NG25,0.5306660358774044,0.5581848632722476
LS 180,9-ING-41,Encorafenib,0.8195198159268058,0.7215004830234926
LS 180,4EGI-1,AZD-7648,0.24368257711611957,0.3923990528893393
LS 180,ML264,TAK-733,0.3324030514043055,0.2926266915106172
LS 180,GSK1059615,Pimitespib,0.17488957627877988,0.22756194436575872
LS 180,4EGI-1,TAK-733,0.20328249361865802,0.41525820875684016
LS 180,IQ 1,Paclitaxel,0.7203138422823817,0.6597802857855897
LS 180,IQ 1,TAK-901,0.27473775942710166,0.47182751376739246
LS 180,DT-061,Regorafenib,0.7584747530405722,0.7853708026624455
LS 180,Oleic acid,Temuterkib,0.323329269999844,0.4000668119993065
LS 180,AZD-7648,Ixazomib,0.6085691769730973,0.6719033437047196
LS 180,Adagrasib,Trametinib,0.15554549297555964,0.2228636290611676
LS 180,Afatinib,Tucatinib,0.35524638797402924,0.3826985058324929
LS 180,Encorafenib,Lapatinib ditosylate,0.5263414802978912,0.4532081816457181
LS 180,AZD2858,Gemcitabine,0.6685493005361486,0.5956789699119566
LS 180,ML264,Paclitaxel,0.8230339654594074,0.7424567074377509
LS 180,Erdafitinib ,MK-8353,0.8412932061694189,0.7889032716157853
LS 180,MK-3903,Tubulin inhibitor 6,0.5070637167026356,0.4969417543561101
LS 180,NG25,Temuterkib,0.2598282719159171,0.31539364654499136
LS 180,Afatinib,Dabrafenib,0.18858631040261167,0.280783483034074
LS 180,HI-TOPK-032,Pralsetinib,0.4229033775820822,0.5958513254555504
LS 180,4EGI-1,Paclitaxel,0.23293966530226767,0.37425478484192437
LS 180,RMC-6236,olaparib,0.17337992122453222,0.30609572154562315
LS 180,Tucatinib,XRK3F2,0.5632015900798373,0.5236256654553832
LS 180,Abemaciclib,Bentamapimod,0.5517307887583845,0.5170493840078848
LS 180,AZD2858,Tucatinib,0.5139146660724951,0.5512705035702483
LS 180,Erdafitinib ,Pemigatinib,0.555276891525383,0.5126848595115536
LS 180,Oleic acid,Paclitaxel,0.12020420143713272,0.2080210336676
LS 180,PF-06260933,Paclitaxel,-0.021930376797406625,0.0628753969521411
LS 180,LJI308,Tucatinib,0.566112258631109,0.5778403698112304
LS 180,AZD-7648,AZD-8055,0.676868396757445,0.6579230752436402
LS 180,Binimetinib,Erdafitinib ,0.4735630443152974,0.46846341124781454
LS 180,Bentamapimod,Celecoxib,0.49428581530062143,0.5681526207574518
LS 180,Alpelisib,Futibatinib,-0.036481881266068605,-0.0393522442746437
LS 180,AZD-7648,HI-TOPK-032,0.46508506009098133,0.5958460380407161
LS 180,Minodronic acid,Pralsetinib,0.49444665707842167,0.46749041986220014
LS 180,Brivudine,IQ 1,0.5600362152704166,0.649098446313906
LS 180,LY2090314,Volasertib,0.6707434163802259,0.6640726265379315
LS 180,LB-100,Oxaliplatin,0.6121919009285229,0.555354260748793
LS 180,DT-061,DTP3,0.21742485413295604,0.33833167825141514
LS 180,Dabrafenib,OTS514,-0.029860112711876052,-0.07366588916199146
LS 180,AZD-8055,Regorafenib,0.7236550631311802,0.7857275908924785
LS 180,Capivasertib,Infigratinib,0.3184824140638463,0.29320460017026373
LS 180,BI-3406,LJI308,0.4206971678448559,0.49182300109066523
LS 180,LJI308,MK-8353,0.6180318604976,0.5604565267662152
LS 180,BI-78D3,LY2090314,0.39574365898999436,0.6012609767528834
LS 180,Anastrozole,Gemcitabine,0.7564671809357548,0.7000564403408768
LS 180,ETC-206,NG25,0.4380638273317933,0.4335464345415348
LS 180,LY-2584702 (tosylate salt),TAK-901,0.3579365645929499,0.49559703952123535
LS 180,Gemcitabine,Torkinib,0.6839984516342433,0.6580210959901359
LS 180,Adagrasib,Elimusertib hydrochloride,0.5234632386926018,0.4343458356202125
LS 180,Abemaciclib,Dabrafenib,-0.06646927833698055,0.1021552868728779
LS 180,Everolimus,Temuterkib,0.5812591953965569,0.6331303221503604
LS 180,Ralimetinib dimesylate,Temuterkib,0.5696698892231595,0.630568728160965
LS 180,IQ 1,PF-06260933,-0.12962215103067537,0.003444737601599801
LS 180,PF-06260933,PH-797804,-0.05317943476208455,0.08521572163039903
LS 180,ETC-206,olaparib,0.49425917795049357,0.36892581941442965
LS 180,Afatinib,DTP3,0.18652669133708435,0.24320687919305706
LS 180,Abemaciclib,EX229,0.895582380597022,0.8278385173167334
LS 180,ETC-206,Oxaliplatin,0.6910342289838641,0.651349365684346
LS 180,9-ING-41,Temuterkib,0.7433463981104907,0.6089720153005092
LS 180,ERK5-IN-2,Pemigatinib,0.4209195162912046,0.5047194027323878
LS 180,AZD1390,BI-3406,0.45754931660689413,0.4910319537501725
LS 180,Abemaciclib,olaparib,0.43886366467297666,0.66956801460992
LS 180,Capivasertib,LY-2584702 (tosylate salt),0.658644916372703,0.5563858884642544
LS 180,Pralsetinib,TAK-733,0.48663255191239196,0.5078417627839257
LS 180,Capmatinib,Everolimus,0.48023519154431765,0.490413815192382
LS 180,AZD-7648,Brivudine,0.5107475345402481,0.5962408538408428
LS 180,Abemaciclib,Belumosudil (mesylate),0.27639437510127923,0.4855609095265215
LS 180,AZD-8055,Futibatinib,-0.01897938869540105,-0.10136201902579227
LS 180,Regorafenib,SBI-0640756,0.34222728551271775,0.3068140912485874
LS 180,PF-06260933,Volasertib,0.1714055115156577,0.1529744703749792
LS 180,EX229,LY2090314,-0.007685856397338445,0.2074308985541709
LS 180,DTP3,TAK-901,0.20945890036318607,0.37697060325959497
LS 180,Gemcitabine,Paclitaxel,0.6389738993290099,0.5897692826036731
LS 180,APTO-253,Regorafenib,0.1729946512793559,0.35975784489441454
LS 180,Lapatinib ditosylate,palbociclib,0.5937829168432099,0.4262127657849129
LS 180,Lapatinib ditosylate,Tomivosertib,-0.09103768249210355,0.20740436150121158
LS 180,Ipatasertib,Oxaliplatin,0.3147742926027994,0.3926029274419262
LS 180,BI-3406,ML264,0.6056294614306824,0.529578449781223
LS 180,Alpelisib,Temuterkib,0.3866502152371317,0.3691651232478509
LS 180,LY2090314,Lapatinib ditosylate,0.7106522432204501,0.5543409321681657
LS 180,4EGI-1,BI-78D3,0.22251318764596476,0.3400268464994972
LS 180,Hydroxyfasudil,OTS514,0.0391360364847204,0.14362189985709298
LS 180,Oleic acid,Tomivosertib,0.10084427814506047,0.262503694793505
LS 180,Futibatinib,MK-3903,-0.21569158638317645,-0.10416260878755314
LS 180,Alpelisib,Dabrafenib,0.1187515705370169,0.18562642707926386
LS 180,BI-3406,MK-8353,0.5348296465650135,0.5182012728791793
LS 180,APTO-253,venetoclax,-0.010247155083871692,0.26558594690206955
LS 180,9-ING-41,DT-061,0.3414433338974606,0.32376598720069893
LS 180,Regorafenib,Sapanisertib,0.38404243030580537,0.46906994539817504
LS 180,Alpelisib,LY-2584702 (tosylate salt),0.30469993727569994,0.358358797001897
LS 180,BI-78D3,ULK-101,0.7807043035705544,0.7699612201747326
LS 180,Methylprednisolone succinate,Oxaliplatin,0.547339655213542,0.6217075192793453
LS 180,Bentamapimod,Pemigatinib,0.44407320899415487,0.5235583470361538
LS 180,AT7519,Dabrafenib,0.58475836973071,0.6258946931841411
LS 180,Everolimus,XRK3F2,0.5585936383967934,0.5232488779337481
LS 180,ERK5-IN-2,ML264,0.7809242730377255,0.7490325985992103
LS 180,AZD1390,LB-100,0.6122760238778148,0.5121478542906165
LS 180,AZD1390,Sonidegib,0.6103440980334867,0.5526675061458225
LS 180,DTP3,Minodronic acid,0.3679713327467895,0.4325334298582356
LS 180,Pimitespib,Vemurafenib,0.25691974871534706,0.2136659560738596
LS 180,AZD-7648,Bimiralisib,0.6231766654384155,0.6400932119254659
LS 180,Gemcitabine,Lapatinib ditosylate,0.40951996733863316,0.2836791480250581
LS 180,Belumosudil (mesylate),SBI-0640756,0.3360181590634666,0.37056866628195917
LS 180,Pemigatinib,venetoclax,0.09551531365145188,0.31924194109004955
LS 180,CP21R7,Ipatasertib,0.5841954378505334,0.6019472021689914
LS 180,Bentamapimod,Everolimus,0.7785435263923919,0.7479910774399327
LS 180,AZD2858,ERK5-IN-2,0.38412135847668677,0.42927289152443493
LS 180,Brivudine,PH-797804,0.5325506982903975,0.6536548500899981
LS 180,AZD-8055,Sonidegib,0.25680768593766845,0.38076736912135634
LS 180,HI-TOPK-032,Irinotecan,0.5822061151657348,0.7079471566382158
LS 180,Paclitaxel,Volasertib,0.5974994861196977,0.55204296490388
LS 180,AZD1390,Pimitespib,0.41992020737498537,0.4020691464222691
LS 180,AZD-7648,Dabrafenib,-0.05859797525700726,-0.015703710125131165
LS 180,Capmatinib,Elimusertib hydrochloride,0.7433315937993905,0.7393713128196024
LS 180,Lapatinib ditosylate,Pimitespib,0.4380914120191912,0.3092212565295814
LS 180,Brivudine,OTS514,-0.2032020035920646,-0.02465721090934025
LS 180,BI-3406,Pemigatinib,0.317074819594392,0.39833908987923267
LS 180,Everolimus,HI-TOPK-032,0.48686348322883544,0.5584403206011562
LS 180,Ipatasertib,Tomivosertib,0.41911409266966787,0.5573752555066667
LS 180,ML264,venetoclax,0.23630244103385734,0.22032463947582676
LS 180,OTS514,Paclitaxel,-0.2747743461261126,-0.092856001740681
LS 180,Oleic acid,XRK3F2,0.11526980319178085,0.14436669144755598
LS 180,AZD-7648,Afatinib,0.5790827530150708,0.6452952861463034
LS 180,9-ING-41,XRK3F2,0.8582613929644894,0.816096582575183
LS 180,Temuterkib,c-Kit-IN-1,0.05919983370643638,0.2818490409791062
LS 180,Abemaciclib,BAY1125976,-0.060405452082647186,0.17359263640204722
LS 180,APTO-253,HI-TOPK-032,0.25768447215198553,0.4445623302073394
LS 180,9-ING-41,Torkinib,0.2357865261592327,0.2539814818677136
LS 180,BAY1125976,ML264,0.41273950777979834,0.4494241668275914
LS 180,Binimetinib,PH-797804,0.25985560432937105,0.40996670632517396
LS 180,Lapatinib ditosylate,Ralimetinib dimesylate,0.46573681024041913,0.4206673627722538
LS 180,Encorafenib,LB-100,0.573612413630951,0.4517715578641521
LS 180,Paclitaxel,Regorafenib,0.702408178703937,0.7739362568621174
LS 180,Everolimus,Minodronic acid,0.4179788542122356,0.4151671829584378
LS 180,Afatinib,Elimusertib hydrochloride,0.6423491081046554,0.6332144621547963
LS 180,MK-3903,MK-8353,0.4517543074154294,0.460868963513237
LS 180,ETC-206,MK-3903,0.49378442919093546,0.4339403829745187
LS 180,EX229,TAK-733,0.8576338049919784,0.7774668496989114
LS 180,Afatinib,Hydroxyfasudil,0.43319407275192306,0.3800831357663594
LS 180,Irinotecan,Tubulin inhibitor 6,0.6742677962207781,0.5857508299714111
LS 180,Gemcitabine,NVP-BHG712,0.5626065463727381,0.47624155690490677
LS 180,Elimusertib hydrochloride,venetoclax,0.7537337620505011,0.735259889531066
LS 180,APTO-253,Irinotecan,0.45400788111274876,0.42886226534386696
LS 180,DTP3,Pimitespib,0.3653876171744618,0.3961667136891249
LS 180,NVP-BHG712,venetoclax,0.40413878335296116,0.5192841559652479
LS 180,TAK-733,Temuterkib,0.2562046873703272,0.31679149696517606
LS 180,NG25,Volasertib,0.3954856527573657,0.3532456495978301
LS 180,Capmatinib,MK-8353,0.4981106281388475,0.44903156449005166
LS 180,Anastrozole,BI-3406,0.38007423289154324,0.44127632467704714
LoVo,LB-100,LY-2584702 (tosylate salt),0.13372240139712693,0.12930970705427114
LoVo,GSK1059615,Temuterkib,0.34569248580069944,0.3241617131709626
LoVo,Erdafitinib ,Lonafarnib,0.03443287835128478,0.005332876092904894
LoVo,BI-78D3,Hydroxyfasudil,0.48973488711654944,0.5294840715302731
LoVo,4EGI-1,9-ING-41,0.5220713610768277,0.4482007632600316
LoVo,NVP-BHG712,Trametinib,0.4894915240722427,0.5034507333178787
LoVo,AZD-8055,Ralimetinib dimesylate,0.5438450780348236,0.5615894595621328
LoVo,Capivasertib,Lonafarnib,0.23817960136540298,0.20343121281705862
LoVo,LY-2584702 (tosylate salt),ML264,-0.19785957018568628,-0.10895621962950075
LoVo,9-ING-41,Belumosudil (mesylate),0.3974839881019017,0.3498342862886555
LoVo,Irinotecan,Paclitaxel,0.35700676072102433,0.46853197184432704
LoVo,Volasertib,venetoclax,0.5109919130788142,0.44280244204493674
LoVo,Capmatinib,XRK3F2,0.565430433039877,0.6155471974238157
LoVo,Gemcitabine,Methylprednisolone succinate,0.7513060521753769,0.6622939366304553
LoVo,DTP3,Tubulin inhibitor 6,0.3107980346854812,0.3923290139619693
LoVo,Trametinib,vincristine,0.012277091386054172,0.12518788765244138
LoVo,Ixazomib,Lonafarnib,0.10378641687540348,0.14452540946397976
LoVo,Belumosudil (mesylate),IQ 1,0.3502513600269501,0.3359596799713932
LoVo,TAK-733,Vemurafenib,0.29973132570167516,0.4345645872324213
LoVo,Abemaciclib,Oleic acid,0.5113727067487951,0.469785270109618
LoVo,Trametinib,Tucatinib,0.3286201844100156,0.31411541804287707
LoVo,Ipatasertib,RMC-6236,0.4584304977854875,0.4978366115233634
LoVo,Belumosudil (mesylate),Lapatinib ditosylate,0.4169423481849436,0.38226274730883925
LoVo,Pralsetinib,Tomivosertib,0.37631056617939757,0.42737846801407037
LoVo,Capivasertib,ERK5-IN-2,0.03744549328628005,0.1465985993162504
LoVo,Gemcitabine,PH-797804,0.33456490787347276,0.4145466542325849
LoVo,AT7519,Methylprednisolone succinate,0.5225613016299758,0.43227965582007793
LoVo,Afatinib,Infigratinib,0.4194650160489743,0.4517989819130379
LoVo,AZD2858,GSK1059615,0.15738845409113783,0.2529642835930578
LoVo,Anastrozole,Bimiralisib,0.29957042393433075,0.383310651255762
LoVo,OTS514,TAK-733,0.05386189451296508,0.18006028671653665
LoVo,Belumosudil (mesylate),vincristine,0.43671849981319943,0.530822542990224
LoVo,Celecoxib,NVP-BHG712,0.4241455673662349,0.30586355552009353
LoVo,Torkinib,Tucatinib,0.44307392042857446,0.34022217245189884
LoVo,Bimiralisib,ETC-206,0.3344377317012142,0.32229008807963744
LoVo,Everolimus,LB-100,0.39986019839203646,0.4903130621517659
LoVo,Lapatinib ditosylate,NG25,0.12365619350695986,0.3171980158386648
LoVo,MK-8353,c-Kit-IN-1,0.25214989267871907,0.4392441046020117
LoVo,ERK5-IN-2,Pemigatinib,0.46888870713810626,0.4792379510390823
LoVo,AT7519,Abemaciclib,0.3810152010942254,0.356061426385922
LoVo,ML264,XRK3F2,0.6233464097591143,0.6322054227984736
LoVo,Pimitespib,palbociclib,0.4828639175662607,0.4350980314156376
LoVo,AZD-7648,PF-06260933,-0.05004794056043912,0.04354942833582504
LoVo,PH-797804,vincristine,0.18402758273367661,0.279835345557026
LoVo,Adagrasib,Lonafarnib,0.24651987848846593,0.21121212397863054
LoVo,GSK1059615,Trametinib,0.5416176648561661,0.5969979794905929
LoVo,ETC-206,Ipatasertib,0.38399928739276046,0.4149780461372793
LoVo,Lapatinib ditosylate,Vemurafenib,0.512604109739363,0.5156973811899651
LoVo,Brivudine,Oleic acid,0.37211341299411727,0.3232598590833736
LoVo,DT-061,ETC-206,0.4081040404936932,0.43194753697449634
LoVo,Futibatinib,c-Kit-IN-1,-0.12432179387141809,-0.041590068291221145
LoVo,Everolimus,Futibatinib,0.09371911226894541,0.15842092613473663
LoVo,Belumosudil (mesylate),PH-797804,0.08275734249238645,0.2772670063725071
LoVo,AT7519,Pimitespib,0.3592159008344061,0.3038686184939527
LoVo,BI-3406,PF-06260933,0.029607900819482155,0.0967730246710476
LoVo,LY2090314,Trametinib,0.20094078954692737,0.17643351319758654
LoVo,LY-2584702 (tosylate salt),palbociclib,0.34002757477147105,0.32277369570183845
LoVo,AT7519,GSK1059615,0.3364157788803736,0.26760530729662024
LoVo,Erdafitinib ,NG25,0.2181556417989402,0.29737114500162776
LoVo,Binimetinib,vincristine,-0.04366563256924162,0.10326194546820819
LoVo,LY2090314,MK-8353,0.630202673745066,0.3505356552393818
LoVo,Erdafitinib ,Pralsetinib,0.2358447686377012,0.15018988837417868
LoVo,Bentamapimod,Capmatinib,0.32606417279616395,0.292383524245255
LoVo,Methylprednisolone succinate,NG25,0.5038743295684294,0.4305291274978662
LoVo,ERK5-IN-2,Hydroxyfasudil,0.3373379952052333,0.41326820695380184
LoVo,HI-TOPK-032,Tubulin inhibitor 6,0.5447961574631619,0.5169027487855252
LoVo,DT-061,Dabrafenib,0.11239233325101838,0.14468724570040964
LoVo,Celecoxib,Sapanisertib,0.3339625405835402,0.2742903337769717
LoVo,LJI308,Oleic acid,0.60084459127087,0.44655748377582954
LoVo,Dabrafenib,Pimitespib,0.11622046797013241,0.1444853072998867
LoVo,Lapatinib ditosylate,XRK3F2,0.37881270348485996,0.4112111556646764
LoVo,Lonafarnib,OTS514,0.12830558038625392,0.1778516172746948
LoVo,Bimiralisib,Dabrafenib,0.33637492734258856,0.3891223524803299
LoVo,AT7519,SBI-0640756,0.570665251895244,0.5464567468922963
LoVo,Abemaciclib,ETC-206,0.289148444445287,0.3421408884535514
LoVo,EX229,LY2090314,-0.026343160772256916,-0.06836278698015266
LoVo,Futibatinib,Ixazomib,0.3389821400957763,0.34208733999075347
LoVo,ETC-206,Trametinib,0.3983121058952618,0.40966311615419254
LoVo,AZD1390,Torkinib,0.3438239488341734,0.3828921741243857
LoVo,BAY1125976,Elimusertib hydrochloride,-0.15709018892636722,0.006070779928702008
LoVo,BI-3406,Hydroxyfasudil,0.2993008537294137,0.3978821779859182
LoVo,4EGI-1,AT7519,0.38356845233257686,0.36189825463491465
LoVo,Encorafenib,LB-100,0.36823492672481967,0.5103496576654692
LoVo,MK-8353,palbociclib,0.3585499042571851,0.4883889718325553
LoVo,Encorafenib,Ralimetinib dimesylate,0.6133825511180501,0.6391519407660267
LoVo,TAK-733,vincristine,0.21892218053140317,0.3346639544308573
LoVo,Adagrasib,PH-797804,0.4367714136055076,0.40760874592590046
LoVo,Ixazomib,Sapanisertib,0.2717577557238598,0.3962132153809165
LoVo,EX229,Gemcitabine,0.5922165745839126,0.5894488579531014
LoVo,LY-2584702 (tosylate salt),Volasertib,0.36038235175499145,0.28545859722857697
LoVo,AZD-8055,Dabrafenib,0.39802448238420085,0.420256964833373
LoVo,Alpelisib,Belzutifan,0.2757791647869826,0.15836336153411595
LoVo,Gemcitabine,Sonidegib,0.5997905989694152,0.5839261505074312
LoVo,ETC-206,Sapanisertib,0.3943544339585687,0.3586271090796575
LoVo,AZD-7648,Oleic acid,0.3924272691136278,0.3468165981491679
LoVo,Anastrozole,Bentamapimod,0.36141330574446234,0.35745071057538763
LoVo,Abemaciclib,palbociclib,0.19785648535624145,0.3720434035030277
LoVo,ML264,Methylprednisolone succinate,0.32309802033911267,0.3351026024014717
LoVo,AT7519,Tucatinib,0.6412587926055983,0.5943430951919385
LoVo,AZD2858,Minodronic acid,0.6812450673017674,0.5465322303806688
LoVo,Ralimetinib dimesylate,c-Kit-IN-1,0.2823848757798983,0.2852404509046732
LoVo,Capmatinib,SBI-0640756,0.19703441556138074,0.22804981989793802
LoVo,HI-TOPK-032,ULK-101,0.5907621945007997,0.591803947626564
LoVo,Bortezomib,Ipatasertib,0.2924994363231816,0.2920899152930913
LoVo,HI-TOPK-032,NVP-BHG712,0.5902499815789697,0.5744163092317317
LoVo,Encorafenib,Temuterkib,0.43068143689573457,0.4987774359280729
LoVo,Bentamapimod,vincristine,-0.06246088454141861,0.02995121830800348
LoVo,CP21R7,Capmatinib,0.5426819971187493,0.5040066942108655
LoVo,Adagrasib,Gemcitabine,0.6081991454248868,0.5940883147506162
LoVo,Afatinib,HI-TOPK-032,0.5748629465119239,0.5981724170094923
LoVo,Alpelisib,ML264,0.21598094481198937,0.24643441988095263
LoVo,APTO-253,Anastrozole,0.3103940989167437,0.40725172653399755
LoVo,Pimitespib,vincristine,0.43307882199151515,0.41664178139164415
LoVo,ERK5-IN-2,Gemcitabine,0.26828200340880026,0.3150675852687894
LoVo,Anastrozole,Celecoxib,0.5802104190921253,0.5145502304857282
LoVo,EX229,NVP-BHG712,0.3756300363010899,0.32279933702969577
LoVo,Everolimus,OTS514,0.1524926986736112,0.2101086162538224
LoVo,AZD-7648,palbociclib,0.821853958677371,0.7653559578405584
LoVo,AZD2858,Tomivosertib,0.37662782588737825,0.33899599970109995
LoVo,4EGI-1,Ixazomib,0.36076989776913715,0.3790648413061155
LoVo,Brivudine,Ralimetinib dimesylate,0.5397191651010645,0.4658192886524369
LoVo,Adagrasib,Infigratinib,0.42905705681111506,0.41751368359601193
LoVo,Afatinib,BAY1125976,0.04398610054364327,0.20140126196768735
LoVo,BI-78D3,RMC-6236,0.5231624309491599,0.5409207179200519
LoVo,AZD-8055,Futibatinib,0.21585925256235497,0.20643746663317317
LoVo,Afatinib,Celecoxib,0.2755636526014493,0.2599729604753313
LoVo,Elimusertib hydrochloride,Vemurafenib,0.46567157136514753,0.5123922902997027
LoVo,APTO-253,Methylprednisolone succinate,0.28784601176034297,0.3668552391955524
LoVo,CP21R7,Capivasertib,0.5189479682767875,0.446001204526295
LoVo,Elimusertib hydrochloride,Sonidegib,0.3529260299963317,0.36138537266691806
LoVo,Hydroxyfasudil,LY2090314,0.3785593042086144,0.3513896051703586
LoVo,Erdafitinib ,XRK3F2,0.5092259205179828,0.46041363833384114
LoVo,ML264,Tucatinib,0.6363300824751617,0.629182687399367
LoVo,Belumosudil (mesylate),Pemigatinib,0.3477156538292627,0.41366517590417407
LoVo,NVP-BHG712,Sapanisertib,0.3981719089549253,0.4173198482264592
LoVo,BI-3406,TAK-733,0.3374147599203967,0.36750037386421275
LoVo,Dabrafenib,GSK1059615,0.4465687046521437,0.4342397364311995
LoVo,Bimiralisib,Binimetinib,0.7608752650386629,0.6914341182508018
LoVo,APTO-253,OTS514,0.3285876540846948,0.27889365902298124
LoVo,Hydroxyfasudil,Tomivosertib,0.42148077886386626,0.49339933224009574
LoVo,Hydroxyfasudil,olaparib,0.6473332983993827,0.5528852531178732
LoVo,AZD1390,Bimiralisib,0.4475026013292851,0.44163666587880335
LoVo,NVP-BHG712,XRK3F2,0.5334282653394367,0.5399950226544573
LoVo,BAY1125976,Vemurafenib,0.21892742729018322,0.31311456926865217
LoVo,Capivasertib,Pimitespib,0.7212259790873528,0.5653857432112831
LoVo,DTP3,Trametinib,0.20152199844516394,0.325607695787111
LoVo,NG25,PF-06260933,-0.09561044152190569,0.052674829464055786
LoVo,Afatinib,LB-100,0.31802730034055504,0.48230298330049065
LoVo,DT-061,Pemigatinib,0.019875002674371162,0.16176861145182714
LoVo,SBI-0640756,XRK3F2,0.05180258434656114,0.22034896128562725
LoVo,EX229,Sapanisertib,-0.003479024586362893,0.14690512586649077
LoVo,AZD2858,Gemcitabine,0.7697295353099982,0.6037713137314388
LoVo,Belumosudil (mesylate),Hydroxyfasudil,0.6125714092633874,0.5882493583932035
LoVo,Bortezomib,LJI308,0.33833394108603076,0.3308431036738376
LoVo,Alpelisib,ERK5-IN-2,0.35039550501414035,0.38486746934836363
LoVo,Capivasertib,venetoclax,0.4241444418525394,0.38102659869857103
LoVo,Lonafarnib,NVP-BHG712,0.1559346970925925,0.13003703190429558
LoVo,Bentamapimod,Infigratinib,0.3969191239136455,0.39051448829946206
LoVo,TAK-901,vincristine,0.20355507228715153,0.282169571800229
LoVo,BI-78D3,Methylprednisolone succinate,0.3734027681120032,0.3942609768693852
LoVo,Pralsetinib,SBI-0640756,0.45967896052425605,0.38633117329221606
LoVo,Everolimus,Lonafarnib,0.2992249552295311,0.3109424964106885
LoVo,Irinotecan,palbociclib,0.6005215042077527,0.5872959242622691
LoVo,Ipatasertib,MK-3903,0.5295765269954666,0.553979450532624
LoVo,DTP3,Everolimus,0.1546600608857937,0.31558528095640975
LoVo,Dabrafenib,Ipatasertib,0.5455809450175216,0.5910079814061248
LoVo,9-ING-41,Minodronic acid,0.25260852293350033,0.3266645318716806
LoVo,Bentamapimod,Oleic acid,0.2572723397222965,0.2657255831694456
LoVo,CP21R7,Sapanisertib,0.36632507396927283,0.3949322270866773
LoVo,Gemcitabine,NG25,0.538755310009426,0.541830824618088
LoVo,Alpelisib,Trametinib,0.7760575126919579,0.6378267694367881
LoVo,LY2090314,Paclitaxel,0.5599584263264803,0.5139337341921958
LoVo,Belumosudil (mesylate),Ixazomib,0.23926431693934835,0.2837580609634699
LoVo,Hydroxyfasudil,Ralimetinib dimesylate,0.5078200694156241,0.4459500749673044
LoVo,Celecoxib,Irinotecan,0.6895882837365244,0.5826102862481812
LoVo,ML264,Regorafenib,0.2907690084537819,0.33790852455726017
LoVo,AZD2858,Afatinib,0.4063634383202197,0.4062360566306181
LoVo,Sapanisertib,Temuterkib,0.582059236435472,0.5896628521967844
LoVo,Dabrafenib,IQ 1,0.4696356680441338,0.46531030528025014
LoVo,Encorafenib,NVP-BHG712,0.5614858030900856,0.6030059832534368
LoVo,Adagrasib,palbociclib,0.26599874321945804,0.40542972827029844
LoVo,AZD-7648,olaparib,0.5019599259363962,0.5134510379665955
LoVo,BI-3406,ERK5-IN-2,0.44602891176782034,0.5116579085627994
LoVo,Alpelisib,MK-8353,0.32586986999761475,0.29470895094655786
LoVo,Regorafenib,ULK-101,0.5812858030587326,0.552528133700188
LoVo,Dabrafenib,MK-3903,0.3699247049207525,0.44913049959095747
LoVo,ERK5-IN-2,TAK-733,0.05164027365052036,0.16157698710486612
LoVo,Ipatasertib,Pralsetinib,0.34231299662742226,0.3726210084277112
LoVo,LB-100,vincristine,0.36333282481553664,0.2524126336695241
LoVo,Capivasertib,Irinotecan,0.6802375056071147,0.604318736778153
LoVo,Abemaciclib,Adagrasib,0.5988521042921112,0.492421626831842
LoVo,EX229,Methylprednisolone succinate,0.574779417497694,0.44482209757895225
LoVo,DT-061,Minodronic acid,0.6084629222146225,0.5091389536082636
LoVo,BAY1125976,LY-2584702 (tosylate salt),-0.21311655982605698,-0.07174647897974486
LoVo,PH-797804,XRK3F2,0.2998939542970827,0.41920827966224544
LoVo,BI-78D3,PH-797804,0.3337395372338945,0.42578173862167906
LoVo,Capmatinib,Infigratinib,0.1838807697563543,0.22859289327695373
LoVo,APTO-253,Erdafitinib ,0.6588469983279489,0.5680044946087479
LoVo,Afatinib,Pemigatinib,0.13388509151197472,0.24509257515301008
LoVo,MK-8353,Tubulin inhibitor 6,0.5160259496796744,0.5374047517203594
MIA PaCa-2,AZD-7648,DTP3,-0.04609095718483733,0.01679618744194897
MIA PaCa-2,AT7519,Pimitespib,0.4533986210066542,0.430342062583615
MIA PaCa-2,ERK5-IN-2,Minodronic acid,-0.06845403594467986,-0.07498322316374303
MIA PaCa-2,LB-100,LJI308,0.23668269200079045,0.3309940117880117
MIA PaCa-2,HI-TOPK-032,Pimitespib,0.38055269615060366,0.3416530836425558
MIA PaCa-2,MK-3903,Sapanisertib,0.46426325669932195,0.4484428992138631
MIA PaCa-2,CP21R7,Infigratinib,0.4049588103715683,0.17733976070001048
MIA PaCa-2,4EGI-1,OTS514,0.3955519632679375,0.1353907244679753
MIA PaCa-2,Infigratinib,Irinotecan,0.29931447644166803,0.2878180358306548
MIA PaCa-2,EX229,Oleic acid,-0.2436034600254569,-0.27822066251033023
MIA PaCa-2,Sapanisertib,c-Kit-IN-1,0.0009519528168940182,0.024340743201623688
MIA PaCa-2,APTO-253,Bentamapimod,0.4910108700044582,0.49116871751844343
MIA PaCa-2,Everolimus,RMC-6236,0.02783816145817466,0.10272664936863705
MIA PaCa-2,LY2090314,Tucatinib,0.5452904318918059,0.5033735823595546
MIA PaCa-2,Ralimetinib dimesylate,c-Kit-IN-1,0.09003607439117252,0.030826056512719323
MIA PaCa-2,Regorafenib,Sonidegib,0.3215198310224579,0.050725454556681794
MIA PaCa-2,Afatinib,Minodronic acid,-0.37055681633686877,-0.35775719119537963
MIA PaCa-2,Anastrozole,HI-TOPK-032,0.5321018820856883,0.34318360707028195
MIA PaCa-2,HI-TOPK-032,Methylprednisolone succinate,0.46587944624059946,0.19603904354555912
MIA PaCa-2,4EGI-1,RMC-6236,-0.21330223662312098,-0.22289494707006632
MIA PaCa-2,Dabrafenib,Tomivosertib,-0.13417493656113466,-0.032728923227844445
MIA PaCa-2,PF-06260933,Temuterkib,0.25519841979381264,0.23328879524400134
MIA PaCa-2,AZD1390,Ralimetinib dimesylate,0.39232593997494974,0.3244159968191362
MIA PaCa-2,HI-TOPK-032,Pemigatinib,0.10279178864986009,-0.0021245402151447877
MIA PaCa-2,Everolimus,OTS514,0.035018447754606316,0.09387324217079686
MIA PaCa-2,SBI-0640756,Sapanisertib,0.25323335311517087,0.26521015219435395
MIA PaCa-2,Encorafenib,Infigratinib,0.19792883342256676,0.13900244041036802
MIA PaCa-2,AZD-7648,LB-100,-0.07472890345959238,0.03692234450306261
MIA PaCa-2,Lapatinib ditosylate,Oxaliplatin,0.6726538836526393,0.5973504950284557
MIA PaCa-2,SBI-0640756,Sonidegib,0.4283137475888067,0.3405650872397152
MIA PaCa-2,LJI308,LY2090314,0.09827794727978595,0.1409644568509023
MIA PaCa-2,Anastrozole,Tubulin inhibitor 6,0.676617030920285,0.5765283153586429
MIA PaCa-2,Belzutifan,GSK1059615,0.0920069229661486,0.07609169280903029
MIA PaCa-2,9-ING-41,BI-3406,0.7390533599744261,0.6275190811623808
MIA PaCa-2,LY2090314,Lapatinib ditosylate,0.7351048832919117,0.6328248338391818
MIA PaCa-2,Encorafenib,Temuterkib,0.7022779535136117,0.6064873612066983
MIA PaCa-2,EX229,Temuterkib,0.11340635674169199,0.21960797480685673
MIA PaCa-2,Belzutifan,PF-06260933,-0.01154191005965323,-0.06992631259478149
MIA PaCa-2,ETC-206,Vemurafenib,-0.16322702494475658,-0.01664168812785349
MIA PaCa-2,Abemaciclib,SBI-0640756,0.35596058569967787,0.18177714912378243
MIA PaCa-2,Dabrafenib,c-Kit-IN-1,0.004841627734428951,0.009210740885425464
MIA PaCa-2,Afatinib,Tubulin inhibitor 6,-0.14993917883912627,-0.16674953985727978
MIA PaCa-2,AZD-7648,Pimitespib,0.08485125130921548,0.1273121136282245
MIA PaCa-2,Encorafenib,Tubulin inhibitor 6,0.021653433175489893,-0.07823792266672822
MIA PaCa-2,DT-061,ULK-101,0.32610442148978447,0.32218919590661743
MIA PaCa-2,Erdafitinib ,Futibatinib,0.46390446028388976,0.3226781089783803
MIA PaCa-2,Ralimetinib dimesylate,palbociclib,-0.24492870440612632,-0.13256231043122046
MIA PaCa-2,Abemaciclib,DTP3,-0.2213421419378079,-0.20887290607793935
MIA PaCa-2,9-ING-41,Oleic acid,-0.2377349918029834,-0.12127653595770509
MIA PaCa-2,Regorafenib,ULK-101,0.4038920261190942,0.33017225159849534
MIA PaCa-2,Futibatinib,Oxaliplatin,0.5766778997313863,0.5183400263899471
MIA PaCa-2,ULK-101,Vemurafenib,0.46975594739439924,0.47759548981273575
MIA PaCa-2,Brivudine,Ralimetinib dimesylate,0.3445407369880294,0.29326035248789023
MIA PaCa-2,AZD-7648,NVP-BHG712,-0.24214225074700987,-0.06530732172784083
MIA PaCa-2,PH-797804,Temuterkib,-0.13563714770157898,-0.07777031720955226
MIA PaCa-2,CP21R7,PF-06260933,0.3237075934622937,0.13104975215988682
MIA PaCa-2,4EGI-1,Futibatinib,0.319321131381304,0.24772731671970435
MIA PaCa-2,AZD-7648,BI-3406,0.8092163066939653,0.6809704472812862
MIA PaCa-2,TAK-733,Tubulin inhibitor 6,-0.05283727995986869,-0.10148325761639176
MIA PaCa-2,AZD1390,olaparib,-0.06616177905794857,0.05606545428570467
MIA PaCa-2,EX229,Paclitaxel,0.4432207772751139,0.47696286790887393
MIA PaCa-2,ETC-206,GSK1059615,-0.06695891544206797,0.0017791987943168407
MIA PaCa-2,9-ING-41,venetoclax,0.20785533897362915,0.38819732970309195
MIA PaCa-2,MK-3903,palbociclib,0.28474119933338127,0.13794805923688494
MIA PaCa-2,Belzutifan,Tucatinib,0.4077692474583355,0.2879763429274169
MIA PaCa-2,CP21R7,MK-3903,0.46339175900923174,0.2636726608242462
MIA PaCa-2,APTO-253,AT7519,0.5408490731510208,0.5827075954353512
MIA PaCa-2,Pemigatinib,olaparib,0.18899363668491637,0.017322781361868298
MIA PaCa-2,DT-061,Sapanisertib,-0.560762896314803,-0.5092652761616935
MIA PaCa-2,Adagrasib,NVP-BHG712,-0.3060493173338908,-0.02522889169314524
MIA PaCa-2,Belzutifan,LJI308,0.1260571049738592,0.05956413367543292
MIA PaCa-2,ML264,c-Kit-IN-1,0.2087539780986351,0.1400210195060166
MIA PaCa-2,AT7519,EX229,0.23005521110012428,0.11652902383983932
MIA PaCa-2,HI-TOPK-032,Sapanisertib,-0.2696978149372112,-0.1300553794090694
MIA PaCa-2,AZD1390,BI-3406,-0.1296297764959795,-0.06709420784620254
MIA PaCa-2,Encorafenib,Ralimetinib dimesylate,0.47221129489931435,0.42131389293087174
MIA PaCa-2,MK-3903,Ralimetinib dimesylate,0.38858050427593505,0.4408581632189555
MIA PaCa-2,Belzutifan,Brivudine,0.09712530787810855,-0.02321372289732717
MIA PaCa-2,Tucatinib,ULK-101,0.3085100255031464,0.13730952485324882
MIA PaCa-2,9-ING-41,HI-TOPK-032,-0.2539984041344505,0.15094239324621933
MIA PaCa-2,BI-3406,GSK1059615,0.49650177259781453,0.4409142189285329
MIA PaCa-2,Adagrasib,Celecoxib,0.07533319984012966,0.0031163868956472426
MIA PaCa-2,PF-06260933,Regorafenib,0.26035459232894426,0.08346900078426624
MIA PaCa-2,Oleic acid,olaparib,0.5033848202576672,0.30345498573892427
MIA PaCa-2,ETC-206,Infigratinib,0.5159397455169685,0.4618000174047734
MIA PaCa-2,Futibatinib,LY2090314,0.5669211496183707,0.30120454995081747
MIA PaCa-2,APTO-253,Regorafenib,0.10152402856365178,-0.14294233992610894
MIA PaCa-2,Temuterkib,palbociclib,-0.10278025017281063,-0.13019168894984487
MIA PaCa-2,Oxaliplatin,Vemurafenib,-0.2601953804108371,-0.2747423711425997
MIA PaCa-2,DTP3,Gemcitabine,0.5970313259934085,0.290459124963375
MIA PaCa-2,Encorafenib,Vemurafenib,0.3769323232460106,0.39492673294583974
MIA PaCa-2,Bimiralisib,Tomivosertib,-0.0021456544569281796,0.10668531475076942
MIA PaCa-2,Adagrasib,BI-78D3,-0.09272442428468233,-0.06911312462573832
MIA PaCa-2,MK-3903,Pimitespib,-0.12829463819497627,0.08600576827205496
MIA PaCa-2,Abemaciclib,olaparib,-0.004587018029681145,0.3310091695098585
MIA PaCa-2,LJI308,MK-8353,0.14566969158296528,0.10563519777499669
MIA PaCa-2,Sonidegib,XRK3F2,-0.18356760072009104,-0.12794919829636886
MIA PaCa-2,Brivudine,Ipatasertib,0.3970713303049478,0.4079997060612241
MIA PaCa-2,Tubulin inhibitor 6,Vemurafenib,-0.04584786500720127,-0.015811553378652983
MIA PaCa-2,9-ING-41,Afatinib,0.8711641935763461,0.7596639033262719
MIA PaCa-2,LB-100,Ralimetinib dimesylate,0.4101860360061234,0.4729528091288646
MIA PaCa-2,BI-3406,LJI308,0.4720939218555766,0.3137734651952511
MIA PaCa-2,LB-100,Oleic acid,0.5485564524571355,0.48921030135656407
MIA PaCa-2,CP21R7,Lapatinib ditosylate,0.5307667882142914,0.44334423684065644
MIA PaCa-2,Ipatasertib,ML264,0.6644006633692898,0.6564238884627294
MIA PaCa-2,Irinotecan,TAK-733,0.28657949802973476,0.3605395271969272
MIA PaCa-2,ETC-206,Ralimetinib dimesylate,0.3662950830174116,0.37799411842292435
MIA PaCa-2,MK-3903,NVP-BHG712,0.2396923923368859,0.30109913908585434
MIA PaCa-2,CP21R7,DT-061,0.15363495186266743,0.15851335956414245
MIA PaCa-2,Brivudine,OTS514,-0.06798672357127844,-0.06916757904573556
MIA PaCa-2,HI-TOPK-032,Tucatinib,0.10782949346526256,0.036263409342769726
MIA PaCa-2,Celecoxib,Encorafenib,-0.027203197795535056,-0.03386160151899127
MIA PaCa-2,Pemigatinib,Tucatinib,0.572484968913221,0.43394746255457806
MIA PaCa-2,AZD1390,Oxaliplatin,0.3688878392089663,0.3281494561957589
MIA PaCa-2,Anastrozole,Temuterkib,0.2508478503112055,0.2688636780176958
MIA PaCa-2,PH-797804,Vemurafenib,0.13732686300769215,0.1383346283999814
MIA PaCa-2,GSK1059615,Gemcitabine,-0.026354514839094748,0.1598109127493102
MIA PaCa-2,XRK3F2,palbociclib,0.667547871809511,0.5489019343863657
MIA PaCa-2,Bentamapimod,Temuterkib,0.5386695144882435,0.5889265018698542
MIA PaCa-2,Gemcitabine,HI-TOPK-032,0.31260567106600834,0.420358466162937
MIA PaCa-2,Bimiralisib,Oxaliplatin,-0.33098280041294115,-0.3003924118609968
MIA PaCa-2,BAY1125976,Sonidegib,-0.007345767590037487,0.05522153992281774
MIA PaCa-2,Bimiralisib,vincristine,-0.32530561180349105,-0.3080789470402253
MIA PaCa-2,Brivudine,HI-TOPK-032,0.517969826421825,0.6323803435793128
MIA PaCa-2,LB-100,ML264,0.5025810045722077,0.4587050081369082
MIA PaCa-2,Belzutifan,olaparib,0.09183447203063011,-0.15462412795145977
MIA PaCa-2,AZD-7648,Dabrafenib,-0.3574186529354555,-0.37947533855717575
MIA PaCa-2,DTP3,GSK1059615,-0.3126137937687612,-0.2021012399350586
MIA PaCa-2,Futibatinib,Gemcitabine,0.46646047106252986,0.36713858101424046
MIA PaCa-2,Lapatinib ditosylate,Regorafenib,0.15002918437494,-0.00686934516734649
MIA PaCa-2,Everolimus,NG25,-0.09314629136085197,0.1927621796072461
MIA PaCa-2,Encorafenib,RMC-6236,0.4453247107407235,0.506914811293667
MIA PaCa-2,Pemigatinib,RMC-6236,-0.24430456868388642,-0.20010179232607378
MIA PaCa-2,AZD-7648,Methylprednisolone succinate,0.21522641203908832,0.29630785871234344
MIA PaCa-2,c-Kit-IN-1,venetoclax,0.7722544966810493,0.7475618879112899
MIA PaCa-2,AT7519,PH-797804,0.18523201604844852,0.055975276358171816
MIA PaCa-2,Belzutifan,TAK-733,0.04528837454491286,0.1525773650938863
MIA PaCa-2,AT7519,Tomivosertib,0.4148052209416985,0.337651837057266
MIA PaCa-2,9-ING-41,olaparib,0.09792576189072563,0.25036103260848547
MIA PaCa-2,Capivasertib,Celecoxib,0.7716043272004804,0.6170951270512578
MIA PaCa-2,Capivasertib,olaparib,0.5132012417361452,0.26144306823278124
MIA PaCa-2,MK-3903,Regorafenib,0.33087223238446783,0.16767831957509427
MIA PaCa-2,ML264,Oxaliplatin,0.09718997380987066,0.138802375541833
MIA PaCa-2,MK-8353,OTS514,0.4380339026797486,0.32594237287270944
MIA PaCa-2,4EGI-1,MK-8353,0.5831600792622392,0.30855437530408747
MIA PaCa-2,BAY1125976,DT-061,-0.5900080286503628,-0.5474504920053338
MIA PaCa-2,Minodronic acid,olaparib,0.4978826181631496,0.32047418387448806
MIA PaCa-2,Encorafenib,Oxaliplatin,-0.0740093938617344,-0.17170691400570773
MIA PaCa-2,Abemaciclib,Ralimetinib dimesylate,0.06819274523223667,-0.007505476593327606
MIA PaCa-2,Minodronic acid,Oleic acid,0.8314037199758524,0.743264622934925
MIA PaCa-2,Anastrozole,Vemurafenib,-0.09631837346225683,0.013425057626779759
MIA PaCa-2,Brivudine,ERK5-IN-2,0.18291175080720654,0.30156089523946406
MIA PaCa-2,Trametinib,XRK3F2,0.9034489965830732,0.7995118606868235
MIA PaCa-2,Lapatinib ditosylate,XRK3F2,-0.09597432360644667,-0.19238677003661642
MIA PaCa-2,EX229,Minodronic acid,-0.23389357661408874,-0.37878389651340744
MIA PaCa-2,GSK1059615,PF-06260933,0.2900440418484679,0.3133945352554403
MIA PaCa-2,CP21R7,ERK5-IN-2,0.5121291492844163,0.37542440182642567
MIA PaCa-2,AZD1390,Irinotecan,0.2552826632566362,0.24309947919885605
MIA PaCa-2,ETC-206,venetoclax,-0.10442898021009941,-0.07573586254811254
MIA PaCa-2,AZD1390,Trametinib,-0.0927487975629062,0.030235468632988562
MIA PaCa-2,Belzutifan,Oleic acid,0.17722703822149916,0.03190195902695481
MIA PaCa-2,MK-8353,Trametinib,-0.2972879274550055,-0.27200185664759596
MIA PaCa-2,Belzutifan,vincristine,0.14184920484463695,0.1368963254501939
MIA PaCa-2,Ipatasertib,SBI-0640756,0.18965167567133137,0.18612637001250523
MIA PaCa-2,Oxaliplatin,olaparib,0.40009802621209656,0.20918350242765849
MIA PaCa-2,Trametinib,olaparib,0.12361460875473582,0.2981123671732998
MIA PaCa-2,Methylprednisolone succinate,venetoclax,0.06864168446478158,-0.0025294353146852865
MIA PaCa-2,Celecoxib,NVP-BHG712,0.36453578818866594,0.3585381054589388
MIA PaCa-2,GSK1059615,TAK-733,0.48347414990680526,0.5344774394498631
MIA PaCa-2,EX229,c-Kit-IN-1,0.881080447737478,0.7898654646716
MIA PaCa-2,APTO-253,Paclitaxel,-0.31921905525887045,-0.28822346110115343
MIA PaCa-2,Regorafenib,Tucatinib,0.2568110027491616,0.01637844341542194
MIA PaCa-2,DT-061,Vemurafenib,0.5956844438447396,0.466645795746605
MIA PaCa-2,Tomivosertib,Tucatinib,0.051869279143318896,0.008552039595000664
MIA PaCa-2,Anastrozole,Lapatinib ditosylate,0.5314940991549905,0.5206720205153414
MIA PaCa-2,ML264,Sapanisertib,0.7792698985464135,0.6716401639739328
MIA PaCa-2,Encorafenib,Paclitaxel,0.5763522250655381,0.6070729702922953
MIA PaCa-2,MK-8353,Sonidegib,0.37157283653593254,0.16104756483722896
MIA PaCa-2,AZD-8055,Erdafitinib ,0.043452511493312765,0.07217138981002791
MIA PaCa-2,Bentamapimod,venetoclax,-0.10000712758501767,-0.1797937725318084
MIA PaCa-2,Everolimus,Sonidegib,0.3359630227687911,0.3166028919356674
MIA PaCa-2,Futibatinib,TAK-733,-0.3359004258162445,-0.11696174494053732
MIA PaCa-2,Encorafenib,Everolimus,0.3676337325136996,0.22019823186584092
MIA PaCa-2,AZD-8055,Pimitespib,-0.2909929209659184,-0.23761345403458095
MIA PaCa-2,AZD-7648,Vemurafenib,0.826310085606732,0.6975961493864427
MIA PaCa-2,Everolimus,Infigratinib,0.5356691378912545,0.5303210807109057
MIA PaCa-2,Irinotecan,SBI-0640756,0.4375022076058395,0.39309569296667873
MIA PaCa-2,RMC-6236,palbociclib,0.6547397234240986,0.5448681695102917
MIA PaCa-2,Belzutifan,ETC-206,0.31096575907369683,0.20153626602094643
MIA PaCa-2,Dabrafenib,ML264,0.6773200806841599,0.6756676741782389
MIA PaCa-2,Celecoxib,SBI-0640756,0.5280516835849547,0.45904858971280293
MIA PaCa-2,ML264,vincristine,-0.015748471720931755,0.04765764901732199
MIA PaCa-2,BAY1125976,LY2090314,0.3588758422444499,0.09768078375519934
MIA PaCa-2,Abemaciclib,Afatinib,0.06858657912627902,0.2704529605483073
MIA PaCa-2,Belzutifan,Minodronic acid,0.2189582942297582,0.0723397291366033
MIA PaCa-2,PF-06260933,XRK3F2,-0.1739227722951185,-0.10347643813208315
MIA PaCa-2,LB-100,Regorafenib,0.3896667876783012,0.1912344428779503
MIA PaCa-2,9-ING-41,TAK-733,0.2593521809352429,0.4248627978119994
MIA PaCa-2,Ipatasertib,TAK-733,0.1873083380872519,0.1641376163674318
MIA PaCa-2,LB-100,Pimitespib,0.48364455900436976,0.3680641448808733
NCI-H1573,Belumosudil (mesylate),Erdafitinib ,0.19192864991323902,0.2242711070255633
NCI-H1573,Belumosudil (mesylate),LY2090314,0.6846503544132891,0.5237772497957864
NCI-H1573,Lapatinib ditosylate,PH-797804,-0.14203942013099558,-0.07467133284612669
NCI-H1573,AT7519,PH-797804,0.09164369224332583,0.12973086887893445
NCI-H1573,ML264,venetoclax,0.12118198655165133,0.19107442391086316
NCI-H1573,AZD1390,ERK5-IN-2,0.28966896269691106,0.3417318760795633
NCI-H1573,Bimiralisib,Minodronic acid,-0.03079385969637756,0.06647824585750388
NCI-H1573,Oleic acid,PH-797804,0.2458181435336611,0.22446292656565991
NCI-H1573,Irinotecan,Sapanisertib,0.044128153356248034,0.141742199122958
NCI-H1573,AZD1390,RMC-6236,0.06460651862440625,0.1963133921048543
NCI-H1573,GSK1059615,Sapanisertib,0.4405292677018856,0.4781001065704997
NCI-H1573,Gemcitabine,RMC-6236,0.3005447322304581,0.46495932592202094
NCI-H1573,ML264,Temuterkib,0.8300438290116334,0.6434951795585147
NCI-H1573,XRK3F2,venetoclax,0.2243962074613805,0.3806725284107821
NCI-H1573,9-ING-41,TAK-901,0.05378854609913732,0.11629249066284121
NCI-H1573,Brivudine,Minodronic acid,0.23882682295683272,0.31000241838638254
NCI-H1573,Afatinib,LB-100,-0.029236546039985115,0.321128750597554
NCI-H1573,BI-78D3,MK-8353,0.5777701469920056,0.587827784876555
NCI-H1573,DT-061,Dabrafenib,-0.07906049890229742,0.049525849876259756
NCI-H1573,Bimiralisib,Brivudine,0.26643894971717635,0.32553052190219434
NCI-H1573,Capmatinib,Pemigatinib,0.12438450322075668,0.17199922620576366
NCI-H1573,Everolimus,c-Kit-IN-1,0.4270070632851356,0.5661716694434651
NCI-H1573,XRK3F2,olaparib,0.19927378631242612,0.22250931997736964
NCI-H1573,Infigratinib,Tucatinib,0.5778642066115146,0.5373664990627218
NCI-H1573,Ixazomib,palbociclib,0.7794237492923757,0.5838215294699248
NCI-H1573,Lapatinib ditosylate,Paclitaxel,0.4450682972714245,0.5766745824724301
NCI-H1573,ERK5-IN-2,Sonidegib,0.2088025956579228,0.27655125208903264
NCI-H1573,Capmatinib,Gemcitabine,0.4690714054953426,0.5168761688399282
NCI-H1573,HI-TOPK-032,Pemigatinib,0.08602346624975304,0.28140358140989286
NCI-H1573,LY2090314,venetoclax,-0.15905999974876733,0.04102847164157168
NCI-H1573,Paclitaxel,TAK-733,0.21397947419265625,0.35825583269576866
NCI-H1573,Oxaliplatin,Sapanisertib,-0.00669093327105718,0.047491765469643975
NCI-H1573,AZD-8055,ULK-101,0.548159477450788,0.3266623558917143
NCI-H1573,Anastrozole,Oxaliplatin,0.5396205468310606,0.5707667740212252
NCI-H1573,HI-TOPK-032,Irinotecan,0.5839027394345708,0.6281473036048756
NCI-H1573,Adagrasib,venetoclax,0.520222999156697,0.45803550911593294
NCI-H1573,XRK3F2,c-Kit-IN-1,0.08698009312190495,0.24633926245486848
NCI-H1573,Brivudine,Paclitaxel,0.3427758526627155,0.4222675978669631
NCI-H1573,Methylprednisolone succinate,Tubulin inhibitor 6,0.6447259470258574,0.4010047312915313
NCI-H1573,Bimiralisib,LJI308,0.02493694176956638,0.09869837219780932
NCI-H1573,Infigratinib,Torkinib,0.47252882817756897,0.36388302080163937
NCI-H1573,BI-78D3,c-Kit-IN-1,0.39714597884750813,0.48762504734342493
NCI-H1573,Encorafenib,Sonidegib,-0.0010605390117145522,0.12768845164041934
NCI-H1573,Afatinib,GSK1059615,0.3313057472957273,0.442754290015521
NCI-H1573,NG25,Ralimetinib dimesylate,0.42619189580250993,0.37422796212655085
NCI-H1573,Bentamapimod,CP21R7,0.5387312957449077,0.43327935570979614
NCI-H1573,Lapatinib ditosylate,RMC-6236,0.09685252903814057,0.22237159216626823
NCI-H1573,AT7519,HI-TOPK-032,0.18576786786728092,0.27598739576906767
NCI-H1573,Lapatinib ditosylate,olaparib,0.3787227457309145,0.23705961226671876
NCI-H1573,NVP-BHG712,venetoclax,0.1687110935795973,0.23927444693139038
NCI-H1573,CP21R7,vincristine,0.12038583588403334,0.2926605288017303
NCI-H1573,Paclitaxel,Ralimetinib dimesylate,0.5858351759962986,0.7200230428537948
NCI-H1573,AT7519,Bimiralisib,-0.08661856742804415,-0.03329029267129943
NCI-H1573,LJI308,Oxaliplatin,0.5888119076122245,0.5273049449289716
NCI-H1573,Trametinib,ULK-101,0.41623791888224143,0.38679695704377676
NCI-H1573,Erdafitinib ,Ralimetinib dimesylate,0.2930793485361713,0.3823437499058396
NCI-H1573,Dabrafenib,vincristine,0.11793358912256482,0.20399966585031573
NCI-H1573,Everolimus,HI-TOPK-032,0.28577041039560275,0.5055161444875867
NCI-H1573,ERK5-IN-2,Temuterkib,0.6875861402540193,0.6501376441345158
NCI-H1573,APTO-253,TAK-901,-0.026438582209008875,0.0938967949640506
NCI-H1573,NG25,olaparib,0.39025070736102374,0.24762138774552145
NCI-H1573,AZD1390,Everolimus,0.5304207130250149,0.54316646450525
NCI-H1573,AT7519,ML264,0.4440015534547105,0.42701610297812576
NCI-H1573,Adagrasib,Afatinib,0.10280617218228622,0.16835475919324427
NCI-H1573,Anastrozole,olaparib,0.4059720446532667,0.43678287640038493
NCI-H1573,NVP-BHG712,Sapanisertib,0.16409544359759548,0.25277042367860303
NCI-H1573,Binimetinib,Irinotecan,0.44432825600921044,0.4869499351879223
NCI-H1573,CP21R7,LB-100,0.4686911453201783,0.37352848986034803
NCI-H1573,4EGI-1,Abemaciclib,0.27290521058562506,0.32760916855666317
NCI-H1573,CP21R7,Methylprednisolone succinate,0.4390468110569446,0.3564292965733062
NCI-H1573,GSK1059615,Methylprednisolone succinate,0.12423970238378296,0.08887363304642587
NCI-H1573,Sapanisertib,venetoclax,-0.15499845532234208,0.008945247619732574
NCI-H1573,LB-100,NVP-BHG712,0.2856314076455847,0.41997550336152367
NCI-H1573,AZD-8055,Regorafenib,0.484643213818766,0.5145152870831976
NCI-H1573,ML264,NG25,0.12698971665847503,0.08457250568181027
NCI-H1573,Bentamapimod,LY2090314,0.4087411884820487,0.5083915091582362
NCI-H1573,LY2090314,ML264,0.5110564895457086,0.4618489808291849
NCI-H1573,Gemcitabine,Minodronic acid,0.531076602451841,0.4305476352482897
NCI-H1573,Methylprednisolone succinate,PH-797804,0.26176186175850075,0.253996236270926
NCI-H1573,Minodronic acid,venetoclax,0.09813728314366768,0.2339328369159857
NCI-H1573,Celecoxib,Encorafenib,0.09874689305477681,0.22668779534541142
NCI-H1573,Ipatasertib,Oleic acid,0.09656185467963978,0.24556199819211932
NCI-H1573,Encorafenib,LJI308,0.15916837351199653,0.1998467195714972
NCI-H1573,Ipatasertib,Tubulin inhibitor 6,0.1866537683503875,0.1569663901138048
NCI-H1573,ERK5-IN-2,ULK-101,0.3391747646908582,0.32789259117477026
NCI-H1573,Capmatinib,NVP-BHG712,0.4017258999869187,0.362424735666737
NCI-H1573,HI-TOPK-032,vincristine,0.3503071437139834,0.4204949100577713
NCI-H1573,Pemigatinib,RMC-6236,0.016161008077421022,0.08539249505122466
NCI-H1573,Adagrasib,HI-TOPK-032,0.5657960551896569,0.466619673133537
NCI-H1573,DT-061,Sapanisertib,-0.22934148194746595,-0.02335561757005611
NCI-H1573,Celecoxib,TAK-733,0.11179522931608224,0.2282976316230573
NCI-H1573,Adagrasib,RMC-6236,0.0795054633347752,0.15166035557335733
NCI-H1573,Binimetinib,TAK-733,0.5213002754094869,0.6049095620412123
NCI-H1573,Sapanisertib,vincristine,-0.07271047079212638,-0.032130163257074504
NCI-H1573,Minodronic acid,olaparib,0.5386424484373389,0.4199968069597464
NCI-H1573,9-ING-41,Belumosudil (mesylate),0.24409759324984553,0.26263927425990147
NCI-H1573,MK-3903,Torkinib,0.31187919164442285,0.33091193231457033
NCI-H1573,BI-3406,Everolimus,0.009088641682735522,0.11572697153353514
NCI-H1573,Dabrafenib,Ixazomib,-0.04861388751069051,-0.02179196611578028
NCI-H1573,Elimusertib hydrochloride,Tubulin inhibitor 6,0.2146525078090653,0.23357157645013135
NCI-H1573,Abemaciclib,TAK-733,0.7476597705417947,0.7171759851699623
NCI-H1573,Everolimus,Tomivosertib,0.2603299917567082,0.4486339938216245
NCI-H1573,Adagrasib,Trametinib,0.18812475723585723,0.22620212544192606
NCI-H1573,venetoclax,vincristine,0.3716079353131756,0.4123651931072506
NCI-H1573,Elimusertib hydrochloride,Paclitaxel,0.20936350347523314,0.278436353774385
NCI-H1573,Alpelisib,vincristine,-0.09797584446731501,-0.022756212870888377
NCI-H1573,Sapanisertib,olaparib,-0.03297932129073517,0.0869703290782325
NCI-H1573,Paclitaxel,Tucatinib,0.5027162040456892,0.6014521173501688
NCI-H1573,Dabrafenib,ETC-206,0.5602325389981415,0.40740552608947844
NCI-H1573,TAK-901,Vemurafenib,-0.06461160761693557,0.03470269867427475
NCI-H1573,Brivudine,Ixazomib,0.24488300716777878,0.2696141257936854
NCI-H1573,AZD1390,SBI-0640756,0.33413253772343265,0.3469917619558593
NCI-H1573,Temuterkib,c-Kit-IN-1,0.31865071086370766,0.460847003442752
NCI-H1573,Elimusertib hydrochloride,NG25,0.4387417263568696,0.4520330844101493
NCI-H1573,Elimusertib hydrochloride,Infigratinib,0.05470746679193212,0.12507230198586333
NCI-H1573,Celecoxib,Irinotecan,0.6051776250217258,0.5429377667884039
NCI-H1573,AZD-8055,RMC-6236,0.4017078272819002,0.484909402294764
NCI-H1573,Everolimus,NVP-BHG712,0.37662528801343725,0.35996468383456665
NCI-H1573,Ixazomib,TAK-733,0.3434900080479552,0.4545470501709335
NCI-H1573,9-ING-41,Tucatinib,0.6338251373652432,0.5997712346587736
NCI-H1573,DT-061,LY2090314,0.4477746599269504,0.5287724551205863
NCI-H1573,Infigratinib,Pemigatinib,0.4731692459037287,0.38609615477943404
NCI-H1573,AZD-7648,Capmatinib,0.8001638879948414,0.7547913011051189
NCI-H1573,DT-061,palbociclib,0.8197551041349156,0.6605734483078817
NCI-H1573,AZD-8055,Afatinib,0.6307774133201207,0.665913502558424
NCI-H1573,NVP-BHG712,Vemurafenib,0.6742775863452001,0.6366247126503501
NCI-H1573,Methylprednisolone succinate,Sapanisertib,0.10033934564362888,0.093823289331014
NCI-H1573,Adagrasib,Celecoxib,0.3586851115948463,0.38741561170043304
NCI-H1573,Alpelisib,ETC-206,0.15404579636140023,0.2794960677675628
NCI-H1573,Sapanisertib,TAK-901,0.1573785789108317,0.17320528155827702
NCI-H1573,Infigratinib,Tubulin inhibitor 6,0.5541526027415592,0.36808092430862505
NCI-H1573,AZD1390,NG25,-0.020190198200566892,0.025331840459890065
NCI-H1573,Infigratinib,Sonidegib,0.3287507682402148,0.2774214761520645
NCI-H1573,Sapanisertib,palbociclib,-0.1607343336498659,0.03880969661824386
NCI-H1573,4EGI-1,Paclitaxel,0.11092357365853625,0.24734351233798144
NCI-H1573,Brivudine,Tubulin inhibitor 6,0.29525008924630936,0.2357951901155585
NCI-H1573,TAK-733,c-Kit-IN-1,0.8344593523814521,0.7756951718307368
NCI-H1573,Belumosudil (mesylate),Methylprednisolone succinate,0.4666157170502505,0.44156935472984477
NCI-H1573,Celecoxib,OTS514,0.36445060273004315,0.1607747712486494
NCI-H1573,CP21R7,Tucatinib,0.6496542378796704,0.49052600926395296
NCI-H1573,Oleic acid,Tubulin inhibitor 6,0.6288784657255784,0.41765413680716573
NCI-H1573,Bimiralisib,OTS514,-0.14722800502327177,-0.09412650278368959
NCI-H1573,APTO-253,Tubulin inhibitor 6,0.5388060074238388,0.4448950127735549
NCI-H1573,LJI308,Oleic acid,0.69457614435495,0.5372201383274255
NCI-H1573,Afatinib,Belumosudil (mesylate),0.28075387132652846,0.32945942168757625
NCI-H1573,AT7519,Encorafenib,-0.25349824247079655,-0.0703814236345632
NCI-H1573,Pemigatinib,Trametinib,0.12911846045069153,0.2147876610323214
NCI-H1573,Paclitaxel,Pemigatinib,0.35252636460267894,0.38083071320754436
NCI-H1573,ML264,TAK-901,-0.006773260160529811,0.053822103919911865
NCI-H1573,Gemcitabine,c-Kit-IN-1,0.40877571673253543,0.5329738112277181
NCI-H1573,Elimusertib hydrochloride,OTS514,-0.1302161946252573,0.06213281366664032
NCI-H1573,LB-100,Regorafenib,0.047036619818889715,0.3980474184881829
NCI-H1573,BAY1125976,Temuterkib,0.448372806205073,0.3011128404382155
NCI-H1573,Lapatinib ditosylate,Tubulin inhibitor 6,0.5414119931388175,0.5491341351038488
NCI-H1573,Trametinib,venetoclax,0.6725862327103446,0.7089049624418676
NCI-H1573,Capivasertib,Tomivosertib,0.012316370128133879,0.18711559551829093
NCI-H1573,4EGI-1,LJI308,0.3591170336891836,0.3712684932995464
NCI-H1573,Ipatasertib,TAK-733,0.41662834033895024,0.44745092540647596
NCI-H1573,Lapatinib ditosylate,venetoclax,-0.15726431789439654,0.05391250359101055
NCI-H1573,CP21R7,Paclitaxel,0.5535924028722254,0.5032995645979013
NCI-H1573,Irinotecan,Torkinib,0.7389328260112532,0.6660696221136757
NCI-H1573,Oxaliplatin,PH-797804,0.34855251545497057,0.3601273944967681
NCI-H1573,BI-78D3,Ixazomib,0.16266416603147074,0.1356771541775706
NCI-H1573,Gemcitabine,Ipatasertib,0.19178228131020575,0.3850257815026437
NCI-H1573,HI-TOPK-032,Paclitaxel,0.22418160875789958,0.3450864136960896
NCI-H1573,Elimusertib hydrochloride,TAK-901,0.22822343162731204,0.2666302562998369
NCI-H1573,Brivudine,c-Kit-IN-1,0.5199756132554151,0.519176257681351
NCI-H1573,CP21R7,Irinotecan,0.5530650395107823,0.5269390604760367
NCI-H1573,Capmatinib,Sapanisertib,-0.1590849220368769,-0.019188061549874305
NCI-H1573,Capivasertib,Temuterkib,0.3487953332904761,0.32558898666832864
NCI-H1573,AZD1390,Temuterkib,0.47320264365760706,0.47763698099405333
NCI-H1573,BAY1125976,Pemigatinib,0.4436486547780914,0.3602899686072546
NCI-H1573,Erdafitinib ,c-Kit-IN-1,0.05999139224022765,0.18458546469629394
NCI-H1573,Dabrafenib,LY2090314,0.6079260828477208,0.48773054613739175
NCI-H1573,Erdafitinib ,olaparib,0.13486007779131323,0.19010172942746356
NCI-H1573,Bentamapimod,Bimiralisib,0.15394878998028683,0.1783174512812041
NCI-H1573,Trametinib,palbociclib,0.5595892393410882,0.660402913798892
NCI-H1573,Capmatinib,Trametinib,0.7600843568501485,0.7458183485283834
NCI-H1573,Pemigatinib,Temuterkib,0.45191456242000333,0.3796051559245285
NCI-H1573,Belumosudil (mesylate),Dabrafenib,0.32569662928250864,0.24264733248083342
NCI-H1573,PH-797804,TAK-733,0.6244367156966213,0.6403364646065629
NCI-H1573,Ixazomib,MK-8353,-0.005493066758880487,-0.022895870833530035
NCI-H1573,DT-061,vincristine,0.1659569648339271,0.24778890040704432
NCI-H1573,Capivasertib,Trametinib,-0.035773631022474786,0.12771536380344878
NCI-H1573,AZD-8055,venetoclax,0.228763292262104,0.321399723239389
NCI-H1573,Elimusertib hydrochloride,Ipatasertib,0.3026477976124057,0.33903934226075805
NCI-H1573,Ipatasertib,NG25,0.4449121470498567,0.4131295524658062
NCI-H1573,AZD1390,Capivasertib,0.36894166823611735,0.3731487350399446
NCI-H1573,Afatinib,c-Kit-IN-1,0.32550274568672666,0.37279832793980333
NCI-H1573,Everolimus,Irinotecan,0.4660904588905953,0.6296438342074674
NCI-H1573,Anastrozole,Ixazomib,0.19533778164203258,0.15391895604348704
NCI-H1573,BI-3406,Belumosudil (mesylate),0.26925140841823547,0.21501990215599942
NCI-H1573,9-ING-41,olaparib,0.16277024602928514,0.18781259695316915
NCI-H1573,RMC-6236,Ralimetinib dimesylate,0.3198604186484088,0.3156105299274853
NCI-H1573,BAY1125976,Ixazomib,-0.32870109341705966,-0.21703429360935433
NCI-H1573,4EGI-1,NG25,-0.12443974467841941,0.021675733023480852
NCI-H1573,Anastrozole,Everolimus,0.4520097792265104,0.590591547204537
NCI-H1573,9-ING-41,Tomivosertib,0.028885758588511765,0.2172645555513629
NCI-H1573,Brivudine,vincristine,0.2555906172586879,0.294443409251342
NCI-H1573,Methylprednisolone succinate,RMC-6236,0.14921997076731702,0.21764519638620483
NCI-H1792,NG25,Sapanisertib,-0.12665730997894703,0.19761615950891695
NCI-H1792,Erdafitinib ,MK-3903,0.13747407943240564,0.1851012392922465
NCI-H1792,GSK1059615,Tucatinib,0.05261370809294105,0.10000528403354327
NCI-H1792,APTO-253,Ralimetinib dimesylate,0.46425936812746427,0.5316094068872288
NCI-H1792,ETC-206,PH-797804,0.16599569535441988,0.27287296884880474
NCI-H1792,APTO-253,ETC-206,0.6782979286802356,0.5444966977261556
NCI-H1792,ETC-206,HI-TOPK-032,0.22290793654322172,0.3026338629349318
NCI-H1792,ML264,TAK-901,-0.03712587908504366,0.2546937214025617
NCI-H1792,Vemurafenib,venetoclax,0.263692737324665,0.31668099155021023
NCI-H1792,Erdafitinib ,NG25,-0.16704822212769116,0.06526795337237845
NCI-H1792,Ralimetinib dimesylate,Regorafenib,0.5407069233699444,0.5038371903856682
NCI-H1792,Lapatinib ditosylate,Tucatinib,0.7716332230801886,0.5753480543538463
NCI-H1792,Paclitaxel,XRK3F2,0.9109050670683287,0.7170266271467083
NCI-H1792,Celecoxib,ERK5-IN-2,0.2536802783669056,0.2589972510704714
NCI-H1792,Abemaciclib,Ipatasertib,0.1622566377966317,0.35680483283898456
NCI-H1792,GSK1059615,LB-100,0.18484408835127908,0.2690022570014792
NCI-H1792,Celecoxib,XRK3F2,0.24839189028014316,0.24392785172125203
NCI-H1792,BAY1125976,Irinotecan,0.08783820688825411,0.46924137768181395
NCI-H1792,MK-8353,NG25,0.007041384267856665,0.18436093248881072
NCI-H1792,ML264,olaparib,0.04795192848046988,0.19195382825262583
NCI-H1792,Anastrozole,MK-8353,0.39701069601274497,0.3789734013597259
NCI-H1792,NG25,Paclitaxel,0.25716951977592123,0.4720619169921614
NCI-H1792,MK-8353,Pemigatinib,0.7187381412653833,0.44281596272123863
NCI-H1792,Dabrafenib,ETC-206,0.4071109753717667,0.39128591713150435
NCI-H1792,BAY1125976,ULK-101,-0.05818601540436322,0.17895219310284338
NCI-H1792,Celecoxib,Ralimetinib dimesylate,0.38777223444518677,0.27943521303427377
NCI-H1792,MK-8353,Tucatinib,0.7007555855629343,0.46269802610503463
NCI-H1792,HI-TOPK-032,Regorafenib,0.5062507452783558,0.5238934003027292
NCI-H1792,Brivudine,Oxaliplatin,0.16449913251891474,0.32738502661455904
NCI-H1792,Dabrafenib,XRK3F2,-0.1510979163855452,0.01820622694141831
NCI-H1792,Brivudine,Irinotecan,0.4200182969214516,0.42203758305317024
NCI-H1792,Ipatasertib,NG25,0.39606564481341766,0.5208644177887378
NCI-H1792,9-ING-41,Tucatinib,0.41155311600194155,0.37156626945929083
NCI-H1792,GSK1059615,venetoclax,0.40235276715811347,0.5166848167210104
NCI-H1792,APTO-253,MK-8353,0.64645897460568,0.47307675534437643
NCI-H1792,Lapatinib ditosylate,XRK3F2,0.2844867563263462,0.33697180570843777
NCI-H1792,ML264,venetoclax,-0.2050471597188769,0.0781959366594127
NCI-H1792,APTO-253,Encorafenib,0.18969356766914408,0.3280637578166188
NCI-H1792,Encorafenib,LB-100,0.338095330447836,0.3154252813476636
NCI-H1792,HI-TOPK-032,Paclitaxel,0.09535871566335948,0.37612983983716425
NCI-H1792,Sapanisertib,Tomivosertib,0.09980802946575845,0.28819967820605036
NCI-H1792,Bentamapimod,GSK1059615,0.43566879183554097,0.3737155704223821
NCI-H1792,LY2090314,ML264,0.5617814132054565,0.43342702045156056
NCI-H1792,Oxaliplatin,ULK-101,0.32924028032218516,0.2918367084038918
NCI-H1792,Regorafenib,ULK-101,0.6501819311259099,0.4543715726418758
NCI-H1792,MK-8353,Tomivosertib,0.2588195107523666,0.39386804829857747
NCI-H1792,ETC-206,GSK1059615,0.07191347319594643,0.18805083175386883
NCI-H1792,AZD-8055,Paclitaxel,0.7964786110426677,0.6213348356806753
NCI-H1792,BI-78D3,Vemurafenib,0.5843382590814677,0.4785400236851726
NCI-H1792,BI-78D3,Everolimus,0.5247738348043879,0.5411673138684592
NCI-H1792,AZD-8055,LY2090314,0.21324182039169384,0.18851417904914428
NCI-H1792,ERK5-IN-2,Everolimus,0.31384566077402454,0.4268462873771347
NCI-H1792,Celecoxib,LY2090314,0.6112804175985284,0.4666872765699592
NCI-H1792,NG25,PH-797804,0.30888842740585953,0.42170576018276446
NCI-H1792,HI-TOPK-032,olaparib,0.5108491130339308,0.4345869932145547
NCI-H1792,EX229,NVP-BHG712,0.1689782287092965,0.46040194122558353
NCI-H1792,Lapatinib ditosylate,MK-3903,0.27758341526555513,0.33222352137488637
NCI-H1792,BI-78D3,Erdafitinib ,0.6533809974987366,0.4080768987661084
NCI-H1792,Bentamapimod,Lapatinib ditosylate,0.4655446563135531,0.39546560472301534
NCI-H1792,AZD1390,ERK5-IN-2,0.09835072005056178,0.3248568047025986
NCI-H1792,NVP-BHG712,Ralimetinib dimesylate,0.8574981801850199,0.6656488493125531
NCI-H1792,Erdafitinib ,Regorafenib,0.18098314609920996,0.3009271572336219
NCI-H1792,MK-8353,Temuterkib,0.5427478636595485,0.3739787806456015
NCI-H1792,Lapatinib ditosylate,Pemigatinib,0.7529316607129104,0.47881622974987814
NCI-H1792,Anastrozole,GSK1059615,0.31234381708579395,0.3347047535152987
NCI-H1792,Brivudine,NVP-BHG712,0.35592379681876923,0.554550722550848
NCI-H1792,GSK1059615,MK-3903,0.6232176651787661,0.5466599690171561
NCI-H1792,Tucatinib,XRK3F2,0.25240035575316017,0.28751120407378417
NCI-H1792,ETC-206,NG25,0.1374000757785998,0.2972801100833644
NCI-H1792,NVP-BHG712,Temuterkib,0.5774458128160347,0.4876931525692257
NCI-H1792,Pemigatinib,Regorafenib,0.3729682954834601,0.19180142928011606
NCI-H1792,BI-78D3,Brivudine,0.1812942807336208,0.38772290801951265
NCI-H1792,ML264,palbociclib,0.11721716085068576,0.10215332130671251
NCI-H1792,Paclitaxel,Temuterkib,0.49493399579604036,0.5183039038896905
NCI-H1792,Celecoxib,Tomivosertib,0.3359694727528514,0.38722338063900663
NCI-H1792,Encorafenib,Lapatinib ditosylate,0.41145219510160674,0.4148154293886444
NCI-H1792,LY2090314,ULK-101,0.22951916748747153,0.2912453088906198
NCI-H1792,Lapatinib ditosylate,Tomivosertib,0.16057661174800242,0.3890036157326331
NCI-H1792,Irinotecan,Regorafenib,0.602571703627894,0.5159398136086495
NCI-H1792,BAY1125976,Encorafenib,0.27089162626899677,0.3923282647940173
NCI-H1792,Ipatasertib,Oxaliplatin,0.07031677370744324,0.2998184006210793
NCI-H1792,LY2090314,Tucatinib,0.6592795871329401,0.4760484718677958
NCI-H1792,MK-3903,NVP-BHG712,0.3256464464901237,0.4061008826544742
NCI-H1792,NVP-BHG712,Pemigatinib,0.5919778499614057,0.3828289909809419
NCI-H1792,PH-797804,Pemigatinib,0.06564613877372302,0.15499100602576338
NCI-H1792,Abemaciclib,Everolimus,0.4626188198307481,0.5470577794223358
NCI-H1792,NG25,XRK3F2,0.40590248624164416,0.458306737483126
NCI-H1792,Encorafenib,MK-3903,0.5163018089016205,0.31759161004479236
NCI-H1792,LB-100,Oxaliplatin,0.5570080972414787,0.3792052947100087
NCI-H1792,Erdafitinib ,XRK3F2,0.2801950714330192,0.2661867261940897
NCI-H1792,MK-3903,Regorafenib,0.6638541966454422,0.4977263740319263
NCI-H1792,Irinotecan,Temuterkib,0.363432571119102,0.4918962807385914
NCI-H1792,BAY1125976,Tucatinib,0.48713912064791803,0.5099953431114641
NCI-H1792,PH-797804,palbociclib,0.29667791216950534,0.12194915411326271
NCI-H1792,Tucatinib,venetoclax,-0.02533267374277992,0.06942387350561371
NCI-H1792,BI-78D3,HI-TOPK-032,0.1411828493376485,0.403839856113366
NCI-H1792,Abemaciclib,Regorafenib,0.3584971189230689,0.47444314667989185
NCI-H1792,GSK1059615,Ralimetinib dimesylate,0.3326878822148055,0.3699216185879046
NCI-H1792,Oxaliplatin,PH-797804,0.2102217516823409,0.3314987095882707
NCI-H1792,ETC-206,Paclitaxel,0.3021521749382098,0.34958122864372543
NCI-H1792,BI-78D3,Tomivosertib,0.3190475270674631,0.4455549240930254
NCI-H1792,Anastrozole,Ralimetinib dimesylate,0.24637268317944402,0.29739278721513857
NCI-H1792,Abemaciclib,Gemcitabine,0.30312575662042884,0.441477575540828
NCI-H1792,BI-78D3,Tucatinib,0.6275144811566257,0.5295455952795862
NCI-H1792,Celecoxib,MK-3903,0.46775165201219976,0.40870736286984044
NCI-H1792,AZD-8055,HI-TOPK-032,0.22622300681011442,0.3027648474596485
NCI-H1792,Gemcitabine,Oxaliplatin,0.5959876696177075,0.5282916427576152
NCI-H1792,AZD-8055,EX229,0.23912309775172258,0.2862417291631806
NCI-H1792,BAY1125976,NVP-BHG712,0.3389357316755701,0.36483686860254727
NCI-H1792,PH-797804,XRK3F2,0.3531234299377948,0.34549318901063536
NCI-H1792,AZD-8055,AZD1390,0.4898693219999888,0.3620458811197204
NCI-H1792,LY2090314,venetoclax,-0.2095501636341206,0.0014251278202294382
NCI-H1792,Celecoxib,Regorafenib,0.44842863542346423,0.348677496105819
NCI-H1792,HI-TOPK-032,TAK-901,0.30422280893020975,0.3027564756513472
NCI-H1792,APTO-253,Everolimus,0.45763387599077654,0.515007992047738
NCI-H1792,EX229,Ipatasertib,0.19393553913745598,0.3860614880356636
NCI-H1792,Dabrafenib,EX229,-0.20726800017166386,0.08465341933603085
NCI-H1792,Abemaciclib,Tomivosertib,0.48306461454447297,0.5623530361261991
NCI-H1792,Pemigatinib,ULK-101,0.3219847406176742,0.23806850459428883
NCI-H1792,Dabrafenib,ULK-101,-0.08829861887673635,0.1326524350950245
NCI-H1792,Erdafitinib ,Paclitaxel,0.3746180180000207,0.353053065076145
NCI-H1792,MK-8353,Sapanisertib,0.3817077149061314,0.27022379568022825
NCI-H1792,Dabrafenib,Tucatinib,0.39304267738555076,0.4219527009538503
NCI-H1792,NVP-BHG712,venetoclax,0.08647063566831273,0.3784355354111266
NCI-H1792,Ipatasertib,MK-3903,0.4626232475872354,0.45537100026356425
NCI-H1792,9-ING-41,venetoclax,0.004767266675003271,0.43608232052923845
NCI-H1792,Abemaciclib,BI-78D3,-0.0665323406779488,0.24657347850178862
NCI-H1792,APTO-253,Gemcitabine,0.27590973216343073,0.44605907669796285
NCI-H1792,MK-8353,Regorafenib,0.23516709019899146,0.2627963416650099
NCI-H1792,APTO-253,ML264,0.48568635520063175,0.49297607134445115
NCI-H1792,ERK5-IN-2,Ipatasertib,0.3955026198462103,0.5064298612005608
NCI-H1792,Lapatinib ditosylate,ML264,0.5262886512360737,0.48358674824899284
NCI-H1792,AZD-8055,LB-100,0.39836318413086014,0.34489273797954634
NCI-H1792,Sapanisertib,olaparib,-0.05492715322810209,0.047196048348552996
NCI-H1792,TAK-901,Tomivosertib,0.31087761694071087,0.3920523167487677
NCI-H1792,HI-TOPK-032,LB-100,0.2461890316048252,0.3407947569407241
NCI-H1792,Temuterkib,Vemurafenib,0.42725120048750775,0.4235674947673429
NCI-H1792,Dabrafenib,ERK5-IN-2,0.5837191295880109,0.5712606088373534
NCI-H1792,Dabrafenib,Sapanisertib,0.5015967421583966,0.47885760286433887
NCI-H1792,Bentamapimod,Temuterkib,0.5189185440515414,0.47546806051090085
NCI-H1792,AZD-8055,palbociclib,0.7979384462191268,0.47555228129148164
NCI-H1792,BAY1125976,PH-797804,0.14987813180812032,0.3477912698606936
NCI-H1792,Celecoxib,NG25,0.31783862744038394,0.3496456020459728
NCI-H1792,Encorafenib,NVP-BHG712,0.610679782050384,0.5764516038455854
NCI-H1792,PH-797804,venetoclax,0.421307439260065,0.5126342941581079
NCI-H1792,APTO-253,TAK-901,-0.1390288163626391,0.20821098226265258
NCI-H1792,Ralimetinib dimesylate,ULK-101,0.4136483165825169,0.415905506012744
NCI-H1792,PH-797804,Sapanisertib,0.2182828168305512,0.40229333280712704
NCI-H1792,PH-797804,olaparib,0.25774135376903035,0.3123012017966786
NCI-H1792,ML264,Temuterkib,0.8399117996693267,0.6398714636378404
NCI-H1792,Dabrafenib,Gemcitabine,-0.009699430855593303,0.12109554175480355
NCI-H1792,Erdafitinib ,Everolimus,0.46436769672661404,0.3687721038095544
NCI-H1792,ULK-101,venetoclax,0.44479445885422375,0.31952367214694666
NCI-H1792,Ralimetinib dimesylate,venetoclax,0.01577801393302073,0.17711523209997174
NCI-H1792,LB-100,LY2090314,0.6736947767231549,0.4188859824733744
NCI-H1792,ETC-206,TAK-901,-0.02744148412985925,0.16318720990942634
NCI-H1792,9-ING-41,Regorafenib,0.4866991315994463,0.6367902812092243
NCI-H1792,EX229,olaparib,0.34760475260683404,0.4118737160250559
NCI-H1792,AZD1390,Temuterkib,0.24118106739799144,0.3289719066324508
NCI-H1792,Brivudine,GSK1059615,0.5043462957499011,0.5586938967819916
NCI-H1792,ML264,Tucatinib,0.5480817612855224,0.4820754685373227
NCI-H1792,Dabrafenib,Oxaliplatin,0.13355256840316307,0.19779232863874813
NCI-H1792,ML264,Regorafenib,0.201275973880123,0.2746751408766348
NCI-H1792,ERK5-IN-2,PH-797804,0.1812019615704013,0.42628941214965027
NCI-H1792,MK-3903,olaparib,0.48793783887900904,0.4190682531902405
NCI-H1792,Irinotecan,MK-3903,0.535424943347668,0.39656275380499345
NCI-H1792,ERK5-IN-2,MK-8353,0.45770530696884193,0.3148663586710985
NCI-H1792,AZD1390,TAK-901,0.15322058551472464,0.3535381023625842
NCI-H1792,Encorafenib,olaparib,0.24304272333583474,0.0926136500996927
NCI-H1792,LB-100,Temuterkib,0.6689146508253133,0.5231794217040616
NCI-H1792,Irinotecan,Oxaliplatin,0.6284646982401016,0.5537838153608814
NCI-H1792,ML264,XRK3F2,0.4558945954096313,0.3802599031952839
NCI-H1792,Pemigatinib,Tomivosertib,0.16268260092413392,0.24420201048784534
NCI-H1792,Erdafitinib ,Sapanisertib,0.5061161949955536,0.33803466596015835
NCI-H1792,BAY1125976,Ralimetinib dimesylate,0.37173122858889984,0.48499840161644564
NCI-H1792,BI-78D3,NVP-BHG712,0.6211509726024099,0.5923113171058108
NCI-H1792,GSK1059615,Temuterkib,0.224622385872818,0.3071302587103648
NCI-H1792,Lapatinib ditosylate,ULK-101,0.2978551450084351,0.2958200892653582
NCI-H1792,NG25,olaparib,0.6309627079019835,0.5485264684330764
NCI-H1792,Celecoxib,Sapanisertib,0.17539511018123619,0.26778994260054656
NCI-H1792,Lapatinib ditosylate,MK-8353,0.6610055361833534,0.46994944865409577
NCI-H1792,Bentamapimod,Pemigatinib,0.5361309208064629,0.33486713478776897
NCI-H1792,Everolimus,LB-100,0.5904046797291368,0.47826605137542477
NCI-H1792,Gemcitabine,HI-TOPK-032,0.4039803514159583,0.48456032035030605
NCI-H1792,NVP-BHG712,Paclitaxel,0.36220581884707737,0.4484669657582226
NCI-H1792,XRK3F2,palbociclib,0.6936305504716874,0.4846125806671872
NCI-H1792,LY2090314,Tomivosertib,0.019944349593861713,0.26340585701318603
NCI-H1792,olaparib,venetoclax,0.5459151698359351,0.5303480909793141
NCI-H1792,AZD-8055,ULK-101,0.639221861491935,0.5056399856600864
NCI-H1792,Brivudine,Encorafenib,0.27719840336241863,0.3272773209650414
NCI-H1792,Gemcitabine,ML264,0.19790815906366835,0.27915629887373467
NCI-H1792,Anastrozole,Tomivosertib,0.24413814500131648,0.41153208165890226
NCI-H1792,Brivudine,ULK-101,0.4607332643755183,0.38927283680024855
NCI-H1792,AZD1390,LB-100,0.52892098299749,0.38075427196011313
NCI-H1792,BAY1125976,HI-TOPK-032,-0.13202893936654164,0.17328163030203222
NCI-H1792,AZD-8055,Brivudine,0.3487107769280433,0.388863550121523
NCI-H1792,AZD1390,Irinotecan,0.5860867200107492,0.4943446575036503
NCI-H1792,AZD-8055,Abemaciclib,0.15271271115919788,0.21503141744720486
NCI-H1792,AZD-8055,ML264,0.251085467188102,0.22765047814519274
NCI-H1792,Lapatinib ditosylate,Vemurafenib,0.4541964365531917,0.3992000499790165
NCI-H2030,DT-061,Ralimetinib dimesylate,0.24316163676290295,0.1894292083288011
NCI-H2030,Adagrasib,Ipatasertib,0.014259201830125629,0.253466966275166
NCI-H2030,Torkinib,ULK-101,0.3684283002262598,0.4212328275624895
NCI-H2030,BI-3406,TAK-901,0.08894142040379187,0.11910904635596503
NCI-H2030,Anastrozole,Celecoxib,0.37690314802328007,0.38312232120763084
NCI-H2030,Sonidegib,Vemurafenib,-0.011885135858693175,0.10010620239513422
NCI-H2030,Bimiralisib,PH-797804,-0.06688611188115545,-0.038666525081966885
NCI-H2030,IQ 1,Lapatinib ditosylate,0.33575552464587455,0.3606052350722512
NCI-H2030,AT7519,Belumosudil (mesylate),0.2698267222819052,0.3301787828475593
NCI-H2030,Erdafitinib ,Temuterkib,0.6675497729222548,0.6384036027801614
NCI-H2030,AZD1390,Anastrozole,0.2945691494683672,0.370503394381046
NCI-H2030,Erdafitinib ,Gemcitabine,0.4611025696783011,0.49359817007979445
NCI-H2030,Erdafitinib ,NVP-BHG712,0.5620133026158196,0.5932935643547819
NCI-H2030,Belumosudil (mesylate),OTS514,-0.1240647699197378,-0.14885589046506376
NCI-H2030,Alpelisib,Sonidegib,0.07359891339101107,0.1649465140653193
NCI-H2030,Erdafitinib ,Lapatinib ditosylate,0.6199735967671463,0.6091990149326212
NCI-H2030,Belumosudil (mesylate),ETC-206,0.25790479367196567,0.3353344890516343
NCI-H2030,Brivudine,vincristine,0.11174351064548804,0.2309944500762341
NCI-H2030,9-ING-41,Vemurafenib,0.884168279338197,0.8062521406082725
NCI-H2030,AZD1390,Futibatinib,0.16575397551641444,-0.09035404283694784
NCI-H2030,Oleic acid,Trametinib,0.0688428172902027,-0.0077015309254924655
NCI-H2030,Lonafarnib,ML264,-0.010433135901357235,0.06718271859113259
NCI-H2030,AZD2858,TAK-733,-0.05048922643102449,-0.040011671118722836
NCI-H2030,Belumosudil (mesylate),Everolimus,0.310072413601701,0.44086975249523774
NCI-H2030,Adagrasib,Bentamapimod,-0.2590202704565395,-0.06625322546670245
NCI-H2030,LJI308,Oleic acid,0.12349862112947674,0.20147653592546821
NCI-H2030,Bentamapimod,Pemigatinib,0.7566201963560351,0.5726386000770434
NCI-H2030,Encorafenib,Gemcitabine,0.11507145285730089,0.05476900988574367
NCI-H2030,9-ING-41,Pimitespib,0.015951324032060177,-0.003485471032300546
NCI-H2030,Hydroxyfasudil,ULK-101,0.6651231212331659,0.6945152823678342
NCI-H2030,Elimusertib hydrochloride,LB-100,0.04561346820251767,0.05600872902336355
NCI-H2030,Celecoxib,ML264,0.21049432498921983,0.14793762837351554
NCI-H2030,DT-061,Methylprednisolone succinate,0.5402041826885681,0.45218204316070243
NCI-H2030,IQ 1,venetoclax,0.26783523683381416,0.22427940722165843
NCI-H2030,AZD1390,Tubulin inhibitor 6,0.46953224735618304,0.41413784965308964
NCI-H2030,Abemaciclib,DTP3,-0.12330406087178158,-0.1391107926548089
NCI-H2030,Belzutifan,ML264,0.22909420582929407,0.26801245649198174
NCI-H2030,Hydroxyfasudil,Torkinib,0.5702081913781394,0.48261083941471616
NCI-H2030,EX229,vincristine,0.25013101563824824,0.1757249427054158
NCI-H2030,Minodronic acid,Pralsetinib,0.1394985060501861,0.17672400879174072
NCI-H2030,IQ 1,Lonafarnib,-0.014542589708735077,-0.03984994779429245
NCI-H2030,LJI308,Pimitespib,0.255949876698095,0.34818495542414607
NCI-H2030,Irinotecan,Regorafenib,0.6070833186655042,0.6257727995777809
NCI-H2030,Trametinib,palbociclib,0.7810945320583634,0.8013450226341351
NCI-H2030,NVP-BHG712,vincristine,-0.2173331002032935,-0.05116986205787002
NCI-H2030,PH-797804,SBI-0640756,0.19980828692714064,0.26622821692473164
NCI-H2030,AT7519,Alpelisib,-0.19089778767788237,-0.17396939230777222
NCI-H2030,AZD-7648,Oleic acid,0.22560648236307823,0.15798977483913718
NCI-H2030,Capivasertib,Vemurafenib,-0.050327834458296875,-0.026139653243491698
NCI-H2030,Encorafenib,palbociclib,0.6242415510201749,0.6160044141537095
NCI-H2030,Bimiralisib,SBI-0640756,0.1509021705952975,0.22331170610014378
NCI-H2030,Adagrasib,Tubulin inhibitor 6,0.46744826031694153,0.5353197147868135
NCI-H2030,HI-TOPK-032,Trametinib,-0.07789158497237371,-0.020943117453324694
NCI-H2030,Paclitaxel,palbociclib,0.7305498475650445,0.6823640530299129
NCI-H2030,ERK5-IN-2,ETC-206,0.3087645150468051,0.23850376518279795
NCI-H2030,Bentamapimod,Oxaliplatin,0.3512021936866395,0.35635304937826084
NCI-H2030,BI-78D3,vincristine,0.07274809743792354,0.22210626825435476
NCI-H2030,Pemigatinib,vincristine,-0.06192616072948577,0.09754459050952792
NCI-H2030,Ixazomib,OTS514,0.006799642518433787,-0.08114852082736135
NCI-H2030,DTP3,MK-3903,0.2748279725953964,0.2404601499320876
NCI-H2030,AT7519,Paclitaxel,-0.08342328657370454,0.020184994788132182
NCI-H2030,AZD1390,ERK5-IN-2,0.3288077267847658,0.2898218428921915
NCI-H2030,APTO-253,Capmatinib,-0.22556930554640858,-0.10958282072538471
NCI-H2030,MK-8353,OTS514,0.28110922707419617,0.09702504710160825
NCI-H2030,NVP-BHG712,XRK3F2,0.4974824664912871,0.3624560646934088
NCI-H2030,Belumosudil (mesylate),olaparib,0.259694518452008,0.4263069409138101
NCI-H2030,HI-TOPK-032,Paclitaxel,0.013218554582443177,0.13780796102467846
NCI-H2030,Binimetinib,XRK3F2,0.7435455708434378,0.757820935897591
NCI-H2030,Celecoxib,olaparib,0.42399693923357207,0.34285961890795635
NCI-H2030,Everolimus,ULK-101,0.15676641344660497,0.3606683595465814
NCI-H2030,NG25,OTS514,-0.1595202690373937,-0.18435183823898876
NCI-H2030,Methylprednisolone succinate,Pimitespib,0.4814506427451791,0.37807179143804814
NCI-H2030,EX229,Elimusertib hydrochloride,0.4207616025211868,0.3755264001249105
NCI-H2030,ERK5-IN-2,TAK-733,0.5059206898258848,0.5821112343718153
NCI-H2030,Oleic acid,Oxaliplatin,0.5911410101643444,0.6080243402952064
NCI-H2030,ERK5-IN-2,Minodronic acid,0.31106497448519616,0.2635089225736641
NCI-H2030,BI-78D3,Lapatinib ditosylate,0.3934148645808832,0.1702565944726927
NCI-H2030,AZD1390,Belzutifan,0.2587332051210258,0.25348766677008344
NCI-H2030,Alpelisib,Elimusertib hydrochloride,0.714614442464064,0.7037919650127236
NCI-H2030,9-ING-41,vincristine,-0.29686423282963054,-0.034178768273632185
NCI-H2030,Pimitespib,Torkinib,0.44764298436071415,0.42185299394779296
NCI-H2030,Sonidegib,ULK-101,0.2809889044454313,0.4060398682518899
NCI-H2030,Torkinib,Tucatinib,0.4684204528448037,0.5441375619335869
NCI-H2030,Abemaciclib,TAK-733,0.6985448524285425,0.7082612349901878
NCI-H2030,AZD-7648,Hydroxyfasudil,0.45071738626229507,0.4211655182909774
NCI-H2030,Bentamapimod,CP21R7,0.6660106408896155,0.5023723714453061
NCI-H2030,AZD-7648,olaparib,0.5347595780179193,0.5295838773769649
NCI-H2030,Afatinib,Sapanisertib,0.6767929085884691,0.6660060691884782
NCI-H2030,Pimitespib,Tucatinib,0.2860368752390903,0.39439896720579226
NCI-H2030,ERK5-IN-2,Hydroxyfasudil,0.3696520556336911,0.4456589989476075
NCI-H2030,NG25,Paclitaxel,0.6809192460396692,0.6976955807427985
NCI-H2030,Ixazomib,PH-797804,-0.03908721516768004,-0.00045082145963175335
NCI-H2030,ETC-206,venetoclax,0.06742850168274508,0.08722028978234286
NCI-H2030,BI-3406,Futibatinib,0.23983016996715795,0.1139190937988324
NCI-H2030,Bortezomib,Sonidegib,0.30037278876997353,0.38393212825075346
NCI-H2030,Afatinib,Bimiralisib,0.8907221069006559,0.8941238196629547
NCI-H2030,NVP-BHG712,olaparib,0.3440125173018977,0.30580598969024436
NCI-H2030,MK-8353,PH-797804,-0.11366180018357873,0.10288647040015308
NCI-H2030,AZD2858,LB-100,0.2958643469128466,0.16806318573009268
NCI-H2030,9-ING-41,Futibatinib,0.31830915095974344,0.18682783556697483
NCI-H2030,APTO-253,Lonafarnib,-0.21830130351810498,-0.07411051182395562
NCI-H2030,Tomivosertib,ULK-101,0.2610913012217012,0.39390651284561307
NCI-H2030,Trametinib,Tucatinib,0.1087943910196606,0.07126215662320971
NCI-H2030,Oxaliplatin,TAK-901,-0.05755189293066344,-0.055614027496038804
NCI-H2030,LJI308,Sapanisertib,-0.0722296328493783,-0.03977907722757756
NCI-H2030,Bortezomib,SBI-0640756,0.09927789071997549,0.09752933425784215
NCI-H2030,DTP3,Methylprednisolone succinate,0.4943891234358496,0.4452833487430952
NCI-H2030,Belzutifan,SBI-0640756,0.15975901675980142,0.19132972111446836
NCI-H2030,AZD2858,Capmatinib,0.04609034112600116,-0.01770651448924008
NCI-H2030,Alpelisib,LB-100,0.30883851676521556,0.2264461267771921
NCI-H2030,Brivudine,Sonidegib,0.26274219590112063,0.3830305901393843
NCI-H2030,AZD-8055,Pralsetinib,0.13108603190943688,0.0766490762549895
NCI-H2030,AZD1390,Belumosudil (mesylate),0.42981697777923616,0.5022962657666665
NCI-H2030,OTS514,Trametinib,-0.09275701823530937,-0.22095013405582414
NCI-H2030,Binimetinib,Volasertib,-0.02333334310246893,0.005514568774739999
NCI-H2030,Belumosudil (mesylate),Tomivosertib,0.3197828325171359,0.3551443526361048
NCI-H2030,Futibatinib,Oleic acid,0.5099149684690675,0.3088121847867894
NCI-H2030,HI-TOPK-032,TAK-733,0.16000178287979203,0.15972197393961007
NCI-H2030,Futibatinib,ULK-101,0.07473734776973874,-0.06187516701060009
NCI-H2030,ML264,vincristine,0.12421446309466114,0.2746419855623602
NCI-H2030,Alpelisib,Irinotecan,0.5511975306412034,0.6380051579813171
NCI-H2030,Encorafenib,Ralimetinib dimesylate,0.6506293025259698,0.5823163275925595
NCI-H2030,Infigratinib,Oxaliplatin,0.2918554241470864,0.37184032444895754
NCI-H2030,Regorafenib,Temuterkib,0.3618802847283531,0.45244671308273243
NCI-H2030,9-ING-41,NG25,0.5537041406116373,0.5604208823605892
NCI-H2030,Alpelisib,RMC-6236,0.7991203342976265,0.783696349511383
NCI-H2030,AZD-8055,BI-78D3,0.484072951846642,0.35069090357645744
NCI-H2030,Dabrafenib,NVP-BHG712,0.6472453841895759,0.5658303369660752
NCI-H2030,Afatinib,Pralsetinib,-0.019640824905815552,-0.010690213328703117
NCI-H2030,NVP-BHG712,Volasertib,-0.07243735080874973,-0.053853966041402815
NCI-H2030,CP21R7,ERK5-IN-2,0.551926493858883,0.5019380600077071
NCI-H2030,Infigratinib,PH-797804,0.031114082952567602,0.1125441577581904
NCI-H2030,Anastrozole,OTS514,-0.10083087310393246,-0.004970941034235052
NCI-H2030,BI-78D3,Tucatinib,0.5741686358370868,0.5742569443128114
NCI-H2030,AT7519,Bortezomib,0.0949130081441272,0.18358667077183338
NCI-H2030,Infigratinib,venetoclax,0.09462331246379614,0.16577182688958741
NCI-H2030,ETC-206,palbociclib,0.28703908857624516,0.14946317719926694
NCI-H2030,LY-2584702 (tosylate salt),Volasertib,0.3838213305125058,0.4798590700408998
NCI-H2030,Adagrasib,Hydroxyfasudil,0.49287404280616054,0.5843946423852667
NCI-H2030,Bortezomib,Celecoxib,-0.1249911441877114,-0.15678311080658827
NCI-H2030,LY2090314,MK-3903,0.43066691391132167,0.3015178521361816
NCI-H2030,Irinotecan,Oleic acid,0.38873953358081026,0.4539513325270009
NCI-H2030,Dabrafenib,Volasertib,0.04558738395375225,0.12204116494771533
NCI-H2030,CP21R7,Temuterkib,0.7451881708324589,0.6862979034537637
NCI-H2030,SBI-0640756,TAK-901,0.15870692222812977,0.20317628781003125
NCI-H2030,EX229,Sonidegib,0.1948651994977001,0.17180912110473479
NCI-H2030,Encorafenib,TAK-901,0.035538535288893176,0.08971314972637524
NCI-H2030,LY2090314,ML264,0.3379462032017658,0.2808257702648162
NCI-H2030,PH-797804,RMC-6236,0.08343603572735238,0.18043418210113954
NCI-H2030,AZD-8055,DT-061,0.6201367008342081,0.5496966366151682
NCI-H2030,Bimiralisib,Torkinib,0.0922641678640639,0.08560643109103543
NCI-H2030,Gemcitabine,Ralimetinib dimesylate,0.36403593642481336,0.41969247838944357
NCI-H2030,BI-3406,CP21R7,0.5503584756288207,0.4956526343917629
NCI-H2030,olaparib,venetoclax,0.23666390933319753,0.37016909592131153
NCI-H2030,Anastrozole,Binimetinib,0.07107872656990821,0.07542421265810656
NCI-H2030,Bortezomib,Elimusertib hydrochloride,0.3920881812381646,0.3434956383309171
NCI-H2030,AT7519,Brivudine,0.05849399310522114,0.19924193121218714
NCI-H2030,AT7519,Regorafenib,-0.19076695990337175,-0.11217733961062436
NCI-H2030,Encorafenib,vincristine,-0.42125149755970365,-0.33933737184226725
NCI-H2030,Anastrozole,HI-TOPK-032,0.21501791325683728,0.22921529525880693
NCI-H2030,Brivudine,NVP-BHG712,0.11361676390686781,0.07602636796802406
NCI-H2030,Pemigatinib,Pralsetinib,0.0001784894300612492,-0.0807786146620649
NCI-H2030,4EGI-1,c-Kit-IN-1,-0.15804210320710324,-0.1059709253827798
NCI-H2030,DT-061,Pimitespib,0.49946994491607666,0.28810223435033255
NCI-H2030,Celecoxib,Oxaliplatin,0.5882736494918579,0.6064142628278395
NCI-H2030,AZD2858,Encorafenib,-0.33589228090438566,-0.38399489185096847
NCI-H2030,4EGI-1,Sapanisertib,0.5298831139247756,0.38162561262313277
NCI-H2030,NVP-BHG712,Tubulin inhibitor 6,0.14857670632428938,0.04439999930455627
NCI-H2030,Celecoxib,Ralimetinib dimesylate,0.2631530245725347,0.2661372205465252
NCI-H2030,Belzutifan,Elimusertib hydrochloride,0.28019770239550723,0.29745784274165143
NCI-H2030,Dabrafenib,GSK1059615,0.4216724430118391,0.5620759217234638
NCI-H2030,MK-3903,SBI-0640756,0.14752556341851306,0.20440216246201134
NCI-H2030,Bentamapimod,Trametinib,0.3068776812081373,0.2757190314361211
NCI-H2030,Gemcitabine,MK-3903,0.38738064166219316,0.29960839795691185
NCI-H2030,APTO-253,Encorafenib,0.0981551092768958,0.049356316929565665
NCI-H2030,NVP-BHG712,Sapanisertib,0.6127344979981113,0.5536905855805017
NCI-H2030,NVP-BHG712,c-Kit-IN-1,-0.2652992217778562,-0.20735228347729853
NCI-H2030,PF-06260933,venetoclax,-0.023784060203427524,0.07978950256969304
NCI-H2030,Adagrasib,Minodronic acid,0.20843869018680286,0.18404465835214068
NCI-H2030,9-ING-41,AZD-7648,0.5150333049881097,0.45738944867865616
NCI-H2030,AZD2858,Brivudine,0.1327894505198574,0.25337456983610757
NCI-H2030,MK-8353,Vemurafenib,0.16588216946914985,0.08217301684594824
NCI-H2030,ERK5-IN-2,Encorafenib,0.7155317720474909,0.7349016187154985
NCI-H2030,9-ING-41,OTS514,-0.043347263073150004,-0.049385124069698784
NCI-H2030,Lapatinib ditosylate,Oleic acid,0.48293247589731386,0.32442105838191027
NCI-H2030,APTO-253,vincristine,0.2583353346153377,0.416151713122653
NCI-H2030,GSK1059615,Paclitaxel,0.7483560379887308,0.7516140931788576
NCI-H2030,Elimusertib hydrochloride,ULK-101,0.5870456043462882,0.5065086991960567
NCI-H2030,DT-061,TAK-733,0.3086073208089434,0.4022456214140344
NCI-H2030,Bimiralisib,Sapanisertib,0.5944980172484596,0.563219137008674
NCI-H2030,Afatinib,Anastrozole,-0.07402142242829271,-0.07560934113387914
NCI-H2030,Lonafarnib,Pemigatinib,-0.4086886161953755,-0.28281318252020576
NCI-H2030,ML264,RMC-6236,0.42485109896422496,0.43070617518361093
NCI-H2030,Regorafenib,c-Kit-IN-1,0.1401532495577878,0.1281811649263193
NCI-H2030,Bimiralisib,Bortezomib,0.13937438338430705,0.06900608678335994
NCI-H2030,Regorafenib,palbociclib,0.7960714994937844,0.7675664006273515
NCI-H2030,AZD-7648,Pralsetinib,0.30812140851771874,0.3080411265866578
NCI-H2030,GSK1059615,Irinotecan,0.3671405376212124,0.4464676158310681
NCI-H2030,LB-100,Ralimetinib dimesylate,0.34157296021962036,0.27778513737898936
NCI-H2030,AZD-8055,Binimetinib,0.8081142130805337,0.7850140428299648
NCI-H23,AZD2858,c-Kit-IN-1,0.11510233269870015,0.2214765761529719
NCI-H23,ETC-206,Pralsetinib,0.3487377257954278,0.3478057488821332
NCI-H23,AZD2858,Futibatinib,0.5264904776512387,0.41735544139664843
NCI-H23,EX229,Methylprednisolone succinate,0.3099109290029329,0.39736683429354686
NCI-H23,Belzutifan,RMC-6236,-0.09669178010500522,-0.038824673669133836
NCI-H23,PF-06260933,Sapanisertib,0.28494915075631205,0.2892025273532455
NCI-H23,Lonafarnib,Sapanisertib,-0.07698037017544582,0.12933299834576406
NCI-H23,AZD-7648,MK-8353,-0.2403672148922995,-0.018824805739305214
NCI-H23,AZD-7648,RMC-6236,0.6734366465701264,0.8055317747774076
NCI-H23,Brivudine,Irinotecan,0.18498999176546532,0.20775184552599857
NCI-H23,Erdafitinib ,Tomivosertib,-0.004071434132602048,0.1763856957875449
NCI-H23,Pralsetinib,Torkinib,0.5199473685924207,0.43052726969798055
NCI-H23,Pemigatinib,SBI-0640756,0.36879021674085344,0.22616808039562594
NCI-H23,SBI-0640756,TAK-901,0.3420495934940914,0.29517132712667443
NCI-H23,Belumosudil (mesylate),ERK5-IN-2,0.15547918052369955,0.25358140084954395
NCI-H23,Alpelisib,DT-061,0.7084737432802777,0.6653779158831469
NCI-H23,PH-797804,Regorafenib,0.26277852570005306,0.30497098326039085
NCI-H23,9-ING-41,Encorafenib,0.6301905550894873,0.6896260541730613
NCI-H23,AT7519,LY2090314,0.47472203972845073,0.4892361004354368
NCI-H23,Pralsetinib,ULK-101,0.45215371034458324,0.4514118670607163
NCI-H23,Afatinib,olaparib,0.26683778810103465,0.269769585852199
NCI-H23,Dabrafenib,Lapatinib ditosylate,0.4751770741077727,0.38025586979931714
NCI-H23,Capmatinib,Ixazomib,0.7140156775371076,0.719209983097642
NCI-H23,Ralimetinib dimesylate,venetoclax,-0.13440124210432958,0.026413638901877156
NCI-H23,Bimiralisib,Pemigatinib,-0.04244598935794368,0.04447765153411326
NCI-H23,Binimetinib,ERK5-IN-2,-0.05777651299368232,0.07923363494712474
NCI-H23,Dabrafenib,Volasertib,0.3640981402441073,0.3319349725124737
NCI-H23,Capivasertib,GSK1059615,0.011298857880337371,0.09536111576465459
NCI-H23,Dabrafenib,Vemurafenib,0.3531589246642487,0.5058973540375576
NCI-H23,Infigratinib,SBI-0640756,0.31991241187547154,0.2513520949141588
NCI-H23,Lonafarnib,ML264,0.11437578680273358,0.21595831852678612
NCI-H23,EX229,OTS514,0.009840144289142101,-0.05210222219107132
NCI-H23,LY-2584702 (tosylate salt),Methylprednisolone succinate,0.5293009020261376,0.42403950030190085
NCI-H23,Everolimus,NG25,0.13121010641672184,0.17615518648738063
NCI-H23,Encorafenib,Volasertib,-0.21709315874702306,-0.0009014690270707797
NCI-H23,Encorafenib,Irinotecan,-0.013423244047066494,0.18133318949373778
NCI-H23,Elimusertib hydrochloride,Erdafitinib ,-0.08768595291334527,0.09063770818235974
NCI-H23,NVP-BHG712,olaparib,0.1975078283355155,0.2089619327781161
NCI-H23,9-ING-41,Sonidegib,0.04737895151637837,0.25746900794183497
NCI-H23,Bimiralisib,Torkinib,-0.053172864696841134,0.08950755980820745
NCI-H23,NVP-BHG712,Pemigatinib,0.6027530656555551,0.46714706466581035
NCI-H23,Binimetinib,NG25,0.5996791165196345,0.5662394139193493
NCI-H23,Sapanisertib,venetoclax,-0.4774074857461395,-0.20880782678973484
NCI-H23,Gemcitabine,LY-2584702 (tosylate salt),0.6014633382219112,0.5259083494773051
NCI-H23,Belumosudil (mesylate),Sapanisertib,-0.05654647395196665,0.06464057018394102
NCI-H23,Anastrozole,Tomivosertib,0.2837161348557862,0.30362124249740774
NCI-H23,ML264,Methylprednisolone succinate,0.3488567058510906,0.41323711879754277
NCI-H23,AZD1390,EX229,0.3147051167971609,0.3591629141146724
NCI-H23,Celecoxib,NVP-BHG712,0.49895031584852273,0.38966631391685247
NCI-H23,GSK1059615,OTS514,-0.07111450607471852,-0.04505363762940436
NCI-H23,BI-3406,TAK-901,0.07705905631293188,0.18232171030994912
NCI-H23,Abemaciclib,palbociclib,-0.08935473563575291,0.010537460371645452
NCI-H23,DT-061,Lonafarnib,0.06006991328778628,0.008498612134748243
NCI-H23,Trametinib,Tucatinib,-0.29739670299975396,-0.1743674435583596
NCI-H23,BI-3406,ETC-206,-0.027361393041249953,0.24273529253337048
NCI-H23,9-ING-41,LY2090314,0.3456815970337709,0.4528555882807465
NCI-H23,AZD1390,DTP3,0.47993576384261394,0.43570039608319705
NCI-H23,Lonafarnib,MK-8353,0.024097623294856613,0.07220504487629092
NCI-H23,4EGI-1,Dabrafenib,0.1856309951879885,-0.004397940368011836
NCI-H23,AZD1390,Hydroxyfasudil,0.41573914515859073,0.399990071860413
NCI-H23,Brivudine,Regorafenib,0.5735269170829972,0.5304135779134841
NCI-H23,EX229,Irinotecan,0.34680878254709824,0.33774138076988514
NCI-H23,AZD-7648,LY-2584702 (tosylate salt),0.2305423880732758,0.2692394548758932
NCI-H23,HI-TOPK-032,MK-8353,0.06669752665172093,0.2718814794693597
NCI-H23,Afatinib,Pimitespib,-0.12168706620380532,-0.04383572228686665
NCI-H23,9-ING-41,Futibatinib,0.2039890219075529,0.16607205509942882
NCI-H23,Bentamapimod,vincristine,0.33286095141806,0.39300360727985795
NCI-H23,MK-8353,Pimitespib,0.4100699645275493,0.4551488841936566
NCI-H23,AZD1390,Tubulin inhibitor 6,0.5428166593006178,0.49723265107064557
NCI-H23,AZD1390,RMC-6236,-0.11726962829493892,0.08365941020099864
NCI-H23,Bentamapimod,GSK1059615,-0.028546121420688162,0.10477934429004712
NCI-H23,Futibatinib,Sapanisertib,0.291160755638619,0.11024696288779161
NCI-H23,9-ING-41,Minodronic acid,0.12705118890593237,0.22085477827485417
NCI-H23,Capivasertib,TAK-901,0.3282432708924599,0.32664216351561115
NCI-H23,Alpelisib,LB-100,-0.05651429377079924,0.017118767240186065
NCI-H23,Abemaciclib,Trametinib,-0.13729845278081326,-0.1182326593045219
NCI-H23,AT7519,RMC-6236,-0.1727649412956977,0.0402847073326939
NCI-H23,DTP3,RMC-6236,-0.13139488687204895,0.05029930670718061
NCI-H23,BAY1125976,ERK5-IN-2,0.738536434037598,0.7309699530117132
NCI-H23,BI-78D3,NVP-BHG712,0.6939570455381537,0.6501644763247825
NCI-H23,Irinotecan,LY2090314,0.5928805928214758,0.6839496114542867
NCI-H23,DT-061,Sapanisertib,-0.40290154173261256,-0.17693451436298083
NCI-H23,AT7519,Pralsetinib,0.2450916238147247,0.2333863452686072
NCI-H23,Futibatinib,LJI308,0.2959595806969373,0.20486015596807533
NCI-H23,Belumosudil (mesylate),Infigratinib,0.2913332155939169,0.29752225624763134
NCI-H23,Anastrozole,LY2090314,0.419716625752963,0.42943237704531456
NCI-H23,LY-2584702 (tosylate salt),TAK-733,0.2334878529325225,0.2410217839424986
NCI-H23,Afatinib,Volasertib,-0.18571099279877534,0.04629898420463833
NCI-H23,Gemcitabine,Torkinib,0.6852878321362579,0.5907048184993976
NCI-H23,Hydroxyfasudil,ULK-101,0.5632029862325936,0.47530123221053305
NCI-H23,Ipatasertib,LB-100,0.17308250380840495,0.19023880193409023
NCI-H23,BI-3406,Temuterkib,0.09502974939135042,0.11574651745983908
NCI-H23,Lonafarnib,PF-06260933,0.30321631718871417,0.31989454520074917
NCI-H23,Adagrasib,Oleic acid,0.006560374193744191,0.04507357340222184
NCI-H23,Belumosudil (mesylate),LB-100,0.3197293799553937,0.36705264367752366
NCI-H23,HI-TOPK-032,RMC-6236,0.011942992438779769,0.26479532884690427
NCI-H23,4EGI-1,vincristine,0.47221101783151487,0.5164801918779106
NCI-H23,APTO-253,Anastrozole,0.4810517996275663,0.5306233676877041
NCI-H23,IQ 1,Sonidegib,0.302949439139133,0.2944447726507745
NCI-H23,AZD-8055,Pimitespib,0.00021287204254657847,0.06556014280414302
NCI-H23,Belzutifan,PF-06260933,0.2652772683027748,0.2316290494664961
NCI-H23,Sonidegib,Volasertib,0.38370131644733085,0.5012048003660409
NCI-H23,DT-061,GSK1059615,0.2614236282982634,0.326540692379622
NCI-H23,Everolimus,Paclitaxel,0.05217113978444757,0.19367013785276743
NCI-H23,Brivudine,Ixazomib,0.43526859470532125,0.45851983065129853
NCI-H23,Belzutifan,Ralimetinib dimesylate,0.1870210933935416,0.213025188821727
NCI-H23,CP21R7,Pimitespib,0.5138758130426855,0.40436939000295336
NCI-H23,Oleic acid,c-Kit-IN-1,0.09313949955387998,0.16608220325711304
NCI-H23,OTS514,ULK-101,0.10374928197984366,0.017814340107616233
NCI-H23,RMC-6236,venetoclax,0.5776508332228787,0.7224082022246479
NCI-H23,4EGI-1,Ralimetinib dimesylate,0.3573207160969502,0.3145051995481157
NCI-H23,Dabrafenib,Temuterkib,0.8274353563507373,0.6955094449591585
NCI-H23,HI-TOPK-032,venetoclax,0.42106388152696506,0.38429099163645464
NCI-H23,AZD-8055,Methylprednisolone succinate,0.13751564471990654,0.26564391755278116
NCI-H23,ML264,Tucatinib,0.690075967453833,0.6548253012455308
NCI-H23,ETC-206,LY2090314,0.6443575859424419,0.5913912203973919
NCI-H23,CP21R7,NVP-BHG712,0.6340310826326421,0.594181732640091
NCI-H23,Capivasertib,Volasertib,0.6306730564947828,0.5568584298284498
NCI-H23,Oxaliplatin,Tomivosertib,-0.05691339751090584,0.0014123977689450458
NCI-H23,AZD-7648,MK-3903,0.20015614246096655,0.35488510966970277
NCI-H23,DT-061,Ipatasertib,0.05184356288089013,0.18763376220987837
NCI-H23,9-ING-41,BI-78D3,0.6561664837996718,0.6105909997236194
NCI-H23,BAY1125976,Erdafitinib ,0.5199107850456265,0.4256539878300267
NCI-H23,CP21R7,LB-100,0.4691430424320997,0.47732998613916716
NCI-H23,APTO-253,Infigratinib,0.32032271902999737,0.287203841242978
NCI-H23,Hydroxyfasudil,Sonidegib,0.46195180615409315,0.41747918430174014
NCI-H23,Alpelisib,Erdafitinib ,-0.019401453431637454,0.1455092126460593
NCI-H23,Afatinib,Temuterkib,0.1992271500139923,0.25827321913419415
NCI-H23,9-ING-41,ERK5-IN-2,0.6590560165670473,0.7005625905684887
NCI-H23,LY-2584702 (tosylate salt),Sapanisertib,-0.3579055870007591,-0.25866132920765883
NCI-H23,EX229,Tucatinib,0.2969754749082939,0.4341630611398956
NCI-H23,Hydroxyfasudil,Tucatinib,0.4654889679524203,0.39630865939927085
NCI-H23,Ipatasertib,NVP-BHG712,0.5857001319955198,0.5767295383309677
NCI-H23,Brivudine,IQ 1,0.07024791156589238,0.10262734166759092
NCI-H23,Elimusertib hydrochloride,Temuterkib,-0.2730967865266533,-0.1393279515717673
NCI-H23,Belumosudil (mesylate),Irinotecan,0.46932641758470606,0.5110006346395717
NCI-H23,9-ING-41,Methylprednisolone succinate,0.21076483988587852,0.2867062034480591
NCI-H23,TAK-733,Vemurafenib,0.4226797667848413,0.4711341723472086
NCI-H23,GSK1059615,Minodronic acid,-0.03927430213316643,-0.015596514676444177
NCI-H23,LB-100,venetoclax,-0.2304211707674768,-0.035910112056170805
NCI-H23,Oxaliplatin,Volasertib,0.6748404415985917,0.5632906876741427
NCI-H23,AZD-8055,Trametinib,0.8752667890279974,0.8796347963099759
NCI-H23,AZD-7648,Temuterkib,-0.19119948080105623,0.016404418544112065
NCI-H23,Celecoxib,Trametinib,-0.15367488376026764,-0.07060556365532891
NCI-H23,EX229,Lapatinib ditosylate,0.12384430826860329,0.22049768559031435
NCI-H23,Adagrasib,Capmatinib,0.8380334520700945,0.777046994493386
NCI-H23,Bimiralisib,Gemcitabine,0.2368560420534808,0.38058983164703175
NCI-H23,AZD1390,TAK-733,-0.1422343230587965,0.1612380115561481
NCI-H23,Brivudine,Sonidegib,0.18973576493110267,0.2605920522588281
NCI-H23,Elimusertib hydrochloride,Vemurafenib,0.6466883453847955,0.6580186143367364
NCI-H23,Futibatinib,palbociclib,0.31513615884954327,0.3154382431452013
NCI-H23,AT7519,Encorafenib,-0.30834241534674434,-0.07367155499082884
NCI-H23,Pemigatinib,XRK3F2,-0.03259857499233594,0.07902943596779383
NCI-H23,Brivudine,Oleic acid,-0.13514960672484894,-0.08420062081028887
NCI-H23,Vemurafenib,vincristine,-0.31795678042217423,-0.2461896896648277
NCI-H23,BI-78D3,Methylprednisolone succinate,0.4205481552541623,0.4840727382947796
NCI-H23,Pralsetinib,RMC-6236,0.19174574511891307,0.36170039596039577
NCI-H23,MK-8353,TAK-733,-0.14176324890343348,0.02906417964562365
NCI-H23,Hydroxyfasudil,Volasertib,0.5793922714006113,0.4222728009013604
NCI-H23,APTO-253,Brivudine,-0.2706233510325483,-0.12206204193439209
NCI-H23,PF-06260933,ULK-101,0.08373204677520062,0.039465411611916475
NCI-H23,MK-8353,Regorafenib,-0.22830128183009304,-0.04676277863891667
NCI-H23,Irinotecan,Oleic acid,0.6283672004375976,0.5744056014245714
NCI-H23,Anastrozole,LB-100,0.22464660148142998,0.2532780448333581
NCI-H23,DTP3,Ralimetinib dimesylate,0.2826670396700256,0.21010085597141465
NCI-H23,DT-061,LY-2584702 (tosylate salt),0.5732838039242087,0.5329520727564366
NCI-H23,9-ING-41,Binimetinib,0.39688998142199045,0.46082506651798627
NCI-H23,BI-78D3,MK-3903,0.5765881392004516,0.5526003284679363
NCI-H23,GSK1059615,c-Kit-IN-1,0.40629733083146385,0.3569446988375162
NCI-H23,APTO-253,c-Kit-IN-1,-0.05564098856151156,0.12929672059114536
NCI-H23,Bentamapimod,TAK-901,0.041337898126556485,0.084370947095004
NCI-H23,BI-3406,PF-06260933,-0.2160483444761041,-0.12970982735968392
NCI-H23,LB-100,Volasertib,0.5456504575552383,0.34449128537240475
NCI-H23,Everolimus,Volasertib,0.5440587944964841,0.5389467357714416
NCI-H23,Celecoxib,Tucatinib,0.7006521990470695,0.551140154664291
NCI-H23,4EGI-1,MK-8353,0.6836954874243981,0.5145288023854765
NCI-H23,GSK1059615,NVP-BHG712,0.018897546860304395,0.24185108008137146
NCI-H23,LY-2584702 (tosylate salt),Lapatinib ditosylate,0.3702215531035424,0.313379854751719
NCI-H23,Celecoxib,palbociclib,0.18867779581297695,0.20036876678863383
NCI-H23,OTS514,Temuterkib,0.10656739144021316,0.05712058579717599
NCI-H23,AZD-8055,Belzutifan,-0.036858313556731276,0.01040512064774324
NCI-H23,Lapatinib ditosylate,NG25,-0.12848188808773692,0.07763523681619378
NCI-H23,Hydroxyfasudil,OTS514,0.45028612820366465,0.2626117303436476
NCI-H23,GSK1059615,Paclitaxel,0.5442099698159271,0.6809555070950254
NCI-H23,AZD1390,Infigratinib,0.298266924908433,0.25894227980221896
NCI-H23,Elimusertib hydrochloride,MK-3903,0.1793370913127452,0.25529527212307973
NCI-H23,Adagrasib,Tubulin inhibitor 6,0.18569954698096688,0.2897919464659099
NCI-H23,Alpelisib,PH-797804,0.2683422571652052,0.3408935906584568
NCI-H23,Bimiralisib,c-Kit-IN-1,0.10571382781642863,0.2771689571982405
NCI-H23,Regorafenib,Tucatinib,-0.2627693347851643,-0.0962610958446978
NCI-H23,ERK5-IN-2,Tomivosertib,-0.024388339571289143,0.20052035344649918
NCI-H23,ERK5-IN-2,Futibatinib,0.3209148184505382,0.19975961505132026
NCI-H23,BI-3406,CP21R7,0.2514493623393273,0.24902923227529267
NCI-H23,Temuterkib,Vemurafenib,0.1936141778358868,0.2405881060860815
NCI-H23,DTP3,Trametinib,-0.1326562083350046,0.01863413567598865
NCI-H23,Irinotecan,venetoclax,0.2463347381139006,0.24114084790952536
NCI-H23,Alpelisib,Futibatinib,-0.06659210018688022,0.0030011495060274108
NCI-H23,Pralsetinib,olaparib,0.43616723764828536,0.37669183281371893
NCI-H23,DT-061,ERK5-IN-2,-0.06690613262084699,0.1445427455502179
NCI-H23,BAY1125976,Binimetinib,-0.42597273193658464,-0.3322187549485752
NCI-H2347,Afatinib,Anastrozole,0.009510280533639937,0.1233821216041096
NCI-H2347,Futibatinib,Sonidegib,0.1298017526793325,-0.001735157501386548
NCI-H2347,4EGI-1,Belzutifan,0.6199190564776037,0.4727232988068566
NCI-H2347,Minodronic acid,Pralsetinib,0.37793684867300625,0.2905433313575846
NCI-H2347,Alpelisib,Futibatinib,0.2821588229929101,0.172945827024988
NCI-H2347,Dabrafenib,Erdafitinib ,0.5493157004835318,0.5582959571544777
NCI-H2347,Belzutifan,ULK-101,0.26356053407457997,0.0800222932266313
NCI-H2347,Capivasertib,Elimusertib hydrochloride,-0.007721652687908609,-0.00498973654776675
NCI-H2347,Alpelisib,LJI308,0.10834203380141451,0.23210672360447915
NCI-H2347,BI-78D3,Tucatinib,0.6755335726454066,0.6385405122693617
NCI-H2347,Anastrozole,Bimiralisib,-0.04073469195558661,0.0721097532865323
NCI-H2347,BAY1125976,DT-061,-0.16941577758109005,-0.12634869874333984
NCI-H2347,ETC-206,Lapatinib ditosylate,0.5798218182224806,0.5662997912870528
NCI-H2347,GSK1059615,Hydroxyfasudil,0.19282742478480017,0.19585634081727876
NCI-H2347,HI-TOPK-032,TAK-733,0.22233009731013004,0.2403987158866936
NCI-H2347,APTO-253,Pralsetinib,0.03428196803049892,0.05641702789578176
NCI-H2347,Capivasertib,Oxaliplatin,0.5392636028746559,0.470817540000263
NCI-H2347,ERK5-IN-2,Oleic acid,0.10027623077998846,0.12055813495863252
NCI-H2347,BI-3406,olaparib,0.23153168494334386,0.2867756872340315
NCI-H2347,AZD1390,Tucatinib,0.6494019510171021,0.48739181635957973
NCI-H2347,9-ING-41,Minodronic acid,0.37029975599804926,0.42442465499701704
NCI-H2347,Binimetinib,Everolimus,0.06921770705970069,0.14440602128561794
NCI-H2347,Irinotecan,Minodronic acid,0.4691013226831524,0.4857078004766682
NCI-H2347,TAK-901,vincristine,0.07828440928956523,0.06937104142780703
NCI-H2347,Gemcitabine,TAK-901,0.1769202581024006,0.2739635585346313
NCI-H2347,Bortezomib,ULK-101,-0.03989764356292807,-0.06409703482480776
NCI-H2347,ETC-206,Lonafarnib,-0.060153265902726925,-0.1087054604806272
NCI-H2347,Bentamapimod,NG25,-0.018744655551282997,0.13131756433167446
NCI-H2347,Ixazomib,Tubulin inhibitor 6,0.24736462425427774,0.2575084597724332
NCI-H2347,AZD2858,Elimusertib hydrochloride,-0.0188098295914177,0.05350972561858176
NCI-H2347,AZD-8055,Regorafenib,0.6598415744010633,0.6731567268047958
NCI-H2347,Dabrafenib,Pralsetinib,-0.043570039099935745,-0.005888189657621818
NCI-H2347,Belumosudil (mesylate),Infigratinib,0.3041916347259481,0.24042892158326085
NCI-H2347,Binimetinib,ML264,0.023203442145342014,0.14148947639880785
NCI-H2347,Abemaciclib,Volasertib,0.04447759643659087,0.24277135610005882
NCI-H2347,Elimusertib hydrochloride,PH-797804,0.1685348706142912,0.17464034683872065
NCI-H2347,Capmatinib,Irinotecan,0.45075133850850774,0.39065896244360054
NCI-H2347,Bentamapimod,LB-100,0.6763505484320178,0.6555476317982836
NCI-H2347,Belzutifan,PF-06260933,0.40233325475831044,0.256016337763885
NCI-H2347,Methylprednisolone succinate,TAK-901,0.00906433220217748,0.05789502748769111
NCI-H2347,Encorafenib,SBI-0640756,0.16896323937105434,0.31002205721800374
NCI-H2347,Capivasertib,Tomivosertib,0.030131397619554273,0.013430915534424598
NCI-H2347,Pemigatinib,Sapanisertib,0.5262628663794194,0.4783845249321717
NCI-H2347,LY2090314,Torkinib,0.25460977510398164,0.3419656298422797
NCI-H2347,Temuterkib,Vemurafenib,0.6378328789838779,0.6545911689225625
NCI-H2347,AT7519,Lapatinib ditosylate,0.4692397306870612,0.48651095379293535
NCI-H2347,CP21R7,TAK-901,0.004535168824082957,0.037292282974909
NCI-H2347,Belzutifan,PH-797804,-0.1362727127361976,-0.19871530023644468
NCI-H2347,Lapatinib ditosylate,Sonidegib,0.33331306823297013,0.23602072977575514
NCI-H2347,NG25,Torkinib,0.054742981477705635,0.07741297455744006
NCI-H2347,HI-TOPK-032,Hydroxyfasudil,0.189161834649269,0.2627708521042496
NCI-H2347,Capivasertib,Paclitaxel,0.033080489112318257,0.07097206947147248
NCI-H2347,Tubulin inhibitor 6,palbociclib,0.16768090518891432,0.16206606301993626
NCI-H2347,4EGI-1,Brivudine,-0.07332501349653402,0.006034861241330999
NCI-H2347,APTO-253,vincristine,0.38420463522013437,0.3309712891066954
NCI-H2347,Irinotecan,LJI308,0.4374905468168844,0.39864219391579
NCI-H2347,AZD-7648,DTP3,0.20809805313934737,0.16764931506160452
NCI-H2347,Belumosudil (mesylate),LJI308,0.6167506422017524,0.6185478549597789
NCI-H2347,Infigratinib,SBI-0640756,0.4271512277303821,0.4195804481553165
NCI-H2347,Binimetinib,DT-061,0.7926895842004364,0.707644523418463
NCI-H2347,Tomivosertib,Trametinib,0.10177052730000699,0.22618996052543783
NCI-H2347,Capmatinib,PF-06260933,-0.3417376855858577,-0.2021129346735114
NCI-H2347,Bentamapimod,TAK-901,0.13895092148836397,0.18211365823675668
NCI-H2347,Methylprednisolone succinate,NVP-BHG712,0.30269157930407875,0.29966261924417836
NCI-H2347,4EGI-1,LY-2584702 (tosylate salt),0.26139657168647545,0.1890815029129144
NCI-H2347,IQ 1,Vemurafenib,0.6334880165200335,0.6374521121737988
NCI-H2347,RMC-6236,Tubulin inhibitor 6,0.05019808161176568,0.11908058916495345
NCI-H2347,Futibatinib,LY-2584702 (tosylate salt),0.26674537208497007,0.22467863251752845
NCI-H2347,BI-3406,vincristine,-0.184038497754607,-0.12334680448810673
NCI-H2347,Hydroxyfasudil,Pimitespib,0.5152534945100512,0.5192060571554943
NCI-H2347,Bimiralisib,Trametinib,0.9378381136004057,0.9286687596854551
NCI-H2347,Minodronic acid,olaparib,0.4709522042059022,0.5140435243449318
NCI-H2347,PF-06260933,olaparib,-0.087815909843516,-0.02768959647851445
NCI-H2347,Anastrozole,CP21R7,0.6003760245239436,0.591135101221027
NCI-H2347,Irinotecan,Pemigatinib,0.3583007933855648,0.41988073003529086
NCI-H2347,DT-061,Encorafenib,0.3328524495504359,0.2963884241459505
NCI-H2347,Sonidegib,vincristine,0.410934084833784,0.30432576092714364
NCI-H2347,ML264,c-Kit-IN-1,0.2224624742711712,0.278278661695395
NCI-H2347,LB-100,ULK-101,0.517533933066089,0.5011932602406717
NCI-H2347,Ipatasertib,Volasertib,0.3354201599765347,0.26177541707359653
NCI-H2347,AZD-7648,SBI-0640756,-0.12399966737057305,0.038553122801553166
NCI-H2347,9-ING-41,Adagrasib,-0.11550505364018981,-0.07843460632304435
NCI-H2347,ERK5-IN-2,ULK-101,0.3894794698191887,0.3106550712255326
NCI-H2347,Belumosudil (mesylate),Belzutifan,0.6494800182568125,0.5653767980344419
NCI-H2347,AT7519,Torkinib,0.2109793971820764,0.13085553615407264
NCI-H2347,Pemigatinib,RMC-6236,0.1688232768242807,0.18540243429486722
NCI-H2347,Elimusertib hydrochloride,NG25,0.36625351928207106,0.3832673184185525
NCI-H2347,Sapanisertib,olaparib,0.22154772834870795,0.32611275151181646
NCI-H2347,Alpelisib,PH-797804,0.016259415332065905,0.07576664880193228
NCI-H2347,CP21R7,XRK3F2,0.5053802908085961,0.4911367714653861
NCI-H2347,AZD1390,DTP3,0.5194075405209985,0.47704671129683096
NCI-H2347,ETC-206,TAK-733,0.10962569420907302,0.15255168448175996
NCI-H2347,Brivudine,Oxaliplatin,-0.12354668996993881,-0.039494218495524785
NCI-H2347,Capivasertib,Hydroxyfasudil,0.5134601658158618,0.4335290189019673
NCI-H2347,TAK-733,XRK3F2,0.2685021659719688,0.36934075562763446
NCI-H2347,Lapatinib ditosylate,Trametinib,0.14806160096050364,0.22744425305469626
NCI-H2347,BI-3406,Binimetinib,0.8544245749141216,0.8362609683973159
NCI-H2347,DT-061,Erdafitinib ,0.25495899442026854,0.29742596310042574
NCI-H2347,Celecoxib,Temuterkib,0.41801954780612793,0.40231106392856303
NCI-H2347,Afatinib,Paclitaxel,0.6163609816902541,0.6572075726437109
NCI-H2347,Belzutifan,olaparib,0.3842545092034682,0.4559159667239053
NCI-H2347,BAY1125976,palbociclib,-0.12476923799046379,-0.14323384772586734
NCI-H2347,Binimetinib,Hydroxyfasudil,-0.007239368146751562,0.04132932395534964
NCI-H2347,APTO-253,LB-100,0.6237566760755301,0.5950004788045778
NCI-H2347,Bentamapimod,palbociclib,-0.11779643648126416,-0.11241874824334862
NCI-H2347,Dabrafenib,Temuterkib,0.7940924697867261,0.7656019331482395
NCI-H2347,AZD-7648,ERK5-IN-2,-0.04377906007172232,0.10114907775401623
NCI-H2347,Capmatinib,Everolimus,0.07208340573052686,0.1304101196709032
NCI-H2347,Minodronic acid,c-Kit-IN-1,0.007079669240965326,0.05411986591092176
NCI-H2347,AT7519,Sonidegib,0.5721872988268396,0.504553056000587
NCI-H2347,Hydroxyfasudil,NVP-BHG712,0.5119723328958343,0.4762288656470919
NCI-H2347,OTS514,Regorafenib,0.23948225346040317,0.23569752112290615
NCI-H2347,Belzutifan,Encorafenib,0.05602024175003087,0.03628964296100615
NCI-H2347,Ipatasertib,Pemigatinib,0.3558404545578408,0.39163447773633053
NCI-H2347,Regorafenib,ULK-101,0.29359834255402306,0.31216365403979246
NCI-H2347,Brivudine,LY-2584702 (tosylate salt),-0.2596593232406864,-0.3316436160850134
NCI-H2347,LY-2584702 (tosylate salt),vincristine,0.4702175884308391,0.4098387551946866
NCI-H2347,AZD-7648,Capivasertib,0.08700972633600393,0.12176311094376462
NCI-H2347,MK-8353,NVP-BHG712,0.5249270921279549,0.5189558427453442
NCI-H2347,Capivasertib,Lonafarnib,-0.053969652883067515,-0.09271953548990289
NCI-H2347,Brivudine,CP21R7,-0.044043284315221726,0.04485740477136517
NCI-H2347,Alpelisib,Pralsetinib,0.31230646696823305,0.2611323926250128
NCI-H2347,LY2090314,Pimitespib,0.26584255447914773,0.3231756052245098
NCI-H2347,Elimusertib hydrochloride,Sapanisertib,-0.02725481611432581,0.10591120393973501
NCI-H2347,AZD2858,Irinotecan,0.39539506499015686,0.31391241975830464
NCI-H2347,AZD1390,Ixazomib,0.42497901048741055,0.24345270515739953
NCI-H2347,RMC-6236,olaparib,0.17255240857431292,0.2620381803424312
NCI-H2347,Elimusertib hydrochloride,Gemcitabine,0.496744678963512,0.4698716935449371
NCI-H2347,Alpelisib,Oleic acid,0.09813249399956998,0.11187336628865943
NCI-H2347,EX229,olaparib,-0.0737055003465332,-0.014858529347995843
NCI-H2347,HI-TOPK-032,Tubulin inhibitor 6,0.32895603700682563,0.3980029101190076
NCI-H2347,Afatinib,Capivasertib,-0.28351686151943506,-0.18829222154765624
NCI-H2347,Adagrasib,Bentamapimod,-0.019815765534471008,0.02370371618276664
NCI-H2347,Bentamapimod,EX229,0.17470626080842963,0.2556889782387447
NCI-H2347,LY2090314,Tucatinib,0.6575409544734854,0.6251038211516516
NCI-H2347,Dabrafenib,HI-TOPK-032,0.258438825927968,0.46203523813327513
NCI-H2347,Capmatinib,GSK1059615,0.31308187429504186,0.4068672748551904
NCI-H2347,Capivasertib,RMC-6236,-0.2052053044803743,-0.13694392438930836
NCI-H2347,Bentamapimod,Lapatinib ditosylate,0.6612126196498019,0.6136492204852969
NCI-H2347,CP21R7,Sapanisertib,0.6123885494448461,0.5725669839808848
NCI-H2347,AT7519,Tomivosertib,0.4920357378794867,0.5006291133018783
NCI-H2347,ML264,palbociclib,-0.023628227895768725,0.09097401603321142
NCI-H2347,AZD1390,Afatinib,0.1796235982224621,0.23625480136580318
NCI-H2347,Dabrafenib,SBI-0640756,0.5012577286035478,0.5395483411364361
NCI-H2347,OTS514,Torkinib,0.39582154199384934,0.3576053417812144
NCI-H2347,AZD-8055,TAK-733,0.2841932204539121,0.40556871393607635
NCI-H2347,Erdafitinib ,olaparib,0.4093241681327745,0.47211815703934257
NCI-H2347,Ralimetinib dimesylate,XRK3F2,0.510377961378724,0.5611375870918389
NCI-H2347,ML264,Tomivosertib,0.4698691736020315,0.5205599920304509
NCI-H2347,AZD2858,Encorafenib,-0.2691971331875086,-0.1333899334267553
NCI-H2347,Binimetinib,Ixazomib,-0.16983602803014264,-0.013682360377884728
NCI-H2347,Brivudine,Pimitespib,-0.07451157531039815,-0.11979430915257008
NCI-H2347,Infigratinib,Ixazomib,0.25973270300004403,0.33893673804096613
NCI-H2347,4EGI-1,Everolimus,0.5181834982271165,0.436544898044472
NCI-H2347,Belzutifan,Celecoxib,0.5019859785030913,0.42883195363432386
NCI-H2347,EX229,Futibatinib,-0.23161801250600897,-0.18919802734774663
NCI-H2347,DT-061,Lonafarnib,-0.20037910932324898,-0.2763840069716489
NCI-H2347,RMC-6236,ULK-101,0.3534379567711087,0.37280539614241065
NCI-H2347,DT-061,DTP3,0.3640033532836561,0.34142523965326277
NCI-H2347,Futibatinib,RMC-6236,0.17103994400366185,0.1177363729116333
NCI-H2347,IQ 1,Trametinib,0.6748846597665785,0.6812505364056105
NCI-H2347,AZD2858,PF-06260933,0.3265848971835786,0.2878437171690953
NCI-H2347,BI-78D3,RMC-6236,0.41230843674833806,0.45342826920495316
NCI-H2347,BAY1125976,LY-2584702 (tosylate salt),-0.24219694821911636,-0.24071698304027817
NCI-H2347,APTO-253,EX229,-0.1680055005968613,-0.10116135735991555
NCI-H2347,AZD2858,ETC-206,0.47897392107189474,0.4671082289235409
NCI-H2347,Infigratinib,olaparib,0.217913423321125,0.2689247560099113
NCI-H2347,BAY1125976,PF-06260933,0.6088622481602322,0.5231534402035973
NCI-H2347,Gemcitabine,MK-3903,0.3721162606736326,0.3914438855504335
NCI-H2347,EX229,Methylprednisolone succinate,0.09343594264769371,0.09312644430188557
NCI-H2347,Bentamapimod,Erdafitinib ,0.5908536029978918,0.5962340718156666
NCI-H2347,OTS514,palbociclib,0.34265454988669,0.12576203586250304
NCI-H2347,APTO-253,MK-3903,0.2917454342272684,0.402997234441068
NCI-H2347,AZD-8055,NVP-BHG712,0.3492289395357421,0.3913496157617084
NCI-H2347,PH-797804,palbociclib,0.046603226896436534,0.1486685543688598
NCI-H2347,BAY1125976,XRK3F2,0.5584587171795593,0.5167578352737668
NCI-H2347,Gemcitabine,SBI-0640756,0.35207458216647347,0.4089855943772222
NCI-H2347,Bortezomib,venetoclax,0.29784536502325665,0.24587424495288526
NCI-H2347,Gemcitabine,HI-TOPK-032,0.3718107972986616,0.34560052844228434
NCI-H2347,Hydroxyfasudil,Pemigatinib,0.5626253316979593,0.5207745704354987
NCI-H2347,Abemaciclib,Tomivosertib,0.43953463795109665,0.4136030006795148
NCI-H2347,Gemcitabine,ML264,0.2892858286606186,0.24150552494002567
NCI-H2347,4EGI-1,Afatinib,0.05578066967227294,0.03177929091949817
NCI-H2347,PF-06260933,Torkinib,0.06231368993173043,0.062469091804682186
NCI-H2347,Futibatinib,venetoclax,-0.35093888611461477,-0.3689905901926963
NCI-H2347,NVP-BHG712,Tucatinib,0.7246466925678711,0.7196160872065254
NCI-H2347,LJI308,olaparib,0.25092907532892167,0.2957050917137443
NCI-H2347,Bimiralisib,XRK3F2,0.9078091590469926,0.8969656886350332
NCI-H2347,ETC-206,ULK-101,0.599997997734573,0.5268724034805918
NCI-H2347,SBI-0640756,c-Kit-IN-1,0.25845614297163727,0.21716649492550544
NCI-H2347,Dabrafenib,Sonidegib,0.21806541417005004,0.15173699804716043
NCI-H2347,BI-78D3,Oxaliplatin,0.22777154222165036,0.3016747914966073
NCI-H2347,Elimusertib hydrochloride,c-Kit-IN-1,0.28705649636036307,0.3356631903006856
NCI-H2347,HI-TOPK-032,LB-100,0.38111289648605334,0.5153453269567986
NCI-H2347,Encorafenib,olaparib,0.2530563065416004,0.31829641731414476
NCI-H2347,Pralsetinib,Regorafenib,0.3556195426186112,0.30204326466003756
NCI-H2347,Lonafarnib,MK-8353,-0.3862883228361893,-0.36493885600135695
NCI-H2347,BI-78D3,Temuterkib,0.7034213887481437,0.6294478955766879
NCI-H2347,BI-3406,Vemurafenib,0.6374765810218206,0.689138677113561
NCI-H2347,Ixazomib,Tucatinib,0.4861632316156801,0.4696013087489254
NCI-H460,Bimiralisib,Elimusertib hydrochloride,0.7909208515339082,0.7006590989078174
NCI-H460,AT7519,Elimusertib hydrochloride,-0.07860991207304188,0.09882560908560109
NCI-H460,ETC-206,Infigratinib,0.39318317664145475,0.25817915218934123
NCI-H460,Erdafitinib ,Methylprednisolone succinate,0.25053080002273154,0.22426589242155331
NCI-H460,Dabrafenib,Pralsetinib,-0.4086752484692063,-0.4383982308007846
NCI-H460,Bimiralisib,Tomivosertib,0.30842378041238766,0.28316542080672286
NCI-H460,Bortezomib,MK-8353,-0.34310693645053303,-0.1941699692725176
NCI-H460,Bimiralisib,MK-3903,0.7551394104997976,0.6897506789905605
NCI-H460,Minodronic acid,XRK3F2,0.15530816392379146,0.17888123651376014
NCI-H460,MK-3903,RMC-6236,0.6383313289267354,0.601102015831662
NCI-H460,ERK5-IN-2,venetoclax,-0.5772044160318697,-0.3395348771789346
NCI-H460,DT-061,TAK-901,0.14354674779593263,0.23704914254465334
NCI-H460,Bentamapimod,Capmatinib,-0.24547615042488657,-0.2892446745607106
NCI-H460,Adagrasib,LB-100,0.1767829813463922,0.19651745249494934
NCI-H460,BI-78D3,Capmatinib,-0.08208580392886403,-0.06418961669605887
NCI-H460,AT7519,Minodronic acid,0.3250963117191638,0.4340260520670514
NCI-H460,Tucatinib,palbociclib,0.21440600132457463,-0.03160746680593965
NCI-H460,Alpelisib,GSK1059615,0.27690349031741013,0.2027449232450314
NCI-H460,Irinotecan,LJI308,0.4941876923505807,0.5526415122341102
NCI-H460,CP21R7,Irinotecan,0.13969912932265302,0.23409867996260594
NCI-H460,Alpelisib,Encorafenib,0.5519652656107777,0.5100304329015618
NCI-H460,ERK5-IN-2,Erdafitinib ,0.7706375199244054,0.6460757939772702
NCI-H460,LB-100,palbociclib,0.2555825009805227,0.23968070076816012
NCI-H460,AZD1390,Dabrafenib,-0.30288399111532077,-0.25700284286554603
NCI-H460,Erdafitinib ,XRK3F2,0.4387711216816694,0.363351709688454
NCI-H460,DTP3,Sonidegib,0.21954884791734341,0.39567536636296513
NCI-H460,ERK5-IN-2,Pimitespib,-0.046684939139827256,0.019366597861558938
NCI-H460,AZD-8055,Belzutifan,0.13189189820817032,0.18927392659594633
NCI-H460,AZD1390,Futibatinib,-0.2574229107663799,-0.10333388522313453
NCI-H460,Abemaciclib,Bentamapimod,-0.3712290994933731,-0.27518922022213094
NCI-H460,Sonidegib,Vemurafenib,-0.21551563748494582,-0.10747930048586535
NCI-H460,Infigratinib,Methylprednisolone succinate,0.19024419032755144,0.23090534060327905
NCI-H460,9-ING-41,Hydroxyfasudil,-0.009078657311777288,0.2565784409435639
NCI-H460,OTS514,TAK-901,-0.05338301070742768,0.12972928774029416
NCI-H460,LJI308,LY2090314,0.12944346627200157,-0.02341432673442817
NCI-H460,Belumosudil (mesylate),NG25,0.2673351052386734,0.28369359749668616
NCI-H460,BAY1125976,Sonidegib,-0.15458333436732258,0.04243288200919273
NCI-H460,Methylprednisolone succinate,Tucatinib,0.26417125671567465,0.2043949649568532
NCI-H460,Alpelisib,TAK-733,0.2921450144516865,0.34505784115115595
NCI-H460,Methylprednisolone succinate,NG25,0.3593429746883935,0.3437849735616602
NCI-H460,APTO-253,Sapanisertib,0.4986071850143859,0.36703967996487175
NCI-H460,Everolimus,PH-797804,0.26417098652826243,0.35436454593414646
NCI-H460,Gemcitabine,OTS514,0.19146717858613688,0.21240995180752073
NCI-H460,4EGI-1,SBI-0640756,0.14768619755923923,0.4289257125306156
NCI-H460,Gemcitabine,palbociclib,0.19041526619533122,0.3695986157043014
NCI-H460,GSK1059615,MK-8353,0.09268250864452274,0.16809786073674265
NCI-H460,NG25,Volasertib,0.017235904401438525,0.08660292337913857
NCI-H460,AZD1390,venetoclax,0.5692622131241003,0.6965385096185681
NCI-H460,DTP3,PF-06260933,-0.07067533846005648,0.2569437608218482
NCI-H460,AZD2858,NVP-BHG712,0.23783590299572768,0.28627612074118697
NCI-H460,Adagrasib,Gemcitabine,0.540006511451462,0.6334956018465389
NCI-H460,GSK1059615,Methylprednisolone succinate,0.14022881502894097,0.15698251011652573
NCI-H460,Temuterkib,c-Kit-IN-1,-0.5484331461466341,-0.27257519580453193
NCI-H460,Brivudine,ERK5-IN-2,-0.3213076345962585,-0.20883906076554323
NCI-H460,Anastrozole,Ipatasertib,0.0020522331637687166,0.08705441403034872
NCI-H460,AZD-8055,RMC-6236,0.7793702090699087,0.7494866546839676
NCI-H460,AZD-7648,AZD2858,0.14037458618782253,0.24465221757110106
NCI-H460,Regorafenib,vincristine,0.24524222385929434,0.3270468026527683
NCI-H460,Erdafitinib ,TAK-901,-0.1220940998578148,0.029301472756365562
NCI-H460,BI-78D3,Sapanisertib,0.7375733099873172,0.6690717976942404
NCI-H460,Oleic acid,Ralimetinib dimesylate,0.028060728548441376,0.0038463472029961095
NCI-H460,HI-TOPK-032,ML264,-0.30531063704371947,-0.20517740750212568
NCI-H460,Bimiralisib,TAK-733,0.43128584296442624,0.44356487805415695
NCI-H460,LY-2584702 (tosylate salt),NVP-BHG712,-0.2282631574417412,-0.026680711377159244
NCI-H460,DT-061,Paclitaxel,0.14068167140653853,0.26126863776803316
NCI-H460,Binimetinib,Hydroxyfasudil,0.13820859567265015,0.11002431962088816
NCI-H460,9-ING-41,Methylprednisolone succinate,0.16909792276932883,0.20096834495899052
NCI-H460,Gemcitabine,Oleic acid,0.5650777220895807,0.6339553977502114
NCI-H460,Adagrasib,HI-TOPK-032,0.537599776237541,0.5954668920656556
NCI-H460,AT7519,Erdafitinib ,0.4057307505852489,0.31949613875193605
NCI-H460,BAY1125976,Lapatinib ditosylate,0.35606497845975055,0.2802753159024427
NCI-H460,BI-78D3,Tomivosertib,-0.09654595387854883,0.1730459149021162
NCI-H460,BI-3406,Vemurafenib,0.5179033035802701,0.5319706072018139
NCI-H460,Adagrasib,Sapanisertib,-0.3111720858414462,-0.1736406861985433
NCI-H460,Abemaciclib,Belumosudil (mesylate),0.09248402544196421,0.5946654991233478
NCI-H460,Abemaciclib,LY-2584702 (tosylate salt),0.5982422390697678,0.5374686804413527
NCI-H460,Anastrozole,LY-2584702 (tosylate salt),0.34393496906402293,0.4347525878231707
NCI-H460,Dabrafenib,Lonafarnib,-0.2997596352636745,-0.1582236618125408
NCI-H460,Elimusertib hydrochloride,Methylprednisolone succinate,0.3953164605040136,0.4589232756446068
NCI-H460,ETC-206,Tomivosertib,0.026860921362177055,0.1948418011137426
NCI-H460,Paclitaxel,Ralimetinib dimesylate,0.4945268186395276,0.3638751592881259
NCI-H460,AZD-7648,Sapanisertib,-0.17692833709655864,-0.2689943523852314
NCI-H460,Abemaciclib,Pralsetinib,0.5359377337674576,0.7569031021461108
NCI-H460,AT7519,RMC-6236,-0.07547505773471183,-0.01290789477052304
NCI-H460,EX229,Pralsetinib,0.5345599579892073,0.7172472971326678
NCI-H460,EX229,Trametinib,0.43304253716917607,0.3966395615165541
NCI-H460,Infigratinib,olaparib,0.12855667777107188,0.2963820481978389
NCI-H460,Bimiralisib,venetoclax,0.4956180664028979,0.5071892961413481
NCI-H460,Erdafitinib ,Tubulin inhibitor 6,0.12514577181717948,0.15755409336800077
NCI-H460,Ipatasertib,Regorafenib,0.12342430723714419,0.1796813755417591
NCI-H460,AZD-8055,palbociclib,0.7351181186196099,0.6938422403083085
NCI-H460,AZD-8055,Encorafenib,0.6479760133837229,0.6476125188261431
NCI-H460,AZD-8055,MK-8353,0.07116881826638365,0.0013105573336507376
NCI-H460,ERK5-IN-2,Oleic acid,-0.035725063562306134,-0.14498623598495275
NCI-H460,NVP-BHG712,Tucatinib,0.7065945925916706,0.6473239948311902
NCI-H460,Elimusertib hydrochloride,Sonidegib,0.3056785153653193,0.4724028717119489
NCI-H460,AT7519,DTP3,0.34272197673570143,0.3487111523656558
NCI-H460,Sonidegib,venetoclax,0.5259436587158133,0.5905767990408156
NCI-H460,Alpelisib,Ralimetinib dimesylate,-0.132046842490549,-0.19727176159331772
NCI-H460,Lonafarnib,MK-3903,0.0958008181206724,0.13613634077933007
NCI-H460,LY2090314,PF-06260933,-0.09244706440384777,-0.20943539228827304
NCI-H460,9-ING-41,palbociclib,0.4401738514670324,0.3403802086132395
NCI-H460,Irinotecan,XRK3F2,0.09761439281795285,0.19134873285211904
NCI-H460,Ralimetinib dimesylate,Regorafenib,0.18962799473654166,0.14278106197341014
NCI-H460,NVP-BHG712,Trametinib,-0.16245812990868327,0.015122521886671656
NCI-H460,MK-8353,Tomivosertib,-0.1087372248971057,0.11683544145740832
NCI-H460,NVP-BHG712,TAK-901,-0.0837453239879718,0.055812527208519036
NCI-H460,ETC-206,Elimusertib hydrochloride,-0.005198961411982995,0.1224121134197069
NCI-H460,Bimiralisib,Trametinib,0.9682058438231842,0.9564476415049404
NCI-H460,ERK5-IN-2,ULK-101,-0.20124978182761966,0.07314990927791849
NCI-H460,APTO-253,PF-06260933,0.15951018437365036,0.21823345160778412
NCI-H460,LY2090314,Lapatinib ditosylate,0.778206593011617,0.6347250869588209
NCI-H460,Gemcitabine,Oxaliplatin,0.4656100258150461,0.40228649590756976
NCI-H460,Capmatinib,Futibatinib,0.1212797267694965,0.13232786246517214
NCI-H460,APTO-253,OTS514,0.21291241531026542,0.17482353673924553
NCI-H460,ETC-206,c-Kit-IN-1,-0.13240531385768986,0.09318675108912465
NCI-H460,Elimusertib hydrochloride,Erdafitinib ,-0.2165156069153578,-0.14010039473162464
NCI-H460,AZD-8055,vincristine,0.1492330101411426,0.2324650014025842
NCI-H460,AZD1390,PH-797804,0.47531182939562217,0.700589269530133
NCI-H460,ETC-206,Regorafenib,0.3239743245502687,0.3594286582918692
NCI-H460,4EGI-1,9-ING-41,0.09188524288787002,0.12966818067397878
NCI-H460,Lonafarnib,Ralimetinib dimesylate,-0.17648095628689264,-0.06399124196384459
NCI-H460,DT-061,Tucatinib,-0.015233228035301766,-0.09209728216476627
NCI-H460,DT-061,olaparib,0.42451579346357476,0.40468809936422095
NCI-H460,Dabrafenib,Ixazomib,0.35970738052098944,0.10859296575141053
NCI-H460,Sapanisertib,TAK-901,-0.17227049802574287,-0.05032638588228419
NCI-H460,Binimetinib,olaparib,0.22015574342997168,0.3269344960674976
NCI-H460,Sonidegib,Tucatinib,0.011713410866147243,0.07208661175641665
NCI-H460,Lonafarnib,Pimitespib,0.0877328121332056,0.16119587797877893
NCI-H460,LJI308,Ralimetinib dimesylate,0.03390775092921363,0.09594179444979846
NCI-H460,Oleic acid,Torkinib,0.7120125390284763,0.6718748743782619
NCI-H460,HI-TOPK-032,Pemigatinib,-0.09902182071925208,0.09414644572363152
NCI-H460,4EGI-1,Afatinib,-0.05471078569591303,0.08441341452843856
NCI-H460,Abemaciclib,Ipatasertib,-0.34772708555880194,-0.04202203018048753
NCI-H460,Ralimetinib dimesylate,Sonidegib,-0.0257796547689558,0.05677302074042072
NCI-H460,AT7519,c-Kit-IN-1,0.00016895351886678928,0.24577871276260105
NCI-H460,SBI-0640756,olaparib,0.2342083825907021,0.43132124315678105
NCI-H460,APTO-253,AZD-8055,-0.2334763702433309,-0.15984260051739987
NCI-H460,Bentamapimod,TAK-901,-0.11051394572033126,-0.06962218314583321
NCI-H460,Adagrasib,Ixazomib,-0.02424492100421274,0.1634965615726915
NCI-H460,Minodronic acid,Sapanisertib,-0.10329121217392107,-0.10168251119826853
NCI-H460,OTS514,Torkinib,0.39656734213053346,0.42906088272909637
NCI-H460,Capivasertib,DTP3,0.47118523576315724,0.586211069139732
NCI-H460,Hydroxyfasudil,Lonafarnib,0.2393588001044855,0.3061422239034594
NCI-H460,9-ING-41,Everolimus,0.27844366349736915,0.42128455191819514
NCI-H460,Binimetinib,PH-797804,0.19748622955170186,0.28456876603395415
NCI-H460,Brivudine,Elimusertib hydrochloride,0.580670369075601,0.6705285960257223
NCI-H460,4EGI-1,ETC-206,0.2693462044684638,0.22725088057659532
NCI-H460,AZD2858,Everolimus,0.450232571136114,0.4557770248174636
NCI-H460,Belumosudil (mesylate),LY2090314,0.3204081119718672,-0.07803562952277197
NCI-H460,Belzutifan,EX229,0.6429819823383578,0.7241607258855045
NCI-H460,AZD-7648,Temuterkib,-0.0782628788062198,-0.14240090085086626
NCI-H460,AZD2858,Lonafarnib,0.03295916553978746,0.26067001580985477
NCI-H460,LJI308,Sapanisertib,0.0024219348985134058,0.0014921659244592315
NCI-H460,Capivasertib,ULK-101,0.4248379616892606,0.4017889260829251
NCI-H460,LJI308,PH-797804,0.2920810147965594,0.5010288097103129
NCI-H460,BI-78D3,PF-06260933,0.12108188249995122,0.10628967938712847
NCI-H460,Anastrozole,Dabrafenib,-0.13187912710471772,-0.15310682942007237
NCI-H460,Oxaliplatin,Tomivosertib,0.13075893322009782,0.30363693157203014
NCI-H460,Belzutifan,PH-797804,0.35270001743877166,0.5177130831597027
NCI-H460,Oleic acid,Volasertib,0.29867925878795343,0.26825700472051867
NCI-H460,AT7519,Tomivosertib,0.11328276211994984,0.3187531202842708
NCI-H460,LY2090314,TAK-901,-0.28600448942265655,-0.13106186886024562
NCI-H460,AZD-7648,LY2090314,0.029018302394344282,0.014948264291172504
NCI-H460,9-ING-41,Bentamapimod,0.539944451718129,0.4985327354480034
NCI-H460,ML264,NG25,-0.06921055822112127,-0.06814783846458088
NCI-H460,ETC-206,NVP-BHG712,0.4937890555548274,0.4112416923133178
NCI-H460,GSK1059615,TAK-733,0.2143329655082748,0.22676118988236518
NCI-H460,Trametinib,Volasertib,-0.15437925185936327,0.007024747139197978
NCI-H460,EX229,Ipatasertib,-0.31452357718082313,0.012271389492478286
NCI-H460,Belzutifan,Tubulin inhibitor 6,0.4183290674420117,0.4590241693412445
NCI-H460,Bimiralisib,Capivasertib,0.07901235194866707,0.16074308410277816
NCI-H460,Capivasertib,OTS514,0.6147102610575201,0.573604775377442
NCI-H460,4EGI-1,Lonafarnib,-0.011338799487356627,0.38864492918372556
NCI-H460,Celecoxib,NVP-BHG712,0.25988836135645943,0.2717744129471177
NCI-H460,Belzutifan,ML264,-0.2398769642747867,-0.2097409523153386
NCI-H460,DT-061,PH-797804,0.12306849757734606,0.2690508495340317
NCI-H460,APTO-253,Elimusertib hydrochloride,-0.5602015584234993,-0.26010329079030436
NCI-H460,Lonafarnib,Vemurafenib,-0.12973568410486735,-0.0020081746848174924
NCI-H460,Futibatinib,PF-06260933,-0.043070016402836586,-0.10661431197062683
NCI-H460,BAY1125976,NVP-BHG712,0.41549952892783315,0.46215047520214053
NCI-H460,Gemcitabine,Minodronic acid,0.4436043139223734,0.403036460602809
NCI-H460,NG25,Tucatinib,0.04566476940255362,0.09564814245721705
NCI-H460,Bimiralisib,Celecoxib,0.0628411483463009,0.12468371077934057
NCI-H460,Pralsetinib,ULK-101,0.517985305689586,0.49317677400238114
NCI-H460,Futibatinib,Oxaliplatin,0.4204460782644488,0.3527383084553061
NCI-H460,APTO-253,palbociclib,-0.21743848168609037,-0.282055432152277
NCI-H460,Hydroxyfasudil,MK-8353,0.17159535397138442,0.30676159822294236
NCI-H460,GSK1059615,Ixazomib,0.2045928551716597,0.2216249813563253
NCI-H460,AZD2858,LY-2584702 (tosylate salt),0.6042006953689051,0.5369355488009365
NCI-H460,Celecoxib,Temuterkib,0.3738477103858037,0.3673851198209466
NCI-H460,Regorafenib,olaparib,0.5284005769085175,0.4820166260796677
NCI-H460,Pralsetinib,venetoclax,0.5859408054924771,0.733538594174274
NCI-H460,BI-3406,XRK3F2,0.7559102159849013,0.7445035331838447
NCI-H460,SBI-0640756,Temuterkib,0.163071134587748,0.16563323488214252
NCI-H460,ERK5-IN-2,TAK-901,-0.19869866759173238,-0.019955679573931868
NCI-H460,Pralsetinib,Sonidegib,0.4006895025146877,0.5573306942108638
NCI-H460,Belumosudil (mesylate),Vemurafenib,0.32477582801826443,0.11646294684737993
NCI-H460,Sapanisertib,ULK-101,0.0017351346694061479,0.19298489880771982
NCI-H460,Futibatinib,olaparib,0.2706114363615872,0.1125728846071233
PANC-1,Minodronic acid,ULK-101,0.4675842007615681,0.36695199562346903
PANC-1,Afatinib,ULK-101,0.43285914250292234,0.5014714552635644
PANC-1,AZD-7648,Abemaciclib,0.14665288208634497,0.05815307421738726
PANC-1,Alpelisib,DTP3,0.10136519638641645,0.25169932384779375
PANC-1,Hydroxyfasudil,SBI-0640756,0.11998846315116493,0.13623640374272486
PANC-1,GSK1059615,Gemcitabine,0.39460774022452155,0.3999331825877768
PANC-1,AZD1390,palbociclib,-0.022629141591237835,0.11018723527590639
PANC-1,Adagrasib,Hydroxyfasudil,0.2998296121259164,0.15664077470843382
PANC-1,MK-8353,ULK-101,0.5386184607908819,0.43304839317086513
PANC-1,BI-3406,Dabrafenib,-0.042277697982036885,0.04109022839744665
PANC-1,BAY1125976,ML264,0.6596603177466445,0.6732778597236473
PANC-1,Abemaciclib,Sapanisertib,-0.03703304599074493,0.015604973662170995
PANC-1,Methylprednisolone succinate,TAK-733,0.16927088780588204,0.13746198557857384
PANC-1,BI-78D3,Pimitespib,0.06612079590076084,0.05133161349446155
PANC-1,Adagrasib,Tubulin inhibitor 6,0.44158420061237286,0.333419185271349
PANC-1,Encorafenib,ULK-101,0.3636668923972284,0.4140498689706053
PANC-1,Infigratinib,olaparib,0.11414493101727519,0.22027401803388078
PANC-1,RMC-6236,SBI-0640756,0.36748947992286335,0.3561832712383428
PANC-1,AZD2858,Alpelisib,0.27943207368221606,0.3364005096847261
PANC-1,Everolimus,PF-06260933,0.22966362863255035,0.1595350592437841
PANC-1,Everolimus,Oxaliplatin,0.24364428270105576,0.31248639970094694
PANC-1,BAY1125976,Pemigatinib,0.3387414400625321,0.18553592001408023
PANC-1,Celecoxib,NVP-BHG712,0.35857914179799605,0.3641009084418613
PANC-1,Gemcitabine,Ralimetinib dimesylate,0.3046716995053686,0.34621933933248583
PANC-1,Bimiralisib,Paclitaxel,0.8098423697406688,0.8164796444557052
PANC-1,IQ 1,Oleic acid,0.42677832819406625,0.36871582085250904
PANC-1,Methylprednisolone succinate,Temuterkib,0.27425687643054336,0.25731700119010326
PANC-1,PF-06260933,PH-797804,0.058355390010570156,0.2170583192739963
PANC-1,Celecoxib,palbociclib,0.29846378042317023,0.2614461328561562
PANC-1,Anastrozole,Lonafarnib,0.09725901514879358,0.07248966105328036
PANC-1,Lonafarnib,Methylprednisolone succinate,0.30823577444773387,0.2214660421121748
PANC-1,MK-3903,Vemurafenib,0.7658693391946491,0.7708463350613449
PANC-1,4EGI-1,c-Kit-IN-1,0.022766282098610955,0.06441656370883919
PANC-1,Elimusertib hydrochloride,Ralimetinib dimesylate,0.08883570749243452,0.05204747738042787
PANC-1,Futibatinib,Ralimetinib dimesylate,0.3308718156783314,0.3866834907252252
PANC-1,MK-3903,Volasertib,0.32506524676857845,0.3121680019456927
PANC-1,ERK5-IN-2,Irinotecan,0.4615926707270471,0.5005395346659881
PANC-1,Capivasertib,Hydroxyfasudil,0.5388239250565355,0.45465873678490815
PANC-1,Pimitespib,TAK-733,0.25991188047821445,0.10064839985024993
PANC-1,Regorafenib,Volasertib,0.3106773251005036,0.30147920571767534
PANC-1,Minodronic acid,Ralimetinib dimesylate,0.3893295450120181,0.466732176706873
PANC-1,AZD2858,Capmatinib,0.21529743868729884,0.217699684389003
PANC-1,Pralsetinib,RMC-6236,0.016437666709423655,0.014642191598146524
PANC-1,Paclitaxel,c-Kit-IN-1,0.3500589616161165,0.32325428808852064
PANC-1,Celecoxib,Pimitespib,0.3924811885263799,0.3163567361943099
PANC-1,Vemurafenib,olaparib,0.4683979130400081,0.4550408489713616
PANC-1,Celecoxib,Minodronic acid,0.7798726328582041,0.7421815496131082
PANC-1,MK-3903,Sonidegib,0.38781529688326105,0.38963225586772676
PANC-1,Infigratinib,ULK-101,0.33634307773231253,0.2407132986040918
PANC-1,Belzutifan,Pimitespib,0.26738163652947183,0.18671817987205155
PANC-1,Anastrozole,venetoclax,0.19782177778929472,0.23376864046711188
PANC-1,AZD2858,olaparib,0.3659354067685762,0.34515271881495885
PANC-1,AZD-8055,olaparib,0.4914903435629204,0.5446548071126646
PANC-1,Anastrozole,Paclitaxel,0.47714771826878244,0.5339833253572313
PANC-1,Anastrozole,DT-061,0.46856701723050403,0.5645945753752729
PANC-1,MK-3903,NVP-BHG712,0.504496251854477,0.44969413504739947
PANC-1,Everolimus,Infigratinib,0.5510324387391655,0.4756010493322786
PANC-1,MK-8353,NVP-BHG712,0.5485855033927692,0.5342770001256669
PANC-1,Everolimus,Ralimetinib dimesylate,0.5188730409197924,0.5746681693616221
PANC-1,Abemaciclib,OTS514,-0.07718757576679444,-0.05935301821877409
PANC-1,Sapanisertib,Tubulin inhibitor 6,0.0842151934048539,0.03773260416114347
PANC-1,Dabrafenib,Sonidegib,-0.2766548345405135,-0.06057294783953738
PANC-1,DT-061,IQ 1,0.28352213863173903,0.3346046996766281
PANC-1,Afatinib,Lapatinib ditosylate,0.3542872919343433,0.43499593905800316
PANC-1,Adagrasib,vincristine,0.30557756766603855,0.3560309473774527
PANC-1,Anastrozole,XRK3F2,0.38942640353537245,0.4832579539951318
PANC-1,Celecoxib,Pemigatinib,0.6571562840928871,0.5827194335418536
PANC-1,AZD1390,GSK1059615,0.10041089667213766,0.17731250557650344
PANC-1,Celecoxib,Ralimetinib dimesylate,0.2960673585107024,0.33534655890448023
PANC-1,Afatinib,PH-797804,0.34596265432802176,0.298564822474107
PANC-1,BI-3406,ETC-206,0.27363590707439756,0.37665911824846965
PANC-1,LY2090314,Sonidegib,0.1271899974109427,0.1909413450233705
PANC-1,Binimetinib,Sapanisertib,-0.0984632115805923,-0.0532351848065259
PANC-1,AT7519,Erdafitinib ,0.5469772611405919,0.48778353935758006
PANC-1,AZD2858,venetoclax,0.035399850850405416,0.037143528973541506
PANC-1,Adagrasib,NG25,0.1496810638970801,0.07928079375098636
PANC-1,Afatinib,Ralimetinib dimesylate,0.6168587613104672,0.6362674484585042
PANC-1,Ralimetinib dimesylate,palbociclib,0.23713374175550636,0.21499449335331072
PANC-1,Everolimus,Oleic acid,0.43065668702946747,0.43283926281597623
PANC-1,LB-100,TAK-733,0.036407892255713635,0.22330953178980978
PANC-1,IQ 1,RMC-6236,0.3820761100326576,0.4008700361752864
PANC-1,Alpelisib,ERK5-IN-2,0.3216853585722846,0.298141215665399
PANC-1,MK-3903,XRK3F2,0.6670730981712066,0.6696451497633581
PANC-1,NVP-BHG712,Oxaliplatin,0.2974261716159226,0.34911443325173935
PANC-1,Dabrafenib,Temuterkib,0.7813792450485192,0.8081624106241925
PANC-1,Methylprednisolone succinate,ULK-101,0.5235669227317029,0.43898438742089546
PANC-1,XRK3F2,c-Kit-IN-1,0.11396831258130011,0.11047353173936537
PANC-1,Dabrafenib,Ixazomib,-0.16306637036563326,-0.0060248530099337935
PANC-1,MK-3903,vincristine,0.1412455241246464,0.14514309967988487
PANC-1,CP21R7,LJI308,0.3688590297059312,0.36540888684140344
PANC-1,Erdafitinib ,Lapatinib ditosylate,0.6908798359623974,0.7429488762690335
PANC-1,Capmatinib,LY-2584702 (tosylate salt),0.2586379212182712,0.20877636307968525
PANC-1,PF-06260933,c-Kit-IN-1,0.27146733555028296,0.35277248278019774
PANC-1,Futibatinib,venetoclax,-0.3822958513755581,-0.27709175121600943
PANC-1,Adagrasib,Irinotecan,0.2625702909095926,0.2797075175895637
PANC-1,Lapatinib ditosylate,XRK3F2,0.39927309787387255,0.45652199421754647
PANC-1,Irinotecan,Oleic acid,0.5217705625886725,0.47316644143652153
PANC-1,BAY1125976,Volasertib,0.39764310921839435,0.4020518065989622
PANC-1,Dabrafenib,Infigratinib,0.5055237919856513,0.40567891653458654
PANC-1,Everolimus,Pemigatinib,0.5209227198199351,0.49230330388031324
PANC-1,AZD-8055,OTS514,0.15450379226000494,0.12052369095224592
PANC-1,AZD-8055,Anastrozole,0.44993672462176254,0.544850911641779
PANC-1,4EGI-1,NVP-BHG712,0.31942858984427586,0.2627381288915528
PANC-1,Lonafarnib,palbociclib,0.2651252006432422,0.24372222494203405
PANC-1,LJI308,Ralimetinib dimesylate,0.2582175793691771,0.2982791757479761
PANC-1,Gemcitabine,TAK-733,0.3890222845721241,0.4485536952651989
PANC-1,Everolimus,Tomivosertib,0.25788539421820733,0.2207434147983597
PANC-1,BAY1125976,XRK3F2,0.16692604227091093,0.14392809891058092
PANC-1,GSK1059615,Oxaliplatin,0.00438612545190711,-0.016338565313981077
PANC-1,Bimiralisib,Brivudine,0.5368976931952095,0.526360065770808
PANC-1,BAY1125976,SBI-0640756,0.41875298025676705,0.5040125883199792
PANC-1,Ralimetinib dimesylate,Sonidegib,0.04622921320565334,0.19115814069832548
PANC-1,Dabrafenib,Futibatinib,0.48272902795192973,0.4594197226087438
PANC-1,Lapatinib ditosylate,Tomivosertib,0.1320445780884558,0.07039445365507678
PANC-1,BAY1125976,Oleic acid,0.14866043141650023,0.12187202110921835
PANC-1,MK-3903,Paclitaxel,0.6376700342252927,0.6501025898265835
PANC-1,Everolimus,MK-3903,0.23271106570165342,0.23885446757709286
PANC-1,Elimusertib hydrochloride,LB-100,-0.14327422847799384,-0.07116602174435531
PANC-1,BI-78D3,PF-06260933,0.44219676409329195,0.3975060279997217
PANC-1,Tomivosertib,Tubulin inhibitor 6,0.04891729163876336,-0.01970258501602956
PANC-1,EX229,OTS514,-0.22881660325144268,-0.24333696962584858
PANC-1,Capmatinib,Tubulin inhibitor 6,0.4079961634388961,0.5041762726810614
PANC-1,Pemigatinib,Vemurafenib,0.36553881764887525,0.4084650263618509
PANC-1,APTO-253,Pimitespib,0.041743256239720875,0.17825164152626571
PANC-1,Irinotecan,Tubulin inhibitor 6,0.6388204501467262,0.6126505700008681
PANC-1,Abemaciclib,Torkinib,0.021271505045006266,-0.021959522927558445
PANC-1,APTO-253,Ralimetinib dimesylate,0.5285344568901449,0.5917401602646827
PANC-1,CP21R7,Torkinib,0.23142754407406024,0.29303487127467454
PANC-1,NG25,palbociclib,0.5422105164453328,0.5365456891887055
PANC-1,AZD-7648,ETC-206,0.32727904975983707,0.4107358399218341
PANC-1,LY2090314,Volasertib,0.643505830382766,0.5846573794369306
PANC-1,Ixazomib,Oxaliplatin,0.2405956923400734,0.2957063464882207
PANC-1,Torkinib,palbociclib,0.27882272353982845,0.30824474516279987
PANC-1,HI-TOPK-032,MK-8353,0.30470632702071637,0.4145741202328954
PANC-1,ERK5-IN-2,Infigratinib,0.4553364033423064,0.440132640487433
PANC-1,Oxaliplatin,olaparib,0.4203213856389761,0.3717894647228928
PANC-1,Methylprednisolone succinate,Tubulin inhibitor 6,0.5722503508181047,0.5064610607031299
PANC-1,Brivudine,ULK-101,0.39917441560803757,0.46610629509602125
PANC-1,4EGI-1,olaparib,0.2652909440585163,0.4281046823839015
PANC-1,Abemaciclib,c-Kit-IN-1,0.8533106501553319,0.8335941394024274
PANC-1,Bimiralisib,IQ 1,0.5496837158521363,0.5889974025918187
PANC-1,Binimetinib,Ralimetinib dimesylate,0.24542736588186087,0.2806152698814139
PANC-1,Binimetinib,TAK-733,0.600778306887654,0.5155311733652236
PANC-1,Bentamapimod,LB-100,0.510014915023522,0.5174693993107332
PANC-1,Bentamapimod,Torkinib,0.03522851679167674,0.0744959049810427
PANC-1,LJI308,Methylprednisolone succinate,0.37993396488450926,0.3249068587841312
PANC-1,Hydroxyfasudil,Methylprednisolone succinate,0.5541369164866976,0.47294666913306255
PANC-1,APTO-253,CP21R7,0.523468200766338,0.5813770265487099
PANC-1,LJI308,LY2090314,0.27561076589659245,0.2262946822361504
PANC-1,BAY1125976,Belumosudil (mesylate),0.17986637511202386,0.19644449488064408
PANC-1,Belumosudil (mesylate),LB-100,0.4807926437212374,0.39039459060602594
PANC-1,Everolimus,TAK-901,-0.11207058756145245,-0.0669465732191371
PANC-1,Bentamapimod,GSK1059615,0.32143094470415495,0.36750645407659654
PANC-1,APTO-253,Everolimus,0.5313927667679975,0.5804266639516531
PANC-1,Afatinib,LB-100,0.25579388902638317,0.3454244256799095
PANC-1,Alpelisib,Tubulin inhibitor 6,0.43242052778242185,0.5114711294734378
PANC-1,Pimitespib,Sonidegib,0.546787930073961,0.4314523326994768
PANC-1,Alpelisib,Ixazomib,0.7847883039857398,0.7537899867862065
PANC-1,Abemaciclib,LB-100,-0.027875678847466945,0.07741487640764011
PANC-1,Binimetinib,Celecoxib,0.2059053371289743,0.20004640303465218
PANC-1,Belzutifan,XRK3F2,-0.025374533437578894,-0.12846317681951416
PANC-1,Elimusertib hydrochloride,Tomivosertib,0.1751830017869962,0.22576942654237872
PANC-1,Encorafenib,Lapatinib ditosylate,0.4397823502734248,0.496458646134657
PANC-1,APTO-253,Abemaciclib,-0.033281791525030954,0.06320749132115493
PANC-1,IQ 1,Tomivosertib,0.1788271906653975,0.14792949752265433
PANC-1,AT7519,PH-797804,0.19562524885856,0.1630116797230127
PANC-1,IQ 1,c-Kit-IN-1,0.13688655437834407,0.1484874232725693
PANC-1,Belzutifan,LY2090314,0.4411042980393943,0.42654105913081
PANC-1,Bortezomib,Erdafitinib ,-0.07797333861886249,-0.10300625770728396
PANC-1,Lonafarnib,olaparib,0.19845300643400238,0.12880370995249257
PANC-1,AZD-7648,IQ 1,0.31312777627527644,0.34272626609885526
PANC-1,Bortezomib,vincristine,-0.24358690997870613,-0.10688293758231138
PANC-1,LJI308,PF-06260933,0.18249487857905028,0.3037714989680218
PANC-1,Futibatinib,Lonafarnib,-0.06122218343745206,-0.01831946137838231
PANC-1,Bortezomib,Tubulin inhibitor 6,0.1881850497043834,0.14672268578112407
PANC-1,AT7519,Belzutifan,0.40033663774283074,0.35275954435818496
PANC-1,Tomivosertib,olaparib,0.055477671909842444,0.06356557064357694
PANC-1,Volasertib,venetoclax,-0.03185826847773892,-0.04874345213376225
PANC-1,Ipatasertib,palbociclib,0.2734704335700543,0.25022049564641674
PANC-1,CP21R7,Vemurafenib,0.6336374550560292,0.6306702139107039
PANC-1,GSK1059615,LJI308,0.32526117570965674,0.29976341916217736
PANC-1,MK-8353,PF-06260933,0.2378462302528397,0.055288014284110204
PANC-1,HI-TOPK-032,IQ 1,0.05781834045209325,0.10671185344366824
PANC-1,BAY1125976,ETC-206,0.23528566580219662,0.2655895081769406
PANC-1,Abemaciclib,ETC-206,0.10468692046375169,0.12561991850705292
PANC-1,AZD1390,Infigratinib,0.446486783457619,0.3558222782278604
PANC-1,Brivudine,OTS514,0.13893058641001393,0.08026468443235808
PANC-1,AZD2858,Elimusertib hydrochloride,0.1761156249374117,0.17826335369220467
PANC-1,9-ING-41,Sonidegib,0.18754791297149304,0.2866691476331362
PANC-1,Everolimus,Torkinib,0.2750163245862667,0.28677593254608974
PANC-1,Belzutifan,ULK-101,0.22097102905045382,0.016262263575533058
PANC-1,ERK5-IN-2,LJI308,0.1874423145793753,0.254766066861611
PANC-1,IQ 1,Regorafenib,0.34647028262259355,0.415075556021433
PANC-1,Adagrasib,ERK5-IN-2,-0.19602885176278168,-0.1306924506335692
PANC-1,Ralimetinib dimesylate,vincristine,-0.00395274270392236,0.05421093462314315
PANC-1,APTO-253,HI-TOPK-032,-0.09811261928150332,0.19891493339138888
PANC-1,MK-8353,Pimitespib,0.3900975105941872,0.3834478369212205
PANC-1,Ralimetinib dimesylate,TAK-733,0.17781169464896418,0.24458376011248859
PANC-1,DT-061,Sonidegib,0.7540917320305638,0.6468782795317461
PANC-1,ETC-206,Erdafitinib ,0.5962559397338123,0.671374135757938
Panc 03.27,9-ING-41,RMC-6236,0.692324278153885,0.6773398744751046
Panc 03.27,Afatinib,SBI-0640756,-0.05739139619647142,0.06306538750151547
Panc 03.27,Gemcitabine,Tubulin inhibitor 6,0.5242134492119607,0.44853977014257795
Panc 03.27,Everolimus,palbociclib,-0.06072384198314717,0.05104268214116694
Panc 03.27,Belzutifan,Oxaliplatin,0.23242198086239566,0.25333318851792785
Panc 03.27,AZD-8055,Bentamapimod,0.009213411093921382,0.12384017883763224
Panc 03.27,CP21R7,Capmatinib,0.30992889657533346,0.28450196760559204
Panc 03.27,RMC-6236,ULK-101,0.3750078172547827,0.3477517607431999
Panc 03.27,Oxaliplatin,Sapanisertib,-0.13384272753359544,0.012366173113597126
Panc 03.27,Bimiralisib,LJI308,0.0989350919068746,0.08245663145908148
Panc 03.27,AZD1390,Elimusertib hydrochloride,-0.060316128459104376,0.1511852286666841
Panc 03.27,Brivudine,palbociclib,0.06919303926861851,0.2150047188192046
Panc 03.27,TAK-733,vincristine,0.11020993006202548,0.08086104532542526
Panc 03.27,Everolimus,Methylprednisolone succinate,0.4706804843347817,0.43721764740074454
Panc 03.27,APTO-253,ETC-206,0.47428632260500997,0.5523681057192256
Panc 03.27,Pimitespib,Tubulin inhibitor 6,0.45019864601460496,0.45442358254339343
Panc 03.27,Irinotecan,OTS514,0.05718347278990559,0.0716268843505255
Panc 03.27,Everolimus,Regorafenib,0.5316377133847667,0.4237912415089872
Panc 03.27,DT-061,ETC-206,0.23468038993063123,0.22102206743831676
Panc 03.27,DT-061,NVP-BHG712,-0.04285482774609041,0.11242183432692422
Panc 03.27,DT-061,Pralsetinib,0.475048170869472,0.4626645303943398
Panc 03.27,HI-TOPK-032,ULK-101,0.14131999294276357,0.22897220540583368
Panc 03.27,Bentamapimod,ETC-206,0.4267564254228043,0.48230737763376724
Panc 03.27,Torkinib,XRK3F2,0.043264829073935474,0.023371588296749415
Panc 03.27,Anastrozole,Oleic acid,0.5298222316888395,0.4583008508879502
Panc 03.27,Binimetinib,Methylprednisolone succinate,0.016091928119307916,0.14547795272417238
Panc 03.27,AZD-8055,AZD2858,0.020638437071180363,0.016449511445924558
Panc 03.27,Ixazomib,LB-100,0.1856637195791351,0.22628791626153938
Panc 03.27,Minodronic acid,NVP-BHG712,0.35564124878603587,0.4721038589187187
Panc 03.27,RMC-6236,TAK-901,0.051356043678784484,0.05897123174458638
Panc 03.27,4EGI-1,Futibatinib,0.18956310976086085,0.15693330409211234
Panc 03.27,AZD-8055,Ixazomib,0.23774604618301026,0.3116560528555617
Panc 03.27,APTO-253,Belzutifan,0.3195489046670267,0.25079265796899186
Panc 03.27,Abemaciclib,Futibatinib,-0.33647588445204596,-0.31123871693054883
Panc 03.27,BI-78D3,MK-8353,0.5909682793067441,0.5309205265229768
Panc 03.27,Bimiralisib,DT-061,0.31372901146530163,0.30858919950120195
Panc 03.27,Oleic acid,Pemigatinib,0.28973982391431685,0.3131592792965689
Panc 03.27,Binimetinib,Capmatinib,0.8535026079538649,0.693745023624585
Panc 03.27,Abemaciclib,Paclitaxel,-0.12106132694537748,-0.05457934150393238
Panc 03.27,DT-061,LB-100,0.06146050092012993,0.11183763086710913
Panc 03.27,Oleic acid,c-Kit-IN-1,0.2836983878613121,0.249233981137864
Panc 03.27,ERK5-IN-2,Ralimetinib dimesylate,0.43048062221430156,0.49811215759477256
Panc 03.27,Hydroxyfasudil,Volasertib,0.3828243222381736,0.36554445099074495
Panc 03.27,HI-TOPK-032,palbociclib,0.13250660065775868,0.2242642140435026
Panc 03.27,DT-061,MK-3903,0.20063478225052103,0.22574548476378534
Panc 03.27,Belzutifan,Regorafenib,0.23700168588953396,0.25465633574521995
Panc 03.27,4EGI-1,Alpelisib,-0.11363466054467618,0.09926829884492283
Panc 03.27,Bentamapimod,GSK1059615,0.05844888745581548,0.13192198727013413
Panc 03.27,Afatinib,Anastrozole,-0.12275299526931502,-0.05711684373361819
Panc 03.27,Abemaciclib,Vemurafenib,-0.25364011289514576,-0.15426089741825658
Panc 03.27,Ixazomib,Temuterkib,0.31772018715118033,0.2635858751826987
Panc 03.27,Abemaciclib,Lapatinib ditosylate,-0.09258466425326715,-0.017749619264386125
Panc 03.27,Adagrasib,olaparib,0.1508144233878756,0.2248387123305978
Panc 03.27,AZD-8055,Elimusertib hydrochloride,0.5277860117954657,0.525114929419765
Panc 03.27,ML264,Sapanisertib,0.6671725077093826,0.5816348844826273
Panc 03.27,Encorafenib,Sapanisertib,0.33907607199969114,0.4486764690674344
Panc 03.27,NG25,ULK-101,0.26902605696564913,0.2795196279327388
Panc 03.27,EX229,Oleic acid,0.008123061138788376,-0.014752259136993073
Panc 03.27,AT7519,Hydroxyfasudil,0.4634282204549688,0.4362430806876037
Panc 03.27,Encorafenib,Tucatinib,0.3187958271436699,0.3698319325131129
Panc 03.27,Gemcitabine,Hydroxyfasudil,0.2936738642173195,0.36060053412349763
Panc 03.27,LB-100,OTS514,0.16812521132194574,0.2628818518018246
Panc 03.27,LY2090314,Vemurafenib,0.2262397812002006,0.2166309139893321
Panc 03.27,Belumosudil (mesylate),Dabrafenib,0.2101970599506227,0.18627144803789217
Panc 03.27,Adagrasib,Dabrafenib,0.05578626099627015,0.19331676459146427
Panc 03.27,4EGI-1,CP21R7,0.28010092592595554,0.2665206721831746
Panc 03.27,Irinotecan,palbociclib,0.3394006665893237,0.33371096005881373
Panc 03.27,AZD-8055,NG25,0.3091254195007391,0.2963015589002003
Panc 03.27,Belzutifan,Tomivosertib,0.08368259994819768,0.17242110914368167
Panc 03.27,Adagrasib,ML264,0.17119258534689868,0.2845575044806609
Panc 03.27,APTO-253,MK-3903,0.0724713087370332,0.149128313693041
Panc 03.27,Encorafenib,MK-3903,0.3512608333571324,0.35942549324919404
Panc 03.27,Brivudine,XRK3F2,0.1307024995955366,0.20778442376020975
Panc 03.27,Pemigatinib,vincristine,0.14409186198169843,0.2889920347220392
Panc 03.27,Vemurafenib,XRK3F2,0.8389004802866732,0.7686805887939242
Panc 03.27,Bentamapimod,Volasertib,0.4322938371496837,0.4103760493895666
Panc 03.27,Alpelisib,HI-TOPK-032,0.10832703982970314,0.16845723146178362
Panc 03.27,AZD2858,Ipatasertib,-0.038116575997060975,0.07525872176270687
Panc 03.27,AZD-7648,Volasertib,0.06915051235458408,0.17483316254417225
Panc 03.27,Pimitespib,SBI-0640756,0.23210199969610879,0.2862197426763753
Panc 03.27,Ixazomib,Torkinib,0.1480815560718505,0.24068249086852397
Panc 03.27,BI-78D3,Pemigatinib,0.3169936817695174,0.35130340127405274
Panc 03.27,Pemigatinib,palbociclib,0.04454072572665774,0.12924421997479127
Panc 03.27,Binimetinib,Erdafitinib ,0.23962466915030417,0.2946375284243052
Panc 03.27,BI-3406,MK-3903,0.5421029087128162,0.5465299535468076
Panc 03.27,IQ 1,RMC-6236,0.6098034115291799,0.5093238607072035
Panc 03.27,GSK1059615,Sapanisertib,0.30513205266531207,0.3328506867997018
Panc 03.27,Everolimus,ULK-101,0.3502575661101437,0.341156377446323
Panc 03.27,Belzutifan,Oleic acid,0.392750270803412,0.37190117719008514
Panc 03.27,LB-100,Trametinib,0.03885012144576017,0.09646808071161883
Panc 03.27,DT-061,TAK-733,0.2684152968528301,0.36417335138442763
Panc 03.27,Brivudine,SBI-0640756,0.013793539862580612,0.12214821621056063
Panc 03.27,Everolimus,LY-2584702 (tosylate salt),0.0788378459821934,0.14672721502987446
Panc 03.27,Infigratinib,TAK-901,0.08424749914245347,0.1187439549681376
Panc 03.27,4EGI-1,Trametinib,-0.19734584923959989,-0.06169951527061626
Panc 03.27,Belumosudil (mesylate),EX229,0.41442100894059747,0.3191904120452318
Panc 03.27,Afatinib,TAK-901,-0.023681220156227863,0.005142454185231019
Panc 03.27,ML264,Vemurafenib,0.2643326807425289,0.25966686416105583
Panc 03.27,BI-3406,Celecoxib,0.044199673415572016,0.07446439311358269
Panc 03.27,9-ING-41,Regorafenib,0.35046935087071396,0.4211766601682517
Panc 03.27,Ixazomib,MK-3903,0.08637378794616793,0.14382014998277481
Panc 03.27,LB-100,Tucatinib,0.36756377353343966,0.4282431618479936
Panc 03.27,Infigratinib,Volasertib,0.3853851475542362,0.33985446887223536
Panc 03.27,ETC-206,Everolimus,0.503956319926184,0.4433364145719517
Panc 03.27,AZD1390,Hydroxyfasudil,0.6188811206867844,0.45542298563666345
Panc 03.27,4EGI-1,Torkinib,0.047369622529058644,0.2685109842477283
Panc 03.27,Capivasertib,Hydroxyfasudil,0.3065173636344621,0.28257237572316546
Panc 03.27,BAY1125976,olaparib,-0.1109626160542595,-0.03617767567664485
Panc 03.27,Encorafenib,Torkinib,0.03540238915648898,0.08038655317416811
Panc 03.27,AZD2858,LB-100,0.2608880332113843,0.27165858385340697
Panc 03.27,Afatinib,Everolimus,0.2610512255859903,0.29171047475642853
Panc 03.27,Lapatinib ditosylate,Tucatinib,0.44738971509493697,0.424557335351112
Panc 03.27,c-Kit-IN-1,venetoclax,0.6713127284192624,0.6694744343847798
Panc 03.27,Encorafenib,Oleic acid,-0.0493832267700447,0.010605152962467036
Panc 03.27,Minodronic acid,Ralimetinib dimesylate,0.25499228230404997,0.3016326382052272
Panc 03.27,Celecoxib,Tubulin inhibitor 6,0.538359930422434,0.5366701691880152
Panc 03.27,LJI308,Sapanisertib,0.28236790737301226,0.22017986064178235
Panc 03.27,HI-TOPK-032,Lapatinib ditosylate,0.1947238530150029,0.264281404925337
Panc 03.27,Capivasertib,vincristine,0.1732569734241573,0.30969055474909346
Panc 03.27,SBI-0640756,palbociclib,-0.17323755380628184,-0.0021862945792151967
Panc 03.27,Pimitespib,RMC-6236,-0.2925464216322661,-0.22710943980121012
Panc 03.27,9-ING-41,NG25,0.09678401519493278,0.2003088065757277
Panc 03.27,Elimusertib hydrochloride,Pemigatinib,0.06526490983121291,0.16140461476576393
Panc 03.27,Minodronic acid,Oxaliplatin,0.5338475471513963,0.601161377558511
Panc 03.27,APTO-253,Futibatinib,0.32381804490985144,0.2795595743333921
Panc 03.27,Pralsetinib,palbociclib,0.37707534066095266,0.305566583793186
Panc 03.27,Encorafenib,SBI-0640756,0.038387498358072196,0.0987252733506812
Panc 03.27,4EGI-1,Pralsetinib,-0.004071489536298781,0.07154002778351978
Panc 03.27,Dabrafenib,Oxaliplatin,0.07332859047230475,0.27427798976358975
Panc 03.27,AZD1390,Regorafenib,0.07024399699312817,0.2832576724437755
Panc 03.27,Capmatinib,PF-06260933,-0.5095592811782919,-0.2965395224336845
Panc 03.27,AZD2858,Futibatinib,0.13544000672069653,0.13893659924587765
Panc 03.27,Capivasertib,c-Kit-IN-1,0.29297344903134076,0.3148885541124038
Panc 03.27,Afatinib,Ralimetinib dimesylate,0.43421837865837504,0.4441083738581595
Panc 03.27,Celecoxib,Regorafenib,0.25079106588900263,0.23018712096221014
Panc 03.27,CP21R7,Tubulin inhibitor 6,0.3224972230437243,0.3312076262169193
Panc 03.27,AZD-8055,vincristine,-0.1492025033990226,-0.07587468797844124
Panc 03.27,ETC-206,PF-06260933,0.2527447896484382,0.21362865458569424
Panc 03.27,APTO-253,BAY1125976,0.7544894262557437,0.6197069333423206
Panc 03.27,4EGI-1,NG25,-0.1283143007364558,0.2223963017747831
Panc 03.27,Tubulin inhibitor 6,c-Kit-IN-1,0.2507664785539132,0.26591203810978603
Panc 03.27,Bentamapimod,Oleic acid,0.15155532672833458,0.24923672503808542
Panc 03.27,Afatinib,IQ 1,0.4793802491046379,0.42653578788092716
Panc 03.27,Adagrasib,Capivasertib,0.46455572293646413,0.44571515505618897
Panc 03.27,ETC-206,Regorafenib,0.32058616901080994,0.31757917609544506
Panc 03.27,DT-061,DTP3,0.2705453544922357,0.32291956505408476
Panc 03.27,Capmatinib,venetoclax,0.44031193443200456,0.4282852681157201
Panc 03.27,Ipatasertib,Ralimetinib dimesylate,0.7307596046486947,0.7276776639115694
Panc 03.27,Adagrasib,IQ 1,0.0026508610324635466,0.1150474135820596
Panc 03.27,Methylprednisolone succinate,Pralsetinib,0.30839374861391305,0.26218069877054995
Panc 03.27,IQ 1,NG25,0.26888385450154734,0.09786475613761612
Panc 03.27,Encorafenib,Regorafenib,0.5421182962958228,0.5798495132238262
Panc 03.27,HI-TOPK-032,Tomivosertib,0.4156225843287486,0.37586982667613406
Panc 03.27,AT7519,Capmatinib,-0.3105256676622957,-0.19335452550111273
Panc 03.27,DTP3,Temuterkib,0.1993305616643588,0.23431254687313163
Panc 03.27,ML264,olaparib,0.05428857557670326,0.14986275082849598
Panc 03.27,BI-78D3,Volasertib,0.5973091213826179,0.46165172952780165
Panc 03.27,AZD-7648,HI-TOPK-032,0.19259871761292352,0.25078008426425386
Panc 03.27,Dabrafenib,TAK-733,-0.3859137897068249,-0.2852659325010311
Panc 03.27,Bimiralisib,Paclitaxel,0.8146805314434383,0.7752023177916234
Panc 03.27,NG25,XRK3F2,0.2544380010564431,0.18612744560116218
Panc 03.27,Anastrozole,HI-TOPK-032,0.20150647714167214,0.20299121040836576
Panc 03.27,Capmatinib,DT-061,0.7765700652530891,0.6765234098671724
Panc 03.27,OTS514,vincristine,0.01083123023821832,0.09129068291585833
Panc 03.27,Adagrasib,Trametinib,-0.11593611719786406,-0.022282498924419726
Panc 03.27,4EGI-1,Paclitaxel,-0.0750034719029458,0.06258827951930238
Panc 03.27,ETC-206,TAK-733,0.13257924673756055,0.056725958791716824
Panc 03.27,Oleic acid,SBI-0640756,0.2587826981232835,0.2643709894027812
Panc 03.27,DT-061,Tubulin inhibitor 6,0.31225126929530245,0.30373573736799064
Panc 03.27,AZD-7648,venetoclax,0.36014133901133194,0.3526961829063198
Panc 03.27,Alpelisib,vincristine,-0.08751839020301161,0.06433816462632687
Panc 03.27,Everolimus,vincristine,0.05231138474621025,0.20085418563093443
Panc 03.27,Hydroxyfasudil,Sonidegib,0.28104916177887695,0.30487060792775317
Panc 03.27,Paclitaxel,vincristine,-0.1647794018870375,-0.10576306064112505
Panc 03.27,IQ 1,Trametinib,0.7062004435644693,0.6024931594309653
Panc 03.27,NVP-BHG712,c-Kit-IN-1,0.02538080936496135,0.026066531802814822
Panc 03.27,Anastrozole,Irinotecan,0.402931942936954,0.4589009365946165
Panc 03.27,APTO-253,SBI-0640756,0.5237493810104857,0.4371254846556927
Panc 03.27,DT-061,Ipatasertib,-0.21723267845291802,-0.026664503466087938
Panc 03.27,APTO-253,Gemcitabine,-0.005795360525211395,0.2451985439179743
Panc 03.27,Paclitaxel,RMC-6236,0.8341469840783988,0.8376694702802566
Panc 03.27,BI-78D3,LY2090314,0.5244890253280368,0.40647717554438606
Panc 03.27,BAY1125976,Dabrafenib,0.8019220850764079,0.7724659268463229
Panc 03.27,Adagrasib,Ipatasertib,-0.026499198265414085,0.14613982506092302
Panc 03.27,Anastrozole,LJI308,0.5763362417780569,0.5084655996883531
Panc 03.27,BI-78D3,Binimetinib,0.0457495029359826,0.17551612285699253
Panc 03.27,ML264,Oleic acid,0.14974638893371034,0.18930238637356722
Panc 03.27,AZD2858,Bentamapimod,0.18691461571746487,0.2620493183134538
Panc 03.27,ML264,NVP-BHG712,0.5987896396024862,0.5781308233900172
Panc 03.27,Bimiralisib,SBI-0640756,-0.045082702534011504,0.03937393562930751
Panc 03.27,4EGI-1,Bimiralisib,-0.09403934890214606,-0.06994786732465663
Panc 03.27,Afatinib,ERK5-IN-2,0.40084969303388507,0.44287306810433785
Panc 03.27,IQ 1,TAK-733,0.15058545284945402,0.1294041618745138
Panc 03.27,Elimusertib hydrochloride,TAK-733,0.4324062728903523,0.36511907390574827
Panc 03.27,Binimetinib,Minodronic acid,0.05491447195986203,0.06658742004799445
Panc 03.27,Bentamapimod,Tucatinib,0.3344661641618738,0.45236870171376364
Panc 03.27,MK-3903,Minodronic acid,0.07819774791324202,0.1464448847479951
Panc 03.27,ETC-206,HI-TOPK-032,0.21866326528310326,0.22639205255640746
Panc 03.27,AZD-7648,IQ 1,0.4440605439616821,0.28741538168212527
Panc 03.27,EX229,Irinotecan,0.2914056820277044,0.3315380503591865
RKO,EX229,Lapatinib ditosylate,-0.21290893291624644,0.043952756759379735
RKO,Celecoxib,Sonidegib,0.5736931909859698,0.627626557361515
RKO,APTO-253,TAK-733,-0.4559823782821559,-0.1453286318325812
RKO,ML264,Pralsetinib,-0.4341349159406541,-0.1800873949345088
RKO,AZD1390,Pralsetinib,0.23297622091795586,0.24548812090613978
RKO,Capivasertib,Futibatinib,0.5167113949013957,0.38164299521347145
RKO,LJI308,MK-3903,0.277825103498834,0.4696263828121653
RKO,AZD-7648,RMC-6236,0.6747810010061103,0.6951945326801588
RKO,9-ING-41,LB-100,0.7022896538217696,0.7154882696846794
RKO,Brivudine,Ipatasertib,0.3439489495732697,0.4423252875438532
RKO,Anastrozole,Encorafenib,0.1471240837551227,0.37878673235052523
RKO,MK-3903,Vemurafenib,0.8111618503355289,0.7900168427179253
RKO,Bimiralisib,Torkinib,0.0686034595995088,0.05730383776661352
RKO,Futibatinib,Trametinib,-0.27592888161059526,-0.11520951556275077
RKO,Everolimus,Ipatasertib,0.5040157082297686,0.5662785388326649
RKO,Tomivosertib,XRK3F2,0.34579311424180104,0.524814515336264
RKO,Celecoxib,Oleic acid,0.7144021285289477,0.661954606675907
RKO,Alpelisib,Minodronic acid,0.4595594203527185,0.3792569648024638
RKO,Pemigatinib,Tucatinib,0.624792573393435,0.6557048103548999
RKO,Bimiralisib,Dabrafenib,0.8201953561344536,0.8165668802235325
RKO,Bortezomib,DT-061,0.47114599007876806,0.4080599090255842
RKO,GSK1059615,ML264,0.450782354798441,0.4480368740701214
RKO,Everolimus,PH-797804,0.3604495852715332,0.3843470550065042
RKO,Encorafenib,vincristine,0.21948371921665447,0.26545508114753863
RKO,Brivudine,LY2090314,-0.41846738366688235,-0.07693696366195946
RKO,Abemaciclib,ML264,0.1376318301921598,0.33247238375388816
RKO,AT7519,Erdafitinib ,0.6037862814793088,0.493682275795013
RKO,Pimitespib,Ralimetinib dimesylate,0.10343155836625928,0.18382031693763226
RKO,Bentamapimod,vincristine,0.2257511602202437,0.3914766980571991
RKO,Belumosudil (mesylate),Regorafenib,-0.24366601141064642,0.09061383069461448
RKO,Bimiralisib,Ipatasertib,0.4427423363671304,0.5263963067970737
RKO,Everolimus,Tucatinib,0.30605750308871493,0.44290873795730895
RKO,Bimiralisib,Pralsetinib,0.25706337517257033,0.1783235018208749
RKO,MK-3903,olaparib,0.07231621459496378,0.3211052221277432
RKO,Binimetinib,NVP-BHG712,-0.324127594416524,-0.06844822437884382
RKO,DT-061,LY2090314,-0.2531863659805971,0.020752155869515433
RKO,OTS514,RMC-6236,-0.33866025187524934,-0.2936969335186985
RKO,c-Kit-IN-1,palbociclib,0.2810015179077725,0.3382013198300106
RKO,AZD-8055,RMC-6236,-0.026983054972649374,0.08043847779670249
RKO,Sonidegib,Tucatinib,0.22299675664349983,0.3332418274723931
RKO,Anastrozole,Dabrafenib,0.2315654232088129,0.4192582610331697
RKO,APTO-253,Adagrasib,-0.19289341259708914,-0.02850446284874629
RKO,APTO-253,Oleic acid,0.20891516865688423,0.19135218354287956
RKO,AZD1390,LY-2584702 (tosylate salt),0.2414440813128008,0.2442229434278739
RKO,Tucatinib,venetoclax,-0.3175260544823862,-0.03707248781042529
RKO,Dabrafenib,ETC-206,0.1908999159483636,0.45564496330673737
RKO,Ixazomib,PF-06260933,0.11780981527687734,0.17349488435365534
RKO,IQ 1,Irinotecan,0.40344338663942547,0.35534738165053337
RKO,Elimusertib hydrochloride,SBI-0640756,0.2243545886066818,0.4188468421592192
RKO,ETC-206,MK-8353,0.6646644044379357,0.5734619330716679
RKO,Celecoxib,LY2090314,0.5804023479766851,0.48563737154110576
RKO,Ipatasertib,LY2090314,0.24519904692136466,0.40239428602041294
RKO,AZD-7648,Bimiralisib,0.5841027724615353,0.5212546026296356
RKO,DT-061,Paclitaxel,0.33901964721860417,0.4037653379303502
RKO,Erdafitinib ,GSK1059615,0.3762918434061908,0.3574425956981192
RKO,Gemcitabine,MK-3903,0.5216855075999349,0.6311532607368545
RKO,LB-100,Sonidegib,0.4017593852957032,0.39667546176302676
RKO,AZD1390,XRK3F2,0.1824079308951554,0.2815128662190845
RKO,AZD2858,PH-797804,0.17971110186816797,0.388342126837959
RKO,IQ 1,Regorafenib,0.32992043279464517,0.3280769002010532
RKO,Ipatasertib,Oleic acid,0.0027739391364578455,0.1327373933556502
RKO,Capmatinib,Futibatinib,-0.2756499095642032,-0.034673556826410594
RKO,Ixazomib,NG25,-0.20291997131021627,0.07766282916218169
RKO,Tomivosertib,palbociclib,-0.028955558513712454,0.0904415416708172
RKO,Belzutifan,MK-3903,0.1775386060018515,0.20342225077373322
RKO,AZD-8055,BI-78D3,0.5549126904053723,0.5074513929358655
RKO,BI-3406,Paclitaxel,0.35808117342885587,0.5618053770936284
RKO,Regorafenib,vincristine,0.3711432548515854,0.36051959323732796
RKO,DTP3,HI-TOPK-032,-0.02978414212786658,0.16780489826118378
RKO,AZD-7648,AZD1390,0.19820616105594294,0.27739224217173897
RKO,ETC-206,olaparib,0.5176041943206786,0.47090429689224433
RKO,LB-100,Sapanisertib,0.5548661779183025,0.5452422764676893
RKO,Afatinib,Torkinib,-0.0252594668324774,-0.03386600678720931
RKO,Brivudine,ERK5-IN-2,-0.29097820533267826,-0.04225864694051495
RKO,Brivudine,Encorafenib,0.684451550524553,0.7493000810655162
RKO,Futibatinib,TAK-733,-0.21982161177131057,0.02746047993202016
RKO,Abemaciclib,Ipatasertib,0.31687755754255204,0.3749208921310755
RKO,MK-3903,NG25,0.522449825756478,0.5932702185397787
RKO,Oleic acid,Torkinib,0.6780749868015105,0.624491607720154
RKO,MK-8353,PF-06260933,0.1270997704932039,0.13836251081506068
RKO,SBI-0640756,ULK-101,0.49298759436284306,0.502358314138498
RKO,Adagrasib,OTS514,0.1887370028556144,0.2137559146156405
RKO,TAK-733,TAK-901,0.5051845884925148,0.48097031522354966
RKO,BAY1125976,DT-061,-0.16630100165138617,-0.13942343174025026
RKO,Paclitaxel,RMC-6236,0.8035733458655516,0.8352346782693879
RKO,OTS514,Oleic acid,0.49725361073572066,0.3675385891679502
RKO,Futibatinib,LY-2584702 (tosylate salt),0.2037092823133735,0.24327842879517414
RKO,AZD1390,Paclitaxel,0.3764549036524881,0.6191193602929901
RKO,Ipatasertib,Oxaliplatin,0.05075624744083766,0.15057686416038435
RKO,9-ING-41,olaparib,0.14281402125367074,0.19333538683653997
RKO,Belzutifan,Tucatinib,0.40467578220690664,0.37071020274111566
RKO,Everolimus,Temuterkib,0.16839278601616264,0.22849858756615118
RKO,CP21R7,LY-2584702 (tosylate salt),-0.10463920079165036,-0.03534193124473321
RKO,BI-78D3,Ixazomib,0.42666656763598265,0.4371719531558833
RKO,Lapatinib ditosylate,Tucatinib,0.7370029108359277,0.687916148044583
RKO,Abemaciclib,Encorafenib,0.523151659510711,0.618330119996761
RKO,Adagrasib,NG25,0.5052380046909208,0.6126943948309975
RKO,9-ING-41,AZD-7648,-0.3026343726166466,-0.18481786259893743
RKO,Adagrasib,Sonidegib,0.6290847152834277,0.5959838053304751
RKO,Hydroxyfasudil,Tubulin inhibitor 6,0.529811585514502,0.4357246399584875
RKO,HI-TOPK-032,Pemigatinib,-0.04294474020756703,0.2783368597238421
RKO,ML264,OTS514,-0.3222671185853263,-0.25242172934073026
RKO,Encorafenib,Hydroxyfasudil,-0.05103286627261316,0.29224270669191277
RKO,PF-06260933,ULK-101,0.3439536037335512,0.447489833725889
RKO,Hydroxyfasudil,Temuterkib,0.449759256278794,0.4307217298391449
RKO,BI-3406,Capivasertib,0.32189960744898233,0.251741199713325
RKO,CP21R7,TAK-901,-0.09495297006504208,0.06453417681509295
RKO,Bortezomib,palbociclib,0.25314546197001286,0.3032164568913057
RKO,LB-100,Methylprednisolone succinate,0.3653506518912896,0.4105772154507478
RKO,EX229,olaparib,0.15620051286540687,0.4205944445182405
RKO,ERK5-IN-2,Gemcitabine,0.11991878221718459,0.25384687140808876
RKO,Capmatinib,Regorafenib,0.9081302122467674,0.9005866586009786
RKO,Afatinib,Tubulin inhibitor 6,0.07011949887765542,0.13699330682051603
RKO,BI-78D3,Irinotecan,0.0905765504782808,0.3887542369662385
RKO,AZD-7648,Capmatinib,0.9358575978707918,0.9146450375480583
RKO,Afatinib,Methylprednisolone succinate,0.04325891223290579,0.14746010821211772
RKO,Anastrozole,Erdafitinib ,0.44993079109116685,0.39881026686353094
RKO,Erdafitinib ,Regorafenib,-0.32061494314547845,-0.07726018212611967
RKO,Infigratinib,c-Kit-IN-1,0.24057559320571342,0.38407442252542284
RKO,Paclitaxel,ULK-101,0.5454188664806138,0.6271525145466978
RKO,Ixazomib,ML264,0.3934710726308236,0.42584615744996707
RKO,Capmatinib,HI-TOPK-032,0.6070265126861488,0.5738829241621068
RKO,Infigratinib,TAK-901,0.16515468718750717,0.315620219194007
RKO,Dabrafenib,HI-TOPK-032,0.299850201911067,0.45672281549745736
RKO,Gemcitabine,Ralimetinib dimesylate,0.3757915077459356,0.5355451120472285
RKO,Pimitespib,SBI-0640756,0.28277751485530356,0.3067017007052022
RKO,BI-78D3,TAK-733,-0.09428682355998613,0.21625976618218246
RKO,Tucatinib,c-Kit-IN-1,-0.06371306351262183,0.1634199964455804
RKO,Bimiralisib,Temuterkib,-0.0034327359361194694,0.24582250515182588
RKO,Capmatinib,Ipatasertib,0.10586647138300329,0.1918695821091991
RKO,Tubulin inhibitor 6,palbociclib,0.3721599510559417,0.3062000567754066
RKO,Brivudine,TAK-901,0.4651533524235927,0.4542505445246923
RKO,Irinotecan,PH-797804,0.5057241530702812,0.5071094971227184
RKO,Dabrafenib,NVP-BHG712,0.27823383453989703,0.37265768384551934
RKO,IQ 1,olaparib,0.18403297032917143,0.23738352967712478
RKO,Belumosudil (mesylate),DT-061,-0.22353005547257912,0.08557828974373512
RKO,ERK5-IN-2,XRK3F2,0.8087443651573849,0.7698944248171318
RKO,Lapatinib ditosylate,Paclitaxel,-0.10246356563365672,0.2495856153605617
RKO,APTO-253,Futibatinib,0.6092837296960197,0.23793586422646976
RKO,Capivasertib,XRK3F2,-0.07318206304029239,-0.11447300951460179
RKO,HI-TOPK-032,NG25,0.6661370913088119,0.6373242194047488
RKO,BI-78D3,SBI-0640756,0.4211865908197542,0.5130170983301272
RKO,BAY1125976,ULK-101,0.5116953494464869,0.5402011959981272
RKO,Adagrasib,Gemcitabine,0.4844622810089453,0.58916288139954
RKO,ETC-206,Lapatinib ditosylate,0.5837057501585844,0.561228498738638
RKO,Brivudine,Pralsetinib,0.35356549562051004,0.4391298604728633
RKO,CP21R7,MK-3903,0.07609219094810243,0.23036558273262478
RKO,Volasertib,XRK3F2,0.6336533174872728,0.5880300090672402
RKO,TAK-901,olaparib,0.05530752188782975,0.24047027960622044
RKO,OTS514,Tucatinib,0.11637264771642077,0.04622514024966106
RKO,AT7519,Pralsetinib,-0.2776977114993664,0.006584339847364819
RKO,HI-TOPK-032,Ralimetinib dimesylate,0.15442255197955482,0.4180485252931359
RKO,MK-3903,Sonidegib,0.25239245362053203,0.2801233817968133
RKO,Binimetinib,LY2090314,-0.43742737920583374,-0.12496544903346364
RKO,Minodronic acid,Ralimetinib dimesylate,0.2923341667410866,0.3649315034511727
RKO,LY2090314,Minodronic acid,0.48047663369220456,0.46047768413505213
RKO,DTP3,LY-2584702 (tosylate salt),0.20520348023002405,0.15482780896463522
RKO,Lapatinib ditosylate,c-Kit-IN-1,-0.22917889312468243,0.02153166566861959
RKO,ML264,Tomivosertib,0.7183922086224669,0.8320971893019863
RKO,Ipatasertib,venetoclax,0.16593119959492236,0.24559746676875002
RKO,4EGI-1,Vemurafenib,-0.1642523290420085,0.01229031048925543
RKO,BI-78D3,Oxaliplatin,0.187997412008555,0.19273200116221192
RKO,Oleic acid,Sapanisertib,-0.16423600526073973,-0.11400930363459795
RKO,EX229,Tucatinib,-0.04931763121465706,0.21615488175314296
RKO,Encorafenib,SBI-0640756,0.25882709227830525,0.4368837258073307
RKO,Pralsetinib,Ralimetinib dimesylate,-0.20677656206405107,-0.04486202005329844
RKO,Abemaciclib,Oxaliplatin,0.15608018422602032,0.3829039489385886
RKO,MK-3903,Regorafenib,0.7195480709881377,0.7329239151438112
RKO,Abemaciclib,LJI308,0.47614377389635093,0.6445769002304391
RKO,DT-061,ERK5-IN-2,-0.4255938371711874,-0.21805078487401647
RKO,BI-78D3,DTP3,0.1979186941063662,0.27760767010057763
RKO,NG25,palbociclib,0.28184043673861164,0.3302800977610993
RKO,Sonidegib,XRK3F2,-0.07933285686559176,0.0007701691360653198
RKO,Ipatasertib,Tucatinib,0.4207582649810186,0.5746653595617105
RKO,ETC-206,Temuterkib,0.4638464825800713,0.4675247630199848
RKO,Sapanisertib,Tucatinib,0.6428511476815644,0.6259407156428152
RKO,Irinotecan,Volasertib,-0.01038269551215059,0.10031360143257644
RKO,Alpelisib,CP21R7,0.4352946820229302,0.36732738351390326
RKO,9-ING-41,IQ 1,0.5745118099657145,0.5715940525125096
RKO,BI-3406,Celecoxib,0.5540981878521056,0.5861673089568306
RKO,DT-061,Elimusertib hydrochloride,0.7809344238794858,0.7669585617171502
RKO,Gemcitabine,MK-8353,0.33589996484020523,0.2989718675341421
RKO,Belzutifan,LY-2584702 (tosylate salt),0.34771268380783943,0.30759371294791366
RKO,Belzutifan,Minodronic acid,0.6267234923795109,0.5401787598625624
RKO,Belzutifan,DTP3,0.4198097898236882,0.3734308580153891
RKO,Bortezomib,Sapanisertib,-0.3219055083663865,-0.1892282557408159
RKO,OTS514,Volasertib,0.21428841708914959,0.10259003300899018
RKO,DT-061,c-Kit-IN-1,0.5256085364446681,0.5265585564078581
RKO,Anastrozole,SBI-0640756,0.6960298867377862,0.6640025386528317
RKO,Irinotecan,Oleic acid,0.36279583914186947,0.465525517581706
RKO,PH-797804,Regorafenib,0.563834066794382,0.5282160075919747
RKO,AZD-8055,Tubulin inhibitor 6,0.09190784677570996,0.08423981574751682
RKO,4EGI-1,DT-061,-0.23865966494570812,-0.06316588210140825
RKO,Afatinib,Oxaliplatin,-0.09814820043923443,0.028981305703848808
RKO,Methylprednisolone succinate,Oleic acid,0.7188961542747603,0.6599051080269728
RKO,LY2090314,Sonidegib,0.11889074753856112,0.23931026438624795
RKO,AZD-8055,Belzutifan,0.32801832910283735,0.30433256295067407
RKO,9-ING-41,DTP3,0.26339638008422844,0.4346351928059604
RKO,9-ING-41,RMC-6236,0.1748770449009426,0.2254266717571583
RKO,Dabrafenib,Sapanisertib,0.33292041670565203,0.39116221324269673
RPMI-7951,Everolimus,Temuterkib,0.543663246718874,0.5455420857062522
RPMI-7951,AT7519,PH-797804,-0.10738581652585592,-0.1000598049217499
RPMI-7951,Capivasertib,Temuterkib,0.27247405268497216,0.29093534741848615
RPMI-7951,Lapatinib ditosylate,Oxaliplatin,0.6181860926570908,0.48297386976894763
RPMI-7951,Belumosudil (mesylate),NVP-BHG712,0.11720000150282997,0.16814761636160494
RPMI-7951,AZD1390,Bimiralisib,0.44291680246355736,0.31905544849202283
RPMI-7951,AZD-7648,Lapatinib ditosylate,0.3084826025731137,0.21157371052680748
RPMI-7951,Brivudine,Trametinib,0.4071508990396176,0.3864243018881028
RPMI-7951,Pemigatinib,olaparib,0.1632005061855568,0.19088573639262213
RPMI-7951,Ipatasertib,NVP-BHG712,0.5406152067603098,0.5396855039852697
RPMI-7951,Gemcitabine,Paclitaxel,0.3538520886935258,0.5700860034362318
RPMI-7951,Regorafenib,Temuterkib,0.18558370878833041,0.3226832175329463
RPMI-7951,Afatinib,Infigratinib,0.24859450855812268,0.33780402983144686
RPMI-7951,Abemaciclib,LB-100,0.30598445380453543,0.39032807733999114
RPMI-7951,ERK5-IN-2,Regorafenib,0.42155283634834545,0.42812993925173287
RPMI-7951,BI-3406,Tucatinib,0.3814584681613413,0.4615782973942482
RPMI-7951,Anastrozole,BAY1125976,0.2542089645093354,0.3180168975872493
RPMI-7951,Capivasertib,Gemcitabine,0.553874121291209,0.36462919062875737
RPMI-7951,Tucatinib,Vemurafenib,0.46740446901084864,0.5388977302662484
RPMI-7951,NVP-BHG712,Tucatinib,0.5992589126209433,0.5788588007254192
RPMI-7951,Brivudine,ETC-206,0.33550229104543017,0.2141075606435475
RPMI-7951,AZD1390,Abemaciclib,0.6251029248558637,0.49244464146932865
RPMI-7951,Brivudine,Encorafenib,0.31809031180678593,0.3721991046524608
RPMI-7951,Celecoxib,olaparib,0.4058747702001917,0.3721558794039287
RPMI-7951,BI-78D3,Vemurafenib,0.5514000041294216,0.5689883535740992
RPMI-7951,Tubulin inhibitor 6,Volasertib,0.4334848058422709,0.30569752626742785
RPMI-7951,Vemurafenib,palbociclib,0.6353433086563964,0.6163056017539303
RPMI-7951,Irinotecan,LB-100,0.5700727654698541,0.4873363631281428
RPMI-7951,RMC-6236,XRK3F2,0.3857612660626319,0.48488284504961265
RPMI-7951,Dabrafenib,Paclitaxel,0.7173505748319897,0.7038399658325182
RPMI-7951,CP21R7,Regorafenib,0.5976244283214097,0.5248691266331703
RPMI-7951,Afatinib,HI-TOPK-032,0.18268905323924012,0.2638979228106374
RPMI-7951,AZD1390,XRK3F2,0.4903313791598518,0.35581406738714666
RPMI-7951,Ipatasertib,Temuterkib,0.4744134655244715,0.4824681802972465
RPMI-7951,Anastrozole,Dabrafenib,0.35161612504025436,0.36545747222163005
RPMI-7951,CP21R7,ETC-206,0.6218390074815525,0.4305807786060808
RPMI-7951,Celecoxib,Regorafenib,0.36872403909669643,0.3558569959714817
RPMI-7951,AZD-7648,Dabrafenib,0.18284752540459903,0.29796318529202576
RPMI-7951,IQ 1,LB-100,0.40845097413620784,0.41553465397434913
RPMI-7951,Afatinib,BI-3406,0.550010303152224,0.5872665181432647
RPMI-7951,AT7519,MK-3903,0.10157681891083777,0.1672784749570257
RPMI-7951,BI-78D3,Tucatinib,0.5227636555406454,0.5216863431457077
RPMI-7951,Abemaciclib,Dabrafenib,0.14249353522902267,0.22807366307864763
RPMI-7951,BI-3406,Sapanisertib,0.3641265865113969,0.4233993649611642
RPMI-7951,RMC-6236,palbociclib,0.441474694711974,0.4084374319540602
RPMI-7951,9-ING-41,ETC-206,0.553659151413778,0.466230801206313
RPMI-7951,Oxaliplatin,Trametinib,0.11337065449641368,0.2400020957889014
RPMI-7951,Infigratinib,Vemurafenib,0.13025027755115604,0.24224561713373952
RPMI-7951,BI-78D3,ETC-206,0.5919299363312406,0.48885292509336853
RPMI-7951,GSK1059615,LB-100,0.4334941230043347,0.41228513349621154
RPMI-7951,Anastrozole,Bentamapimod,0.45667206751802514,0.3464810045618773
RPMI-7951,TAK-901,Temuterkib,0.1314605472891595,0.14088103668721746
RPMI-7951,Belumosudil (mesylate),Bentamapimod,0.24758711856824928,0.2866919010455208
RPMI-7951,Celecoxib,RMC-6236,0.036865605335387464,0.21065009301431523
RPMI-7951,ERK5-IN-2,Lapatinib ditosylate,0.25851128170129634,0.40034925027980783
RPMI-7951,BAY1125976,Gemcitabine,0.3547720483710168,0.44771535900649634
RPMI-7951,Belumosudil (mesylate),LB-100,0.4013784727751617,0.5085664087283207
RPMI-7951,NVP-BHG712,Paclitaxel,0.5940517489268304,0.5916152241533698
RPMI-7951,ML264,TAK-901,0.04933566800713489,0.06667914548111344
RPMI-7951,Infigratinib,TAK-901,0.038573861357697845,0.043945477728195126
RPMI-7951,Irinotecan,Oleic acid,0.46670177243686234,0.3842709090615256
RPMI-7951,BI-3406,Belumosudil (mesylate),0.5951353328985945,0.5659519056990747
RPMI-7951,Dabrafenib,Temuterkib,0.6014194606016863,0.5555922439435937
RPMI-7951,AT7519,Capivasertib,0.2910006590866301,0.23217255497961742
RPMI-7951,APTO-253,Irinotecan,0.5654150034103175,0.5299074312311259
RPMI-7951,BI-78D3,Infigratinib,0.47045992130076497,0.44130210567792316
RPMI-7951,AZD1390,Pemigatinib,0.621422576725253,0.4020237204514958
RPMI-7951,Temuterkib,Tomivosertib,0.3934054686734954,0.41212606584550976
RPMI-7951,Tubulin inhibitor 6,Tucatinib,0.4144201708169713,0.3480347315882246
RPMI-7951,Oleic acid,Temuterkib,0.2451429126658199,0.18781810229558948
RPMI-7951,APTO-253,Volasertib,0.5839594224685334,0.31658530262590795
RPMI-7951,Irinotecan,Minodronic acid,0.44342573845934774,0.42045806360910876
RPMI-7951,Afatinib,Vemurafenib,0.708063769014242,0.5919607690823144
RPMI-7951,Abemaciclib,ERK5-IN-2,0.24241148286655112,0.3198536329870751
RPMI-7951,BI-3406,ETC-206,0.625260281513285,0.512423583780775
RPMI-7951,DT-061,LY2090314,0.3579082133241752,0.3266937815816166
RPMI-7951,BI-78D3,Temuterkib,0.6803444590335148,0.6005968445049156
RPMI-7951,Celecoxib,Ipatasertib,0.28749101509823655,0.2984995329007136
RPMI-7951,PH-797804,Volasertib,0.03799116648439682,0.0728553836671863
RPMI-7951,Bentamapimod,Everolimus,0.6584351541492135,0.5753338090146353
RPMI-7951,LB-100,Ralimetinib dimesylate,0.5459511539849319,0.5256683061483253
RPMI-7951,MK-3903,PH-797804,0.2752655598755866,0.23492180103089572
RPMI-7951,ETC-206,PH-797804,0.26321408520544154,0.17866235231798025
RPMI-7951,Bentamapimod,Regorafenib,0.3302363086917594,0.26445740917426985
RPMI-7951,Anastrozole,olaparib,0.43862148924175465,0.5493825395576044
RPMI-7951,Capivasertib,olaparib,0.45075555916517807,0.304771750423454
RPMI-7951,DT-061,Vemurafenib,0.3866126274447988,0.3748554403728402
RPMI-7951,Abemaciclib,TAK-901,0.2599102891835755,0.31392584464448947
RPMI-7951,Tomivosertib,Vemurafenib,0.19153813398604191,0.22350798686589723
RPMI-7951,Dabrafenib,HI-TOPK-032,0.1050035768674364,0.2640264289702251
RPMI-7951,BAY1125976,Volasertib,0.26127893043217143,0.24407764734640586
RPMI-7951,Bentamapimod,PH-797804,0.08448322693217415,0.10083243175003727
RPMI-7951,AZD-7648,Bentamapimod,0.1878099089974507,0.14227917721512406
RPMI-7951,GSK1059615,MK-3903,0.7225799661490195,0.5735455612986253
RPMI-7951,BI-78D3,XRK3F2,0.6699596997251559,0.6410045289709424
RPMI-7951,Oxaliplatin,Sapanisertib,0.1453552472129741,0.29922460983443805
RPMI-7951,IQ 1,Ipatasertib,0.5052068311607736,0.45556660157647544
RPMI-7951,ERK5-IN-2,Erdafitinib ,0.17875100601039784,0.2527627169555065
RPMI-7951,Everolimus,Tomivosertib,0.7460472036632896,0.6445563967183192
RPMI-7951,AT7519,ETC-206,0.4586023017682514,0.47927852839783247
RPMI-7951,LB-100,olaparib,0.19863185849075993,0.392283802802077
RPMI-7951,AZD-7648,HI-TOPK-032,0.32272373554520173,0.1739442130487024
RPMI-7951,Capivasertib,Sapanisertib,0.0033531066305219973,0.10520535649950014
RPMI-7951,Oleic acid,Oxaliplatin,0.5168361611678022,0.3182610644154226
RPMI-7951,APTO-253,Pemigatinib,0.7165699004287833,0.5476866135331406
RPMI-7951,Erdafitinib ,Ipatasertib,0.1720690969154115,0.2701291937764788
RPMI-7951,Belumosudil (mesylate),ERK5-IN-2,0.14178347045726716,0.2509900585958144
RPMI-7951,Bimiralisib,Minodronic acid,0.03515214216380931,0.16761356061153238
RPMI-7951,MK-3903,Tucatinib,0.17660178596975823,0.30261657159825484
RPMI-7951,BAY1125976,Capivasertib,0.07548260760385798,0.14150159662115025
RPMI-7951,LY2090314,Pemigatinib,0.40864487692195367,0.43292042049451457
RPMI-7951,Celecoxib,Vemurafenib,0.31058696701620625,0.3374196721915244
RPMI-7951,BAY1125976,Sapanisertib,0.9206662790666775,0.8550106406623585
RPMI-7951,Minodronic acid,Ralimetinib dimesylate,0.22866639357068488,0.3982133530538952
RPMI-7951,Ralimetinib dimesylate,Vemurafenib,0.5696330739042428,0.5383157965387296
RPMI-7951,DT-061,Pemigatinib,0.1888344947409132,0.2678317625174141
RPMI-7951,Paclitaxel,Tucatinib,0.47188348135063646,0.5466838898578048
RPMI-7951,Infigratinib,Pemigatinib,0.45598589954130647,0.4216388836362162
RPMI-7951,AZD-7648,Regorafenib,0.6517407054331159,0.5257437180113933
RPMI-7951,AZD-7648,Minodronic acid,0.4490295200477441,0.30511648120468593
RPMI-7951,AZD1390,LB-100,0.5634624899804934,0.4777000177248346
RPMI-7951,Bimiralisib,Vemurafenib,0.5685399791155311,0.5134957604117174
RPMI-7951,APTO-253,MK-3903,0.421430242645124,0.37123770295077196
RPMI-7951,Ralimetinib dimesylate,palbociclib,0.22670540941826248,0.3274994723312216
RPMI-7951,BI-78D3,HI-TOPK-032,0.20012282640404733,0.2818977001329585
RPMI-7951,Everolimus,olaparib,0.3269043063745393,0.5160594440679369
RPMI-7951,AT7519,Pemigatinib,0.4777591715058299,0.4416767433488433
RPMI-7951,AZD1390,Volasertib,0.4426475094056007,0.24249301850727928
RPMI-7951,GSK1059615,Irinotecan,0.4861627756988044,0.47436318351791057
RPMI-7951,9-ING-41,GSK1059615,0.6955229671133112,0.6659839077799876
RPMI-7951,GSK1059615,olaparib,0.23801877752781925,0.32118766690492817
RPMI-7951,AZD1390,Tomivosertib,0.6397486971035283,0.5535774143604317
RPMI-7951,Encorafenib,Gemcitabine,0.2482652436475462,0.43131521345385
RPMI-7951,DT-061,Methylprednisolone succinate,0.5871077488496186,0.38574412773905037
RPMI-7951,GSK1059615,LY2090314,0.10983860248704301,0.295266099640945
RPMI-7951,Pemigatinib,Tomivosertib,0.40332487067051775,0.3358676154835226
RPMI-7951,Capivasertib,PH-797804,0.23298031969451405,0.24287497530267735
RPMI-7951,GSK1059615,Vemurafenib,0.2586665340895947,0.26636457935139113
RPMI-7951,Celecoxib,Everolimus,0.6800901634047473,0.5463160075257616
RPMI-7951,Methylprednisolone succinate,olaparib,0.48454354489286716,0.35913768738525925
RPMI-7951,Gemcitabine,Minodronic acid,0.46514775290875005,0.45836114945050654
RPMI-7951,Anastrozole,Ralimetinib dimesylate,0.41052451362025383,0.3178031607662268
RPMI-7951,HI-TOPK-032,LY2090314,0.21666398486305707,0.25858298140354063
RPMI-7951,Celecoxib,Tubulin inhibitor 6,0.631558541300712,0.37108083368594247
RPMI-7951,AZD-8055,palbociclib,0.07466519880948029,0.1506378194474184
RPMI-7951,AT7519,Belumosudil (mesylate),0.03226334383952001,0.15832414141879955
RPMI-7951,Belumosudil (mesylate),Oxaliplatin,0.4064212347011398,0.44267202154619745
RPMI-7951,Afatinib,RMC-6236,0.4660055875258884,0.5737519552217423
RPMI-7951,Bimiralisib,Everolimus,0.476326124937644,0.4337312117335503
RPMI-7951,BI-78D3,Ralimetinib dimesylate,0.6422815981561246,0.6118092869181747
RPMI-7951,Gemcitabine,HI-TOPK-032,0.5027085438403661,0.48895958887686036
RPMI-7951,LB-100,Volasertib,0.5677343717572869,0.3341995465341824
RPMI-7951,Tucatinib,XRK3F2,0.4310407143731174,0.5039199434682542
RPMI-7951,AZD1390,Capivasertib,0.3325132903742355,0.21490456849481487
RPMI-7951,BAY1125976,Pemigatinib,0.5570941057622093,0.47388566813462407
RPMI-7951,Afatinib,XRK3F2,0.7710609038866303,0.7268822451017514
RPMI-7951,AZD-8055,HI-TOPK-032,0.2732319222477184,0.2280580438342337
RPMI-7951,CP21R7,GSK1059615,0.373296356055924,0.4107252193624996
RPMI-7951,Paclitaxel,Trametinib,0.5365215836449234,0.6025601050680198
RPMI-7951,IQ 1,MK-3903,0.6665163004461991,0.47129555178993154
RPMI-7951,9-ING-41,LY2090314,0.3780594090837474,0.5387475085942987
RPMI-7951,LY2090314,Tucatinib,0.5734173498396761,0.5934937131874202
RPMI-7951,Afatinib,Encorafenib,0.8697363276078843,0.7891431209767241
RPMI-7951,Encorafenib,LB-100,0.2533362172998825,0.40091211214929834
RPMI-7951,APTO-253,AT7519,0.5817376275101079,0.42055461914211656
RPMI-7951,Encorafenib,Tucatinib,0.2648343985778895,0.4437511161701809
RPMI-7951,APTO-253,Everolimus,0.6397044817631059,0.5575908847084163
RPMI-7951,Infigratinib,Trametinib,0.027778580872988835,0.15391575668945626
RPMI-7951,Belumosudil (mesylate),Brivudine,0.3971216858246924,0.3832481990916933
RPMI-7951,BAY1125976,GSK1059615,0.7094662556264596,0.659570185476367
RPMI-7951,AT7519,BAY1125976,0.2833708440699557,0.25111162908334117
RPMI-7951,AT7519,AZD-7648,0.0036082047547252166,0.08505929379978587
RPMI-7951,ERK5-IN-2,Oxaliplatin,0.18798072554241826,0.32890084603725356
RPMI-7951,Capivasertib,Oxaliplatin,0.5802994873683986,0.4030880421606145
RPMI-7951,AT7519,Anastrozole,0.37502123472545035,0.20790707266343827
RPMI-7951,CP21R7,Irinotecan,0.4868702621824797,0.5642016854987647
RPMI-7951,HI-TOPK-032,Sapanisertib,0.14931913209883266,0.18603661341187935
RPMI-7951,Erdafitinib ,Irinotecan,0.39959158627718594,0.43290039408598247
RPMI-7951,Belumosudil (mesylate),XRK3F2,0.27682971332345124,0.36483627620031617
RPMI-7951,Afatinib,NVP-BHG712,0.6030503741831145,0.503130392647218
RPMI-7951,9-ING-41,Regorafenib,0.33873379880031135,0.4442394521221175
RPMI-7951,Minodronic acid,NVP-BHG712,0.41035500924811524,0.4694979767880553
RPMI-7951,IQ 1,Sapanisertib,0.6107959610642061,0.4777730582392637
RPMI-7951,Brivudine,GSK1059615,0.45990382460735524,0.4588174843429292
RPMI-7951,Afatinib,GSK1059615,0.6115484461652314,0.6229464819416674
RPMI-7951,Afatinib,BAY1125976,0.6772794132182534,0.7305880226630019
RPMI-7951,Erdafitinib ,Paclitaxel,0.49865611840216184,0.41738702293926666
RPMI-7951,AZD-7648,RMC-6236,0.4031979528330185,0.46653791880413453
RPMI-7951,ERK5-IN-2,XRK3F2,0.5091950645829828,0.4935347365670138
RPMI-7951,BI-3406,Ipatasertib,0.4025748844532073,0.5014477964616999
RPMI-7951,PH-797804,Sapanisertib,0.20766795568735769,0.1835669424321006
RPMI-7951,Celecoxib,LY2090314,0.4683996898183238,0.44995221627729043
RPMI-7951,9-ING-41,Sapanisertib,0.8076190687800353,0.6905644372305866
RPMI-7951,ERK5-IN-2,Trametinib,0.40344993502516835,0.4112397076692538
RPMI-7951,GSK1059615,Regorafenib,0.37064531512809906,0.38480298233336035
RPMI-7951,Ralimetinib dimesylate,Regorafenib,0.4074653589373137,0.32536937449242304
RPMI-7951,BI-3406,palbociclib,0.4905067505751941,0.37524553692046875
RPMI-7951,Celecoxib,Gemcitabine,0.7175052951516039,0.5099504212539386
RPMI-7951,IQ 1,Regorafenib,0.5426710617305303,0.45907603834415156
RPMI-7951,HI-TOPK-032,Oleic acid,0.3282091730261485,0.2683045372586789
SHP-77,Infigratinib,Lonafarnib,0.2933726497022376,0.2672504906078198
SHP-77,Vemurafenib,XRK3F2,0.9091993191647803,0.8511769470936306
SHP-77,BI-3406,BI-78D3,0.22658016048557608,0.404589115533964
SHP-77,Bentamapimod,Capmatinib,0.15282792658456815,0.2884683258248387
SHP-77,DT-061,NG25,0.48890392458880455,0.4346718012872979
SHP-77,LB-100,Oleic acid,0.6043146067213049,0.5684183498833529
SHP-77,BI-78D3,Minodronic acid,0.35479994330352627,0.41676244931913964
SHP-77,Pimitespib,Pralsetinib,0.35056582206928877,0.3308323010040031
SHP-77,9-ING-41,HI-TOPK-032,0.2820885177840191,0.391828562617823
SHP-77,LY2090314,ULK-101,0.23745764204999603,0.32108098681415687
SHP-77,PH-797804,Regorafenib,0.48118694497989073,0.5233014424898829
SHP-77,Ipatasertib,Tucatinib,0.5009787327868364,0.5111096086063853
SHP-77,Abemaciclib,olaparib,0.5558481097783226,0.5273150748243323
SHP-77,Brivudine,Irinotecan,0.3951926723548552,0.42002339591397553
SHP-77,Celecoxib,Lonafarnib,0.30868078038441255,0.30977878402488207
SHP-77,AZD-8055,LB-100,0.21339918510547073,0.3264342818201983
SHP-77,AZD1390,Infigratinib,0.5510972979710658,0.48879489087980854
SHP-77,DTP3,LJI308,0.34237394812867583,0.31794333492627824
SHP-77,APTO-253,Adagrasib,0.36776862232338375,0.3981888275255886
SHP-77,BAY1125976,TAK-733,-0.11889163197221472,0.0308013015229544
SHP-77,Tomivosertib,XRK3F2,0.24787920357082985,0.3345996026022508
SHP-77,ERK5-IN-2,OTS514,0.24036558905533073,0.22357193341153453
SHP-77,LB-100,vincristine,0.3336632790843486,0.3592727358326677
SHP-77,BAY1125976,Binimetinib,-0.2730150512814163,-0.16086957475998023
SHP-77,Adagrasib,Oleic acid,0.5460109535260593,0.55447652336079
SHP-77,Elimusertib hydrochloride,LJI308,0.3808188593218328,0.5183601379360844
SHP-77,Alpelisib,Erdafitinib ,0.17452658248371306,0.26438639851499113
SHP-77,SBI-0640756,Vemurafenib,0.032258457390436236,0.17717493181004632
SHP-77,AZD-7648,Gemcitabine,0.41549424642650074,0.519095323618832
SHP-77,ETC-206,Oleic acid,0.5991184377365595,0.5816507947412045
SHP-77,Ixazomib,XRK3F2,0.592465973632518,0.5679541550167948
SHP-77,NG25,vincristine,0.048301649825215155,0.04918833011322897
SHP-77,Ipatasertib,Volasertib,0.5602658088046215,0.5309199396236267
SHP-77,Anastrozole,Pemigatinib,0.44083944761502586,0.35008878390902637
SHP-77,AZD-8055,Adagrasib,0.05568877541605496,0.18835298078586296
SHP-77,ERK5-IN-2,Irinotecan,0.3101864768156734,0.48926645675547276
SHP-77,Abemaciclib,BI-3406,0.29790737912890175,0.3062356515206694
SHP-77,DT-061,RMC-6236,0.6366071365048973,0.5726497095126717
SHP-77,BI-3406,RMC-6236,0.867223401030201,0.8377618834605469
SHP-77,DT-061,Oxaliplatin,0.2585025952391264,0.32909395508762446
SHP-77,BI-78D3,Temuterkib,0.7895047026999212,0.701383717710947
SHP-77,APTO-253,Methylprednisolone succinate,0.43705067739556447,0.4886721091025638
SHP-77,Belzutifan,Regorafenib,0.22673022361705208,0.35577151066522544
SHP-77,Encorafenib,Ralimetinib dimesylate,0.6916345029986481,0.6586867956037599
SHP-77,Methylprednisolone succinate,Sapanisertib,0.28567682685924334,0.3276679962577438
SHP-77,Ixazomib,Lapatinib ditosylate,0.46194637545467354,0.5110291902762335
SHP-77,Gemcitabine,vincristine,0.41491963005480115,0.43039624880985095
SHP-77,Belzutifan,Methylprednisolone succinate,0.45566147964578324,0.5052395991884683
SHP-77,9-ING-41,Abemaciclib,0.11174784875005189,0.19277614893486122
SHP-77,Futibatinib,LJI308,0.35796964401778236,0.2631102825339724
SHP-77,Oxaliplatin,Pemigatinib,0.49405828683413155,0.38517794255534266
SHP-77,ERK5-IN-2,Paclitaxel,0.5201325365783054,0.5904241033958313
SHP-77,SBI-0640756,ULK-101,0.2125213833045107,0.20453183833402566
SHP-77,Erdafitinib ,PH-797804,0.5961730030509278,0.479570397959587
SHP-77,Brivudine,MK-3903,0.4380643912871318,0.41951608911719096
SHP-77,Alpelisib,Capmatinib,0.7582379992156238,0.6377017217228197
SHP-77,AZD1390,Irinotecan,0.5215443579319674,0.5228621884632245
SHP-77,BAY1125976,SBI-0640756,0.3992934113113974,0.46709333296068534
SHP-77,MK-3903,Paclitaxel,0.6375687582045774,0.5751767809539055
SHP-77,Alpelisib,Ralimetinib dimesylate,0.3189361321389677,0.39999200344142116
SHP-77,GSK1059615,Tomivosertib,0.28595124744865863,0.2948945654619553
SHP-77,Abemaciclib,OTS514,-0.02027918837449718,0.18104614258646365
SHP-77,Hydroxyfasudil,ML264,0.5420711749514708,0.4863661113542614
SHP-77,HI-TOPK-032,ML264,0.1772135574644107,0.350810289502297
SHP-77,Capmatinib,Tubulin inhibitor 6,0.36178485735637606,0.357699584584811
SHP-77,Capivasertib,ERK5-IN-2,0.23899323548461174,0.41033664222590727
SHP-77,LJI308,MK-8353,0.39816740238951637,0.17952458785148012
SHP-77,LJI308,Pimitespib,0.5183493551955726,0.4847132943818921
SHP-77,Afatinib,Anastrozole,0.290848567433188,0.24520409366070856
SHP-77,LY2090314,PF-06260933,0.21833461484516076,0.22333319095064147
SHP-77,NVP-BHG712,ULK-101,0.3241093107376737,0.39103913581772637
SHP-77,Bimiralisib,Tubulin inhibitor 6,0.30076371530540935,0.32749312393322494
SHP-77,Belzutifan,GSK1059615,0.34561509560680176,0.40498850151459237
SHP-77,Irinotecan,ULK-101,0.5447588699524992,0.4689578054831659
SHP-77,EX229,NVP-BHG712,0.1402652547580458,0.30486707469059154
SHP-77,TAK-901,c-Kit-IN-1,0.7155326114542268,0.7040703113166904
SHP-77,Elimusertib hydrochloride,Methylprednisolone succinate,0.41363338101055325,0.4908238347467948
SHP-77,AZD1390,Everolimus,0.6166381349133812,0.6319358917917486
SHP-77,TAK-733,Trametinib,0.5061735833605573,0.49164305092423843
SHP-77,Bentamapimod,Infigratinib,0.4571751624042711,0.4118399427982098
SHP-77,Methylprednisolone succinate,NVP-BHG712,0.4963636057306605,0.48124088543553983
SHP-77,Lonafarnib,SBI-0640756,0.18923843006240187,0.3144818074970253
SHP-77,Brivudine,Tubulin inhibitor 6,0.29132628093670293,0.22957576349279196
SHP-77,Binimetinib,Ixazomib,0.43912421014800446,0.4194406147044831
SHP-77,AZD1390,Encorafenib,0.14696744518602256,0.08606340843904367
SHP-77,Futibatinib,Hydroxyfasudil,0.33602433002381665,0.27092264780528075
SHP-77,Ixazomib,RMC-6236,0.5453024853028824,0.5462242273416827
SHP-77,Irinotecan,MK-3903,0.5567492275525237,0.560694778631903
SHP-77,LJI308,Pralsetinib,0.4421819934983311,0.4371070206154507
SHP-77,NG25,Oleic acid,0.20930273987203668,0.2666347003366237
SHP-77,APTO-253,AZD-8055,0.06153686530982011,0.19121643832205407
SHP-77,AT7519,Pimitespib,0.401475493160242,0.40242273607503876
SHP-77,GSK1059615,NG25,0.24285566699343294,0.32513009343914484
SHP-77,BI-78D3,Ixazomib,0.3798178896333148,0.43079290165434964
SHP-77,Volasertib,XRK3F2,0.45417126384534834,0.4154322207279346
SHP-77,Bentamapimod,Oxaliplatin,0.3982762373439832,0.4068271224452544
SHP-77,Alpelisib,Belzutifan,0.1935216914842467,0.26034570996214323
SHP-77,Elimusertib hydrochloride,Paclitaxel,0.5944863267253618,0.5789133496631731
SHP-77,AZD-7648,TAK-733,0.46613784931575614,0.5087029225968283
SHP-77,Abemaciclib,Encorafenib,-0.09279177749750211,0.048315127059581305
SHP-77,Alpelisib,Belumosudil (mesylate),0.001161227826014452,0.19684937714755232
SHP-77,9-ING-41,LB-100,0.552869045499023,0.5265697369604689
SHP-77,LY2090314,Lonafarnib,0.35736547277285535,0.2866955339408378
SHP-77,NG25,OTS514,0.13251584782712503,0.19937378484546758
SHP-77,Binimetinib,Tomivosertib,0.2575021819034846,0.23464428306736926
SHP-77,DTP3,Elimusertib hydrochloride,0.2889656562755075,0.22956907922081732
SHP-77,Belzutifan,Irinotecan,0.6314165320358486,0.5813685961711031
SHP-77,Minodronic acid,Trametinib,-0.05021382243085614,0.1415811520638415
SHP-77,Alpelisib,Binimetinib,0.8212114570656629,0.7492562124981408
SHP-77,Pralsetinib,Tubulin inhibitor 6,0.3711337623825759,0.2685357300335883
SHP-77,BI-3406,HI-TOPK-032,0.5036777536723408,0.5044699974697172
SHP-77,Bentamapimod,Ipatasertib,0.7848736984249918,0.7280115174939445
SHP-77,Lapatinib ditosylate,Sapanisertib,0.49902769594764496,0.42028605435872635
SHP-77,PH-797804,Trametinib,0.48859890774698467,0.5682812226109984
SHP-77,Pemigatinib,Tubulin inhibitor 6,0.4960986337511274,0.4870759080363046
SHP-77,Belzutifan,Ipatasertib,0.21098776184944804,0.40800806593322103
SHP-77,AZD-7648,PF-06260933,-0.30406904857497413,-0.08803287888941064
SHP-77,Abemaciclib,Infigratinib,0.4244777999923073,0.3717372947431846
SHP-77,Brivudine,Pimitespib,0.2807259922710658,0.3349366784690899
SHP-77,Belumosudil (mesylate),vincristine,0.4659021729586555,0.514697543802755
SHP-77,Temuterkib,Vemurafenib,0.3310351522835543,0.5001931930603888
SHP-77,Bimiralisib,Ipatasertib,0.45171966014345694,0.46809126572783877
SHP-77,BI-3406,Temuterkib,0.19933852097638077,0.3792865484074208
SHP-77,EX229,LB-100,0.22540375554646017,0.2673353090490353
SHP-77,Brivudine,TAK-733,0.5597333841242373,0.5335939078615656
SHP-77,Abemaciclib,vincristine,0.5185963845520982,0.5513024889408502
SHP-77,ERK5-IN-2,Infigratinib,0.49288552149577924,0.5724755415314395
SHP-77,ERK5-IN-2,Vemurafenib,0.3484498368375179,0.446404067572358
SHP-77,Methylprednisolone succinate,PH-797804,0.4963522361366993,0.49664730770046567
SHP-77,Bentamapimod,Paclitaxel,0.468949158407838,0.5462292267707725
SHP-77,Afatinib,palbociclib,0.7707436778624563,0.6632348462107022
SHP-77,Celecoxib,Regorafenib,0.30231217119954246,0.3954270755080931
SHP-77,BAY1125976,OTS514,0.042077908615398465,0.029031021713154803
SHP-77,OTS514,TAK-901,-0.026067767354811495,0.18545660864065905
SHP-77,Afatinib,Alpelisib,0.7277778983514406,0.6880802749120704
SHP-77,AZD-7648,NVP-BHG712,0.11903610394097844,0.2792607758118072
SHP-77,Capivasertib,Ipatasertib,0.28884037897386006,0.4255084137891376
SHP-77,BAY1125976,Belzutifan,0.2592317593013173,0.37862757781331097
SHP-77,Irinotecan,Volasertib,0.6211363532959784,0.5742226235087217
SHP-77,Encorafenib,Oleic acid,0.1783776611720721,0.24351169577558543
SHP-77,9-ING-41,Encorafenib,0.7040189977008885,0.6731519410615958
SHP-77,Encorafenib,HI-TOPK-032,0.040294414808121674,0.20271580761424202
SHP-77,Minodronic acid,Ralimetinib dimesylate,0.17325504841070158,0.23070111619593603
SHP-77,TAK-733,XRK3F2,0.28692391612628704,0.3657032729616567
SHP-77,Hydroxyfasudil,LY2090314,0.4518552139772582,0.3751517686784722
SHP-77,Anastrozole,ETC-206,0.6002706616926106,0.5748170286331232
SHP-77,BAY1125976,HI-TOPK-032,-0.08531132152880488,0.09604746221738203
SHP-77,APTO-253,PH-797804,0.40188174280892636,0.35155758603549525
SHP-77,AZD-8055,Bimiralisib,0.9142788870452427,0.8499269462099508
SHP-77,GSK1059615,LJI308,0.24499198674143424,0.30218510433044976
SHP-77,Irinotecan,PH-797804,0.5346558602265837,0.5750143601670088
SHP-77,Bimiralisib,Pralsetinib,0.48795933885500975,0.39050309028889085
SHP-77,Abemaciclib,LJI308,0.5383855122074965,0.4274966190862822
SHP-77,AZD-8055,HI-TOPK-032,0.4159655099789625,0.4939240869922279
SHP-77,LB-100,Tubulin inhibitor 6,0.5409679851008302,0.5225954008115528
SHP-77,Methylprednisolone succinate,vincristine,0.39667445491562947,0.4904562512245482
SHP-77,Capmatinib,Trametinib,0.7267336772077582,0.6909129331303843
SHP-77,Minodronic acid,Pralsetinib,0.15356830512345115,0.2720485041667896
SHP-77,BAY1125976,Volasertib,0.33265732232264333,0.3226759429741758
SHP-77,AZD-8055,Ipatasertib,0.3876185012720372,0.41563753676401266
SHP-77,4EGI-1,olaparib,0.40936303148078146,0.5072432256354253
SHP-77,Belumosudil (mesylate),Belzutifan,0.5999730732984528,0.6421505035522965
SHP-77,Belzutifan,Lapatinib ditosylate,0.3191090698434441,0.359424076145626
SHP-77,Hydroxyfasudil,olaparib,0.5524694002669897,0.5328838104959193
SHP-77,Pralsetinib,Trametinib,0.5677923792485751,0.48245893491312897
SHP-77,Brivudine,Dabrafenib,-0.12447412143184491,-0.007002238433891287
SHP-77,Gemcitabine,Vemurafenib,0.40072999241646357,0.5281443629979488
SHP-77,Abemaciclib,Everolimus,0.4844482822044931,0.5382835292565095
SHP-77,4EGI-1,Ralimetinib dimesylate,0.3280196740586848,0.2975612241476257
SHP-77,Ixazomib,Tubulin inhibitor 6,0.37234804353029605,0.4129870417588756
SHP-77,AZD1390,Vemurafenib,0.1399949245986426,0.21103213097440615
SHP-77,NVP-BHG712,Regorafenib,0.3617652771020478,0.49948137060838327
SHP-77,Infigratinib,LY2090314,0.4555884866343345,0.48431414684632973
SHP-77,BAY1125976,MK-8353,0.5617868226841999,0.5802152934348441
SHP-77,AT7519,Abemaciclib,0.49226270447772424,0.4895209107935872
SHP-77,Pemigatinib,c-Kit-IN-1,0.1261518614895761,0.09881419699024355
SHP-77,AZD2858,GSK1059615,0.256785779298735,0.20227045186931508
SHP-77,MK-8353,Tucatinib,0.34543303999405683,0.2657340084009199
SHP-77,APTO-253,Anastrozole,0.48616402231310996,0.530585074106479
SHP-77,Belumosudil (mesylate),NVP-BHG712,0.45475943493708804,0.44568492656159875
SHP-77,Oleic acid,Paclitaxel,0.00940425816856146,0.2158541032623241
SHP-77,Encorafenib,OTS514,0.29562958362910347,0.2548427421280755
SHP-77,Bentamapimod,LB-100,0.5470483313618635,0.5558074751366753
SHP-77,Bimiralisib,ETC-206,0.21822136855513832,0.27954802601598877
SHP-77,Bentamapimod,Ixazomib,0.35606633952399325,0.46994336713998286
SHP-77,Ipatasertib,Trametinib,0.4295186923737534,0.44859439465599615
SHP-77,Everolimus,Vemurafenib,0.47230713811338343,0.4901966896925501
SHP-77,BI-3406,vincristine,0.025752262468204647,0.10341484121491068
SHP-77,ML264,Minodronic acid,0.4474032546792744,0.4804966971360064
SHP-77,EX229,Lonafarnib,0.3060722640756687,0.36686329296028414
SHP-77,Belzutifan,Ralimetinib dimesylate,0.1473464588623741,0.26155241674072816
SHP-77,Adagrasib,Pimitespib,0.41948028389196373,0.4488791704231847
SHP-77,Lonafarnib,Tomivosertib,0.10514566652958215,0.33842097062770293
SHP-77,AZD-8055,Gemcitabine,0.49501820479388325,0.5614112481811073
SHP-77,HI-TOPK-032,Trametinib,0.49309351881449764,0.49087800182430846
SHP-77,AZD-8055,Celecoxib,0.23684795135464376,0.32875069580426286
SHP-77,Paclitaxel,Sapanisertib,0.327828633752904,0.3795757263466151
SHP-77,ERK5-IN-2,Pralsetinib,-0.008464036035565767,0.12074778323809392
SHP-77,AT7519,ML264,0.5856718261963879,0.5667028853735181
SHP-77,MK-3903,Methylprednisolone succinate,0.43002235729654903,0.4787745511306781
SK-MEL-2,Abemaciclib,LJI308,0.35771846488497105,0.4236428006230702
SK-MEL-2,DT-061,LB-100,0.10295385391300327,0.1865239787362037
SK-MEL-2,Methylprednisolone succinate,Pemigatinib,0.5218529409615975,0.45978539982721
SK-MEL-2,Irinotecan,olaparib,0.7769970177196466,0.7115069976592613
SK-MEL-2,Paclitaxel,Ralimetinib dimesylate,0.6089176253878777,0.7106598595602034
SK-MEL-2,DTP3,Pimitespib,0.6337101384220006,0.47698408768641154
SK-MEL-2,Anastrozole,Encorafenib,-0.020585428007812774,0.18146650298416458
SK-MEL-2,AZD-7648,LJI308,0.3381555691361921,0.3373184629848075
SK-MEL-2,BAY1125976,Futibatinib,0.03669707921606292,0.15790456060463737
SK-MEL-2,Dabrafenib,vincristine,-0.11762191204286616,0.06067701091855114
SK-MEL-2,AZD2858,Afatinib,-0.22867450562441194,-0.005624800077538057
SK-MEL-2,Bentamapimod,Temuterkib,0.543048946248879,0.5361453996536709
SK-MEL-2,ML264,RMC-6236,0.24241805345257392,0.339627098776399
SK-MEL-2,BAY1125976,Bentamapimod,0.526313457371406,0.602072150260559
SK-MEL-2,Dabrafenib,Hydroxyfasudil,0.05741766479647627,0.1878891522269876
SK-MEL-2,4EGI-1,Dabrafenib,0.38135107014011005,0.2772294753208837
SK-MEL-2,Alpelisib,NVP-BHG712,0.15666396518630324,0.24274250305210957
SK-MEL-2,PH-797804,Temuterkib,-0.09833723162420424,0.13238275984842127
SK-MEL-2,LB-100,ULK-101,0.5345799286946027,0.5578645496366267
SK-MEL-2,Lapatinib ditosylate,Pralsetinib,0.2338670328009113,0.35562006948657865
SK-MEL-2,AZD1390,RMC-6236,0.17749295663618028,0.33553352566840927
SK-MEL-2,Infigratinib,venetoclax,0.0175117371430821,0.05188297034727397
SK-MEL-2,BI-3406,Pralsetinib,0.22371739647326055,0.15602782873386503
SK-MEL-2,AZD2858,Regorafenib,0.06880617066312462,0.23913327902014642
SK-MEL-2,ERK5-IN-2,Sapanisertib,0.7369863414303821,0.7789209782921706
SK-MEL-2,Gemcitabine,NG25,0.1982391953585873,0.25588861498375365
SK-MEL-2,4EGI-1,Temuterkib,0.47413160980836866,0.33420475619253365
SK-MEL-2,Everolimus,MK-3903,0.5178073547304395,0.5437888282225434
SK-MEL-2,Capmatinib,olaparib,0.37506081971631794,0.3568915370332967
SK-MEL-2,Methylprednisolone succinate,venetoclax,0.01619756768836895,0.16255618178463782
SK-MEL-2,Erdafitinib ,Ixazomib,0.22368440810046109,0.3819577321562221
SK-MEL-2,AZD-7648,olaparib,0.46711505396661385,0.3965115987295198
SK-MEL-2,AT7519,olaparib,0.4415714093536674,0.4454124452744485
SK-MEL-2,Bentamapimod,Oxaliplatin,0.13986740985974416,0.21397508825717373
SK-MEL-2,MK-8353,Paclitaxel,0.3863789998152481,0.49340307161589575
SK-MEL-2,Tomivosertib,ULK-101,0.5742436328474446,0.5654471449422075
SK-MEL-2,Afatinib,Pimitespib,-0.2249655075037967,-0.06451572231804234
SK-MEL-2,Alpelisib,Bentamapimod,0.20053494539275712,0.22535611198653938
SK-MEL-2,BAY1125976,Erdafitinib ,0.5572199273140306,0.532998091246458
SK-MEL-2,DT-061,ULK-101,0.3573289515438157,0.23006157083140097
SK-MEL-2,BI-78D3,EX229,0.1609350485595774,0.3306936294473421
SK-MEL-2,MK-8353,PH-797804,-0.016449998668176632,0.13299551903823081
SK-MEL-2,Belzutifan,RMC-6236,0.15896808696108541,0.15839256829634318
SK-MEL-2,AZD-7648,TAK-901,0.31260204277640474,0.3671606681445669
SK-MEL-2,LJI308,SBI-0640756,0.7087492731111621,0.5980444162872809
SK-MEL-2,Oleic acid,Trametinib,-0.11481180885116044,-0.03656575030516833
SK-MEL-2,Ixazomib,Vemurafenib,0.3206055013248255,0.3580549260864222
SK-MEL-2,Hydroxyfasudil,Ralimetinib dimesylate,0.28000508336704727,0.3287271482092773
SK-MEL-2,SBI-0640756,Temuterkib,0.3586016748656555,0.37554450938039047
SK-MEL-2,AZD-8055,Belumosudil (mesylate),0.19893953729255953,0.2486654296050888
SK-MEL-2,Ixazomib,venetoclax,0.13815626689547897,0.2267781043122351
SK-MEL-2,Dabrafenib,Pralsetinib,-0.15055673008581558,-0.000730461977694094
SK-MEL-2,Oxaliplatin,TAK-733,0.06925222369335335,0.2587451850286521
SK-MEL-2,HI-TOPK-032,Lapatinib ditosylate,0.35057240471118295,0.486902741244938
SK-MEL-2,Capmatinib,EX229,0.30316740254693736,0.26740742307282717
SK-MEL-2,Belumosudil (mesylate),Capmatinib,0.03237207125622743,0.15762497807498801
SK-MEL-2,AZD-8055,PF-06260933,-0.008615705377841166,0.13893823352284884
SK-MEL-2,Alpelisib,Regorafenib,0.7841615230524777,0.6648144161918644
SK-MEL-2,Belzutifan,Lapatinib ditosylate,0.5190357335729782,0.5709753048528345
SK-MEL-2,Erdafitinib ,Sapanisertib,0.46033453414789377,0.4029882456985019
SK-MEL-2,Capmatinib,XRK3F2,0.3337409205057922,0.3721037669896069
SK-MEL-2,ERK5-IN-2,LJI308,-0.14308984231120384,0.012594871423320489
SK-MEL-2,Afatinib,EX229,0.2003225206630146,0.30005857341674436
SK-MEL-2,APTO-253,Capmatinib,-0.003854437263300904,0.1701505018350703
SK-MEL-2,AZD-8055,MK-8353,0.22016742185900653,0.2328306775085771
SK-MEL-2,AZD2858,DT-061,0.38903101922809574,0.33159434524772574
SK-MEL-2,LY2090314,XRK3F2,0.3184719919870276,0.3742463454514575
SK-MEL-2,Bimiralisib,Hydroxyfasudil,0.01599035026569431,0.12630162244748655
SK-MEL-2,Minodronic acid,PH-797804,0.24485073093258874,0.3372269533852432
SK-MEL-2,HI-TOPK-032,Ralimetinib dimesylate,0.3935347250389291,0.45026859734319863
SK-MEL-2,BAY1125976,Sonidegib,-0.05488449387436298,0.04169965495325259
SK-MEL-2,AZD1390,olaparib,0.3627348342656084,0.5148674913821464
SK-MEL-2,Capmatinib,ULK-101,0.2993564928891315,0.27944192393741235
SK-MEL-2,Abemaciclib,Ixazomib,0.01639251378972755,0.166839757474532
SK-MEL-2,RMC-6236,Torkinib,-0.22714505269171245,0.03601379288215624
SK-MEL-2,Alpelisib,NG25,0.5603347052517083,0.5587861881160767
SK-MEL-2,Adagrasib,EX229,0.26147424449795975,0.2615048111904537
SK-MEL-2,GSK1059615,Tucatinib,0.15477990540790418,0.27371564211304567
SK-MEL-2,Infigratinib,Ipatasertib,0.2426943645608447,0.30200910827839017
SK-MEL-2,Bimiralisib,EX229,0.25304471055775685,0.29043061434318906
SK-MEL-2,Hydroxyfasudil,MK-8353,0.6029917301478991,0.47909490882691674
SK-MEL-2,AZD-8055,XRK3F2,0.8328766144733798,0.7746483150324752
SK-MEL-2,Brivudine,MK-8353,0.0019003978386729365,0.09366388167278313
SK-MEL-2,Alpelisib,ML264,0.11714532290597697,0.2879352030913018
SK-MEL-2,Alpelisib,LY2090314,0.14263267611539088,0.27265264945274376
SK-MEL-2,AT7519,venetoclax,0.1658949423711979,0.23384937903920563
SK-MEL-2,Hydroxyfasudil,TAK-733,0.09363798408863475,0.25510818262724455
SK-MEL-2,Sapanisertib,Sonidegib,-0.19877510551746813,-0.11587013883970274
SK-MEL-2,Adagrasib,olaparib,0.6693452941230332,0.6150748705677117
SK-MEL-2,Erdafitinib ,vincristine,0.2923759069518429,0.30328261518546207
SK-MEL-2,Pimitespib,TAK-901,0.10629786636870196,0.1912783542789221
SK-MEL-2,HI-TOPK-032,Pralsetinib,0.3174582009933461,0.21024507390431782
SK-MEL-2,AZD1390,Pimitespib,0.517907167042075,0.47575064619099405
SK-MEL-2,AZD-7648,DTP3,0.22060260837607337,0.24298238056233526
SK-MEL-2,IQ 1,LB-100,0.18851406746767452,0.250318105121224
SK-MEL-2,9-ING-41,XRK3F2,0.8190115025335793,0.7635742104353828
SK-MEL-2,DT-061,venetoclax,0.4592142726583836,0.5062977050638566
SK-MEL-2,IQ 1,Sonidegib,0.06948736206039866,0.22929849347886416
SK-MEL-2,9-ING-41,Sonidegib,0.10638043700741627,0.21928968529233467
SK-MEL-2,Abemaciclib,Dabrafenib,0.14251591294229957,0.3029189209553386
SK-MEL-2,CP21R7,Oleic acid,0.4959210704576761,0.35260611533755587
SK-MEL-2,NVP-BHG712,SBI-0640756,0.3006882048192122,0.27441564459417894
SK-MEL-2,Abemaciclib,Torkinib,0.1710478236227166,0.18320136691164585
SK-MEL-2,Ipatasertib,Ixazomib,0.4994907065659649,0.48785350932095467
SK-MEL-2,Adagrasib,Vemurafenib,-0.23076571551013916,-0.026748268944793586
SK-MEL-2,Ixazomib,RMC-6236,0.30103570946211133,0.34351558159784773
SK-MEL-2,ETC-206,Regorafenib,0.0790724623369621,0.2347185374788346
SK-MEL-2,BAY1125976,Lapatinib ditosylate,0.41723635186018687,0.4414942173745612
SK-MEL-2,ERK5-IN-2,Pralsetinib,-0.11180761384606577,-0.09888373969730709
SK-MEL-2,Celecoxib,Sonidegib,0.6060718472031672,0.6039961756964883
SK-MEL-2,EX229,Oleic acid,0.13051040052602983,0.21073946102791302
SK-MEL-2,Anastrozole,PF-06260933,0.5969244955830648,0.6055582812281615
SK-MEL-2,Adagrasib,Irinotecan,0.640836201784706,0.5785756291956863
SK-MEL-2,4EGI-1,AZD-8055,0.5338741597846005,0.4234117954818717
SK-MEL-2,Celecoxib,LB-100,0.5115953449000974,0.49040299244310953
SK-MEL-2,Belumosudil (mesylate),Belzutifan,0.49438173395919516,0.5373088347432096
SK-MEL-2,9-ING-41,Capmatinib,0.03428342992715956,0.14655697003011706
SK-MEL-2,Capmatinib,Infigratinib,0.011170955556392737,0.10484599631614548
SK-MEL-2,Encorafenib,MK-8353,-0.07435449333234258,0.06269629308605422
SK-MEL-2,ML264,SBI-0640756,0.3445313304514201,0.39240121983289256
SK-MEL-2,EX229,Vemurafenib,0.07716050983338656,0.21757594458709276
SK-MEL-2,Paclitaxel,TAK-901,-0.11187633630728278,-0.039167018284707485
SK-MEL-2,HI-TOPK-032,MK-8353,0.34047648324695595,0.3881060589510634
SK-MEL-2,Belzutifan,LY2090314,0.40649300764398616,0.4020838325254296
SK-MEL-2,Brivudine,Erdafitinib ,0.067561822139609,0.19195785033585436
SK-MEL-2,9-ING-41,Abemaciclib,0.2649862124783054,0.3996709630060278
SK-MEL-2,Everolimus,OTS514,0.17405930463250402,0.2374370625136989
SK-MEL-2,Belzutifan,MK-3903,0.4402290580011503,0.39547590966721086
SK-MEL-2,AZD-8055,ULK-101,0.5080374447581241,0.49729091263353226
SK-MEL-2,LB-100,Ralimetinib dimesylate,0.519109591173901,0.5261259363157319
SK-MEL-2,AT7519,Ralimetinib dimesylate,0.2833546643269146,0.4092060695077096
SK-MEL-2,Capivasertib,HI-TOPK-032,0.36082966374999154,0.36449090682205293
SK-MEL-2,Anastrozole,Oleic acid,0.6981240773258834,0.6486423170071572
SK-MEL-2,Encorafenib,Pimitespib,-0.21394808004966911,-0.06126932974844479
SK-MEL-2,Tomivosertib,Volasertib,0.37620297913478284,0.5257619135765615
SK-MEL-2,DTP3,LY2090314,0.5687857259319898,0.4830549702541087
SK-MEL-2,4EGI-1,SBI-0640756,0.21850311673223308,0.4412006172613829
SK-MEL-2,ULK-101,vincristine,0.4579118082954142,0.39462137870366976
SK-MEL-2,Anastrozole,Bimiralisib,-0.006918741173585059,0.17815120431885562
SK-MEL-2,APTO-253,AZD-7648,0.033617481189913534,0.19099492091401388
SK-MEL-2,Pimitespib,venetoclax,0.008216412760322145,0.16534098033525474
SK-MEL-2,AZD-8055,Hydroxyfasudil,0.3045728735042262,0.36143453702360745
SK-MEL-2,Everolimus,ML264,0.6155136985391232,0.6820733249109197
SK-MEL-2,Belumosudil (mesylate),Volasertib,0.576560065785131,0.4586024690627357
SK-MEL-2,Bentamapimod,NG25,0.2396661897699704,0.29689252210181877
SK-MEL-2,ETC-206,PF-06260933,0.562387156498629,0.3875588843664229
SK-MEL-2,9-ING-41,NVP-BHG712,0.5068634460334592,0.6003633491744316
SK-MEL-2,MK-3903,TAK-901,0.001979188897668723,0.08496405852507823
SK-MEL-2,ULK-101,palbociclib,0.20697831147573323,0.20635434429232025
SK-MEL-2,Pralsetinib,Regorafenib,0.298836372041226,0.26539447411692285
SK-MEL-2,Futibatinib,Volasertib,0.39283236019196743,0.2844176031810012
SK-MEL-2,AZD-8055,Gemcitabine,0.44956460214379196,0.40600006557850454
SK-MEL-2,BI-78D3,TAK-901,-0.074974392127849,0.0970287708909206
SK-MEL-2,ETC-206,Lapatinib ditosylate,0.741676143950526,0.7484257605113543
SK-MEL-2,APTO-253,TAK-733,0.0021099275305635212,0.2095502460583211
SK-MEL-2,BAY1125976,DTP3,0.14101435737847398,0.08464655863883724
SK-MEL-2,AZD1390,Pralsetinib,0.18180087072571613,0.3818512787652973
SK-MEL-2,BI-3406,vincristine,0.06734526274141128,0.06908127972132218
SK-MEL-2,Bentamapimod,ERK5-IN-2,0.6108958150587396,0.6281819571115586
SK-MEL-2,DT-061,Methylprednisolone succinate,0.40684546881559064,0.31725574851599386
SK-MEL-2,Hydroxyfasudil,Lapatinib ditosylate,0.5838807150828174,0.5533704226271492
SK-MEL-2,Celecoxib,ERK5-IN-2,0.0009957626646420435,0.1381531515957251
SK-MEL-2,Adagrasib,Celecoxib,0.5750353104399991,0.49918853694857196
SK-MEL-2,BAY1125976,ML264,0.705716402363266,0.712941388497172
SK-MEL-2,Bimiralisib,Temuterkib,0.17889088926230814,0.2753531591929694
SK-MEL-2,Capivasertib,XRK3F2,-0.05481659793238719,0.038510204212012754
SK-MEL-2,Pemigatinib,Regorafenib,0.03307180309976886,0.1809799099773943
SK-MEL-2,Abemaciclib,Afatinib,0.038212893547772,0.15706735757968843
SK-MEL-2,Alpelisib,Bimiralisib,0.728875703011122,0.6291654888095028
SK-MEL-2,GSK1059615,c-Kit-IN-1,0.4358053550528933,0.3796934274726119
SK-MEL-2,BI-78D3,Minodronic acid,0.27248212591538634,0.3580120525103041
SK-MEL-2,Pimitespib,Pralsetinib,0.33737749146560153,0.38987449493827897
SK-MEL-2,4EGI-1,APTO-253,0.6641897959429839,0.44830148105554674
SK-MEL-2,9-ING-41,Ralimetinib dimesylate,0.5593774204421965,0.6644584865347238
SK-MEL-2,MK-8353,Oleic acid,0.5782995719452,0.4936635414277376
SK-MEL-2,Belumosudil (mesylate),Lapatinib ditosylate,0.5730033145294156,0.5565105014673358
SK-MEL-2,BI-3406,Regorafenib,0.7931179559241829,0.7523859488740077
SK-MEL-2,BI-3406,ETC-206,0.09694036701445,0.16825103450746068
SK-MEL-2,Afatinib,Oxaliplatin,-0.15687531697607854,0.09402251784389222
SK-MEL-2,ERK5-IN-2,Irinotecan,-0.06923756897630175,0.16731245974302544
SK-MEL-2,Belzutifan,Regorafenib,0.23155981423595604,0.1785173138197757
SK-MEL-2,Pemigatinib,Torkinib,0.3864136407796534,0.33733391929427586
SK-MEL-2,Irinotecan,NG25,0.1969012736853145,0.3786965391991772
SK-MEL-2,4EGI-1,Everolimus,0.5566226147501911,0.5293259801002776
SK-MEL-2,Adagrasib,Capmatinib,0.30966714031327913,0.36474490330400317
SK-MEL-2,Gemcitabine,LB-100,0.5318720260028384,0.5185702077632737
SK-MEL-2,Oleic acid,Pemigatinib,0.48095798547217117,0.4389784051343066
SK-MEL-2,Bentamapimod,GSK1059615,0.3013976394959511,0.40350351791661077
SK-MEL-2,AZD-7648,Pimitespib,0.1782672281201552,0.1837491369069562
SK-MEL-2,AZD2858,palbociclib,0.09816019274397526,0.19694962771761437
SK-MEL-2,CP21R7,Infigratinib,0.3127173202183845,0.3314836124263571
SK-MEL-2,Oleic acid,XRK3F2,-0.03403675789025462,0.06972095116119094
SK-MEL-2,Methylprednisolone succinate,TAK-733,0.03581179331167173,0.2206328225110923
SK-MEL-2,DT-061,Sapanisertib,-0.2960123181150006,-0.18921059684697977
SK-MEL-2,ETC-206,Pimitespib,0.6809641020421022,0.5422678258802138
SK-MEL-2,BAY1125976,Hydroxyfasudil,0.2700487340621711,0.26132625027779105
SK-MEL-2,Temuterkib,palbociclib,0.16589008314955175,0.1716292859643077
SK-MEL-2,Futibatinib,RMC-6236,-0.2152409338174583,0.00789132456047477
SK-MEL-2,ERK5-IN-2,Oleic acid,-0.23643229897708393,-0.0739207839162861
SK-MEL-2,GSK1059615,Regorafenib,0.4176675406108931,0.4434176556283811
SNU-1,Pemigatinib,SBI-0640756,0.2510943620033738,0.15927469849100748
SNU-1,9-ING-41,Gemcitabine,0.47502870888778775,0.4434542381262656
SNU-1,Anastrozole,Everolimus,0.5154769676618456,0.4582662260788407
SNU-1,Encorafenib,Minodronic acid,0.1694006775732942,0.2500743033081503
SNU-1,NVP-BHG712,SBI-0640756,0.32884855687436915,0.4730113458074692
SNU-1,LY2090314,SBI-0640756,0.23423995155195146,0.21184064259555319
SNU-1,Methylprednisolone succinate,Oxaliplatin,0.47776127419136494,0.44914688406282893
SNU-1,Minodronic acid,Tucatinib,0.4496492567814281,0.3145223964275163
SNU-1,Minodronic acid,Pimitespib,0.524917294957716,0.5277123915088888
SNU-1,Lapatinib ditosylate,Regorafenib,0.36186371831464476,0.3015469621818516
SNU-1,Bimiralisib,DT-061,0.28624767305464693,0.2463758743986989
SNU-1,Oleic acid,Paclitaxel,0.011520208951996794,0.07822044793519804
SNU-1,AZD2858,Tucatinib,0.5073053789805483,0.4027433865254597
SNU-1,Celecoxib,Methylprednisolone succinate,0.3252401394079042,0.3482982478184002
SNU-1,AZD2858,Pimitespib,0.4286671154578627,0.3135987075861163
SNU-1,AZD2858,c-Kit-IN-1,0.182604062390956,0.17644579554827883
SNU-1,AZD2858,LB-100,0.5660933372510981,0.47661658501200227
SNU-1,BAY1125976,palbociclib,0.5253430284218545,0.3872236508021952
SNU-1,Bimiralisib,Capivasertib,-0.03196195876230627,0.03442271483006959
SNU-1,Methylprednisolone succinate,SBI-0640756,0.4361944221825695,0.3013237564784727
SNU-1,Hydroxyfasudil,XRK3F2,0.5030929385928024,0.20856290475349662
SNU-1,Ipatasertib,Tucatinib,0.4738153003000458,0.421736139632988
SNU-1,Oleic acid,SBI-0640756,0.36009976145638967,0.30635873565430966
SNU-1,Lapatinib ditosylate,Pralsetinib,-0.09859883307041444,0.04231055983221743
SNU-1,CP21R7,RMC-6236,0.5432678819911209,0.5484334442399298
SNU-1,Celecoxib,ML264,0.5478041193669995,0.3557538501475585
SNU-1,APTO-253,c-Kit-IN-1,0.0075967960292562045,0.25245418469227043
SNU-1,Anastrozole,Erdafitinib ,0.4855507666447945,0.5098041393685393
SNU-1,BAY1125976,Methylprednisolone succinate,-0.0592431321976392,0.009527350735683648
SNU-1,Capivasertib,Pralsetinib,0.3511464571383299,0.20777340839391226
SNU-1,Methylprednisolone succinate,Sapanisertib,-0.06827578721427346,0.09175800587894059
SNU-1,BI-3406,LB-100,0.36885156999474467,0.40745299115962824
SNU-1,Abemaciclib,Lapatinib ditosylate,-0.07624038473520782,0.0725160254581495
SNU-1,Encorafenib,LJI308,0.2452687862348168,0.368716027683921
SNU-1,BI-3406,PF-06260933,0.20636564659216416,0.3682901192896416
SNU-1,Regorafenib,venetoclax,0.24165647355116388,0.2725694480303975
SNU-1,Abemaciclib,CP21R7,-0.1485737755513306,-0.018745679284686873
SNU-1,Afatinib,LJI308,0.199303549432699,0.2989535335007299
SNU-1,Abemaciclib,GSK1059615,0.35677884249873526,0.425227712136043
SNU-1,CP21R7,Erdafitinib ,0.6265432867601504,0.403130238182576
SNU-1,LB-100,Lapatinib ditosylate,0.4752598099529234,0.4552097728136827
SNU-1,Adagrasib,XRK3F2,-0.24189509116684782,-0.1829287732304524
SNU-1,Capivasertib,venetoclax,0.13111924709157285,0.058905840550933175
SNU-1,ERK5-IN-2,Regorafenib,0.4206048721446985,0.3540438230560339
SNU-1,DT-061,Erdafitinib ,0.24200325531290084,0.2760483325413351
SNU-1,DTP3,MK-8353,0.5664759556691993,0.2322761298606465
SNU-1,CP21R7,LB-100,0.4380440251274051,0.3868979745380202
SNU-1,Capivasertib,TAK-733,0.11558296134420394,0.05499458871030401
SNU-1,Abemaciclib,Anastrozole,0.37501157688786824,0.29583597024826497
SNU-1,Dabrafenib,Sapanisertib,0.8549999568669414,0.7892163020716306
SNU-1,Brivudine,Regorafenib,0.5278655871366557,0.4304166498562043
SNU-1,Regorafenib,Volasertib,0.36735793919566145,0.19275782641225558
SNU-1,Oxaliplatin,Tucatinib,0.3748062166138293,0.3073930730375789
SNU-1,CP21R7,PF-06260933,0.0791292726715959,0.16440996521822918
SNU-1,Anastrozole,Encorafenib,0.11941807847253794,0.2946551410669685
SNU-1,CP21R7,Lapatinib ditosylate,0.67563198093639,0.46969415549900784
SNU-1,Erdafitinib ,Tomivosertib,0.08468558045625701,0.4031442095209681
SNU-1,Celecoxib,Dabrafenib,0.405455718301659,0.26319067009360697
SNU-1,LJI308,ULK-101,0.4649010545872593,0.45311881359870704
SNU-1,TAK-733,Trametinib,0.4811627166309192,0.46473206993775457
SNU-1,Dabrafenib,TAK-733,0.06369516044672348,0.18753430683090344
SNU-1,Gemcitabine,Ralimetinib dimesylate,0.3922087434629045,0.38290516352462356
SNU-1,LB-100,Volasertib,0.47036404704465,0.29561250617140294
SNU-1,DTP3,ETC-206,0.550351116219711,0.2509538175320873
SNU-1,AZD-8055,ULK-101,0.359204754004807,0.3614220798079806
SNU-1,Bentamapimod,Methylprednisolone succinate,0.09110744394443317,0.076480293564016
SNU-1,BI-3406,TAK-733,0.517767269286038,0.5337660348607732
SNU-1,AZD-7648,MK-8353,0.3761783048098033,0.11719410585506283
SNU-1,Ipatasertib,LB-100,0.24969088700546554,0.3133144249765139
SNU-1,Afatinib,Brivudine,0.25386113342621813,0.27552235775754774
SNU-1,CP21R7,Trametinib,0.4568248565523935,0.39586497284426364
SNU-1,DT-061,Ipatasertib,0.15670378708208427,0.15533494167125436
SNU-1,Belzutifan,Bimiralisib,0.5424641570356167,0.48999656392487567
SNU-1,MK-3903,Volasertib,0.44867853107439176,0.18408554884138079
SNU-1,Regorafenib,Sapanisertib,0.4086061912243167,0.4405569009773141
SNU-1,Pemigatinib,Tucatinib,0.5718555280224924,0.4209960147743929
SNU-1,APTO-253,Pralsetinib,-0.03396717725176014,0.2060670500919096
SNU-1,Encorafenib,LY2090314,0.5952888422972071,0.38931295568905727
SNU-1,Bimiralisib,Tucatinib,0.4246063332292329,0.39927960362326576
SNU-1,9-ING-41,c-Kit-IN-1,-0.18382929505023823,-0.07589888717578577
SNU-1,Afatinib,BI-3406,0.7056499749020334,0.6630750468959704
SNU-1,LJI308,Pralsetinib,0.32505484706335824,0.4334493420176465
SNU-1,Brivudine,Oxaliplatin,0.2184114140538481,0.26758380866093523
SNU-1,LJI308,NVP-BHG712,0.35864991834831994,0.4313561620081679
SNU-1,Pemigatinib,Volasertib,0.4506003745046634,0.2857832942863704
SNU-1,Tomivosertib,Trametinib,0.1668601215012101,0.32532594502262047
SNU-1,CP21R7,ERK5-IN-2,0.638461031267206,0.5711831891905583
SNU-1,Minodronic acid,Tomivosertib,0.4036812769419097,0.4364868816889558
SNU-1,Dabrafenib,Tubulin inhibitor 6,0.20020086079695054,-0.001314764110522776
SNU-1,Bentamapimod,LB-100,0.4157018003117242,0.3568609257739334
SNU-1,Erdafitinib ,Oxaliplatin,0.332006179019814,0.41614429936257663
SNU-1,BAY1125976,Oxaliplatin,0.13474820396758314,0.11114992745707573
SNU-1,Oleic acid,palbociclib,0.26197136387653924,0.353843767107848
SNU-1,Afatinib,LY2090314,0.5090007000240381,0.4001166385223771
SNU-1,Pimitespib,venetoclax,0.1136832920846354,0.24172314662732958
SNU-1,Celecoxib,DTP3,0.5061107979592447,0.3774793586640156
SNU-1,ETC-206,olaparib,0.15970240021246976,0.03213096454527381
SNU-1,APTO-253,AZD-7648,0.3325476902297045,0.35388094557428934
SNU-1,Hydroxyfasudil,RMC-6236,0.5112405469683806,0.23767644111879202
SNU-1,Erdafitinib ,Hydroxyfasudil,0.596840271967962,0.3612446229049586
SNU-1,LB-100,Oleic acid,0.520901571199878,0.43018484373493093
SNU-1,Encorafenib,XRK3F2,0.8839547147181813,0.7211564547448319
SNU-1,Brivudine,PF-06260933,0.32281634660220515,0.3531526693044124
SNU-1,BI-78D3,Pimitespib,0.22511866614720638,0.19799219957461686
SNU-1,Celecoxib,Oxaliplatin,0.39968320783956346,0.4348343653844198
SNU-1,ERK5-IN-2,Tubulin inhibitor 6,0.3873288772070235,0.1344243317005569
SNU-1,Hydroxyfasudil,Temuterkib,0.5479895190633768,0.33820773587680736
SNU-1,Paclitaxel,ULK-101,0.30720861483483725,0.4229724658737172
SNU-1,AZD2858,venetoclax,0.10363120538387158,0.08791875447105246
SNU-1,Erdafitinib ,palbociclib,0.6172011539710337,0.4117996167750352
SNU-1,Irinotecan,Pralsetinib,0.6497597563108286,0.608311650495814
SNU-1,LB-100,RMC-6236,0.2284268625100453,0.29241112805164865
SNU-1,Sapanisertib,palbociclib,0.6112669610910133,0.510686758155273
SNU-1,Celecoxib,Oleic acid,0.40458006590827,0.4344286318410091
SNU-1,Encorafenib,Ipatasertib,0.869040994100413,0.786661858928089
SNU-1,Everolimus,GSK1059615,0.4855558102485655,0.5392150830058734
SNU-1,GSK1059615,PF-06260933,0.2631849725510154,0.35731636745653894
SNU-1,Bentamapimod,Everolimus,0.20987197506090527,0.30220803271845653
SNU-1,Bimiralisib,Irinotecan,0.03194014181503922,0.16494674255891112
SNU-1,RMC-6236,Ralimetinib dimesylate,0.5715581709647539,0.5127661599932641
SNU-1,DT-061,olaparib,0.3130154229491591,0.14688115006234861
SNU-1,CP21R7,MK-3903,0.4903521766307429,0.26278960419225084
SNU-1,Encorafenib,Temuterkib,0.6127697281010128,0.5725521945142252
SNU-1,Erdafitinib ,ULK-101,0.48853915547818416,0.4716528741494793
SNU-1,Paclitaxel,Trametinib,0.6353070505172775,0.5629601190491011
SNU-1,Minodronic acid,Tubulin inhibitor 6,0.5942865521389501,0.44344381525187904
SNU-1,DT-061,Sapanisertib,0.03677476236236925,-0.021517277053413407
SNU-1,Hydroxyfasudil,LJI308,0.5593171216055264,0.45149944894973754
SNU-1,Abemaciclib,TAK-733,0.7815643185011818,0.7035382577653513
SNU-1,AZD-8055,AZD2858,0.3116523017420907,0.2470349743314275
SNU-1,DTP3,Minodronic acid,0.4280030346092135,0.3117768998736616
SNU-1,Pimitespib,SBI-0640756,0.3503677153461792,0.2745497128499825
SNU-1,Celecoxib,SBI-0640756,0.4383848249453811,0.3940679340671653
SNU-1,Irinotecan,Minodronic acid,0.45780105073828564,0.4216547059781846
SNU-1,BAY1125976,Celecoxib,0.47470171768117514,0.27990419792419075
SNU-1,Brivudine,LY2090314,-0.09777057482233772,-0.06057542196504964
SNU-1,LY2090314,Regorafenib,0.28387045150612433,0.2529301203971479
SNU-1,AZD-7648,PF-06260933,0.17675049112030516,0.3178526248066164
SNU-1,AZD-7648,Celecoxib,0.49013269166543894,0.43708509709402654
SNU-1,BI-78D3,ULK-101,0.5104367152398525,0.5393862860733826
SNU-1,CP21R7,DTP3,0.5894629442426085,0.27337895200231915
SNU-1,Bentamapimod,Pralsetinib,-0.2136211789712887,-0.18431599079319957
SNU-1,BAY1125976,Lapatinib ditosylate,0.6706945420337704,0.4494086084652855
SNU-1,Celecoxib,Minodronic acid,0.5197787588138054,0.43817687098645847
SNU-1,Temuterkib,ULK-101,0.48207974270802006,0.4794809048888347
SNU-1,DTP3,Pemigatinib,0.6209033157367962,0.26729480711775533
SNU-1,AZD2858,CP21R7,0.4784183094835166,0.4157504189697856
SNU-1,Anastrozole,Volasertib,0.37388324158340014,0.2506040350864186
SNU-1,RMC-6236,SBI-0640756,0.22149109955513144,0.3219220062781039
SNU-1,ETC-206,Tomivosertib,0.006934475697728543,-0.00019093597441020502
SNU-1,GSK1059615,venetoclax,0.3224484043991967,0.4162728466616503
SNU-1,Oxaliplatin,Paclitaxel,0.03901900954630133,0.09970970635290648
SNU-1,AZD-8055,Pemigatinib,0.6030732978211146,0.31808923000471206
SNU-1,AZD2858,BI-3406,0.29724853419292707,0.3162503747724579
SNU-1,Pimitespib,Tomivosertib,0.22336916172260562,0.351263282994997
SNU-1,Everolimus,NVP-BHG712,0.27931775293468425,0.46939421380513136
SNU-1,Bentamapimod,GSK1059615,0.37458621574887296,0.37510196343678376
SNU-1,Everolimus,palbociclib,0.31237138477967774,0.4649530205863694
SNU-1,BI-3406,LJI308,0.44643938061286326,0.47651141181498285
SNU-1,Anastrozole,Gemcitabine,0.5668202811790162,0.4153685995541262
SNU-1,AZD-8055,DTP3,0.5852863650140813,0.22782163539188496
SNU-1,Ipatasertib,palbociclib,0.625559128176936,0.44641817324706967
SNU-1,AZD-7648,Trametinib,0.6944839936803551,0.5785800195995612
SNU-1,Minodronic acid,c-Kit-IN-1,0.24831610523136868,0.2482417421294301
SNU-1,Minodronic acid,RMC-6236,0.1826412881128388,0.16952948486410346
SNU-1,AZD2858,LJI308,0.4654898755560705,0.3926947516919703
SNU-1,BI-3406,olaparib,0.16085538982350855,0.23421197393416648
SNU-1,Temuterkib,olaparib,0.0223234405814212,0.11099368180502255
SNU-1,9-ING-41,olaparib,-0.2669324566501403,-0.24333611541268274
SNU-1,Afatinib,Bimiralisib,0.8416243781751603,0.7851132284006381
SNU-1,APTO-253,olaparib,0.1327974007132366,0.24047153992269038
SNU-1,BI-78D3,XRK3F2,0.7288453494720688,0.6790235049823218
SNU-1,Gemcitabine,LB-100,0.6449957918034382,0.5656628634559866
SNU-1,AZD-7648,venetoclax,0.22459012266963876,0.46939703388112425
SNU-1,LY2090314,NVP-BHG712,0.5697406508556152,0.35757245565333373
SNU-1,BI-3406,Hydroxyfasudil,0.572221015775717,0.4281150432915207
SNU-1,DTP3,Trametinib,0.42944953184544105,0.23054562966805164
SNU-1,BI-78D3,DTP3,0.6340766628017261,0.3632831315156714
SNU-1,LY2090314,PF-06260933,0.12696798094508188,0.18027658319111958
SNU-1,ERK5-IN-2,olaparib,-0.05598671595104558,0.05975456482134067
SNU-1,PF-06260933,Trametinib,0.1200268309404394,0.2827267791215786
SNU-1,APTO-253,Encorafenib,0.5012091136979813,0.4103394927247211
SNU-1,Abemaciclib,Methylprednisolone succinate,0.37123464861607247,0.3371322296747515
SNU-1,Dabrafenib,Temuterkib,0.7054019065667781,0.6463835718794129
SNU-1,ETC-206,LJI308,0.3108398567403175,0.14058544063167674
SNU-1,Abemaciclib,MK-3903,0.07655957923798508,0.36866102692254665
SNU-1,Hydroxyfasudil,venetoclax,0.14892694567871248,0.3209591170436772
SNU-1,AZD2858,Paclitaxel,0.3234200804526795,0.3810913768411726
SNU-1,LB-100,Temuterkib,0.5876546561463067,0.556254990171665
SNU-1,CP21R7,LJI308,0.2972853164726827,0.26298036965101235
SNU-1,BI-78D3,Irinotecan,0.12262065509952758,0.2682434296755017
SNU-1,Paclitaxel,SBI-0640756,0.17482561812439493,0.24139558336336545
SNU-1,Minodronic acid,Sapanisertib,0.24246228706832054,0.3199005981972239
SNU-1,Erdafitinib ,MK-3903,0.57975583727856,0.4908471364728355
SNU-1,Everolimus,Temuterkib,0.3911441619071719,0.47583204023962944
SNU-1,APTO-253,TAK-733,0.18588829982070038,0.2494161599735123
SNU-1,Sapanisertib,Vemurafenib,0.7560328567551081,0.6664840638069818
SNU-1,APTO-253,Oleic acid,0.2994971154443736,0.3910524927495596
SNU-1,DT-061,NVP-BHG712,0.12658084853239723,0.1720403939911961
SNU-1,Bentamapimod,MK-8353,0.6845777788701256,0.5294582767781674
SNU-423,Encorafenib,Temuterkib,0.581902337991468,0.6177963700112633
SNU-423,Erdafitinib ,olaparib,0.17120257410530546,0.28893745012311867
SNU-423,Erdafitinib ,TAK-901,0.043227299337885716,0.1506915359283087
SNU-423,GSK1059615,Regorafenib,0.2638948762001595,0.41053315272587154
SNU-423,AZD1390,AZD2858,0.4405067957052651,0.27389366938860155
SNU-423,Oxaliplatin,ULK-101,0.3188384897685167,0.416670867512803
SNU-423,AZD2858,TAK-901,-0.06054229150896785,-0.12896680817022105
SNU-423,Lonafarnib,PF-06260933,0.07565110446048645,0.1411690369238864
SNU-423,Dabrafenib,RMC-6236,0.2728015268430506,0.3154601946060743
SNU-423,DTP3,Irinotecan,0.48054192301655096,0.4232242376545083
SNU-423,4EGI-1,HI-TOPK-032,0.42394587096474606,0.3879056722225792
SNU-423,BI-3406,Volasertib,0.23091192434880775,0.1884534299152276
SNU-423,Alpelisib,Ixazomib,0.28400989626784245,0.33373223855669454
SNU-423,AT7519,OTS514,0.1955083274260914,0.2533932986417671
SNU-423,ETC-206,Vemurafenib,0.7007313112590401,0.6601109062076541
SNU-423,Ipatasertib,vincristine,-0.16184903896471634,-0.03410503244718249
SNU-423,AZD1390,Erdafitinib ,0.45150485916394867,0.45347109036153355
SNU-423,AZD2858,Binimetinib,0.2408839149132393,0.16539801124522638
SNU-423,AZD-7648,Irinotecan,0.585229897519435,0.6218064575308192
SNU-423,Capmatinib,PF-06260933,0.04428391906102864,0.1032824182192967
SNU-423,LY-2584702 (tosylate salt),ML264,-0.3266162254899819,-0.09227947995906703
SNU-423,Infigratinib,NVP-BHG712,0.5398822629691299,0.5457792532622519
SNU-423,LB-100,Tomivosertib,0.24969498538472476,0.36153373721234855
SNU-423,IQ 1,Pimitespib,0.41403523129521874,0.3083154144863937
SNU-423,CP21R7,Elimusertib hydrochloride,0.6281023054615883,0.4002981200305555
SNU-423,Belumosudil (mesylate),LY2090314,0.14518775965859923,0.20112310735923217
SNU-423,Infigratinib,Oleic acid,0.36812967309366845,0.35309348175628574
SNU-423,ETC-206,ULK-101,0.5250141853830516,0.49795333787358276
SNU-423,ERK5-IN-2,Methylprednisolone succinate,0.2218746515233344,0.34162363293230863
SNU-423,DTP3,Ralimetinib dimesylate,0.2630545513047577,0.34174320465969843
SNU-423,Belzutifan,Dabrafenib,0.13369397717497056,0.14630278998389562
SNU-423,ETC-206,Sonidegib,0.24929634783298427,0.36841803884920704
SNU-423,LY-2584702 (tosylate salt),Regorafenib,0.45563382695492044,0.40810451236975437
SNU-423,BI-3406,TAK-733,0.24530346377275644,0.3186510938963156
SNU-423,DT-061,TAK-733,0.162628940017559,0.2106909980913571
SNU-423,Anastrozole,NG25,0.35050680830163583,0.42523552731333825
SNU-423,Capivasertib,ETC-206,0.5848229421746878,0.48983972575884854
SNU-423,9-ING-41,Vemurafenib,0.7699401606557192,0.7755945635105903
SNU-423,Lonafarnib,NG25,0.22689035627773216,0.16815037462809143
SNU-423,Encorafenib,Ralimetinib dimesylate,0.6067301333693348,0.6307163909022784
SNU-423,SBI-0640756,Sonidegib,0.39770975254377616,0.2849957564560017
SNU-423,Erdafitinib ,c-Kit-IN-1,0.1896578022366094,0.319532605182004
SNU-423,Capivasertib,Volasertib,0.43156927758465596,0.3403539988968363
SNU-423,AZD-8055,Anastrozole,0.4537800401332328,0.3786846291587556
SNU-423,GSK1059615,PH-797804,0.25551514816581233,0.30958517126285384
SNU-423,Capmatinib,palbociclib,0.6946426547173261,0.4825677584934654
SNU-423,AT7519,Lonafarnib,0.035338393256693815,-0.0066722209873548415
SNU-423,Capivasertib,Paclitaxel,0.10608797297156677,0.19058116188303628
SNU-423,Binimetinib,PF-06260933,0.005961321031822873,0.10373733348916522
SNU-423,Pimitespib,Ralimetinib dimesylate,0.03836435149615381,0.18018966557419752
SNU-423,LY-2584702 (tosylate salt),Lonafarnib,0.405106517436057,0.2725331090343822
SNU-423,ERK5-IN-2,Irinotecan,0.28196311304706806,0.4147950176423718
SNU-423,9-ING-41,LY2090314,0.5395476451299728,0.5602924624821174
SNU-423,DT-061,c-Kit-IN-1,0.13869446901052881,0.15410050725972999
SNU-423,Encorafenib,venetoclax,-0.024663976952026767,0.22658189347127403
SNU-423,AZD-7648,AZD1390,0.3167564332776964,0.3988021368440434
SNU-423,NG25,Pemigatinib,0.04866624184943652,0.33347779059848986
SNU-423,Abemaciclib,Alpelisib,0.06765425010108246,0.13462357033954414
SNU-423,Anastrozole,Capmatinib,0.4575210732907028,0.47068501419984154
SNU-423,Hydroxyfasudil,Ixazomib,0.5361702383878824,0.4707999848572162
SNU-423,BI-3406,Erdafitinib ,0.4338343722419454,0.41744893168135955
SNU-423,Pimitespib,venetoclax,0.27601048919266014,0.26078405918090936
SNU-423,Paclitaxel,Regorafenib,0.20679360084474918,0.34163140264031494
SNU-423,Futibatinib,Torkinib,0.22281572508417544,0.25177400583199605
SNU-423,BI-3406,TAK-901,0.0918064985643933,0.15488532392860915
SNU-423,4EGI-1,Torkinib,0.6247459787777001,0.4368833212455744
SNU-423,Gemcitabine,MK-8353,0.6151163056215179,0.6090310552269061
SNU-423,ERK5-IN-2,Oxaliplatin,0.2232888129425571,0.34870652482947734
SNU-423,Pimitespib,Temuterkib,0.054139381156248056,0.182069675851291
SNU-423,APTO-253,RMC-6236,0.2221110396371958,0.2491650386365919
SNU-423,Erdafitinib ,Ralimetinib dimesylate,0.519355936417955,0.5905796918657491
SNU-423,Pralsetinib,TAK-733,0.23045110831208954,0.18487118798697308
SNU-423,Belzutifan,Oleic acid,0.4995631726158661,0.4454379594534691
SNU-423,Sonidegib,Tucatinib,-0.025851847583277042,0.13165609891224245
SNU-423,APTO-253,Tubulin inhibitor 6,0.46486400511217274,0.5047591579829549
SNU-423,Lonafarnib,MK-3903,-0.06415116905535571,-0.1341635627835632
SNU-423,ERK5-IN-2,ULK-101,0.33922016552975764,0.42840485473208856
SNU-423,AZD1390,Sapanisertib,0.3798393551866167,0.2366953922071977
SNU-423,Belumosudil (mesylate),Celecoxib,0.3911361800648074,0.3150792389465978
SNU-423,9-ING-41,Infigratinib,0.5103200314877601,0.5824015105997318
SNU-423,EX229,TAK-733,0.8570177148726222,0.7758421059467646
SNU-423,Everolimus,Lapatinib ditosylate,0.6384145811833243,0.5771678851008152
SNU-423,Everolimus,Tubulin inhibitor 6,0.48265257913859516,0.5220832803828476
SNU-423,MK-3903,Ralimetinib dimesylate,0.29303250004621234,0.4180472704837823
SNU-423,Everolimus,Volasertib,0.6807443367284729,0.6463516963608008
SNU-423,AZD2858,DT-061,0.45377525874791413,0.3492757292072941
SNU-423,LY2090314,Regorafenib,0.2633797183670086,0.371939997390459
SNU-423,9-ING-41,Pimitespib,0.3221548640492977,0.21977677749379995
SNU-423,Gemcitabine,Oleic acid,0.5152020670160691,0.421796388210976
SNU-423,Hydroxyfasudil,Tubulin inhibitor 6,0.5601206518878179,0.45814172271734
SNU-423,BI-78D3,Pralsetinib,-0.216186245907999,0.03820154775246201
SNU-423,AT7519,ML264,0.57932429428109,0.6248771715730763
SNU-423,LJI308,Trametinib,0.6191419398525363,0.5638574695697396
SNU-423,ERK5-IN-2,Vemurafenib,0.5471259992711657,0.6473410124857294
SNU-423,AZD-8055,ULK-101,0.7353653865853897,0.5789027287094887
SNU-423,Lonafarnib,ML264,-0.12526853465074278,-0.03474533147431229
SNU-423,Abemaciclib,Vemurafenib,0.02370359882717854,0.2822445255540424
SNU-423,9-ING-41,Pemigatinib,0.5656045181234309,0.6273950026394953
SNU-423,Belzutifan,Temuterkib,0.2497562943932044,0.2963191911365636
SNU-423,AZD-8055,Volasertib,0.5185362589659847,0.3929658620966162
SNU-423,Lonafarnib,NVP-BHG712,-0.056871267716742384,-0.021963466847411232
SNU-423,AT7519,LY2090314,0.3161537547145634,0.3812253370412406
SNU-423,BAY1125976,TAK-733,0.1587963634552876,0.24051670619032234
SNU-423,RMC-6236,Tubulin inhibitor 6,0.19349298297753403,0.24330474431538499
SNU-423,LY2090314,Temuterkib,0.7012044833054546,0.692165348891694
SNU-423,4EGI-1,Hydroxyfasudil,0.47407343834978816,0.35828565446330035
SNU-423,Celecoxib,LJI308,0.11919605623499864,0.24369989430018416
SNU-423,9-ING-41,ULK-101,0.5731931717030387,0.522434875699806
SNU-423,Afatinib,Erdafitinib ,0.5435971308061762,0.5307701121028201
SNU-423,BAY1125976,BI-78D3,0.6040553457127907,0.6019459560096211
SNU-423,AZD2858,Lapatinib ditosylate,0.45701449243660525,0.4011427858503012
SNU-423,Belumosudil (mesylate),Encorafenib,0.26937205162657374,0.4145624775029717
SNU-423,AZD1390,vincristine,0.39111651907556433,0.3969539092049919
SNU-423,Anastrozole,ULK-101,0.5283443390711383,0.5462036649501419
SNU-423,Ipatasertib,Volasertib,0.24141510830037025,0.3288608160184606
SNU-423,Infigratinib,venetoclax,-0.06100217909683209,0.022578651730277247
SNU-423,DTP3,PF-06260933,0.009398197088197339,-0.0056636313126827605
SNU-423,AZD1390,Ralimetinib dimesylate,0.13474821829415984,0.2917030830708398
SNU-423,APTO-253,Bimiralisib,0.2726114753427643,0.30450114372326476
SNU-423,BI-78D3,LJI308,0.13656485612298114,0.2951494304227341
SNU-423,Everolimus,Lonafarnib,0.09861994612744523,0.10742530236300066
SNU-423,Afatinib,LY-2584702 (tosylate salt),-0.2540288676870289,-0.11479864141052962
SNU-423,Minodronic acid,venetoclax,0.09346161649419668,0.20918103696712925
SNU-423,GSK1059615,Pralsetinib,0.03822923716780533,0.00041216758474855314
SNU-423,Irinotecan,Lonafarnib,0.20077888857736065,0.11142196841154842
SNU-423,Anastrozole,Pimitespib,0.4841591640437218,0.4322987050191074
SNU-423,NVP-BHG712,venetoclax,-0.029182566716033965,-0.013988116548419884
SNU-423,Adagrasib,Futibatinib,0.03902801028505893,0.20114077487248525
SNU-423,Anastrozole,Temuterkib,0.4191483189153602,0.3876716015550244
SNU-423,Hydroxyfasudil,Lapatinib ditosylate,0.06338222308714349,0.12150918685036505
SNU-423,OTS514,PH-797804,0.06233194705753365,0.04245526553560305
SNU-423,Bimiralisib,MK-8353,0.22789707886133168,0.21825678651616673
SNU-423,CP21R7,IQ 1,0.3800402737625728,0.3048776258011969
SNU-423,Abemaciclib,GSK1059615,0.252302559219786,0.2954639734696086
SNU-423,Lonafarnib,olaparib,0.327555613777183,0.2463070083765438
SNU-423,AZD-7648,EX229,0.042847512767111115,0.19061033205500888
SNU-423,Futibatinib,Irinotecan,0.21614393818909072,0.30205175261441625
SNU-423,Binimetinib,DTP3,-0.0002376890116931804,0.04100630222439309
SNU-423,Anastrozole,Erdafitinib ,0.5321512967390999,0.5495120118836829
SNU-423,Capmatinib,Ixazomib,0.3176018832087327,0.34465663609749264
SNU-423,ERK5-IN-2,Sapanisertib,0.6220084295075987,0.6564506303408162
SNU-423,AZD2858,BAY1125976,0.12576228717964794,0.15400054812266567
SNU-423,Sapanisertib,Trametinib,0.539711035177727,0.5277037766983388
SNU-423,Afatinib,Oleic acid,0.13501056599382147,0.16261473944799085
SNU-423,Binimetinib,MK-3903,0.40870354165842276,0.3733812855609483
SNU-423,Pralsetinib,RMC-6236,-0.08856750130141139,-0.03954911026181182
SNU-423,GSK1059615,IQ 1,0.5273772286667994,0.3937416930908756
SNU-423,ERK5-IN-2,Sonidegib,0.19064473121091244,0.2865654782054238
SNU-423,Alpelisib,BI-78D3,0.18367874883455793,0.31518182411219053
SNU-423,Trametinib,Tubulin inhibitor 6,0.3188043617763519,0.29987627428505964
SNU-423,Minodronic acid,TAK-901,-0.09452577377653401,0.04248200910829755
SNU-423,Belzutifan,Regorafenib,0.3430991752583102,0.3936159273922648
SNU-423,TAK-733,Torkinib,0.25601904848887214,0.2691706686406041
SNU-423,AZD1390,Adagrasib,0.3098690496981654,0.4730359128291224
SNU-423,Bimiralisib,Vemurafenib,0.41468406260148044,0.4523701712806524
SNU-423,HI-TOPK-032,LY-2584702 (tosylate salt),0.423767724867168,0.3115028605097794
SNU-423,Brivudine,Tubulin inhibitor 6,0.39329914956722906,0.3611700989944569
SNU-423,PH-797804,TAK-901,0.720867909482149,0.6753358500194019
SNU-423,AZD-8055,Alpelisib,0.6338732631183741,0.6019733198673598
SNU-423,APTO-253,Belumosudil (mesylate),0.18547865678667105,0.32563607993918425
SNU-423,Capivasertib,Torkinib,0.7012700881812205,0.4700164010557499
SNU-423,Binimetinib,vincristine,-0.07998297464236459,0.0029483227338072716
SNU-423,Oleic acid,Tomivosertib,-0.12773136019756165,0.08173822282604544
SNU-423,Oleic acid,Regorafenib,0.3632049060478393,0.43295706707581516
SNU-423,ML264,Trametinib,0.18723792712041615,0.34163635374811224
SNU-423,Ralimetinib dimesylate,Trametinib,0.08638295450923648,0.20222645824474042
SNU-423,AZD-7648,Lapatinib ditosylate,0.3692900850486508,0.27063270369353165
SNU-423,Adagrasib,Torkinib,0.47920472349055865,0.3919113056487683
SNU-423,DT-061,Paclitaxel,0.007591118100244397,0.009932528120031136
SNU-423,ETC-206,NVP-BHG712,0.6315200649803973,0.6086999886598758
SNU-423,Torkinib,olaparib,0.46715668347360517,0.3189656361842749
SNU-423,Celecoxib,Vemurafenib,0.586915975418564,0.5683942225746834
SNU-423,Futibatinib,Hydroxyfasudil,-0.0318218174280182,0.18399274713071703
SNU-423,Alpelisib,Belumosudil (mesylate),0.5067384110184697,0.486383197880457
SNU-423,Brivudine,Torkinib,0.30441621740318947,0.2095810947137533
SNU-423,Pemigatinib,Ralimetinib dimesylate,0.3375256223547124,0.4742257260249203
SNU-423,Alpelisib,NVP-BHG712,0.19235772909109655,0.26805937270235913
SNU-423,AZD2858,DTP3,0.49271608100479103,0.30805505696604346
SNU-423,HI-TOPK-032,Tubulin inhibitor 6,0.5113164301695531,0.4456512081470782
SNU-423,PF-06260933,vincristine,0.17423922541795528,0.1914680821518013
SNU-423,Belumosudil (mesylate),Ixazomib,0.4215534428833272,0.4558282972622044
SNU-423,AZD1390,Paclitaxel,0.17936892163106746,0.18896507930567785
SNU-423,Brivudine,Celecoxib,0.30153574213287376,0.32935023136175773
SNU-423,Torkinib,XRK3F2,0.11571339174015931,0.061754347562090764
SNU-423,Belumosudil (mesylate),Tubulin inhibitor 6,0.42738561221358334,0.40427503571432905
SNU-423,AZD1390,Bimiralisib,0.26438721747994454,0.3072530777032747
SNU-423,Ixazomib,MK-3903,0.18154452773432556,0.2769589776601534
SNU-423,Elimusertib hydrochloride,RMC-6236,0.6035758205282815,0.474226139389859
SNU-423,AZD1390,LB-100,0.59890290222823,0.49165785376682614
SNU-423,LY2090314,Lonafarnib,-0.22341683700018458,-0.21518732802240526
SNU-423,Lonafarnib,vincristine,0.25697881031914777,0.288654546359074
SNU-423,PH-797804,vincristine,0.157781701018633,0.20182931202344853
SNU-423,Afatinib,Sonidegib,0.15708346007586435,0.2870882083395024
SNU-423,LJI308,SBI-0640756,0.3221229524983903,0.40148237935351866
SNU-423,RMC-6236,Temuterkib,0.25501607059592885,0.3578703816809972
SNU-423,Binimetinib,Tomivosertib,-0.06085796174700741,0.11669526679611512
SNU-423,AT7519,Hydroxyfasudil,0.14130884472018163,0.11802159537286347
SNU-423,Anastrozole,Oxaliplatin,0.5062382303907655,0.5399621461744232
SNU-423,Capivasertib,vincristine,0.42189690360104926,0.40247147391235905
SNU-423,Gemcitabine,Lapatinib ditosylate,0.4527929937901937,0.3721877442196703
SW 900,BI-3406,palbociclib,0.7105633564234963,0.6248766472402654
SW 900,Belumosudil (mesylate),Tomivosertib,0.40284578231011015,0.4728354927195824
SW 900,ETC-206,ML264,0.46676740597059996,0.4940604877603505
SW 900,Ralimetinib dimesylate,vincristine,0.26777074792196665,0.3375194642572188
SW 900,Irinotecan,PH-797804,0.433200840225861,0.43787432827454414
SW 900,AZD-8055,Afatinib,0.7482308593967437,0.6764930106368889
SW 900,Ipatasertib,NVP-BHG712,0.6507138304640702,0.644935273131364
SW 900,OTS514,olaparib,0.39570854589518867,0.24142301762742147
SW 900,MK-3903,venetoclax,0.2563922401051,0.16054655160096196
SW 900,ML264,Temuterkib,0.7509563098160702,0.7252327627393405
SW 900,Capmatinib,Celecoxib,0.18823953408790173,0.19590857281843393
SW 900,BI-3406,Celecoxib,0.18411122942217087,0.19852264373137496
SW 900,LY2090314,Lapatinib ditosylate,0.8165590820550365,0.68736896859164
SW 900,AZD-8055,Adagrasib,0.1662757684024074,0.15022484636440422
SW 900,Adagrasib,MK-8353,0.15688323124440204,0.3604035998632109
SW 900,AZD1390,LB-100,0.5645591904450887,0.31174415073539796
SW 900,Encorafenib,LB-100,0.23755844084458597,0.3191210027686472
SW 900,Afatinib,Elimusertib hydrochloride,0.48708043615377633,0.47053040376150074
SW 900,ETC-206,LY2090314,0.5379383055486054,0.634780501063811
SW 900,Capivasertib,LJI308,0.5038851694531055,0.36830571994612926
SW 900,Elimusertib hydrochloride,Temuterkib,-0.1586880607570578,0.022127731389147254
SW 900,Afatinib,Erdafitinib ,0.1046689654385945,0.12271967923217234
SW 900,4EGI-1,Brivudine,-0.10413548316635708,0.362922005531766
SW 900,EX229,Oleic acid,0.08639003726550079,0.168814464653786
SW 900,Lapatinib ditosylate,PF-06260933,0.25489395041356333,0.26206518887626823
SW 900,APTO-253,Paclitaxel,0.16670011006825425,0.4047277174313654
SW 900,ETC-206,palbociclib,0.28257761806221976,0.1570647062305602
SW 900,Capmatinib,OTS514,0.03415045609742323,0.032739588086430266
SW 900,Volasertib,c-Kit-IN-1,-0.05968620586150255,0.28507799444598614
SW 900,AZD1390,Tubulin inhibitor 6,0.600880083564611,0.5493883147708005
SW 900,LJI308,Pemigatinib,0.17291167374689798,0.40554123433142386
SW 900,BI-78D3,Minodronic acid,0.3726011683181918,0.49497139923649036
SW 900,APTO-253,ERK5-IN-2,0.5414146617940738,0.5125670475163442
SW 900,Elimusertib hydrochloride,XRK3F2,0.5449929326600793,0.45046373466365597
SW 900,AZD1390,Oxaliplatin,0.45724714374092695,0.5022832046573605
SW 900,Futibatinib,Vemurafenib,0.20724462846297914,0.3181328463769061
SW 900,AZD-7648,Gemcitabine,0.6015398495547244,0.5535295968866681
SW 900,Alpelisib,Tubulin inhibitor 6,0.2606438474813716,0.35174946729812306
SW 900,AZD1390,Hydroxyfasudil,0.6175534118605669,0.3341385973070051
SW 900,Infigratinib,Volasertib,0.42039540640636486,0.49484252913418314
SW 900,Abemaciclib,Alpelisib,0.19105771867014687,0.1591871016104216
SW 900,ML264,olaparib,0.1686346563361797,0.33613985847979877
SW 900,Belumosudil (mesylate),Sapanisertib,0.21330639422296754,0.37516227779772215
SW 900,Gemcitabine,Irinotecan,0.5714473873390449,0.7231735618934259
SW 900,LB-100,vincristine,0.2586834056313221,0.21628770482899834
SW 900,APTO-253,Ralimetinib dimesylate,0.4650851332418816,0.5555272665439867
SW 900,Brivudine,Everolimus,0.1540547435912718,0.3346518872899198
SW 900,Binimetinib,LJI308,0.3050409523192731,0.20892176106855936
SW 900,Alpelisib,Pemigatinib,0.05921633018855864,0.23554589090022943
SW 900,Tomivosertib,Torkinib,0.1780556060300662,0.2146439462132118
SW 900,Paclitaxel,Ralimetinib dimesylate,0.4346407390601849,0.5469715358787443
SW 900,MK-3903,Trametinib,0.5938397839669918,0.5480668870028574
SW 900,ETC-206,Minodronic acid,0.6405006105042601,0.5043305751076603
SW 900,Belumosudil (mesylate),Everolimus,0.5219904526316193,0.5808390676934948
SW 900,DT-061,Elimusertib hydrochloride,0.7085055121497243,0.6457416604766066
SW 900,Capmatinib,Vemurafenib,0.7104570080331559,0.6634827789525384
SW 900,Abemaciclib,Everolimus,0.5095215022910652,0.5570704222448565
SW 900,GSK1059615,Hydroxyfasudil,0.21729935652996932,0.35636871710437584
SW 900,Tomivosertib,ULK-101,0.41218030175135684,0.473365453625919
SW 900,Infigratinib,Regorafenib,0.22049390160219196,0.3173374275874926
SW 900,Pimitespib,Regorafenib,0.3377107306959614,0.29348349184752454
SW 900,Ipatasertib,LB-100,0.23846782182308154,0.3181839720346875
SW 900,Irinotecan,ML264,0.21624582312788074,0.45169112129249034
SW 900,Gemcitabine,SBI-0640756,0.22810255512839553,0.38807099615238316
SW 900,Binimetinib,Trametinib,0.8297374429921961,0.737546300542435
SW 900,Ipatasertib,Vemurafenib,0.5416920190825487,0.6167122300065908
SW 900,Irinotecan,Tucatinib,0.08783851551525304,0.348442815036794
SW 900,Pimitespib,Sapanisertib,-0.2670318491568871,-0.059163744023407
SW 900,Gemcitabine,ML264,0.31814929301825623,0.45767276446457117
SW 900,Lapatinib ditosylate,ML264,0.5704766170816603,0.5229250588446616
SW 900,LY2090314,Minodronic acid,0.637322958145781,0.558481341168522
SW 900,Erdafitinib ,XRK3F2,0.2961299905922237,0.36788708540716925
SW 900,ERK5-IN-2,HI-TOPK-032,-0.1131256799597656,0.28977240020808614
SW 900,Brivudine,Capmatinib,0.6024406627450544,0.5868135371001961
SW 900,Pemigatinib,SBI-0640756,0.06410831183334229,0.3904296996243718
SW 900,Paclitaxel,Temuterkib,0.48936809220461747,0.5612625333436156
SW 900,DT-061,MK-8353,0.05831105009317761,0.08504011049612333
SW 900,OTS514,TAK-901,-0.027241980986898694,-0.045429683265128286
SW 900,Hydroxyfasudil,Regorafenib,0.3926796413554197,0.3327301548809116
SW 900,AZD-7648,SBI-0640756,-0.05791950793489825,0.02464975231217397
SW 900,Gemcitabine,PF-06260933,0.03719949478277601,0.24441880611391595
SW 900,ERK5-IN-2,Encorafenib,0.44630589786883956,0.5947617353030074
SW 900,ETC-206,SBI-0640756,0.32538547052149064,0.3200334960486236
SW 900,ETC-206,NG25,0.18030178469057082,0.20186555328800893
SW 900,4EGI-1,Infigratinib,0.33103257457938046,0.4257902619507269
SW 900,BI-3406,IQ 1,0.5886011275798559,0.5050072651449761
SW 900,Adagrasib,Temuterkib,-0.05989761031294465,0.2737122608803093
SW 900,AZD2858,Oleic acid,0.5352626249587652,0.35519095846155513
SW 900,BI-3406,Belumosudil (mesylate),0.08942982360176359,0.17075396631007586
SW 900,Alpelisib,PH-797804,0.30557642157955694,0.27336976407986985
SW 900,DTP3,LY2090314,0.4582812082249719,0.28314081431842963
SW 900,Alpelisib,Infigratinib,0.10449572235597715,0.1633576137010933
SW 900,EX229,Ipatasertib,0.31138733335092894,0.34037411380832794
SW 900,AZD-7648,Ixazomib,0.27299342247431896,0.3544899461947084
SW 900,EX229,Erdafitinib ,-0.10945551922455914,-0.06700417422724919
SW 900,DT-061,palbociclib,0.6923406216429456,0.47058905617738395
SW 900,Afatinib,Celecoxib,0.05535923501311137,0.20782770385713178
SW 900,NVP-BHG712,c-Kit-IN-1,0.3048407354709642,0.36777609299288205
SW 900,NG25,Trametinib,0.5378882200714807,0.5507517070932186
SW 900,Dabrafenib,Elimusertib hydrochloride,-0.2784152680949442,-0.02732966604992828
SW 900,Futibatinib,HI-TOPK-032,0.05679491457710787,0.36687601331921216
SW 900,Regorafenib,Tubulin inhibitor 6,0.3252944420850685,0.5076960810626219
SW 900,Torkinib,venetoclax,0.17602995271699873,0.13565788925449565
SW 900,Futibatinib,Ixazomib,0.3664789321211905,0.22020134629667057
SW 900,Bimiralisib,Futibatinib,-0.01473330568193024,0.10184950991317218
SW 900,Belumosudil (mesylate),Hydroxyfasudil,0.5785030782230675,0.41503156416116166
SW 900,Anastrozole,ETC-206,0.48572891795827544,0.3843892842627681
SW 900,GSK1059615,LB-100,0.2972021316250375,0.33925475183548504
SW 900,EX229,Paclitaxel,0.3249009650565884,0.3525961447969179
SW 900,Minodronic acid,PH-797804,-0.059008398488660276,0.058859164704341806
SW 900,BI-3406,Irinotecan,0.4974366379086618,0.4740948837036518
SW 900,Erdafitinib ,Hydroxyfasudil,0.347115214925422,0.44182338634549473
SW 900,Ipatasertib,Pralsetinib,-0.07927057240288893,0.08634212508218062
SW 900,4EGI-1,AZD1390,0.42355251352982176,0.5430434979585407
SW 900,LJI308,Volasertib,0.30585197780031714,0.489826740099915
SW 900,BI-3406,Pralsetinib,0.1928978579355204,0.24801453124668033
SW 900,LB-100,PF-06260933,0.2491347414058041,0.24983141699479366
SW 900,BI-78D3,olaparib,0.17873645457105777,0.23230876166673492
SW 900,Capivasertib,ULK-101,0.2190791208442779,0.2936774094869318
SW 900,DTP3,MK-8353,0.5122735078610859,0.3022167791629
SW 900,Alpelisib,SBI-0640756,0.1661615574035288,0.19382465469863697
SW 900,Dabrafenib,LJI308,0.1257301382312883,0.3755501187587923
SW 900,GSK1059615,TAK-901,0.06857232694573612,0.03683391091484989
SW 900,Binimetinib,Torkinib,0.29826541933534667,0.307190884331222
SW 900,Capivasertib,venetoclax,0.10438633854798982,0.13394796974991924
SW 900,AT7519,olaparib,0.24665607878265688,0.3109494144919997
SW 900,Alpelisib,Ixazomib,0.3011024402873889,0.4038005553841376
SW 900,AZD1390,BI-78D3,0.41368090653360406,0.4012241253780336
SW 900,Gemcitabine,OTS514,0.09947631891720045,0.11296937837010923
SW 900,Everolimus,Tucatinib,0.5218340997559198,0.5878647628763708
SW 900,Adagrasib,Ixazomib,0.025353750247838952,0.169140706324165
SW 900,Bentamapimod,OTS514,0.2607854006031345,0.3844374700441408
SW 900,Bentamapimod,ML264,0.5154501734452569,0.5615278335371038
SW 900,Binimetinib,DTP3,0.058674013758511855,0.10812768177030661
SW 900,Binimetinib,ERK5-IN-2,-0.0499460460917493,0.16433125261063686
SW 900,Afatinib,BAY1125976,0.09309861098487887,0.2560097158318646
SW 900,DTP3,NG25,-0.2148611430628347,0.016078270281519307
SW 900,Celecoxib,NG25,0.19635246803735673,0.232792285576742
SW 900,BAY1125976,Temuterkib,0.7401938786805348,0.7093365867969211
SW 900,CP21R7,Volasertib,0.5200707312780716,0.2508370927628219
SW 900,Everolimus,RMC-6236,0.061437644802695035,0.21248038990395318
SW 900,BI-3406,Sapanisertib,0.06426575519492607,0.22658527768730458
SW 900,Regorafenib,Vemurafenib,0.6924607086854767,0.6412760144364457
SW 900,AZD2858,Anastrozole,0.13558153748666252,0.06286411022276592
SW 900,OTS514,Pemigatinib,0.36904245436148236,0.27401316266581294
SW 900,Alpelisib,Dabrafenib,-0.14432965771071055,0.12162369206591689
SW 900,IQ 1,Regorafenib,0.6234566607571046,0.5169308317944212
SW 900,Sonidegib,Tubulin inhibitor 6,0.4782213935446694,0.5151959181271185
SW 900,Binimetinib,Encorafenib,0.6112184132363032,0.5404443825962193
SW 900,DTP3,Ixazomib,0.323420879626104,0.29808046382353115
SW 900,Everolimus,Futibatinib,0.24830757442301107,0.2736146474397181
SW 900,Adagrasib,TAK-733,0.36648529831019283,0.33926136291852077
SW 900,Afatinib,LY2090314,0.08090638084721245,0.1666510442332089
SW 900,Ralimetinib dimesylate,Tomivosertib,0.368837193063064,0.43871222861958
SW 900,Everolimus,Trametinib,0.04822398047039833,0.16760844851751142
SW 900,Celecoxib,Erdafitinib ,0.41588647163115344,0.4266041206151825
SW 900,Everolimus,IQ 1,0.12548329473145914,0.35083570538023867
SW 900,Pemigatinib,venetoclax,-0.2703574797023823,0.1403758246713571
SW 900,AZD-7648,Bimiralisib,0.5832694685772297,0.5428335634678095
SW 900,Everolimus,PF-06260933,0.35820859977895625,0.4088719177153948
SW 900,Ixazomib,Trametinib,0.23153220302332583,0.36954044941903263
SW 900,Lapatinib ditosylate,Pimitespib,0.2543425410708667,0.3299882096711698
SW 900,9-ING-41,Pralsetinib,0.04058258071075319,0.10618378774744518
SW 900,Ixazomib,ULK-101,0.22077743143996206,0.2981479217922581
SW 900,APTO-253,AT7519,0.5127738889018693,0.5331346543987019
SW 900,BI-78D3,Celecoxib,0.4255771993823539,0.5045868428702559
SW 900,Binimetinib,Oleic acid,0.1978385934590845,0.16336302226021554
SW 900,PF-06260933,palbociclib,-0.1724898261948234,0.0971692124637058
SW 900,9-ING-41,Brivudine,0.21301021784035967,0.34393585619486594
SW 900,CP21R7,Encorafenib,0.441389658673778,0.3456212758680999
SW 900,Celecoxib,LB-100,0.5848153603796495,0.5031767046199935
SW 900,Alpelisib,Methylprednisolone succinate,0.31802450445337294,0.26048083806213496
SW 900,Belumosudil (mesylate),PH-797804,-0.006907224113000065,0.15272094647479384
SW 900,BAY1125976,Minodronic acid,0.1899456028070733,0.2955163621278686
SW 900,BAY1125976,Volasertib,0.5441753830321746,0.4315699122458975
SW 900,AZD2858,ETC-206,0.552355774089024,0.31698039554951335
SW 900,BI-78D3,Futibatinib,0.31522045934589077,0.29460450392376125
SW 900,Alpelisib,OTS514,0.004162390396739286,0.0058393162458554235
SW 900,Encorafenib,olaparib,0.16423758976754418,0.2801716600286697
SW 900,XRK3F2,c-Kit-IN-1,0.07137789250029261,0.12269316071232543
SW 900,BI-78D3,MK-3903,0.4442604066468319,0.5010825391413198
SW 900,Afatinib,Encorafenib,0.8342069280550314,0.8235099488282381
SW 900,Adagrasib,Brivudine,0.36283525674930167,0.3673382559991002
SW 900,AT7519,LB-100,0.5862938127171287,0.523559902567565
SW 900,Dabrafenib,Regorafenib,-0.1318472176308137,0.24760184991528705
SW 900,Capivasertib,MK-3903,0.09299292830945458,0.1669276007715651
SW 900,PH-797804,c-Kit-IN-1,0.6570286496204127,0.6242652494374252
SW 900,Alpelisib,Tomivosertib,0.18249447578176653,0.27049418609659814
SW 900,APTO-253,Futibatinib,0.42990659803935244,0.28949488665552897
SW 900,Capivasertib,Pimitespib,0.5609780191417386,0.3769338697366856
SW 900,Everolimus,Temuterkib,0.5035981004010588,0.6214734741921069
SW 900,AT7519,ULK-101,0.4696037556081782,0.488907834435886
SW 900,CP21R7,Erdafitinib ,0.50115195348361,0.27742007595818063
SW 900,Oleic acid,palbociclib,0.2878437258884581,0.24260667943757022
SW 900,Alpelisib,TAK-733,0.5221572224532653,0.4724084027175655
SW 900,Gemcitabine,NVP-BHG712,0.0233670316818061,0.3165767600293165
SW 900,Elimusertib hydrochloride,LY2090314,-0.2830112760840801,-0.13587390819720185
SW 900,Afatinib,Futibatinib,0.09600174093724181,0.18075390136677214
SW 900,MK-8353,Paclitaxel,0.19299009622201863,0.3350310974954547
SW 900,Everolimus,vincristine,0.2629252712566652,0.37795116244550114
SW1417,Abemaciclib,Regorafenib,0.09749611657967068,0.25363751830662074
SW1417,Brivudine,LY-2584702 (tosylate salt),-0.04569665207563858,-0.014403328205924834
SW1417,AZD-7648,MK-3903,0.5644122824266331,0.5270140131545729
SW1417,Futibatinib,Regorafenib,0.18546357166814426,0.22729272985153304
SW1417,Gemcitabine,Sapanisertib,0.4289059997906601,0.4063836489098865
SW1417,BI-78D3,Methylprednisolone succinate,0.20804083536086837,0.26625906907079955
SW1417,AZD-8055,GSK1059615,0.4628218590130584,0.4797007568193727
SW1417,Pemigatinib,Tomivosertib,0.18494689245632273,0.2400340397222191
SW1417,RMC-6236,c-Kit-IN-1,-0.08534785605697749,-0.04462622250592187
SW1417,Capivasertib,Futibatinib,0.49273400919654253,0.49835737625832616
SW1417,Erdafitinib ,Futibatinib,0.591363968777054,0.5352025470938739
SW1417,Celecoxib,NVP-BHG712,0.3746842192013941,0.3865879486193213
SW1417,Binimetinib,Futibatinib,0.22273138392506192,0.11865736425495091
SW1417,Methylprednisolone succinate,Tubulin inhibitor 6,0.5068998262346989,0.4900424790316335
SW1417,Futibatinib,vincristine,0.06774367850777244,0.2921024945992665
SW1417,DTP3,Oxaliplatin,0.3467367829889877,0.400563257482843
SW1417,Adagrasib,Bortezomib,0.39057093288691175,0.3962081261051722
SW1417,Bentamapimod,DTP3,0.3645522192463597,0.34353291104187195
SW1417,Brivudine,Tomivosertib,0.40702136538998984,0.4148278747794143
SW1417,Lonafarnib,Oxaliplatin,-0.06538286871649265,-0.0688828761721108
SW1417,Anastrozole,vincristine,0.40086736918872595,0.4412254401006936
SW1417,Ixazomib,MK-3903,0.3417109134739059,0.3443588690774571
SW1417,Capivasertib,Trametinib,0.13270160649340915,0.2498601068289753
SW1417,Bortezomib,GSK1059615,0.04288513528593039,-0.04726297683116111
SW1417,IQ 1,Tucatinib,0.5969901443680197,0.6007640830829899
SW1417,ETC-206,TAK-733,0.24088789131585173,0.27908340474719945
SW1417,Volasertib,vincristine,0.3451358112639235,0.4366786363444942
SW1417,AZD-7648,Tomivosertib,0.021164090318370198,0.17092053018353198
SW1417,AT7519,Binimetinib,0.10197566217894624,0.30087890854332494
SW1417,Erdafitinib ,c-Kit-IN-1,-0.01298394266306533,-0.028437160324232654
SW1417,Abemaciclib,ML264,0.09629950678066523,0.10415359043009993
SW1417,Binimetinib,Erdafitinib ,0.3982286460596872,0.3816068018710409
SW1417,Futibatinib,Sonidegib,-0.04402704029798212,-0.00417934529396458
SW1417,ERK5-IN-2,IQ 1,0.5697487562781596,0.5533935415094116
SW1417,Capivasertib,Capmatinib,0.3527838253561984,0.34892505588993467
SW1417,SBI-0640756,vincristine,0.28688312675682426,0.2821275621630238
SW1417,Irinotecan,Methylprednisolone succinate,0.4285435718358287,0.46755314347641297
SW1417,Hydroxyfasudil,IQ 1,0.4529887328083432,0.42100795760138277
SW1417,Bortezomib,Temuterkib,-0.18437487175686937,-0.19871802992040238
SW1417,Belzutifan,NG25,-0.022465434689835737,0.0752290422573047
SW1417,AZD-7648,EX229,0.0988466050245825,0.18297936019019054
SW1417,APTO-253,Oleic acid,0.3241161866981578,0.29666874539914356
SW1417,AZD-7648,Ipatasertib,0.14167938348862436,0.19019022454973733
SW1417,AZD1390,OTS514,0.15005383102214007,0.23705130489935997
SW1417,Anastrozole,IQ 1,0.33367017110422914,0.3975391401044959
SW1417,BAY1125976,Hydroxyfasudil,0.33269908240286306,0.2558574183456172
SW1417,Ixazomib,Sapanisertib,0.5803537275223773,0.5506933716225317
SW1417,4EGI-1,palbociclib,0.35483011713586843,0.39744148526335954
SW1417,HI-TOPK-032,olaparib,0.25013749872784324,0.27576658622789346
SW1417,Abemaciclib,SBI-0640756,0.25229077386870624,0.2548652157585122
SW1417,PF-06260933,TAK-733,-0.10811219313035432,-0.023322470700035243
SW1417,Brivudine,HI-TOPK-032,0.7323280412273523,0.693212075047906
SW1417,Adagrasib,LB-100,0.20316270788448484,0.23862645452732614
SW1417,ERK5-IN-2,XRK3F2,0.5067063183753913,0.59879277869249
SW1417,Belumosudil (mesylate),Futibatinib,0.23515620349100208,0.26974470965616715
SW1417,AZD-8055,ULK-101,0.6835280019444905,0.5896591917430067
SW1417,Gemcitabine,c-Kit-IN-1,0.21252786013821884,0.23962312383028841
SW1417,AZD1390,Binimetinib,0.33454620516408196,0.49155427742059177
SW1417,Brivudine,GSK1059615,0.40514902472737246,0.4139430723765488
SW1417,Infigratinib,Tomivosertib,0.1880971320113921,0.215495393990695
SW1417,DTP3,TAK-733,-0.03185854300652221,0.011148847435869722
SW1417,Pemigatinib,Pralsetinib,0.4429757189609961,0.41364980621284003
SW1417,Alpelisib,PH-797804,-0.10203767159804325,0.004191674306375376
SW1417,Afatinib,Tubulin inhibitor 6,0.329106199153197,0.3743306236327417
SW1417,EX229,Pemigatinib,0.15559813544261278,0.19880204634222182
SW1417,Abemaciclib,Capivasertib,0.04415182839294807,0.16677843892519212
SW1417,Bentamapimod,Encorafenib,0.6091345928987111,0.6343918226610255
SW1417,Capmatinib,Dabrafenib,0.4245630921875799,0.3199855467249065
SW1417,Adagrasib,EX229,0.1837035127781771,0.2732321783495503
SW1417,DT-061,MK-3903,0.5305555009809719,0.46115055738543154
SW1417,BI-3406,Ipatasertib,0.6132035777089173,0.5810023371603164
SW1417,AZD-7648,LJI308,0.371114999893482,0.4567065343650137
SW1417,Celecoxib,IQ 1,0.3460625186354547,0.35916464209236626
SW1417,PH-797804,Volasertib,0.15366582109968888,0.13108576293627947
SW1417,ML264,XRK3F2,0.6739519389115878,0.6973152916960403
SW1417,Brivudine,Erdafitinib ,0.13770295665657206,0.19822726481903394
SW1417,Bortezomib,Ipatasertib,-0.07482887076372749,-0.09756566438421915
SW1417,Capivasertib,venetoclax,-0.012352302571742007,0.03211778337775548
SW1417,Adagrasib,Bimiralisib,-0.13492893181626947,-0.09174891955262504
SW1417,4EGI-1,Belzutifan,0.42473881811441866,0.3022267129194714
SW1417,BI-78D3,PH-797804,-0.07558945014661778,0.06701983712945717
SW1417,Adagrasib,Infigratinib,0.1528995555366658,0.24494092616479463
SW1417,Bimiralisib,HI-TOPK-032,0.2115667398552144,0.313534076961263
SW1417,Lonafarnib,SBI-0640756,-0.14812338851311718,-0.12432218591356038
SW1417,Futibatinib,IQ 1,0.30346745298042477,0.20375844966708068
SW1417,BI-3406,Paclitaxel,0.8081687513845139,0.7564852564911593
SW1417,LJI308,Lonafarnib,-0.23278554444882288,-0.23925417123442078
SW1417,AZD-7648,Torkinib,0.39245743927102805,0.40599822980662353
SW1417,HI-TOPK-032,RMC-6236,0.19467929265833442,0.3415232056831569
SW1417,Bentamapimod,Minodronic acid,0.3291595546176759,0.3420594576513248
SW1417,Ipatasertib,MK-3903,0.5295720240963255,0.4934921770846697
SW1417,HI-TOPK-032,Pemigatinib,0.33994490545524797,0.37096371564985786
SW1417,MK-3903,RMC-6236,0.737030364374814,0.68317904680572
SW1417,IQ 1,PF-06260933,-0.07220116468448022,0.05282064918779132
SW1417,BAY1125976,Belumosudil (mesylate),0.22991927953618688,0.26482916857691147
SW1417,Ixazomib,Pimitespib,0.17241683788009662,0.18099575459505754
SW1417,Trametinib,c-Kit-IN-1,0.015311554731030429,0.05642340041024787
SW1417,IQ 1,SBI-0640756,0.24017583131328568,0.3596253464085101
SW1417,AT7519,Hydroxyfasudil,0.3373750711583786,0.3573967182338022
SW1417,APTO-253,Bimiralisib,0.4568708462870629,0.5181869642367575
SW1417,Binimetinib,Brivudine,0.19175582515074557,0.3317277650870829
SW1417,Trametinib,palbociclib,0.5386181712259577,0.48154635102106713
SW1417,AZD1390,ETC-206,0.5714415445122722,0.5076142669902297
SW1417,Lapatinib ditosylate,olaparib,0.39407014213431224,0.47080456793968345
SW1417,PF-06260933,ULK-101,-0.10562240672697842,0.020925537917452955
SW1417,Anastrozole,Infigratinib,0.2571332423361833,0.31872352171647533
SW1417,Anastrozole,Oleic acid,0.4766928969580901,0.5134507851236577
SW1417,9-ING-41,Trametinib,0.6781600369424676,0.6926932602853906
SW1417,GSK1059615,Infigratinib,0.1874831892777153,0.22159685820390812
SW1417,Encorafenib,ML264,0.58953447603478,0.6066912300990878
SW1417,Sonidegib,Torkinib,0.36295602239327585,0.32518616529799105
SW1417,Adagrasib,LJI308,0.3361624097729493,0.2953993604538092
SW1417,HI-TOPK-032,LY2090314,0.17179915794009243,0.2821452110209331
SW1417,CP21R7,Ipatasertib,0.44022335486381403,0.37457533479744254
SW1417,AZD2858,vincristine,0.43607185433564394,0.44413240735272563
SW1417,Erdafitinib ,SBI-0640756,0.37480618583802655,0.43636964927823974
SW1417,Adagrasib,ERK5-IN-2,0.18657836307505637,0.17790363042564697
SW1417,BI-3406,Capmatinib,0.49637120125678635,0.39159691634968685
SW1417,DTP3,Temuterkib,0.34476062272896946,0.39031416481010967
SW1417,Bentamapimod,Pimitespib,0.24626615118389605,0.35834534144535685
SW1417,LB-100,MK-8353,0.5250397359841662,0.46101618638564623
SW1417,LY2090314,Sapanisertib,0.6536303154144075,0.6219531748708579
SW1417,EX229,Tubulin inhibitor 6,0.17167891947439787,0.17937593238259558
SW1417,HI-TOPK-032,Oleic acid,0.03300263122141574,0.09989797172314022
SW1417,Erdafitinib ,vincristine,0.2236970619188984,0.39649932142013744
SW1417,Alpelisib,XRK3F2,0.6448584090554381,0.6274022266032506
SW1417,BI-78D3,Erdafitinib ,0.6612464468937115,0.6281220910881657
SW1417,LJI308,SBI-0640756,0.3319540487498026,0.37752802776603217
SW1417,AT7519,NVP-BHG712,0.36998104046291935,0.37155035665510755
SW1417,GSK1059615,Lonafarnib,-0.07282313014836878,-0.09086061855249782
SW1417,Bimiralisib,Sonidegib,-0.053738127776157885,0.013166549101836376
SW1417,Capmatinib,Celecoxib,0.4645922457096196,0.45912474111828394
SW1417,Elimusertib hydrochloride,Volasertib,0.14680354762887604,0.19350009472689206
SW1417,Capmatinib,DT-061,0.6980914761523009,0.6232959011881282
SW1417,DT-061,Erdafitinib ,0.3726894919334214,0.3813110805504552
SW1417,AZD-8055,Bentamapimod,0.6733797250631848,0.6072686702103162
SW1417,AT7519,Everolimus,0.3902745640872183,0.4323980837785353
SW1417,NG25,Torkinib,0.32679662038635626,0.41863893882659997
SW1417,Capivasertib,Oxaliplatin,0.6048608658945789,0.5952966279555477
SW1417,4EGI-1,BAY1125976,0.4488890852806665,0.38654439773690685
SW1417,Binimetinib,DT-061,0.7144150546179957,0.5946678044605451
SW1417,Abemaciclib,MK-8353,0.09437125872607943,0.09521204685406907
SW1417,AZD2858,IQ 1,0.38831725821463986,0.2832985162938262
SW1417,CP21R7,Celecoxib,0.5225974181758262,0.45269008588668347
SW1417,9-ING-41,Pemigatinib,0.6007853187413947,0.5537125442237405
SW1417,Brivudine,Oxaliplatin,0.08727554400446265,0.09859145595118679
SW1417,Capivasertib,Sapanisertib,0.13115315620742382,0.2939138069479559
SW1417,Ixazomib,Tucatinib,0.4016891573279103,0.3938597697714591
SW1417,ERK5-IN-2,LY2090314,0.43328240042850263,0.4945369048527132
SW1417,EX229,ULK-101,0.27360254502132053,0.24205833529853021
SW1417,Elimusertib hydrochloride,SBI-0640756,0.19026811702198906,0.29657561599533794
SW1417,MK-3903,Sapanisertib,0.5782284741617448,0.5725834060186062
SW1417,LY-2584702 (tosylate salt),PF-06260933,-0.09251461613049372,0.014197752662080239
SW1417,Binimetinib,palbociclib,0.7386063143159545,0.6134943579187788
SW1417,Capivasertib,Everolimus,0.3654389624217157,0.450576911927874
SW1417,Capivasertib,Oleic acid,0.5274745111127435,0.5252906170031784
SW1417,Adagrasib,Ixazomib,-0.17367299296095123,-0.14390397587063367
SW1417,4EGI-1,Capivasertib,0.5299489929147813,0.5647049556800052
SW1417,BAY1125976,GSK1059615,0.5735377085937592,0.6023723574001864
SW1417,LY2090314,vincristine,0.08079142571058719,0.3257061208970991
SW1417,AZD-7648,Methylprednisolone succinate,0.41892792035395854,0.4822223186654451
SW1417,Futibatinib,LY-2584702 (tosylate salt),-0.020954551222278614,0.03739906431499074
SW1417,GSK1059615,Trametinib,0.47747321230578693,0.5094441285151935
SW1417,Gemcitabine,Hydroxyfasudil,0.6301380652198907,0.5492145572763492
SW1417,Gemcitabine,NVP-BHG712,0.5256156285405378,0.5270357130045478
SW1417,9-ING-41,LB-100,0.6063443605894533,0.584468620365681
SW1417,Everolimus,Infigratinib,0.21484504730925538,0.27686868660206126
SW1417,Capivasertib,ML264,0.23372687949392804,0.38232691310714384
SW1417,AZD1390,PH-797804,0.2077899351255155,0.3453251718247641
SW1417,AT7519,olaparib,0.09338318901908818,0.32023556890358157
SW1417,AZD-8055,TAK-901,-0.16786072818987752,-0.1597563995379462
SW1417,Belumosudil (mesylate),IQ 1,0.29817565739629653,0.2819729477303041
SW1417,Dabrafenib,Tomivosertib,0.1827253463948501,0.1985321719604856
SW1417,Brivudine,Lapatinib ditosylate,0.18835399727848323,0.28275440408723695
SW1417,Lonafarnib,TAK-733,-0.011682536388093768,0.040384135587586856
SW1417,Irinotecan,TAK-901,0.06318325708202474,0.05301746410671698
SW1417,APTO-253,Erdafitinib ,0.6391335700987876,0.5484600588572086
SW1417,Lonafarnib,Tubulin inhibitor 6,-0.12991631826962644,-0.1290339547942299
SW1417,Binimetinib,Tucatinib,0.2758470234402892,0.4155612352267357
SW1417,LB-100,LY2090314,0.610983191825476,0.5342504201440751
SW1417,Infigratinib,Pemigatinib,0.25600956693693283,0.3310363856265501
SW1417,Paclitaxel,Vemurafenib,0.8319502792293798,0.826145165861053
SW1417,Anastrozole,Dabrafenib,0.35644057580855026,0.403643217296352
SW1417,9-ING-41,vincristine,0.0006986957415721258,0.20733777562038855
SW1417,Futibatinib,Ralimetinib dimesylate,0.33426156656273326,0.31286366113146213
SW1417,Futibatinib,Infigratinib,0.015950129252785286,0.06188899850997505
SW1417,DT-061,EX229,0.04282738553986408,0.08628660905389669
SW1417,PH-797804,Tubulin inhibitor 6,0.11214337265028647,0.23447832956276984
SW1417,9-ING-41,Brivudine,0.32435004413895985,0.33926115375074095
SW1417,Afatinib,DTP3,0.18465284039210078,0.20229140953865338
SW1417,Afatinib,Gemcitabine,0.537066536975506,0.5452787331880765
SW1417,Belzutifan,SBI-0640756,0.16847391369998133,0.27456601456449936
SW1417,APTO-253,Methylprednisolone succinate,0.3167063170589347,0.4012861895362674
SW1417,RMC-6236,vincristine,-0.1372617477783732,0.030921285877131707
SW1417,Lonafarnib,venetoclax,-0.037949332226196314,0.08284608564710692
SW1417,ERK5-IN-2,Sapanisertib,0.6127267734111742,0.6766577500506927
SW1417,AZD2858,PF-06260933,-0.00297972212531921,0.006034299427093166
SW1417,Alpelisib,Anastrozole,0.3509723539461062,0.4525036219548775
SW1417,AZD-8055,PF-06260933,-0.16367753395510884,-0.07100715982000318
SW1417,Oxaliplatin,Tomivosertib,-0.12029469046833463,-0.028363514880887772
SW48,Volasertib,c-Kit-IN-1,-0.0804623787806658,0.027217018071773572
SW48,Pralsetinib,olaparib,0.4697102552930098,0.4188320032134114
SW48,Encorafenib,Tubulin inhibitor 6,0.3236440143392255,0.24638514318343005
SW48,BAY1125976,LY2090314,0.599853321435474,0.571338126582887
SW48,LY2090314,Tomivosertib,-0.10259285426761244,0.038100322073386296
SW48,Afatinib,Oxaliplatin,0.05707801442385371,0.1422021498042269
SW48,BI-78D3,Dabrafenib,0.6707121035778004,0.6185807043129402
SW48,LY2090314,TAK-901,0.013100022302126063,-0.0021655611084174103
SW48,TAK-733,Torkinib,0.3966563811793866,0.32451255870483203
SW48,OTS514,palbociclib,0.3654811370006396,0.31981881211091123
SW48,Hydroxyfasudil,Pemigatinib,0.5490477996117983,0.5229178220437255
SW48,AZD-8055,Capivasertib,0.2358881520196141,0.12986500504619528
SW48,9-ING-41,AT7519,0.36305742423413867,0.2779982678716304
SW48,HI-TOPK-032,TAK-901,0.16236947592589288,0.1809750236351454
SW48,DTP3,RMC-6236,0.21758944275273173,0.18875899104317917
SW48,MK-3903,SBI-0640756,0.23995999568578302,0.22553598960413374
SW48,LY2090314,ULK-101,0.3239874704783283,0.25223417134635373
SW48,ETC-206,Tomivosertib,0.19132869907440161,0.24169502352010097
SW48,BI-78D3,Oxaliplatin,0.4166219452495543,0.375257660858255
SW48,Ixazomib,Methylprednisolone succinate,0.3566134518101538,0.3227988931100424
SW48,Erdafitinib ,Temuterkib,0.31097662421424127,0.2498870700524563
SW48,BI-78D3,Binimetinib,0.2823125170210016,0.3107654524570219
SW48,Belzutifan,Hydroxyfasudil,0.26111102014819265,0.20640463033199075
SW48,Regorafenib,ULK-101,0.47759675028813325,0.42224993766113017
SW48,Encorafenib,Hydroxyfasudil,0.4069622180280263,0.45234725536894493
SW48,Infigratinib,Trametinib,0.40847302413704223,0.3718513471434397
SW48,Ixazomib,Paclitaxel,0.3752829029600407,0.41828583093684857
SW48,AZD1390,Torkinib,0.37538523346497005,0.3212140944683341
SW48,9-ING-41,Methylprednisolone succinate,0.0841465558178261,0.13943636489697422
SW48,Belumosudil (mesylate),Volasertib,0.45447817433560245,0.4142206943964288
SW48,Oleic acid,Pemigatinib,0.40445336701571477,0.37278714064685636
SW48,Elimusertib hydrochloride,Gemcitabine,0.31646485362421106,0.35225688258629584
SW48,Binimetinib,LJI308,0.09872291966662552,0.06468375950858021
SW48,Belzutifan,Infigratinib,0.3851837336984113,0.39901577727024823
SW48,Afatinib,Infigratinib,0.42462862132250906,0.39431709533250664
SW48,Celecoxib,Trametinib,0.02599176810959441,0.15764011895516822
SW48,GSK1059615,c-Kit-IN-1,0.3474234089614522,0.3765592171570576
SW48,Brivudine,Ixazomib,0.32754803478060823,0.28175741855977504
SW48,Celecoxib,venetoclax,-0.019549965867192987,0.15201139199894192
SW48,SBI-0640756,Volasertib,0.48924489414322436,0.3886850541378851
SW48,NVP-BHG712,PF-06260933,0.16512663147580572,0.06646486143410978
SW48,DT-061,Futibatinib,0.2688373542808609,0.1516336191530987
SW48,Dabrafenib,Oleic acid,0.024260644675780936,0.10110419271477189
SW48,APTO-253,Binimetinib,0.2368624847528811,0.1692237948118337
SW48,TAK-901,Temuterkib,0.13287520859630253,0.10387047741242536
SW48,Bimiralisib,NVP-BHG712,0.401166522675663,0.4081094666907924
SW48,Gemcitabine,ULK-101,0.47061559668614344,0.3779322647698875
SW48,BI-3406,Bentamapimod,0.7086633352811889,0.6599504464784816
SW48,Oxaliplatin,c-Kit-IN-1,0.05610679034378821,0.2663682841325479
SW48,OTS514,Paclitaxel,0.04056063229329182,0.010524576668696037
SW48,ML264,Vemurafenib,0.6859351526532884,0.6871505469778597
SW48,AZD1390,Tucatinib,0.2103941769987133,0.25110434643038615
SW48,Belumosudil (mesylate),LY2090314,0.3830600072635119,0.38858353470119644
SW48,ERK5-IN-2,Ixazomib,0.27216611103916943,0.2989868528649262
SW48,Gemcitabine,Pemigatinib,0.5309024652255001,0.43871939284485745
SW48,DTP3,ETC-206,0.4645352191244638,0.47719193232244417
SW48,MK-8353,vincristine,0.420614409163242,0.40057349082111626
SW48,DT-061,EX229,0.2368540766828503,0.27673442824175026
SW48,Capmatinib,PF-06260933,-0.3342401008964374,-0.2523897827300362
SW48,Oleic acid,c-Kit-IN-1,0.23789869046889633,0.2984413685675491
SW48,ETC-206,Sapanisertib,0.5497586590374729,0.4542887166400317
SW48,EX229,Encorafenib,-0.20305497316927337,-0.10579321740539689
SW48,9-ING-41,Bentamapimod,0.6926654861595646,0.6232944285636803
SW48,LB-100,TAK-733,0.13550624636459263,0.12655028725522532
SW48,4EGI-1,Tucatinib,0.6165027650280992,0.49965094129899373
SW48,Alpelisib,Bentamapimod,0.5644316459160319,0.4925521198505691
SW48,Binimetinib,vincristine,-0.017291910409323832,-0.008078741256545584
SW48,Lapatinib ditosylate,MK-3903,0.3338477507493214,0.3463455378182355
SW48,AZD2858,Methylprednisolone succinate,0.39052815015471964,0.4345774182258116
SW48,AZD-7648,ETC-206,0.27617160815285413,0.2821539157365203
SW48,Abemaciclib,Ipatasertib,0.4348706598948802,0.47036408576261635
SW48,Oleic acid,olaparib,0.5380294879747308,0.4986928388770749
SW48,AZD1390,Gemcitabine,0.34857042492113544,0.3150573047224255
SW48,AZD-8055,MK-3903,0.719977234986608,0.751750513818244
SW48,ETC-206,MK-3903,0.38024591919252065,0.35690604493558686
SW48,AZD-8055,CP21R7,0.7643591460430554,0.6122424204197916
SW48,AZD-7648,Afatinib,0.6789932400232498,0.6408356793181705
SW48,LY2090314,Tubulin inhibitor 6,0.574169311767774,0.49448552220962305
SW48,AZD2858,Paclitaxel,0.3143008527352602,0.30981761775642147
SW48,APTO-253,Everolimus,0.3529211322987494,0.2910883245902676
SW48,HI-TOPK-032,TAK-733,0.5571488957668383,0.4660813060608485
SW48,Abemaciclib,MK-8353,-0.007445625861266259,0.12816795866433442
SW48,Lapatinib ditosylate,Volasertib,0.6560916821561186,0.6001625490543556
SW48,Bimiralisib,Brivudine,0.21086584236890404,0.2117402543987689
SW48,LY2090314,Ralimetinib dimesylate,0.6297753137140463,0.5007608445244804
SW48,Capmatinib,Methylprednisolone succinate,0.4246865520986721,0.3719074865955496
SW48,OTS514,Sapanisertib,0.16306952451725207,0.051694159589684
SW48,AT7519,Bimiralisib,-0.1007043875498296,-0.002540183360497217
SW48,Binimetinib,DT-061,0.7113482841590714,0.6069776511913924
SW48,Sapanisertib,Tubulin inhibitor 6,0.3004978641877415,0.202558862157194
SW48,Futibatinib,Infigratinib,0.05259273284701227,0.10413401204328838
SW48,Celecoxib,HI-TOPK-032,0.1648192657472723,0.22139327091730143
SW48,Paclitaxel,venetoclax,0.11686202629204073,0.4077176707088773
SW48,AZD2858,BI-3406,0.36632147538130366,0.2795321901529866
SW48,BI-3406,SBI-0640756,0.442518500207258,0.3788330241596416
SW48,GSK1059615,OTS514,-0.051298315519435526,-0.04468046059690714
SW48,Erdafitinib ,LY2090314,0.7292127223892192,0.6874060046011157
SW48,AZD2858,Dabrafenib,0.1392139150576326,0.06961255655392912
SW48,MK-3903,ULK-101,0.5990654924832712,0.4433376609678924
SW48,ERK5-IN-2,vincristine,0.20395216997463986,0.17670190581832526
SW48,Bimiralisib,Encorafenib,0.4817145962735099,0.47812742250377893
SW48,Futibatinib,Hydroxyfasudil,0.35128949897659434,0.3696008043785199
SW48,4EGI-1,Minodronic acid,0.382324646632476,0.3537710044166814
SW48,Dabrafenib,Pimitespib,0.16880248549951052,0.11885945082316385
SW48,4EGI-1,Afatinib,-0.006122646960642766,-0.1175312107221802
SW48,Capivasertib,LJI308,0.5808588125557658,0.4636614058332857
SW48,Tomivosertib,olaparib,0.11215756464681961,0.14951689134428073
SW48,DTP3,PF-06260933,-0.12385743789863979,-0.22288222891668197
SW48,TAK-901,palbociclib,0.17902596369303478,0.1601382970000714
SW48,4EGI-1,IQ 1,0.19100913652620616,0.05226647124362814
SW48,Trametinib,XRK3F2,0.5156709954600571,0.6060646157075591
SW48,GSK1059615,Ipatasertib,0.32226677800863035,0.29870140545284957
SW48,Belzutifan,Ixazomib,0.44479593570397113,0.4074895838193626
SW48,Encorafenib,Ralimetinib dimesylate,0.7979188178611297,0.6948569465151778
SW48,DTP3,Ixazomib,0.48186193363935864,0.403647985400004
SW48,Hydroxyfasudil,Temuterkib,0.2567068836152445,0.24946114473720443
SW48,PF-06260933,Sapanisertib,0.09375236299161563,-0.018052418424918885
SW48,EX229,Futibatinib,-0.2978466935826326,-0.18621633678403568
SW48,BI-78D3,Elimusertib hydrochloride,0.21897435025883388,0.22820756906531087
SW48,Hydroxyfasudil,PH-797804,0.025375702211182113,0.06277282829200553
SW48,DTP3,LJI308,0.18516044378134333,0.0780429913324836
SW48,BI-78D3,Bentamapimod,0.5620918380048835,0.5681897904791312
SW48,BI-78D3,Irinotecan,0.5297924890175874,0.4012480866419418
SW48,AZD-8055,Tucatinib,0.5085598904034844,0.39429909332356766
SW48,Bimiralisib,OTS514,0.050411535637236556,0.035557069193121044
SW48,Belzutifan,TAK-901,0.2026480855931307,0.20043136378119733
SW48,Infigratinib,palbociclib,0.27274674654671416,0.3130265789109938
SW48,Erdafitinib ,Pimitespib,0.5085865416734873,0.41632189490633775
SW48,9-ING-41,NVP-BHG712,0.7259255063115324,0.6540844570807405
SW48,Pimitespib,olaparib,0.4890870577110388,0.4007578263972524
SW48,Belumosudil (mesylate),Brivudine,0.13234615121886648,0.17315934939016453
SW48,RMC-6236,Trametinib,0.9662716678346481,0.9622989272725049
SW48,Bentamapimod,vincristine,0.22111644283226592,0.23157783433205337
SW48,Bimiralisib,Celecoxib,0.05088369851173796,0.17388408885444834
SW48,NVP-BHG712,palbociclib,0.3770268610165777,0.3569862137272337
SW48,Belumosudil (mesylate),Oxaliplatin,0.33846817205919305,0.3331036171135028
SW48,AZD1390,Pimitespib,0.08161777661578702,0.17154962074314486
SW48,Brivudine,SBI-0640756,0.2818975533427478,0.2756475215405987
SW48,Alpelisib,Binimetinib,0.3324684829887859,0.3878743679042052
SW48,Oxaliplatin,Tubulin inhibitor 6,0.5518069985083547,0.43473029250356465
SW48,Dabrafenib,Irinotecan,0.29306004844385025,0.13465290803511965
SW48,Torkinib,Trametinib,0.23854632184208993,0.28275912560249816
SW48,Bentamapimod,Ixazomib,0.3864617395602329,0.3016208334153495
SW48,AZD-7648,DTP3,0.45549485742769213,0.4114783430492345
SW48,BI-78D3,DT-061,0.2160291076434563,0.22234364600315615
SW48,9-ING-41,PH-797804,-0.06279334002637027,-0.08738763172731878
SW48,CP21R7,venetoclax,-0.06674479904566413,0.1358741768800004
SW48,Pimitespib,vincristine,0.40181851775118016,0.3100930919236221
SW48,EX229,PF-06260933,0.17748048000534597,0.17134329788170571
SW48,Ixazomib,Oleic acid,0.43029099133061,0.36458499975115677
SW48,ERK5-IN-2,Torkinib,0.198187769579738,0.1258719942759588
SW48,AZD2858,Vemurafenib,0.3572404233997323,0.2731922264023885
SW48,Celecoxib,Pimitespib,0.5943026087490729,0.5005314665847292
SW48,Everolimus,Ixazomib,0.43860504460129196,0.41273274147170513
SW48,Abemaciclib,Capivasertib,0.1798471954282827,0.27776425908677144
SW48,Abemaciclib,DT-061,0.15536114138792328,0.22195937645406233
SW48,MK-8353,Regorafenib,0.46236880159809135,0.45924792652903035
SW48,Erdafitinib ,LB-100,0.5658934991216104,0.4512231121425414
SW48,LB-100,OTS514,0.16926284919909856,0.1576718816211273
SW48,Alpelisib,Paclitaxel,0.4861981015436867,0.5283429366615605
SW48,Belzutifan,LB-100,0.30523223245722536,0.24701861957778576
SW48,AZD-8055,XRK3F2,0.8203165864354425,0.7850205925964001
SW48,Lapatinib ditosylate,Temuterkib,0.3265889558702003,0.3429110887294867
SW48,AZD1390,SBI-0640756,0.16332004102774192,0.17838235180310202
SW48,Alpelisib,HI-TOPK-032,0.12605991539890662,0.12725691709975612
SW48,APTO-253,Irinotecan,0.3890080302251424,0.17531955070752328
SW48,IQ 1,Ipatasertib,0.05028320341594521,0.0021545114658951744
SW48,Capivasertib,Vemurafenib,0.32208737263105025,0.26171916143715923
SW48,Abemaciclib,TAK-901,0.23885864776331367,0.238990985141455
SW48,Belzutifan,CP21R7,0.15939273784338656,0.20101272929802433
SW48,LB-100,XRK3F2,0.4622038237324594,0.40748561904626224
SW48,Gemcitabine,Ixazomib,0.4892986279617568,0.4105723336821866
SW48,BI-3406,Gemcitabine,0.5338862694726113,0.4207533066993146
SW48,AZD-8055,Alpelisib,0.6367227344672879,0.5574878157753274
SW48,Abemaciclib,Bentamapimod,-0.05180996418796938,0.09221997477026611
SW48,Encorafenib,Everolimus,0.379834854106964,0.42097268915379094
SW48,Anastrozole,Celecoxib,0.6141792165715215,0.5019809073010962
SW48,IQ 1,Infigratinib,0.2882657477752243,0.2729067497417822
SW48,HI-TOPK-032,Volasertib,0.1465950337690498,0.13610101150080162
SW48,LJI308,olaparib,0.3284435577472862,0.2853327541765699
SW48,Brivudine,HI-TOPK-032,0.6959244541630947,0.622042518803758
SW48,AT7519,Regorafenib,0.43683360092242773,0.4371123233031806
SW48,Gemcitabine,Trametinib,0.19997074207408685,0.17546390934257255
SW48,Sapanisertib,ULK-101,0.39887239514573236,0.30575254273678104
SW48,Futibatinib,Methylprednisolone succinate,-0.008215320228711485,0.09690889303325559
SW48,Celecoxib,Irinotecan,0.5860218115354451,0.47932531173102993
SW48,Afatinib,Belzutifan,0.25083199116010035,0.31817891255120295
SW48,Capmatinib,ULK-101,0.4674197484754304,0.36010857878310465
SW48,Dabrafenib,Vemurafenib,0.7267813140652772,0.6309083446570649
SW48,AZD1390,Alpelisib,0.3344441034103943,0.4127033459827036
SW48,Ipatasertib,NVP-BHG712,0.2868629916307742,0.19716574557806388
SW48,Pimitespib,Volasertib,0.5663635458558443,0.5000754613006858
SW48,ETC-206,ULK-101,0.5045504852355857,0.3452144603082309
SW48,DT-061,ULK-101,0.35776021335826075,0.2214880895459671
SW48,Futibatinib,XRK3F2,0.5727778452837889,0.46735982265985504
SW48,Futibatinib,TAK-733,-0.17692310464475655,-0.058008746038160586
SW48,APTO-253,ML264,0.6264064747724407,0.5553592036102435
SW48,APTO-253,Vemurafenib,0.8058635739290845,0.6890914026012768
SW48,AT7519,PH-797804,0.285230334622309,0.19884101413234764
SW48,LJI308,OTS514,0.22606991387070036,0.15919564245628104
SW480,AZD1390,IQ 1,0.17765974357750958,-0.046533992104263795
SW480,AZD1390,TAK-901,-0.07569621973203772,0.03655024869395945
SW480,Tubulin inhibitor 6,Vemurafenib,0.5177268563821343,0.43953246398066464
SW480,Encorafenib,MK-8353,0.3482096011654231,0.24928639172494318
SW480,AZD-8055,Ipatasertib,0.5730747053010208,0.5505790310661476
SW480,Encorafenib,vincristine,-0.3552155488004879,-0.33949409531936764
SW480,DT-061,HI-TOPK-032,0.5321048151936333,0.5450823652182951
SW480,Everolimus,Sapanisertib,0.4977883649020908,0.38110885073004563
SW480,Methylprednisolone succinate,Pralsetinib,0.5163238063614374,0.4447005263153492
SW480,Lapatinib ditosylate,Minodronic acid,0.7219446859778847,0.6548330356979073
SW480,BAY1125976,Paclitaxel,-0.0814489784958216,-0.21723740818605897
SW480,Hydroxyfasudil,Oleic acid,0.6960545551119834,0.5605218665397464
SW480,Ixazomib,vincristine,-0.23221137667276687,-0.19940449294147178
SW480,APTO-253,XRK3F2,-0.060676892205327175,-0.18451274374568846
SW480,Binimetinib,Tubulin inhibitor 6,0.4995665955851262,0.4643956584646951
SW480,Oleic acid,Paclitaxel,0.33616053071573077,0.19982235641856527
SW480,BAY1125976,Ipatasertib,0.16122575037265335,0.05856164163407751
SW480,Hydroxyfasudil,Vemurafenib,0.576202669872968,0.45491045994297313
SW480,BI-78D3,ERK5-IN-2,0.8281643769599886,0.7590060162363732
SW480,Oleic acid,Pralsetinib,0.5803159345038083,0.555245188693233
SW480,NG25,ULK-101,0.6831698212133056,0.6801685583085781
SW480,Gemcitabine,ULK-101,0.6558584359282253,0.5214409474931859
SW480,Pimitespib,Ralimetinib dimesylate,0.4881393255636096,0.39741601776536767
SW480,Dabrafenib,Ralimetinib dimesylate,0.5344911612220874,0.48955387376669146
SW480,DTP3,RMC-6236,0.4602296099172235,0.41062520881229636
SW480,ETC-206,Lapatinib ditosylate,0.7928498740343453,0.7294637603131766
SW480,IQ 1,Oleic acid,0.4522652176315514,0.32838308996161153
SW480,4EGI-1,Abemaciclib,0.23250817576540014,0.21346056544233405
SW480,Alpelisib,Ralimetinib dimesylate,0.4772048935285034,0.49082416344066504
SW480,Belumosudil (mesylate),vincristine,0.24777664210837444,0.43025076332463735
SW480,DT-061,Erdafitinib ,0.23490855791410775,0.2177479881492989
SW480,Irinotecan,venetoclax,0.4213153287238312,0.36091864000051266
SW480,ML264,NG25,0.13506997519671926,0.16712006314476663
SW480,Pemigatinib,Sonidegib,0.17314984141446998,0.235233645634883
SW480,Paclitaxel,Pralsetinib,0.1797194738637394,0.09234951460455038
SW480,Methylprednisolone succinate,Temuterkib,0.6528317342091084,0.5420413296727785
SW480,ETC-206,Erdafitinib ,0.6721895892630272,0.5947222699972059
SW480,GSK1059615,Pemigatinib,0.4669904418655509,0.4051767204234932
SW480,AZD2858,Brivudine,0.18983083782747864,0.25700940074813894
SW480,Pemigatinib,Vemurafenib,0.6285967615867297,0.5801915630099365
SW480,Encorafenib,Methylprednisolone succinate,0.5486160605383613,0.48233925881825285
SW480,Capivasertib,Dabrafenib,0.04471571401249476,-0.07134335129813613
SW480,Ipatasertib,olaparib,0.5121594243381757,0.34915877743275536
SW480,Hydroxyfasudil,ML264,0.6767948472933114,0.4379198624540701
SW480,Belzutifan,ML264,0.5106978540418192,0.4006021693139907
SW480,Belzutifan,NVP-BHG712,0.5093149902058212,0.40012708815262626
SW480,Elimusertib hydrochloride,SBI-0640756,0.21291222399933196,0.20518989700464232
SW480,Minodronic acid,Tubulin inhibitor 6,0.6504519602964951,0.5665011839047194
SW480,Lapatinib ditosylate,PH-797804,0.001195268729819305,-0.021083110977191316
SW480,DT-061,Ipatasertib,0.4568166683718125,0.3931175255091928
SW480,Alpelisib,Temuterkib,0.35395261599356226,0.32424594450471966
SW480,AZD2858,Belzutifan,0.4948008375568937,0.434763448658442
SW480,Infigratinib,PF-06260933,0.15360092187795707,0.18015914888682863
SW480,BI-78D3,Minodronic acid,0.5193777003584299,0.4090386828962844
SW480,CP21R7,Capivasertib,0.581759906715033,0.4821555786049795
SW480,Adagrasib,LJI308,0.621506241503234,0.5987391417537024
SW480,AZD-8055,vincristine,-0.2240673829051443,-0.17310340648121292
SW480,BI-78D3,Encorafenib,0.6731418214954066,0.6118864135338817
SW480,Everolimus,Pemigatinib,0.7188199611136616,0.6663620541150028
SW480,LY-2584702 (tosylate salt),Tomivosertib,0.02138306829637914,0.06838260255792339
SW480,CP21R7,RMC-6236,0.6233288839632716,0.5813215620478034
SW480,AZD-7648,Tomivosertib,0.2900165011399571,0.31346976882082084
SW480,Belzutifan,ETC-206,0.5370817282822563,0.4597938603280366
SW480,Belzutifan,Ipatasertib,0.5013112306334955,0.4322978812598854
SW480,Capmatinib,Celecoxib,0.5184977457378804,0.4954043795072381
SW480,DT-061,Everolimus,0.4529033198096241,0.4073508221406046
SW480,LY-2584702 (tosylate salt),Vemurafenib,-0.20487311681002682,-0.15588867226848044
SW480,9-ING-41,Adagrasib,0.10403598509786235,0.07798083147666637
SW480,HI-TOPK-032,Volasertib,0.35153853134061336,0.358273473321127
SW480,AT7519,Bimiralisib,0.19660117680177908,0.2044498792938036
SW480,AZD1390,Bimiralisib,0.17579845253264792,-0.06646060402236194
SW480,Ipatasertib,Torkinib,0.4106983535227985,0.23882273419401231
SW480,4EGI-1,TAK-901,-0.033391915502206854,0.05750049022744855
SW480,Lapatinib ditosylate,Oxaliplatin,0.6663126308120192,0.6280471760390718
SW480,Bortezomib,Gemcitabine,0.19600720115562242,0.2656965294461604
SW480,Afatinib,Bentamapimod,0.5569703051521155,0.4947727293380814
SW480,Pralsetinib,c-Kit-IN-1,0.46182726846645594,0.4424477579348674
SW480,Capmatinib,MK-8353,0.249380565039442,0.28435389200297223
SW480,AZD-8055,ULK-101,0.7775054599318845,0.7777142857867498
SW480,4EGI-1,MK-3903,-0.05280444592510515,-0.24262005380870794
SW480,Trametinib,Volasertib,0.3272536579601045,0.31161712834788646
SW480,LB-100,ULK-101,0.4508549019206118,0.48117835619772753
SW480,BI-3406,Tubulin inhibitor 6,0.47928634377455925,0.44670692060160666
SW480,AT7519,Dabrafenib,0.5531900068038295,0.48894820641752396
SW480,Regorafenib,c-Kit-IN-1,0.4060419376191348,0.41724019803781326
SW480,Methylprednisolone succinate,olaparib,0.6686744573118175,0.5402170003360147
SW480,BAY1125976,Torkinib,-0.32009282752977075,-0.3515102969037529
SW480,AZD2858,ULK-101,0.43045496806622513,0.43900907310073967
SW480,ERK5-IN-2,Gemcitabine,0.45239796507225877,0.35585806602576825
SW480,Tubulin inhibitor 6,palbociclib,0.49608400190348545,0.41675384356904727
SW480,DT-061,ERK5-IN-2,0.4777655121073987,0.49574082926293617
SW480,LB-100,RMC-6236,0.5198903689303577,0.4723488177922849
SW480,Belzutifan,NG25,0.2079153315237391,0.26626468966944805
SW480,APTO-253,AZD-8055,-0.06874400142324893,-0.14884570205783482
SW480,DT-061,Oleic acid,0.44545626991915815,0.38106434867734784
SW480,Anastrozole,Volasertib,0.7217757396431964,0.5630403192976396
SW480,Adagrasib,Irinotecan,0.4154000938005347,0.3878608756532998
SW480,Alpelisib,Methylprednisolone succinate,0.5333966358087543,0.581559913671688
SW480,Methylprednisolone succinate,Pimitespib,0.6025891339287067,0.5556876971051835
SW480,ML264,Sonidegib,-0.0036076528771539842,0.016616499844458142
SW480,AT7519,c-Kit-IN-1,0.13357800976941334,0.18743264541410207
SW480,Brivudine,Pemigatinib,0.1938482985756959,0.21609320562236464
SW480,Afatinib,Brivudine,0.3662697417900012,0.4212650948572695
SW480,Capivasertib,TAK-901,0.18538247839529048,0.19365961929318487
SW480,ML264,Vemurafenib,0.4619472746479467,0.4079472545194361
SW480,PF-06260933,Torkinib,-0.256588181996411,-0.17536654195222318
SW480,Encorafenib,palbociclib,0.8711325528132765,0.8024329484957908
SW480,Minodronic acid,Pralsetinib,0.5108028073760564,0.43865867876298864
SW480,Everolimus,SBI-0640756,0.5592120349510725,0.3649238285999881
SW480,Capmatinib,XRK3F2,0.87676478319756,0.8948477578552287
SW480,Sapanisertib,XRK3F2,0.43850687567358215,0.35723691416830916
SW480,BI-3406,GSK1059615,0.7203313484774205,0.7040300623808913
SW480,AZD1390,Sapanisertib,0.21215259752713084,-0.07886247431091999
SW480,EX229,TAK-901,0.14408761936958117,0.180319729646003
SW480,Capivasertib,Paclitaxel,0.3030444878323223,0.2395134328494429
SW480,Paclitaxel,Pemigatinib,0.6362141404623599,0.5738974654254425
SW480,9-ING-41,TAK-733,0.7352737898298027,0.7155966296571215
SW480,LB-100,MK-8353,0.7476995590701586,0.6439200682287265
SW480,Afatinib,Trametinib,0.9312835521349327,0.9303631326967557
SW480,Methylprednisolone succinate,Tucatinib,0.6368005300618751,0.5416017000876979
SW480,Dabrafenib,Ixazomib,0.2654565973813957,0.12961424152160514
SW480,Abemaciclib,Capivasertib,0.2643792951255395,0.30892405782179844
SW480,DT-061,Pimitespib,0.4956151084788049,0.455280555045091
SW480,Futibatinib,TAK-733,0.40357230575727876,0.31753342125589074
SW480,Alpelisib,Bimiralisib,0.9152234605395564,0.9037227617388985
SW480,Bimiralisib,NG25,0.7077084292887136,0.7554658215954607
SW480,Capivasertib,Everolimus,0.5675917187529086,0.4579884934551406
SW480,BI-3406,Methylprednisolone succinate,0.5370538399520959,0.5812391279169375
SW480,BI-3406,Pralsetinib,0.2145149484113504,0.16611101421054278
SW480,Binimetinib,SBI-0640756,0.16118179363214422,0.15985111117406886
SW480,Belumosudil (mesylate),PF-06260933,0.023564761566986583,0.1614366270008627
SW480,BAY1125976,Everolimus,0.19036568748907823,0.06512440940799681
SW480,DTP3,TAK-733,0.4339301259170674,0.43611858032931305
SW480,olaparib,venetoclax,0.4548760000608301,0.47226096815961077
SW480,Bentamapimod,Lapatinib ditosylate,0.6854552652185364,0.6145990773935053
SW480,Hydroxyfasudil,Minodronic acid,0.6867391368348864,0.6127181291962018
SW480,Bortezomib,Infigratinib,0.5522818384123052,0.5868996008812584
SW480,BI-3406,Infigratinib,0.2432100391989724,0.2444663211948639
SW480,Binimetinib,Irinotecan,0.28331156996311235,0.24571868721238654
SW480,AZD-7648,Afatinib,0.8778266626588387,0.8493561777446093
SW480,Dabrafenib,Tucatinib,0.5607785974944809,0.4893943115728437
SW480,Ipatasertib,LJI308,0.4727250271069192,0.3570829052540614
SW480,9-ING-41,APTO-253,0.04353707950479385,-0.13855281269491626
SW480,AZD-7648,Tubulin inhibitor 6,0.5780665368833833,0.5085818602535518
SW480,BI-3406,NG25,0.8086677124821665,0.8452070944562574
SW480,Alpelisib,Bentamapimod,0.35895280516662775,0.3436704194444744
SW480,Oxaliplatin,SBI-0640756,0.4701450330693303,0.3937207628144639
SW480,Gemcitabine,Infigratinib,0.44689706682814134,0.45561839364135864
SW480,9-ING-41,Alpelisib,0.7967493139616602,0.8063825690820927
SW480,LY-2584702 (tosylate salt),MK-8353,0.02805444374665745,0.1759801855545351
SW480,Dabrafenib,Hydroxyfasudil,0.4257994500859119,0.24026322504480804
SW480,Erdafitinib ,MK-3903,0.36941848793189624,0.28945038238899473
SW480,Infigratinib,XRK3F2,0.22429988651590693,0.193685447570046
SW480,Afatinib,GSK1059615,0.7218361549618186,0.7164369889757153
SW480,APTO-253,palbociclib,-0.057469373690483445,-0.20508897735832146
SW480,AZD2858,Binimetinib,0.41646176259898965,0.44966368364685705
SW480,Encorafenib,Ralimetinib dimesylate,0.7106938097183748,0.6045984918931002
SW480,GSK1059615,OTS514,0.09459583328323719,0.11651990655987385
SW480,Paclitaxel,RMC-6236,0.9434828167558231,0.9418519843207063
SW480,Futibatinib,SBI-0640756,0.5067399359806326,0.3628985911672121
SW480,AZD1390,Adagrasib,0.358699328633464,0.3867233798088899
SW480,Capivasertib,SBI-0640756,0.4411891006416232,0.3278760119409222
SW480,Binimetinib,DTP3,0.4565829906973794,0.46523977971949354
SW480,AZD1390,ERK5-IN-2,0.15119681404057272,-0.10741798604456496
SW480,Alpelisib,olaparib,0.4993670847375109,0.46177905887861426
SW480,BAY1125976,DTP3,0.039586173176484274,-0.1252413394712901
SW480,LY2090314,Trametinib,0.45435112063910005,0.412884442081532
SW480,Hydroxyfasudil,Ixazomib,0.7226852921548237,0.5622801956027969
SW480,Infigratinib,PH-797804,0.24759090631575845,0.293854321388375
SW480,Elimusertib hydrochloride,Pimitespib,0.3539753229932097,0.32015620710667425
SW480,LB-100,ML264,0.8396191950800171,0.7705220682108869
SW480,AZD-7648,MK-3903,0.8344076161641387,0.7685433016889743
SW480,ML264,OTS514,-0.2240466756117353,-0.14965217488939617
SW480,Belzutifan,IQ 1,0.5115736833423477,0.41682959829433563
SW480,Torkinib,Tucatinib,0.4754510276146599,0.3655662897445537
SW480,Sapanisertib,venetoclax,-0.09376355374282372,-0.08067038542814663
SW480,MK-8353,Volasertib,0.7987147758915523,0.6961236203338941
SW480,Dabrafenib,Elimusertib hydrochloride,-0.06882720241674131,-0.1511317836793199
SW480,Alpelisib,TAK-733,0.7585760505871435,0.7382772818039203
SW480,LY2090314,Oxaliplatin,0.5247762862700198,0.4896406772933792
SW480,Adagrasib,Futibatinib,0.15672721255040684,0.1407226890503199
SW480,NG25,RMC-6236,0.7144087636797037,0.7801970353202409
SW480,MK-8353,RMC-6236,0.26420246778252227,0.22746280559479665
SW480,Afatinib,Tubulin inhibitor 6,0.4558884313517568,0.380456434127649
SW480,IQ 1,LB-100,0.5457895324113868,0.4160008824217194
SW480,Tomivosertib,Torkinib,0.24971057270355615,0.23077339900152993
SW480,Anastrozole,MK-3903,0.4869303900247007,0.426373930449196
SW480,Brivudine,DT-061,0.4098181738134746,0.40981952042872666
SW480,CP21R7,Infigratinib,0.2217780532565757,0.14435288027931514
SW480,Bimiralisib,LB-100,0.4712813976033493,0.44954249073325303
SW480,Ipatasertib,NG25,0.3954914131348592,0.4302842416343572
SW480,BI-3406,TAK-733,0.7750769633204226,0.7690676617623583
SW480,AT7519,Brivudine,0.0989155830286629,0.17466139507736922
SW480,9-ING-41,Capmatinib,0.8019437462007047,0.8278791954716659
SW480,BI-3406,Torkinib,0.5448204485278629,0.5203225501279398
SW480,NVP-BHG712,Volasertib,0.726821139269073,0.6414180592591683
SW480,TAK-901,c-Kit-IN-1,0.27502291408141133,0.28743267955319896
SW480,Capivasertib,palbociclib,0.4364859292749955,0.3683732738317495
SW480,IQ 1,olaparib,0.6394984317486355,0.5361914811522566
SW480,4EGI-1,ERK5-IN-2,0.15293985772586183,-0.1118373161837925
hTERT-HPNE,Trametinib,olaparib,0.43980689977067833,0.4000703140884654
hTERT-HPNE,Minodronic acid,Trametinib,-0.18548428219390614,0.03844948397803774
hTERT-HPNE,AT7519,ML264,0.5360216013568603,0.5366952934791438
hTERT-HPNE,EX229,c-Kit-IN-1,0.8423661181755546,0.6955612870122954
hTERT-HPNE,BAY1125976,Pemigatinib,0.5230489528867559,0.47555102579262387
hTERT-HPNE,Bentamapimod,Lapatinib ditosylate,0.6446552123477634,0.6145515973981174
hTERT-HPNE,BAY1125976,HI-TOPK-032,-0.18876080842029747,-0.02305091870838586
hTERT-HPNE,Binimetinib,Dabrafenib,-0.4150293415378213,-0.0003662514771354333
hTERT-HPNE,Pemigatinib,Tubulin inhibitor 6,0.5563603539404192,0.3990809889257145
hTERT-HPNE,Abemaciclib,Ipatasertib,0.35416989850609376,0.3532159155608438
hTERT-HPNE,AZD-7648,Paclitaxel,-0.014502772177847532,0.16312329734567743
hTERT-HPNE,Binimetinib,ETC-206,0.09061922367702313,0.2711434531465516
hTERT-HPNE,PH-797804,Tucatinib,0.07115377124427315,0.2348999021256298
hTERT-HPNE,AZD-8055,DTP3,0.5445097664949684,0.5568020366048093
hTERT-HPNE,Lapatinib ditosylate,PF-06260933,0.4331998103044291,0.3685982120013995
hTERT-HPNE,Anastrozole,Belumosudil (mesylate),-0.00024115767547902567,0.2521747989947865
hTERT-HPNE,Binimetinib,MK-3903,-0.16963808339629655,0.11517050880097397
hTERT-HPNE,9-ING-41,ETC-206,0.40222848990435145,0.46498652520752104
hTERT-HPNE,AZD1390,TAK-733,0.2057392460768152,0.2767716632515885
hTERT-HPNE,ERK5-IN-2,ML264,0.6127151035790817,0.7264179964114194
hTERT-HPNE,BI-78D3,TAK-901,-0.005851564603224344,0.15683143641598823
hTERT-HPNE,Tucatinib,palbociclib,0.45262832270333964,0.3987073042582567
hTERT-HPNE,DT-061,LB-100,0.14171646248845546,0.3240112857154858
hTERT-HPNE,DT-061,Methylprednisolone succinate,0.36010305758424843,0.4395606017632524
hTERT-HPNE,Brivudine,Encorafenib,0.11570864499716876,0.19041774316300014
hTERT-HPNE,Ralimetinib dimesylate,Trametinib,0.01821355657278065,0.09226853834081239
hTERT-HPNE,ETC-206,Tucatinib,0.6990997277804801,0.5838344175986399
hTERT-HPNE,GSK1059615,LJI308,0.13865956596469187,0.3052531747318379
hTERT-HPNE,Ralimetinib dimesylate,olaparib,0.1512487748780215,0.1545130000078717
hTERT-HPNE,AZD1390,Minodronic acid,0.15295373003091545,0.3028758163409848
hTERT-HPNE,Bentamapimod,ML264,0.5348244119050702,0.5516848900469682
hTERT-HPNE,IQ 1,XRK3F2,0.4010818862294123,0.490418106910277
hTERT-HPNE,Celecoxib,PH-797804,0.12279644597829334,0.15372825855476957
hTERT-HPNE,Anastrozole,Encorafenib,0.09991764441886522,0.27926064067603007
hTERT-HPNE,MK-3903,TAK-901,0.12782242050283218,0.08734840591983706
hTERT-HPNE,DT-061,Oxaliplatin,0.30475483743561554,0.3278920380124969
hTERT-HPNE,Capmatinib,Gemcitabine,0.33261709698499903,0.5190742086447628
hTERT-HPNE,Oleic acid,PH-797804,0.03299269355251118,0.1482219411141205
hTERT-HPNE,Bentamapimod,CP21R7,0.5101254985556976,0.4906712675497549
hTERT-HPNE,ETC-206,Minodronic acid,0.6155379100669554,0.44342610969358
hTERT-HPNE,Bentamapimod,IQ 1,0.40176744716254226,0.4853074639123822
hTERT-HPNE,BI-3406,Volasertib,0.035837554795639645,0.06007010843665799
hTERT-HPNE,HI-TOPK-032,ULK-101,0.46717047930479566,0.28751484942693345
hTERT-HPNE,Dabrafenib,Infigratinib,0.41159252558749676,0.4975603584422398
hTERT-HPNE,Bimiralisib,Tomivosertib,0.4077658107871719,0.38052572778957905
hTERT-HPNE,Ipatasertib,NVP-BHG712,0.5932061872370095,0.6567709252722429
hTERT-HPNE,LB-100,Vemurafenib,0.5833972833846504,0.5249612563179277
hTERT-HPNE,Irinotecan,RMC-6236,-0.07992237093338204,0.19396616913698694
hTERT-HPNE,Erdafitinib ,Oxaliplatin,0.6749241669568198,0.42855238155667946
hTERT-HPNE,LJI308,LY2090314,-0.2668768562302318,-0.07880561785962273
hTERT-HPNE,Afatinib,Celecoxib,-0.07386873657707971,0.1808536444519888
hTERT-HPNE,Afatinib,Erdafitinib ,0.2555255311927241,0.34391101755545045
hTERT-HPNE,DTP3,MK-3903,0.4727068067215962,0.4305821890798486
hTERT-HPNE,Bentamapimod,LB-100,0.499890113489496,0.45705300994144316
hTERT-HPNE,Lapatinib ditosylate,Oleic acid,0.538855920123435,0.55886896027645
hTERT-HPNE,Ixazomib,LY2090314,-0.19069417077754175,-0.04461061321141618
hTERT-HPNE,Oxaliplatin,Tucatinib,0.6391093662568444,0.5522378513774422
hTERT-HPNE,EX229,palbociclib,-0.10872477541281682,0.09276010146273683
hTERT-HPNE,Bentamapimod,Everolimus,0.54057012126162,0.5834987480090752
hTERT-HPNE,Belumosudil (mesylate),Brivudine,0.31514660427689584,0.24126030433136278
hTERT-HPNE,9-ING-41,CP21R7,0.24401097800314603,0.3477736957395649
hTERT-HPNE,APTO-253,Lapatinib ditosylate,0.723101766433044,0.5603518329526799
hTERT-HPNE,NVP-BHG712,Tucatinib,0.6675862275921711,0.6376291525609432
hTERT-HPNE,AZD-8055,XRK3F2,0.7522012367489856,0.7311608093114523
hTERT-HPNE,9-ING-41,Belumosudil (mesylate),-0.05302016381037009,0.1686913492198223
hTERT-HPNE,Temuterkib,Vemurafenib,0.6739198715751998,0.606457242957279
hTERT-HPNE,ML264,Temuterkib,0.8558163194403997,0.6755119558109195
hTERT-HPNE,HI-TOPK-032,Temuterkib,-0.06617459819737724,0.0495710900281504
hTERT-HPNE,Temuterkib,c-Kit-IN-1,0.11584533983011198,0.22275252764085007
hTERT-HPNE,APTO-253,Tucatinib,0.7042861279886601,0.6301970558190009
hTERT-HPNE,Pemigatinib,XRK3F2,0.3889089640056899,0.48304028731495036
hTERT-HPNE,Encorafenib,PF-06260933,0.26463874295673745,0.37759839279655116
hTERT-HPNE,AT7519,Celecoxib,0.5120797649105228,0.37963449250434567
hTERT-HPNE,ERK5-IN-2,SBI-0640756,0.34165813934346434,0.3511391170665693
hTERT-HPNE,Gemcitabine,TAK-733,0.1977587303031167,0.37669240243652824
hTERT-HPNE,Methylprednisolone succinate,Sapanisertib,-0.09639126941831237,0.11794385911213957
hTERT-HPNE,BI-3406,Tomivosertib,0.3856343031942184,0.37960698272550236
hTERT-HPNE,Tucatinib,Vemurafenib,0.689413026252144,0.6747939714599429
hTERT-HPNE,RMC-6236,Vemurafenib,0.08839608088191643,0.2520747139696994
hTERT-HPNE,Oleic acid,Regorafenib,0.0711883433431734,0.20007241916313798
hTERT-HPNE,Afatinib,NG25,0.19048502271268836,0.3273154170394185
hTERT-HPNE,MK-8353,ULK-101,0.33021118724064036,0.4703429536046226
hTERT-HPNE,HI-TOPK-032,SBI-0640756,0.4655172015046596,0.2266751670089756
hTERT-HPNE,EX229,Paclitaxel,0.13460939875825978,0.31147205198364686
hTERT-HPNE,Trametinib,XRK3F2,0.14914509525078085,0.22474387665008388
hTERT-HPNE,Trametinib,Tubulin inhibitor 6,0.08474330721429255,0.18639966066584515
hTERT-HPNE,Everolimus,HI-TOPK-032,0.44291775688231166,0.5200361074928368
hTERT-HPNE,AT7519,GSK1059615,0.02574130481493268,0.24733867601759013
hTERT-HPNE,AT7519,Lapatinib ditosylate,0.6405426524819977,0.5737968038123386
hTERT-HPNE,Sapanisertib,c-Kit-IN-1,0.07888569857427677,0.14742408114013425
hTERT-HPNE,Afatinib,PH-797804,0.035352015398235424,0.12376606789620756
hTERT-HPNE,CP21R7,Methylprednisolone succinate,0.317865981781509,0.4317766948652945
hTERT-HPNE,MK-3903,ML264,0.2170655167737177,0.28350289043453447
hTERT-HPNE,PH-797804,Pemigatinib,0.24195275218191964,0.35642520708764336
hTERT-HPNE,EX229,Sapanisertib,0.19012100452384972,0.34403100654721175
hTERT-HPNE,CP21R7,TAK-901,0.02828876806526498,0.09520996568680211
hTERT-HPNE,Lapatinib ditosylate,Pralsetinib,0.25456050236450956,0.26026887172912144
hTERT-HPNE,HI-TOPK-032,Sapanisertib,-0.21115270943477443,-0.05783476180126003
hTERT-HPNE,Everolimus,PH-797804,0.33256663989646823,0.40753367201462143
hTERT-HPNE,Binimetinib,Erdafitinib ,-0.17138034158408244,0.06930335704609182
hTERT-HPNE,Ralimetinib dimesylate,Volasertib,0.5961013787505686,0.5024771585075076
hTERT-HPNE,Lapatinib ditosylate,Minodronic acid,0.6403267137429476,0.5469883782066536
hTERT-HPNE,4EGI-1,Tubulin inhibitor 6,0.517040021415286,0.41477252190592706
hTERT-HPNE,Brivudine,CP21R7,0.003770335136759985,0.19083787338486102
hTERT-HPNE,Afatinib,olaparib,0.19862962087304706,0.3383961055102906
hTERT-HPNE,Everolimus,Paclitaxel,0.4403840111863977,0.4478576324857807
hTERT-HPNE,Capivasertib,PH-797804,0.27942649703597,0.1719377304950097
hTERT-HPNE,Brivudine,Methylprednisolone succinate,0.4142675904367336,0.2186080972092474
hTERT-HPNE,9-ING-41,Bimiralisib,0.412296061071585,0.5124028107667381
hTERT-HPNE,Binimetinib,TAK-733,0.32418631507291573,0.3447678447873459
hTERT-HPNE,MK-8353,NG25,-0.04261337643255296,0.1281391349873724
hTERT-HPNE,Pralsetinib,ULK-101,0.5430833095573391,0.42645928704918556
hTERT-HPNE,AZD-7648,Everolimus,0.13866077964257767,0.27119040069054223
hTERT-HPNE,ML264,Sapanisertib,0.5952793549128856,0.636338551185909
hTERT-HPNE,AZD-8055,Trametinib,-0.04667696419112925,-0.0039035768817491066
hTERT-HPNE,PH-797804,SBI-0640756,0.41484062850598247,0.4165608450817878
hTERT-HPNE,Abemaciclib,Pralsetinib,0.47047415937856607,0.5283566951955581
hTERT-HPNE,Bentamapimod,Pralsetinib,0.2599354256952969,0.3308445546323211
hTERT-HPNE,NVP-BHG712,Pemigatinib,0.5968378806926601,0.5444641069935754
hTERT-HPNE,ML264,Oleic acid,0.18646750607349352,0.2616562344140356
hTERT-HPNE,Bimiralisib,venetoclax,0.39067000454754863,0.3355716440285736
hTERT-HPNE,AT7519,MK-3903,0.04060216435921321,0.26002064957185167
hTERT-HPNE,ETC-206,Tomivosertib,0.2023486013305576,0.3828028686007462
hTERT-HPNE,PF-06260933,Paclitaxel,0.3369887926585831,0.3711951889684113
hTERT-HPNE,LY2090314,ULK-101,-0.16486516787482774,0.10863204911455757
hTERT-HPNE,9-ING-41,Afatinib,0.6164693242761499,0.6026076234963336
hTERT-HPNE,Gemcitabine,NG25,0.26508054259277164,0.25905879282225264
hTERT-HPNE,AZD-7648,Tucatinib,0.06629939518428277,0.22076928652543515
hTERT-HPNE,4EGI-1,olaparib,0.17921854406696017,0.3145355973174268
hTERT-HPNE,Lapatinib ditosylate,Sapanisertib,0.33520938509259474,0.3802989875709518
hTERT-HPNE,Paclitaxel,Vemurafenib,0.7862169953049112,0.7223628982530471
hTERT-HPNE,AT7519,Ralimetinib dimesylate,0.38429563976747266,0.5037825349218642
hTERT-HPNE,Anastrozole,EX229,0.07305781682223123,0.254899920325355
hTERT-HPNE,Brivudine,Celecoxib,0.1439915052078313,0.19582726257486005
hTERT-HPNE,Pemigatinib,Sapanisertib,0.42307672827933074,0.437053425284604
hTERT-HPNE,EX229,Tucatinib,-0.054623937275263504,0.23600815368290162
hTERT-HPNE,MK-8353,palbociclib,0.3209004764249633,0.19731237638312604
hTERT-HPNE,BAY1125976,Erdafitinib ,0.6603640982920714,0.6607690315075854
hTERT-HPNE,Ixazomib,Tucatinib,-0.14658765071816937,0.053280246871328096
hTERT-HPNE,EX229,Infigratinib,0.07930572541925233,0.2706521441576499
hTERT-HPNE,Regorafenib,Vemurafenib,0.3332982598269232,0.46289078549779156
hTERT-HPNE,ML264,XRK3F2,0.7096680556043462,0.6897546069062842
hTERT-HPNE,DTP3,Tubulin inhibitor 6,0.5454687178195753,0.45546261527141674
hTERT-HPNE,Afatinib,MK-3903,0.5639526759711198,0.5706945961187505
hTERT-HPNE,ULK-101,Vemurafenib,0.1635885421852957,0.3118462811296232
hTERT-HPNE,Brivudine,Regorafenib,0.6157324421953814,0.49562612513001575
hTERT-HPNE,Bimiralisib,TAK-733,0.35305462177562347,0.35875344211900323
hTERT-HPNE,Abemaciclib,Oleic acid,-0.1086415037718913,0.05249231943127616
hTERT-HPNE,AZD-8055,Tubulin inhibitor 6,0.45941682244246645,0.4033552078794923
hTERT-HPNE,AZD-8055,AZD1390,0.5863724152314573,0.5032182764764941
hTERT-HPNE,Afatinib,Anastrozole,0.021710777006648918,0.22649943070120407
hTERT-HPNE,PH-797804,Tomivosertib,0.5320990661479253,0.486593995586643
hTERT-HPNE,ERK5-IN-2,Paclitaxel,0.7077443870678515,0.7680482766769008
hTERT-HPNE,AZD-7648,Irinotecan,0.3021146415264845,0.36085317829241975
hTERT-HPNE,Belumosudil (mesylate),Capivasertib,0.19387430423950477,0.19206756356402238
hTERT-HPNE,Bentamapimod,Ralimetinib dimesylate,0.8980718870773532,0.8216957684487446
hTERT-HPNE,BI-78D3,Tubulin inhibitor 6,0.4020893109767024,0.4793360457367409
hTERT-HPNE,AT7519,Trametinib,-0.16653863106103994,0.11495390314587936
hTERT-HPNE,HI-TOPK-032,Infigratinib,0.12176203116299344,0.2150489998065827
hTERT-HPNE,Dabrafenib,PH-797804,-0.10581192244234272,0.15665810315691472
hTERT-HPNE,Paclitaxel,Ralimetinib dimesylate,0.6151888034980387,0.6683457137029231
hTERT-HPNE,Everolimus,LB-100,0.553853124185113,0.4541487393027601
hTERT-HPNE,AZD-8055,ULK-101,0.28499108420211244,0.40203367076813284
hTERT-HPNE,ML264,PH-797804,0.02397433906763016,0.2733103673559589
hTERT-HPNE,Ipatasertib,LY2090314,0.03686506480051394,0.2514881378673409
hTERT-HPNE,Alpelisib,Brivudine,0.42799378908868396,0.4900999088456717
hTERT-HPNE,LY2090314,TAK-901,-0.2190668667825575,-0.1318442865283827
hTERT-HPNE,Binimetinib,EX229,0.15418471097076317,0.30231699482273844
hTERT-HPNE,Abemaciclib,Belumosudil (mesylate),0.42747928267163,0.4549251270756008
hTERT-HPNE,Encorafenib,Irinotecan,0.10065048476382497,0.2515026292726543
hTERT-HPNE,ETC-206,RMC-6236,0.05596296521126074,0.11705025619365252
hTERT-HPNE,Ipatasertib,c-Kit-IN-1,0.31275804943527824,0.2439157250910186
hTERT-HPNE,Encorafenib,Trametinib,0.26412085348830455,0.290042748241371
hTERT-HPNE,ETC-206,LY2090314,0.6202351785817529,0.4963452905344118
hTERT-HPNE,Irinotecan,Ixazomib,0.18122949684432205,0.39313517211664584
hTERT-HPNE,Afatinib,NVP-BHG712,0.5262846059596986,0.6345158132354614
hTERT-HPNE,DTP3,Tomivosertib,0.33438029678417575,0.4293876549469503
hTERT-HPNE,Methylprednisolone succinate,olaparib,0.5753676294753911,0.4518351599053781
hTERT-HPNE,Irinotecan,Lapatinib ditosylate,0.36202469486587313,0.34461114377856256
hTERT-HPNE,Ipatasertib,LB-100,0.1845127485662169,0.3280143147005362
hTERT-HPNE,APTO-253,Ipatasertib,0.2766429792423022,0.45243127699339375
hTERT-HPNE,Oleic acid,Pralsetinib,0.3050776904442132,0.35354478430578334
hTERT-HPNE,LB-100,Trametinib,-0.07229368584845645,0.1359321606539338
hTERT-HPNE,APTO-253,Alpelisib,0.49317288454976255,0.40296511829976284
hTERT-HPNE,LB-100,c-Kit-IN-1,0.15028001163326327,0.17361386660053585
hTERT-HPNE,4EGI-1,ERK5-IN-2,0.39484189055534913,0.4315776128601918
hTERT-HPNE,9-ING-41,venetoclax,-0.1775984242161291,0.03289783923161087
hTERT-HPNE,BAY1125976,olaparib,-0.33099125827587733,-0.1938558445916273
hTERT-HPNE,9-ING-41,PH-797804,0.08189589693233502,0.2556883248103023
hTERT-HPNE,4EGI-1,Anastrozole,0.40788529737553736,0.3697608567616962
hTERT-HPNE,AT7519,Ixazomib,-0.3121556947756525,0.009281236840472815
hTERT-HPNE,DT-061,Minodronic acid,0.4730631435965357,0.5102107422674179
hTERT-HPNE,Everolimus,Gemcitabine,0.7663706525813156,0.7433390636417058
hTERT-HPNE,Paclitaxel,RMC-6236,0.14212474831500482,0.26639009580969697
hTERT-HPNE,Afatinib,Pralsetinib,-0.017653075519835665,0.16585288257874514
hTERT-HPNE,Gemcitabine,XRK3F2,0.2606302471203168,0.33925860305686256
hTERT-HPNE,LY2090314,Pemigatinib,0.3001002588788994,0.17188198205946165
hTERT-HPNE,Abemaciclib,DT-061,0.019036178601184953,0.0009088651773229948
hTERT-HPNE,DT-061,TAK-901,0.06849587954054634,0.014249492479829817
hTERT-HPNE,ETC-206,Volasertib,0.5785713283726974,0.38556129750651
