dataset,cell_line,perturbation,moa,n_cells,sil_raw_k2,var_ratio_k2,gap_best_k,gap_k2,gap_k3,gap_k4,gap_k5,sil_raw_kmeans_k2,sil_pca10_kmeans_k2,sil_pca50_kmeans_k2,sil_gmm2_raw,sil_gmm2_pca50,sil_raw_kmeans_bestk3,sil_response_kmeans_k2,sil_raw_kmeans_bestk4,sil_raw_kmeans_bestk5
SciPlex3,K562,Busulfan ,DNA alkylator,120,0.01942344196140766,0.03221914637213535,2,0.8992178450570787,0.8941865277261076,0.8795942927000304,0.8443510257722178,0.01942344196140766,0.11836235225200653,0.02095664292573929,0.01750795915722847,0.03917480260133743,0.015625514090061188,0.01942344382405281,,
SciPlex3,K562,TGX-221,PI3K,120,0.028251297771930695,0.03702177562397028,2,0.8029670004035943,0.7986310804673948,0.777202738826821,0.7775734209736278,0.028251297771930695,0.13764876127243042,0.045008428394794464,0.011379078961908817,0.045008428394794464,,0.028251297771930695,0.01809738017618656,
SciPlex3,K562,ENMD-2076 L-(+)-Tartaric acid ,"Aurora Kinase,FLT3,VEGFR",120,0.0346192792057991,0.04248575289766385,3,0.8061788420049538,0.8313386673867882,0.8151210471574419,0.8131850182188138,0.0346192792057991,0.16025075316429138,0.05496850982308388,0.028881581500172615,0.04869329556822777,0.03129596263170242,0.0346192829310894,,
SciPlex3,K562,Linifanib (ABT-869),"CSF-1R,PDGFR,VEGFR",120,0.03887895122170448,0.04723819514774021,2,0.9230758401413457,0.896771529184857,0.8783699311271818,0.8951996699564209,0.03887895122170448,0.16067862510681152,0.05985554680228233,0.023363811895251274,0.05995533615350723,0.016747422516345978,0.03887895122170448,,
SciPlex3,K562,Resveratrol,"Autophagy,Sirtuin",120,0.02179688774049282,0.029001617809937937,2,0.8296500336810553,0.8189042253285947,0.7940580379265292,0.8055937041677748,0.02179688774049282,0.1291632056236267,0.032749805599451065,0.017503229901194572,0.032749805599451065,0.023375321179628372,0.02179688960313797,,
SciPlex3,K562,"Roscovitine (Seliciclib,CYC202)",CDK,120,0.035984404385089874,0.043280435149956484,2,0.8569482348298738,0.8396811447130634,0.837669979324998,0.8404964812092484,0.035984404385089874,0.1594236046075821,0.057843875139951706,0.046588439494371414,0.057843875139951706,,0.035984404385089874,0.034877266734838486,
SciPlex3,K562,Anacardic Acid,Histone Acetyltransferase,120,0.03770994395017624,0.04018664179162733,2,0.9334527540338264,0.9113946156854009,0.89530898188805,0.8939466126146645,0.03770994395017624,0.15771284699440002,0.06583809107542038,0.011586649343371391,0.058737482875585556,0.029374685138463974,0.03770994395017624,,
SciPlex3,K562,Mesna ,Others,120,0.024728143587708473,0.033240407186944605,3,0.8426690369001886,0.8722169137760503,0.8348342464994065,0.8446085659904004,0.024728143587708473,0.1301984339952469,0.03634469211101532,0.019902635365724564,0.03953271359205246,,0.024728143587708473,,0.021547909826040268
SciPlex3,K562,Droxinostat,HDAC,120,0.03802868351340294,0.038810644345563784,2,0.8995258156234645,0.8664817931639028,0.860617813057253,0.8593869783221937,0.03802868351340294,0.1550968438386917,0.04709867760539055,0.03334369882941246,-1.0,0.018341396003961563,0.03802868351340294,,
SciPlex3,K562,ABT-737,Bcl-2,120,0.03431886434555054,0.04316498611379251,2,0.8597551944385504,0.8510638685129308,0.8388172344860383,0.8386189440739376,0.03431886434555054,0.1569366306066513,0.05385073646903038,0.05985446646809578,-1.0,0.031022870913147926,0.03431886062026024,,
SciPlex3,K562,PJ34,PARP,120,0.03031034581363201,0.03757151512461947,2,0.9068419875000568,0.8927348995208568,0.8975706305375688,0.9041040952487904,0.03031034581363201,0.14489813148975372,0.04806893691420555,0.013211022131145,0.04806893691420555,,0.030310343950986862,,0.022066961973905563
SciPlex3,K562,JNJ-26854165 (Serdemetan),"E3 Ligase ,p53",120,0.03865135461091995,0.04757036809229451,2,0.8192720751329485,0.8194528457869517,0.7962486068087085,0.7980739914322452,0.03865135461091995,0.17272455990314484,0.05969388037919998,0.03757042810320854,0.06005557253956795,,0.03865136206150055,0.01768406108021736,
SciPlex3,K562,A-366,Histone Methyltransferase,120,0.028270743787288666,0.04006525740590265,2,0.8990258081669182,0.8870204432483462,0.8760534824204207,0.8877654896554432,0.028270743787288666,0.14681066572666168,0.05179153010249138,0.06460167467594147,0.05169670656323433,,0.028270743787288666,0.02250954695045948,
SciPlex3,K562,Tacedinaline (CI994),HDAC,120,0.024461086839437485,0.03269131333872027,2,0.9357054598535406,0.9244958554591989,0.8938309792512857,0.9090153978332598,0.024461086839437485,0.13089124858379364,0.04029322415590286,0.011440449394285679,0.0389770083129406,0.017263228073716164,0.024461086839437485,,
SciPlex3,K562,XAV-939,Wnt/beta-catenin,120,0.02929520606994629,0.0302521100078823,2,0.8588869918779434,0.8628762249699697,0.8689978122407638,0.8705699083426595,0.02929520606994629,0.16204823553562164,0.054997384548187256,0.02712910994887352,0.054997384548187256,0.02379520796239376,0.02929520606994629,,
SciPlex3,K562,Meprednisone,Glucocorticoid Receptor,120,0.030286245048046112,0.039041782584185954,2,0.9370577493284244,0.9189283941706154,0.9018918828832323,0.9088776697679997,0.030286245048046112,0.1399625837802887,0.04672550410032272,0.021060606464743614,0.04672550410032272,0.014253145083785057,0.03028624691069126,,
SciPlex3,K562,Triamcinolone Acetonide,Glucocorticoid Receptor,120,0.03377676010131836,0.035954269557314046,2,0.8798432531092555,0.8602159579161697,0.8367778959117267,0.8350192069490063,0.03377676010131836,0.14233742654323578,0.057702843099832535,0.015265379101037979,0.039045076817274094,,0.03377676010131836,,0.013189121149480343
SciPlex3,K562,Pirarubicin,Topoisomerase,120,0.025488365441560745,0.03326145190616223,3,0.8332417393113261,0.8787640052561514,0.8395124885072551,0.8371235381250148,0.025488365441560745,0.14193052053451538,0.04623577371239662,0.02003723569214344,-1.0,,0.025488369166851044,0.0214750487357378,
SciPlex3,K562,MLN8054,Aurora Kinase,120,0.037755195051431656,0.042144615417807195,2,0.9274722244022691,0.9425502212708885,0.9235167418219667,0.9323756703278931,0.037755195051431656,0.16086702048778534,0.058201443403959274,0.04814378172159195,0.07529258728027344,,0.037755195051431656,0.036580849438905716,
SciPlex3,K562,Hesperadin,Aurora Kinase,120,0.03523918613791466,0.0409006801166717,2,0.955782047392816,0.9522455551049802,0.9169070263839281,0.9185330881055211,0.03523918613791466,0.15277865529060364,0.05513683706521988,0.016538597643375397,0.058277811855077744,,0.03523918613791466,0.02294347994029522,
SciPlex3,K562,SB431542,TGF-beta/Smad,120,0.03145454078912735,0.03728703904607203,2,0.8708026038465189,0.8729842986811764,0.863653775446906,0.8956702378013262,0.03145454078912735,0.14432962238788605,0.04809499531984329,0.018141599372029305,0.04809499531984329,,0.03145454078912735,0.021741842851042747,
SciPlex3,K562,Streptozotocin (STZ),DNA alkylator,120,0.02620641328394413,0.03639595247578783,2,0.828364062841759,0.8367093342269616,0.82722539671364,0.812619168689773,0.02620641328394413,0.12873150408267975,0.047035329043865204,0.018287457525730133,-1.0,0.018482360988855362,0.02620641514658928,,
SciPlex3,K562,Alendronate sodium trihydrate,Others,120,0.062389593571424484,0.036957588662598455,3,0.8002436129945671,0.8214752017415048,0.7829268872672515,0.8027582430353473,0.062389593571424484,0.22637155652046204,0.0931982696056366,0.07974782586097717,-1.0,,0.062389593571424484,0.04329604655504227,
SciPlex3,K562,Valproic acid sodium salt (Sodium valproate),"GABA Receptor,HDAC,Autophagy",120,0.02282528765499592,0.030251682741031013,2,0.9068386315552548,0.9125942824195121,0.8984553601027319,0.9139935012169307,0.02282528765499592,0.12320046126842499,0.03562847897410393,0.052772704511880875,-1.0,,0.02282528765499592,0.010129495523869991,
SciPlex3,K562,Mercaptopurine (6-MP),DNA/RNA Synthesis,120,0.028963852673768997,0.037039470583338376,2,0.834150579205426,0.8316865301389846,0.8120098189229115,0.8327834146678672,0.028963852673768997,0.13747848570346832,0.046148721128702164,0.028963852673768997,0.04445097967982292,0.017580486834049225,0.028963850811123848,,
SciPlex3,K562,Tazemetostat (EPZ-6438),Histone Methyltransferase,120,0.03275873512029648,0.033092767877750597,2,0.9053629063930266,0.875443017651822,0.8500690936680488,0.8835519461167323,0.03275873512029648,0.13050739467144012,0.03769475594162941,0.007432575337588787,0.03640906140208244,,0.03275873512029648,0.01669340580701828,
SciPlex3,K562,Azacitidine ,DNA Methyltransferase,120,0.02624126337468624,0.03511914391032235,2,0.9153960138764834,0.8934984857438604,0.8711996874160253,0.8819189060117179,0.02624126337468624,0.1383657604455948,0.04139665886759758,0.022223781794309616,0.04139665886759758,0.017483321949839592,0.02624126337468624,,
SciPlex3,K562,S-Ruxolitinib (INCB018424),JAK,120,0.02235434763133526,0.03553955053197517,2,0.8266711888444647,0.809492047521724,0.8026563889842055,0.8230808588402923,0.02235434763133526,0.13217265903949738,0.04184407368302345,0.0214640311896801,0.04046275466680527,0.024067651480436325,0.02235434763133526,,
SciPlex3,K562,Glesatinib?(MGCD265),"c-Met,Tie-2,VEGFR",120,0.029639458283782005,0.036393260397530214,2,0.8076676086385248,0.8190320014424621,0.7787052981325946,0.8167384346784985,0.029639458283782005,0.1305466741323471,0.04423893243074417,0.021054808050394058,0.04244057834148407,0.027441466227173805,0.029639458283782005,,
SciPlex3,K562,Fulvestrant,Estrogen/progestogen Receptor,120,0.03183169290423393,0.04110706376709816,2,0.9400662359938075,0.917006636281883,0.8936464685193837,0.9124522935419126,0.03183169290423393,0.15200106799602509,0.04796246066689491,0.04441768303513527,-1.0,,0.03183169290423393,0.028992030769586563,
SciPlex3,K562,Sodium Phenylbutyrate,HDAC,120,0.023152250796556473,0.031642431911257415,2,0.874156926909949,0.8809796273126533,0.853430811386497,0.8631115691458646,0.023152250796556473,0.12395084649324417,0.034085456281900406,0.0076355342753231525,0.05702068284153938,0.014709432609379292,0.023152252659201622,,
SciPlex3,K562,AICAR (Acadesine),AMPK,120,0.03494374081492424,0.04575914196317571,2,0.9390633447172227,0.9299305879524304,0.902671502946303,0.9044994680812035,0.03494374081492424,0.15887227654457092,0.0535690039396286,0.030835652723908424,0.0535690039396286,0.03289109840989113,0.03494374454021454,,
SciPlex3,K562,Cyclocytidine HCl,DNA/RNA Synthesis,120,0.06176024675369263,0.04594266672449314,2,0.9296623352283344,0.9306823794845283,0.9187864895314686,0.9210335288282039,0.06176024675369263,0.1633286029100418,0.10223881155252457,0.04768107086420059,-1.0,0.05433540418744087,0.06176024675369263,,
SciPlex3,K562,(+)-JQ1,Epigenetic Reader Domain,120,0.020879002287983894,0.032053152275953,2,0.8834191549768562,0.8466943189718688,0.8621107231693657,0.8601653924211696,0.020879002287983894,0.11480174213647842,0.034002263098955154,0.018473390489816666,0.03417994827032089,0.006863145157694817,0.020879002287983894,,
SciPlex3,K562,SRT2104 (GSK2245840),Sirtuin,120,0.029437968507409096,0.03789869298211656,2,0.8924226075129624,0.8831723428729834,0.8582868096567378,0.8702330523257746,0.029437968507409096,0.15708211064338684,0.04800712317228317,0.02520301192998886,0.0463433712720871,0.02296403981745243,0.029437968507409096,,
SciPlex3,K562,NVP-BSK805 2HCl,JAK,120,0.028329068794846535,0.03774715391845204,2,0.904840454274698,0.8851864397869367,0.870587996931178,0.8852920731861751,0.028329068794846535,0.1580885499715805,0.052468281239271164,0.029335489496588707,0.049543485045433044,0.011647182516753674,0.028329070657491684,,
SciPlex3,K562,Danusertib (PHA-739358),"Aurora Kinase,Bcr-Abl,c-RET,FGFR",120,0.03716902807354927,0.04696824239427284,2,0.9203995257351085,0.9151346855833893,0.9047412144157239,0.9047075977457801,0.03716902807354927,0.15992680191993713,0.05760534480214119,0.03841875493526459,0.05760534480214119,0.02559409849345684,0.03716902807354927,,
SciPlex3,K562,MC1568,HDAC,120,0.032632675021886826,0.030015690934403323,2,0.8605034544596037,0.8640401782836484,0.7934605499194678,0.8392858353325341,0.032632675021886826,0.1549927145242691,0.05395031347870827,0.004131249617785215,-1.0,0.015258249826729298,0.032632675021886826,,
SciPlex3,K562,IOX2,HIF,120,0.0318538099527359,0.039584019749667965,2,0.914518026694072,0.9041758990198208,0.8616206002013254,0.8866322861091618,0.0318538099527359,0.14845895767211914,0.04787454754114151,0.010629737749695778,0.047499045729637146,,0.0318538099527359,0.009527979418635368,
SciPlex3,K562,UNC1999,Histone Methyltransferase,120,0.026299921795725822,0.03348548353799906,2,0.9221316061482021,0.9134851497859806,0.8930146880371606,0.8914649565069723,0.026299921795725822,0.1333041787147522,0.04317869246006012,0.016834378242492676,0.04086627811193466,0.01247833389788866,0.026299919933080673,,
SciPlex3,K562,Ivosidenib (AG-120),IDH1,120,0.031606271862983704,0.03985227904429309,2,0.910802860996748,0.8983032460964893,0.8563522119122382,0.8747544398543123,0.031606271862983704,0.15672968327999115,0.04881729930639267,0.030495643615722656,0.0500078909099102,0.022839605808258057,0.031606271862983704,,
SciPlex3,K562,BMS-265246,CDK,120,0.04720233008265495,0.05439962097575209,2,0.848839435420059,0.8541256302798903,0.8513280826016469,0.8322420436148299,0.04720233008265495,0.19995084404945374,0.07997236400842667,0.030926764011383057,0.07001374661922455,0.013770757243037224,0.04720233008265495,,
SciPlex3,K562,WHI-P154,"EGFR,JAK",120,0.019080765545368195,0.03186560981538319,2,0.8788423112022379,0.8714037507351637,0.872747162654063,0.8670633224168949,0.019080765545368195,0.12751860916614532,0.045404933393001556,0.011766928248107433,0.045404933393001556,,0.019080763682723045,0.019165417179465294,
SciPlex3,K562,PF-3845,FAAH,120,0.029019121080636978,0.0364907236364219,2,0.8539328691217918,0.8513268567687646,0.8315173197840977,0.8108402004339386,0.029019121080636978,0.13478168845176697,0.046444542706012726,0.019943201914429665,0.034719038754701614,0.01817053183913231,0.029019121080636978,,
SciPlex3,K562,Cimetidine ,Histamine Receptor,120,0.01826595887541771,0.033451776561055864,3,0.8425377261054017,0.8620789322137519,0.8379486812382844,0.848766844199421,0.01826595887541771,0.12657852470874786,0.040173403918743134,0.04044467210769653,-1.0,0.021359022706747055,0.01826595887541771,,
SciPlex3,K562,Aminoglutethimide ,Aromatase,120,0.03439880907535553,0.04428836751693249,3,0.8847189020909365,0.9075340368443197,0.8856510929227159,0.8932005183295271,0.03439880907535553,0.16563460230827332,0.06193237379193306,0.025547711178660393,0.061599377542734146,0.03131420537829399,0.03439880907535553,,
SciPlex3,K562,PF-573228,FAK,120,0.03361064940690994,0.04037143557222132,2,0.8458657157552896,0.7976901066898865,0.7850884851864208,0.8165139336925442,0.03361064940690994,0.14646781980991364,0.05683864280581474,0.05450261011719704,0.05683864280581474,0.02012116089463234,0.03361065313220024,,
SciPlex3,K562,Raltitrexed,DNA/RNA Synthesis,120,0.03778785839676857,0.04112053807606913,2,0.8903263796907392,0.8744570454065368,0.8720956125998338,0.8472384749189406,0.03778785839676857,0.15300068259239197,0.05816863477230072,0.029490705579519272,0.06014074385166168,0.022383423522114754,0.03778785839676857,,
SciPlex3,K562,RG108,DNA Methyltransferase,120,0.043642543256282806,0.04227060554471931,2,0.8977093862604182,0.884437357909782,0.8653206363021138,0.859660930485898,0.043642543256282806,0.15980695188045502,0.05299399793148041,0.025865616276860237,0.05299399793148041,0.02594602294266224,0.043642543256282806,,
SciPlex3,K562,YM155 (Sepantronium Bromide),Survivin,120,0.09196359664201736,0.08470549860288899,2,0.9650186242656105,0.9501958523559058,0.9324006719732676,0.9211374127880827,0.09196359664201736,0.27085915207862854,0.13078661262989044,0.009427779354155064,0.13032744824886322,0.0908701941370964,0.09196359664201736,,
SciPlex3,K562,PD173074,"FGFR,VEGFR",120,0.028180953115224838,0.0354201760476585,2,0.8999136177812783,0.8874350831014102,0.8540539025377694,0.8518320246384352,0.028180953115224838,0.13954967260360718,0.04855259507894516,0.023132512345910072,0.04855259507894516,,0.028180954977869987,0.02087840624153614,
SciPlex3,K562,Lenalidomide (CC-5013),TNF-alpha,120,0.029112564399838448,0.038897921041398636,2,0.9010587554726346,0.8940582151140077,0.8738009165590572,0.891281186151609,0.029112564399838448,0.13952858746051788,0.05057933181524277,0.03651733323931694,-1.0,0.02624218538403511,0.029112564399838448,,
SciPlex3,K562,Sirtinol,Sirtuin,120,0.0184993464499712,0.028675958695929066,2,0.894887805106972,0.8801224329216684,0.8695250815672093,0.8767894830666716,0.0184993464499712,0.12161897122859955,0.036644380539655685,0.00805141031742096,0.04126453027129173,,0.01849934831261635,0.024652643129229546,
SciPlex3,K562,Disulfiram ,Dehydrogenase,120,0.026446035131812096,0.03387126160927185,2,0.8666728420685921,0.8400167781957766,0.8136330069939248,0.8234511650893843,0.026446035131812096,0.19960826635360718,0.08058617264032364,0.001068968209438026,0.03918672353029251,0.014947539195418358,0.026446035131812096,,
SciPlex3,K562,SNS-314,Aurora Kinase,120,0.05216888338327408,0.06222374775198492,3,0.7858612748437483,0.8529729745658798,0.8281586886364654,0.838450840691717,0.05216888338327408,0.216657355427742,0.07976063340902328,0.04885784909129143,0.07428811490535736,0.03736042231321335,0.05216887965798378,,
SciPlex3,K562,Gandotinib (LY2784544),JAK,120,0.035771120339632034,0.043579928216301904,2,0.8480336400628037,0.8473448669221213,0.8341720155943371,0.8117648739686079,0.035771120339632034,0.15406785905361176,0.05472783371806145,0.020424462854862213,0.05791357904672623,0.03490770608186722,0.03577112406492233,,
SciPlex3,K562,Altretamine,DNA alkylator,120,0.030733998864889145,0.03230787618001784,2,0.9122615527310689,0.9078231962496321,0.9028079930059132,0.8952736217794275,0.030733998864889145,0.1302638202905655,0.04928458482027054,0.02390265092253685,0.04928458482027054,,0.030733997002243996,,0.011493289843201637
SciPlex3,K562,ITSA-1 (ITSA1),HDAC,120,0.033809106796979904,0.03697786430055653,2,0.8975515681414059,0.8864198362215365,0.8596073025590432,0.8739050644421908,0.033809106796979904,0.14204177260398865,0.05224096029996872,0.02472192607820034,0.05087907239794731,0.018335441127419472,0.033809103071689606,,
SciPlex3,K562,GSK-LSD1 2HCl,Histone Demethylase,120,0.023593813180923462,0.0333204963706563,2,0.85807666687767,0.8472667387689423,0.7838943374278315,0.8182429266443041,0.023593813180923462,0.1332065314054489,0.03941575437784195,0.01776801235973835,0.04034978523850441,0.02031943015754223,0.023593811318278313,,
SciPlex3,K562,Tie2 kinase inhibitor,Tie-2,120,0.028688382357358932,0.038210876239846224,2,0.8723536419801121,0.8452492765106889,0.830777053682553,0.8318760059180317,0.028688382357358932,0.1457643210887909,0.0471918061375618,0.018837329000234604,0.048188336193561554,0.029445642605423927,0.02868838422000408,,
SciPlex3,K562,Maraviroc,CCR,120,0.018263868987560272,0.03303948237737679,3,0.8389855136421467,0.8593508742801657,0.8416074397776878,0.8207243709512575,0.018263868987560272,0.13113464415073395,0.03054868057370186,0.045233629643917084,-1.0,,0.018263868987560272,0.011585114523768425,
SciPlex3,K562,Zileuton,Lipoxygenase,120,0.03361538425087929,0.04091947865179847,2,0.868475971566772,0.8615779796939282,0.8526513010635064,0.855948577545913,0.03361538425087929,0.14191363751888275,0.050873126834630966,0.011415088549256325,-1.0,0.02050042524933815,0.03361537680029869,,
SciPlex3,K562,Avagacestat (BMS-708163),"Beta Amyloid,Gamma-secretase",120,0.02269536256790161,0.030564304667879603,2,0.8860996073037217,0.8766021594078452,0.8560120358992211,0.8505455852338528,0.02269536256790161,0.11965564638376236,0.03725915402173996,0.021085958927869797,-1.0,,0.02269536256790161,0.021537184715270996,
SciPlex3,K562,Selisistat (EX 527),Sirtuin,120,0.02647673338651657,0.03452627793165931,2,0.9061942119376347,0.8831157487706953,0.8866137887887753,0.9001183067997509,0.02647673338651657,0.14398619532585144,0.07739342749118805,0.02421049401164055,0.04575700685381889,0.014717009849846363,0.026476731523871422,,
SciPlex3,K562,EED226,Epigenetic Reader Domain,120,0.02228989265859127,0.030782833483891197,2,0.8589252602747877,0.8412766176275888,0.8365595741939433,0.8203662805100045,0.02228989265859127,0.12710927426815033,0.09984162449836731,0.0194371547549963,0.019058378413319588,,0.02228989265859127,0.017628014087677002,
SciPlex3,K562,"Fluorouracil (5-Fluoracil, 5-FU)",DNA/RNA Synthesis,120,0.02761518768966198,0.03569610256845924,2,0.8523554389004548,0.8286837029297924,0.8075229587823483,0.833243148626039,0.02761518768966198,0.1777934730052948,0.04065189138054848,0.007451965007930994,-1.0,0.023132851347327232,0.02761518768966198,,
SciPlex3,K562,Ramelteon,MT Receptor,120,0.02748262695968151,0.035221217235914815,2,0.867321393266204,0.8742522384770623,0.8588986984892344,0.8497508460699397,0.02748262695968151,0.1488676369190216,0.0504070520401001,0.009511356242001057,-1.0,,0.02748262695968151,0.018831146880984306,
SciPlex3,K562,Ruxolitinib (INCB018424),JAK,120,0.024694103747606277,0.032599508716952955,2,0.9018901462624687,0.878466470287524,0.8616929585079891,0.8746789745541648,0.024694103747606277,0.13082803785800934,0.044863343238830566,0.11559959501028061,0.044863343238830566,,0.024694101884961128,0.019780447706580162,
SciPlex3,K562,Motesanib Diphosphate (AMG-706),"VEGFR,PDGFR,c-Kit",120,0.030682595446705818,0.03981863522145358,2,0.9525143435620631,0.9006058444171359,0.9177162064525071,0.9390427276280686,0.030682595446705818,0.14413446187973022,0.05217176303267479,0.02600899152457714,0.05217176303267479,0.02899204008281231,0.03068259358406067,,
SciPlex3,K562,Celecoxib,COX,120,0.02952478639781475,0.0372527993560793,2,0.8979254448143816,0.8843223685711337,0.8542584306284144,0.8814996937843702,0.02952478639781475,0.14517320692539215,0.04729010537266731,0.022712204605340958,0.042642947286367416,0.022698691114783287,0.02952478639781475,,
SciPlex3,K562,Ofloxacin,Topoisomerase,120,0.025784416124224663,0.036305782190404506,2,0.8845505166724603,0.8893122044189816,0.8610022374044632,0.8744299885535938,0.025784416124224663,0.1488521248102188,0.04637664556503296,0.0314505398273468,0.03742215782403946,,0.025784416124224663,0.024268047884106636,
SciPlex3,K562,Clevudine ,DNA/RNA Synthesis,120,0.022350991144776344,0.03021311877810167,2,0.8906411043804923,0.8731840280423029,0.8581564451440826,0.8576119644195135,0.022350991144776344,0.12077444046735764,0.041984740644693375,0.07722320407629013,-1.0,,0.022350991144776344,,0.010816759429872036
SciPlex3,K562,ZM 447439,Aurora Kinase,120,0.03911749646067619,0.047960759475349564,2,0.9303703997811308,0.9467552992301282,0.9441180214382037,0.9196226539823016,0.03911749646067619,0.17573383450508118,0.06938538700342178,0.030385050922632217,0.07277961820363998,0.038125183433294296,0.039117492735385895,,
SciPlex3,K562,PCI-34051,HDAC,120,0.02862420305609703,0.03632908868022356,3,0.880767053234246,0.8973674062462216,0.8792514476662792,0.8898891075447004,0.02862420305609703,0.13439612090587616,0.04372193291783333,0.024854497984051704,0.046078432351350784,0.02550296112895012,0.02862420491874218,,
SciPlex3,K562,Enzastaurin (LY317615),PKC,120,0.028614815324544907,0.03691315820227214,2,0.8915544061622587,0.8701652214830631,0.8715360112798614,0.8753421990590713,0.028614815324544907,0.1355653554201126,0.053793951869010925,0.005206729751080275,0.04393535107374191,,0.028614817187190056,0.02438482828438282,
SciPlex3,K562,Momelotinib (CYT387),JAK,120,0.031118422746658325,0.0432959156543588,2,0.890437853726981,0.8622632770456526,0.8448274272783838,0.8598590484962649,0.031118422746658325,0.15902453660964966,0.055870287120342255,0.038196977227926254,0.06090286746621132,0.024108771234750748,0.031118422746658325,,
SciPlex3,K562,Nilotinib (AMN-107),Bcr-Abl,120,0.027311038225889206,0.035288665244383725,2,0.8240586301697288,0.8225381517198578,0.8121999056877147,0.8138749653753514,0.027311038225889206,0.13319067656993866,0.04370962083339691,0.019115515053272247,0.033117398619651794,,0.027311038225889206,0.014933695085346699,
SciPlex3,K562,Ellagic acid,Topoisomerase,120,0.025490794330835342,0.03650880301984866,3,0.8075956412949274,0.8318946045545719,0.8144337317410137,0.8360044428492319,0.025490794330835342,0.1360456794500351,0.04332221299409866,0.059799544513225555,0.11541712284088135,,0.02549079619348049,0.021733561530709267,
SciPlex3,K562,Curcumin,"NF-κB,HDAC,Histone Acetyltransferase,Nrf2",120,0.036261074244976044,0.02954638234273238,2,0.8309697176682107,0.8106632500483713,0.8139343516250399,0.8062174543115646,0.036261074244976044,0.12637975811958313,0.035828638821840286,0.010739455930888653,-1.0,0.01696506328880787,0.036261074244976044,,
SciPlex3,K562,S3I-201,STAT,120,0.027095861732959747,0.03645462180532004,2,0.8801750720367565,0.86344456902372,0.8643337631826515,0.8459937090495817,0.027095861732959747,0.14676205813884735,0.04712868481874466,0.009945148602128029,0.044424869120121,,0.027095861732959747,,0.01292691845446825
SciPlex3,K562,UNC0379,Histone Methyltransferase,120,0.03866637498140335,0.036407013864125336,2,0.8914581927926921,0.8580354851812437,0.8742067755045682,0.8965209862362098,0.03866637498140335,0.15048648416996002,0.049515947699546814,0.0031636334024369717,-1.0,0.01240724790841341,0.03866637498140335,,
SciPlex3,K562,BMS-754807,"c-Met,IGF-1R,Trk receptor",120,0.040586650371551514,0.052294273557777445,2,0.9406457835906021,0.9105786640760449,0.8797672185168413,0.8880909476266012,0.040586650371551514,0.17886027693748474,0.06167135387659073,-0.05434761196374893,0.06632785499095917,,0.04058665409684181,,0.03606266900897026
SciPlex3,K562,BRD4770,Histone Methyltransferase,120,0.05384761467576027,0.035612380501711824,2,0.8836636185558007,0.8636580394178281,0.8658705887725535,0.8627864894126027,0.05384761467576027,0.18557484447956085,0.04228139668703079,0.007044377736747265,0.017670540139079094,0.022141147404909134,0.05384761467576027,,
SciPlex3,K562,GSK J1,Histone Demethylase,120,0.025856230407953262,0.034265861726833366,3,0.8624237168195084,0.8891205539832985,0.8543486326695504,0.8453697269825646,0.025856230407953262,0.1269574910402298,0.041335154324769974,0.06786887347698212,0.11315327137708664,,0.025856228545308113,0.009813419543206692,
SciPlex3,K562,Barasertib (AZD1152-HQPA),Aurora Kinase,120,0.040057796984910965,0.04190107794315319,2,0.9340946216345056,0.9037090348845744,0.8988972019068271,0.9039327372477377,0.040057796984910965,0.15918311476707458,0.05015593394637108,0.03543807938694954,0.05771031230688095,0.02327454462647438,0.04005780071020126,,
SciPlex3,K562,AMG-900,Aurora Kinase,120,0.03604375571012497,0.043342413346565335,3,0.8419319043676197,0.8737366918413159,0.8595074545475381,0.8591708512997158,0.03604375571012497,0.16337114572525024,0.046583641320466995,0.022576715797185898,0.04964607208967209,,0.03604375571012497,0.018478691577911377,
SciPlex3,K562,INO-1001 (3-Aminobenzamide),PARP,120,0.030341196805238724,0.037700085289918465,2,0.8564411253080451,0.8615058176046162,0.8089346293286201,0.8378546361700234,0.030341196805238724,0.13250832259655,0.046787556260824203,0.013087686151266098,0.045751992613077164,0.02724180370569229,0.030341198667883873,,
SciPlex3,K562,Lapatinib (GW-572016) Ditosylate,"EGFR,HER2",120,0.029679471626877785,0.03778749562887421,2,0.8536841427698771,0.8507805734114449,0.8294917185764845,0.8498944199525926,0.029679471626877785,0.13957294821739197,0.047157250344753265,0.025918353348970413,0.04920358210802078,0.0219607912003994,0.029679469764232635,,
SciPlex3,K562,KW-2449,"Aurora Kinase,Bcr-Abl,FLT3",120,0.03467131406068802,0.04242781652420225,2,0.8816760679824363,0.8638492770334629,0.8535559662087788,0.8512156091088254,0.03467131406068802,0.1472204178571701,0.05436939746141434,0.008616318926215172,0.054663483053445816,0.026644034311175346,0.03467131406068802,,
SciPlex3,K562,Entinostat (MS-275),HDAC,120,0.02043653279542923,0.025309214304761893,2,0.87343592019268,0.8818370696458651,0.8545360719220927,0.8799742653098974,0.02043653279542923,0.11810504645109177,0.038733117282390594,0.006931391544640064,0.033645130693912506,,0.02043653279542923,0.013998707756400108,
SciPlex3,K562,AZ 960,JAK,120,0.04976331442594528,0.05854271521690906,2,0.9222778921865782,0.9135748287839291,0.8740070384572096,0.890228621025404,0.04976331442594528,0.19311721622943878,0.07528018951416016,0.04446864128112793,0.07508515566587448,,0.04976331442594528,0.02850298024713993,
SciPlex3,K562,Cediranib (AZD2171),VEGFR,120,0.04429322108626366,0.04018982108745216,3,0.8164859031041107,0.8434036031963714,0.8313055209306235,0.8215280114979944,0.04429322108626366,0.16814002394676208,0.06681116670370102,0.03449980542063713,-1.0,0.036228809505701065,0.04429322108626366,,
SciPlex3,K562,SL-327,MEK,120,0.035656895488500595,0.046252643022743754,3,0.8487002759557907,0.8777266133637305,0.8738895536543101,0.8813721482378636,0.035656895488500595,0.1563866287469864,0.06085275858640671,0.04042956605553627,0.05839657038450241,,0.035656895488500595,0.028219742700457573,
SciPlex3,K562,CYC116,"Aurora Kinase,VEGFR",120,0.050701722502708435,0.049315336153847984,2,0.8848153587640972,0.8675664466001489,0.8716972278621409,0.8803302215831454,0.050701722502708435,0.17979048192501068,0.07556815445423126,0.022282127290964127,0.06696344912052155,,0.050701722502708435,0.03776230663061142,
SciPlex3,K562,AG-14361,PARP,120,0.04714559018611908,0.03563557117060351,2,0.9124658206387544,0.9099562088863404,0.8637429689638925,0.8874175250901768,0.04714559018611908,0.1680331528186798,0.06442077457904816,0.013833879493176937,-1.0,0.015533329918980598,0.04714559018611908,,
SciPlex3,K562,Trametinib (GSK1120212),MEK,120,0.025422316044569016,0.03935986847021217,2,0.8830374028942156,0.8818182700363035,0.8577485766310815,0.8639760690690022,0.025422316044569016,0.14873123168945312,0.04529600962996483,0.019267018884420395,0.04688074439764023,,0.025422317907214165,,0.012856203131377697
SciPlex3,K562,Alvespimycin (17-DMAG) HCl,HSP (e.g. HSP90),120,0.03421059995889664,0.04045939623515342,2,0.844336489976854,0.835079470693584,0.8150432064678821,0.815899322375067,0.03421059995889664,0.14885112643241882,0.04882541671395302,0.08035404235124588,-1.0,0.012584569863975048,0.03421059623360634,,
SciPlex3,K562,Dasatinib,"Bcr-Abl,c-Kit,Src",120,0.035057179629802704,0.04209659320502157,2,0.8584227424084823,0.8565862439810807,0.8375139237286646,0.8197929090622242,0.035057179629802704,0.14493747055530548,0.057002391666173935,0.014137220568954945,0.0551871657371521,0.02730543166399002,0.035057179629802704,,
SciPlex3,K562,Quercetin,"Src,Sirtuin,PKC,PI3K",120,0.030301544815301895,0.03559403368581337,2,0.8837871647352866,0.8714931448265624,0.8554125518018534,0.8732369953073036,0.030301544815301895,0.14547117054462433,0.04791339859366417,-0.0029401560313999653,-1.0,0.023163335397839546,0.030301542952656746,,
SciPlex3,K562,Capecitabine ,DNA/RNA Synthesis,120,0.027994992211461067,0.037090002546412204,2,0.8730769156581673,0.8783908918714953,0.8524077219164248,0.8693951334727874,0.027994992211461067,0.14182771742343903,0.045712005347013474,0.011175597086548805,-1.0,0.02166462317109108,0.027994990348815918,,
SciPlex3,K562,Tofacitinib (CP-690550) Citrate,JAK,120,0.030260128900408745,0.037898943756881194,2,0.9085589349390553,0.8653727321995728,0.889325622464268,0.8865064537577343,0.030260128900408745,0.14117549359798431,0.04960781708359718,0.030260128900408745,0.0497547946870327,,0.030260132625699043,0.026516059413552284,
SciPlex3,K562,Veliparib (ABT-888),PARP,120,0.03076307103037834,0.03849229313099644,2,0.8915467103962538,0.8781782918632199,0.8801962208132963,0.8720252841802942,0.03076307103037834,0.14765040576457977,0.04845881462097168,0.018644077703356743,-1.0,,0.030763069167733192,0.01957440748810768,
SciPlex3,K562,WP1066,JAK,120,0.038495708256959915,0.033153299175382234,2,0.781835952619014,0.7862942103191894,0.7719379848774022,0.788079215807965,0.038495708256959915,0.16267813742160797,0.057719502598047256,0.015296715311706066,0.0602046363055706,,0.038495708256959915,0.015002282336354256,
SciPlex3,K562,"Tozasertib (VX-680, MK-0457)",Aurora Kinase,120,0.03772105649113655,0.045555579351193795,2,0.8811845126528386,0.863131064026522,0.8466988740174557,0.8574940486698157,0.03772105649113655,0.1615632027387619,0.0589124970138073,0.03772105649113655,0.0589124970138073,0.03325354680418968,0.03772106021642685,,
SciPlex3,K562,CEP-33779,JAK,120,0.02001810073852539,0.030982565773229775,2,0.9560818825795216,0.9426853610319004,0.9223641091444588,0.9302170959062099,0.02001810073852539,0.11334192007780075,0.03296274319291115,0.0411006435751915,0.03356010839343071,0.018807895481586456,0.02001810073852539,,
SciPlex3,K562,GSK1070916,Aurora Kinase,120,0.03424312174320221,0.041989297714350206,2,0.8611736459930803,0.826022323021224,0.8343194903764228,0.8520698770165342,0.03424312174320221,0.16553589701652527,0.055258821696043015,0.032946426421403885,0.05240629240870476,0.025976987555623055,0.03424312174320221,,
SciPlex3,K562,Filgotinib (GLPG0634),JAK,120,0.03135201707482338,0.03735286606797259,2,0.8663348205898433,0.8559762042446888,0.843027647764524,0.8456655422444932,0.03135201707482338,0.14384786784648895,0.05042324215173721,0.017240606248378754,0.050149399787187576,0.01785539649426937,0.03135201707482338,,
SciPlex3,K562,AG-490 (Tyrphostin B42),EGFR,120,0.02263479307293892,0.03209456703501137,2,0.8963590595226769,0.8516871926048495,0.8635422338623471,0.8752892010811628,0.02263479307293892,0.11931274831295013,0.036318499594926834,0.01000240445137024,0.0410618931055069,,0.02263479307293892,0.02024637907743454,
SciPlex3,K562,Divalproex Sodium,HDAC,120,0.040470074862241745,0.02825327240568834,2,0.8477928877215106,0.8446882473816402,0.8121734661043991,0.8252535781342285,0.040470074862241745,0.11461664736270905,0.03395970165729523,0.04395022243261337,-1.0,0.020676588639616966,0.04047007113695145,,
SciPlex3,K562,Thiotepa,Others,120,0.03538822382688522,0.04174822188706195,2,0.9338384171482712,0.9113196217877082,0.9026324694810057,0.8972007427037507,0.03538822382688522,0.16158819198608398,0.05669047310948372,0.028697431087493896,0.05669047310948372,,0.03538822382688522,0.017675427719950676,
SciPlex3,K562,Tubastatin A HCl,HDAC,120,0.032516125589609146,0.03688662775226082,3,0.8683583829901078,0.8900751122620392,0.8829828680396403,0.8887969051813069,0.032516125589609146,0.16505497694015503,0.0526835061609745,0.01286798994988203,0.0526835061609745,0.03396403044462204,0.03251612186431885,,
SciPlex3,K562,Entacapone,Histone Methyltransferase,120,0.07437257468700409,0.03983751178969177,2,0.8889132226714462,0.8811197988405333,0.872789352786695,0.834052829355489,0.07437257468700409,0.2661437690258026,0.12435209006071091,0.028889242559671402,-1.0,,0.07437257468700409,0.013168289326131344,
SciPlex3,K562,Decitabine,DNA Methyltransferase,120,0.024330131709575653,0.03538320552513144,2,0.9062941391381347,0.898673902460347,0.8751878161401141,0.8852260126521507,0.024330131709575653,0.13471880555152893,0.040790725499391556,0.020832037553191185,0.03080855682492256,,0.024330133572220802,0.014588906429708004,
SciPlex3,K562,BMS-536924,IGF-1R,120,0.023624537512660027,0.030325615150020274,2,0.898812929348896,0.8841389594409463,0.8589695775438155,0.8654887671808069,0.023624537512660027,0.12206174433231354,0.03634852543473244,0.05181281641125679,-1.0,0.021363912150263786,0.023624539375305176,,
SciPlex3,K562,Daphnetin,"PKA,EGFR,PKC",120,0.030065445229411125,0.038647614572074884,2,0.8426657732590872,0.8308282063894605,0.8074446134650994,0.8331625297692344,0.030065445229411125,0.194385826587677,0.08111729472875595,0.05188659951090813,-1.0,0.014738479629158974,0.030065443366765976,,
SciPlex3,K562,Prednisone ,"Glucocorticoid Receptor,Immunology & Inflammation related",120,0.02559538371860981,0.03359424012690743,2,0.896198333389858,0.8835797405545094,0.8479565403700651,0.8629117813847937,0.02559538371860981,0.1322898268699646,0.04413614422082901,0.020379899069666862,-1.0,,0.02559538371860981,0.023771146312355995,
SciPlex3,K562,TMP195,HDAC,120,0.025691760703921318,0.03561009363410554,2,0.9206380478169702,0.8885926327857483,0.8953848988736226,0.8858100127655693,0.025691760703921318,0.13231618702411652,0.042831506580114365,0.040830738842487335,-1.0,,0.025691766291856766,0.021311400458216667,
SciPlex3,K562,SRT3025 HCl,Sirtuin,120,0.019504666328430176,0.028821070690010504,2,0.8614007262314551,0.846997656023202,0.8187579248895283,0.8304558760356482,0.019504666328430176,0.11977476626634598,0.03684760630130768,0.06264058500528336,-1.0,0.01135216560214758,0.019504668191075325,,
SciPlex3,K562,Tranylcypromine (2-PCPA) HCl,MAO,120,0.035328105092048645,0.033770765304522464,2,0.9114278189296154,0.9092889011198384,0.8960298619402298,0.8719105822490754,0.035328105092048645,0.13818404078483582,0.05380680412054062,0.01074221171438694,0.05380680412054062,0.03154988959431648,0.035328105092048645,,
SciPlex3,K562,SRT1720 HCl,Sirtuin,120,0.09321149438619614,0.10265940530964807,3,1.0185445142569147,1.1328964071912715,1.1131130517798713,1.1357681515671914,0.09321149438619614,0.29190200567245483,0.13347838819026947,0.09295403957366943,0.13466289639472961,0.07504346966743469,0.09321148693561554,,
SciPlex3,K562,Tucidinostat (Chidamide),HDAC,120,0.017351869493722916,0.026032566592961732,2,0.8029055833590242,0.7814189892097332,0.7733878887714365,0.7764614726911745,0.017351869493722916,0.13106903433799744,0.0310511514544487,0.005009814631193876,0.02387908287346363,0.01890968531370163,0.017351869493722916,,
SciPlex3,K562,Ki16425,LPA Receptor,120,0.03128322586417198,0.041084333145058854,3,0.7999020161048609,0.8301248976023832,0.8240485826737096,0.8314314887951788,0.03128322586417198,0.15013734996318817,0.052135169506073,0.03127729147672653,0.052135169506073,0.030360527336597443,0.03128322958946228,,
SciPlex3,K562,Thalidomide,"E3 Ligase ,TNF-alpha",120,0.03197016939520836,0.03654528030623347,2,0.8328178809217661,0.8312862766626932,0.8012028829093598,0.8217982977795089,0.03197016939520836,0.13746005296707153,0.048265282064676285,0.013549699448049068,0.02990907058119774,,0.031970176845788956,,0.008213751949369907
SciPlex3,K562,Aurora A Inhibitor I,Aurora Kinase,120,0.03464564308524132,0.04301654314230598,2,0.8741275006678286,0.8717790217277948,0.8282610749896531,0.8402866993527685,0.03464564308524132,0.1564658135175705,0.05418107286095619,0.022587815299630165,0.05418107286095619,0.025610731914639473,0.034645650535821915,,
SciPlex3,K562,"Rucaparib (AG-014699,PF-01367338) phosphate",PARP,120,0.017769958823919296,0.026181103059443198,2,0.863750204916995,0.8532947220038807,0.8309221258321777,0.8398777559727488,0.017769958823919296,0.1263839304447174,0.03092350997030735,0.01660616509616375,0.03092350997030735,0.017813682556152344,0.017769956961274147,,
SciPlex3,K562,"Temsirolimus (CCI-779, NSC 683864)",mTOR,120,0.025226660072803497,0.03342087674090404,2,0.8169237279941459,0.7674856716209959,0.798647789588518,0.8053713628754053,0.025226660072803497,0.12311971932649612,0.03636197745800018,0.028980093076825142,-1.0,0.02164624072611332,0.025226660072803497,,
SciPlex3,K562,Carmofur,DNA/RNA Synthesis,120,0.0782349556684494,0.03272225301233639,2,0.8551107575737085,0.8349867664635031,0.7976270160894128,0.8416797384417052,0.0782349556684494,0.21848610043525696,0.12298224866390228,0.0706482082605362,-1.0,0.05874789506196976,0.0782349556684494,,
SciPlex3,K562,Toremifene Citrate,Estrogen/progestogen Receptor,120,0.032347504049539566,0.04374776063570913,3,0.841266055319549,0.8657971792395482,0.841070486215882,0.8242432988513322,0.032347504049539566,0.15411274135112762,0.04869069904088974,0.028945254161953926,0.05318481847643852,0.03469335287809372,0.032347504049539566,,
SciPlex3,K562,Iniparib (BSI-201),PARP,120,0.026197420433163643,0.03474876919852104,2,0.9312300597772669,0.9142668734470814,0.8982677455118768,0.9083545087691878,0.026197420433163643,0.13583555817604065,0.039627496153116226,0.06852967292070389,0.12367582321166992,0.01561892032623291,0.026197422295808792,,
SciPlex3,K562,Fasudil (HA-1077) HCl,"Autophagy,ROCK",120,0.053394146263599396,0.028225083918199393,2,0.860553000872601,0.8545644961105232,0.8254018332430384,0.8379058977683318,0.053394146263599396,0.14256426692008972,0.0544864721596241,0.05010606721043587,-1.0,,0.0533941425383091,0.016476178541779518,
SciPlex3,K562,PD98059,MEK,120,0.034929029643535614,0.04227490872970999,2,0.9010654519428094,0.9087034586864302,0.9079569554995448,0.8982912855651524,0.034929029643535614,0.16138681769371033,0.05817389488220215,0.02371443435549736,0.05817389488220215,,0.034929029643535614,0.01954713463783264,
SciPlex3,K562,BMS-911543,JAK,120,0.028162725269794464,0.0358354010570399,2,0.8629344588816839,0.8676521797276351,0.8271771140545265,0.810862092624296,0.028162725269794464,0.1416209489107132,0.045190971344709396,0.021588169038295746,0.04481609910726547,0.02468426153063774,0.028162725269794464,,
SciPlex3,K562,"Baricitinib (LY3009104, INCB028050)",JAK,120,0.04574691876769066,0.048608815121810395,2,0.8456886761800018,0.843527335353567,0.8171722484473527,0.836148071681313,0.04574691876769066,0.17340634763240814,0.06938626617193222,0.02742547169327736,0.06511113047599792,0.019836528226733208,0.04574692249298096,,
SciPlex3,K562,Alisertib (MLN8237),Aurora Kinase,120,0.03610203042626381,0.046452259254301666,2,0.8646581941547726,0.8475653033898798,0.8324633261863763,0.819552933900896,0.03610203042626381,0.1649135947227478,0.06373783200979233,0.020274830982089043,0.06373783200979233,0.03172839432954788,0.03610203415155411,,
SciPlex3,K562,AC480 (BMS-599626),"EGFR,HER2",120,0.02873857505619526,0.03652549916065287,2,0.871895072872741,0.8546839912170388,0.8402988670184985,0.842531284730816,0.02873857505619526,0.13956525921821594,0.046203453093767166,0.023448161780834198,0.04423552379012108,0.020898358896374702,0.02873857505619526,,
SciPlex3,K562,G007-LK,PARP,120,0.02178655005991459,0.026789001870923708,2,0.8250448607386556,0.816777145850061,0.8170561573172073,0.8084139958257239,0.02178655005991459,0.11117435991764069,0.027368882670998573,0.02265925332903862,0.03897469863295555,,0.02178654633462429,,0.009169371798634529
SciPlex3,K562,Ki8751,"c-Kit,PDGFR,VEGFR",120,0.019748905673623085,0.029689551376073337,2,0.7655782603419397,0.7615961448552628,0.7458783997201515,0.7483413234555698,0.019748905673623085,0.11674830317497253,0.036772433668375015,0.007405214477330446,0.03573838248848915,0.008999190293252468,0.019748905673623085,,
SciPlex3,K562,Costunolide,Telomerase,120,0.05061852186918259,0.032074134159635496,2,0.8257806396785234,0.7939920603804165,0.7966904601089944,0.7862158660527285,0.05061852186918259,0.1784767210483551,0.09306471794843674,0.01712680608034134,0.037670545279979706,,0.05061852186918259,0.011602582409977913,
SciPlex3,K562,ENMD-2076,"Aurora Kinase,FLT3,VEGFR",120,0.03724583610892296,0.0445952333559414,2,0.8051919453895291,0.8138882182006562,0.8272002210300773,0.816308583705025,0.03724583610892296,0.16125908493995667,0.056873831897974014,0.029348788782954216,0.05725583806633949,,0.03724583610892296,0.02977142296731472,
SciPlex3,K562,Resminostat,HDAC,120,0.024187715724110603,0.029492925833763655,2,0.8915389731924517,0.8404127135331603,0.8733132971411237,0.8714289603137839,0.024187715724110603,0.11057748645544052,0.03788795694708824,0.007756062783300877,0.03719982132315636,,0.024187715724110603,0.008945796638727188,
SciPlex3,K562,Roxadustat (FG-4592),HIF,120,0.032945096492767334,0.03942404260389031,2,0.867057719340842,0.8607251963427256,0.8439785402211495,0.8605323045707554,0.032945096492767334,0.15274499356746674,0.05279575288295746,0.028008030727505684,0.05464651435613632,0.0147983618080616,0.032945092767477036,,
SciPlex3,K562,Lomustine ,DNA/RNA Synthesis,120,0.03204334154725075,0.040448000728372166,2,0.9006488135870647,0.8673049087285456,0.8871594335954036,0.893185702036261,0.03204334154725075,0.1505078673362732,0.052055563777685165,0.03204334154725075,0.04931825026869774,0.02270989865064621,0.03204333782196045,,
SciPlex3,K562,UNC0631,Histone Methyltransferase,120,0.03279220685362816,0.04083509555104654,2,0.8807884266327992,0.86760557903483,0.8591745968809246,0.8645390007459017,0.03279220685362816,0.15133145451545715,0.05262952670454979,0.004708440974354744,0.044136278331279755,0.020163416862487793,0.03279221057891846,,
SciPlex3,K562,Andarine,Androgen Receptor,120,0.05079670250415802,0.037692002472936526,2,0.9065786152678204,0.883904142094039,0.8706960437110016,0.8773029859702692,0.05079670250415802,0.1508636772632599,0.05407900735735893,0.008777701295912266,0.05407900735735893,0.02726595476269722,0.05079670622944832,,
SciPlex3,K562,"Cerdulatinib (PRT062070, PRT2070)",JAK,120,0.033700454980134964,0.03895154536177677,2,0.856317462472056,0.8399940927556209,0.8204092722180896,0.8289994811332253,0.033700454980134964,0.14949144423007965,0.05215704068541527,0.03130282461643219,0.05215704068541527,0.02295561321079731,0.033700454980134964,,
SciPlex3,K562,MK-0752,"Beta Amyloid,Gamma-secretase",120,0.03448343649506569,0.04122036116586696,2,0.863677166805541,0.8404295183641537,0.824384769124828,0.8207744149681684,0.03448343649506569,0.15982206165790558,0.05658098682761192,0.027622723951935768,0.051978062838315964,0.021578248590230942,0.03448343649506569,,
SciPlex3,K562,PFI-1 (PF-6405761),Epigenetic Reader Domain,120,0.015142419375479221,0.026263938418299663,2,0.8910089134496033,0.8893501907925607,0.8552999804867554,0.8563677601694923,0.015142419375479221,0.10378435254096985,0.035590093582868576,0.0071441615000367165,-1.0,,0.015142419375479221,0.02351633831858635,
SciPlex3,K562,Amisulpride,Dopamine Receptor,120,0.028491325676441193,0.03709075432007539,2,0.8612533326422476,0.8472152857837933,0.8241003343227469,0.8369652087887243,0.028491325676441193,0.14285816252231598,0.0961131751537323,0.01838461123406887,0.0434301421046257,0.02830296754837036,0.028491325676441193,,
SciPlex3,K562,Sorafenib Tosylate,"PDGFR,Raf,VEGFR",119,0.028824204578995705,0.0356989017298437,3,0.8268208855786003,0.8458288008889454,0.8383193231113726,0.8410616102329875,0.028824204578995705,0.13531014323234558,0.04723086580634117,0.019594090059399605,0.03824244439601898,0.02858370542526245,0.028824204578995705,,
SciPlex3,K562,Crizotinib (PF-02341066),"ALK,c-Met",114,0.050904467701911926,0.0566585317404686,2,0.8633225685835324,0.8553814860812246,0.8586002866516385,0.8379868929060041,0.050904467701911926,0.18608252704143524,0.07381086051464081,0.04857867583632469,-1.0,0.03438378870487213,0.05090446397662163,,
SciPlex3,K562,PHA-680632,Aurora Kinase,114,0.026883283630013466,0.03337930910670896,2,0.8432031070603418,0.8452195242839142,0.8325646712835741,0.8507063714564325,0.026883283630013466,0.11836162209510803,0.03962891176342964,0.023810913786292076,0.03962891176342964,0.021100876852869987,0.026883283630013466,,
SciPlex3,K562,AZD1480,JAK,113,0.038672152906656265,0.04763195204048489,2,0.9224021102877717,0.9030119835021502,0.887672275607633,0.8884038334563975,0.038672152906656265,0.1655929684638977,0.055431485176086426,0.09117863327264786,0.15179181098937988,0.03755394369363785,0.038672152906656265,,
SciPlex3,K562,Regorafenib (BAY 73-4506),"c-RET,VEGFR",113,0.01925705373287201,0.03292708339456874,2,0.8598993782155251,0.8544536025401488,0.8134398112778332,0.8166401606343445,0.01925705373287201,0.12268618494272232,0.034533172845840454,0.05936349928379059,0.10996990650892258,0.02011970803141594,0.01925705559551716,,
SciPlex3,K562,Obatoclax Mesylate (GX15-070),Bcl-2,113,0.01979183778166771,0.04104888474304067,2,0.9199111759037581,0.9124547108690901,0.885127549538268,0.9036659344219569,0.01979183778166771,0.14133195579051971,0.05421241745352745,0.021200159564614296,-1.0,0.03259119391441345,0.01979183778166771,,
SciPlex3,K562,Pelitinib (EKB-569),EGFR,112,0.029405230656266212,0.034923798294947524,2,0.9091665389569386,0.8981272116917225,0.8758771257662286,0.8847093164166715,0.029405230656266212,0.13783566653728485,0.048277609050273895,0.028430044651031494,0.046986084431409836,0.01548024546355009,0.02940523251891136,,
SciPlex3,K562,Vandetanib (ZD6474),VEGFR,110,0.01659744419157505,0.03173983172099981,2,0.8539985846084956,0.8285814652487318,0.808621373939312,0.8109063164180856,0.01659744419157505,0.11801845580339432,0.04384380206465721,0.04077016934752464,-1.0,,0.01659744419157505,0.017102399840950966,
SciPlex3,K562,FLLL32,JAK,105,0.03758488595485687,0.05023887153115416,2,0.8259616533810821,0.7269302884228868,0.8048922645313734,0.7948278396364792,0.03758488595485687,0.16941967606544495,0.0735289454460144,0.03857509419322014,0.07141325622797012,0.014712412841618061,0.03758488595485687,,
SciPlex3,K562,AR-42,HDAC,104,0.07516013830900192,0.05371363405153247,2,0.859193313333888,0.8376643966943327,0.8164359230875142,0.8260270451454623,0.07516013830900192,0.247628852725029,0.11052992939949036,0.02764013782143593,-1.0,,0.07516013830900192,0.03027520328760147,
SciPlex3,K562,Givinostat (ITF2357),HDAC,103,0.0850806012749672,0.037697333647776,2,0.8022869996311606,0.7958117393782604,0.788272733021488,0.7994859660427451,0.0850806012749672,0.1999558061361313,0.09602443128824234,0.03649977594614029,-1.0,0.039408862590789795,0.08508060872554779,,
SciPlex3,K562,TAK-901,Aurora Kinase,102,0.05236859247088432,0.048142597954318696,2,0.832758540112005,0.8035080782245831,0.800027174198279,0.8028970771894155,0.05236859247088432,0.15915124118328094,0.06345122307538986,0.023961074650287628,-1.0,0.03817136213183403,0.052368588745594025,,
SciPlex3,K562,"Luminespib (AUY-922, NVP-AUY922)",HSP (e.g. HSP90),102,0.03367320075631142,0.04267385131977506,2,0.7274313192078665,0.7122830077029043,0.7155896634517287,0.7252986967267194,0.03367320075631142,0.1403379589319229,0.04629891365766525,0.02986208163201809,0.04417215660214424,0.024236256256699562,0.03367319703102112,,
SciPlex3,K562,Tanespimycin (17-AAG),HSP (e.g. HSP90),101,0.03418736532330513,0.044371848640282874,2,0.7822875927485295,0.7881347038206528,0.7802196209923213,0.7816928311003117,0.03418736532330513,0.15060091018676758,0.049457110464572906,0.022655753418803215,0.04843130707740784,0.02234651707112789,0.03418736532330513,,
SciPlex3,K562,TG101209,"c-RET,FLT3,JAK",100,0.036129195243120193,0.040053265145554684,2,0.8382482752032256,0.818003797236349,0.7967699538395099,0.800698059234346,0.036129195243120193,0.14839009940624237,0.05419497936964035,0.01436562743037939,0.056374598294496536,0.01716867834329605,0.036129195243120193,,
SciPlex3,K562,JNJ-7706621,"Aurora Kinase,CDK",100,0.1093960553407669,0.066131045194124,3,0.9776961236311532,0.9907811185283126,0.9677761267561635,0.9646652953175785,0.1093960553407669,0.29442811012268066,0.1536080688238144,0.03293507173657417,-1.0,,0.1093960553407669,0.09914425760507584,
SciPlex3,A549,IOX2,HIF,120,0.029979681596159935,0.0359843692751695,2,0.7866469641240865,0.7985930816289422,0.7759969722221225,0.7912674439876444,0.029979681596159935,0.11467386782169342,0.04143284633755684,0.02620518021285534,0.04143284633755684,0.02438552863895893,0.029979683458805084,,
SciPlex3,A549,Curcumin,"NF-κB,HDAC,Histone Acetyltransferase,Nrf2",120,0.027265001088380814,0.03593131192285857,2,0.7926752341559347,0.7989084681155134,0.7877909863771286,0.7716011562526361,0.027265001088380814,0.11571922153234482,0.039957743138074875,0.02466612681746483,0.03926185145974159,,0.027264995500445366,,0.016735762357711792
SciPlex3,A549,S-Ruxolitinib (INCB018424),JAK,120,0.04185750335454941,0.041438298731235924,2,0.7886683283895941,0.7757204557771686,0.7634661184764937,0.7819602971842521,0.04185750335454941,0.14640435576438904,0.05988193303346634,0.0333247110247612,0.053822241723537445,0.02576281689107418,0.04185750335454941,,
SciPlex3,A549,Flavopiridol HCl,CDK,120,0.021633224561810493,0.05649992497784462,2,0.861103311906497,0.8443182697464575,0.853830609363337,0.8530501944551041,0.021633224561810493,0.19792649149894714,0.04427395761013031,0.03113662265241146,0.04427395761013031,0.030901184305548668,0.021633220836520195,,
SciPlex3,A549,Sirtinol,Sirtuin,120,0.02501360885798931,0.034625483183640955,2,0.8507131201346745,0.8174188645863865,0.800215135610161,0.8156126556374907,0.02501360885798931,0.11499757319688797,0.0464056171476841,0.02139836922287941,0.035999830812215805,0.021319111809134483,0.02501361258327961,,
SciPlex3,A549,Momelotinib (CYT387),JAK,120,0.042321596294641495,0.04303251596747076,2,0.9549118804533823,0.9189892082892648,0.9076391228673408,0.9078637356121142,0.042321596294641495,0.14508993923664093,0.062482524663209915,0.0407957099378109,0.06455819308757782,0.03820408880710602,0.042321596294641495,,
SciPlex3,A549,AR-42,HDAC,120,0.03748587146401405,0.04566291846179319,3,0.8131411739266223,0.8439946725072325,0.8220337165414691,0.8094693417598293,0.03748587146401405,0.15622657537460327,0.05535381659865379,0.034378308802843094,0.0558965839445591,0.02016528882086277,0.037485864013433456,,
SciPlex3,A549,Divalproex Sodium,HDAC,120,0.028764648362994194,0.03835560879880886,2,0.8528602328166937,0.8409541448409676,0.8030481809986796,0.8179510927572995,0.028764648362994194,0.13063552975654602,0.0466127023100853,0.02720077894628048,0.04677249863743782,0.024943996220827103,0.028764644637703896,,
SciPlex3,A549,"Temsirolimus (CCI-779, NSC 683864)",mTOR,120,0.02318601682782173,0.02930841818119627,2,0.8306262148202723,0.8022832677907044,0.7820338832715201,0.7884514367401216,0.02318601682782173,0.11748601496219635,0.02608715184032917,0.019087137654423714,0.0276363305747509,0.009192554280161858,0.02318601682782173,,
SciPlex3,A549,Enzastaurin (LY317615),PKC,120,0.02843031845986843,0.036784105361461344,2,0.9020880577344847,0.8729033363909267,0.8630170818941849,0.8615102626532778,0.02843031845986843,0.1314123272895813,0.04272552207112312,0.021785888820886612,0.03957382217049599,0.028090300038456917,0.02843031845986843,,
SciPlex3,A549,MK-5108 (VX-689),Aurora Kinase,120,0.06269440799951553,0.04799052252860179,2,0.8807449860483967,0.875397477507935,0.8525408916723052,0.861443208718331,0.06269440799951553,0.17837971448898315,0.08117283135652542,0.06375107169151306,0.0895095020532608,0.032583046704530716,0.06269440799951553,,
SciPlex3,A549,GSK J1,Histone Demethylase,120,0.030864309519529343,0.03665388722004,2,0.8422929245800734,0.812248488918792,0.7919381531502161,0.8035129989169967,0.030864309519529343,0.12273290753364563,0.0433478020131588,0.015489163808524609,0.03908432647585869,0.025759410113096237,0.030864311382174492,,
SciPlex3,A549,Tofacitinib (CP-690550) Citrate,JAK,120,0.024814236909151077,0.03512489317873866,2,0.8235410142247712,0.8086581247209086,0.8188154520899893,0.8289503251235235,0.024814236909151077,0.13827641308307648,0.05286018177866936,-0.0038510283920913935,0.04891055449843407,0.02061285451054573,0.024814236909151077,,
SciPlex3,A549,Lenalidomide (CC-5013),TNF-alpha,120,0.023106176406145096,0.0358328625298976,2,0.9263093415378503,0.9021432786472978,0.8757915273506267,0.8735763242875745,0.023106176406145096,0.11667292565107346,0.04644975811243057,0.023127922788262367,0.027518009766936302,0.02616279572248459,0.023106176406145096,,
SciPlex3,A549,Fasudil (HA-1077) HCl,"Autophagy,ROCK",120,0.035181283950805664,0.03779413186573715,2,0.7918300090090646,0.7812216352453571,0.7995136397661913,0.7944034602547543,0.035181283950805664,0.132603719830513,0.04276210442185402,0.016443276777863503,0.050708118826150894,0.02459014393389225,0.035181283950805664,,
SciPlex3,A549,Valproic acid sodium salt (Sodium valproate),"GABA Receptor,HDAC,Autophagy",120,0.030724812299013138,0.035399071264109794,2,0.8894945712811761,0.8765135240234265,0.8557402121752933,0.8575691689918177,0.030724812299013138,0.12098357826471329,0.04346388205885887,0.028633125126361847,-1.0,0.020461922511458397,0.030724812299013138,,
SciPlex3,A549,Sorafenib Tosylate,"PDGFR,Raf,VEGFR",120,0.030007628723978996,0.028039991365933,2,0.7651623564613388,0.7659151320548201,0.7481134487581862,0.7473129786730706,0.030007628723978996,0.10446379333734512,0.03851572796702385,0.01876462623476982,0.03349874168634415,0.011449144221842289,0.030007628723978996,,
SciPlex3,A549,Decitabine,DNA Methyltransferase,120,0.03644447401165962,0.034442337781107536,2,0.8140895877459471,0.8085882688986388,0.7847593967474715,0.8037272374027804,0.03644447401165962,0.12894956767559052,0.05198273807764053,0.013609005138278008,0.05161191523075104,0.03124510683119297,0.03644447401165962,,
SciPlex3,A549,ENMD-2076,"Aurora Kinase,FLT3,VEGFR",120,0.03435062617063522,0.03551575236801324,2,0.8838994639993523,0.8314250753328292,0.8398190652982009,0.8749429216595779,0.03435062617063522,0.1452191174030304,0.057108890265226364,0.0703977718949318,-1.0,0.02888888120651245,0.03435062617063522,,
SciPlex3,A549,Maraviroc,CCR,120,0.026591667905449867,0.0318733975603314,2,0.8631577842276243,0.8165735602520545,0.8209957017224028,0.8192139886145373,0.026591667905449867,0.10576792061328888,0.037274472415447235,0.0245851818472147,0.037274472415447235,0.010699053294956684,0.026591667905449867,,
SciPlex3,A549,Resminostat,HDAC,120,0.03550627455115318,0.03761148254653724,2,0.860920103130363,0.8282685113087673,0.8444736091987366,0.8580072506186518,0.03550627455115318,0.12942057847976685,0.050192102789878845,0.016500284895300865,0.020899079740047455,0.021056411787867546,0.03550627455115318,,
SciPlex3,A549,PD173074,"FGFR,VEGFR",120,0.014261158183217049,0.030107079580387025,2,0.8641634651087191,0.8446016032433121,0.8364568256000542,0.835541595992364,0.014261158183217049,0.10958771407604218,0.02954377420246601,0.01286002155393362,0.02954377420246601,0.017851822078227997,0.014261158183217049,,
SciPlex3,A549,Avagacestat (BMS-708163),"Beta Amyloid,Gamma-secretase",120,0.027884788811206818,0.03570516540358763,2,0.7967382100264029,0.8049427485634038,0.7936818094602636,0.7821182302528289,0.027884788811206818,0.1193518415093422,0.03964551165699959,0.02237744815647602,0.03876035287976265,0.017613502219319344,0.027884788811206818,,
SciPlex3,A549,Lapatinib (GW-572016) Ditosylate,"EGFR,HER2",120,0.021439362317323685,0.029705398414617827,2,0.812053141917696,0.8133074391793578,0.780700716851106,0.7770156767412306,0.021439362317323685,0.10942575335502625,0.032895661890506744,0.017388183623552322,0.03293830528855324,0.01375614758580923,0.021439362317323685,,
SciPlex3,A549,Nilotinib (AMN-107),Bcr-Abl,120,0.027841392904520035,0.03572023254229062,2,0.8920344034114862,0.8791042773078104,0.8563932963538896,0.8626891378818708,0.027841392904520035,0.12263480573892593,0.04038088396191597,0.024599211290478706,0.03880218416452408,0.014844869263470173,0.027841391041874886,,
SciPlex3,A549,Ki8751,"c-Kit,PDGFR,VEGFR",120,0.035470589995384216,0.036317500353319515,2,0.8490702558643637,0.8268216084738569,0.8015793043742221,0.8068272291986176,0.035470589995384216,0.1267179548740387,0.05425788462162018,0.029798032715916634,0.05425788462162018,,0.035470589995384216,0.025143621489405632,
SciPlex3,A549,Ruxolitinib (INCB018424),JAK,120,0.019872499629855156,0.034627827175916094,2,0.8654778910847369,0.846266762967339,0.8390238571866941,0.8550598051265279,0.019872499629855156,0.12407698482275009,0.037629298865795135,0.03310583904385567,-1.0,0.026019955053925514,0.019872499629855156,,
SciPlex3,A549,Lomustine ,DNA/RNA Synthesis,120,0.020249223336577415,0.0293387564743509,2,0.8166469427548737,0.7855925835476629,0.7776999710829315,0.7882163800402981,0.020249223336577415,0.10503990203142166,0.033192381262779236,0.02075742930173874,0.033192381262779236,0.017761508002877235,0.020249223336577415,,
SciPlex3,A549,Daphnetin,"PKA,EGFR,PKC",120,0.02487313747406006,0.033941006828554776,2,0.8763143781384741,0.868628451099676,0.8336388619290549,0.8327300117481631,0.02487313747406006,0.11126245558261871,0.03957352787256241,0.022692376747727394,0.03885464742779732,0.014208517037332058,0.024873139336705208,,
SciPlex3,A549,PD98059,MEK,120,0.022349735721945763,0.03004852619708288,2,0.8602887123394911,0.8409180643228016,0.8086482713088223,0.8416433829336896,0.022349735721945763,0.10526234656572342,0.03436694294214249,0.016246652230620384,0.035597339272499084,0.016396336257457733,0.022349735721945763,,
SciPlex3,A549,Regorafenib (BAY 73-4506),"c-RET,VEGFR",120,0.017336444929242134,0.02632986613823728,2,0.8455900532560428,0.8368908138944455,0.8185385011864152,0.802092284894588,0.017336444929242134,0.0945097953081131,0.02302141673862934,0.010314485989511013,0.03264995291829109,0.018262529745697975,0.017336444929242134,,
SciPlex3,A549,JNJ-26854165 (Serdemetan),"E3 Ligase ,p53",120,0.021345853805541992,0.02995183347495843,2,0.7945335314988871,0.7766903497665236,0.7624129594516447,0.7724750960953362,0.021345853805541992,0.10792967677116394,0.03492062911391258,0.011286946013569832,0.03277183696627617,,0.02134585566818714,0.01447820570319891,
SciPlex3,A549,TGX-221,PI3K,120,0.025831367820501328,0.03516432422251016,2,0.8914211025155154,0.8490574694896669,0.8370834487475154,0.8278914961292454,0.025831367820501328,0.12652648985385895,0.0432148315012455,0.022673193365335464,0.0432148315012455,0.013187123462557793,0.025831369683146477,,
SciPlex3,A549,Entacapone,Histone Methyltransferase,120,0.026974892243742943,0.03441278208133384,2,0.8513049345715054,0.8302238568113651,0.8171341367134826,0.8172509326282924,0.026974892243742943,0.12339615821838379,0.043640848249197006,0.024288680404424667,0.04224053770303726,,0.026974888518452644,,0.020612744614481926
SciPlex3,A549,A-366,Histone Methyltransferase,120,0.023079073056578636,0.03109574754963753,2,0.8626002823624201,0.867717860892018,0.8391357263952699,0.8341157572971323,0.023079073056578636,0.11237043887376785,0.03571450710296631,0.008955908939242363,-1.0,0.014586948789656162,0.023079073056578636,,
SciPlex3,A549,Ivosidenib (AG-120),IDH1,120,0.059906765818595886,0.07148231396590228,2,0.9821183141685506,0.9751089985724413,0.9407832294362795,0.9582818824934893,0.059906765818595886,0.22041021287441254,0.08203829079866409,0.058298125863075256,0.08292260020971298,0.043813738971948624,0.05990676209330559,,
SciPlex3,A549,MC1568,HDAC,120,0.024670949205756187,0.03256392325921448,2,0.8444772240462548,0.8432647141812915,0.8322847797135733,0.8392984630163003,0.024670949205756187,0.1125073954463005,0.0366300605237484,0.019164910539984703,0.032585978507995605,,0.02467094175517559,,0.01132512278854847
SciPlex3,A549,Cyclocytidine HCl,DNA/RNA Synthesis,120,0.04349691420793533,0.04512543365073517,3,0.8981566778974059,0.9146199533526058,0.8999857816068673,0.9097406500850731,0.04349691420793533,0.14778445661067963,0.06184038892388344,0.03940233215689659,0.04454321786761284,0.031561050564050674,0.04349691793322563,,
SciPlex3,A549,Nintedanib (BIBF 1120),"FGFR,PDGFR,VEGFR",120,0.029345456510782242,0.03550952567381325,2,0.8511657922343208,0.8382997811469188,0.8191558867839408,0.8391431377521936,0.029345456510782242,0.132090225815773,0.04342275112867355,0.023359250277280807,0.04342275112867355,0.02449720725417137,0.029345456510782242,,
SciPlex3,A549,AMG-900,Aurora Kinase,120,0.04215935245156288,0.04383621777272487,2,0.8183864020985734,0.8294540910533161,0.8010223581929381,0.8145089199341768,0.04215935245156288,0.16301791369915009,0.062043447047472,0.040693365037441254,0.062043447047472,,0.04215935245156288,0.021428300067782402,
SciPlex3,A549,(+)-JQ1,Epigenetic Reader Domain,120,0.021079953759908676,0.029817325530511744,2,0.8742430549895683,0.8157266861781487,0.8378642017833027,0.8390926926826108,0.021079953759908676,0.10957083851099014,0.03394763544201851,0.019019408151507378,0.03394763544201851,0.01438275258988142,0.021079950034618378,,
SciPlex3,A549,Altretamine,DNA alkylator,120,0.024420754984021187,0.03173682852430308,2,0.7694608175906481,0.7571992719930911,0.7301931615235233,0.723388863977382,0.024420754984021187,0.11228097230195999,0.025604823604226112,0.0004828420060221106,-0.002125363564118743,,0.024420756846666336,0.016557030379772186,
SciPlex3,A549,CEP-33779,JAK,120,0.024931101128458977,0.03417757762027324,2,0.8108188662120241,0.8181695684251125,0.7919418199239576,0.7968269495960438,0.024931101128458977,0.11990712583065033,0.04674896225333214,0.021618664264678955,0.047191862016916275,,0.024931101128458977,,0.00936888437718153
SciPlex3,A549,Prednisone ,"Glucocorticoid Receptor,Immunology & Inflammation related",120,0.022235151380300522,0.033847971178162906,2,0.904478362411087,0.8870743041028035,0.8617922046929642,0.8604581878541389,0.022235151380300522,0.11381368339061737,0.0352240726351738,0.025237269699573517,0.0516335628926754,,0.022235151380300522,0.020588180050253868,
SciPlex3,A549,Triamcinolone Acetonide,Glucocorticoid Receptor,120,0.02669224701821804,0.03052169694375504,2,0.8171809338704534,0.8226910322783922,0.8025647570120178,0.8122956735290625,0.02669224701821804,0.11519242078065872,0.03258078545331955,0.025116361677646637,0.03186003491282463,0.021225610747933388,0.02669224888086319,,
SciPlex3,A549,SGI-1776 free base,Pim,120,0.02924804762005806,0.031726236425830355,2,0.8197230573502523,0.8017199276009794,0.7913634410813373,0.8052556645761602,0.02924804762005806,0.11686263233423233,0.0348101444542408,0.014025219716131687,0.0348101444542408,0.017820676788687706,0.029248051345348358,,
SciPlex3,A549,INO-1001 (3-Aminobenzamide),PARP,120,0.02415180578827858,0.03318192126843436,2,0.8969193312094124,0.873154255319653,0.8526978957858784,0.8714433210260921,0.02415180578827858,0.12233049422502518,0.03960100933909416,0.02330705337226391,0.03646894916892052,0.02013086900115013,0.024151809513568878,,
SciPlex3,A549,Navitoclax (ABT-263),Bcl-2,120,0.03529737889766693,0.04452264686870579,2,0.7810760747975998,0.782568251717576,0.7453548179938938,0.7600258390540588,0.03529737889766693,0.14786913990974426,0.05296105518937111,0.02461450919508934,0.054910942912101746,0.02882707118988037,0.03529738262295723,,
SciPlex3,A549,GSK1070916,Aurora Kinase,120,0.035508349537849426,0.03891276419942486,3,0.8165697385675497,0.8343003039592283,0.8167117887916806,0.8169331209558397,0.035508349537849426,0.14463549852371216,0.04470870643854141,0.03894587233662605,0.055318061262369156,0.02600499428808689,0.035508349537849426,,
SciPlex3,A549,Pelitinib (EKB-569),EGFR,120,0.01744803600013256,0.025805788808245397,2,0.8433948886225284,0.8365203601473681,0.8105042048731672,0.8167906089968522,0.01744803600013256,0.1008375957608223,0.02850867435336113,0.014773563481867313,0.028558438643813133,,0.01744803413748741,0.008003953844308853,
SciPlex3,A549,Tranylcypromine (2-PCPA) HCl,MAO,120,0.02907559834420681,0.026968099959372802,2,0.8696776619684083,0.8390887567764231,0.8325000442220727,0.83318897069244,0.02907559834420681,0.10683958232402802,0.03458607941865921,0.02907559834420681,0.0404343381524086,0.01661127246916294,0.02907559834420681,,
SciPlex3,A549,Tubastatin A HCl,HDAC,120,0.031300388276576996,0.03687535878108591,2,0.8010223619422554,0.7751717071467219,0.7869680348192922,0.7900601782798162,0.031300388276576996,0.1381087601184845,0.05133422836661339,0.030605018138885498,0.05133422836661339,0.027062924578785896,0.031300388276576996,,
SciPlex3,A549,Raltitrexed,DNA/RNA Synthesis,120,0.025484930723905563,0.035729951655507644,2,0.8266422514221787,0.8271366698382554,0.8044029940064696,0.8202388416291893,0.025484930723905563,0.1421482264995575,0.03184535726904869,0.0113253528252244,0.03572709113359451,,0.025484926998615265,0.025581030175089836,
SciPlex3,A549,Clevudine ,DNA/RNA Synthesis,120,0.022444013506174088,0.03170867832823469,2,0.8695503387683967,0.8666796296401351,0.8451480466359254,0.8559207792519299,0.022444013506174088,0.11896757781505585,0.0399094820022583,0.00020127420430071652,0.008839049376547337,0.020956525579094887,0.022444013506174088,,
SciPlex3,A549,Mercaptopurine (6-MP),DNA/RNA Synthesis,120,0.01914490945637226,0.02552121583323252,2,0.8505815771872225,0.8377796831592406,0.8283641061643241,0.8257794089791943,0.01914490945637226,0.1080225482583046,0.034088071435689926,0.007882918231189251,0.022558413445949554,0.012578981928527355,0.01914490945637226,,
SciPlex3,A549,Filgotinib (GLPG0634),JAK,120,0.02474946901202202,0.03233124482598336,2,0.8350463078943768,0.8246326890040425,0.7987365242585867,0.8120206863223078,0.02474946901202202,0.10977959632873535,0.0356282964348793,0.017007384449243546,0.03160281479358673,0.023489052429795265,0.024749470874667168,,
SciPlex3,A549,Zileuton,Lipoxygenase,120,0.04008912295103073,0.04846329442704561,2,0.8622251319035303,0.8564505197433068,0.8328225337571951,0.8355273681520661,0.04008912295103073,0.1557798534631729,0.060407139360904694,0.041206520050764084,0.060407139360904694,0.029601577669382095,0.04008912295103073,,
SciPlex3,A549,EED226,Epigenetic Reader Domain,120,0.02470918744802475,0.032831248263886156,2,0.8098516915539111,0.7538538689761065,0.7796118617292489,0.7530302682976284,0.02470918744802475,0.11637505888938904,0.03620173782110214,0.021617095917463303,0.03545374795794487,,0.02470918744802475,0.01973724365234375,
SciPlex3,A549,S3I-201,STAT,120,0.017651693895459175,0.028985994030752284,2,0.8402974928265952,0.8225323564376446,0.7839841604191786,0.7953525137165265,0.017651693895459175,0.10780660063028336,0.03270378336310387,0.00672919861972332,0.016211461275815964,0.012347928248345852,0.017651697620749474,,
SciPlex3,A549,Iniparib (BSI-201),PARP,120,0.020732970908284187,0.02950278958520645,2,0.8264767654879872,0.8348933261927005,0.8226227493250455,0.8247579569299965,0.020732970908284187,0.12010420113801956,0.03886503353714943,0.016713928431272507,0.03886503353714943,0.01993902586400509,0.020732970908284187,,
SciPlex3,A549,Anacardic Acid,Histone Acetyltransferase,120,0.03110072761774063,0.038890114707344436,2,0.8515979775865148,0.8405690267255732,0.8235116255006538,0.8189303733569027,0.03110072761774063,0.13358399271965027,0.04327308386564255,0.021161209791898727,0.03340388461947441,0.021566100418567657,0.03110072761774063,,
SciPlex3,A549,CYC116,"Aurora Kinase,VEGFR",120,0.04600343480706215,0.05510934116450676,2,1.027522535575807,0.9894191211921353,0.9756003987343469,0.9795334530299957,0.04600343480706215,0.17731055617332458,0.06563279777765274,0.04504039138555527,0.074215367436409,0.04005957394838333,0.04600343853235245,,
SciPlex3,A549,Motesanib Diphosphate (AMG-706),"VEGFR,PDGFR,c-Kit",120,0.033238623291254044,0.041166661480424714,3,0.8059405309217933,0.8269459661617269,0.8190512018859017,0.8049727133547186,0.033238623291254044,0.14384587109088898,0.0523347407579422,0.030173297971487045,0.05199006572365761,0.025413570925593376,0.033238623291254044,,
SciPlex3,A549,TAK-901,Aurora Kinase,120,0.03177021071314812,0.0366774328807742,2,0.7986633613101883,0.7861556236476783,0.7582441917057228,0.7880420891298989,0.03177021071314812,0.13451223075389862,0.0469396598637104,0.025731634348630905,0.04678541421890259,0.018914250656962395,0.03177021071314812,,
SciPlex3,A549,Panobinostat (LBH589),HDAC,120,0.033404018729925156,0.04176963436849433,3,0.8225011017555772,0.8485860497632611,0.8358050402348898,0.8389214523559101,0.033404018729925156,0.1535162329673767,0.048302095383405685,0.030997101217508316,0.04561314731836319,,0.033404018729925156,0.02413966692984104,
SciPlex3,A549,Ellagic acid,Topoisomerase,120,0.01975971832871437,0.028086145012063055,2,0.793945277719768,0.7853162347973797,0.771419864536977,0.7697349964787552,0.01975971832871437,0.1046745553612709,0.031712256371974945,-0.004088634625077248,0.019057685509324074,0.015352720394730568,0.01975971832871437,,
SciPlex3,A549,Entinostat (MS-275),HDAC,120,0.023932790383696556,0.03334297122299964,2,0.8404164221846067,0.8569592173405898,0.8332001879291653,0.847770746903711,0.023932790383696556,0.13451644778251648,0.04239329323172569,0.02626045234501362,0.040328025817871094,0.020609935745596886,0.023932788521051407,,
SciPlex3,A549,Roxadustat (FG-4592),HIF,120,0.016450360417366028,0.032541261007431405,2,0.9015605430837965,0.8812221653814003,0.8779949206807807,0.8758069244813882,0.016450360417366028,0.11090562492609024,0.02857852727174759,0.018612882122397423,0.03271441161632538,0.022293834015727043,0.016450362280011177,,
SciPlex3,A549,CUDC-101,"EGFR,HDAC,HER2",120,0.03602244704961777,0.045198615375405156,2,0.8220648565055484,0.8009606805224401,0.8076317131467121,0.7941300023791147,0.03602244704961777,0.14637380838394165,0.053920116275548935,0.03583751991391182,0.052458763122558594,0.029911750927567482,0.03602244704961777,,
SciPlex3,A549,Vandetanib (ZD6474),VEGFR,120,0.03813837468624115,0.04174998357453994,2,0.926908298508458,0.9146966047917608,0.8915515170744275,0.884679550405286,0.03813837468624115,0.13696898519992828,0.05427691712975502,0.027523327618837357,0.054349638521671295,0.028179114684462547,0.03813837468624115,,
SciPlex3,A549,ITSA-1 (ITSA1),HDAC,120,0.013810466043651104,0.02589169791423818,2,0.8455761027564517,0.8541134555059156,0.8075825049666783,0.8308077291739391,0.013810466043651104,0.112874336540699,0.031483545899391174,-0.0021283701062202454,0.022365432232618332,0.015042867511510849,0.013810467906296253,,
SciPlex3,A549,Dasatinib,"Bcr-Abl,c-Kit,Src",120,0.02202739007771015,0.029756901134246866,2,0.869038005547532,0.8646409449825736,0.8478557341353454,0.8498583099652652,0.02202739007771015,0.10985017567873001,0.027861498296260834,0.013803192414343357,0.027861498296260834,0.01736973412334919,0.02202739007771015,,
SciPlex3,A549,Veliparib (ABT-888),PARP,120,0.028938256204128265,0.03556357574030466,2,0.947517546352918,0.9231605905736195,0.8992941041733538,0.8810939719996949,0.028938256204128265,0.14172525703907013,0.04385349899530411,0.009148758836090565,0.047594595700502396,0.02386205457150936,0.028938256204128265,,
SciPlex3,A549,"Patupilone (EPO906, Epothilone B)",Microtubule Associated,120,0.038987137377262115,0.04805372856681444,2,0.9911873072091559,0.9642780807788451,0.9716712236077196,0.9583797167271264,0.038987137377262115,0.15923766791820526,0.06776178628206253,0.04681730270385742,0.06776178628206253,0.04469159618020058,0.038987141102552414,,
SciPlex3,A549,Tie2 kinase inhibitor,Tie-2,120,0.022917162626981735,0.027148938692580483,2,0.8688794985361632,0.8648595043701572,0.8377160245169915,0.8363152967204535,0.022917162626981735,0.11535094678401947,0.03117281198501587,0.009524962864816189,0.025961654260754585,,0.022917162626981735,0.01941169984638691,
SciPlex3,A549,MLN8054,Aurora Kinase,120,0.04170834273099899,0.0402648732864812,2,0.8988436592371336,0.9079561377028948,0.8849767645974786,0.903780543186917,0.04170834273099899,0.15153884887695312,0.06214619427919388,0.02023172378540039,0.06214619427919388,,0.04170834273099899,,0.026074163615703583
SciPlex3,A549,Costunolide,Telomerase,120,0.029507119208574295,0.03513073151985536,2,0.860742998002392,0.8602989873318272,0.8413035578860981,0.8522465314926002,0.029507119208574295,0.13123659789562225,0.04183487966656685,0.024799730628728867,0.037425924092531204,0.018092269077897072,0.029507119208574295,,
SciPlex3,A549,Ramelteon,MT Receptor,120,0.026998162269592285,0.03316935672761522,2,0.8524472276147002,0.8402595096449446,0.826276807086268,0.8184859052775906,0.026998162269592285,0.1169552132487297,0.03750681132078171,0.023484405130147934,0.018511736765503883,0.018845895305275917,0.026998162269592285,,
SciPlex3,A549,ZM 447439,Aurora Kinase,120,0.03776026517152786,0.040466857651721186,3,0.8648788866383423,0.8910457345699747,0.8452884461861938,0.8746993368044382,0.03776026517152786,0.14911985397338867,0.061259675770998,-0.00763006741181016,0.05813609063625336,,0.03776026889681816,0.030457790940999985,
SciPlex3,A549,Meprednisone,Glucocorticoid Receptor,120,0.02271019108593464,0.03112318582577917,2,0.8487244757727037,0.8131958698452202,0.8322708981345546,0.8208856131385929,0.02271019108593464,0.13819938898086548,0.045340266078710556,0.0369066558778286,-1.0,0.025089461356401443,0.022710192948579788,,
SciPlex3,A549,SB431542,TGF-beta/Smad,120,0.030620016157627106,0.03867549530851137,2,0.8332755164943872,0.8327958021345108,0.8214776037632596,0.817562699158092,0.030620016157627106,0.13305379450321198,0.046588338911533356,0.027376018464565277,0.044414035975933075,0.013833756558597088,0.030620014294981956,,
SciPlex3,A549,Mesna ,Others,120,0.025562774389982224,0.03259287663679131,2,0.8370360590365671,0.8295444302067772,0.7860216559777289,0.8196226145669367,0.025562774389982224,0.11245311051607132,0.036962009966373444,0.017878465354442596,0.02520900033414364,,0.025562774389982224,0.01935119554400444,
SciPlex3,A549,AG-14361,PARP,120,0.03389827534556389,0.03879977603153523,2,0.8203736713833703,0.8327363509583598,0.8196614892918319,0.8280369482739971,0.03389827534556389,0.13067755103111267,0.04694554582238197,0.031495727598667145,0.04335284233093262,0.027994371950626373,0.03389827534556389,,
SciPlex3,A549,Gandotinib (LY2784544),JAK,120,0.0532367005944252,0.03748772173349236,2,0.8954587257857796,0.9014095565049018,0.8848054226107056,0.8739731459486002,0.0532367005944252,0.15366493165493011,0.07853341102600098,0.06925404816865921,0.0790911614894867,0.023257995024323463,0.0532367005944252,,
SciPlex3,A549,BRD4770,Histone Methyltransferase,120,0.021647779271006584,0.028519088846011276,2,0.7848907247879016,0.7833605335170262,0.7659271438194803,0.7589983277335186,0.021647779271006584,0.09983430802822113,0.031081339344382286,0.011066869832575321,0.0318838469684124,0.019577136263251305,0.021647779271006584,,
SciPlex3,A549,2-Methoxyestradiol (2-MeOE2),HIF,120,0.03063710778951645,0.03881528880862404,2,0.8366757274768872,0.8133623306968563,0.8001567052030918,0.8213763595309,0.03063710778951645,0.13227249681949615,0.04394105449318886,0.028804926201701164,0.040209729224443436,0.019774725660681725,0.0306371059268713,,
SciPlex3,A549,Amisulpride,Dopamine Receptor,120,0.030872223898768425,0.033296324244411236,2,0.8363028791177864,0.84782499912804,0.8155722298947623,0.8235486236879588,0.030872223898768425,0.1278773844242096,0.044629890471696854,0.02837524376809597,0.04419548436999321,0.012772323563694954,0.030872225761413574,,
SciPlex3,A549,XAV-939,Wnt/beta-catenin,120,0.034368038177490234,0.03767106414679859,2,0.8527676896566518,0.8299724640878345,0.809195890633621,0.8126883420521267,0.034368038177490234,0.1315794289112091,0.04622041434049606,0.0545867457985878,0.05969333276152611,0.02401474304497242,0.034368038177490234,,
SciPlex3,A549,Glesatinib?(MGCD265),"c-Met,Tie-2,VEGFR",120,0.014662365429103374,0.029601447190964608,2,0.8911604069439729,0.8806425062883996,0.8441501451140461,0.8534933920080778,0.014662365429103374,0.0996885821223259,0.025790613144636154,0.06486774981021881,0.03238079696893692,0.006904061418026686,0.014662369154393673,,
SciPlex3,A549,AZ 960,JAK,120,0.04738719388842583,0.04369935504408433,2,0.8980069028626474,0.8624810871566293,0.8421853790733778,0.8436406424325966,0.04738719388842583,0.156879261136055,0.05969691276550293,0.042714644223451614,0.06882954388856888,0.0332917757332325,0.04738719016313553,,
SciPlex3,A549,Aminoglutethimide ,Aromatase,120,0.021136052906513214,0.031882050220839085,2,0.8229534827868736,0.8000332245051798,0.7792458185053999,0.7872682310425176,0.021136052906513214,0.11589981615543365,0.042064566165208817,0.02315252274274826,0.042064566165208817,,0.021136049181222916,0.011583340354263783,
SciPlex3,A549,BMS-536924,IGF-1R,120,0.028360432013869286,0.029528294323192702,2,0.8270404162071738,0.7971076274616529,0.7936263383867459,0.805755127419042,0.028360432013869286,0.10557131469249725,0.040353067219257355,0.05092297121882439,-1.0,0.021331889554858208,0.028360433876514435,,
SciPlex3,A549,Azacitidine ,DNA Methyltransferase,120,0.05058065801858902,0.043049837433690945,2,0.9172468077174862,0.8626280971319513,0.8626001928266103,0.8585169824620849,0.05058065801858902,0.1635705977678299,0.06477415561676025,0.03622676432132721,0.08616569638252258,0.04887949675321579,0.05058065429329872,,
SciPlex3,A549,WHI-P154,"EGFR,JAK",120,0.023202288895845413,0.033042315399994755,3,0.8106970883307323,0.8269547807633302,0.7854387743844988,0.8135556003020543,0.023202288895845413,0.10966712981462479,0.028965866193175316,0.028138672932982445,0.03514926880598068,0.021182948723435402,0.023202288895845413,,
SciPlex3,A549,Carmofur,DNA/RNA Synthesis,120,0.0424962043762207,0.05112333039062293,2,1.0239375877980734,0.9872522809392521,0.9527084380994051,0.9518788742455069,0.0424962043762207,0.16255071759223938,0.06003584340214729,0.023399170488119125,0.06003584340214729,0.04328585043549538,0.042496200650930405,,
SciPlex3,A549,GSK-LSD1 2HCl,Histone Demethylase,120,0.026434775441884995,0.030596619961327155,2,0.8976100629810038,0.8712278914601139,0.8129599688138356,0.8539142318740218,0.026434775441884995,0.12701623141765594,0.04471392557024956,0.02789655141532421,0.04471392557024956,0.019911257550120354,0.026434773579239845,,
SciPlex3,A549,SRT1720 HCl,Sirtuin,120,0.023046644404530525,0.031547808404795485,2,0.9509676960285489,0.9232317281604328,0.9107459866209915,0.8980422246753328,0.023046644404530525,0.11361601948738098,0.033914580941200256,0.015198441222310066,0.03175923600792885,0.0203862264752388,0.023046648129820824,,
SciPlex3,A549,UNC0379,Histone Methyltransferase,120,0.015672734007239342,0.023941268038157985,2,0.9001375426264993,0.8842577678102117,0.873753669838365,0.8375258397228187,0.015672734007239342,0.0930158793926239,0.028697248548269272,0.009334397502243519,0.0219917930662632,0.013996670953929424,0.015672734007239342,,
SciPlex3,A549,PCI-34051,HDAC,120,0.025364616885781288,0.03400835717291057,2,0.8500063157340296,0.8254116506913558,0.8208867032161447,0.8177400391023539,0.025364616885781288,0.12487541884183884,0.0362044982612133,0.005435305647552013,-1.0,0.020778588950634003,0.02536461502313614,,
SciPlex3,A549,WP1066,JAK,120,0.029838822782039642,0.03342412289732399,2,0.8235451354274641,0.8161391920407848,0.8107783621419795,0.8318668417063417,0.029838822782039642,0.12907956540584564,0.04297151416540146,0.026645226404070854,0.04358835518360138,0.02101460099220276,0.02983882464468479,,
SciPlex3,A549,Ofloxacin,Topoisomerase,120,0.024630703032016754,0.033875213947210464,2,0.9095729113733704,0.8955521350021556,0.8764822969014805,0.8886500665694896,0.024630703032016754,0.12812499701976776,0.03791513293981552,0.006392494775354862,0.04046732187271118,0.026248237118124962,0.024630701169371605,,
SciPlex3,A549,"Baricitinib (LY3009104, INCB028050)",JAK,120,0.028229249641299248,0.037639126555646746,2,0.8385873220936162,0.837153276312554,0.8338157653305949,0.8392694821805833,0.028229249641299248,0.13330009579658508,0.04418909549713135,0.005203787703067064,0.04418909549713135,,0.0282292477786541,0.015378243289887905,
SciPlex3,A549,BMS-911543,JAK,120,0.023150742053985596,0.022565777083808723,2,0.8034049513688242,0.7730337526599875,0.7606908281376761,0.7839921696505421,0.023150742053985596,0.10141909122467041,0.02809416875243187,0.019983811303973198,0.02809416875243187,0.015783125534653664,0.023150742053985596,,
SciPlex3,A549,"Luminespib (AUY-922, NVP-AUY922)",HSP (e.g. HSP90),120,0.01948259212076664,0.027801540029811438,2,0.8495069384446268,0.8454682321145448,0.8343801922897089,0.8371871400154127,0.01948259212076664,0.09443349391222,0.029214410111308098,0.016767945140600204,0.029214410111308098,0.013878223486244678,0.01948259212076664,,
SciPlex3,A549,PFI-1 (PF-6405761),Epigenetic Reader Domain,120,0.02000453881919384,0.03126816009731003,2,0.8136236978146556,0.7989570789055325,0.7484192500762639,0.7932594795675687,0.02000453881919384,0.1048356369137764,0.03565415367484093,0.0033345012925565243,0.030420131981372833,0.021085740998387337,0.02000453509390354,,
SciPlex3,A549,Sodium Phenylbutyrate,HDAC,120,0.03521334379911423,0.03896062752940626,2,0.8567565506981865,0.8533268059688588,0.8426647140524004,0.8328887932800022,0.03521334379911423,0.13264325261116028,0.044811565428972244,0.02020326443016529,0.044811565428972244,,0.03521334379911423,0.015058597549796104,
SciPlex3,A549,Mocetinostat (MGCD0103),HDAC,120,0.017267199233174324,0.02712959713625399,2,0.8897701181976672,0.8750091199872276,0.8596580029175307,0.8606548794606059,0.017267199233174324,0.11794577538967133,0.03827281296253204,0.01262600813060999,0.0268650334328413,0.01560236606746912,0.017267199233174324,,
SciPlex3,A549,M344,HDAC,120,0.021334370598196983,0.030085186402968613,2,0.8772847540466504,0.8606976626031724,0.8543436632056327,0.8632414223936724,0.021334370598196983,0.12291423231363297,0.03479858115315437,0.07925692945718765,-1.0,0.020979218184947968,0.021334366872906685,,
SciPlex3,A549,MK-0752,"Beta Amyloid,Gamma-secretase",120,0.019395118579268456,0.032183417318073615,2,0.8621677795924008,0.8056728074586701,0.8240518770697314,0.8321022738163979,0.019395118579268456,0.12132825702428818,0.03649250045418739,0.024242309853434563,0.023837903514504433,,0.019395120441913605,0.01960611343383789,
SciPlex3,A549,SRT2104 (GSK2245840),Sirtuin,120,0.022520314902067184,0.030696071156164618,2,0.8513978771868267,0.836451437897054,0.8081474589256477,0.8150501528827601,0.022520314902067184,0.11835719645023346,0.0382060743868351,0.01979992166161537,0.0382060743868351,0.015562455169856548,0.022520314902067184,,
SciPlex3,A549,Droxinostat,HDAC,120,0.020323054865002632,0.032838817907947834,2,0.832607499835575,0.8192727312872243,0.7948631049872805,0.8042560182943159,0.020323054865002632,0.11467642337083817,0.034263111650943756,0.01954076625406742,0.034263111650943756,,0.020323051139712334,0.017257658764719963,
SciPlex3,A549,Tacedinaline (CI994),HDAC,120,0.03149240091443062,0.03002808010629641,2,0.865159579991218,0.8743249760623879,0.8461674575828262,0.8612251795117434,0.03149240091443062,0.11963342130184174,0.04045635834336281,0.033971335738897324,0.05158070847392082,0.01680118218064308,0.03149240091443062,,
SciPlex3,A549,Ki16425,LPA Receptor,120,0.02319733239710331,0.02774093063246725,2,0.8226763021376282,0.83174499309008,0.8068550089711568,0.816914422751422,0.02319733239710331,0.12626558542251587,0.03213512524962425,0.016419924795627594,-1.0,0.015964964404702187,0.02319733239710331,,
SciPlex3,A549,Thalidomide,"E3 Ligase ,TNF-alpha",120,0.014368426986038685,0.03307746193886749,3,0.8956008445117103,0.9081202818116108,0.8521763127955673,0.869684418391973,0.014368426986038685,0.10867340117692947,0.03326422721147537,0.04189211130142212,-1.0,0.01857551746070385,0.014368424192070961,,
SciPlex3,A549,"Tozasertib (VX-680, MK-0457)",Aurora Kinase,120,0.05711338669061661,0.04841302426578858,3,0.8811392895941648,0.8978837416422394,0.8827453449275282,0.8855861872330983,0.05711338669061661,0.19220897555351257,0.08453059196472168,0.05711338669061661,0.09285351634025574,0.04606232792139053,0.05711338669061661,,
SciPlex3,A549,ABT-737,Bcl-2,120,0.024562248960137367,0.033660843021205186,2,0.8180397855405808,0.808109817787777,0.7880925537246899,0.8159480918539312,0.024562248960137367,0.10538140684366226,0.036924444139003754,0.0178262647241354,0.036924444139003754,0.0196062084287405,0.024562250822782516,,
SciPlex3,A549,"Cerdulatinib (PRT062070, PRT2070)",JAK,120,0.040310151875019073,0.041831189523056304,2,1.0401022015019858,1.0101476916887737,0.9944029803628016,1.0018692404631935,0.040310151875019073,0.16468818485736847,0.055390361696481705,0.02591102011501789,-0.016621610149741173,0.06935637444257736,0.040310151875019073,,
SciPlex3,A549,"Fluorouracil (5-Fluoracil, 5-FU)",DNA/RNA Synthesis,120,0.039562832564115524,0.04983338073194393,2,0.8883257859935387,0.8833530733387178,0.8306004640151592,0.8702315812060757,0.039562832564115524,0.15304811298847198,0.05613819137215614,0.0348256453871727,0.05327259749174118,0.030589917674660683,0.039562832564115524,,
SciPlex3,A549,TMP195,HDAC,120,0.027430348098278046,0.034642751754300226,2,0.8374906790605703,0.844807266074989,0.831666245372805,0.8238158040898451,0.027430348098278046,0.12765717506408691,0.04212622344493866,0.025113189592957497,0.03572165593504906,,0.027430344372987747,0.010172931477427483,
SciPlex3,A549,Pracinostat (SB939),HDAC,120,0.02927030809223652,0.037922074340645644,2,0.8820422048836267,0.8563577844871961,0.8393171664478984,0.8446338287385036,0.02927030809223652,0.12814801931381226,0.04351780563592911,0.02598012611269951,0.045502711087465286,0.02222333289682865,0.029270309954881668,,
SciPlex3,A549,ENMD-2076 L-(+)-Tartaric acid ,"Aurora Kinase,FLT3,VEGFR",120,0.03379059582948685,0.037138515737631765,2,0.920023740413626,0.8927663101868681,0.8719645597845656,0.885668436963293,0.03379059582948685,0.14178384840488434,0.03353048488497734,0.034500714391469955,0.03353048488497734,0.03430216386914253,0.03379059210419655,,
SciPlex3,A549,BMS-754807,"c-Met,IGF-1R,Trk receptor",120,0.0353960283100605,0.03430969220764613,2,0.7827567407450609,0.7735019549644857,0.7678375894791252,0.7578574183778777,0.0353960283100605,0.1398875117301941,0.051499493420124054,0.02751850336790085,0.04603201150894165,0.019131429493427277,0.0353960283100605,,
SciPlex3,A549,TG101209,"c-RET,FLT3,JAK",120,0.025469603016972542,0.03390656413910898,2,0.8340385233743817,0.8311579931519422,0.7942966227960095,0.7958198152076221,0.025469603016972542,0.11820615082979202,0.035589538514614105,0.02022341825067997,0.046441905200481415,0.023490799590945244,0.02546960487961769,,
SciPlex3,A549,FLLL32,JAK,120,0.0380944088101387,0.04229547309647903,2,0.8591300229072427,0.8566179198727486,0.8367571852953883,0.8408673424350983,0.0380944088101387,0.1347062885761261,0.05461087077856064,0.016028203070163727,0.03720826283097267,0.025051934644579887,0.0380944088101387,,
SciPlex3,A549,Alendronate sodium trihydrate,Others,120,0.027100352570414543,0.032213676027037216,3,0.8325591569140567,0.8474686330715517,0.8257166068079442,0.8251703549643654,0.027100352570414543,0.11381639540195465,0.04266743361949921,0.022110501304268837,0.04266743361949921,,0.02710035629570484,0.016826113685965538,
SciPlex3,A549,RG108,DNA Methyltransferase,120,0.021438218653202057,0.02880286459805371,2,0.8885028373013295,0.8780514086950628,0.8562655961329533,0.8580136257298001,0.021438218653202057,0.11059167981147766,0.03356682509183884,0.014050633646547794,0.03356682509183884,0.021556492894887924,0.021438218653202057,,
SciPlex3,A549,Celecoxib,COX,120,0.02861631289124489,0.0367164480825174,2,0.9221501050656506,0.9212803953718147,0.8795031365453347,0.9031481283234672,0.02861631289124489,0.1289539635181427,0.040539246052503586,0.018723150715231895,0.040539246052503586,0.02616666816174984,0.02861631289124489,,
SciPlex3,A549,Obatoclax Mesylate (GX15-070),Bcl-2,120,0.040145501494407654,0.03948135094706376,2,0.8325112246161517,0.7825836489298084,0.7941820988053294,0.7938045712862039,0.040145501494407654,0.13394278287887573,0.056104764342308044,0.029302988201379776,0.056104764342308044,,0.040145501494407654,0.01819377951323986,
SciPlex3,A549,Busulfan ,DNA alkylator,120,0.021219799295067787,0.028599870969625563,2,0.8123453715097888,0.7756674020630907,0.7694967235870163,0.7572867349925847,0.021219799295067787,0.10280612111091614,0.03060135990381241,0.012620522640645504,-1.0,0.016178060322999954,0.021219797432422638,,
SciPlex3,A549,Thiotepa,Others,120,0.033832136541604996,0.03755012697753484,3,0.7929377146678611,0.830608988353438,0.7987692497331356,0.8317492017399797,0.033832136541604996,0.11917222291231155,0.043426867574453354,0.02098720893263817,0.043426867574453354,,0.033832136541604996,,0.022212672978639603
SciPlex3,A549,PF-3845,FAAH,120,0.021103011444211006,0.028988304268165583,2,0.906160875385396,0.8776210673884393,0.8805111439114803,0.8863445142352386,0.021103011444211006,0.11620218306779861,0.04316236078739166,0.08374510705471039,0.11613143235445023,0.020233694463968277,0.021103013306856155,,
SciPlex3,A549,Quercetin,"Src,Sirtuin,PKC,PI3K",120,0.027673492208123207,0.03700863332018909,2,0.8607445091337915,0.8601796696110906,0.853124501081389,0.8460630826137212,0.027673492208123207,0.12885639071464539,0.04383302479982376,0.03352653980255127,0.05044710636138916,0.02206053026020527,0.027673490345478058,,
SciPlex3,A549,AICAR (Acadesine),AMPK,120,0.022738421335816383,0.03617457742047816,2,0.8316059762190928,0.8059928286297531,0.7881929824860467,0.7818637001159132,0.022738421335816383,0.12479700148105621,0.040326617658138275,0.021683892235159874,0.03573300689458847,,0.022738421335816383,0.01162100862711668,
SciPlex3,A549,AC480 (BMS-599626),"EGFR,HER2",120,0.020750392228364944,0.02896464407342745,2,0.8013191796109496,0.781519464714302,0.7748223151330009,0.7405205827517225,0.020750392228364944,0.10229304432868958,0.030092453584074974,0.005213500000536442,0.026841647922992706,,0.020750392228364944,,0.0075857313349843025
SciPlex3,A549,SNS-314,Aurora Kinase,120,0.031850721687078476,0.03367171219711072,2,0.850677594171346,0.8515077364796468,0.8086118181607684,0.8117660762677961,0.031850721687078476,0.14823655784130096,0.06134363263845444,0.043387141078710556,-1.0,0.022582964971661568,0.031850721687078476,,
SciPlex3,A549,Disulfiram ,Dehydrogenase,120,0.011656518094241619,0.027423674823457984,2,0.8147734166773262,0.7972597504746268,0.7728183183829671,0.7753163936196987,0.011656518094241619,0.11019761860370636,0.03262309357523918,0.02030811831355095,0.03097463771700859,,0.011656517162919044,0.01355370506644249,
SciPlex3,A549,Streptozotocin (STZ),DNA alkylator,120,0.027699261903762817,0.034927749302802215,2,0.8701835935159163,0.857183554700546,0.8478510929975851,0.8494967939879547,0.027699261903762817,0.11497388780117035,0.04013931378722191,0.023272249847650528,0.04013931378722191,,0.027699263766407967,0.014767779968678951,
SciPlex3,A549,SL-327,MEK,120,0.023047668859362602,0.030894419056512155,2,0.9119122171269805,0.9194814113676468,0.9055612102861055,0.8898877376431233,0.023047668859362602,0.11112046986818314,0.03232192620635033,0.02202731743454933,0.03232192620635033,,0.023047665134072304,0.01451103389263153,
SciPlex3,A549,PHA-680632,Aurora Kinase,120,0.03145525977015495,0.0347859961013549,2,0.8508589450719217,0.8201297418658839,0.8235723227412475,0.8354009625229466,0.03145525977015495,0.12155167758464813,0.04094095900654793,0.037428561598062515,0.04094095900654793,0.026610206812620163,0.03145526349544525,,
SciPlex3,A549,Bosutinib (SKI-606),Src,120,0.0208908598870039,0.03069709198786767,2,0.8410091879816033,0.8583669096545545,0.8266677723341953,0.8361166710081225,0.0208908598870039,0.1065269485116005,0.03221498802304268,0.008393291383981705,0.029002094641327858,0.011879821307957172,0.020890863612294197,,
SciPlex3,A549,BMS-265246,CDK,120,0.031571533530950546,0.0367363109796461,2,0.9049233157624723,0.8929930394474308,0.8589501602226459,0.8627027968712841,0.031571533530950546,0.13144955039024353,0.04361003264784813,0.011345556005835533,-1.0,0.02733621560037136,0.031571533530950546,,
SciPlex3,A549,Abexinostat (PCI-24781),HDAC,120,0.032562967389822006,0.041193510045614674,2,0.8307871722476072,0.8010287447241335,0.8001148328373535,0.7848912188327635,0.032562967389822006,0.14293867349624634,0.05116269364953041,0.03457040712237358,0.05116269364953041,0.02315954491496086,0.032562971115112305,,
SciPlex3,A549,UNC0631,Histone Methyltransferase,120,0.04451452195644379,0.04775261594967382,2,0.8916311216344202,0.8664988433375775,0.8663480059816351,0.8602696428064291,0.04451452195644379,0.17088574171066284,0.06336439400911331,0.024559978395700455,0.048481665551662445,,0.04451452195644379,0.030698176473379135,
SciPlex3,A549,NVP-BSK805 2HCl,JAK,120,0.028128892183303833,0.032025594936303386,2,0.8262842680724471,0.8218637907726158,0.8243040905703953,0.8267960432588666,0.028128892183303833,0.11084124445915222,0.03539564460515976,0.03372545167803764,-1.0,0.01720614545047283,0.028128894045948982,,
SciPlex3,A549,Tazemetostat (EPZ-6438),Histone Methyltransferase,120,0.019999338313937187,0.030097621643791424,2,0.8494907787246113,0.8538785624149057,0.8122048666915749,0.8027074968810624,0.019999338313937187,0.10680247843265533,0.032028064131736755,-0.0025370928924530745,0.013406651094555855,0.01072501577436924,0.019999338313937187,,
SciPlex3,A549,Resveratrol,"Autophagy,Sirtuin",120,0.022456936538219452,0.03017167429269591,2,0.8413890095395562,0.8253924016630503,0.8022516385866929,0.8083493576819922,0.022456936538219452,0.10409204661846161,0.03596138954162598,0.024838320910930634,0.04077877849340439,0.017365364357829094,0.02245694026350975,,
SciPlex3,A549,UNC1999,Histone Methyltransferase,120,0.0230330228805542,0.031306037007812,2,0.8675043641648141,0.8416446733042307,0.8398897224392776,0.8373544149118892,0.0230330228805542,0.11444438993930817,0.03599739819765091,0.024397926405072212,0.03662669658660889,0.01798386685550213,0.0230330228805542,,
SciPlex3,A549,"Roscovitine (Seliciclib,CYC202)",CDK,120,0.019619952887296677,0.027366288939143384,2,0.823299572404169,0.8019799831150323,0.7805725564120358,0.801293493241781,0.019619952887296677,0.10233065485954285,0.031783949583768845,0.014271501451730728,0.04441987723112106,0.011497306637465954,0.019619954749941826,,
SciPlex3,A549,Tucidinostat (Chidamide),HDAC,120,0.029744472354650497,0.037901545236922074,2,0.8249504997277928,0.8190903578028426,0.7896792058538917,0.8014202736357205,0.029744472354650497,0.13133881986141205,0.045231547206640244,0.023438163101673126,0.04052571579813957,0.023454848676919937,0.029744470492005348,,
SciPlex3,A549,Pirarubicin,Topoisomerase,120,0.035744037479162216,0.04246181347466984,3,0.7902089229325604,0.811446552470624,0.779898384680223,0.8029847411687836,0.035744037479162216,0.14707432687282562,0.050915900617837906,0.03105125017464161,0.0498330183327198,0.029707981273531914,0.035744037479162216,,
SciPlex3,A549,Trichostatin A (TSA),HDAC,120,0.035328906029462814,0.03729728277618521,2,0.9322333260898503,0.8689059292870116,0.8764710996669223,0.8741838384263545,0.035328906029462814,0.13028305768966675,0.0474608913064003,0.043743304908275604,0.0558844655752182,0.017124883830547333,0.035328906029462814,,
SciPlex3,A549,SRT3025 HCl,Sirtuin,120,0.03223705664277077,0.04216748568186333,2,0.8506583256218114,0.8400775677820604,0.819507646671223,0.8218039561071393,0.03223705664277077,0.1493045687675476,0.058715540915727615,0.01783045008778572,-1.0,,0.032237060368061066,0.022072775289416313,
SciPlex3,A549,Linifanib (ABT-869),"CSF-1R,PDGFR,VEGFR",120,0.023923642933368683,0.03166263082335226,2,0.8320938245825058,0.8109156028753812,0.7880131214582136,0.7966929296402956,0.023923642933368683,0.11812756955623627,0.02171635627746582,0.023697422817349434,-1.0,0.01352886576205492,0.023923641070723534,,
SciPlex3,A549,Selisistat (EX 527),Sirtuin,120,0.032131172716617584,0.04388084330570661,2,0.8411285034935023,0.8326149044691675,0.8538084582650924,0.8543794894986618,0.032131172716617584,0.15147876739501953,0.047903213649988174,0.02632368914783001,0.04650742560625076,,0.032131168991327286,0.0318271704018116,
SciPlex3,A549,Cediranib (AZD2171),VEGFR,120,0.02281724102795124,0.027627113505482772,2,0.8303332527577592,0.8243578494865336,0.7905173766896674,0.791546488374081,0.02281724102795124,0.0969104990363121,0.028582753613591194,0.015107957646250725,0.028582753613591194,,0.022817237302660942,0.0026326680090278387,
SciPlex3,A549,Trametinib (GSK1120212),MEK,120,0.021693101152777672,0.0322496169660493,2,0.8096572593941929,0.7981431135874999,0.7731526219779745,0.7741156088773806,0.021693101152777672,0.11055620014667511,0.03182966634631157,0.01919877715408802,0.03135117515921593,0.01567811891436577,0.021693101152777672,,
SciPlex3,A549,Fulvestrant,Estrogen/progestogen Receptor,120,0.021677859127521515,0.029732832454609826,2,0.7676119996045259,0.7652015876506422,0.7495718096024255,0.7457100396086052,0.021677859127521515,0.10618530213832855,0.03015000745654106,0.0200942512601614,0.024325521662831306,0.012658421881496906,0.021677860990166664,,
SciPlex3,A549,Andarine,Androgen Receptor,120,0.02691231481730938,0.034096281123851255,2,0.8367474072716625,0.7801099199057919,0.7831923849905458,0.7980497677617464,0.02691231481730938,0.1200123131275177,0.04076024517416954,0.02736852504312992,0.03889377787709236,0.018824240192770958,0.026912318542599678,,
SciPlex3,A549,AG-490 (Tyrphostin B42),EGFR,120,0.025636401027441025,0.032777422308784346,2,0.8795252533945224,0.8508731042669506,0.8283322159141537,0.8339571234202019,0.025636401027441025,0.11829601973295212,0.03338656574487686,0.003875560127198696,0.03338656574487686,,0.025636401027441025,0.016949888318777084,
SciPlex3,A549,Givinostat (ITF2357),HDAC,120,0.03309500217437744,0.040484065538791386,2,0.8686105493583085,0.8536182028045989,0.820828827063675,0.841074940927772,0.03309500217437744,0.14181587100028992,0.049125995486974716,0.03234022855758667,0.05049075931310654,0.02315506897866726,0.03309500217437744,,
SciPlex3,A549,PJ34,PARP,120,0.024838466197252274,0.040256794897710495,2,0.8770633494498892,0.866243816013041,0.8538897607805609,0.8593574233033916,0.024838466197252274,0.12774334847927094,0.046706460416316986,0.028660673648118973,0.04700690135359764,0.02967611886560917,0.024838466197252274,,
SciPlex3,A549,G007-LK,PARP,120,0.02909187041223049,0.037052597086908175,2,0.8001729829079895,0.7876401270413833,0.7764513444607744,0.7564811003823397,0.02909187041223049,0.12549026310443878,0.041930247098207474,0.02397242747247219,0.041798997670412064,0.02167695388197899,0.029091868549585342,,
SciPlex3,A549,AZD1480,JAK,120,0.0418708398938179,0.03538696757221262,2,0.8192323741686725,0.7977629798835402,0.8136985411891686,0.8171437825497581,0.0418708398938179,0.14155632257461548,0.0664985254406929,0.03709324076771736,-1.0,,0.0418708398938179,0.03479306027293205,
SciPlex3,A549,PF-573228,FAK,120,0.04373230040073395,0.042415516579393485,2,0.9203994527219308,0.9048919213930713,0.858815769060751,0.8786334825762445,0.04373230040073395,0.14805787801742554,0.06272324919700623,0.05057020112872124,0.06605225056409836,,0.04373230040073395,0.026715731248259544,
SciPlex3,A549,Capecitabine ,DNA/RNA Synthesis,120,0.026045894250273705,0.03535198557778221,2,0.8878880708340073,0.8797372846694582,0.8780576293223774,0.8675060308926721,0.026045894250273705,0.11909034103155136,0.04133889824151993,0.02782246470451355,0.04133889824151993,0.030566291883587837,0.026045892387628555,,
SciPlex3,A549,Aurora A Inhibitor I,Aurora Kinase,120,0.03939470276236534,0.04307326850155883,2,0.8897025405080523,0.8732664437553392,0.8306767816636729,0.851283286756976,0.03939470276236534,0.14734725654125214,0.05747547373175621,0.04087942838668823,0.07054118067026138,,0.03939470276236534,0.010082947090268135,
SciPlex3,A549,Cimetidine ,Histamine Receptor,120,0.03619837015867233,0.041873514642423414,3,0.8962310140021774,0.9150727545078592,0.8847532873224164,0.9004523570011056,0.03619837015867233,0.133392333984375,0.04818993806838989,0.03381256014108658,0.051277484744787216,0.024454493075609207,0.03619837388396263,,
SciPlex3,A549,KW-2449,"Aurora Kinase,Bcr-Abl,FLT3",119,0.02569255419075489,0.0405970187399947,2,0.9196878105248132,0.888753608028436,0.8620047126480124,0.8573932973647604,0.02569255419075489,0.19693195819854736,0.10865262895822525,0.04677252471446991,-1.0,,0.025692550465464592,,0.05386985465884209
SciPlex3,A549,Epothilone A,Microtubule Associated,118,0.10146868228912354,0.09756517060167516,2,0.9299604209046652,0.8994958687183345,0.8927727994742867,0.8902623980653921,0.10146868228912354,0.2968117892742157,0.13545651733875275,0.10146868228912354,0.14236387610435486,0.03435512259602547,0.10146868228912354,,
SciPlex3,A549,Crizotinib (PF-02341066),"ALK,c-Met",118,0.0277519803494215,0.03353095162326685,2,0.8133279498021384,0.8108848359370509,0.7697271215643617,0.7826615740033329,0.0277519803494215,0.11740149557590485,0.038826439529657364,0.020357470959424973,0.038826439529657364,0.01863732933998108,0.0277519803494215,,
SciPlex3,A549,Hesperadin,Aurora Kinase,118,0.027484722435474396,0.037901212711507405,2,0.8256415587119612,0.8319064838538441,0.8229624234749799,0.8374111645753466,0.027484722435474396,0.12579242885112762,0.046267490833997726,0.018691852688789368,0.039652951061725616,0.02366984263062477,0.027484720572829247,,
SciPlex3,A549,"Fedratinib (SAR302503, TG101348)",JAK,116,0.030379708856344223,0.03850796445607102,2,0.8301493092626995,0.827509104505392,0.8152053014122203,0.7970086919126569,0.030379708856344223,0.12345267832279205,0.044274043291807175,0.016835598275065422,0.038801249116659164,0.016842244192957878,0.030379705131053925,,
SciPlex3,A549,Danusertib (PHA-739358),"Aurora Kinase,Bcr-Abl,c-RET,FGFR",116,0.0347592830657959,0.044316201669760344,2,0.8682944999432554,0.8162949472907517,0.8435690843417358,0.83105976654371,0.0347592830657959,0.1409730613231659,0.05362821742892265,0.012859148904681206,0.04617869481444359,0.034749679267406464,0.0347592830657959,,
SciPlex3,A549,JNJ-7706621,"Aurora Kinase,CDK",116,0.03860748931765556,0.037042187080511456,2,0.8868536837182539,0.8851244632948134,0.8320177005798985,0.8591697112141965,0.03860748931765556,0.12567906081676483,0.04511970654129982,0.06859275698661804,-1.0,0.03733769431710243,0.03860750049352646,,
SciPlex3,A549,Barasertib (AZD1152-HQPA),Aurora Kinase,115,0.052374567836523056,0.04081591079339992,2,0.8581815462777058,0.8441298253526437,0.7666057542640736,0.8047209447408612,0.052374567836523056,0.1881517767906189,0.05799331143498421,0.04923076555132866,0.07185108959674835,,0.05237456038594246,0.023280972614884377,
SciPlex3,A549,Quisinostat (JNJ-26481585) 2HCl,HDAC,113,0.033251430839300156,0.03836749674626224,2,0.8306812487370028,0.8317740966369414,0.8212146157647329,0.7966046021458553,0.033251430839300156,0.11962390691041946,0.04184141010046005,0.02511637471616268,0.04601016640663147,0.025254497304558754,0.033251430839300156,,
SciPlex3,A549,"Rucaparib (AG-014699,PF-01367338) phosphate",PARP,113,0.052349843084812164,0.04779777020683751,2,0.7927473794213231,0.7778274643033107,0.7682642653260494,0.7557260736127365,0.052349843084812164,0.18461111187934875,0.07097651809453964,0.041391339153051376,0.06851474940776825,,0.052349843084812164,0.024108722805976868,
SciPlex3,A549,Dacinostat (LAQ824),HDAC,108,0.02410784922540188,0.03321252142303109,2,0.910948246285118,0.89408589693147,0.8768948504556384,0.8899549538291662,0.02410784922540188,0.10871768742799759,0.03553150221705437,0.021432485431432724,0.03836488351225853,0.014583517797291279,0.024107851088047028,,
SciPlex3,A549,AT9283,"Aurora Kinase,Bcr-Abl,JAK",107,0.05781377851963043,0.05089320629183911,2,0.8915174216679755,0.897293731966764,0.8798083950306523,0.8821529755044679,0.05781377851963043,0.19136308133602142,0.08786045759916306,0.07170415669679642,0.09259147942066193,0.04088715463876724,0.057813774794340134,,
SciPlex3,A549,Belinostat (PXD101),HDAC,106,0.0028306813910603523,0.023960446335676008,2,0.8228794836099258,0.7783666263393219,0.7505814681726584,0.760401699385362,0.0028306813910603523,0.11143947392702103,0.03487731143832207,0.0023130516055971384,0.008137412369251251,,0.002830681623890996,,0.008234160020947456
SciPlex3,A549,Tanespimycin (17-AAG),HSP (e.g. HSP90),103,0.023277655243873596,0.03077523870410739,2,0.8627146104034544,0.8245989400539155,0.8294342675130331,0.8348801415772105,0.023277655243873596,0.1206602081656456,0.04043198376893997,0.026974786072969437,0.05014237016439438,0.025793321430683136,0.023277653381228447,,
SciPlex3,MCF7,TAK-901,Aurora Kinase,120,0.0577172115445137,0.06837005500630382,2,0.9324304732218671,0.9314867729563847,0.9283799224266485,0.9306527877959709,0.0577172115445137,0.1826719492673874,0.07722105830907822,0.05108632147312164,0.07722105830907822,,0.0577172115445137,0.03010287508368492,
SciPlex3,MCF7,BMS-536924,IGF-1R,120,0.0370943583548069,0.04453231164163344,2,0.962915092374649,0.9441155849002811,0.9199997415844567,0.9580007456226873,0.0370943583548069,0.1350831389427185,0.054958391934633255,0.04001397266983986,0.054958391934633255,0.024482447654008865,0.0370943583548069,,
SciPlex3,MCF7,Disulfiram ,Dehydrogenase,120,0.04014533385634422,0.049383432032323205,3,0.8641552842212246,0.9061667078220612,0.891604240805874,0.8617287315066715,0.04014533385634422,0.14024874567985535,0.05281750485301018,0.08262447267770767,0.11948173493146896,,0.04014533385634422,0.024873368442058563,
SciPlex3,MCF7,Prednisone ,"Glucocorticoid Receptor,Immunology & Inflammation related",120,0.050911545753479004,0.055051108037560574,2,1.2175220486732066,1.1329954605235457,1.0984489398472395,1.124792566057943,0.050911545753479004,0.17349237203598022,0.04966235160827637,0.41823646426200867,0.4769897162914276,0.05529798939824104,0.050911545753479004,,
SciPlex3,MCF7,SRT2104 (GSK2245840),Sirtuin,120,0.045423708856105804,0.05617370378895644,2,0.8688437179046851,0.8673531172537725,0.8482069797214784,0.8544820518704146,0.045423708856105804,0.15912151336669922,0.06330879777669907,0.03770085796713829,0.05674687400460243,0.03474382683634758,0.045423705130815506,,
SciPlex3,MCF7,Ivosidenib (AG-120),IDH1,120,0.04464617744088173,0.04845248311932715,2,0.949921267468067,0.9329616110753651,0.9215070267624927,0.9088457474147855,0.04464617744088173,0.13793154060840607,0.05635976046323776,0.015551761724054813,0.046046528965234756,0.036519285291433334,0.04464617744088173,,
SciPlex3,MCF7,Motesanib Diphosphate (AMG-706),"VEGFR,PDGFR,c-Kit",120,0.03653528913855553,0.04545364064450476,2,0.8876109311743487,0.8821570034434476,0.8814576660657281,0.8720723625653637,0.03653528913855553,0.1292390525341034,0.05073356628417969,0.03395281732082367,0.056516971439123154,0.028655195608735085,0.03653528541326523,,
SciPlex3,MCF7,Filgotinib (GLPG0634),JAK,120,0.03226923197507858,0.03976838421096803,3,0.9517157724337046,0.9779400494095025,0.9506336880183088,0.9402965387951987,0.03226923197507858,0.1165088638663292,0.04052753001451492,0.026838796213269234,0.041576825082302094,0.021702958270907402,0.03226923197507858,,
SciPlex3,MCF7,2-Methoxyestradiol (2-MeOE2),HIF,120,0.05190251022577286,0.05496306773911384,2,0.9034090706536091,0.8585336211316026,0.8628803197261856,0.890225763098961,0.05190251022577286,0.1635727733373642,0.07199692726135254,0.055969323962926865,0.07692530006170273,0.03659089654684067,0.05190251022577286,,
SciPlex3,MCF7,Aminoglutethimide ,Aromatase,120,0.03624535724520683,0.04793048215327174,2,0.9724447373867289,0.9632667031236526,0.9336751997407866,0.9234012287318318,0.03624535724520683,0.13967278599739075,0.0475965179502964,0.04274933412671089,0.0475965179502964,0.030789650976657867,0.03624536097049713,,
SciPlex3,MCF7,SRT3025 HCl,Sirtuin,120,0.02977607399225235,0.037725369921167935,2,0.8545459137812799,0.863158528087137,0.8374127940117599,0.8457558900650124,0.02977607399225235,0.12150179594755173,0.04490162432193756,0.014355608262121677,0.04490162432193756,,0.0297760758548975,,0.022629817947745323
SciPlex3,MCF7,BMS-265246,CDK,120,0.043015193194150925,0.05137659566782379,2,0.9021350235540009,0.9173339004793508,0.9074917690741646,0.9224035951050915,0.043015193194150925,0.13918687403202057,0.058105312287807465,0.03501797094941139,0.0524410717189312,0.023668896406888962,0.04301519691944122,,
SciPlex3,MCF7,ZM 447439,Aurora Kinase,120,0.041625287383794785,0.04870915058964414,2,0.9533244033578594,0.9141849682140961,0.905363029377348,0.9334257109098534,0.041625287383794785,0.13676370680332184,0.054993487894535065,0.10931803286075592,-1.0,0.02732415869832039,0.041625287383794785,,
SciPlex3,MCF7,Curcumin,"NF-κB,HDAC,Histone Acetyltransferase,Nrf2",120,0.04035203531384468,0.052375457686848675,2,0.91784386119018,0.825815835206603,0.8450501817270641,0.8585897297455851,0.04035203531384468,0.15368615090847015,0.06690558791160583,0.02882808819413185,0.05429767072200775,0.024420861154794693,0.04035203531384468,,
SciPlex3,MCF7,Tie2 kinase inhibitor,Tie-2,120,0.04491943493485451,0.05121722900244699,2,0.8959242121593469,0.8718864744497221,0.8740744290033486,0.8591298170870267,0.04491943493485451,0.13855434954166412,0.058015577495098114,0.027741137892007828,0.0556689016520977,0.03011513128876686,0.044919442385435104,,
SciPlex3,MCF7,ITSA-1 (ITSA1),HDAC,120,0.03501635417342186,0.04346883729313142,2,0.8532539653732822,0.865317333222551,0.8168593583466954,0.8003019549581545,0.03501635417342186,0.1310478150844574,0.05429597571492195,0.07017765939235687,0.045400820672512054,,0.03501635417342186,0.024049313738942146,
SciPlex3,MCF7,PD173074,"FGFR,VEGFR",120,0.049768004566431046,0.047953752953246255,2,0.93374452376381,0.90542284220688,0.8956714613744534,0.8868966375748357,0.049768004566431046,0.1441352516412735,0.07144448161125183,0.08684876561164856,0.07144448161125183,,0.049768004566431046,0.0324723906815052,
SciPlex3,MCF7,Divalproex Sodium,HDAC,120,0.03934676572680473,0.04707448516021161,2,0.9120238593307697,0.909508882526822,0.8970607390150871,0.8784301933620515,0.03934676572680473,0.13733606040477753,0.05273764207959175,0.032614342868328094,0.0438445582985878,0.034398190677165985,0.03934676572680473,,
SciPlex3,MCF7,Gandotinib (LY2784544),JAK,120,0.03822970390319824,0.046019972693809294,2,0.9398473268548031,0.935359069525278,0.9091485837861111,0.9072044150266514,0.03822970390319824,0.13061055541038513,0.051299694925546646,0.06453544646501541,0.07567849010229111,0.035388100892305374,0.03822970390319824,,
SciPlex3,MCF7,Hesperadin,Aurora Kinase,120,0.032148439437150955,0.03349626069040792,2,1.058614803604776,1.0042925569396477,0.9807677704415543,0.9895441679112444,0.032148439437150955,0.11190377920866013,0.0401187427341938,0.05355089530348778,0.03126541152596474,,0.032148439437150955,0.023319164291024208,
SciPlex3,MCF7,Avagacestat (BMS-708163),"Beta Amyloid,Gamma-secretase",120,0.04870383441448212,0.04935508291496004,3,0.9200069551111945,0.9374436654229061,0.9309175793731388,0.9206061563318304,0.04870383441448212,0.14140789210796356,0.06519245356321335,0.07688338309526443,-1.0,0.026514653116464615,0.04870383441448212,,
SciPlex3,MCF7,Daphnetin,"PKA,EGFR,PKC",120,0.03505239263176918,0.047499537710848486,2,0.8862946972186396,0.8708564090957491,0.8631416983210585,0.8421014946512493,0.03505239263176918,0.13377848267555237,0.05243184044957161,0.042890168726444244,0.05243184044957161,,0.03505239635705948,0.03599094599485397,
SciPlex3,MCF7,AZ 960,JAK,120,0.045417461544275284,0.04726007984334902,2,0.9692472957107157,0.9877240866780941,0.9718206672488456,0.9627544302920192,0.045417461544275284,0.13878847658634186,0.05363338813185692,0.031057564541697502,0.06981795281171799,0.03835500031709671,0.04541746526956558,,
SciPlex3,MCF7,Tubastatin A HCl,HDAC,120,0.051296696066856384,0.05832733064426529,2,0.8318234769260702,0.8072221856642798,0.7766255781574323,0.7962883057082362,0.051296696066856384,0.16270942986011505,0.07075528055429459,0.051296696066856384,0.07075528055429459,0.02845473401248455,0.051296696066856384,,
SciPlex3,MCF7,Quisinostat (JNJ-26481585) 2HCl,HDAC,120,0.03737866133451462,0.04588848783035644,2,0.9404572337273063,0.9224338201229845,0.907523220021929,0.9302968681418715,0.03737866133451462,0.14264681935310364,0.056305114179849625,0.11327920854091644,0.16394074261188507,0.034351103007793427,0.03737866133451462,,
SciPlex3,MCF7,Panobinostat (LBH589),HDAC,120,0.040152303874492645,0.05028618555859331,2,0.9501701185923537,0.9142553325161291,0.9023599266422107,0.9146528313745197,0.040152303874492645,0.15169677138328552,0.056147776544094086,0.03648485243320465,0.05759662017226219,0.03138193488121033,0.040152303874492645,,
SciPlex3,MCF7,Sodium Phenylbutyrate,HDAC,120,0.03391721099615097,0.044657893294616856,2,0.908786933008356,0.8350815881428417,0.8564751924921516,0.8649114341251938,0.03391721099615097,0.1284508854150772,0.04513310641050339,0.024928681552410126,0.04513310641050339,,0.03391721099615097,0.028596928343176842,
SciPlex3,MCF7,Raltitrexed,DNA/RNA Synthesis,120,0.036216117441654205,0.04427427501791097,2,0.8851834269069485,0.8552541782945671,0.8535527822707856,0.8547426844134716,0.036216117441654205,0.13470153510570526,0.055205248296260834,0.031100187450647354,0.055205248296260834,0.028546888381242752,0.036216117441654205,,
SciPlex3,MCF7,Cimetidine ,Histamine Receptor,120,0.038242269307374954,0.04790090125624433,2,0.8702810833650894,0.8653240302361738,0.8497912536450141,0.861947915769349,0.038242269307374954,0.13299737870693207,0.05700724199414253,0.06711450964212418,0.05700724199414253,0.05234519764780998,0.038242269307374954,,
SciPlex3,MCF7,Fasudil (HA-1077) HCl,"Autophagy,ROCK",120,0.034491583704948425,0.04294450707862315,2,0.8688661343042998,0.8536926641537868,0.8223458922487339,0.8235854884984288,0.034491583704948425,0.12059128284454346,0.04622916504740715,0.02860545739531517,0.047444939613342285,0.03191863372921944,0.03449157997965813,,
SciPlex3,MCF7,Ramelteon,MT Receptor,120,0.03610117360949516,0.04445866475353331,2,0.9915084145728432,0.9702432895285931,0.9317182526148304,0.937748491246623,0.03610117360949516,0.12322989851236343,0.050170764327049255,0.023760715499520302,0.05348857119679451,0.02185487374663353,0.03610117360949516,,
SciPlex3,MCF7,Toremifene Citrate,Estrogen/progestogen Receptor,120,0.03808636963367462,0.03884590428460582,2,0.9653601634748696,0.9179640578100425,0.8758908028687138,0.9010730194429186,0.03808636963367462,0.1379527449607849,0.044059816747903824,0.030181046575307846,0.04308587685227394,,0.03808636963367462,,0.01684253104031086
SciPlex3,MCF7,Azacitidine ,DNA Methyltransferase,120,0.04081033170223236,0.050997104574772474,2,0.993161351199193,0.9563685068805707,0.9469169909104398,0.9461121018138545,0.04081033170223236,0.14749355614185333,0.054005216807127,0.027475496754050255,0.053201839327812195,,0.04081033170223236,,0.02148660086095333
SciPlex3,MCF7,Resveratrol,"Autophagy,Sirtuin",120,0.04575883969664574,0.05024325252410922,2,0.9082457398656238,0.9131046733865169,0.8739329789961889,0.8488356687470375,0.04575883969664574,0.1410094052553177,0.05569032207131386,0.031050005927681923,0.05150337889790535,0.02934873104095459,0.045758843421936035,,
SciPlex3,MCF7,PJ34,PARP,120,0.0341096967458725,0.04804640968474071,2,0.8955455209884118,0.9000708225898588,0.8850960920572533,0.8964247244883694,0.0341096967458725,0.13198144733905792,0.0532691664993763,0.03448008745908737,0.054689135402441025,0.02810937538743019,0.0341096967458725,,
SciPlex3,MCF7,Iniparib (BSI-201),PARP,120,0.040667574852705,0.0482275877865834,2,0.907946302596887,0.8943549569816653,0.858991580114493,0.8619061653182847,0.040667574852705,0.13520771265029907,0.05328672006726265,0.01445991825312376,0.0544419102370739,0.028975188732147217,0.0406675711274147,,
SciPlex3,MCF7,UNC0379,Histone Methyltransferase,120,0.04237111285328865,0.04999816725131661,2,0.9123736502767716,0.8890763184790451,0.8608065217239549,0.863408709787409,0.04237111285328865,0.14940108358860016,0.057386718690395355,0.27461084723472595,0.34161216020584106,,0.04237111285328865,0.03791974484920502,
SciPlex3,MCF7,Epothilone A,Microtubule Associated,120,0.06079789623618126,0.05984125542852387,2,0.8985326423183437,0.8802782873294586,0.863016115303612,0.8789486844387913,0.06079789623618126,0.18263457715511322,0.07943487167358398,0.054221708327531815,0.07943487167358398,0.034235600382089615,0.06079789251089096,,
SciPlex3,MCF7,BMS-754807,"c-Met,IGF-1R,Trk receptor",120,0.04403839632868767,0.04744880414851029,2,1.0840005121300038,1.0925516898129075,1.085767508516886,1.0893436842494069,0.04403839632868767,0.15819033980369568,0.06824536621570587,0.04762391373515129,0.06520388275384903,,0.044038400053977966,,0.03612544760107994
SciPlex3,MCF7,Dasatinib,"Bcr-Abl,c-Kit,Src",120,0.04593818262219429,0.054623042958562816,2,1.0008845064463152,0.9891730963922694,0.9381253684122157,0.9680168956531272,0.04593818262219429,0.15657766163349152,0.06229380890727043,0.0420522503554821,0.06065147742629051,0.03811408951878548,0.04593818262219429,,
SciPlex3,MCF7,M344,HDAC,120,0.04013067111372948,0.049430821099147905,3,0.8144513128762707,0.8568953093191389,0.8121412162698682,0.8537996805260359,0.04013067111372948,0.15299269556999207,0.062110599130392075,0.03950111195445061,0.052083805203437805,0.0218584593385458,0.04013067111372948,,
SciPlex3,MCF7,Nintedanib (BIBF 1120),"FGFR,PDGFR,VEGFR",120,0.040847305208444595,0.044332423242878824,2,0.8216465540896767,0.8056572791740333,0.7989507745768822,0.8056715040505829,0.040847305208444595,0.13737843930721283,0.044082604348659515,0.04598867893218994,-1.0,0.027426986023783684,0.0408473014831543,,
SciPlex3,MCF7,Costunolide,Telomerase,120,0.043588798493146896,0.04657138856286771,2,0.9511893091611014,0.9392820177349162,0.9737095526437329,0.9320926542195664,0.043588798493146896,0.14716972410678864,0.06095047667622566,0.02533094398677349,0.04900529608130455,0.04342758655548096,0.0435887947678566,,
SciPlex3,MCF7,ABT-737,Bcl-2,120,0.0863518938422203,0.02943204218819707,2,0.9270559191698702,0.9180990442998898,0.8871354874309443,0.8847962073387983,0.0863518938422203,0.14570468664169312,0.10581567883491516,0.1359691321849823,0.19451503455638885,,0.0863519012928009,,0.030359681695699692
SciPlex3,MCF7,Clevudine ,DNA/RNA Synthesis,120,0.039054740220308304,0.04443799005490085,3,0.8283737619500311,0.8580120383992984,0.8294906562101456,0.8508603049809143,0.039054740220308304,0.12978650629520416,0.05059462785720825,0.026970673352479935,0.05059462785720825,0.02379186637699604,0.039054736495018005,,
SciPlex3,MCF7,SL-327,MEK,120,0.047222573310136795,0.05026908920834862,2,0.9449953671452107,0.9218098502902308,0.8978356992250962,0.9113000822471502,0.047222573310136795,0.1495591700077057,0.06464715301990509,0.04611726477742195,0.06449823081493378,0.046336736530065536,0.047222573310136795,,
SciPlex3,MCF7,PCI-34051,HDAC,120,0.04063669219613075,0.045342558922517734,2,0.8564800046440091,0.8394598810994243,0.821055232829405,0.8096347183914983,0.04063669219613075,0.1395001858472824,0.05275406315922737,0.029272815212607384,0.046112000942230225,0.019922731444239616,0.04063669219613075,,
SciPlex3,MCF7,Ellagic acid,Topoisomerase,120,0.038733433932065964,0.04651586324277755,3,0.8566995378074829,0.9164466241069871,0.8815147886894046,0.8795310295502539,0.038733433932065964,0.13939939439296722,0.05265398696064949,0.035446152091026306,0.04988972470164299,,0.038733433932065964,0.029581623151898384,
SciPlex3,MCF7,SGI-1776 free base,Pim,120,0.04084581881761551,0.050172023001670674,2,0.8204721750077422,0.8186600992363431,0.8051821222096898,0.8130683227094764,0.04084581881761551,0.14573051035404205,0.0564996600151062,0.04690312221646309,0.06571230292320251,0.030737286433577538,0.04084582254290581,,
SciPlex3,MCF7,Crizotinib (PF-02341066),"ALK,c-Met",120,0.050634242594242096,0.05816890690963865,2,0.9181122364375476,0.8840282396134729,0.8863841435900621,0.8890567522034694,0.050634242594242096,0.16792084276676178,0.07424518465995789,0.02837618812918663,0.050594933331012726,0.039405059069395065,0.050634242594242096,,
SciPlex3,MCF7,(+)-JQ1,Epigenetic Reader Domain,120,0.034890066832304,0.039199267344836926,2,0.9250825234010343,0.8863484478445205,0.8797445122119889,0.8824848844505322,0.034890066832304,0.15233676135540009,0.05178551748394966,-0.042243048548698425,0.03293764218688011,0.020194975659251213,0.0348900631070137,,
SciPlex3,MCF7,BMS-911543,JAK,120,0.042350783944129944,0.05066589541711652,3,0.8474582251732077,0.8696933219034779,0.8408110335115193,0.8277172205912962,0.042350783944129944,0.141033336520195,0.05765696242451668,0.03281717002391815,0.05297314375638962,0.028047211468219757,0.042350783944129944,,
SciPlex3,MCF7,Meprednisone,Glucocorticoid Receptor,120,0.04803288355469704,0.03793770032774389,2,0.9203618848198669,0.920972635046585,0.8481467416372706,0.87897769496713,0.04803288355469704,0.14922426640987396,0.05689680948853493,0.015902966260910034,0.03772573918104172,,0.04803287982940674,0.03962595388293266,
SciPlex3,MCF7,"Fedratinib (SAR302503, TG101348)",JAK,120,0.03142867237329483,0.03644011741694738,2,0.9525039240585933,0.9050486627960836,0.9017915108920942,0.9349770504730941,0.03142867237329483,0.14370791614055634,0.0495726652443409,0.034906789660453796,0.05182382091879845,0.03611037880182266,0.03142867609858513,,
SciPlex3,MCF7,AG-490 (Tyrphostin B42),EGFR,120,0.035833921283483505,0.0457498546028169,2,0.8005693801405549,0.7777207508385384,0.7759637807478992,0.7920499987506684,0.035833921283483505,0.12531433999538422,0.04876353591680527,0.05086372792720795,-1.0,0.02052345685660839,0.035833921283483505,,
SciPlex3,MCF7,"Fluorouracil (5-Fluoracil, 5-FU)",DNA/RNA Synthesis,120,0.048762235790491104,0.059156311421337746,3,0.8942829829984085,0.9390150398323076,0.9122132376576069,0.9208572698490283,0.048762235790491104,0.15396885573863983,0.0647476390004158,0.04136879742145538,0.0647476390004158,,0.048762235790491104,0.0354338176548481,
SciPlex3,MCF7,S-Ruxolitinib (INCB018424),JAK,120,0.04140419140458107,0.04859969913367095,2,0.9247143330507548,0.917839849857943,0.9002281851956511,0.9075441719489277,0.04140419140458107,0.14716501533985138,0.05610382556915283,0.03861131891608238,0.06166050583124161,0.02974696084856987,0.04140419140458107,,
SciPlex3,MCF7,"Rucaparib (AG-014699,PF-01367338) phosphate",PARP,120,0.041061416268348694,0.04705156443479015,2,0.9032047887502532,0.8418176559669135,0.869030403942082,0.8701725971460927,0.041061416268348694,0.12580148875713348,0.05002639442682266,0.05164184048771858,0.05028833448886871,0.03163231164216995,0.041061416268348694,,
SciPlex3,MCF7,CYC116,"Aurora Kinase,VEGFR",120,0.04906674847006798,0.055843043533487756,2,1.0099051265100591,1.0159462804493735,0.9909585137156167,0.9830829529057947,0.04906674847006798,0.16014805436134338,0.069804348051548,0.06357351690530777,0.053109534084796906,0.05191679671406746,0.049066755920648575,,
SciPlex3,MCF7,"Baricitinib (LY3009104, INCB028050)",JAK,120,0.047122832387685776,0.05701101183322156,2,0.8691189928939416,0.8439931258787468,0.8145118118446035,0.8247863543826384,0.047122832387685776,0.15492576360702515,0.06326629221439362,0.03794766962528229,0.06258098781108856,0.034410178661346436,0.047122832387685776,,
SciPlex3,MCF7,Zileuton,Lipoxygenase,120,0.0497770719230175,0.04269796587284721,2,0.888339988550154,0.8932836259565899,0.9054356363875051,0.9111917926292072,0.0497770719230175,0.13423113524913788,0.04547705501317978,0.042826518416404724,0.06518414616584778,,0.0497770719230175,0.030759159475564957,
SciPlex3,MCF7,FLLL32,JAK,120,0.04002256318926811,0.04631694364227672,2,1.0458593620366123,1.0355319632078075,0.9979182454037385,1.0083292066677298,0.04002256318926811,0.15829476714134216,0.040633320808410645,0.20229406654834747,0.2706318199634552,,0.04002256318926811,0.03553038090467453,
SciPlex3,MCF7,MK-0752,"Beta Amyloid,Gamma-secretase",120,0.049899742007255554,0.059185959546257556,2,0.9893470797378843,0.977893904780359,0.946760988388915,0.9479360454068164,0.049899742007255554,0.15862448513507843,0.06640921533107758,0.03672666475176811,0.06638301908969879,0.029898902401328087,0.04989974573254585,,
SciPlex3,MCF7,Busulfan ,DNA alkylator,120,0.03786236420273781,0.0471156872205646,2,0.9275399656787098,0.9176285640940467,0.8692295869736579,0.8888895826490408,0.03786236420273781,0.12697242200374603,0.04988650605082512,0.03508593514561653,0.04994266480207443,0.03416931629180908,0.03786236420273781,,
SciPlex3,MCF7,Rigosertib (ON-01910),PLK,120,0.05705496296286583,0.06438826659876595,3,0.8430972980563372,0.9058874490019218,0.9069122887792656,0.8956374089834025,0.05705496296286583,0.1832163780927658,0.07797911763191223,0.05426059663295746,0.07559917122125626,0.033565934747457504,0.05705496296286583,,
SciPlex3,MCF7,Givinostat (ITF2357),HDAC,120,0.04752347990870476,0.049810096872082925,2,0.9457194657147401,0.9191720511135539,0.9113409696423069,0.8793765242828471,0.04752347990870476,0.1468440741300583,0.06904508918523788,0.043221667408943176,0.06904508918523788,0.03528749942779541,0.04752347990870476,,
SciPlex3,MCF7,INO-1001 (3-Aminobenzamide),PARP,120,0.05304865166544914,0.04716479272370859,2,0.8354859538123929,0.8178818891309341,0.8279949857713955,0.7856427346314909,0.05304865166544914,0.12720105051994324,0.04990483820438385,0.05227592960000038,0.07398176193237305,0.029743611812591553,0.05304865166544914,,
SciPlex3,MCF7,Aurora A Inhibitor I,Aurora Kinase,120,0.03936639055609703,0.04642408957238697,2,0.8626806005202088,0.8529379056160256,0.8429722652537723,0.8084871452772084,0.03936639055609703,0.12951987981796265,0.05294578894972801,0.04549326002597809,0.04862461984157562,0.021602261811494827,0.03936639055609703,,
SciPlex3,MCF7,Enzastaurin (LY317615),PKC,120,0.024816714227199554,0.04146226656890003,2,0.8855988207253649,0.8786439425770496,0.8685036799989305,0.8801241286191797,0.024816714227199554,0.11657444387674332,0.035463977605104446,0.02114838920533657,0.035463977605104446,0.037793323397636414,0.024816714227199554,,
SciPlex3,MCF7,Ki8751,"c-Kit,PDGFR,VEGFR",120,0.052678387612104416,0.056152264191398245,2,0.9876912715245396,0.9471741789872858,0.9152227400343165,0.9585055988042868,0.052678387612104416,0.16094250977039337,0.07186625152826309,0.018303269520401955,0.049694593995809555,0.04961942136287689,0.052678387612104416,,
SciPlex3,MCF7,Quercetin,"Src,Sirtuin,PKC,PI3K",120,0.044625334441661835,0.031816093331956334,2,0.9005946346786118,0.8696058449695308,0.8560337772074611,0.8457242015952016,0.044625334441661835,0.11831378936767578,0.05502181127667427,0.009149219840765,0.06285549700260162,0.027840368449687958,0.04462533816695213,,
SciPlex3,MCF7,Tranylcypromine (2-PCPA) HCl,MAO,120,0.046161651611328125,0.05724818376562248,2,0.9201544727427464,0.9390788920418647,0.9340018602742166,0.9231980208082042,0.046161651611328125,0.1511341780424118,0.061411917209625244,0.08890055865049362,0.09663721174001694,,0.046161651611328125,,0.030122896656394005
SciPlex3,MCF7,AMG-900,Aurora Kinase,120,0.033639732748270035,0.04473558482339596,3,0.8556806806865183,0.8860315661280964,0.8474218770573607,0.8684292404809018,0.033639732748270035,0.1320541948080063,0.05798774212598801,0.024267809465527534,0.04567619413137436,0.024990959092974663,0.033639732748270035,,
SciPlex3,MCF7,Thiotepa,Others,120,0.036598823964595795,0.05000738118892756,2,0.9221797959276614,0.9156739178705173,0.8895251091878045,0.8972619162825453,0.036598823964595795,0.13766556978225708,0.050731461495161057,0.0335773266851902,0.06176624074578285,0.036561623215675354,0.03659882768988609,,
SciPlex3,MCF7,Ki16425,LPA Receptor,120,0.03079681284725666,0.038387718101686875,3,0.8421168015010565,0.8634875049260273,0.8482611780775571,0.8473971598199146,0.03079681284725666,0.11519336700439453,0.04336271062493324,0.027354275807738304,0.041065771132707596,0.025606239214539528,0.030796809121966362,,
SciPlex3,MCF7,Tucidinostat (Chidamide),HDAC,120,0.029778482392430305,0.03812581945816388,2,0.8650986287525075,0.8491310552690088,0.8430098184780377,0.8244798132834408,0.029778482392430305,0.13210371136665344,0.043828293681144714,0.023572245612740517,0.04577309265732765,0.02859431505203247,0.029778482392430305,,
SciPlex3,MCF7,S3I-201,STAT,120,0.040383581072092056,0.04728817357325261,2,0.9999040278640656,0.967329926929267,0.9514705155537531,0.9491738273794805,0.040383581072092056,0.13118743896484375,0.05405322089791298,0.02170766517519951,0.07208985835313797,0.03132813423871994,0.04038357734680176,,
SciPlex3,MCF7,Mocetinostat (MGCD0103),HDAC,120,0.029932353645563126,0.03866453214398817,2,0.9413063197416847,0.9127903281781791,0.9396752134824666,0.9415086941118158,0.029932353645563126,0.1412147879600525,0.046891119331121445,0.021510863676667213,0.046891119331121445,0.021204285323619843,0.029932351782917976,,
SciPlex3,MCF7,Roxadustat (FG-4592),HIF,120,0.034366581588983536,0.0475621923083757,2,0.9409613580344516,0.9272883451132188,0.9032629625958251,0.8888566194414675,0.034366581588983536,0.12677758932113647,0.046377308666706085,0.035657841712236404,0.05151502415537834,0.027314631268382072,0.03436657413840294,,
SciPlex3,MCF7,Trichostatin A (TSA),HDAC,120,0.03953370079398155,0.04077023449366619,2,0.9655487578433437,0.9392384582096636,0.9159654483863946,0.9210751346325257,0.03953370079398155,0.14471884071826935,0.043634261935949326,0.013056878931820393,0.02852463163435459,,0.03953370824456215,0.028974752873182297,
SciPlex3,MCF7,"Luminespib (AUY-922, NVP-AUY922)",HSP (e.g. HSP90),120,0.06491866707801819,0.057170117062744566,2,0.9922601650984255,1.007830261608543,1.0120894640994447,1.014388754187987,0.06491866707801819,0.170318141579628,0.08817214518785477,0.05297287926077843,0.09476470947265625,0.06978192925453186,0.06491866707801819,,
SciPlex3,MCF7,Celecoxib,COX,120,0.04161489009857178,0.050639660452292214,2,0.9525748812806469,0.9490095082394188,0.9076450709545689,0.9215986211858578,0.04161489009857178,0.1365458369255066,0.056191906332969666,0.03945141285657883,0.05275658145546913,0.020674312487244606,0.04161489009857178,,
SciPlex3,MCF7,Regorafenib (BAY 73-4506),"c-RET,VEGFR",120,0.04920855537056923,0.05229290415345999,2,0.9560989919484655,0.9344655514972491,0.9072430696430729,0.9146533714573319,0.04920855537056923,0.16513124108314514,0.06654202193021774,0.04642631486058235,0.06653113663196564,0.027287419885396957,0.04920854791998863,,
SciPlex3,MCF7,Mesna ,Others,120,0.03665991872549057,0.04580566429814634,2,0.9646203075430559,0.9345359047203274,0.9303076860750039,0.9275706072391081,0.03665991872549057,0.13135045766830444,0.04861753061413765,0.02801700495183468,0.04861753061413765,0.025621643289923668,0.03665991872549057,,
SciPlex3,MCF7,Anacardic Acid,Histone Acetyltransferase,120,0.04073352739214897,0.049936678416958584,2,0.8713617643874763,0.8716147561080092,0.8382898022288536,0.844207650495008,0.04073352739214897,0.14226606488227844,0.05525650456547737,0.03451843932271004,0.05525650456547737,0.028801238164305687,0.04073352739214897,,
SciPlex3,MCF7,MLN8054,Aurora Kinase,120,0.042775217443704605,0.04188432552202771,2,0.9549844534813925,0.9695483817637189,0.9657687561616779,0.947379478642306,0.042775217443704605,0.133111372590065,0.03547472879290581,0.07494094967842102,0.17071574926376343,0.027691971510648727,0.042775217443704605,,
SciPlex3,MCF7,CEP-33779,JAK,120,0.03431056812405586,0.043059461707774506,2,0.8276089077100597,0.8147669391254269,0.8015710478805929,0.817238180384054,0.03431056812405586,0.12398704886436462,0.047977469861507416,0.037884846329689026,0.046223223209381104,0.022857995703816414,0.03431056812405586,,
SciPlex3,MCF7,GSK J1,Histone Demethylase,120,0.03180202469229698,0.04201770708298257,2,0.9164312070458838,0.8962553675105287,0.8954804307071189,0.8862321394244592,0.03180202469229698,0.13245470821857452,0.08172272145748138,0.01783847063779831,0.035386547446250916,,0.03180202096700668,0.01976637914776802,
SciPlex3,MCF7,PD98059,MEK,120,0.04100613668560982,0.05784711791224972,2,0.9171207347819852,0.9088958469735999,0.8879899807668785,0.8842472702585926,0.04100613668560982,0.15972796082496643,0.06485743820667267,0.006554117426276207,0.017071286216378212,0.029112011194229126,0.04100613668560982,,
SciPlex3,MCF7,UNC0631,Histone Methyltransferase,120,0.04915560036897659,0.05226043977365252,2,0.8716152542003837,0.8711782829671666,0.8572033630582077,0.8554589557576175,0.04915560036897659,0.14873436093330383,0.06225225701928139,0.04009074345231056,0.06739813834428787,0.04076302796602249,0.04915560036897659,,
SciPlex3,MCF7,Lapatinib (GW-572016) Ditosylate,"EGFR,HER2",120,0.03287553787231445,0.04204637365422953,2,0.8415067309020898,0.8314001406062488,0.8065621211998675,0.8286200526170528,0.03287553787231445,0.12933805584907532,0.04509029537439346,0.014227909967303276,0.044253069907426834,,0.032875534147024155,0.02711816318333149,
SciPlex3,MCF7,UNC1999,Histone Methyltransferase,120,0.03924630582332611,0.048131278228711195,2,0.9200221452544888,0.8872581032953164,0.8800201678814137,0.8748261535102344,0.03924630582332611,0.14407530426979065,0.05484190955758095,0.03649717941880226,0.05484190955758095,,0.03924630954861641,0.034051720052957535,
SciPlex3,MCF7,G007-LK,PARP,120,0.04806846007704735,0.05765679323242004,2,0.8818213823480416,0.8774229658063337,0.8378258498128073,0.8713464836469225,0.04806846007704735,0.1591649353504181,0.07161594182252884,0.04081416875123978,0.06123422831296921,0.04288533702492714,0.04806845635175705,,
SciPlex3,MCF7,Barasertib (AZD1152-HQPA),Aurora Kinase,120,0.047255389392375946,0.05034235548388842,2,0.895337881793635,0.8836718500593452,0.9097041833003239,0.9109299008248453,0.047255389392375946,0.136717289686203,0.058814868330955505,0.03769669681787491,0.055465467274188995,,0.047255389392375946,,0.023817140609025955
SciPlex3,MCF7,Carmofur,DNA/RNA Synthesis,120,0.03771936148405075,0.043576930141658816,3,0.8014916518057547,0.8320702793651122,0.8222981775682214,0.8350906347539944,0.03771936148405075,0.13194675743579865,0.05312898010015488,0.03665709123015404,0.05312898010015488,,0.03771936520934105,,0.024420423433184624
SciPlex3,MCF7,EED226,Epigenetic Reader Domain,120,0.048061616718769073,0.05689494542251637,3,0.8562177003701699,0.8978623655952198,0.8735119659152772,0.8998013177816411,0.048061616718769073,0.15319561958312988,0.06506124883890152,0.04712599888443947,0.06542910635471344,0.02505388669669628,0.048061616718769073,,
SciPlex3,MCF7,Tacedinaline (CI994),HDAC,120,0.035450782626867294,0.043767027301564704,3,0.9149818870484214,0.9327301325826287,0.9004186830034708,0.8855148055806303,0.035450782626867294,0.1370256394147873,0.04953223466873169,0.0631924420595169,0.08617468178272247,0.03077561780810356,0.03545079007744789,,
SciPlex3,MCF7,Droxinostat,HDAC,120,0.047079604119062424,0.049122490758813565,2,1.0125679766535995,0.9911361324227528,0.9451603109467897,0.9810646276082782,0.047079604119062424,0.14399318397045135,0.0642312541604042,0.027781151235103607,0.0642312541604042,0.027430802583694458,0.04707960784435272,,
SciPlex3,MCF7,Glesatinib?(MGCD265),"c-Met,Tie-2,VEGFR",120,0.041318558156490326,0.04737311151080341,2,0.9240651260056296,0.9136828326461508,0.8989720359278106,0.9080559115029967,0.041318558156490326,0.13580641150474548,0.057406265288591385,0.032777510583400726,0.05502225458621979,,0.04131855070590973,0.030896786600351334,
SciPlex3,MCF7,Lomustine ,DNA/RNA Synthesis,120,0.044324811547994614,0.0480561676066597,2,0.9132077226002959,0.9210613959111065,0.9011929525397715,0.9111341856028883,0.044324811547994614,0.15481312572956085,0.06829247623682022,0.038147617131471634,0.06829247623682022,0.018988152965903282,0.044324811547994614,,
SciPlex3,MCF7,Alisertib (MLN8237),Aurora Kinase,120,0.034208718687295914,0.04074625779447893,2,1.0079494539047928,0.9743305842304135,0.9674161456336172,0.9523379610806355,0.034208718687295914,0.11874989420175552,0.044720184057950974,0.026608483865857124,0.06652966141700745,0.019093500450253487,0.034208718687295914,,
SciPlex3,MCF7,Altretamine,DNA alkylator,120,0.04221474006772041,0.046758334178584014,2,1.0026786207069165,0.9787068677608524,0.9136283089693187,0.9040584971284797,0.04221474006772041,0.14551058411598206,0.060982901602983475,0.009011662565171719,0.028537249192595482,0.029579566791653633,0.04221474006772041,,
SciPlex3,MCF7,Tanespimycin (17-AAG),HSP (e.g. HSP90),120,0.07967357337474823,0.04629599664250163,2,1.0633336550622694,1.03730985454329,1.0204507599021486,1.0509625635542648,0.07967357337474823,0.1479572355747223,0.07096624374389648,0.042940378189086914,0.09369929134845734,0.044430509209632874,0.07967358082532883,,
SciPlex3,MCF7,"Temsirolimus (CCI-779, NSC 683864)",mTOR,120,0.041451744735240936,0.049951676772868644,2,0.869640430846669,0.8587762376556114,0.8369942820923573,0.8641871143335571,0.041451744735240936,0.1391354501247406,0.05464528128504753,0.029026752337813377,0.05464528128504753,,0.04145174100995064,0.028531933203339577,
SciPlex3,MCF7,Trametinib (GSK1120212),MEK,120,0.05460217967629433,0.05360838358307687,2,1.0020914025131589,0.9953770311691308,0.9945055534196996,1.0064074497958302,0.05460217967629433,0.15944726765155792,0.07289168983697891,0.03931461647152901,0.049176111817359924,0.03214119374752045,0.05460217967629433,,
SciPlex3,MCF7,Linifanib (ABT-869),"CSF-1R,PDGFR,VEGFR",120,0.04991142824292183,0.05565046806600305,2,0.9798383270965108,0.9546702902178872,0.9352548821200131,0.9136336303680377,0.04991142824292183,0.17216438055038452,0.06951016932725906,0.01690988801419735,0.07552098482847214,,0.04991142824292183,0.024698136374354362,
SciPlex3,MCF7,Fulvestrant,Estrogen/progestogen Receptor,120,0.02695515751838684,0.03594212295554337,3,0.8845333260519261,0.9084683096823749,0.8861945709886125,0.8842786354046588,0.02695515751838684,0.13064956665039062,0.03795475885272026,0.1396692544221878,0.19508475065231323,,0.02695515565574169,,0.02443734183907509
SciPlex3,MCF7,GSK-LSD1 2HCl,Histone Demethylase,120,0.04116230458021164,0.049152198307478835,2,0.7937683622092226,0.7817421633289214,0.7588802713143874,0.756809341707875,0.04116230458021164,0.14025679230690002,0.055251576006412506,0.03793267533183098,0.055251576006412506,,0.04116230830550194,0.04114226624369621,
SciPlex3,MCF7,Mercaptopurine (6-MP),DNA/RNA Synthesis,120,0.046071168035268784,0.052096187057045946,2,0.8776326212104717,0.8514904954382683,0.841660176234944,0.8290341558627858,0.046071168035268784,0.15760871767997742,0.061753351241350174,0.033205967396497726,0.054695796221494675,0.043793316930532455,0.04607117176055908,,
SciPlex3,MCF7,Selisistat (EX 527),Sirtuin,120,0.039351508021354675,0.048039875124562086,2,0.8891178362603878,0.8811499221363057,0.8624350356083745,0.8633638295857473,0.039351508021354675,0.13929349184036255,0.05394010245800018,0.0929090827703476,0.05184789001941681,0.03320295736193657,0.03935150429606438,,
SciPlex3,MCF7,Abexinostat (PCI-24781),HDAC,120,0.02556585893034935,0.03420484824381722,2,0.9363259919991247,0.9124611200212271,0.8971038469602242,0.9192924554407575,0.02556585893034935,0.11852576583623886,0.03705160319805145,0.02441730536520481,0.0332825742661953,0.015559311956167221,0.0255658570677042,,
SciPlex3,MCF7,Amisulpride,Dopamine Receptor,120,0.03809947520494461,0.0387177509931039,2,0.9902551363375238,1.0016119231759468,0.976831034402613,0.9907960325265073,0.03809947520494461,0.16613095998764038,0.05509412661194801,0.11392145603895187,-1.0,,0.03809947520494461,0.014856014400720596,
SciPlex3,MCF7,XAV-939,Wnt/beta-catenin,120,0.034123290330171585,0.043501906454278684,2,0.9939613824450984,0.9642162857056835,0.908508128033084,0.9253864670278027,0.034123290330171585,0.12364663928747177,0.045380886644124985,0.013456904329359531,0.028028281405568123,0.018484611064195633,0.034123294055461884,,
SciPlex3,MCF7,WP1066,JAK,120,0.0456666573882103,0.0564443504175024,2,0.8822082592081326,0.884625243150321,0.9111014454364632,0.9111236822560134,0.0456666573882103,0.15372340381145477,0.0640905573964119,0.04805804789066315,0.06462821364402771,0.02796473167836666,0.04566665366292,,
SciPlex3,MCF7,A-366,Histone Methyltransferase,120,0.03813861310482025,0.045497626214001656,2,0.8840820565787695,0.8654009411616297,0.8396174569727464,0.8445323323959624,0.03813861310482025,0.13086560368537903,0.051468122750520706,0.04365959390997887,0.053250424563884735,,0.03813862055540085,0.02314620465040207,
SciPlex3,MCF7,TG101209,"c-RET,FLT3,JAK",120,0.03682006895542145,0.03787368556167568,2,1.1160665160039027,1.0852240886871414,1.0572010968181846,1.0587384301287912,0.03682006895542145,0.15636204183101654,0.059072040021419525,-0.0042564887553453445,0.059072040021419525,,0.03682006895542145,,0.0031368848867714405
SciPlex3,MCF7,Belinostat (PXD101),HDAC,120,0.043037813156843185,0.046426979416973664,2,0.8719106698887824,0.8595748329973176,0.8706172187615184,0.8642721333957404,0.043037813156843185,0.1558275818824768,0.05971875414252281,0.028994571417570114,0.060479480773210526,0.018539590761065483,0.043037813156843185,,
SciPlex3,MCF7,Danusertib (PHA-739358),"Aurora Kinase,Bcr-Abl,c-RET,FGFR",120,0.054622821509838104,0.06561499445965568,2,1.0983081484835555,1.0970103372555382,1.055862189621683,1.0555079037398212,0.054622821509838104,0.1761082261800766,0.07229612022638321,0.04707067087292671,0.07130653411149979,0.03489933907985687,0.054622821509838104,,
SciPlex3,MCF7,PHA-680632,Aurora Kinase,120,0.04588776081800461,0.04111141355735385,2,0.9730693591349411,0.943412531973669,0.9392615209118205,0.9335118929265995,0.04588776081800461,0.11239422857761383,0.05117311701178551,0.017202263697981834,0.05117311701178551,0.023640410974621773,0.04588775709271431,,
SciPlex3,MCF7,Sorafenib Tosylate,"PDGFR,Raf,VEGFR",120,0.032727282494306564,0.041363501338875217,2,0.9289472013256308,0.8910842297353732,0.8758497169282151,0.89405368270039,0.032727282494306564,0.13190723955631256,0.043769918382167816,0.01683981344103813,0.0432174988090992,0.015243186615407467,0.032727282494306564,,
SciPlex3,MCF7,Entinostat (MS-275),HDAC,120,0.03389338031411171,0.035373412589755064,2,0.9800596465827365,0.9298593282998677,0.9379933324598575,0.9404778477089373,0.03389338031411171,0.1377389281988144,0.041080258786678314,0.016371915116906166,0.03905455395579338,,0.03389338031411171,0.01792818307876587,
SciPlex3,MCF7,AZD1480,JAK,120,0.06940538436174393,0.05137940360383456,3,0.9380969662187155,0.9803687411329509,0.9853462999506544,0.9657633553972982,0.06940538436174393,0.19543243944644928,0.09115369617938995,0.0362333208322525,0.07240099459886551,,0.06940538436174393,0.019806047901511192,
SciPlex3,MCF7,AT9283,"Aurora Kinase,Bcr-Abl,JAK",120,0.0402909517288208,0.051201999430482245,3,0.8511197285306302,0.8956013124998599,0.8829894911775256,0.877712252471925,0.0402909517288208,0.1458938866853714,0.055711779743433,0.03209014609456062,0.055711779743433,0.0357448011636734,0.0402909517288208,,
SciPlex3,MCF7,Navitoclax (ABT-263),Bcl-2,120,0.05016426369547844,0.046186347884636686,2,1.121690519425238,1.0879538171665981,1.070063355161249,1.1042436907949185,0.05016426369547844,0.16504798829555511,0.07069280743598938,0.04540550336241722,0.2586755156517029,0.008575927466154099,0.05016426369547844,,
SciPlex3,MCF7,"Patupilone (EPO906, Epothilone B)",Microtubule Associated,120,0.05626240745186806,0.06177716580989511,2,0.9563746562790545,0.965474007452757,0.9377219110090653,0.9829270198379803,0.05626240745186806,0.18200702965259552,0.07588646560907364,0.04918705299496651,0.07462643086910248,,0.05626240745186806,0.04146449640393257,
SciPlex3,MCF7,Nilotinib (AMN-107),Bcr-Abl,120,0.034875351935625076,0.04150605843003054,2,0.9480677800460082,0.951468313585984,0.8885380444157427,0.9216966396976201,0.034875351935625076,0.13365627825260162,0.04683757573366165,0.0438627190887928,0.05972065031528473,0.030560782179236412,0.034875351935625076,,
SciPlex3,MCF7,AR-42,HDAC,120,0.03374924510717392,0.043069926734087376,2,0.9473614901790022,0.9354874851117803,0.9540404128784914,0.9186962414313538,0.03374924510717392,0.1256544440984726,0.047750696539878845,0.03284507244825363,0.047750696539878845,0.023097416386008263,0.03374924883246422,,
SciPlex3,MCF7,PFI-1 (PF-6405761),Epigenetic Reader Domain,120,0.02163914032280445,0.03019367382865373,2,0.8232163941588269,0.8186241978059456,0.7905088007111409,0.7915994432148725,0.02163914032280445,0.10160499066114426,0.032731372863054276,0.011792446486651897,0.0313151478767395,,0.021639136597514153,,0.002354218391701579
SciPlex3,MCF7,Decitabine,DNA Methyltransferase,120,0.04199293628334999,0.04925120208114898,2,0.9181600746876004,0.9081952368776331,0.8517743927777648,0.9262847691658358,0.04199293628334999,0.13796475529670715,0.05722622200846672,0.03094124048948288,0.05343325808644295,,0.04199293628334999,0.026991475373506546,
SciPlex3,MCF7,Triamcinolone Acetonide,Glucocorticoid Receptor,120,0.03153304010629654,0.040443766512957724,2,0.9567147595780234,0.9492252510427335,0.9198921995209233,0.9172106740012342,0.03153304010629654,0.1346188485622406,0.04605560377240181,0.00663162162527442,0.00979589018970728,0.017820369452238083,0.03153303638100624,,
SciPlex3,MCF7,Vandetanib (ZD6474),VEGFR,120,0.07150720059871674,0.062363890245219995,2,1.0023077187193472,1.0016979221873914,0.9630009953593852,0.9623676251498345,0.07150720059871674,0.19503885507583618,0.08840513229370117,0.0670006275177002,0.08840513229370117,0.034398723393678665,0.07150720059871674,,
SciPlex3,MCF7,MC1568,HDAC,120,0.03647390753030777,0.04613711816857269,2,0.9340669594238857,0.9100695667654772,0.8966165664186843,0.8719397968341305,0.03647390753030777,0.13826633989810944,0.04913051426410675,-0.011371193453669548,0.023326881229877472,0.018741412088274956,0.03647390753030777,,
SciPlex3,MCF7,Ruxolitinib (INCB018424),JAK,120,0.047300953418016434,0.05488872639246628,2,0.9853184514959832,0.9631143138602702,0.9112409143556057,0.9436364475065258,0.047300953418016434,0.16061726212501526,0.06357255578041077,0.042971547693014145,0.06441958248615265,0.02837676927447319,0.047300953418016434,,
SciPlex3,MCF7,CUDC-101,"EGFR,HDAC,HER2",120,0.06827113777399063,0.07384864105558643,2,0.9436340440308353,0.9166197717330515,0.9094874172726826,0.9124117430858281,0.06827113777399063,0.20907261967658997,0.09433562308549881,0.06032389774918556,0.09433562308549881,0.04448584094643593,0.06827114522457123,,
SciPlex3,MCF7,JNJ-26854165 (Serdemetan),"E3 Ligase ,p53",120,0.03572837635874748,0.04304222468130181,3,0.8657662959850949,0.8827409365570738,0.8806053532080345,0.8806568006626438,0.03572837635874748,0.12957635521888733,0.0409277118742466,0.033635031431913376,0.04726659879088402,0.03292910009622574,0.035728372633457184,,
SciPlex3,MCF7,Entacapone,Histone Methyltransferase,120,0.04564996808767319,0.05499283911990646,2,0.9114056151872134,0.8781794149772573,0.8641334711910815,0.8697162332927775,0.04564996808767319,0.14867819845676422,0.062017638236284256,0.012556982226669788,-1.0,0.030484072864055634,0.04564996436238289,,
SciPlex3,MCF7,BRD4770,Histone Methyltransferase,120,0.035093195736408234,0.04475647199792575,2,1.0058506211126037,0.9842918551420876,0.9511800596329643,0.956311257960202,0.035093195736408234,0.1249043270945549,0.04670417308807373,0.028216537088155746,0.03756600245833397,0.029788918793201447,0.035093195736408234,,
SciPlex3,MCF7,TMP195,HDAC,120,0.043623194098472595,0.053758012844167126,2,0.8332789875235793,0.8483111741475415,0.8181338955291384,0.8120200217412936,0.043623194098472595,0.15197528898715973,0.058563102036714554,0.08073638379573822,0.05718310549855232,0.030645709484815598,0.0436231903731823,,
SciPlex3,MCF7,"Roscovitine (Seliciclib,CYC202)",CDK,120,0.029809726402163506,0.03825490915449878,2,0.8653149953764725,0.8726804469658731,0.8135249156589293,0.8123793398723436,0.029809726402163506,0.11672670394182205,0.04270481690764427,0.024291042238473892,0.04270481690764427,,0.029809726402163506,,0.01611696369946003
SciPlex3,MCF7,MK-5108 (VX-689),Aurora Kinase,120,0.05945040285587311,0.060617972889534744,2,0.8767704940456973,0.8497135546213119,0.8382295054021753,0.8279586026782333,0.05945040285587311,0.16716407239437103,0.0781562402844429,0.05252262204885483,0.07993808388710022,0.05493609234690666,0.05945040285587311,,
SciPlex3,MCF7,TGX-221,PI3K,120,0.05247979238629341,0.06147548920890182,2,0.8992659804441736,0.8992078670167132,0.8614551184309569,0.8534141822396322,0.05247979238629341,0.16577571630477905,0.07492905110120773,0.036920834332704544,0.07413056492805481,0.05276167020201683,0.05247979238629341,,
SciPlex3,MCF7,GSK1070916,Aurora Kinase,120,0.03201530873775482,0.03980294463201544,2,1.024072601640455,1.024670917971692,0.9835460187852867,0.9425010340426763,0.03201530873775482,0.12305652350187302,0.043388865888118744,0.028103996068239212,0.044756099581718445,,0.03201530873775482,,0.026644153520464897
SciPlex3,MCF7,Momelotinib (CYT387),JAK,120,0.04611365124583244,0.04826843631898199,2,0.925267370914101,0.899651687326827,0.8812509118212297,0.8915323150987753,0.04611365124583244,0.13942979276180267,0.05248534679412842,0.047689422965049744,0.024481240659952164,0.034201230853796005,0.04611365124583244,,
SciPlex3,MCF7,JNJ-7706621,"Aurora Kinase,CDK",120,0.05299718305468559,0.060929328959175515,2,0.9523980948069237,0.9322426551592766,0.9109090702875111,0.9336761334082961,0.05299718305468559,0.16350166499614716,0.06854823976755142,0.17932714521884918,-1.0,,0.05299718677997589,0.02948230504989624,
SciPlex3,MCF7,ENMD-2076,"Aurora Kinase,FLT3,VEGFR",120,0.0370306596159935,0.048648543572838036,2,0.9356913942238805,0.9451102853168756,0.951817230163984,0.947268709260209,0.0370306596159935,0.13444121181964874,0.05039048194885254,0.0202181339263916,0.044892653822898865,0.03895842656493187,0.0370306596159935,,
SciPlex3,MCF7,AC480 (BMS-599626),"EGFR,HER2",120,0.041829582303762436,0.05178026543463129,2,0.9136327602402297,0.8850806402553637,0.8829848917499028,0.8948120863232418,0.041829582303762436,0.13667930662631989,0.05580057576298714,0.07218097150325775,-1.0,0.028001515194773674,0.041829586029052734,,
SciPlex3,MCF7,Capecitabine ,DNA/RNA Synthesis,120,0.03710855543613434,0.04736458844443946,3,0.8873483719042774,0.8962691658479471,0.8505738351096443,0.8863302352792584,0.03710855543613434,0.13839037716388702,0.05389183759689331,0.031572598963975906,0.04747004434466362,0.020304111763834953,0.03710855543613434,,
SciPlex3,MCF7,ENMD-2076 L-(+)-Tartaric acid ,"Aurora Kinase,FLT3,VEGFR",120,0.057692352682352066,0.060602031727374175,2,0.9967177759223187,0.9956966431487437,0.9705201779217809,0.9674021053138269,0.057692352682352066,0.17013521492481232,0.07495275139808655,0.07449515908956528,0.07805455476045609,0.053203605115413666,0.05769234523177147,,
SciPlex3,MCF7,Lenalidomide (CC-5013),TNF-alpha,120,0.04414523392915726,0.052890689291861345,2,0.9868580951895307,0.9548234910234186,0.9463578269929105,0.9506066457290032,0.04414523392915726,0.14941619336605072,0.056681077927351,0.043604813516139984,0.06063412129878998,0.04646416753530502,0.04414523392915726,,
SciPlex3,MCF7,Dacinostat (LAQ824),HDAC,120,0.03212117776274681,0.0409456863891158,2,0.9874047697422927,0.9707977008963535,0.955510806845977,0.9773132619571818,0.03212117776274681,0.12805461883544922,0.04613097012042999,0.05554169416427612,0.08467607945203781,0.019880570471286774,0.03212117776274681,,
SciPlex3,MCF7,RG108,DNA Methyltransferase,120,0.04503069072961807,0.05257404573893996,2,0.8887310829464088,0.8887049775130826,0.863733576501108,0.8519241511204854,0.04503069072961807,0.1426352560520172,0.06220542639493942,0.04397609084844589,-1.0,0.03423396125435829,0.04503069072961807,,
SciPlex3,MCF7,NVP-BSK805 2HCl,JAK,120,0.043264977633953094,0.052174736487571566,2,0.9120703987929755,0.9233352314544199,0.8765800000511774,0.9118152045915924,0.043264977633953094,0.14315764605998993,0.05743288993835449,0.04102354869246483,0.05738384649157524,,0.043264977633953094,0.02041872777044773,
SciPlex3,MCF7,SNS-314,Aurora Kinase,120,0.03244177624583244,0.04179403927526822,2,0.8804869962788064,0.8817759278723205,0.8743335893529149,0.869261997180212,0.03244177624583244,0.12481338530778885,0.04428230598568916,0.054201867431402206,0.07681543380022049,0.022875476628541946,0.03244177624583244,,
SciPlex3,MCF7,AICAR (Acadesine),AMPK,120,0.052228815853595734,0.052031197887585284,2,0.9239730169492351,0.8914625179912345,0.9041914832643023,0.9026410303736174,0.052228815853595734,0.1527085304260254,0.07081322371959686,0.04643535614013672,0.07081322371959686,0.0352100171148777,0.05222881957888603,,
SciPlex3,MCF7,IOX2,HIF,120,0.04222586378455162,0.05169966232098693,2,0.8796756606817233,0.8828882315123963,0.8939885857141494,0.9084773744667203,0.04222586378455162,0.1418970674276352,0.0566137358546257,0.03367655724287033,0.05586829036474228,,0.04222586005926132,0.03178746998310089,
SciPlex3,MCF7,Obatoclax Mesylate (GX15-070),Bcl-2,120,0.035399358719587326,0.04761281815073206,2,0.8560811290154735,0.8700595900151775,0.8896182407465645,0.8936704162751408,0.035399358719587326,0.13484716415405273,0.048737604171037674,0.03634027764201164,0.061890941113233566,0.03651871532201767,0.03539935499429703,,
SciPlex3,MCF7,Andarine,Androgen Receptor,120,0.03617747873067856,0.04500284026826297,2,0.8968082318965394,0.8316496403372664,0.8495945752683305,0.8652611553430773,0.03617747873067856,0.13065002858638763,0.05064589902758598,0.029333772137761116,0.059606727212667465,,0.03617748245596886,,0.024167681112885475
SciPlex3,MCF7,Streptozotocin (STZ),DNA alkylator,120,0.05040549859404564,0.0461327815927493,2,1.0077230585707273,0.9874902246143087,0.9291472438070816,0.9363220713582265,0.05040549859404564,0.1539299041032791,0.06950455158948898,0.026573138311505318,0.05644375458359718,,0.05040550231933594,,0.030351020395755768
SciPlex3,MCF7,Bosutinib (SKI-606),Src,120,0.04557817056775093,0.05448205377205491,2,0.9797779661463615,0.9734251944829815,0.9321495616527713,0.9510534033386637,0.04557817056775093,0.16639108955860138,0.06416021287441254,0.04260812699794769,0.06416021287441254,0.02575734443962574,0.04557817056775093,,
SciPlex3,MCF7,Cediranib (AZD2171),VEGFR,120,0.06122077256441116,0.056935028945931485,2,0.9136845848007358,0.9083383048098952,0.8417005990639908,0.8568564517945969,0.06122077256441116,0.18147097527980804,0.08058714121580124,0.06066267564892769,0.0815144032239914,0.058042097836732864,0.061220768839120865,,
SciPlex3,MCF7,SRT1720 HCl,Sirtuin,120,0.03783372789621353,0.04740083579381544,2,0.8796529905474024,0.8757563195121119,0.8897829208774652,0.9054136060078051,0.03783372789621353,0.13679708540439606,0.049543991684913635,0.02559720352292061,0.04585004597902298,0.02757882885634899,0.03783372417092323,,
SciPlex3,MCF7,Pirarubicin,Topoisomerase,120,0.04149561747908592,0.05319604210580152,3,0.8443836199259707,0.8592408827447677,0.8354598451329291,0.8497414067844726,0.04149561747908592,0.1461181491613388,0.052748821675777435,0.03861444815993309,0.052748821675777435,0.026291513815522194,0.04149561747908592,,
SciPlex3,MCF7,Tofacitinib (CP-690550) Citrate,JAK,120,0.04856274276971817,0.060960524787338044,2,0.8111275307612686,0.7435509114132017,0.7509342144676179,0.7819476893381463,0.04856274276971817,0.16214154660701752,0.06877139955759048,0.09762896597385406,-1.0,,0.04856274276971817,,0.048259615898132324
SciPlex3,MCF7,Veliparib (ABT-888),PARP,120,0.04890736564993858,0.057307392606272455,2,0.9303410487407167,0.8999118082925417,0.8826885838968082,0.8937285863904592,0.04890736564993858,0.1609078347682953,0.06574887782335281,0.06714250147342682,0.10048038512468338,,0.048907361924648285,0.024966325610876083,
SciPlex3,MCF7,KW-2449,"Aurora Kinase,Bcr-Abl,FLT3",120,0.05338454619050026,0.049721554029708695,3,0.8992665272788862,0.9336206425324196,0.9087552670502816,0.8954547467332787,0.05338454619050026,0.14920037984848022,0.06098182871937752,0.02357846312224865,0.04974421113729477,0.02220141887664795,0.05338454619050026,,
SciPlex3,MCF7,WHI-P154,"EGFR,JAK",120,0.046414170414209366,0.053325630944738946,2,0.9130048682735161,0.8925687080271132,0.8612881212528922,0.8945613575308204,0.046414170414209366,0.14762423932552338,0.062323641031980515,0.03798551857471466,0.054926980286836624,,0.046414170414209366,,0.026574114337563515
SciPlex3,MCF7,"Cerdulatinib (PRT062070, PRT2070)",JAK,120,0.039970144629478455,0.049345878011541326,3,0.9066735465919642,0.933116189180712,0.8899954937552508,0.9278169160478882,0.039970144629478455,0.13675442337989807,0.054625868797302246,0.03639654442667961,0.05410868301987648,,0.039970144629478455,0.023531893268227577,
SciPlex3,MCF7,Pracinostat (SB939),HDAC,120,0.020942045375704765,0.03170856235747941,3,0.8210105776849748,0.8406822538084171,0.8182073818170146,0.8224277722185445,0.020942045375704765,0.10560986399650574,0.032858606427907944,0.034275565296411514,0.05590403079986572,,0.020942049100995064,0.008678211830556393,
SciPlex3,MCF7,Cyclocytidine HCl,DNA/RNA Synthesis,120,0.042937420308589935,0.05188950453746932,2,0.9067695472362569,0.8962478757590251,0.9127661259025555,0.9350093097992715,0.042937420308589935,0.14762766659259796,0.05965002253651619,0.033865492790937424,0.05965002253651619,0.028930269181728363,0.042937424033880234,,
SciPlex3,MCF7,Sirtinol,Sirtuin,120,0.03248293325304985,0.04265380281556419,3,0.8793255304296803,0.9161634179313491,0.8831852222443004,0.9033117003465225,0.03248293325304985,0.12043829262256622,0.06413862109184265,-0.008151624351739883,0.06413862109184265,0.02849818393588066,0.03248293697834015,,
SciPlex3,MCF7,AG-14361,PARP,120,0.03175189718604088,0.04585222826981486,2,0.8420771686044706,0.8412127631659896,0.8182316551572857,0.8174691212655159,0.03175189718604088,0.12367912381887436,0.04349808022379875,0.02326894737780094,0.04349808022379875,0.02682340517640114,0.03175190091133118,,
SciPlex3,MCF7,Valproic acid sodium salt (Sodium valproate),"GABA Receptor,HDAC,Autophagy",120,0.041858818382024765,0.046845265757607946,3,0.932924163803893,0.9537008688890598,0.9501535053983527,0.9072878190845444,0.041858818382024765,0.13964565098285675,0.05742674693465233,0.03617922589182854,0.05433854088187218,0.024732062593102455,0.04185882583260536,,
SciPlex3,MCF7,PF-3845,FAAH,120,0.046630024909973145,0.052528297629582596,2,0.828323876644685,0.8172574558557866,0.7980986147175848,0.8062990251298618,0.046630024909973145,0.14111894369125366,0.0640551820397377,0.05178521201014519,0.058485593646764755,0.018320584669709206,0.046630024909973145,,
SciPlex3,MCF7,Thalidomide,"E3 Ligase ,TNF-alpha",120,0.047311101108789444,0.05077003780686505,2,0.8952957577210032,0.8772358907973139,0.8754052458117982,0.871017192510525,0.047311101108789444,0.14101693034172058,0.06314214318990707,0.04349873960018158,0.062179166823625565,,0.047311101108789444,0.028237903490662575,
SciPlex3,MCF7,Alendronate sodium trihydrate,Others,120,0.05392007157206535,0.0555888187442953,2,0.9523417083103833,0.9174910128955815,0.9142374778142806,0.9086317010408589,0.05392007157206535,0.16834263503551483,0.06914552301168442,0.049091365188360214,0.08676040917634964,0.04988081008195877,0.053920067846775055,,
SciPlex3,MCF7,Ofloxacin,Topoisomerase,120,0.035747312009334564,0.046305268539562766,2,0.8324607392497576,0.8017619304312227,0.8089692159203015,0.7988276872892133,0.035747312009334564,0.13694772124290466,0.05138256400823593,0.04621017724275589,0.05007833242416382,0.03381119295954704,0.035747312009334564,,
SciPlex3,MCF7,Tazemetostat (EPZ-6438),Histone Methyltransferase,120,0.04295540601015091,0.05218391967060263,2,0.8113639371774504,0.785773445813069,0.7997531619993126,0.8170448099967142,0.04295540601015091,0.143326535820961,0.05662169307470322,-0.023374129086732864,0.08418533951044083,0.04212640970945358,0.04295540601015091,,
SciPlex3,MCF7,"Tozasertib (VX-680, MK-0457)",Aurora Kinase,120,0.03884727880358696,0.05028048749558306,2,0.9605349091411064,0.9289172594673722,0.8589547696584834,0.9012536945247849,0.03884727880358696,0.13770508766174316,0.056586503982543945,0.03364309296011925,0.021890679374337196,,0.03884727880358696,0.0367593951523304,
SciPlex3,MCF7,Resminostat,HDAC,120,0.03659430518746376,0.04090281084235312,2,0.9677297111680563,0.9606886709617655,0.9319379585226386,0.9314455413035141,0.03659430518746376,0.13841506838798523,0.05009286105632782,0.016074223443865776,0.05009286105632782,0.023129431530833244,0.03659430518746376,,
SciPlex3,MCF7,Pelitinib (EKB-569),EGFR,120,0.05285483971238136,0.04732996997866035,2,1.0640624752251302,1.0100154684477438,0.9919981161793103,0.9815200465052101,0.05285483971238136,0.1525679975748062,0.06145600229501724,0.048600539565086365,0.06597183644771576,,0.05285483971238136,,0.025531265884637833
SciPlex3,MCF7,CUDC-907,"HDAC,PI3K",120,0.05597131699323654,0.060346808629835394,2,0.9481165994225798,0.9581748785541215,0.9243357031017059,0.9666776235172581,0.05597131699323654,0.19262033700942993,0.0746062621474266,0.035364095121622086,0.06574629992246628,0.041853222995996475,0.05597131699323654,,
SciPlex3,MCF7,SB431542,TGF-beta/Smad,120,0.043511874973773956,0.05228548313671243,3,0.9034328188858556,0.9497831605844897,0.9078314625555954,0.9381297113662974,0.043511874973773956,0.15330804884433746,0.06062954664230347,0.03731029853224754,0.05913359299302101,0.04295821860432625,0.043511874973773956,,
SciPlex3,MCF7,PF-573228,FAK,120,0.045500095933675766,0.055350504836472456,2,1.0282587189777992,0.9983951326873299,0.9734077419534071,0.9840163832523405,0.045500095933675766,0.15577253699302673,0.06172952428460121,0.031011061742901802,0.054901182651519775,0.03416848182678223,0.045500095933675766,,
SciPlex3,MCF7,Maraviroc,CCR,120,0.0442374087870121,0.05335007409143499,2,1.0374406495281185,0.9872781733955875,0.9877981097658335,0.9529506797772989,0.0442374087870121,0.15439757704734802,0.056315913796424866,0.028919553384184837,0.05878425016999245,0.040642380714416504,0.044237397611141205,,
Frangieh,Jurkat,ACTA2,KO,300,0.09057585150003433,0.08217788860283588,5,1.2516837737024709,1.3563050869565298,1.375694103066147,1.4032545708665083,0.09057585150003433,0.23206156492233276,0.1211690753698349,0.07163252681493759,0.14007633924484253,0.09694500267505646,0.09057585150003433,,
Frangieh,Jurkat,B2M,KO,300,0.09127908200025558,0.08816307987623237,4,1.2521312577361687,1.376389886458636,1.3894711042386252,1.3904991409417011,0.09127908200025558,0.21474899351596832,0.13419277966022491,0.034114737063646317,0.1345273107290268,0.11006622016429901,0.09127908200025558,,
Frangieh,Jurkat,A2M,KO,300,0.08151239901781082,0.08411180659858296,4,1.1120551375012102,1.2253929195702806,1.238845757477753,1.2409854901461301,0.08151239901781082,0.21541941165924072,0.12735611200332642,0.05654347687959671,0.1017923578619957,0.09388823062181473,0.08151239901781082,,
Frangieh,Jurkat,AEBP1,KO,300,0.09059026092290878,0.09011017382729859,4,1.3535307552729936,1.4510834943166557,1.4678072244615201,1.4583859076795633,0.09059026092290878,0.2317022979259491,0.14011891186237335,0.09079963713884354,0.14011891186237335,0.0983007475733757,0.09059026092290878,,
Frangieh,Jurkat,CD59,KO,300,0.08788774907588959,0.08336922877947162,3,1.180690823054185,1.2962213697019536,1.2920732495507714,1.3035767317127274,0.08788774907588959,0.22178268432617188,0.12291445583105087,0.07277040183544159,0.12291445583105087,0.10106740146875381,0.08788774907588959,,
Frangieh,Jurkat,CD274,KO,300,0.08515316247940063,0.08580881520735162,3,1.1700079484892854,1.2976969903870543,1.2978417570254575,1.3221733349853046,0.08515316247940063,0.2138635516166687,0.12846872210502625,0.06363638490438461,0.12846872210502625,0.10549353063106537,0.08515316247940063,,
Frangieh,Jurkat,CTSD,KO,300,0.0801142007112503,0.08344117542678776,5,1.2780502263145461,1.361441357387866,1.3833999603174352,1.39453744323977,0.0801142007112503,0.21451126039028168,0.12837180495262146,0.03530379757285118,0.12837180495262146,0.09493649750947952,0.0801142007112503,,
Frangieh,Jurkat,IFNGR2,KO,300,0.058682478964328766,0.06821821275571084,2,1.2812084289880197,1.2606307536943007,1.3034931641330214,1.328104821790884,0.058682478964328766,0.17616432905197144,0.09415239095687866,0.06267450004816055,0.08794476836919785,,0.058682478964328766,,0.04542219638824463
Frangieh,Jurkat,CSPG4,KO,300,0.08860956132411957,0.08715485772150987,5,1.2237497301250713,1.2688055142267736,1.3496682370047939,1.358095561424923,0.08860956132411957,0.20726710557937622,0.1318204253911972,0.038084957748651505,0.1318204253911972,0.10460230708122253,0.08860956132411957,,
Frangieh,Jurkat,CD44,KO,300,0.0927451103925705,0.09350650167403418,2,1.3417390842287436,1.3426117114472955,1.3400747345654587,1.3722995315631312,0.0927451103925705,0.24250192940235138,0.14047494530677795,0.04395309463143349,0.14047494530677795,0.10296750068664551,0.09274511784315109,,
Frangieh,Jurkat,FGFR1,KO,300,0.09077823907136917,0.08982810231880028,5,1.2949994439415473,1.3813627477946895,1.4449395918786028,1.459827556066255,0.09077823907136917,0.22581909596920013,0.13911931216716766,0.08826349675655365,0.13911931216716766,0.09439826011657715,0.09077823907136917,,
Frangieh,Jurkat,CDH19,KO,300,0.08937997370958328,0.09375574080944098,5,1.1102252942436017,1.1501322417057107,1.2047936124045222,1.2444291310523568,0.08937997370958328,0.23085454106330872,0.13762855529785156,0.07038705050945282,0.13787485659122467,0.10581408441066742,0.08937997370958328,,
Frangieh,Jurkat,CD58,KO,300,0.07804125547409058,0.08441264092326735,5,1.248322266746598,1.3116672787628598,1.340813464821892,1.398659442693324,0.07804125547409058,0.21001650393009186,0.12240149080753326,0.07704057544469833,0.12227538973093033,0.10192807018756866,0.07804125547409058,,
Frangieh,Jurkat,APOC2,KO,300,0.08487310260534286,0.0883183656599955,5,1.1993450326824853,1.2953258940261598,1.3083224344747535,1.321941590412015,0.08487310260534286,0.2228671759366989,0.13177932798862457,0.04265623167157173,0.12838385999202728,0.0964074358344078,0.08487310260534286,,
Frangieh,Jurkat,APOE,KO,300,0.09278696775436401,0.09171061162320607,3,1.155221413398536,1.2859889038804226,1.2900240865944888,1.3184545430509758,0.09278696775436401,0.23205198347568512,0.14242790639400482,0.0491400845348835,0.14242790639400482,0.1074523776769638,0.09278696775436401,,
Frangieh,Jurkat,C19orf48,KO,300,0.07603521645069122,0.08107168267322813,3,1.321227782939987,1.4287222313704788,1.4346640408734483,1.4690734831009777,0.07603521645069122,0.22700035572052002,0.14673559367656708,0.037139490246772766,0.11479794979095459,0.10168713331222534,0.07603521645069122,,
Frangieh,Jurkat,ATP1B1,KO,300,0.08591518551111221,0.08375766954256081,3,1.3117730798380798,1.415800424905619,1.4173908027368771,1.443175058940751,0.08591518551111221,0.2107081562280655,0.12888652086257935,0.03331538662314415,0.12865735590457916,0.09996733069419861,0.08591519296169281,,
Frangieh,Jurkat,JAK2,KO,300,0.05960860103368759,0.06779764034213966,2,1.2296576263279526,1.2389692810707604,1.2800433965968594,1.3084281864464167,0.05960860103368759,0.1675087958574295,0.0933181494474411,0.0655178353190422,0.10850922763347626,0.06867583096027374,0.05960860103368759,,
Frangieh,Jurkat,AGA,KO,300,0.09285514801740646,0.09647937842136123,3,1.2311829843179627,1.3273154236142446,1.3120965895725476,1.3202015445937239,0.09285514801740646,0.23101305961608887,0.1417681872844696,0.09289266914129257,0.1417681872844696,0.10938087105751038,0.09285514801740646,,
Frangieh,Jurkat,APOD,KO,300,0.09086117148399353,0.08925150623758624,5,1.17425816302792,1.2800249904947822,1.2946110015887626,1.3033092237555728,0.09086117148399353,0.21634893119335175,0.13376080989837646,0.06855343282222748,0.11354222893714905,0.10735069215297699,0.09086117893457413,,
Frangieh,Jurkat,CITED1,KO,300,0.09160465002059937,0.09671535609754812,2,1.255811746773949,1.2522918334217685,1.3621969055616052,1.353993671855843,0.09160465002059937,0.23869146406650543,0.1427745521068573,0.0780656710267067,0.1427745521068573,0.10907657444477081,0.09160465002059937,,
Frangieh,Jurkat,CTSB,KO,300,0.08533596992492676,0.0881008323022302,3,1.253394866338395,1.358261774247877,1.3628700642548797,1.387067252601133,0.08533596992492676,0.21584168076515198,0.1294388473033905,0.033536750823259354,0.10085264593362808,0.09407622367143631,0.08533596992492676,,
Frangieh,Jurkat,AHNAK,KO,300,0.08862164616584778,0.08989390137259973,3,1.3014870188717769,1.401119775004739,1.3937465617548437,1.4238903612916385,0.08862164616584778,0.22298184037208557,0.13448604941368103,0.06896022707223892,0.1277676373720169,0.10012581944465637,0.08862165361642838,,
Frangieh,Jurkat,CTSO,KO,300,0.0983390063047409,0.09353570394059625,3,1.1408936925330355,1.2958415740312699,1.294324758296348,1.3169639103833202,0.0983390063047409,0.23822972178459167,0.14870139956474304,0.041342053562402725,0.13017496466636658,0.10735911130905151,0.0983390063047409,,
Frangieh,Jurkat,CDKN1A,KO,300,0.07743404060602188,0.08173661744507185,3,1.2677170527729231,1.3772486460272138,1.382600151480963,1.3694749516511262,0.07743404060602188,0.21109670400619507,0.120522640645504,0.03600139543414116,0.11159634590148926,0.10181606560945511,0.07743404060602188,,
Frangieh,Jurkat,FSTL3,KO,300,0.0672946646809578,0.08086885586671556,3,1.1999451676813226,1.3157518426100445,1.3195561536971603,1.3231325316334779,0.0672946646809578,0.2267923504114151,0.10813463479280472,0.022621870040893555,0.10792990028858185,0.10263298451900482,0.0672946646809578,,
Frangieh,Jurkat,FBXO32,KO,300,0.08153179287910461,0.08553124287431126,3,1.208276189715857,1.346054793030481,1.337944343007928,1.3503924043623137,0.08153179287910461,0.2212447077035904,0.12792816758155823,0.23664791882038116,-1.0,0.10963422060012817,0.08153179287910461,,
Frangieh,Jurkat,CD47,KO,300,0.08247145265340805,0.08458861287794271,3,1.1245430370530531,1.2285448547825126,1.1736453580888337,1.252244872486079,0.08247145265340805,0.21547317504882812,0.1292230486869812,0.03878425806760788,0.12906916439533234,0.0986018106341362,0.08247145265340805,,
Frangieh,Jurkat,HLA-DRB5,KO,300,0.09217233955860138,0.09005611342001643,3,1.1381078095731745,1.2452983085900478,1.2422617289659499,1.2492029327268632,0.09217233955860138,0.2167099565267563,0.1363370716571808,0.037377044558525085,0.1359492689371109,0.10441760718822479,0.09217233955860138,,
Frangieh,Jurkat,JAK1,KO,300,0.0647374838590622,0.06971988629218075,4,1.2541875433369434,1.260117436850905,1.2818508510217832,1.2843560310541235,0.0647374838590622,0.17811119556427002,0.10321158170700073,0.057631950825452805,0.10294842720031738,,0.0647374764084816,0.04802597686648369,
Frangieh,Jurkat,CHCHD2,KO,300,0.0910450890660286,0.08958669636889842,3,1.225412142888283,1.3343081424571412,1.3315175833504735,1.3575232070573762,0.0910450890660286,0.2209007292985916,0.1390981376171112,0.04543875530362129,0.11086568236351013,0.10538884997367859,0.0910450890660286,,
Frangieh,Jurkat,FMN1,KO,300,0.0931110754609108,0.09362907272038055,3,1.2785434611441406,1.3988716617775285,1.4044469605807741,1.3942260839704925,0.0931110754609108,0.2249923199415207,0.13659368455410004,0.09301409125328064,0.13659368455410004,0.10579222440719604,0.0931110754609108,,
Frangieh,Jurkat,CCND2,KO,300,0.08716088533401489,0.08726770738182707,3,1.2737050794735758,1.373526587556169,1.354633295345046,1.3835546564708956,0.08716088533401489,0.22187110781669617,0.1335851103067398,0.03469755873084068,0.10091900825500488,0.10019617527723312,0.0871608778834343,,
Frangieh,Jurkat,C6orf226,KO,300,0.09520301967859268,0.09009870478576607,2,1.3562086774327575,1.3455166648749142,1.4763200706694874,1.4978909711938382,0.09520301967859268,0.23437190055847168,0.14464539289474487,0.06073726713657379,0.14509448409080505,0.10270937532186508,0.09520301967859268,,
Frangieh,Jurkat,CD151,KO,300,0.08704200387001038,0.08671231374587123,2,1.2924458432472665,1.297038291235312,1.3014448333515105,1.414475144317052,0.08704200387001038,0.22231556475162506,0.13558329641819,0.025068258866667747,0.12945078313350677,0.10318436473608017,0.08704200387001038,,
Frangieh,Jurkat,CMSS1,KO,300,0.0865597054362297,0.08650731164088861,3,1.1574186853262738,1.2679841455007708,1.268868636364898,1.2961834646078625,0.0865597054362297,0.21884053945541382,0.13330765068531036,0.07872235774993896,0.13364657759666443,0.10416137427091599,0.0865597054362297,,
Frangieh,Jurkat,CCR10,KO,300,0.08641895651817322,0.08959204520200692,5,1.2156951995473442,1.2993003849683813,1.327275852691427,1.3398224712199465,0.08641895651817322,0.22958475351333618,0.13404782116413116,0.04023118317127228,0.128384530544281,0.09736783057451248,0.08641895651817322,,
Frangieh,Jurkat,MFGE8,KO,300,0.08833356201648712,0.07992454129707391,3,1.3254486913558043,1.4158339781408866,1.4164754048623163,1.4487681909407506,0.08833356201648712,0.22343015670776367,0.1374860554933548,0.032898690551519394,0.09932176768779755,0.08569490164518356,0.08833356201648712,,
Frangieh,Jurkat,CDKN2B,KO,300,0.07855958491563797,0.08158018491742329,4,1.3008410019670258,1.4061407427756603,1.4199665241464885,1.402797384488819,0.07855958491563797,0.19398562610149384,0.12412060797214508,0.03832770138978958,0.09867247194051743,0.09091876447200775,0.07855958491563797,,
Frangieh,Jurkat,HLA-A,KO,300,0.08399627357721329,0.08103933183910611,5,1.255939953394213,1.2629928970528699,1.3500782577028296,1.3680020175137813,0.08399627357721329,0.2053215354681015,0.12584543228149414,0.09939257055521011,0.11436554044485092,,0.08399627357721329,0.0974196195602417,
Frangieh,Jurkat,BZW2,KO,300,0.08396441489458084,0.09047320825468019,4,1.2578490926951318,1.3905960270336841,1.405833923175818,1.4126557155595716,0.08396441489458084,0.2208639532327652,0.13117803633213043,0.08730532974004745,0.14051590859889984,0.1135668158531189,0.08396441489458084,,
Frangieh,Jurkat,IDH2,KO,300,0.0891832634806633,0.08387781722872392,3,1.2118283558136884,1.3227655055593353,1.3201633725576762,1.3127257404400599,0.0891832634806633,0.22397390007972717,0.1385992467403412,0.04877656698226929,0.11582730710506439,0.10396424680948257,0.0891832634806633,,
Frangieh,Jurkat,CKS1B,KO,300,0.09194287657737732,0.09208089404691075,3,1.147541520591762,1.242121003340083,1.233745725926763,1.2643175784500666,0.09194287657737732,0.2235843986272812,0.13856135308742523,0.045054640620946884,0.1387680023908615,0.10331311076879501,0.09194286912679672,,
Frangieh,Jurkat,GSN,KO,300,0.08298811316490173,0.08231516681317375,3,1.290857494233892,1.4065202285220941,1.4169132606995483,1.4420877178987954,0.08298811316490173,0.19372929632663727,0.12274768948554993,0.049005940556526184,0.11086433380842209,0.09924919158220291,0.08298811316490173,,
Frangieh,Jurkat,CTSA,KO,300,0.08420879393815994,0.09088085586157855,5,1.2051108097376684,1.2216205260781496,1.3132119529106614,1.3177054215840371,0.08420879393815994,0.2216794341802597,0.13039323687553406,0.044808730483055115,0.13039323687553406,0.10725491493940353,0.08420879393815994,,
Frangieh,Jurkat,CYP27A1,KO,300,0.09552804380655289,0.09781338603564856,4,1.1481651280968617,1.2433839534579842,1.2533710852044582,1.2367799314932952,0.09552804380655289,0.23341743648052216,0.143845796585083,0.07958842068910599,0.1439262330532074,0.10950106382369995,0.09552804380655289,,
Frangieh,Jurkat,EMP1,KO,300,0.08031286299228668,0.08104276366956902,5,1.284956954480613,1.3762007745029443,1.4118754531158828,1.4369324336309717,0.08031286299228668,0.2073988914489746,0.1233275979757309,0.03573441132903099,0.12349460273981094,0.09553398191928864,0.08031286299228668,,
Frangieh,Jurkat,CTSL,KO,300,0.08201901614665985,0.09075242020897353,3,1.1520619694188898,1.2614285912543775,1.2498257542131608,1.2657025866216127,0.08201901614665985,0.21808385848999023,0.12893733382225037,0.08565649390220642,0.13240265846252441,0.11171698570251465,0.08201901614665985,,
Frangieh,Jurkat,JMJD7,KO,300,0.08955071866512299,0.08776599656386375,4,1.1503955834019735,1.2713872495048975,1.288970986954853,1.2899550109904432,0.08955071866512299,0.2037321925163269,0.13194657862186432,0.04318588972091675,0.11754173040390015,0.10425722599029541,0.08955071866512299,,
Frangieh,Jurkat,ARMC6,KO,300,0.08381962776184082,0.08363113967789447,3,1.2974708545577762,1.3953248487557737,1.4092477010945341,1.42773113461865,0.08381962776184082,0.21302694082260132,0.12756142020225525,0.047324854880571365,0.10059397667646408,0.09868967533111572,0.08381962776184082,,
Frangieh,Jurkat,IFNGR1,KO,300,0.05514710769057274,0.06648897976185164,2,1.2299803815113073,1.2364978612122624,1.253464412547748,1.2750588859935252,0.05514710769057274,0.17129196226596832,0.0926937386393547,0.06331823021173477,0.0876685231924057,,0.055147115141153336,,0.05309004709124565
Frangieh,Jurkat,DLL3,KO,300,0.08754590898752213,0.08798094921024355,4,1.1470878879378041,1.2450785891189913,1.2629400395900063,1.2599906623818615,0.08754590898752213,0.21678711473941803,0.13311123847961426,0.08683683723211288,0.13311123847961426,0.09956493228673935,0.08754590898752213,,
Frangieh,Jurkat,NT5E,KO,300,0.08468311280012131,0.0820771111212994,3,1.3721175726921064,1.472041643614336,1.4714573905459627,1.4783292809568085,0.08468311280012131,0.22082898020744324,0.13248850405216217,0.08501674979925156,0.1361677348613739,0.09826172143220901,0.08468311280012131,,
Frangieh,Jurkat,CORO1A,KO,300,0.08293969184160233,0.08433312214217209,4,1.1972540776792115,1.3071222175090593,1.3419833034348159,1.337557073167769,0.08293969184160233,0.22026266157627106,0.12451083213090897,0.03953985124826431,0.10797973722219467,0.10155242681503296,0.08293969184160233,,
Frangieh,Jurkat,GAA,KO,300,0.08651413023471832,0.08050314019354148,5,1.236016979945525,1.2931651728487452,1.3533870908913244,1.3679897957982483,0.08651413023471832,0.19739291071891785,0.1256631463766098,0.036336831748485565,0.1232246533036232,0.10011526942253113,0.08651413023471832,,
Frangieh,Jurkat,DDR1,KO,300,0.08118829876184464,0.08208168180469906,3,1.2065373570299371,1.3469154755396762,1.3430911926862077,1.3126368172156884,0.08118829876184464,0.20543302595615387,0.12318947166204453,0.048684149980545044,0.13624346256256104,0.1000746563076973,0.08118829876184464,,
Frangieh,Jurkat,CDKN2A,KO,300,0.08687340468168259,0.08769747100983934,4,1.1903694767979083,1.2199494227493428,1.3124244124626951,1.296592988529877,0.08687340468168259,0.217658132314682,0.1310104876756668,0.03328355401754379,0.13158269226551056,0.09827279299497604,0.08687340468168259,,
Frangieh,Jurkat,HLA-F,KO,300,0.0879247635602951,0.0834159259660897,5,1.3428406939926703,1.4332034602986123,1.4403591987393334,1.4585320963476622,0.0879247635602951,0.22254914045333862,0.13654641807079315,0.03907306119799614,0.09880261868238449,0.08762185275554657,0.0879247635602951,,
Frangieh,Jurkat,LCP1,KO,300,0.08440039306879044,0.08733285191498136,2,1.118412732154754,1.0987231456727073,1.2207146353044873,1.2162163585698114,0.08440039306879044,0.20596672594547272,0.1260732114315033,0.03488970920443535,0.1123485341668129,0.10102205723524094,0.08440039306879044,,
Frangieh,Jurkat,GAS5,KO,300,0.07793702185153961,0.07902873200237123,4,1.1596320313850708,1.2817286073913987,1.3057868795263996,1.3135334627674133,0.07793702185153961,0.19840174913406372,0.11784394830465317,0.034697115421295166,0.11775925010442734,0.09411333501338959,0.07793702185153961,,
Frangieh,Jurkat,CD63,KO,300,0.08361361175775528,0.08857994411441054,3,1.2174581285222104,1.3621402318072242,1.3502986771837886,1.3626983871155751,0.08361361175775528,0.2300548255443573,0.13132955133914948,0.047980211675167084,0.13132955133914948,0.11316344887018204,0.08361361175775528,,
Frangieh,Jurkat,LEF1-AS1,KO,300,0.08507904410362244,0.08332759967102477,3,1.0735694486764054,1.1827603986525688,1.1716481643442762,1.1853387254322172,0.08507904410362244,0.2055899202823639,0.12690439820289612,0.03452346473932266,0.1265699565410614,0.10272921621799469,0.08507904410362244,,
Frangieh,Jurkat,SLC22A18,KO,300,0.08966366201639175,0.08890419288053857,5,1.1917542649146196,1.2769443114988341,1.3293452753881905,1.3654187867648737,0.08966366201639175,0.22144131362438202,0.13391202688217163,0.04862004518508911,0.13270224630832672,0.10498105734586716,0.08966366201639175,,
Frangieh,Jurkat,HLA-H,KO,300,0.08728421479463577,0.08974159627967933,2,1.3047798584150847,1.306671298397582,1.4105786980603234,1.4219757737650731,0.08728421479463577,0.2235167920589447,0.13573822379112244,0.08728421479463577,0.11831595003604889,0.09961611777544022,0.08728421479463577,,
Frangieh,Jurkat,DAG1,KO,300,0.08340293914079666,0.08639499195084174,3,1.2705453584764754,1.3903505828387654,1.3552372696995008,1.4116117804369352,0.08340293914079666,0.21636977791786194,0.12813569605350494,0.03653834015130997,0.10186312347650528,0.0953437015414238,0.08340293914079666,,
Frangieh,Jurkat,ENPP1,KO,300,0.08334602415561676,0.08483285286578447,4,1.3339841850183838,1.427988462639922,1.4629517365890727,1.4599254378348743,0.08334602415561676,0.2008572816848755,0.12422043085098267,0.05067010223865509,0.10389910638332367,0.09009222686290741,0.08334602415561676,,
Frangieh,Jurkat,CXCR4,KO,300,0.07900667190551758,0.08802329801270534,3,1.1570396270364558,1.2603779658395933,1.257588348467932,1.2738988336396417,0.07900667190551758,0.20497116446495056,0.12164357304573059,0.0565994530916214,0.1219380721449852,0.10943835973739624,0.07900666445493698,,
Frangieh,Jurkat,LAMP2,KO,300,0.08841739594936371,0.08272475633203077,3,1.309512294048739,1.4417243505283945,1.446741643948755,1.4570332307073528,0.08841739594936371,0.21416260302066803,0.13562442362308502,0.03609207272529602,0.1089535504579544,0.09411255270242691,0.08841739594936371,,
Frangieh,Jurkat,PSAP,KO,300,0.08612164109945297,0.0853926958457686,3,1.074292902083549,1.1958186072427033,1.197154034356883,1.2134341872797734,0.08612164109945297,0.2085862159729004,0.12244066596031189,0.031098010018467903,0.12244066596031189,0.10805097967386246,0.08612164109945297,,
Frangieh,Jurkat,KDR,KO,300,0.08662662655115128,0.07877820375046847,3,1.1667252471571103,1.2870290086930325,1.2883820120621703,1.3148804046040095,0.08662662655115128,0.21774806082248688,0.1334494799375534,0.026404308155179024,0.10890647768974304,0.10126495361328125,0.08662662655115128,,
Frangieh,Jurkat,LINC00518,KO,300,0.08654220402240753,0.08494469605922488,3,1.241960495539935,1.3457047104539068,1.3405262748220892,1.350405273708592,0.08654220402240753,0.21876738965511322,0.13109779357910156,0.04519585520029068,0.11209121346473694,0.09822487086057663,0.08654220402240753,,
Frangieh,Jurkat,CDK4,KO,300,0.09844851493835449,0.08949481908943245,3,1.2809579843186842,1.4058241558510929,1.3947451160654918,1.4007491279184308,0.09844851493835449,0.24110300838947296,0.1310976892709732,0.09844851493835449,0.10704362392425537,0.10461953282356262,0.09844851493835449,,
Frangieh,Jurkat,RTP4,KO,300,0.07870609313249588,0.07890213066426917,3,1.2264179358644611,1.3318239415296098,1.329256736189814,1.3484432061360216,0.07870609313249588,0.1957768052816391,0.11850789189338684,0.033135708421468735,0.1186007410287857,0.09654850512742996,0.07870609313249588,,
Frangieh,Jurkat,IDI2-AS1,KO,300,0.08381704986095428,0.08155779898328364,3,1.1363226277840628,1.2780103967898846,1.2508932121739704,1.2839732882506691,0.08381704986095428,0.20997965335845947,0.1284792572259903,0.038533780723810196,0.1283290535211563,0.09854566305875778,0.08381704986095428,,
Frangieh,Jurkat,KCNN4,KO,300,0.08745983242988586,0.08208345926247916,3,1.3243752726557094,1.4547383147637714,1.45635506070035,1.4979704510474665,0.08745983242988586,0.22237727046012878,0.13423533737659454,0.08673965185880661,0.10350416600704193,0.09646856784820557,0.08745983242988586,,
Frangieh,Jurkat,EVA1A,KO,300,0.0824664905667305,0.07890592635621405,3,1.2165181996494727,1.326596179879223,1.3240144774337193,1.324075781985636,0.0824664905667305,0.2165520191192627,0.12711036205291748,0.043085433542728424,0.1301123946905136,0.10224907100200653,0.0824664905667305,,
Frangieh,Jurkat,NPC1,KO,300,0.07732279598712921,0.08120221241197507,5,1.1732988647266964,1.2661334681067604,1.316199129131114,1.346813900746298,0.07732279598712921,0.20071113109588623,0.11807820945978165,0.04011469706892967,0.11807820945978165,0.09491193294525146,0.07732279598712921,,
Frangieh,Jurkat,GPNMB,KO,300,0.09222695231437683,0.08707490008002094,4,1.3336465983499597,1.4152055082288726,1.4837444636231911,1.47660717167863,0.09222695231437683,0.23356877267360687,0.1242373138666153,0.06316865235567093,0.10937272757291794,0.10202261805534363,0.09222695231437683,,
Frangieh,Jurkat,GRN,KO,300,0.08059361577033997,0.07971862401863988,3,1.2775516410034946,1.3929268288443826,1.392860691657173,1.4047406904825852,0.08059361577033997,0.2115468531847,0.12035276740789413,0.03996693342924118,0.13511312007904053,,0.08059362322092056,0.09572320431470871,
Frangieh,Jurkat,IRF3,KO,300,0.08465635031461716,0.08154112170677842,4,1.1560616601843776,1.2672290681357499,1.302178296258198,1.302293736344545,0.08465635031461716,0.21153882145881653,0.13072705268859863,0.05416969209909439,0.12832309305667877,0.10243518650531769,0.08465635031461716,,
Frangieh,Jurkat,LRPAP1,KO,300,0.08197735249996185,0.08179560726072214,4,1.26785226599962,1.295732335543347,1.3934759510684618,1.4007573959335424,0.08197735249996185,0.2073184996843338,0.12407740205526352,0.040295474231243134,0.1335095912218094,0.09760579466819763,0.08197735995054245,,
Frangieh,Jurkat,LY96,KO,300,0.08047123998403549,0.08179820509542822,3,1.0490241319681761,1.1946825181073368,1.1726525028426362,1.2236189998853657,0.08047123998403549,0.19734936952590942,0.12304718047380447,0.03369608893990517,0.1215294897556305,0.10199234634637833,0.08047123998403549,,
Frangieh,Jurkat,RB1,KO,300,0.07815854996442795,0.08003287329582329,4,1.2558166537251587,1.2846101422642242,1.3730538200819407,1.3702503283667795,0.07815854996442795,0.2000173032283783,0.11963052302598953,0.0864681527018547,0.1331230252981186,0.09836746007204056,0.07815855741500854,,
Frangieh,Jurkat,EIF3K,KO,300,0.08677846193313599,0.09081017689068219,3,1.2646588041390299,1.3614940800754276,1.3440606742247372,1.3596482913014807,0.08677846193313599,0.2174520343542099,0.12974068522453308,0.07367290556430817,0.13955335319042206,0.08919232338666916,0.08677846193313599,,
Frangieh,Jurkat,ITGA3,KO,300,0.08112717419862747,0.08230812714950618,3,1.158771552651869,1.262747873632481,1.255630645350747,1.2615307606571733,0.08112717419862747,0.21177276968955994,0.12812045216560364,0.0355263352394104,0.12812045216560364,0.09995891898870468,0.08112717419862747,,
Frangieh,Jurkat,CGAS,KO,300,0.08377791196107864,0.08473114276463896,3,1.2073448454488265,1.3415141351923818,1.3321463776049391,1.3513005776318643,0.08377791196107864,0.21795348823070526,0.13006630539894104,0.08377791196107864,0.13006630539894104,0.09988643229007721,0.08377791196107864,,
Frangieh,Jurkat,DDX17,KO,300,0.09533928334712982,0.09437622669431166,5,1.184684015790662,1.24935935801739,1.3227824841120306,1.3738705656797983,0.09533928334712982,0.23192790150642395,0.14489424228668213,0.04377245530486107,0.09266165643930435,0.09705320000648499,0.09533928334712982,,
Frangieh,Jurkat,EEA1,KO,300,0.09377548843622208,0.08326012170365503,3,1.2936514651179838,1.3959205271725619,1.384357675286715,1.449209681620463,0.09377548843622208,0.22363507747650146,0.1424880474805832,0.09206435829401016,0.1424880474805832,0.10202823579311371,0.09377548843622208,,
Frangieh,Jurkat,HLA-E,KO,300,0.08902551233768463,0.08728980334053081,3,1.1596808598317896,1.18505046996229,1.1839001716257407,1.2650360718742046,0.08902551233768463,0.20959413051605225,0.13117437064647675,0.07799313217401505,0.12179878354072571,0.10492698103189468,0.08902551978826523,,
Frangieh,Jurkat,NMRK1,KO,300,0.08827825635671616,0.08567074255534457,4,1.3557153263241446,1.41945190028963,1.4747000522683855,1.4835809110333749,0.08827825635671616,0.2146749347448349,0.13146710395812988,0.09421157836914062,-1.0,0.10448186844587326,0.08827825635671616,,
Frangieh,Jurkat,SDC3,KO,300,0.08267448842525482,0.08279677358690049,4,1.1869869309563281,1.227497924335859,1.2967684701511342,1.3116397585971438,0.08267448842525482,0.21283505856990814,0.12629710137844086,0.05024624988436699,0.11786056309938431,0.09416114538908005,0.08267448842525482,,
Frangieh,Jurkat,MIA,KO,300,0.07560446113348007,0.08372064612052019,3,1.175126306643513,1.3091432017999303,1.3124466913624104,1.3408226690103664,0.07560446113348007,0.2090701311826706,0.11959347873926163,0.04716036841273308,0.11959347873926163,0.10192025452852249,0.07560446113348007,,
Frangieh,Jurkat,KLF4,KO,300,0.08347764611244202,0.08006413023792988,3,1.202839384453343,1.3152066139475362,1.3087194995446207,1.2993784325063409,0.08347764611244202,0.18843446671962738,0.12254549562931061,0.054481182247400284,0.12254549562931061,0.09347234666347504,0.08347764611244202,,
Frangieh,Jurkat,MC1R,KO,300,0.08251093327999115,0.08698311641412287,4,1.1022107204563163,1.185613799164802,1.198114923888955,1.192644452252427,0.08251093327999115,0.2104952186346054,0.12556739151477814,0.03913608565926552,0.12556739151477814,0.09033358842134476,0.08251094073057175,,
Frangieh,Jurkat,NPC2,KO,300,0.08114883303642273,0.07968257978701082,3,1.2324440330472246,1.3282851209558242,1.331533273549768,1.3329814062354686,0.08114883303642273,0.19813509285449982,0.1201380044221878,0.03276297450065613,0.10676117241382599,0.09608563035726547,0.08114883303642273,,
Frangieh,Jurkat,FOS,KO,300,0.08592253923416138,0.0845339579588607,5,1.2228927280254656,1.2730727906304953,1.3539081955792902,1.3738293410052478,0.08592253923416138,0.19608956575393677,0.13271738588809967,0.04088984802365303,0.11080536246299744,0.10070455819368362,0.08592253178358078,,
Frangieh,Jurkat,SMAD3,KO,300,0.07085810601711273,0.0814471480084882,5,1.1312503880816607,1.2507987157668037,1.2649218089767444,1.2729920703214344,0.07085810601711273,0.20474426448345184,0.11400812864303589,0.06830008327960968,0.13161490857601166,0.09848973900079727,0.07085810601711273,,
Frangieh,Jurkat,STAT1,KO,300,0.07469040900468826,0.06605738695915378,3,1.2410035645045259,1.268932617634789,1.2658134482049004,1.2647408874814605,0.07469040900468826,0.1741347759962082,0.09368891268968582,0.1509362906217575,0.22548283636569977,,0.07469040900468826,0.048498254269361496,
Frangieh,Jurkat,PFDN4,KO,300,0.08853229135274887,0.08955011927571481,4,1.2403900036569748,1.3078751162513562,1.336605083510559,1.339046161264756,0.08853229135274887,0.2120484858751297,0.1312214732170105,0.0856161117553711,0.13380643725395203,0.09521771222352982,0.08853229135274887,,
Frangieh,Jurkat,HSPA1A,KO,300,0.08433423936367035,0.08411731844174025,4,1.189945351711481,1.2353937211941606,1.3320407508784449,1.327501979566474,0.08433423936367035,0.20551563799381256,0.13124461472034454,0.04633330553770065,0.12195879966020584,0.10108382999897003,0.08433423936367035,,
Frangieh,Jurkat,TGFB1,KO,300,0.08828047662973404,0.07820873249712394,4,1.310161186127047,1.360108993363216,1.4301990619158929,1.4303140602272322,0.08828047662973404,0.201063334941864,0.12644781172275543,0.03329061344265938,0.11402445286512375,0.096644327044487,0.08828047662973404,,
Frangieh,Jurkat,SLC5A3,KO,300,0.07729332894086838,0.08602965166791271,3,1.247947020009219,1.3654573081428278,1.3542645673982676,1.3752755695362904,0.07729332894086838,0.21504172682762146,0.12267114967107773,0.0691007524728775,0.13074727356433868,0.10459728538990021,0.07729332894086838,,
Frangieh,Jurkat,RBP7,KO,300,0.08203256875276566,0.08152790386957748,5,1.1268898084038312,1.16486632346429,1.2427450084973302,1.2900203145642664,0.08203256875276566,0.2017437219619751,0.12341026216745377,0.061514712870121,0.1235622689127922,0.09944944828748703,0.08203256875276566,,
Frangieh,Jurkat,NSG1,KO,300,0.0796237587928772,0.08136003054804404,5,1.1366223930500094,1.1663898067522904,1.2219164729457361,1.2688839420370144,0.0796237587928772,0.20303013920783997,0.13648748397827148,0.03155352920293808,0.07614286243915558,0.09482434391975403,0.0796237587928772,,
Frangieh,Jurkat,CST3,KO,300,0.08662592619657516,0.0890078340349246,2,1.2511109275023244,1.2292144386513169,1.3298053899180662,1.3636988196324413,0.08662592619657516,0.19493599236011505,0.13041391968727112,0.043762169778347015,0.11089683324098587,0.1044192984700203,0.08662592619657516,,
Frangieh,Jurkat,FKBP4,KO,300,0.07778503745794296,0.07913085616595708,5,1.171991066182315,1.2873835470958372,1.3005353131284494,1.3216782353007268,0.07778503745794296,0.21752631664276123,0.1329478770494461,0.03879590705037117,0.1329478770494461,0.09773410856723785,0.07778503745794296,,
Frangieh,Jurkat,NUP50-AS1,KO,300,0.07352189719676971,0.07718659104979236,3,1.2078940756557603,1.30744596137664,1.3098588236504671,1.3349574701289733,0.07352189719676971,0.19509711861610413,0.1262391209602356,0.04690442979335785,0.1262391209602356,0.09478180855512619,0.07352189719676971,,
Frangieh,Jurkat,IRF4,KO,300,0.08080679923295975,0.07979243522132018,3,1.223908423633043,1.3239657761608328,1.30286247756686,1.3506005723194239,0.08080679923295975,0.21384668350219727,0.1250355988740921,0.03831000626087189,0.1013423278927803,0.09726925194263458,0.08080679923295975,,
Frangieh,Jurkat,BOLA2,KO,300,0.09123845398426056,0.09005418209354987,3,1.1284141179845708,1.2202513222414577,1.2179300942273361,1.212332215985768,0.09123845398426056,0.22057166695594788,0.13822941482067108,0.04423954710364342,0.09068308770656586,0.1029767096042633,0.09123845398426056,,
Frangieh,Jurkat,SDCBP,KO,300,0.08397052437067032,0.07723159270638648,3,1.1861913373391193,1.2910807046860455,1.2965332390221782,1.3183996424146436,0.08397052437067032,0.21579912304878235,0.12960311770439148,0.05875268951058388,0.12958726286888123,0.09781038016080856,0.08397052437067032,,
Frangieh,Jurkat,S100B,KO,300,0.08312707394361496,0.08073856838172955,3,1.3241315871661214,1.4300486450105225,1.4268032486883353,1.460791973526426,0.08312707394361496,0.21425433456897736,0.134002685546875,0.037502385675907135,0.12303172051906586,0.09862430393695831,0.08312707394361496,,
Frangieh,Jurkat,TSC22D3,KO,300,0.07096992433071136,0.08232476777648216,5,1.2175165293491936,1.3313701830387341,1.347381541165447,1.3750074049258139,0.07096992433071136,0.20159776508808136,0.1146283745765686,0.046223483979701996,0.1146283745765686,0.10133984684944153,0.07096991688013077,,
Frangieh,Jurkat,RAB27A,KO,300,0.09083433449268341,0.08548267982297306,4,1.2439888017325025,1.3590227121942053,1.367490415597855,1.367587933766547,0.09083433449268341,0.21413554251194,0.13370469212532043,0.030274944379925728,0.13370469212532043,0.09173954278230667,0.09083433449268341,,
Frangieh,Jurkat,BOLA2B,KO,300,0.08523239195346832,0.08485751615356224,3,1.3613124627688453,1.4593685561826657,1.463245168109987,1.465525241025329,0.08523239195346832,0.21414007246494293,0.11773953586816788,0.048180513083934784,0.11820019781589508,0.10114007443189621,0.08523239195346832,,
Frangieh,Jurkat,SLC26A2,KO,300,0.08527009189128876,0.08548259784302806,4,1.2789027941950941,1.3244840862152394,1.372865622315798,1.3656566277937099,0.08527009189128876,0.21527379751205444,0.12894383072853088,0.049611203372478485,0.14463770389556885,0.09933419525623322,0.08527009189128876,,
Frangieh,Jurkat,STOM,KO,300,0.08981192857027054,0.08031405083848127,3,1.3996097755800978,1.5320760203548023,1.5354983982797563,1.5359147331528753,0.08981192857027054,0.21851283311843872,0.14010311663150787,0.08981192857027054,0.1000840812921524,0.0943496823310852,0.08981192857027054,,
Frangieh,Jurkat,FRZB,KO,300,0.08266595751047134,0.08665077433946962,4,1.3181385208132461,1.4276493114370599,1.4396970777388844,1.4321174269864798,0.08266595751047134,0.2185381054878235,0.12901093065738678,0.03976446017622948,0.10518890619277954,0.10021153837442398,0.08266595005989075,,
Frangieh,Jurkat,C1QBP,KO,300,0.08750717341899872,0.08748239147576588,4,1.1145818644620356,1.2108050132327008,1.2802164357723473,1.280596152038898,0.08750717341899872,0.21206770837306976,0.13056816160678864,0.05321154743432999,0.13056816160678864,0.10234814137220383,0.08750717341899872,,
Frangieh,Jurkat,TTLL1,KO,300,0.08665131032466888,0.08900039369055587,3,1.2303854781955952,1.3372149451071955,1.2773461046993884,1.3293896078162089,0.08665131032466888,0.21991750597953796,0.13172326982021332,0.04085753113031387,0.13172326982021332,,0.08665131777524948,0.08769240230321884,
Frangieh,Jurkat,SOX4,KO,300,0.08490478247404099,0.07972950804181839,3,1.2307497078085934,1.3329859048285204,1.3310621795445616,1.3532947929362749,0.08490478247404099,0.20953652262687683,0.12869036197662354,0.08132658898830414,0.12869036197662354,0.09601274132728577,0.08490477502346039,,
Frangieh,Jurkat,TYR,KO,300,0.08077441155910492,0.08003295593953019,3,1.357018813497783,1.4480501921044198,1.4447840377392058,1.4499475513759013,0.08077441155910492,0.20807889103889465,0.12304341793060303,0.04890532046556473,0.13261182606220245,0.09252006560564041,0.08077441155910492,,
Frangieh,Jurkat,SLC25A13,KO,300,0.07988906651735306,0.08213371896886029,4,1.2383656486780534,1.3063316804858438,1.3388839081668902,1.3469920243312217,0.07988906651735306,0.19941240549087524,0.11920149624347687,0.07679201662540436,0.11606112122535706,0.09910686314105988,0.07988906651735306,,
Frangieh,Jurkat,SERPINF1,KO,300,0.08514102548360825,0.08271205617545441,5,1.240262043517685,1.3548061930671018,1.3643850256922825,1.3874813044096221,0.08514102548360825,0.21490950882434845,0.1305912584066391,0.024204079061746597,0.13184501230716705,0.10239765048027039,0.08514102548360825,,
Frangieh,Jurkat,HNRNPA1,KO,300,0.09078320860862732,0.08801164392998934,3,1.1423821103602911,1.2469494223878375,1.2281124338814369,1.2794639243660821,0.09078320860862732,0.21679291129112244,0.11350815743207932,0.04323647916316986,0.11350815743207932,0.10267221927642822,0.09078320860862732,,
Frangieh,Jurkat,SEC11C,KO,300,0.086313396692276,0.08548155957013627,3,1.2565627513050615,1.3644826516706665,1.3512266899361425,1.3745596149239034,0.086313396692276,0.19751931726932526,0.13317036628723145,0.07062067836523056,0.1338987499475479,0.10274551063776016,0.086313396692276,,
Frangieh,Jurkat,S100A6,KO,300,0.0788068100810051,0.08087071597703326,2,1.2897789195052525,1.2537126002216823,1.3935003823910233,1.3885545985428607,0.0788068100810051,0.20864003896713257,0.11994611471891403,0.02490190975368023,0.11995594203472137,0.09336545318365097,0.0788068100810051,,
Frangieh,Jurkat,LGALS3BP,KO,300,0.08428280800580978,0.08583571720979051,3,1.0810669149819851,1.189839894002942,1.173884974671255,1.1744590164215687,0.08428280800580978,0.20747782289981842,0.12635312974452972,0.03529846668243408,0.12635312974452972,0.10875155031681061,0.08428280800580978,,
Frangieh,Jurkat,LGALS3,KO,300,0.0863996297121048,0.08475327864888155,2,1.1680772743780974,1.169501011824435,1.292293456294031,1.3144426343489553,0.0863996297121048,0.22486193478107452,0.13519248366355896,0.04081450775265694,0.1217988058924675,0.10057353973388672,0.0863996297121048,,
Frangieh,Jurkat,SCARB2,KO,300,0.09339335560798645,0.08716024554718643,3,1.18684980239094,1.3109448845082792,1.310108758612058,1.292504787557947,0.09339335560798645,0.22926664352416992,0.14180581271648407,0.03547096624970436,0.12014178186655045,0.1000160351395607,0.09339335560798645,,
Frangieh,Jurkat,SMAD4,KO,300,0.07725938409566879,0.07585928002804407,3,1.2362136107057395,1.3344168948783732,1.3194886390579477,1.340329977321682,0.07725938409566879,0.19731388986110687,0.11638936400413513,0.058584898710250854,0.11653897911310196,0.08876407891511917,0.07725938409566879,,
Frangieh,Jurkat,CCND1,KO,300,0.09951282292604446,0.10428808160662502,3,1.3277794609054858,1.4290492811033513,1.4130162268153317,1.4479902047781437,0.09951282292604446,0.2545277774333954,0.15251833200454712,0.035397473722696304,0.09678667783737183,0.1065826416015625,0.09951282292604446,,
Frangieh,Jurkat,SPESP1,KO,300,0.07319153100252151,0.08339039837522425,3,1.1845045473264086,1.3134898932799288,1.3169402101387302,1.343730576835645,0.07319153100252151,0.20471762120723724,0.11604990810155869,0.0549774095416069,0.11604990810155869,0.10414868593215942,0.07319152355194092,,
Frangieh,Jurkat,ST3GAL6-AS1,KO,300,0.08128459751605988,0.08015656734549559,5,1.1319139475097462,1.184850353020538,1.2303340171399473,1.2761646930772592,0.08128459751605988,0.19920633733272552,0.1211998239159584,0.02746971696615219,0.1211998239159584,0.09502801299095154,0.08128459751605988,,
Frangieh,Jurkat,HLA-C,KO,300,0.07917562872171402,0.08171744616765816,3,1.347586507829977,1.4304796205471249,1.4353701131097427,1.4269473930670955,0.07917562872171402,0.20535209774971008,0.11944785714149475,0.03700609877705574,0.11957883089780807,0.08769001811742783,0.07917562872171402,,
Frangieh,Jurkat,TAPBPL,KO,300,0.07405048608779907,0.08314621684110562,3,1.134417774890366,1.2551407818812894,1.265041050183834,1.2552170850425526,0.07405048608779907,0.20839421451091766,0.11805636435747147,0.08001165837049484,0.12823933362960815,0.10408779233694077,0.07405048608779907,,
Frangieh,Jurkat,GPATCH4,KO,300,0.08901888877153397,0.08909146528922937,5,1.2350110931747427,1.3345380737061951,1.345223304133782,1.354710753458619,0.08901888877153397,0.23650537431240082,0.13748201727867126,0.04905901476740837,0.13748201727867126,,0.08901888877153397,0.10182593017816544,
Frangieh,Jurkat,PTMA,KO,300,0.10065316408872604,0.09211586405169776,3,1.275797454363813,1.4157187946270149,1.4183667838807885,1.4152528809101028,0.10065316408872604,0.23649431765079498,0.148330956697464,0.028849786147475243,0.12478403747081757,0.10698181390762329,0.10065316408872604,,
Frangieh,Jurkat,NME1,KO,300,0.08451507240533829,0.0850991890515827,2,1.4121297396191235,1.411811341262391,1.4942265873621299,1.5071244826207852,0.08451507240533829,0.21254543960094452,0.12687045335769653,0.03302668780088425,0.11819211393594742,0.08953722566366196,0.08451507240533829,,
Frangieh,Jurkat,SPINT1,KO,300,0.07154151052236557,0.07774315154635708,4,1.237476957861686,1.329922751227274,1.345562537599859,1.3538502397799785,0.07154151052236557,0.19462040066719055,0.12202183902263641,0.026024628430604935,0.11967101693153381,0.09411371499300003,0.07154151052236557,,
Frangieh,Jurkat,RNF213,KO,300,0.08016525954008102,0.07988253297437035,3,1.2875113420889672,1.3870119817749895,1.385249688988516,1.38965097585654,0.08016525954008102,0.2025229036808014,0.12022361904382706,0.03475530445575714,0.12073186039924622,0.09280095994472504,0.08016525954008102,,
Frangieh,Jurkat,DDX39A,KO,300,0.08168020844459534,0.08373552877677706,4,1.2337241175437192,1.2508904891738268,1.3433489960274727,1.3432937886847593,0.08168020844459534,0.20613713562488556,0.12293295562267303,0.03936592862010002,0.12293295562267303,0.09923603385686874,0.08168020844459534,,
Frangieh,Jurkat,SP100,KO,300,0.0911969467997551,0.08106933650356034,4,1.2221973008347984,1.3307326769667984,1.3669657717048587,1.3686379138629192,0.0911969467997551,0.2281605750322342,0.13946443796157837,0.08568178862333298,0.10180408507585526,0.0997188538312912,0.0911969467997551,,
Frangieh,Jurkat,NEAT1,KO,300,0.08637721091508865,0.0846461747393085,4,1.3456014888643608,1.4257933993533296,1.4720804327385881,1.4201966852808088,0.08637721091508865,0.20771639049053192,0.12759853899478912,0.05561843141913414,0.11411521583795547,0.10044871270656586,0.08637721091508865,,
Frangieh,Jurkat,TIMP1,KO,300,0.06815104931592941,0.07908835229187314,3,1.2420432990910886,1.3575091064423113,1.3547547743256079,1.3928694092620422,0.06815104931592941,0.2006443291902542,0.1099550724029541,0.03417595475912094,0.12010237574577332,0.09726348519325256,0.06815104931592941,,
Frangieh,Jurkat,TFAP2A,KO,300,0.07759635895490646,0.07749626823575644,4,1.2134060093412806,1.3145001619880894,1.3323965452349675,1.3243978929473723,0.07759635895490646,0.19188746809959412,0.1163739487528801,0.03958424925804138,0.09040222316980362,0.08786468207836151,0.07759635895490646,,
Frangieh,Jurkat,ATP5MD,KO,300,0.08080173283815384,0.08166915202885125,3,1.2698534504094976,1.3663428741357588,1.3291261283264806,1.3777259539174764,0.08080173283815384,0.2039046734571457,0.1224449947476387,0.037820518016815186,0.13960330188274384,0.09567403048276901,0.08080173283815384,,
Frangieh,Jurkat,NONO,KO,300,0.07500767707824707,0.08451314876660622,3,1.1408393042918998,1.361137456788521,1.3541028460651603,1.3570040038167654,0.07500767707824707,0.20763500034809113,0.11860440671443939,0.044333551079034805,0.11860440671443939,0.10663207620382309,0.07500767707824707,,
Frangieh,Jurkat,STX7,KO,300,0.07726488262414932,0.07608779965455774,3,1.2183857356609966,1.3314068999252378,1.319925709874095,1.332721092165018,0.07726488262414932,0.19481785595417023,0.11649853736162186,0.0742664560675621,0.1221560388803482,0.09716583043336868,0.07726488262414932,,
Frangieh,Jurkat,NGFR,KO,300,0.083830326795578,0.08212385427051347,3,1.2603221990239533,1.3727710657044998,1.3723539890804073,1.3986185707934293,0.083830326795578,0.21798548102378845,0.12539777159690857,0.0391511470079422,0.12539777159690857,0.09976724535226822,0.0838303193449974,,
Frangieh,Jurkat,SGK1,KO,300,0.08620204776525497,0.08517621661346841,4,1.1170416364506401,1.2302432917353148,1.2431499903656462,1.2366905575464067,0.08620204776525497,0.21537446975708008,0.13093799352645874,0.050573334097862244,0.1311636120080948,0.09158723056316376,0.08620204776525497,,
Frangieh,Jurkat,WNT7A,KO,300,0.0788581594824791,0.08443485017050051,4,1.0559557000978543,1.1870816022996244,1.206179475946616,1.2103260386382324,0.0788581594824791,0.2165125012397766,0.12574514746665955,0.07428261637687683,0.12574514746665955,0.09457522630691528,0.0788581594824791,,
Frangieh,Jurkat,PIK3IP1,KO,300,0.08436613529920578,0.08313639734666572,3,1.1784330012236275,1.2555051442319325,1.2159768618505264,1.3069794890751556,0.08436613529920578,0.2067122757434845,0.12839026749134064,0.06431891024112701,0.12839026749134064,0.10010800510644913,0.08436613529920578,,
Frangieh,Jurkat,WBP2,KO,300,0.07867581397294998,0.08098893867879688,5,1.2614607247346399,1.3479608964532162,1.3576200302454993,1.377627656073928,0.07867581397294998,0.1910327672958374,0.11980003118515015,0.05146227777004242,0.11980003118515015,0.09499382972717285,0.07867581397294998,,
Frangieh,Jurkat,SAT1,KO,300,0.08064401149749756,0.08082924547649178,4,1.1551712659387405,1.1906817238978462,1.2799322415808039,1.2885966907007909,0.08064401149749756,0.20628106594085693,0.12399077415466309,0.04584190249443054,0.12399077415466309,0.0977422297000885,0.08064401149749756,,
Frangieh,Jurkat,PSMB8-AS1,KO,300,0.08184956014156342,0.08219427645104785,3,1.1892458137142832,1.2791612311046645,1.2621295918967679,1.3071947548906273,0.08184956014156342,0.2132815569639206,0.12887126207351685,0.037985168397426605,0.10244528204202652,0.09880510717630386,0.08184956014156342,,
Frangieh,Jurkat,PPIA,KO,300,0.07768514007329941,0.07703807655912516,3,1.152563144276229,1.2500827930281595,1.224621028972976,1.272612951246801,0.07768514007329941,0.1907205730676651,0.11563733220100403,0.0381229929625988,0.1159568801522255,0.087039053440094,0.07768514007329941,,
Frangieh,Jurkat,E2F1,KO,300,0.08802415430545807,0.08632677804245728,3,1.1891562067345696,1.303685943571816,1.28676217349037,1.3155823833869,0.08802415430545807,0.22148343920707703,0.13455525040626526,0.04945169389247894,0.11848564445972443,0.10998827964067459,0.08802415430545807,,
Frangieh,Jurkat,SLC7A5P1,KO,300,0.07849989831447601,0.08078587130712732,3,1.0738546833958615,1.1849225058706505,1.121220360309655,1.2124390725206364,0.07849989831447601,0.1969686895608902,0.11812540888786316,0.05163552612066269,0.1374502032995224,0.09430491179227829,0.07849989831447601,,
Frangieh,Jurkat,TM4SF1,KO,300,0.08241374045610428,0.08367025603192539,3,1.1890981187337584,1.3125925116273045,1.3029273569133544,1.3114381325060656,0.08241374045610428,0.20875094830989838,0.12752269208431244,0.0681074857711792,0.12682485580444336,0.09967440366744995,0.08241374045610428,,
Frangieh,Jurkat,ACSL3,KO,300,0.09160447865724564,0.09365034924068051,3,1.3142686482434893,1.4301065586452193,1.4286343172788847,1.4370848569181014,0.09160447865724564,0.23723390698432922,0.1425250917673111,0.046319734305143356,0.1429847627878189,0.10331027954816818,0.09160447120666504,,
Frangieh,Jurkat,VDAC2,KO,300,0.08968310058116913,0.08137026120881294,3,1.3156057550527667,1.4154540284822374,1.4080466443463848,1.434703216128712,0.08968310058116913,0.22339800000190735,0.13813552260398865,0.03425781801342964,0.1214941143989563,0.09860876202583313,0.08968310058116913,,
Frangieh,Jurkat,MDH2,KO,300,0.08685234189033508,0.08623956670183149,5,1.068675922809108,1.0858179845368898,1.1927386140178715,1.209922145988811,0.08685234189033508,0.20700238645076752,0.12835758924484253,0.03620605543255806,0.12835758924484253,0.09867119044065475,0.08685234189033508,,
Frangieh,Jurkat,TMEM173,KO,300,0.06712953001260757,0.08003489685024912,3,1.1900956895108958,1.298137557967861,1.3004289503632585,1.3212895495075028,0.06712953001260757,0.20076815783977509,0.10994842648506165,0.058472275733947754,0.12806108593940735,0.09619764983654022,0.06712953001260757,,
Frangieh,Jurkat,PYGB,KO,300,0.08257217705249786,0.08733129314791054,3,1.1129776447472164,1.2233299868022023,1.2320151176727823,1.2430815124634016,0.08257217705249786,0.2247902899980545,0.1306203007698059,0.0271576177328825,0.12442955374717712,0.09969436377286911,0.08257218450307846,,
Frangieh,Jurkat,ISYNA1,KO,300,0.0837182104587555,0.07988753875800512,5,1.2523976205424958,1.3153579156404689,1.3597839996637067,1.376363166036553,0.0837182104587555,0.2128376066684723,0.12884213030338287,0.0815807357430458,0.12884213030338287,0.09310615807771683,0.0837182104587555,,
Frangieh,Jurkat,PROS1,KO,300,0.08422836661338806,0.08356861709212172,3,1.358569971305613,1.4641128824556944,1.4504086051525764,1.4709568875324361,0.08422836661338806,0.21515701711177826,0.12888392806053162,0.03329460695385933,0.1207989752292633,0.10176724940538406,0.08422836661338806,,
Frangieh,Jurkat,SERPINA3,KO,300,0.07446933537721634,0.07672898575538106,5,1.3443321546656541,1.429808355702244,1.4389722274966505,1.455249748362041,0.07446933537721634,0.1976780891418457,0.11466258019208908,0.03355942666530609,0.10906653106212616,0.09233498573303223,0.07446933537721634,,
Frangieh,Jurkat,TPP1,KO,300,0.09299696236848831,0.0870120721089142,5,1.195892209261773,1.302835849505044,1.3171563548528038,1.3275599930047282,0.09299696236848831,0.21127720177173615,0.13366495072841644,0.057294901460409164,0.13366495072841644,0.09898530691862106,0.09299696236848831,,
Frangieh,Jurkat,HLA-B,KO,300,0.08779650926589966,0.08463969121809932,4,1.3055623261420024,1.4003487161282901,1.4124717455521036,1.4035659107929384,0.08779650926589966,0.20590943098068237,0.13051293790340424,0.0397421270608902,0.13051293790340424,0.09015560895204544,0.08779650926589966,,
Frangieh,Jurkat,SERPINE2,KO,300,0.082929328083992,0.0820306593186935,2,1.0988304018666124,1.093652437182154,1.2163183244856555,1.2314338966365206,0.082929328083992,0.2012503296136856,0.12383060157299042,0.023257926106452942,0.12383060157299042,,0.08292932063341141,0.09263782948255539,
Frangieh,Jurkat,TP53,KO,300,0.07360591739416122,0.07893912182006145,3,1.3725374749612662,1.4823029125550562,1.4641302146689785,1.4880570737464218,0.07360591739416122,0.1958514153957367,0.11245642602443695,0.03858344629406929,0.1316182017326355,0.09096532315015793,0.07360590994358063,,
Frangieh,Jurkat,MT2A,KO,300,0.0813046395778656,0.08166859922968774,3,1.1928798169542425,1.2990871167756612,1.3061668375857618,1.3157992973373283,0.0813046395778656,0.19765397906303406,0.12140484899282455,0.057031918317079544,0.12554122507572174,0.09918197989463806,0.0813046395778656,,
Frangieh,Jurkat,STAT3,KO,300,0.0815204381942749,0.07917965154840921,3,1.2863837526355972,1.3971750026201821,1.3826576161298973,1.4186396750991044,0.0815204381942749,0.19937075674533844,0.1229931116104126,0.047199100255966187,0.1229931116104126,0.09349776804447174,0.0815204381942749,,
Frangieh,Jurkat,TOP1MT,KO,300,0.08447317779064178,0.07707962918019884,4,1.3465160577083388,1.450578692924081,1.4889058759605636,1.500679528058317,0.08447317779064178,0.1878596544265747,0.13400934636592865,0.04437963664531708,0.13400934636592865,0.08963625878095627,0.08447317779064178,,
Frangieh,Jurkat,SNHG6,KO,300,0.06886667758226395,0.07833909434410274,3,1.1983200611318647,1.308091295104708,1.3070203045059596,1.3069013919168633,0.06886667758226395,0.19543586671352386,0.11031365394592285,0.04189112409949303,0.1250195950269699,0.09766874462366104,0.06886667758226395,,
Frangieh,Jurkat,JPT1,KO,300,0.08624580502510071,0.09223999232384078,3,1.2454693537633776,1.3418344470892833,1.3264981367830977,1.3569737441237049,0.08624580502510071,0.2285725474357605,0.13606224954128265,0.04018775001168251,0.12665364146232605,0.10117962211370468,0.08624580502510071,,
Frangieh,Jurkat,TAPBP,KO,300,0.08270051330327988,0.0839149449368007,5,1.2393673504589628,1.2989136245263495,1.310785810145802,1.3617893509556112,0.08270051330327988,0.20538905262947083,0.12390494346618652,0.06366175413131714,0.10352188348770142,0.0959865152835846,0.08270051330327988,,
Frangieh,Jurkat,LRRC75A-AS1,KO,300,0.08654722571372986,0.08378244315614655,2,1.274659410724304,1.2624342348858715,1.3654999879565857,1.3329528970231515,0.08654722571372986,0.21083824336528778,0.12902002036571503,0.027810178697109222,0.12902002036571503,0.09736395627260208,0.08654722571372986,,
Frangieh,Jurkat,TIMP3,KO,300,0.07531601190567017,0.08254380243383254,3,1.3127153949168378,1.4363177323287655,1.4412707191863419,1.4301045816829934,0.07531601190567017,0.21295565366744995,0.12102709710597992,0.08628430962562561,0.13737595081329346,0.10724165290594101,0.07531601190567017,,
Frangieh,Jurkat,TXNDC17,KO,300,0.07520848512649536,0.07546276206498703,3,1.2686970679752712,1.3662270653874113,1.363223366807432,1.3887802923031884,0.07520848512649536,0.19936522841453552,0.11733534187078476,0.04111858457326889,0.09904604405164719,0.0796230360865593,0.07520848512649536,,
Frangieh,Jurkat,SLC19A1,KO,300,0.08210799098014832,0.0887728338353866,2,1.158803916935316,1.166532481096164,1.2544172478256534,1.2657926585863812,0.08210799098014832,0.22007758915424347,0.12443999946117401,0.04648838937282562,0.1260044425725937,0.10475430637598038,0.08210799098014832,,
Frangieh,Jurkat,HASPIN,KO,300,0.07481158524751663,0.0789523834577633,3,1.2070761166657746,1.3116615883449132,1.311737172286593,1.31590193133127,0.07481158524751663,0.2025877833366394,0.118425652384758,0.03683626651763916,0.11838887631893158,0.10250705480575562,0.07481158524751663,,
Frangieh,Jurkat,SHMT2,KO,300,0.07617547363042831,0.07803985359604447,4,1.2404733081119872,1.2762337907599886,1.3159025706322023,1.3227680170939795,0.07617547363042831,0.19403409957885742,0.11487358063459396,0.03621629625558853,0.11558865755796432,0.08641358464956284,0.07617547363042831,,
Frangieh,Jurkat,SET,KO,300,0.0754542127251625,0.07827810063140833,3,1.102351421053763,1.1921213810427815,1.2005376247201909,1.1984465969670737,0.0754542127251625,0.20275357365608215,0.11285610496997833,0.04087703302502632,0.11359209567308426,0.09872913360595703,0.0754542127251625,,
Frangieh,Jurkat,ST6GALNAC2,KO,300,0.07629138231277466,0.07762421645218272,5,1.1353963805443286,1.1653017602966056,1.2198686475384175,1.2599656065834282,0.07629138231277466,0.20823906362056732,0.12437120825052261,0.04417184367775917,0.09826374053955078,0.09158004075288773,0.07629138231277466,,
Frangieh,Jurkat,UCN2,KO,300,0.07244111597537994,0.08290067591970998,5,1.1377537284543067,1.1849052171634042,1.2414118232656772,1.2612982570949427,0.07244111597537994,0.2042076587677002,0.11501830816268921,0.030152779072523117,0.11501830816268921,0.10041432827711105,0.07244111597537994,,
Frangieh,Jurkat,TIMP2,KO,300,0.08364564925432205,0.08183524383910457,3,1.1371109828958765,1.2397705076398537,1.2409769949995617,1.2475536420376319,0.08364564925432205,0.20866164565086365,0.12785522639751434,0.035896725952625275,0.11782681941986084,0.10100153088569641,0.08364564925432205,,
Frangieh,Jurkat,SSR2,KO,300,0.07671422511339188,0.08011010666450462,4,1.224747991551613,1.3172247728832325,1.3380242532064486,1.339821862468881,0.07671422511339188,0.2055082768201828,0.118694968521595,0.03113584592938423,0.12167313694953918,0.09400863945484161,0.07671422511339188,,
Frangieh,Jurkat,TRIM22,KO,300,0.08097650855779648,0.08023090076028834,4,1.1928477785607523,1.2121164260052897,1.3302214731490327,1.323562505508109,0.08097650855779648,0.20059697329998016,0.12282587587833405,0.05041344463825226,0.11200976371765137,0.10065323859453201,0.08097650855779648,,
Frangieh,Jurkat,SLIRP,KO,300,0.08092618733644485,0.07889032145961211,3,1.1946080639871965,1.2818323622292827,1.2682108855787977,1.3073670403891047,0.08092618733644485,0.20659831166267395,0.1239863857626915,0.02345125749707222,0.10521076619625092,0.09306220710277557,0.08092617988586426,,
Frangieh,Jurkat,GSEC,KO,300,0.07776359468698502,0.06857579241050243,5,1.1505857527587224,1.2435232797394988,1.2579958310765793,1.2969745833085007,0.07776359468698502,0.1953909695148468,0.11791837960481644,0.02853572927415371,0.08744042366743088,0.09464575350284576,0.07776359468698502,,
Frangieh,Jurkat,VAT1,KO,300,0.07717974483966827,0.07605270383781582,3,1.1783850586267803,1.2764024077469944,1.2709414280649671,1.2872337585322882,0.07717974483966827,0.20676417648792267,0.12165313959121704,0.036482736468315125,0.12217386811971664,0.09699194878339767,0.07717972993850708,,
Frangieh,Jurkat,CTPS1,KO,300,0.08126626163721085,0.07769954850511654,3,1.3531927102695374,1.4520829061491707,1.4225265632763566,1.4775567024863587,0.08126626163721085,0.2190096080303192,0.12895016372203827,0.03155527263879776,0.11288116127252579,0.0941721573472023,0.08126626163721085,,
Frangieh,Jurkat,CDK6,KO,300,0.09928549081087112,0.09622909738966332,3,1.1548436239353155,1.2707516311530114,1.261000133718639,1.2805622032201747,0.09928549081087112,0.24224720895290375,0.14987093210220337,0.06001972034573555,0.14987093210220337,0.10989797860383987,0.09928548336029053,,
Frangieh,Jurkat,XAGE1A,KO,300,0.06950174272060394,0.07801758528390178,3,1.1472182569364069,1.2688338359800504,1.268265695669383,1.2709491353838551,0.06950174272060394,0.19712652266025543,0.11183283478021622,0.07732607424259186,0.1118399053812027,0.09749749302864075,0.06950175017118454,,
Frangieh,Jurkat,SINHCAF,KO,300,0.08157652616500854,0.07660710574148698,3,1.2490688170900626,1.3394921494298675,1.343553225837491,1.3757707959811771,0.08157652616500854,0.19788335263729095,0.1333131343126297,0.03123023919761181,0.11438880860805511,0.09936113655567169,0.08157652616500854,,
Frangieh,Jurkat,MRPL47,KO,300,0.08117068558931351,0.08062527020273702,3,1.1336957596102906,1.2540535564859496,1.2464775356309854,1.2541351982482922,0.08117068558931351,0.21491587162017822,0.12452242523431778,0.035770170390605927,0.12378539890050888,0.10055646300315857,0.08117068558931351,,
Frangieh,Jurkat,NDUFA13,KO,300,0.07831596583127975,0.08189389721182583,3,1.1429867721637503,1.2387240817989333,1.223861202049445,1.2523578941429445,0.07831596583127975,0.21655233204364777,0.12428110837936401,0.034072551876306534,0.11015699058771133,0.10029485076665878,0.07831596583127975,,
Frangieh,Jurkat,DNMT1,KO,300,0.07617444545030594,0.07820008596134513,4,1.2593026706793786,1.3575706858746486,1.3743946511099345,1.365776101563032,0.07617444545030594,0.19228234887123108,0.1149713397026062,0.03216123580932617,0.11416614800691605,0.0898212343454361,0.07617444545030594,,
Frangieh,Jurkat,TIMM50,KO,300,0.08638002723455429,0.08109724333928124,5,1.3494038488684783,1.507443933722742,1.563836297661119,1.5867096405401675,0.08638002723455429,0.222083181142807,0.13514818251132965,0.08540148288011551,0.13560594618320465,0.08879946172237396,0.08638002723455429,,
Frangieh,Jurkat,RPSA,KO,300,0.0764683187007904,0.07523494642266336,4,1.2216951955751814,1.265673403269771,1.3159157555010577,1.3208090907084706,0.0764683187007904,0.18543189764022827,0.11364128440618515,0.04435363784432411,0.09481458365917206,0.0870969295501709,0.0764683187007904,,
Frangieh,Jurkat,PFN1,KO,300,0.079620361328125,0.08223787462366058,3,1.2187787629073057,1.326018204607374,1.3254441029893744,1.3307766742404148,0.079620361328125,0.21088632941246033,0.12387876212596893,0.06545498222112656,0.12387876212596893,0.09528490155935287,0.079620361328125,,
Frangieh,Jurkat,FBL,KO,300,0.08898943662643433,0.08615187491276712,3,1.3176852957535043,1.4103554411664767,1.40047673459474,1.4264146700169356,0.08898943662643433,0.22479355335235596,0.13590948283672333,0.03967219591140747,0.13590948283672333,0.09513823688030243,0.08898943662643433,,
Frangieh,Jurkat,P2RX4,KO,300,0.08432407677173615,0.08510712545646239,4,1.4083088119291958,1.4760944632478665,1.5226454998968109,1.5255765038197922,0.08432407677173615,0.22022514045238495,0.12752673029899597,0.2897953987121582,0.12725703418254852,0.08885978907346725,0.08432407677173615,,
Frangieh,Jurkat,PET100,KO,300,0.07899901270866394,0.08139391281689423,3,1.1903425171184079,1.2996700369089993,1.295119492287549,1.3169603379079806,0.07899901270866394,0.2136930376291275,0.12453331053256989,0.03604531288146973,0.11565715819597244,0.09449338167905807,0.07899901270866394,,
Frangieh,Jurkat,CDC123,KO,300,0.08535527437925339,0.08622912566473687,3,1.2716041646127607,1.399825956009355,1.401002467722419,1.4150870183710111,0.08535527437925339,0.21274465322494507,0.12787945568561554,0.08640442043542862,0.13634493947029114,0.09920299798250198,0.08535527437925339,,
Frangieh,Jurkat,RNASEH2A,KO,300,0.0766994059085846,0.08119635368464315,3,1.2395736651004032,1.3066402870353873,1.2902556349968748,1.345629845718916,0.0766994059085846,0.21164235472679138,0.12368625402450562,0.05223727598786354,0.09070093184709549,0.0887865349650383,0.0766994059085846,,
Frangieh,Jurkat,UQCRFS1,KO,299,0.0717044547200203,0.08143738307657178,3,1.2261061733624867,1.303684143090143,1.3092004555532561,1.307548280886433,0.0717044547200203,0.20408892631530762,0.11466782540082932,0.028004497289657593,0.11466782540082932,0.09744502604007721,0.0717044472694397,,
Frangieh,Jurkat,NOLC1,KO,290,0.08416034281253815,0.08121349564866402,3,1.2534558378448732,1.3359483133843266,1.3412635169927416,1.364904245689674,0.08416034281253815,0.2053128182888031,0.12770187854766846,0.02372642606496811,0.11294839531183243,0.09142489731311798,0.08416034281253815,,
Frangieh,Jurkat,FOXM1,KO,263,0.08728913217782974,0.09235633780666509,5,1.2259888120215656,1.3216042112713033,1.3346322009961984,1.3660373092963969,0.08728913217782974,0.2203127145767212,0.13038471341133118,0.04957239329814911,0.12872081995010376,0.10361554473638535,0.08728913217782974,,
Frangieh,Jurkat,PUF60,KO,234,0.08607637882232666,0.08803818655583412,4,1.2121630958677105,1.3046234885187467,1.3304394865218523,1.3096994241011828,0.08607637882232666,0.22076869010925293,0.12742452323436737,0.039893053472042084,0.12742452323436737,,0.08607637882232666,0.10055169463157654,
Frangieh,Jurkat,PAICS,KO,229,0.0870571881532669,0.09060593877253419,3,1.1826467194758141,1.2647874991697439,1.2723303726026476,1.2829326706651933,0.0870571881532669,0.21966643631458282,0.12658223509788513,0.04447995498776436,0.12581656873226166,,0.08705718070268631,0.08968949317932129,
Frangieh,Jurkat,PABPC1,KO,226,0.07239110767841339,0.0798600902139932,4,1.1165248453193026,1.2109221890332904,1.2325151339458884,1.2282763804063155,0.07239110767841339,0.18621204793453217,0.10720168054103851,0.04712512344121933,0.10720168054103851,0.10066663473844528,0.07239110767841339,,
Frangieh,Jurkat,UBC,KO,226,0.08553700894117355,0.08724983430228604,3,1.1288990845847628,1.2218621878729223,1.2323243674646278,1.2214070222691866,0.08553700894117355,0.20961198210716248,0.12346596270799637,0.046470824629068375,0.12346596270799637,0.10134097933769226,0.08553700894117355,,
Frangieh,Jurkat,HNRNPC,KO,218,0.0854710191488266,0.09008697895361721,3,1.209290173676095,1.2995772202689846,1.2807596344163041,1.2932675743759035,0.0854710191488266,0.2259064018726349,0.12593622505664825,0.04580402374267578,0.09737356007099152,0.10214553773403168,0.0854710191488266,,
Frangieh,Jurkat,UQCRH,KO,216,0.07547295838594437,0.08426219444905517,5,1.1866542068984085,1.2401819036545731,1.256361966595719,1.2826061232205603,0.07547295838594437,0.19265203177928925,0.11012045294046402,0.04985188692808151,0.10834427177906036,0.09242077171802521,0.07547295838594437,,
Frangieh,Jurkat,RRS1,KO,195,0.08675672113895416,0.09086001263553699,2,1.0498135912466857,1.0206509556458343,1.1148398080657032,1.155613543488288,0.08675672113895416,0.2121550738811493,0.11533248424530029,0.07916724681854248,0.11482340842485428,0.09742887318134308,0.08675672113895416,,
Frangieh,Jurkat,CCT3,KO,190,0.08268994837999344,0.08419633240581471,3,1.0782123554588967,1.160199975187174,1.1674961362136198,1.1655800014195705,0.08268994837999344,0.19223351776599884,0.11346164345741272,0.037827346473932266,0.11346164345741272,0.09597515314817429,0.08268994837999344,,
Frangieh,Jurkat,EEF1G,KO,188,0.06981519609689713,0.08199399676964524,4,1.0480249032208544,1.0922787911993197,1.1422845715585463,1.1433974800755546,0.06981519609689713,0.187235489487648,0.10036883503198624,0.053959328681230545,0.09894298762083054,,0.06981519609689713,0.08940456062555313,
Frangieh,Jurkat,MYC,KO,185,0.07752308249473572,0.0838781023784972,5,1.0146706726082542,1.0754588271179344,1.1402247187515417,1.1642568270183205,0.07752308249473572,0.1833728849887848,0.10425463318824768,0.039636608213186264,0.09906414151191711,0.098044253885746,0.07752307504415512,,
Frangieh,Jurkat,TPRKB,KO,172,0.08079911023378372,0.08862616194160162,2,0.9719708433657264,0.9612133794254305,1.0187839029230012,1.0777087689021805,0.08079911023378372,0.18696072697639465,0.1108013391494751,0.07721660286188126,0.11043477803468704,,0.08079911023378372,0.09112313389778137,
Frangieh,Jurkat,ILF2,KO,169,0.08272141963243484,0.0852250947467698,2,1.2287487614446633,1.1977724215970849,1.224842609711624,1.284559255627098,0.08272141963243484,0.2031603455543518,0.12227971106767654,0.050114963203668594,0.09659307450056076,0.07607607543468475,0.08272141963243484,,
Frangieh,Jurkat,NCL,KO,165,0.0929449051618576,0.08934657503041905,2,1.157103397450074,1.1447654124190958,1.2427512820480242,1.2406819690909199,0.0929449051618576,0.22793005406856537,0.12856079638004303,0.04498378187417984,0.12346944212913513,0.08765394985675812,0.0929449051618576,,
Frangieh,Jurkat,TMED10,KO,163,0.09028863906860352,0.0951989370351443,2,1.0710698010317081,1.0727976627683002,1.1525716179704322,1.1431412365527276,0.09028863906860352,0.22739234566688538,0.12448909133672714,0.05756007879972458,0.11776948720216751,0.09837847948074341,0.09028863906860352,,
Frangieh,Jurkat,ROMO1,KO,151,0.07314439117908478,0.07761009711741344,2,1.3449969359019853,1.3631998346615326,1.3350040203211258,1.369928283142979,0.07314439117908478,0.18258479237556458,0.09892304986715317,0.045321859419345856,0.09892304986715317,,0.07314439117908478,0.081896111369133,
Frangieh,Jurkat,POLD2,KO,149,0.0844535082578659,0.09272808135594597,4,0.887073796446952,0.9436199939431287,0.9931663478742205,0.9821238727324868,0.0844535082578659,0.20544633269309998,0.11469824612140656,0.030474765226244926,0.08384722471237183,,0.0844535082578659,0.10225225985050201,
Frangieh,Jurkat,GPI,KO,147,0.0734788328409195,0.08660326815291003,3,0.9931766929411037,1.0320644301558577,1.0164039815352588,1.05112417076076,0.0734788328409195,0.1985897570848465,0.10085215419530869,0.04017509147524834,0.09967443346977234,,0.0734788328409195,,0.08819548785686493
Frangieh,Jurkat,EIF4A1,KO,133,0.0783534049987793,0.08704398672688902,2,0.9645425730868098,0.9597304953819883,0.9868977052699872,0.9924657655549538,0.0783534049987793,0.18707039952278137,0.10256113857030869,0.05929645150899887,0.07641396671533585,,0.0783534049987793,0.08422116190195084,
Frangieh,Jurkat,FTH1,KO,126,0.08537141233682632,0.09399586026125029,2,1.0374017209583304,1.000828171242384,1.0121014218978672,1.116089259687186,0.08537141233682632,0.21278440952301025,0.11105452477931976,0.045455578714609146,0.10981197655200958,,0.08537141233682632,0.08546925336122513,
Frangieh,Jurkat,PPA1,KO,121,0.09085122495889664,0.08935535493093397,4,1.057951016511991,1.106294608815972,1.14555182621889,1.1480159290323115,0.09085122495889664,0.21483349800109863,0.1187252402305603,0.04974281042814255,0.09542682766914368,,0.09085122495889664,,0.09208418428897858
Frangieh,Jurkat,PRELID3B,KO,100,0.07866284251213074,0.08940958998020132,3,0.924628819722086,0.9466422918709316,0.9491416711419038,0.9559933619956276,0.07866284251213074,0.19076716899871826,0.0973282977938652,0.048822470009326935,0.0973282977938652,0.08014533668756485,0.07866284251213074,,
