cell_line,partition,drug_a,drug_b,cos_majority_response,cos_minority_response
A-172,cellcycle_G1_vs_G2M,c-Kit-IN-1,venetoclax,0.774671841759101,0.815024103430211
A-172,cellcycle_G1_vs_G2M,4EGI-1,vincristine,0.08822837922844824,0.3783170432573511
A-172,cellcycle_G1_vs_G2M,Belumosudil (mesylate),Temuterkib,0.023793292281855824,0.2715058141760638
A-172,cellcycle_G1_vs_G2M,Infigratinib,OTS514,0.0498383652809022,-0.06373762486841417
A-172,cellcycle_G1_vs_G2M,AZD-7648,Afatinib,0.32685297966844323,0.313956826012576
A-172,cellcycle_G1_vs_G2M,DTP3,Volasertib,0.267464315856906,0.4708535773484539
A-172,cellcycle_G1_vs_G2M,9-ING-41,LJI308,0.28741043207260986,0.3149271702634436
A-172,cellcycle_G1_vs_G2M,Ixazomib,PH-797804,0.21225484422634947,0.4206682291043367
A-172,cellcycle_G1_vs_G2M,LY2090314,Sonidegib,-0.1304089297302072,-0.31878029610978653
A-172,cellcycle_G1_vs_G2M,Capmatinib,Tucatinib,-0.11783026527046883,0.1155288566410545
A-172,cellcycle_G1_vs_G2M,Bimiralisib,Tubulin inhibitor 6,0.34377166497905065,0.4354212403580683
A-172,cellcycle_G1_vs_G2M,Regorafenib,Torkinib,0.5782576149222989,0.5461361605684034
A-172,cellcycle_G1_vs_G2M,Oleic acid,palbociclib,0.2787124816462613,0.27553479359554994
A-172,cellcycle_G1_vs_G2M,Erdafitinib ,Tucatinib,0.5044926394563717,0.5734828651338433
A-172,cellcycle_G1_vs_G2M,9-ING-41,DT-061,0.08210166510554973,0.15275177103344356
A-172,cellcycle_G1_vs_G2M,EX229,NVP-BHG712,0.25926415754111476,0.29393200777915907
A-172,cellcycle_G1_vs_G2M,Futibatinib,Ipatasertib,-0.0768327162323666,-0.1806856618803535
A-172,cellcycle_G1_vs_G2M,Infigratinib,Irinotecan,0.40458616438658884,0.43316168159300544
A-172,cellcycle_G1_vs_G2M,Dabrafenib,RMC-6236,0.06850548770068694,0.2897498641041808
A-172,cellcycle_G1_vs_G2M,AZD-8055,Pralsetinib,0.4802611129160727,0.4210788467284229
A-172,cellcycle_G1_vs_G2M,Dabrafenib,Ralimetinib dimesylate,0.5396466484500027,0.6808618271289618
A-172,cellcycle_G1_vs_G2M,TAK-733,venetoclax,0.8095089462869747,0.7693454963406612
A-172,cellcycle_G1_vs_G2M,Dabrafenib,Lonafarnib,-0.2575815837285915,0.028083689126715473
A-172,cellcycle_G1_vs_G2M,Gemcitabine,Paclitaxel,0.32401856059736783,0.5790645629032306
A-172,cellcycle_G1_vs_G2M,EX229,GSK1059615,0.4799248905423186,0.477575101532799
A-172,cellcycle_G1_vs_G2M,LY2090314,Temuterkib,0.5746311599965231,0.2525537485441771
A-172,cellcycle_G1_vs_G2M,Anastrozole,GSK1059615,0.31527647329218916,0.38704844055859877
A-172,cellcycle_G1_vs_G2M,Anastrozole,HI-TOPK-032,0.5340861176644344,0.49498949157083094
A-172,cellcycle_G1_vs_G2M,Bentamapimod,Torkinib,0.36444007221124164,0.3276939842082762
A-172,cellcycle_G1_vs_G2M,Abemaciclib,Bentamapimod,0.35981194294372454,0.38836976066558776
A-172,cellcycle_G1_vs_G2M,DT-061,ETC-206,0.38976648971641614,0.4181008962672815
A-172,cellcycle_G1_vs_G2M,Encorafenib,Tucatinib,0.14252341192783602,0.3867432605675644
A-172,cellcycle_G1_vs_G2M,Bentamapimod,venetoclax,0.20755595538647234,0.16006497213751716
A-172,cellcycle_G1_vs_G2M,Afatinib,Volasertib,0.3627741337905842,0.3307336070171284
A-172,cellcycle_G1_vs_G2M,AT7519,Oxaliplatin,0.43088677429985967,0.5170629936448865
A-172,cellcycle_G1_vs_G2M,RMC-6236,Torkinib,0.12668871395753453,0.1345082531768646
A-172,cellcycle_G1_vs_G2M,Brivudine,PF-06260933,-0.15266604768322944,0.3890832628598464
A-172,cellcycle_G1_vs_G2M,Elimusertib hydrochloride,TAK-733,0.5886411613630889,0.589738162605372
A-172,cellcycle_G1_vs_G2M,ML264,PF-06260933,0.4327540832065744,0.48339745039071036
A-172,cellcycle_G1_vs_G2M,Methylprednisolone succinate,RMC-6236,-0.0006681319268081729,0.04767419747620953
A-172,cellcycle_G1_vs_G2M,ERK5-IN-2,Sonidegib,0.5619698546580696,0.6445994174428872
A-172,cellcycle_G1_vs_G2M,MK-8353,Oxaliplatin,0.30993156684510653,0.2974077567636421
A-172,cellcycle_G1_vs_G2M,MK-8353,SBI-0640756,0.4046044467650134,0.4584870233302264
A-172,cellcycle_G1_vs_G2M,ERK5-IN-2,Methylprednisolone succinate,0.16755864630251643,0.21729377159548594
A-172,cellcycle_G1_vs_G2M,HI-TOPK-032,LY2090314,-0.09583840416520042,-0.2095807512454481
A-172,cellcycle_G1_vs_G2M,Erdafitinib ,Sapanisertib,0.48237038220594314,0.5228386145890104
A-172,cellcycle_G1_vs_G2M,Infigratinib,Oleic acid,0.30648945127490196,0.33145570716743306
A-172,cellcycle_G1_vs_G2M,Belzutifan,ULK-101,0.41852803860889914,0.4387940111125176
A-172,cellcycle_G1_vs_G2M,BAY1125976,Everolimus,0.5673794534676133,0.5806036052925396
A-172,cellcycle_G1_vs_G2M,DT-061,Methylprednisolone succinate,0.5427917410239609,0.39004214244674795
A-172,cellcycle_G1_vs_G2M,Trametinib,palbociclib,0.17139687312909105,0.3405500589903683
A-172,cellcycle_G1_vs_G2M,Everolimus,ULK-101,0.7591216879990204,0.740839072398747
A-172,cellcycle_G1_vs_G2M,AZD1390,ETC-206,0.5264713024068549,0.523293449123872
A-172,cellcycle_G1_vs_G2M,ML264,Sonidegib,0.16273234582588986,0.290497289552442
A-172,cellcycle_G1_vs_G2M,Bimiralisib,Pemigatinib,0.13753714003106665,0.20999207677997334
A-172,cellcycle_G1_vs_G2M,GSK1059615,Ralimetinib dimesylate,0.5282171779727914,0.6300570387443191
A-172,cellcycle_G1_vs_G2M,Capivasertib,Sapanisertib,0.0555004199151869,0.09250140606995032
A-172,cellcycle_G1_vs_G2M,4EGI-1,Erdafitinib ,0.32840667016836955,0.41747407556446675
A-172,cellcycle_G1_vs_G2M,BI-3406,ML264,0.33945604386885464,0.4546395261046104
A-172,cellcycle_G1_vs_G2M,Belumosudil (mesylate),GSK1059615,0.5562934142262786,0.637412885676797
A-172,cellcycle_G1_vs_G2M,Infigratinib,LY2090314,0.239427778865675,-0.05316707601725129
A-172,cellcycle_G1_vs_G2M,DT-061,SBI-0640756,0.20179910318706218,0.07802433239381076
A-172,cellcycle_G1_vs_G2M,APTO-253,CP21R7,0.13256561609972423,0.2937557492656042
A-172,cellcycle_G1_vs_G2M,Anastrozole,Tomivosertib,0.6069542728030632,0.5312494168387695
A-172,cellcycle_G1_vs_G2M,Oleic acid,Ralimetinib dimesylate,0.24990108431769187,0.1886403967256129
A-172,cellcycle_G1_vs_G2M,Ixazomib,Tomivosertib,0.22164215502749932,0.44163392124643114
A-172,cellcycle_G1_vs_G2M,LB-100,LY-2584702 (tosylate salt),0.00046459905268767324,0.17058620572855532
A-172,cellcycle_G1_vs_G2M,Tucatinib,olaparib,-0.016180796547592864,0.3138668010847834
A-172,cellcycle_G1_vs_G2M,Celecoxib,MK-3903,0.4559138341453511,0.4964113158306493
A-172,cellcycle_G1_vs_G2M,Bimiralisib,OTS514,-0.20080144676502454,-0.20928688448604127
A-172,cellcycle_G1_vs_G2M,Lapatinib ditosylate,MK-8353,0.518830040192789,0.5353328678184928
A-172,cellcycle_G1_vs_G2M,NG25,Tomivosertib,0.187006683211795,0.32476289740536846
A-172,cellcycle_G1_vs_G2M,4EGI-1,CP21R7,0.4265714717839011,0.31363070128908943
A-172,cellcycle_G1_vs_G2M,DTP3,Sonidegib,-0.14680838717056258,0.11458503727416643
A-172,cellcycle_G1_vs_G2M,AT7519,Gemcitabine,0.5998721196524504,0.5373090156833485
A-172,cellcycle_G1_vs_G2M,BI-78D3,Elimusertib hydrochloride,0.32624037312915577,0.29563166790486095
A-172,cellcycle_G1_vs_G2M,Infigratinib,Lapatinib ditosylate,0.22968512270184963,0.35283516201187703
A-172,cellcycle_G1_vs_G2M,Bimiralisib,Celecoxib,0.16631389809437994,0.09763906770822911
A-172,cellcycle_G1_vs_G2M,AT7519,Tubulin inhibitor 6,0.5700478343847142,0.4604679412895877
A-172,cellcycle_G1_vs_G2M,GSK1059615,Vemurafenib,0.48447967422148874,0.6370068564206488
A-172,cellcycle_G1_vs_G2M,BI-3406,Tomivosertib,0.284494866179225,0.4331887233862348
A-172,cellcycle_G1_vs_G2M,Hydroxyfasudil,Tomivosertib,0.555597111371662,0.6205830253720951
A-172,cellcycle_G1_vs_G2M,Paclitaxel,TAK-901,0.19368361229487405,0.388448148282614
A-172,cellcycle_G1_vs_G2M,Futibatinib,Paclitaxel,-0.07045274381216335,-0.1352911110876747
A-172,cellcycle_G1_vs_G2M,Infigratinib,Methylprednisolone succinate,0.3623334145745435,0.4086066142775636
A-172,cellcycle_G1_vs_G2M,Erdafitinib ,XRK3F2,0.5686333863732936,0.6018462317884865
A-172,cellcycle_G1_vs_G2M,Brivudine,LJI308,0.3859822807111433,0.48771165545831846
A-172,cellcycle_G1_vs_G2M,OTS514,ULK-101,-0.1069485151756073,-0.061909904676192895
A-172,cellcycle_G1_vs_G2M,Elimusertib hydrochloride,Tucatinib,-0.1073561413312546,0.17370793265051457
A-172,cellcycle_G1_vs_G2M,Bimiralisib,Encorafenib,0.6402111631346327,0.684243433643607
A-172,cellcycle_G1_vs_G2M,MK-8353,Regorafenib,0.22050346608465599,0.3600118636309494
A-172,cellcycle_G1_vs_G2M,HI-TOPK-032,Paclitaxel,0.21296799562983248,0.35549858744222584
A-172,cellcycle_G1_vs_G2M,9-ING-41,TAK-901,0.12892258402877804,0.3012960047691481
A-172,cellcycle_G1_vs_G2M,4EGI-1,Pralsetinib,0.621376541280243,0.6392031173494936
A-172,cellcycle_G1_vs_G2M,BI-78D3,Vemurafenib,0.5101149535521954,0.6864911521046713
A-172,cellcycle_G1_vs_G2M,AT7519,Erdafitinib ,0.5367206767309751,0.4638441742199376
A-172,cellcycle_G1_vs_G2M,4EGI-1,Anastrozole,0.4140160428432327,0.4747454201690059
A-172,cellcycle_G1_vs_G2M,Abemaciclib,Capmatinib,0.4118511698698523,0.401903957539133
A-172,cellcycle_G1_vs_G2M,Pimitespib,Temuterkib,-0.16748406886699155,-0.0008087920094482053
A-172,cellcycle_G1_vs_G2M,Binimetinib,Gemcitabine,0.15424401940618243,0.4194763895995221
A-427,cellcycle_G1_vs_G2M,Paclitaxel,TAK-901,0.1381923176086177,0.11355282791327574
A-427,cellcycle_G1_vs_G2M,Hydroxyfasudil,Ralimetinib dimesylate,0.2169817061150375,0.1980689651180459
A-427,cellcycle_G1_vs_G2M,Paclitaxel,Tubulin inhibitor 6,0.1390774732089678,0.45872596778545094
A-427,cellcycle_G1_vs_G2M,LY-2584702 (tosylate salt),ML264,-0.4392208646697581,-0.336177589658448
A-427,cellcycle_G1_vs_G2M,Capivasertib,Lapatinib ditosylate,0.3955265796696812,0.5805718074182757
A-427,cellcycle_G1_vs_G2M,AZD1390,MK-8353,0.39526109471476056,0.028319904537893036
A-427,cellcycle_G1_vs_G2M,4EGI-1,PF-06260933,-0.29701478560418054,-0.05705345217907429
A-427,cellcycle_G1_vs_G2M,BI-3406,IQ 1,0.5625555161596231,0.4791871768373936
A-427,cellcycle_G1_vs_G2M,Dabrafenib,ULK-101,0.5666169052596026,0.5235135110846423
A-427,cellcycle_G1_vs_G2M,Anastrozole,Minodronic acid,0.5071724029412785,0.6350363349163425
A-427,cellcycle_G1_vs_G2M,NVP-BHG712,Regorafenib,0.3694607428698323,0.20393007853225112
A-427,cellcycle_G1_vs_G2M,NG25,Pemigatinib,0.11979571354244928,-0.2149601036632604
A-427,cellcycle_G1_vs_G2M,Adagrasib,LY-2584702 (tosylate salt),0.5499459670180106,0.6606814017618147
A-427,cellcycle_G1_vs_G2M,Ralimetinib dimesylate,TAK-733,0.10054968499289497,-0.11450209048390599
A-427,cellcycle_G1_vs_G2M,Paclitaxel,vincristine,0.12510583487734409,-0.1286828332547733
A-427,cellcycle_G1_vs_G2M,Binimetinib,Capmatinib,0.9156973293804294,0.805730768287498
A-427,cellcycle_G1_vs_G2M,Erdafitinib ,Regorafenib,0.27013931836005506,0.1980401489834481
A-427,cellcycle_G1_vs_G2M,AZD-8055,LY-2584702 (tosylate salt),-0.3840267124347276,-0.4314087968472037
A-427,cellcycle_G1_vs_G2M,IQ 1,Pemigatinib,0.46608798218594955,0.37666369329782184
A-427,cellcycle_G1_vs_G2M,Binimetinib,LB-100,-0.063297846426415,0.02924475456435376
A-427,cellcycle_G1_vs_G2M,Brivudine,LB-100,-0.02412202289945155,0.036470044357136536
A-427,cellcycle_G1_vs_G2M,SBI-0640756,Vemurafenib,0.28053849681917753,0.17049153528793265
A-427,cellcycle_G1_vs_G2M,Dabrafenib,Tomivosertib,0.14794556587159324,0.10046226601321052
A-427,cellcycle_G1_vs_G2M,Ralimetinib dimesylate,ULK-101,0.5437690918802796,0.4699726495513241
A-427,cellcycle_G1_vs_G2M,EX229,c-Kit-IN-1,0.5053015063939222,0.6319430010999136
A-427,cellcycle_G1_vs_G2M,9-ING-41,TAK-901,0.12284314608279447,-0.04760987605785434
A-427,cellcycle_G1_vs_G2M,9-ING-41,RMC-6236,0.5514691525115,0.3080550028709121
A-427,cellcycle_G1_vs_G2M,Dabrafenib,Methylprednisolone succinate,0.08521485144449888,0.1674839169999966
A-427,cellcycle_G1_vs_G2M,CP21R7,Infigratinib,0.13315171502966883,0.11028762662429413
A-427,cellcycle_G1_vs_G2M,AZD1390,NG25,0.15531938266325804,0.37704864532990345
A-427,cellcycle_G1_vs_G2M,Afatinib,Elimusertib hydrochloride,0.2916196052654015,0.3725317175670983
A-427,cellcycle_G1_vs_G2M,APTO-253,Oxaliplatin,0.23245263690690218,0.2072993910362472
A-427,cellcycle_G1_vs_G2M,Alpelisib,BAY1125976,0.4288779531808049,0.21893458253186213
A-427,cellcycle_G1_vs_G2M,Erdafitinib ,Infigratinib,0.2919399088666408,0.0676758117305333
A-427,cellcycle_G1_vs_G2M,AZD-8055,MK-8353,0.31635508508850263,0.39430999892677276
A-427,cellcycle_G1_vs_G2M,PF-06260933,SBI-0640756,0.24185109717436723,0.6712766286548243
A-427,cellcycle_G1_vs_G2M,Capmatinib,RMC-6236,0.8359135221082742,0.7975264076298026
A-427,cellcycle_G1_vs_G2M,Afatinib,EX229,0.10896746241496305,0.10486253897435992
A-427,cellcycle_G1_vs_G2M,Afatinib,ERK5-IN-2,0.7644802701899106,0.7135354847990563
A-427,cellcycle_G1_vs_G2M,Hydroxyfasudil,Sapanisertib,0.1371228631563497,0.015770692603011713
A-427,cellcycle_G1_vs_G2M,Elimusertib hydrochloride,Tubulin inhibitor 6,0.17427618116495033,0.1607251462591906
A-427,cellcycle_G1_vs_G2M,Bimiralisib,Torkinib,-0.19591631520264483,-0.056774854233648225
A-427,cellcycle_G1_vs_G2M,MK-3903,Sapanisertib,0.7350785151314445,0.5351276018705964
A-427,cellcycle_G1_vs_G2M,Belumosudil (mesylate),ERK5-IN-2,0.2157023388788839,0.3849976389889355
A-427,cellcycle_G1_vs_G2M,MK-3903,Methylprednisolone succinate,0.22132775273930794,0.31372516857512267
A-427,cellcycle_G1_vs_G2M,LJI308,LY2090314,-0.1499728713660281,-0.06499788913746908
A-427,cellcycle_G1_vs_G2M,DT-061,venetoclax,0.24066721169974448,0.284790346313013
A-427,cellcycle_G1_vs_G2M,MK-8353,Temuterkib,0.3964987272490144,0.3646498272046874
A-427,cellcycle_G1_vs_G2M,Alpelisib,Tubulin inhibitor 6,0.24309540680060152,0.38644028445426815
A-427,cellcycle_G1_vs_G2M,Binimetinib,Tucatinib,0.013303325729361392,0.10566898607513768
A-427,cellcycle_G1_vs_G2M,Erdafitinib ,Tomivosertib,-0.04552192597352882,-0.015020016840989643
A-427,cellcycle_G1_vs_G2M,MK-8353,ML264,0.42035713205897746,0.33247642885489737
A-427,cellcycle_G1_vs_G2M,NG25,Oxaliplatin,-0.17101597438620803,0.43388041538568006
A-427,cellcycle_G1_vs_G2M,AZD1390,Lapatinib ditosylate,0.6129257808950963,0.29746882439150674
A-427,cellcycle_G1_vs_G2M,ETC-206,OTS514,0.35969553164179485,0.4235206597788693
A-427,cellcycle_G1_vs_G2M,Minodronic acid,NG25,-0.11317628296007728,0.22380913631467264
A-427,cellcycle_G1_vs_G2M,MK-3903,Volasertib,0.4066522723649648,0.19121492058431405
A-427,cellcycle_G1_vs_G2M,LY2090314,Sapanisertib,0.7898292615216341,0.41288811800186676
A-427,cellcycle_G1_vs_G2M,SBI-0640756,palbociclib,0.25138083811770723,0.30529941696872137
A-427,cellcycle_G1_vs_G2M,Ipatasertib,Trametinib,0.6140773915535921,0.6177980093019136
A-427,cellcycle_G1_vs_G2M,Afatinib,Oxaliplatin,-0.1271729230450278,0.16747260573529915
A-427,cellcycle_G1_vs_G2M,CP21R7,MK-3903,0.6043228984924482,0.484467563051908
A-427,cellcycle_G1_vs_G2M,APTO-253,Tucatinib,0.5032623062162169,0.39468152935752066
A-427,cellcycle_G1_vs_G2M,Methylprednisolone succinate,Sonidegib,0.3653397256828213,0.3426780293517564
A-427,cellcycle_G1_vs_G2M,Encorafenib,Minodronic acid,-0.06856276520728453,-0.059579277795209204
A-427,cellcycle_G1_vs_G2M,Gemcitabine,NG25,-0.0715791520585142,0.35891907349519786
A-427,cellcycle_G1_vs_G2M,Irinotecan,XRK3F2,-0.08938497708574342,-0.03357589435235622
A-427,cellcycle_G1_vs_G2M,Abemaciclib,Binimetinib,-0.0664920385920629,0.1069334623501758
A-427,cellcycle_G1_vs_G2M,LY-2584702 (tosylate salt),Vemurafenib,-0.46108406191498086,-0.3552856275217822
A-427,cellcycle_G1_vs_G2M,OTS514,Pralsetinib,0.098497852393098,0.05929435467031995
A-427,cellcycle_G1_vs_G2M,Irinotecan,PF-06260933,0.31444888840715224,0.6863224752378801
A-427,cellcycle_G1_vs_G2M,9-ING-41,Alpelisib,0.539315730735267,0.38205365922252815
A-427,cellcycle_G1_vs_G2M,EX229,Lapatinib ditosylate,0.19079778988986168,0.04465974807203592
A-427,cellcycle_G1_vs_G2M,APTO-253,Trametinib,0.21432176562832805,0.004049521202211751
A-427,cellcycle_G1_vs_G2M,Capmatinib,Trametinib,0.8230565347197173,0.781287970426439
A-427,cellcycle_G1_vs_G2M,Celecoxib,PF-06260933,0.1740988082274865,0.27644659472316835
A-427,cellcycle_G1_vs_G2M,Belzutifan,Regorafenib,0.1644511778711521,0.09623226674228126
A-427,cellcycle_G1_vs_G2M,AT7519,palbociclib,-0.02552177046366395,-0.15727780705523528
A-427,cellcycle_G1_vs_G2M,Capmatinib,Oleic acid,0.0642309662706419,0.1634242902950186
A-427,cellcycle_G1_vs_G2M,Afatinib,Irinotecan,0.04226296559406894,0.34551101943794377
A-427,cellcycle_G1_vs_G2M,OTS514,olaparib,0.07069844932180752,0.2702868121956231
A-427,cellcycle_G1_vs_G2M,BAY1125976,LB-100,0.210346002810041,0.22978151630140162
A-427,cellcycle_G1_vs_G2M,BI-78D3,CP21R7,0.5054834616569073,0.5163786146703381
A-427,cellcycle_G1_vs_G2M,9-ING-41,Tubulin inhibitor 6,0.15831482479769052,0.4430886472458452
A-427,cellcycle_G1_vs_G2M,Lapatinib ditosylate,ML264,0.6124603552815089,0.48438481867624444
A-427,cellcycle_G1_vs_G2M,AT7519,NG25,-0.22497306430429556,0.05882811497504286
A-427,cellcycle_G1_vs_G2M,Adagrasib,Volasertib,0.24748172005023922,0.4780417322211097
A-427,cellcycle_G1_vs_G2M,LY2090314,OTS514,0.39422625209157036,0.4073705757956576
A-427,cellcycle_G1_vs_G2M,EX229,Irinotecan,0.23348454917989125,0.3378810383522778
A-427,cellcycle_G1_vs_G2M,Paclitaxel,Sapanisertib,0.8428999626032788,0.7207139242734524
A-427,cellcycle_G1_vs_G2M,AZD1390,DT-061,0.25316972506393853,0.28684711007041597
A-427,cellcycle_G1_vs_G2M,BAY1125976,Infigratinib,0.20024413494901666,-0.20564213626448358
A-427,cellcycle_G1_vs_G2M,9-ING-41,Bimiralisib,0.6019460685011904,0.3916887273583311
A-427,cellcycle_G1_vs_G2M,AZD1390,BI-78D3,0.4279512336459808,0.06281902103268494
A-427,cellcycle_G1_vs_G2M,Anastrozole,Bentamapimod,0.14851703780290748,0.28656886774378265
A-427,cellcycle_G1_vs_G2M,Anastrozole,Elimusertib hydrochloride,0.24150327420000878,0.3652836860601947
A-427,cellcycle_G1_vs_G2M,Regorafenib,XRK3F2,0.6275918147828325,0.4348628585036735
A-427,cellcycle_G1_vs_G2M,LY2090314,c-Kit-IN-1,-0.24174520674149777,-0.06021202176992216
A-427,cellcycle_G1_vs_G2M,Binimetinib,Lapatinib ditosylate,0.13098018411851584,0.06183345420729174
A-427,cellcycle_G1_vs_G2M,Dabrafenib,OTS514,0.07827106700634942,-0.0054608063024418965
A498,cellcycle_G1_vs_G2M,palbociclib,venetoclax,-0.017429437487317165,0.06821261278536121
A498,cellcycle_G1_vs_G2M,Adagrasib,Belzutifan,-0.06496804906421873,-0.015225534362096659
A498,cellcycle_G1_vs_G2M,Tucatinib,olaparib,0.321410116160067,0.2627886634935324
A498,cellcycle_G1_vs_G2M,Elimusertib hydrochloride,RMC-6236,0.5147850737222802,0.4000841542077216
A498,cellcycle_G1_vs_G2M,MK-8353,Pralsetinib,0.2382578589764135,0.15268241372184968
A498,cellcycle_G1_vs_G2M,Abemaciclib,Pralsetinib,0.059995781756916035,0.07888419498869814
A498,cellcycle_G1_vs_G2M,Everolimus,LY-2584702 (tosylate salt),-0.007288929954244733,-0.09120629716591325
A498,cellcycle_G1_vs_G2M,AZD-8055,Tubulin inhibitor 6,0.220924598159711,0.44323134878389325
A498,cellcycle_G1_vs_G2M,Encorafenib,NG25,0.17606316258287494,0.1255282369206889
A498,cellcycle_G1_vs_G2M,Ixazomib,Torkinib,0.302285240667162,0.2483508249467435
A498,cellcycle_G1_vs_G2M,Celecoxib,Vemurafenib,0.5646066459928709,0.46679222187589603
A498,cellcycle_G1_vs_G2M,Futibatinib,SBI-0640756,0.3192102214339397,0.32236318414686904
A498,cellcycle_G1_vs_G2M,Ipatasertib,Pimitespib,0.18305691328243734,0.2484190257173707
A498,cellcycle_G1_vs_G2M,Celecoxib,olaparib,0.6109474822958767,0.5306404828018184
A498,cellcycle_G1_vs_G2M,Sonidegib,Trametinib,0.15950345616103573,0.3444818775903691
A498,cellcycle_G1_vs_G2M,BI-78D3,MK-3903,0.3132854992298207,0.3995536555629369
A498,cellcycle_G1_vs_G2M,LY-2584702 (tosylate salt),Pimitespib,0.2664367383181323,0.34696904795490696
A498,cellcycle_G1_vs_G2M,LY-2584702 (tosylate salt),Lonafarnib,-0.23569007179576285,-0.07902534734583984
A498,cellcycle_G1_vs_G2M,Abemaciclib,PH-797804,-0.020932857605394005,0.2915709183927982
A498,cellcycle_G1_vs_G2M,BI-78D3,Gemcitabine,0.39737300102326095,0.4834329756587829
A498,cellcycle_G1_vs_G2M,ETC-206,Tubulin inhibitor 6,0.581438187669608,0.573794308472147
A498,cellcycle_G1_vs_G2M,Elimusertib hydrochloride,PH-797804,0.06301062299250171,0.22681176720292442
A498,cellcycle_G1_vs_G2M,Lonafarnib,Oxaliplatin,0.031346238755907946,-0.014142168518631246
A498,cellcycle_G1_vs_G2M,AT7519,vincristine,0.11952279680071462,0.27880898214249583
A498,cellcycle_G1_vs_G2M,Infigratinib,Ixazomib,0.264129874047876,0.3411966935884318
A498,cellcycle_G1_vs_G2M,Abemaciclib,ERK5-IN-2,-0.0026068338045926037,0.04214597618200745
A498,cellcycle_G1_vs_G2M,Adagrasib,venetoclax,0.2675906495924073,0.2962256322649194
A498,cellcycle_G1_vs_G2M,BI-78D3,LY2090314,0.6181755895901195,0.5824306358045865
A498,cellcycle_G1_vs_G2M,Ipatasertib,Ralimetinib dimesylate,0.6980335135505031,0.6457672736260262
A498,cellcycle_G1_vs_G2M,Lapatinib ditosylate,Pralsetinib,0.23169432798926792,0.07660092694357096
A498,cellcycle_G1_vs_G2M,AT7519,Brivudine,0.24273174293368138,0.30417788675963325
A498,cellcycle_G1_vs_G2M,Belzutifan,Sapanisertib,0.20348912605943714,0.2598335491573322
A498,cellcycle_G1_vs_G2M,LB-100,Pemigatinib,0.3829739902333604,0.5022412143451553
A498,cellcycle_G1_vs_G2M,AT7519,DTP3,0.07799527797552756,0.26896273321821174
A498,cellcycle_G1_vs_G2M,Oxaliplatin,Volasertib,0.39092769466209837,0.3804668141488024
A498,cellcycle_G1_vs_G2M,9-ING-41,palbociclib,0.4733945077738302,0.4853160519204318
A498,cellcycle_G1_vs_G2M,9-ING-41,TAK-733,0.21201481995916768,0.29744820093806335
A498,cellcycle_G1_vs_G2M,Afatinib,Regorafenib,0.5639507450319913,0.5046661577943719
A498,cellcycle_G1_vs_G2M,EX229,Oxaliplatin,0.11893069151885532,-0.04542883651687957
A498,cellcycle_G1_vs_G2M,PH-797804,c-Kit-IN-1,0.041935935164110955,0.2644422481637183
A498,cellcycle_G1_vs_G2M,GSK1059615,ML264,0.3450633978500439,0.4581272096766225
A498,cellcycle_G1_vs_G2M,PF-06260933,PH-797804,0.30938605662660057,0.5263930920400011
A498,cellcycle_G1_vs_G2M,DT-061,ERK5-IN-2,0.20442258762743998,0.14001226021622876
A498,cellcycle_G1_vs_G2M,APTO-253,MK-8353,0.6061581318839873,0.46700726384580477
A498,cellcycle_G1_vs_G2M,IQ 1,NG25,0.23661811272716465,0.17820014786300098
A498,cellcycle_G1_vs_G2M,RMC-6236,palbociclib,0.7562382619006319,0.621229035504545
A498,cellcycle_G1_vs_G2M,AT7519,AZD-7648,0.01944427964205632,0.06835581420446496
A498,cellcycle_G1_vs_G2M,Sapanisertib,Trametinib,0.6646457039864645,0.5185509582609279
A498,cellcycle_G1_vs_G2M,AZD1390,DTP3,0.4734303985084964,0.4267758651079573
A498,cellcycle_G1_vs_G2M,NG25,Regorafenib,0.3309134071144108,0.3520494130335441
A498,cellcycle_G1_vs_G2M,9-ING-41,Alpelisib,0.4687630779250552,0.35517670786196376
A498,cellcycle_G1_vs_G2M,ERK5-IN-2,ML264,0.7292970051355318,0.7081418479559809
A498,cellcycle_G1_vs_G2M,Regorafenib,TAK-733,0.1667103744760124,0.11226607307907635
A498,cellcycle_G1_vs_G2M,Gemcitabine,MK-8353,0.613842773856528,0.5176857278719885
A498,cellcycle_G1_vs_G2M,Elimusertib hydrochloride,LY2090314,0.23858551973821493,-0.14860275669684955
A498,cellcycle_G1_vs_G2M,AT7519,palbociclib,-0.0012385615630516808,0.22663808508670313
A498,cellcycle_G1_vs_G2M,PH-797804,Vemurafenib,0.32079236367102393,0.2854861551961893
A498,cellcycle_G1_vs_G2M,Bimiralisib,IQ 1,0.6254306236440287,0.33616324872029457
A498,cellcycle_G1_vs_G2M,LY2090314,c-Kit-IN-1,0.05987111639214511,0.03811438093613898
A498,cellcycle_G1_vs_G2M,Celecoxib,IQ 1,0.4141434772137311,0.4311902284031208
A498,cellcycle_G1_vs_G2M,HI-TOPK-032,PH-797804,0.14299931516131367,0.2156947924461045
A498,cellcycle_G1_vs_G2M,DTP3,Trametinib,0.30295923061218216,0.1466706901858416
A498,cellcycle_G1_vs_G2M,OTS514,TAK-901,-0.10129683153104269,-0.11639772515451885
A498,cellcycle_G1_vs_G2M,Celecoxib,PF-06260933,0.35690416859594787,0.30922659770595223
A498,cellcycle_G1_vs_G2M,Minodronic acid,Torkinib,0.5919600200781281,0.5396944669666603
A498,cellcycle_G1_vs_G2M,Irinotecan,ML264,0.1908250625029818,0.2773735291384188
A498,cellcycle_G1_vs_G2M,APTO-253,Tomivosertib,0.1595648073693727,0.22091504244646298
A498,cellcycle_G1_vs_G2M,AT7519,Erdafitinib ,0.43412570544790513,0.37298362407415236
A498,cellcycle_G1_vs_G2M,Anastrozole,Infigratinib,0.29524697222907215,0.3331606743406969
A498,cellcycle_G1_vs_G2M,Hydroxyfasudil,TAK-733,-0.007454349214658096,-0.056700912593744726
A498,cellcycle_G1_vs_G2M,RMC-6236,olaparib,0.35074536844019305,0.3178206353908881
A498,cellcycle_G1_vs_G2M,Minodronic acid,Sonidegib,0.7397205894595462,0.5263561708180136
A498,cellcycle_G1_vs_G2M,Anastrozole,ML264,0.3511006340497512,0.3777190229244834
A498,cellcycle_G1_vs_G2M,BAY1125976,IQ 1,0.6167059087877911,0.43710098910854955
A498,cellcycle_G1_vs_G2M,Celecoxib,RMC-6236,0.23265242956271384,0.25888641687907776
A498,cellcycle_G1_vs_G2M,Gemcitabine,Irinotecan,0.7228034624416175,0.7602931324379605
A498,cellcycle_G1_vs_G2M,BI-78D3,Oxaliplatin,0.34632496112542555,0.3230179682118073
A498,cellcycle_G1_vs_G2M,Adagrasib,Gemcitabine,0.21851705370160415,0.28277892124748
A498,cellcycle_G1_vs_G2M,AZD-8055,Brivudine,0.08202607975345738,0.17172502375070253
A498,cellcycle_G1_vs_G2M,Gemcitabine,Minodronic acid,0.6009532814953401,0.4610238711111248
A498,cellcycle_G1_vs_G2M,AZD2858,Oxaliplatin,0.48495726138977746,0.47269435548227773
A498,cellcycle_G1_vs_G2M,DT-061,Sonidegib,0.4495189109093955,0.28392956709856354
A498,cellcycle_G1_vs_G2M,GSK1059615,Pimitespib,0.18003011556050882,0.27533716237907474
A498,cellcycle_G1_vs_G2M,Trametinib,Tucatinib,0.4427525071414542,0.2632726404532708
A498,cellcycle_G1_vs_G2M,Anastrozole,Sonidegib,0.3893202340607276,0.28597838668139225
A498,cellcycle_G1_vs_G2M,EX229,Paclitaxel,0.2415293276946272,0.31524971708578503
A498,cellcycle_G1_vs_G2M,Afatinib,olaparib,0.4283629697223753,0.38482809176432314
A498,cellcycle_G1_vs_G2M,DTP3,PH-797804,0.007164662323520164,-0.032968628081603515
A498,cellcycle_G1_vs_G2M,PF-06260933,Regorafenib,0.2966764274690236,0.1503363722193325
A498,cellcycle_G1_vs_G2M,Futibatinib,RMC-6236,0.4887443587790234,0.25997275524358837
A498,cellcycle_G1_vs_G2M,AZD-7648,Dabrafenib,0.03981084889417919,-0.11349394030772769
A498,cellcycle_G1_vs_G2M,Bimiralisib,Sapanisertib,0.7048154923640658,0.5514325536834271
A498,cellcycle_G1_vs_G2M,CP21R7,Sapanisertib,0.5046090573760814,0.5272894779168743
A498,cellcycle_G1_vs_G2M,Capivasertib,Temuterkib,0.13433761257145954,0.2896363609926974
A498,cellcycle_G1_vs_G2M,Anastrozole,vincristine,0.1288763368296769,0.23470662871672823
A498,cellcycle_G1_vs_G2M,AZD1390,AZD2858,0.28584623106879425,0.30431455226471105
A498,cellcycle_G1_vs_G2M,Capmatinib,Ixazomib,0.4763521755187939,0.423731858750869
A498,cellcycle_G1_vs_G2M,ETC-206,c-Kit-IN-1,0.20843203964738216,0.2424331397382762
A498,cellcycle_G1_vs_G2M,DT-061,Pimitespib,0.5787663438319943,0.5635582732846508
A498,cellcycle_G1_vs_G2M,Temuterkib,Tomivosertib,0.1431878101005472,0.07535847582230512
A549,cellcycle_G1_vs_G2M,ERK5-IN-2,Irinotecan,0.4122919799005921,0.4301646182249663
A549,cellcycle_G1_vs_G2M,Capmatinib,Lapatinib ditosylate,-0.03840135492719111,-0.06525855163869736
A549,cellcycle_G1_vs_G2M,9-ING-41,Lonafarnib,-0.07569469276803983,0.12972906796718023
A549,cellcycle_G1_vs_G2M,DT-061,LY2090314,0.281317371996115,0.2892054342183086
A549,cellcycle_G1_vs_G2M,Lapatinib ditosylate,MK-8353,0.6533449378595293,0.6243541170133676
A549,cellcycle_G1_vs_G2M,BI-78D3,Pimitespib,0.07015188926150209,0.27528941365587717
A549,cellcycle_G1_vs_G2M,NVP-BHG712,Temuterkib,0.7320103424407084,0.6683644824737969
A549,cellcycle_G1_vs_G2M,Belumosudil (mesylate),Bentamapimod,0.1423386316585416,-0.005614177046911133
A549,cellcycle_G1_vs_G2M,Capmatinib,MK-3903,0.5418378750534235,0.5475885926262873
A549,cellcycle_G1_vs_G2M,Abemaciclib,Anastrozole,0.25951291387789466,0.46803998873823427
A549,cellcycle_G1_vs_G2M,AT7519,palbociclib,-0.07499002916236527,0.10527886205361713
A549,cellcycle_G1_vs_G2M,9-ING-41,TAK-733,0.03193197639179832,0.16972970657711786
A549,cellcycle_G1_vs_G2M,Ipatasertib,Volasertib,0.21327367770507535,0.22104015023851067
A549,cellcycle_G1_vs_G2M,Encorafenib,ML264,0.5211169403301726,0.4673096222187256
A549,cellcycle_G1_vs_G2M,c-Kit-IN-1,palbociclib,-0.1908236495021927,0.12755935053600093
A549,cellcycle_G1_vs_G2M,HI-TOPK-032,Oxaliplatin,0.07703813019313632,0.2640588305195262
A549,cellcycle_G1_vs_G2M,Adagrasib,EX229,0.11635890433337946,0.23579328615459932
A549,cellcycle_G1_vs_G2M,IQ 1,TAK-733,0.015767441844777484,0.18475869133139708
A549,cellcycle_G1_vs_G2M,LJI308,Pemigatinib,0.2843952039039999,0.09726831393041395
A549,cellcycle_G1_vs_G2M,Paclitaxel,Tucatinib,0.4864083511603131,0.5356179097648206
A549,cellcycle_G1_vs_G2M,Trametinib,Tubulin inhibitor 6,0.17209787996672143,0.19434050856013152
A549,cellcycle_G1_vs_G2M,Hydroxyfasudil,Irinotecan,0.5147762034835597,0.5253568917562841
A549,cellcycle_G1_vs_G2M,Adagrasib,BAY1125976,-0.08990865425690246,-0.161166734430606
A549,cellcycle_G1_vs_G2M,AZD-8055,ML264,0.28832270274128013,0.23577599952681538
A549,cellcycle_G1_vs_G2M,DT-061,PH-797804,-0.09118343372448465,0.050467174763557124
A549,cellcycle_G1_vs_G2M,Adagrasib,Trametinib,-0.13895781756098402,0.17131038636510468
A549,cellcycle_G1_vs_G2M,GSK1059615,Torkinib,0.026056048705213324,-0.09396665726048709
A549,cellcycle_G1_vs_G2M,ERK5-IN-2,ML264,0.7970351754744821,0.7005856932317782
A549,cellcycle_G1_vs_G2M,Everolimus,Paclitaxel,0.3918191207137646,0.43330000302364835
A549,cellcycle_G1_vs_G2M,Bortezomib,PF-06260933,-0.2902095909204872,0.19674630054206738
A549,cellcycle_G1_vs_G2M,BI-3406,Bimiralisib,0.911189468679857,0.9096730247776098
A549,cellcycle_G1_vs_G2M,Elimusertib hydrochloride,Trametinib,0.7498370051258774,0.706349767422392
A549,cellcycle_G1_vs_G2M,Abemaciclib,Erdafitinib ,0.05537109522672088,0.0725616120718431
A549,cellcycle_G1_vs_G2M,Tucatinib,Volasertib,0.5695537713184977,0.5440946651639109
A549,cellcycle_G1_vs_G2M,Everolimus,Torkinib,0.4204350626530087,0.400670469356591
A549,cellcycle_G1_vs_G2M,Bentamapimod,Lapatinib ditosylate,0.4826591144401741,0.392203955502712
A549,cellcycle_G1_vs_G2M,BAY1125976,PH-797804,-0.2537748811639943,0.033742883913611486
A549,cellcycle_G1_vs_G2M,DTP3,IQ 1,0.24770218437517272,0.25972219719552947
A549,cellcycle_G1_vs_G2M,EX229,HI-TOPK-032,0.5100203871816913,0.4591133159769456
A549,cellcycle_G1_vs_G2M,OTS514,c-Kit-IN-1,-0.2565239725335602,-0.15926420318303713
A549,cellcycle_G1_vs_G2M,AZD1390,Futibatinib,0.2564821903202397,-0.10901564032464234
A549,cellcycle_G1_vs_G2M,4EGI-1,Lapatinib ditosylate,0.6712027437765252,0.2372881700918453
A549,cellcycle_G1_vs_G2M,Abemaciclib,LY-2584702 (tosylate salt),0.2158600611615255,0.21416180311632899
A549,cellcycle_G1_vs_G2M,ETC-206,Ralimetinib dimesylate,0.5030059343466105,0.43965600401003424
A549,cellcycle_G1_vs_G2M,AZD-8055,HI-TOPK-032,-0.06810186009063132,0.06018568495802631
A549,cellcycle_G1_vs_G2M,Encorafenib,Methylprednisolone succinate,0.07921181684901538,0.05477087685023207
A549,cellcycle_G1_vs_G2M,Erdafitinib ,MK-8353,0.6934046731103995,0.7169653018611091
A549,cellcycle_G1_vs_G2M,Brivudine,OTS514,-0.17477090681235752,-0.12531724012259562
A549,cellcycle_G1_vs_G2M,Temuterkib,vincristine,-0.09930818929448793,-0.1095416370166314
A549,cellcycle_G1_vs_G2M,Everolimus,palbociclib,-0.10762775886068136,-0.08155765152022318
A549,cellcycle_G1_vs_G2M,LJI308,MK-8353,0.3193088305844467,0.12851396215202865
A549,cellcycle_G1_vs_G2M,Binimetinib,palbociclib,0.7816417372791,0.7247615100148611
A549,cellcycle_G1_vs_G2M,ERK5-IN-2,Pimitespib,-0.03726841957581737,0.0783861090313291
A549,cellcycle_G1_vs_G2M,BAY1125976,Oleic acid,0.45017486210252267,0.3074704048423533
A549,cellcycle_G1_vs_G2M,EX229,Hydroxyfasudil,0.01690184323983878,0.08243416596894543
A549,cellcycle_G1_vs_G2M,BI-78D3,Torkinib,0.341485948007739,0.24162791317178364
A549,cellcycle_G1_vs_G2M,Adagrasib,MK-8353,0.3040663540718963,0.27432529334427896
A549,cellcycle_G1_vs_G2M,AT7519,IQ 1,0.219013600898914,0.32998883709767846
A549,cellcycle_G1_vs_G2M,Afatinib,olaparib,0.3205260543436537,0.3641046639432605
A549,cellcycle_G1_vs_G2M,GSK1059615,Tubulin inhibitor 6,0.25061470640803407,0.18985466971521303
A549,cellcycle_G1_vs_G2M,Encorafenib,Everolimus,0.1801163131882526,0.13996846140344288
A549,cellcycle_G1_vs_G2M,9-ING-41,Afatinib,0.6658267435397138,0.6084546818296771
A549,cellcycle_G1_vs_G2M,GSK1059615,Oxaliplatin,0.0029169287462543674,0.15003586662353988
A549,cellcycle_G1_vs_G2M,Adagrasib,NG25,0.09376087956270013,0.1459005340457319
A549,cellcycle_G1_vs_G2M,Erdafitinib ,Pimitespib,0.15437323190570534,0.26213757499505397
A549,cellcycle_G1_vs_G2M,Belzutifan,Infigratinib,0.27623084065336995,0.2684022643692132
A549,cellcycle_G1_vs_G2M,Methylprednisolone succinate,PH-797804,-0.08085394348100237,0.25786048678381757
A549,cellcycle_G1_vs_G2M,NVP-BHG712,Ralimetinib dimesylate,0.846546261484002,0.7914055764660652
A549,cellcycle_G1_vs_G2M,LJI308,Sonidegib,0.4069705623073153,0.5832023822443639
A549,cellcycle_G1_vs_G2M,Anastrozole,ERK5-IN-2,0.25383815691212774,0.28479244455771985
A549,cellcycle_G1_vs_G2M,AZD2858,Regorafenib,0.10811246549965434,0.15261380675818842
A549,cellcycle_G1_vs_G2M,ERK5-IN-2,Oleic acid,0.36308880243455627,0.26769353051579226
A549,cellcycle_G1_vs_G2M,LY-2584702 (tosylate salt),Lonafarnib,0.2689644907061649,0.05518201444697564
A549,cellcycle_G1_vs_G2M,AZD2858,Everolimus,0.40793514620768434,0.5366953123487183
A549,cellcycle_G1_vs_G2M,Encorafenib,Pemigatinib,0.3255392180919737,0.1287394809788363
A549,cellcycle_G1_vs_G2M,SBI-0640756,venetoclax,-0.2557426295782709,0.22637531204808276
A549,cellcycle_G1_vs_G2M,Pralsetinib,TAK-901,0.15820595114884364,0.3893953003869356
A549,cellcycle_G1_vs_G2M,LY2090314,PH-797804,-0.5800605650813441,-0.2174153626272381
A549,cellcycle_G1_vs_G2M,LY-2584702 (tosylate salt),RMC-6236,-0.0730042230436508,-0.0286508758609407
A549,cellcycle_G1_vs_G2M,IQ 1,RMC-6236,0.5150989186109205,0.4904935237831928
A549,cellcycle_G1_vs_G2M,Belzutifan,LB-100,0.09630200224856802,0.1466865333137059
A549,cellcycle_G1_vs_G2M,Anastrozole,Belzutifan,0.3236163755787723,0.23831163232832087
A549,cellcycle_G1_vs_G2M,AZD-8055,Volasertib,0.30879801146118757,0.06082453508181198
A549,cellcycle_G1_vs_G2M,Bentamapimod,GSK1059615,0.3203432230110328,0.38802666628540955
A549,cellcycle_G1_vs_G2M,IQ 1,Minodronic acid,0.21076692054395688,0.36146832172159943
A549,cellcycle_G1_vs_G2M,Bimiralisib,SBI-0640756,-0.02565816850397197,0.270418919008385
A549,cellcycle_G1_vs_G2M,BI-3406,XRK3F2,0.7548897198443878,0.7497872794795231
A549,cellcycle_G1_vs_G2M,ERK5-IN-2,Pralsetinib,-0.07370860072836777,-0.06072618347474236
A549,cellcycle_G1_vs_G2M,Afatinib,SBI-0640756,-0.03259930353475107,0.23082519189624834
A549,cellcycle_G1_vs_G2M,ETC-206,Torkinib,0.5610284290393134,0.5287011082231321
A549,cellcycle_G1_vs_G2M,Encorafenib,Tucatinib,0.3575609871950023,0.2140924490049291
A549,cellcycle_G1_vs_G2M,Belumosudil (mesylate),Gemcitabine,0.28309663000729957,0.27860871368340845
A549,cellcycle_G1_vs_G2M,Ixazomib,Temuterkib,0.09185049657445052,0.06298027049231458
A549,cellcycle_G1_vs_G2M,Lapatinib ditosylate,Sapanisertib,0.547301777936131,0.4757959689886314
A549,cellcycle_G1_vs_G2M,ETC-206,PF-06260933,0.47325956934565105,0.2864370444075628
A549,cellcycle_G1_vs_G2M,IQ 1,Sonidegib,0.3488955236263702,0.30096621065833373
A549,cellcycle_G1_vs_G2M,Erdafitinib ,Pemigatinib,0.6627307104361062,0.6504993217871128
A549,cellcycle_G1_vs_G2M,AZD-8055,Pemigatinib,0.37031010500665107,0.3426451226411701
A549,cellcycle_G1_vs_G2M,Belumosudil (mesylate),LY-2584702 (tosylate salt),0.25690218056467656,0.25567631776431526
A549,cellcycle_G1_vs_G2M,Sonidegib,Torkinib,0.3969804038908711,0.3919671246023997
AN3 CA,cellcycle_G1_vs_G2M,MK-3903,Ralimetinib dimesylate,0.278524992836814,0.27838392110547333
AN3 CA,cellcycle_G1_vs_G2M,Elimusertib hydrochloride,Irinotecan,0.4241916382103209,0.2571903841510811
AN3 CA,cellcycle_G1_vs_G2M,olaparib,venetoclax,0.508551321711915,0.5663557045950034
AN3 CA,cellcycle_G1_vs_G2M,4EGI-1,Tucatinib,0.4051235365818803,0.314663010076488
AN3 CA,cellcycle_G1_vs_G2M,Ipatasertib,TAK-901,0.28101831368062485,0.26346263953745186
AN3 CA,cellcycle_G1_vs_G2M,Capmatinib,NG25,0.386343680281557,0.19235059368327057
AN3 CA,cellcycle_G1_vs_G2M,Afatinib,Paclitaxel,0.9139488589854083,0.8503932689265268
AN3 CA,cellcycle_G1_vs_G2M,LB-100,TAK-733,0.5516426895853213,0.16995264128281676
AN3 CA,cellcycle_G1_vs_G2M,Irinotecan,Pralsetinib,0.4069228023538194,0.5286308271287042
AN3 CA,cellcycle_G1_vs_G2M,Anastrozole,olaparib,0.45678662282467586,0.2997993625237781
AN3 CA,cellcycle_G1_vs_G2M,Abemaciclib,Lapatinib ditosylate,0.5602340418115611,0.2574351106829864
AN3 CA,cellcycle_G1_vs_G2M,Celecoxib,Pralsetinib,0.5162966446663185,0.19053069883540938
AN3 CA,cellcycle_G1_vs_G2M,4EGI-1,Trametinib,0.32292824797003133,0.3307908947605034
AN3 CA,cellcycle_G1_vs_G2M,NG25,Vemurafenib,0.5211182029643442,0.24594060931200773
AN3 CA,cellcycle_G1_vs_G2M,AZD-8055,Lapatinib ditosylate,0.6642474632566551,0.2402407048487278
AN3 CA,cellcycle_G1_vs_G2M,MK-3903,Pralsetinib,0.36788821370736796,0.46039861046761577
AN3 CA,cellcycle_G1_vs_G2M,Volasertib,XRK3F2,0.7441164926043597,0.5154616558084207
AN3 CA,cellcycle_G1_vs_G2M,HI-TOPK-032,LB-100,0.2553860344113358,0.2295489073579559
AN3 CA,cellcycle_G1_vs_G2M,AZD-7648,MK-3903,0.13830075709368644,-0.04397842476859796
AN3 CA,cellcycle_G1_vs_G2M,Ixazomib,LB-100,0.6782272770224327,0.21396902524034045
AN3 CA,cellcycle_G1_vs_G2M,Futibatinib,NG25,0.43020553791982613,0.2339216053638787
AN3 CA,cellcycle_G1_vs_G2M,Bentamapimod,NG25,0.5197201296402146,0.23676066889538216
AN3 CA,cellcycle_G1_vs_G2M,AZD-7648,AZD1390,0.2843909054980162,-0.23511637878208977
AN3 CA,cellcycle_G1_vs_G2M,Dabrafenib,Infigratinib,0.14040921148820387,0.007949931985509192
AN3 CA,cellcycle_G1_vs_G2M,Dabrafenib,Minodronic acid,0.7071503169011855,0.29371953112031507
AN3 CA,cellcycle_G1_vs_G2M,Oxaliplatin,venetoclax,0.30624280871966014,0.11726084855685245
AN3 CA,cellcycle_G1_vs_G2M,HI-TOPK-032,Lapatinib ditosylate,0.29601009630799424,0.40173554244063775
AN3 CA,cellcycle_G1_vs_G2M,AZD1390,RMC-6236,0.32590515171431983,0.03017107584986856
AN3 CA,cellcycle_G1_vs_G2M,BAY1125976,ETC-206,0.467495399043488,0.4408840912942363
AN3 CA,cellcycle_G1_vs_G2M,ETC-206,Pralsetinib,0.5104228835623653,-0.05232140825193493
AN3 CA,cellcycle_G1_vs_G2M,Erdafitinib ,Futibatinib,0.6276843475769339,0.4895579569819604
AN3 CA,cellcycle_G1_vs_G2M,LB-100,Tomivosertib,0.5096439697403824,0.3192809796048362
AN3 CA,cellcycle_G1_vs_G2M,LY2090314,palbociclib,0.8479432017946891,0.6061231153888661
AN3 CA,cellcycle_G1_vs_G2M,Dabrafenib,Sapanisertib,0.8195412887386064,0.6821959781302065
AN3 CA,cellcycle_G1_vs_G2M,BAY1125976,palbociclib,0.6920500778542534,0.441120679525721
AN3 CA,cellcycle_G1_vs_G2M,Elimusertib hydrochloride,Trametinib,0.5183349388897986,0.38281319712843825
AN3 CA,cellcycle_G1_vs_G2M,AZD-8055,Minodronic acid,0.6227454693557041,0.1777068510503631
AN3 CA,cellcycle_G1_vs_G2M,BI-78D3,LB-100,0.7198021442803118,0.4110009111423321
AN3 CA,cellcycle_G1_vs_G2M,Celecoxib,Ipatasertib,0.2944863643694988,0.1177615370983044
AN3 CA,cellcycle_G1_vs_G2M,Futibatinib,olaparib,0.3718126501908183,-0.16372592617488782
AN3 CA,cellcycle_G1_vs_G2M,Lapatinib ditosylate,RMC-6236,0.642459736992083,0.2642297293779056
AN3 CA,cellcycle_G1_vs_G2M,Regorafenib,Tucatinib,0.4765368362036581,0.43361300969016536
AN3 CA,cellcycle_G1_vs_G2M,Lapatinib ditosylate,XRK3F2,0.7206187313777401,0.46593214031945795
AN3 CA,cellcycle_G1_vs_G2M,CP21R7,Pralsetinib,0.3507471013211747,0.14284749689964427
AN3 CA,cellcycle_G1_vs_G2M,BAY1125976,TAK-733,0.585868261118515,0.25075944962520885
AN3 CA,cellcycle_G1_vs_G2M,Bimiralisib,Tucatinib,0.3777339907008736,0.2688006445092549
AN3 CA,cellcycle_G1_vs_G2M,Belumosudil (mesylate),Capmatinib,0.5008730406256688,0.5126860118754268
AN3 CA,cellcycle_G1_vs_G2M,AZD1390,MK-3903,0.4695109876340194,0.38423887542503293
AN3 CA,cellcycle_G1_vs_G2M,APTO-253,c-Kit-IN-1,0.4813917955521001,0.1051434139526495
AN3 CA,cellcycle_G1_vs_G2M,Oxaliplatin,olaparib,0.42326370563482574,0.12417239570206795
AN3 CA,cellcycle_G1_vs_G2M,AZD1390,Lapatinib ditosylate,0.3000265198489588,0.0033165748732321455
AN3 CA,cellcycle_G1_vs_G2M,ML264,Oxaliplatin,0.5296079839522436,0.309883726287934
AN3 CA,cellcycle_G1_vs_G2M,Capmatinib,Oleic acid,0.47418278324294577,0.2772607320686704
AN3 CA,cellcycle_G1_vs_G2M,Belumosudil (mesylate),Paclitaxel,0.6936911076842746,0.25854316427224305
AN3 CA,cellcycle_G1_vs_G2M,Bentamapimod,PF-06260933,0.5272758653389316,0.15814801912394813
AN3 CA,cellcycle_G1_vs_G2M,Erdafitinib ,Everolimus,0.5974623661085434,0.1320273780516331
AN3 CA,cellcycle_G1_vs_G2M,Sapanisertib,venetoclax,0.23760355502001107,0.18064301422390916
AN3 CA,cellcycle_G1_vs_G2M,RMC-6236,venetoclax,0.3899853853736259,0.16898268560164567
AN3 CA,cellcycle_G1_vs_G2M,Ralimetinib dimesylate,olaparib,0.37825438818137364,0.06744968066864314
AN3 CA,cellcycle_G1_vs_G2M,BI-3406,Paclitaxel,0.6324581977326742,0.5344518257203128
AN3 CA,cellcycle_G1_vs_G2M,Oleic acid,palbociclib,0.7129748855867036,0.3957567517608154
AN3 CA,cellcycle_G1_vs_G2M,TAK-733,venetoclax,0.6247757794693979,0.6197926165270243
AN3 CA,cellcycle_G1_vs_G2M,Oleic acid,olaparib,0.4731154589466954,0.06500832415866442
AN3 CA,cellcycle_G1_vs_G2M,BI-78D3,Minodronic acid,0.6605080028709839,0.286665797937678
AN3 CA,cellcycle_G1_vs_G2M,Minodronic acid,olaparib,0.44272803846070985,0.10174643598225848
AN3 CA,cellcycle_G1_vs_G2M,4EGI-1,BI-3406,0.38539543232156037,0.34354219910673917
AN3 CA,cellcycle_G1_vs_G2M,Afatinib,Belumosudil (mesylate),0.6807203117181904,0.3286004983890447
AN3 CA,cellcycle_G1_vs_G2M,Dabrafenib,olaparib,0.29958048786483427,-0.15091982560881947
AN3 CA,cellcycle_G1_vs_G2M,Methylprednisolone succinate,NG25,0.3712270774969687,0.06632948270600696
AN3 CA,cellcycle_G1_vs_G2M,BI-3406,CP21R7,0.48333038265651984,0.5488554834410695
AN3 CA,cellcycle_G1_vs_G2M,Celecoxib,palbociclib,0.6417336146111653,0.37379654334650936
AN3 CA,cellcycle_G1_vs_G2M,Temuterkib,palbociclib,0.7877162338915803,0.5375333404486806
AN3 CA,cellcycle_G1_vs_G2M,Belzutifan,LY2090314,0.6847558480317802,0.5202651780537765
AN3 CA,cellcycle_G1_vs_G2M,NVP-BHG712,Paclitaxel,0.7142137112537885,0.6760062854539013
AN3 CA,cellcycle_G1_vs_G2M,Elimusertib hydrochloride,Futibatinib,0.3596293143594248,-0.05948718133484429
AN3 CA,cellcycle_G1_vs_G2M,BI-3406,Tucatinib,0.45658126634763313,0.39387042206245526
AN3 CA,cellcycle_G1_vs_G2M,APTO-253,TAK-901,-0.011354342485604425,-0.12710290445808498
AN3 CA,cellcycle_G1_vs_G2M,Ixazomib,NVP-BHG712,0.7013494230028998,0.507159904006587
AN3 CA,cellcycle_G1_vs_G2M,BI-3406,Regorafenib,0.5809541933063946,0.6570622865334567
AN3 CA,cellcycle_G1_vs_G2M,Dabrafenib,Ipatasertib,0.447362697889847,0.5266263285503336
AN3 CA,cellcycle_G1_vs_G2M,Capmatinib,palbociclib,0.43787863979842767,0.2144575314472625
AN3 CA,cellcycle_G1_vs_G2M,Gemcitabine,Tucatinib,0.4444119995724078,0.245217587567708
AN3 CA,cellcycle_G1_vs_G2M,CP21R7,TAK-733,0.31764596132539563,0.18856872401371416
AN3 CA,cellcycle_G1_vs_G2M,Abemaciclib,Ixazomib,0.641094747037289,0.38842443842988605
AN3 CA,cellcycle_G1_vs_G2M,Afatinib,Ixazomib,0.7320280108868036,0.4755100799685281
AN3 CA,cellcycle_G1_vs_G2M,AZD1390,Sapanisertib,0.3890636145285823,0.08050016528790266
AN3 CA,cellcycle_G1_vs_G2M,Abemaciclib,Bentamapimod,0.5860062827757034,0.16361169237961665
AN3 CA,cellcycle_G1_vs_G2M,Belzutifan,Elimusertib hydrochloride,0.37314457646628674,0.025959928058480443
AN3 CA,cellcycle_G1_vs_G2M,Everolimus,Tomivosertib,0.5391431116053749,0.502092290805152
AN3 CA,cellcycle_G1_vs_G2M,Irinotecan,TAK-733,0.4202545682733874,0.2589945890559087
AN3 CA,cellcycle_G1_vs_G2M,AZD-7648,Lapatinib ditosylate,0.7093174132233296,0.47830570259782174
AN3 CA,cellcycle_G1_vs_G2M,Anastrozole,PF-06260933,0.49942371253135154,0.4021366905563096
AN3 CA,cellcycle_G1_vs_G2M,Encorafenib,Regorafenib,0.5109900184111403,0.6232556297469598
AN3 CA,cellcycle_G1_vs_G2M,Ipatasertib,LY2090314,0.3723936837555346,0.3116247190840594
AN3 CA,cellcycle_G1_vs_G2M,Encorafenib,Pralsetinib,0.4822456107938734,-0.030340857825652604
AN3 CA,cellcycle_G1_vs_G2M,Belumosudil (mesylate),ETC-206,0.5819260180005863,0.23016494054018521
AN3 CA,cellcycle_G1_vs_G2M,Regorafenib,Temuterkib,0.5233296809727642,0.42363744814126225
AN3 CA,cellcycle_G1_vs_G2M,ETC-206,HI-TOPK-032,0.34759308698535163,0.31152906983067685
AN3 CA,cellcycle_G1_vs_G2M,Paclitaxel,palbociclib,0.7947825134425126,0.4709785516522471
AN3 CA,cellcycle_G1_vs_G2M,LY2090314,Regorafenib,0.42990306604466993,0.23947195666711846
AsPC-1,cellcycle_G1_vs_G2M,Regorafenib,TAK-733,0.6343523830755327,0.5438687807355033
AsPC-1,cellcycle_G1_vs_G2M,Anastrozole,Tubulin inhibitor 6,0.70395653152578,0.4490798744815536
AsPC-1,cellcycle_G1_vs_G2M,EX229,Paclitaxel,0.3871123463677027,0.3506697352954195
AsPC-1,cellcycle_G1_vs_G2M,Infigratinib,Tomivosertib,0.15360418677221127,0.36473020415279855
AsPC-1,cellcycle_G1_vs_G2M,Afatinib,Ixazomib,0.30143506324867675,0.2572890462532221
AsPC-1,cellcycle_G1_vs_G2M,BAY1125976,Tubulin inhibitor 6,0.4339380215476555,0.28723489012808834
AsPC-1,cellcycle_G1_vs_G2M,AT7519,PH-797804,0.2227252018028407,0.28358645954747974
AsPC-1,cellcycle_G1_vs_G2M,AZD1390,Capivasertib,0.42034799787024096,0.24481912098279954
AsPC-1,cellcycle_G1_vs_G2M,9-ING-41,Binimetinib,0.4355406800769357,0.37669409832460315
AsPC-1,cellcycle_G1_vs_G2M,MK-3903,Pemigatinib,0.37315509118326984,0.44863916291748107
AsPC-1,cellcycle_G1_vs_G2M,AT7519,Trametinib,-0.04342712829608942,0.04582715621470587
AsPC-1,cellcycle_G1_vs_G2M,Encorafenib,Lapatinib ditosylate,0.24715731740563254,0.351977389707153
AsPC-1,cellcycle_G1_vs_G2M,Bimiralisib,ML264,0.08262865900504239,0.10228364908187054
AsPC-1,cellcycle_G1_vs_G2M,Bentamapimod,Elimusertib hydrochloride,-0.179074118310213,-0.0807313801684009
AsPC-1,cellcycle_G1_vs_G2M,Celecoxib,venetoclax,0.19838127301344513,0.04621054365837481
AsPC-1,cellcycle_G1_vs_G2M,Dabrafenib,Ralimetinib dimesylate,0.6860735439890092,0.6713653884258841
AsPC-1,cellcycle_G1_vs_G2M,Afatinib,Tubulin inhibitor 6,0.11516961032868281,0.18574362689494148
AsPC-1,cellcycle_G1_vs_G2M,HI-TOPK-032,Tubulin inhibitor 6,0.3439161674906177,0.2417164252227176
AsPC-1,cellcycle_G1_vs_G2M,Afatinib,TAK-901,0.21036733855132905,0.20624222073288753
AsPC-1,cellcycle_G1_vs_G2M,Minodronic acid,Tubulin inhibitor 6,0.6239703485170806,0.46040434978749734
AsPC-1,cellcycle_G1_vs_G2M,Capivasertib,Lapatinib ditosylate,0.6865211478690524,0.46792216279033205
AsPC-1,cellcycle_G1_vs_G2M,ETC-206,Tucatinib,0.6702014624364538,0.5339536790910423
AsPC-1,cellcycle_G1_vs_G2M,EX229,Elimusertib hydrochloride,0.42534595260092817,0.29791772039889236
AsPC-1,cellcycle_G1_vs_G2M,Erdafitinib ,ML264,0.6840543835397941,0.43342424762435594
AsPC-1,cellcycle_G1_vs_G2M,AZD1390,NVP-BHG712,0.5712727973336054,0.2998225839234747
AsPC-1,cellcycle_G1_vs_G2M,BI-78D3,Oleic acid,0.5289918478599276,0.44485260405635685
AsPC-1,cellcycle_G1_vs_G2M,EX229,Vemurafenib,0.41021581683130776,0.3485695870778127
AsPC-1,cellcycle_G1_vs_G2M,Afatinib,NG25,0.7762334244808867,0.6706443194897422
AsPC-1,cellcycle_G1_vs_G2M,BI-3406,Dabrafenib,-0.06235712998799258,0.006936008569463055
AsPC-1,cellcycle_G1_vs_G2M,Bortezomib,RMC-6236,0.20119287413396092,0.13845667127574898
AsPC-1,cellcycle_G1_vs_G2M,Anastrozole,MK-8353,0.5818735352644678,0.43027303021082275
AsPC-1,cellcycle_G1_vs_G2M,CP21R7,Encorafenib,0.30546715825243903,0.26121857645061614
AsPC-1,cellcycle_G1_vs_G2M,Brivudine,Ixazomib,0.05709533706736566,0.12619655710208377
AsPC-1,cellcycle_G1_vs_G2M,BI-78D3,ML264,0.8701313192525323,0.6719720928580082
AsPC-1,cellcycle_G1_vs_G2M,Bortezomib,Tucatinib,0.0305731397569391,0.16671401469874703
AsPC-1,cellcycle_G1_vs_G2M,AT7519,palbociclib,0.027301480987515028,0.04487501085795436
AsPC-1,cellcycle_G1_vs_G2M,ETC-206,Irinotecan,0.7682224007973977,0.5964334718671412
AsPC-1,cellcycle_G1_vs_G2M,9-ING-41,GSK1059615,0.6437840306044255,0.6418430861500755
AsPC-1,cellcycle_G1_vs_G2M,Binimetinib,Dabrafenib,-0.10161314624995121,-0.04484973534715859
AsPC-1,cellcycle_G1_vs_G2M,Capivasertib,Ixazomib,0.4232538934108679,0.21912428738853829
AsPC-1,cellcycle_G1_vs_G2M,Ixazomib,ML264,0.33646394625779924,0.20547174854345118
AsPC-1,cellcycle_G1_vs_G2M,Brivudine,Minodronic acid,-0.03837269326445816,-0.012897967231191194
AsPC-1,cellcycle_G1_vs_G2M,Abemaciclib,Oxaliplatin,0.33162355130358223,0.2829550957078114
AsPC-1,cellcycle_G1_vs_G2M,Tubulin inhibitor 6,olaparib,0.4256621148770783,0.21093552892215917
AsPC-1,cellcycle_G1_vs_G2M,Paclitaxel,Regorafenib,0.6883150712828151,0.4698202219059002
AsPC-1,cellcycle_G1_vs_G2M,Abemaciclib,Ipatasertib,0.31121720985900125,0.24787916453471293
AsPC-1,cellcycle_G1_vs_G2M,Oxaliplatin,Tubulin inhibitor 6,0.5673120419600781,0.3249172927856997
AsPC-1,cellcycle_G1_vs_G2M,Alpelisib,Sapanisertib,0.01713661229377452,0.16779988433237344
AsPC-1,cellcycle_G1_vs_G2M,Irinotecan,Tomivosertib,0.11386255052258942,0.3114344899766879
AsPC-1,cellcycle_G1_vs_G2M,Oxaliplatin,c-Kit-IN-1,0.3513845634248329,0.29102914708407107
AsPC-1,cellcycle_G1_vs_G2M,DT-061,MK-3903,0.47303747351101033,0.21730213667487447
AsPC-1,cellcycle_G1_vs_G2M,Pralsetinib,palbociclib,0.347558836007338,0.37353668150331787
AsPC-1,cellcycle_G1_vs_G2M,Capivasertib,Oleic acid,0.6619221017805956,0.3033953326505957
AsPC-1,cellcycle_G1_vs_G2M,Alpelisib,BI-3406,0.9592066142320786,0.8926840170583646
AsPC-1,cellcycle_G1_vs_G2M,Afatinib,Elimusertib hydrochloride,0.8284085070467269,0.7007419129277976
AsPC-1,cellcycle_G1_vs_G2M,Abemaciclib,LY2090314,0.17804147734104503,0.1352232864871748
AsPC-1,cellcycle_G1_vs_G2M,Dabrafenib,Minodronic acid,0.43202542625022733,0.46919382739525395
AsPC-1,cellcycle_G1_vs_G2M,palbociclib,venetoclax,0.6485324540224197,0.49768254738122947
AsPC-1,cellcycle_G1_vs_G2M,Abemaciclib,Pralsetinib,0.256182408976065,0.26961438345033534
AsPC-1,cellcycle_G1_vs_G2M,Brivudine,LY2090314,-0.16711816447936126,-0.22101370120426728
AsPC-1,cellcycle_G1_vs_G2M,Anastrozole,Elimusertib hydrochloride,0.12267985438889162,0.12151390109838517
AsPC-1,cellcycle_G1_vs_G2M,Abemaciclib,BI-78D3,0.34346550865713565,0.34226442548047
AsPC-1,cellcycle_G1_vs_G2M,APTO-253,SBI-0640756,0.4081644099003219,0.4026562439232779
AsPC-1,cellcycle_G1_vs_G2M,MK-3903,Regorafenib,0.5803400086187475,0.3949116930455409
AsPC-1,cellcycle_G1_vs_G2M,Ixazomib,palbociclib,0.3894537391315753,0.3680414371536998
AsPC-1,cellcycle_G1_vs_G2M,Methylprednisolone succinate,Pemigatinib,0.34975367958276227,0.2864316686166233
AsPC-1,cellcycle_G1_vs_G2M,Erdafitinib ,HI-TOPK-032,0.2834639234675256,0.07467644650431773
AsPC-1,cellcycle_G1_vs_G2M,PH-797804,palbociclib,-0.04527744237649574,0.12449447598782065
AsPC-1,cellcycle_G1_vs_G2M,BI-78D3,Gemcitabine,0.6062096225702606,0.5403744756762607
AsPC-1,cellcycle_G1_vs_G2M,AZD-7648,Celecoxib,0.19755430497694734,0.10768015141810741
AsPC-1,cellcycle_G1_vs_G2M,EX229,XRK3F2,0.33847637950662546,0.3214596458628397
AsPC-1,cellcycle_G1_vs_G2M,Capivasertib,Tubulin inhibitor 6,0.5771442544468804,0.3581177692719569
AsPC-1,cellcycle_G1_vs_G2M,LB-100,TAK-733,0.11794854080741682,0.24715905721650827
AsPC-1,cellcycle_G1_vs_G2M,BI-3406,Elimusertib hydrochloride,0.8398423516875165,0.7410967236420194
AsPC-1,cellcycle_G1_vs_G2M,Elimusertib hydrochloride,Paclitaxel,0.735152216126352,0.6257238249742887
AsPC-1,cellcycle_G1_vs_G2M,Erdafitinib ,RMC-6236,-0.07400967267045012,0.051278661873022977
AsPC-1,cellcycle_G1_vs_G2M,Brivudine,ML264,0.10862993097798844,0.2339768640398018
AsPC-1,cellcycle_G1_vs_G2M,9-ING-41,Irinotecan,0.5965923484971889,0.5394010189179936
AsPC-1,cellcycle_G1_vs_G2M,Abemaciclib,Ralimetinib dimesylate,0.3485643744399446,0.24241631041822942
AsPC-1,cellcycle_G1_vs_G2M,Celecoxib,GSK1059615,-0.0016729542982576243,0.04309452102711439
AsPC-1,cellcycle_G1_vs_G2M,Afatinib,Paclitaxel,0.9050476603866031,0.8115815261159219
AsPC-1,cellcycle_G1_vs_G2M,MK-8353,Paclitaxel,-0.08083247047059608,0.02777956491531184
AsPC-1,cellcycle_G1_vs_G2M,DT-061,Irinotecan,0.44162910188601556,0.36512015044852225
AsPC-1,cellcycle_G1_vs_G2M,NG25,Vemurafenib,0.85772526244183,0.7501586624950746
AsPC-1,cellcycle_G1_vs_G2M,Oxaliplatin,Regorafenib,0.337172264801847,0.20503088421013207
AsPC-1,cellcycle_G1_vs_G2M,AZD-8055,Gemcitabine,0.33097232401812243,0.2138920739363032
AsPC-1,cellcycle_G1_vs_G2M,Anastrozole,RMC-6236,0.019060868146036098,0.0933396378079707
AsPC-1,cellcycle_G1_vs_G2M,Ralimetinib dimesylate,TAK-733,0.23443372535319867,0.24133056256654875
AsPC-1,cellcycle_G1_vs_G2M,Tubulin inhibitor 6,ULK-101,0.6228100810388648,0.3916183520886067
AsPC-1,cellcycle_G1_vs_G2M,APTO-253,Irinotecan,0.6549903878922781,0.5827012327204596
AsPC-1,cellcycle_G1_vs_G2M,APTO-253,LY2090314,0.7325002125663619,0.5152867559356423
AsPC-1,cellcycle_G1_vs_G2M,Everolimus,Paclitaxel,0.10902496737175527,0.26402719871501124
AsPC-1,cellcycle_G1_vs_G2M,Capivasertib,HI-TOPK-032,0.31791696746847636,0.08418151533373538
AsPC-1,cellcycle_G1_vs_G2M,Celecoxib,ML264,0.5256588828909619,0.39992276289657797
AsPC-1,cellcycle_G1_vs_G2M,Binimetinib,Celecoxib,0.08019978991250032,0.017234451290480457
AsPC-1,cellcycle_G1_vs_G2M,NG25,PH-797804,0.0739842741741109,0.157538874088206
AsPC-1,cellcycle_G1_vs_G2M,AZD1390,LB-100,0.7914927756817104,0.5575460955175899
AsPC-1,cellcycle_G1_vs_G2M,Alpelisib,olaparib,0.11182959567362313,0.24955636811492843
AsPC-1,cellcycle_G1_vs_G2M,ETC-206,TAK-901,0.017334795165951475,0.16983541507963737
AsPC-1,cellcycle_G1_vs_G2M,LB-100,RMC-6236,0.0026386150048296197,0.04245530231764203
BT-474,cellcycle_G1_vs_G2M,Pralsetinib,olaparib,0.5442540540431138,0.43382348652158054
BT-474,cellcycle_G1_vs_G2M,IQ 1,PF-06260933,-0.18965238693700837,-0.16392838260534032
BT-474,cellcycle_G1_vs_G2M,Ixazomib,Sapanisertib,0.08070252384306133,0.3379743682170873
BT-474,cellcycle_G1_vs_G2M,Oxaliplatin,Pemigatinib,0.5692631880026514,0.43555422947285183
BT-474,cellcycle_G1_vs_G2M,MK-8353,RMC-6236,0.06173659600389404,0.22312402764579317
BT-474,cellcycle_G1_vs_G2M,TAK-733,Tucatinib,0.25755936111613953,0.17958664847213415
BT-474,cellcycle_G1_vs_G2M,Celecoxib,Methylprednisolone succinate,0.5870331120096384,0.5481209382846536
BT-474,cellcycle_G1_vs_G2M,AZD1390,Lapatinib ditosylate,0.10346521588218427,0.26316242068284973
BT-474,cellcycle_G1_vs_G2M,Celecoxib,Pemigatinib,0.6326091255595425,0.5270540442860211
BT-474,cellcycle_G1_vs_G2M,Afatinib,RMC-6236,0.7829030593778854,0.7664545024474496
BT-474,cellcycle_G1_vs_G2M,AZD-8055,Regorafenib,0.6624288874762981,0.6434451849867362
BT-474,cellcycle_G1_vs_G2M,AZD-8055,Tomivosertib,0.2267063476931439,0.3249545378227645
BT-474,cellcycle_G1_vs_G2M,PH-797804,Temuterkib,0.05406530593088639,-0.01231009444651112
BT-474,cellcycle_G1_vs_G2M,Belzutifan,Gemcitabine,0.4421761038120522,0.4223788289586477
BT-474,cellcycle_G1_vs_G2M,Everolimus,OTS514,0.5647144629476039,0.49523982978081293
BT-474,cellcycle_G1_vs_G2M,Anastrozole,palbociclib,0.3008532665948266,0.3578714543433379
BT-474,cellcycle_G1_vs_G2M,Sonidegib,XRK3F2,-0.06721166166021283,0.10495196879257666
BT-474,cellcycle_G1_vs_G2M,Abemaciclib,TAK-901,0.08949067068286451,0.020183099271635217
BT-474,cellcycle_G1_vs_G2M,RMC-6236,TAK-733,0.1775995561400654,0.2695707887096223
BT-474,cellcycle_G1_vs_G2M,BI-3406,Dabrafenib,0.32685454758392973,0.5291360123890542
BT-474,cellcycle_G1_vs_G2M,Bentamapimod,Ipatasertib,0.7401972236040049,0.6641760408424026
BT-474,cellcycle_G1_vs_G2M,Bentamapimod,Binimetinib,0.5079527423563521,0.5717517968504218
BT-474,cellcycle_G1_vs_G2M,XRK3F2,palbociclib,0.7885128529701851,0.669884404188015
BT-474,cellcycle_G1_vs_G2M,OTS514,Regorafenib,-0.05619818921126975,0.11627338981166778
BT-474,cellcycle_G1_vs_G2M,NVP-BHG712,Regorafenib,0.6795643815925303,0.661349848628311
BT-474,cellcycle_G1_vs_G2M,Futibatinib,RMC-6236,0.09317909254098453,0.1502883188192951
BT-474,cellcycle_G1_vs_G2M,Irinotecan,ULK-101,0.33191871196875605,0.4420218609432443
BT-474,cellcycle_G1_vs_G2M,AZD-8055,OTS514,0.18569324178227828,0.011516430320036346
BT-474,cellcycle_G1_vs_G2M,Minodronic acid,Trametinib,0.07879569803552593,0.14042170096590995
BT-474,cellcycle_G1_vs_G2M,HI-TOPK-032,SBI-0640756,0.16254045461836902,0.28519808725527057
BT-474,cellcycle_G1_vs_G2M,4EGI-1,Capmatinib,0.13321279666065683,0.18131729823802303
BT-474,cellcycle_G1_vs_G2M,ETC-206,TAK-901,0.1218406120843845,0.1578118644900189
BT-474,cellcycle_G1_vs_G2M,AZD1390,Capivasertib,0.6051237862076573,0.5520348256249515
BT-474,cellcycle_G1_vs_G2M,LY-2584702 (tosylate salt),c-Kit-IN-1,0.26541661604793587,0.2330657007068252
BT-474,cellcycle_G1_vs_G2M,Alpelisib,SBI-0640756,0.1465528482716049,0.1862087494951282
BT-474,cellcycle_G1_vs_G2M,Brivudine,Irinotecan,0.15930605545759638,0.3854102202476566
BT-474,cellcycle_G1_vs_G2M,GSK1059615,Ralimetinib dimesylate,0.30531376640057883,0.4876233824381598
BT-474,cellcycle_G1_vs_G2M,XRK3F2,olaparib,0.15622421711653478,0.11881997625948001
BT-474,cellcycle_G1_vs_G2M,Paclitaxel,c-Kit-IN-1,0.15904295098613005,0.18068549294510572
BT-474,cellcycle_G1_vs_G2M,Alpelisib,Pralsetinib,0.4004926038294481,0.3300325637572982
BT-474,cellcycle_G1_vs_G2M,Binimetinib,Regorafenib,0.6060589528556396,0.6530442389919879
BT-474,cellcycle_G1_vs_G2M,Gemcitabine,HI-TOPK-032,0.12334379420300086,0.35917235346711585
BT-474,cellcycle_G1_vs_G2M,ERK5-IN-2,NG25,0.37939046592858683,0.5577657421135732
BT-474,cellcycle_G1_vs_G2M,Binimetinib,venetoclax,0.609599898074392,0.5190879919668725
BT-474,cellcycle_G1_vs_G2M,AZD2858,LY-2584702 (tosylate salt),0.48373120145892023,0.3779327815137531
BT-474,cellcycle_G1_vs_G2M,Encorafenib,Ralimetinib dimesylate,0.6418951251573479,0.6995194576985657
BT-474,cellcycle_G1_vs_G2M,BI-3406,c-Kit-IN-1,0.23498083674249332,0.18255735089545844
BT-474,cellcycle_G1_vs_G2M,Alpelisib,IQ 1,0.5831805132408989,0.5596794346938071
BT-474,cellcycle_G1_vs_G2M,Alpelisib,HI-TOPK-032,0.17563332791133282,0.17632275022715124
BT-474,cellcycle_G1_vs_G2M,AZD2858,LY2090314,0.5227236611276322,0.4338672066622873
BT-474,cellcycle_G1_vs_G2M,Bentamapimod,Oxaliplatin,0.21520377632249918,0.38405953823844924
BT-474,cellcycle_G1_vs_G2M,Ralimetinib dimesylate,Regorafenib,0.6428996614849006,0.7354475784860989
BT-474,cellcycle_G1_vs_G2M,CP21R7,Torkinib,0.5607184723421863,0.5338020050471559
BT-474,cellcycle_G1_vs_G2M,AZD-8055,Bentamapimod,0.6188516575438225,0.6113691171676887
BT-474,cellcycle_G1_vs_G2M,Alpelisib,olaparib,0.18417297645686784,0.1417632985097925
BT-474,cellcycle_G1_vs_G2M,Irinotecan,RMC-6236,0.11500250093439075,0.2428632016158791
BT-474,cellcycle_G1_vs_G2M,AZD1390,ERK5-IN-2,0.3034439840001709,0.23896797831930983
BT-474,cellcycle_G1_vs_G2M,ETC-206,Gemcitabine,0.6891661351954516,0.5528927418077664
BT-474,cellcycle_G1_vs_G2M,IQ 1,Ipatasertib,0.3877583261407126,0.45556371424901854
BT-474,cellcycle_G1_vs_G2M,Afatinib,Irinotecan,0.08718835134140578,0.2103015882934548
BT-474,cellcycle_G1_vs_G2M,PF-06260933,vincristine,0.4242835375897388,0.41599070026693274
BT-474,cellcycle_G1_vs_G2M,Abemaciclib,Futibatinib,0.1683912313352313,0.13499460741605895
BT-474,cellcycle_G1_vs_G2M,4EGI-1,DT-061,0.3478125445715201,0.3033386548670397
BT-474,cellcycle_G1_vs_G2M,GSK1059615,LY2090314,0.36249877469841596,0.33080757424604024
BT-474,cellcycle_G1_vs_G2M,Belzutifan,OTS514,0.496447715296715,0.29453372160227875
BT-474,cellcycle_G1_vs_G2M,ETC-206,Temuterkib,0.622763170844669,0.544640240811537
BT-474,cellcycle_G1_vs_G2M,AZD-8055,Erdafitinib ,0.44516487052417936,0.46657961038640194
BT-474,cellcycle_G1_vs_G2M,Pralsetinib,Sonidegib,0.39417585482017947,0.23460081184582454
BT-474,cellcycle_G1_vs_G2M,Tubulin inhibitor 6,venetoclax,0.15115974315781344,0.21989270586340884
BT-474,cellcycle_G1_vs_G2M,Binimetinib,ML264,0.08745864035384793,0.25324317840738514
BT-474,cellcycle_G1_vs_G2M,Ipatasertib,Oleic acid,-0.00145579798865838,-0.0003426649827156132
BT-474,cellcycle_G1_vs_G2M,9-ING-41,Anastrozole,0.40696784887205323,0.351887419946779
BT-474,cellcycle_G1_vs_G2M,Anastrozole,Capivasertib,0.5120129238168682,0.45376583928200614
BT-474,cellcycle_G1_vs_G2M,OTS514,Sapanisertib,0.39677293013060405,0.08769604263817912
BT-474,cellcycle_G1_vs_G2M,Minodronic acid,Tubulin inhibitor 6,0.5307574983747705,0.3916522997406717
BT-474,cellcycle_G1_vs_G2M,APTO-253,MK-3903,0.44980270602250116,0.2734055629742577
BT-474,cellcycle_G1_vs_G2M,MK-8353,Pemigatinib,0.6419343797783639,0.5524305388614679
BT-474,cellcycle_G1_vs_G2M,Anastrozole,HI-TOPK-032,0.29434321184990386,0.37228257356118
BT-474,cellcycle_G1_vs_G2M,Alpelisib,Sapanisertib,0.35364355205865444,0.511844714869233
BT-474,cellcycle_G1_vs_G2M,Brivudine,DTP3,0.026557321998926724,0.13498236274069772
BT-474,cellcycle_G1_vs_G2M,Encorafenib,vincristine,-0.20479146193516595,-0.08902199025552975
BT-474,cellcycle_G1_vs_G2M,Adagrasib,Methylprednisolone succinate,0.37496714793300023,0.5085054270694662
BT-474,cellcycle_G1_vs_G2M,Elimusertib hydrochloride,Tucatinib,0.7053758479850905,0.5282925828805755
BT-474,cellcycle_G1_vs_G2M,Capivasertib,Pemigatinib,0.6362238241438005,0.49718330014463125
BT-474,cellcycle_G1_vs_G2M,Hydroxyfasudil,Sonidegib,0.3363493799041934,0.3909642806662173
BT-474,cellcycle_G1_vs_G2M,Bentamapimod,Irinotecan,0.2572115132474169,0.4239184989260709
BT-474,cellcycle_G1_vs_G2M,Gemcitabine,Volasertib,0.5006470311564877,0.3605447228732308
BT-474,cellcycle_G1_vs_G2M,GSK1059615,Volasertib,0.402234868770355,0.3116193043308847
BT-474,cellcycle_G1_vs_G2M,Abemaciclib,MK-8353,0.42117977213998237,0.3038394640974779
BT-474,cellcycle_G1_vs_G2M,DTP3,ML264,0.2120132009367348,0.12892915899509644
BT-474,cellcycle_G1_vs_G2M,Ipatasertib,Sonidegib,-0.10265779065018217,0.12134626712209999
BT-474,cellcycle_G1_vs_G2M,BI-3406,Methylprednisolone succinate,0.19302870011230316,0.20620142654184906
BT-474,cellcycle_G1_vs_G2M,Irinotecan,NG25,-0.0030675418433132214,0.24081240609824017
BT-474,cellcycle_G1_vs_G2M,Lapatinib ditosylate,Pralsetinib,0.29708945154663025,0.2608603737912083
BT-474,cellcycle_G1_vs_G2M,Erdafitinib ,PF-06260933,-0.04565131594319605,0.11366471631723167
BT-474,cellcycle_G1_vs_G2M,APTO-253,BI-78D3,0.41322723632623676,0.5612345012770847
BT-474,cellcycle_G1_vs_G2M,Pemigatinib,Pimitespib,0.5675216950678903,0.30731127129900804
BT-474,cellcycle_G1_vs_G2M,CP21R7,Vemurafenib,0.5446475351507759,0.4814722211443348
BT-474,cellcycle_G1_vs_G2M,Bentamapimod,Vemurafenib,0.8065689356518826,0.705054500882319
BT-474,cellcycle_G1_vs_G2M,Hydroxyfasudil,ULK-101,0.7144825863234607,0.500632394797121
C-33 A,cellcycle_G1_vs_G2M,CP21R7,Pralsetinib,0.2591646419074295,-0.14149246805397064
C-33 A,cellcycle_G1_vs_G2M,HI-TOPK-032,Oleic acid,0.3110522064307325,0.3969218940944235
C-33 A,cellcycle_G1_vs_G2M,ML264,vincristine,-0.0009000267777208582,-0.11202016292211354
C-33 A,cellcycle_G1_vs_G2M,ERK5-IN-2,Minodronic acid,0.3649251163212042,0.46503284381857557
C-33 A,cellcycle_G1_vs_G2M,Capmatinib,NVP-BHG712,0.4862523039396104,0.37973152031658464
C-33 A,cellcycle_G1_vs_G2M,AZD-8055,Pemigatinib,0.491582133566621,0.3823234858760683
C-33 A,cellcycle_G1_vs_G2M,Abemaciclib,BAY1125976,-0.20234199489758897,-0.20396583297421272
C-33 A,cellcycle_G1_vs_G2M,Celecoxib,vincristine,0.2957778327450237,0.22580039671514776
C-33 A,cellcycle_G1_vs_G2M,Belzutifan,TAK-733,0.4191745575876599,0.5036192861491043
C-33 A,cellcycle_G1_vs_G2M,BI-3406,Binimetinib,0.8330830780503937,0.714835197401891
C-33 A,cellcycle_G1_vs_G2M,ML264,NG25,0.3955180218428533,0.30519247888731227
C-33 A,cellcycle_G1_vs_G2M,Lapatinib ditosylate,PF-06260933,-0.223395018479217,-0.2148761870890679
C-33 A,cellcycle_G1_vs_G2M,Hydroxyfasudil,Methylprednisolone succinate,0.5839164486328126,0.4374380122522404
C-33 A,cellcycle_G1_vs_G2M,Lapatinib ditosylate,ML264,0.7400356965147211,0.7004319322574789
C-33 A,cellcycle_G1_vs_G2M,Ralimetinib dimesylate,TAK-901,-0.06791876020547996,0.04892219428477724
C-33 A,cellcycle_G1_vs_G2M,AZD-7648,Pemigatinib,0.4611539127969566,0.30437808567048413
C-33 A,cellcycle_G1_vs_G2M,DT-061,Temuterkib,0.42896126063851114,0.45357260175633435
C-33 A,cellcycle_G1_vs_G2M,BAY1125976,Binimetinib,0.49067383685352417,0.16017992147298238
C-33 A,cellcycle_G1_vs_G2M,PH-797804,TAK-733,0.15792122271736553,0.0065431029013333294
C-33 A,cellcycle_G1_vs_G2M,CP21R7,Trametinib,0.539770396739087,0.5032887322693342
C-33 A,cellcycle_G1_vs_G2M,Bortezomib,Pemigatinib,-0.0442946990705698,0.02541081094160231
C-33 A,cellcycle_G1_vs_G2M,BI-3406,Sapanisertib,0.7747300997301122,0.6702959587328962
C-33 A,cellcycle_G1_vs_G2M,PH-797804,c-Kit-IN-1,0.3223257966745346,0.6259927714369597
C-33 A,cellcycle_G1_vs_G2M,DT-061,EX229,0.2063955280970401,0.3233818899760042
C-33 A,cellcycle_G1_vs_G2M,Alpelisib,Trametinib,0.7545853474346946,0.7942122140783145
C-33 A,cellcycle_G1_vs_G2M,Bortezomib,HI-TOPK-032,0.39831235208679794,0.25597796649540705
C-33 A,cellcycle_G1_vs_G2M,Binimetinib,Celecoxib,0.48143224237570376,0.4283665849794495
C-33 A,cellcycle_G1_vs_G2M,AT7519,venetoclax,0.22030811062722422,0.14271120998115175
C-33 A,cellcycle_G1_vs_G2M,Abemaciclib,MK-8353,-0.07130472589534335,-0.20011853718983313
C-33 A,cellcycle_G1_vs_G2M,Ixazomib,venetoclax,-0.05415317666612747,0.05867668748366924
C-33 A,cellcycle_G1_vs_G2M,BAY1125976,Hydroxyfasudil,0.2849513274018619,0.38707908053624274
C-33 A,cellcycle_G1_vs_G2M,DT-061,HI-TOPK-032,0.18560590555294199,0.0907827101922374
C-33 A,cellcycle_G1_vs_G2M,Bimiralisib,PH-797804,-0.30325399532211667,-0.4698324390543781
C-33 A,cellcycle_G1_vs_G2M,Futibatinib,Ixazomib,0.6105533016517404,0.4727649435662826
C-33 A,cellcycle_G1_vs_G2M,ERK5-IN-2,LY2090314,0.573031685785058,0.5109076531475234
C-33 A,cellcycle_G1_vs_G2M,PF-06260933,PH-797804,0.39185909703964594,0.6164287680570817
C-33 A,cellcycle_G1_vs_G2M,Pimitespib,ULK-101,0.3890197816899977,0.364321840288263
C-33 A,cellcycle_G1_vs_G2M,Infigratinib,Sonidegib,0.28799844425766774,0.4495751908886368
C-33 A,cellcycle_G1_vs_G2M,Irinotecan,MK-3903,0.4005394078393878,0.4533586359551643
C-33 A,cellcycle_G1_vs_G2M,DT-061,Paclitaxel,0.2734646887280501,0.45792622354997414
C-33 A,cellcycle_G1_vs_G2M,HI-TOPK-032,palbociclib,-0.12416887770943683,-0.003340797085017541
C-33 A,cellcycle_G1_vs_G2M,Binimetinib,palbociclib,0.795598208986743,0.6777065876104633
C-33 A,cellcycle_G1_vs_G2M,Sapanisertib,Tucatinib,0.6476660164750537,0.4785821255991788
C-33 A,cellcycle_G1_vs_G2M,Capmatinib,Sonidegib,0.22963365290989543,-0.027608159506114394
C-33 A,cellcycle_G1_vs_G2M,AZD-8055,PH-797804,-0.2964935003553831,-0.42616532302794013
C-33 A,cellcycle_G1_vs_G2M,AZD-8055,ML264,0.7616644519514276,0.7132401681865235
C-33 A,cellcycle_G1_vs_G2M,TAK-901,c-Kit-IN-1,0.28790875467273086,0.4557222561314517
C-33 A,cellcycle_G1_vs_G2M,Bortezomib,Encorafenib,-0.4160089282386011,-0.43798771280239823
C-33 A,cellcycle_G1_vs_G2M,Lonafarnib,Pemigatinib,0.0686951306685486,0.028724955235705753
C-33 A,cellcycle_G1_vs_G2M,AT7519,Volasertib,0.39402535490394824,0.44569825347424524
C-33 A,cellcycle_G1_vs_G2M,ETC-206,olaparib,0.5883329077358375,0.22706746454384658
C-33 A,cellcycle_G1_vs_G2M,APTO-253,BI-3406,0.677105277308837,0.423041685940702
C-33 A,cellcycle_G1_vs_G2M,Bimiralisib,Capmatinib,0.6446892872279163,0.6705179002800519
C-33 A,cellcycle_G1_vs_G2M,Capmatinib,TAK-733,0.34497583540062726,0.3993073566485819
C-33 A,cellcycle_G1_vs_G2M,Binimetinib,EX229,-0.019194239829603693,0.33419101407207236
C-33 A,cellcycle_G1_vs_G2M,Hydroxyfasudil,olaparib,0.503976228590453,0.4129308868952226
C-33 A,cellcycle_G1_vs_G2M,PF-06260933,Torkinib,0.22790785524164286,0.3198215390578984
C-33 A,cellcycle_G1_vs_G2M,Anastrozole,XRK3F2,0.31467151320811465,0.30031801068791003
C-33 A,cellcycle_G1_vs_G2M,RMC-6236,c-Kit-IN-1,-0.309483429550143,-0.3984972467772301
C-33 A,cellcycle_G1_vs_G2M,MK-3903,TAK-733,0.26320687422098754,0.1838780873241117
C-33 A,cellcycle_G1_vs_G2M,Bimiralisib,Volasertib,0.3660549337559745,0.3316545240183658
C-33 A,cellcycle_G1_vs_G2M,Elimusertib hydrochloride,PH-797804,0.06879613220777603,0.1323704327856715
C-33 A,cellcycle_G1_vs_G2M,Afatinib,Anastrozole,0.28824937849103616,0.2418196465331314
C-33 A,cellcycle_G1_vs_G2M,Adagrasib,Capmatinib,0.10660424969066136,-0.04375237339690649
C-33 A,cellcycle_G1_vs_G2M,Lonafarnib,Minodronic acid,0.13993736748914884,0.1615163623671811
C-33 A,cellcycle_G1_vs_G2M,Adagrasib,Infigratinib,0.3448970936397818,0.43298433250507146
C-33 A,cellcycle_G1_vs_G2M,Tubulin inhibitor 6,Vemurafenib,0.5006539089249129,0.45370790351725715
C-33 A,cellcycle_G1_vs_G2M,AT7519,AZD-7648,0.23438281055332214,0.07711123081049374
C-33 A,cellcycle_G1_vs_G2M,Everolimus,Sapanisertib,0.21340191644721884,0.054655974546898856
C-33 A,cellcycle_G1_vs_G2M,4EGI-1,NG25,0.3684480836277605,0.5534246884989731
C-33 A,cellcycle_G1_vs_G2M,Lonafarnib,vincristine,0.2844095946962484,0.37408478324642835
C-33 A,cellcycle_G1_vs_G2M,Methylprednisolone succinate,Ralimetinib dimesylate,0.32346778682610283,0.3222241057594832
C-33 A,cellcycle_G1_vs_G2M,Torkinib,palbociclib,0.1986906716646421,0.2807626798855568
C-33 A,cellcycle_G1_vs_G2M,AZD1390,BI-3406,0.3056540344948442,-0.20873672074117636
C-33 A,cellcycle_G1_vs_G2M,IQ 1,Regorafenib,0.44763561464199786,0.5359611224826902
C-33 A,cellcycle_G1_vs_G2M,Hydroxyfasudil,Sonidegib,0.29643819670729976,0.22170359340210544
C-33 A,cellcycle_G1_vs_G2M,MK-3903,Pemigatinib,0.49590787559453803,0.3319188137193173
C-33 A,cellcycle_G1_vs_G2M,Futibatinib,LY2090314,0.6865290232057025,0.5935977894282929
C-33 A,cellcycle_G1_vs_G2M,AZD2858,Torkinib,0.3329625125238108,0.5572273114571803
C-33 A,cellcycle_G1_vs_G2M,9-ING-41,Lapatinib ditosylate,0.8071450103754454,0.7409843267413814
C-33 A,cellcycle_G1_vs_G2M,Everolimus,Irinotecan,0.6037434849553911,0.7486993497753518
C-33 A,cellcycle_G1_vs_G2M,Tucatinib,Vemurafenib,0.764570834572282,0.6781985553345469
C-33 A,cellcycle_G1_vs_G2M,LJI308,TAK-733,0.37119332035825725,0.28138490366827273
C-33 A,cellcycle_G1_vs_G2M,ML264,Temuterkib,0.827547485588379,0.8101552208346634
C-33 A,cellcycle_G1_vs_G2M,LB-100,c-Kit-IN-1,0.30200862674740686,0.45545732804345457
C-33 A,cellcycle_G1_vs_G2M,IQ 1,TAK-733,0.39282707382409804,0.3212150549222883
C-33 A,cellcycle_G1_vs_G2M,LB-100,Ralimetinib dimesylate,0.46020245426460676,0.46962179942024546
C-33 A,cellcycle_G1_vs_G2M,Bimiralisib,Ralimetinib dimesylate,0.748540137533352,0.5321436781046884
C-33 A,cellcycle_G1_vs_G2M,HI-TOPK-032,Volasertib,0.21899844613489466,0.32851000817872417
C-33 A,cellcycle_G1_vs_G2M,AZD1390,Pralsetinib,0.37462999990636225,0.5513219115880694
C-33 A,cellcycle_G1_vs_G2M,Methylprednisolone succinate,RMC-6236,0.20421278941785226,-0.01693677289061224
C-33 A,cellcycle_G1_vs_G2M,Adagrasib,Dabrafenib,-0.08687869786031972,-0.13309697898250022
C-33 A,cellcycle_G1_vs_G2M,Hydroxyfasudil,Irinotecan,0.25599663711128656,0.4768739939844596
C-33 A,cellcycle_G1_vs_G2M,Dabrafenib,PH-797804,-0.17080369186252264,-0.18054386595422675
C-33 A,cellcycle_G1_vs_G2M,ML264,Ralimetinib dimesylate,0.7436804638301866,0.7576818721106159
C-33 A,cellcycle_G1_vs_G2M,EX229,MK-8353,-0.03872499530134345,0.16718451089319258
C-33 A,cellcycle_G1_vs_G2M,Pemigatinib,ULK-101,0.45477083365979054,0.3082770055088651
C-33 A,cellcycle_G1_vs_G2M,HI-TOPK-032,TAK-901,0.27128671998727943,0.18437779121894388
C-33 A,cellcycle_G1_vs_G2M,Bortezomib,Vemurafenib,-0.3494110907668865,-0.3036043387359558
C-33 A,cellcycle_G1_vs_G2M,Volasertib,olaparib,0.5381248562053933,0.3575488161593192
C32,cellcycle_G1_vs_G2M,GSK1059615,MK-3903,0.6726076073686145,0.5235870892391087
C32,cellcycle_G1_vs_G2M,TAK-901,c-Kit-IN-1,0.4151130011575451,0.3081846570298794
C32,cellcycle_G1_vs_G2M,9-ING-41,HI-TOPK-032,0.13460352915778803,0.381483234095233
C32,cellcycle_G1_vs_G2M,4EGI-1,PF-06260933,0.270324047033874,0.1374202425568197
C32,cellcycle_G1_vs_G2M,AZD-8055,Temuterkib,0.28028363419772834,0.5003086173127733
C32,cellcycle_G1_vs_G2M,BAY1125976,XRK3F2,0.5998353925423239,0.5438703189452702
C32,cellcycle_G1_vs_G2M,Bimiralisib,RMC-6236,0.8647507621025505,0.8984682587814776
C32,cellcycle_G1_vs_G2M,Sonidegib,Volasertib,0.4517779466001292,0.3544707360391609
C32,cellcycle_G1_vs_G2M,Belzutifan,Trametinib,-0.16024953357515978,-0.23646993301086805
C32,cellcycle_G1_vs_G2M,Everolimus,Trametinib,0.46397850997708884,0.5144991141126617
C32,cellcycle_G1_vs_G2M,Alpelisib,Capmatinib,-0.11104489040566898,0.05296811023831694
C32,cellcycle_G1_vs_G2M,Capmatinib,Infigratinib,-0.01954517961194674,0.09673040735035716
C32,cellcycle_G1_vs_G2M,CP21R7,Vemurafenib,0.1727681249433089,0.1975290746400053
C32,cellcycle_G1_vs_G2M,Celecoxib,Minodronic acid,0.6142880336964714,0.4989950593255001
C32,cellcycle_G1_vs_G2M,AZD1390,Celecoxib,0.42068532722276464,0.36353019926169805
C32,cellcycle_G1_vs_G2M,ERK5-IN-2,MK-8353,0.4536329773929543,0.316613206499754
C32,cellcycle_G1_vs_G2M,Gemcitabine,PH-797804,0.1288824977684099,0.3969716480445286
C32,cellcycle_G1_vs_G2M,ERK5-IN-2,NG25,0.019553273643901116,0.14411833535325436
C32,cellcycle_G1_vs_G2M,Methylprednisolone succinate,Pimitespib,0.5020644433180783,0.5205552845594399
C32,cellcycle_G1_vs_G2M,Ixazomib,Tucatinib,0.18465470177076976,0.2022321707330505
C32,cellcycle_G1_vs_G2M,Celecoxib,NG25,-0.03326086468210324,0.20516650256234353
C32,cellcycle_G1_vs_G2M,MK-3903,Paclitaxel,0.7087156247701513,0.7213361899479719
C32,cellcycle_G1_vs_G2M,Adagrasib,Methylprednisolone succinate,0.2708120918963168,0.3572322929572119
C32,cellcycle_G1_vs_G2M,4EGI-1,Adagrasib,0.08115784803208709,0.20675334642820015
C32,cellcycle_G1_vs_G2M,4EGI-1,PH-797804,0.1747975550488265,-0.030502278864820393
C32,cellcycle_G1_vs_G2M,AT7519,Dabrafenib,-0.014433628860375605,0.11470097608617094
C32,cellcycle_G1_vs_G2M,Volasertib,palbociclib,0.2775399540766703,0.19589192005441727
C32,cellcycle_G1_vs_G2M,Oxaliplatin,venetoclax,-0.1925983000487861,-0.08997079070515412
C32,cellcycle_G1_vs_G2M,Celecoxib,Oxaliplatin,0.6490273463503667,0.6285109268916277
C32,cellcycle_G1_vs_G2M,Abemaciclib,CP21R7,0.0884512020863765,0.04145983640647299
C32,cellcycle_G1_vs_G2M,Afatinib,Ixazomib,0.021029209577721523,0.05449113719479176
C32,cellcycle_G1_vs_G2M,LB-100,Pralsetinib,0.3954112548872976,0.2645245291249398
C32,cellcycle_G1_vs_G2M,AZD1390,Pemigatinib,0.6274121725619938,0.464340147801172
C32,cellcycle_G1_vs_G2M,Methylprednisolone succinate,ULK-101,0.5013572737332948,0.4795270189929249
C32,cellcycle_G1_vs_G2M,BAY1125976,DTP3,0.39989241270958015,0.23615206326465632
C32,cellcycle_G1_vs_G2M,MK-8353,Minodronic acid,0.4071912219106028,0.2584691668173756
C32,cellcycle_G1_vs_G2M,Brivudine,PF-06260933,0.011604247917149736,0.18315933145750274
C32,cellcycle_G1_vs_G2M,Abemaciclib,Ralimetinib dimesylate,-0.15792838407395415,0.07012137151991822
C32,cellcycle_G1_vs_G2M,BI-78D3,Torkinib,0.2909040821474968,0.2529612289971757
C32,cellcycle_G1_vs_G2M,9-ING-41,Minodronic acid,0.23169384255614123,0.26667246348078355
C32,cellcycle_G1_vs_G2M,Capmatinib,Tucatinib,0.4519063904409915,0.3877736765723362
C32,cellcycle_G1_vs_G2M,AZD2858,NG25,0.32491268434548154,0.39054313088563436
C32,cellcycle_G1_vs_G2M,4EGI-1,XRK3F2,0.5039247705373702,0.5161298974566664
C32,cellcycle_G1_vs_G2M,Abemaciclib,Sonidegib,0.23258953105583044,0.20132939872412037
C32,cellcycle_G1_vs_G2M,Adagrasib,ML264,0.04882189946866687,0.16906017175450846
C32,cellcycle_G1_vs_G2M,CP21R7,palbociclib,0.306047511521319,0.21622005324184573
C32,cellcycle_G1_vs_G2M,Encorafenib,Regorafenib,0.6232392083923519,0.5538547188948998
C32,cellcycle_G1_vs_G2M,Abemaciclib,DTP3,0.21025730516468744,0.02964522619971469
C32,cellcycle_G1_vs_G2M,Belzutifan,TAK-901,0.04055294611148093,-0.09911629646356983
C32,cellcycle_G1_vs_G2M,Binimetinib,Trametinib,0.8951659502058775,0.7574778246842486
C32,cellcycle_G1_vs_G2M,AZD2858,Pemigatinib,0.4450881932672776,0.21664081608672547
C32,cellcycle_G1_vs_G2M,Irinotecan,MK-3903,0.48061592407188214,0.43808429963398043
C32,cellcycle_G1_vs_G2M,APTO-253,c-Kit-IN-1,-0.042754440309932445,0.04860434600079024
C32,cellcycle_G1_vs_G2M,GSK1059615,PH-797804,0.40752084698662316,0.24512469686369054
C32,cellcycle_G1_vs_G2M,GSK1059615,vincristine,0.21918987460238212,0.0944982450510539
C32,cellcycle_G1_vs_G2M,APTO-253,Abemaciclib,0.0005940948746790088,0.0652125803014011
C32,cellcycle_G1_vs_G2M,Lapatinib ditosylate,Methylprednisolone succinate,0.3505735979696095,0.3233469328183323
C32,cellcycle_G1_vs_G2M,Anastrozole,Dabrafenib,0.008640881142661178,0.1226937297480106
C32,cellcycle_G1_vs_G2M,AZD-8055,OTS514,0.31176392957735083,0.41042066073627237
C32,cellcycle_G1_vs_G2M,PF-06260933,vincristine,0.4499877114063486,0.28019580369687835
C32,cellcycle_G1_vs_G2M,Bimiralisib,Sapanisertib,0.6558107016553145,0.5478451959487285
C32,cellcycle_G1_vs_G2M,Bimiralisib,Regorafenib,0.6508546746669635,0.5689533580069147
C32,cellcycle_G1_vs_G2M,Dabrafenib,SBI-0640756,-0.27457831526277426,-0.050886112947519636
C32,cellcycle_G1_vs_G2M,Lapatinib ditosylate,PF-06260933,0.33542254500335933,0.11473113729492741
C32,cellcycle_G1_vs_G2M,Adagrasib,Belzutifan,0.15602340094920886,0.07884887116881426
C32,cellcycle_G1_vs_G2M,Belzutifan,ML264,0.09017305075899522,0.21632871908003493
C32,cellcycle_G1_vs_G2M,Temuterkib,c-Kit-IN-1,-0.22439267297783624,-0.09867373886562947
C32,cellcycle_G1_vs_G2M,Alpelisib,Pralsetinib,0.10774902864028271,0.22231863014307748
C32,cellcycle_G1_vs_G2M,NG25,Ralimetinib dimesylate,-0.34141021892501944,-0.09450429891563575
C32,cellcycle_G1_vs_G2M,Brivudine,NG25,0.4504638854318988,0.5220687183999151
C32,cellcycle_G1_vs_G2M,LY2090314,Sapanisertib,0.1292831228725841,0.31077587323446104
C32,cellcycle_G1_vs_G2M,4EGI-1,Lapatinib ditosylate,0.5591793739109591,0.5574426319014235
C32,cellcycle_G1_vs_G2M,Abemaciclib,Alpelisib,-0.1265156296234948,-0.0676934319711758
C32,cellcycle_G1_vs_G2M,LB-100,LJI308,0.46107549083045674,0.3483929728472357
C32,cellcycle_G1_vs_G2M,Brivudine,vincristine,0.28437124919276774,0.33368978461534204
C32,cellcycle_G1_vs_G2M,Brivudine,Minodronic acid,0.01823997394741916,0.18300993301312632
C32,cellcycle_G1_vs_G2M,ERK5-IN-2,Pimitespib,0.12768031593145016,0.029539227045542064
C32,cellcycle_G1_vs_G2M,Everolimus,Regorafenib,0.6602505690726379,0.672005600082699
C32,cellcycle_G1_vs_G2M,ERK5-IN-2,vincristine,0.04365796545638458,0.01139746343974099
C32,cellcycle_G1_vs_G2M,Bentamapimod,ERK5-IN-2,0.47002153123605145,0.4118687129018374
C32,cellcycle_G1_vs_G2M,Afatinib,Ipatasertib,0.08966245167816894,0.22420592735049208
C32,cellcycle_G1_vs_G2M,Oleic acid,Pralsetinib,0.47919478720671804,0.39918027498577713
C32,cellcycle_G1_vs_G2M,Oxaliplatin,SBI-0640756,0.5211130323686746,0.31455836407328475
C32,cellcycle_G1_vs_G2M,BI-78D3,Ipatasertib,0.1341238490093028,0.2424743140405371
C32,cellcycle_G1_vs_G2M,Futibatinib,HI-TOPK-032,-0.09491466267874957,-0.02903360612663157
C32,cellcycle_G1_vs_G2M,Regorafenib,XRK3F2,0.5029782807402032,0.387455389919205
C32,cellcycle_G1_vs_G2M,CP21R7,Tucatinib,0.38362518565022746,0.2497964863730422
C32,cellcycle_G1_vs_G2M,Afatinib,MK-8353,0.14206915230294526,0.1693686921644828
C32,cellcycle_G1_vs_G2M,APTO-253,AZD-7648,0.20416647691862472,0.23161325776397002
C32,cellcycle_G1_vs_G2M,Belzutifan,Everolimus,0.28211204074899426,0.19552462662422423
C32,cellcycle_G1_vs_G2M,Celecoxib,ULK-101,0.41660162197152395,0.5502032047860135
C32,cellcycle_G1_vs_G2M,MK-3903,ULK-101,0.582425702499476,0.5371786914599019
C32,cellcycle_G1_vs_G2M,BI-78D3,ERK5-IN-2,0.6143311847414459,0.6326478163260996
C32,cellcycle_G1_vs_G2M,MK-3903,Tucatinib,0.5972558629789722,0.5286452367824338
C32,cellcycle_G1_vs_G2M,OTS514,PF-06260933,0.26108808581161713,-0.08945053891243471
C32,cellcycle_G1_vs_G2M,Capivasertib,Infigratinib,0.4036845917582612,0.4470775537964218
C32,cellcycle_G1_vs_G2M,Afatinib,LJI308,-0.1282590206150585,0.010437287633370047
C32,cellcycle_G1_vs_G2M,Adagrasib,Ralimetinib dimesylate,-0.1596073847656353,0.010334972195899954
C32,cellcycle_G1_vs_G2M,Capmatinib,Irinotecan,0.39268642353655997,0.28390531059397894
C32,cellcycle_G1_vs_G2M,Brivudine,Ixazomib,0.154126591419549,0.2325883312607105
CFPAC-1,cellcycle_G1_vs_G2M,HI-TOPK-032,Vemurafenib,0.2591027953406896,0.2917110622824008
CFPAC-1,cellcycle_G1_vs_G2M,Ixazomib,LJI308,0.13668569883450446,0.12012390445846328
CFPAC-1,cellcycle_G1_vs_G2M,Regorafenib,TAK-901,0.09343626823112572,0.014050768706819417
CFPAC-1,cellcycle_G1_vs_G2M,Lapatinib ditosylate,RMC-6236,0.49384960293584457,0.3261152991694532
CFPAC-1,cellcycle_G1_vs_G2M,Pimitespib,RMC-6236,0.03886652124351345,0.02275506590438852
CFPAC-1,cellcycle_G1_vs_G2M,OTS514,Oleic acid,0.41870086329406975,0.34301625961791726
CFPAC-1,cellcycle_G1_vs_G2M,palbociclib,venetoclax,0.23088041741638374,0.2822048106666524
CFPAC-1,cellcycle_G1_vs_G2M,Erdafitinib ,LY2090314,0.7117653870879728,0.4106205344317703
CFPAC-1,cellcycle_G1_vs_G2M,EX229,RMC-6236,0.02563672051423493,0.12047545107233988
CFPAC-1,cellcycle_G1_vs_G2M,Ixazomib,Vemurafenib,0.26496848825005215,0.23491148172259255
CFPAC-1,cellcycle_G1_vs_G2M,Bimiralisib,IQ 1,0.836544699295154,0.5975287015742257
CFPAC-1,cellcycle_G1_vs_G2M,BI-3406,Minodronic acid,0.28903811100478766,0.19312026478840563
CFPAC-1,cellcycle_G1_vs_G2M,DTP3,LY-2584702 (tosylate salt),0.2855639656894096,0.4262475750846369
CFPAC-1,cellcycle_G1_vs_G2M,Tubulin inhibitor 6,Volasertib,0.43979177932082775,0.3010554147553921
CFPAC-1,cellcycle_G1_vs_G2M,4EGI-1,Methylprednisolone succinate,0.4296375148472944,0.3710087551208417
CFPAC-1,cellcycle_G1_vs_G2M,Irinotecan,Temuterkib,0.32511614058797633,0.180686238041749
CFPAC-1,cellcycle_G1_vs_G2M,Dabrafenib,MK-3903,0.06274093122120139,0.2475781702720868
CFPAC-1,cellcycle_G1_vs_G2M,NG25,venetoclax,0.2825088023017996,0.3026506522722539
CFPAC-1,cellcycle_G1_vs_G2M,AZD2858,RMC-6236,0.005107821718575475,0.16249827213410326
CFPAC-1,cellcycle_G1_vs_G2M,CP21R7,Dabrafenib,0.3312876535805914,0.30390572936002336
CFPAC-1,cellcycle_G1_vs_G2M,Capmatinib,olaparib,0.42881674840376116,0.27749633178608796
CFPAC-1,cellcycle_G1_vs_G2M,Elimusertib hydrochloride,Temuterkib,0.05618072195142397,0.07053507847494972
CFPAC-1,cellcycle_G1_vs_G2M,Dabrafenib,Pemigatinib,0.21028424911647098,0.2423516350338651
CFPAC-1,cellcycle_G1_vs_G2M,Oleic acid,c-Kit-IN-1,0.34505733140966943,0.038105045840786944
CFPAC-1,cellcycle_G1_vs_G2M,BAY1125976,Oleic acid,0.13463685183989837,0.1659937814707404
CFPAC-1,cellcycle_G1_vs_G2M,CP21R7,RMC-6236,0.4119890835907515,0.4149596890160078
CFPAC-1,cellcycle_G1_vs_G2M,AT7519,Pemigatinib,0.013602619957827567,0.14478621513906131
CFPAC-1,cellcycle_G1_vs_G2M,Ralimetinib dimesylate,TAK-901,0.09698632592740924,0.10076306586749963
CFPAC-1,cellcycle_G1_vs_G2M,Capivasertib,Oleic acid,0.6145215157132043,0.4451537326630207
CFPAC-1,cellcycle_G1_vs_G2M,Minodronic acid,Pimitespib,0.39035295900910405,0.3133778238979788
CFPAC-1,cellcycle_G1_vs_G2M,4EGI-1,9-ING-41,0.28552158389081184,0.3294226498600312
CFPAC-1,cellcycle_G1_vs_G2M,Belzutifan,Regorafenib,0.4088296805654373,0.33333353565554413
CFPAC-1,cellcycle_G1_vs_G2M,Oxaliplatin,vincristine,-0.026366745980157754,0.20776168165815098
CFPAC-1,cellcycle_G1_vs_G2M,Belzutifan,GSK1059615,0.14944963616740642,0.22498642732566765
CFPAC-1,cellcycle_G1_vs_G2M,Bimiralisib,SBI-0640756,-0.1917337182112746,-0.034206867480101565
CFPAC-1,cellcycle_G1_vs_G2M,BAY1125976,Paclitaxel,0.22557663257624994,0.21568011219481947
CFPAC-1,cellcycle_G1_vs_G2M,Tucatinib,c-Kit-IN-1,-0.012307306937441559,0.2654172400541359
CFPAC-1,cellcycle_G1_vs_G2M,Hydroxyfasudil,Pimitespib,0.43711465134737143,0.3976360799898438
CFPAC-1,cellcycle_G1_vs_G2M,Alpelisib,Bimiralisib,0.8427940302772691,0.7164354704057444
CFPAC-1,cellcycle_G1_vs_G2M,Bortezomib,Erdafitinib ,-0.21837030394752027,-0.05614255821476752
CFPAC-1,cellcycle_G1_vs_G2M,Anastrozole,Ralimetinib dimesylate,0.2851448359814018,0.2520715806568326
CFPAC-1,cellcycle_G1_vs_G2M,Pimitespib,SBI-0640756,-0.0801984231595789,0.11329772840266517
CFPAC-1,cellcycle_G1_vs_G2M,Lapatinib ditosylate,PH-797804,-0.0008931055396770491,0.28890571133254767
CFPAC-1,cellcycle_G1_vs_G2M,Belzutifan,HI-TOPK-032,0.19675360178368373,0.1278767958265301
CFPAC-1,cellcycle_G1_vs_G2M,Dabrafenib,Oxaliplatin,0.0446659468358004,0.10862396382173178
CFPAC-1,cellcycle_G1_vs_G2M,Brivudine,Infigratinib,0.26874549623224114,0.39009188641814985
CFPAC-1,cellcycle_G1_vs_G2M,MK-8353,Torkinib,0.4994159624253007,0.34089388747864324
CFPAC-1,cellcycle_G1_vs_G2M,Lonafarnib,MK-3903,0.15924903374366922,0.14030335290239918
CFPAC-1,cellcycle_G1_vs_G2M,NVP-BHG712,Tomivosertib,-0.12053285522408327,-0.1810255599905683
CFPAC-1,cellcycle_G1_vs_G2M,Belumosudil (mesylate),XRK3F2,-0.15527862426632671,0.010461977323085228
CFPAC-1,cellcycle_G1_vs_G2M,AZD2858,Futibatinib,0.32849411947520035,0.2504133674172336
CFPAC-1,cellcycle_G1_vs_G2M,Futibatinib,Pralsetinib,0.25216566613833824,0.06446673346691062
CFPAC-1,cellcycle_G1_vs_G2M,Methylprednisolone succinate,Trametinib,0.1897245517625501,0.2641642508077108
CFPAC-1,cellcycle_G1_vs_G2M,MK-8353,OTS514,0.379157605650975,0.26958413635505757
CFPAC-1,cellcycle_G1_vs_G2M,Everolimus,Ixazomib,0.27680833532096444,0.2722512214118572
CFPAC-1,cellcycle_G1_vs_G2M,Elimusertib hydrochloride,Erdafitinib ,0.2056015044982391,0.20072620984825937
CFPAC-1,cellcycle_G1_vs_G2M,AZD-7648,palbociclib,0.9258842600291847,0.788633977325441
CFPAC-1,cellcycle_G1_vs_G2M,AZD2858,venetoclax,0.18471345700181213,0.26681921555221894
CFPAC-1,cellcycle_G1_vs_G2M,Gemcitabine,Regorafenib,0.7041432958347227,0.20038621128576023
CFPAC-1,cellcycle_G1_vs_G2M,Bortezomib,venetoclax,0.47907545444531674,0.4993139591563035
CFPAC-1,cellcycle_G1_vs_G2M,Capmatinib,Vemurafenib,0.8571118229638623,0.8184006576257743
CFPAC-1,cellcycle_G1_vs_G2M,Dabrafenib,NVP-BHG712,0.42169940531625466,0.42255284034417145
CFPAC-1,cellcycle_G1_vs_G2M,Gemcitabine,TAK-733,0.269756987766281,0.33497409226073893
CFPAC-1,cellcycle_G1_vs_G2M,BI-3406,Volasertib,-0.05192287680770237,0.10337581127028092
CFPAC-1,cellcycle_G1_vs_G2M,Hydroxyfasudil,Torkinib,0.30054014581650834,0.2441328025060265
CFPAC-1,cellcycle_G1_vs_G2M,Capmatinib,LY-2584702 (tosylate salt),0.19502756687994527,0.1847595032561279
CFPAC-1,cellcycle_G1_vs_G2M,LY2090314,Oleic acid,0.44016213775960966,0.5940700290636436
CFPAC-1,cellcycle_G1_vs_G2M,BI-3406,MK-3903,0.7305142019194388,0.6610038811733236
CFPAC-1,cellcycle_G1_vs_G2M,Bimiralisib,LY2090314,0.3509291550975266,0.2809355939614304
CFPAC-1,cellcycle_G1_vs_G2M,4EGI-1,Brivudine,0.1489736249272583,0.31485624958497416
CFPAC-1,cellcycle_G1_vs_G2M,Irinotecan,Tomivosertib,-0.07119313974667325,0.24945792136021433
CFPAC-1,cellcycle_G1_vs_G2M,ERK5-IN-2,c-Kit-IN-1,-0.14330560427902245,-0.07604781505247139
CFPAC-1,cellcycle_G1_vs_G2M,LB-100,NVP-BHG712,0.5289914753993256,0.48044737844304425
CFPAC-1,cellcycle_G1_vs_G2M,BAY1125976,Ipatasertib,0.41430497904840796,0.4321001501471341
CFPAC-1,cellcycle_G1_vs_G2M,APTO-253,Brivudine,0.06201122223964859,0.3884976320923262
CFPAC-1,cellcycle_G1_vs_G2M,ETC-206,Tubulin inhibitor 6,0.6859920427140782,0.5942533969045569
CFPAC-1,cellcycle_G1_vs_G2M,Futibatinib,palbociclib,0.4631350102866741,0.21822571108005295
CFPAC-1,cellcycle_G1_vs_G2M,BI-3406,DTP3,0.5080681910941959,0.3336214985666011
CFPAC-1,cellcycle_G1_vs_G2M,Brivudine,Vemurafenib,0.24079008031743165,0.2501433180979191
CFPAC-1,cellcycle_G1_vs_G2M,EX229,Ixazomib,-0.007114528561819725,0.08500651585102277
CFPAC-1,cellcycle_G1_vs_G2M,MK-8353,NVP-BHG712,0.5769278535741397,0.391267242207918
CFPAC-1,cellcycle_G1_vs_G2M,ERK5-IN-2,Temuterkib,0.8311810468004235,0.7558178281481588
CFPAC-1,cellcycle_G1_vs_G2M,LY-2584702 (tosylate salt),Sapanisertib,-0.23013546521934808,-0.11328830537265608
CFPAC-1,cellcycle_G1_vs_G2M,IQ 1,Irinotecan,0.6265833598485224,0.47461831773232
CFPAC-1,cellcycle_G1_vs_G2M,Belumosudil (mesylate),Oleic acid,0.4967381414191132,0.3514545126934563
CFPAC-1,cellcycle_G1_vs_G2M,Oxaliplatin,SBI-0640756,0.034674103724402786,0.08973943979697671
CFPAC-1,cellcycle_G1_vs_G2M,Futibatinib,Regorafenib,0.4574158773478441,0.4724117787914432
CFPAC-1,cellcycle_G1_vs_G2M,Paclitaxel,XRK3F2,0.880622636991031,0.8166874956140789
CFPAC-1,cellcycle_G1_vs_G2M,Temuterkib,olaparib,0.12724267549052234,0.116925858664784
CFPAC-1,cellcycle_G1_vs_G2M,Abemaciclib,LY-2584702 (tosylate salt),0.27221231447390204,0.23652939843228862
CFPAC-1,cellcycle_G1_vs_G2M,Abemaciclib,IQ 1,-0.1503911652995336,0.23240830903735557
CFPAC-1,cellcycle_G1_vs_G2M,Gemcitabine,Pimitespib,0.5989355597881447,0.2343969419857455
CFPAC-1,cellcycle_G1_vs_G2M,Abemaciclib,CP21R7,-0.01627564531978023,-0.06600498783663694
CFPAC-1,cellcycle_G1_vs_G2M,AZD-7648,EX229,-0.06508937320533965,-0.00872780117443793
CFPAC-1,cellcycle_G1_vs_G2M,AZD-7648,Minodronic acid,0.391935354099072,0.4386610210404313
CFPAC-1,cellcycle_G1_vs_G2M,9-ING-41,DT-061,0.4972098394053539,0.28417114564554885
CFPAC-1,cellcycle_G1_vs_G2M,ETC-206,OTS514,0.3432349767730226,0.2707290769632454
CFPAC-1,cellcycle_G1_vs_G2M,Capivasertib,LY2090314,0.4386466480473954,0.28333980882502363
CFPAC-1,cellcycle_G1_vs_G2M,Alpelisib,RMC-6236,0.8297138633695321,0.6921120271809438
CFPAC-1,cellcycle_G1_vs_G2M,SBI-0640756,Temuterkib,0.2048093117602322,0.21418591709802878
COLO 205,cellcycle_G1_vs_G2M,Methylprednisolone succinate,Tucatinib,0.6407514272266156,0.6147084953281434
COLO 205,cellcycle_G1_vs_G2M,9-ING-41,Brivudine,-0.15010172033981667,0.24328816700076994
COLO 205,cellcycle_G1_vs_G2M,Temuterkib,olaparib,0.24842222560998098,0.3230306112254987
COLO 205,cellcycle_G1_vs_G2M,APTO-253,BI-78D3,0.569417897455621,0.5608458110990308
COLO 205,cellcycle_G1_vs_G2M,Brivudine,ERK5-IN-2,-0.14762740852251993,0.19716085549423829
COLO 205,cellcycle_G1_vs_G2M,HI-TOPK-032,Regorafenib,0.3692431125835696,0.43361849001019975
COLO 205,cellcycle_G1_vs_G2M,Irinotecan,Minodronic acid,0.4908441058626651,0.4989280538952396
COLO 205,cellcycle_G1_vs_G2M,Erdafitinib ,Lapatinib ditosylate,0.7537245010798962,0.5816618014558511
COLO 205,cellcycle_G1_vs_G2M,Abemaciclib,Anastrozole,0.09931930306763206,0.4743243955916799
COLO 205,cellcycle_G1_vs_G2M,HI-TOPK-032,Tomivosertib,0.4183733498266632,0.6194601442748051
COLO 205,cellcycle_G1_vs_G2M,BI-78D3,XRK3F2,0.7396656184991215,0.6675411090197294
COLO 205,cellcycle_G1_vs_G2M,Ralimetinib dimesylate,olaparib,0.09420188354964514,0.3224464618664188
COLO 205,cellcycle_G1_vs_G2M,BI-78D3,Oxaliplatin,0.4510327005492065,0.5170462517194488
COLO 205,cellcycle_G1_vs_G2M,HI-TOPK-032,TAK-901,0.2907052212220689,0.4676462875248754
COLO 205,cellcycle_G1_vs_G2M,9-ING-41,RMC-6236,0.6275668465503698,0.6590586702892139
COLO 205,cellcycle_G1_vs_G2M,ERK5-IN-2,Paclitaxel,0.6734473954055492,0.6397089152218465
COLO 205,cellcycle_G1_vs_G2M,Oleic acid,Paclitaxel,0.308159670417243,0.30732452270752414
COLO 205,cellcycle_G1_vs_G2M,ERK5-IN-2,ML264,0.7376903003069152,0.7129170139273554
COLO 205,cellcycle_G1_vs_G2M,APTO-253,Encorafenib,0.31531608780990467,0.405840589567728
COLO 205,cellcycle_G1_vs_G2M,APTO-253,ML264,0.6175690367819601,0.6685943482104924
COLO 205,cellcycle_G1_vs_G2M,Encorafenib,Ralimetinib dimesylate,0.5672079891210593,0.5717873810934614
COLO 205,cellcycle_G1_vs_G2M,Anastrozole,ERK5-IN-2,0.5407591911869674,0.585868764538825
COLO 205,cellcycle_G1_vs_G2M,9-ING-41,Oxaliplatin,0.4055193312443962,0.5524054046168011
COLO 205,cellcycle_G1_vs_G2M,Oleic acid,Tomivosertib,-0.22749739029635913,0.1993512018419717
COLO 205,cellcycle_G1_vs_G2M,Encorafenib,Tomivosertib,0.143235711639981,0.39408017694640723
COLO 205,cellcycle_G1_vs_G2M,ERK5-IN-2,Minodronic acid,0.4623076393087569,0.37487715419695666
COLO 205,cellcycle_G1_vs_G2M,APTO-253,ERK5-IN-2,0.5805327347692633,0.5554350041861364
COLO 205,cellcycle_G1_vs_G2M,Dabrafenib,Encorafenib,0.8234253367839545,0.7674269905703854
COLO 205,cellcycle_G1_vs_G2M,Bortezomib,Temuterkib,-0.2789471946705456,0.057334133670681374
COLO 205,cellcycle_G1_vs_G2M,Anastrozole,Ipatasertib,0.4056982926530146,0.4855008333162758
COLO 205,cellcycle_G1_vs_G2M,Ipatasertib,ML264,0.6478478687017055,0.7192809017448761
COLO 205,cellcycle_G1_vs_G2M,BI-3406,Oxaliplatin,0.540042264926735,0.4613349087021672
COLO 205,cellcycle_G1_vs_G2M,Abemaciclib,Paclitaxel,0.029169094252895794,0.2849615604181452
COLO 205,cellcycle_G1_vs_G2M,ERK5-IN-2,RMC-6236,0.6196108398248247,0.6392734570201098
COLO 205,cellcycle_G1_vs_G2M,Dabrafenib,Irinotecan,0.3689514612650944,0.5570953718825945
COLO 205,cellcycle_G1_vs_G2M,BI-3406,olaparib,0.3869974971296092,0.38890028034208873
COLO 205,cellcycle_G1_vs_G2M,Everolimus,Vemurafenib,0.5109955638493546,0.561357544903093
COLO 205,cellcycle_G1_vs_G2M,Lapatinib ditosylate,Tomivosertib,-0.20304428386760262,0.26221296783289133
COLO 205,cellcycle_G1_vs_G2M,ERK5-IN-2,Temuterkib,0.8069695763762758,0.7456733160294647
COLO 205,cellcycle_G1_vs_G2M,9-ING-41,Ipatasertib,0.5045230087204768,0.6138291967455063
COLO 205,cellcycle_G1_vs_G2M,BI-3406,Tucatinib,0.6489962797561398,0.5569205594169664
COLO 205,cellcycle_G1_vs_G2M,ML264,Minodronic acid,0.44239197549304843,0.3843747367295108
COLO 205,cellcycle_G1_vs_G2M,Bentamapimod,Oxaliplatin,0.21785848644949915,0.3236084772449073
COLO 205,cellcycle_G1_vs_G2M,Bentamapimod,Oleic acid,0.16829986704699096,0.3008923359820874
COLO 205,cellcycle_G1_vs_G2M,Oxaliplatin,Ralimetinib dimesylate,0.2695735383200317,0.39916518987375266
COLO 205,cellcycle_G1_vs_G2M,LY2090314,ML264,0.544069877645487,0.49696461472030284
COLO 205,cellcycle_G1_vs_G2M,Abemaciclib,Encorafenib,-0.04640944622769626,0.26228150794085914
COLO 205,cellcycle_G1_vs_G2M,Gemcitabine,Lapatinib ditosylate,0.6985406243461134,0.49334382290884543
COLO 205,cellcycle_G1_vs_G2M,APTO-253,Bortezomib,-0.03850161561888387,0.32589370310428817
COLO 205,cellcycle_G1_vs_G2M,9-ING-41,TAK-901,-0.19980883609355748,0.10025588773570952
COLO 205,cellcycle_G1_vs_G2M,Encorafenib,ML264,0.6513165569592458,0.6394217031547392
COLO 205,cellcycle_G1_vs_G2M,Minodronic acid,Oleic acid,0.8024705078137825,0.542598879920382
COLO 205,cellcycle_G1_vs_G2M,Brivudine,Irinotecan,0.12395842708618661,0.5470298066327097
COLO 205,cellcycle_G1_vs_G2M,BI-78D3,Bortezomib,-0.23680693484590298,0.20774512598156386
COLO 205,cellcycle_G1_vs_G2M,Encorafenib,olaparib,0.1291542709639794,0.2919416672292029
COLO 205,cellcycle_G1_vs_G2M,Minodronic acid,Oxaliplatin,0.7391176765660279,0.5046485485297545
COLO 205,cellcycle_G1_vs_G2M,Everolimus,Ipatasertib,0.44647387852792875,0.5448436254064912
COLO 205,cellcycle_G1_vs_G2M,Bortezomib,HI-TOPK-032,0.45447772139394776,0.6014840287340809
COLO 205,cellcycle_G1_vs_G2M,HI-TOPK-032,olaparib,0.259584578276771,0.6437663124901641
COLO 205,cellcycle_G1_vs_G2M,TAK-901,Vemurafenib,-0.12044616961865708,0.1366619239389203
COLO 205,cellcycle_G1_vs_G2M,Everolimus,LY2090314,0.158835561576403,0.33568307953283594
COLO 205,cellcycle_G1_vs_G2M,Regorafenib,Tomivosertib,0.40705759754678456,0.5383490309441649
COLO 205,cellcycle_G1_vs_G2M,Bentamapimod,RMC-6236,0.25641884595491876,0.41194287372705307
COLO 205,cellcycle_G1_vs_G2M,Gemcitabine,Temuterkib,0.5796043311465373,0.5222784026302842
COLO 205,cellcycle_G1_vs_G2M,LY2090314,Tucatinib,0.46476325545091013,0.4512084718696799
COLO 205,cellcycle_G1_vs_G2M,BI-3406,Paclitaxel,0.701570079335715,0.6175817496469177
COLO 205,cellcycle_G1_vs_G2M,Dabrafenib,ERK5-IN-2,0.6786985177304352,0.6468440169250895
COLO 205,cellcycle_G1_vs_G2M,Encorafenib,NVP-BHG712,0.5653620014557075,0.5498137044240535
COLO 205,cellcycle_G1_vs_G2M,Irinotecan,Ralimetinib dimesylate,0.15322595381610057,0.4482794622850037
COLO 205,cellcycle_G1_vs_G2M,Anastrozole,HI-TOPK-032,0.31980891030689484,0.5229491880646883
COLO 205,cellcycle_G1_vs_G2M,Abemaciclib,Bortezomib,0.34813107861825665,0.6407716915008306
COLO 205,cellcycle_G1_vs_G2M,Erdafitinib ,Tucatinib,0.5688502281304897,0.5031080516783306
COLO 205,cellcycle_G1_vs_G2M,BI-3406,Irinotecan,0.5175586392854912,0.5215343432948877
COLO 205,cellcycle_G1_vs_G2M,Anastrozole,NVP-BHG712,0.499612723960464,0.5263617299100014
COLO 205,cellcycle_G1_vs_G2M,9-ING-41,Abemaciclib,0.20549019183082187,0.4088100117591584
COLO 205,cellcycle_G1_vs_G2M,Anastrozole,Encorafenib,0.2795294474001195,0.4456972977261259
COLO 205,cellcycle_G1_vs_G2M,Encorafenib,Oleic acid,0.17045826328403538,0.22777668385043717
COLO 205,cellcycle_G1_vs_G2M,Paclitaxel,Regorafenib,0.48272028184421745,0.630192679112047
COLO 205,cellcycle_G1_vs_G2M,Bentamapimod,Bortezomib,0.046838535231227066,0.2375205921117761
COLO 205,cellcycle_G1_vs_G2M,Lapatinib ditosylate,RMC-6236,0.47630658622629873,0.43597676427629095
COLO 205,cellcycle_G1_vs_G2M,ERK5-IN-2,Ralimetinib dimesylate,0.5749880033620532,0.6071971835346323
COLO 205,cellcycle_G1_vs_G2M,Everolimus,Temuterkib,0.31468702087842754,0.43011727282186896
COLO 205,cellcycle_G1_vs_G2M,9-ING-41,Bentamapimod,0.5190562455893795,0.5599211094234434
COLO 205,cellcycle_G1_vs_G2M,APTO-253,Dabrafenib,0.5133353259202222,0.5905494222094589
COLO 205,cellcycle_G1_vs_G2M,Methylprednisolone succinate,XRK3F2,0.37860147495155105,0.31469252983607887
COLO 205,cellcycle_G1_vs_G2M,APTO-253,Paclitaxel,0.38200946103867206,0.44337461892779817
COLO 205,cellcycle_G1_vs_G2M,Minodronic acid,olaparib,0.5108445211760415,0.5012727598557724
COLO 205,cellcycle_G1_vs_G2M,Bortezomib,NVP-BHG712,0.011791208567502834,0.26745232807487335
COLO 205,cellcycle_G1_vs_G2M,APTO-253,Oleic acid,0.5130286178793557,0.44680348767329514
COLO 205,cellcycle_G1_vs_G2M,Brivudine,Temuterkib,-0.2516920767773505,0.13521951998324822
COLO 205,cellcycle_G1_vs_G2M,Brivudine,Oleic acid,-0.32958497039360657,0.16003379753435856
COLO 205,cellcycle_G1_vs_G2M,Dabrafenib,ML264,0.8298237563437089,0.8071455847707315
COLO 205,cellcycle_G1_vs_G2M,Gemcitabine,TAK-901,-0.21042922678051168,0.2614410743804962
COLO 205,cellcycle_G1_vs_G2M,Abemaciclib,Methylprednisolone succinate,0.07888017171369649,0.5290236063670393
COLO 205,cellcycle_G1_vs_G2M,Abemaciclib,Minodronic acid,-0.04455604673309651,0.2625113985011947
COLO 205,cellcycle_G1_vs_G2M,LY2090314,NVP-BHG712,0.33452666143741594,0.4022861918482143
COLO 205,cellcycle_G1_vs_G2M,Minodronic acid,Temuterkib,0.5640032473377956,0.42749374088287473
COLO 205,cellcycle_G1_vs_G2M,Abemaciclib,Irinotecan,0.05846437464898671,0.5103834852001463
COLO 205,cellcycle_G1_vs_G2M,RMC-6236,Temuterkib,0.5684047385309835,0.5253474022720923
COLO 205,cellcycle_G1_vs_G2M,Bortezomib,Methylprednisolone succinate,0.18136143585683423,0.4986387868370025
H4,cellcycle_G1_vs_G2M,HI-TOPK-032,MK-8353,0.3851177626224928,0.2867442064499452
H4,cellcycle_G1_vs_G2M,DT-061,Torkinib,0.39236122111361993,0.5110512056646913
H4,cellcycle_G1_vs_G2M,Abemaciclib,Vemurafenib,0.019717782574314544,0.21124436273753633
H4,cellcycle_G1_vs_G2M,Methylprednisolone succinate,Tomivosertib,0.3476331416064144,0.313800147498106
H4,cellcycle_G1_vs_G2M,LY2090314,MK-8353,0.4589219747624827,0.4339019742166447
H4,cellcycle_G1_vs_G2M,Ipatasertib,Paclitaxel,0.5512163159731938,0.5025907907370203
H4,cellcycle_G1_vs_G2M,Minodronic acid,olaparib,0.21833197598664392,0.22974323538688893
H4,cellcycle_G1_vs_G2M,Capmatinib,ULK-101,0.3853080135618072,0.36877131397666
H4,cellcycle_G1_vs_G2M,BAY1125976,palbociclib,0.30061168007296146,0.11618248417123156
H4,cellcycle_G1_vs_G2M,AZD-8055,BI-3406,0.4033578300116125,0.3612383849934655
H4,cellcycle_G1_vs_G2M,Celecoxib,Pralsetinib,0.4738455291101514,0.2866662015521587
H4,cellcycle_G1_vs_G2M,CP21R7,Ralimetinib dimesylate,0.23213479789053293,0.2979083410685531
H4,cellcycle_G1_vs_G2M,MK-8353,Tucatinib,0.6234324274242662,0.4846065015203772
H4,cellcycle_G1_vs_G2M,Celecoxib,TAK-733,0.029775604797114906,0.10173913469077779
H4,cellcycle_G1_vs_G2M,Everolimus,palbociclib,0.3996074472236492,0.42250232778786523
H4,cellcycle_G1_vs_G2M,ERK5-IN-2,Encorafenib,0.6994235888087313,0.6679437710689382
H4,cellcycle_G1_vs_G2M,Anastrozole,RMC-6236,0.1066376561817011,0.1973509705388832
H4,cellcycle_G1_vs_G2M,ERK5-IN-2,Tubulin inhibitor 6,0.1108298875378197,0.03790170133735963
H4,cellcycle_G1_vs_G2M,Abemaciclib,Methylprednisolone succinate,0.2333761838345807,0.21818615729752333
H4,cellcycle_G1_vs_G2M,RMC-6236,palbociclib,0.255596671382595,0.35161184890054087
H4,cellcycle_G1_vs_G2M,AZD-7648,Oxaliplatin,0.21119204964462798,0.36999505424440743
H4,cellcycle_G1_vs_G2M,CP21R7,Celecoxib,0.23107603446745653,0.18601645558759394
H4,cellcycle_G1_vs_G2M,TAK-733,ULK-101,0.19729360179580624,0.12231160065927836
H4,cellcycle_G1_vs_G2M,ML264,TAK-733,0.2934633906705828,0.3350986803348338
H4,cellcycle_G1_vs_G2M,9-ING-41,palbociclib,0.42035423385287807,0.22572893547740738
H4,cellcycle_G1_vs_G2M,AZD-7648,Tomivosertib,0.1834931088424636,0.15122233418748687
H4,cellcycle_G1_vs_G2M,LB-100,Tubulin inhibitor 6,0.4733362200993993,0.3848013922864159
H4,cellcycle_G1_vs_G2M,AZD-7648,Everolimus,0.3324669779511161,0.3370974813520279
H4,cellcycle_G1_vs_G2M,ETC-206,Sapanisertib,0.26227082663443135,0.19245102753267687
H4,cellcycle_G1_vs_G2M,Bentamapimod,Paclitaxel,0.5788308937764906,0.6234750836515841
H4,cellcycle_G1_vs_G2M,Encorafenib,Temuterkib,0.5442601412550194,0.5130815826932327
H4,cellcycle_G1_vs_G2M,APTO-253,DT-061,0.28471045553527635,0.2787194582350306
H4,cellcycle_G1_vs_G2M,Vemurafenib,olaparib,0.09903459895991984,0.12489084779762122
H4,cellcycle_G1_vs_G2M,Paclitaxel,venetoclax,-0.008079206470692133,0.10281507416160222
H4,cellcycle_G1_vs_G2M,Brivudine,Volasertib,0.03831240009004567,0.24838022120141962
H4,cellcycle_G1_vs_G2M,ERK5-IN-2,Pralsetinib,-0.030542334391066652,-0.18756209248342506
H4,cellcycle_G1_vs_G2M,BI-78D3,Irinotecan,0.3447926179767745,0.23651871689670317
H4,cellcycle_G1_vs_G2M,Temuterkib,Tubulin inhibitor 6,0.19566499103299184,0.07752457719684368
H4,cellcycle_G1_vs_G2M,Abemaciclib,Bentamapimod,0.175945011923471,0.1336211988389433
H4,cellcycle_G1_vs_G2M,XRK3F2,venetoclax,-0.05403116548183926,0.15068077813081449
H4,cellcycle_G1_vs_G2M,Futibatinib,Lapatinib ditosylate,0.5455536489100479,0.45368973647749333
H4,cellcycle_G1_vs_G2M,Celecoxib,Encorafenib,0.11930520707284514,0.11809021639081975
H4,cellcycle_G1_vs_G2M,AZD-8055,HI-TOPK-032,0.2739793665240251,0.4130311319139891
H4,cellcycle_G1_vs_G2M,Bentamapimod,Volasertib,0.5160680495645035,0.3485056763843345
H4,cellcycle_G1_vs_G2M,Tucatinib,olaparib,-0.04665591910974251,0.030909873647202137
H4,cellcycle_G1_vs_G2M,Methylprednisolone succinate,RMC-6236,0.04751638205552951,0.15551974521576692
H4,cellcycle_G1_vs_G2M,Sapanisertib,Tucatinib,0.3902505635899433,0.2773571601102991
H4,cellcycle_G1_vs_G2M,ERK5-IN-2,LY2090314,0.6988020392454144,0.5230021349041862
H4,cellcycle_G1_vs_G2M,Gemcitabine,LY2090314,0.3239945558541452,0.12670017840960882
H4,cellcycle_G1_vs_G2M,Gemcitabine,Ipatasertib,0.3073921552119186,0.33786253425259277
H4,cellcycle_G1_vs_G2M,Torkinib,olaparib,0.14383796191479178,0.26316167756505904
H4,cellcycle_G1_vs_G2M,Regorafenib,Torkinib,0.28921382725261513,0.3271291131815354
H4,cellcycle_G1_vs_G2M,Irinotecan,RMC-6236,0.03265331623522122,0.22300772738501198
H4,cellcycle_G1_vs_G2M,Capmatinib,Tubulin inhibitor 6,0.30962067080738953,0.23814719110618746
H4,cellcycle_G1_vs_G2M,Methylprednisolone succinate,Tucatinib,0.37388030050767707,0.398126596794481
H4,cellcycle_G1_vs_G2M,LY2090314,Lapatinib ditosylate,0.7235593955693589,0.5341867757204015
H4,cellcycle_G1_vs_G2M,Minodronic acid,Sapanisertib,0.0811423470675977,0.031230268419744384
H4,cellcycle_G1_vs_G2M,Afatinib,TAK-733,0.35975346054309015,0.30110098613894437
H4,cellcycle_G1_vs_G2M,AZD-8055,Abemaciclib,0.04649362599160697,0.24099849518319355
H4,cellcycle_G1_vs_G2M,ERK5-IN-2,Gemcitabine,0.2579843614278964,0.22018358835510535
H4,cellcycle_G1_vs_G2M,BAY1125976,Ipatasertib,0.41069290555492866,0.45016638048707425
H4,cellcycle_G1_vs_G2M,Lapatinib ditosylate,palbociclib,0.5329449584056672,0.3829471919516176
H4,cellcycle_G1_vs_G2M,Abemaciclib,NVP-BHG712,-0.04605785605359427,0.1634247319833665
H4,cellcycle_G1_vs_G2M,AZD-8055,XRK3F2,0.7263101319454136,0.5812061318320656
H4,cellcycle_G1_vs_G2M,NVP-BHG712,XRK3F2,0.5692271204522369,0.5190492954419178
H4,cellcycle_G1_vs_G2M,Gemcitabine,XRK3F2,0.303680095446089,0.42644150838066985
H4,cellcycle_G1_vs_G2M,Sapanisertib,TAK-733,0.023258020223730864,0.09756610593484298
H4,cellcycle_G1_vs_G2M,DT-061,Volasertib,0.2515868901062692,0.16889950215308583
H4,cellcycle_G1_vs_G2M,Torkinib,Vemurafenib,0.40893879274757805,0.1823437319986163
H4,cellcycle_G1_vs_G2M,ETC-206,Minodronic acid,0.6079112974171685,0.5405826543093484
H4,cellcycle_G1_vs_G2M,XRK3F2,olaparib,0.08923490133460141,0.0021287234068545387
H4,cellcycle_G1_vs_G2M,Paclitaxel,Sapanisertib,0.6785539912499952,0.5788867009017655
H4,cellcycle_G1_vs_G2M,Bentamapimod,ERK5-IN-2,0.5817768526894735,0.6317054898837008
H4,cellcycle_G1_vs_G2M,Celecoxib,Dabrafenib,0.3102939752898157,0.19458468931052367
H4,cellcycle_G1_vs_G2M,Bentamapimod,Capmatinib,0.130093637766201,0.06715030292285928
H4,cellcycle_G1_vs_G2M,AZD-7648,XRK3F2,0.25630567731490744,0.20884888196976317
H4,cellcycle_G1_vs_G2M,LB-100,Sapanisertib,0.2648746412231566,0.3509103681411099
H4,cellcycle_G1_vs_G2M,BI-78D3,Everolimus,0.5453173087797888,0.3370492583792021
H4,cellcycle_G1_vs_G2M,AZD-8055,Methylprednisolone succinate,0.3332886328985194,0.35180171192681947
H4,cellcycle_G1_vs_G2M,Bentamapimod,Tubulin inhibitor 6,0.3782442633616685,0.23683061126612792
H4,cellcycle_G1_vs_G2M,9-ING-41,Everolimus,0.6761472520015225,0.5207608264605772
H4,cellcycle_G1_vs_G2M,APTO-253,Ipatasertib,0.2707721958178861,0.39364693899393505
H4,cellcycle_G1_vs_G2M,9-ING-41,ML264,0.70049614483712,0.5533880457706457
H4,cellcycle_G1_vs_G2M,Erdafitinib ,Oxaliplatin,0.5537046972913607,0.4109536673774116
H4,cellcycle_G1_vs_G2M,BI-78D3,TAK-733,0.26895949809023895,0.2240632818091467
H4,cellcycle_G1_vs_G2M,Anastrozole,TAK-733,0.2562925691410796,0.19434266755319457
H4,cellcycle_G1_vs_G2M,Erdafitinib ,Regorafenib,0.09250395108260567,0.07564449240274779
H4,cellcycle_G1_vs_G2M,DT-061,XRK3F2,0.25312346805412894,0.12509394450237726
H4,cellcycle_G1_vs_G2M,LB-100,olaparib,0.2400052778988321,0.33901385453750926
H4,cellcycle_G1_vs_G2M,MK-8353,Regorafenib,0.26565859312897694,0.20436043185734218
H4,cellcycle_G1_vs_G2M,CP21R7,Lapatinib ditosylate,0.20793126953322316,0.26161479331628384
H4,cellcycle_G1_vs_G2M,9-ING-41,Irinotecan,0.4242681442533332,0.2809323600461204
H4,cellcycle_G1_vs_G2M,Anastrozole,venetoclax,0.16412405176876063,0.18895541324285947
H4,cellcycle_G1_vs_G2M,MK-8353,Tubulin inhibitor 6,0.4859029815525431,0.33574688506690914
H4,cellcycle_G1_vs_G2M,APTO-253,Pralsetinib,0.3368145117506567,0.4622016441647753
H4,cellcycle_G1_vs_G2M,Torkinib,ULK-101,0.22788813477368552,0.3441389336585006
H4,cellcycle_G1_vs_G2M,Dabrafenib,Tubulin inhibitor 6,0.12136595559847874,0.12042912992719675
H4,cellcycle_G1_vs_G2M,Gemcitabine,Sapanisertib,0.38509648117736145,0.2921556486648704
H4,cellcycle_G1_vs_G2M,AZD-8055,Vemurafenib,0.5372675133045625,0.39112509214255153
H4,cellcycle_G1_vs_G2M,Gemcitabine,Volasertib,0.4950275107743425,0.3443720545263333
HCT15,cellcycle_G1_vs_G2M,Hydroxyfasudil,PF-06260933,0.10185536439816001,0.284752181658844
HCT15,cellcycle_G1_vs_G2M,Futibatinib,vincristine,0.1446491528146373,0.207874518855059
HCT15,cellcycle_G1_vs_G2M,AZD-7648,Paclitaxel,0.28807487084515293,0.3170234806542639
HCT15,cellcycle_G1_vs_G2M,Ipatasertib,LJI308,0.2631726495944244,0.33959394237980467
HCT15,cellcycle_G1_vs_G2M,Torkinib,Vemurafenib,0.31886942958899267,0.0637739232179777
HCT15,cellcycle_G1_vs_G2M,DTP3,Pimitespib,0.27385017832519376,0.2868273704778226
HCT15,cellcycle_G1_vs_G2M,Lapatinib ditosylate,Minodronic acid,0.45789817424866364,0.4574379611097338
HCT15,cellcycle_G1_vs_G2M,CP21R7,ULK-101,0.14125297952715019,0.03389649307835624
HCT15,cellcycle_G1_vs_G2M,DT-061,Paclitaxel,0.1724212719569398,0.11819914281229646
HCT15,cellcycle_G1_vs_G2M,Methylprednisolone succinate,Oleic acid,0.5221411832789603,0.5362183107226165
HCT15,cellcycle_G1_vs_G2M,Abemaciclib,LJI308,0.35393103787211594,0.5770785540129657
HCT15,cellcycle_G1_vs_G2M,GSK1059615,SBI-0640756,0.1412326243942161,0.23064336818215164
HCT15,cellcycle_G1_vs_G2M,GSK1059615,NVP-BHG712,0.4395356118463483,0.2513353713638675
HCT15,cellcycle_G1_vs_G2M,Erdafitinib ,Hydroxyfasudil,0.37066347443567255,0.4140827468207836
HCT15,cellcycle_G1_vs_G2M,Gemcitabine,MK-8353,0.3809026199796649,0.5055641573757462
HCT15,cellcycle_G1_vs_G2M,Celecoxib,DTP3,0.18563396837886376,0.24630227307698682
HCT15,cellcycle_G1_vs_G2M,Regorafenib,TAK-901,0.14914141893322153,0.3163368089955641
HCT15,cellcycle_G1_vs_G2M,EX229,RMC-6236,0.32633327576710514,0.5000422156807314
HCT15,cellcycle_G1_vs_G2M,Infigratinib,Sapanisertib,0.27824453928601367,0.4522687618287864
HCT15,cellcycle_G1_vs_G2M,Anastrozole,PH-797804,0.28801877655757335,0.23276890618509002
HCT15,cellcycle_G1_vs_G2M,ERK5-IN-2,Vemurafenib,0.7784222630200346,0.6496228429562347
HCT15,cellcycle_G1_vs_G2M,Dabrafenib,Infigratinib,0.3816243209399643,0.5259006692873517
HCT15,cellcycle_G1_vs_G2M,Capmatinib,Irinotecan,0.45736325407885836,0.4476364923770537
HCT15,cellcycle_G1_vs_G2M,BI-3406,Tubulin inhibitor 6,0.2460588299377458,0.07259748667070719
HCT15,cellcycle_G1_vs_G2M,Belumosudil (mesylate),DTP3,0.26905935171790846,0.12591782320531977
HCT15,cellcycle_G1_vs_G2M,Celecoxib,olaparib,0.3918273244277978,0.4448050884153827
HCT15,cellcycle_G1_vs_G2M,AT7519,vincristine,0.4182840469616598,0.4205525884516912
HCT15,cellcycle_G1_vs_G2M,Temuterkib,ULK-101,0.23662385737138428,0.3710154495754844
HCT15,cellcycle_G1_vs_G2M,Bimiralisib,TAK-733,0.4134669907018525,0.28048989611844677
HCT15,cellcycle_G1_vs_G2M,Infigratinib,Lonafarnib,0.1561919125132706,0.2718229102877295
HCT15,cellcycle_G1_vs_G2M,NG25,Vemurafenib,0.517781642852456,0.3574407317417655
HCT15,cellcycle_G1_vs_G2M,Everolimus,Pemigatinib,0.3815745139632759,0.44075325724230485
HCT15,cellcycle_G1_vs_G2M,BI-78D3,c-Kit-IN-1,0.2881847693036616,0.3554186471401448
HCT15,cellcycle_G1_vs_G2M,Everolimus,Gemcitabine,0.6209225291992639,0.6139355447556932
HCT15,cellcycle_G1_vs_G2M,Bentamapimod,SBI-0640756,0.3276871258290046,0.20559946493479273
HCT15,cellcycle_G1_vs_G2M,Encorafenib,TAK-901,0.03390424482418924,0.15920145277111697
HCT15,cellcycle_G1_vs_G2M,Encorafenib,Tucatinib,0.45688327506074783,0.10460972903224039
HCT15,cellcycle_G1_vs_G2M,Abemaciclib,Bentamapimod,0.2624342228435753,0.12077499060187859
HCT15,cellcycle_G1_vs_G2M,GSK1059615,venetoclax,0.30732989263499927,0.2803376299163579
HCT15,cellcycle_G1_vs_G2M,Everolimus,Minodronic acid,0.3259974058642261,0.39048455534723303
HCT15,cellcycle_G1_vs_G2M,NG25,Pimitespib,0.14390222550523632,0.03704674419867984
HCT15,cellcycle_G1_vs_G2M,BAY1125976,SBI-0640756,0.28452943036465644,0.23459985149596968
HCT15,cellcycle_G1_vs_G2M,ERK5-IN-2,LB-100,0.4612064624776483,0.26600834777515364
HCT15,cellcycle_G1_vs_G2M,GSK1059615,Infigratinib,0.20097653015256922,0.28243470815419536
HCT15,cellcycle_G1_vs_G2M,Capmatinib,MK-8353,0.30726481017873836,0.2302954184419753
HCT15,cellcycle_G1_vs_G2M,ETC-206,Torkinib,0.416161941720664,0.5072505436405894
HCT15,cellcycle_G1_vs_G2M,Adagrasib,Bimiralisib,0.19354116735249763,0.17891932178349151
HCT15,cellcycle_G1_vs_G2M,Belumosudil (mesylate),TAK-733,0.3281733756033983,0.2848880665227784
HCT15,cellcycle_G1_vs_G2M,Celecoxib,Ixazomib,0.24321893951219806,0.21151367438914512
HCT15,cellcycle_G1_vs_G2M,Bortezomib,RMC-6236,0.034083118016034065,0.3092237302455781
HCT15,cellcycle_G1_vs_G2M,BAY1125976,palbociclib,0.06457217194180215,0.09107290415283625
HCT15,cellcycle_G1_vs_G2M,Encorafenib,GSK1059615,0.566902238287196,0.528530345421649
HCT15,cellcycle_G1_vs_G2M,Erdafitinib ,Paclitaxel,0.5438755992084545,0.3847086296557931
HCT15,cellcycle_G1_vs_G2M,LB-100,ML264,0.5585025475228796,0.37346451368318423
HCT15,cellcycle_G1_vs_G2M,AT7519,ETC-206,0.4594024669522206,0.5012273480988825
HCT15,cellcycle_G1_vs_G2M,Bimiralisib,Minodronic acid,0.07995034087190069,0.015239229889284684
HCT15,cellcycle_G1_vs_G2M,Bentamapimod,Encorafenib,0.679776527728774,0.405979041806092
HCT15,cellcycle_G1_vs_G2M,Futibatinib,Sapanisertib,0.191617299869453,0.028737631834255394
HCT15,cellcycle_G1_vs_G2M,Lapatinib ditosylate,RMC-6236,0.33632486599959377,0.156177197292394
HCT15,cellcycle_G1_vs_G2M,AZD-7648,Tomivosertib,0.14419256150595605,0.3464887106546638
HCT15,cellcycle_G1_vs_G2M,LJI308,olaparib,0.4306443162934773,0.44057377795343733
HCT15,cellcycle_G1_vs_G2M,BI-78D3,MK-3903,0.4992898652732801,0.33964072542957835
HCT15,cellcycle_G1_vs_G2M,Anastrozole,ERK5-IN-2,0.29088688732559737,0.27893406352124084
HCT15,cellcycle_G1_vs_G2M,ML264,Oxaliplatin,0.31874288400618367,0.12680772001167165
HCT15,cellcycle_G1_vs_G2M,AZD-7648,Pralsetinib,0.310413512979144,0.2203593858359807
HCT15,cellcycle_G1_vs_G2M,Bentamapimod,PF-06260933,0.023198010185495558,0.05807352317665636
HCT15,cellcycle_G1_vs_G2M,Encorafenib,venetoclax,0.042897121816964895,0.21419302736483994
HCT15,cellcycle_G1_vs_G2M,BI-78D3,Minodronic acid,0.1571086006975671,0.2722577772563281
HCT15,cellcycle_G1_vs_G2M,Encorafenib,palbociclib,0.549821584379198,0.3944046110327981
HCT15,cellcycle_G1_vs_G2M,AZD2858,RMC-6236,0.19070483198008503,0.03881758507577276
HCT15,cellcycle_G1_vs_G2M,BAY1125976,Trametinib,0.13688369208689186,0.10625202738423335
HCT15,cellcycle_G1_vs_G2M,Encorafenib,Volasertib,0.2843531069584411,0.17052317923143884
HCT15,cellcycle_G1_vs_G2M,Futibatinib,Trametinib,-0.03258945079837394,-0.03422485876969531
HCT15,cellcycle_G1_vs_G2M,LY2090314,Vemurafenib,0.5642498613633048,0.2633592487509165
HCT15,cellcycle_G1_vs_G2M,Belumosudil (mesylate),Minodronic acid,0.22990269163260094,0.2848567858305271
HCT15,cellcycle_G1_vs_G2M,Adagrasib,MK-8353,0.1901486274408232,0.4045782784852684
HCT15,cellcycle_G1_vs_G2M,ERK5-IN-2,EX229,0.23413334563088137,0.28685248734779756
HCT15,cellcycle_G1_vs_G2M,Bortezomib,Capivasertib,0.06130055251702169,0.11922314792144331
HCT15,cellcycle_G1_vs_G2M,Encorafenib,Ralimetinib dimesylate,0.7324428462219041,0.414928139615917
HCT15,cellcycle_G1_vs_G2M,c-Kit-IN-1,venetoclax,0.7541828822640453,0.6813378755115393
HCT15,cellcycle_G1_vs_G2M,Capmatinib,Trametinib,0.5946521579105779,0.49268406993433267
HCT15,cellcycle_G1_vs_G2M,APTO-253,LB-100,0.49010762284384424,0.43464748749874244
HCT15,cellcycle_G1_vs_G2M,Capivasertib,MK-8353,0.2576317036716605,0.5367979291862023
HCT15,cellcycle_G1_vs_G2M,LJI308,Vemurafenib,0.26476374231900407,0.2846965488080032
HCT15,cellcycle_G1_vs_G2M,AZD1390,LB-100,0.4646564604024001,0.466422673995609
HCT15,cellcycle_G1_vs_G2M,AZD2858,c-Kit-IN-1,0.3252892023508664,0.23094934660695976
HCT15,cellcycle_G1_vs_G2M,Hydroxyfasudil,Methylprednisolone succinate,0.4799453540720582,0.3981669576962463
HCT15,cellcycle_G1_vs_G2M,BI-78D3,Paclitaxel,0.8226162379338802,0.6813750592497517
HCT15,cellcycle_G1_vs_G2M,BI-3406,Volasertib,0.3155142615699231,0.3850944165706028
HCT15,cellcycle_G1_vs_G2M,Belumosudil (mesylate),Gemcitabine,0.45641105859418835,0.38644526447300065
HCT15,cellcycle_G1_vs_G2M,LY2090314,XRK3F2,0.5918713118330821,0.2622346733261221
HCT15,cellcycle_G1_vs_G2M,ERK5-IN-2,LY2090314,0.6319821795514918,0.374591353916446
HCT15,cellcycle_G1_vs_G2M,APTO-253,SBI-0640756,0.293731770384353,0.3185677211117958
HCT15,cellcycle_G1_vs_G2M,HI-TOPK-032,Tomivosertib,0.3647999979897545,0.4427862060649709
HCT15,cellcycle_G1_vs_G2M,Anastrozole,Minodronic acid,0.4712304165664928,0.5302168631109495
HCT15,cellcycle_G1_vs_G2M,PF-06260933,Trametinib,-0.15631784233852625,0.1818726251475235
HCT15,cellcycle_G1_vs_G2M,Dabrafenib,palbociclib,0.1172041111300349,0.1987580269593574
HCT15,cellcycle_G1_vs_G2M,DT-061,Minodronic acid,0.290652093821647,0.4612416752607381
HCT15,cellcycle_G1_vs_G2M,APTO-253,ERK5-IN-2,0.331269449696846,0.19094553655230564
HCT15,cellcycle_G1_vs_G2M,Lonafarnib,ML264,0.14825340668829692,0.261978222202484
HEC-1-A,cellcycle_G1_vs_G2M,RMC-6236,vincristine,-0.31714057716221905,-0.2058639615073504
HEC-1-A,cellcycle_G1_vs_G2M,BI-78D3,Sapanisertib,0.4936416746277952,0.7425516892904658
HEC-1-A,cellcycle_G1_vs_G2M,BI-3406,Minodronic acid,0.25058766751094913,0.2108086960352032
HEC-1-A,cellcycle_G1_vs_G2M,Ipatasertib,Trametinib,0.5871668472557524,0.6584657318929891
HEC-1-A,cellcycle_G1_vs_G2M,Torkinib,venetoclax,0.3250273143122441,0.5049628043792262
HEC-1-A,cellcycle_G1_vs_G2M,Capmatinib,DTP3,0.2973833124819293,0.16920790953099835
HEC-1-A,cellcycle_G1_vs_G2M,AZD-7648,AZD-8055,0.7522953750476741,0.7346996502172893
HEC-1-A,cellcycle_G1_vs_G2M,4EGI-1,Irinotecan,0.40104359344729756,0.5327418292081144
HEC-1-A,cellcycle_G1_vs_G2M,Bortezomib,LB-100,0.27848985158278167,0.22734985439616573
HEC-1-A,cellcycle_G1_vs_G2M,LB-100,c-Kit-IN-1,0.4856702152192799,0.45150801666629475
HEC-1-A,cellcycle_G1_vs_G2M,Alpelisib,NVP-BHG712,0.5404764310607751,0.5271963270285084
HEC-1-A,cellcycle_G1_vs_G2M,Bentamapimod,XRK3F2,0.6658206176659168,0.5953309241228838
HEC-1-A,cellcycle_G1_vs_G2M,Infigratinib,RMC-6236,0.10107969620307823,0.003984856919828977
HEC-1-A,cellcycle_G1_vs_G2M,ERK5-IN-2,OTS514,0.0904290151931452,0.003571337532780619
HEC-1-A,cellcycle_G1_vs_G2M,Abemaciclib,DTP3,-0.06921638576248403,0.07085430989475566
HEC-1-A,cellcycle_G1_vs_G2M,TAK-901,Tucatinib,0.24268915679745207,0.12405362173296229
HEC-1-A,cellcycle_G1_vs_G2M,Capivasertib,ETC-206,0.540779887782512,0.6466977460288632
HEC-1-A,cellcycle_G1_vs_G2M,Binimetinib,Dabrafenib,0.0368986758104805,-0.22796236538298914
HEC-1-A,cellcycle_G1_vs_G2M,CP21R7,Lapatinib ditosylate,0.5674241654596252,0.6591853260498934
HEC-1-A,cellcycle_G1_vs_G2M,ETC-206,Hydroxyfasudil,0.5735641404464504,0.6566916571890713
HEC-1-A,cellcycle_G1_vs_G2M,Bentamapimod,Pralsetinib,0.31618856714154986,0.11314739589924273
HEC-1-A,cellcycle_G1_vs_G2M,Alpelisib,Ipatasertib,0.46063252363079676,0.4502786001237644
HEC-1-A,cellcycle_G1_vs_G2M,Bimiralisib,Pimitespib,0.208962466456932,0.0896978911690102
HEC-1-A,cellcycle_G1_vs_G2M,Adagrasib,DT-061,0.25476258954722225,0.19782477173232432
HEC-1-A,cellcycle_G1_vs_G2M,Dabrafenib,TAK-733,-0.03086313155071959,-0.13713828868273753
HEC-1-A,cellcycle_G1_vs_G2M,Irinotecan,MK-8353,0.6229522644717357,0.5004899674607831
HEC-1-A,cellcycle_G1_vs_G2M,ETC-206,Tucatinib,0.6881803330293453,0.7213163104900353
HEC-1-A,cellcycle_G1_vs_G2M,Celecoxib,LB-100,0.5860598639004044,0.643746070281422
HEC-1-A,cellcycle_G1_vs_G2M,AZD-8055,Sapanisertib,0.7515547914772966,0.7202821254297591
HEC-1-A,cellcycle_G1_vs_G2M,4EGI-1,Bentamapimod,0.42110870865005073,0.38948529661290276
HEC-1-A,cellcycle_G1_vs_G2M,Regorafenib,Tubulin inhibitor 6,0.48965400508140383,0.4733595863805936
HEC-1-A,cellcycle_G1_vs_G2M,Ralimetinib dimesylate,Volasertib,0.6236666221116192,0.5947078943800923
HEC-1-A,cellcycle_G1_vs_G2M,AT7519,TAK-733,0.1915134258334886,0.2038021802288654
HEC-1-A,cellcycle_G1_vs_G2M,Belumosudil (mesylate),Tomivosertib,0.36604889799205653,0.5691458707770573
HEC-1-A,cellcycle_G1_vs_G2M,AZD2858,Adagrasib,0.29005775420644625,0.5442489878003469
HEC-1-A,cellcycle_G1_vs_G2M,PF-06260933,TAK-733,0.14304324927105852,0.2970514836658393
HEC-1-A,cellcycle_G1_vs_G2M,9-ING-41,Torkinib,0.35062990450434084,0.36012614327313114
HEC-1-A,cellcycle_G1_vs_G2M,Alpelisib,Sapanisertib,0.5610371818562064,0.48144413416701975
HEC-1-A,cellcycle_G1_vs_G2M,IQ 1,Volasertib,0.4754377943481965,0.4307408271201899
HEC-1-A,cellcycle_G1_vs_G2M,ML264,Oleic acid,0.2133896196118303,0.17772955451356381
HEC-1-A,cellcycle_G1_vs_G2M,APTO-253,Belzutifan,0.3342522669538174,0.27388291199287484
HEC-1-A,cellcycle_G1_vs_G2M,Alpelisib,Trametinib,0.8936317479899929,0.853750644765916
HEC-1-A,cellcycle_G1_vs_G2M,ML264,Tomivosertib,0.6683625694726667,0.4473529763515086
HEC-1-A,cellcycle_G1_vs_G2M,Trametinib,palbociclib,0.837465555644494,0.8084474330041588
HEC-1-A,cellcycle_G1_vs_G2M,LY-2584702 (tosylate salt),Tucatinib,0.05994192715137943,-0.05647714733769121
HEC-1-A,cellcycle_G1_vs_G2M,NG25,Volasertib,0.367211390607983,0.4019655732788693
HEC-1-A,cellcycle_G1_vs_G2M,Adagrasib,NG25,0.008707202944228783,0.2553315316252181
HEC-1-A,cellcycle_G1_vs_G2M,AZD-7648,AZD2858,0.2538434093273031,0.314891553363312
HEC-1-A,cellcycle_G1_vs_G2M,Belzutifan,LB-100,0.3699318077155206,0.34000282323200487
HEC-1-A,cellcycle_G1_vs_G2M,LY-2584702 (tosylate salt),Methylprednisolone succinate,0.30793129307486206,0.4261134309974272
HEC-1-A,cellcycle_G1_vs_G2M,SBI-0640756,Temuterkib,0.4732618423200203,0.2685572052980255
HEC-1-A,cellcycle_G1_vs_G2M,AT7519,Paclitaxel,0.39960845881080603,0.37300415888994437
HEC-1-A,cellcycle_G1_vs_G2M,GSK1059615,Pimitespib,0.33173092035516,0.18196057606987429
HEC-1-A,cellcycle_G1_vs_G2M,AZD-7648,Bortezomib,0.16981260262931233,0.18032983927666918
HEC-1-A,cellcycle_G1_vs_G2M,AZD1390,Gemcitabine,0.6754089804492728,0.5247717534691005
HEC-1-A,cellcycle_G1_vs_G2M,Bentamapimod,GSK1059615,0.6532786274563274,0.5178516756754468
HEC-1-A,cellcycle_G1_vs_G2M,Encorafenib,PH-797804,0.16320442685813982,0.17335517812651674
HEC-1-A,cellcycle_G1_vs_G2M,Alpelisib,Gemcitabine,0.5369681003663367,0.5708412135386047
HEC-1-A,cellcycle_G1_vs_G2M,Bentamapimod,Methylprednisolone succinate,0.4073485190818318,0.24021810613610545
HEC-1-A,cellcycle_G1_vs_G2M,Alpelisib,TAK-733,0.5265623144642012,0.564920219229771
HEC-1-A,cellcycle_G1_vs_G2M,APTO-253,Erdafitinib ,0.4563902047126683,0.409539677954354
HEC-1-A,cellcycle_G1_vs_G2M,9-ING-41,OTS514,0.17927462693401547,0.1812567380726029
HEC-1-A,cellcycle_G1_vs_G2M,LJI308,NG25,0.2017502816731158,0.5193669509113134
HEC-1-A,cellcycle_G1_vs_G2M,Belzutifan,Volasertib,0.31598060990230975,0.4057762648646218
HEC-1-A,cellcycle_G1_vs_G2M,Belumosudil (mesylate),Irinotecan,0.5807116397834267,0.4423257133807618
HEC-1-A,cellcycle_G1_vs_G2M,DT-061,ERK5-IN-2,0.5379722457987278,0.5803533560058938
HEC-1-A,cellcycle_G1_vs_G2M,Encorafenib,c-Kit-IN-1,0.24890194745106134,0.3005170304672675
HEC-1-A,cellcycle_G1_vs_G2M,ETC-206,Methylprednisolone succinate,0.6126097527917285,0.5316330243629392
HEC-1-A,cellcycle_G1_vs_G2M,BI-78D3,Ralimetinib dimesylate,0.7502978075037473,0.8208122308919207
HEC-1-A,cellcycle_G1_vs_G2M,Encorafenib,Regorafenib,0.7677130056810658,0.7609133792817414
HEC-1-A,cellcycle_G1_vs_G2M,ERK5-IN-2,LY-2584702 (tosylate salt),0.06738739542294783,-0.08253785889800605
HEC-1-A,cellcycle_G1_vs_G2M,Afatinib,NVP-BHG712,0.6250259284161465,0.6843215131373681
HEC-1-A,cellcycle_G1_vs_G2M,DT-061,LY2090314,0.4212190135272917,0.3443885863316442
HEC-1-A,cellcycle_G1_vs_G2M,Methylprednisolone succinate,c-Kit-IN-1,0.47590656031242257,0.3761639172031576
HEC-1-A,cellcycle_G1_vs_G2M,Pralsetinib,Sonidegib,0.2672022244956137,0.5589770507927402
HEC-1-A,cellcycle_G1_vs_G2M,APTO-253,Lapatinib ditosylate,0.5865370071708766,0.5398642806277436
HEC-1-A,cellcycle_G1_vs_G2M,LY-2584702 (tosylate salt),c-Kit-IN-1,0.1317736856340678,0.13640039155314632
HEC-1-A,cellcycle_G1_vs_G2M,Futibatinib,LJI308,0.07916821643482262,0.06715217701643647
HEC-1-A,cellcycle_G1_vs_G2M,Alpelisib,BAY1125976,0.15734823833371456,-0.05418135821776973
HEC-1-A,cellcycle_G1_vs_G2M,PF-06260933,Ralimetinib dimesylate,0.24552175082153865,0.19671800778491572
HEC-1-A,cellcycle_G1_vs_G2M,Gemcitabine,Volasertib,0.6407621351000714,0.5975763015199024
HEC-1-A,cellcycle_G1_vs_G2M,Belzutifan,Bentamapimod,0.449633897290833,0.29592098683310386
HEC-1-A,cellcycle_G1_vs_G2M,BI-78D3,Bimiralisib,0.4784193035573049,0.6076248830485189
HEC-1-A,cellcycle_G1_vs_G2M,AT7519,Oleic acid,0.46460541464787614,0.4782524672554946
HEC-1-A,cellcycle_G1_vs_G2M,9-ING-41,Irinotecan,0.572746370444978,0.6300373839781845
HEC-1-A,cellcycle_G1_vs_G2M,Encorafenib,MK-3903,0.6802265508854551,0.6085054647149313
HEC-1-A,cellcycle_G1_vs_G2M,Bimiralisib,Sapanisertib,0.7042769112884188,0.698303259799938
HEC-1-A,cellcycle_G1_vs_G2M,AZD1390,LJI308,0.2935673824897636,0.6223914772576654
HEC-1-A,cellcycle_G1_vs_G2M,Capmatinib,Irinotecan,0.5382496475896039,0.42251749289918794
HEC-1-A,cellcycle_G1_vs_G2M,Alpelisib,GSK1059615,0.6568724071257966,0.6892867214649813
HEC-1-A,cellcycle_G1_vs_G2M,Alpelisib,Everolimus,0.23931398471501253,0.29904892629452845
HEC-1-A,cellcycle_G1_vs_G2M,4EGI-1,Belumosudil (mesylate),0.45776737723430644,0.5903344394874256
HEC-1-A,cellcycle_G1_vs_G2M,MK-8353,Torkinib,0.4646284580630179,0.41775462588522044
HEC-1-A,cellcycle_G1_vs_G2M,Irinotecan,Pemigatinib,0.47746007174211336,0.40708257825715277
HEC-1-A,cellcycle_G1_vs_G2M,Erdafitinib ,RMC-6236,0.5205324877968459,0.38871586002379754
HEC-1-A,cellcycle_G1_vs_G2M,CP21R7,Capmatinib,0.5115927930836043,0.5485285843850001
HEC-1-A,cellcycle_G1_vs_G2M,Dabrafenib,Pimitespib,0.03190339777477899,0.11516123230562841
HEC-1-A,cellcycle_G1_vs_G2M,CP21R7,c-Kit-IN-1,0.3837016044005367,0.3079432786322623
HEC-1-A,cellcycle_G1_vs_G2M,Irinotecan,Volasertib,0.681357025126911,0.6769296432900459
HEC-1-A,cellcycle_G1_vs_G2M,Futibatinib,XRK3F2,0.5021675761082771,0.3098784625573848
HOP62,cellcycle_G1_vs_G2M,Methylprednisolone succinate,Tubulin inhibitor 6,0.7717375146537491,0.7223603632858879
HOP62,cellcycle_G1_vs_G2M,Belzutifan,XRK3F2,0.25531596163520204,0.1915414831021493
HOP62,cellcycle_G1_vs_G2M,Irinotecan,Pralsetinib,0.6168873931740819,0.626668173875541
HOP62,cellcycle_G1_vs_G2M,Lonafarnib,TAK-733,0.3890359549457268,0.29835145107092964
HOP62,cellcycle_G1_vs_G2M,Belumosudil (mesylate),ERK5-IN-2,0.5209307805953742,0.44169144292049534
HOP62,cellcycle_G1_vs_G2M,Ixazomib,LY2090314,0.049236441183517055,-0.022160686962707718
HOP62,cellcycle_G1_vs_G2M,ML264,RMC-6236,0.38950949522811235,0.31510183228979116
HOP62,cellcycle_G1_vs_G2M,RMC-6236,c-Kit-IN-1,0.4533748282351246,0.5559835938030977
HOP62,cellcycle_G1_vs_G2M,Adagrasib,EX229,0.6165674693743846,0.5432657631600333
HOP62,cellcycle_G1_vs_G2M,Belumosudil (mesylate),NVP-BHG712,0.20955477533867217,0.3182840639752548
HOP62,cellcycle_G1_vs_G2M,ETC-206,Pimitespib,0.5681879864836785,0.6068535738287394
HOP62,cellcycle_G1_vs_G2M,Lapatinib ditosylate,Oxaliplatin,0.7218184322953967,0.6549199009518029
HOP62,cellcycle_G1_vs_G2M,Alpelisib,Bortezomib,0.5510190365215305,0.550663946263281
HOP62,cellcycle_G1_vs_G2M,NVP-BHG712,SBI-0640756,0.1753491688159185,0.19274693097900855
HOP62,cellcycle_G1_vs_G2M,Everolimus,Tomivosertib,0.38373686250473504,0.38876120911614864
HOP62,cellcycle_G1_vs_G2M,Torkinib,olaparib,0.5674353146813129,0.5075011946487329
HOP62,cellcycle_G1_vs_G2M,Methylprednisolone succinate,Pimitespib,0.5274120738146716,0.5724702867969309
HOP62,cellcycle_G1_vs_G2M,AZD2858,Tucatinib,0.5677513310847808,0.4118797631152908
HOP62,cellcycle_G1_vs_G2M,Binimetinib,venetoclax,0.717343582978286,0.7669554367011597
HOP62,cellcycle_G1_vs_G2M,MK-8353,PF-06260933,0.34086936724351485,0.16130652033145623
HOP62,cellcycle_G1_vs_G2M,Ixazomib,MK-8353,0.009950382282503077,0.15887994984715895
HOP62,cellcycle_G1_vs_G2M,Regorafenib,Tubulin inhibitor 6,0.5644610536294423,0.4556265117869976
HOP62,cellcycle_G1_vs_G2M,Brivudine,DT-061,0.6715509643221339,0.5106429289435911
HOP62,cellcycle_G1_vs_G2M,DT-061,Everolimus,0.31195081836605604,0.3260383214570756
HOP62,cellcycle_G1_vs_G2M,OTS514,SBI-0640756,0.012281197119548087,0.02851155818222116
HOP62,cellcycle_G1_vs_G2M,RMC-6236,SBI-0640756,0.15933399595847514,0.2059813690278318
HOP62,cellcycle_G1_vs_G2M,Celecoxib,Sapanisertib,0.29648101870402804,0.0640649962636538
HOP62,cellcycle_G1_vs_G2M,Binimetinib,NVP-BHG712,0.053091485341566276,0.154245093088056
HOP62,cellcycle_G1_vs_G2M,Belumosudil (mesylate),venetoclax,0.6623932823454535,0.5619191246032532
HOP62,cellcycle_G1_vs_G2M,ML264,Sapanisertib,0.5738101747047777,0.5864341047167342
HOP62,cellcycle_G1_vs_G2M,9-ING-41,Afatinib,0.8375151935070609,0.7705744866401727
HOP62,cellcycle_G1_vs_G2M,Adagrasib,Encorafenib,0.47844528516697316,0.4663384908496182
HOP62,cellcycle_G1_vs_G2M,BI-78D3,c-Kit-IN-1,0.34588890606654077,0.34919276757778506
HOP62,cellcycle_G1_vs_G2M,Belzutifan,Lapatinib ditosylate,0.4088156991644167,0.3803924122683599
HOP62,cellcycle_G1_vs_G2M,IQ 1,Lapatinib ditosylate,0.194409331731221,0.21786862649361027
HOP62,cellcycle_G1_vs_G2M,Infigratinib,PH-797804,0.1427955599121915,0.18863114859098518
HOP62,cellcycle_G1_vs_G2M,ULK-101,c-Kit-IN-1,0.5035293574930325,0.5409832634541553
HOP62,cellcycle_G1_vs_G2M,Pralsetinib,Ralimetinib dimesylate,0.17964587098268525,0.16639426481667347
HOP62,cellcycle_G1_vs_G2M,MK-3903,Minodronic acid,0.3007398113647741,0.025154031629107287
HOP62,cellcycle_G1_vs_G2M,LY-2584702 (tosylate salt),Lapatinib ditosylate,0.2140589534148737,0.38889089725378284
HOP62,cellcycle_G1_vs_G2M,Pemigatinib,Ralimetinib dimesylate,0.6624435626206944,0.513741054397956
HOP62,cellcycle_G1_vs_G2M,Celecoxib,Pralsetinib,0.609250596807138,0.5459819364925071
HOP62,cellcycle_G1_vs_G2M,Bentamapimod,NVP-BHG712,0.7275590762012983,0.709700057222995
HOP62,cellcycle_G1_vs_G2M,IQ 1,Temuterkib,0.2693241847017425,0.23797270740372878
HOP62,cellcycle_G1_vs_G2M,AZD-8055,ML264,0.34975181882381146,0.3199585541121495
HOP62,cellcycle_G1_vs_G2M,DT-061,c-Kit-IN-1,0.38872098602522587,0.3196833295293728
HOP62,cellcycle_G1_vs_G2M,Futibatinib,Sonidegib,0.051210992686869655,0.028281673382055283
HOP62,cellcycle_G1_vs_G2M,9-ING-41,Encorafenib,0.7393519038429602,0.6676299328909577
HOP62,cellcycle_G1_vs_G2M,BAY1125976,Lonafarnib,-0.2180566536997901,-0.14824608350470542
HOP62,cellcycle_G1_vs_G2M,IQ 1,PH-797804,0.3468047888552714,0.41193065001863555
HOP62,cellcycle_G1_vs_G2M,9-ING-41,NG25,0.5263246981553402,0.6056818704726323
HOP62,cellcycle_G1_vs_G2M,NVP-BHG712,RMC-6236,0.10334257489329174,0.16778595318889789
HOP62,cellcycle_G1_vs_G2M,Methylprednisolone succinate,XRK3F2,0.27597842233137665,0.18425323645194736
HOP62,cellcycle_G1_vs_G2M,9-ING-41,Vemurafenib,0.8623000853826056,0.8133435394873803
HOP62,cellcycle_G1_vs_G2M,BAY1125976,Tucatinib,0.5622814045710465,0.5087678203067071
HOP62,cellcycle_G1_vs_G2M,Anastrozole,BI-3406,0.30204914815239364,0.34818074859295717
HOP62,cellcycle_G1_vs_G2M,PH-797804,SBI-0640756,0.4331088531647575,0.3899796495140354
HOP62,cellcycle_G1_vs_G2M,Bentamapimod,LY-2584702 (tosylate salt),0.16582483368372092,0.21648981663050987
HOP62,cellcycle_G1_vs_G2M,Temuterkib,Tubulin inhibitor 6,0.3394807278396641,0.42496622613079493
HOP62,cellcycle_G1_vs_G2M,Hydroxyfasudil,LY2090314,0.1047367807424378,0.028314850733947072
HOP62,cellcycle_G1_vs_G2M,GSK1059615,vincristine,0.02942869030294514,0.15636858342733406
HOP62,cellcycle_G1_vs_G2M,APTO-253,Capivasertib,0.4581489973799481,0.4863706097727877
HOP62,cellcycle_G1_vs_G2M,Abemaciclib,PH-797804,0.3886401456420291,0.44601536921025786
HOP62,cellcycle_G1_vs_G2M,PH-797804,Trametinib,0.34327728568924787,0.4544366584603706
HOP62,cellcycle_G1_vs_G2M,Alpelisib,Belzutifan,0.34280298028613854,0.32420468347676873
HOP62,cellcycle_G1_vs_G2M,LY2090314,Oleic acid,0.6294893587514342,0.6582140088794759
HOP62,cellcycle_G1_vs_G2M,Ixazomib,Ralimetinib dimesylate,0.23750357580600784,0.18529952823793988
HOP62,cellcycle_G1_vs_G2M,Adagrasib,Ipatasertib,0.3292130245448997,0.3181406992512449
HOP62,cellcycle_G1_vs_G2M,HI-TOPK-032,Temuterkib,0.19444782280402015,0.19529343233296534
HOP62,cellcycle_G1_vs_G2M,Minodronic acid,Pralsetinib,0.32130182022352716,0.09489501528797342
HOP62,cellcycle_G1_vs_G2M,BAY1125976,ML264,0.40448701806740905,0.5088491540364428
HOP62,cellcycle_G1_vs_G2M,AT7519,Methylprednisolone succinate,0.5642391436960422,0.5199489048429168
HOP62,cellcycle_G1_vs_G2M,Pralsetinib,TAK-901,0.2910676709709411,0.3004031374646024
HOP62,cellcycle_G1_vs_G2M,Trametinib,vincristine,-0.07301185144381485,0.1137219966983981
HOP62,cellcycle_G1_vs_G2M,AZD1390,Trametinib,0.160459853957156,0.39232473783741206
HOP62,cellcycle_G1_vs_G2M,9-ING-41,Alpelisib,0.707467087842815,0.6600182611912669
HOP62,cellcycle_G1_vs_G2M,Vemurafenib,palbociclib,0.754347794350513,0.7335030049959522
HOP62,cellcycle_G1_vs_G2M,AZD-8055,Alpelisib,0.9206785887301855,0.8596848114477829
HOP62,cellcycle_G1_vs_G2M,Methylprednisolone succinate,OTS514,0.3576597131320333,0.38783228622161015
HOP62,cellcycle_G1_vs_G2M,Hydroxyfasudil,venetoclax,0.7396270088294046,0.6882222016630585
HOP62,cellcycle_G1_vs_G2M,Anastrozole,Tomivosertib,0.44199260318764494,0.43013349831219944
HOP62,cellcycle_G1_vs_G2M,Futibatinib,MK-8353,0.23333295275376487,0.20577886039892318
HOP62,cellcycle_G1_vs_G2M,Methylprednisolone succinate,TAK-901,0.03431441512773868,0.030517694848733654
HOP62,cellcycle_G1_vs_G2M,Belumosudil (mesylate),Paclitaxel,0.5736518353854231,0.5733923505210559
HOP62,cellcycle_G1_vs_G2M,AZD2858,Ixazomib,0.1735778227415014,0.12209721491443931
HOP62,cellcycle_G1_vs_G2M,Belzutifan,SBI-0640756,0.38407589991513125,0.3372682813725457
HOP62,cellcycle_G1_vs_G2M,APTO-253,venetoclax,-0.25541208310734137,-0.06235795054122059
HOP62,cellcycle_G1_vs_G2M,4EGI-1,Lapatinib ditosylate,0.3442325621725706,0.3671125501699133
HOP62,cellcycle_G1_vs_G2M,AZD-8055,venetoclax,0.6200876170915358,0.6490933600838484
HOP62,cellcycle_G1_vs_G2M,DT-061,LY2090314,0.19242046713354669,0.28900837450912154
HOP62,cellcycle_G1_vs_G2M,RMC-6236,Trametinib,0.9434035244947386,0.9319131547395458
HOP62,cellcycle_G1_vs_G2M,Sonidegib,ULK-101,0.7333798638437522,0.6711487794403581
HOP62,cellcycle_G1_vs_G2M,Ralimetinib dimesylate,Sonidegib,0.31321254898232315,0.24358113495884592
HOP62,cellcycle_G1_vs_G2M,Lonafarnib,MK-3903,0.24641692068127866,0.14402866682057586
HOP62,cellcycle_G1_vs_G2M,Infigratinib,PF-06260933,0.09905680718966615,0.12688803503894405
HOP62,cellcycle_G1_vs_G2M,AZD-8055,Futibatinib,0.01696766187741295,-0.11837338467401423
HOP62,cellcycle_G1_vs_G2M,EX229,LB-100,0.042106029044342935,0.09086049232992918
HOP62,cellcycle_G1_vs_G2M,Dabrafenib,EX229,-0.18840145207584075,0.04209594399295205
HOP62,cellcycle_G1_vs_G2M,4EGI-1,Alpelisib,0.39001074092706256,0.46409939415893703
HOP62,cellcycle_G1_vs_G2M,Adagrasib,Gemcitabine,0.48346249825443366,0.45167798145275967
HS-578T,cellcycle_G1_vs_G2M,APTO-253,CP21R7,0.2505880673612099,0.3844381534116184
HS-578T,cellcycle_G1_vs_G2M,GSK1059615,ULK-101,0.6065241590172312,0.4910523160017751
HS-578T,cellcycle_G1_vs_G2M,Dabrafenib,HI-TOPK-032,-0.02181436139622006,0.15935906751013737
HS-578T,cellcycle_G1_vs_G2M,AT7519,CP21R7,0.12332682383369675,0.28792404213309214
HS-578T,cellcycle_G1_vs_G2M,APTO-253,vincristine,0.30393288943505775,0.3635754571971296
HS-578T,cellcycle_G1_vs_G2M,Sapanisertib,ULK-101,0.5992639717010515,0.48111658966371557
HS-578T,cellcycle_G1_vs_G2M,4EGI-1,Ixazomib,0.041213305820402,0.17668202619288165
HS-578T,cellcycle_G1_vs_G2M,NG25,Temuterkib,0.05144939841182618,0.1774925161806685
HS-578T,cellcycle_G1_vs_G2M,Methylprednisolone succinate,Regorafenib,0.2693461213057695,0.40844262302003287
HS-578T,cellcycle_G1_vs_G2M,Capivasertib,LY2090314,0.28282746694557165,0.3974565101815827
HS-578T,cellcycle_G1_vs_G2M,AZD1390,NG25,0.09551055960113933,0.3101033672359489
HS-578T,cellcycle_G1_vs_G2M,Adagrasib,LJI308,0.5136511961805624,0.38414015548095853
HS-578T,cellcycle_G1_vs_G2M,HI-TOPK-032,Sonidegib,0.37200001235355296,0.4154572359066233
HS-578T,cellcycle_G1_vs_G2M,APTO-253,Tucatinib,0.6241683091207173,0.5751968177843022
HS-578T,cellcycle_G1_vs_G2M,TAK-901,c-Kit-IN-1,0.24112357760222344,0.2994794777943295
HS-578T,cellcycle_G1_vs_G2M,AZD-7648,olaparib,0.5963558133756153,0.5387798259818651
HS-578T,cellcycle_G1_vs_G2M,DT-061,Ralimetinib dimesylate,0.13309662234746478,0.18126883702642266
HS-578T,cellcycle_G1_vs_G2M,Ralimetinib dimesylate,XRK3F2,0.6159567324809875,0.7130664718334327
HS-578T,cellcycle_G1_vs_G2M,Pimitespib,Vemurafenib,0.018469963549523113,0.2745477162637683
HS-578T,cellcycle_G1_vs_G2M,Adagrasib,Tubulin inhibitor 6,0.494911074944162,0.3521439021913813
HS-578T,cellcycle_G1_vs_G2M,Belzutifan,LY-2584702 (tosylate salt),0.136862641733482,0.2685249475540039
HS-578T,cellcycle_G1_vs_G2M,Afatinib,Temuterkib,0.5662675711610492,0.6536204413710918
HS-578T,cellcycle_G1_vs_G2M,Alpelisib,c-Kit-IN-1,0.0714068399761823,0.09011983787267833
HS-578T,cellcycle_G1_vs_G2M,Bentamapimod,TAK-733,0.253419531982857,0.41689832908930574
HS-578T,cellcycle_G1_vs_G2M,Erdafitinib ,MK-3903,0.30082309220758063,0.45310304473427987
HS-578T,cellcycle_G1_vs_G2M,AZD1390,Temuterkib,0.2800985917584401,0.3649952861657822
HS-578T,cellcycle_G1_vs_G2M,Abemaciclib,RMC-6236,0.0488363581058396,0.1549457881704513
HS-578T,cellcycle_G1_vs_G2M,AZD-8055,Afatinib,0.6687305256159535,0.7285302464227762
HS-578T,cellcycle_G1_vs_G2M,Abemaciclib,Tomivosertib,0.48769556874359005,0.4433011772178052
HS-578T,cellcycle_G1_vs_G2M,OTS514,SBI-0640756,-0.051839925044984095,0.004065356402700081
HS-578T,cellcycle_G1_vs_G2M,Belumosudil (mesylate),Elimusertib hydrochloride,0.6440514838265172,0.41589213059895364
HS-578T,cellcycle_G1_vs_G2M,Gemcitabine,Oxaliplatin,0.42893029703834684,0.49942360164281113
HS-578T,cellcycle_G1_vs_G2M,Paclitaxel,Sonidegib,0.021956763157140756,0.13104194856729204
HS-578T,cellcycle_G1_vs_G2M,LB-100,Oxaliplatin,0.49929180590666705,0.49171246970458443
HS-578T,cellcycle_G1_vs_G2M,MK-3903,Methylprednisolone succinate,0.6183593355511703,0.6007197667394645
HS-578T,cellcycle_G1_vs_G2M,Oleic acid,Tubulin inhibitor 6,0.5057939627092427,0.42576135796736164
HS-578T,cellcycle_G1_vs_G2M,Bimiralisib,DTP3,0.08831663417892943,0.07946110588687717
HS-578T,cellcycle_G1_vs_G2M,Capmatinib,Vemurafenib,0.22145196841050382,0.448798279018947
HS-578T,cellcycle_G1_vs_G2M,AZD-8055,Belumosudil (mesylate),0.24726839608992582,0.423203192933264
HS-578T,cellcycle_G1_vs_G2M,Binimetinib,Ixazomib,0.6028909050724874,0.5682498895447164
HS-578T,cellcycle_G1_vs_G2M,BI-3406,Oxaliplatin,-0.02035212032362433,0.08748540951291531
HS-578T,cellcycle_G1_vs_G2M,LB-100,Tomivosertib,0.30056194985420703,0.316810427768624
HS-578T,cellcycle_G1_vs_G2M,Anastrozole,ETC-206,0.5457223080716376,0.5839780457893621
HS-578T,cellcycle_G1_vs_G2M,Binimetinib,Elimusertib hydrochloride,0.695717196191327,0.539150554188389
HS-578T,cellcycle_G1_vs_G2M,Gemcitabine,XRK3F2,0.507838633686733,0.5913388509863481
HS-578T,cellcycle_G1_vs_G2M,Everolimus,ML264,0.3893394222269264,0.5318161683599869
HS-578T,cellcycle_G1_vs_G2M,EX229,Irinotecan,0.49960709262795305,0.46570659232905093
HS-578T,cellcycle_G1_vs_G2M,Ixazomib,Volasertib,0.019874066104189347,0.18103007516131214
HS-578T,cellcycle_G1_vs_G2M,AZD-7648,Afatinib,0.42913979456545875,0.409649303356618
HS-578T,cellcycle_G1_vs_G2M,Erdafitinib ,Volasertib,0.6057275592789942,0.4839018421336229
HS-578T,cellcycle_G1_vs_G2M,Paclitaxel,Ralimetinib dimesylate,0.6015149748709165,0.6097522983494189
HS-578T,cellcycle_G1_vs_G2M,Belzutifan,SBI-0640756,0.19665210814105277,0.13258806353982158
HS-578T,cellcycle_G1_vs_G2M,Lapatinib ditosylate,Pemigatinib,0.5878280109418421,0.6553845414641435
HS-578T,cellcycle_G1_vs_G2M,Capivasertib,PH-797804,0.08395784858936851,0.17666309137458994
HS-578T,cellcycle_G1_vs_G2M,Capivasertib,TAK-733,0.09947167043115955,0.18563744457727138
HS-578T,cellcycle_G1_vs_G2M,ETC-206,venetoclax,0.06159475117747643,0.2703539730668315
HS-578T,cellcycle_G1_vs_G2M,Afatinib,Ixazomib,0.4613667186530015,0.3982587257645479
HS-578T,cellcycle_G1_vs_G2M,Irinotecan,Pralsetinib,0.511512128696722,0.5257388173809568
HS-578T,cellcycle_G1_vs_G2M,Regorafenib,vincristine,-0.12705530254876815,0.2020743873433483
HS-578T,cellcycle_G1_vs_G2M,Erdafitinib ,Temuterkib,0.6553021813583326,0.60294218986913
HS-578T,cellcycle_G1_vs_G2M,MK-3903,Volasertib,0.4285219989480276,0.54204854098052
HS-578T,cellcycle_G1_vs_G2M,Gemcitabine,c-Kit-IN-1,0.3146646359182076,0.5214985959658592
HS-578T,cellcycle_G1_vs_G2M,ETC-206,Gemcitabine,0.6842696481278318,0.5903837279737847
HS-578T,cellcycle_G1_vs_G2M,Infigratinib,Tucatinib,0.4480670847167309,0.49194324421645447
HS-578T,cellcycle_G1_vs_G2M,APTO-253,AZD-8055,0.561156611765175,0.6428613688504171
HS-578T,cellcycle_G1_vs_G2M,Adagrasib,Afatinib,-0.05749117076516168,0.020676584894929118
HS-578T,cellcycle_G1_vs_G2M,Adagrasib,Methylprednisolone succinate,0.3637831934826007,0.47041118219455114
HS-578T,cellcycle_G1_vs_G2M,Capivasertib,Pralsetinib,0.36303075984980826,0.4557601361488665
HS-578T,cellcycle_G1_vs_G2M,Regorafenib,XRK3F2,0.3127693774175808,0.48399101679303946
HS-578T,cellcycle_G1_vs_G2M,Regorafenib,c-Kit-IN-1,0.2995965243579421,0.35911692793180194
HS-578T,cellcycle_G1_vs_G2M,Celecoxib,Sonidegib,0.024847069188139424,0.05690412932483005
HS-578T,cellcycle_G1_vs_G2M,AT7519,Everolimus,0.5563742085401558,0.5332376103976235
HS-578T,cellcycle_G1_vs_G2M,GSK1059615,Regorafenib,0.2805495902117144,0.44182858832447547
HS-578T,cellcycle_G1_vs_G2M,Adagrasib,Temuterkib,-0.18556030466919118,0.07363758163706424
HS-578T,cellcycle_G1_vs_G2M,4EGI-1,MK-8353,0.6424740248440789,0.5766944513189795
HS-578T,cellcycle_G1_vs_G2M,4EGI-1,Anastrozole,0.43411191959084233,0.4748972231460965
HS-578T,cellcycle_G1_vs_G2M,Ralimetinib dimesylate,Temuterkib,0.6938114354023164,0.7231004121109266
HS-578T,cellcycle_G1_vs_G2M,IQ 1,Ralimetinib dimesylate,0.394984857147147,0.48021241752081145
HS-578T,cellcycle_G1_vs_G2M,4EGI-1,palbociclib,0.07982511573853224,0.3920121458647455
HS-578T,cellcycle_G1_vs_G2M,ERK5-IN-2,Volasertib,0.36311204429542854,0.41782881020337775
HS-578T,cellcycle_G1_vs_G2M,Elimusertib hydrochloride,Tubulin inhibitor 6,0.20552720573294087,0.09651123246584142
HS-578T,cellcycle_G1_vs_G2M,EX229,Tucatinib,0.21419181358540665,0.3784409611762936
HS-578T,cellcycle_G1_vs_G2M,4EGI-1,DT-061,0.24931693949916053,0.3066165208066564
HS-578T,cellcycle_G1_vs_G2M,PH-797804,Tomivosertib,0.5320391582042394,0.5495095169586852
HS-578T,cellcycle_G1_vs_G2M,BI-78D3,Capmatinib,0.09518345019769994,0.1443490159159811
HS-578T,cellcycle_G1_vs_G2M,BI-78D3,Pemigatinib,0.2595656626943846,0.4568461929533346
HS-578T,cellcycle_G1_vs_G2M,4EGI-1,Adagrasib,0.24265264684233656,0.316783919498224
HS-578T,cellcycle_G1_vs_G2M,Oxaliplatin,Trametinib,-0.007956536247881223,0.0738633773214615
HS-578T,cellcycle_G1_vs_G2M,Capmatinib,Tucatinib,-0.04271882127902078,0.13409348921118863
HS-578T,cellcycle_G1_vs_G2M,XRK3F2,olaparib,0.15607265708529522,0.26657265370930217
HS-578T,cellcycle_G1_vs_G2M,Gemcitabine,TAK-733,0.26256839457553316,0.3969047068060395
HS-578T,cellcycle_G1_vs_G2M,BI-3406,Encorafenib,0.4197895877224236,0.30473595006946164
HS-578T,cellcycle_G1_vs_G2M,Belzutifan,Trametinib,0.1908573636295092,0.16223612133854537
HS-578T,cellcycle_G1_vs_G2M,Afatinib,PH-797804,0.07151433670863643,0.15409153451361518
HS-578T,cellcycle_G1_vs_G2M,GSK1059615,Infigratinib,0.5144197148468623,0.5434611079615046
HS-578T,cellcycle_G1_vs_G2M,Bimiralisib,venetoclax,0.5089695711416662,0.3565734543838893
HS-578T,cellcycle_G1_vs_G2M,IQ 1,MK-3903,0.6652526066083276,0.5469496750130137
HS-578T,cellcycle_G1_vs_G2M,BI-3406,Ipatasertib,0.3236468774493453,0.2787979540536853
HS-578T,cellcycle_G1_vs_G2M,Hydroxyfasudil,Vemurafenib,0.0899682837213296,0.3571283278676082
HS-578T,cellcycle_G1_vs_G2M,BI-3406,Sapanisertib,0.1561128118352341,0.14550619771285864
HT-29,cellcycle_G1_vs_G2M,BI-78D3,Ixazomib,0.46279703042515125,0.28951934112999955
HT-29,cellcycle_G1_vs_G2M,Abemaciclib,Capmatinib,0.31835148358799215,0.4148845989374948
HT-29,cellcycle_G1_vs_G2M,Vemurafenib,venetoclax,0.3022055524511631,0.47262300864947465
HT-29,cellcycle_G1_vs_G2M,Pemigatinib,Vemurafenib,0.3011626602715129,0.4899513843344445
HT-29,cellcycle_G1_vs_G2M,Capivasertib,MK-3903,0.2236276521984612,0.2255917396193453
HT-29,cellcycle_G1_vs_G2M,Tomivosertib,c-Kit-IN-1,0.4847897673499286,0.5754964904467957
HT-29,cellcycle_G1_vs_G2M,Futibatinib,Lapatinib ditosylate,0.6110711871689525,0.3439644115425301
HT-29,cellcycle_G1_vs_G2M,DTP3,LB-100,0.3644016744028513,0.41281076020027085
HT-29,cellcycle_G1_vs_G2M,ML264,RMC-6236,0.5955258287635736,0.6659889637443717
HT-29,cellcycle_G1_vs_G2M,AZD1390,PF-06260933,0.1266919934488102,-0.04763042888455371
HT-29,cellcycle_G1_vs_G2M,Erdafitinib ,LY-2584702 (tosylate salt),0.12088186825065805,0.15489049135318456
HT-29,cellcycle_G1_vs_G2M,BAY1125976,Ixazomib,0.25445213118407256,0.315832404819054
HT-29,cellcycle_G1_vs_G2M,Sapanisertib,TAK-733,-0.09930204972982416,0.0692815479161833
HT-29,cellcycle_G1_vs_G2M,Belumosudil (mesylate),ETC-206,0.6489171566503302,0.3919411305628533
HT-29,cellcycle_G1_vs_G2M,BI-3406,Bentamapimod,0.6736937894178114,0.6873672106455342
HT-29,cellcycle_G1_vs_G2M,Bentamapimod,Volasertib,0.4236469622958636,0.37685326667685454
HT-29,cellcycle_G1_vs_G2M,CP21R7,Sonidegib,0.4976054836870028,0.38726160154700295
HT-29,cellcycle_G1_vs_G2M,9-ING-41,LJI308,0.6136974502744595,0.4109650855987176
HT-29,cellcycle_G1_vs_G2M,EX229,Lapatinib ditosylate,0.0624843941264636,0.22741397056001927
HT-29,cellcycle_G1_vs_G2M,Binimetinib,Brivudine,0.24648412791475327,0.4436141642121133
HT-29,cellcycle_G1_vs_G2M,Capmatinib,MK-3903,0.6578295384788645,0.7342522948815164
HT-29,cellcycle_G1_vs_G2M,EX229,Vemurafenib,0.20568025766261072,0.3904779954987548
HT-29,cellcycle_G1_vs_G2M,AZD1390,venetoclax,0.30168090190168007,0.5633752107197739
HT-29,cellcycle_G1_vs_G2M,Capivasertib,Futibatinib,0.6370281964474152,0.3971125023147169
HT-29,cellcycle_G1_vs_G2M,AZD-8055,BI-78D3,0.5731470795366093,0.5395949811608488
HT-29,cellcycle_G1_vs_G2M,Infigratinib,LB-100,0.3312057231093923,0.35746415513207325
HT-29,cellcycle_G1_vs_G2M,CP21R7,Hydroxyfasudil,0.6131735854547471,0.5134230272502992
HT-29,cellcycle_G1_vs_G2M,BAY1125976,Celecoxib,0.24604265727132715,0.35462153831077636
HT-29,cellcycle_G1_vs_G2M,Minodronic acid,PH-797804,0.24910877577190516,0.09661964492627922
HT-29,cellcycle_G1_vs_G2M,ERK5-IN-2,Tubulin inhibitor 6,0.2621152759541846,0.37121488048787865
HT-29,cellcycle_G1_vs_G2M,Celecoxib,Minodronic acid,0.6715387522465865,0.4796017193962421
HT-29,cellcycle_G1_vs_G2M,CP21R7,XRK3F2,0.5379968220854912,0.5074090867539842
HT-29,cellcycle_G1_vs_G2M,GSK1059615,Ixazomib,0.24133226577918993,0.3885357486245249
HT-29,cellcycle_G1_vs_G2M,Bimiralisib,Encorafenib,0.8084141599926248,0.8471050247975639
HT-29,cellcycle_G1_vs_G2M,Encorafenib,olaparib,0.1092445549255528,0.14525623147803934
HT-29,cellcycle_G1_vs_G2M,Sapanisertib,palbociclib,0.3426054311045068,0.3819184054976972
HT-29,cellcycle_G1_vs_G2M,Belumosudil (mesylate),NG25,0.16354957653723123,0.1925380835175566
HT-29,cellcycle_G1_vs_G2M,BI-78D3,ULK-101,0.36777319105077877,0.41359285569495635
HT-29,cellcycle_G1_vs_G2M,Bentamapimod,Dabrafenib,0.622778675751237,0.597562760356633
HT-29,cellcycle_G1_vs_G2M,9-ING-41,LB-100,0.6477692092597807,0.585009125827444
HT-29,cellcycle_G1_vs_G2M,MK-8353,Regorafenib,0.22325707409062007,0.33329445479171776
HT-29,cellcycle_G1_vs_G2M,Alpelisib,Anastrozole,0.3889251043892131,0.2995726559733699
HT-29,cellcycle_G1_vs_G2M,AZD-8055,Capmatinib,0.5960004901757169,0.6499034392247144
HT-29,cellcycle_G1_vs_G2M,Anastrozole,SBI-0640756,0.5844514831015433,0.3821383291325402
HT-29,cellcycle_G1_vs_G2M,Ixazomib,Volasertib,0.4138236342522708,0.3558646173466693
HT-29,cellcycle_G1_vs_G2M,CP21R7,Infigratinib,0.3018898459676734,0.19868944529354993
HT-29,cellcycle_G1_vs_G2M,AZD-8055,Belumosudil (mesylate),0.49484495905246806,0.5406987033375623
HT-29,cellcycle_G1_vs_G2M,Infigratinib,TAK-733,0.29462463022972,0.35447884351919495
HT-29,cellcycle_G1_vs_G2M,Adagrasib,Dabrafenib,0.06253041068085131,0.2093848230024201
HT-29,cellcycle_G1_vs_G2M,Hydroxyfasudil,Vemurafenib,0.4022479665173825,0.5373389127855913
HT-29,cellcycle_G1_vs_G2M,LY2090314,SBI-0640756,0.1946087439734625,0.022057083187808888
HT-29,cellcycle_G1_vs_G2M,AZD-7648,Pralsetinib,0.4357339396339907,0.44662763868501176
HT-29,cellcycle_G1_vs_G2M,Alpelisib,XRK3F2,0.5759299410176081,0.6425606975842486
HT-29,cellcycle_G1_vs_G2M,AT7519,Volasertib,0.5852885670624725,0.3674104202847719
HT-29,cellcycle_G1_vs_G2M,4EGI-1,Dabrafenib,0.17051050914273613,0.09507696499803625
HT-29,cellcycle_G1_vs_G2M,NVP-BHG712,PH-797804,0.2361862893945688,0.359791991826448
HT-29,cellcycle_G1_vs_G2M,Binimetinib,olaparib,0.2898301652768242,0.32303439519237354
HT-29,cellcycle_G1_vs_G2M,Encorafenib,Volasertib,0.282763099909068,0.2535191124085261
HT-29,cellcycle_G1_vs_G2M,PH-797804,Tubulin inhibitor 6,0.4077841898108415,0.415357958415023
HT-29,cellcycle_G1_vs_G2M,Elimusertib hydrochloride,Tucatinib,0.3001423091528075,0.46299767739533737
HT-29,cellcycle_G1_vs_G2M,Erdafitinib ,TAK-733,-0.08331732652257298,0.18586271574768493
HT-29,cellcycle_G1_vs_G2M,Binimetinib,PF-06260933,-0.13927770673921483,0.09098719712682832
HT-29,cellcycle_G1_vs_G2M,Capivasertib,Irinotecan,0.5448141475155468,0.4882026943043367
HT-29,cellcycle_G1_vs_G2M,AZD-7648,Tubulin inhibitor 6,0.578812998888998,0.5491970937693404
HT-29,cellcycle_G1_vs_G2M,Tubulin inhibitor 6,XRK3F2,0.43124827624303436,0.468021658724853
HT-29,cellcycle_G1_vs_G2M,AZD-7648,NVP-BHG712,0.44990823192864393,0.40425245047294556
HT-29,cellcycle_G1_vs_G2M,4EGI-1,Elimusertib hydrochloride,-0.07768947843483145,0.3437187567241894
HT-29,cellcycle_G1_vs_G2M,ML264,venetoclax,0.05929800658903546,0.13925287258222419
HT-29,cellcycle_G1_vs_G2M,DT-061,vincristine,0.3269458226354834,0.20990602946059514
HT-29,cellcycle_G1_vs_G2M,Alpelisib,Torkinib,0.5915244126436913,0.4481982291804033
HT-29,cellcycle_G1_vs_G2M,HI-TOPK-032,MK-3903,0.32135610882038035,0.5711743588346219
HT-29,cellcycle_G1_vs_G2M,ETC-206,Pimitespib,0.5720527666520595,0.46718973279793613
HT-29,cellcycle_G1_vs_G2M,LB-100,MK-8353,0.6672498959813888,0.5611741772545492
HT-29,cellcycle_G1_vs_G2M,AZD1390,NG25,0.40733343091422675,0.6598076810839232
HT-29,cellcycle_G1_vs_G2M,HI-TOPK-032,Pralsetinib,0.28741703853753725,0.5654433478537404
HT-29,cellcycle_G1_vs_G2M,Irinotecan,OTS514,0.2587279963926987,0.3593007363454357
HT-29,cellcycle_G1_vs_G2M,Ralimetinib dimesylate,Trametinib,0.6242564876214991,0.7369417007066474
HT-29,cellcycle_G1_vs_G2M,BI-3406,LB-100,0.6252718145880258,0.5846490225633749
HT-29,cellcycle_G1_vs_G2M,AZD-8055,ML264,0.6111182342772814,0.6634663195960633
HT-29,cellcycle_G1_vs_G2M,NVP-BHG712,Regorafenib,0.6298620095727766,0.6371501307142408
HT-29,cellcycle_G1_vs_G2M,BI-3406,MK-8353,0.6298509536564151,0.6035490903667101
HT-29,cellcycle_G1_vs_G2M,Binimetinib,Lapatinib ditosylate,0.5087389911843408,0.5957221072861192
HT-29,cellcycle_G1_vs_G2M,CP21R7,Elimusertib hydrochloride,0.322189266793704,0.20492906781971856
HT-29,cellcycle_G1_vs_G2M,Erdafitinib ,RMC-6236,0.39569130032738425,0.50921593345256
HT-29,cellcycle_G1_vs_G2M,AZD2858,Ipatasertib,0.2580153671418347,0.25793803487209055
HT-29,cellcycle_G1_vs_G2M,Belzutifan,Bortezomib,0.10267497954991096,0.23497688813997492
HT-29,cellcycle_G1_vs_G2M,Infigratinib,RMC-6236,0.15047807691543205,0.30528811995781846
HT-29,cellcycle_G1_vs_G2M,MK-3903,olaparib,0.3923052124910628,0.5063572495235831
HT-29,cellcycle_G1_vs_G2M,Brivudine,Tomivosertib,0.6840157721519093,0.765053583850217
HT-29,cellcycle_G1_vs_G2M,Bentamapimod,Binimetinib,0.4922504806656661,0.5408759841079176
HT-29,cellcycle_G1_vs_G2M,AZD-8055,Pemigatinib,0.523440016360383,0.5769169972675595
HT-29,cellcycle_G1_vs_G2M,Belzutifan,Elimusertib hydrochloride,0.2397688931521973,0.3700840564961898
HT-29,cellcycle_G1_vs_G2M,Elimusertib hydrochloride,MK-3903,0.6377131721802896,0.5929999859996474
HT-29,cellcycle_G1_vs_G2M,4EGI-1,Lapatinib ditosylate,0.4467492976411554,0.5218224923989409
HT-29,cellcycle_G1_vs_G2M,Sonidegib,Torkinib,0.4626322780515234,0.4735229978016129
HT-29,cellcycle_G1_vs_G2M,Elimusertib hydrochloride,PF-06260933,-0.2313900158323451,-0.08518033203210057
HT-29,cellcycle_G1_vs_G2M,AZD1390,CP21R7,0.5425529862009497,0.19047088197801743
HT-29,cellcycle_G1_vs_G2M,MK-3903,c-Kit-IN-1,0.37386262954459737,0.4257284929290629
HT-29,cellcycle_G1_vs_G2M,DT-061,olaparib,0.5691543470721149,0.4167458093622437
HT-29,cellcycle_G1_vs_G2M,CP21R7,SBI-0640756,0.5301436142021373,0.33298107695699763
HepG2/C3A,cellcycle_G1_vs_G2M,APTO-253,NG25,0.05051137093328023,0.2751379390139107
HepG2/C3A,cellcycle_G1_vs_G2M,Brivudine,PH-797804,0.5382486885059483,0.6072099495359105
HepG2/C3A,cellcycle_G1_vs_G2M,BI-78D3,Paclitaxel,0.8318715687280269,0.7515718431395966
HepG2/C3A,cellcycle_G1_vs_G2M,Gemcitabine,Temuterkib,0.6231988396398622,0.6058407463230095
HepG2/C3A,cellcycle_G1_vs_G2M,Irinotecan,Tomivosertib,0.327107734156522,0.46980196679915925
HepG2/C3A,cellcycle_G1_vs_G2M,Regorafenib,XRK3F2,0.5733728245926878,0.6589054092820811
HepG2/C3A,cellcycle_G1_vs_G2M,Tomivosertib,Tucatinib,0.13916962855173395,0.41273514337944617
HepG2/C3A,cellcycle_G1_vs_G2M,ERK5-IN-2,Vemurafenib,0.8099960883147901,0.7730690216588292
HepG2/C3A,cellcycle_G1_vs_G2M,Bentamapimod,EX229,0.0749766848428052,0.3181282909882144
HepG2/C3A,cellcycle_G1_vs_G2M,APTO-253,Temuterkib,0.4575261139822724,0.6090917962067142
HepG2/C3A,cellcycle_G1_vs_G2M,Lapatinib ditosylate,Trametinib,0.2271392935629592,0.46389901313471077
HepG2/C3A,cellcycle_G1_vs_G2M,Encorafenib,Trametinib,0.7660299058711533,0.8024104918373741
HepG2/C3A,cellcycle_G1_vs_G2M,Afatinib,Brivudine,0.47854542078866885,0.5550070800287034
HepG2/C3A,cellcycle_G1_vs_G2M,Ipatasertib,Tucatinib,0.2396725787072702,0.32669649344836743
HepG2/C3A,cellcycle_G1_vs_G2M,Anastrozole,BI-78D3,0.5707543601922811,0.5136186249448919
HepG2/C3A,cellcycle_G1_vs_G2M,BI-78D3,ML264,0.8684726181380606,0.67942796014006
HepG2/C3A,cellcycle_G1_vs_G2M,9-ING-41,BI-3406,0.3145621337790671,0.401714664389753
HepG2/C3A,cellcycle_G1_vs_G2M,Gemcitabine,TAK-901,0.13291871602968047,0.2990979099283459
HepG2/C3A,cellcycle_G1_vs_G2M,RMC-6236,Trametinib,0.9204577794460908,0.8718735934805157
HepG2/C3A,cellcycle_G1_vs_G2M,BI-78D3,Gemcitabine,0.6762219297398063,0.6610962172806403
HepG2/C3A,cellcycle_G1_vs_G2M,Dabrafenib,TAK-901,0.004682910089272366,0.29039747798758786
HepG2/C3A,cellcycle_G1_vs_G2M,Brivudine,Paclitaxel,0.23265934641360606,0.5545682170116696
HepG2/C3A,cellcycle_G1_vs_G2M,Brivudine,Dabrafenib,0.008638207803779416,0.3065649260490575
HepG2/C3A,cellcycle_G1_vs_G2M,Trametinib,XRK3F2,0.674369242301918,0.7399651525150106
HepG2/C3A,cellcycle_G1_vs_G2M,Everolimus,Regorafenib,0.30038528713327683,0.5442295989539886
HepG2/C3A,cellcycle_G1_vs_G2M,Infigratinib,Vemurafenib,0.3647039059704289,0.49140264964276303
HepG2/C3A,cellcycle_G1_vs_G2M,BI-78D3,Encorafenib,0.39446589175615465,0.48548424908701493
HepG2/C3A,cellcycle_G1_vs_G2M,BAY1125976,Bentamapimod,0.6046391329362868,0.5527000923749228
HepG2/C3A,cellcycle_G1_vs_G2M,ML264,Paclitaxel,0.8609958195313678,0.7277270095326553
HepG2/C3A,cellcycle_G1_vs_G2M,AZD-8055,Paclitaxel,0.5636397808017393,0.6567517478483391
HepG2/C3A,cellcycle_G1_vs_G2M,9-ING-41,Lapatinib ditosylate,0.7054460004284749,0.6336423305425497
HepG2/C3A,cellcycle_G1_vs_G2M,Infigratinib,NG25,0.4024958229157197,0.41048636909628
HepG2/C3A,cellcycle_G1_vs_G2M,Dabrafenib,NG25,0.10017565977093564,0.30480409695446187
HepG2/C3A,cellcycle_G1_vs_G2M,Encorafenib,MK-3903,0.4930522232364772,0.4494247433980474
HepG2/C3A,cellcycle_G1_vs_G2M,Brivudine,Everolimus,0.18239399641872703,0.5091637769303415
HepG2/C3A,cellcycle_G1_vs_G2M,AZD-8055,Abemaciclib,0.24741337569495864,0.3897876377214375
HepG2/C3A,cellcycle_G1_vs_G2M,APTO-253,AZD-8055,0.23612766900961646,0.44324207086924783
HepG2/C3A,cellcycle_G1_vs_G2M,Ipatasertib,RMC-6236,0.24162594572427099,0.46826211396997514
HepG2/C3A,cellcycle_G1_vs_G2M,Tomivosertib,olaparib,-0.02627249226060238,0.3555160531778888
HepG2/C3A,cellcycle_G1_vs_G2M,9-ING-41,Abemaciclib,0.2230940667985615,0.37626776569736553
HepG2/C3A,cellcycle_G1_vs_G2M,Bimiralisib,ERK5-IN-2,0.4143945836022386,0.5212913014420348
HepG2/C3A,cellcycle_G1_vs_G2M,Dabrafenib,RMC-6236,0.1275393783586769,0.35246682888054104
HepG2/C3A,cellcycle_G1_vs_G2M,GSK1059615,olaparib,0.25851825368092685,0.5000394777153805
HepG2/C3A,cellcycle_G1_vs_G2M,MK-3903,olaparib,0.4144545079325611,0.5714188367554567
HepG2/C3A,cellcycle_G1_vs_G2M,MK-3903,Sapanisertib,0.6173851701787423,0.6307638369224635
HepG2/C3A,cellcycle_G1_vs_G2M,APTO-253,Encorafenib,-0.12070769846067604,0.25937575770248433
HepG2/C3A,cellcycle_G1_vs_G2M,Abemaciclib,GSK1059615,0.5300552759806716,0.6108615649133002
HepG2/C3A,cellcycle_G1_vs_G2M,BI-78D3,Tucatinib,0.6647016790066622,0.547094567020069
HepG2/C3A,cellcycle_G1_vs_G2M,Irinotecan,olaparib,0.4432536329883211,0.7260836124938213
HepG2/C3A,cellcycle_G1_vs_G2M,Abemaciclib,Tomivosertib,0.39386836346539555,0.5691152250354261
HepG2/C3A,cellcycle_G1_vs_G2M,Infigratinib,Tucatinib,0.4718148782717719,0.49435837120041615
HepG2/C3A,cellcycle_G1_vs_G2M,ML264,RMC-6236,0.30818914818044335,0.4523029519282914
HepG2/C3A,cellcycle_G1_vs_G2M,GSK1059615,Lapatinib ditosylate,0.1800629343173895,0.4246953351502755
HepG2/C3A,cellcycle_G1_vs_G2M,AZD-8055,Gemcitabine,0.39413153365277853,0.5237020231337411
HepG2/C3A,cellcycle_G1_vs_G2M,BI-3406,RMC-6236,0.9243835997539183,0.8171660932758178
HepG2/C3A,cellcycle_G1_vs_G2M,PH-797804,olaparib,0.21073605942464024,0.29233573042584493
HepG2/C3A,cellcycle_G1_vs_G2M,AZD-8055,olaparib,0.42649746605355343,0.3435803246222031
HepG2/C3A,cellcycle_G1_vs_G2M,9-ING-41,PH-797804,0.3715855524534021,0.49753910938097307
HepG2/C3A,cellcycle_G1_vs_G2M,EX229,Everolimus,0.23688856492524024,0.5117877505747892
HepG2/C3A,cellcycle_G1_vs_G2M,BI-78D3,Tomivosertib,0.4485086866748857,0.672352989162093
HepG2/C3A,cellcycle_G1_vs_G2M,BI-3406,Gemcitabine,0.39403053061316495,0.5408151330841158
HepG2/C3A,cellcycle_G1_vs_G2M,GSK1059615,Gemcitabine,0.4964457631545144,0.6007878659874846
HepG2/C3A,cellcycle_G1_vs_G2M,Afatinib,Tucatinib,0.15821897913425698,0.2698137741616249
HepG2/C3A,cellcycle_G1_vs_G2M,Bentamapimod,Paclitaxel,0.4355916742545626,0.5319797991522609
HepG2/C3A,cellcycle_G1_vs_G2M,EX229,XRK3F2,0.18637057234563337,0.4506087855551659
HepG2/C3A,cellcycle_G1_vs_G2M,BI-3406,Temuterkib,0.3499444131968674,0.43347080197057924
HepG2/C3A,cellcycle_G1_vs_G2M,APTO-253,PH-797804,0.23587976426458193,0.3698472246299087
HepG2/C3A,cellcycle_G1_vs_G2M,RMC-6236,olaparib,0.09291548763395248,0.29713566294610677
HepG2/C3A,cellcycle_G1_vs_G2M,ERK5-IN-2,Temuterkib,0.7586457101241508,0.6751369913712457
HepG2/C3A,cellcycle_G1_vs_G2M,Dabrafenib,Everolimus,0.6005228269111315,0.5570681136261273
HepG2/C3A,cellcycle_G1_vs_G2M,AZD-8055,PH-797804,0.31821061266491535,0.4676445399564707
HepG2/C3A,cellcycle_G1_vs_G2M,Abemaciclib,Anastrozole,0.5538195294062553,0.5518391993399645
HepG2/C3A,cellcycle_G1_vs_G2M,Sapanisertib,Tomivosertib,0.17341664572862378,0.5440939295450068
HepG2/C3A,cellcycle_G1_vs_G2M,AZD-8055,BI-78D3,0.4535786229069317,0.5760817377478378
HepG2/C3A,cellcycle_G1_vs_G2M,MK-3903,Temuterkib,0.548770318417093,0.5008615967912683
HepG2/C3A,cellcycle_G1_vs_G2M,BI-78D3,olaparib,0.25518447627855123,0.4995485153177861
HepG2/C3A,cellcycle_G1_vs_G2M,BI-3406,Lapatinib ditosylate,0.15132137013510263,0.37303764197749667
HepG2/C3A,cellcycle_G1_vs_G2M,Anastrozole,Temuterkib,0.5828094586287593,0.5858620030754598
HepG2/C3A,cellcycle_G1_vs_G2M,TAK-901,Vemurafenib,0.05277338985819863,0.3734099917530097
HepG2/C3A,cellcycle_G1_vs_G2M,Abemaciclib,Ipatasertib,0.12871705066595848,0.42059467040450516
HepG2/C3A,cellcycle_G1_vs_G2M,Abemaciclib,PH-797804,0.3879598893346311,0.45449341421339673
HepG2/C3A,cellcycle_G1_vs_G2M,Dabrafenib,Regorafenib,0.046004337963187855,0.38857244604403185
HepG2/C3A,cellcycle_G1_vs_G2M,Afatinib,BAY1125976,0.03263800382968715,0.24423925807323926
HepG2/C3A,cellcycle_G1_vs_G2M,BAY1125976,Trametinib,-0.13470536630128124,0.16972686737702017
HepG2/C3A,cellcycle_G1_vs_G2M,EX229,Paclitaxel,0.44616580386965987,0.6067963592695227
HepG2/C3A,cellcycle_G1_vs_G2M,Afatinib,Everolimus,0.27443099715040065,0.4976195928817621
HepG2/C3A,cellcycle_G1_vs_G2M,Ipatasertib,Irinotecan,0.20702816499651405,0.4156116364991878
HepG2/C3A,cellcycle_G1_vs_G2M,GSK1059615,Infigratinib,0.43325032086848364,0.5131086082548011
HepG2/C3A,cellcycle_G1_vs_G2M,Everolimus,Gemcitabine,0.5802183853731963,0.6405084261458593
HepG2/C3A,cellcycle_G1_vs_G2M,BAY1125976,Encorafenib,-0.04159360169651614,0.21543724506073536
HepG2/C3A,cellcycle_G1_vs_G2M,ERK5-IN-2,Encorafenib,0.5875465570146761,0.6595190806299605
HepG2/C3A,cellcycle_G1_vs_G2M,Encorafenib,Lapatinib ditosylate,0.44317482675753805,0.5575632762944067
HepG2/C3A,cellcycle_G1_vs_G2M,BI-78D3,Vemurafenib,0.6333559795560113,0.7011078182604555
HepG2/C3A,cellcycle_G1_vs_G2M,APTO-253,BI-78D3,0.4733346780434737,0.5866120030027165
HepG2/C3A,cellcycle_G1_vs_G2M,ERK5-IN-2,Sapanisertib,0.7076740804858533,0.7541600552564802
HepG2/C3A,cellcycle_G1_vs_G2M,AZD-8055,Anastrozole,0.2922110420514874,0.329183625906903
HepG2/C3A,cellcycle_G1_vs_G2M,NG25,TAK-901,0.17083495910400975,0.22220389626842307
HepG2/C3A,cellcycle_G1_vs_G2M,Lapatinib ditosylate,Regorafenib,0.3158702039093246,0.5188530087369877
HepG2/C3A,cellcycle_G1_vs_G2M,Dabrafenib,Gemcitabine,0.44453206595481265,0.5271861579528797
HepG2/C3A,cellcycle_G1_vs_G2M,Paclitaxel,olaparib,0.20321505493998485,0.44714873499241087
Hs 766T,cellcycle_G1_vs_G2M,DT-061,Paclitaxel,0.5250507960898179,0.5507298126904838
Hs 766T,cellcycle_G1_vs_G2M,HI-TOPK-032,Trametinib,0.3493096693566776,0.5020080705980208
Hs 766T,cellcycle_G1_vs_G2M,9-ING-41,PH-797804,0.2954627895468056,0.4107460199078531
Hs 766T,cellcycle_G1_vs_G2M,Capivasertib,Volasertib,0.372784951677768,0.35210289587963456
Hs 766T,cellcycle_G1_vs_G2M,Oxaliplatin,Temuterkib,0.24441832938445332,0.3057846098556425
Hs 766T,cellcycle_G1_vs_G2M,ERK5-IN-2,Methylprednisolone succinate,0.2387483013538039,0.2617765960366906
Hs 766T,cellcycle_G1_vs_G2M,Dabrafenib,LJI308,0.10022130773792158,0.323767014911692
Hs 766T,cellcycle_G1_vs_G2M,AT7519,Oxaliplatin,0.2946504150150856,0.38494319958143225
Hs 766T,cellcycle_G1_vs_G2M,Encorafenib,Volasertib,0.314191019776065,0.17595567070748133
Hs 766T,cellcycle_G1_vs_G2M,Bentamapimod,Erdafitinib ,0.5458793147961685,0.4515764478285835
Hs 766T,cellcycle_G1_vs_G2M,Capivasertib,Lapatinib ditosylate,0.47717258989220535,0.42445188206134743
Hs 766T,cellcycle_G1_vs_G2M,AZD1390,ML264,0.24868211443950475,0.21511915467436965
Hs 766T,cellcycle_G1_vs_G2M,Brivudine,Capivasertib,0.2671121306651775,0.25070782203036973
Hs 766T,cellcycle_G1_vs_G2M,9-ING-41,olaparib,0.41338312622387596,0.40822930065590374
Hs 766T,cellcycle_G1_vs_G2M,BI-78D3,Oleic acid,0.2675478843535156,0.3619415733454352
Hs 766T,cellcycle_G1_vs_G2M,Irinotecan,Ralimetinib dimesylate,0.42231830970945494,0.5116556724834945
Hs 766T,cellcycle_G1_vs_G2M,AT7519,MK-8353,0.39466368173461364,0.4235515671511326
Hs 766T,cellcycle_G1_vs_G2M,BI-78D3,Erdafitinib ,0.6114039556617059,0.5350039645925232
Hs 766T,cellcycle_G1_vs_G2M,Capivasertib,olaparib,0.4473985527243318,0.30499450048199617
Hs 766T,cellcycle_G1_vs_G2M,LB-100,Volasertib,0.5014936416458049,0.36387673870786297
Hs 766T,cellcycle_G1_vs_G2M,Bentamapimod,Capivasertib,0.2634439941222625,0.25049121467617275
Hs 766T,cellcycle_G1_vs_G2M,Capivasertib,Temuterkib,0.13536921178933703,0.14144692109841409
Hs 766T,cellcycle_G1_vs_G2M,Paclitaxel,vincristine,-0.07623619063861849,0.06253873233365839
Hs 766T,cellcycle_G1_vs_G2M,ERK5-IN-2,Temuterkib,0.7552881539357932,0.6414872769469461
Hs 766T,cellcycle_G1_vs_G2M,Brivudine,Oxaliplatin,0.43861055377025804,0.38758460147710144
Hs 766T,cellcycle_G1_vs_G2M,Adagrasib,Paclitaxel,0.08754098013318387,0.2790519124212597
Hs 766T,cellcycle_G1_vs_G2M,Anastrozole,BAY1125976,0.2340190252738319,0.2477027650734983
Hs 766T,cellcycle_G1_vs_G2M,Methylprednisolone succinate,Temuterkib,0.263073251060217,0.2607851528216488
Hs 766T,cellcycle_G1_vs_G2M,AT7519,ML264,0.3465366549137992,0.4816572657190623
Hs 766T,cellcycle_G1_vs_G2M,BAY1125976,Tucatinib,0.27915517107852955,0.22881289573498584
Hs 766T,cellcycle_G1_vs_G2M,Bimiralisib,Ipatasertib,0.2666724912730551,0.49856243269971223
Hs 766T,cellcycle_G1_vs_G2M,Infigratinib,PH-797804,0.27890601608942933,0.45639466061955536
Hs 766T,cellcycle_G1_vs_G2M,Everolimus,GSK1059615,0.2541498616849828,0.43124895882571906
Hs 766T,cellcycle_G1_vs_G2M,Oxaliplatin,Vemurafenib,0.33254386837935257,0.3243855978985884
Hs 766T,cellcycle_G1_vs_G2M,Anastrozole,Tucatinib,0.583313576236982,0.5508018849499356
Hs 766T,cellcycle_G1_vs_G2M,Regorafenib,XRK3F2,0.6371090688398212,0.7195723623944728
Hs 766T,cellcycle_G1_vs_G2M,BI-3406,Irinotecan,0.3388430252057927,0.49508178818706683
Hs 766T,cellcycle_G1_vs_G2M,Lapatinib ditosylate,Oleic acid,0.49415272715178016,0.4817956001237307
Hs 766T,cellcycle_G1_vs_G2M,Everolimus,Tubulin inhibitor 6,0.3686609638551119,0.547079866240171
Hs 766T,cellcycle_G1_vs_G2M,Bentamapimod,Everolimus,0.5968003514827362,0.4671069141649525
Hs 766T,cellcycle_G1_vs_G2M,BI-78D3,Capivasertib,0.1402736701323423,0.2651308573558378
Hs 766T,cellcycle_G1_vs_G2M,Irinotecan,Paclitaxel,0.39286564101805077,0.5678628624160189
Hs 766T,cellcycle_G1_vs_G2M,ERK5-IN-2,Sapanisertib,0.496263589184634,0.49793338829696665
Hs 766T,cellcycle_G1_vs_G2M,AZD-8055,GSK1059615,0.7854845058946555,0.791336076879102
Hs 766T,cellcycle_G1_vs_G2M,Bimiralisib,Irinotecan,0.35580269127552083,0.5173233850635081
Hs 766T,cellcycle_G1_vs_G2M,BAY1125976,NVP-BHG712,0.16508985874404003,0.07511881212512816
Hs 766T,cellcycle_G1_vs_G2M,Methylprednisolone succinate,NVP-BHG712,0.37197853349578436,0.2837289453545605
Hs 766T,cellcycle_G1_vs_G2M,TAK-901,palbociclib,0.0727799832190928,0.235919716490065
Hs 766T,cellcycle_G1_vs_G2M,Brivudine,OTS514,0.14155079420633304,0.2932630879874918
Hs 766T,cellcycle_G1_vs_G2M,AT7519,Ipatasertib,0.3322663199732716,0.43917879452933356
Hs 766T,cellcycle_G1_vs_G2M,Tomivosertib,olaparib,0.14721648306218085,0.29256892825513703
Hs 766T,cellcycle_G1_vs_G2M,Temuterkib,Vemurafenib,0.404077388981945,0.35748441136401754
Hs 766T,cellcycle_G1_vs_G2M,Brivudine,Methylprednisolone succinate,0.3555171868217335,0.42550492440304477
Hs 766T,cellcycle_G1_vs_G2M,9-ING-41,Brivudine,0.40927670476353095,0.5628325286856375
Hs 766T,cellcycle_G1_vs_G2M,9-ING-41,Volasertib,0.43438600053452936,0.34334626041692107
Hs 766T,cellcycle_G1_vs_G2M,Abemaciclib,Ralimetinib dimesylate,-0.004685079939732672,0.2181301136869073
Hs 766T,cellcycle_G1_vs_G2M,Gemcitabine,Tubulin inhibitor 6,0.6539543312460815,0.6249934221506804
Hs 766T,cellcycle_G1_vs_G2M,Abemaciclib,BI-78D3,-0.012121172357018227,0.10622753729782763
Hs 766T,cellcycle_G1_vs_G2M,Paclitaxel,RMC-6236,0.7944955304385505,0.7641038465025581
Hs 766T,cellcycle_G1_vs_G2M,9-ING-41,MK-8353,0.3386864728969109,0.24736556765244574
Hs 766T,cellcycle_G1_vs_G2M,BI-78D3,GSK1059615,0.31273051891032366,0.3934533508057758
Hs 766T,cellcycle_G1_vs_G2M,APTO-253,Volasertib,0.2689934302647354,0.2528434945740092
Hs 766T,cellcycle_G1_vs_G2M,LB-100,Ralimetinib dimesylate,0.5716821578034065,0.5068489421444706
Hs 766T,cellcycle_G1_vs_G2M,BI-3406,Celecoxib,0.2237045631958287,0.3730166455798629
Hs 766T,cellcycle_G1_vs_G2M,Anastrozole,RMC-6236,0.1605690108818365,0.3706096784174686
Hs 766T,cellcycle_G1_vs_G2M,Brivudine,CP21R7,0.25503264409001203,0.42786272893327815
Hs 766T,cellcycle_G1_vs_G2M,CP21R7,vincristine,0.20087905170034992,0.19104971608179708
Hs 766T,cellcycle_G1_vs_G2M,Paclitaxel,Tomivosertib,0.06052270510363911,0.38531524536598116
Hs 766T,cellcycle_G1_vs_G2M,Brivudine,ML264,0.2286399013231262,0.2801058499386784
Hs 766T,cellcycle_G1_vs_G2M,9-ING-41,Infigratinib,0.22730020173684898,0.3784769800645364
Hs 766T,cellcycle_G1_vs_G2M,Infigratinib,Methylprednisolone succinate,0.28178451323497655,0.44420369100572493
Hs 766T,cellcycle_G1_vs_G2M,Afatinib,Pemigatinib,0.2630023565469705,0.38622925119141904
Hs 766T,cellcycle_G1_vs_G2M,NG25,Ralimetinib dimesylate,0.32053914498817315,0.40033314443681434
Hs 766T,cellcycle_G1_vs_G2M,Trametinib,Tubulin inhibitor 6,0.3441325833142563,0.4673470795074721
Hs 766T,cellcycle_G1_vs_G2M,NVP-BHG712,OTS514,0.23962367510601856,0.17104119412397548
Hs 766T,cellcycle_G1_vs_G2M,AZD-7648,HI-TOPK-032,0.3949687930949747,0.4013213532541362
Hs 766T,cellcycle_G1_vs_G2M,Bimiralisib,Trametinib,0.8413421206168482,0.835109281980651
Hs 766T,cellcycle_G1_vs_G2M,DT-061,Volasertib,0.28445806700214205,0.21226513234782207
Hs 766T,cellcycle_G1_vs_G2M,Adagrasib,HI-TOPK-032,0.43674253745393704,0.3263953293684986
Hs 766T,cellcycle_G1_vs_G2M,Methylprednisolone succinate,Tucatinib,0.359594284253237,0.3791905536879892
Hs 766T,cellcycle_G1_vs_G2M,9-ING-41,Anastrozole,0.3695531421801284,0.4664822312716315
Hs 766T,cellcycle_G1_vs_G2M,AZD1390,Temuterkib,0.11626542190372904,0.06659045658141313
Hs 766T,cellcycle_G1_vs_G2M,AT7519,AZD-7648,0.001754667810485916,0.0775576677983959
Hs 766T,cellcycle_G1_vs_G2M,Everolimus,Tucatinib,0.3639472337768566,0.4163077327316026
Hs 766T,cellcycle_G1_vs_G2M,Tucatinib,XRK3F2,0.35615768860478975,0.31044338484877043
Hs 766T,cellcycle_G1_vs_G2M,Ipatasertib,Temuterkib,0.4858398064410767,0.4732079663355957
Hs 766T,cellcycle_G1_vs_G2M,APTO-253,DT-061,-0.3835783587546999,-0.1299962327645131
Hs 766T,cellcycle_G1_vs_G2M,Dabrafenib,Trametinib,-0.28113106840897817,-0.014949403147079349
Hs 766T,cellcycle_G1_vs_G2M,AZD1390,Methylprednisolone succinate,0.5054529548694335,0.4717204370213107
Hs 766T,cellcycle_G1_vs_G2M,Gemcitabine,Infigratinib,0.26414773848699236,0.4919752761442804
Hs 766T,cellcycle_G1_vs_G2M,Oxaliplatin,Volasertib,0.42801384061937986,0.35631900741540223
Hs 766T,cellcycle_G1_vs_G2M,AT7519,Minodronic acid,0.3572997101406534,0.41582670872195515
Hs 766T,cellcycle_G1_vs_G2M,9-ING-41,Oxaliplatin,0.3193437662145758,0.34038418595746484
Hs 766T,cellcycle_G1_vs_G2M,Afatinib,olaparib,0.19869748924962083,0.3921374163676759
Hs 766T,cellcycle_G1_vs_G2M,AZD-7648,ML264,0.07256753658841403,0.11057644307806913
Hs 766T,cellcycle_G1_vs_G2M,AZD-7648,LB-100,0.26268375087383533,0.32836020021849094
Hs 766T,cellcycle_G1_vs_G2M,AZD-7648,Regorafenib,0.7422660093221227,0.7435658738294066
Hs 766T,cellcycle_G1_vs_G2M,Infigratinib,TAK-901,0.10815276979103017,0.2947992751486198
Hs 766T,cellcycle_G1_vs_G2M,APTO-253,Infigratinib,0.3749518128526527,0.2633883303871893
Hs 766T,cellcycle_G1_vs_G2M,DT-061,ML264,0.03502738867309224,0.15997433661756036
J82,cellcycle_G1_vs_G2M,Afatinib,DTP3,0.02903977252118406,0.10631323645399292
J82,cellcycle_G1_vs_G2M,CP21R7,ULK-101,0.4106497685170515,0.47110613493477954
J82,cellcycle_G1_vs_G2M,Bimiralisib,CP21R7,0.6694701421932453,0.5949713400264268
J82,cellcycle_G1_vs_G2M,Alpelisib,Pralsetinib,0.5500815972875033,0.5564156370181917
J82,cellcycle_G1_vs_G2M,AZD-8055,Sonidegib,0.36153005774845,0.5361105172553045
J82,cellcycle_G1_vs_G2M,IQ 1,vincristine,0.39749505187913264,0.41228457580141475
J82,cellcycle_G1_vs_G2M,Methylprednisolone succinate,TAK-901,0.14176770077707193,0.10666582564724417
J82,cellcycle_G1_vs_G2M,Methylprednisolone succinate,Volasertib,0.4013698973129016,0.5234288630427371
J82,cellcycle_G1_vs_G2M,Tomivosertib,Volasertib,0.4162858395016167,0.2831852081447037
J82,cellcycle_G1_vs_G2M,Abemaciclib,Tubulin inhibitor 6,0.5169242592097467,0.50510188938097
J82,cellcycle_G1_vs_G2M,LY2090314,Temuterkib,0.645994904353751,0.7009679783401992
J82,cellcycle_G1_vs_G2M,Bimiralisib,Futibatinib,0.18865001839957876,-0.006844090688206394
J82,cellcycle_G1_vs_G2M,BI-3406,Everolimus,0.2908087134407018,0.4429584484644623
J82,cellcycle_G1_vs_G2M,PH-797804,Tucatinib,0.2726023589178418,0.18929468788742765
J82,cellcycle_G1_vs_G2M,Dabrafenib,NVP-BHG712,0.5805960319703194,0.5990107692399016
J82,cellcycle_G1_vs_G2M,Capmatinib,TAK-901,0.24561744181023548,0.24697116174520556
J82,cellcycle_G1_vs_G2M,AZD1390,Celecoxib,0.5834742427954523,0.48013300924404234
J82,cellcycle_G1_vs_G2M,MK-3903,Tomivosertib,0.42522159028976403,0.6091888872680437
J82,cellcycle_G1_vs_G2M,Capmatinib,Infigratinib,0.13667800918312367,0.17135726117955818
J82,cellcycle_G1_vs_G2M,Ipatasertib,Irinotecan,0.5539364822349134,0.5333742254933674
J82,cellcycle_G1_vs_G2M,Capivasertib,Oleic acid,0.5754601349062682,0.7004767174856139
J82,cellcycle_G1_vs_G2M,APTO-253,DTP3,0.5731559336247157,0.5146943748902948
J82,cellcycle_G1_vs_G2M,Alpelisib,Celecoxib,0.5214106146115353,0.545708306754147
J82,cellcycle_G1_vs_G2M,BI-3406,PH-797804,0.5080745549608532,0.5501771895331712
J82,cellcycle_G1_vs_G2M,IQ 1,Ipatasertib,0.4549269199439504,0.47279341539755493
J82,cellcycle_G1_vs_G2M,ML264,NVP-BHG712,0.6084350884654544,0.6874919956754209
J82,cellcycle_G1_vs_G2M,LY-2584702 (tosylate salt),Lapatinib ditosylate,0.25739818998622305,0.3746425264948519
J82,cellcycle_G1_vs_G2M,Afatinib,Futibatinib,0.22951770672422558,0.06822106060947775
J82,cellcycle_G1_vs_G2M,Afatinib,Ipatasertib,0.8198229842260337,0.8187874135898918
J82,cellcycle_G1_vs_G2M,BI-78D3,Bimiralisib,0.39353367406850387,0.4256815427286529
J82,cellcycle_G1_vs_G2M,ETC-206,Hydroxyfasudil,0.42286038245097524,0.4781849681333695
J82,cellcycle_G1_vs_G2M,AZD-7648,Everolimus,0.49750850154495585,0.5745220325429771
J82,cellcycle_G1_vs_G2M,4EGI-1,olaparib,0.4472672608505137,0.6148318957265871
J82,cellcycle_G1_vs_G2M,Binimetinib,Capmatinib,0.7432001832615239,0.8236927547359981
J82,cellcycle_G1_vs_G2M,GSK1059615,LJI308,0.44979559525654494,0.45098461532707856
J82,cellcycle_G1_vs_G2M,Adagrasib,Celecoxib,0.5714610580634812,0.7204450924202043
J82,cellcycle_G1_vs_G2M,Ipatasertib,LY-2584702 (tosylate salt),0.1496611630859991,0.015387573097725517
J82,cellcycle_G1_vs_G2M,Alpelisib,venetoclax,0.36964352036729453,0.47341269423529375
J82,cellcycle_G1_vs_G2M,AZD-7648,GSK1059615,0.34870364013273103,0.26703594223641464
J82,cellcycle_G1_vs_G2M,SBI-0640756,Trametinib,0.4423187176605727,0.4678761807105594
J82,cellcycle_G1_vs_G2M,HI-TOPK-032,Regorafenib,0.6528385974448551,0.6466771833385645
J82,cellcycle_G1_vs_G2M,Lonafarnib,Pimitespib,0.0747243904770346,0.013449563255739483
J82,cellcycle_G1_vs_G2M,AZD-8055,Abemaciclib,0.2596732354014067,0.419183220828509
J82,cellcycle_G1_vs_G2M,Capivasertib,Tomivosertib,0.313946574930962,0.29168795710649026
J82,cellcycle_G1_vs_G2M,9-ING-41,Erdafitinib ,0.45104939142004247,0.5721099196675972
J82,cellcycle_G1_vs_G2M,Anastrozole,Sapanisertib,0.32547744495189945,0.2982286454163354
J82,cellcycle_G1_vs_G2M,Abemaciclib,PH-797804,0.4320759335555918,0.5597932000138215
J82,cellcycle_G1_vs_G2M,Elimusertib hydrochloride,Pemigatinib,0.08397460506699127,0.28578629184448573
J82,cellcycle_G1_vs_G2M,IQ 1,palbociclib,0.4927128473227878,0.40374543048722455
J82,cellcycle_G1_vs_G2M,Infigratinib,Vemurafenib,0.5705178301903405,0.5821714109908986
J82,cellcycle_G1_vs_G2M,Bimiralisib,LY-2584702 (tosylate salt),0.19009625857384654,0.06731219188349796
J82,cellcycle_G1_vs_G2M,LJI308,LY-2584702 (tosylate salt),0.489868869620483,0.44578253356261616
J82,cellcycle_G1_vs_G2M,Irinotecan,Ralimetinib dimesylate,0.5008464547749989,0.47245521488571934
J82,cellcycle_G1_vs_G2M,EX229,Ixazomib,0.5909192414058022,0.6325802542821635
J82,cellcycle_G1_vs_G2M,Gemcitabine,Volasertib,0.48418398061169754,0.3637677784807491
J82,cellcycle_G1_vs_G2M,Everolimus,PH-797804,0.468411769498572,0.517902038355282
J82,cellcycle_G1_vs_G2M,Oleic acid,Tucatinib,0.303739744456044,0.48840709438657204
J82,cellcycle_G1_vs_G2M,BAY1125976,olaparib,0.1713998577529222,0.26874303472511574
J82,cellcycle_G1_vs_G2M,Afatinib,MK-3903,0.6381713097254887,0.6954407371474887
J82,cellcycle_G1_vs_G2M,AZD-8055,SBI-0640756,0.33868438230229747,0.4840596045361697
J82,cellcycle_G1_vs_G2M,MK-3903,MK-8353,0.3623550187407194,0.40305323191060954
J82,cellcycle_G1_vs_G2M,Sonidegib,Trametinib,0.6829295835047823,0.6849898897965722
J82,cellcycle_G1_vs_G2M,BAY1125976,Oxaliplatin,0.033420986673206865,0.2456325189701938
J82,cellcycle_G1_vs_G2M,Bimiralisib,GSK1059615,0.7538171240118666,0.7217288113619489
J82,cellcycle_G1_vs_G2M,AZD-8055,Celecoxib,0.3953015447923121,0.5278289161238624
J82,cellcycle_G1_vs_G2M,GSK1059615,Oxaliplatin,0.10630992267930114,0.1933015542110518
J82,cellcycle_G1_vs_G2M,Anastrozole,NG25,0.5186138576221385,0.49384058728394403
J82,cellcycle_G1_vs_G2M,ETC-206,PF-06260933,0.37355615369563355,0.24808313523581205
J82,cellcycle_G1_vs_G2M,ETC-206,MK-8353,0.5630417582769958,0.6888366190007096
J82,cellcycle_G1_vs_G2M,Abemaciclib,Encorafenib,0.32393568328581235,0.4416609388144629
J82,cellcycle_G1_vs_G2M,SBI-0640756,olaparib,0.5234368051926497,0.6128715406974828
J82,cellcycle_G1_vs_G2M,BI-3406,Lapatinib ditosylate,0.2994998596804861,0.31278938945159396
J82,cellcycle_G1_vs_G2M,Pemigatinib,Sapanisertib,0.2502208046247954,0.339048721384106
J82,cellcycle_G1_vs_G2M,CP21R7,LY2090314,0.24631428276760572,0.4603193942839218
J82,cellcycle_G1_vs_G2M,Lapatinib ditosylate,venetoclax,0.017957864261779997,0.04384459685060568
J82,cellcycle_G1_vs_G2M,APTO-253,Minodronic acid,0.5323785163023107,0.5837052181378255
J82,cellcycle_G1_vs_G2M,Binimetinib,Volasertib,0.22052118883668995,0.26993898564978863
J82,cellcycle_G1_vs_G2M,Lapatinib ditosylate,Sonidegib,0.1808406850844498,0.19467794914805742
J82,cellcycle_G1_vs_G2M,DT-061,Irinotecan,0.6192685712041994,0.39167612763124293
J82,cellcycle_G1_vs_G2M,BI-78D3,venetoclax,0.18961345962645132,0.2078908496849425
J82,cellcycle_G1_vs_G2M,APTO-253,BI-78D3,0.3610015109703004,0.4862224329148841
J82,cellcycle_G1_vs_G2M,AZD-7648,Dabrafenib,0.16652402544835557,0.2069661005470506
J82,cellcycle_G1_vs_G2M,Methylprednisolone succinate,ULK-101,0.5491235491619741,0.5482898614680178
J82,cellcycle_G1_vs_G2M,Tomivosertib,Trametinib,0.3335235327194772,0.4584890463054113
J82,cellcycle_G1_vs_G2M,Afatinib,Tubulin inhibitor 6,0.44260878911638035,0.4809226869337829
J82,cellcycle_G1_vs_G2M,Tomivosertib,Vemurafenib,0.3666851099769144,0.4640739599831495
J82,cellcycle_G1_vs_G2M,Brivudine,Tomivosertib,0.27527497449344146,0.543721113322385
J82,cellcycle_G1_vs_G2M,ERK5-IN-2,LY-2584702 (tosylate salt),-0.2529797489325029,-0.28380375306946537
J82,cellcycle_G1_vs_G2M,9-ING-41,Everolimus,0.6623146290479742,0.7060266971135093
J82,cellcycle_G1_vs_G2M,BI-3406,IQ 1,0.39619729990662206,0.3848828483988851
J82,cellcycle_G1_vs_G2M,Anastrozole,Ixazomib,0.4559893424362267,0.4779653499943792
J82,cellcycle_G1_vs_G2M,Encorafenib,RMC-6236,0.4853202051777239,0.5603786193168044
J82,cellcycle_G1_vs_G2M,AZD2858,Paclitaxel,0.08321527476603895,0.3174000145646405
J82,cellcycle_G1_vs_G2M,AZD-8055,Futibatinib,0.377557006856759,0.21210407948611484
J82,cellcycle_G1_vs_G2M,Irinotecan,LJI308,0.5405841185726276,0.6660133514913203
J82,cellcycle_G1_vs_G2M,Dabrafenib,Vemurafenib,0.7372084960792448,0.8034308990979417
J82,cellcycle_G1_vs_G2M,Anastrozole,DT-061,0.6024084794908391,0.6436266128795566
J82,cellcycle_G1_vs_G2M,BI-3406,NG25,0.5685495551943145,0.5224491328695301
J82,cellcycle_G1_vs_G2M,AZD-8055,Pemigatinib,0.5284716525720785,0.5890752747073467
J82,cellcycle_G1_vs_G2M,Pimitespib,Volasertib,0.37108647180346377,0.40117572484204445
KATO III,cellcycle_G1_vs_G2M,Ixazomib,Sapanisertib,0.6206036364138307,0.5898982662208412
KATO III,cellcycle_G1_vs_G2M,Bortezomib,Irinotecan,0.24707983518795704,0.2744869295522967
KATO III,cellcycle_G1_vs_G2M,Regorafenib,SBI-0640756,0.6221832386086511,0.6315869068535825
KATO III,cellcycle_G1_vs_G2M,Celecoxib,MK-8353,0.6915582145972781,0.6519408089686465
KATO III,cellcycle_G1_vs_G2M,OTS514,SBI-0640756,-0.003427445404083365,0.2519537278110636
KATO III,cellcycle_G1_vs_G2M,Belumosudil (mesylate),LJI308,0.9219674804774645,0.8839593547386803
KATO III,cellcycle_G1_vs_G2M,IQ 1,LB-100,0.5949515500941481,0.4639150903155339
KATO III,cellcycle_G1_vs_G2M,OTS514,vincristine,0.3262991498562595,0.46142681654443607
KATO III,cellcycle_G1_vs_G2M,Erdafitinib ,Minodronic acid,0.4113326836729656,0.48436107297465786
KATO III,cellcycle_G1_vs_G2M,Encorafenib,Lapatinib ditosylate,0.4034793859144824,0.3307837237853318
KATO III,cellcycle_G1_vs_G2M,ML264,olaparib,0.22915980985892598,0.3186519638701449
KATO III,cellcycle_G1_vs_G2M,Belumosudil (mesylate),Gemcitabine,0.5696974388170927,0.48735647850774777
KATO III,cellcycle_G1_vs_G2M,PF-06260933,Paclitaxel,0.22964083967982848,0.2690121098786335
KATO III,cellcycle_G1_vs_G2M,ML264,Methylprednisolone succinate,0.37284893852651824,0.4532690041605991
KATO III,cellcycle_G1_vs_G2M,Bentamapimod,Dabrafenib,0.4508988035225385,0.6118173782776409
KATO III,cellcycle_G1_vs_G2M,Binimetinib,Ralimetinib dimesylate,0.2913190886786469,0.32732300363322714
KATO III,cellcycle_G1_vs_G2M,LB-100,Pimitespib,0.4169842819264734,0.4945295176261485
KATO III,cellcycle_G1_vs_G2M,Ipatasertib,Torkinib,0.25384668640525077,0.27070464787019066
KATO III,cellcycle_G1_vs_G2M,Belzutifan,Bortezomib,0.011388369050009214,0.09880584406022203
KATO III,cellcycle_G1_vs_G2M,Brivudine,Pralsetinib,0.2947031428255332,0.39969310276907705
KATO III,cellcycle_G1_vs_G2M,AZD-7648,LY-2584702 (tosylate salt),0.5592766965469291,0.48808772606296635
KATO III,cellcycle_G1_vs_G2M,Encorafenib,GSK1059615,0.610975320599686,0.6246043087951362
KATO III,cellcycle_G1_vs_G2M,ML264,NVP-BHG712,0.604105064442355,0.6129001608539987
KATO III,cellcycle_G1_vs_G2M,4EGI-1,AZD1390,0.6456143705074022,0.6105319223525798
KATO III,cellcycle_G1_vs_G2M,Capivasertib,TAK-901,0.17041646224074516,0.23878904344612997
KATO III,cellcycle_G1_vs_G2M,Oxaliplatin,olaparib,0.4652945527444124,0.3652088300090085
KATO III,cellcycle_G1_vs_G2M,Anastrozole,NG25,0.29697546884269144,0.2850014842476769
KATO III,cellcycle_G1_vs_G2M,Alpelisib,Sonidegib,0.5262860594221362,0.6411019762311809
KATO III,cellcycle_G1_vs_G2M,9-ING-41,Ixazomib,0.45616619124553154,0.44004550027398903
KATO III,cellcycle_G1_vs_G2M,Pimitespib,Tubulin inhibitor 6,0.5330782964834607,0.4598443160886012
KATO III,cellcycle_G1_vs_G2M,Belumosudil (mesylate),Tomivosertib,0.4691610201269798,0.5872980387026019
KATO III,cellcycle_G1_vs_G2M,AZD1390,ETC-206,0.7182749095895741,0.6128841931646345
KATO III,cellcycle_G1_vs_G2M,AT7519,Adagrasib,0.4356909513599376,0.6100421819973981
KATO III,cellcycle_G1_vs_G2M,Alpelisib,Minodronic acid,0.35080338242479103,0.39061812366262605
KATO III,cellcycle_G1_vs_G2M,LB-100,LJI308,0.47999908580962636,0.3868615472451156
KATO III,cellcycle_G1_vs_G2M,NVP-BHG712,RMC-6236,0.3033219407985329,0.29393516312198975
KATO III,cellcycle_G1_vs_G2M,Brivudine,Capivasertib,0.13219600692832598,0.1843102368213914
KATO III,cellcycle_G1_vs_G2M,9-ING-41,AZD-8055,0.6477491331484095,0.5701450690947165
KATO III,cellcycle_G1_vs_G2M,PH-797804,Sapanisertib,0.04719063825185171,0.19575980511242955
KATO III,cellcycle_G1_vs_G2M,BAY1125976,Irinotecan,0.37454930656661145,0.2716812208110097
KATO III,cellcycle_G1_vs_G2M,Irinotecan,RMC-6236,0.24330917857537096,0.2448671962782406
KATO III,cellcycle_G1_vs_G2M,Minodronic acid,PF-06260933,0.152980997008497,0.2221488270877042
KATO III,cellcycle_G1_vs_G2M,BAY1125976,PF-06260933,0.40725629594658397,0.33111530638209213
KATO III,cellcycle_G1_vs_G2M,APTO-253,Irinotecan,0.3955278959159618,0.3614742482537957
KATO III,cellcycle_G1_vs_G2M,4EGI-1,AT7519,0.3221745620569579,0.35492553972361
KATO III,cellcycle_G1_vs_G2M,PF-06260933,Torkinib,0.16977722595144218,0.005216337870434521
KATO III,cellcycle_G1_vs_G2M,Afatinib,MK-3903,0.6623527041180952,0.6694721946384041
KATO III,cellcycle_G1_vs_G2M,NVP-BHG712,Trametinib,0.5001257176488204,0.42068019254299105
KATO III,cellcycle_G1_vs_G2M,Erdafitinib ,LY-2584702 (tosylate salt),0.18004823400110861,0.21451580251987754
KATO III,cellcycle_G1_vs_G2M,PF-06260933,c-Kit-IN-1,-0.13342685724905495,0.007116406667053678
KATO III,cellcycle_G1_vs_G2M,AZD-7648,MK-8353,0.3553710329136811,0.23845142690126048
KATO III,cellcycle_G1_vs_G2M,XRK3F2,palbociclib,0.49627485727703613,0.38572282767040034
KATO III,cellcycle_G1_vs_G2M,AT7519,LY2090314,0.5286707543514453,0.3855598597187591
KATO III,cellcycle_G1_vs_G2M,ML264,c-Kit-IN-1,0.2607768306863735,0.30285406252574965
KATO III,cellcycle_G1_vs_G2M,BI-78D3,EX229,0.30924560295075876,0.30239730973548856
KATO III,cellcycle_G1_vs_G2M,BAY1125976,Pimitespib,0.1859559727496439,0.2350186804995322
KATO III,cellcycle_G1_vs_G2M,Belumosudil (mesylate),Tubulin inhibitor 6,0.49561833735481947,0.4815197912687475
KATO III,cellcycle_G1_vs_G2M,Brivudine,Tomivosertib,0.48046382163569634,0.7036704427280637
KATO III,cellcycle_G1_vs_G2M,Belumosudil (mesylate),Ipatasertib,0.6596926832059431,0.6993292447969058
KATO III,cellcycle_G1_vs_G2M,BAY1125976,MK-8353,0.6646492323121647,0.5537022194246384
KATO III,cellcycle_G1_vs_G2M,Binimetinib,Oxaliplatin,0.32733600385049283,0.24503878506610405
KATO III,cellcycle_G1_vs_G2M,DT-061,HI-TOPK-032,0.34712162997073903,0.27508927556641644
KATO III,cellcycle_G1_vs_G2M,APTO-253,BI-78D3,0.4767770369744235,0.51345951187582
KATO III,cellcycle_G1_vs_G2M,BAY1125976,IQ 1,0.5467902800694632,0.5218632072076583
KATO III,cellcycle_G1_vs_G2M,ERK5-IN-2,RMC-6236,0.74654476256618,0.7329611962276041
KATO III,cellcycle_G1_vs_G2M,AT7519,Paclitaxel,0.4531164369457933,0.4956649701884297
KATO III,cellcycle_G1_vs_G2M,Bortezomib,Ixazomib,0.08729743878828601,0.20338763707821803
KATO III,cellcycle_G1_vs_G2M,GSK1059615,Regorafenib,0.5313282410613858,0.6347436391249925
KATO III,cellcycle_G1_vs_G2M,BAY1125976,Ixazomib,0.37906081239225264,0.3274445286634818
KATO III,cellcycle_G1_vs_G2M,Brivudine,Oleic acid,0.3008313428345611,0.17442159104028246
KATO III,cellcycle_G1_vs_G2M,BI-78D3,Pimitespib,0.19043866212142563,0.28541594889792454
KATO III,cellcycle_G1_vs_G2M,Minodronic acid,c-Kit-IN-1,0.35478727748428607,0.3267593827177074
KATO III,cellcycle_G1_vs_G2M,Temuterkib,Volasertib,0.6868144196960844,0.5789871422801794
KATO III,cellcycle_G1_vs_G2M,AZD-7648,Ipatasertib,0.3776464766806316,0.3109949135193913
KATO III,cellcycle_G1_vs_G2M,Methylprednisolone succinate,Volasertib,0.4439731020059207,0.4200082863216428
KATO III,cellcycle_G1_vs_G2M,AT7519,Temuterkib,0.4163190147908301,0.49489822910254955
KATO III,cellcycle_G1_vs_G2M,AZD2858,SBI-0640756,0.612640247945896,0.5202109157745484
KATO III,cellcycle_G1_vs_G2M,BI-3406,Bimiralisib,0.851690004207794,0.8107801767101155
KATO III,cellcycle_G1_vs_G2M,MK-3903,ULK-101,0.6987777200153761,0.7224812779169308
KATO III,cellcycle_G1_vs_G2M,Belumosudil (mesylate),XRK3F2,0.4956315470666923,0.4490514964325875
KATO III,cellcycle_G1_vs_G2M,Ipatasertib,PF-06260933,-0.16354178596525365,-0.051103956453044344
KATO III,cellcycle_G1_vs_G2M,Sapanisertib,TAK-733,0.3049420630465944,0.3096942680209941
KATO III,cellcycle_G1_vs_G2M,APTO-253,Pemigatinib,0.6639995386400273,0.5735977798758944
KATO III,cellcycle_G1_vs_G2M,Bortezomib,palbociclib,-0.024290702090471822,0.2409827728555968
KATO III,cellcycle_G1_vs_G2M,ERK5-IN-2,Methylprednisolone succinate,0.3458014223508605,0.40896597373650734
KATO III,cellcycle_G1_vs_G2M,Ralimetinib dimesylate,Trametinib,0.6023083287486728,0.595037341165095
KATO III,cellcycle_G1_vs_G2M,Bortezomib,Tucatinib,0.10722693029805029,0.06667978850954825
KATO III,cellcycle_G1_vs_G2M,LY-2584702 (tosylate salt),XRK3F2,0.25213743529053595,0.1797875384859807
KATO III,cellcycle_G1_vs_G2M,APTO-253,HI-TOPK-032,0.48691128173135423,0.5503949831568443
KATO III,cellcycle_G1_vs_G2M,Bimiralisib,ETC-206,0.4555035232335875,0.35351395565318766
KATO III,cellcycle_G1_vs_G2M,AT7519,LY-2584702 (tosylate salt),0.09439828490008978,0.26929424329242185
KATO III,cellcycle_G1_vs_G2M,Alpelisib,GSK1059615,0.43754258383829153,0.48708273782359995
KATO III,cellcycle_G1_vs_G2M,OTS514,Tomivosertib,-0.12722910962455267,0.19215293994231958
KATO III,cellcycle_G1_vs_G2M,AZD2858,IQ 1,0.6830578109703072,0.5756255349190811
KATO III,cellcycle_G1_vs_G2M,Dabrafenib,Tubulin inhibitor 6,0.47155697136879027,0.41912863698220026
KATO III,cellcycle_G1_vs_G2M,DTP3,TAK-901,0.2128407238352627,0.3062689603332533
KATO III,cellcycle_G1_vs_G2M,Infigratinib,Torkinib,0.4684904347922723,0.4198409233489928
KATO III,cellcycle_G1_vs_G2M,BI-78D3,DT-061,0.1059064182722385,0.1757243741253785
KATO III,cellcycle_G1_vs_G2M,BI-78D3,PF-06260933,0.3007513265450208,0.357670415672744
KATO III,cellcycle_G1_vs_G2M,Hydroxyfasudil,Torkinib,0.4597857316242936,0.296700512445994
LOX-IMVI,cellcycle_G1_vs_G2M,AZD-8055,Hydroxyfasudil,0.35384587969749515,0.2812709790624684
LOX-IMVI,cellcycle_G1_vs_G2M,Ipatasertib,LY-2584702 (tosylate salt),-0.07830157174183972,-0.034938756885786584
LOX-IMVI,cellcycle_G1_vs_G2M,Abemaciclib,Infigratinib,0.19861224074520437,0.3096489099535091
LOX-IMVI,cellcycle_G1_vs_G2M,Elimusertib hydrochloride,MK-3903,0.4478364818931991,0.5034840895514543
LOX-IMVI,cellcycle_G1_vs_G2M,LY-2584702 (tosylate salt),XRK3F2,-0.1750584934050529,-0.0669720281393198
LOX-IMVI,cellcycle_G1_vs_G2M,Erdafitinib ,vincristine,0.23416696238164988,0.27202586060097717
LOX-IMVI,cellcycle_G1_vs_G2M,HI-TOPK-032,olaparib,0.5947004001917889,0.7250583372444694
LOX-IMVI,cellcycle_G1_vs_G2M,Methylprednisolone succinate,Trametinib,0.316244621428908,0.3563813490467018
LOX-IMVI,cellcycle_G1_vs_G2M,Pimitespib,Torkinib,0.756678975364182,0.6787628612091051
LOX-IMVI,cellcycle_G1_vs_G2M,Ipatasertib,Paclitaxel,0.6541439177090628,0.7283345709556903
LOX-IMVI,cellcycle_G1_vs_G2M,Everolimus,Oleic acid,0.548944213842273,0.5229831470700734
LOX-IMVI,cellcycle_G1_vs_G2M,AZD-8055,ULK-101,0.510997548533195,0.4653733227730543
LOX-IMVI,cellcycle_G1_vs_G2M,Capivasertib,ULK-101,0.4543340123392531,0.37645184027621187
LOX-IMVI,cellcycle_G1_vs_G2M,APTO-253,Elimusertib hydrochloride,-0.15292901752924426,0.22767285489400507
LOX-IMVI,cellcycle_G1_vs_G2M,Abemaciclib,DTP3,0.05733356964329082,0.040473769142048366
LOX-IMVI,cellcycle_G1_vs_G2M,Bentamapimod,Lapatinib ditosylate,0.49080022728143513,0.38633823347237095
LOX-IMVI,cellcycle_G1_vs_G2M,Afatinib,Bentamapimod,0.6773913278438106,0.5144403278055437
LOX-IMVI,cellcycle_G1_vs_G2M,Tucatinib,Vemurafenib,0.5022207681767415,0.5844075064194297
LOX-IMVI,cellcycle_G1_vs_G2M,Elimusertib hydrochloride,Tubulin inhibitor 6,0.40523792485562826,0.5051059204736089
LOX-IMVI,cellcycle_G1_vs_G2M,AZD1390,LY2090314,0.21839004294911052,0.10606466887496621
LOX-IMVI,cellcycle_G1_vs_G2M,AZD-7648,Temuterkib,0.18631518159063745,0.192771551875828
LOX-IMVI,cellcycle_G1_vs_G2M,Capmatinib,Irinotecan,0.4756523996671792,0.520872434520529
LOX-IMVI,cellcycle_G1_vs_G2M,Everolimus,XRK3F2,0.430398750680621,0.4264727969557377
LOX-IMVI,cellcycle_G1_vs_G2M,EX229,Ipatasertib,0.15400127881791353,0.251549916494893
LOX-IMVI,cellcycle_G1_vs_G2M,Minodronic acid,PF-06260933,0.06094064955165979,-0.03679010320556614
LOX-IMVI,cellcycle_G1_vs_G2M,AZD2858,Oleic acid,0.7681630564295145,0.6122642019631045
LOX-IMVI,cellcycle_G1_vs_G2M,Belumosudil (mesylate),Pralsetinib,0.5689551960706812,0.5568915664875381
LOX-IMVI,cellcycle_G1_vs_G2M,Capmatinib,Gemcitabine,0.41754197549722094,0.4832886488217395
LOX-IMVI,cellcycle_G1_vs_G2M,ERK5-IN-2,Oleic acid,0.18208199850541967,0.20900968838783673
LOX-IMVI,cellcycle_G1_vs_G2M,CP21R7,DTP3,0.3337642157645776,0.3338967014332957
LOX-IMVI,cellcycle_G1_vs_G2M,ML264,Paclitaxel,0.7839605741844918,0.8160433806134778
LOX-IMVI,cellcycle_G1_vs_G2M,BAY1125976,Methylprednisolone succinate,0.03075720200594731,-0.014429726205686562
LOX-IMVI,cellcycle_G1_vs_G2M,Afatinib,PF-06260933,-0.11894232935718918,0.10364992883349142
LOX-IMVI,cellcycle_G1_vs_G2M,Brivudine,Vemurafenib,0.38089641206692154,0.4183897519882314
LOX-IMVI,cellcycle_G1_vs_G2M,Bimiralisib,SBI-0640756,0.30687696796557734,0.29279945269217095
LOX-IMVI,cellcycle_G1_vs_G2M,Hydroxyfasudil,Regorafenib,0.690369348329543,0.7243094493955214
LOX-IMVI,cellcycle_G1_vs_G2M,AT7519,LB-100,0.6523244663511427,0.39272511755477696
LOX-IMVI,cellcycle_G1_vs_G2M,PF-06260933,PH-797804,0.258978191163533,0.5004551327140067
LOX-IMVI,cellcycle_G1_vs_G2M,ETC-206,Infigratinib,0.4085095050990691,0.3465690665116342
LOX-IMVI,cellcycle_G1_vs_G2M,Ixazomib,Temuterkib,0.11570117639468962,0.18538912126596108
LOX-IMVI,cellcycle_G1_vs_G2M,Abemaciclib,Paclitaxel,0.19830306180032933,0.4504580112390101
LOX-IMVI,cellcycle_G1_vs_G2M,4EGI-1,Trametinib,0.08355363336202822,0.15041078663771362
LOX-IMVI,cellcycle_G1_vs_G2M,Bentamapimod,RMC-6236,0.1320730166372197,0.12095004413604081
LOX-IMVI,cellcycle_G1_vs_G2M,Encorafenib,Tomivosertib,0.19589280196090134,0.45907435375974015
LOX-IMVI,cellcycle_G1_vs_G2M,9-ING-41,Futibatinib,0.10833439566661227,0.16473559625076659
LOX-IMVI,cellcycle_G1_vs_G2M,Everolimus,Ralimetinib dimesylate,0.42920085108302625,0.43898444892664384
LOX-IMVI,cellcycle_G1_vs_G2M,BI-3406,LY-2584702 (tosylate salt),0.35684529377225416,0.28931868655038023
LOX-IMVI,cellcycle_G1_vs_G2M,Adagrasib,BI-78D3,0.0749017731757769,0.257028414644334
LOX-IMVI,cellcycle_G1_vs_G2M,DTP3,vincristine,0.4681443526734813,0.40461915050368646
LOX-IMVI,cellcycle_G1_vs_G2M,Bimiralisib,Sapanisertib,0.3958776781037509,0.3600531150987196
LOX-IMVI,cellcycle_G1_vs_G2M,Celecoxib,LY-2584702 (tosylate salt),0.5882638587419393,0.45126198733368394
LOX-IMVI,cellcycle_G1_vs_G2M,Lapatinib ditosylate,Pralsetinib,0.3235611918595159,0.2644029838281766
LOX-IMVI,cellcycle_G1_vs_G2M,Afatinib,LY2090314,0.4873965293027183,0.3603368324698273
LOX-IMVI,cellcycle_G1_vs_G2M,BAY1125976,LY2090314,0.3811628494055682,0.2862693047215008
LOX-IMVI,cellcycle_G1_vs_G2M,Belumosudil (mesylate),c-Kit-IN-1,0.439925400542943,0.47673100993994577
LOX-IMVI,cellcycle_G1_vs_G2M,AZD1390,Capivasertib,0.523364207949373,0.5888102688931827
LOX-IMVI,cellcycle_G1_vs_G2M,Capmatinib,DTP3,0.06758725502518356,0.07480782930961608
LOX-IMVI,cellcycle_G1_vs_G2M,Afatinib,Vemurafenib,0.7895114427468739,0.7461382845284419
LOX-IMVI,cellcycle_G1_vs_G2M,Celecoxib,Methylprednisolone succinate,0.7368669402359573,0.5241605596679448
LOX-IMVI,cellcycle_G1_vs_G2M,EX229,Everolimus,0.5966360183849696,0.5728183306993182
LOX-IMVI,cellcycle_G1_vs_G2M,Dabrafenib,Trametinib,0.3180974687328706,0.5399860166334001
LOX-IMVI,cellcycle_G1_vs_G2M,DT-061,PH-797804,0.45208396398426,0.2566326808800148
LOX-IMVI,cellcycle_G1_vs_G2M,MK-3903,Pralsetinib,0.49072791253630843,0.41734179307392044
LOX-IMVI,cellcycle_G1_vs_G2M,Bentamapimod,Temuterkib,0.48456147467980604,0.5185893453953891
LOX-IMVI,cellcycle_G1_vs_G2M,OTS514,TAK-733,0.3665695572204759,0.2593190408618954
LOX-IMVI,cellcycle_G1_vs_G2M,Encorafenib,Tucatinib,0.2108329719288215,0.3914207938127742
LOX-IMVI,cellcycle_G1_vs_G2M,4EGI-1,Brivudine,0.25584827312100794,0.2560019664133538
LOX-IMVI,cellcycle_G1_vs_G2M,LY2090314,Sonidegib,0.24839805320173808,0.19325705233664
LOX-IMVI,cellcycle_G1_vs_G2M,MK-3903,NG25,0.4156504226329477,0.41880500721535735
LOX-IMVI,cellcycle_G1_vs_G2M,PH-797804,venetoclax,0.5021140160876756,0.4225996591483262
LOX-IMVI,cellcycle_G1_vs_G2M,BI-78D3,HI-TOPK-032,0.07203286051720467,0.10374032490386531
LOX-IMVI,cellcycle_G1_vs_G2M,AZD1390,CP21R7,0.41773164734364543,0.5058426873545823
LOX-IMVI,cellcycle_G1_vs_G2M,Bimiralisib,Pimitespib,0.188209228399686,0.1776908124448688
LOX-IMVI,cellcycle_G1_vs_G2M,Brivudine,c-Kit-IN-1,0.5906929962738945,0.647254467840937
LOX-IMVI,cellcycle_G1_vs_G2M,Brivudine,Gemcitabine,0.46278656253792466,0.49385941142921935
LOX-IMVI,cellcycle_G1_vs_G2M,GSK1059615,Vemurafenib,0.4709918506530719,0.4868501697056045
LOX-IMVI,cellcycle_G1_vs_G2M,Methylprednisolone succinate,Tomivosertib,0.4740790551239244,0.39381087590965436
LOX-IMVI,cellcycle_G1_vs_G2M,AZD-7648,venetoclax,0.48946745864384367,0.5182501375371782
LOX-IMVI,cellcycle_G1_vs_G2M,DTP3,Sapanisertib,0.09658788876442692,-0.04078417907366594
LOX-IMVI,cellcycle_G1_vs_G2M,AZD-8055,palbociclib,0.42813250181511986,0.15644436291729366
LOX-IMVI,cellcycle_G1_vs_G2M,BI-3406,palbociclib,0.6422832499979252,0.48809855591605994
LOX-IMVI,cellcycle_G1_vs_G2M,Infigratinib,LY-2584702 (tosylate salt),-0.04063083825281529,-0.01870002117525892
LOX-IMVI,cellcycle_G1_vs_G2M,AT7519,TAK-733,0.2656039228624859,0.2267561413714231
LOX-IMVI,cellcycle_G1_vs_G2M,Capmatinib,Methylprednisolone succinate,0.5391193391217011,0.6010984594461232
LOX-IMVI,cellcycle_G1_vs_G2M,CP21R7,HI-TOPK-032,0.35274109505942236,0.560326323786495
LOX-IMVI,cellcycle_G1_vs_G2M,Hydroxyfasudil,Tomivosertib,0.5903529617964637,0.5767810970323481
LOX-IMVI,cellcycle_G1_vs_G2M,Elimusertib hydrochloride,Volasertib,0.07408165198634933,0.3692394606687946
LOX-IMVI,cellcycle_G1_vs_G2M,Dabrafenib,XRK3F2,0.6166758507861847,0.5498949751804258
LOX-IMVI,cellcycle_G1_vs_G2M,AZD-8055,vincristine,0.14447622178521063,0.09839909421456017
LOX-IMVI,cellcycle_G1_vs_G2M,AZD-7648,BAY1125976,0.09832539289948605,-0.024853585437222638
LOX-IMVI,cellcycle_G1_vs_G2M,ETC-206,Sapanisertib,0.11899196941610429,0.26657537729902236
LOX-IMVI,cellcycle_G1_vs_G2M,Binimetinib,SBI-0640756,0.3908770394244884,0.3380662241843406
LOX-IMVI,cellcycle_G1_vs_G2M,AT7519,Everolimus,0.6378365870897207,0.5155951804031591
LOX-IMVI,cellcycle_G1_vs_G2M,LY2090314,SBI-0640756,0.2444681179099888,0.26989640834768513
LOX-IMVI,cellcycle_G1_vs_G2M,MK-3903,PH-797804,0.2083218828871632,0.30680691535512017
LOX-IMVI,cellcycle_G1_vs_G2M,Pimitespib,XRK3F2,0.09434339556902631,0.11462293293562364
LOX-IMVI,cellcycle_G1_vs_G2M,Adagrasib,Celecoxib,0.6404774778036684,0.4977403878443128
LOX-IMVI,cellcycle_G1_vs_G2M,Brivudine,Lapatinib ditosylate,0.3708012538201891,0.39306932969173225
LOX-IMVI,cellcycle_G1_vs_G2M,Brivudine,IQ 1,0.41782862936437504,0.30366735648851856
LOX-IMVI,cellcycle_G1_vs_G2M,AZD-8055,Abemaciclib,0.08670510951950854,0.13860164392098404
LS 180,cellcycle_G1_vs_G2M,Afatinib,venetoclax,0.6702088618816335,0.7196210034226647
LS 180,cellcycle_G1_vs_G2M,4EGI-1,Erdafitinib ,0.48423508632059603,0.340855181858139
LS 180,cellcycle_G1_vs_G2M,Futibatinib,NG25,-0.030445168891496514,-0.10219749338117035
LS 180,cellcycle_G1_vs_G2M,Bimiralisib,Gemcitabine,0.5499662345665995,0.5637432451875259
LS 180,cellcycle_G1_vs_G2M,Hydroxyfasudil,TAK-733,0.47871427798177996,0.3251542186237849
LS 180,cellcycle_G1_vs_G2M,AT7519,Dabrafenib,0.542665297515124,0.6258946931841411
LS 180,cellcycle_G1_vs_G2M,Methylprednisolone succinate,palbociclib,0.33446567094521934,0.5446994727485908
LS 180,cellcycle_G1_vs_G2M,BAY1125976,Paclitaxel,0.20904120206403798,0.2895848811520299
LS 180,cellcycle_G1_vs_G2M,LB-100,LY-2584702 (tosylate salt),0.2655739893176863,0.3111458125928381
LS 180,cellcycle_G1_vs_G2M,APTO-253,vincristine,0.2394822398595739,0.2744928041739313
LS 180,cellcycle_G1_vs_G2M,Pimitespib,Temuterkib,0.34746632251494347,0.35582038829760315
LS 180,cellcycle_G1_vs_G2M,AZD-7648,TAK-733,0.6543208345539713,0.7339879617659519
LS 180,cellcycle_G1_vs_G2M,Bimiralisib,Capmatinib,0.7344641748466011,0.7620403724214042
LS 180,cellcycle_G1_vs_G2M,Tucatinib,Volasertib,0.7680901675854981,0.720577944456175
LS 180,cellcycle_G1_vs_G2M,ETC-206,LY-2584702 (tosylate salt),0.39674309283663967,0.3903964612604273
LS 180,cellcycle_G1_vs_G2M,Everolimus,Sapanisertib,0.5590810624061587,0.6269343270212304
LS 180,cellcycle_G1_vs_G2M,AZD2858,Sapanisertib,0.23592251657146807,0.3345912816578301
LS 180,cellcycle_G1_vs_G2M,9-ING-41,Adagrasib,-0.07996720236806175,0.10242549647777985
LS 180,cellcycle_G1_vs_G2M,Elimusertib hydrochloride,Volasertib,0.3217538759692495,0.3312131449371896
LS 180,cellcycle_G1_vs_G2M,AT7519,BAY1125976,0.2657257190586771,0.3560488346572883
LS 180,cellcycle_G1_vs_G2M,ERK5-IN-2,Regorafenib,0.5530910098153067,0.6072534560346216
LS 180,cellcycle_G1_vs_G2M,Minodronic acid,palbociclib,0.4251448225919543,0.41005984499777226
LS 180,cellcycle_G1_vs_G2M,Capivasertib,venetoclax,0.31360065890273187,0.32454787295828796
LS 180,cellcycle_G1_vs_G2M,Pralsetinib,venetoclax,0.4712664478714907,0.6417154938757469
LS 180,cellcycle_G1_vs_G2M,BI-78D3,Brivudine,0.39585712122719224,0.4439476346472941
LS 180,cellcycle_G1_vs_G2M,Dabrafenib,Temuterkib,0.785252253445569,0.7395606415219451
LS 180,cellcycle_G1_vs_G2M,APTO-253,Capivasertib,0.4429212686620382,0.352489821795589
LS 180,cellcycle_G1_vs_G2M,Adagrasib,TAK-901,0.43012700050031477,0.33152373839370114
LS 180,cellcycle_G1_vs_G2M,CP21R7,Lapatinib ditosylate,0.5958831775818375,0.5374925163026912
LS 180,cellcycle_G1_vs_G2M,AZD1390,Tomivosertib,0.24848276842188027,0.6231285596513509
LS 180,cellcycle_G1_vs_G2M,DTP3,IQ 1,0.3459198060605339,0.34825554462671876
LS 180,cellcycle_G1_vs_G2M,MK-8353,Torkinib,0.5579751973903012,0.5579995244296143
LS 180,cellcycle_G1_vs_G2M,Adagrasib,Capivasertib,0.3383932529914989,0.4320734155506716
LS 180,cellcycle_G1_vs_G2M,AZD-7648,Afatinib,0.5570143334982678,0.6452952861463034
LS 180,cellcycle_G1_vs_G2M,AZD-7648,Hydroxyfasudil,0.42427329547741877,0.40070384378485235
LS 180,cellcycle_G1_vs_G2M,Dabrafenib,PH-797804,-0.2560531653982577,0.03369025835330972
LS 180,cellcycle_G1_vs_G2M,Hydroxyfasudil,LY2090314,0.24034265722294168,0.5837603937348317
LS 180,cellcycle_G1_vs_G2M,RMC-6236,palbociclib,0.6609319645329262,0.6321110543544279
LS 180,cellcycle_G1_vs_G2M,Torkinib,palbociclib,0.5548719008456401,0.5622906402680303
LS 180,cellcycle_G1_vs_G2M,BI-78D3,ULK-101,0.7187129861820707,0.7699612201747326
LS 180,cellcycle_G1_vs_G2M,GSK1059615,Hydroxyfasudil,0.43734597582064483,0.4592810249722507
LS 180,cellcycle_G1_vs_G2M,Ixazomib,Torkinib,0.5417179115239379,0.6262140398859422
LS 180,cellcycle_G1_vs_G2M,NVP-BHG712,XRK3F2,0.6858934754313204,0.63066225293066
LS 180,cellcycle_G1_vs_G2M,Bentamapimod,Oleic acid,0.3042923406412898,0.24264858280566262
LS 180,cellcycle_G1_vs_G2M,Gemcitabine,ML264,0.5367964856199495,0.4267459440827329
LS 180,cellcycle_G1_vs_G2M,4EGI-1,Encorafenib,0.3657430604586738,0.3320915298926078
LS 180,cellcycle_G1_vs_G2M,Celecoxib,PH-797804,0.23464890923830686,0.4662759017790752
LS 180,cellcycle_G1_vs_G2M,CP21R7,OTS514,0.2623202152379229,0.21157227813108714
LS 180,cellcycle_G1_vs_G2M,Brivudine,Ixazomib,0.15217441067364285,0.5065082282558704
LS 180,cellcycle_G1_vs_G2M,AT7519,AZD-8055,0.3585709823644855,0.4174893484512826
LS 180,cellcycle_G1_vs_G2M,AZD2858,ETC-206,0.6745701610454465,0.6238021925204742
LS 180,cellcycle_G1_vs_G2M,AZD2858,LY-2584702 (tosylate salt),0.608904443039564,0.5615345007752903
LS 180,cellcycle_G1_vs_G2M,Celecoxib,Trametinib,0.3340077821823676,0.4971753614239169
LS 180,cellcycle_G1_vs_G2M,Everolimus,XRK3F2,0.5719351970092902,0.5232488779337481
LS 180,cellcycle_G1_vs_G2M,ERK5-IN-2,Paclitaxel,0.7929059989463807,0.818427798239163
LS 180,cellcycle_G1_vs_G2M,Pemigatinib,ULK-101,0.3435149840535399,0.545250784799426
LS 180,cellcycle_G1_vs_G2M,BI-3406,Temuterkib,0.5070469612745896,0.49241117616918023
LS 180,cellcycle_G1_vs_G2M,Adagrasib,Sonidegib,0.5937254547746847,0.5417926055047806
LS 180,cellcycle_G1_vs_G2M,AT7519,XRK3F2,0.40038741656923293,0.3542815559232868
LS 180,cellcycle_G1_vs_G2M,Everolimus,ULK-101,0.5472716842891847,0.6363210459360823
LS 180,cellcycle_G1_vs_G2M,Capivasertib,Methylprednisolone succinate,0.4592065730194974,0.4998649841087928
LS 180,cellcycle_G1_vs_G2M,Capmatinib,Methylprednisolone succinate,0.460155953993349,0.5773375776954748
LS 180,cellcycle_G1_vs_G2M,LJI308,ULK-101,0.580485845893604,0.570642067675261
LS 180,cellcycle_G1_vs_G2M,Hydroxyfasudil,Regorafenib,0.5354789328384122,0.42987853400506315
LS 180,cellcycle_G1_vs_G2M,Regorafenib,Tubulin inhibitor 6,0.5755146747615304,0.5560658742330711
LS 180,cellcycle_G1_vs_G2M,BI-3406,c-Kit-IN-1,0.3266307170179732,0.4333712264121167
LS 180,cellcycle_G1_vs_G2M,AZD-7648,AZD1390,0.3440812052855354,0.5148799019072772
LS 180,cellcycle_G1_vs_G2M,Abemaciclib,Tomivosertib,0.4389872692237202,0.6491452021917938
LS 180,cellcycle_G1_vs_G2M,Binimetinib,Pralsetinib,0.26450698892468555,0.4038664401744465
LS 180,cellcycle_G1_vs_G2M,4EGI-1,LB-100,0.5201297070266898,0.4320305735248914
LS 180,cellcycle_G1_vs_G2M,IQ 1,PF-06260933,-0.1678616245399379,0.003444737601599801
LS 180,cellcycle_G1_vs_G2M,Regorafenib,XRK3F2,0.7178041188110871,0.7107596852755018
LS 180,cellcycle_G1_vs_G2M,Binimetinib,Capmatinib,0.8691252871634239,0.8404316341686493
LS 180,cellcycle_G1_vs_G2M,Binimetinib,NG25,0.6348271591534927,0.6941397817329807
LS 180,cellcycle_G1_vs_G2M,EX229,Pemigatinib,0.14923007512463363,0.40098948589511235
LS 180,cellcycle_G1_vs_G2M,Binimetinib,Dabrafenib,0.07470036935349143,0.08742323182814912
LS 180,cellcycle_G1_vs_G2M,ERK5-IN-2,MK-3903,0.5450977557971082,0.590460413348114
LS 180,cellcycle_G1_vs_G2M,Anastrozole,Ralimetinib dimesylate,0.45520969075319506,0.5493665641994145
LS 180,cellcycle_G1_vs_G2M,ML264,PF-06260933,0.14033712804943246,0.28746700807261505
LS 180,cellcycle_G1_vs_G2M,CP21R7,Elimusertib hydrochloride,0.45294195601556947,0.5519429701456015
LS 180,cellcycle_G1_vs_G2M,CP21R7,XRK3F2,0.5907910353920913,0.5576667035411589
LS 180,cellcycle_G1_vs_G2M,IQ 1,Lapatinib ditosylate,0.5585800577543615,0.5024501850549752
LS 180,cellcycle_G1_vs_G2M,DTP3,GSK1059615,0.4505401614255877,0.517517841951193
LS 180,cellcycle_G1_vs_G2M,Temuterkib,Torkinib,0.30378377630091924,0.2975740053203028
LS 180,cellcycle_G1_vs_G2M,9-ING-41,Ipatasertib,0.6689589257969148,0.662439819440845
LS 180,cellcycle_G1_vs_G2M,AT7519,Infigratinib,0.5190352207855206,0.6726354319449475
LS 180,cellcycle_G1_vs_G2M,Trametinib,venetoclax,0.5853370516091109,0.6589382537692937
LS 180,cellcycle_G1_vs_G2M,BI-78D3,GSK1059615,0.5450031473637569,0.5720843959734581
LS 180,cellcycle_G1_vs_G2M,Adagrasib,Bimiralisib,-0.0009012451300908493,0.20995125198468317
LS 180,cellcycle_G1_vs_G2M,Brivudine,Paclitaxel,0.5295216535882993,0.575975563181604
LS 180,cellcycle_G1_vs_G2M,Brivudine,olaparib,0.28002237548441744,0.6166075456770833
LS 180,cellcycle_G1_vs_G2M,Adagrasib,LY2090314,-0.1902924034991761,0.31527196771890864
LS 180,cellcycle_G1_vs_G2M,Bimiralisib,MK-8353,0.4393181524766674,0.4993178529097157
LS 180,cellcycle_G1_vs_G2M,Encorafenib,Sonidegib,0.15566583065413275,0.29960941887406295
LS 180,cellcycle_G1_vs_G2M,EX229,PF-06260933,-0.08238483340479102,0.09828149236469229
LS 180,cellcycle_G1_vs_G2M,AZD-7648,Brivudine,0.4664743535206432,0.5962408538408428
LS 180,cellcycle_G1_vs_G2M,LY2090314,Minodronic acid,0.3998856198516845,0.5650785192269494
LS 180,cellcycle_G1_vs_G2M,BI-3406,RMC-6236,0.9586950295562583,0.9359773615386289
LS 180,cellcycle_G1_vs_G2M,Abemaciclib,Gemcitabine,0.5849217645350765,0.7468540175850056
LS 180,cellcycle_G1_vs_G2M,Erdafitinib ,ULK-101,0.44910530739038884,0.6950686948692522
LoVo,cellcycle_G1_vs_G2M,LJI308,Vemurafenib,0.31133370565655294,0.34975024478562283
LoVo,cellcycle_G1_vs_G2M,LJI308,Regorafenib,0.353170335603313,0.366696698703904
LoVo,cellcycle_G1_vs_G2M,Afatinib,Torkinib,0.34723484645604774,0.49849731205548725
LoVo,cellcycle_G1_vs_G2M,Ipatasertib,TAK-901,0.20197992899605904,0.2645004167654929
LoVo,cellcycle_G1_vs_G2M,Erdafitinib ,Futibatinib,0.5030817582529464,0.41634693291701497
LoVo,cellcycle_G1_vs_G2M,DTP3,Methylprednisolone succinate,0.23371989834860987,0.47316781450544587
LoVo,cellcycle_G1_vs_G2M,Binimetinib,MK-3903,0.44779440400687787,0.47596418585909483
LoVo,cellcycle_G1_vs_G2M,AZD1390,Elimusertib hydrochloride,0.32817318251045696,0.3812334240687869
LoVo,cellcycle_G1_vs_G2M,Lapatinib ditosylate,Sapanisertib,0.3540813719545707,0.2790857421980631
LoVo,cellcycle_G1_vs_G2M,ML264,Temuterkib,0.7942481339999437,0.7632003971726982
LoVo,cellcycle_G1_vs_G2M,Bimiralisib,MK-3903,0.7393304089315216,0.7658914053524343
LoVo,cellcycle_G1_vs_G2M,DT-061,palbociclib,0.8285140328851696,0.7259688684133767
LoVo,cellcycle_G1_vs_G2M,Pimitespib,Ralimetinib dimesylate,0.20887992367906977,0.24411123954863911
LoVo,cellcycle_G1_vs_G2M,Hydroxyfasudil,Oleic acid,0.6097065954174106,0.46441586979825095
LoVo,cellcycle_G1_vs_G2M,ULK-101,olaparib,0.43070417821914897,0.5109655644082234
LoVo,cellcycle_G1_vs_G2M,Brivudine,OTS514,-0.008025030873906075,0.06979515293239022
LoVo,cellcycle_G1_vs_G2M,Futibatinib,PH-797804,-0.0244769732698665,0.10281042498271267
LoVo,cellcycle_G1_vs_G2M,BI-78D3,Torkinib,0.14207901086637842,0.2994239734139894
LoVo,cellcycle_G1_vs_G2M,ERK5-IN-2,PF-06260933,0.18790833691222308,0.15571806019240012
LoVo,cellcycle_G1_vs_G2M,NVP-BHG712,Sonidegib,0.33250477930731387,0.29321810273705595
LoVo,cellcycle_G1_vs_G2M,Capmatinib,TAK-901,0.24106752118070204,0.1957254322256207
LoVo,cellcycle_G1_vs_G2M,Afatinib,SBI-0640756,0.2937845527485717,0.32612767592445846
LoVo,cellcycle_G1_vs_G2M,Sonidegib,Trametinib,0.2108706451736801,0.27640737186251724
LoVo,cellcycle_G1_vs_G2M,4EGI-1,Oleic acid,0.4240927522521905,0.3349475321521619
LoVo,cellcycle_G1_vs_G2M,9-ING-41,Vemurafenib,0.7152948141742351,0.7015426242430481
LoVo,cellcycle_G1_vs_G2M,AT7519,LY2090314,0.4326120130658093,0.4377290542957816
LoVo,cellcycle_G1_vs_G2M,Pralsetinib,Tucatinib,0.42595527819178136,0.2476811671446017
LoVo,cellcycle_G1_vs_G2M,Minodronic acid,Trametinib,0.36109364847945624,0.366002718198113
LoVo,cellcycle_G1_vs_G2M,LY2090314,Tomivosertib,-0.11240691118985623,0.0317634148768661
LoVo,cellcycle_G1_vs_G2M,Sapanisertib,venetoclax,-0.21806585237687245,0.0029123855224499444
LoVo,cellcycle_G1_vs_G2M,PF-06260933,Sonidegib,0.32393021066913913,0.29883712279810526
LoVo,cellcycle_G1_vs_G2M,AZD-8055,Futibatinib,0.22679876051590872,0.20643746663317317
LoVo,cellcycle_G1_vs_G2M,Minodronic acid,PF-06260933,0.2610224362559724,0.2786535829944229
LoVo,cellcycle_G1_vs_G2M,LY2090314,Temuterkib,0.7438138364325495,0.5709372047887119
LoVo,cellcycle_G1_vs_G2M,Capmatinib,c-Kit-IN-1,0.48683596332525336,0.3650993596083659
LoVo,cellcycle_G1_vs_G2M,BI-3406,Volasertib,0.28575367507586247,0.33139425806513495
LoVo,cellcycle_G1_vs_G2M,APTO-253,Elimusertib hydrochloride,0.00847025784087698,0.08399422400983722
LoVo,cellcycle_G1_vs_G2M,AT7519,AZD-7648,0.27480432435312846,0.23013015121694214
LoVo,cellcycle_G1_vs_G2M,AZD2858,Pimitespib,0.6185908475764897,0.5431057896434435
LoVo,cellcycle_G1_vs_G2M,AT7519,MK-3903,0.2399025086466921,0.2605282542737203
LoVo,cellcycle_G1_vs_G2M,Brivudine,Sapanisertib,0.09652523579137975,0.26091914533097693
LoVo,cellcycle_G1_vs_G2M,AZD1390,olaparib,0.42253016658291753,0.4627108041826426
LoVo,cellcycle_G1_vs_G2M,LJI308,Torkinib,0.48216199911570945,0.42146042334694167
LoVo,cellcycle_G1_vs_G2M,CP21R7,DTP3,0.29411731772391103,0.3623968827064242
LoVo,cellcycle_G1_vs_G2M,Torkinib,vincristine,0.34372256445603716,0.3991225407659088
LoVo,cellcycle_G1_vs_G2M,AZD2858,EX229,0.5649267632478079,0.38185691172466896
LoVo,cellcycle_G1_vs_G2M,Volasertib,vincristine,0.32455508787320875,0.3869506142930782
LoVo,cellcycle_G1_vs_G2M,4EGI-1,APTO-253,0.6882685461938878,0.6386393688057054
LoVo,cellcycle_G1_vs_G2M,Elimusertib hydrochloride,Sapanisertib,-0.050438512710314215,0.11006234457378329
LoVo,cellcycle_G1_vs_G2M,ERK5-IN-2,HI-TOPK-032,0.4504214887878428,0.4972496906968622
LoVo,cellcycle_G1_vs_G2M,ML264,Pimitespib,0.1372767084751017,0.18989706232726183
LoVo,cellcycle_G1_vs_G2M,GSK1059615,SBI-0640756,0.224094940776988,0.3151788042198067
LoVo,cellcycle_G1_vs_G2M,BI-3406,Bentamapimod,0.32096312258449616,0.28851741116234375
LoVo,cellcycle_G1_vs_G2M,Encorafenib,MK-8353,0.3225000150695016,0.441351186360623
LoVo,cellcycle_G1_vs_G2M,Lonafarnib,XRK3F2,0.07581393811552314,0.16681268641002772
LoVo,cellcycle_G1_vs_G2M,CP21R7,LJI308,0.553084053003206,0.4507637234472278
LoVo,cellcycle_G1_vs_G2M,CP21R7,Sonidegib,0.4820556122477375,0.29778150190101904
LoVo,cellcycle_G1_vs_G2M,Capivasertib,LB-100,0.4152700012405749,0.41197263016923374
LoVo,cellcycle_G1_vs_G2M,Binimetinib,NVP-BHG712,0.31258561438154797,0.3698515006333362
LoVo,cellcycle_G1_vs_G2M,Oxaliplatin,Pralsetinib,0.6104328464384227,0.4737844364392372
LoVo,cellcycle_G1_vs_G2M,Hydroxyfasudil,Sonidegib,0.6705202906384893,0.584804536633432
LoVo,cellcycle_G1_vs_G2M,Brivudine,ULK-101,0.5410278270796169,0.5517674263160609
LoVo,cellcycle_G1_vs_G2M,Futibatinib,XRK3F2,0.1980348856554557,0.18571542544811018
LoVo,cellcycle_G1_vs_G2M,Belzutifan,Oleic acid,0.5244917112220179,0.4502682631592165
LoVo,cellcycle_G1_vs_G2M,Adagrasib,SBI-0640756,0.551752273540054,0.46833824319747624
LoVo,cellcycle_G1_vs_G2M,IQ 1,Minodronic acid,0.4989191160142906,0.3595865999405882
LoVo,cellcycle_G1_vs_G2M,Everolimus,NVP-BHG712,0.6143626200931077,0.5943744802726498
LoVo,cellcycle_G1_vs_G2M,CP21R7,Ralimetinib dimesylate,0.6402245438477984,0.5383081912787245
LoVo,cellcycle_G1_vs_G2M,Belumosudil (mesylate),PF-06260933,0.18122627345097586,0.2635763936472564
LoVo,cellcycle_G1_vs_G2M,EX229,Hydroxyfasudil,0.3573078636521542,0.33286284865265103
LoVo,cellcycle_G1_vs_G2M,Bortezomib,XRK3F2,-0.07796420475128113,0.08826578534504473
LoVo,cellcycle_G1_vs_G2M,Dabrafenib,Lonafarnib,-0.019759562098637985,0.05152333427656995
LoVo,cellcycle_G1_vs_G2M,Bentamapimod,Everolimus,0.6950032844279196,0.6885900451692114
LoVo,cellcycle_G1_vs_G2M,Adagrasib,MK-3903,0.27122720258699096,0.2626960535021428
LoVo,cellcycle_G1_vs_G2M,Lonafarnib,Ralimetinib dimesylate,0.12206150604632482,0.08700781349588294
LoVo,cellcycle_G1_vs_G2M,AT7519,AZD2858,0.5191803295866146,0.4069579010428961
LoVo,cellcycle_G1_vs_G2M,Belzutifan,NVP-BHG712,0.42323613250065906,0.3508538027928077
LoVo,cellcycle_G1_vs_G2M,Adagrasib,NVP-BHG712,0.2386581954346258,0.2624494885809009
LoVo,cellcycle_G1_vs_G2M,Anastrozole,palbociclib,0.39654039984217543,0.48090099345157805
LoVo,cellcycle_G1_vs_G2M,Dabrafenib,Minodronic acid,0.30587859663976585,0.3492113547468036
LoVo,cellcycle_G1_vs_G2M,OTS514,Temuterkib,0.10296836236209997,0.07402719695041912
LoVo,cellcycle_G1_vs_G2M,IQ 1,XRK3F2,0.6213718658682138,0.5760601603983007
LoVo,cellcycle_G1_vs_G2M,Encorafenib,Ixazomib,0.38662704627460875,0.41209988928474095
LoVo,cellcycle_G1_vs_G2M,ETC-206,palbociclib,0.39207828506551257,0.4251555474890427
LoVo,cellcycle_G1_vs_G2M,Lapatinib ditosylate,MK-3903,0.26229198737384046,0.31980375575752706
LoVo,cellcycle_G1_vs_G2M,Belzutifan,palbociclib,0.3431606058326459,0.3599065043618329
LoVo,cellcycle_G1_vs_G2M,Bentamapimod,PF-06260933,0.014591568399786987,0.09380274764895218
LoVo,cellcycle_G1_vs_G2M,Celecoxib,ULK-101,0.5976615182825836,0.3991342958409358
LoVo,cellcycle_G1_vs_G2M,Alpelisib,OTS514,0.2682657078432692,0.2422310035301635
LoVo,cellcycle_G1_vs_G2M,LY-2584702 (tosylate salt),NG25,0.19457163604233932,0.10208824588457933
LoVo,cellcycle_G1_vs_G2M,9-ING-41,Tomivosertib,0.2159640632436386,0.4351628456788581
LoVo,cellcycle_G1_vs_G2M,Capivasertib,NVP-BHG712,0.37842518381150286,0.35004211687350506
LoVo,cellcycle_G1_vs_G2M,AZD1390,Brivudine,0.31758371185567746,0.3826447537992383
LoVo,cellcycle_G1_vs_G2M,LB-100,Volasertib,0.49620106453673685,0.49332698138117015
LoVo,cellcycle_G1_vs_G2M,ERK5-IN-2,olaparib,0.1674492427297611,0.1771289531151386
LoVo,cellcycle_G1_vs_G2M,BI-78D3,Hydroxyfasudil,0.4658116829910418,0.5294840715302731
LoVo,cellcycle_G1_vs_G2M,LY2090314,Torkinib,0.16576116674157612,0.06486701326426153
LoVo,cellcycle_G1_vs_G2M,Anastrozole,Paclitaxel,0.3299176896895884,0.44500755517659085
LoVo,cellcycle_G1_vs_G2M,Gemcitabine,LB-100,0.5268421611993164,0.5817412206656328
LoVo,cellcycle_G1_vs_G2M,Elimusertib hydrochloride,ML264,0.16777599405855148,0.20870363001352787
MIA PaCa-2,cellcycle_G1_vs_G2M,NG25,Pemigatinib,-0.21525767057695822,-0.1395385635019672
MIA PaCa-2,cellcycle_G1_vs_G2M,DT-061,Erdafitinib ,-0.052649118963463734,0.05202597850620281
MIA PaCa-2,cellcycle_G1_vs_G2M,BAY1125976,Sonidegib,0.011123127296096064,0.05522153992281774
MIA PaCa-2,cellcycle_G1_vs_G2M,DTP3,NVP-BHG712,0.4447607968490329,0.2921213806002403
MIA PaCa-2,cellcycle_G1_vs_G2M,AZD1390,Futibatinib,0.12456215161060497,0.12949669516943746
MIA PaCa-2,cellcycle_G1_vs_G2M,Brivudine,MK-3903,0.31762770912050037,0.14549425563592572
MIA PaCa-2,cellcycle_G1_vs_G2M,Anastrozole,Vemurafenib,-0.1072769928904221,0.013425057626779759
MIA PaCa-2,cellcycle_G1_vs_G2M,Bimiralisib,Erdafitinib ,0.02325751872844213,0.11163511326658393
MIA PaCa-2,cellcycle_G1_vs_G2M,Infigratinib,RMC-6236,-0.08460488470553108,-0.08144463428782925
MIA PaCa-2,cellcycle_G1_vs_G2M,AZD-8055,Methylprednisolone succinate,-0.0895856270405995,-0.017822381725901417
MIA PaCa-2,cellcycle_G1_vs_G2M,Belzutifan,CP21R7,0.4038629738701927,0.039584373135480286
MIA PaCa-2,cellcycle_G1_vs_G2M,BAY1125976,Ipatasertib,0.5077698333105148,0.5304283456610508
MIA PaCa-2,cellcycle_G1_vs_G2M,Abemaciclib,BI-78D3,0.38423410804666613,-0.02734045945791833
MIA PaCa-2,cellcycle_G1_vs_G2M,PF-06260933,venetoclax,0.30976164432750286,0.3494938974435459
MIA PaCa-2,cellcycle_G1_vs_G2M,Encorafenib,c-Kit-IN-1,0.020654512820528353,0.06809501061981484
MIA PaCa-2,cellcycle_G1_vs_G2M,Pemigatinib,venetoclax,-0.36883031237151365,-0.32382764414035736
MIA PaCa-2,cellcycle_G1_vs_G2M,Anastrozole,Irinotecan,0.5515374361622738,0.49422702738811214
MIA PaCa-2,cellcycle_G1_vs_G2M,DTP3,palbociclib,-0.03961947997653782,-0.06275233691345719
MIA PaCa-2,cellcycle_G1_vs_G2M,Ipatasertib,venetoclax,0.026179786375583602,0.0679338604168347
MIA PaCa-2,cellcycle_G1_vs_G2M,Bentamapimod,Regorafenib,0.505272737261502,0.24317864319411608
MIA PaCa-2,cellcycle_G1_vs_G2M,Encorafenib,Pemigatinib,0.22314426467809378,0.15246677491440289
MIA PaCa-2,cellcycle_G1_vs_G2M,Infigratinib,Vemurafenib,-0.15292578630898374,-0.10001231655841049
MIA PaCa-2,cellcycle_G1_vs_G2M,AZD1390,Dabrafenib,0.597770609643864,0.4097918625883456
MIA PaCa-2,cellcycle_G1_vs_G2M,HI-TOPK-032,Sapanisertib,-0.1995923143316292,-0.1300553794090694
MIA PaCa-2,cellcycle_G1_vs_G2M,Bentamapimod,Lapatinib ditosylate,0.27498566562919063,0.4999061000386847
MIA PaCa-2,cellcycle_G1_vs_G2M,Gemcitabine,Ralimetinib dimesylate,0.23663750547382256,0.25961783299781893
MIA PaCa-2,cellcycle_G1_vs_G2M,Methylprednisolone succinate,Ralimetinib dimesylate,0.20995055272714475,0.14833070037232285
MIA PaCa-2,cellcycle_G1_vs_G2M,Belzutifan,GSK1059615,0.10234756927806962,0.07609169280903029
MIA PaCa-2,cellcycle_G1_vs_G2M,9-ING-41,RMC-6236,0.7730058254996084,0.7115099245899722
MIA PaCa-2,cellcycle_G1_vs_G2M,Afatinib,vincristine,-0.4336952327290575,-0.3498018636668426
MIA PaCa-2,cellcycle_G1_vs_G2M,BI-3406,LY2090314,-0.002212848160625706,0.02584515086244564
MIA PaCa-2,cellcycle_G1_vs_G2M,OTS514,palbociclib,0.23169024860739268,0.18365387332256905
MIA PaCa-2,cellcycle_G1_vs_G2M,Everolimus,vincristine,0.19838584103686766,0.35774866056936083
MIA PaCa-2,cellcycle_G1_vs_G2M,Tomivosertib,palbociclib,-0.07640287800585024,0.08296759743580945
MIA PaCa-2,cellcycle_G1_vs_G2M,MK-8353,Paclitaxel,-0.19761380892491878,-0.09778858710767745
MIA PaCa-2,cellcycle_G1_vs_G2M,Capivasertib,DTP3,0.6219704143541371,0.48075116763418935
MIA PaCa-2,cellcycle_G1_vs_G2M,Bimiralisib,Trametinib,0.9455247248604722,0.7759596765700267
MIA PaCa-2,cellcycle_G1_vs_G2M,Methylprednisolone succinate,NVP-BHG712,0.2276798996849764,0.19595059929742328
MIA PaCa-2,cellcycle_G1_vs_G2M,LB-100,Ralimetinib dimesylate,0.39112646264775597,0.4729528091288646
MIA PaCa-2,cellcycle_G1_vs_G2M,DTP3,TAK-733,-0.3893505990603478,-0.34912453139876276
MIA PaCa-2,cellcycle_G1_vs_G2M,Oleic acid,Regorafenib,0.49332760491492034,0.19540161472676493
MIA PaCa-2,cellcycle_G1_vs_G2M,TAK-733,Tucatinib,0.037672785084090006,-0.06397219013265829
MIA PaCa-2,cellcycle_G1_vs_G2M,Adagrasib,Gemcitabine,0.2226817885729555,0.6053027337925335
MIA PaCa-2,cellcycle_G1_vs_G2M,Encorafenib,Lapatinib ditosylate,0.41727243502639766,0.19139872736106447
MIA PaCa-2,cellcycle_G1_vs_G2M,AZD-7648,ERK5-IN-2,0.03564260122624376,0.029836907197231484
MIA PaCa-2,cellcycle_G1_vs_G2M,AT7519,DTP3,0.3736813364403615,0.40305370411642216
MIA PaCa-2,cellcycle_G1_vs_G2M,Belzutifan,Gemcitabine,0.4431854087908732,0.13299319486010572
MIA PaCa-2,cellcycle_G1_vs_G2M,ERK5-IN-2,Erdafitinib ,0.48328269279889213,0.30479095617719976
MIA PaCa-2,cellcycle_G1_vs_G2M,4EGI-1,Lapatinib ditosylate,0.6334294074375668,0.482479425675562
MIA PaCa-2,cellcycle_G1_vs_G2M,NVP-BHG712,vincristine,0.30391482126475483,0.3143630959698589
MIA PaCa-2,cellcycle_G1_vs_G2M,Dabrafenib,Methylprednisolone succinate,-0.022657974175296716,-0.10649605639612789
MIA PaCa-2,cellcycle_G1_vs_G2M,HI-TOPK-032,XRK3F2,-0.2690537867501364,0.0313381306218833
MIA PaCa-2,cellcycle_G1_vs_G2M,AZD-8055,LJI308,0.438643889823659,0.26245980275174136
MIA PaCa-2,cellcycle_G1_vs_G2M,DTP3,Vemurafenib,-0.25606818632884154,-0.21014798806245533
MIA PaCa-2,cellcycle_G1_vs_G2M,DTP3,Ipatasertib,0.10807331621815992,0.12181246989429348
MIA PaCa-2,cellcycle_G1_vs_G2M,AZD-8055,Celecoxib,-0.05009147869296088,-0.1291071773941319
MIA PaCa-2,cellcycle_G1_vs_G2M,9-ING-41,DTP3,-0.18036352813190507,-0.0853091742852141
MIA PaCa-2,cellcycle_G1_vs_G2M,APTO-253,Temuterkib,0.6303446086172655,0.42862554530985536
MIA PaCa-2,cellcycle_G1_vs_G2M,Dabrafenib,PF-06260933,0.3300652832006624,0.2150954741324436
MIA PaCa-2,cellcycle_G1_vs_G2M,BAY1125976,Trametinib,-0.10376605320572115,-5.6761548196901726e-05
MIA PaCa-2,cellcycle_G1_vs_G2M,Paclitaxel,c-Kit-IN-1,0.24069496582051117,0.3417223124745336
MIA PaCa-2,cellcycle_G1_vs_G2M,BI-78D3,LJI308,0.1544740892076058,0.10853873413550914
MIA PaCa-2,cellcycle_G1_vs_G2M,Capivasertib,Celecoxib,0.7433871927740405,0.6170951270512578
MIA PaCa-2,cellcycle_G1_vs_G2M,Encorafenib,XRK3F2,0.492501885362739,0.470528619674792
MIA PaCa-2,cellcycle_G1_vs_G2M,LJI308,ML264,-0.0021571857018311894,0.030822796777936326
MIA PaCa-2,cellcycle_G1_vs_G2M,Gemcitabine,LB-100,0.5401569036150045,0.4080552824607676
MIA PaCa-2,cellcycle_G1_vs_G2M,Dabrafenib,LY2090314,0.5662450309913128,0.3177111130326853
MIA PaCa-2,cellcycle_G1_vs_G2M,Dabrafenib,MK-3903,0.2458441438506163,0.3645837447368516
MIA PaCa-2,cellcycle_G1_vs_G2M,DTP3,Irinotecan,0.300227957517221,0.1740531196702507
MIA PaCa-2,cellcycle_G1_vs_G2M,Afatinib,ML264,0.3778246811454058,0.28412497361545985
MIA PaCa-2,cellcycle_G1_vs_G2M,DTP3,Lapatinib ditosylate,0.6031448412474365,0.5690362501680126
MIA PaCa-2,cellcycle_G1_vs_G2M,BI-78D3,Everolimus,0.6529552786065081,0.4699989120455192
MIA PaCa-2,cellcycle_G1_vs_G2M,AZD-8055,Adagrasib,0.5325430001325756,0.549513957394082
MIA PaCa-2,cellcycle_G1_vs_G2M,APTO-253,XRK3F2,-0.2738282437281086,-0.3196197298872874
MIA PaCa-2,cellcycle_G1_vs_G2M,BI-3406,CP21R7,0.2082654612786763,0.1428232567507654
MIA PaCa-2,cellcycle_G1_vs_G2M,Capivasertib,Sonidegib,0.5459843809041109,0.3729290801758912
MIA PaCa-2,cellcycle_G1_vs_G2M,BI-3406,Futibatinib,0.04580993440823797,0.050129106302658266
MIA PaCa-2,cellcycle_G1_vs_G2M,Ipatasertib,NVP-BHG712,0.6850473012373066,0.6488629823206608
MIA PaCa-2,cellcycle_G1_vs_G2M,MK-8353,Sonidegib,0.40561215911000337,0.16104756483722896
MIA PaCa-2,cellcycle_G1_vs_G2M,Oxaliplatin,RMC-6236,-0.3114414440784793,-0.3339572985895377
MIA PaCa-2,cellcycle_G1_vs_G2M,DTP3,Trametinib,-0.39829075265267533,-0.37392722042672566
MIA PaCa-2,cellcycle_G1_vs_G2M,Tucatinib,olaparib,0.14990866551138352,-0.027326485080167235
MIA PaCa-2,cellcycle_G1_vs_G2M,AZD-7648,BI-3406,0.8186643182433756,0.6809704472812862
MIA PaCa-2,cellcycle_G1_vs_G2M,Encorafenib,LB-100,0.2729646963599079,0.1762957354558687
MIA PaCa-2,cellcycle_G1_vs_G2M,Lapatinib ditosylate,Sapanisertib,0.4910932836111327,0.3017372706726385
MIA PaCa-2,cellcycle_G1_vs_G2M,DT-061,Tucatinib,-0.15730803666703266,-0.1297586983475261
MIA PaCa-2,cellcycle_G1_vs_G2M,BAY1125976,vincristine,0.3184987316906623,0.13435612474693143
MIA PaCa-2,cellcycle_G1_vs_G2M,Dabrafenib,EX229,0.011987912526871466,0.06347685796296788
MIA PaCa-2,cellcycle_G1_vs_G2M,GSK1059615,SBI-0640756,0.2091299485862596,0.11663773774837743
MIA PaCa-2,cellcycle_G1_vs_G2M,BI-3406,Pimitespib,-0.2056246658910402,-0.16391643205502418
MIA PaCa-2,cellcycle_G1_vs_G2M,Erdafitinib ,RMC-6236,0.0026622498493183225,-0.019670883540682367
MIA PaCa-2,cellcycle_G1_vs_G2M,Bimiralisib,NVP-BHG712,-0.1340119767341612,-0.010550296291059098
MIA PaCa-2,cellcycle_G1_vs_G2M,Belzutifan,Ipatasertib,0.021304176799115126,0.04043488542938617
MIA PaCa-2,cellcycle_G1_vs_G2M,Methylprednisolone succinate,PF-06260933,0.2934126669246259,0.06625091764571497
MIA PaCa-2,cellcycle_G1_vs_G2M,Everolimus,PH-797804,0.08458319641349053,0.21416412066750912
MIA PaCa-2,cellcycle_G1_vs_G2M,AZD-7648,Trametinib,0.6888686636877972,0.47975458410201177
MIA PaCa-2,cellcycle_G1_vs_G2M,Oxaliplatin,Trametinib,-0.31663880298078534,-0.33752264483456473
MIA PaCa-2,cellcycle_G1_vs_G2M,Dabrafenib,RMC-6236,-0.056459577917568005,-0.11263020318839356
MIA PaCa-2,cellcycle_G1_vs_G2M,Irinotecan,olaparib,0.5197626297799458,0.5968987935959671
MIA PaCa-2,cellcycle_G1_vs_G2M,AT7519,Anastrozole,0.7157112928879434,0.5500793200428545
NCI-H1573,cellcycle_G1_vs_G2M,4EGI-1,TAK-901,0.20227549704434303,0.28648877192405153
NCI-H1573,cellcycle_G1_vs_G2M,MK-8353,Minodronic acid,0.37640423863080813,0.2835401820780066
NCI-H1573,cellcycle_G1_vs_G2M,ERK5-IN-2,MK-8353,0.2846547541263227,0.3547277250258918
NCI-H1573,cellcycle_G1_vs_G2M,HI-TOPK-032,Tubulin inhibitor 6,0.2759793416770395,0.260317128866402
NCI-H1573,cellcycle_G1_vs_G2M,BI-78D3,Ixazomib,0.1841102959934629,0.1356771541775706
NCI-H1573,cellcycle_G1_vs_G2M,Pemigatinib,TAK-733,-0.018177275672638674,0.19223396105065463
NCI-H1573,cellcycle_G1_vs_G2M,Oleic acid,ULK-101,0.15507423242236595,0.275291391845329
NCI-H1573,cellcycle_G1_vs_G2M,Alpelisib,Binimetinib,0.8282325304139757,0.7324509569657061
NCI-H1573,cellcycle_G1_vs_G2M,AZD-8055,HI-TOPK-032,0.08971619076148925,0.17064796043435576
NCI-H1573,cellcycle_G1_vs_G2M,APTO-253,Capivasertib,0.41919227382080054,0.3556879498478473
NCI-H1573,cellcycle_G1_vs_G2M,APTO-253,LY2090314,0.4791604218206602,0.3904538231870976
NCI-H1573,cellcycle_G1_vs_G2M,Anastrozole,vincristine,0.36684975287038457,0.5023220991254046
NCI-H1573,cellcycle_G1_vs_G2M,Temuterkib,c-Kit-IN-1,0.2718336152232009,0.460847003442752
NCI-H1573,cellcycle_G1_vs_G2M,Ipatasertib,SBI-0640756,0.18146359573369952,0.1894103889614682
NCI-H1573,cellcycle_G1_vs_G2M,Minodronic acid,Temuterkib,0.5218828992942024,0.42531999500459616
NCI-H1573,cellcycle_G1_vs_G2M,AT7519,Everolimus,0.5451881606523433,0.5613491724282732
NCI-H1573,cellcycle_G1_vs_G2M,Pemigatinib,Temuterkib,0.4567225269651415,0.3796051559245285
NCI-H1573,cellcycle_G1_vs_G2M,AZD-8055,Belumosudil (mesylate),0.3080882532886505,0.30258227491706197
NCI-H1573,cellcycle_G1_vs_G2M,ULK-101,vincristine,0.12454056063841197,0.3148430008855506
NCI-H1573,cellcycle_G1_vs_G2M,Capivasertib,ML264,0.2273460839597857,0.2574374850707445
NCI-H1573,cellcycle_G1_vs_G2M,Afatinib,LJI308,0.048999790184971935,0.1940791413178079
NCI-H1573,cellcycle_G1_vs_G2M,CP21R7,Tubulin inhibitor 6,0.6106389255570049,0.35351570847428837
NCI-H1573,cellcycle_G1_vs_G2M,Ixazomib,ULK-101,0.04705172256102669,0.06941866642794325
NCI-H1573,cellcycle_G1_vs_G2M,Paclitaxel,Sapanisertib,0.5498743273046854,0.538522946714717
NCI-H1573,cellcycle_G1_vs_G2M,Bentamapimod,GSK1059615,0.05621506101578805,0.16032836800042866
NCI-H1573,cellcycle_G1_vs_G2M,BI-3406,Tomivosertib,0.029348349622712846,0.15767317852449186
NCI-H1573,cellcycle_G1_vs_G2M,4EGI-1,Regorafenib,-0.05452789903623158,0.27088981535105305
NCI-H1573,cellcycle_G1_vs_G2M,Bentamapimod,ULK-101,0.450326130122704,0.3685616355358053
NCI-H1573,cellcycle_G1_vs_G2M,APTO-253,Vemurafenib,0.46678044552458553,0.39906101695833196
NCI-H1573,cellcycle_G1_vs_G2M,Minodronic acid,olaparib,0.5302981311910785,0.4199968069597464
NCI-H1573,cellcycle_G1_vs_G2M,SBI-0640756,Sonidegib,0.4447928029924735,0.3447110423411562
NCI-H1573,cellcycle_G1_vs_G2M,OTS514,Regorafenib,0.020800578658619853,0.10396684641718418
NCI-H1573,cellcycle_G1_vs_G2M,Belumosudil (mesylate),Brivudine,0.34356044961872867,0.37228022541388356
NCI-H1573,cellcycle_G1_vs_G2M,Elimusertib hydrochloride,Gemcitabine,0.4450003084417075,0.6370528849469469
NCI-H1573,cellcycle_G1_vs_G2M,Anastrozole,Belumosudil (mesylate),0.4578632604145394,0.4542257723941977
NCI-H1573,cellcycle_G1_vs_G2M,AT7519,LJI308,0.39882017713812384,0.3466224638209422
NCI-H1573,cellcycle_G1_vs_G2M,9-ING-41,Abemaciclib,0.0580776642947885,0.27116894033141326
NCI-H1573,cellcycle_G1_vs_G2M,RMC-6236,Ralimetinib dimesylate,0.33029054915129336,0.3156105299274853
NCI-H1573,cellcycle_G1_vs_G2M,OTS514,Sonidegib,0.31443115984693815,0.26590152369670145
NCI-H1573,cellcycle_G1_vs_G2M,AT7519,OTS514,0.12897973657878475,0.0876213022746428
NCI-H1573,cellcycle_G1_vs_G2M,Capmatinib,TAK-733,0.528774062493338,0.5372139924831656
NCI-H1573,cellcycle_G1_vs_G2M,TAK-901,Tucatinib,0.07717741167532557,0.12905096468876623
NCI-H1573,cellcycle_G1_vs_G2M,Belumosudil (mesylate),Everolimus,0.3682550697318406,0.4384488307951902
NCI-H1573,cellcycle_G1_vs_G2M,Bimiralisib,Trametinib,0.9345513549831023,0.8920661428600866
NCI-H1573,cellcycle_G1_vs_G2M,Afatinib,MK-3903,0.49618502007860776,0.542470726926984
NCI-H1573,cellcycle_G1_vs_G2M,NG25,Oxaliplatin,0.2172761712604005,0.125161656331382
NCI-H1573,cellcycle_G1_vs_G2M,CP21R7,GSK1059615,0.2477356777777564,0.33498453994111893
NCI-H1573,cellcycle_G1_vs_G2M,RMC-6236,TAK-901,0.12297138350410555,0.14859496559140128
NCI-H1573,cellcycle_G1_vs_G2M,Brivudine,Tomivosertib,0.2501072431158988,0.34842749963846553
NCI-H1573,cellcycle_G1_vs_G2M,Methylprednisolone succinate,Torkinib,0.5330822761143802,0.4945804570444965
NCI-H1573,cellcycle_G1_vs_G2M,Sonidegib,ULK-101,0.3442859041443708,0.41226840993037767
NCI-H1573,cellcycle_G1_vs_G2M,ETC-206,Oxaliplatin,0.6123847538116567,0.5118823833098171
NCI-H1573,cellcycle_G1_vs_G2M,OTS514,Oleic acid,0.5996697939240875,0.3844411154530018
NCI-H1573,cellcycle_G1_vs_G2M,9-ING-41,ERK5-IN-2,0.6114022885926231,0.6706207942645083
NCI-H1573,cellcycle_G1_vs_G2M,Celecoxib,NG25,0.08026854932102219,0.10844454289227531
NCI-H1573,cellcycle_G1_vs_G2M,Erdafitinib ,Oleic acid,0.3358486761087696,0.29879693518320105
NCI-H1573,cellcycle_G1_vs_G2M,Elimusertib hydrochloride,Methylprednisolone succinate,0.26995361753764424,0.28631176956292315
NCI-H1573,cellcycle_G1_vs_G2M,AT7519,LB-100,0.5913146532771575,0.38762199963046196
NCI-H1573,cellcycle_G1_vs_G2M,Ixazomib,Vemurafenib,0.5912240742613355,0.553638006058385
NCI-H1573,cellcycle_G1_vs_G2M,Infigratinib,LY2090314,0.6169404943885803,0.6308583906718188
NCI-H1573,cellcycle_G1_vs_G2M,Minodronic acid,Trametinib,0.04636496579461476,0.1663092044941807
NCI-H1573,cellcycle_G1_vs_G2M,Erdafitinib ,Paclitaxel,0.48254389739147296,0.4893161779971523
NCI-H1573,cellcycle_G1_vs_G2M,AT7519,Vemurafenib,-0.0381108765753541,0.14400453494954213
NCI-H1573,cellcycle_G1_vs_G2M,AT7519,olaparib,0.08087635442195133,0.2720745818837187
NCI-H1573,cellcycle_G1_vs_G2M,Everolimus,venetoclax,0.029452334526608875,0.29553787072879784
NCI-H1573,cellcycle_G1_vs_G2M,MK-3903,SBI-0640756,0.007516480056639619,0.13075062387517594
NCI-H1573,cellcycle_G1_vs_G2M,Afatinib,HI-TOPK-032,0.36033874266275867,0.4219993188304485
NCI-H1573,cellcycle_G1_vs_G2M,Binimetinib,c-Kit-IN-1,0.22483755828943466,0.4265168761514639
NCI-H1573,cellcycle_G1_vs_G2M,DT-061,NVP-BHG712,0.34551870441931104,0.46898294743348823
NCI-H1573,cellcycle_G1_vs_G2M,9-ING-41,Trametinib,0.2617620252749823,0.36748795292492403
NCI-H1573,cellcycle_G1_vs_G2M,Irinotecan,XRK3F2,0.3396717180278005,0.36738917274129823
NCI-H1573,cellcycle_G1_vs_G2M,Gemcitabine,Tubulin inhibitor 6,0.5511625974293812,0.43514185255212307
NCI-H1573,cellcycle_G1_vs_G2M,AZD-8055,GSK1059615,0.42763239094110417,0.49178085256576654
NCI-H1573,cellcycle_G1_vs_G2M,Bimiralisib,SBI-0640756,-0.07462656281481134,0.0250381301717719
NCI-H1573,cellcycle_G1_vs_G2M,AT7519,Gemcitabine,0.32265972957730604,0.30055805059873586
NCI-H1573,cellcycle_G1_vs_G2M,Everolimus,SBI-0640756,0.35253143710937535,0.4712004299645237
NCI-H1573,cellcycle_G1_vs_G2M,LY2090314,MK-8353,0.5567158923486561,0.41805956510330167
NCI-H1573,cellcycle_G1_vs_G2M,AT7519,CP21R7,0.18402293401770792,0.24558023338331972
NCI-H1573,cellcycle_G1_vs_G2M,Alpelisib,GSK1059615,0.44301549803445767,0.4631700504807278
NCI-H1573,cellcycle_G1_vs_G2M,Vemurafenib,palbociclib,0.6598023045206289,0.5449454632763798
NCI-H1573,cellcycle_G1_vs_G2M,Ipatasertib,Vemurafenib,0.5593000106621375,0.5987721294302962
NCI-H1573,cellcycle_G1_vs_G2M,Ipatasertib,MK-8353,-0.02461606007812698,0.21327193851736556
NCI-H1573,cellcycle_G1_vs_G2M,DT-061,NG25,0.4907357569005105,0.4710313091057271
NCI-H1573,cellcycle_G1_vs_G2M,Sapanisertib,XRK3F2,0.42881640174035324,0.489686529458073
NCI-H1573,cellcycle_G1_vs_G2M,DT-061,Lapatinib ditosylate,0.37233947809712026,0.4314931735673526
NCI-H1573,cellcycle_G1_vs_G2M,Lapatinib ditosylate,venetoclax,-0.18102146601148444,0.05391250359101055
NCI-H1573,cellcycle_G1_vs_G2M,9-ING-41,NG25,0.04592252954485968,0.10745253868362915
NCI-H1573,cellcycle_G1_vs_G2M,APTO-253,OTS514,0.234856473410278,0.13707881762274654
NCI-H1573,cellcycle_G1_vs_G2M,4EGI-1,vincristine,0.24575909634040954,0.27424045962457233
NCI-H1573,cellcycle_G1_vs_G2M,GSK1059615,Tucatinib,0.32355898445908526,0.29845412887666045
NCI-H1573,cellcycle_G1_vs_G2M,Pemigatinib,Sapanisertib,0.44225344854119586,0.33226726942482976
NCI-H1573,cellcycle_G1_vs_G2M,AZD-7648,vincristine,0.1345427115106903,0.14545488175279406
NCI-H1573,cellcycle_G1_vs_G2M,LJI308,XRK3F2,0.15233656166223764,0.21553007234350866
NCI-H1573,cellcycle_G1_vs_G2M,Brivudine,SBI-0640756,0.37921787056721096,0.3605786759522671
NCI-H1573,cellcycle_G1_vs_G2M,Oleic acid,Regorafenib,0.24718182211563877,0.39083760583626614
NCI-H1573,cellcycle_G1_vs_G2M,AZD1390,olaparib,0.2838625213930164,0.3806939140439196
NCI-H1573,cellcycle_G1_vs_G2M,Everolimus,LB-100,0.5488324810902424,0.4459203983681359
NCI-H1573,cellcycle_G1_vs_G2M,4EGI-1,MK-3903,0.43524876960285647,0.4173191221871806
NCI-H1573,cellcycle_G1_vs_G2M,Anastrozole,Vemurafenib,0.16063391278443578,0.3394869665724861
NCI-H1573,cellcycle_G1_vs_G2M,Anastrozole,Regorafenib,0.21534115405156753,0.3789589840985186
NCI-H1792,cellcycle_G1_vs_G2M,Lapatinib ditosylate,MK-3903,0.28928762634345606,0.33222352137488637
NCI-H1792,cellcycle_G1_vs_G2M,LY2090314,Paclitaxel,0.33111006100377366,0.2417166459291027
NCI-H1792,cellcycle_G1_vs_G2M,BAY1125976,TAK-901,-0.13930416162707188,0.1414455519601608
NCI-H1792,cellcycle_G1_vs_G2M,Encorafenib,Everolimus,0.5062050167759029,0.4935719595885243
NCI-H1792,cellcycle_G1_vs_G2M,Dabrafenib,TAK-901,-0.1735787147184361,0.11404406698772837
NCI-H1792,cellcycle_G1_vs_G2M,9-ING-41,Everolimus,0.5137891184274271,0.6111465479507403
NCI-H1792,cellcycle_G1_vs_G2M,Everolimus,Tucatinib,0.5661219084416355,0.4431728273308408
NCI-H1792,cellcycle_G1_vs_G2M,BAY1125976,Oxaliplatin,0.12725437926311037,0.23556309630170966
NCI-H1792,cellcycle_G1_vs_G2M,Brivudine,venetoclax,0.5390628181807838,0.6177768767975494
NCI-H1792,cellcycle_G1_vs_G2M,BAY1125976,olaparib,-0.32334852066730657,-0.10009414310717776
NCI-H1792,cellcycle_G1_vs_G2M,Brivudine,Lapatinib ditosylate,0.11596562280968747,0.2948078210420023
NCI-H1792,cellcycle_G1_vs_G2M,Dabrafenib,olaparib,-0.2911470087995442,-0.07240783922752075
NCI-H1792,cellcycle_G1_vs_G2M,AZD1390,olaparib,0.40313214136095754,0.512329240660956
NCI-H1792,cellcycle_G1_vs_G2M,Paclitaxel,Temuterkib,0.4925517142724779,0.5183039038896905
NCI-H1792,cellcycle_G1_vs_G2M,Pemigatinib,Ralimetinib dimesylate,0.5302347727703972,0.3574009012086178
NCI-H1792,cellcycle_G1_vs_G2M,HI-TOPK-032,Irinotecan,0.5133009810470186,0.4834154070617214
NCI-H1792,cellcycle_G1_vs_G2M,BAY1125976,Celecoxib,0.21546732481626013,0.2770453064016783
NCI-H1792,cellcycle_G1_vs_G2M,Sapanisertib,TAK-901,-0.07330515653361583,0.21606627583420082
NCI-H1792,cellcycle_G1_vs_G2M,Brivudine,ML264,0.18971915712536444,0.34912147956051753
NCI-H1792,cellcycle_G1_vs_G2M,Everolimus,ML264,0.4896950645010637,0.488767654793057
NCI-H1792,cellcycle_G1_vs_G2M,Oxaliplatin,Tomivosertib,0.2239187762256391,0.4336431250703925
NCI-H1792,cellcycle_G1_vs_G2M,ERK5-IN-2,NG25,-0.17683882955706,0.16879160591014913
NCI-H1792,cellcycle_G1_vs_G2M,AZD-8055,Tucatinib,0.2776823012264608,0.22204448159447915
NCI-H1792,cellcycle_G1_vs_G2M,ERK5-IN-2,MK-8353,0.47757165674190105,0.3148663586710985
NCI-H1792,cellcycle_G1_vs_G2M,EX229,Regorafenib,0.36249919402227126,0.49371409952388706
NCI-H1792,cellcycle_G1_vs_G2M,Ipatasertib,TAK-901,0.06572219750172001,0.24477395179008707
NCI-H1792,cellcycle_G1_vs_G2M,Erdafitinib ,Tucatinib,0.6346207333995851,0.4972410824542407
NCI-H1792,cellcycle_G1_vs_G2M,Encorafenib,LY2090314,0.4589505923454309,0.4273998759760078
NCI-H1792,cellcycle_G1_vs_G2M,NG25,Temuterkib,-0.06689388838727658,0.23467013085676455
NCI-H1792,cellcycle_G1_vs_G2M,Bentamapimod,Ipatasertib,0.8863598039453244,0.6741805825298708
NCI-H1792,cellcycle_G1_vs_G2M,LB-100,Vemurafenib,0.5300445113016024,0.4175489026581525
NCI-H1792,cellcycle_G1_vs_G2M,Everolimus,GSK1059615,0.3765910983124938,0.46599271306616025
NCI-H1792,cellcycle_G1_vs_G2M,ERK5-IN-2,NVP-BHG712,0.5021760514585338,0.44196161972530634
NCI-H1792,cellcycle_G1_vs_G2M,GSK1059615,Gemcitabine,0.3554527629071386,0.4228341865571248
NCI-H1792,cellcycle_G1_vs_G2M,HI-TOPK-032,Tomivosertib,0.3954597870821732,0.5196874068280217
NCI-H1792,cellcycle_G1_vs_G2M,BAY1125976,XRK3F2,-0.02888994091834477,0.09076885130247228
NCI-H1792,cellcycle_G1_vs_G2M,Everolimus,NVP-BHG712,0.5757290416801433,0.6240561043721256
NCI-H1792,cellcycle_G1_vs_G2M,NVP-BHG712,Oxaliplatin,0.4648270236294504,0.47408761187142745
NCI-H1792,cellcycle_G1_vs_G2M,Lapatinib ditosylate,Temuterkib,0.6373869698492094,0.5650447222849134
NCI-H1792,cellcycle_G1_vs_G2M,MK-3903,Temuterkib,0.3015964311454712,0.424546498433742
NCI-H1792,cellcycle_G1_vs_G2M,MK-8353,Sapanisertib,0.3954880062747178,0.27022379568022825
NCI-H1792,cellcycle_G1_vs_G2M,Ipatasertib,Tomivosertib,0.3562790522825081,0.5198055144869621
NCI-H1792,cellcycle_G1_vs_G2M,9-ING-41,Ralimetinib dimesylate,0.4630353279659079,0.4904915639058052
NCI-H1792,cellcycle_G1_vs_G2M,Bentamapimod,NVP-BHG712,0.7973113190833063,0.6152066601491282
NCI-H1792,cellcycle_G1_vs_G2M,EX229,olaparib,0.3113434693671391,0.4118737160250559
NCI-H1792,cellcycle_G1_vs_G2M,XRK3F2,olaparib,0.5271206318611764,0.3293404503819522
NCI-H1792,cellcycle_G1_vs_G2M,Ipatasertib,LY2090314,0.35917730133770925,0.41934127753281647
NCI-H1792,cellcycle_G1_vs_G2M,APTO-253,HI-TOPK-032,0.116420357184014,0.376290345729722
NCI-H1792,cellcycle_G1_vs_G2M,ETC-206,palbociclib,0.34690033532460474,0.34565214999737637
NCI-H1792,cellcycle_G1_vs_G2M,AZD1390,ETC-206,0.47151457576768574,0.39001223075589075
NCI-H1792,cellcycle_G1_vs_G2M,ETC-206,NVP-BHG712,0.5516949351241487,0.44784174096890395
NCI-H1792,cellcycle_G1_vs_G2M,AZD1390,ERK5-IN-2,0.16680006866494382,0.3248568047025986
NCI-H1792,cellcycle_G1_vs_G2M,Gemcitabine,Regorafenib,0.6330449737687575,0.6380706529041862
NCI-H1792,cellcycle_G1_vs_G2M,Abemaciclib,LY2090314,-0.12942945317722598,0.15491927362305527
NCI-H1792,cellcycle_G1_vs_G2M,ERK5-IN-2,Sapanisertib,0.7354362397449863,0.6802151174399043
NCI-H1792,cellcycle_G1_vs_G2M,MK-3903,Ralimetinib dimesylate,0.40023307028999566,0.3078390657158908
NCI-H1792,cellcycle_G1_vs_G2M,9-ING-41,TAK-901,0.03803318560487305,0.438255744024396
NCI-H1792,cellcycle_G1_vs_G2M,Erdafitinib ,Ipatasertib,0.10655089772841415,0.23202507949465362
NCI-H1792,cellcycle_G1_vs_G2M,Gemcitabine,ML264,0.23095959316383563,0.27915629887373467
NCI-H1792,cellcycle_G1_vs_G2M,Tomivosertib,palbociclib,0.10901939422890798,0.20312656183261285
NCI-H1792,cellcycle_G1_vs_G2M,BAY1125976,Regorafenib,-0.22029199551632678,0.03590138649685864
NCI-H1792,cellcycle_G1_vs_G2M,9-ING-41,Regorafenib,0.4833511180283526,0.6367902812092243
NCI-H1792,cellcycle_G1_vs_G2M,9-ING-41,Brivudine,0.19327362963918251,0.5376166586858879
NCI-H1792,cellcycle_G1_vs_G2M,Paclitaxel,Ralimetinib dimesylate,0.42857502338956527,0.3789483269923509
NCI-H1792,cellcycle_G1_vs_G2M,MK-8353,NVP-BHG712,0.47699420472548115,0.417758190201541
NCI-H1792,cellcycle_G1_vs_G2M,EX229,Lapatinib ditosylate,0.011854836055035983,0.34376942539775707
NCI-H1792,cellcycle_G1_vs_G2M,APTO-253,PH-797804,0.008570985599692677,0.31852043814770076
NCI-H1792,cellcycle_G1_vs_G2M,Abemaciclib,Irinotecan,0.3019594699177117,0.3911842941464039
NCI-H1792,cellcycle_G1_vs_G2M,Bentamapimod,Regorafenib,0.6648358009502711,0.4879499311164119
NCI-H1792,cellcycle_G1_vs_G2M,Dabrafenib,HI-TOPK-032,-0.15588379068302732,0.13162372259594737
NCI-H1792,cellcycle_G1_vs_G2M,MK-3903,Sapanisertib,0.4902928705901993,0.40450435613160746
NCI-H1792,cellcycle_G1_vs_G2M,Dabrafenib,GSK1059615,0.02259728478069955,0.09560156036869824
NCI-H1792,cellcycle_G1_vs_G2M,GSK1059615,ML264,0.3476777162257311,0.4004194573511726
NCI-H1792,cellcycle_G1_vs_G2M,HI-TOPK-032,Vemurafenib,0.2407681838869165,0.3297744569974371
NCI-H1792,cellcycle_G1_vs_G2M,Bentamapimod,ETC-206,0.41097468484414446,0.3339748542910422
NCI-H1792,cellcycle_G1_vs_G2M,ML264,Sapanisertib,0.7294393569904485,0.6413067665347287
NCI-H1792,cellcycle_G1_vs_G2M,AZD1390,Ipatasertib,0.3218479696797918,0.388058706622899
NCI-H1792,cellcycle_G1_vs_G2M,Sapanisertib,Vemurafenib,0.5044656182493851,0.485869125181295
NCI-H1792,cellcycle_G1_vs_G2M,ETC-206,Tucatinib,0.7198212593987179,0.5537059744847279
NCI-H1792,cellcycle_G1_vs_G2M,Ipatasertib,Paclitaxel,0.4613430849053528,0.49391829036866153
NCI-H1792,cellcycle_G1_vs_G2M,BAY1125976,venetoclax,-0.3910562958890883,-0.15275116209617728
NCI-H1792,cellcycle_G1_vs_G2M,9-ING-41,LB-100,0.5309385132182443,0.41759888557530284
NCI-H1792,cellcycle_G1_vs_G2M,Abemaciclib,EX229,0.9135414098222894,0.8366831341735499
NCI-H1792,cellcycle_G1_vs_G2M,APTO-253,Vemurafenib,0.09187543329348202,0.23870149710863472
NCI-H1792,cellcycle_G1_vs_G2M,GSK1059615,Pemigatinib,0.19824530399353577,0.08272833067901586
NCI-H1792,cellcycle_G1_vs_G2M,APTO-253,Erdafitinib ,0.5478959877744201,0.5167727291154995
NCI-H1792,cellcycle_G1_vs_G2M,Dabrafenib,ERK5-IN-2,0.5756648105820379,0.5712606088373534
NCI-H1792,cellcycle_G1_vs_G2M,MK-3903,olaparib,0.5069104477240763,0.4190682531902405
NCI-H1792,cellcycle_G1_vs_G2M,Brivudine,Sapanisertib,0.061497676508776765,0.25179127204642565
NCI-H1792,cellcycle_G1_vs_G2M,Celecoxib,Everolimus,0.6018069823488189,0.5030518065591583
NCI-H1792,cellcycle_G1_vs_G2M,NG25,Paclitaxel,0.2589912291219709,0.4720619169921614
NCI-H1792,cellcycle_G1_vs_G2M,EX229,venetoclax,0.8608620261693228,0.7926115335992341
NCI-H1792,cellcycle_G1_vs_G2M,EX229,NG25,0.6002439509321199,0.5507953678899097
NCI-H1792,cellcycle_G1_vs_G2M,Irinotecan,Tucatinib,0.5453214440678178,0.5139579641895049
NCI-H1792,cellcycle_G1_vs_G2M,Gemcitabine,LY2090314,0.41454309294779346,0.45509780326204974
NCI-H1792,cellcycle_G1_vs_G2M,EX229,TAK-901,0.43926552899200655,0.47296944668923074
NCI-H1792,cellcycle_G1_vs_G2M,BI-78D3,Temuterkib,0.8103022057978648,0.6165006190010762
NCI-H1792,cellcycle_G1_vs_G2M,Celecoxib,palbociclib,0.4573721894600061,0.31638161808831267
NCI-H1792,cellcycle_G1_vs_G2M,Regorafenib,Sapanisertib,0.1963283834805849,0.3257679207178671
NCI-H1792,cellcycle_G1_vs_G2M,Celecoxib,ETC-206,0.7116416791457714,0.4603135361340344
NCI-H2030,cellcycle_G1_vs_G2M,AZD-7648,Belumosudil (mesylate),0.12446204988379772,0.27879266736880504
NCI-H2030,cellcycle_G1_vs_G2M,Capivasertib,MK-3903,0.06416069337025504,0.06414873136118483
NCI-H2030,cellcycle_G1_vs_G2M,GSK1059615,Sonidegib,0.2508178383407057,0.24632717398993265
NCI-H2030,cellcycle_G1_vs_G2M,DTP3,Erdafitinib ,0.5864151720169493,0.4987077313804459
NCI-H2030,cellcycle_G1_vs_G2M,PF-06260933,Tomivosertib,0.1047387746461932,0.08666944010586022
NCI-H2030,cellcycle_G1_vs_G2M,Adagrasib,NG25,0.5586234397307519,0.507543938122262
NCI-H2030,cellcycle_G1_vs_G2M,DT-061,Paclitaxel,0.39165702803035063,0.37165532271119495
NCI-H2030,cellcycle_G1_vs_G2M,Brivudine,Pralsetinib,0.20500095549088954,0.30974050632677197
NCI-H2030,cellcycle_G1_vs_G2M,Anastrozole,Gemcitabine,0.7140285449182672,0.5965136209519384
NCI-H2030,cellcycle_G1_vs_G2M,AT7519,Alpelisib,-0.14924052396335463,-0.17396939230777222
NCI-H2030,cellcycle_G1_vs_G2M,DTP3,PF-06260933,0.21557468380009842,0.00958487051848339
NCI-H2030,cellcycle_G1_vs_G2M,4EGI-1,Bortezomib,-0.19602298555178466,-0.16966325033539664
NCI-H2030,cellcycle_G1_vs_G2M,ERK5-IN-2,Futibatinib,0.3194038602990297,0.19437930296979047
NCI-H2030,cellcycle_G1_vs_G2M,Binimetinib,TAK-733,0.5194132071673445,0.5929257904095142
NCI-H2030,cellcycle_G1_vs_G2M,Binimetinib,Capivasertib,0.05533848637620842,0.003558572685311699
NCI-H2030,cellcycle_G1_vs_G2M,Capivasertib,PH-797804,0.07241504309269292,0.10630933679286964
NCI-H2030,cellcycle_G1_vs_G2M,Ixazomib,OTS514,0.06421153158335374,-0.08114852082736135
NCI-H2030,cellcycle_G1_vs_G2M,4EGI-1,Afatinib,0.2660905506493537,0.1213956934758187
NCI-H2030,cellcycle_G1_vs_G2M,Lapatinib ditosylate,NG25,0.07930190039301328,0.08497792941068091
NCI-H2030,cellcycle_G1_vs_G2M,DTP3,ETC-206,0.4350147089894665,0.3751032843767882
NCI-H2030,cellcycle_G1_vs_G2M,Abemaciclib,Sapanisertib,0.05769352590034021,0.17740532939481732
NCI-H2030,cellcycle_G1_vs_G2M,Anastrozole,palbociclib,0.144998308371948,-0.007783120220168908
NCI-H2030,cellcycle_G1_vs_G2M,Afatinib,LY2090314,0.4341124571586448,0.31985626227673264
NCI-H2030,cellcycle_G1_vs_G2M,Dabrafenib,Volasertib,0.1532664553952987,0.12204116494771533
NCI-H2030,cellcycle_G1_vs_G2M,Celecoxib,ML264,0.29315217479496347,0.14793762837351554
NCI-H2030,cellcycle_G1_vs_G2M,AZD1390,Tubulin inhibitor 6,0.4733506608795511,0.41413784965308964
NCI-H2030,cellcycle_G1_vs_G2M,Bimiralisib,NG25,0.621574138524454,0.6096664832337065
NCI-H2030,cellcycle_G1_vs_G2M,4EGI-1,APTO-253,0.6248518164900548,0.3941661833538916
NCI-H2030,cellcycle_G1_vs_G2M,Belumosudil (mesylate),Ralimetinib dimesylate,0.21364023786500025,0.2976506671398515
NCI-H2030,cellcycle_G1_vs_G2M,Futibatinib,LY-2584702 (tosylate salt),0.20137865416614248,-0.09681488601748167
NCI-H2030,cellcycle_G1_vs_G2M,Lonafarnib,PF-06260933,-0.022283096092508774,0.01758377101153872
NCI-H2030,cellcycle_G1_vs_G2M,Capivasertib,TAK-733,-0.2057516820969327,-0.18080215540738787
NCI-H2030,cellcycle_G1_vs_G2M,HI-TOPK-032,ML264,0.16291731852436864,0.24098935432651947
NCI-H2030,cellcycle_G1_vs_G2M,Oleic acid,Tomivosertib,-0.3084116150663339,-0.034253206689568806
NCI-H2030,cellcycle_G1_vs_G2M,AT7519,BI-78D3,0.3403190599984903,0.44870447594289486
NCI-H2030,cellcycle_G1_vs_G2M,AZD-7648,Ixazomib,0.6317908108356373,0.6261307513063837
NCI-H2030,cellcycle_G1_vs_G2M,9-ING-41,Capivasertib,-0.07354056134165433,0.01756604162708013
NCI-H2030,cellcycle_G1_vs_G2M,Anastrozole,Irinotecan,0.16830023611971412,0.2656578999870003
NCI-H2030,cellcycle_G1_vs_G2M,Afatinib,ETC-206,0.2099193938250091,0.046336050363768984
NCI-H2030,cellcycle_G1_vs_G2M,Encorafenib,Erdafitinib ,0.2790909142314261,0.34193302411648563
NCI-H2030,cellcycle_G1_vs_G2M,Bimiralisib,olaparib,0.48782050015620626,0.4483144196812049
NCI-H2030,cellcycle_G1_vs_G2M,MK-3903,Paclitaxel,0.6997455291204262,0.623835652713758
NCI-H2030,cellcycle_G1_vs_G2M,AZD-7648,NVP-BHG712,0.08988398624940216,0.06432671303901591
NCI-H2030,cellcycle_G1_vs_G2M,Irinotecan,PH-797804,0.18185158803161086,0.14451513423879914
NCI-H2030,cellcycle_G1_vs_G2M,Ipatasertib,SBI-0640756,0.1597042575727687,0.2199515926352809
NCI-H2030,cellcycle_G1_vs_G2M,BI-3406,XRK3F2,0.8193152853493637,0.8297848011590182
NCI-H2030,cellcycle_G1_vs_G2M,AZD2858,LY-2584702 (tosylate salt),0.6100764311563657,0.5849767256120276
NCI-H2030,cellcycle_G1_vs_G2M,BI-78D3,LJI308,0.1694931349774894,0.384041074651583
NCI-H2030,cellcycle_G1_vs_G2M,Elimusertib hydrochloride,Minodronic acid,0.2303942865786078,0.2033509435981089
NCI-H2030,cellcycle_G1_vs_G2M,BI-78D3,Paclitaxel,0.6509623810586067,0.5925441140618702
NCI-H2030,cellcycle_G1_vs_G2M,Alpelisib,MK-3903,0.687459974911217,0.635697787851121
NCI-H2030,cellcycle_G1_vs_G2M,EX229,Sonidegib,0.1954203140423176,0.17180912110473479
NCI-H2030,cellcycle_G1_vs_G2M,Alpelisib,GSK1059615,0.46414059009685593,0.5496883484963029
NCI-H2030,cellcycle_G1_vs_G2M,PF-06260933,Vemurafenib,-0.06853527267981231,0.13077977540643682
NCI-H2030,cellcycle_G1_vs_G2M,Bortezomib,Capivasertib,-0.12738602587917755,-0.08775249263589849
NCI-H2030,cellcycle_G1_vs_G2M,9-ING-41,Dabrafenib,0.4944308032064108,0.43364555593567367
NCI-H2030,cellcycle_G1_vs_G2M,AT7519,Binimetinib,-0.07752619520592324,-0.11360619184992861
NCI-H2030,cellcycle_G1_vs_G2M,AT7519,Oleic acid,0.3564642869866865,0.3388596435235646
NCI-H2030,cellcycle_G1_vs_G2M,ETC-206,Vemurafenib,0.3085894234213729,0.16601182590196467
NCI-H2030,cellcycle_G1_vs_G2M,AZD2858,Bentamapimod,0.16345927736709712,0.06330895010099687
NCI-H2030,cellcycle_G1_vs_G2M,Hydroxyfasudil,Lapatinib ditosylate,0.31010420779580555,0.08571195030096075
NCI-H2030,cellcycle_G1_vs_G2M,DTP3,Oxaliplatin,0.29343500306938913,0.36125134495225353
NCI-H2030,cellcycle_G1_vs_G2M,BAY1125976,PF-06260933,0.33302564413663976,0.4292784269670584
NCI-H2030,cellcycle_G1_vs_G2M,IQ 1,LJI308,0.3597013600619456,0.30663903823567074
NCI-H2030,cellcycle_G1_vs_G2M,Erdafitinib ,Vemurafenib,0.33749672126795927,0.37285179686765146
NCI-H2030,cellcycle_G1_vs_G2M,BI-3406,SBI-0640756,0.13913037744106507,0.2337652176045159
NCI-H2030,cellcycle_G1_vs_G2M,Erdafitinib ,PF-06260933,0.3458219819763778,0.2754981391420364
NCI-H2030,cellcycle_G1_vs_G2M,Everolimus,Ralimetinib dimesylate,0.501070607220039,0.479015430403251
NCI-H2030,cellcycle_G1_vs_G2M,Pemigatinib,Regorafenib,0.2741545217484377,0.25567380225994146
NCI-H2030,cellcycle_G1_vs_G2M,AZD-8055,Tucatinib,0.22616660322945903,0.0518507214532465
NCI-H2030,cellcycle_G1_vs_G2M,Regorafenib,SBI-0640756,0.2345838672684629,0.2208070931289811
NCI-H2030,cellcycle_G1_vs_G2M,Futibatinib,vincristine,-0.14814430020861546,-0.09377381800120421
NCI-H2030,cellcycle_G1_vs_G2M,Belumosudil (mesylate),c-Kit-IN-1,0.489352372657252,0.47415253705372606
NCI-H2030,cellcycle_G1_vs_G2M,Adagrasib,Erdafitinib ,-0.21594441097124384,-0.050014126828737564
NCI-H2030,cellcycle_G1_vs_G2M,AT7519,Oxaliplatin,0.3976534638302382,0.4011157998289445
NCI-H2030,cellcycle_G1_vs_G2M,Belumosudil (mesylate),XRK3F2,0.10484173907438644,0.1618267603637512
NCI-H2030,cellcycle_G1_vs_G2M,BAY1125976,XRK3F2,0.3327991295029362,0.33552017670935563
NCI-H2030,cellcycle_G1_vs_G2M,HI-TOPK-032,Irinotecan,0.08816423220208151,0.20626064311084807
NCI-H2030,cellcycle_G1_vs_G2M,ERK5-IN-2,OTS514,-0.05021136861568404,-0.2079714160925072
NCI-H2030,cellcycle_G1_vs_G2M,NVP-BHG712,OTS514,0.3609137659831888,0.19699199496621417
NCI-H2030,cellcycle_G1_vs_G2M,Tucatinib,vincristine,0.39348193190763303,0.5923278114494642
NCI-H2030,cellcycle_G1_vs_G2M,DTP3,Methylprednisolone succinate,0.5564743038099781,0.4452833487430952
NCI-H2030,cellcycle_G1_vs_G2M,Brivudine,Lonafarnib,0.17258603992564794,0.1840818007232218
NCI-H2030,cellcycle_G1_vs_G2M,Everolimus,Irinotecan,0.1257988262416098,0.30736901167606173
NCI-H2030,cellcycle_G1_vs_G2M,ERK5-IN-2,Encorafenib,0.7071330067629865,0.7349016187154985
NCI-H2030,cellcycle_G1_vs_G2M,Anastrozole,Everolimus,0.1331112336327836,0.16134424230578936
NCI-H2030,cellcycle_G1_vs_G2M,Alpelisib,LJI308,0.22259760371961568,0.17831547493117772
NCI-H2030,cellcycle_G1_vs_G2M,Oleic acid,ULK-101,0.14517419817796864,0.15924280667962937
NCI-H2030,cellcycle_G1_vs_G2M,MK-8353,ML264,0.4127565565724606,0.42107081984613703
NCI-H2030,cellcycle_G1_vs_G2M,Afatinib,MK-3903,0.7977223300161578,0.7366533882748107
NCI-H2030,cellcycle_G1_vs_G2M,AZD2858,Hydroxyfasudil,0.4589617588916298,0.35433749299699896
NCI-H2030,cellcycle_G1_vs_G2M,Capivasertib,Trametinib,-0.118885966938601,-0.13437979591441856
NCI-H2030,cellcycle_G1_vs_G2M,Oleic acid,Sonidegib,0.21476801419651217,0.19407556389165626
NCI-H2030,cellcycle_G1_vs_G2M,AZD1390,Pemigatinib,0.4998779589963706,0.183584147384829
NCI-H2030,cellcycle_G1_vs_G2M,Erdafitinib ,Volasertib,0.30982708628684014,0.16381147701934962
NCI-H2030,cellcycle_G1_vs_G2M,Capivasertib,Ralimetinib dimesylate,0.1294426090006263,0.27443792722008226
NCI-H2030,cellcycle_G1_vs_G2M,Minodronic acid,c-Kit-IN-1,-0.02857139078034583,0.08513201851529884
NCI-H2030,cellcycle_G1_vs_G2M,HI-TOPK-032,olaparib,-0.04260788313008892,0.33204768205331914
NCI-H2030,cellcycle_G1_vs_G2M,AZD1390,NG25,0.2743582979122609,0.3445395598961909
NCI-H2030,cellcycle_G1_vs_G2M,NG25,venetoclax,0.5989423900634185,0.5678740256172692
NCI-H23,cellcycle_G1_vs_G2M,9-ING-41,Regorafenib,0.3812296781935801,0.5588890732048843
NCI-H23,cellcycle_G1_vs_G2M,4EGI-1,Pralsetinib,0.2821635964104937,0.1123796448601617
NCI-H23,cellcycle_G1_vs_G2M,Abemaciclib,Everolimus,0.6502440316287916,0.654602607056731
NCI-H23,cellcycle_G1_vs_G2M,4EGI-1,Trametinib,-0.40616949542432385,-0.3371967784404484
NCI-H23,cellcycle_G1_vs_G2M,Capivasertib,EX229,0.2659456895340882,0.22083013104247726
NCI-H23,cellcycle_G1_vs_G2M,DTP3,Trametinib,-0.15129766289733762,0.01863413567598865
NCI-H23,cellcycle_G1_vs_G2M,AZD-7648,venetoclax,0.6634700937512705,0.7276690112747292
NCI-H23,cellcycle_G1_vs_G2M,Pralsetinib,TAK-901,0.3047318959773491,0.19206487756668317
NCI-H23,cellcycle_G1_vs_G2M,Minodronic acid,Ralimetinib dimesylate,0.34572068363517555,0.3563142443314438
NCI-H23,cellcycle_G1_vs_G2M,Elimusertib hydrochloride,Temuterkib,-0.2806570318768033,-0.1393279515717673
NCI-H23,cellcycle_G1_vs_G2M,Binimetinib,Oleic acid,-0.06433646729984449,-0.05756740206285414
NCI-H23,cellcycle_G1_vs_G2M,Pralsetinib,olaparib,0.4151252166207843,0.37669183281371893
NCI-H23,cellcycle_G1_vs_G2M,BI-3406,EX229,0.0885178811050759,0.1452765821397622
NCI-H23,cellcycle_G1_vs_G2M,Adagrasib,Celecoxib,0.05810648613275426,0.2209564858772539
NCI-H23,cellcycle_G1_vs_G2M,EX229,Oxaliplatin,0.21801883442731157,0.15050620993736294
NCI-H23,cellcycle_G1_vs_G2M,LB-100,Methylprednisolone succinate,0.5133071912953455,0.44443183131322583
NCI-H23,cellcycle_G1_vs_G2M,BI-3406,Pimitespib,0.05248168471644955,0.07108311962976813
NCI-H23,cellcycle_G1_vs_G2M,GSK1059615,IQ 1,0.33001696185786994,0.3481503677517715
NCI-H23,cellcycle_G1_vs_G2M,ETC-206,Oleic acid,0.7136792546842261,0.5474808881340572
NCI-H23,cellcycle_G1_vs_G2M,BI-3406,Tomivosertib,0.2990126714634896,0.4857181581682129
NCI-H23,cellcycle_G1_vs_G2M,Belzutifan,EX229,0.4400801709136886,0.3974920736981773
NCI-H23,cellcycle_G1_vs_G2M,Futibatinib,GSK1059615,-0.03593541080053771,-0.09858838609713624
NCI-H23,cellcycle_G1_vs_G2M,Lapatinib ditosylate,Pralsetinib,0.15668982874149667,0.10459831802904423
NCI-H23,cellcycle_G1_vs_G2M,EX229,Irinotecan,0.3824502126878784,0.33774138076988514
NCI-H23,cellcycle_G1_vs_G2M,Capivasertib,Erdafitinib ,0.5665838265140911,0.5403186279029608
NCI-H23,cellcycle_G1_vs_G2M,PF-06260933,Temuterkib,0.3975393352882902,0.3684963361966401
NCI-H23,cellcycle_G1_vs_G2M,Adagrasib,SBI-0640756,0.03776457453860362,0.1850694758681525
NCI-H23,cellcycle_G1_vs_G2M,LY2090314,Tubulin inhibitor 6,0.4928740071835901,0.4193524996635771
NCI-H23,cellcycle_G1_vs_G2M,AZD-7648,GSK1059615,0.4283242815253577,0.5596917073148197
NCI-H23,cellcycle_G1_vs_G2M,Hydroxyfasudil,LY-2584702 (tosylate salt),0.5653778092263926,0.3934529564589158
NCI-H23,cellcycle_G1_vs_G2M,ETC-206,MK-3903,0.33262770140141196,0.3827616644410048
NCI-H23,cellcycle_G1_vs_G2M,Irinotecan,vincristine,0.5008249490543049,0.46470526520992955
NCI-H23,cellcycle_G1_vs_G2M,AZD-7648,c-Kit-IN-1,0.2798928660200727,0.34673965795145767
NCI-H23,cellcycle_G1_vs_G2M,Lonafarnib,Pimitespib,0.13297337205969512,0.12776017360124386
NCI-H23,cellcycle_G1_vs_G2M,APTO-253,CP21R7,0.49180558611807246,0.5717569250545593
NCI-H23,cellcycle_G1_vs_G2M,Abemaciclib,Sapanisertib,-0.14199136668441106,-0.047670114564684084
NCI-H23,cellcycle_G1_vs_G2M,AZD2858,palbociclib,0.1893734097202349,0.10753562136123516
NCI-H23,cellcycle_G1_vs_G2M,4EGI-1,AZD1390,0.6557571010441174,0.47220001235183173
NCI-H23,cellcycle_G1_vs_G2M,Capivasertib,TAK-901,0.2950661142863335,0.32664216351561115
NCI-H23,cellcycle_G1_vs_G2M,Brivudine,c-Kit-IN-1,0.48509407046347236,0.5220468218650889
NCI-H23,cellcycle_G1_vs_G2M,Adagrasib,PF-06260933,-0.07904160806671956,-0.028814429125890342
NCI-H23,cellcycle_G1_vs_G2M,Belumosudil (mesylate),DTP3,0.5120355306120047,0.472157789198976
NCI-H23,cellcycle_G1_vs_G2M,CP21R7,XRK3F2,0.2516847419214015,0.33887048307065637
NCI-H23,cellcycle_G1_vs_G2M,Bentamapimod,ERK5-IN-2,0.7203535803527724,0.6898667613633186
NCI-H23,cellcycle_G1_vs_G2M,TAK-901,vincristine,0.3392092479526799,0.22228852634669527
NCI-H23,cellcycle_G1_vs_G2M,LB-100,TAK-733,-0.16287590498087579,0.10874885449561945
NCI-H23,cellcycle_G1_vs_G2M,BI-78D3,Binimetinib,0.037582970691141034,0.0954045891310287
NCI-H23,cellcycle_G1_vs_G2M,SBI-0640756,TAK-901,0.32512180532367624,0.29517132712667443
NCI-H23,cellcycle_G1_vs_G2M,PF-06260933,Sonidegib,0.37176922744752744,0.3071439513629365
NCI-H23,cellcycle_G1_vs_G2M,IQ 1,LB-100,0.37080241214803367,0.23743371094655633
NCI-H23,cellcycle_G1_vs_G2M,CP21R7,Tomivosertib,0.14182275335817993,0.20300228804138373
NCI-H23,cellcycle_G1_vs_G2M,EX229,MK-3903,0.145930999933976,0.4204041729708974
NCI-H23,cellcycle_G1_vs_G2M,Belzutifan,Trametinib,-0.10463520251736483,-0.09914186007357412
NCI-H23,cellcycle_G1_vs_G2M,LY-2584702 (tosylate salt),palbociclib,0.32372013463545773,0.2723328019439075
NCI-H23,cellcycle_G1_vs_G2M,AZD-8055,Tucatinib,-0.14152254766293001,-0.048307960906893155
NCI-H23,cellcycle_G1_vs_G2M,Gemcitabine,PF-06260933,0.3733278416593873,0.28166782029942794
NCI-H23,cellcycle_G1_vs_G2M,9-ING-41,TAK-901,0.02204609255323813,0.2275048646497972
NCI-H23,cellcycle_G1_vs_G2M,ERK5-IN-2,IQ 1,0.33129043361201893,0.4313780119949158
NCI-H23,cellcycle_G1_vs_G2M,Oleic acid,SBI-0640756,0.5135995346932043,0.3157953385334572
NCI-H23,cellcycle_G1_vs_G2M,CP21R7,TAK-901,0.1895563661570897,0.10959979148223606
NCI-H23,cellcycle_G1_vs_G2M,ERK5-IN-2,ETC-206,0.4652647275724628,0.4212132324696293
NCI-H23,cellcycle_G1_vs_G2M,DT-061,Elimusertib hydrochloride,0.6480559526733647,0.6551877142392498
NCI-H23,cellcycle_G1_vs_G2M,Irinotecan,RMC-6236,0.01786528705759139,0.2308687373891564
NCI-H23,cellcycle_G1_vs_G2M,BAY1125976,Dabrafenib,0.6917293041402148,0.5688497991863055
NCI-H23,cellcycle_G1_vs_G2M,ERK5-IN-2,Ixazomib,-0.04270185877599685,0.18232178367873791
NCI-H23,cellcycle_G1_vs_G2M,GSK1059615,PH-797804,0.4336218546405991,0.4599104706720072
NCI-H23,cellcycle_G1_vs_G2M,Belumosudil (mesylate),Bentamapimod,0.29421443029997174,0.39585750769057243
NCI-H23,cellcycle_G1_vs_G2M,Infigratinib,Pimitespib,0.2815778682674158,0.20072341195867394
NCI-H23,cellcycle_G1_vs_G2M,MK-8353,palbociclib,0.05983582356031744,0.01937131986327162
NCI-H23,cellcycle_G1_vs_G2M,AT7519,PF-06260933,0.7469870613659828,0.5052397847680554
NCI-H23,cellcycle_G1_vs_G2M,AZD1390,Abemaciclib,0.14914939356406798,0.5016001253443679
NCI-H23,cellcycle_G1_vs_G2M,AZD-7648,Sapanisertib,-0.43116254446883295,-0.16214213627510635
NCI-H23,cellcycle_G1_vs_G2M,TAK-733,c-Kit-IN-1,0.7265043555336758,0.7272786289559678
NCI-H23,cellcycle_G1_vs_G2M,BI-3406,Futibatinib,-0.10496279560230187,-0.07033765490980398
NCI-H23,cellcycle_G1_vs_G2M,Elimusertib hydrochloride,PH-797804,0.2990156899189305,0.3718213707584228
NCI-H23,cellcycle_G1_vs_G2M,Ralimetinib dimesylate,olaparib,0.1619883674143355,0.028995303840720688
NCI-H23,cellcycle_G1_vs_G2M,AZD1390,ERK5-IN-2,0.42523458027935185,0.0786172522006377
NCI-H23,cellcycle_G1_vs_G2M,PF-06260933,Pemigatinib,0.5139653976000685,0.39792746394331663
NCI-H23,cellcycle_G1_vs_G2M,Belzutifan,TAK-733,0.3329651042679459,0.3257578302087701
NCI-H23,cellcycle_G1_vs_G2M,Anastrozole,BI-78D3,0.414627267703886,0.46182376621735916
NCI-H23,cellcycle_G1_vs_G2M,BAY1125976,Ralimetinib dimesylate,0.614191379856769,0.5829812891165621
NCI-H23,cellcycle_G1_vs_G2M,LY-2584702 (tosylate salt),MK-3903,-0.06501731395187854,-0.052926235896373096
NCI-H23,cellcycle_G1_vs_G2M,4EGI-1,Bimiralisib,-0.36717807636708993,-0.2996780658336725
NCI-H23,cellcycle_G1_vs_G2M,Belzutifan,Lonafarnib,0.25011433800497584,0.16666333295451038
NCI-H23,cellcycle_G1_vs_G2M,Bimiralisib,SBI-0640756,-0.13447038617393736,0.023753194783495028
NCI-H23,cellcycle_G1_vs_G2M,DT-061,Sonidegib,0.4294926263445838,0.52615745947341
NCI-H23,cellcycle_G1_vs_G2M,Elimusertib hydrochloride,MK-3903,0.15285128729152142,0.25529527212307973
NCI-H23,cellcycle_G1_vs_G2M,Pimitespib,TAK-733,0.23090068523953336,0.36019617903154744
NCI-H23,cellcycle_G1_vs_G2M,Capmatinib,Pimitespib,0.12049367360731307,0.15037582507882227
NCI-H23,cellcycle_G1_vs_G2M,PF-06260933,PH-797804,0.26319908997438385,0.24910237501332505
NCI-H23,cellcycle_G1_vs_G2M,AT7519,Tucatinib,0.7696899114146967,0.6689578990776546
NCI-H23,cellcycle_G1_vs_G2M,Binimetinib,IQ 1,0.3953692649923512,0.4296294564141182
NCI-H23,cellcycle_G1_vs_G2M,Afatinib,Oleic acid,-0.27155803569584913,-0.20258172328705304
NCI-H23,cellcycle_G1_vs_G2M,Adagrasib,Elimusertib hydrochloride,0.8058578899856629,0.7342091824821932
NCI-H23,cellcycle_G1_vs_G2M,LJI308,Oxaliplatin,0.4424980439477788,0.3013266505454095
NCI-H23,cellcycle_G1_vs_G2M,Ixazomib,LJI308,0.361877111363793,0.4402915872098226
NCI-H23,cellcycle_G1_vs_G2M,olaparib,venetoclax,0.21568195069744847,0.4293533053638217
NCI-H23,cellcycle_G1_vs_G2M,Abemaciclib,Irinotecan,0.41912756692050246,0.43457741840123987
NCI-H23,cellcycle_G1_vs_G2M,Binimetinib,Pemigatinib,-0.10107872042495901,0.023719129039862338
NCI-H23,cellcycle_G1_vs_G2M,Adagrasib,PH-797804,0.41166038289654583,0.4110811824688564
NCI-H2347,cellcycle_G1_vs_G2M,AZD1390,Dabrafenib,0.7216569616045577,0.39074397284083123
NCI-H2347,cellcycle_G1_vs_G2M,NG25,Tucatinib,-0.12086850393547341,0.11078954547171399
NCI-H2347,cellcycle_G1_vs_G2M,Abemaciclib,vincristine,0.2079540439063655,0.23206426237655803
NCI-H2347,cellcycle_G1_vs_G2M,Hydroxyfasudil,LY-2584702 (tosylate salt),0.42211868341515335,0.36997531670996325
NCI-H2347,cellcycle_G1_vs_G2M,Minodronic acid,vincristine,0.5550348929488935,0.5370825346992495
NCI-H2347,cellcycle_G1_vs_G2M,Capivasertib,TAK-733,-0.08661778385805242,-0.010358595414748425
NCI-H2347,cellcycle_G1_vs_G2M,Brivudine,Lonafarnib,0.22422791655760224,0.08018063783471753
NCI-H2347,cellcycle_G1_vs_G2M,AZD-8055,Lapatinib ditosylate,0.35426781742686514,0.3990420003247128
NCI-H2347,cellcycle_G1_vs_G2M,Dabrafenib,Elimusertib hydrochloride,-0.2125236746212062,-0.0650212615810447
NCI-H2347,cellcycle_G1_vs_G2M,LB-100,Minodronic acid,0.6365353686535765,0.5388224855723573
NCI-H2347,cellcycle_G1_vs_G2M,PF-06260933,Temuterkib,0.5226399816960532,0.4040345280960542
NCI-H2347,cellcycle_G1_vs_G2M,Capmatinib,Torkinib,0.17273885804888328,0.1499433854162526
NCI-H2347,cellcycle_G1_vs_G2M,ML264,Pralsetinib,0.0405428281037907,0.042166216318135184
NCI-H2347,cellcycle_G1_vs_G2M,DTP3,ML264,0.21196036727611628,0.2257412764156347
NCI-H2347,cellcycle_G1_vs_G2M,ETC-206,TAK-901,0.022000665976315222,0.15766112235901206
NCI-H2347,cellcycle_G1_vs_G2M,Binimetinib,ERK5-IN-2,-0.005191113131074924,0.15751569206014876
NCI-H2347,cellcycle_G1_vs_G2M,Abemaciclib,Belzutifan,0.22387166217481824,0.1744881709457956
NCI-H2347,cellcycle_G1_vs_G2M,Bimiralisib,DTP3,0.18345473317711267,0.20947906342605374
NCI-H2347,cellcycle_G1_vs_G2M,Everolimus,PF-06260933,0.3186423957064965,0.3537876655396819
NCI-H2347,cellcycle_G1_vs_G2M,GSK1059615,Lonafarnib,-0.07981917827628217,-0.1848027568799983
NCI-H2347,cellcycle_G1_vs_G2M,Bortezomib,ETC-206,0.03541880122167194,0.009402509475222736
NCI-H2347,cellcycle_G1_vs_G2M,Belzutifan,palbociclib,0.1229766121524495,0.03066137870724314
NCI-H2347,cellcycle_G1_vs_G2M,MK-3903,TAK-901,-0.07036900261659258,-0.021859558097933263
NCI-H2347,cellcycle_G1_vs_G2M,Methylprednisolone succinate,PH-797804,-0.06764505232336636,0.07637198018066317
NCI-H2347,cellcycle_G1_vs_G2M,Belumosudil (mesylate),Pemigatinib,0.5828922580120589,0.4155167887602015
NCI-H2347,cellcycle_G1_vs_G2M,Belzutifan,TAK-901,-0.006050713709545253,-0.09734325740238095
NCI-H2347,cellcycle_G1_vs_G2M,9-ING-41,LB-100,0.6349998024115081,0.6283449977781602
NCI-H2347,cellcycle_G1_vs_G2M,Futibatinib,Oleic acid,0.6092121803525975,0.5709593278646838
NCI-H2347,cellcycle_G1_vs_G2M,BI-3406,Encorafenib,0.75794306781784,0.7636230598545363
NCI-H2347,cellcycle_G1_vs_G2M,Anastrozole,Elimusertib hydrochloride,-0.01874052424876325,0.07348774617388666
NCI-H2347,cellcycle_G1_vs_G2M,Methylprednisolone succinate,NG25,0.0038445674922874817,-0.01277113317347795
NCI-H2347,cellcycle_G1_vs_G2M,Dabrafenib,Pimitespib,-0.013917168979219742,0.05249597448340999
NCI-H2347,cellcycle_G1_vs_G2M,Methylprednisolone succinate,OTS514,0.34234061747942185,0.07768925823696572
NCI-H2347,cellcycle_G1_vs_G2M,DTP3,Paclitaxel,0.2628486425237048,0.30640669930797076
NCI-H2347,cellcycle_G1_vs_G2M,LB-100,XRK3F2,0.4115184341650581,0.40392032947668777
NCI-H2347,cellcycle_G1_vs_G2M,GSK1059615,LJI308,0.06563562417209126,0.13502139925955303
NCI-H2347,cellcycle_G1_vs_G2M,Irinotecan,Oxaliplatin,0.3862363840689459,0.45132656334417853
NCI-H2347,cellcycle_G1_vs_G2M,Capmatinib,Lonafarnib,-0.09321039929046512,-0.20803300464453778
NCI-H2347,cellcycle_G1_vs_G2M,AZD2858,Oxaliplatin,0.6034840203143272,0.4420768528873811
NCI-H2347,cellcycle_G1_vs_G2M,Infigratinib,olaparib,0.19848519283090288,0.2689247560099113
NCI-H2347,cellcycle_G1_vs_G2M,LB-100,LY2090314,0.6857800874227633,0.5632632081182728
NCI-H2347,cellcycle_G1_vs_G2M,Ipatasertib,Lonafarnib,0.16335737795675037,0.10060103377761626
NCI-H2347,cellcycle_G1_vs_G2M,Pemigatinib,XRK3F2,0.4508031312769665,0.42998486327149277
NCI-H2347,cellcycle_G1_vs_G2M,Lonafarnib,NG25,0.019879855215107947,-0.10190526777855242
NCI-H2347,cellcycle_G1_vs_G2M,ML264,TAK-733,0.03224122114465996,0.1963495247252991
NCI-H2347,cellcycle_G1_vs_G2M,Afatinib,LY-2584702 (tosylate salt),-0.4330793117107965,-0.49605017754590736
NCI-H2347,cellcycle_G1_vs_G2M,Paclitaxel,Vemurafenib,0.8145670623499895,0.7975967350517358
NCI-H2347,cellcycle_G1_vs_G2M,LB-100,ML264,0.7084076250946274,0.659719406888524
NCI-H2347,cellcycle_G1_vs_G2M,LY2090314,Sonidegib,0.3507960300321867,0.09976287002687038
NCI-H2347,cellcycle_G1_vs_G2M,Bimiralisib,Oleic acid,-0.067079525598503,-0.02271904887412106
NCI-H2347,cellcycle_G1_vs_G2M,AZD1390,TAK-901,-0.06669247163457394,0.38979909263496654
NCI-H2347,cellcycle_G1_vs_G2M,ERK5-IN-2,MK-8353,0.19762928750464331,0.2859914342079351
NCI-H2347,cellcycle_G1_vs_G2M,ETC-206,LJI308,0.635408186207763,0.5944791501335804
NCI-H2347,cellcycle_G1_vs_G2M,Ipatasertib,Ralimetinib dimesylate,0.725724864882106,0.7159881089892832
NCI-H2347,cellcycle_G1_vs_G2M,DT-061,Temuterkib,-0.18031990833644562,-0.07772653994484315
NCI-H2347,cellcycle_G1_vs_G2M,AZD-7648,Pemigatinib,0.16012595666812815,0.16605404974509305
NCI-H2347,cellcycle_G1_vs_G2M,Methylprednisolone succinate,Regorafenib,0.28819724583067907,0.2706004798751515
NCI-H2347,cellcycle_G1_vs_G2M,Abemaciclib,MK-3903,-0.021872750356555563,0.04889578874762712
NCI-H2347,cellcycle_G1_vs_G2M,CP21R7,c-Kit-IN-1,-0.05476350462181215,0.025288755810484363
NCI-H2347,cellcycle_G1_vs_G2M,MK-3903,Pralsetinib,0.30186528543636276,0.15332701891960626
NCI-H2347,cellcycle_G1_vs_G2M,TAK-733,c-Kit-IN-1,0.8379046972227469,0.7670993856668756
NCI-H2347,cellcycle_G1_vs_G2M,Sapanisertib,Trametinib,0.41642614328500793,0.5409000840776206
NCI-H2347,cellcycle_G1_vs_G2M,Encorafenib,GSK1059615,0.6594403479866648,0.6988956459266793
NCI-H2347,cellcycle_G1_vs_G2M,Gemcitabine,Tomivosertib,0.22642396514842428,0.27462462200517673
NCI-H2347,cellcycle_G1_vs_G2M,OTS514,Ralimetinib dimesylate,-0.026237811952149144,0.05269668127570924
NCI-H2347,cellcycle_G1_vs_G2M,ETC-206,GSK1059615,0.309896363885412,0.2702496431850241
NCI-H2347,cellcycle_G1_vs_G2M,Elimusertib hydrochloride,c-Kit-IN-1,0.25683860247994744,0.3356631903006856
NCI-H2347,cellcycle_G1_vs_G2M,Afatinib,ULK-101,0.31746962468968565,0.43287466596636076
NCI-H2347,cellcycle_G1_vs_G2M,MK-3903,NVP-BHG712,0.31706027882112353,0.4396528724499661
NCI-H2347,cellcycle_G1_vs_G2M,APTO-253,OTS514,0.24628144505616084,0.38260284797790334
NCI-H2347,cellcycle_G1_vs_G2M,DTP3,MK-3903,0.4621701359915282,0.46744460528421605
NCI-H2347,cellcycle_G1_vs_G2M,HI-TOPK-032,Temuterkib,0.197229509802136,0.32484996924441584
NCI-H2347,cellcycle_G1_vs_G2M,AZD-8055,Dabrafenib,0.3364790133872695,0.3859026911051099
NCI-H2347,cellcycle_G1_vs_G2M,LJI308,ML264,0.41522992860380437,0.3956135817517366
NCI-H2347,cellcycle_G1_vs_G2M,Pemigatinib,Pimitespib,0.28447662619442204,0.39241750342392867
NCI-H2347,cellcycle_G1_vs_G2M,LY2090314,Vemurafenib,0.7380432950382476,0.6609208158940796
NCI-H2347,cellcycle_G1_vs_G2M,AZD1390,EX229,-0.08141382450110504,0.27910517445245225
NCI-H2347,cellcycle_G1_vs_G2M,Sapanisertib,Torkinib,-0.12429045637533606,-0.12221254022794502
NCI-H2347,cellcycle_G1_vs_G2M,Lapatinib ditosylate,Tomivosertib,0.010561000766783585,0.05968496455537182
NCI-H2347,cellcycle_G1_vs_G2M,Afatinib,Gemcitabine,0.22219202617052092,0.3093596286132127
NCI-H2347,cellcycle_G1_vs_G2M,Bortezomib,Pimitespib,-0.035941318314170835,-0.020567609713838392
NCI-H2347,cellcycle_G1_vs_G2M,Bortezomib,MK-8353,-0.13847730962784563,-0.1311298825280936
NCI-H2347,cellcycle_G1_vs_G2M,Erdafitinib ,SBI-0640756,0.32453632918950137,0.5194014449475611
NCI-H2347,cellcycle_G1_vs_G2M,Bimiralisib,palbociclib,0.6759956399753864,0.6004924881375764
NCI-H2347,cellcycle_G1_vs_G2M,Adagrasib,LB-100,0.25642223918265833,0.33181497077814565
NCI-H2347,cellcycle_G1_vs_G2M,Ipatasertib,PF-06260933,0.19979640873134633,0.12622718476042674
NCI-H2347,cellcycle_G1_vs_G2M,9-ING-41,NVP-BHG712,0.6645991724925868,0.7258730656173209
NCI-H2347,cellcycle_G1_vs_G2M,OTS514,venetoclax,-0.19862225392147514,-0.37532042997201487
NCI-H2347,cellcycle_G1_vs_G2M,AZD1390,Trametinib,0.23349822115876145,0.19905984673302504
NCI-H2347,cellcycle_G1_vs_G2M,Capivasertib,ML264,0.11028986483404588,0.12047109402604275
NCI-H2347,cellcycle_G1_vs_G2M,AZD1390,MK-3903,0.5053017393609089,0.3471746878167226
NCI-H2347,cellcycle_G1_vs_G2M,LY2090314,Volasertib,0.7436741685155175,0.49312636826920364
NCI-H2347,cellcycle_G1_vs_G2M,AZD-7648,Encorafenib,0.4697694797979527,0.4428369445059014
NCI-H2347,cellcycle_G1_vs_G2M,Alpelisib,ULK-101,0.25029090298240897,0.30078737478084067
NCI-H2347,cellcycle_G1_vs_G2M,GSK1059615,Pimitespib,-0.17613711833171886,-0.22668393456941555
NCI-H2347,cellcycle_G1_vs_G2M,Gemcitabine,Lonafarnib,-0.16029482092402744,-0.10605911806905632
NCI-H2347,cellcycle_G1_vs_G2M,LB-100,Tucatinib,0.7209949076775727,0.6830722533496834
NCI-H2347,cellcycle_G1_vs_G2M,AZD-8055,Ixazomib,0.23066424268320318,0.2948581596316573
NCI-H2347,cellcycle_G1_vs_G2M,LJI308,Oxaliplatin,0.48600502633712833,0.5130196046285806
NCI-H2347,cellcycle_G1_vs_G2M,Bimiralisib,c-Kit-IN-1,0.11273878604600795,0.19904815419520222
NCI-H460,cellcycle_G1_vs_G2M,Regorafenib,Sapanisertib,-0.061250835045981555,-0.13773432405137734
NCI-H460,cellcycle_G1_vs_G2M,Pimitespib,Sonidegib,0.4255673225495884,0.35015758034089767
NCI-H460,cellcycle_G1_vs_G2M,Alpelisib,palbociclib,0.858611037030579,0.7450787977131392
NCI-H460,cellcycle_G1_vs_G2M,AZD-7648,Elimusertib hydrochloride,0.786144599827004,0.8400386183612831
NCI-H460,cellcycle_G1_vs_G2M,Infigratinib,TAK-901,-0.14692411906233271,0.14118941932297352
NCI-H460,cellcycle_G1_vs_G2M,AT7519,Hydroxyfasudil,0.2927854629427274,0.4592778768288703
NCI-H460,cellcycle_G1_vs_G2M,Temuterkib,venetoclax,-0.6015081709838414,-0.36970341439063786
NCI-H460,cellcycle_G1_vs_G2M,Capmatinib,GSK1059615,0.22300234090103171,0.1352347016739997
NCI-H460,cellcycle_G1_vs_G2M,LB-100,vincristine,-0.12315365419579828,-0.12313616265580421
NCI-H460,cellcycle_G1_vs_G2M,4EGI-1,olaparib,0.3341473647982229,0.6225245752446824
NCI-H460,cellcycle_G1_vs_G2M,Brivudine,Tomivosertib,0.48078132050685307,0.5038723926059668
NCI-H460,cellcycle_G1_vs_G2M,LB-100,Oxaliplatin,0.6004883626454331,0.4084765617681201
NCI-H460,cellcycle_G1_vs_G2M,AZD-8055,olaparib,0.35881732802012634,0.3726897307368783
NCI-H460,cellcycle_G1_vs_G2M,Encorafenib,NVP-BHG712,0.3766257853678787,0.3365306491992371
NCI-H460,cellcycle_G1_vs_G2M,Belumosudil (mesylate),ML264,0.3643391522963895,-0.0601845084836465
NCI-H460,cellcycle_G1_vs_G2M,Afatinib,Bortezomib,0.22557883446126395,0.2563028051069384
NCI-H460,cellcycle_G1_vs_G2M,Pimitespib,Tomivosertib,0.08641772739553052,0.17746677798405022
NCI-H460,cellcycle_G1_vs_G2M,EX229,Oleic acid,0.07537027759308035,0.5112455410118074
NCI-H460,cellcycle_G1_vs_G2M,HI-TOPK-032,Oleic acid,0.29737818576294694,0.6710921100654788
NCI-H460,cellcycle_G1_vs_G2M,RMC-6236,Vemurafenib,0.5520912590598679,0.5748726902818198
NCI-H460,cellcycle_G1_vs_G2M,Hydroxyfasudil,OTS514,0.11914160351941017,0.2603298387708628
NCI-H460,cellcycle_G1_vs_G2M,Pimitespib,vincristine,0.2952004932399741,0.33231328367824825
NCI-H460,cellcycle_G1_vs_G2M,BI-3406,Pralsetinib,0.5205654383428673,0.5042610097022975
NCI-H460,cellcycle_G1_vs_G2M,Encorafenib,Volasertib,0.3493157574800159,0.2456043434846246
NCI-H460,cellcycle_G1_vs_G2M,Futibatinib,RMC-6236,0.013137945371197241,0.023461591048804627
NCI-H460,cellcycle_G1_vs_G2M,LB-100,ML264,0.646170252213061,0.5767067766543902
NCI-H460,cellcycle_G1_vs_G2M,Anastrozole,Belumosudil (mesylate),0.3052807688982495,0.4535992483374664
NCI-H460,cellcycle_G1_vs_G2M,Dabrafenib,Lapatinib ditosylate,0.6967228954194319,0.4650475603705348
NCI-H460,cellcycle_G1_vs_G2M,Adagrasib,LY-2584702 (tosylate salt),0.531600992631495,0.4962219394000851
NCI-H460,cellcycle_G1_vs_G2M,Abemaciclib,venetoclax,0.8810516402517596,0.8819093348010748
NCI-H460,cellcycle_G1_vs_G2M,AZD-8055,Pimitespib,0.18251577229387622,0.12430083314726163
NCI-H460,cellcycle_G1_vs_G2M,Afatinib,SBI-0640756,0.08188963574037539,0.11020861903456128
NCI-H460,cellcycle_G1_vs_G2M,Ralimetinib dimesylate,Sonidegib,0.05862888810214199,0.05677302074042072
NCI-H460,cellcycle_G1_vs_G2M,BI-3406,Tucatinib,-0.1020826330721711,-0.1522577455985988
NCI-H460,cellcycle_G1_vs_G2M,LB-100,LY2090314,0.6630260903363419,0.5887930958395525
NCI-H460,cellcycle_G1_vs_G2M,EX229,TAK-901,0.40547848152191157,0.4878457879516772
NCI-H460,cellcycle_G1_vs_G2M,APTO-253,EX229,-0.4383298858906086,-0.03464687766573432
NCI-H460,cellcycle_G1_vs_G2M,Belumosudil (mesylate),IQ 1,0.30226261223803363,0.20649514709466668
NCI-H460,cellcycle_G1_vs_G2M,Futibatinib,NG25,0.2058620578939403,0.2693152132380373
NCI-H460,cellcycle_G1_vs_G2M,Bentamapimod,Lapatinib ditosylate,0.6185071494044353,0.49404535129049815
NCI-H460,cellcycle_G1_vs_G2M,BI-3406,Pimitespib,0.10414662111184922,0.14974373566091384
NCI-H460,cellcycle_G1_vs_G2M,NVP-BHG712,OTS514,0.40183784995573507,0.23999241736312465
NCI-H460,cellcycle_G1_vs_G2M,AZD1390,Adagrasib,0.30616474492384205,0.5910625117618646
NCI-H460,cellcycle_G1_vs_G2M,Afatinib,Belumosudil (mesylate),0.1778902079517368,0.23577036941601648
NCI-H460,cellcycle_G1_vs_G2M,Ixazomib,Methylprednisolone succinate,0.4447836316652792,0.4348665710241797
NCI-H460,cellcycle_G1_vs_G2M,Anastrozole,Gemcitabine,0.7649952353791218,0.7173356232045787
NCI-H460,cellcycle_G1_vs_G2M,AZD-7648,Pralsetinib,0.6784806688469063,0.6481480130748266
NCI-H460,cellcycle_G1_vs_G2M,Brivudine,LY-2584702 (tosylate salt),0.424433040955355,0.4819776010330399
NCI-H460,cellcycle_G1_vs_G2M,CP21R7,Vemurafenib,0.6602490421115623,0.38950083262745067
NCI-H460,cellcycle_G1_vs_G2M,Trametinib,venetoclax,0.60905819786121,0.5761765752406512
NCI-H460,cellcycle_G1_vs_G2M,MK-8353,Tucatinib,0.7407216109229807,0.6564394636590531
NCI-H460,cellcycle_G1_vs_G2M,CP21R7,OTS514,0.5530494010030382,0.30071653940770177
NCI-H460,cellcycle_G1_vs_G2M,DTP3,Sonidegib,0.24358529939837353,0.39567536636296513
NCI-H460,cellcycle_G1_vs_G2M,9-ING-41,Pralsetinib,0.04373905721479938,-0.07653234623751173
NCI-H460,cellcycle_G1_vs_G2M,Belzutifan,EX229,0.6314021031628204,0.7241607258855045
NCI-H460,cellcycle_G1_vs_G2M,OTS514,c-Kit-IN-1,-0.26905459632087403,0.13935601773632353
NCI-H460,cellcycle_G1_vs_G2M,9-ING-41,BAY1125976,0.4459866296235919,0.3955478219954299
NCI-H460,cellcycle_G1_vs_G2M,ERK5-IN-2,Hydroxyfasudil,-0.19970798468677206,0.010613159421861917
NCI-H460,cellcycle_G1_vs_G2M,GSK1059615,Methylprednisolone succinate,0.14673733643100892,0.15698251011652573
NCI-H460,cellcycle_G1_vs_G2M,APTO-253,Adagrasib,-0.19008457283458785,0.18528234703283905
NCI-H460,cellcycle_G1_vs_G2M,MK-8353,venetoclax,-0.4474371401557121,-0.2309730370927692
NCI-H460,cellcycle_G1_vs_G2M,Irinotecan,TAK-733,0.3116766667863274,0.49775265782105127
NCI-H460,cellcycle_G1_vs_G2M,Regorafenib,Tomivosertib,0.19143595996970164,0.23156515888525356
NCI-H460,cellcycle_G1_vs_G2M,BI-3406,Ixazomib,0.25805979414974956,0.29743112986033804
NCI-H460,cellcycle_G1_vs_G2M,DTP3,Pemigatinib,0.6935685640169909,0.4676194002894569
NCI-H460,cellcycle_G1_vs_G2M,BAY1125976,Volasertib,0.420928303118334,0.33020465987687597
NCI-H460,cellcycle_G1_vs_G2M,CP21R7,RMC-6236,0.12462991256309819,0.1594896657364934
NCI-H460,cellcycle_G1_vs_G2M,TAK-733,palbociclib,0.08616687280500301,0.4005615215704089
NCI-H460,cellcycle_G1_vs_G2M,Capivasertib,PF-06260933,0.2582787781763425,0.3810361970694833
NCI-H460,cellcycle_G1_vs_G2M,AZD2858,RMC-6236,-0.019932672870111814,0.12624598199233208
NCI-H460,cellcycle_G1_vs_G2M,9-ING-41,RMC-6236,0.2391313507196668,0.3087405498430265
NCI-H460,cellcycle_G1_vs_G2M,BI-78D3,Bimiralisib,-0.08791302408525768,0.042867796126651654
NCI-H460,cellcycle_G1_vs_G2M,NVP-BHG712,Pemigatinib,0.5460862235581513,0.43214322177097314
NCI-H460,cellcycle_G1_vs_G2M,Sonidegib,olaparib,0.4312056335820338,0.6852862536059713
NCI-H460,cellcycle_G1_vs_G2M,AZD1390,Capmatinib,0.22258678536570442,0.3596298285706524
NCI-H460,cellcycle_G1_vs_G2M,Anastrozole,BI-3406,0.2503739854175606,0.3453426617590738
NCI-H460,cellcycle_G1_vs_G2M,4EGI-1,DT-061,0.07359161275007321,0.2432614935875926
NCI-H460,cellcycle_G1_vs_G2M,LJI308,Vemurafenib,0.17422688554047341,0.059519862568430094
NCI-H460,cellcycle_G1_vs_G2M,Futibatinib,GSK1059615,0.04181833283221919,0.032380670016387704
NCI-H460,cellcycle_G1_vs_G2M,Abemaciclib,Capivasertib,0.11072030162815119,0.5167976304376554
NCI-H460,cellcycle_G1_vs_G2M,Alpelisib,LY2090314,0.08627414434814948,0.12502322099900792
NCI-H460,cellcycle_G1_vs_G2M,Alpelisib,EX229,0.13589915930612625,0.17467147302275982
NCI-H460,cellcycle_G1_vs_G2M,Elimusertib hydrochloride,Encorafenib,0.2832780661967323,0.352948265532241
NCI-H460,cellcycle_G1_vs_G2M,9-ING-41,ML264,0.7856480538724391,0.6975674960791566
NCI-H460,cellcycle_G1_vs_G2M,Elimusertib hydrochloride,ML264,-0.35376602815363184,-0.37178595950744675
NCI-H460,cellcycle_G1_vs_G2M,Abemaciclib,Lapatinib ditosylate,-0.4133526224340146,0.05613412826265657
NCI-H460,cellcycle_G1_vs_G2M,APTO-253,Ipatasertib,0.6851188498817053,0.42790052804603024
NCI-H460,cellcycle_G1_vs_G2M,Erdafitinib ,Ipatasertib,0.5187129529471166,0.36704755331446437
NCI-H460,cellcycle_G1_vs_G2M,LY-2584702 (tosylate salt),Trametinib,0.21258525473590456,0.24487649898587724
NCI-H460,cellcycle_G1_vs_G2M,Bortezomib,RMC-6236,0.3122675984105216,0.45307100331214967
NCI-H460,cellcycle_G1_vs_G2M,Brivudine,Pimitespib,0.15804906047647171,0.20344507162007025
NCI-H460,cellcycle_G1_vs_G2M,Adagrasib,Tubulin inhibitor 6,0.5060786738741071,0.5769092687987951
NCI-H460,cellcycle_G1_vs_G2M,AT7519,BI-78D3,0.42930129190405675,0.30228988229437365
NCI-H460,cellcycle_G1_vs_G2M,Infigratinib,olaparib,0.2211287925115273,0.2963820481978389
NCI-H460,cellcycle_G1_vs_G2M,Anastrozole,DT-061,0.5967923831519942,0.564398901662683
NCI-H460,cellcycle_G1_vs_G2M,Lapatinib ditosylate,Temuterkib,0.7841727248248157,0.5616429715951269
NCI-H460,cellcycle_G1_vs_G2M,AZD1390,XRK3F2,0.19475295316937194,0.22555604894140252
NCI-H460,cellcycle_G1_vs_G2M,APTO-253,Capivasertib,0.3317780301616245,0.2813051935604524
NCI-H460,cellcycle_G1_vs_G2M,LY-2584702 (tosylate salt),LY2090314,-0.3242763993376251,0.002566019875975075
NCI-H460,cellcycle_G1_vs_G2M,Erdafitinib ,MK-8353,0.7329555251447661,0.5620230517696715
PANC-1,cellcycle_G1_vs_G2M,CP21R7,ULK-101,0.5447366524847749,0.5179987371585243
PANC-1,cellcycle_G1_vs_G2M,LJI308,MK-8353,0.23115146271468362,0.2876835378114174
PANC-1,cellcycle_G1_vs_G2M,APTO-253,Volasertib,0.5363524544839008,0.5857048097132825
PANC-1,cellcycle_G1_vs_G2M,Capmatinib,EX229,0.29054009494736865,0.0656119305934525
PANC-1,cellcycle_G1_vs_G2M,Irinotecan,RMC-6236,0.38205756528007656,0.5085949830810963
PANC-1,cellcycle_G1_vs_G2M,4EGI-1,venetoclax,-0.31471613937125037,-0.24541756971751377
PANC-1,cellcycle_G1_vs_G2M,EX229,XRK3F2,0.18901343847507995,0.11512954956107345
PANC-1,cellcycle_G1_vs_G2M,Dabrafenib,Paclitaxel,0.3158752340619254,0.43220801541217957
PANC-1,cellcycle_G1_vs_G2M,Elimusertib hydrochloride,Minodronic acid,0.04963415061208361,0.0820126711762798
PANC-1,cellcycle_G1_vs_G2M,Afatinib,BI-78D3,0.5467183283862226,0.5349134592310364
PANC-1,cellcycle_G1_vs_G2M,Paclitaxel,Volasertib,0.30498990821057426,0.2761717903878821
PANC-1,cellcycle_G1_vs_G2M,CP21R7,Gemcitabine,0.49400610968509273,0.5303060642692549
PANC-1,cellcycle_G1_vs_G2M,Tomivosertib,Trametinib,0.37664371141676967,0.5448162680365041
PANC-1,cellcycle_G1_vs_G2M,Belzutifan,ETC-206,0.35495690877059866,0.20331275935147375
PANC-1,cellcycle_G1_vs_G2M,MK-8353,Pimitespib,0.31217229856061096,0.3834478369212205
PANC-1,cellcycle_G1_vs_G2M,Futibatinib,Sonidegib,0.12023102630722746,0.20326542058005775
PANC-1,cellcycle_G1_vs_G2M,Abemaciclib,NVP-BHG712,-0.12567486326979183,-0.05894623110016862
PANC-1,cellcycle_G1_vs_G2M,Elimusertib hydrochloride,LB-100,-0.16295899250762727,-0.07116602174435531
PANC-1,cellcycle_G1_vs_G2M,AZD-7648,Bortezomib,0.5518371752442673,0.3993638879255223
PANC-1,cellcycle_G1_vs_G2M,AZD-7648,Paclitaxel,0.5809505337663321,0.6184031716845357
PANC-1,cellcycle_G1_vs_G2M,PH-797804,TAK-733,0.36929606591248243,0.35190895156009433
PANC-1,cellcycle_G1_vs_G2M,Abemaciclib,Capivasertib,0.27468713054832605,0.11989718844813109
PANC-1,cellcycle_G1_vs_G2M,Anastrozole,LB-100,0.5712087586388459,0.532727756724527
PANC-1,cellcycle_G1_vs_G2M,Anastrozole,Tubulin inhibitor 6,0.5095491728541236,0.551486574742856
PANC-1,cellcycle_G1_vs_G2M,BI-3406,Capmatinib,0.8272474658374287,0.825553794733044
PANC-1,cellcycle_G1_vs_G2M,ERK5-IN-2,Methylprednisolone succinate,0.35979631783122207,0.29302867732691285
PANC-1,cellcycle_G1_vs_G2M,Brivudine,vincristine,-0.24468827229925366,-0.1575359441209032
PANC-1,cellcycle_G1_vs_G2M,4EGI-1,Bentamapimod,0.41940853543827883,0.20742098132842832
PANC-1,cellcycle_G1_vs_G2M,Alpelisib,SBI-0640756,0.0015332297213861573,-0.1469379670479933
PANC-1,cellcycle_G1_vs_G2M,AZD2858,XRK3F2,0.034124867546083265,0.12757464416107211
PANC-1,cellcycle_G1_vs_G2M,4EGI-1,Alpelisib,0.047524027007523055,0.2564397192241728
PANC-1,cellcycle_G1_vs_G2M,Encorafenib,Irinotecan,0.2816836754534195,0.4167040680044329
PANC-1,cellcycle_G1_vs_G2M,Irinotecan,Methylprednisolone succinate,0.5907146878401962,0.5029974120279516
PANC-1,cellcycle_G1_vs_G2M,Pemigatinib,RMC-6236,0.14492808713542418,0.20129707511366188
PANC-1,cellcycle_G1_vs_G2M,ETC-206,NVP-BHG712,0.4292986365763889,0.5543804894803135
PANC-1,cellcycle_G1_vs_G2M,AZD1390,Sonidegib,0.11389446712793327,0.3994633243521952
PANC-1,cellcycle_G1_vs_G2M,9-ING-41,Belumosudil (mesylate),0.4457188056509266,0.5064118166587727
PANC-1,cellcycle_G1_vs_G2M,Adagrasib,venetoclax,0.22985124593387188,0.3309369516514552
PANC-1,cellcycle_G1_vs_G2M,Alpelisib,Temuterkib,0.0016008107662482535,-0.013396855556331466
PANC-1,cellcycle_G1_vs_G2M,Lapatinib ditosylate,Sapanisertib,0.5030051733495976,0.4571599024565432
PANC-1,cellcycle_G1_vs_G2M,Volasertib,XRK3F2,0.3721588691997888,0.28371793109866217
PANC-1,cellcycle_G1_vs_G2M,Celecoxib,Erdafitinib ,0.4760923097040973,0.5307284123297967
PANC-1,cellcycle_G1_vs_G2M,DTP3,TAK-901,-0.16997321300073895,-0.1428878091018081
PANC-1,cellcycle_G1_vs_G2M,TAK-901,Tucatinib,0.08399177060886387,0.1352190023101481
PANC-1,cellcycle_G1_vs_G2M,DTP3,Minodronic acid,0.5754968903955708,0.5055950059897911
PANC-1,cellcycle_G1_vs_G2M,AZD-8055,ETC-206,0.2584618798682494,0.47043153946137295
PANC-1,cellcycle_G1_vs_G2M,ETC-206,MK-3903,0.31270529758361804,0.375237477283827
PANC-1,cellcycle_G1_vs_G2M,Lonafarnib,Tomivosertib,0.11156180339860683,0.15606385938504164
PANC-1,cellcycle_G1_vs_G2M,Regorafenib,Tomivosertib,0.24043363743292462,0.22713278842849924
PANC-1,cellcycle_G1_vs_G2M,Everolimus,Pimitespib,0.23075487056038085,0.35502551839391006
PANC-1,cellcycle_G1_vs_G2M,Capmatinib,venetoclax,0.7460789862466236,0.6732588033509539
PANC-1,cellcycle_G1_vs_G2M,Belzutifan,Paclitaxel,-0.027022568214307596,-0.05865794526282726
PANC-1,cellcycle_G1_vs_G2M,4EGI-1,Pimitespib,0.22471958708467143,0.2528573605951135
PANC-1,cellcycle_G1_vs_G2M,Temuterkib,Tucatinib,0.7349739237557604,0.7832320241099534
PANC-1,cellcycle_G1_vs_G2M,Torkinib,Volasertib,0.21956384648446278,0.2275968736885011
PANC-1,cellcycle_G1_vs_G2M,Binimetinib,ETC-206,0.13809467872850953,0.3865199053335968
PANC-1,cellcycle_G1_vs_G2M,Bimiralisib,Methylprednisolone succinate,0.35890977713627126,0.3670207015197643
PANC-1,cellcycle_G1_vs_G2M,Encorafenib,Sapanisertib,0.5216913782898582,0.5731512090851567
PANC-1,cellcycle_G1_vs_G2M,BI-3406,LY2090314,0.17088138854973717,0.12645340199559402
PANC-1,cellcycle_G1_vs_G2M,Everolimus,Trametinib,0.0035381200909127587,0.24152036972618715
PANC-1,cellcycle_G1_vs_G2M,Binimetinib,EX229,0.31317786904872125,0.07432932228201163
PANC-1,cellcycle_G1_vs_G2M,Brivudine,ETC-206,0.19157183797211028,0.2610964040754855
PANC-1,cellcycle_G1_vs_G2M,CP21R7,Pemigatinib,0.5967717225235687,0.4936295627046408
PANC-1,cellcycle_G1_vs_G2M,AZD-7648,XRK3F2,0.7187934135014173,0.716643681260209
PANC-1,cellcycle_G1_vs_G2M,Sonidegib,palbociclib,0.585115380650025,0.5185831629182012
PANC-1,cellcycle_G1_vs_G2M,AZD-7648,Ipatasertib,0.3722654977321698,0.3504275178617737
PANC-1,cellcycle_G1_vs_G2M,Ixazomib,RMC-6236,0.6436395686136062,0.6891663459322415
PANC-1,cellcycle_G1_vs_G2M,ETC-206,Erdafitinib ,0.5594279888449447,0.671374135757938
PANC-1,cellcycle_G1_vs_G2M,Bortezomib,Capivasertib,0.034010688636454664,0.020368524577427265
PANC-1,cellcycle_G1_vs_G2M,IQ 1,Ralimetinib dimesylate,0.2861965549475015,0.3483731574544101
PANC-1,cellcycle_G1_vs_G2M,BI-3406,ETC-206,0.16568055936454476,0.37665911824846965
PANC-1,cellcycle_G1_vs_G2M,BI-78D3,Capmatinib,0.1118828067481269,0.1677029155442677
PANC-1,cellcycle_G1_vs_G2M,Binimetinib,LY2090314,0.011361357389883187,0.08586716206392844
PANC-1,cellcycle_G1_vs_G2M,AZD-8055,OTS514,0.21388055620295465,0.12052369095224592
PANC-1,cellcycle_G1_vs_G2M,Oxaliplatin,olaparib,0.38643522156560617,0.3717894647228928
PANC-1,cellcycle_G1_vs_G2M,ERK5-IN-2,PF-06260933,0.335118182605306,0.31213833266876173
PANC-1,cellcycle_G1_vs_G2M,Lapatinib ditosylate,TAK-733,0.10199291025098262,0.264287554603292
PANC-1,cellcycle_G1_vs_G2M,Encorafenib,Temuterkib,0.6013444506305777,0.6616608515757264
PANC-1,cellcycle_G1_vs_G2M,AZD1390,olaparib,-0.08620542052452095,0.24799793087947455
PANC-1,cellcycle_G1_vs_G2M,Temuterkib,Torkinib,-0.1867165321282515,-0.06200408677434615
PANC-1,cellcycle_G1_vs_G2M,Minodronic acid,Temuterkib,0.4231812932563537,0.5365300580969451
PANC-1,cellcycle_G1_vs_G2M,MK-3903,Oleic acid,0.2574110706227024,0.2498282240179025
PANC-1,cellcycle_G1_vs_G2M,Afatinib,Methylprednisolone succinate,0.25059932909269195,0.21778148161305888
PANC-1,cellcycle_G1_vs_G2M,Anastrozole,DTP3,0.3869497020977405,0.31577237168113015
PANC-1,cellcycle_G1_vs_G2M,Alpelisib,MK-3903,0.6322747985806849,0.6740083998424716
PANC-1,cellcycle_G1_vs_G2M,LJI308,Oleic acid,0.3572704797034508,0.307349708161337
PANC-1,cellcycle_G1_vs_G2M,BI-3406,Belzutifan,0.004552304476750757,-0.16903059670643136
PANC-1,cellcycle_G1_vs_G2M,MK-8353,Ralimetinib dimesylate,0.5407068072069833,0.5126529354007995
PANC-1,cellcycle_G1_vs_G2M,LY2090314,Minodronic acid,0.6687628718070896,0.7785261159791864
PANC-1,cellcycle_G1_vs_G2M,4EGI-1,ML264,0.15751769174211971,0.07800139791094848
PANC-1,cellcycle_G1_vs_G2M,AZD1390,EX229,0.14667117972969587,0.18988706433111904
PANC-1,cellcycle_G1_vs_G2M,ERK5-IN-2,Sonidegib,0.06721350677791603,0.1905437944899353
PANC-1,cellcycle_G1_vs_G2M,Belumosudil (mesylate),Ixazomib,0.5588801838304647,0.5070155767371975
PANC-1,cellcycle_G1_vs_G2M,HI-TOPK-032,OTS514,0.3977731343153934,0.300537613540297
PANC-1,cellcycle_G1_vs_G2M,Elimusertib hydrochloride,LJI308,0.542521215336696,0.46324164400784307
PANC-1,cellcycle_G1_vs_G2M,Bimiralisib,Ixazomib,0.6702458125403269,0.7416982159945258
PANC-1,cellcycle_G1_vs_G2M,LY2090314,SBI-0640756,0.38623930178657695,0.36061748616946154
PANC-1,cellcycle_G1_vs_G2M,BI-78D3,palbociclib,0.19302151593408118,0.12992832689975473
PANC-1,cellcycle_G1_vs_G2M,Bortezomib,Encorafenib,0.43739457055996617,0.19259986118069466
PANC-1,cellcycle_G1_vs_G2M,9-ING-41,Paclitaxel,0.8138640381509813,0.8512331754240908
Panc 03.27,cellcycle_G1_vs_G2M,Anastrozole,Binimetinib,-0.056395179525189895,0.10099713861318786
Panc 03.27,cellcycle_G1_vs_G2M,MK-3903,SBI-0640756,0.05298229565195779,0.15199353438623178
Panc 03.27,cellcycle_G1_vs_G2M,ERK5-IN-2,Minodronic acid,0.2022338499696602,0.24638872480807614
Panc 03.27,cellcycle_G1_vs_G2M,Futibatinib,c-Kit-IN-1,-0.27604572415328954,-0.2706015807409239
Panc 03.27,cellcycle_G1_vs_G2M,Afatinib,Vemurafenib,0.8496613640974058,0.8477937196062367
Panc 03.27,cellcycle_G1_vs_G2M,DT-061,GSK1059615,-0.0568460578241039,0.10915362137473991
Panc 03.27,cellcycle_G1_vs_G2M,Belzutifan,HI-TOPK-032,0.18230700922498597,0.218410935279943
Panc 03.27,cellcycle_G1_vs_G2M,AZD-7648,DTP3,0.2155187359303164,0.26092397488884816
Panc 03.27,cellcycle_G1_vs_G2M,CP21R7,Oleic acid,0.4336046728919073,0.40524024390019603
Panc 03.27,cellcycle_G1_vs_G2M,Brivudine,Irinotecan,0.31131395546439844,0.32664071137911693
Panc 03.27,cellcycle_G1_vs_G2M,Capmatinib,Ipatasertib,-0.0023509418801760107,0.03302578534569678
Panc 03.27,cellcycle_G1_vs_G2M,Torkinib,Tubulin inhibitor 6,0.43667923201279285,0.40672386672840577
Panc 03.27,cellcycle_G1_vs_G2M,ETC-206,vincristine,0.2465461703010079,0.3349051351287338
Panc 03.27,cellcycle_G1_vs_G2M,GSK1059615,Sonidegib,0.1667401066560776,0.1713828747725539
Panc 03.27,cellcycle_G1_vs_G2M,Bentamapimod,Pralsetinib,0.1525534625139673,0.10534600919297811
Panc 03.27,cellcycle_G1_vs_G2M,APTO-253,GSK1059615,-0.13944935745517292,0.0020738182825309833
Panc 03.27,cellcycle_G1_vs_G2M,Tucatinib,palbociclib,0.2723824196786442,0.33036428939487045
Panc 03.27,cellcycle_G1_vs_G2M,HI-TOPK-032,Sapanisertib,-0.1468605950268866,-0.04262232904691667
Panc 03.27,cellcycle_G1_vs_G2M,MK-8353,Ralimetinib dimesylate,0.4410492464152733,0.36549197603668765
Panc 03.27,cellcycle_G1_vs_G2M,AT7519,RMC-6236,-0.11598958786461613,-0.11174243138182786
Panc 03.27,cellcycle_G1_vs_G2M,Afatinib,SBI-0640756,-0.06102682995961629,0.06306538750151547
Panc 03.27,cellcycle_G1_vs_G2M,Alpelisib,Methylprednisolone succinate,0.05975948564730943,0.1750417425154051
Panc 03.27,cellcycle_G1_vs_G2M,AZD-8055,LB-100,0.09184552218279914,0.12933021427875602
Panc 03.27,cellcycle_G1_vs_G2M,Brivudine,LY2090314,-0.1835368466046534,-0.10567034498875699
Panc 03.27,cellcycle_G1_vs_G2M,LB-100,Pimitespib,0.2521941297400661,0.2693756691401993
Panc 03.27,cellcycle_G1_vs_G2M,Afatinib,CP21R7,0.228276444633991,0.2540849943261245
Panc 03.27,cellcycle_G1_vs_G2M,Capmatinib,NG25,0.2327571294821269,0.2138110465593099
Panc 03.27,cellcycle_G1_vs_G2M,Lapatinib ditosylate,vincristine,-0.005382694800308214,0.1088027073798927
Panc 03.27,cellcycle_G1_vs_G2M,Capmatinib,Pemigatinib,0.12633937097198678,0.12110060750771309
Panc 03.27,cellcycle_G1_vs_G2M,Futibatinib,Volasertib,0.0964524225393254,0.2560156482364152
Panc 03.27,cellcycle_G1_vs_G2M,Binimetinib,PF-06260933,-0.49447094500563876,-0.2421464075356847
Panc 03.27,cellcycle_G1_vs_G2M,DT-061,NG25,0.08433888324605877,0.3107553338156065
Panc 03.27,cellcycle_G1_vs_G2M,DT-061,LY2090314,0.2558301979855231,0.27858754656804513
Panc 03.27,cellcycle_G1_vs_G2M,ERK5-IN-2,Regorafenib,0.14907351057370852,0.28116206279074474
Panc 03.27,cellcycle_G1_vs_G2M,Dabrafenib,ERK5-IN-2,0.36571634330246977,0.3994137142380261
Panc 03.27,cellcycle_G1_vs_G2M,ERK5-IN-2,Erdafitinib ,0.39958464319989373,0.38377934617786
Panc 03.27,cellcycle_G1_vs_G2M,Brivudine,ETC-206,0.10055835660414554,0.1533922006331302
Panc 03.27,cellcycle_G1_vs_G2M,AZD1390,ULK-101,0.4377481896889458,0.36393941979174116
Panc 03.27,cellcycle_G1_vs_G2M,Belumosudil (mesylate),Encorafenib,-0.1754426002762806,-0.10510802834698965
Panc 03.27,cellcycle_G1_vs_G2M,Brivudine,TAK-733,0.3688872196058686,0.29432463696232414
Panc 03.27,cellcycle_G1_vs_G2M,AT7519,GSK1059615,0.010682782348325159,0.02326518921203795
Panc 03.27,cellcycle_G1_vs_G2M,APTO-253,BI-78D3,0.40885491604446883,0.4088621420431762
Panc 03.27,cellcycle_G1_vs_G2M,BI-78D3,SBI-0640756,0.47185965270866154,0.3733899420750463
Panc 03.27,cellcycle_G1_vs_G2M,Dabrafenib,Encorafenib,0.037905759012187686,0.06166919885858586
Panc 03.27,cellcycle_G1_vs_G2M,AT7519,AZD-7648,-0.27517142886157764,-0.15054068249197305
Panc 03.27,cellcycle_G1_vs_G2M,APTO-253,HI-TOPK-032,-0.09473333888941551,0.08228652403772733
Panc 03.27,cellcycle_G1_vs_G2M,Tomivosertib,Trametinib,-0.02184115133989714,0.1345911623293186
Panc 03.27,cellcycle_G1_vs_G2M,Binimetinib,LY-2584702 (tosylate salt),0.08989854836855463,0.09000305314868245
Panc 03.27,cellcycle_G1_vs_G2M,DTP3,Sapanisertib,0.3305388881665903,0.2968393137083478
Panc 03.27,cellcycle_G1_vs_G2M,Celecoxib,Ixazomib,0.20847528465627307,0.1848381531819624
Panc 03.27,cellcycle_G1_vs_G2M,9-ING-41,vincristine,-0.009934844066559418,-0.0008377422431103823
Panc 03.27,cellcycle_G1_vs_G2M,ERK5-IN-2,NVP-BHG712,0.3609430060195762,0.4375617617514868
Panc 03.27,cellcycle_G1_vs_G2M,Elimusertib hydrochloride,Tubulin inhibitor 6,0.3659797449011938,0.2521552384206015
Panc 03.27,cellcycle_G1_vs_G2M,CP21R7,RMC-6236,0.30262338596486893,0.24790972365691857
Panc 03.27,cellcycle_G1_vs_G2M,Paclitaxel,Pemigatinib,0.17406403379453933,0.2185646294556995
Panc 03.27,cellcycle_G1_vs_G2M,OTS514,vincristine,-0.012830344410932015,0.09129068291585833
Panc 03.27,cellcycle_G1_vs_G2M,AZD1390,venetoclax,-0.24371789578669067,0.1657237256540925
Panc 03.27,cellcycle_G1_vs_G2M,GSK1059615,Volasertib,0.22443325208074283,0.08165332195306173
Panc 03.27,cellcycle_G1_vs_G2M,9-ING-41,Paclitaxel,0.8074223369012584,0.8093436845983514
Panc 03.27,cellcycle_G1_vs_G2M,ETC-206,Elimusertib hydrochloride,0.18010461829373658,0.1425178243484021
Panc 03.27,cellcycle_G1_vs_G2M,Belumosudil (mesylate),Pralsetinib,0.3166575943355979,0.26240785631870744
Panc 03.27,cellcycle_G1_vs_G2M,ETC-206,Tomivosertib,0.23244050661970161,0.2977712148932815
Panc 03.27,cellcycle_G1_vs_G2M,Abemaciclib,Belzutifan,0.43985707892990733,0.3729752508299826
Panc 03.27,cellcycle_G1_vs_G2M,LJI308,PF-06260933,0.24602879262176558,0.2764929748954138
Panc 03.27,cellcycle_G1_vs_G2M,Encorafenib,Pemigatinib,0.18242927783897622,0.17614523970346638
Panc 03.27,cellcycle_G1_vs_G2M,BAY1125976,NVP-BHG712,0.38108313019773976,0.33308121182707096
Panc 03.27,cellcycle_G1_vs_G2M,AZD2858,Volasertib,0.4446965560703065,0.30470606659917526
Panc 03.27,cellcycle_G1_vs_G2M,Celecoxib,LJI308,0.605275212967426,0.4205900419076366
Panc 03.27,cellcycle_G1_vs_G2M,Capivasertib,Elimusertib hydrochloride,0.16246077568009215,0.22951448206163555
Panc 03.27,cellcycle_G1_vs_G2M,Elimusertib hydrochloride,ML264,-0.13348908621033642,0.046380607140097355
Panc 03.27,cellcycle_G1_vs_G2M,LY-2584702 (tosylate salt),venetoclax,0.21851505617271944,0.2877007489982844
Panc 03.27,cellcycle_G1_vs_G2M,Encorafenib,IQ 1,0.4878684362143858,0.383598819614389
Panc 03.27,cellcycle_G1_vs_G2M,APTO-253,Tubulin inhibitor 6,0.18713201562337597,0.49504240264346133
Panc 03.27,cellcycle_G1_vs_G2M,NG25,venetoclax,0.1422055669696271,0.26082559802805527
Panc 03.27,cellcycle_G1_vs_G2M,IQ 1,Paclitaxel,0.46909374225086603,0.425086524285934
Panc 03.27,cellcycle_G1_vs_G2M,Belzutifan,CP21R7,0.36721512053414923,0.30994535356052216
Panc 03.27,cellcycle_G1_vs_G2M,EX229,SBI-0640756,0.17079506002859116,0.22037209860859197
Panc 03.27,cellcycle_G1_vs_G2M,AZD2858,Belumosudil (mesylate),0.40030129750084537,0.2835909604509838
Panc 03.27,cellcycle_G1_vs_G2M,Abemaciclib,DTP3,0.10001425415972735,0.11803360568637636
Panc 03.27,cellcycle_G1_vs_G2M,ETC-206,Infigratinib,0.3688058248713384,0.34986459930819447
Panc 03.27,cellcycle_G1_vs_G2M,Anastrozole,Irinotecan,0.3926901003083495,0.4589009365946165
Panc 03.27,cellcycle_G1_vs_G2M,Abemaciclib,Torkinib,0.2729590575291185,0.3543648746005063
Panc 03.27,cellcycle_G1_vs_G2M,Infigratinib,Temuterkib,0.41676282612564414,0.41886807917777724
Panc 03.27,cellcycle_G1_vs_G2M,Pemigatinib,Temuterkib,0.3405022797773333,0.3066386533558682
Panc 03.27,cellcycle_G1_vs_G2M,Bentamapimod,Bimiralisib,0.07675059308060533,0.09800809470876615
Panc 03.27,cellcycle_G1_vs_G2M,4EGI-1,Pralsetinib,0.03038842411265221,0.07154002778351978
Panc 03.27,cellcycle_G1_vs_G2M,AZD2858,TAK-901,0.07384829135599866,0.03359702416491124
Panc 03.27,cellcycle_G1_vs_G2M,LY2090314,venetoclax,-0.31187297547267023,-0.33136679455093937
Panc 03.27,cellcycle_G1_vs_G2M,EX229,Hydroxyfasudil,0.08956766636431261,0.13363210858583674
Panc 03.27,cellcycle_G1_vs_G2M,AZD-7648,ERK5-IN-2,0.0728444681424396,0.18679666190597577
Panc 03.27,cellcycle_G1_vs_G2M,DT-061,Tomivosertib,-0.3816407909261377,-0.10767426735558383
Panc 03.27,cellcycle_G1_vs_G2M,Belumosudil (mesylate),LB-100,0.22354693559614902,0.24467845807426555
Panc 03.27,cellcycle_G1_vs_G2M,Minodronic acid,TAK-901,-0.052481874733562854,-0.0024244179432746735
Panc 03.27,cellcycle_G1_vs_G2M,9-ING-41,Pemigatinib,0.39679204047407035,0.38246951737744356
Panc 03.27,cellcycle_G1_vs_G2M,Ralimetinib dimesylate,c-Kit-IN-1,0.06371787346747919,-0.010410387958452696
Panc 03.27,cellcycle_G1_vs_G2M,NG25,Trametinib,0.31954481895936615,0.19215085359999753
Panc 03.27,cellcycle_G1_vs_G2M,Binimetinib,Hydroxyfasudil,-0.052698370365829826,0.08762448973818397
Panc 03.27,cellcycle_G1_vs_G2M,BI-78D3,Elimusertib hydrochloride,-0.04012000610480357,0.08042341931989588
Panc 03.27,cellcycle_G1_vs_G2M,AZD1390,Tubulin inhibitor 6,0.4497719048075115,0.43257971531349626
Panc 03.27,cellcycle_G1_vs_G2M,Capivasertib,Ipatasertib,0.06350347441280571,0.04318648679935614
RKO,cellcycle_G1_vs_G2M,LJI308,LY-2584702 (tosylate salt),0.3711785587239705,0.27984178829312767
RKO,cellcycle_G1_vs_G2M,Capivasertib,Capmatinib,0.07526745557011325,0.39912172113498273
RKO,cellcycle_G1_vs_G2M,Brivudine,TAK-733,0.7788047396355039,0.8214066224690896
RKO,cellcycle_G1_vs_G2M,AZD1390,Oxaliplatin,0.4524895509900768,0.4846176708154374
RKO,cellcycle_G1_vs_G2M,Binimetinib,c-Kit-IN-1,0.5836649933038653,0.6509303651768065
RKO,cellcycle_G1_vs_G2M,9-ING-41,Afatinib,0.5379420001651627,0.5875539957755552
RKO,cellcycle_G1_vs_G2M,Irinotecan,venetoclax,0.450718437652326,0.5738835627982624
RKO,cellcycle_G1_vs_G2M,APTO-253,Irinotecan,0.17085529971558588,0.08059552788587586
RKO,cellcycle_G1_vs_G2M,LB-100,Sapanisertib,0.5252933993014282,0.5452422764676893
RKO,cellcycle_G1_vs_G2M,Sapanisertib,TAK-901,-0.3009230441779978,-0.020515292024592992
RKO,cellcycle_G1_vs_G2M,Infigratinib,Oxaliplatin,0.42871101465350536,0.2906399817612313
RKO,cellcycle_G1_vs_G2M,EX229,Methylprednisolone succinate,0.3229890626998911,0.4267678544143224
RKO,cellcycle_G1_vs_G2M,Belzutifan,Tubulin inhibitor 6,0.46930678697280775,0.4135636871449308
RKO,cellcycle_G1_vs_G2M,Belumosudil (mesylate),PF-06260933,0.12156265691487443,0.24078719722624026
RKO,cellcycle_G1_vs_G2M,CP21R7,IQ 1,0.42648507514298856,0.4096069610295701
RKO,cellcycle_G1_vs_G2M,AZD-7648,c-Kit-IN-1,0.5736443060713432,0.6000894654287116
RKO,cellcycle_G1_vs_G2M,AT7519,Pralsetinib,-0.12191360503836524,0.006584339847364819
RKO,cellcycle_G1_vs_G2M,Elimusertib hydrochloride,Minodronic acid,0.14421454105824769,0.42460589047917013
RKO,cellcycle_G1_vs_G2M,DT-061,PH-797804,0.4769061247571611,0.41634443188891446
RKO,cellcycle_G1_vs_G2M,LB-100,MK-8353,0.6354644497440711,0.5475165916195035
RKO,cellcycle_G1_vs_G2M,PH-797804,Pralsetinib,0.2553698299363886,0.42201260154927633
RKO,cellcycle_G1_vs_G2M,Bortezomib,Lapatinib ditosylate,-0.2739148514037619,-0.12218875660265245
RKO,cellcycle_G1_vs_G2M,AZD2858,Minodronic acid,0.7475576983071035,0.7109878992037864
RKO,cellcycle_G1_vs_G2M,Adagrasib,Capivasertib,0.4462356740487575,0.5358477522435813
RKO,cellcycle_G1_vs_G2M,EX229,MK-3903,0.4597279368808753,0.5178425150939217
RKO,cellcycle_G1_vs_G2M,HI-TOPK-032,Pralsetinib,0.26953087790974245,0.37777485992136006
RKO,cellcycle_G1_vs_G2M,Belumosudil (mesylate),Elimusertib hydrochloride,-0.27652527540799654,0.014301287450621897
RKO,cellcycle_G1_vs_G2M,Futibatinib,Tucatinib,0.5816134548809007,0.21627264892605996
RKO,cellcycle_G1_vs_G2M,Infigratinib,Methylprednisolone succinate,0.35762874187102356,0.3883977644702299
RKO,cellcycle_G1_vs_G2M,9-ING-41,Hydroxyfasudil,0.323779084147502,0.5333300870263255
RKO,cellcycle_G1_vs_G2M,Anastrozole,Hydroxyfasudil,0.5958351479464099,0.6937918010091492
RKO,cellcycle_G1_vs_G2M,9-ING-41,Minodronic acid,0.09441154057624428,0.3002818085013309
RKO,cellcycle_G1_vs_G2M,AZD2858,Temuterkib,0.20607258268003428,0.12187731928292359
RKO,cellcycle_G1_vs_G2M,NVP-BHG712,PH-797804,-0.3156786616254456,-0.04659184972163292
RKO,cellcycle_G1_vs_G2M,Bortezomib,MK-8353,-0.25290759476952807,-0.040014394969021656
RKO,cellcycle_G1_vs_G2M,AZD2858,Belumosudil (mesylate),0.5254676679750744,0.5250417774786261
RKO,cellcycle_G1_vs_G2M,Gemcitabine,LB-100,0.6148415934743614,0.6076163362854776
RKO,cellcycle_G1_vs_G2M,PF-06260933,Pralsetinib,-0.19250026961960262,0.2538916323634624
RKO,cellcycle_G1_vs_G2M,Dabrafenib,Sapanisertib,0.28481082061317947,0.39116221324269673
RKO,cellcycle_G1_vs_G2M,BI-78D3,Binimetinib,-0.3540896281833597,0.06124352845507462
RKO,cellcycle_G1_vs_G2M,Gemcitabine,Irinotecan,0.6086604580990604,0.8586697640156268
RKO,cellcycle_G1_vs_G2M,LY-2584702 (tosylate salt),Oleic acid,0.609082920469865,0.5921572908378874
RKO,cellcycle_G1_vs_G2M,Dabrafenib,Minodronic acid,-0.034660300224082834,0.260734641111211
RKO,cellcycle_G1_vs_G2M,AZD-8055,palbociclib,0.11539901697670932,0.05325771354202875
RKO,cellcycle_G1_vs_G2M,Vemurafenib,Volasertib,0.049221316527660194,0.11952710332037336
RKO,cellcycle_G1_vs_G2M,GSK1059615,Volasertib,0.31805312693863175,0.33119501739674856
RKO,cellcycle_G1_vs_G2M,EX229,Lapatinib ditosylate,-0.2869735129653712,0.043952756759379735
RKO,cellcycle_G1_vs_G2M,9-ING-41,APTO-253,0.5183986376517447,0.7646017163854656
RKO,cellcycle_G1_vs_G2M,Lapatinib ditosylate,vincristine,0.12007929846602788,0.34077575926467985
RKO,cellcycle_G1_vs_G2M,Ralimetinib dimesylate,Tucatinib,0.5881181990965761,0.6452038640447559
RKO,cellcycle_G1_vs_G2M,Hydroxyfasudil,Torkinib,0.5032463821980907,0.3941937334962834
RKO,cellcycle_G1_vs_G2M,Torkinib,Trametinib,0.10416605018695718,0.2412626608129324
RKO,cellcycle_G1_vs_G2M,DTP3,Erdafitinib ,0.4691251001603994,0.5162720493177019
RKO,cellcycle_G1_vs_G2M,Encorafenib,OTS514,-0.21708933493447463,-0.16103141657724093
RKO,cellcycle_G1_vs_G2M,Dabrafenib,Lapatinib ditosylate,0.055547220862298685,0.26402285113586343
RKO,cellcycle_G1_vs_G2M,AZD-7648,BAY1125976,0.07996666723370838,-0.06248705446241837
RKO,cellcycle_G1_vs_G2M,AZD1390,Pralsetinib,0.3909582714908164,0.24548812090613978
RKO,cellcycle_G1_vs_G2M,ERK5-IN-2,Sapanisertib,0.8093393559399331,0.7780014290436561
RKO,cellcycle_G1_vs_G2M,EX229,vincristine,0.5722043255782218,0.504156611995348
RKO,cellcycle_G1_vs_G2M,AZD-7648,PH-797804,0.6043722557771678,0.5002942328336075
RKO,cellcycle_G1_vs_G2M,Lapatinib ditosylate,RMC-6236,-0.22986300885414118,-0.013975665146751812
RKO,cellcycle_G1_vs_G2M,AZD-7648,ERK5-IN-2,-0.406497835772723,-0.21165422791515587
RKO,cellcycle_G1_vs_G2M,TAK-901,venetoclax,0.525100155159248,0.45165777168540727
RKO,cellcycle_G1_vs_G2M,DT-061,DTP3,0.13097369070179435,0.12275439163959963
RKO,cellcycle_G1_vs_G2M,Bentamapimod,Volasertib,0.6381381846329258,0.6215028816902824
RKO,cellcycle_G1_vs_G2M,Irinotecan,Oleic acid,0.4711472721424787,0.465525517581706
RKO,cellcycle_G1_vs_G2M,Belzutifan,PF-06260933,0.1944636979658844,0.33424460155144614
RKO,cellcycle_G1_vs_G2M,MK-3903,venetoclax,0.5401344996128858,0.5428614447382233
RKO,cellcycle_G1_vs_G2M,9-ING-41,Encorafenib,0.24387040582943326,0.23898768930578482
RKO,cellcycle_G1_vs_G2M,Belzutifan,Lapatinib ditosylate,0.504352669934968,0.44594715389960043
RKO,cellcycle_G1_vs_G2M,LY2090314,ML264,0.523462257942996,0.4604280249501
RKO,cellcycle_G1_vs_G2M,4EGI-1,Sonidegib,0.3086461422225197,0.377060853261828
RKO,cellcycle_G1_vs_G2M,Alpelisib,Torkinib,0.5155719345336909,0.2962203971379779
RKO,cellcycle_G1_vs_G2M,AT7519,Ralimetinib dimesylate,0.6324607259520185,0.5833647794836252
RKO,cellcycle_G1_vs_G2M,4EGI-1,Futibatinib,0.7010773480086059,0.32217800015060566
RKO,cellcycle_G1_vs_G2M,Belzutifan,TAK-733,0.3840701757985206,0.4121253892480536
RKO,cellcycle_G1_vs_G2M,4EGI-1,9-ING-41,0.3289773339474709,0.540989523196128
RKO,cellcycle_G1_vs_G2M,BI-78D3,Ixazomib,0.42645376129875845,0.4371719531558833
RKO,cellcycle_G1_vs_G2M,Pralsetinib,ULK-101,0.2707269448273514,-0.02614359833327451
RKO,cellcycle_G1_vs_G2M,4EGI-1,PF-06260933,0.06896766646024702,0.21014775436763192
RKO,cellcycle_G1_vs_G2M,4EGI-1,HI-TOPK-032,-0.002288016708627171,0.3177846782340034
RKO,cellcycle_G1_vs_G2M,Bimiralisib,CP21R7,-0.01760443738342081,0.19450740376046463
RKO,cellcycle_G1_vs_G2M,Methylprednisolone succinate,venetoclax,0.3500795364333854,0.5573016792302005
RKO,cellcycle_G1_vs_G2M,DT-061,Vemurafenib,0.5316747256827552,0.4665887164382425
RKO,cellcycle_G1_vs_G2M,Hydroxyfasudil,Lapatinib ditosylate,0.5969322320281301,0.48224340230798307
RKO,cellcycle_G1_vs_G2M,Celecoxib,ML264,0.22521661935431908,0.49730433279068054
RKO,cellcycle_G1_vs_G2M,PH-797804,Tomivosertib,0.1710738315226738,0.3066365996275899
RKO,cellcycle_G1_vs_G2M,Torkinib,c-Kit-IN-1,0.32400844625163894,0.49216999604784983
RKO,cellcycle_G1_vs_G2M,AZD-8055,HI-TOPK-032,-0.25427142869553643,0.021519207796600368
RKO,cellcycle_G1_vs_G2M,AZD-7648,Afatinib,0.45571371793702126,0.3496547818730492
RKO,cellcycle_G1_vs_G2M,Afatinib,CP21R7,0.19436620174556798,0.3079803663753664
RKO,cellcycle_G1_vs_G2M,BAY1125976,GSK1059615,0.4516441764457092,0.5102578091650277
RKO,cellcycle_G1_vs_G2M,Bortezomib,LY-2584702 (tosylate salt),0.3942352389566778,0.2786543281760178
RKO,cellcycle_G1_vs_G2M,Bortezomib,Minodronic acid,0.17911714443648794,0.4606723619339242
RKO,cellcycle_G1_vs_G2M,ETC-206,EX229,0.1267245100534524,0.4114994841644858
RKO,cellcycle_G1_vs_G2M,Erdafitinib ,Infigratinib,0.47415171162971315,0.45650459959129164
RKO,cellcycle_G1_vs_G2M,Celecoxib,Minodronic acid,0.7365660999110752,0.7452148380257213
RKO,cellcycle_G1_vs_G2M,Everolimus,OTS514,0.09691361215683694,0.11677318706366459
RKO,cellcycle_G1_vs_G2M,Bortezomib,DT-061,0.5066658861420658,0.4080599090255842
RKO,cellcycle_G1_vs_G2M,Adagrasib,Bortezomib,0.3166245294306834,0.5287257968427559
RPMI-7951,cellcycle_G1_vs_G2M,AZD1390,ETC-206,0.54964367435392,0.3649142873990315
RPMI-7951,cellcycle_G1_vs_G2M,ERK5-IN-2,Everolimus,0.3500648388442397,0.4175246473387826
RPMI-7951,cellcycle_G1_vs_G2M,Gemcitabine,Temuterkib,0.42495628959077925,0.5080224415887606
RPMI-7951,cellcycle_G1_vs_G2M,AZD1390,Tubulin inhibitor 6,0.6502718283262591,0.36044304159623797
RPMI-7951,cellcycle_G1_vs_G2M,ERK5-IN-2,Temuterkib,0.5507620952777199,0.577542053882661
RPMI-7951,cellcycle_G1_vs_G2M,Abemaciclib,Tucatinib,0.10865674391705324,0.1533176549211132
RPMI-7951,cellcycle_G1_vs_G2M,CP21R7,ML264,0.38290843693030724,0.49159925543097216
RPMI-7951,cellcycle_G1_vs_G2M,Irinotecan,XRK3F2,0.27437927131825085,0.41009443144683577
RPMI-7951,cellcycle_G1_vs_G2M,AZD1390,Dabrafenib,0.5161743119870893,0.3432044774854713
RPMI-7951,cellcycle_G1_vs_G2M,Irinotecan,Regorafenib,0.41979401593773047,0.43704929918852126
RPMI-7951,cellcycle_G1_vs_G2M,Everolimus,Paclitaxel,0.5488063007547093,0.5962057074713378
RPMI-7951,cellcycle_G1_vs_G2M,Abemaciclib,Brivudine,0.5294717491468056,0.5554720182435668
RPMI-7951,cellcycle_G1_vs_G2M,BI-78D3,Vemurafenib,0.5538850271890388,0.5689883535740992
RPMI-7951,cellcycle_G1_vs_G2M,ML264,palbociclib,0.14402840300815886,0.30575567229536155
RPMI-7951,cellcycle_G1_vs_G2M,9-ING-41,DT-061,0.08577321214817704,0.3008674900646226
RPMI-7951,cellcycle_G1_vs_G2M,Ralimetinib dimesylate,Trametinib,0.31521815263467523,0.3056542679538397
RPMI-7951,cellcycle_G1_vs_G2M,AZD-8055,Oxaliplatin,0.3378112793960113,0.3983984205007731
RPMI-7951,cellcycle_G1_vs_G2M,Afatinib,Tomivosertib,0.4656702792262397,0.449841506849743
RPMI-7951,cellcycle_G1_vs_G2M,AT7519,Pemigatinib,0.4678177006142864,0.4416767433488433
RPMI-7951,cellcycle_G1_vs_G2M,PH-797804,XRK3F2,0.21604760158787897,0.19369236626650577
RPMI-7951,cellcycle_G1_vs_G2M,Dabrafenib,Volasertib,0.33206174199908434,0.2039832844950033
RPMI-7951,cellcycle_G1_vs_G2M,Celecoxib,palbociclib,0.29178439683794716,0.27128210867766134
RPMI-7951,cellcycle_G1_vs_G2M,APTO-253,HI-TOPK-032,0.3632104471823841,0.24276426444476468
RPMI-7951,cellcycle_G1_vs_G2M,Everolimus,Regorafenib,0.42975329753582076,0.4698995825751565
RPMI-7951,cellcycle_G1_vs_G2M,Temuterkib,Tomivosertib,0.39204307556980117,0.41212606584550976
RPMI-7951,cellcycle_G1_vs_G2M,Dabrafenib,Lapatinib ditosylate,0.42036382660581206,0.46487206021378447
RPMI-7951,cellcycle_G1_vs_G2M,Gemcitabine,ML264,0.38341287940852686,0.5353392055018695
RPMI-7951,cellcycle_G1_vs_G2M,APTO-253,TAK-901,0.04649485064230037,0.09773975171301129
RPMI-7951,cellcycle_G1_vs_G2M,Brivudine,CP21R7,0.2225346241291221,0.4166232877472109
RPMI-7951,cellcycle_G1_vs_G2M,Anastrozole,DT-061,0.49683260365759707,0.46159821388855266
RPMI-7951,cellcycle_G1_vs_G2M,APTO-253,Pemigatinib,0.7065535007163716,0.5476866135331406
RPMI-7951,cellcycle_G1_vs_G2M,IQ 1,MK-3903,0.6728098601144877,0.47129555178993154
RPMI-7951,cellcycle_G1_vs_G2M,APTO-253,CP21R7,0.4179679688295401,0.4001430376066228
RPMI-7951,cellcycle_G1_vs_G2M,Temuterkib,palbociclib,0.3308786955382464,0.35779116159610036
RPMI-7951,cellcycle_G1_vs_G2M,APTO-253,Temuterkib,0.5178756539645181,0.5253566506544377
RPMI-7951,cellcycle_G1_vs_G2M,Brivudine,ETC-206,0.3597294389577737,0.2141075606435475
RPMI-7951,cellcycle_G1_vs_G2M,Trametinib,XRK3F2,0.5096770297010802,0.5281226790526133
RPMI-7951,cellcycle_G1_vs_G2M,MK-3903,TAK-901,0.2207457997079581,0.13205242505859147
RPMI-7951,cellcycle_G1_vs_G2M,AT7519,AZD1390,0.39222921881313627,0.22019929063387625
RPMI-7951,cellcycle_G1_vs_G2M,Afatinib,Ipatasertib,0.7730367453657518,0.7399430263845721
RPMI-7951,cellcycle_G1_vs_G2M,AZD-7648,LY2090314,0.45094997017440275,0.29547049478527004
RPMI-7951,cellcycle_G1_vs_G2M,Oleic acid,palbociclib,0.49211926080770624,0.3071010424807839
RPMI-7951,cellcycle_G1_vs_G2M,AZD1390,Irinotecan,0.6433142531439207,0.4778151703521416
RPMI-7951,cellcycle_G1_vs_G2M,AZD-8055,ML264,0.3661029384755953,0.40112862988351644
RPMI-7951,cellcycle_G1_vs_G2M,LB-100,Regorafenib,0.13409920512108442,0.38191994634461457
RPMI-7951,cellcycle_G1_vs_G2M,Brivudine,Trametinib,0.41654310404364514,0.3864243018881028
RPMI-7951,cellcycle_G1_vs_G2M,Afatinib,Trametinib,0.6212716292992594,0.6544776648083048
RPMI-7951,cellcycle_G1_vs_G2M,ML264,Tomivosertib,0.4334405047106792,0.5083348882271004
RPMI-7951,cellcycle_G1_vs_G2M,DT-061,Infigratinib,-0.06224985808203907,0.1610448613163078
RPMI-7951,cellcycle_G1_vs_G2M,Bentamapimod,olaparib,0.16982751326493037,0.18818830936288683
RPMI-7951,cellcycle_G1_vs_G2M,Paclitaxel,palbociclib,0.25160457648269774,0.38334938669350976
RPMI-7951,cellcycle_G1_vs_G2M,APTO-253,Paclitaxel,0.4858004796261155,0.46450763825688784
RPMI-7951,cellcycle_G1_vs_G2M,IQ 1,Temuterkib,0.39132648026559474,0.35462707137209826
RPMI-7951,cellcycle_G1_vs_G2M,Belumosudil (mesylate),Temuterkib,0.208631817668174,0.2962813464062236
RPMI-7951,cellcycle_G1_vs_G2M,Bentamapimod,Capivasertib,0.27691670289586334,0.3369845002850214
RPMI-7951,cellcycle_G1_vs_G2M,Erdafitinib ,Ipatasertib,0.17674240078250453,0.2701291937764788
RPMI-7951,cellcycle_G1_vs_G2M,Abemaciclib,BI-3406,0.35712759114798936,0.33199859392261155
RPMI-7951,cellcycle_G1_vs_G2M,Celecoxib,Trametinib,0.17640265864068422,0.2523580464546278
RPMI-7951,cellcycle_G1_vs_G2M,Abemaciclib,Minodronic acid,0.1338693805147619,0.057196894366616916
RPMI-7951,cellcycle_G1_vs_G2M,ML264,Temuterkib,0.7727657866488782,0.6673441849191581
RPMI-7951,cellcycle_G1_vs_G2M,BI-3406,Brivudine,0.3307941414129766,0.41251070895087544
RPMI-7951,cellcycle_G1_vs_G2M,Bentamapimod,GSK1059615,0.5578399785506176,0.387975766246468
RPMI-7951,cellcycle_G1_vs_G2M,AZD1390,Tomivosertib,0.6101845802688834,0.5535774143604317
RPMI-7951,cellcycle_G1_vs_G2M,IQ 1,Vemurafenib,0.32704477664392273,0.3490098150046811
RPMI-7951,cellcycle_G1_vs_G2M,BAY1125976,Everolimus,0.5825038805156074,0.5180663683834995
RPMI-7951,cellcycle_G1_vs_G2M,Ralimetinib dimesylate,Vemurafenib,0.5803699088630633,0.5383157965387296
RPMI-7951,cellcycle_G1_vs_G2M,IQ 1,NVP-BHG712,0.35599882219794976,0.3813974528758887
RPMI-7951,cellcycle_G1_vs_G2M,Oxaliplatin,olaparib,0.34422469153225893,0.45399545985593737
RPMI-7951,cellcycle_G1_vs_G2M,9-ING-41,Volasertib,0.47286035204750354,0.23982298745254488
RPMI-7951,cellcycle_G1_vs_G2M,Anastrozole,Oleic acid,0.45226585285465526,0.29098939498192505
RPMI-7951,cellcycle_G1_vs_G2M,Belumosudil (mesylate),palbociclib,0.2904981121836507,0.21314247425362412
RPMI-7951,cellcycle_G1_vs_G2M,Vemurafenib,Volasertib,0.26697882000953266,0.24657728915749577
RPMI-7951,cellcycle_G1_vs_G2M,Erdafitinib ,Lapatinib ditosylate,0.6284348763807093,0.5448883544171284
RPMI-7951,cellcycle_G1_vs_G2M,ETC-206,IQ 1,0.5093165996529284,0.3923951107486337
RPMI-7951,cellcycle_G1_vs_G2M,GSK1059615,Infigratinib,0.2533601901255595,0.30869458235098673
RPMI-7951,cellcycle_G1_vs_G2M,AZD-8055,Dabrafenib,0.4904194730794541,0.5051655405123526
RPMI-7951,cellcycle_G1_vs_G2M,Capivasertib,Vemurafenib,0.268705178444184,0.28515288483954254
RPMI-7951,cellcycle_G1_vs_G2M,BAY1125976,PH-797804,0.21479974397538848,0.16154533896186002
RPMI-7951,cellcycle_G1_vs_G2M,Tomivosertib,XRK3F2,0.5466434188946596,0.43116926613481044
RPMI-7951,cellcycle_G1_vs_G2M,NVP-BHG712,Volasertib,0.36040761193803195,0.28511220205895066
RPMI-7951,cellcycle_G1_vs_G2M,Anastrozole,BI-78D3,0.4437434184155237,0.39491330818602355
RPMI-7951,cellcycle_G1_vs_G2M,BI-3406,Encorafenib,0.6053010799512195,0.5399406681236171
RPMI-7951,cellcycle_G1_vs_G2M,ML264,Sapanisertib,0.5213336008268614,0.5309049456793835
RPMI-7951,cellcycle_G1_vs_G2M,AZD-8055,Paclitaxel,0.5021806388919252,0.5307845912354907
RPMI-7951,cellcycle_G1_vs_G2M,BI-78D3,XRK3F2,0.6595713050261356,0.6410045289709424
RPMI-7951,cellcycle_G1_vs_G2M,LB-100,Sapanisertib,0.37501841613611686,0.47461717420037675
RPMI-7951,cellcycle_G1_vs_G2M,AZD1390,TAK-901,0.2196977383561445,0.1841099637653261
RPMI-7951,cellcycle_G1_vs_G2M,Bimiralisib,Everolimus,0.48720767690945616,0.4337312117335503
RPMI-7951,cellcycle_G1_vs_G2M,Irinotecan,Tubulin inhibitor 6,0.543243060932604,0.4057958025197031
RPMI-7951,cellcycle_G1_vs_G2M,Bimiralisib,Ipatasertib,0.6272962153150334,0.5633380834713803
RPMI-7951,cellcycle_G1_vs_G2M,AZD-7648,Tomivosertib,0.1297501646802395,0.09964262522792512
RPMI-7951,cellcycle_G1_vs_G2M,Ipatasertib,Oxaliplatin,0.16077452524303248,0.34023710870815016
RPMI-7951,cellcycle_G1_vs_G2M,Infigratinib,Lapatinib ditosylate,0.314184943430466,0.4030039092052919
RPMI-7951,cellcycle_G1_vs_G2M,Bimiralisib,Pemigatinib,0.3480511022909707,0.27094400995340634
RPMI-7951,cellcycle_G1_vs_G2M,GSK1059615,Vemurafenib,0.28495089738035184,0.26636457935139113
RPMI-7951,cellcycle_G1_vs_G2M,LY2090314,palbociclib,0.6194650619822665,0.43917679494443584
RPMI-7951,cellcycle_G1_vs_G2M,NVP-BHG712,palbociclib,0.4041636444303621,0.4638328684385901
RPMI-7951,cellcycle_G1_vs_G2M,APTO-253,AT7519,0.5755343719174625,0.42055461914211656
RPMI-7951,cellcycle_G1_vs_G2M,Abemaciclib,ETC-206,0.4194345100878499,0.14270551487639954
RPMI-7951,cellcycle_G1_vs_G2M,Tomivosertib,Vemurafenib,0.2288029877332772,0.22350798686589723
SHP-77,cellcycle_G1_vs_G2M,Binimetinib,SBI-0640756,0.0628170388216778,0.05794706429020614
SHP-77,cellcycle_G1_vs_G2M,Abemaciclib,Afatinib,0.006030983377977979,0.09834774985513818
SHP-77,cellcycle_G1_vs_G2M,ERK5-IN-2,Lonafarnib,0.42464244308808796,0.3342371442970457
SHP-77,cellcycle_G1_vs_G2M,Alpelisib,DT-061,0.7180444876644332,0.6483904118160486
SHP-77,cellcycle_G1_vs_G2M,AZD1390,Erdafitinib ,0.49704011182132124,0.3909825921927318
SHP-77,cellcycle_G1_vs_G2M,AZD-8055,PF-06260933,-0.2661958417336559,0.08346900937214151
SHP-77,cellcycle_G1_vs_G2M,Bimiralisib,Lapatinib ditosylate,0.3788095562496594,0.3717270553029032
SHP-77,cellcycle_G1_vs_G2M,DTP3,Tubulin inhibitor 6,0.42316017253027366,0.44687423271212146
SHP-77,cellcycle_G1_vs_G2M,Lapatinib ditosylate,Pemigatinib,0.5862836668821967,0.5731018090632816
SHP-77,cellcycle_G1_vs_G2M,Irinotecan,TAK-901,0.5176059183300705,0.5332003918437216
SHP-77,cellcycle_G1_vs_G2M,Belumosudil (mesylate),HI-TOPK-032,0.3460090216988098,0.41930637965351875
SHP-77,cellcycle_G1_vs_G2M,AZD-7648,Abemaciclib,0.1492311947881894,0.22385411255852103
SHP-77,cellcycle_G1_vs_G2M,Irinotecan,Lonafarnib,0.409523963397553,0.517556579921288
SHP-77,cellcycle_G1_vs_G2M,Tubulin inhibitor 6,ULK-101,0.48086211394109857,0.4164654941509589
SHP-77,cellcycle_G1_vs_G2M,AT7519,Tucatinib,0.39597013360457933,0.28558074361506547
SHP-77,cellcycle_G1_vs_G2M,BI-3406,Brivudine,0.5716149768707597,0.4911098700916056
SHP-77,cellcycle_G1_vs_G2M,ML264,PF-06260933,0.3498582105784706,0.45121216529974034
SHP-77,cellcycle_G1_vs_G2M,AT7519,HI-TOPK-032,0.4641924910974631,0.42387557340815724
SHP-77,cellcycle_G1_vs_G2M,Belumosudil (mesylate),Tubulin inhibitor 6,0.4241434063720425,0.45091802367689315
SHP-77,cellcycle_G1_vs_G2M,Capivasertib,Pimitespib,0.34540269751880787,0.5245511142498243
SHP-77,cellcycle_G1_vs_G2M,AZD1390,Pemigatinib,0.5206333070986754,0.2385666491561051
SHP-77,cellcycle_G1_vs_G2M,Gemcitabine,TAK-901,0.38688130894232825,0.5525673782418427
SHP-77,cellcycle_G1_vs_G2M,PH-797804,Regorafenib,0.4977335724915882,0.5233014424898829
SHP-77,cellcycle_G1_vs_G2M,Paclitaxel,Tomivosertib,0.3396609230661187,0.375947918296345
SHP-77,cellcycle_G1_vs_G2M,Futibatinib,Pralsetinib,0.07067137570750028,0.027904498659232443
SHP-77,cellcycle_G1_vs_G2M,Paclitaxel,ULK-101,0.49333131313420847,0.5210578551716706
SHP-77,cellcycle_G1_vs_G2M,Brivudine,Regorafenib,0.5239847671930573,0.4373806676579556
SHP-77,cellcycle_G1_vs_G2M,NG25,XRK3F2,0.47475643909162524,0.47645073888606243
SHP-77,cellcycle_G1_vs_G2M,AT7519,Ixazomib,0.10949611606992775,0.12041587349754249
SHP-77,cellcycle_G1_vs_G2M,Bimiralisib,Ixazomib,0.4764673585723016,0.4881640738184216
SHP-77,cellcycle_G1_vs_G2M,AT7519,Afatinib,0.07828170996179543,0.07408336883561838
SHP-77,cellcycle_G1_vs_G2M,BAY1125976,RMC-6236,-0.047398444384166724,0.001536290795921054
SHP-77,cellcycle_G1_vs_G2M,AZD2858,Encorafenib,0.31653702625555136,0.2681531904179145
SHP-77,cellcycle_G1_vs_G2M,Ipatasertib,palbociclib,0.5049739677766629,0.39308268321203654
SHP-77,cellcycle_G1_vs_G2M,Pemigatinib,Sapanisertib,0.5040718275119813,0.45478805836069514
SHP-77,cellcycle_G1_vs_G2M,Binimetinib,TAK-901,0.31631632208453325,0.21076570062551817
SHP-77,cellcycle_G1_vs_G2M,Hydroxyfasudil,TAK-733,0.314938022490613,0.35057792165407975
SHP-77,cellcycle_G1_vs_G2M,EX229,Pemigatinib,0.184981049096649,0.24045140898189352
SHP-77,cellcycle_G1_vs_G2M,Adagrasib,Capivasertib,0.4012537886613347,0.4444362898523086
SHP-77,cellcycle_G1_vs_G2M,GSK1059615,Oleic acid,0.14801224115037562,0.20819490080461825
SHP-77,cellcycle_G1_vs_G2M,Bentamapimod,Everolimus,0.5602668325577852,0.5588545847395927
SHP-77,cellcycle_G1_vs_G2M,Adagrasib,CP21R7,0.3364437838016904,0.2669575541096397
SHP-77,cellcycle_G1_vs_G2M,Lonafarnib,Ralimetinib dimesylate,0.3100095911801217,0.2292156803219894
SHP-77,cellcycle_G1_vs_G2M,DT-061,vincristine,0.0026347361381433426,0.11749288015961905
SHP-77,cellcycle_G1_vs_G2M,4EGI-1,Elimusertib hydrochloride,0.020109440720015703,0.2270316710346404
SHP-77,cellcycle_G1_vs_G2M,c-Kit-IN-1,vincristine,0.3365375780260378,0.47405771487676257
SHP-77,cellcycle_G1_vs_G2M,Lonafarnib,Tubulin inhibitor 6,0.34105913603424215,0.32763203545087416
SHP-77,cellcycle_G1_vs_G2M,Celecoxib,RMC-6236,0.21214197128567502,0.2904426667645044
SHP-77,cellcycle_G1_vs_G2M,Bimiralisib,Dabrafenib,-0.1033422180039847,-0.0029354856661267907
SHP-77,cellcycle_G1_vs_G2M,Lonafarnib,TAK-733,0.26111440570367095,0.445410253234298
SHP-77,cellcycle_G1_vs_G2M,APTO-253,Temuterkib,0.6471514529598607,0.5820664072876486
SHP-77,cellcycle_G1_vs_G2M,Erdafitinib ,Ixazomib,0.31857798344086735,0.3022377083361737
SHP-77,cellcycle_G1_vs_G2M,AZD-8055,Belumosudil (mesylate),0.07421423792746326,0.29248318554265623
SHP-77,cellcycle_G1_vs_G2M,RMC-6236,TAK-733,0.3424236014701997,0.412501770086127
SHP-77,cellcycle_G1_vs_G2M,Ixazomib,Pralsetinib,0.33984575964909364,0.23499128925944832
SHP-77,cellcycle_G1_vs_G2M,BI-3406,NVP-BHG712,0.2588072920896012,0.42742573681317425
SHP-77,cellcycle_G1_vs_G2M,Minodronic acid,Tubulin inhibitor 6,0.3907469807425069,0.4222652473685568
SHP-77,cellcycle_G1_vs_G2M,MK-3903,vincristine,0.07539151880359778,0.20745279967767263
SHP-77,cellcycle_G1_vs_G2M,Binimetinib,CP21R7,0.2955415066025671,0.3791815329725768
SHP-77,cellcycle_G1_vs_G2M,Afatinib,EX229,0.22823337461541532,0.34813689020284
SHP-77,cellcycle_G1_vs_G2M,LJI308,MK-3903,0.28587108029437924,0.5071196618331713
SHP-77,cellcycle_G1_vs_G2M,Hydroxyfasudil,Paclitaxel,0.26219030439607016,0.28852590550365426
SHP-77,cellcycle_G1_vs_G2M,Methylprednisolone succinate,Tucatinib,0.43082633066053017,0.4655753652946383
SHP-77,cellcycle_G1_vs_G2M,Binimetinib,EX229,0.3897933063057898,0.30871437159662
SHP-77,cellcycle_G1_vs_G2M,c-Kit-IN-1,olaparib,0.5946626212947984,0.6136156450834126
SHP-77,cellcycle_G1_vs_G2M,Everolimus,Paclitaxel,0.5545157666823786,0.4764190811189104
SHP-77,cellcycle_G1_vs_G2M,4EGI-1,ULK-101,0.2573515062825683,0.3066773979707441
SHP-77,cellcycle_G1_vs_G2M,LJI308,XRK3F2,0.16698089334586336,0.36210410942590193
SHP-77,cellcycle_G1_vs_G2M,Alpelisib,Ixazomib,0.4979652745283889,0.4793490299211759
SHP-77,cellcycle_G1_vs_G2M,AZD-7648,Oleic acid,0.04549413327561334,0.29516967570618596
SHP-77,cellcycle_G1_vs_G2M,AZD-8055,Oleic acid,0.02006302131976368,0.24030612141058877
SHP-77,cellcycle_G1_vs_G2M,Anastrozole,ETC-206,0.5819507925784522,0.5748170286331232
SHP-77,cellcycle_G1_vs_G2M,9-ING-41,olaparib,0.41937769740467745,0.4412107738699481
SHP-77,cellcycle_G1_vs_G2M,Infigratinib,Lapatinib ditosylate,0.4529334957537254,0.41451923024415455
SHP-77,cellcycle_G1_vs_G2M,Paclitaxel,Tucatinib,0.3787938064348191,0.4915018802844207
SHP-77,cellcycle_G1_vs_G2M,AT7519,PF-06260933,0.30324486782513255,0.5176813062392169
SHP-77,cellcycle_G1_vs_G2M,AZD2858,Alpelisib,0.2011457221493949,0.07204820078287993
SHP-77,cellcycle_G1_vs_G2M,DT-061,NG25,0.43343457627207754,0.4346718012872979
SHP-77,cellcycle_G1_vs_G2M,Capmatinib,Paclitaxel,0.7078652913517708,0.670529034395838
SHP-77,cellcycle_G1_vs_G2M,AT7519,AZD-8055,0.09676115340688357,0.18320047559971236
SHP-77,cellcycle_G1_vs_G2M,Belzutifan,Pralsetinib,0.32148755680557217,0.3939533499192622
SHP-77,cellcycle_G1_vs_G2M,Binimetinib,Oleic acid,0.06299972164658663,0.21525548640532013
SHP-77,cellcycle_G1_vs_G2M,CP21R7,Lonafarnib,0.4660750427361026,0.2890627499178393
SHP-77,cellcycle_G1_vs_G2M,Encorafenib,LB-100,0.4719015241443333,0.5389837309577521
SHP-77,cellcycle_G1_vs_G2M,Erdafitinib ,ULK-101,0.37608217593484766,0.39960655341287765
SHP-77,cellcycle_G1_vs_G2M,MK-8353,PH-797804,0.3781988373628879,0.30339906281507956
SHP-77,cellcycle_G1_vs_G2M,Pralsetinib,ULK-101,0.4544880856016007,0.42348702564936097
SHP-77,cellcycle_G1_vs_G2M,GSK1059615,Pralsetinib,0.3065631815015658,0.2664199481534495
SHP-77,cellcycle_G1_vs_G2M,Regorafenib,Trametinib,0.8022427122945983,0.7323121135323443
SHP-77,cellcycle_G1_vs_G2M,BAY1125976,Methylprednisolone succinate,0.3141048930529046,0.3304382025664856
SHP-77,cellcycle_G1_vs_G2M,Alpelisib,olaparib,0.3891493790984962,0.37076724348612383
SHP-77,cellcycle_G1_vs_G2M,BI-78D3,Methylprednisolone succinate,0.5422804444838737,0.5409366068266515
SHP-77,cellcycle_G1_vs_G2M,Belumosudil (mesylate),Oleic acid,0.6142791308174733,0.6885459036258893
SHP-77,cellcycle_G1_vs_G2M,ML264,Temuterkib,0.776137534838834,0.72004919283462
SHP-77,cellcycle_G1_vs_G2M,Afatinib,Gemcitabine,0.3156523318049028,0.40258448007038583
SHP-77,cellcycle_G1_vs_G2M,Bimiralisib,Paclitaxel,0.800501534087649,0.7997082033657474
SHP-77,cellcycle_G1_vs_G2M,LY2090314,Regorafenib,0.20954378611871716,0.3587253062727802
SHP-77,cellcycle_G1_vs_G2M,Ixazomib,PF-06260933,-0.21311904616057212,-0.10013912097432277
SHP-77,cellcycle_G1_vs_G2M,Irinotecan,TAK-733,0.5252775266636576,0.4892647230437276
SHP-77,cellcycle_G1_vs_G2M,4EGI-1,Methylprednisolone succinate,0.36937328203405945,0.526953806343885
SK-MEL-2,cellcycle_G1_vs_G2M,MK-3903,Vemurafenib,0.6473104097289156,0.5108355058087428
SK-MEL-2,cellcycle_G1_vs_G2M,MK-8353,Tubulin inhibitor 6,0.45295039527354286,0.60670701660828
SK-MEL-2,cellcycle_G1_vs_G2M,Alpelisib,Lapatinib ditosylate,0.08378226527368621,0.32457738061316893
SK-MEL-2,cellcycle_G1_vs_G2M,BI-78D3,TAK-901,-0.1298438161664492,0.0970287708909206
SK-MEL-2,cellcycle_G1_vs_G2M,LJI308,PH-797804,0.29571340828670106,0.43126570803368425
SK-MEL-2,cellcycle_G1_vs_G2M,Bimiralisib,Ixazomib,0.2897136787195295,0.31235640295769684
SK-MEL-2,cellcycle_G1_vs_G2M,Afatinib,Vemurafenib,0.5141319523336098,0.5332328917405015
SK-MEL-2,cellcycle_G1_vs_G2M,APTO-253,Pralsetinib,0.023321550617858018,0.2570594129665031
SK-MEL-2,cellcycle_G1_vs_G2M,AT7519,Infigratinib,0.45401142679924605,0.4139470570108901
SK-MEL-2,cellcycle_G1_vs_G2M,DTP3,Futibatinib,0.5315786359357412,0.3631068496833611
SK-MEL-2,cellcycle_G1_vs_G2M,Belumosudil (mesylate),ML264,0.46232726378835454,0.4347311327910416
SK-MEL-2,cellcycle_G1_vs_G2M,4EGI-1,Bentamapimod,0.47864636432428354,0.20769242360923365
SK-MEL-2,cellcycle_G1_vs_G2M,LJI308,Minodronic acid,0.743741485742734,0.6587771768644974
SK-MEL-2,cellcycle_G1_vs_G2M,CP21R7,NG25,0.050542300432890166,0.24810222821738137
SK-MEL-2,cellcycle_G1_vs_G2M,BI-78D3,Oxaliplatin,0.38082369891042067,0.3758351467878298
SK-MEL-2,cellcycle_G1_vs_G2M,Belzutifan,Pemigatinib,0.4901545106113055,0.39487278218847044
SK-MEL-2,cellcycle_G1_vs_G2M,ETC-206,LY2090314,0.6008957008211578,0.6587540373542309
SK-MEL-2,cellcycle_G1_vs_G2M,Belzutifan,Everolimus,0.6649669094043018,0.6671078858042577
SK-MEL-2,cellcycle_G1_vs_G2M,Infigratinib,Sonidegib,0.3169900682120193,0.22354013701194042
SK-MEL-2,cellcycle_G1_vs_G2M,Temuterkib,vincristine,0.1725643912859938,0.36714014607063544
SK-MEL-2,cellcycle_G1_vs_G2M,DTP3,LB-100,0.42283895129555427,0.3471606212165505
SK-MEL-2,cellcycle_G1_vs_G2M,GSK1059615,Sonidegib,0.12835935768244672,0.17628386976440316
SK-MEL-2,cellcycle_G1_vs_G2M,Everolimus,SBI-0640756,0.38298284236865765,0.5042987047046747
SK-MEL-2,cellcycle_G1_vs_G2M,Ipatasertib,LB-100,0.3947924064445465,0.40587975933323983
SK-MEL-2,cellcycle_G1_vs_G2M,Torkinib,vincristine,0.3517933261515802,0.32120130098928934
SK-MEL-2,cellcycle_G1_vs_G2M,Erdafitinib ,ULK-101,0.48774104158512527,0.49410257979911776
SK-MEL-2,cellcycle_G1_vs_G2M,GSK1059615,Pemigatinib,0.05838394601785242,0.2754689313728159
SK-MEL-2,cellcycle_G1_vs_G2M,4EGI-1,APTO-253,0.6666017777037664,0.44830148105554674
SK-MEL-2,cellcycle_G1_vs_G2M,BAY1125976,TAK-733,-0.02691190241212912,0.19630893728913226
SK-MEL-2,cellcycle_G1_vs_G2M,NG25,Tubulin inhibitor 6,0.14267428912798713,0.25207354208219035
SK-MEL-2,cellcycle_G1_vs_G2M,AZD2858,NVP-BHG712,0.41148485512861316,0.30514644052505774
SK-MEL-2,cellcycle_G1_vs_G2M,EX229,ML264,0.03626594745126435,0.32853227346550584
SK-MEL-2,cellcycle_G1_vs_G2M,AZD1390,CP21R7,0.5536002324004182,0.2501590722510325
SK-MEL-2,cellcycle_G1_vs_G2M,Belumosudil (mesylate),Regorafenib,0.014671860469202212,0.20060377456506423
SK-MEL-2,cellcycle_G1_vs_G2M,Pimitespib,TAK-901,0.039831046721712705,0.1912783542789221
SK-MEL-2,cellcycle_G1_vs_G2M,GSK1059615,Vemurafenib,0.32779833074057946,0.5533892635806297
SK-MEL-2,cellcycle_G1_vs_G2M,Paclitaxel,c-Kit-IN-1,0.07349943690505434,0.22727365242185024
SK-MEL-2,cellcycle_G1_vs_G2M,Celecoxib,NVP-BHG712,0.48311867846269696,0.37206528022580243
SK-MEL-2,cellcycle_G1_vs_G2M,Ipatasertib,Torkinib,-0.1881148111772903,-0.003184175435738573
SK-MEL-2,cellcycle_G1_vs_G2M,BI-78D3,XRK3F2,0.6002813309419751,0.6460259417011113
SK-MEL-2,cellcycle_G1_vs_G2M,9-ING-41,Dabrafenib,0.6297734868213662,0.6923001708166701
SK-MEL-2,cellcycle_G1_vs_G2M,Gemcitabine,olaparib,0.5348543911517946,0.4865929581137455
SK-MEL-2,cellcycle_G1_vs_G2M,DTP3,Trametinib,-0.08605576084787758,-0.02068819579883503
SK-MEL-2,cellcycle_G1_vs_G2M,Dabrafenib,PH-797804,-0.16906195164267265,0.11110739803712749
SK-MEL-2,cellcycle_G1_vs_G2M,Hydroxyfasudil,vincristine,0.528265061833575,0.5233683262118877
SK-MEL-2,cellcycle_G1_vs_G2M,Ralimetinib dimesylate,Trametinib,0.30622717251515297,0.3459854379410033
SK-MEL-2,cellcycle_G1_vs_G2M,MK-3903,Ralimetinib dimesylate,0.5249119233647352,0.5422362466070457
SK-MEL-2,cellcycle_G1_vs_G2M,Capmatinib,GSK1059615,0.3948214047189519,0.39808543474289315
SK-MEL-2,cellcycle_G1_vs_G2M,Gemcitabine,Pralsetinib,0.34831538301686876,0.49901415303164415
SK-MEL-2,cellcycle_G1_vs_G2M,Adagrasib,Capmatinib,0.22029493926677962,0.36474490330400317
SK-MEL-2,cellcycle_G1_vs_G2M,Afatinib,ERK5-IN-2,0.6920431119023474,0.694036991636749
SK-MEL-2,cellcycle_G1_vs_G2M,APTO-253,MK-8353,0.6667679083140216,0.5515474620440595
SK-MEL-2,cellcycle_G1_vs_G2M,Everolimus,ULK-101,0.5651326163288869,0.6002634329891285
SK-MEL-2,cellcycle_G1_vs_G2M,Alpelisib,Futibatinib,0.019426535877440438,0.21817095841337228
SK-MEL-2,cellcycle_G1_vs_G2M,APTO-253,DT-061,0.09423476930381233,0.1490292573208433
SK-MEL-2,cellcycle_G1_vs_G2M,PH-797804,Vemurafenib,-0.2453017148580131,-0.030710305455618446
SK-MEL-2,cellcycle_G1_vs_G2M,Ipatasertib,TAK-733,0.3164471530100173,0.3938081643840608
SK-MEL-2,cellcycle_G1_vs_G2M,Abemaciclib,SBI-0640756,0.220590902700127,0.372501179362856
SK-MEL-2,cellcycle_G1_vs_G2M,ML264,NVP-BHG712,0.5946054562434688,0.6359803083931107
SK-MEL-2,cellcycle_G1_vs_G2M,4EGI-1,Erdafitinib ,0.5818992214378604,0.3976182243046765
SK-MEL-2,cellcycle_G1_vs_G2M,OTS514,PF-06260933,0.26250016254484726,0.24927878335521558
SK-MEL-2,cellcycle_G1_vs_G2M,Lapatinib ditosylate,PF-06260933,0.5000879717827671,0.420169956365229
SK-MEL-2,cellcycle_G1_vs_G2M,Minodronic acid,SBI-0640756,0.6264093047724733,0.5614978649161932
SK-MEL-2,cellcycle_G1_vs_G2M,OTS514,c-Kit-IN-1,-0.16226619983672652,0.054548775923729094
SK-MEL-2,cellcycle_G1_vs_G2M,Pemigatinib,Regorafenib,0.047569278586045254,0.1809799099773943
SK-MEL-2,cellcycle_G1_vs_G2M,PH-797804,Trametinib,0.16570144230882372,0.2700401080486987
SK-MEL-2,cellcycle_G1_vs_G2M,Abemaciclib,RMC-6236,0.111554351918694,0.2283139933924031
SK-MEL-2,cellcycle_G1_vs_G2M,OTS514,TAK-901,0.0810027939063776,0.1956964236467518
SK-MEL-2,cellcycle_G1_vs_G2M,Vemurafenib,palbociclib,0.3771130252180874,0.2625029730977879
SK-MEL-2,cellcycle_G1_vs_G2M,4EGI-1,Pimitespib,0.37911745222288007,0.4307051359175469
SK-MEL-2,cellcycle_G1_vs_G2M,Brivudine,Irinotecan,0.18790300343318259,0.31764276493319465
SK-MEL-2,cellcycle_G1_vs_G2M,Bimiralisib,olaparib,-0.0309845461250053,0.042390578226961
SK-MEL-2,cellcycle_G1_vs_G2M,GSK1059615,Torkinib,-0.15170132865109504,-0.004107602342322037
SK-MEL-2,cellcycle_G1_vs_G2M,Pimitespib,olaparib,0.5115922206919147,0.5630810572031513
SK-MEL-2,cellcycle_G1_vs_G2M,AZD1390,RMC-6236,0.10724010557859334,0.33553352566840927
SK-MEL-2,cellcycle_G1_vs_G2M,AZD-8055,olaparib,0.20160430908944538,0.1655648520515328
SK-MEL-2,cellcycle_G1_vs_G2M,Irinotecan,Tucatinib,0.4114411371755186,0.6000608406219484
SK-MEL-2,cellcycle_G1_vs_G2M,AZD1390,Tubulin inhibitor 6,0.6526289906263955,0.5986697538840868
SK-MEL-2,cellcycle_G1_vs_G2M,Sonidegib,TAK-733,0.1331493258742784,0.3803852559523681
SK-MEL-2,cellcycle_G1_vs_G2M,APTO-253,TAK-733,-0.048549621375707425,0.2095502460583211
SK-MEL-2,cellcycle_G1_vs_G2M,BAY1125976,Ipatasertib,0.5104651673031796,0.5701089639803584
SK-MEL-2,cellcycle_G1_vs_G2M,Afatinib,Paclitaxel,0.5459227746722122,0.5497680660643162
SK-MEL-2,cellcycle_G1_vs_G2M,Ixazomib,PH-797804,0.037126123596379984,0.20460432994374228
SK-MEL-2,cellcycle_G1_vs_G2M,DT-061,ML264,0.04001846508629945,0.059459581550604886
SK-MEL-2,cellcycle_G1_vs_G2M,Adagrasib,SBI-0640756,0.6195360852820058,0.5408594155277159
SK-MEL-2,cellcycle_G1_vs_G2M,ERK5-IN-2,Regorafenib,0.40707385335561846,0.39403300593740687
SK-MEL-2,cellcycle_G1_vs_G2M,Capivasertib,Celecoxib,0.6102910235246415,0.6209085001995223
SK-MEL-2,cellcycle_G1_vs_G2M,OTS514,PH-797804,0.014454601521327062,0.1728690522166067
SK-MEL-2,cellcycle_G1_vs_G2M,LJI308,RMC-6236,0.015448595825418066,0.20817936611950438
SK-MEL-2,cellcycle_G1_vs_G2M,LB-100,Regorafenib,0.12125940718601774,0.28575465856997445
SK-MEL-2,cellcycle_G1_vs_G2M,RMC-6236,Tomivosertib,0.28586233462476424,0.4808017295455388
SK-MEL-2,cellcycle_G1_vs_G2M,AZD-7648,Methylprednisolone succinate,0.3134224511298521,0.3300582544516362
SK-MEL-2,cellcycle_G1_vs_G2M,Anastrozole,Belzutifan,0.33456448949364737,0.3755221964125328
SK-MEL-2,cellcycle_G1_vs_G2M,IQ 1,c-Kit-IN-1,0.2321143864498566,0.3638683716994435
SK-MEL-2,cellcycle_G1_vs_G2M,4EGI-1,SBI-0640756,0.14349572421405524,0.4412006172613829
SK-MEL-2,cellcycle_G1_vs_G2M,AZD-8055,Oleic acid,0.15193645891521018,0.12222970424370269
SK-MEL-2,cellcycle_G1_vs_G2M,HI-TOPK-032,Regorafenib,0.42437667610788826,0.5067745190996639
SK-MEL-2,cellcycle_G1_vs_G2M,ERK5-IN-2,venetoclax,0.190914780399941,0.2542497466357754
SK-MEL-2,cellcycle_G1_vs_G2M,RMC-6236,venetoclax,0.4453440403027592,0.6081220029889526
SK-MEL-2,cellcycle_G1_vs_G2M,EX229,Irinotecan,0.22959575742028007,0.3552321772812995
SNU-1,cellcycle_G1_vs_G2M,Afatinib,Hydroxyfasudil,0.4995980838016014,0.2797914450484285
SNU-1,cellcycle_G1_vs_G2M,ML264,Trametinib,0.5020756092838818,0.4677516400314042
SNU-1,cellcycle_G1_vs_G2M,Dabrafenib,PF-06260933,0.01658867360720808,0.31347433827841686
SNU-1,cellcycle_G1_vs_G2M,CP21R7,ERK5-IN-2,0.5919869415652204,0.5711831891905583
SNU-1,cellcycle_G1_vs_G2M,Brivudine,DT-061,0.22546304072348536,0.12918165583412666
SNU-1,cellcycle_G1_vs_G2M,AZD2858,Encorafenib,0.1738370494221054,0.28602714429125775
SNU-1,cellcycle_G1_vs_G2M,Dabrafenib,SBI-0640756,0.18923056655631318,0.3623033425201865
SNU-1,cellcycle_G1_vs_G2M,Lapatinib ditosylate,Oleic acid,0.37653764085453295,0.2657853337916268
SNU-1,cellcycle_G1_vs_G2M,ERK5-IN-2,LY2090314,0.6795219896058188,0.44012983936904065
SNU-1,cellcycle_G1_vs_G2M,Brivudine,LJI308,0.3641977051590763,0.5024641071654212
SNU-1,cellcycle_G1_vs_G2M,Trametinib,Volasertib,0.28724531298154493,0.18325522189227272
SNU-1,cellcycle_G1_vs_G2M,Pralsetinib,Ralimetinib dimesylate,-0.0872438081181357,-0.12318692688821788
SNU-1,cellcycle_G1_vs_G2M,Bentamapimod,Ipatasertib,0.7943684189698315,0.7483292631306021
SNU-1,cellcycle_G1_vs_G2M,LB-100,venetoclax,0.23424241360641823,0.2209108232437559
SNU-1,cellcycle_G1_vs_G2M,Capivasertib,ETC-206,0.33428213092058084,0.32020634390577063
SNU-1,cellcycle_G1_vs_G2M,Bimiralisib,Ralimetinib dimesylate,0.5141764372365386,0.45987768781497707
SNU-1,cellcycle_G1_vs_G2M,Brivudine,ETC-206,0.07510356235072708,-0.03222319452254064
SNU-1,cellcycle_G1_vs_G2M,GSK1059615,Lapatinib ditosylate,0.3798654565535206,0.29973040181363575
SNU-1,cellcycle_G1_vs_G2M,NVP-BHG712,Pralsetinib,0.016433403059553285,0.19169091483214967
SNU-1,cellcycle_G1_vs_G2M,NVP-BHG712,olaparib,0.11311859765889909,0.20636811226717933
SNU-1,cellcycle_G1_vs_G2M,Oleic acid,Pralsetinib,0.38250664780741234,0.4816479946763213
SNU-1,cellcycle_G1_vs_G2M,AZD2858,SBI-0640756,0.4353379022883375,0.3558955859196268
SNU-1,cellcycle_G1_vs_G2M,Anastrozole,LB-100,0.6307973578157015,0.4029936155729553
SNU-1,cellcycle_G1_vs_G2M,Adagrasib,CP21R7,0.19637595205899194,-0.054273953088729635
SNU-1,cellcycle_G1_vs_G2M,APTO-253,Abemaciclib,0.031419748123629944,0.18030291128956202
SNU-1,cellcycle_G1_vs_G2M,Methylprednisolone succinate,Sapanisertib,0.02840936312826775,0.09175800587894059
SNU-1,cellcycle_G1_vs_G2M,Belzutifan,Lapatinib ditosylate,0.5636678539013554,0.24463397712184645
SNU-1,cellcycle_G1_vs_G2M,AZD-7648,LB-100,0.3623530168488531,0.3220859999112369
SNU-1,cellcycle_G1_vs_G2M,Anastrozole,Tomivosertib,0.46362824968010835,0.3272755155308963
SNU-1,cellcycle_G1_vs_G2M,AZD-8055,BAY1125976,0.6951678818330085,0.6020748222607003
SNU-1,cellcycle_G1_vs_G2M,Capivasertib,Sapanisertib,0.05583629788350529,0.04604108262956151
SNU-1,cellcycle_G1_vs_G2M,Ipatasertib,PF-06260933,-0.06322665050138251,0.29560703300205016
SNU-1,cellcycle_G1_vs_G2M,Gemcitabine,SBI-0640756,0.5279834207307519,0.5293147443630035
SNU-1,cellcycle_G1_vs_G2M,ETC-206,ML264,0.6382158221433825,0.38682898544749467
SNU-1,cellcycle_G1_vs_G2M,Bimiralisib,Gemcitabine,0.4039213855692567,0.5057348004913118
SNU-1,cellcycle_G1_vs_G2M,Hydroxyfasudil,LY2090314,0.5637280530239542,0.14572561509183032
SNU-1,cellcycle_G1_vs_G2M,DTP3,Paclitaxel,0.6511811036243653,0.2714337223838791
SNU-1,cellcycle_G1_vs_G2M,Oleic acid,Tucatinib,0.36390595620413646,0.21311419368575601
SNU-1,cellcycle_G1_vs_G2M,Ralimetinib dimesylate,venetoclax,-0.3011393451346937,-0.14437071143004973
SNU-1,cellcycle_G1_vs_G2M,AZD-8055,Paclitaxel,0.8051189261977171,0.7117210360467365
SNU-1,cellcycle_G1_vs_G2M,Brivudine,palbociclib,0.22128584364873466,0.3846046050762561
SNU-1,cellcycle_G1_vs_G2M,CP21R7,ULK-101,0.39383077206797784,0.41339512958776936
SNU-1,cellcycle_G1_vs_G2M,Irinotecan,Oxaliplatin,0.48140419378475513,0.45216103240853467
SNU-1,cellcycle_G1_vs_G2M,Belzutifan,ML264,0.5182250399899437,0.4941146342533916
SNU-1,cellcycle_G1_vs_G2M,APTO-253,Brivudine,0.10147496964333995,0.30662752733479204
SNU-1,cellcycle_G1_vs_G2M,BI-78D3,ULK-101,0.417573326818633,0.5393862860733826
SNU-1,cellcycle_G1_vs_G2M,9-ING-41,APTO-253,0.6915634884155951,0.38965989534394385
SNU-1,cellcycle_G1_vs_G2M,Belzutifan,Regorafenib,0.42692962111474825,0.30553189782079443
SNU-1,cellcycle_G1_vs_G2M,Hydroxyfasudil,Ralimetinib dimesylate,0.5141475509462307,0.18133332343844022
SNU-1,cellcycle_G1_vs_G2M,AZD-7648,Encorafenib,0.6149744915464487,0.45047944280100843
SNU-1,cellcycle_G1_vs_G2M,AZD2858,Everolimus,0.48848563526839556,0.3780071813842837
SNU-1,cellcycle_G1_vs_G2M,Brivudine,Sapanisertib,-0.06236461558721035,0.19392509001873803
SNU-1,cellcycle_G1_vs_G2M,APTO-253,DT-061,0.2876125621975952,0.04706849027556399
SNU-1,cellcycle_G1_vs_G2M,Tubulin inhibitor 6,ULK-101,0.44255742907888496,0.4039251045937539
SNU-1,cellcycle_G1_vs_G2M,Dabrafenib,Pimitespib,0.212101749671581,0.003950287057962046
SNU-1,cellcycle_G1_vs_G2M,AZD-7648,ULK-101,0.37113579724384166,0.3406876032241566
SNU-1,cellcycle_G1_vs_G2M,Tubulin inhibitor 6,venetoclax,0.15732395597298054,0.40340911699913856
SNU-1,cellcycle_G1_vs_G2M,Tucatinib,Volasertib,0.5300116306038105,0.44667545912567974
SNU-1,cellcycle_G1_vs_G2M,BAY1125976,ETC-206,0.5720399249739443,0.37905920760327994
SNU-1,cellcycle_G1_vs_G2M,ETC-206,Trametinib,0.32577477964661883,0.14805866676593532
SNU-1,cellcycle_G1_vs_G2M,BI-78D3,PF-06260933,0.16200724154664384,0.32856281105103374
SNU-1,cellcycle_G1_vs_G2M,LB-100,SBI-0640756,0.5935829482065641,0.45246497378967515
SNU-1,cellcycle_G1_vs_G2M,Oxaliplatin,Trametinib,0.1367337268399529,0.1433160469542365
SNU-1,cellcycle_G1_vs_G2M,PF-06260933,SBI-0640756,0.4794230365046299,0.5584191797821257
SNU-1,cellcycle_G1_vs_G2M,Volasertib,c-Kit-IN-1,0.21158044517207247,0.10012943344184277
SNU-1,cellcycle_G1_vs_G2M,Methylprednisolone succinate,venetoclax,0.4137376374543421,0.3712211425749564
SNU-1,cellcycle_G1_vs_G2M,MK-3903,Ralimetinib dimesylate,0.46236648286730314,0.2618165878801506
SNU-1,cellcycle_G1_vs_G2M,BI-3406,Ipatasertib,0.4892781303939369,0.5079582828330446
SNU-1,cellcycle_G1_vs_G2M,Lapatinib ditosylate,Pimitespib,0.41798840752876876,0.2717877268559192
SNU-1,cellcycle_G1_vs_G2M,Encorafenib,SBI-0640756,0.1303080307875804,0.4365839819253623
SNU-1,cellcycle_G1_vs_G2M,Abemaciclib,Brivudine,0.48199806320224153,0.5067344417976547
SNU-1,cellcycle_G1_vs_G2M,MK-8353,ULK-101,0.31045094308264437,0.3701904585521682
SNU-1,cellcycle_G1_vs_G2M,Irinotecan,Oleic acid,0.4928934835814229,0.4701603911900258
SNU-1,cellcycle_G1_vs_G2M,ERK5-IN-2,palbociclib,0.576767560877042,0.5256861684439011
SNU-1,cellcycle_G1_vs_G2M,Vemurafenib,XRK3F2,0.8406365335155292,0.6090509014530997
SNU-1,cellcycle_G1_vs_G2M,LB-100,Trametinib,0.26398026074396846,0.31317735544917624
SNU-1,cellcycle_G1_vs_G2M,Gemcitabine,PF-06260933,0.34600765352981805,0.5173656525397642
SNU-1,cellcycle_G1_vs_G2M,BAY1125976,Regorafenib,0.21101495703207557,0.19733916087422038
SNU-1,cellcycle_G1_vs_G2M,LY2090314,palbociclib,0.660229045468472,0.15144890304702588
SNU-1,cellcycle_G1_vs_G2M,BAY1125976,RMC-6236,0.5478974749420743,0.5437176196640454
SNU-1,cellcycle_G1_vs_G2M,9-ING-41,Adagrasib,0.005246316061685085,-0.10014974714143217
SNU-1,cellcycle_G1_vs_G2M,Ralimetinib dimesylate,Sapanisertib,0.7223175171014737,0.612008980909283
SNU-1,cellcycle_G1_vs_G2M,Belzutifan,Irinotecan,0.2555789472537058,0.1286943023810663
SNU-1,cellcycle_G1_vs_G2M,Encorafenib,Vemurafenib,0.8070856991868889,0.6717462967816071
SNU-1,cellcycle_G1_vs_G2M,ETC-206,PF-06260933,0.21672960500256583,0.06357681301674997
SNU-1,cellcycle_G1_vs_G2M,AZD-7648,CP21R7,0.5549812169839865,0.22269465619909573
SNU-1,cellcycle_G1_vs_G2M,Brivudine,RMC-6236,0.2752464229157152,0.2287797511029458
SNU-1,cellcycle_G1_vs_G2M,Gemcitabine,Pimitespib,0.5405590754999678,0.2903461251630276
SNU-1,cellcycle_G1_vs_G2M,APTO-253,Paclitaxel,0.5935886428946194,0.38565742338860626
SNU-1,cellcycle_G1_vs_G2M,APTO-253,AZD-7648,0.4365159126310967,0.35388094557428934
SNU-1,cellcycle_G1_vs_G2M,GSK1059615,Tubulin inhibitor 6,0.44146335433115047,0.2728103376762676
SNU-1,cellcycle_G1_vs_G2M,BI-3406,NVP-BHG712,0.4110650026503291,0.460836660195444
SNU-1,cellcycle_G1_vs_G2M,LY2090314,Vemurafenib,0.6799755381835234,0.42979922864440034
SNU-1,cellcycle_G1_vs_G2M,Belzutifan,MK-8353,0.52667052030923,0.24894531727584718
SNU-1,cellcycle_G1_vs_G2M,Encorafenib,Trametinib,0.6953100359623685,0.647706292595786
SNU-1,cellcycle_G1_vs_G2M,Trametinib,palbociclib,0.6573521042022181,0.4585270371814176
SNU-1,cellcycle_G1_vs_G2M,9-ING-41,BAY1125976,0.8671036368156002,0.7278156837835948
SNU-1,cellcycle_G1_vs_G2M,MK-8353,Pralsetinib,0.02835164427090121,-0.06685556185211236
SNU-1,cellcycle_G1_vs_G2M,AZD-8055,Afatinib,0.7969025582902175,0.7269375126599067
SNU-1,cellcycle_G1_vs_G2M,ERK5-IN-2,Pralsetinib,-0.03983569068345743,0.04812704092245661
SNU-423,cellcycle_G1_vs_G2M,Binimetinib,Tucatinib,0.20170809170037077,0.21850088718218225
SNU-423,cellcycle_G1_vs_G2M,BI-78D3,CP21R7,0.3500189251618972,0.43724109746572
SNU-423,cellcycle_G1_vs_G2M,Belzutifan,DT-061,0.47886165139110687,0.39208755411596424
SNU-423,cellcycle_G1_vs_G2M,LB-100,Tucatinib,0.6379765069710963,0.6301610746689503
SNU-423,cellcycle_G1_vs_G2M,AZD2858,ERK5-IN-2,0.12221896770176542,0.14402968960924267
SNU-423,cellcycle_G1_vs_G2M,Brivudine,Torkinib,0.2929670285164434,0.2095810947137533
SNU-423,cellcycle_G1_vs_G2M,HI-TOPK-032,XRK3F2,0.10236045825923326,0.09385128898669443
SNU-423,cellcycle_G1_vs_G2M,Lonafarnib,TAK-733,0.21615985733962892,0.15452461176136606
SNU-423,cellcycle_G1_vs_G2M,AZD2858,vincristine,0.3911452424597496,0.2821622796135685
SNU-423,cellcycle_G1_vs_G2M,Alpelisib,Encorafenib,0.36463448060265635,0.3172817736508689
SNU-423,cellcycle_G1_vs_G2M,Futibatinib,TAK-733,0.13269562527727652,0.2833144932087057
SNU-423,cellcycle_G1_vs_G2M,Regorafenib,venetoclax,0.39519345921529025,0.3550377390604247
SNU-423,cellcycle_G1_vs_G2M,ETC-206,LJI308,0.18594661200531165,0.2449742816746965
SNU-423,cellcycle_G1_vs_G2M,Afatinib,Capivasertib,0.08104379970460794,0.20348742356584287
SNU-423,cellcycle_G1_vs_G2M,Adagrasib,palbociclib,0.18742206354916663,0.3038107925625793
SNU-423,cellcycle_G1_vs_G2M,ERK5-IN-2,LY2090314,0.4328358957197293,0.4551508706096644
SNU-423,cellcycle_G1_vs_G2M,Capmatinib,TAK-733,0.2305956445719464,0.26998163128423847
SNU-423,cellcycle_G1_vs_G2M,GSK1059615,Ralimetinib dimesylate,0.24563414809091003,0.5023506167853596
SNU-423,cellcycle_G1_vs_G2M,Lapatinib ditosylate,palbociclib,0.6825502629004194,0.48792727214833786
SNU-423,cellcycle_G1_vs_G2M,CP21R7,Trametinib,0.572966946405692,0.36914135454889846
SNU-423,cellcycle_G1_vs_G2M,Binimetinib,Volasertib,0.17965767628634066,0.17004557840311524
SNU-423,cellcycle_G1_vs_G2M,4EGI-1,Infigratinib,0.4172682129418424,0.3820463399396785
SNU-423,cellcycle_G1_vs_G2M,OTS514,Torkinib,0.41470511653318204,0.34330665170995056
SNU-423,cellcycle_G1_vs_G2M,Alpelisib,Bentamapimod,0.00373962247071348,0.1996403576218861
SNU-423,cellcycle_G1_vs_G2M,Pemigatinib,Temuterkib,0.33417117585368206,0.4921800890102537
SNU-423,cellcycle_G1_vs_G2M,Dabrafenib,Encorafenib,0.6266240133007781,0.5977559302762326
SNU-423,cellcycle_G1_vs_G2M,ML264,Ralimetinib dimesylate,0.7174113297854541,0.7292676326471339
SNU-423,cellcycle_G1_vs_G2M,PF-06260933,Volasertib,0.2403984363963816,0.24932163474646163
SNU-423,cellcycle_G1_vs_G2M,RMC-6236,Vemurafenib,0.4050505038143282,0.40120450694633236
SNU-423,cellcycle_G1_vs_G2M,BI-78D3,Everolimus,0.3942286710613374,0.615948203892247
SNU-423,cellcycle_G1_vs_G2M,AZD2858,Oxaliplatin,0.6337722191017732,0.46526020501262993
SNU-423,cellcycle_G1_vs_G2M,ERK5-IN-2,ULK-101,0.31127921784942975,0.42840485473208856
SNU-423,cellcycle_G1_vs_G2M,DTP3,Gemcitabine,0.5883126500922639,0.5027915927301714
SNU-423,cellcycle_G1_vs_G2M,EX229,Lonafarnib,0.2319469607350569,0.03940008076223901
SNU-423,cellcycle_G1_vs_G2M,HI-TOPK-032,Ralimetinib dimesylate,0.08826406192532502,0.386777514571382
SNU-423,cellcycle_G1_vs_G2M,MK-8353,Paclitaxel,0.3601294111726798,0.41626244483400665
SNU-423,cellcycle_G1_vs_G2M,Lapatinib ditosylate,NG25,-0.06744704537210432,0.12213378682874484
SNU-423,cellcycle_G1_vs_G2M,AT7519,Trametinib,0.12843721476361558,0.14454918464121286
SNU-423,cellcycle_G1_vs_G2M,Futibatinib,NVP-BHG712,0.44821641621799785,0.4327006795659433
SNU-423,cellcycle_G1_vs_G2M,IQ 1,NVP-BHG712,0.32362975526797366,0.33621302357475513
SNU-423,cellcycle_G1_vs_G2M,Everolimus,RMC-6236,0.11670070641564223,0.19875791300002857
SNU-423,cellcycle_G1_vs_G2M,4EGI-1,Oleic acid,0.4907660181839276,0.3900059380337368
SNU-423,cellcycle_G1_vs_G2M,Erdafitinib ,Tomivosertib,0.1671203767033905,0.43567230546287644
SNU-423,cellcycle_G1_vs_G2M,AZD2858,TAK-733,0.28813557152166824,0.2528347042882934
SNU-423,cellcycle_G1_vs_G2M,LB-100,MK-3903,0.506644327485689,0.49639221019578017
SNU-423,cellcycle_G1_vs_G2M,Binimetinib,Regorafenib,0.5028054594574582,0.3814761447588404
SNU-423,cellcycle_G1_vs_G2M,PF-06260933,venetoclax,0.011885533048840487,0.26951030918690094
SNU-423,cellcycle_G1_vs_G2M,EX229,Lapatinib ditosylate,-0.03542556425731907,0.14656002775583019
SNU-423,cellcycle_G1_vs_G2M,Alpelisib,Methylprednisolone succinate,0.4933469470311398,0.5150946031066221
SNU-423,cellcycle_G1_vs_G2M,DTP3,LB-100,0.445464485442341,0.3690974076883834
SNU-423,cellcycle_G1_vs_G2M,LY2090314,Pralsetinib,-0.11604611171626987,-0.19992599576483422
SNU-423,cellcycle_G1_vs_G2M,DT-061,Regorafenib,0.6044436706899978,0.4905118908628147
SNU-423,cellcycle_G1_vs_G2M,BI-78D3,Bimiralisib,0.33300061278096144,0.39146907707591366
SNU-423,cellcycle_G1_vs_G2M,BAY1125976,Belumosudil (mesylate),-0.0026427926626245157,0.1872161028333225
SNU-423,cellcycle_G1_vs_G2M,ETC-206,XRK3F2,0.5141230425032505,0.4541860413080026
SNU-423,cellcycle_G1_vs_G2M,Tomivosertib,c-Kit-IN-1,0.5204704223708738,0.5752509142464911
SNU-423,cellcycle_G1_vs_G2M,AZD-7648,XRK3F2,0.39930981628460094,0.2876314912251766
SNU-423,cellcycle_G1_vs_G2M,Bentamapimod,OTS514,0.2271688514042499,0.20326840455708262
SNU-423,cellcycle_G1_vs_G2M,Afatinib,TAK-901,0.09184455575551986,0.20711086778146268
SNU-423,cellcycle_G1_vs_G2M,Binimetinib,palbociclib,0.6314881341674039,0.44301468009328326
SNU-423,cellcycle_G1_vs_G2M,Ixazomib,LB-100,0.01964474306891894,0.19659455944394447
SNU-423,cellcycle_G1_vs_G2M,OTS514,Tucatinib,0.43351934043846785,0.3416627768846173
SNU-423,cellcycle_G1_vs_G2M,AZD-8055,Tucatinib,0.5458267583429056,0.6376581605568268
SNU-423,cellcycle_G1_vs_G2M,Oxaliplatin,Regorafenib,0.24874578400669262,0.4604454056805835
SNU-423,cellcycle_G1_vs_G2M,Afatinib,Tucatinib,0.4897861074120469,0.5301641919445292
SNU-423,cellcycle_G1_vs_G2M,Capmatinib,Hydroxyfasudil,0.5605391596563221,0.49292455552474046
SNU-423,cellcycle_G1_vs_G2M,LY2090314,vincristine,0.11411269780748143,0.17553140822370275
SNU-423,cellcycle_G1_vs_G2M,Elimusertib hydrochloride,Pralsetinib,0.31749812528813137,0.36182734004472433
SNU-423,cellcycle_G1_vs_G2M,Volasertib,c-Kit-IN-1,0.13506333707637233,0.33836458204232717
SNU-423,cellcycle_G1_vs_G2M,Lonafarnib,TAK-901,0.459227389496549,0.3881509994461219
SNU-423,cellcycle_G1_vs_G2M,LY-2584702 (tosylate salt),Sonidegib,0.546656813600732,0.4964751757301217
SNU-423,cellcycle_G1_vs_G2M,4EGI-1,AZD1390,0.6311160869046191,0.6291206967170092
SNU-423,cellcycle_G1_vs_G2M,4EGI-1,vincristine,0.4392567334878657,0.3849363498966498
SNU-423,cellcycle_G1_vs_G2M,Sonidegib,palbociclib,0.325352879185733,0.2859093495685538
SNU-423,cellcycle_G1_vs_G2M,BI-3406,LJI308,0.5355013962637301,0.46872100135732636
SNU-423,cellcycle_G1_vs_G2M,Abemaciclib,Pralsetinib,0.34828382874187236,0.4079580451844982
SNU-423,cellcycle_G1_vs_G2M,Torkinib,Tucatinib,0.32149192387670045,0.3092759553534944
SNU-423,cellcycle_G1_vs_G2M,BAY1125976,Tubulin inhibitor 6,0.3145216474906978,0.2366636048597147
SNU-423,cellcycle_G1_vs_G2M,AT7519,venetoclax,0.0018333012164879169,-0.028201518070961187
SNU-423,cellcycle_G1_vs_G2M,Belzutifan,ETC-206,0.38011321289058575,0.294688061057065
SNU-423,cellcycle_G1_vs_G2M,Capivasertib,Ralimetinib dimesylate,0.0754339948526393,0.38205123990724577
SNU-423,cellcycle_G1_vs_G2M,9-ING-41,ULK-101,0.5665377209808158,0.522434875699806
SNU-423,cellcycle_G1_vs_G2M,Anastrozole,Celecoxib,0.5925426240979904,0.6110079257516525
SNU-423,cellcycle_G1_vs_G2M,Anastrozole,HI-TOPK-032,0.36697811799363506,0.4665718478875194
SNU-423,cellcycle_G1_vs_G2M,Pralsetinib,XRK3F2,-0.009543432335618558,-0.13001037718230934
SNU-423,cellcycle_G1_vs_G2M,Bimiralisib,CP21R7,0.5799658076480714,0.41853525742122644
SNU-423,cellcycle_G1_vs_G2M,Brivudine,EX229,0.25420519949117787,0.20304095372343167
SNU-423,cellcycle_G1_vs_G2M,LY2090314,ULK-101,0.16108614341901992,0.21654120437823912
SNU-423,cellcycle_G1_vs_G2M,LY2090314,Torkinib,0.19055843877405101,0.13683097770360708
SNU-423,cellcycle_G1_vs_G2M,BI-78D3,Futibatinib,0.18677454434838556,0.3447737353241112
SNU-423,cellcycle_G1_vs_G2M,AZD2858,Volasertib,0.441655484214309,0.3124415945278282
SNU-423,cellcycle_G1_vs_G2M,Irinotecan,palbociclib,0.6569928443268105,0.5332755677171379
SNU-423,cellcycle_G1_vs_G2M,Gemcitabine,IQ 1,0.5475529379148294,0.44189991391002026
SNU-423,cellcycle_G1_vs_G2M,4EGI-1,Capmatinib,0.31744137890583213,0.2589709180990451
SNU-423,cellcycle_G1_vs_G2M,4EGI-1,Hydroxyfasudil,0.4800254423984018,0.35828565446330035
SNU-423,cellcycle_G1_vs_G2M,Everolimus,TAK-901,0.03879231140000695,0.17374475555012847
SNU-423,cellcycle_G1_vs_G2M,AZD-8055,Alpelisib,0.6257425698223773,0.6019733198673598
SNU-423,cellcycle_G1_vs_G2M,LB-100,Torkinib,0.3846603478529661,0.2844729284717057
SNU-423,cellcycle_G1_vs_G2M,AZD-7648,Erdafitinib ,0.28613226194041735,0.3516778315367476
SNU-423,cellcycle_G1_vs_G2M,Abemaciclib,Gemcitabine,0.22977294869223036,0.4380740908819939
SW 900,cellcycle_G1_vs_G2M,Belumosudil (mesylate),Hydroxyfasudil,0.5623680304857479,0.41503156416116166
SW 900,cellcycle_G1_vs_G2M,CP21R7,Ipatasertib,0.33860972925535004,0.3336119507417966
SW 900,cellcycle_G1_vs_G2M,Celecoxib,Futibatinib,0.38322095301652337,0.2390420616167468
SW 900,cellcycle_G1_vs_G2M,Abemaciclib,Regorafenib,0.3525307387284684,0.29916667116165313
SW 900,cellcycle_G1_vs_G2M,CP21R7,NVP-BHG712,0.2022949701153849,0.22412481023520303
SW 900,cellcycle_G1_vs_G2M,Sonidegib,palbociclib,0.0397460430251657,0.13591307430157526
SW 900,cellcycle_G1_vs_G2M,Anastrozole,LY2090314,0.2093487393000171,0.14295813961731565
SW 900,cellcycle_G1_vs_G2M,AZD-7648,Brivudine,0.2703587241909234,0.3402905361179164
SW 900,cellcycle_G1_vs_G2M,AZD2858,GSK1059615,-0.1312407529994599,0.06874253886282576
SW 900,cellcycle_G1_vs_G2M,Futibatinib,Lapatinib ditosylate,0.6560896253402773,0.4508274705396268
SW 900,cellcycle_G1_vs_G2M,BI-78D3,Vemurafenib,0.4334535717406063,0.5569761584438291
SW 900,cellcycle_G1_vs_G2M,AZD-7648,BI-3406,0.595913262340335,0.5416159904486411
SW 900,cellcycle_G1_vs_G2M,Oleic acid,Sonidegib,0.42286457883025563,0.32253083741295624
SW 900,cellcycle_G1_vs_G2M,EX229,Erdafitinib ,-0.11984016160902651,-0.06700417422724919
SW 900,cellcycle_G1_vs_G2M,Bimiralisib,SBI-0640756,0.1425285296850943,0.17903569788901433
SW 900,cellcycle_G1_vs_G2M,LJI308,MK-3903,0.27853893659749024,0.24898818254513694
SW 900,cellcycle_G1_vs_G2M,Lapatinib ditosylate,Volasertib,0.6085624327964214,0.39928586176923536
SW 900,cellcycle_G1_vs_G2M,GSK1059615,olaparib,0.15242013721338513,0.1547875845159135
SW 900,cellcycle_G1_vs_G2M,MK-8353,Oxaliplatin,0.3571560085521044,0.3914641262772838
SW 900,cellcycle_G1_vs_G2M,ETC-206,venetoclax,0.06485705871720158,-0.0956647736766951
SW 900,cellcycle_G1_vs_G2M,LB-100,Regorafenib,0.20474821983405772,0.26855032377701066
SW 900,cellcycle_G1_vs_G2M,Bimiralisib,GSK1059615,0.5907049054664263,0.6973762594492516
SW 900,cellcycle_G1_vs_G2M,GSK1059615,Pemigatinib,0.20151998913025684,0.3479263413299054
SW 900,cellcycle_G1_vs_G2M,Celecoxib,Sapanisertib,0.14319158968056955,0.3055941722980624
SW 900,cellcycle_G1_vs_G2M,Infigratinib,Pimitespib,0.05260528017985121,0.24799574709681685
SW 900,cellcycle_G1_vs_G2M,9-ING-41,LB-100,0.47992431496093424,0.5046827845008521
SW 900,cellcycle_G1_vs_G2M,LY2090314,Methylprednisolone succinate,0.25156222822712504,0.37781112110934173
SW 900,cellcycle_G1_vs_G2M,AZD1390,Everolimus,0.4245843117958819,0.4259742252470009
SW 900,cellcycle_G1_vs_G2M,AZD1390,DT-061,0.3058806480968256,0.35329522096054067
SW 900,cellcycle_G1_vs_G2M,LJI308,RMC-6236,0.28832035964268726,0.21292620195148348
SW 900,cellcycle_G1_vs_G2M,GSK1059615,TAK-733,0.32947575096931975,0.25107950318945893
SW 900,cellcycle_G1_vs_G2M,Minodronic acid,NG25,0.05138720236476732,0.1618573341859642
SW 900,cellcycle_G1_vs_G2M,BI-78D3,TAK-901,-0.02460437823617633,0.0730725334986355
SW 900,cellcycle_G1_vs_G2M,Abemaciclib,Tubulin inhibitor 6,0.1650269336848726,0.4112477092557981
SW 900,cellcycle_G1_vs_G2M,LY2090314,Pralsetinib,0.20321034555742779,0.23245557171101444
SW 900,cellcycle_G1_vs_G2M,Oleic acid,Pralsetinib,0.4767992614972891,0.4144230826746423
SW 900,cellcycle_G1_vs_G2M,Ipatasertib,MK-3903,0.3787893529240724,0.39141752751654907
SW 900,cellcycle_G1_vs_G2M,Everolimus,SBI-0640756,0.4313577321601465,0.5742368717793835
SW 900,cellcycle_G1_vs_G2M,Belumosudil (mesylate),Ixazomib,0.15942118977202765,0.2698034104006444
SW 900,cellcycle_G1_vs_G2M,OTS514,TAK-733,-0.10100962351662451,-0.0733044389996905
SW 900,cellcycle_G1_vs_G2M,BAY1125976,ML264,0.6461416270600041,0.6614358405326654
SW 900,cellcycle_G1_vs_G2M,Pralsetinib,RMC-6236,0.09079318938673309,0.1933507751912807
SW 900,cellcycle_G1_vs_G2M,AZD1390,Hydroxyfasudil,0.597302356878989,0.3341385973070051
SW 900,cellcycle_G1_vs_G2M,CP21R7,EX229,-0.06714337468766733,0.09977862349083635
SW 900,cellcycle_G1_vs_G2M,AT7519,Encorafenib,-0.013631535803270325,0.25072613408519573
SW 900,cellcycle_G1_vs_G2M,Capivasertib,SBI-0640756,0.3658267452280871,0.3240250193212515
SW 900,cellcycle_G1_vs_G2M,Pimitespib,Torkinib,0.5490412741476496,0.34233739224962484
SW 900,cellcycle_G1_vs_G2M,AZD1390,Oxaliplatin,0.4177419355595077,0.5022832046573605
SW 900,cellcycle_G1_vs_G2M,BAY1125976,HI-TOPK-032,-0.17558633553165293,0.12682353035819063
SW 900,cellcycle_G1_vs_G2M,PF-06260933,Vemurafenib,0.03325575244726406,0.3282698445965899
SW 900,cellcycle_G1_vs_G2M,Pimitespib,venetoclax,0.21641265627812337,0.2210854032719308
SW 900,cellcycle_G1_vs_G2M,9-ING-41,ULK-101,0.26244934565533984,0.4349290806783894
SW 900,cellcycle_G1_vs_G2M,c-Kit-IN-1,venetoclax,0.7816152421918058,0.7838628963305887
SW 900,cellcycle_G1_vs_G2M,MK-8353,TAK-733,-0.21783520513569551,0.08737411837368587
SW 900,cellcycle_G1_vs_G2M,AZD1390,BI-3406,0.36125462923497936,0.5305971693439375
SW 900,cellcycle_G1_vs_G2M,CP21R7,Paclitaxel,0.46677880869879185,0.3004404306922896
SW 900,cellcycle_G1_vs_G2M,Anastrozole,Irinotecan,0.3725194708170653,0.4034197242535443
SW 900,cellcycle_G1_vs_G2M,Encorafenib,Sapanisertib,0.4292811134213921,0.5740237779250891
SW 900,cellcycle_G1_vs_G2M,NG25,Sapanisertib,-0.12679497602059747,0.1307074791101297
SW 900,cellcycle_G1_vs_G2M,MK-8353,vincristine,0.08480433154475382,0.24716616317621581
SW 900,cellcycle_G1_vs_G2M,Everolimus,Pimitespib,0.29790867027187057,0.3301957250592721
SW 900,cellcycle_G1_vs_G2M,Pralsetinib,Tucatinib,0.13032928163702215,0.15993586111538446
SW 900,cellcycle_G1_vs_G2M,Anastrozole,MK-8353,0.3611024756773478,0.3077578311744068
SW 900,cellcycle_G1_vs_G2M,LY2090314,Oxaliplatin,0.30988915433755737,0.3663190918191819
SW 900,cellcycle_G1_vs_G2M,Brivudine,ML264,0.2143433714920337,0.4684663269529488
SW 900,cellcycle_G1_vs_G2M,Infigratinib,ULK-101,0.13747905799249327,0.396698550294806
SW 900,cellcycle_G1_vs_G2M,Binimetinib,Celecoxib,0.18111186073478736,0.20354249812924363
SW 900,cellcycle_G1_vs_G2M,Dabrafenib,Minodronic acid,0.26389467893032953,0.3590905296483742
SW 900,cellcycle_G1_vs_G2M,Lapatinib ditosylate,XRK3F2,0.09960246929636044,0.24646270695469571
SW 900,cellcycle_G1_vs_G2M,9-ING-41,Brivudine,0.16061170179528383,0.34393585619486594
SW 900,cellcycle_G1_vs_G2M,AZD-8055,Belumosudil (mesylate),0.038034847593587384,0.18217016275347486
SW 900,cellcycle_G1_vs_G2M,Adagrasib,Capivasertib,0.4426665171980771,0.32455972276519857
SW 900,cellcycle_G1_vs_G2M,EX229,Irinotecan,0.2593523806833721,0.38053363184116545
SW 900,cellcycle_G1_vs_G2M,DT-061,NVP-BHG712,-0.19726288499508193,-0.06903365799216096
SW 900,cellcycle_G1_vs_G2M,Afatinib,ML264,0.45186844638732115,0.5355082628499782
SW 900,cellcycle_G1_vs_G2M,Abemaciclib,DT-061,-0.045454159767422106,0.06903200529080383
SW 900,cellcycle_G1_vs_G2M,Alpelisib,PH-797804,0.3264837113208343,0.27336976407986985
SW 900,cellcycle_G1_vs_G2M,Irinotecan,Lapatinib ditosylate,0.2106766155987957,0.2974985037552664
SW 900,cellcycle_G1_vs_G2M,CP21R7,Volasertib,0.5338766769335542,0.2508370927628219
SW 900,cellcycle_G1_vs_G2M,AZD1390,EX229,0.30454496658231056,0.4091458543223828
SW 900,cellcycle_G1_vs_G2M,AZD1390,Volasertib,0.36962836835444113,0.3865048863419185
SW 900,cellcycle_G1_vs_G2M,Tucatinib,venetoclax,-0.38291473623812544,-0.11015018292317244
SW 900,cellcycle_G1_vs_G2M,AZD-7648,ULK-101,0.4376488279906289,0.35322524066881483
SW 900,cellcycle_G1_vs_G2M,AZD-8055,Celecoxib,0.198152018989497,0.24954671610330642
SW 900,cellcycle_G1_vs_G2M,TAK-901,c-Kit-IN-1,0.3997123219118674,0.44670429804575734
SW 900,cellcycle_G1_vs_G2M,Methylprednisolone succinate,Tucatinib,0.23804429105060565,0.3546842328332017
SW 900,cellcycle_G1_vs_G2M,Ipatasertib,Oleic acid,0.17006853154974047,0.2638143475805215
SW 900,cellcycle_G1_vs_G2M,Celecoxib,Tomivosertib,0.21111091018954636,0.3172296604796708
SW 900,cellcycle_G1_vs_G2M,LB-100,LY2090314,0.44730822247596036,0.4567636971477119
SW 900,cellcycle_G1_vs_G2M,Ralimetinib dimesylate,Sapanisertib,0.3968071120702485,0.5172483436175508
SW 900,cellcycle_G1_vs_G2M,AZD-7648,Regorafenib,0.3784522765474731,0.46847281092986615
SW 900,cellcycle_G1_vs_G2M,Tubulin inhibitor 6,vincristine,0.35300667630300475,0.4621624408025925
SW 900,cellcycle_G1_vs_G2M,Sonidegib,Tucatinib,0.12507779669981067,0.3985108722578627
SW 900,cellcycle_G1_vs_G2M,Hydroxyfasudil,Ipatasertib,0.34344634736191415,0.31260677025725436
SW 900,cellcycle_G1_vs_G2M,XRK3F2,venetoclax,0.2133598724847822,0.10243731495749493
SW 900,cellcycle_G1_vs_G2M,Brivudine,Erdafitinib ,-0.18953843384621105,0.0036552385989567504
SW 900,cellcycle_G1_vs_G2M,NG25,venetoclax,0.6699168046442715,0.5019066760023744
SW 900,cellcycle_G1_vs_G2M,BI-3406,Oxaliplatin,0.29747035595337534,0.356767383187525
SW 900,cellcycle_G1_vs_G2M,Abemaciclib,Futibatinib,-0.18269394364439556,0.12227255292476036
SW 900,cellcycle_G1_vs_G2M,BAY1125976,BI-78D3,0.6955341703365684,0.7190563872096986
SW1417,cellcycle_G1_vs_G2M,Belzutifan,Lonafarnib,0.04776281807391308,-0.08656557811248981
SW1417,cellcycle_G1_vs_G2M,ULK-101,XRK3F2,0.6495927780760675,0.5927230939393209
SW1417,cellcycle_G1_vs_G2M,Bimiralisib,Irinotecan,0.3919556660461202,0.4294212151639414
SW1417,cellcycle_G1_vs_G2M,Alpelisib,Tomivosertib,-0.047422946592559426,-0.03330249005998761
SW1417,cellcycle_G1_vs_G2M,AZD-8055,Sapanisertib,0.6934496592043305,0.7189649044454228
SW1417,cellcycle_G1_vs_G2M,GSK1059615,Minodronic acid,0.08376139449856096,0.23470341835079117
SW1417,cellcycle_G1_vs_G2M,GSK1059615,ULK-101,0.47630781167192837,0.4258390414355789
SW1417,cellcycle_G1_vs_G2M,Alpelisib,Anastrozole,0.34674091898845727,0.4525036219548775
SW1417,cellcycle_G1_vs_G2M,Adagrasib,Belzutifan,-0.08613594029008875,-0.10498959926882764
SW1417,cellcycle_G1_vs_G2M,APTO-253,Dabrafenib,0.5684884077455763,0.5670677885291118
SW1417,cellcycle_G1_vs_G2M,PH-797804,palbociclib,-0.13444143093631394,0.0389178014270561
SW1417,cellcycle_G1_vs_G2M,Encorafenib,olaparib,0.13439697562858172,0.17193711184799734
SW1417,cellcycle_G1_vs_G2M,Minodronic acid,NVP-BHG712,0.4637986321821798,0.5128813940917407
SW1417,cellcycle_G1_vs_G2M,Everolimus,Pimitespib,0.30917787617460224,0.4018632788174702
SW1417,cellcycle_G1_vs_G2M,Anastrozole,Ipatasertib,0.22103087117729275,0.2594592373412023
SW1417,cellcycle_G1_vs_G2M,GSK1059615,Ipatasertib,0.5225305901055873,0.5238502662965945
SW1417,cellcycle_G1_vs_G2M,Afatinib,MK-3903,0.7773414463085927,0.7014451209803098
SW1417,cellcycle_G1_vs_G2M,MK-8353,olaparib,0.2849749961098769,0.34601593206793363
SW1417,cellcycle_G1_vs_G2M,BI-78D3,Tubulin inhibitor 6,0.48630380180688887,0.4488969399725248
SW1417,cellcycle_G1_vs_G2M,LY2090314,Pemigatinib,0.5002763883028628,0.4793431351903471
SW1417,cellcycle_G1_vs_G2M,Celecoxib,venetoclax,0.09416878088355782,0.2652033965888007
SW1417,cellcycle_G1_vs_G2M,Ixazomib,PH-797804,-0.16981066861168692,-0.08334083322585126
SW1417,cellcycle_G1_vs_G2M,Afatinib,c-Kit-IN-1,0.015911760229946625,0.11808472325875301
SW1417,cellcycle_G1_vs_G2M,AT7519,Volasertib,0.3952105236509329,0.42598418986929487
SW1417,cellcycle_G1_vs_G2M,NVP-BHG712,SBI-0640756,0.30700739734894356,0.38634160822533825
SW1417,cellcycle_G1_vs_G2M,ERK5-IN-2,Oleic acid,0.13126899503675712,0.24961815497251122
SW1417,cellcycle_G1_vs_G2M,Adagrasib,Brivudine,0.20453259416100514,0.23106940061744266
SW1417,cellcycle_G1_vs_G2M,Capivasertib,ETC-206,0.4210469875807064,0.5129552880121757
SW1417,cellcycle_G1_vs_G2M,LY2090314,Oxaliplatin,0.4474136925326577,0.5368890637165216
SW1417,cellcycle_G1_vs_G2M,Gemcitabine,Trametinib,0.5303719249220868,0.5295343130063597
SW1417,cellcycle_G1_vs_G2M,9-ING-41,Erdafitinib ,0.6322920672875358,0.6469982015939324
SW1417,cellcycle_G1_vs_G2M,Alpelisib,Lonafarnib,-0.0034812038378308624,-0.14035850271032024
SW1417,cellcycle_G1_vs_G2M,Oleic acid,palbociclib,0.4089626171572096,0.5147925111809888
SW1417,cellcycle_G1_vs_G2M,Futibatinib,ML264,0.2745857644723215,0.3343674590748965
SW1417,cellcycle_G1_vs_G2M,Elimusertib hydrochloride,LY2090314,0.11683592439960434,0.19748974349076182
SW1417,cellcycle_G1_vs_G2M,Hydroxyfasudil,Ixazomib,0.43811383917122104,0.2454805679450357
SW1417,cellcycle_G1_vs_G2M,DT-061,Futibatinib,0.2958260237629281,0.2762361380418014
SW1417,cellcycle_G1_vs_G2M,Belzutifan,Pralsetinib,0.5237040158747381,0.4577201829631735
SW1417,cellcycle_G1_vs_G2M,AT7519,RMC-6236,0.22873772791936126,0.23043794087653036
SW1417,cellcycle_G1_vs_G2M,Celecoxib,Infigratinib,0.18199616062632265,0.26222450528473934
SW1417,cellcycle_G1_vs_G2M,Ipatasertib,XRK3F2,0.7606925893439377,0.6919911274068898
SW1417,cellcycle_G1_vs_G2M,AZD2858,palbociclib,0.45454160355821044,0.4041263048992703
SW1417,cellcycle_G1_vs_G2M,LB-100,Temuterkib,0.623983374549903,0.5368542164016545
SW1417,cellcycle_G1_vs_G2M,NVP-BHG712,Tomivosertib,0.05217553083707514,0.16418036920676005
SW1417,cellcycle_G1_vs_G2M,APTO-253,ETC-206,0.5670664584739362,0.6208109715369192
SW1417,cellcycle_G1_vs_G2M,Minodronic acid,NG25,0.12852544197218,0.3795298428465407
SW1417,cellcycle_G1_vs_G2M,Anastrozole,Bortezomib,0.15634403184135667,0.07122495941966489
SW1417,cellcycle_G1_vs_G2M,Bentamapimod,Dabrafenib,0.6755792522645999,0.6629702721676868
SW1417,cellcycle_G1_vs_G2M,Oxaliplatin,Pralsetinib,0.4732591853568119,0.44873350490217706
SW1417,cellcycle_G1_vs_G2M,CP21R7,Tomivosertib,-0.03818118458423764,0.21569167512035742
SW1417,cellcycle_G1_vs_G2M,Belumosudil (mesylate),olaparib,0.3815628443809871,0.5281156935906267
SW1417,cellcycle_G1_vs_G2M,Anastrozole,Pimitespib,0.33064239165474146,0.5068492122516871
SW1417,cellcycle_G1_vs_G2M,ETC-206,c-Kit-IN-1,0.19885824299737948,0.2325330663892065
SW1417,cellcycle_G1_vs_G2M,CP21R7,Trametinib,0.43054062988234554,0.5005884942073207
SW1417,cellcycle_G1_vs_G2M,Belumosudil (mesylate),Bentamapimod,0.29655413140269804,0.38233324929959855
SW1417,cellcycle_G1_vs_G2M,Belumosudil (mesylate),Lapatinib ditosylate,0.3531738733733836,0.4576497798213489
SW1417,cellcycle_G1_vs_G2M,Brivudine,IQ 1,0.23508983495344193,0.2548387824877244
SW1417,cellcycle_G1_vs_G2M,Dabrafenib,Irinotecan,0.31361214892691863,0.36058940853555466
SW1417,cellcycle_G1_vs_G2M,Adagrasib,Trametinib,0.03685979822945989,0.06370645614634926
SW1417,cellcycle_G1_vs_G2M,RMC-6236,TAK-901,-0.1684779644627954,-0.08874240967556661
SW1417,cellcycle_G1_vs_G2M,DT-061,MK-8353,0.29886530051716775,0.37416394966942024
SW1417,cellcycle_G1_vs_G2M,Adagrasib,Alpelisib,0.11524007617323266,0.03395327594737213
SW1417,cellcycle_G1_vs_G2M,Hydroxyfasudil,TAK-733,0.20201274048711493,0.3223970198405065
SW1417,cellcycle_G1_vs_G2M,APTO-253,RMC-6236,0.37000351035411194,0.4524047730992274
SW1417,cellcycle_G1_vs_G2M,Capivasertib,LJI308,0.3232386945293188,0.4442890771229462
SW1417,cellcycle_G1_vs_G2M,Elimusertib hydrochloride,TAK-733,0.3537634914489276,0.4305871548769567
SW1417,cellcycle_G1_vs_G2M,Hydroxyfasudil,Pralsetinib,0.5227780130069224,0.3175071867649655
SW1417,cellcycle_G1_vs_G2M,EX229,Vemurafenib,0.09225721592085535,0.2051218145632434
SW1417,cellcycle_G1_vs_G2M,Abemaciclib,Hydroxyfasudil,0.16758252365526663,0.3908826172655405
SW1417,cellcycle_G1_vs_G2M,Anastrozole,NG25,0.15749065399794587,0.26852222972331397
SW1417,cellcycle_G1_vs_G2M,IQ 1,LY-2584702 (tosylate salt),0.003324981225970438,0.17656396231050228
SW1417,cellcycle_G1_vs_G2M,Everolimus,LJI308,0.4275901170656145,0.527086774453881
SW1417,cellcycle_G1_vs_G2M,9-ING-41,Lapatinib ditosylate,0.6996328156752029,0.7201407038820477
SW1417,cellcycle_G1_vs_G2M,Belzutifan,Hydroxyfasudil,0.4916168303106725,0.28793512393657955
SW1417,cellcycle_G1_vs_G2M,RMC-6236,Tubulin inhibitor 6,0.37378935085774645,0.38934466744523916
SW1417,cellcycle_G1_vs_G2M,Lapatinib ditosylate,Paclitaxel,0.5999403699451932,0.6087750528630563
SW1417,cellcycle_G1_vs_G2M,BAY1125976,Lonafarnib,0.017177276407890726,-0.16078166223525742
SW1417,cellcycle_G1_vs_G2M,LY-2584702 (tosylate salt),PF-06260933,-0.08021471945888164,0.014197752662080239
SW1417,cellcycle_G1_vs_G2M,APTO-253,Lonafarnib,0.010121480121100444,-0.12622081342788347
SW1417,cellcycle_G1_vs_G2M,9-ING-41,AT7519,0.445218674951575,0.35959419008597693
SW1417,cellcycle_G1_vs_G2M,Afatinib,IQ 1,0.6095153788523904,0.5719897199819055
SW1417,cellcycle_G1_vs_G2M,ERK5-IN-2,LJI308,0.35850019128218025,0.3972018497406628
SW1417,cellcycle_G1_vs_G2M,Abemaciclib,Minodronic acid,0.0701476302453069,0.12054527718547944
SW1417,cellcycle_G1_vs_G2M,Abemaciclib,Sonidegib,0.34905300187607924,0.41969737004947993
SW1417,cellcycle_G1_vs_G2M,AZD2858,Celecoxib,0.44059902032870063,0.42001544885979925
SW1417,cellcycle_G1_vs_G2M,MK-3903,Pimitespib,0.11868862714439854,0.2668794828528082
SW1417,cellcycle_G1_vs_G2M,Minodronic acid,OTS514,0.453771267708035,0.48931520559800673
SW1417,cellcycle_G1_vs_G2M,OTS514,Volasertib,-0.032254395329758684,0.27159436263279435
SW1417,cellcycle_G1_vs_G2M,CP21R7,Minodronic acid,0.4285459353030701,0.4622401802204618
SW1417,cellcycle_G1_vs_G2M,ML264,Oleic acid,0.2417949292056198,0.2826466176994201
SW1417,cellcycle_G1_vs_G2M,HI-TOPK-032,Ixazomib,0.110327779212999,0.2573465305028366
SW1417,cellcycle_G1_vs_G2M,Belumosudil (mesylate),Irinotecan,0.4729702093397548,0.49444993637929197
SW1417,cellcycle_G1_vs_G2M,Lonafarnib,venetoclax,-0.07007158283442858,0.08284608564710692
SW1417,cellcycle_G1_vs_G2M,Afatinib,Erdafitinib ,0.47316550105395583,0.45515027215730625
SW1417,cellcycle_G1_vs_G2M,Afatinib,Minodronic acid,0.12065538352822741,0.23204853919063803
SW1417,cellcycle_G1_vs_G2M,LJI308,SBI-0640756,0.2745649274105413,0.37752802776603217
SW1417,cellcycle_G1_vs_G2M,Celecoxib,c-Kit-IN-1,0.09074458291856943,0.22736921316257427
SW1417,cellcycle_G1_vs_G2M,LY-2584702 (tosylate salt),XRK3F2,-0.2442249624288183,-0.17269028218101773
SW1417,cellcycle_G1_vs_G2M,Encorafenib,NVP-BHG712,0.5905123978540938,0.5758249949352744
SW1417,cellcycle_G1_vs_G2M,LB-100,NG25,0.13858449301049833,0.3728047339779791
SW48,cellcycle_G1_vs_G2M,AZD2858,venetoclax,0.04628802113410829,0.3295247729856507
SW48,cellcycle_G1_vs_G2M,9-ING-41,Temuterkib,0.42717597062904006,0.4097440255050606
SW48,cellcycle_G1_vs_G2M,Capivasertib,Vemurafenib,0.43963762297527476,0.26171916143715923
SW48,cellcycle_G1_vs_G2M,ERK5-IN-2,Futibatinib,-0.1347278013162257,0.0775753162184837
SW48,cellcycle_G1_vs_G2M,Bentamapimod,TAK-733,0.055077155221192935,0.19237211913693564
SW48,cellcycle_G1_vs_G2M,AZD-7648,palbociclib,0.799031052164876,0.7268522124249921
SW48,cellcycle_G1_vs_G2M,BI-78D3,SBI-0640756,0.5211651577461545,0.4760095483832852
SW48,cellcycle_G1_vs_G2M,Regorafenib,Sapanisertib,0.33143790486108055,0.13401387853795801
SW48,cellcycle_G1_vs_G2M,LY2090314,Sapanisertib,0.6879239942564843,0.5229669695102513
SW48,cellcycle_G1_vs_G2M,EX229,TAK-901,0.26799953443535873,0.20299801845771595
SW48,cellcycle_G1_vs_G2M,Celecoxib,Ralimetinib dimesylate,0.4131425063467526,0.44076348285855416
SW48,cellcycle_G1_vs_G2M,Dabrafenib,LJI308,0.31018520032311236,0.19880686665892827
SW48,cellcycle_G1_vs_G2M,BI-78D3,RMC-6236,0.41998525447862645,0.4277257492529699
SW48,cellcycle_G1_vs_G2M,Brivudine,Encorafenib,0.17075829431354178,0.14502304072820957
SW48,cellcycle_G1_vs_G2M,LB-100,Ralimetinib dimesylate,0.4492631251793747,0.45168613651938005
SW48,cellcycle_G1_vs_G2M,Celecoxib,RMC-6236,0.0019216790457895032,0.1797234595084774
SW48,cellcycle_G1_vs_G2M,Everolimus,PF-06260933,0.3491991328268571,0.24351508614829362
SW48,cellcycle_G1_vs_G2M,AZD2858,PH-797804,0.2177365420169488,0.22773261076945586
SW48,cellcycle_G1_vs_G2M,LJI308,OTS514,0.29046422482110523,0.15919564245628104
SW48,cellcycle_G1_vs_G2M,Lapatinib ditosylate,TAK-733,-0.0471536549856829,0.07342456492594315
SW48,cellcycle_G1_vs_G2M,Hydroxyfasudil,palbociclib,0.0485508041035789,0.14878271350584477
SW48,cellcycle_G1_vs_G2M,AT7519,venetoclax,0.016947900593923364,0.19104283513081238
SW48,cellcycle_G1_vs_G2M,BI-78D3,MK-3903,0.3847566191625434,0.42990843317841343
SW48,cellcycle_G1_vs_G2M,LJI308,Temuterkib,0.43656842102686866,0.34537987816452537
SW48,cellcycle_G1_vs_G2M,Ipatasertib,c-Kit-IN-1,0.4039354133942169,0.4908083580582083
SW48,cellcycle_G1_vs_G2M,NVP-BHG712,vincristine,0.3584163854903922,0.11393696924387044
SW48,cellcycle_G1_vs_G2M,AZD2858,c-Kit-IN-1,0.0454140201054027,0.3493319009361449
SW48,cellcycle_G1_vs_G2M,NVP-BHG712,c-Kit-IN-1,-0.12520505747098007,-0.03204672973901938
SW48,cellcycle_G1_vs_G2M,Alpelisib,IQ 1,0.24541226850230516,0.3441733319181599
SW48,cellcycle_G1_vs_G2M,Capivasertib,EX229,0.030728722358348115,0.16334718104826038
SW48,cellcycle_G1_vs_G2M,ERK5-IN-2,Oxaliplatin,0.20231344053703842,0.2780600780589
SW48,cellcycle_G1_vs_G2M,Bentamapimod,Methylprednisolone succinate,0.31935079602434646,0.33857760064217945
SW48,cellcycle_G1_vs_G2M,ML264,XRK3F2,0.6484127848018542,0.6752435229752586
SW48,cellcycle_G1_vs_G2M,NVP-BHG712,palbociclib,0.4063248557202373,0.3569862137272337
SW48,cellcycle_G1_vs_G2M,BI-78D3,Methylprednisolone succinate,0.24803644195171054,0.3301376500290979
SW48,cellcycle_G1_vs_G2M,Celecoxib,MK-8353,0.534598605164568,0.5519777850683942
SW48,cellcycle_G1_vs_G2M,Hydroxyfasudil,LY2090314,0.5054422894156935,0.5302705973830253
SW48,cellcycle_G1_vs_G2M,PH-797804,venetoclax,0.13090390481988745,0.15208740721316394
SW48,cellcycle_G1_vs_G2M,Paclitaxel,vincristine,0.3851879810411211,0.2486328364028142
SW48,cellcycle_G1_vs_G2M,Capmatinib,XRK3F2,0.3445004346678889,0.43932450381789195
SW48,cellcycle_G1_vs_G2M,ML264,NVP-BHG712,0.5716647173781528,0.5551522427491329
SW48,cellcycle_G1_vs_G2M,PF-06260933,XRK3F2,0.12053599636629285,-0.1512294389373153
SW48,cellcycle_G1_vs_G2M,Adagrasib,Elimusertib hydrochloride,0.21641904207802096,0.2815172555079933
SW48,cellcycle_G1_vs_G2M,Capmatinib,NVP-BHG712,0.29510162057612166,0.30357200862082256
SW48,cellcycle_G1_vs_G2M,Erdafitinib ,Ipatasertib,0.2571284231530017,0.1177446903266434
SW48,cellcycle_G1_vs_G2M,Everolimus,XRK3F2,0.30771455603415265,0.340105728295652
SW48,cellcycle_G1_vs_G2M,LY2090314,ML264,0.5743354717328548,0.5077767559987155
SW48,cellcycle_G1_vs_G2M,Celecoxib,DT-061,0.16632748693453298,0.4112367766315008
SW48,cellcycle_G1_vs_G2M,BI-78D3,Paclitaxel,0.8243579414010349,0.6990027932270997
SW48,cellcycle_G1_vs_G2M,Minodronic acid,Ralimetinib dimesylate,0.21685509514830464,0.3330298041576838
SW48,cellcycle_G1_vs_G2M,Encorafenib,Tubulin inhibitor 6,0.40035972078427884,0.24638514318343005
SW48,cellcycle_G1_vs_G2M,CP21R7,Tubulin inhibitor 6,0.5302569997529475,0.4788413866359316
SW48,cellcycle_G1_vs_G2M,Dabrafenib,RMC-6236,0.35864950548531915,0.22348836889663157
SW48,cellcycle_G1_vs_G2M,Tubulin inhibitor 6,Vemurafenib,0.5389586413741012,0.4486940449693491
SW48,cellcycle_G1_vs_G2M,Capmatinib,Tubulin inhibitor 6,0.4287271479019049,0.42267077887750903
SW48,cellcycle_G1_vs_G2M,DT-061,XRK3F2,0.3221369394615821,0.26454070332076995
SW48,cellcycle_G1_vs_G2M,HI-TOPK-032,olaparib,0.390154376622656,0.46805185809737665
SW48,cellcycle_G1_vs_G2M,AZD2858,BI-3406,0.40422125810712906,0.2795321901529866
SW48,cellcycle_G1_vs_G2M,BI-78D3,palbociclib,0.16062766063199962,0.2546654681711294
SW48,cellcycle_G1_vs_G2M,BI-78D3,ETC-206,0.6601030802404351,0.6003361542692585
SW48,cellcycle_G1_vs_G2M,AT7519,Capmatinib,-0.07238324112661991,0.06659716745094948
SW48,cellcycle_G1_vs_G2M,Bimiralisib,Irinotecan,0.14138561026752886,0.09772744538696554
SW48,cellcycle_G1_vs_G2M,Elimusertib hydrochloride,TAK-901,0.1650806870246414,0.125898771561584
SW48,cellcycle_G1_vs_G2M,Afatinib,OTS514,0.07231664935580304,0.03063225072759234
SW48,cellcycle_G1_vs_G2M,IQ 1,Pralsetinib,0.2077150732463492,0.24980729669314533
SW48,cellcycle_G1_vs_G2M,DT-061,Dabrafenib,-0.01207234687865288,-0.19970393203888118
SW48,cellcycle_G1_vs_G2M,Dabrafenib,Erdafitinib ,0.6422590549976507,0.5089795597351287
SW48,cellcycle_G1_vs_G2M,LB-100,OTS514,0.25837771221005057,0.1576718816211273
SW48,cellcycle_G1_vs_G2M,Adagrasib,Belumosudil (mesylate),0.21476672260406576,0.25432740529081344
SW48,cellcycle_G1_vs_G2M,AT7519,Infigratinib,0.28069176880160024,0.4083322999120428
SW48,cellcycle_G1_vs_G2M,LY2090314,PH-797804,0.030271305083344538,-0.016447890054991303
SW48,cellcycle_G1_vs_G2M,AT7519,EX229,0.2274776377112935,0.22598010845464522
SW48,cellcycle_G1_vs_G2M,AZD2858,SBI-0640756,0.4424867314471228,0.314904009513857
SW48,cellcycle_G1_vs_G2M,DTP3,LY2090314,0.7058160119941964,0.6763967804751156
SW48,cellcycle_G1_vs_G2M,BI-78D3,Tomivosertib,0.3602281141901116,0.4409877034845613
SW48,cellcycle_G1_vs_G2M,Gemcitabine,Methylprednisolone succinate,0.4279340598018734,0.47816485099418177
SW48,cellcycle_G1_vs_G2M,APTO-253,Vemurafenib,0.7773221777067553,0.6890914026012768
SW48,cellcycle_G1_vs_G2M,DT-061,LY2090314,0.3723922163936201,0.2752276143220888
SW48,cellcycle_G1_vs_G2M,Irinotecan,Regorafenib,0.6199377526451559,0.37967173271079635
SW48,cellcycle_G1_vs_G2M,SBI-0640756,c-Kit-IN-1,0.13855187267931235,0.1518488492925521
SW48,cellcycle_G1_vs_G2M,BAY1125976,Hydroxyfasudil,0.4191350399712128,0.4804757568079885
SW48,cellcycle_G1_vs_G2M,DTP3,SBI-0640756,0.3013844919689648,0.2173097663422461
SW48,cellcycle_G1_vs_G2M,Everolimus,HI-TOPK-032,0.5284485720601285,0.36315650664958093
SW48,cellcycle_G1_vs_G2M,BI-78D3,Brivudine,0.2931906265257764,0.24576135669683505
SW48,cellcycle_G1_vs_G2M,Binimetinib,vincristine,-0.03469062678692919,-0.008078741256545584
SW48,cellcycle_G1_vs_G2M,Capivasertib,venetoclax,-0.1008055144106165,0.1761173014338232
SW48,cellcycle_G1_vs_G2M,Belumosudil (mesylate),venetoclax,-0.318946574833344,-0.18402171131844053
SW48,cellcycle_G1_vs_G2M,ML264,Vemurafenib,0.6512371933143255,0.6871505469778597
SW48,cellcycle_G1_vs_G2M,Futibatinib,Irinotecan,0.37639870662892155,0.15509823368229067
SW48,cellcycle_G1_vs_G2M,ERK5-IN-2,Hydroxyfasudil,0.1483197405834083,0.17703693968894357
SW48,cellcycle_G1_vs_G2M,Hydroxyfasudil,LB-100,0.45737496760383645,0.4592134370794629
SW48,cellcycle_G1_vs_G2M,ERK5-IN-2,olaparib,0.22597244436609346,0.18422471077702196
SW48,cellcycle_G1_vs_G2M,Lapatinib ditosylate,OTS514,0.6584547849703322,0.47353707785200144
SW48,cellcycle_G1_vs_G2M,Alpelisib,Belzutifan,0.2723528263701439,0.3370694747851592
SW48,cellcycle_G1_vs_G2M,Oleic acid,venetoclax,0.1126167911684312,0.22932508261261125
SW48,cellcycle_G1_vs_G2M,AZD1390,Bentamapimod,0.2314605364567636,0.43322632575960446
SW48,cellcycle_G1_vs_G2M,DTP3,LB-100,0.29336191179513804,0.23419609531411223
SW48,cellcycle_G1_vs_G2M,Abemaciclib,Pemigatinib,-0.14597199928154478,-0.12056647416119991
SW48,cellcycle_G1_vs_G2M,APTO-253,Capivasertib,0.5082784218356874,0.22679636867369699
SW48,cellcycle_G1_vs_G2M,AT7519,Regorafenib,0.4147237903457651,0.4371123233031806
SW480,cellcycle_G1_vs_G2M,Encorafenib,Futibatinib,0.6742836557627152,0.44238526434931785
SW480,cellcycle_G1_vs_G2M,Alpelisib,BAY1125976,-0.2576877714003238,-0.33231999837217985
SW480,cellcycle_G1_vs_G2M,Ipatasertib,ULK-101,0.4546802145429828,0.5154067366189572
SW480,cellcycle_G1_vs_G2M,Brivudine,Temuterkib,0.04196732287682611,0.005351961865328322
SW480,cellcycle_G1_vs_G2M,BI-78D3,Ixazomib,0.7593751127387975,0.656619810929995
SW480,cellcycle_G1_vs_G2M,CP21R7,venetoclax,0.23193718031257066,0.2904875205397788
SW480,cellcycle_G1_vs_G2M,BI-3406,palbociclib,0.8830239955540099,0.8425061980665769
SW480,cellcycle_G1_vs_G2M,Pemigatinib,Tubulin inhibitor 6,0.6563147838473548,0.5072839737217959
SW480,cellcycle_G1_vs_G2M,9-ING-41,Brivudine,0.2960641362042827,0.39736725960835595
SW480,cellcycle_G1_vs_G2M,Bimiralisib,DTP3,0.5164006202644064,0.42768708691323715
SW480,cellcycle_G1_vs_G2M,Anastrozole,BI-78D3,0.801387892391927,0.5621849261734385
SW480,cellcycle_G1_vs_G2M,LY2090314,Pemigatinib,0.7768203187522136,0.7023454467267313
SW480,cellcycle_G1_vs_G2M,CP21R7,TAK-733,0.5828377859616021,0.49934773093244456
SW480,cellcycle_G1_vs_G2M,TAK-901,palbociclib,0.0067782210280881786,0.14973942478942048
SW480,cellcycle_G1_vs_G2M,AZD2858,Tucatinib,0.7519109442838183,0.5235399744748674
SW480,cellcycle_G1_vs_G2M,IQ 1,PF-06260933,-0.36618999456836127,-0.23239632308346644
SW480,cellcycle_G1_vs_G2M,GSK1059615,Temuterkib,0.407504938968488,0.2901452473610293
SW480,cellcycle_G1_vs_G2M,BI-3406,vincristine,-0.2133998333682551,-0.17531880382962522
SW480,cellcycle_G1_vs_G2M,Infigratinib,LY2090314,0.3782319974924598,0.13312495807510547
SW480,cellcycle_G1_vs_G2M,ERK5-IN-2,Hydroxyfasudil,0.7764760549285152,0.4938159040240091
SW480,cellcycle_G1_vs_G2M,Erdafitinib ,Vemurafenib,0.45527126388347194,0.3021609121473663
SW480,cellcycle_G1_vs_G2M,Afatinib,LJI308,0.4022822019055436,0.25626756536277573
SW480,cellcycle_G1_vs_G2M,Minodronic acid,SBI-0640756,0.5619148560846869,0.4269935979887264
SW480,cellcycle_G1_vs_G2M,ML264,Tomivosertib,0.50216619904897,0.2648214623261629
SW480,cellcycle_G1_vs_G2M,Infigratinib,Ralimetinib dimesylate,0.3977868209165429,0.251419664820546
SW480,cellcycle_G1_vs_G2M,Infigratinib,Tomivosertib,0.512423851502592,0.4662114153439731
SW480,cellcycle_G1_vs_G2M,9-ING-41,PH-797804,0.003730487701798957,0.09965394199177267
SW480,cellcycle_G1_vs_G2M,APTO-253,Encorafenib,0.20093018062154788,-0.16750362113971248
SW480,cellcycle_G1_vs_G2M,Binimetinib,Infigratinib,0.254131156737283,0.2424890583145336
SW480,cellcycle_G1_vs_G2M,ETC-206,HI-TOPK-032,0.43145091058447815,0.5005698749939842
SW480,cellcycle_G1_vs_G2M,Hydroxyfasudil,palbociclib,0.6160024896921239,0.44671062569774134
SW480,cellcycle_G1_vs_G2M,BI-78D3,EX229,0.5123143710917458,0.4102726490393097
SW480,cellcycle_G1_vs_G2M,MK-3903,palbociclib,0.8262948646138621,0.7421322877663498
SW480,cellcycle_G1_vs_G2M,Infigratinib,MK-3903,0.32607250299349955,0.17753151386761704
SW480,cellcycle_G1_vs_G2M,Hydroxyfasudil,Minodronic acid,0.715629243569211,0.6127181291962018
SW480,cellcycle_G1_vs_G2M,Lapatinib ditosylate,Pemigatinib,0.8239174330564812,0.6658795357537112
SW480,cellcycle_G1_vs_G2M,Minodronic acid,Sonidegib,0.37448829633015057,0.5242301536054709
SW480,cellcycle_G1_vs_G2M,AZD1390,Binimetinib,0.294323445453597,0.07719291588713477
SW480,cellcycle_G1_vs_G2M,Vemurafenib,venetoclax,0.6065402634304289,0.6563297010621468
SW480,cellcycle_G1_vs_G2M,Tomivosertib,palbociclib,0.1969009759685694,0.3727517582920934
SW480,cellcycle_G1_vs_G2M,Capivasertib,palbociclib,0.5556385952756764,0.3683732738317495
SW480,cellcycle_G1_vs_G2M,Dabrafenib,Encorafenib,0.2811500967494341,0.11438971675836733
SW480,cellcycle_G1_vs_G2M,ML264,Pemigatinib,0.6486847437390592,0.4995278856551646
SW480,cellcycle_G1_vs_G2M,Anastrozole,HI-TOPK-032,0.37362794744372396,0.47417044406430964
SW480,cellcycle_G1_vs_G2M,AZD-7648,AZD-8055,0.9057557802374082,0.8883675287343265
SW480,cellcycle_G1_vs_G2M,MK-3903,olaparib,0.6214798734220106,0.4231629333041524
SW480,cellcycle_G1_vs_G2M,MK-3903,PF-06260933,-0.42786521213483253,-0.2479004458772759
SW480,cellcycle_G1_vs_G2M,LJI308,venetoclax,0.3848147553330479,0.32555270013110593
SW480,cellcycle_G1_vs_G2M,Abemaciclib,GSK1059615,0.26736897442728,0.24389459472124483
SW480,cellcycle_G1_vs_G2M,Abemaciclib,Futibatinib,-0.021329413891988183,-0.07885229598070936
SW480,cellcycle_G1_vs_G2M,Irinotecan,palbociclib,0.3373373253530903,0.1995848503962313
SW480,cellcycle_G1_vs_G2M,AZD-8055,MK-3903,0.9000508724771624,0.8502352594234407
SW480,cellcycle_G1_vs_G2M,Adagrasib,Encorafenib,0.12496466793493503,-0.024524564038848673
SW480,cellcycle_G1_vs_G2M,c-Kit-IN-1,vincristine,0.41604919324159517,0.3578143286498699
SW480,cellcycle_G1_vs_G2M,Paclitaxel,Temuterkib,0.7451948123484162,0.6017656612895268
SW480,cellcycle_G1_vs_G2M,Dabrafenib,Paclitaxel,0.32935878608578373,0.1365033078578374
SW480,cellcycle_G1_vs_G2M,Pralsetinib,vincristine,0.2543123737565931,0.5261196537322947
SW480,cellcycle_G1_vs_G2M,BI-78D3,NG25,0.259168155408013,0.41901267230182937
SW480,cellcycle_G1_vs_G2M,AT7519,MK-3903,0.20385915392787496,0.25451179768184373
SW480,cellcycle_G1_vs_G2M,AT7519,Brivudine,0.03885084357219197,0.17466139507736922
SW480,cellcycle_G1_vs_G2M,GSK1059615,Sapanisertib,0.39542106312634806,0.3025917057998987
SW480,cellcycle_G1_vs_G2M,AZD1390,Lapatinib ditosylate,0.45017546080763815,0.1347976221198075
SW480,cellcycle_G1_vs_G2M,EX229,RMC-6236,0.5257137856861805,0.5307631902110522
SW480,cellcycle_G1_vs_G2M,Capmatinib,ERK5-IN-2,0.49314763727140415,0.5852705320695626
SW480,cellcycle_G1_vs_G2M,Ipatasertib,Minodronic acid,0.5618492047981501,0.21017411756174167
SW480,cellcycle_G1_vs_G2M,AZD-8055,Binimetinib,0.9152916118637788,0.8954164677317468
SW480,cellcycle_G1_vs_G2M,9-ING-41,Alpelisib,0.7770815725495621,0.8063825690820927
SW480,cellcycle_G1_vs_G2M,EX229,Torkinib,0.6174282528169652,0.3318313733470644
SW480,cellcycle_G1_vs_G2M,APTO-253,Bentamapimod,0.6160473951292411,0.3879911805500593
SW480,cellcycle_G1_vs_G2M,Bimiralisib,Pimitespib,0.2401366979741914,0.24126496145237067
SW480,cellcycle_G1_vs_G2M,LJI308,LY-2584702 (tosylate salt),0.12566316155879664,0.3165395609584288
SW480,cellcycle_G1_vs_G2M,BI-78D3,Vemurafenib,0.6527971036767649,0.6199286174201039
SW480,cellcycle_G1_vs_G2M,Elimusertib hydrochloride,Gemcitabine,0.7002512444197355,0.5700706814591293
SW480,cellcycle_G1_vs_G2M,AT7519,Gemcitabine,0.44584081886642596,0.40449266493641023
SW480,cellcycle_G1_vs_G2M,ULK-101,vincristine,-0.07282650597736061,-0.16060008627214153
SW480,cellcycle_G1_vs_G2M,Afatinib,EX229,0.5774229097589685,0.5943342845191723
SW480,cellcycle_G1_vs_G2M,Vemurafenib,vincristine,-0.20740808216628392,-0.20241461839320735
SW480,cellcycle_G1_vs_G2M,4EGI-1,HI-TOPK-032,0.08319607053245379,0.09742492083238279
SW480,cellcycle_G1_vs_G2M,AZD-7648,IQ 1,0.8736880334961601,0.8442605455650439
SW480,cellcycle_G1_vs_G2M,Anastrozole,c-Kit-IN-1,0.30975913170234826,0.328946690523098
SW480,cellcycle_G1_vs_G2M,Ipatasertib,Irinotecan,0.18515279433655346,0.007019336017502993
SW480,cellcycle_G1_vs_G2M,APTO-253,Ixazomib,0.3443776116242856,0.014147020023178462
SW480,cellcycle_G1_vs_G2M,Alpelisib,LY-2584702 (tosylate salt),-0.004369901741838399,0.014172744719831466
SW480,cellcycle_G1_vs_G2M,Afatinib,vincristine,-0.2319805044333743,-0.23265990894315766
SW480,cellcycle_G1_vs_G2M,AZD-8055,Pemigatinib,0.5999589231635878,0.554702093395339
SW480,cellcycle_G1_vs_G2M,Elimusertib hydrochloride,PH-797804,0.10115380533629173,0.3049424208989202
SW480,cellcycle_G1_vs_G2M,Irinotecan,TAK-733,0.33979134070936934,0.22451109528952168
SW480,cellcycle_G1_vs_G2M,Abemaciclib,XRK3F2,0.030909939282050762,0.0159726478177964
SW480,cellcycle_G1_vs_G2M,APTO-253,RMC-6236,0.08677882964632065,-0.15639614923886896
SW480,cellcycle_G1_vs_G2M,NG25,Trametinib,0.7104287806799541,0.7693017015460631
SW480,cellcycle_G1_vs_G2M,BI-3406,GSK1059615,0.7301504668527784,0.7040300623808913
SW480,cellcycle_G1_vs_G2M,AZD1390,Adagrasib,0.32248158107150277,0.3867233798088899
SW480,cellcycle_G1_vs_G2M,HI-TOPK-032,Sonidegib,0.2772998467797505,0.19279816960272123
SW480,cellcycle_G1_vs_G2M,Binimetinib,Erdafitinib ,0.2521727886521811,0.1884815871781347
SW480,cellcycle_G1_vs_G2M,LB-100,MK-3903,0.5620252747829196,0.483651926039008
SW480,cellcycle_G1_vs_G2M,AT7519,Pralsetinib,0.2398940826928884,0.21590832107819097
SW480,cellcycle_G1_vs_G2M,Bortezomib,Pimitespib,0.01924386163999558,-0.03436561185672817
SW480,cellcycle_G1_vs_G2M,Dabrafenib,RMC-6236,0.19449234008318392,0.06069901061603811
SW480,cellcycle_G1_vs_G2M,Belzutifan,Infigratinib,0.39472852695560834,0.2838847205404174
SW480,cellcycle_G1_vs_G2M,Elimusertib hydrochloride,Tomivosertib,0.2774722605849733,0.39261108728697314
hTERT-HPNE,cellcycle_G1_vs_G2M,BI-78D3,TAK-901,-0.025461098949389194,0.15683143641598823
hTERT-HPNE,cellcycle_G1_vs_G2M,BI-3406,ERK5-IN-2,0.3826488884354252,0.279299829200364
hTERT-HPNE,cellcycle_G1_vs_G2M,BAY1125976,Trametinib,-0.1500751320949001,-0.02974347985990979
hTERT-HPNE,cellcycle_G1_vs_G2M,Gemcitabine,HI-TOPK-032,0.4334770784401659,0.46175805640650613
hTERT-HPNE,cellcycle_G1_vs_G2M,Oxaliplatin,palbociclib,0.5197018835721188,0.4370479918801124
hTERT-HPNE,cellcycle_G1_vs_G2M,SBI-0640756,Temuterkib,0.2684662098332685,0.392461004395918
hTERT-HPNE,cellcycle_G1_vs_G2M,Dabrafenib,PF-06260933,0.3101614717314734,0.32258874103952745
hTERT-HPNE,cellcycle_G1_vs_G2M,Abemaciclib,Capivasertib,0.24294499537346345,0.1441895226281844
hTERT-HPNE,cellcycle_G1_vs_G2M,CP21R7,Tomivosertib,0.008839446772015404,0.24482328548898322
hTERT-HPNE,cellcycle_G1_vs_G2M,LB-100,NVP-BHG712,0.5434925236227696,0.42038992709186973
hTERT-HPNE,cellcycle_G1_vs_G2M,RMC-6236,palbociclib,0.32163540689131354,0.3593710357189273
hTERT-HPNE,cellcycle_G1_vs_G2M,Dabrafenib,venetoclax,-0.36591927121187595,-0.157347294864556
hTERT-HPNE,cellcycle_G1_vs_G2M,AZD1390,Anastrozole,0.47018364430937576,0.5038926088145143
hTERT-HPNE,cellcycle_G1_vs_G2M,Alpelisib,Capmatinib,0.4599839343643835,0.591873614313293
hTERT-HPNE,cellcycle_G1_vs_G2M,EX229,Ixazomib,0.4569299194844116,0.32320837390042817
hTERT-HPNE,cellcycle_G1_vs_G2M,Brivudine,ETC-206,0.1583036107484253,0.1628477068932751
hTERT-HPNE,cellcycle_G1_vs_G2M,ETC-206,ULK-101,0.2674144348502791,0.32933271000073877
hTERT-HPNE,cellcycle_G1_vs_G2M,Oleic acid,Pemigatinib,0.2957771193091854,0.2753192447852023
hTERT-HPNE,cellcycle_G1_vs_G2M,AT7519,Bentamapimod,0.4238266029758473,0.4532515440280386
hTERT-HPNE,cellcycle_G1_vs_G2M,TAK-901,palbociclib,0.13962212277659497,0.1433054307632541
hTERT-HPNE,cellcycle_G1_vs_G2M,LB-100,Oxaliplatin,0.5565317050992911,0.41679461843909965
hTERT-HPNE,cellcycle_G1_vs_G2M,AZD1390,Encorafenib,0.30680580331903073,0.3202611726968606
hTERT-HPNE,cellcycle_G1_vs_G2M,AT7519,ERK5-IN-2,0.054063120850209256,0.3769777687816035
hTERT-HPNE,cellcycle_G1_vs_G2M,Afatinib,TAK-733,0.25231449160364733,0.37708777711651487
hTERT-HPNE,cellcycle_G1_vs_G2M,Ixazomib,venetoclax,0.6428078550744555,0.5644187787849202
hTERT-HPNE,cellcycle_G1_vs_G2M,NVP-BHG712,Tucatinib,0.6597206621238609,0.6376291525609432
hTERT-HPNE,cellcycle_G1_vs_G2M,Temuterkib,ULK-101,0.1627281056100201,0.3012734662971457
hTERT-HPNE,cellcycle_G1_vs_G2M,Paclitaxel,Sapanisertib,0.7889012885279286,0.7536887129701779
hTERT-HPNE,cellcycle_G1_vs_G2M,Tubulin inhibitor 6,Tucatinib,0.47428039681945466,0.4863457403675938
hTERT-HPNE,cellcycle_G1_vs_G2M,Alpelisib,Binimetinib,0.29459713662558806,0.3435801429956808
hTERT-HPNE,cellcycle_G1_vs_G2M,Pemigatinib,Vemurafenib,0.5851199720632532,0.5978424241034415
hTERT-HPNE,cellcycle_G1_vs_G2M,DT-061,Volasertib,0.21909718553127383,0.18024142372998142
hTERT-HPNE,cellcycle_G1_vs_G2M,palbociclib,venetoclax,0.007398735921346263,0.09318772003934853
hTERT-HPNE,cellcycle_G1_vs_G2M,Afatinib,ERK5-IN-2,0.6703332344623276,0.6509934117021772
hTERT-HPNE,cellcycle_G1_vs_G2M,BI-3406,Pemigatinib,0.12969548432977498,0.30056035966100636
hTERT-HPNE,cellcycle_G1_vs_G2M,MK-8353,NG25,-0.09212426978287427,0.1281391349873724
hTERT-HPNE,cellcycle_G1_vs_G2M,LB-100,TAK-733,0.12749273143113254,0.1651046745392191
hTERT-HPNE,cellcycle_G1_vs_G2M,Capmatinib,LJI308,0.6374920936705044,0.5125655085360896
hTERT-HPNE,cellcycle_G1_vs_G2M,AZD-8055,Afatinib,0.5960529347585359,0.553467311891312
hTERT-HPNE,cellcycle_G1_vs_G2M,Afatinib,Temuterkib,0.43049173047411876,0.4589802844467657
hTERT-HPNE,cellcycle_G1_vs_G2M,9-ING-41,LY2090314,0.2904680835356161,0.3382979900802398
hTERT-HPNE,cellcycle_G1_vs_G2M,HI-TOPK-032,Infigratinib,0.15348555309767525,0.2150489998065827
hTERT-HPNE,cellcycle_G1_vs_G2M,Abemaciclib,Gemcitabine,0.3904311240095821,0.5743603175159239
hTERT-HPNE,cellcycle_G1_vs_G2M,TAK-901,Tucatinib,-0.006723720489526134,0.15489494991868227
hTERT-HPNE,cellcycle_G1_vs_G2M,APTO-253,Tucatinib,0.6908389894001415,0.6301970558190009
hTERT-HPNE,cellcycle_G1_vs_G2M,AZD-7648,LB-100,0.09021474849354329,0.3242744216025222
hTERT-HPNE,cellcycle_G1_vs_G2M,BI-78D3,NG25,-0.06575321061477651,0.18984547214259864
hTERT-HPNE,cellcycle_G1_vs_G2M,HI-TOPK-032,Sapanisertib,-0.19050516686430952,-0.05783476180126003
hTERT-HPNE,cellcycle_G1_vs_G2M,AT7519,BAY1125976,0.37321629592818045,0.43803342481411944
hTERT-HPNE,cellcycle_G1_vs_G2M,Gemcitabine,ML264,0.3064200555091366,0.34874075648000374
hTERT-HPNE,cellcycle_G1_vs_G2M,BI-78D3,Regorafenib,0.005566599406677788,0.31320160712561124
hTERT-HPNE,cellcycle_G1_vs_G2M,AT7519,Ipatasertib,-0.15304245472754277,0.30182383394809936
hTERT-HPNE,cellcycle_G1_vs_G2M,Everolimus,Temuterkib,0.537019938991556,0.38247129216545867
hTERT-HPNE,cellcycle_G1_vs_G2M,IQ 1,Tomivosertib,0.4413780284558423,0.41546179750603596
hTERT-HPNE,cellcycle_G1_vs_G2M,HI-TOPK-032,Minodronic acid,0.19157962589321145,0.28324862007978646
hTERT-HPNE,cellcycle_G1_vs_G2M,ERK5-IN-2,Vemurafenib,0.6481962497061611,0.678868719177697
hTERT-HPNE,cellcycle_G1_vs_G2M,DT-061,Minodronic acid,0.4326641561214802,0.5102107422674179
hTERT-HPNE,cellcycle_G1_vs_G2M,Belumosudil (mesylate),Ipatasertib,0.5279322255223546,0.4228017164063159
hTERT-HPNE,cellcycle_G1_vs_G2M,NG25,Paclitaxel,-0.09822284536359549,0.12404257066630861
hTERT-HPNE,cellcycle_G1_vs_G2M,BI-78D3,ULK-101,0.14389584068108996,0.4064387332647026
hTERT-HPNE,cellcycle_G1_vs_G2M,LJI308,RMC-6236,0.4371573049160333,0.37082254280475696
hTERT-HPNE,cellcycle_G1_vs_G2M,AZD-7648,Gemcitabine,0.44529200304248,0.40381940947728406
hTERT-HPNE,cellcycle_G1_vs_G2M,LJI308,ULK-101,0.47782093546530885,0.3536684456027319
hTERT-HPNE,cellcycle_G1_vs_G2M,Dabrafenib,SBI-0640756,0.07266695521590265,0.30011682024282127
hTERT-HPNE,cellcycle_G1_vs_G2M,AT7519,AZD-7648,0.004665439859045389,0.2121704862568996
hTERT-HPNE,cellcycle_G1_vs_G2M,Capivasertib,RMC-6236,-0.0807365241897545,-0.18198300036837642
hTERT-HPNE,cellcycle_G1_vs_G2M,HI-TOPK-032,ML264,-0.01818755953330977,0.18940686798253886
hTERT-HPNE,cellcycle_G1_vs_G2M,ETC-206,Pemigatinib,0.5369090904672693,0.3841489491861268
hTERT-HPNE,cellcycle_G1_vs_G2M,Everolimus,TAK-733,0.20656625054627353,0.4053077875004447
hTERT-HPNE,cellcycle_G1_vs_G2M,Alpelisib,NVP-BHG712,0.44545046669339516,0.49348443983654605
hTERT-HPNE,cellcycle_G1_vs_G2M,MK-8353,Pralsetinib,0.3931048935599388,0.49923966218908433
hTERT-HPNE,cellcycle_G1_vs_G2M,Erdafitinib ,Lapatinib ditosylate,0.7365929519140488,0.5673246559504606
hTERT-HPNE,cellcycle_G1_vs_G2M,Bimiralisib,LY2090314,-0.1119601709114428,0.13738377338457
hTERT-HPNE,cellcycle_G1_vs_G2M,EX229,Ipatasertib,0.4147852883985785,0.3288623900946153
hTERT-HPNE,cellcycle_G1_vs_G2M,Erdafitinib ,MK-8353,0.6920901147548346,0.5779210760377327
hTERT-HPNE,cellcycle_G1_vs_G2M,IQ 1,Volasertib,0.420244981169711,0.40007914684722884
hTERT-HPNE,cellcycle_G1_vs_G2M,BI-3406,venetoclax,0.5734649746307094,0.6255707764511774
hTERT-HPNE,cellcycle_G1_vs_G2M,BI-78D3,DTP3,0.258808870979756,0.42399490495745223
hTERT-HPNE,cellcycle_G1_vs_G2M,BI-3406,Binimetinib,0.6824033201751265,0.5428325185090916
hTERT-HPNE,cellcycle_G1_vs_G2M,LY2090314,Pemigatinib,0.3500175585489215,0.17188198205946165
hTERT-HPNE,cellcycle_G1_vs_G2M,DTP3,NG25,0.11883377933231294,0.09627010360827029
hTERT-HPNE,cellcycle_G1_vs_G2M,APTO-253,BAY1125976,0.6690878901051798,0.5219380119151187
hTERT-HPNE,cellcycle_G1_vs_G2M,9-ING-41,CP21R7,0.23203317602672008,0.3477736957395649
hTERT-HPNE,cellcycle_G1_vs_G2M,AZD-7648,Paclitaxel,-0.025999359420815566,0.16312329734567743
hTERT-HPNE,cellcycle_G1_vs_G2M,Capivasertib,HI-TOPK-032,0.47386640165640104,0.3657579216103827
hTERT-HPNE,cellcycle_G1_vs_G2M,Belumosudil (mesylate),Methylprednisolone succinate,0.2352916244830291,0.31028677159727425
hTERT-HPNE,cellcycle_G1_vs_G2M,MK-3903,NG25,0.21375150458664946,0.32963084374148377
hTERT-HPNE,cellcycle_G1_vs_G2M,Volasertib,olaparib,0.12378403196599841,0.13703327436473428
hTERT-HPNE,cellcycle_G1_vs_G2M,AT7519,Irinotecan,0.16567000145712793,0.2764011184705846
hTERT-HPNE,cellcycle_G1_vs_G2M,Celecoxib,palbociclib,0.394056421113544,0.403071013432453
hTERT-HPNE,cellcycle_G1_vs_G2M,Gemcitabine,Ixazomib,0.17183991497073048,0.39535955594085315
hTERT-HPNE,cellcycle_G1_vs_G2M,DT-061,Oleic acid,0.538631470743347,0.5639449163877857
hTERT-HPNE,cellcycle_G1_vs_G2M,Lapatinib ditosylate,Regorafenib,0.12934405556925824,0.333322847548365
hTERT-HPNE,cellcycle_G1_vs_G2M,Binimetinib,LJI308,0.4447241014059671,0.3888899814462118
hTERT-HPNE,cellcycle_G1_vs_G2M,BI-78D3,RMC-6236,0.19496429645357383,0.34586048002844766
hTERT-HPNE,cellcycle_G1_vs_G2M,DT-061,Ralimetinib dimesylate,0.052306351023671475,0.25985157011517945
hTERT-HPNE,cellcycle_G1_vs_G2M,LJI308,XRK3F2,-0.09996653563563199,0.18600253223024787
hTERT-HPNE,cellcycle_G1_vs_G2M,IQ 1,Infigratinib,0.15373725029296958,0.2896099144343472
hTERT-HPNE,cellcycle_G1_vs_G2M,SBI-0640756,Volasertib,0.3619974218715015,0.32382503689318287
hTERT-HPNE,cellcycle_G1_vs_G2M,Capivasertib,Celecoxib,0.5691933159357336,0.3983910253959475
