split_type,cell_line,heldout_drug,heldout_MoA,observed_library_fraction,seed,recommendation_mode,structure_reliability_score,preference_conflict,information_condition_mode,true_divergence,true_div_min_cos,true_div_minority_frac,minority_state_coverage_gap,moa_ndcg_gap,minority_state_coverage_dart,moa_ndcg_dart,minority_state_coverage_mean,moa_ndcg_mean
leave_MoA_out,A549,Avagacestat (BMS-708163),Proteases,0.9893617021276596,1,DART_recommended,0.4471027966754086,0.5615819209039548,observed,1.6628450820312086,-0.6628450820312086,0.335,-0.0016251881773762245,,0.9820755207106594,,0.9837007088880356,
leave_MoA_out,A549,BMS-911543,JAK/STAT,0.8936170212765957,1,DART_recommended,0.4451334500804706,0.5779661016949152,observed,1.6979925978050945,-0.6979925978050945,0.445,0.00025444915619521336,,0.9944418485076908,,0.9941873993514956,
leave_MoA_out,A549,Bisindolylmaleimide IX (Ro 31-8220 Mesylate),TGF-beta/Smad,0.9840425531914894,1,DART_recommended,0.5490970860552662,0.5898305084745763,observed,1.72464783488905,-0.72464783488905,0.445,-0.00506082208551395,,0.9822233020150408,,0.9872841241005548,
leave_MoA_out,A549,CEP-33779,JAK/STAT,0.8936170212765957,0,mean_or_no_call,0.3162263542889545,0.5824858757062147,observed,1.5589583463295298,-0.5589583463295298,0.34,-0.002698610232471421,,0.9910862901385292,,0.9937849003710006,
leave_MoA_out,A549,CEP-33779,JAK/STAT,0.8936170212765957,4,DART_recommended,0.4801975274734508,0.6305084745762712,observed,1.6049964173330344,-0.6049964173330344,0.43,-0.0012465825881577963,,0.9848826919324414,,0.9861292745205992,
leave_MoA_out,A549,Carmofur,DNA Damage,0.8723404255319149,3,DART_recommended,0.5744489476168558,0.5412429378531074,observed,1.396340672012681,-0.396340672012681,0.49,0.0019339399173463612,,0.9932207610857816,,0.9912868211684353,
leave_MoA_out,A549,Celecoxib,Neuronal Signaling,0.9787234042553192,0,DART_recommended,0.4702074973152008,0.5096045197740113,observed,1.6621123055307705,-0.6621123055307704,0.455,-0.0012477279231511984,,0.986014705133745,,0.9872624330568962,
leave_MoA_out,A549,Celecoxib,Neuronal Signaling,0.9787234042553192,3,DART_recommended,0.4220030698541104,0.5429378531073447,observed,1.6943889544411974,-0.6943889544411974,0.43,0.0007083837506540736,,0.9935953520653896,,0.9928869683147356,
leave_MoA_out,A549,Celecoxib,Neuronal Signaling,0.9787234042553192,4,DART_recommended,0.4258949451063482,0.5971751412429378,observed,1.668514271216725,-0.6685142712167247,0.475,-0.00039627042953804814,,0.9889417682828952,,0.9893380387124332,
leave_MoA_out,A549,Clevudine,DNA Damage,0.8723404255319149,2,DART_recommended,0.4383764206331766,0.5954802259887005,observed,1.6164446959321106,-0.6164446959321106,0.345,-0.005513710981452147,,0.977093538785831,,0.9826072497672832,
leave_MoA_out,A549,Disulfiram,Metabolism,0.973404255319149,3,mean_or_no_call,0.3866545244199841,0.5175141242937853,observed,1.604710273657132,-0.6047102736571319,0.31,-0.00014658425172753287,,0.9824504561447672,,0.9825970403964948,
leave_MoA_out,A549,Divalproex Sodium,Ubiquitin,0.9893617021276596,3,DART_recommended,0.4846156149132641,0.6412429378531074,observed,1.6711660909453474,-0.6711660909453474,0.425,0.0006424779861663454,,0.9924897422892204,,0.991847264303054,
leave_MoA_out,A549,Divalproex Sodium,Ubiquitin,0.9893617021276596,4,DART_recommended,0.4606332015135616,0.6107344632768361,observed,1.6804603500022133,-0.6804603500022133,0.41,0.0007511999832165994,,0.9858218303099306,,0.985070630326714,
leave_MoA_out,A549,Droxinostat,Cytoskeletal Signaling,0.9361702127659576,0,DART_recommended,0.4190351920484171,0.5864406779661017,observed,1.5823075020420343,-0.5823075020420343,0.38,0.0,,0.9833191111415348,,0.9833191111415348,
leave_MoA_out,A549,Enzastaurin (LY317615),TGF-beta/Smad,0.9840425531914894,3,DART_recommended,0.514149157334673,0.5875706214689266,observed,1.6085426963349374,-0.6085426963349374,0.47,-0.0007965312711634143,,0.9934496997928624,,0.9942462310640258,
leave_MoA_out,A549,Fulvestrant,Endocrinology & Hormones,0.973404255319149,1,DART_recommended,0.4932873183547566,0.4932203389830508,observed,1.6065631166172716,-0.6065631166172716,0.435,-0.002177912468553811,,0.9908666760484506,,0.9930445885170044,
leave_MoA_out,A549,Givinostat (ITF2357),Cytoskeletal Signaling,0.9361702127659576,4,DART_recommended,0.4516128835316497,0.4412429378531073,observed,0.6825554696289,0.3174445303711,0.225,0.0,,0.8653298885126631,,0.8653298885126631,
leave_MoA_out,A549,IOX2,Angiogenesis,0.9414893617021276,1,DART_recommended,0.4125968738636941,0.5790960451977402,observed,1.694686450112994,-0.6946864501129939,0.345,0.001746641900703283,,0.9832656440530256,,0.9815190021523224,
leave_MoA_out,A549,ITSA-1 (ITSA1),Epigenetics,0.7978723404255319,2,DART_recommended,0.4414111389282755,0.5790960451977402,observed,1.5537336627583165,-0.5537336627583163,0.32,-6.960780486675588e-05,,0.9916223568916672,,0.991691964696534,
leave_MoA_out,A549,JNJ-26854165 (Serdemetan),Apoptosis,0.9680851063829788,2,DART_recommended,0.4314715438293889,0.6310734463276836,observed,1.5321369591467895,-0.5321369591467896,0.315,0.001974656879159209,,0.9831479072698724,,0.9811732503907132,
leave_MoA_out,A549,Ki16425,GPCR & G Protein,0.9893617021276596,2,DART_recommended,0.4520253574653669,0.5949152542372882,observed,1.6733728570848174,-0.6733728570848174,0.41,-0.0004196323902205812,,0.9911462853313444,,0.991565917721565,
leave_MoA_out,A549,MK-0752,Proteases,0.9893617021276596,2,DART_recommended,0.4395264658480035,0.6101694915254238,observed,1.677337473610372,-0.6773374736103718,0.45,0.00600589695263587,,0.9901057862741602,,0.9840998893215244,
leave_MoA_out,A549,PD173074,Angiogenesis,0.9414893617021276,3,mean_or_no_call,0.3519737630766527,0.5598870056497175,observed,1.6796887627079808,-0.679688762707981,0.35,-0.00017534303179300714,,0.9875441031846628,,0.9877194462164558,
leave_MoA_out,A549,PD98059,MAPK,0.9787234042553192,2,DART_recommended,0.4857085043184334,0.4717514124293785,observed,1.6146584760608187,-0.6146584760608187,0.495,-0.0009734176285316476,,0.9938216960724056,,0.9947951137009372,
leave_MoA_out,A549,PF-3845,Metabolism,0.973404255319149,1,DART_recommended,0.4479599085054356,0.6135593220338983,observed,1.6847498547942446,-0.6847498547942446,0.475,0.0012390078425733586,,0.9885134019366154,,0.987274394094042,
leave_MoA_out,A549,Prednisone,Endocrinology & Hormones,0.973404255319149,2,mean_or_no_call,0.3992075340917164,0.5932203389830508,observed,1.7052383553493606,-0.7052383553493605,0.47,0.0012581342764215186,,0.9943706691594631,,0.9931125348830416,
leave_MoA_out,A549,Ramelteon,GPCR & G Protein,0.9893617021276596,0,DART_recommended,0.4662698018079864,0.5926553672316384,observed,1.672783639006295,-0.6727836390062947,0.4,-0.001979584871520168,,0.9839041608634328,,0.985883745734953,
leave_MoA_out,A549,SL-327,MAPK,0.9787234042553192,3,DART_recommended,0.438855376492561,0.515819209039548,observed,1.415157030203935,-0.4151570302039349,0.445,0.0005583069440600053,,0.9920492244884932,,0.9914909175444332,
leave_MoA_out,A549,SNS-314,Cell Cycle,0.8882978723404256,4,DART_recommended,0.536912993097868,0.5033898305084745,observed,1.1416432291799512,-0.1416432291799512,0.47,0.002369935567693826,,0.9920547828017576,,0.9896848472340638,
leave_MoA_out,A549,SRT3025 HCl,DNA Damage,0.8723404255319149,0,DART_recommended,0.4772143561838037,0.5932203389830508,observed,1.7150594164189816,-0.7150594164189816,0.435,0.0004250806900200077,,0.991936467889475,,0.991511387199455,
leave_MoA_out,A549,Sorafenib Tosylate,MAPK,0.9787234042553192,0,mean_or_no_call,0.3728776936259824,0.6265536723163841,observed,1.5785900399202537,-0.5785900399202535,0.4,0.0011837271878339939,,0.9929780107248616,,0.9917942835370276,
leave_MoA_out,A549,Sorafenib Tosylate,MAPK,0.9787234042553192,4,DART_recommended,0.5518510183555705,0.6016949152542372,observed,1.5190612257180105,-0.5190612257180103,0.35,-0.0050699791958992435,,0.971748106160818,,0.9768180853567172,
leave_MoA_out,A549,TGX-221,PI3K/Akt/mTOR,0.9840425531914894,4,mean_or_no_call,0.3896713587140546,0.6129943502824858,observed,1.6611811929416007,-0.6611811929416007,0.49,0.00120700336917956,,0.9869757346380668,,0.9857687312688872,
leave_MoA_out,A549,Tanespimycin (17-AAG),Cytoskeletal Signaling,0.9361702127659576,1,DART_recommended,0.6524594831548505,0.563012152840502,observed,1.1415674453205986,-0.1415674453205986,0.41,0.0,,0.9889191617551574,,0.9889191617551574,
leave_MoA_out,A549,"Temsirolimus (CCI-779, NSC 683864)",PI3K/Akt/mTOR,0.9840425531914894,0,mean_or_no_call,0.3130518296472182,0.4666666666666667,observed,1.2305806693860788,-0.2305806693860788,0.265,-0.0001437838716735751,,0.9696653457132376,,0.9698091295849112,
leave_MoA_out,A549,"Tozasertib (VX-680, MK-0457)",Cell Cycle,0.8882978723404256,3,DART_recommended,0.4635258581922096,0.5451977401129944,observed,1.5402632455863348,-0.5402632455863347,0.4,0.00300303888871023,,0.9902855674077846,,0.9872825285190744,
leave_MoA_out,A549,Trichostatin A (TSA),Others,0.9787234042553192,1,DART_recommended,0.4742129945724274,0.5994350282485876,observed,1.1551872928296318,-0.1551872928296318,0.275,-0.12048866293906779,,0.8601940353854974,,0.9806826983245652,
leave_MoA_out,A549,Trichostatin A (TSA),Others,0.9787234042553192,4,DART_recommended,0.7201358679288514,0.6491525423728813,observed,1.107856632496052,-0.107856632496052,0.215,-0.11869926371721784,,0.8339102919903929,,0.9526095557076107,
leave_MoA_out,A549,Valproic acid sodium salt (Sodium valproate),Neuronal Signaling,0.9787234042553192,2,DART_recommended,0.5911548676187524,0.6163841807909605,observed,1.7117107859152505,-0.7117107859152504,0.5,8.388360688760255e-05,,0.9875950083600076,,0.98751112475312,
leave_MoA_out,A549,Zileuton,Metabolism,0.973404255319149,0,DART_recommended,0.4665086549743167,0.6734463276836158,observed,1.7468589467665288,-0.7468589467665289,0.49,-0.0017073348644723874,,0.9930640827011772,,0.9947714175656496,
leave_MoA_out,K562,Avagacestat (BMS-708163),Proteases,0.9893617021276596,1,DART_recommended,0.4281630664115785,0.5836158192090395,observed,1.681525767846339,-0.6815257678463386,0.3,-8.099449878429255e-05,,0.9912793820099604,,0.9913603765087446,
leave_MoA_out,K562,BMS-911543,JAK/STAT,0.8936170212765957,1,mean_or_no_call,0.3484907071436992,0.6689265536723163,observed,1.698336936871017,-0.6983369368710169,0.46,-0.0008462912537235967,,0.9896984274182208,,0.9905447186719444,
leave_MoA_out,K562,Bisindolylmaleimide IX (Ro 31-8220 Mesylate),TGF-beta/Smad,0.9840425531914894,1,DART_recommended,0.4949576671947373,0.684180790960452,observed,1.5716741210097074,-0.5716741210097074,0.395,0.0031612528708212517,,0.9748641612143256,,0.9717029083435044,
leave_MoA_out,K562,CEP-33779,JAK/STAT,0.8936170212765957,0,DART_recommended,0.6272032692440463,0.6259887005649718,observed,1.6786015280828908,-0.6786015280828908,0.435,-0.008766881335783405,,0.9653605302680186,,0.974127411603802,
leave_MoA_out,K562,CEP-33779,JAK/STAT,0.8936170212765957,4,DART_recommended,0.4681542696424491,0.6751412429378532,observed,1.689765718794085,-0.6897657187940851,0.34,0.007680153030666603,,0.9904556033957564,,0.9827754503650898,
leave_MoA_out,K562,Carmofur,DNA Damage,0.8723404255319149,3,mean_or_no_call,0.3616640027754614,0.635593220338983,observed,1.7321272002556407,-0.7321272002556407,0.495,0.0010123479260267798,,0.9854266869174332,,0.9844143389914064,
leave_MoA_out,K562,Celecoxib,Neuronal Signaling,0.9787234042553192,0,DART_recommended,0.4621788155818357,0.5242937853107345,observed,1.4930449463867577,-0.4930449463867575,0.215,0.0032711857825707957,,0.950681458368144,,0.9474102725855732,
leave_MoA_out,K562,Celecoxib,Neuronal Signaling,0.9787234042553192,3,mean_or_no_call,0.3678258794029824,0.6124293785310735,observed,1.628276206216823,-0.628276206216823,0.345,0.0007675930044958035,,0.9883620512882668,,0.987594458283771,
leave_MoA_out,K562,Celecoxib,Neuronal Signaling,0.9787234042553192,4,DART_recommended,0.4432823168507372,0.6672316384180791,observed,1.6339186008057034,-0.6339186008057033,0.39,0.0023083796761189657,,0.9720409598178994,,0.9697325801417804,
leave_MoA_out,K562,Clevudine,DNA Damage,0.8723404255319149,2,DART_recommended,0.4021936730594053,0.5271186440677966,observed,1.6615375217839068,-0.6615375217839068,0.375,-0.0017136237067462146,,0.9878185368723056,,0.9895321605790518,
leave_MoA_out,K562,Disulfiram,Metabolism,0.973404255319149,3,DART_recommended,0.5202412420056525,0.5610169491525424,observed,1.6526730077436484,-0.6526730077436484,0.44,0.004344432253345243,,0.9921242893930556,,0.9877798571397104,
leave_MoA_out,K562,Divalproex Sodium,Ubiquitin,0.9893617021276596,3,DART_recommended,0.4373682415143853,0.6135593220338983,observed,1.4550110790661832,-0.4550110790661833,0.355,-0.0019997392535298086,,0.9690016042908378,,0.9710013435443676,
leave_MoA_out,K562,Divalproex Sodium,Ubiquitin,0.9893617021276596,4,DART_recommended,0.4654060167501338,0.7011299435028249,observed,1.7614569545465797,-0.7614569545465794,0.48,0.01836276194122366,,0.9921050702799464,,0.9737423083387228,
leave_MoA_out,K562,Droxinostat,Cytoskeletal Signaling,0.9361702127659576,0,mean_or_no_call,0.396254710836101,0.6322033898305085,observed,1.7005226869552983,-0.7005226869552985,0.42,0.00016006514007438355,,0.979443400587854,,0.9792833354477796,
leave_MoA_out,K562,Enzastaurin (LY317615),TGF-beta/Smad,0.9840425531914894,3,mean_or_no_call,0.3921920852722014,0.7231638418079096,observed,1.6959388666592292,-0.6959388666592292,0.46,-0.0019946882840274904,,0.9796654026295482,,0.9816600909135756,
leave_MoA_out,K562,Fulvestrant,Endocrinology & Hormones,0.973404255319149,1,mean_or_no_call,0.372375775843526,0.6870056497175141,observed,1.7167308634550076,-0.7167308634550076,0.39,-0.0017217284916369868,,0.9757697118799388,,0.9774914403715758,
leave_MoA_out,K562,Givinostat (ITF2357),Cytoskeletal Signaling,0.9361702127659576,4,DART_recommended,0.6005679112447894,0.6632768361581921,observed,1.2036817829405329,-0.2036817829405327,0.445,-0.015907692261557638,,0.964845972970836,,0.9807536652323936,
leave_MoA_out,K562,IOX2,Angiogenesis,0.9414893617021276,1,DART_recommended,0.455656114932784,0.6073446327683616,observed,1.6669226890386,-0.6669226890386001,0.405,0.00037065257081358993,,0.9908993363055252,,0.9905286837347116,
leave_MoA_out,K562,ITSA-1 (ITSA1),Epigenetics,0.7978723404255319,2,mean_or_no_call,0.3805007324260092,0.6903954802259887,observed,1.6513546950183455,-0.6513546950183455,0.355,0.0005784123291959764,,0.9907468597802368,,0.9901684474510408,
leave_MoA_out,K562,JNJ-26854165 (Serdemetan),Apoptosis,0.9680851063829788,2,DART_recommended,0.4382945393192627,0.6474576271186441,observed,1.6783412428059803,-0.6783412428059805,0.49,0.00045354984201317894,,0.9807489274764484,,0.9802953776344352,
leave_MoA_out,K562,Ki16425,GPCR & G Protein,0.9893617021276596,2,mean_or_no_call,0.3495846567957418,0.6129943502824858,observed,1.692653326081638,-0.6926533260816382,0.46,-5.414484632326744e-05,,0.978681068634788,,0.9787352134811113,
leave_MoA_out,K562,MK-0752,Proteases,0.9893617021276596,2,mean_or_no_call,0.371474659533282,0.728813559322034,observed,1.7725795759443903,-0.7725795759443905,0.465,0.0,,0.9775296650982516,,0.9775296650982516,
leave_MoA_out,K562,PD173074,Angiogenesis,0.9414893617021276,3,DART_recommended,0.5166202687863811,0.6016949152542372,observed,1.6235812577511028,-0.6235812577511028,0.455,0.006722143929266622,,0.9815958621165648,,0.9748737181872982,
leave_MoA_out,K562,PD98059,MAPK,0.9787234042553192,2,DART_recommended,0.4202587803504661,0.7022598870056497,observed,1.738450604653889,-0.738450604653889,0.485,-0.0014233628534386922,,0.9905846606076814,,0.99200802346112,
leave_MoA_out,K562,PF-3845,Metabolism,0.973404255319149,1,DART_recommended,0.4170026093387609,0.6519774011299435,observed,1.7178192596602884,-0.7178192596602884,0.415,-0.0007322572100409985,,0.9804587625055818,,0.9811910197156228,
leave_MoA_out,K562,Prednisone,Endocrinology & Hormones,0.973404255319149,2,DART_recommended,0.4326501826254017,0.5988700564971752,observed,1.7366914358424994,-0.7366914358424994,0.445,0.0011495332893027843,,0.9928802072166252,,0.9917306739273224,
leave_MoA_out,K562,Ramelteon,GPCR & G Protein,0.9893617021276596,0,DART_recommended,0.5106081346029253,0.6807909604519774,observed,1.691784649168085,-0.691784649168085,0.46,-5.894635978564988e-05,,0.984747688805716,,0.9848066351655016,
leave_MoA_out,K562,SL-327,MAPK,0.9787234042553192,3,DART_recommended,0.4531929100666751,0.6847457627118644,observed,1.6555547336439205,-0.6555547336439203,0.47,0.0012147751991028466,,0.9824228536967928,,0.98120807849769,
leave_MoA_out,K562,SNS-314,Cell Cycle,0.8882978723404256,4,DART_recommended,0.5715039607712705,0.6790960451977401,observed,1.5821888174407035,-0.5821888174407036,0.5,0.0,,0.9894207092325924,,0.9894207092325924,
leave_MoA_out,K562,SRT3025 HCl,DNA Damage,0.8723404255319149,0,DART_recommended,0.4619392464539588,0.676271186440678,observed,1.7100607436852615,-0.7100607436852616,0.49,-0.001763861440848058,,0.9796588081573058,,0.9814226695981538,
leave_MoA_out,K562,Sorafenib Tosylate,MAPK,0.9787234042553192,0,DART_recommended,0.4918629885131687,0.7141242937853107,observed,1.5734787355607494,-0.5734787355607495,0.485,0.020337534070355656,,0.990663169352146,,0.9703256352817904,
leave_MoA_out,K562,Sorafenib Tosylate,MAPK,0.9787234042553192,4,DART_recommended,0.5216209056707988,0.715819209039548,observed,1.6955961066225498,-0.6955961066225498,0.43,0.01115514670498341,,0.9912270151490878,,0.9800718684441044,
leave_MoA_out,K562,TGX-221,PI3K/Akt/mTOR,0.9840425531914894,4,mean_or_no_call,0.3532796314440673,0.731638418079096,observed,1.730871361386022,-0.730871361386022,0.5,0.0006233307105444341,,0.9847767605483012,,0.9841534298377568,
leave_MoA_out,K562,Tanespimycin (17-AAG),Cytoskeletal Signaling,0.9361702127659576,1,DART_recommended,0.5022111714366367,0.596045197740113,observed,1.2287124694848452,-0.2287124694848452,0.47,0.00945924666179998,,0.9718352398059088,,0.9623759931441088,
leave_MoA_out,K562,"Temsirolimus (CCI-779, NSC 683864)",PI3K/Akt/mTOR,0.9840425531914894,0,DART_recommended,0.4481355671828996,0.7209039548022599,observed,1.5705924879997497,-0.5705924879997497,0.375,-0.004096904876478402,,0.9700961190380096,,0.974193023914488,
leave_MoA_out,K562,"Tozasertib (VX-680, MK-0457)",Cell Cycle,0.8882978723404256,3,DART_recommended,0.6053065446975823,0.6966101694915254,observed,1.3990932093756647,-0.3990932093756647,0.43,0.018416743939820845,,0.9809652931762884,,0.9625485492364676,
leave_MoA_out,K562,Trichostatin A (TSA),Others,0.9787234042553192,1,DART_recommended,0.4998463870798418,0.7350282485875705,observed,1.6347380331921124,-0.6347380331921124,0.42,0.07209108856899527,,0.9899881032156717,,0.9178970146466764,
leave_MoA_out,K562,Trichostatin A (TSA),Others,0.9787234042553192,4,DART_recommended,0.5956880732493115,0.7655367231638418,observed,1.565106985898029,-0.5651069858980293,0.495,-0.011055490533988577,,0.9674148550283574,,0.978470345562346,
leave_MoA_out,K562,Valproic acid sodium salt (Sodium valproate),Neuronal Signaling,0.9787234042553192,2,DART_recommended,0.42013983247696,0.7045197740112994,observed,1.7416747652775326,-0.7416747652775325,0.465,-0.0002463604873156333,,0.9910497170521976,,0.9912960775395132,
leave_MoA_out,K562,Zileuton,Metabolism,0.973404255319149,0,mean_or_no_call,0.3788106417650551,0.5225988700564972,observed,1.6291924850837027,-0.6291924850837027,0.305,-0.0034426847694202234,,0.9813203154248702,,0.9847630001942904,
leave_MoA_out,MCF7,AT9283,JAK/STAT,0.8936170212765957,0,DART_recommended,0.4703654290174622,0.6796610169491526,observed,1.6437539682901396,-0.6437539682901396,0.455,0.009961510152273423,,0.986986274399396,,0.9770247642471226,
leave_MoA_out,MCF7,AZD1480,JAK/STAT,0.8936170212765957,4,DART_recommended,0.453517925365585,0.6689265536723163,observed,1.627070390043443,-0.6270703900434429,0.49,0.0032889660365519324,,0.982129092778442,,0.97884012674189,
leave_MoA_out,MCF7,Danusertib (PHA-739358),Cell Cycle,0.8882978723404256,3,DART_recommended,0.4737290296626912,0.6073446327683616,observed,1.520086874922041,-0.5200868749220412,0.45,0.0017240752013129024,,0.9869424551084282,,0.9852183799071152,
leave_MoA_out,MCF7,Divalproex Sodium,Ubiquitin,0.9893617021276596,3,DART_recommended,0.4192192314602113,0.6333333333333333,observed,1.804083639267339,-0.8040836392673391,0.44,0.006681381011060972,,0.9906831219745812,,0.9840017409635202,
leave_MoA_out,MCF7,Enzastaurin (LY317615),TGF-beta/Smad,0.9840425531914894,1,DART_recommended,0.5505816413665806,0.6050847457627119,observed,1.77890232797271,-0.7789023279727098,0.42,0.005368616032587981,,0.9878848297208812,,0.9825162136882932,
leave_MoA_out,MCF7,Filgotinib (GLPG0634),JAK/STAT,0.8936170212765957,1,DART_recommended,0.4684877848923073,0.6101694915254238,observed,1.7525848107653117,-0.7525848107653115,0.415,0.0063780300795142075,,0.9812288101317992,,0.974850780052285,
leave_MoA_out,MCF7,Fulvestrant,Endocrinology & Hormones,0.973404255319149,2,DART_recommended,0.57095220691191,0.5225988700564972,observed,0.5853318364516927,0.4146681635483072,0.395,-0.007007390286477677,,0.9536051126279111,,0.9606125029143888,
leave_MoA_out,MCF7,Givinostat (ITF2357),Cytoskeletal Signaling,0.9361702127659576,0,DART_recommended,0.5429624511941811,0.5988700564971752,observed,0.9186265682909742,0.0813734317090257,0.245,0.0,,0.8755236191368978,,0.8755236191368978,
leave_MoA_out,MCF7,IOX2,Angiogenesis,0.9414893617021276,1,DART_recommended,0.5840392804086869,0.5915254237288136,observed,1.756300107122861,-0.756300107122861,0.425,-0.0046681747817945984,,0.9726808246305542,,0.9773489994123488,
leave_MoA_out,MCF7,Ivosidenib (AG-120),Metabolism,0.973404255319149,1,mean_or_no_call,0.3955317788976528,0.6152542372881356,observed,1.7866227790419298,-0.7866227790419298,0.38,-0.005100603935280779,,0.9829290317692708,,0.9880296357045516,
leave_MoA_out,MCF7,M344,Cytoskeletal Signaling,0.9361702127659576,1,DART_recommended,0.7412537608140133,0.6293785310734463,observed,1.010329366589737,-0.010329366589737,0.225,0.0,,0.8841814911499535,,0.8841814911499535,
leave_MoA_out,MCF7,MK-0752,Proteases,0.9893617021276596,1,mean_or_no_call,0.3657843888894669,0.5824858757062147,observed,1.7278193574553715,-0.7278193574553715,0.495,-0.0003508746095276516,,0.9854800417923736,,0.9858309164019012,
leave_MoA_out,MCF7,MK-0752,Proteases,0.9893617021276596,2,DART_recommended,0.4795385137772975,0.6491525423728813,observed,1.777257231107711,-0.777257231107711,0.415,0.005736557332933545,,0.9824378248590946,,0.976701267526161,
leave_MoA_out,MCF7,Mesna,Others,0.9787234042553192,1,DART_recommended,0.4437764264068091,0.672316384180791,observed,1.7704962270851072,-0.7704962270851072,0.445,0.00435698455986544,,0.9832819748759214,,0.978924990316056,
leave_MoA_out,MCF7,Mesna,Others,0.9787234042553192,4,DART_recommended,0.4861060126607789,0.6254237288135593,observed,1.784790697847322,-0.784790697847322,0.455,-0.0010084244882668791,,0.988849346019024,,0.9898577705072908,
leave_MoA_out,MCF7,Navitoclax (ABT-263),Apoptosis,0.9680851063829788,2,DART_recommended,0.6703517166862268,0.6146892655367232,observed,1.7194250264795592,-0.7194250264795592,0.445,-0.002541927268208455,,0.9717132551744432,,0.9742551824426516,
leave_MoA_out,MCF7,PD173074,Angiogenesis,0.9414893617021276,3,DART_recommended,0.4261948548865322,0.5915254237288136,observed,1.803739096579972,-0.8037390965799723,0.37,0.003170671526527613,,0.9756876682803632,,0.9725169967538356,
leave_MoA_out,MCF7,PD98059,MAPK,0.9787234042553192,0,DART_recommended,0.4283326935068307,0.6474576271186441,observed,1.8260272240053608,-0.8260272240053608,0.425,-0.0015245478619098085,,0.976356815014699,,0.9778813628766088,
leave_MoA_out,MCF7,PF-3845,Metabolism,0.973404255319149,3,DART_recommended,0.4240854389167644,0.5457627118644068,observed,1.6963778763929582,-0.6963778763929583,0.39,0.004607208383813344,,0.986236405942214,,0.9816291975584006,
leave_MoA_out,MCF7,Pracinostat (SB939),Cytoskeletal Signaling,0.9361702127659576,4,DART_recommended,0.6865148338014647,0.5011299435028248,observed,0.6971415795430671,0.3028584204569329,0.275,0.0,,0.8728967365233746,,0.8728967365233746,
leave_MoA_out,MCF7,Prednisone,Endocrinology & Hormones,0.973404255319149,1,DART_recommended,0.4935489144079163,0.6248587570621469,observed,1.824984159137181,-0.8249841591371809,0.49,-0.003602818072544811,,0.9766964999821348,,0.9802993180546796,
leave_MoA_out,MCF7,Ramelteon,GPCR & G Protein,0.9893617021276596,0,DART_recommended,0.766006432027101,0.6610169491525424,observed,1.7653486146264523,-0.7653486146264523,0.455,0.01965769816874674,,0.9829478743161896,,0.9632901761474428,
leave_MoA_out,MCF7,Ramelteon,GPCR & G Protein,0.9893617021276596,2,DART_recommended,0.4792517825354674,0.5994350282485876,observed,1.766620040925512,-0.7666200409255118,0.47,0.0,,0.9801071418966096,,0.9801071418966096,
leave_MoA_out,MCF7,SB431542,TGF-beta/Smad,0.9840425531914894,3,DART_recommended,0.6216913697764583,0.592090395480226,observed,1.6546770169509952,-0.6546770169509953,0.445,-0.006269360391712775,,0.9778992400423704,,0.9841686004340832,
leave_MoA_out,MCF7,SRT2104 (GSK2245840),DNA Damage,0.8723404255319149,2,DART_recommended,0.5020950410583165,0.5864406779661017,observed,1.6753296218924965,-0.6753296218924965,0.455,-0.0030544415682319803,,0.9848491297526636,,0.9879035713208956,
leave_MoA_out,MCF7,SRT3025 HCl,DNA Damage,0.8723404255319149,0,DART_recommended,0.4450734709419467,0.5209039548022599,observed,1.4935068339706956,-0.4935068339706957,0.29,0.048167222508319174,,0.9637290098588016,,0.9155617873504824,
leave_MoA_out,MCF7,Sodium Phenylbutyrate,DNA Damage,0.8723404255319149,3,DART_recommended,0.5681418042678876,0.6039548022598871,observed,1.7810265605407225,-0.7810265605407226,0.465,-0.003947984577502783,,0.9748305616870454,,0.9787785462645482,
leave_MoA_out,MCF7,Sorafenib Tosylate,MAPK,0.9787234042553192,2,DART_recommended,0.5121656128713108,0.7559322033898305,observed,1.568570527593724,-0.5685705275937241,0.47,-0.00652753926082783,,0.9556839115660146,,0.9622114508268425,
leave_MoA_out,MCF7,Sorafenib Tosylate,MAPK,0.9787234042553192,4,DART_recommended,0.6240621302171152,0.6372881355932203,observed,1.7094470215184474,-0.7094470215184474,0.45,0.0029434562694822253,,0.9893600369263762,,0.986416580656894,
leave_MoA_out,MCF7,TGX-221,PI3K/Akt/mTOR,0.9840425531914894,0,mean_or_no_call,0.3995535711718452,0.6350282485875707,observed,1.7982243752428064,-0.7982243752428064,0.485,-0.002380029672532591,,0.9904976465150326,,0.9928776761875652,
leave_MoA_out,MCF7,"Temsirolimus (CCI-779, NSC 683864)",PI3K/Akt/mTOR,0.9840425531914894,4,DART_recommended,0.4573489546561852,0.6146892655367232,observed,1.496743973692328,-0.496743973692328,0.475,8.670617638795175e-05,,0.978212312336802,,0.978125606160414,
leave_MoA_out,MCF7,Thalidomide,Ubiquitin,0.9893617021276596,4,DART_recommended,0.4104211481207172,0.6327683615819208,observed,1.7910378715379498,-0.7910378715379498,0.47,-0.006577868194273084,,0.978920436960152,,0.985498305154425,
leave_MoA_out,MCF7,Trametinib (GSK1120212),MAPK,0.9787234042553192,3,DART_recommended,0.6579720848915223,0.4988700564971751,observed,1.067241571120538,-0.0672415711205378,0.42,0.0,,0.982764993339354,,0.982764993339354,
leave_MoA_out,MCF7,UNC0631,Epigenetics,0.7978723404255319,2,DART_recommended,0.5242302210202486,0.6096045197740113,observed,1.6977132398194403,-0.6977132398194403,0.495,0.016579618413941732,,0.984792051490353,,0.9682124330764112,
leave_MoA_out,MCF7,Valproic acid sodium salt (Sodium valproate),Neuronal Signaling,0.9787234042553192,0,DART_recommended,0.4882652499060438,0.5949152542372882,observed,1.823484622953882,-0.8234846229538819,0.475,-0.00029310876470878267,,0.9913497407245744,,0.9916428494892832,
leave_MoA_out,MCF7,Valproic acid sodium salt (Sodium valproate),Neuronal Signaling,0.9787234042553192,2,DART_recommended,0.6852966853426437,0.5683615819209039,observed,1.7766240228184724,-0.7766240228184724,0.46,4.5161405440419244e-05,,0.9886229908058004,,0.98857782940036,
leave_MoA_out,MCF7,Valproic acid sodium salt (Sodium valproate),Neuronal Signaling,0.9787234042553192,3,DART_recommended,0.432926096130333,0.5491525423728814,observed,1.8006267945207604,-0.8006267945207604,0.41,0.0008396117457157848,,0.9891446605324176,,0.9883050487867018,
leave_MoA_out,MCF7,Valproic acid sodium salt (Sodium valproate),Neuronal Signaling,0.9787234042553192,4,mean_or_no_call,0.3963496925530956,0.5677966101694916,observed,1.806857155334612,-0.8068571553346123,0.47,0.002066018576200812,,0.9869607427222088,,0.984894724146008,
leave_MoA_out,MCF7,ZM 447439,Cell Cycle,0.8882978723404256,4,DART_recommended,0.4660756731028838,0.5372881355932203,observed,1.703528413379224,-0.7035284133792241,0.44,0.009962964045215017,,0.9836770256135678,,0.9737140615683528,
leave_MoA_out,MCF7,Zileuton,Metabolism,0.973404255319149,0,DART_recommended,0.5251001805724674,0.6237288135593221,observed,1.7745183394776498,-0.7745183394776498,0.395,0.008133954070064786,,0.9859667604011172,,0.9778328063310524,
leave_drug_out,A549,(+)-JQ1,Epigenetics,1.0,0,DART_recommended,0.4753988375492807,0.407909604519774,observed,0.752529471474307,0.2474705285256929,0.445,0.028189005263228983,0.3425641147807594,0.9765625692305994,0.6594803070902429,0.9483735639673704,0.3169161923094835
leave_drug_out,A549,A-366,Epigenetics,1.0,0,DART_recommended,0.4714763181189617,0.6440677966101696,observed,1.6569410472435286,-0.6569410472435286,0.45,0.0007053970696605516,0.1157584297143871,0.9867470414837594,0.4189179618884325,0.9860416444140988,0.3031595321740454
leave_drug_out,A549,AC480 (BMS-599626),Protein Tyrosine Kinase,1.0,0,mean_or_no_call,0.3821266485813854,0.5903954802259888,observed,1.6043570087129384,-0.6043570087129384,0.36,0.004131678489835533,-0.09161136588716248,0.9865019743746412,0.1388624438735545,0.9823702958848056,0.230473809760717
leave_drug_out,A549,AC480 (BMS-599626),Protein Tyrosine Kinase,1.0,1,DART_recommended,0.5518586887962299,0.5943502824858757,observed,1.5984914944814614,-0.5984914944814614,0.455,0.02574443896002465,0.09017746452093629,0.9872615119342962,0.1635413866202963,0.9615170729742716,0.07336392209936
leave_drug_out,A549,AG-14361,DNA Damage,1.0,0,mean_or_no_call,0.3955180184451378,0.6711864406779661,observed,1.6798482036785345,-0.6798482036785343,0.41,-6.275343760786534e-05,0.07299907211733458,0.9933695749027668,0.2208285630327872,0.9934323283403746,0.1478294909154526
leave_drug_out,A549,AG-14361,DNA Damage,1.0,1,mean_or_no_call,0.3822405341496933,0.596045197740113,observed,1.6189217823430386,-0.6189217823430387,0.33,-0.0035582127104479833,-0.003932700162582806,0.9788149599062024,0.0694312219367772,0.9823731726166504,0.07336392209936
leave_drug_out,A549,AG-14361,DNA Damage,1.0,3,mean_or_no_call,0.3279506314043967,0.5915254237288136,observed,1.6929541911634651,-0.6929541911634652,0.33,0.010490657418600224,0.1388624438735545,0.9875779640711972,0.1388624438735545,0.977087306652597,0.0
leave_drug_out,A549,AG-490 (Tyrphostin B42),Protein Tyrosine Kinase,1.0,0,DART_recommended,0.528102867252078,0.6112994350282486,observed,1.6755304121681034,-0.6755304121681034,0.475,-0.0027331758477241452,0.0,0.9887435160875012,0.0,0.9914766919352254,0.0
leave_drug_out,A549,AG-490 (Tyrphostin B42),Protein Tyrosine Kinase,1.0,3,DART_recommended,0.4600202141356141,0.6242937853107344,observed,1.684000458830448,-0.6840004588304479,0.41,0.002624333676449875,0.0,0.9873988280386514,0.0,0.9847744943622015,0.0
leave_drug_out,A549,AICAR (Acadesine),PI3K/Akt/mTOR,1.0,2,DART_recommended,0.4527621570679662,0.6367231638418079,observed,1.648064196680321,-0.6480641966803209,0.395,0.008987788016011633,-0.2184074368181641,0.9849505313331036,0.0,0.975962743317092,0.2184074368181641
leave_drug_out,A549,AR-42,Epigenetics,1.0,2,mean_sufficient,0.5035178876134943,0.3649717514124294,observed,0.6071718171692021,0.3928281828307979,0.385,-0.005712629379142742,0.15194090432296103,0.925382702185495,0.4963932973953009,0.9310953315646378,0.3444523930723399
leave_drug_out,A549,AT9283,JAK/STAT,1.0,4,DART_recommended,0.6227159367564757,0.6129943502824858,observed,1.266772407126025,-0.2667724071260249,0.385,0.0031718256982963267,0.066254223454389,0.983781868041436,0.066254223454389,0.9806100423431396,0.0
leave_drug_out,A549,AZ 960,JAK/STAT,1.0,0,DART_recommended,0.4057730449299811,0.7197740112994351,observed,1.5228826477962238,-0.5228826477962237,0.39,0.0018452217782664038,0.02730367713129711,0.9857166843543592,0.2520649403266671,0.9838714625760928,0.22476126319537
leave_drug_out,A549,AZD1480,JAK/STAT,1.0,3,DART_recommended,0.4412985056976599,0.692090395480226,observed,1.452243455401406,-0.4522434554014061,0.46,-0.0004711593612332088,0.1369847102983117,0.993778748904072,0.1369847102983117,0.9942499082653052,0.0
leave_drug_out,A549,AZD1480,JAK/STAT,1.0,4,DART_recommended,0.545913464304875,0.6677966101694915,observed,1.3564478588588609,-0.3564478588588607,0.495,0.001814838518821471,0.066254223454389,0.9898507269924914,0.066254223454389,0.98803588847367,0.0
leave_drug_out,A549,Alendronate sodium trihydrate,Others,1.0,0,DART_recommended,0.5124617886186016,0.5474576271186441,observed,1.4378845489152003,-0.4378845489152003,0.42,0.0014366576031767941,0.0,0.9916273293036096,0.0,0.9901906717004328,0.0
leave_drug_out,A549,Alendronate sodium trihydrate,Others,1.0,1,DART_recommended,0.4676128064579166,0.6096045197740113,observed,1.4984184831357967,-0.4984184831357966,0.445,0.0013480089517321492,0.0,0.992516889532997,0.0,0.9911688805812648,0.0
leave_drug_out,A549,Alendronate sodium trihydrate,Others,1.0,2,DART_recommended,0.4139739011529745,0.6056497175141243,observed,1.3832690370453538,-0.3832690370453537,0.5,-0.00043965920506694456,0.0,0.9887901901404964,0.0,0.9892298493455634,0.0
leave_drug_out,A549,Alendronate sodium trihydrate,Others,1.0,3,DART_recommended,0.4231107546859558,0.6418079096045197,observed,1.4624960109430525,-0.4624960109430524,0.475,0.0026888600709877863,0.0,0.9939445585732438,0.0,0.991255698502256,0.0
leave_drug_out,A549,Altretamine,DNA Damage,1.0,0,mean_or_no_call,0.3487378255420792,0.6073446327683616,observed,1.6711115073114038,-0.6711115073114038,0.495,0.004148498805112366,0.1912752055735657,0.9896310835653992,0.3301376494471202,0.9854825847602868,0.1388624438735545
leave_drug_out,A549,Altretamine,DNA Damage,1.0,2,mean_or_no_call,0.3502900232055949,0.5943502824858757,observed,1.6546263812647306,-0.6546263812647306,0.425,-0.0012342874893628286,-0.0851431176416209,0.9904421952910504,0.0,0.9916764827804132,0.0851431176416209
leave_drug_out,A549,Amisulpride,Neuronal Signaling,1.0,3,DART_recommended,0.577485027174466,0.5779661016949152,observed,1.7127083341422915,-0.7127083341422915,0.485,-0.002225493379678145,0.1671604549662022,0.9925980110018906,0.1671604549662022,0.9948235043815687,0.0
leave_drug_out,A549,Andarine,Endocrinology & Hormones,1.0,1,mean_or_no_call,0.3648475445405305,0.6005649717514124,observed,1.7121866769150234,-0.7121866769150234,0.47,0.010837013320485478,-0.1128451413489352,0.9856653932351078,0.0,0.9748283799146223,0.1128451413489352
leave_drug_out,A549,Aurora A Inhibitor I,Cell Cycle,1.0,1,DART_recommended,0.5137828757567814,0.6689265536723163,observed,1.6768347760348603,-0.6768347760348603,0.44,-0.0013988882709663475,0.053693121661669174,0.9811247097549016,0.4382868940754301,0.982523598025868,0.3845937724137609
leave_drug_out,A549,Azacitidine,DNMT1|DNMT3A,1.0,1,DART_recommended,0.5840703564971671,0.5932203389830508,observed,1.4967214476373452,-0.4967214476373451,0.435,0.038098195258816636,0.0,0.9943396872878228,0.0,0.9562414920290062,0.0
leave_drug_out,A549,Azacitidine,DNMT1|DNMT3A,1.0,4,DART_recommended,0.4549877173228754,0.6276836158192091,observed,1.5999575458745414,-0.5999575458745414,0.43,0.047341643272649336,0.0,0.9941969157951204,0.0,0.946855272522471,0.0
leave_drug_out,A549,BMS-265246,Cell Cycle,1.0,2,DART_recommended,0.5616362738000596,0.6333333333333333,observed,1.4893962786524102,-0.4893962786524102,0.405,0.0,-0.20323893375270086,0.9846536024472248,0.3836331529183764,0.9846536024472248,0.5868720866710773
leave_drug_out,A549,BMS-536924,Protein Tyrosine Kinase,1.0,3,DART_recommended,0.4487238797204915,0.6418079096045197,observed,1.4924040152079787,-0.4924040152079787,0.5,0.003384177390039933,-0.016390095390875395,0.9902743518302736,0.0783982689786753,0.9868901744402336,0.0947883643695507
leave_drug_out,A549,BMS-754807,Protein Tyrosine Kinase,1.0,0,DART_recommended,0.4141711449500191,0.6101694915254238,observed,1.2649627614646752,-0.2649627614646753,0.405,-0.0009012890337187773,0.0,0.9924686924832584,0.0,0.9933699815169772,0.0
leave_drug_out,A549,BMS-754807,Protein Tyrosine Kinase,1.0,3,DART_recommended,0.4284857016307151,0.6790960451977401,observed,1.4987934435482235,-0.4987934435482234,0.385,0.0044655761176524145,0.0947883643695507,0.9825575922537008,0.0947883643695507,0.9780920161360483,0.0
leave_drug_out,A549,BMS-911543,JAK/STAT,1.0,4,DART_recommended,0.5282503568964567,0.5731845183214799,observed,1.6951629121136966,-0.6951629121136966,0.48,0.0013416686527449873,-0.2984900352767555,0.993840578659388,0.0,0.992498910006643,0.2984900352767555
leave_drug_out,A549,Barasertib (AZD1152-HQPA),Cell Cycle,1.0,2,DART_recommended,0.4240227570786036,0.511864406779661,observed,1.1177664467790225,-0.1177664467790225,0.37,0.0,0.0031769984823882824,0.9889067817358336,0.8701249883466593,0.9889067817358336,0.866947989864271
leave_drug_out,A549,Barasertib (AZD1152-HQPA),Cell Cycle,1.0,3,DART_recommended,0.4443869491959474,0.6186440677966102,observed,1.4397214118157633,-0.4397214118157633,0.315,0.002593879648429165,-0.07336392209935994,0.9856587444824684,0.7909506325094737,0.9830648648340392,0.8643145546088337
leave_drug_out,A549,"Baricitinib (LY3009104, INCB028050)",Epigenetics,1.0,0,mean_or_no_call,0.3149315851130938,0.5570621468926553,observed,1.592902612010964,-0.592902612010964,0.475,-0.002981999095203247,0.0654985217741945,0.9865358501674496,0.1388624438735545,0.9895178492626528,0.07336392209936
leave_drug_out,A549,Bisindolylmaleimide IX (Ro 31-8220 Mesylate),TGF-beta/Smad,1.0,2,DART_recommended,0.7160260347011288,0.6282485875706214,observed,1.703882957304973,-0.703882957304973,0.47,0.025692427369542248,0.0,0.9840772829306512,0.0,0.958384855561109,0.0
leave_drug_out,A549,Bisindolylmaleimide IX (Ro 31-8220 Mesylate),TGF-beta/Smad,1.0,4,DART_recommended,0.4610020725956687,0.6129943502824858,observed,1.700806312932185,-0.7008063129321852,0.465,0.05248585850054277,0.0,0.9938134443990484,0.0,0.9413275858985056,0.0
leave_drug_out,A549,Busulfan,DNA Damage,1.0,2,DART_recommended,0.4460398873710722,0.6107344632768361,observed,1.723224900216607,-0.7232249002166069,0.48,0.009024393768293004,0.037981225956825404,0.9951105253255657,0.243097893284769,0.9860861315572726,0.2051166673279436
leave_drug_out,A549,Busulfan,DNA Damage,1.0,3,DART_recommended,0.531621392535456,0.5847457627118644,observed,1.715506623902332,-0.715506623902332,0.435,0.010815214258069528,0.43812856600882033,0.9917255192027336,0.501749354207772,0.980910304944664,0.0636207881989517
leave_drug_out,A549,CEP-33779,JAK/STAT,1.0,4,DART_recommended,0.4840191310031002,0.53954802259887,observed,1.6213983237774825,-0.6213983237774825,0.455,-0.000748205412069658,-0.3016670337591438,0.9861553919677916,0.2496640287027891,0.9869035973798612,0.5513310624619329
leave_drug_out,A549,CUDC-101,Epigenetics,1.0,1,DART_recommended,0.5236711091864232,0.529104267903909,observed,0.9251349779382914,0.0748650220617086,0.255,-0.034038357871985614,-0.160364388137908,0.9294947515381562,0.2895229882348574,0.9635331094101418,0.4498873763727654
leave_drug_out,A549,CYC116,Cell Cycle,1.0,1,DART_recommended,0.5037254936609113,0.6361581920903955,observed,1.519038204194011,-0.5190382041940109,0.415,-0.0010300244171715933,-0.3378862576543199,0.9830364691493308,0.2240055615151755,0.9840664935665024,0.5618918191694954
leave_drug_out,A549,CYC116,Cell Cycle,1.0,2,DART_recommended,0.4167314506615345,0.5655367231638418,observed,1.3970633377450357,-0.3970633377450357,0.43,-0.003629818662285844,-0.19862803390408623,0.9898044543778806,0.7065836017263629,0.9934342730401664,0.9052116356304492
leave_drug_out,A549,Carmofur,DNA Damage,1.0,0,DART_recommended,0.5549685383501388,0.6203389830508474,observed,1.459141400801907,-0.4591414008019069,0.455,-0.0005762205688814026,-0.1826541035682056,0.9850629261506274,0.1763001066034291,0.9856391467195088,0.3589542101716347
leave_drug_out,A549,Carmofur,DNA Damage,1.0,1,DART_recommended,0.4089173953333083,0.6666666666666666,observed,1.404776473775308,-0.404776473775308,0.435,-0.0038520016906813392,-0.34930896344370505,0.9822229414160892,0.0947883643695507,0.9860749431067706,0.4440973278132557
leave_drug_out,A549,Celecoxib,Neuronal Signaling,1.0,1,DART_recommended,0.5658741411406529,0.4813559322033898,observed,1.6379025695684597,-0.6379025695684597,0.405,0.0012662625838559816,0.020565553963194927,0.9930425033798236,0.2021073465005475,0.9917762407959676,0.1815417925373526
leave_drug_out,A549,Celecoxib,Neuronal Signaling,1.0,3,mean_or_no_call,0.330225935390044,0.5124293785310734,observed,1.6978755051664374,-0.6978755051664373,0.465,-0.0010403285166399323,0.0,0.9887759763708897,0.0,0.9898163048875296,0.0
leave_drug_out,A549,"Cerdulatinib (PRT062070, PRT2070)",JAK/STAT,1.0,2,DART_recommended,0.5656318023033696,0.5677966101694916,observed,1.482592294079237,-0.4825922940792373,0.45,0.0016791085778001813,-0.1420190571776272,0.9884220479906498,0.4152807670887412,0.9867429394128496,0.5572998242663684
leave_drug_out,A549,Cimetidine,Neuronal Signaling,1.0,2,mean_or_no_call,0.3918238509225231,0.6338983050847458,observed,1.7210454976037528,-0.7210454976037528,0.42,0.008427900109441055,-0.2960819109658652,0.9886513527006626,0.0,0.9802234525912216,0.2960819109658652
leave_drug_out,A549,Cimetidine,Neuronal Signaling,1.0,4,DART_recommended,0.4514889549274346,0.6310734463276836,observed,1.664818269342632,-0.664818269342632,0.455,0.004078063871458815,0.0,0.9906509898955418,0.0,0.986572926024083,0.0
leave_drug_out,A549,Clevudine,DNA Damage,1.0,0,mean_or_no_call,0.3235426881685024,0.5231638418079096,observed,1.6536059941469226,-0.6536059941469226,0.43,0.0006083444237576785,0.0026334352554372997,0.9937748912307665,0.1446524924330643,0.9931665468070088,0.142019057177627
leave_drug_out,A549,Costunolide,DNA Damage,1.0,0,DART_recommended,0.4382225538604367,0.5305084745762711,observed,1.6620339923830496,-0.6620339923830497,0.48,0.0050483888790016085,-0.11004588314904,0.9954425127669968,0.0,0.9903941238879952,0.11004588314904
leave_drug_out,A549,Curcumin,Epigenetics,1.0,1,DART_recommended,0.416643807640597,0.5344632768361582,observed,1.5787663529747002,-0.5787663529747002,0.395,0.0023264159816119845,0.07524165567460281,0.9876939391708652,0.1388624438735545,0.9853675231892532,0.0636207881989517
leave_drug_out,A549,Dacinostat (LAQ824),Epigenetics,1.0,2,mean_sufficient,0.4929451789101077,0.2853107344632768,observed,0.5094969219313057,0.4905030780686943,0.455,0.0,0.023761828666883256,0.980287439808716,0.5621931439243354,0.980287439808716,0.5384313152574521
leave_drug_out,A549,Dacinostat (LAQ824),Epigenetics,1.0,3,mean_sufficient,0.5689992371380135,0.2378531073446327,observed,0.4899265617428761,0.5100734382571239,0.435,0.0,0.1014043959653641,0.8889081573946789,0.636658712740428,0.8889081573946789,0.5352543167750639
leave_drug_out,A549,Danusertib (PHA-739358),Cell Cycle,1.0,2,DART_recommended,0.5000518822326392,0.6440677966101696,observed,1.5204712221529255,-0.5204712221529255,0.39,0.0033328275731475676,-0.13961814555374907,0.9871583414702672,0.8603818544462509,0.9838255138971196,1.0
leave_drug_out,A549,Danusertib (PHA-739358),Cell Cycle,1.0,3,DART_recommended,0.4107284628733643,0.6011299435028249,observed,1.3370535537911543,-0.3370535537911542,0.455,0.0,-0.06362078819895178,0.99559016795968,0.866947989864271,0.99559016795968,0.9305687780632228
leave_drug_out,A549,Daphnetin,DNA Damage,1.0,1,DART_recommended,0.5676849952854889,0.5610169491525424,observed,1.6411601209968298,-0.6411601209968298,0.49,0.0008211014014910534,-0.0188888941872319,0.9952852806834712,0.066254223454389,0.9944641792819802,0.0851431176416209
leave_drug_out,A549,Decitabine,Epigenetics,1.0,0,DART_recommended,0.495436098025434,0.572316384180791,observed,1.4880695499815135,-0.4880695499815136,0.36,0.05295787290688436,-0.1758200686036634,0.991504913843542,0.3125291152215463,0.9385470409366576,0.4883491838252097
leave_drug_out,A549,Decitabine,Epigenetics,1.0,3,mean_or_no_call,0.3649777726541149,0.5932203389830508,observed,1.5701872853234995,-0.5701872853234997,0.445,0.05117631127929634,-0.2926606965934425,0.989643002088902,0.1834098052484001,0.9384666908096057,0.4760705018418426
leave_drug_out,A549,Divalproex Sodium,Ubiquitin,1.0,1,mean_or_no_call,0.3781309555018011,0.6056497175141243,observed,1.699376469533618,-0.699376469533618,0.395,0.00832509542430282,0.0,0.9904727181615476,0.0,0.9821476227372448,0.0
leave_drug_out,A549,Divalproex Sodium,Ubiquitin,1.0,4,DART_recommended,0.528758796589697,0.6389830508474577,observed,1.6646549989088886,-0.6646549989088886,0.495,0.002422125987702195,0.0,0.9937680527881714,0.0,0.9913459268004692,0.0
leave_drug_out,A549,Droxinostat,Cytoskeletal Signaling,1.0,3,DART_recommended,0.4304832342616104,0.5774011299435028,observed,1.6452950087100495,-0.6452950087100497,0.415,-0.0014759151371540602,0.0,0.9843123033765884,0.0,0.9857882185137424,0.0
leave_drug_out,A549,ENMD-2076,Angiogenesis,1.0,4,DART_recommended,0.4202110251429857,0.4757062146892655,observed,1.4675460342559905,-0.4675460342559902,0.445,0.008623177153526784,0.02881656072451451,0.985730322576314,0.1388624438735545,0.9771071454227872,0.11004588314904
leave_drug_out,A549,Entacapone,Epigenetics,1.0,2,mean_or_no_call,0.3366080863571455,0.5830508474576271,observed,1.7123704766822092,-0.7123704766822092,0.39,0.0,-0.3121469643942593,0.9820389596274658,0.3499667779514209,0.9820389596274658,0.6621137423456802
leave_drug_out,A549,Epothilone A,Cytoskeletal Signaling,1.0,3,DART_recommended,0.6808418497545028,0.7022598870056497,observed,1.1056020881462536,-0.1056020881462535,0.48,-0.0006475415177995547,-0.0812293224245256,0.9899199379041602,0.1388624438735545,0.9905674794219598,0.2200917662980801
leave_drug_out,A549,Epothilone A,Cytoskeletal Signaling,1.0,4,DART_recommended,0.6830860872183129,0.7220338983050847,observed,1.142441326982138,-0.1424413269821378,0.4,0.0,0.0,0.9433555613373455,0.2200917662980801,0.9433555613373455,0.2200917662980801
leave_drug_out,A549,FLLL32,JAK/STAT,1.0,1,DART_recommended,0.4716250331778416,0.6016949152542372,observed,1.7172024281850844,-0.7172024281850844,0.495,0.004147965782518637,0.05371932623193361,0.9936488019533698,0.1388624438735545,0.9895008361708512,0.0851431176416209
leave_drug_out,A549,Fasudil (HA-1077) HCl,Cell Cycle,1.0,0,DART_recommended,0.4466004133883877,0.6203389830508474,observed,1.7170374623838678,-0.7170374623838678,0.335,0.01027935011510206,-0.6804503724350792,0.9850770125721728,0.0,0.9747976624570708,0.6804503724350792
leave_drug_out,A549,"Fedratinib (SAR302503, TG101348)",JAK/STAT,1.0,2,DART_recommended,0.6253343991638833,0.6039548022598871,observed,1.4807374309173953,-0.4807374309173952,0.485,-0.0007946018912485808,0.0631407501991861,0.987734975679718,0.1731866333482261,0.9885295775709666,0.11004588314904
leave_drug_out,A549,"Fedratinib (SAR302503, TG101348)",JAK/STAT,1.0,3,DART_recommended,0.6321704757400681,0.5740112994350283,observed,1.4073651432820775,-0.4073651432820776,0.39,0.0,0.0,0.9844720578422416,0.2200917662980801,0.9844720578422416,0.2200917662980801
leave_drug_out,A549,Filgotinib (GLPG0634),JAK/STAT,1.0,1,DART_recommended,0.4241252762473528,0.5514124293785311,observed,1.6430607897094318,-0.6430607897094318,0.43,-0.0018606888023195989,-0.09508968912439089,0.9828033994969336,0.2240055615151755,0.9846640882992532,0.3190952506395664
leave_drug_out,A549,Filgotinib (GLPG0634),JAK/STAT,1.0,2,DART_recommended,0.431591421860127,0.5559322033898305,observed,1.6777357490480211,-0.677735749048021,0.37,-0.0020050496453836164,0.007109698644971005,0.9799829446848212,0.07336392209936,0.9819879943302048,0.066254223454389
leave_drug_out,A549,Flavopiridol HCl,Cell Cycle,1.0,4,DART_recommended,0.4596468019193803,0.4983050847457627,observed,0.8655561636625942,0.1344438363374057,0.3,-0.040818967448248755,-0.0851431176416209,0.9132334822725676,0.0,0.9540524497208164,0.0851431176416209
leave_drug_out,A549,"Fluorouracil (5-Fluoracil, 5-FU)",TYMS,1.0,2,DART_recommended,0.5253045625907504,0.6632768361581921,observed,1.3421949859757762,-0.3421949859757761,0.49,-0.006362104222880749,0.0,0.9796600666152256,0.0,0.9860221708381064,0.0
leave_drug_out,A549,"Fluorouracil (5-Fluoracil, 5-FU)",TYMS,1.0,3,DART_recommended,0.5325049435114311,0.6485875706214689,observed,1.397463480586013,-0.3974634805860132,0.43,-0.002672338630440807,0.0,0.98114013950224,0.0,0.9838124781326808,0.0
leave_drug_out,A549,G007-LK,DNA Damage,1.0,1,DART_recommended,0.4339653546690394,0.5711864406779661,observed,1.6811406713586392,-0.6811406713586392,0.47,0.04541707072737522,0.2336508082431053,0.9931584519765152,0.2336508082431053,0.94774138124914,0.0
leave_drug_out,A549,G007-LK,DNA Damage,1.0,3,DART_recommended,0.4443688220507074,0.611864406779661,observed,1.7236665333945127,-0.7236665333945127,0.445,0.0015038581297444065,0.003176998482388199,0.993288131835646,0.0694312219367772,0.9917842737059016,0.066254223454389
leave_drug_out,A549,G007-LK,DNA Damage,1.0,4,mean_or_no_call,0.3723517022011576,0.5316384180790961,observed,1.6623117786598025,-0.6623117786598023,0.425,0.02317437305252279,-0.00766778213475261,0.983728243454888,0.1369847102983117,0.9605538704023652,0.1446524924330643
leave_drug_out,A549,GSK J1,Epigenetics,1.0,2,DART_recommended,0.4353846954444922,0.6254237288135593,observed,1.7329539619364551,-0.7329539619364551,0.405,0.000679353998061405,-0.5834330535576522,0.993205505829129,0.0636207881989517,0.9925261518310676,0.6470538417566039
leave_drug_out,A549,GSK-LSD1 2HCl,Epigenetics,1.0,1,mean_or_no_call,0.3476276682531289,0.5276836158192091,observed,1.6485319849243625,-0.6485319849243625,0.485,0.004187250554949173,-0.17394233502842066,0.994160480975958,0.4225749983705864,0.9899732304210088,0.596517333399007
leave_drug_out,A549,GSK-LSD1 2HCl,Epigenetics,1.0,3,DART_recommended,0.4643534528718094,0.5497175141242938,observed,1.6289610246228283,-0.6289610246228285,0.43,0.0017252697723534327,-0.140080882708253,0.9876270702390516,0.1584091525685025,0.9859018004666982,0.2984900352767555
leave_drug_out,A549,GSK1070916,Cell Cycle,1.0,0,mean_or_no_call,0.3783796976641672,0.5548022598870056,observed,1.0970215003463673,-0.0970215003463671,0.41,0.0018775429196294935,0.06625422345438903,0.988858526980469,1.0,0.9869809840608396,0.933745776545611
leave_drug_out,A549,GSK1070916,Cell Cycle,1.0,3,DART_recommended,0.4286779930954036,0.4875706214689265,observed,1.020092191790203,-0.020092191790203,0.385,0.0,0.06755348836153452,0.9869861303608434,0.9305687780632228,0.9869861303608434,0.8630152897016883
leave_drug_out,A549,GSK1070916,Cell Cycle,1.0,4,DART_recommended,0.4373244469066542,0.4717514124293785,observed,0.9083062569450852,0.0916937430549147,0.49,0.0,-0.05858644131963653,0.9903682809705252,0.8630152897016883,0.9903682809705252,0.9216017310213248
leave_drug_out,A549,Givinostat (ITF2357),Cytoskeletal Signaling,1.0,0,DART_recommended,0.5281096217770801,0.4361581920903954,observed,0.7256706103156477,0.2743293896843523,0.265,0.0,-0.05108589097649624,0.8745010965893724,0.4448530294934502,0.8745010965893724,0.4959389204699464
leave_drug_out,A549,Givinostat (ITF2357),Cytoskeletal Signaling,1.0,1,DART_recommended,0.6863564526600949,0.5028248587570622,observed,0.7212718382639541,0.2787281617360458,0.255,-0.026164713947463447,-0.049602093432476624,0.839904059023816,0.4233307000507809,0.8660687729712795,0.4729327934832575
leave_drug_out,A549,Hesperadin,Cell Cycle,1.0,0,DART_recommended,0.5572662936929992,0.6480225988700565,observed,1.2856975238503132,-0.2856975238503133,0.485,-0.004227324081075956,-0.05950937479144347,0.9812607325108804,0.6871952210980248,0.9854880565919564,0.7467045958894682
leave_drug_out,A549,Hesperadin,Cell Cycle,1.0,1,DART_recommended,0.559282037517878,0.735593220338983,observed,1.251949955293203,-0.2519499552932031,0.335,-0.014265240664317558,-0.16497528798652267,0.9579314784748444,0.4283854321084119,0.972196719139162,0.5933607200949346
leave_drug_out,A549,INO-1001 (3-Aminobenzamide),DNA Damage,1.0,4,DART_recommended,0.4479692926947149,0.6056497175141243,observed,1.6659094409547737,-0.6659094409547737,0.38,0.006711991983545773,0.12072343197456847,0.9927853941971718,0.2685529228900211,0.986073402213626,0.1478294909154526
leave_drug_out,A549,Ivosidenib (AG-120),Metabolism,1.0,4,DART_recommended,0.5055760758089174,0.6231638418079096,observed,1.78314772553969,-0.7831477255396899,0.44,-0.0064632202274798045,0.0,0.9779200214101392,0.0,0.984383241637619,0.0
leave_drug_out,A549,JNJ-7706621,Cell Cycle,1.0,3,mean_or_no_call,0.3949329835998889,0.5598870056497175,observed,1.4292206520754425,-0.4292206520754423,0.435,0.00946571558413456,-0.3641672702958755,0.991376084710959,0.1446524924330643,0.9819103691268244,0.5088197627289398
leave_drug_out,A549,KW-2449,Angiogenesis,1.0,0,DART_recommended,0.6294778713852709,0.6163841807909605,observed,1.473229192076955,-0.4732291920769548,0.355,0.0,0.0,0.9781419581022656,0.0,0.9781419581022656,0.0
leave_drug_out,A549,Ki16425,GPCR & G Protein,1.0,0,mean_or_no_call,0.3316678847367962,0.5423728813559322,observed,1.6300704612356365,-0.6300704612356361,0.49,-0.0008489595470712041,-0.5,0.9921907459185756,0.0,0.9930397054656468,0.5
leave_drug_out,A549,Ki16425,GPCR & G Protein,1.0,3,mean_or_no_call,0.3188542231464591,0.4774011299435028,observed,1.6233770358971928,-0.6233770358971928,0.325,0.0018529035175763875,-0.430676558073393,0.982562327586368,0.0,0.9807094240687916,0.430676558073393
leave_drug_out,A549,Ki8751,Protein Tyrosine Kinase,1.0,1,DART_recommended,0.4195550378903432,0.5446327683615819,observed,1.7450979582341588,-0.7450979582341588,0.435,-0.0005427256795281776,-0.26651686124816854,0.9830000469457378,0.0636207881989517,0.983542772625266,0.3301376494471202
leave_drug_out,A549,Ki8751,Protein Tyrosine Kinase,1.0,4,mean_or_no_call,0.3428916688108443,0.5553672316384181,observed,1.68677741861988,-0.6867774186198801,0.4,0.0009130930927851999,0.0,0.9833697765307416,0.0,0.9824566834379564,0.0
leave_drug_out,A549,Lapatinib (GW-572016) Ditosylate,Protein Tyrosine Kinase,1.0,1,DART_recommended,0.719014528850307,0.6033898305084746,observed,1.5152683364554056,-0.5152683364554056,0.485,-0.0010356823855568464,0.005810433737825499,0.9926774879945424,0.0694312219367772,0.9937131703800992,0.0636207881989517
leave_drug_out,A549,Lapatinib (GW-572016) Ditosylate,Protein Tyrosine Kinase,1.0,2,DART_recommended,0.5945031045789444,0.4259887005649717,observed,1.4424316667482344,-0.4424316667482344,0.41,-0.005064928266312552,0.025357142432773497,0.9795474428832872,0.0947883643695507,0.9846123711495998,0.0694312219367772
leave_drug_out,A549,Lenalidomide (CC-5013),Apoptosis,1.0,0,DART_recommended,0.4161223990856003,0.5322033898305085,observed,1.6735242912506068,-0.6735242912506069,0.445,-0.0007850629175816248,0.0,0.9863344739389196,0.0,0.9871195368565012,0.0
leave_drug_out,A549,Lenalidomide (CC-5013),Apoptosis,1.0,1,DART_recommended,0.4164117223634191,0.5423728813559322,observed,1.6459367814781432,-0.6459367814781432,0.44,-0.0032874229335567717,0.0,0.9846729180071364,0.0,0.9879603409406932,0.0
leave_drug_out,A549,Linifanib (ABT-869),Protein Tyrosine Kinase,1.0,2,DART_recommended,0.4620250182689041,0.5909604519774011,observed,1.6306869172439713,-0.6306869172439714,0.39,0.017195193053016644,0.0,0.9833183380864234,0.0,0.9661231450334068,0.0
leave_drug_out,A549,Linifanib (ABT-869),Protein Tyrosine Kinase,1.0,4,mean_or_no_call,0.3599690936477666,0.5186440677966102,observed,1.605608957719305,-0.6056089577193048,0.33,0.0015865977404335707,0.0,0.9904293883210328,0.0,0.9888427905805992,0.0
leave_drug_out,A549,Lomustine,DNA Damage,1.0,0,DART_recommended,0.4358016085376799,0.5661016949152542,observed,1.6263473706531382,-0.6263473706531382,0.425,0.005443036234146992,0.0947883643695507,0.9890756322339214,0.0947883643695507,0.9836325959997744,0.0
leave_drug_out,A549,Lomustine,DNA Damage,1.0,2,DART_recommended,0.4592344701924772,0.5661016949152542,observed,1.5889401309810869,-0.5889401309810869,0.48,0.0,0.1369847102983117,0.9939759447132668,0.1369847102983117,0.9939759447132668,0.0
leave_drug_out,A549,Lomustine,DNA Damage,1.0,4,mean_or_no_call,0.3703010543198671,0.5760101753995294,observed,1.6908768424758591,-0.6908768424758591,0.41,-0.0009871562090147945,0.07336392209936,0.9934568085332928,0.07336392209936,0.9944439647423076,0.0
leave_drug_out,A549,M344,Cytoskeletal Signaling,1.0,0,DART_recommended,0.5481758962284506,0.6005649717514124,observed,1.0242854202870313,-0.0242854202870311,0.275,-0.026429151118098848,-0.25903361175029005,0.8817887340105925,0.2583297509898471,0.9082178851286914,0.5173633627401372
leave_drug_out,A549,MC1568,Cytoskeletal Signaling,1.0,0,mean_or_no_call,0.3536602047035648,0.5740112994350283,observed,1.691724684019758,-0.691724684019758,0.44,-0.0001598319317118735,0.0,0.9945270890597842,0.0,0.994686920991496,0.0
leave_drug_out,A549,MK-0752,Proteases,1.0,0,DART_recommended,0.4585861889926428,0.6016949152542372,observed,1.6384471606795636,-0.6384471606795636,0.42,0.00014076452824507424,0.6309297535714575,0.9929775607785932,0.6309297535714575,0.9928367962503482,0.0
leave_drug_out,A549,MK-5108 (VX-689),Cell Cycle,1.0,3,DART_recommended,0.4224658379448036,0.6062146892655367,observed,1.5072590795296308,-0.5072590795296309,0.44,0.0,-0.11322288163142835,0.9952157694490829,0.8205228949141826,0.9952157694490829,0.933745776545611
leave_drug_out,A549,MK-5108 (VX-689),Cell Cycle,1.0,4,DART_recommended,0.4040933518649415,0.6073446327683616,observed,1.3809619393290615,-0.3809619393290616,0.43,-0.0007999284033227694,-0.13961814555374907,0.9946441371843764,0.8603818544462509,0.9954440655876992,1.0
leave_drug_out,A549,Meprednisone,Endocrinology & Hormones,1.0,0,DART_recommended,0.5426850652053721,0.6344632768361582,observed,1.6789643493627433,-0.6789643493627434,0.465,-0.0011497366677200027,-0.3071837157818931,0.986384487049538,0.0,0.987534223717258,0.3071837157818931
leave_drug_out,A549,Meprednisone,Endocrinology & Hormones,1.0,3,mean_or_no_call,0.3838076588907174,0.6175141242937853,observed,1.664401441100595,-0.664401441100595,0.44,-0.0014532533320625873,-0.1681275362711174,0.9847897900078508,0.0,0.9862430433399134,0.1681275362711174
leave_drug_out,A549,Mercaptopurine (6-MP),PPAT,1.0,0,DART_recommended,0.6031451937378443,0.6056497175141243,observed,1.5197067174152044,-0.5197067174152044,0.415,-0.005001444702585012,0.0,0.9814880008715136,0.0,0.9864894455740986,0.0
leave_drug_out,A549,Mercaptopurine (6-MP),PPAT,1.0,4,DART_recommended,0.520478055862729,0.5457627118644068,observed,1.5896247022839014,-0.5896247022839015,0.455,-0.0007530411538908544,0.0,0.9933994542803748,0.0,0.9941524954342656,0.0
leave_drug_out,A549,Mocetinostat (MGCD0103),Epigenetics,1.0,1,DART_recommended,0.676930042376494,0.6926553672316385,observed,1.1393065100301656,-0.1393065100301656,0.455,0.0012241630258653657,0.022269330251981745,0.9942729490437604,0.6020521034564038,0.993048786017895,0.5797827732044221
leave_drug_out,A549,Motesanib Diphosphate (AMG-706),Protein Tyrosine Kinase,1.0,4,DART_recommended,0.4024334545791171,0.5661016949152542,observed,1.5776936769712553,-0.5776936769712553,0.4,0.00335628247191877,-0.0636207881989517,0.9883087092418792,0.0,0.9849524267699604,0.0636207881989517
leave_drug_out,A549,NVP-BSK805 2HCl,JAK/STAT,1.0,4,DART_recommended,0.4556228830153244,0.5858757062146893,observed,1.6937460776623587,-0.6937460776623589,0.495,0.0014735176097908642,0.23187096184034112,0.9949293472499868,0.3836331529183764,0.993455829640196,0.1517621910780353
leave_drug_out,A549,Navitoclax (ABT-263),Apoptosis,1.0,2,DART_recommended,0.4106525920779974,0.5706214689265536,observed,1.502354770272818,-0.5023547702728178,0.3,-0.006685324679592042,-0.0943394941812894,0.9552925441788648,0.1208113026994942,0.9619778688584568,0.2151507968807836
leave_drug_out,A549,Nilotinib (AMN-107),Angiogenesis,1.0,4,mean_or_no_call,0.3463121982204462,0.5898305084745763,observed,1.6952337774861133,-0.6952337774861131,0.455,-0.0007316911928408887,0.0,0.986322358502899,0.0,0.9870540496957398,0.0
leave_drug_out,A549,Obatoclax Mesylate (GX15-070),Apoptosis,1.0,2,DART_recommended,0.5704784366786287,0.6146892655367232,observed,1.6526921912335009,-0.6526921912335009,0.465,0.0007797554979477317,0.0,0.9947088969498276,0.0,0.9939291414518798,0.0
leave_drug_out,A549,Ofloxacin,DNA Damage,1.0,0,mean_or_no_call,0.3853980257121551,0.6310734463276836,observed,1.6144705920930005,-0.6144705920930004,0.44,-8.080466133764119e-05,0.43735247915031,0.9930464325790768,0.43735247915031,0.9931272372404144,0.0
leave_drug_out,A549,Ofloxacin,DNA Damage,1.0,1,DART_recommended,0.4301843634257569,0.5994350282485876,observed,1.5485075050560455,-0.5485075050560457,0.405,-0.0005580904141311294,0.48159851577031554,0.9852159678453156,0.5478527392247046,0.9857740582594468,0.066254223454389
leave_drug_out,A549,Ofloxacin,DNA Damage,1.0,3,DART_recommended,0.4681701120698279,0.6050847457627119,observed,1.553203008045976,-0.553203008045976,0.365,0.0018926071536687905,0.2200917662980801,0.9823159502390496,0.2200917662980801,0.9804233430853808,0.0
leave_drug_out,A549,Ofloxacin,DNA Damage,1.0,4,DART_recommended,0.6191324550332482,0.5406779661016949,observed,1.621046010145295,-0.621046010145295,0.46,-0.0005249833921660008,0.1538375428436911,0.9932419702473332,0.2200917662980801,0.9937669536394992,0.066254223454389
leave_drug_out,A549,PD173074,Angiogenesis,1.0,2,DART_recommended,0.4435339121241245,0.5677966101694916,observed,1.6443654321714265,-0.6443654321714265,0.385,0.0018503381379544326,0.0783982689786753,0.9873531962457136,0.0783982689786753,0.9855028581077592,0.0
leave_drug_out,A549,PD173074,Angiogenesis,1.0,3,DART_recommended,0.4423341802369112,0.4903954802259887,observed,1.647345581346071,-0.6473455813460707,0.45,0.002377941170374376,0.1253034019285294,0.9924437190089378,0.2200917662980801,0.9900657778385634,0.0947883643695507
leave_drug_out,A549,PD98059,MAPK,1.0,2,mean_or_no_call,0.3228556157262892,0.5259887005649717,observed,1.651178173466814,-0.651178173466814,0.47,-0.0005812224482738548,0.0,0.9923774962234998,0.0,0.9929587186717737,0.0
leave_drug_out,A549,PF-3845,Metabolism,1.0,2,DART_recommended,0.5313506919347272,0.5361581920903955,observed,1.6602060193133514,-0.6602060193133515,0.38,-0.003262817815299357,0.2638647595767405,0.9911868941860666,0.2638647595767405,0.994449712001366,0.0
leave_drug_out,A549,PF-573228,Angiogenesis,1.0,0,DART_recommended,0.44003321511032,0.6028248587570622,observed,1.6376672794783065,-0.6376672794783065,0.4,-7.337838062482227e-05,0.0,0.992851865279434,0.0,0.9929252436600589,0.0
leave_drug_out,A549,PF-573228,Angiogenesis,1.0,3,mean_or_no_call,0.3544202915744324,0.6276836158192091,observed,1.7387254239648138,-0.7387254239648138,0.47,0.006927940674854027,0.0,0.9906594119112332,0.0,0.9837314712363792,0.0
leave_drug_out,A549,PFI-1 (PF-6405761),Epigenetics,1.0,3,DART_recommended,0.5142918103013748,0.4858757062146893,observed,1.5099983128475514,-0.5099983128475514,0.455,-0.0021188681670517573,-0.5084738176924022,0.9845895485254504,0.11004588314904,0.9867084166925022,0.6185197008414421
leave_drug_out,A549,PHA-680632,Cell Cycle,1.0,3,mean_or_no_call,0.3434772244721324,0.6378531073446327,observed,1.4820676222676057,-0.4820676222676054,0.47,0.0,-0.3289192106124218,0.9939610106962388,0.5193185983095427,0.9939610106962388,0.8482378089219645
leave_drug_out,A549,Panobinostat (LBH589),Epigenetics,1.0,3,mean_sufficient,0.5680969499860516,0.3259887005649717,observed,0.655211401047986,0.3447885989520139,0.295,0.0,0.08926035044107783,0.9251604022532712,0.6316243658611127,0.9251604022532712,0.5423640154200349
leave_drug_out,A549,"Patupilone (EPO906, Epothilone B)",Cytoskeletal Signaling,1.0,2,DART_recommended,0.622430154050336,0.7480225988700565,observed,1.3338226965098936,-0.3338226965098936,0.49,-0.009586278460862241,-0.0812293224245256,0.9692428260630196,0.1388624438735545,0.9788291045238818,0.2200917662980801
leave_drug_out,A549,Pelitinib (EKB-569),Protein Tyrosine Kinase,1.0,2,DART_recommended,0.5138323142926927,0.4887005649717514,observed,1.360346226707688,-0.3603462267076881,0.4,0.002124890991185957,0.18528753882364296,0.9833713588830983,0.5067837010870873,0.9812464678919124,0.3214961622634443
leave_drug_out,A549,Pirarubicin,DNA Damage,1.0,0,DART_recommended,0.5091485585542607,0.6011299435028249,observed,1.362461387815174,-0.3624613878151738,0.5,-0.001720353570869415,0.142019057177627,0.9786850630346888,0.142019057177627,0.9804054166055582,0.0
leave_drug_out,A549,Pracinostat (SB939),Cytoskeletal Signaling,1.0,1,mean_sufficient,0.4266720142818361,0.3553672316384181,observed,0.6026089018362643,0.3973910981637357,0.285,-0.0918257463565546,0.02077244715442339,0.8336772515231798,0.3529461582433962,0.9255029978797344,0.3321737110889728
leave_drug_out,A549,Prednisone,Endocrinology & Hormones,1.0,0,DART_recommended,0.4102046222719494,0.5514124293785311,observed,1.6835323846370471,-0.683532384637047,0.375,-0.0025896533974834046,-0.1951900249960508,0.991245823939407,0.0,0.9938354773368904,0.1951900249960508
leave_drug_out,A549,Prednisone,Endocrinology & Hormones,1.0,1,DART_recommended,0.4565414586770659,0.5954802259887005,observed,1.686657878614315,-0.6866578786143148,0.495,0.0007011623483184071,-0.1510196182278052,0.9940205392283772,0.0,0.9933193768800588,0.1510196182278052
leave_drug_out,A549,Quercetin,Epigenetics,1.0,0,mean_or_no_call,0.3646019623060028,0.5785310734463277,observed,1.696548998557128,-0.696548998557128,0.44,-0.0037850444627987034,-0.24703059344735198,0.9845882699232404,0.2329726085570735,0.9883733143860391,0.4800032020044255
leave_drug_out,A549,Quercetin,Epigenetics,1.0,2,DART_recommended,0.4362359632660945,0.5768361581920904,observed,1.663841066651115,-0.663841066651115,0.39,-0.002326372177788416,0.10040063642111031,0.9854715084598564,0.195189000790661,0.9877978806376448,0.0947883643695507
leave_drug_out,A549,Quercetin,Epigenetics,1.0,3,DART_recommended,0.4415425710967019,0.5909604519774011,observed,1.684991590302674,-0.6849915903026739,0.48,-0.000121000636138624,-0.38982573748348914,0.9901401010544848,0.158507039740981,0.9902611016906234,0.5483327772244702
leave_drug_out,A549,Quercetin,Epigenetics,1.0,4,DART_recommended,0.5494025569797837,0.631638418079096,observed,1.6925510316880066,-0.6925510316880066,0.405,0.050042088555702136,0.13195036341899646,0.9919055026335858,0.4631896595828492,0.9418634140778837,0.3312392961638527
leave_drug_out,A549,RG108,Epigenetics,1.0,3,DART_recommended,0.4204807009384977,0.5926553672316384,observed,1.7129126647822623,-0.7129126647822625,0.42,0.0,-0.1492633922816789,0.989248255654751,0.0851431176416209,0.989248255654751,0.2344065099232998
leave_drug_out,A549,Raltitrexed,DNA Damage,1.0,4,DART_recommended,0.570265287729958,0.4214689265536723,observed,0.6856476055720455,0.3143523944279545,0.375,0.0,0.0,0.9679143515649252,0.3589542101716347,0.9679143515649252,0.3589542101716347
leave_drug_out,A549,Ramelteon,GPCR & G Protein,1.0,4,DART_recommended,0.4254187330162817,0.5282485875706214,observed,1.690966346761228,-0.690966346761228,0.43,0.0008979500392597428,0.0,0.993865887412316,0.0,0.9929679373730562,0.0
leave_drug_out,A549,Regorafenib (BAY 73-4506),Protein Tyrosine Kinase,1.0,1,DART_recommended,0.5414082528525848,0.6192090395480226,observed,1.5681926848697874,-0.5681926848697875,0.38,0.001960403257118992,0.1736666713479918,0.981783752209175,0.1736666713479918,0.979823348952056,0.0
leave_drug_out,A549,Regorafenib (BAY 73-4506),Protein Tyrosine Kinase,1.0,3,mean_or_no_call,0.3827934173385944,0.6271186440677966,observed,1.6011195133183576,-0.6011195133183576,0.46,-0.0010828502255489925,0.0,0.9832712281913094,0.0,0.9843540784168584,0.0
leave_drug_out,A549,Resminostat,Epigenetics,1.0,0,DART_recommended,0.6432208840987058,0.6813559322033899,observed,1.1053026064693476,-0.1053026064693476,0.315,-0.06422221079945323,-0.07615568542140722,0.9052462659035028,0.2816575879096918,0.969468476702956,0.357813273331099
leave_drug_out,A549,Resminostat,Epigenetics,1.0,3,DART_recommended,0.6403360136978065,0.611048323167342,observed,1.052043663945418,-0.0520436639454179,0.3,-0.07593283235728243,-0.0927386736783063,0.8968853099094084,0.3277609729266243,0.9728181422666908,0.4204996466049306
leave_drug_out,A549,"Roscovitine (Seliciclib,CYC202)",Cell Cycle,1.0,0,DART_recommended,0.4553890187666252,0.5937853107344633,observed,1.6539967161784976,-0.6539967161784976,0.42,0.0003094565659802484,-0.3597099118518292,0.986745721938389,0.0,0.9864362653724088,0.3597099118518292
leave_drug_out,A549,"Roscovitine (Seliciclib,CYC202)",Cell Cycle,1.0,1,DART_recommended,0.4240997853409236,0.5649717514124294,observed,1.6199621761136704,-0.6199621761136704,0.385,0.0036301835000128735,-0.1799314820111717,0.9933263276724444,0.0,0.9896961441724316,0.1799314820111717
leave_drug_out,A549,"Roscovitine (Seliciclib,CYC202)",Cell Cycle,1.0,4,DART_recommended,0.4292229569195529,0.5949152542372882,observed,1.634557524363803,-0.6345575243638031,0.385,0.0004772641133777844,-0.21298206765310923,0.9849017665701488,0.07336392209936,0.984424502456771,0.2863459897524692
leave_drug_out,A549,Ruxolitinib (INCB018424),JAK/STAT,1.0,1,DART_recommended,0.4404010651796744,0.5259887005649717,observed,1.658829120369414,-0.6588291203694141,0.46,-0.004126437571193575,-0.0729990721173347,0.9842828705129164,0.0783982689786753,0.98840930808411,0.15139734109601
leave_drug_out,A549,Ruxolitinib (INCB018424),JAK/STAT,1.0,4,DART_recommended,0.4228772165763999,0.6135593220338983,observed,1.665308006385961,-0.6653080063859613,0.375,0.0014946114404000843,-0.03229488396174279,0.991872734407318,0.1799314820111717,0.990378122966918,0.2122263659729145
leave_drug_out,A549,S-Ruxolitinib (INCB018424),JAK/STAT,1.0,3,mean_or_no_call,0.3246693498299107,0.6039548022598871,observed,1.560167697405166,-0.5601676974051661,0.42,0.0023112280565019683,-0.11267931840447742,0.9940809243604152,0.3688556721386528,0.9917696963039132,0.4815349905431302
leave_drug_out,A549,S3I-201,JAK/STAT,1.0,1,mean_or_no_call,0.3391263845672776,0.592090395480226,observed,1.6335031951254595,-0.6335031951254597,0.435,-0.0017988197995340016,-0.066254223454389,0.987285457077116,0.0,0.98908427687665,0.066254223454389
leave_drug_out,A549,S3I-201,JAK/STAT,1.0,2,mean_or_no_call,0.3942019085486972,0.592090395480226,observed,1.6610969580497634,-0.6610969580497634,0.445,-0.0010382876324261936,0.0947883643695507,0.987093459161101,0.0947883643695507,0.9881317467935272,0.0
leave_drug_out,A549,S3I-201,JAK/STAT,1.0,4,DART_recommended,0.4819456396095453,0.5683615819209039,observed,1.6449919454952122,-0.6449919454952122,0.47,-0.0008109711855072144,0.00317699848238831,0.988735210724465,0.1388624438735545,0.9895461819099722,0.1356854453911662
leave_drug_out,A549,SB431542,TGF-beta/Smad,1.0,1,DART_recommended,0.426239838021407,0.5887005649717514,observed,1.6349829743502269,-0.6349829743502268,0.415,0.0003516759874544473,-0.2184074368181641,0.985847825010392,0.0,0.9854961490229376,0.2184074368181641
leave_drug_out,A549,SB431542,TGF-beta/Smad,1.0,4,mean_or_no_call,0.3689927994664129,0.6005649717514124,observed,1.593501540222651,-0.593501540222651,0.395,0.004346111743958048,-0.2184074368181641,0.9862029575560932,0.0,0.9818568458121352,0.2184074368181641
leave_drug_out,A549,SL-327,MAPK,1.0,0,DART_recommended,0.6750955938191141,0.5440677966101695,observed,1.3637216234140586,-0.3637216234140586,0.49,-0.001931818581716871,-0.2346393630113782,0.9868590842604438,0.0,0.9887909028421606,0.2346393630113782
leave_drug_out,A549,SL-327,MAPK,1.0,1,DART_recommended,0.675763419245423,0.511864406779661,observed,1.3194053798139571,-0.3194053798139571,0.47,0.024823418122077223,-0.4692787260227564,0.9871659967555708,0.0,0.9623425786334936,0.4692787260227564
leave_drug_out,A549,SNS-314,Cell Cycle,1.0,1,DART_recommended,0.4410767342795761,0.492090395480226,observed,1.0723635939042018,-0.0723635939042018,0.475,0.0,0.0604437897165635,0.9893490343386012,0.8572048559638628,0.9893490343386012,0.7967610662472993
leave_drug_out,A549,SRT2104 (GSK2245840),DNA Damage,1.0,0,DART_recommended,0.5182914139890413,0.5745762711864406,observed,1.5741274362378517,-0.5741274362378517,0.48,0.0010904717660488172,0.37466610587647853,0.9900186332767752,0.5224955967919311,0.9889281615107264,0.1478294909154526
leave_drug_out,A549,SRT3025 HCl,DNA Damage,1.0,4,DART_recommended,0.4496471514329712,0.6005649717514124,observed,1.6793261704509428,-0.6793261704509428,0.4,0.0074975062460161945,0.164219586306328,0.9858412612097682,0.164219586306328,0.978343754963752,0.0
leave_drug_out,A549,Selisistat (EX 527),Epigenetics,1.0,0,DART_recommended,0.4079130603290328,0.651412429378531,observed,1.6720510118393026,-0.6720510118393026,0.455,0.0026203410488296885,0.158507039740981,0.9876950122651242,0.158507039740981,0.9850746712162946,0.0
leave_drug_out,A549,Selisistat (EX 527),Epigenetics,1.0,3,DART_recommended,0.4759721382037732,0.6251766085575892,observed,1.6612055609573328,-0.661205560957333,0.34,0.03767196795614203,-0.05447502791212808,0.992512680755935,0.195189000790661,0.954840712799793,0.2496640287027891
leave_drug_out,A549,Sirtinol,Epigenetics,1.0,3,DART_recommended,0.4070368639370872,0.4723163841807909,observed,1.57553688214949,-0.57553688214949,0.375,0.004449521139376578,0.21774075085199562,0.9851456049585724,0.5771493379489847,0.9806960838191958,0.3594085870969891
leave_drug_out,A549,Sodium Phenylbutyrate,DNA Damage,1.0,4,DART_recommended,0.4264833893588158,0.6028248587570622,observed,1.6814620484835174,-0.6814620484835174,0.495,-0.0016308687483066464,0.1763001066034291,0.9894198080303096,0.1763001066034291,0.9910506767786162,0.0
leave_drug_out,A549,Sorafenib Tosylate,MAPK,1.0,4,DART_recommended,0.462195613180476,0.6107344632768361,observed,1.543459970182647,-0.5434599701826469,0.385,-0.0007739307503183968,0.0,0.9817622496394768,0.0,0.9825361803897952,0.0
leave_drug_out,A549,Streptozotocin (STZ),DNA Damage,1.0,4,mean_or_no_call,0.3304269950309433,0.4790960451977401,observed,1.6090828831567023,-0.6090828831567024,0.38,0.0003800709344554676,0.1100458831490401,0.9920383632901296,0.1794771050858173,0.9916582923556742,0.0694312219367772
leave_drug_out,A549,TG101209,JAK/STAT,1.0,0,DART_recommended,0.4704380069312039,0.631638418079096,observed,1.4438192347949586,-0.4438192347949586,0.395,-0.0018155342298156185,-0.005231965069728228,0.9867661575967336,0.2784805894273036,0.9885816918265492,0.2837125544970318
leave_drug_out,A549,TGX-221,PI3K/Akt/mTOR,1.0,0,DART_recommended,0.4590951579674207,0.5757062146892655,observed,1.6809733344102922,-0.6809733344102921,0.485,0.0018214522974864256,-0.1845756967795681,0.987880314240641,0.0,0.9860588619431546,0.1845756967795681
leave_drug_out,A549,TGX-221,PI3K/Akt/mTOR,1.0,2,mean_or_no_call,0.3790335166470944,0.5937853107344633,observed,1.6536147737998863,-0.6536147737998865,0.43,-0.0005605270195954137,-0.2640681225725909,0.9853213376239298,0.0,0.9858818646435252,0.2640681225725909
leave_drug_out,A549,TMP195,Epigenetics,1.0,2,DART_recommended,0.5388683450066072,0.5491525423728814,observed,1.6959043981729516,-0.6959043981729517,0.295,0.0008961973161707437,-0.22590220003590583,0.9909528989276823,0.297271596442057,0.9900567016115116,0.5231737964779628
leave_drug_out,A549,Tazemetostat (EPZ-6438),Epigenetics,1.0,3,DART_recommended,0.468253075672666,0.6225988700564972,observed,1.623009248361929,-0.623009248361929,0.42,0.004620130702790437,0.028494850791358717,0.9907656905247112,0.3913817611255761,0.9861455598219208,0.3628869103342174
leave_drug_out,A549,"Temsirolimus (CCI-779, NSC 683864)",PI3K/Akt/mTOR,1.0,1,DART_recommended,0.4835905755489513,0.4457627118644068,observed,1.1554149262179092,-0.1554149262179092,0.335,-0.000755738157229402,-0.16844537041637747,0.9781032946781978,0.2184074368181641,0.9788590328354272,0.3868528072345416
leave_drug_out,A549,Thiotepa,Others,1.0,2,DART_recommended,0.4515394102481267,0.6214689265536724,observed,1.5793327011767893,-0.5793327011767893,0.475,0.005318506146533952,0.0,0.9948799135532216,0.0,0.9895614074066876,0.0
leave_drug_out,A549,Tie2 kinase inhibitor,Protein Tyrosine Kinase,1.0,4,mean_or_no_call,0.317385861426062,0.5333333333333333,observed,1.57537447901877,-0.57537447901877,0.405,-0.0035778486312313396,0.0147774807797236,0.9863718312543066,0.0783982689786753,0.989949679885538,0.0636207881989517
leave_drug_out,A549,Tofacitinib (CP-690550) Citrate,JAK/STAT,1.0,1,DART_recommended,0.4208763218159227,0.5774011299435028,observed,1.5198963897121764,-0.5198963897121763,0.48,0.0010383180960553684,-0.421091200826567,0.9920306214102064,0.3756698654207323,0.990992303314151,0.7967610662472993
leave_drug_out,A549,Tofacitinib (CP-690550) Citrate,JAK/STAT,1.0,2,DART_recommended,0.4244318423393516,0.6214689265536724,observed,1.614915103385395,-0.614915103385395,0.49,-0.0011581085229586119,-0.2731328928439819,0.989863117419314,0.2684550357175426,0.9910212259422726,0.5415879285615245
leave_drug_out,A549,"Tozasertib (VX-680, MK-0457)",Cell Cycle,1.0,2,mean_or_no_call,0.3647350296630246,0.5728813559322034,observed,1.2558417413942893,-0.2558417413942893,0.49,2.0273093493172745e-05,-0.007109698644971019,0.9878485943762524,0.92663607790064,0.9878283212827592,0.933745776545611
leave_drug_out,A549,Trametinib (GSK1120212),MAPK,1.0,4,DART_recommended,0.6257365037850936,0.4005649717514124,observed,0.4492132872974377,0.5507867127025623,0.415,0.0,0.0,0.9607126611364408,0.4692787260227564,0.9607126611364408,0.4692787260227564
leave_drug_out,A549,Triamcinolone Acetonide,Metabolism,1.0,2,DART_recommended,0.4005460804455191,0.4107344632768361,observed,0.4779860108345863,0.5220139891654136,0.39,0.015343981729428635,0.0,0.960905729835267,0.0,0.9455617481058384,0.0
leave_drug_out,A549,Triamcinolone Acetonide,Metabolism,1.0,3,DART_recommended,0.6495266461713295,0.507909604519774,observed,0.4800580886001966,0.5199419113998034,0.48,0.01129672448806085,0.0,0.9677419914810108,0.0,0.95644526699295,0.0
leave_drug_out,A549,Tucidinostat (Chidamide),Epigenetics,1.0,1,DART_recommended,0.6522209382417608,0.6468926553672316,observed,1.563190201473832,-0.5631902014738319,0.405,0.00035010894973297457,-0.30194945356849645,0.9824346622836208,0.2048342475185908,0.9820845533338878,0.5067837010870873
leave_drug_out,A549,Tucidinostat (Chidamide),Epigenetics,1.0,4,DART_recommended,0.4039682491361531,0.6610169491525424,observed,1.5563907191305677,-0.5563907191305675,0.325,-0.0032463197145645717,-0.6203974344166848,0.988669370345153,0.0,0.9919156900597176,0.6203974344166848
leave_drug_out,A549,UNC0379,Epigenetics,1.0,1,DART_recommended,0.4921984118898242,0.5694915254237288,observed,1.040460149545716,-0.0404601495457159,0.45,0.007659248389681017,0.12280460313217298,0.962497178187764,0.3557772116892465,0.954837929798083,0.2329726085570735
leave_drug_out,A549,UNC0379,Epigenetics,1.0,2,DART_recommended,0.4134937340569931,0.5954802259887005,observed,1.2405454633586532,-0.2405454633586533,0.415,0.006271495509548197,-0.1456072925365002,0.9928926770251172,0.0783982689786753,0.986621181515569,0.2240055615151755
leave_drug_out,A549,UNC0379,Epigenetics,1.0,4,DART_recommended,0.4831275887457917,0.4875706214689265,observed,1.0481675503516243,-0.0481675503516243,0.455,-0.006443996179638312,0.3002005370603858,0.9724622624745058,0.4480300279758384,0.9789062586541442,0.1478294909154526
leave_drug_out,A549,UNC0631,Epigenetics,1.0,2,DART_recommended,0.5227386109093115,0.6401129943502825,observed,1.5549409695675065,-0.5549409695675063,0.44,0.007533751756543472,-0.20982545434903657,0.9926864743535346,0.2153829792769871,0.9851527225969912,0.4252084336260237
leave_drug_out,A549,UNC1999,Epigenetics,1.0,1,DART_recommended,0.4578726684775657,0.6372881355932203,observed,1.6133379171906097,-0.6133379171906095,0.38,0.02635854890009315,-0.0927386736783064,0.9806806014769384,0.1799314820111717,0.9543220525768452,0.2726701556894781
leave_drug_out,A549,UNC1999,Epigenetics,1.0,2,DART_recommended,0.5231015963111944,0.5412429378531074,observed,1.5958983631446482,-0.5958983631446482,0.395,-0.0011562220720829908,-0.0396802462871427,0.9834338167831748,0.1487639058405727,0.9845900388552578,0.1884441521277154
leave_drug_out,A549,Veliparib (ABT-888),DNA Damage,1.0,0,DART_recommended,0.4522767239129061,0.6192090395480226,observed,1.7352078293397544,-0.7352078293397544,0.405,0.0002673357076807825,0.14560729253650023,0.9864438094929008,0.3187939258847263,0.98617647378522,0.1731866333482261
leave_drug_out,A549,WHI-P154,JAK/STAT,1.0,1,DART_recommended,0.4371226120063786,0.5129943502824859,observed,1.6562927074921694,-0.6562927074921693,0.335,0.0008529444940210684,-0.008211345361703537,0.991810668444262,0.2784805894273036,0.990957723950241,0.2866919347890071
leave_drug_out,A549,WP1066,JAK/STAT,1.0,2,DART_recommended,0.4934624693916862,0.6248587570621469,observed,1.6013528536024395,-0.6013528536024397,0.465,-0.002380600854124393,-0.3024038304938508,0.9867031435678852,0.0,0.9890837444220096,0.3024038304938508
leave_drug_out,A549,WP1066,JAK/STAT,1.0,4,DART_recommended,0.4375351437770345,0.6412429378531074,observed,1.641122399271997,-0.641122399271997,0.465,0.004987345093565243,0.1504629261708899,0.9937153004162752,0.2140837143698416,0.98872795532271,0.0636207881989517
leave_drug_out,A549,XAV-939,Stem Cells &  Wnt,1.0,3,DART_recommended,0.4678289172848321,0.6045197740112994,observed,1.5515883316394063,-0.5515883316394062,0.405,-0.0007716595828243245,0.0,0.9918055344832176,0.0,0.992577194066042,0.0
leave_drug_out,A549,Zileuton,Metabolism,1.0,1,DART_recommended,0.4888710289007089,0.6661016949152543,observed,1.783809596350228,-0.7838095963502282,0.475,-0.0007864040446552423,0.0,0.9865550930034288,0.0,0.987341497048084,0.0
leave_drug_out,K562,(+)-JQ1,Epigenetics,1.0,0,DART_recommended,0.5474433342923773,0.6728813559322033,observed,1.1297023684254797,-0.1297023684254795,0.36,-0.001010381094303403,-0.3156169274023381,0.98622978169139,0.3222722491219547,0.9872401627856934,0.6378891765242928
leave_drug_out,K562,A-366,Epigenetics,1.0,0,DART_recommended,0.5727981985503233,0.6932203389830509,observed,1.6893337845580747,-0.6893337845580747,0.385,0.013550693115946033,-0.048006779666586605,0.9894289681571352,0.0947883643695507,0.9758782750411892,0.1427951440361373
leave_drug_out,K562,AC480 (BMS-599626),Protein Tyrosine Kinase,1.0,0,DART_recommended,0.5170911703389786,0.7632768361581921,observed,1.7052144238338702,-0.7052144238338702,0.47,-0.0024912230533994384,-0.1388624438735545,0.9804779581091968,0.07336392209936,0.9829691811625962,0.2122263659729145
leave_drug_out,K562,AC480 (BMS-599626),Protein Tyrosine Kinase,1.0,1,DART_recommended,0.4708550402743319,0.7,observed,1.7028133250882802,-0.7028133250882803,0.385,0.005598431749398003,-0.2240055615151755,0.9914479191958444,0.0,0.9858494874464464,0.2240055615151755
leave_drug_out,K562,AG-14361,DNA Damage,1.0,0,DART_recommended,0.5308915890449928,0.6898305084745763,observed,1.6973119242517651,-0.6973119242517651,0.365,-0.002159789474942997,0.2855902880722747,0.985290484938965,0.3589542101716347,0.987450274413908,0.07336392209936
leave_drug_out,K562,AG-14361,DNA Damage,1.0,1,DART_recommended,0.5520345095550181,0.6790960451977401,observed,1.6675196720951324,-0.6675196720951323,0.435,0.003478994337104191,-0.195189000790661,0.9898274330013804,0.0,0.9863484386642762,0.195189000790661
leave_drug_out,K562,AG-14361,DNA Damage,1.0,3,mean_or_no_call,0.380120980360482,0.7084745762711864,observed,1.7172800692410548,-0.7172800692410549,0.465,-0.001007312216405154,-0.049864128063513605,0.981406654009876,0.0947883643695507,0.9824139662262812,0.1446524924330643
leave_drug_out,K562,AG-490 (Tyrphostin B42),Protein Tyrosine Kinase,1.0,0,mean_or_no_call,0.3890313379176864,0.6378531073446327,observed,1.713614569364868,-0.713614569364868,0.325,0.004404088787139271,0.0947883643695507,0.9920749628965386,0.0947883643695507,0.9876708741093994,0.0
leave_drug_out,K562,AG-490 (Tyrphostin B42),Protein Tyrosine Kinase,1.0,3,mean_or_no_call,0.3844301819249927,0.7491525423728813,observed,1.6773088859326448,-0.6773088859326448,0.435,0.0034683626978552207,0.0,0.9925895176766276,0.0,0.9891211549787724,0.0
leave_drug_out,K562,AICAR (Acadesine),PI3K/Akt/mTOR,1.0,2,mean_or_no_call,0.3918590950037232,0.5785310734463277,observed,1.661839850349805,-0.6618398503498051,0.19,0.011221181517750423,0.0,0.9736040917047036,0.0,0.9623829101869532,0.0
leave_drug_out,K562,AR-42,Epigenetics,1.0,2,DART_recommended,0.5018388713736035,0.7062146892655368,observed,1.0251513485893762,-0.0251513485893761,0.465,0.056493433713801,-0.25567208063102786,0.9876843936517044,0.3503127229879588,0.9311909599379034,0.6059848036189867
leave_drug_out,K562,AT9283,JAK/STAT,1.0,4,DART_recommended,0.5513386115302467,0.771186440677966,observed,1.4509236239811756,-0.4509236239811757,0.37,0.0003123386442216436,0.0783982689786753,0.970279893209926,0.0783982689786753,0.9699675545657044,0.0
leave_drug_out,K562,AZ 960,JAK/STAT,1.0,0,DART_recommended,0.5401982168635073,0.803954802259887,observed,1.7295223316814048,-0.7295223316814049,0.455,-0.006712282912709311,0.0636207881989517,0.976035860502058,0.0636207881989517,0.9827481434147674,0.0
leave_drug_out,K562,AZD1480,JAK/STAT,1.0,3,DART_recommended,0.4672763855916414,0.7056497175141243,observed,1.6574387437281444,-0.6574387437281443,0.445,0.0002278133487132461,0.0,0.9869343688775196,0.0,0.9867065555288064,0.0
leave_drug_out,K562,AZD1480,JAK/STAT,1.0,4,DART_recommended,0.5180553421963121,0.6943502824858757,observed,1.7194987490521267,-0.7194987490521267,0.425,0.009125964622478722,0.0,0.992725656279624,0.0,0.9835996916571452,0.0
leave_drug_out,K562,Alendronate sodium trihydrate,Others,1.0,0,mean_or_no_call,0.3270847401651723,0.7096045197740113,observed,1.6581828960365406,-0.6581828960365406,0.42,-0.0034488313743690213,0.0,0.9810474804927988,0.0,0.9844963118671678,0.0
leave_drug_out,K562,Alendronate sodium trihydrate,Others,1.0,1,DART_recommended,0.524779768889272,0.6322033898305085,observed,1.6517298554306483,-0.6517298554306485,0.47,-4.381654383678324e-05,-0.1815417925373526,0.9908477480202408,0.0,0.9908915645640776,0.1815417925373526
leave_drug_out,K562,Alendronate sodium trihydrate,Others,1.0,2,DART_recommended,0.4134137823864224,0.5774011299435028,observed,1.6615686635494762,-0.6615686635494763,0.295,-0.0031330065694109566,0.1412669728598289,0.9860323032342376,0.1412669728598289,0.9891653098036486,0.0
leave_drug_out,K562,Alendronate sodium trihydrate,Others,1.0,3,DART_recommended,0.4181516568889509,0.4689265536723164,observed,1.5637068073321312,-0.5637068073321311,0.215,-0.0012701855844912124,0.0,0.956431766078634,0.0,0.9577019516631252,0.0
leave_drug_out,K562,Altretamine,DNA Damage,1.0,0,mean_or_no_call,0.3372612351232478,0.7152542372881356,observed,1.7007322077073757,-0.7007322077073755,0.425,0.0014611835670403917,-0.0636207881989517,0.979571482639986,0.0,0.9781102990729456,0.0636207881989517
leave_drug_out,K562,Altretamine,DNA Damage,1.0,2,mean_or_no_call,0.3615902629181002,0.6898305084745763,observed,1.721635798609039,-0.721635798609039,0.415,0.0040307113316288,-0.2200917662980801,0.9810787835854202,0.0,0.9770480722537914,0.2200917662980801
leave_drug_out,K562,Amisulpride,Neuronal Signaling,1.0,3,DART_recommended,0.4808103918809104,0.6576271186440679,observed,1.6880019601156353,-0.6880019601156353,0.465,0.019766939999631084,0.0,0.9860878811417096,0.0,0.9663209411420786,0.0
leave_drug_out,K562,Andarine,Endocrinology & Hormones,1.0,1,DART_recommended,0.4097168173253183,0.5248587570621469,observed,1.616245626841764,-0.6162456268417641,0.26,-0.001180629111124376,0.24630238874073,0.984095928798716,0.24630238874073,0.9852765579098404,0.0
leave_drug_out,K562,Aurora A Inhibitor I,Cell Cycle,1.0,1,DART_recommended,0.4761535226495714,0.7418079096045198,observed,1.7044246110643282,-0.7044246110643282,0.43,-0.001230524756567486,-0.0689768450114229,0.9793591598490458,0.1799314820111717,0.9805896846056132,0.2489083270225946
leave_drug_out,K562,Azacitidine,DNMT1|DNMT3A,1.0,1,DART_recommended,0.5050965268025416,0.6519774011299435,observed,1.410188567228166,-0.4101885672281661,0.43,0.008804775141476817,0.0,0.9854379981163456,0.0,0.9766332229748688,0.0
leave_drug_out,K562,Azacitidine,DNMT1|DNMT3A,1.0,4,DART_recommended,0.4207288563026894,0.7259887005649718,observed,1.280980835911559,-0.2809808359115591,0.39,0.0063500899682680245,0.0,0.9890178753251614,0.0,0.9826677853568934,0.0
leave_drug_out,K562,BMS-265246,Cell Cycle,1.0,2,DART_recommended,0.4481737861259461,0.6367231638418079,observed,1.650044625547459,-0.6500446255474591,0.45,-0.003205131733104327,0.33042006925647316,0.985355036426328,0.6136525857537393,0.9885601681594324,0.2832325164972661
leave_drug_out,K562,BMS-536924,Protein Tyrosine Kinase,1.0,3,mean_or_no_call,0.3969521743835664,0.6774011299435028,observed,1.6515171825476345,-0.6515171825476346,0.47,-0.0005251143004969538,-0.36963175899716316,0.9877380716084868,0.1478294909154526,0.9882631859089838,0.5174612499126158
leave_drug_out,K562,BMS-754807,Protein Tyrosine Kinase,1.0,0,mean_or_no_call,0.369335241846446,0.7282485875706215,observed,1.696438083993127,-0.696438083993127,0.43,0.0004003653236125393,0.0,0.982594564686218,0.0,0.9821941993626054,0.0
leave_drug_out,K562,BMS-754807,Protein Tyrosine Kinase,1.0,3,DART_recommended,0.4517536012301419,0.5949152542372882,observed,1.6333900374557415,-0.6333900374557416,0.34,-0.0028669356971502413,-0.0636207881989517,0.988125654972004,0.0,0.9909925906691542,0.0636207881989517
leave_drug_out,K562,BMS-911543,JAK/STAT,1.0,4,mean_or_no_call,0.3471545278013021,0.7197740112994351,observed,1.7183963479272006,-0.7183963479272008,0.42,-0.0005663581952495278,-0.031167576170598996,0.9815394309395142,0.0636207881989517,0.9821057891347638,0.0947883643695507
leave_drug_out,K562,Barasertib (AZD1152-HQPA),Cell Cycle,1.0,2,DART_recommended,0.4844980085725482,0.5966101694915255,observed,1.4387224924071484,-0.4387224924071484,0.49,0.0,-0.019073426824106177,0.988944215345399,0.6618313225363274,0.988944215345399,0.6809047493604335
leave_drug_out,K562,Barasertib (AZD1152-HQPA),Cell Cycle,1.0,3,DART_recommended,0.6666533949181607,0.707909604519774,observed,1.6491095122961177,-0.6491095122961177,0.485,0.0,0.0514767426746654,0.9847247381602656,0.7670273914429264,0.9847247381602656,0.715550648768261
leave_drug_out,K562,"Baricitinib (LY3009104, INCB028050)",Epigenetics,1.0,0,DART_recommended,0.4730831257094166,0.688135593220339,observed,1.7062993838482212,-0.7062993838482212,0.475,-0.007528916304689215,-0.09093316620113082,0.9734337324241972,0.2082936658103318,0.9809626487288864,0.2992268320114626
leave_drug_out,K562,Bisindolylmaleimide IX (Ro 31-8220 Mesylate),TGF-beta/Smad,1.0,2,DART_recommended,0.492452955299019,0.7203389830508474,observed,1.733770504944419,-0.7337705049444191,0.465,0.004849514061621596,0.0,0.988198698236334,0.0,0.9833491841747124,0.0
leave_drug_out,K562,Bisindolylmaleimide IX (Ro 31-8220 Mesylate),TGF-beta/Smad,1.0,4,DART_recommended,0.4759673647937182,0.6903954802259887,observed,1.6837851178970604,-0.6837851178970604,0.315,0.0018506158391420335,0.0,0.9884337124220568,0.0,0.9865830965829148,0.0
leave_drug_out,K562,Busulfan,DNA Damage,1.0,2,DART_recommended,0.4805443147623892,0.7084745762711864,observed,1.725398409416041,-0.7253984094160411,0.455,0.005586342790393273,0.2200917662980801,0.9730052273399696,0.2200917662980801,0.9674188845495764,0.0
leave_drug_out,K562,Busulfan,DNA Damage,1.0,3,DART_recommended,0.4546794407803967,0.7033898305084746,observed,1.6154311236750931,-0.6154311236750931,0.42,-8.070379465852096e-05,0.1485076906014844,0.976941152521934,0.2336508082431053,0.9770218563165926,0.0851431176416209
leave_drug_out,K562,CEP-33779,JAK/STAT,1.0,4,mean_or_no_call,0.3697506975966717,0.5672316384180791,observed,1.561039451489432,-0.5610394514894322,0.235,-0.002818834471853382,-0.22983490019848848,0.9653856651437622,0.0636207881989517,0.9682044996156156,0.2934556883974402
leave_drug_out,K562,CUDC-101,Epigenetics,1.0,1,DART_recommended,0.5506235660535669,0.7768361581920904,observed,1.4718166224620288,-0.4718166224620288,0.47,-0.028155702438304786,-0.2418965155501022,0.952374648197566,0.2278403745052797,0.9805303506358708,0.4697368900553819
leave_drug_out,K562,CYC116,Cell Cycle,1.0,1,mean_or_no_call,0.3223997248872777,0.6734463276836158,observed,1.7252414837467562,-0.7252414837467562,0.45,-0.0004916839941869755,-0.4002266858916135,0.985573961245068,0.2934367834519528,0.986065645239255,0.6936634693435663
leave_drug_out,K562,CYC116,Cell Cycle,1.0,2,mean_or_no_call,0.3605353925863978,0.6604519774011299,observed,1.734722969313537,-0.7347229693135371,0.445,-0.0012432058367289889,-0.4587769214205008,0.9900701375069264,0.07336392209936,0.9913133433436554,0.5321408435198608
leave_drug_out,K562,Carmofur,DNA Damage,1.0,0,mean_or_no_call,0.3540970041294508,0.6384180790960452,observed,1.7034435710464968,-0.7034435710464967,0.375,0.0012657626135507138,0.0,0.992476170862082,0.0,0.9912104082485312,0.0
leave_drug_out,K562,Carmofur,DNA Damage,1.0,1,DART_recommended,0.4585423338170231,0.652542372881356,observed,1.715583613228421,-0.7155836132284209,0.465,-0.00019539001279844648,0.2336508082431053,0.991322926805014,0.2336508082431053,0.9915183168178124,0.0
leave_drug_out,K562,Celecoxib,Neuronal Signaling,1.0,1,mean_or_no_call,0.3977898151835045,0.696045197740113,observed,1.7301045039511762,-0.7301045039511763,0.345,0.006543131735317398,0.1356519734324477,0.987021550767854,0.1356519734324477,0.9804784190325366,0.0
leave_drug_out,K562,Celecoxib,Neuronal Signaling,1.0,3,mean_or_no_call,0.3968363950301692,0.7011299435028249,observed,1.695700569986114,-0.6957005699861141,0.43,-0.0022625720627446055,0.1815417925373526,0.9791611746754458,0.1815417925373526,0.9814237467381904,0.0
leave_drug_out,K562,"Cerdulatinib (PRT062070, PRT2070)",JAK/STAT,1.0,2,DART_recommended,0.6020136282930003,0.6689265536723163,observed,1.6094255252757983,-0.6094255252757983,0.405,0.00023257553745037463,-0.0694312219367772,0.9913557036636416,0.0,0.9911231281261912,0.0694312219367772
leave_drug_out,K562,Cimetidine,Neuronal Signaling,1.0,2,mean_or_no_call,0.3841918142694167,0.4988700564971751,observed,1.532936445450948,-0.532936445450948,0.12,-0.00536951172555622,-0.2346393630113782,0.9477153608235284,0.0,0.9530848725490846,0.2346393630113782
leave_drug_out,K562,Cimetidine,Neuronal Signaling,1.0,4,mean_or_no_call,0.3886217888514407,0.6661016949152543,observed,1.6888401616179394,-0.6888401616179394,0.37,0.0024950434944908118,0.0,0.9758971109359348,0.0,0.973402067441444,0.0
leave_drug_out,K562,Clevudine,DNA Damage,1.0,0,mean_or_no_call,0.3590443528010995,0.6367231638418079,observed,1.6431763204374907,-0.6431763204374906,0.465,0.004677624398828462,-0.0851431176416209,0.9905766975906368,0.0,0.9858990731918084,0.0851431176416209
leave_drug_out,K562,Costunolide,DNA Damage,1.0,0,DART_recommended,0.5174591939586971,0.6813559322033899,observed,1.6595363774999785,-0.6595363774999785,0.395,-0.00035768178990991384,-0.1330520101357289,0.9779983082607648,0.0,0.9783559900506748,0.1330520101357289
leave_drug_out,K562,Curcumin,Epigenetics,1.0,1,DART_recommended,0.405362440895282,0.6423728813559322,observed,1.6308821783699905,-0.6308821783699906,0.445,0.0,0.0,0.9791073555912098,0.0,0.9791073555912098,0.0
leave_drug_out,K562,Dacinostat (LAQ824),Epigenetics,1.0,2,mean_sufficient,0.5169523298806917,0.3774011299435028,observed,0.5127200416261578,0.4872799583738422,0.235,0.027252462394701915,-0.06631774868157436,0.953137155314189,0.5294438830372382,0.925884692919487,0.5957616317188126
leave_drug_out,K562,Dacinostat (LAQ824),Epigenetics,1.0,3,mean_sufficient,0.6085130759747432,0.3694915254237288,observed,0.4921857216256098,0.5078142783743902,0.315,0.026093427835093608,-0.009743133900408374,0.9567023436827532,0.5836175861945262,0.9306089158476596,0.5933607200949346
leave_drug_out,K562,Danusertib (PHA-739358),Cell Cycle,1.0,2,DART_recommended,0.5051865233679715,0.6807909604519774,observed,0.9982648626199104,0.0017351373800894,0.48,0.005591773016032309,0.3411611433091868,0.9884700052755752,0.5958595188912912,0.9828782322595429,0.2546983755821044
leave_drug_out,K562,Danusertib (PHA-739358),Cell Cycle,1.0,3,DART_recommended,0.5990177793008089,0.7090395480225988,observed,1.0895857408641223,-0.0895857408641225,0.49,0.012333184569816247,0.3767472770340828,0.984695393954772,0.6300426811446146,0.9723622093849558,0.2532954041105318
leave_drug_out,K562,Daphnetin,DNA Damage,1.0,1,DART_recommended,0.4468703074267365,0.6830508474576271,observed,1.678162509335512,-0.678162509335512,0.47,-0.00452497750201597,0.0783982689786753,0.9807844600367492,0.0783982689786753,0.9853094375387652,0.0
leave_drug_out,K562,Decitabine,Epigenetics,1.0,0,DART_recommended,0.4994378751111868,0.7768361581920904,observed,1.4366384551515412,-0.4366384551515411,0.445,0.00839657964565399,0.01289974720448081,0.976962772603612,0.2465505554475861,0.968566192957958,0.2336508082431053
leave_drug_out,K562,Decitabine,Epigenetics,1.0,3,DART_recommended,0.5001199433918326,0.7237288135593221,observed,1.4692310080926705,-0.4692310080926704,0.375,0.01635974531904194,-0.20248323207250624,0.985103757429231,0.424926013816671,0.968744012110189,0.6274092458891772
leave_drug_out,K562,Divalproex Sodium,Ubiquitin,1.0,1,DART_recommended,0.4535549988813822,0.5259887005649717,observed,1.578887465535229,-0.5788874655352289,0.165,-0.009856204510180877,0.0,0.9641779195278352,0.0,0.974034124038016,0.0
leave_drug_out,K562,Divalproex Sodium,Ubiquitin,1.0,4,mean_or_no_call,0.3744289331406253,0.6751412429378532,observed,1.6665794997599528,-0.6665794997599528,0.4,0.007506533640318058,0.0,0.9906564343071148,0.0,0.9831499006667967,0.0
leave_drug_out,K562,Droxinostat,Cytoskeletal Signaling,1.0,3,mean_or_no_call,0.3822676011453667,0.6254237288135593,observed,1.6540022958301488,-0.6540022958301488,0.355,0.005360992073574766,-0.243097893284769,0.9882802381851402,0.0,0.9829192461115654,0.243097893284769
leave_drug_out,K562,ENMD-2076,Angiogenesis,1.0,4,DART_recommended,0.4609115046328622,0.6864406779661016,observed,1.7176957200804477,-0.7176957200804477,0.48,-0.0007663382170688404,0.11004588314904011,0.99043569337104,0.2200917662980801,0.9912020315881088,0.11004588314904
leave_drug_out,K562,Entacapone,Epigenetics,1.0,2,DART_recommended,0.4071567478646567,0.6372881355932203,observed,1.6792968815324465,-0.6792968815324463,0.47,0.005495756601943569,0.2111247192561821,0.9858824350990444,0.3589542101716347,0.9803866784971008,0.1478294909154526
leave_drug_out,K562,Epothilone A,Cytoskeletal Signaling,1.0,3,DART_recommended,0.6253516392809618,0.7983050847457627,observed,1.5175174914573772,-0.5175174914573772,0.365,0.004269928552674829,-0.2902597849695645,0.9884056180630838,0.0,0.984135689510409,0.2902597849695645
leave_drug_out,K562,Epothilone A,Cytoskeletal Signaling,1.0,4,DART_recommended,0.6322734969643566,0.7203389830508474,observed,1.4873009544847258,-0.4873009544847256,0.47,0.0010882516505241746,-0.1474835458789147,0.9901910831110402,0.1388624438735545,0.989102831460516,0.2863459897524692
leave_drug_out,K562,FLLL32,JAK/STAT,1.0,1,DART_recommended,0.5065500794149667,0.7282485875706215,observed,1.7065606921714562,-0.7065606921714562,0.375,0.020304701077192067,0.066254223454389,0.9896659298297664,0.066254223454389,0.9693612287525744,0.0
leave_drug_out,K562,Fasudil (HA-1077) HCl,Cell Cycle,1.0,0,DART_recommended,0.4256832683021861,0.703954802259887,observed,1.6873864513087862,-0.6873864513087862,0.495,0.007335584368987846,-0.06168261372957762,0.984731596126571,0.1584091525685025,0.9773960117575832,0.2200917662980801
leave_drug_out,K562,"Fedratinib (SAR302503, TG101348)",JAK/STAT,1.0,2,DART_recommended,0.6084021170765159,0.6050847457627119,observed,1.5699680320106943,-0.5699680320106942,0.18,0.0027199856060328154,-0.002831053445850301,0.9802645596702816,0.2172607128522298,0.9775445740642488,0.2200917662980801
leave_drug_out,K562,"Fedratinib (SAR302503, TG101348)",JAK/STAT,1.0,3,DART_recommended,0.4058909562352197,0.7423728813559323,observed,1.611045358080035,-0.611045358080035,0.39,0.03308919345433725,0.1356854453911662,0.96506918839817,0.1356854453911662,0.9319799949438328,0.0
leave_drug_out,K562,Filgotinib (GLPG0634),JAK/STAT,1.0,1,DART_recommended,0.5893782669489365,0.6531073446327683,observed,1.6793931566409066,-0.6793931566409066,0.385,0.0028331134558298166,-0.0654985217741945,0.99169101689728,0.07336392209936,0.9888579034414502,0.1388624438735545
leave_drug_out,K562,Filgotinib (GLPG0634),JAK/STAT,1.0,2,DART_recommended,0.4041950088294981,0.6305084745762712,observed,1.7318246710579128,-0.7318246710579129,0.225,0.023236724281825438,-0.0851431176416209,0.988901824383015,0.0,0.9656651001011896,0.0851431176416209
leave_drug_out,K562,Flavopiridol HCl,Cell Cycle,1.0,4,DART_recommended,0.4791472582118733,0.6903954802259887,observed,1.2232155952929114,-0.2232155952929114,0.355,0.002027463194017476,0.1635413866202963,0.9522071853876902,0.1635413866202963,0.9501797221936727,0.0
leave_drug_out,K562,"Fluorouracil (5-Fluoracil, 5-FU)",TYMS,1.0,2,mean_or_no_call,0.3616050452334186,0.7350282485875705,observed,1.7157395177611694,-0.7157395177611694,0.5,-0.004347860233518408,0.0,0.9831037561271512,0.0,0.9874516163606696,0.0
leave_drug_out,K562,"Fluorouracil (5-Fluoracil, 5-FU)",TYMS,1.0,3,DART_recommended,0.4409404232596541,0.7005649717514124,observed,1.721788075530081,-0.7217880755300811,0.48,-0.0016127187092880302,0.0,0.9836984123395476,0.0,0.9853111310488356,0.0
leave_drug_out,K562,G007-LK,DNA Damage,1.0,1,DART_recommended,0.5165344238656506,0.4129943502824859,observed,1.3764863215342753,-0.3764863215342753,0.175,-0.01616489735166282,0.2200917662980801,0.9488605774237592,0.2200917662980801,0.965025474775422,0.0
leave_drug_out,K562,G007-LK,DNA Damage,1.0,3,DART_recommended,0.4496656276194381,0.4480225988700564,observed,1.5207699671842885,-0.5207699671842885,0.385,-0.01116775466006259,0.0,0.9549228960291982,0.0,0.9660906506892608,0.0
leave_drug_out,K562,G007-LK,DNA Damage,1.0,4,mean_or_no_call,0.3662953770222221,0.6694915254237288,observed,1.6478670042761905,-0.6478670042761902,0.405,1.5527125988290535e-06,0.3405196929097571,0.9768018241863105,0.3405196929097571,0.9768002714737116,0.0
leave_drug_out,K562,GSK J1,Epigenetics,1.0,2,DART_recommended,0.5385460274784661,0.7180790960451977,observed,1.7404918186291498,-0.7404918186291498,0.465,0.002649767004193393,0.0,0.9817145300563438,0.0,0.9790647630521504,0.0
leave_drug_out,K562,GSK-LSD1 2HCl,Epigenetics,1.0,1,DART_recommended,0.5095896342482376,0.6435028248587571,observed,1.2103143979739974,-0.2103143979739974,0.435,0.0032785846864390455,-0.21726071285222992,0.984137215721826,0.0947883643695507,0.980858631035387,0.3120490772217806
leave_drug_out,K562,GSK-LSD1 2HCl,Epigenetics,1.0,3,DART_recommended,0.5016215307680358,0.4491525423728814,observed,1.1104842156881234,-0.1104842156881233,0.285,-0.0012540884464463664,0.0343309456035954,0.9630400637173973,0.4225749983705864,0.9642941521638436,0.388244052766991
leave_drug_out,K562,GSK1070916,Cell Cycle,1.0,0,DART_recommended,0.4308700058370938,0.6779661016949152,observed,1.5702356015839938,-0.5702356015839938,0.45,-0.000702093514256652,-0.07809694422383517,0.992323702359043,0.6086182388744239,0.9930257958732996,0.6867151830982591
leave_drug_out,K562,GSK1070916,Cell Cycle,1.0,3,DART_recommended,0.4402670859986415,0.735593220338983,observed,1.6338012967266176,-0.6338012967266174,0.465,0.0,-0.05950937479144336,0.980476446851514,0.627507133061656,0.980476446851514,0.6870165078530993
leave_drug_out,K562,GSK1070916,Cell Cycle,1.0,4,DART_recommended,0.6604253972808275,0.6819209039548022,observed,1.6359310649323993,-0.6359310649323993,0.43,-0.001500700050534154,-0.06943122193677731,0.9811096276210028,0.6086182388744239,0.982610327671537,0.6780494608112012
leave_drug_out,K562,Givinostat (ITF2357),Cytoskeletal Signaling,1.0,0,DART_recommended,0.5140138042521945,0.7175141242937852,observed,1.1472756282984715,-0.1472756282984716,0.42,0.0,-0.13886244387355462,0.963187324204749,0.2832325164972661,0.963187324204749,0.4220949603708207
leave_drug_out,K562,Givinostat (ITF2357),Cytoskeletal Signaling,1.0,1,DART_recommended,0.4475270816213458,0.7175141242937852,observed,1.117549814397802,-0.1175498143978019,0.42,-0.02062939415400844,-0.22084746797827468,0.935496317427988,0.2240055615151755,0.9561257115819964,0.4448530294934502
leave_drug_out,K562,Hesperadin,Cell Cycle,1.0,0,DART_recommended,0.4990329175316405,0.7197740112994351,observed,1.3817997851467465,-0.3817997851467464,0.415,0.004108790603299162,-0.05733031646136044,0.974512311932212,0.6780494608112012,0.9704035213289128,0.7353797772725617
leave_drug_out,K562,Hesperadin,Cell Cycle,1.0,1,DART_recommended,0.6066484670878649,0.7564971751412429,observed,1.4452541231338212,-0.445254123133821,0.48,0.0,0.009743133900408374,0.9912751557393944,0.6749359875559983,0.9912751557393944,0.6651928536555899
leave_drug_out,K562,INO-1001 (3-Aminobenzamide),DNA Damage,1.0,4,DART_recommended,0.5986875456713173,0.6943502824858757,observed,1.7227816561447122,-0.7227816561447123,0.41,-0.0058868882112875776,-0.1448501106234773,0.969949985375382,0.1388624438735545,0.9758368735866696,0.2837125544970318
leave_drug_out,K562,Ivosidenib (AG-120),Metabolism,1.0,4,mean_or_no_call,0.3933664954462349,0.7180790960451977,observed,1.7075650227905683,-0.7075650227905684,0.445,-0.0013943966883888104,0.0,0.9898638100262064,0.0,0.9912582067145952,0.0
leave_drug_out,K562,JNJ-7706621,Cell Cycle,1.0,3,DART_recommended,0.4324536713562659,0.731638418079096,observed,1.6766502205885192,-0.6766502205885192,0.465,0.006974993396003826,0.1681522864689108,0.9904521130833076,0.1681522864689108,0.9834771196873038,0.0
leave_drug_out,K562,KW-2449,Angiogenesis,1.0,0,mean_or_no_call,0.3855899016876979,0.7350282485875705,observed,1.537617126029286,-0.5376171260292859,0.43,-0.000333279968865563,-0.09195731092370049,0.977971456095526,0.2200917662980801,0.9783047360643916,0.3120490772217806
leave_drug_out,K562,Ki16425,GPCR & G Protein,1.0,0,DART_recommended,0.487509653457781,0.6751412429378532,observed,1.6968160612195633,-0.6968160612195633,0.475,0.002846475338236343,0.0,0.9833730435562208,0.0,0.9805265682179845,0.0
leave_drug_out,K562,Ki16425,GPCR & G Protein,1.0,3,DART_recommended,0.4063987977260874,0.6661016949152543,observed,1.705140081429003,-0.705140081429003,0.475,-0.0007875444356320038,-0.3010299956639812,0.9832010532174416,0.0,0.9839885976530736,0.3010299956639812
leave_drug_out,K562,Ki8751,Protein Tyrosine Kinase,1.0,1,DART_recommended,0.4736592909609778,0.7163841807909604,observed,1.5993623794364402,-0.5993623794364402,0.46,0.012169670693463197,0.011779195542260895,0.9810260383106904,0.1545743395783982,0.9688563676172272,0.1427951440361373
leave_drug_out,K562,Ki8751,Protein Tyrosine Kinase,1.0,4,DART_recommended,0.4757666462631216,0.7005649717514124,observed,1.463988107524701,-0.463988107524701,0.34,0.0068028300904258154,0.2435522702101235,0.9653190048458292,0.2435522702101235,0.9585161747554034,0.0
leave_drug_out,K562,Lapatinib (GW-572016) Ditosylate,Protein Tyrosine Kinase,1.0,1,DART_recommended,0.4253651079549149,0.6847457627118644,observed,1.7074479857521487,-0.7074479857521487,0.425,-0.008393841601624596,0.0851431176416209,0.9725385378252288,0.0851431176416209,0.9809323794268534,0.0
leave_drug_out,K562,Lapatinib (GW-572016) Ditosylate,Protein Tyrosine Kinase,1.0,2,DART_recommended,0.4314220423774693,0.5073446327683616,observed,1.4586230174521413,-0.4586230174521413,0.205,-0.0030289953337856446,-0.21044651957015043,0.965471344771228,0.0947883643695507,0.9685003401050136,0.3052348839397011
leave_drug_out,K562,Lenalidomide (CC-5013),Apoptosis,1.0,0,DART_recommended,0.4541040098661207,0.6887005649717515,observed,1.7191102013253066,-0.7191102013253066,0.41,0.006157077957991586,0.1069931323672637,0.9807991793966012,0.1069931323672637,0.9746421014386096,0.0
leave_drug_out,K562,Lenalidomide (CC-5013),Apoptosis,1.0,1,DART_recommended,0.4885625586139739,0.6807909604519774,observed,1.7389530700085924,-0.7389530700085924,0.435,0.00010146503075703084,-0.015014115926514998,0.9897149826056776,0.098039285831357,0.9896135175749206,0.113053401757872
leave_drug_out,K562,Linifanib (ABT-869),Protein Tyrosine Kinase,1.0,2,DART_recommended,0.4900195197672787,0.6740112994350282,observed,1.723291407121664,-0.7232914071216641,0.38,0.004716256574238464,0.11631069381222,0.989425480769049,0.1799314820111717,0.9847092241948106,0.0636207881989517
leave_drug_out,K562,Linifanib (ABT-869),Protein Tyrosine Kinase,1.0,4,DART_recommended,0.4029865525458591,0.6971751412429379,observed,1.7527782452676826,-0.7527782452676826,0.455,-0.0016734894541058365,0.0,0.9806089599808958,0.0,0.9822824494350016,0.0
leave_drug_out,K562,Lomustine,DNA Damage,1.0,0,DART_recommended,0.4338401498365993,0.6858757062146893,observed,1.6881636712316372,-0.6881636712316371,0.445,-0.0005949442943984362,0.0,0.9911447651903288,0.0,0.9917397094847272,0.0
leave_drug_out,K562,Lomustine,DNA Damage,1.0,2,DART_recommended,0.4559119966260722,0.6903954802259887,observed,1.7302671541158543,-0.7302671541158542,0.395,-0.0029359274880591535,0.066254223454389,0.9879390932581806,0.066254223454389,0.9908750207462398,0.0
leave_drug_out,K562,Lomustine,DNA Damage,1.0,4,mean_or_no_call,0.3436185587285641,0.6293785310734463,observed,1.7391040536031557,-0.7391040536031555,0.39,0.0008670724744881397,-0.11004588314904,0.9885442393630424,0.0,0.9876771668885542,0.11004588314904
leave_drug_out,K562,M344,Cytoskeletal Signaling,1.0,0,DART_recommended,0.4020534396022795,0.6853107344632768,observed,1.0789795259905948,-0.0789795259905947,0.4,-0.044098342092427245,-0.4985723557253838,0.9281779440145388,0.0,0.972276286106966,0.4985723557253838
leave_drug_out,K562,MC1568,Cytoskeletal Signaling,1.0,0,DART_recommended,0.4259419886732524,0.6491525423728813,observed,1.6987557050878086,-0.6987557050878086,0.33,0.01085198986520497,0.0,0.9908210052941274,0.0,0.9799690154289225,0.0
leave_drug_out,K562,MK-0752,Proteases,1.0,0,DART_recommended,0.4661492269531018,0.7305084745762712,observed,1.739527143813464,-0.7395271438134642,0.335,0.0031603328558855726,0.0,0.9718166246441288,0.0,0.9686562917882432,0.0
leave_drug_out,K562,MK-5108 (VX-689),Cell Cycle,1.0,3,DART_recommended,0.4876076077092376,0.7333333333333334,observed,1.7014283265783123,-0.7014283265783123,0.42,0.024558340349125185,0.2142125314369739,0.992903775234994,0.3562315886146009,0.9683454348858688,0.142019057177627
leave_drug_out,K562,MK-5108 (VX-689),Cell Cycle,1.0,4,DART_recommended,0.4437695947517558,0.7519774011299435,observed,1.7168683211135811,-0.7168683211135815,0.415,0.025826752968260758,0.3008394466226144,0.9879564806714172,0.448668937538067,0.9621297277031564,0.1478294909154526
leave_drug_out,K562,Meprednisone,Endocrinology & Hormones,1.0,0,DART_recommended,0.4262299904517392,0.6474576271186441,observed,1.7426496961624762,-0.7426496961624762,0.475,0.0004394583891426107,-0.07203883062568579,0.9923334064404036,0.123151194370365,0.991893948051261,0.1951900249960508
leave_drug_out,K562,Meprednisone,Endocrinology & Hormones,1.0,3,DART_recommended,0.6458969094544635,0.7412429378531074,observed,1.7042878894386555,-0.7042878894386556,0.47,0.006800908118796745,0.0,0.9924785537928196,0.0,0.9856776456740228,0.0
leave_drug_out,K562,Mercaptopurine (6-MP),PPAT,1.0,0,DART_recommended,0.4067981725246601,0.6548022598870057,observed,1.5591390251046429,-0.5591390251046428,0.495,0.001868347140266735,0.0,0.981341664088086,0.0,0.9794733169478193,0.0
leave_drug_out,K562,Mercaptopurine (6-MP),PPAT,1.0,4,DART_recommended,0.417782386588811,0.6418079096045197,observed,1.5694312666979924,-0.5694312666979923,0.465,-0.002340158472304399,0.0,0.9789721258557308,0.0,0.9813122843280352,0.0
leave_drug_out,K562,Mocetinostat (MGCD0103),Epigenetics,1.0,1,DART_recommended,0.636351791280411,0.7564971751412429,observed,1.0209544968963449,-0.0209544968963449,0.365,0.0018756981357940239,-0.21428133256025467,0.985524916672686,0.4260276605334034,0.983649218536892,0.6403089930936581
leave_drug_out,K562,Motesanib Diphosphate (AMG-706),Protein Tyrosine Kinase,1.0,4,DART_recommended,0.4531556734536708,0.7175141242937852,observed,1.610178614785182,-0.610178614785182,0.465,0.005532091887494595,0.0,0.9914042046347238,0.0,0.9858721127472292,0.0
leave_drug_out,K562,NVP-BSK805 2HCl,JAK/STAT,1.0,4,DART_recommended,0.4973298564258204,0.7090395480225988,observed,1.6792798836141365,-0.6792798836141364,0.485,-0.00199892577253602,-0.1388624438735546,0.9808622700685108,0.066254223454389,0.9828611958410468,0.2051166673279436
leave_drug_out,K562,Navitoclax (ABT-263),Apoptosis,1.0,2,mean_or_no_call,0.3426120082662535,0.7209039548022599,observed,1.704310245523554,-0.704310245523554,0.45,0.00048449239218506523,0.0,0.9828374588071028,0.0,0.9823529664149178,0.0
leave_drug_out,K562,Nilotinib (AMN-107),Angiogenesis,1.0,4,DART_recommended,0.6306299983263088,0.5406779661016949,observed,0.669035352960407,0.3309646470395931,0.5,0.010512486468399418,-0.09243734892346617,0.982146030489039,0.3301376494471202,0.9716335440206396,0.4225749983705864
leave_drug_out,K562,Obatoclax Mesylate (GX15-070),Apoptosis,1.0,2,DART_recommended,0.4667824595429369,0.7050847457627119,observed,1.5905812712954783,-0.5905812712954784,0.485,-0.00404524465648981,-0.2321670729063524,0.9741595100610484,0.1069931323672637,0.9782047547175382,0.3391602052736161
leave_drug_out,K562,Ofloxacin,DNA Damage,1.0,0,DART_recommended,0.4052448236226239,0.7248587570621469,observed,1.7186245086012872,-0.7186245086012872,0.465,0.0002994483563544259,0.11734011443088531,0.9820410913798496,0.2024832320725062,0.9817416430234952,0.0851431176416209
leave_drug_out,K562,Ofloxacin,DNA Damage,1.0,1,DART_recommended,0.4709618660347188,0.7197740112994351,observed,1.7625324637703574,-0.7625324637703574,0.465,-0.0015615492698315414,0.0,0.9815068072977516,0.0694312219367772,0.9830683565675832,0.0694312219367772
leave_drug_out,K562,Ofloxacin,DNA Damage,1.0,3,mean_or_no_call,0.3860799402243681,0.6661016949152543,observed,1.7434768702913594,-0.7434768702913594,0.44,-0.0005391464007896696,0.05904917847414032,0.990086507027956,0.2200917662980801,0.9906256534287456,0.1610425878239398
leave_drug_out,K562,Ofloxacin,DNA Damage,1.0,4,mean_or_no_call,0.3951943839208838,0.6576271186440679,observed,1.7312268362306051,-0.7312268362306051,0.45,0.008421201738774031,0.1416934973194048,0.9898686533215636,0.2200917662980801,0.9814474515827896,0.0783982689786753
leave_drug_out,K562,PD173074,Angiogenesis,1.0,2,DART_recommended,0.602047281374543,0.6887005649717515,observed,1.671344749466047,-0.6713447494660468,0.465,0.004200820223265511,0.0,0.9887239429485604,0.0,0.9845231227252949,0.0
leave_drug_out,K562,PD173074,Angiogenesis,1.0,3,mean_or_no_call,0.3718238278564738,0.6813559322033899,observed,1.6963793378512546,-0.6963793378512546,0.47,5.4434184509011274e-05,0.0,0.9920626674300108,0.0,0.9920082332455018,0.0
leave_drug_out,K562,PD98059,MAPK,1.0,2,DART_recommended,0.429645048755054,0.7322033898305085,observed,1.7518843513428486,-0.7518843513428485,0.465,0.000606704569282801,0.0,0.977909682554854,0.0,0.9773029779855712,0.0
leave_drug_out,K562,PF-3845,Metabolism,1.0,2,mean_or_no_call,0.3429548301670461,0.6644067796610169,observed,1.7147087757571151,-0.7147087757571153,0.45,-0.0019013778720226027,-0.1390561795107756,0.9781270117516244,0.0,0.980028389623647,0.1390561795107756
leave_drug_out,K562,PF-573228,Angiogenesis,1.0,0,DART_recommended,0.4309238562775499,0.6734463276836158,observed,1.707303519273042,-0.7073035192730418,0.485,-0.0029158525832444493,0.2200917662980801,0.9800966662499732,0.2200917662980801,0.9830125188332176,0.0
leave_drug_out,K562,PF-573228,Angiogenesis,1.0,3,DART_recommended,0.494080408954579,0.7401129943502824,observed,1.6809402878247566,-0.6809402878247566,0.365,0.05155409418095713,0.0,0.9623489629279274,0.0,0.9107948687469702,0.0
leave_drug_out,K562,PFI-1 (PF-6405761),Epigenetics,1.0,3,DART_recommended,0.4994156601434492,0.7655367231638418,observed,1.4371141969954548,-0.4371141969954549,0.355,0.007521270671611013,-0.24225300530297805,0.9882247377989238,0.4729327934832575,0.9807034671273128,0.7151857987862356
leave_drug_out,K562,PHA-680632,Cell Cycle,1.0,3,DART_recommended,0.6642681328970264,0.4361581920903954,observed,1.3058715923117865,-0.3058715923117864,0.18,0.010104938829579968,-0.27426546945536817,0.9608087440574468,0.11004588314904,0.9507038052278668,0.3843113526044082
leave_drug_out,K562,Panobinostat (LBH589),Epigenetics,1.0,3,mean_sufficient,0.4741725125949622,0.2429378531073446,observed,0.3840079769810487,0.6159920230189513,0.4,0.04589007218138352,-0.1327695903263763,0.9849982706399644,0.457957694513121,0.9391081984585808,0.5907272848394973
leave_drug_out,K562,"Patupilone (EPO906, Epothilone B)",Cytoskeletal Signaling,1.0,2,DART_recommended,0.4824160193367863,0.7689265536723164,observed,1.5517833775895515,-0.5517833775895514,0.475,-0.0029179620835908526,-0.1388624438735545,0.9708087783599,0.0,0.9737267404434908,0.1388624438735545
leave_drug_out,K562,Pelitinib (EKB-569),Protein Tyrosine Kinase,1.0,2,DART_recommended,0.4711993376081436,0.7163841807909604,observed,1.6141109892828944,-0.6141109892828943,0.495,-0.0003590844176042385,-0.17018834811076353,0.990570324337182,0.139618145553749,0.9909294087547862,0.3098064936645125
leave_drug_out,K562,Pirarubicin,DNA Damage,1.0,0,DART_recommended,0.5083792193530777,0.7059904009898026,observed,1.6683667210630495,-0.6683667210630497,0.435,0.002165498319305237,-0.17554440492323461,0.99112974606949,0.1834098052484001,0.9889642477501848,0.3589542101716347
leave_drug_out,K562,Pracinostat (SB939),Cytoskeletal Signaling,1.0,1,DART_recommended,0.5746516712961034,0.6743430417156491,observed,1.2231349572895671,-0.2231349572895672,0.38,0.05336278364892599,0.08985190466271409,0.9866496020369196,0.4000232483092519,0.9332868183879937,0.3101713436465378
leave_drug_out,K562,Prednisone,Endocrinology & Hormones,1.0,0,mean_or_no_call,0.3890641170767145,0.6932203389830509,observed,1.7714954946503128,-0.7714954946503128,0.485,0.005075521952739415,0.0561338454852752,0.9925955287371184,0.1951900249960508,0.987520006784379,0.1390561795107756
leave_drug_out,K562,Prednisone,Endocrinology & Hormones,1.0,1,DART_recommended,0.5012280370398464,0.6903954802259887,observed,1.746971169796414,-0.746971169796414,0.39,0.0036627463699048235,0.1301266833307005,0.9916068999948944,0.1301266833307005,0.9879441536249896,0.0
leave_drug_out,K562,Quercetin,Epigenetics,1.0,0,DART_recommended,0.5391246291281453,0.6819209039548022,observed,1.744853333368516,-0.744853333368516,0.4,0.0020744616963196405,-0.23756312322737239,0.9917117331264108,0.1388624438735545,0.9896372714300912,0.3764255671009269
leave_drug_out,K562,Quercetin,Epigenetics,1.0,2,DART_recommended,0.4525953614933317,0.6096045197740113,observed,1.729732361011468,-0.7297323610114679,0.325,0.0023345367487032087,-0.0346066092840243,0.9906610000678716,0.11004588314904,0.9883264633191684,0.1446524924330643
leave_drug_out,K562,Quercetin,Epigenetics,1.0,3,DART_recommended,0.5650178278461802,0.7005649717514124,observed,1.7499998038842914,-0.7499998038842913,0.485,0.0022652517522510074,-0.1925613849271724,0.9913245883707482,0.0851431176416209,0.9890593366184972,0.2777045025687933
leave_drug_out,K562,Quercetin,Epigenetics,1.0,4,DART_recommended,0.4002827420274958,0.6932203389830509,observed,1.734606160021218,-0.7346061600212181,0.41,0.002956047494697134,0.09824778266129179,0.9929447725206983,0.2082936658103318,0.9899887250260012,0.11004588314904
leave_drug_out,K562,RG108,Epigenetics,1.0,3,DART_recommended,0.4302569822748662,0.5180790960451978,observed,1.581030125418677,-0.5810301254186769,0.225,-0.0010939029361139996,-0.2588097889896127,0.9562315572860256,0.0,0.9573254602221396,0.2588097889896127
leave_drug_out,K562,Raltitrexed,DNA Damage,1.0,4,DART_recommended,0.5518148886713006,0.6022598870056497,observed,1.1431365523766588,-0.1431365523766588,0.46,0.0,-0.06625422345438911,0.9897348753979244,0.2200917662980801,0.9897348753979244,0.2863459897524692
leave_drug_out,K562,Ramelteon,GPCR & G Protein,1.0,4,mean_or_no_call,0.3604479278025436,0.7028248587570621,observed,1.7052677028259653,-0.7052677028259653,0.38,0.0007826731435567336,0.0,0.9696874450682748,0.0,0.968904771924718,0.0
leave_drug_out,K562,Regorafenib (BAY 73-4506),Protein Tyrosine Kinase,1.0,1,DART_recommended,0.4862698371878239,0.7011299435028249,observed,1.5585326081261344,-0.5585326081261344,0.435,0.005095506016368323,-0.1545743395783982,0.9757485252590176,0.0,0.9706530192426492,0.1545743395783982
leave_drug_out,K562,Regorafenib (BAY 73-4506),Protein Tyrosine Kinase,1.0,3,DART_recommended,0.4671745942679562,0.7305084745762712,observed,1.5841068585844569,-0.5841068585844569,0.48,0.007572182705889219,0.0563265569171065,0.9924637876038154,0.195189000790661,0.9848916048979262,0.1388624438735545
leave_drug_out,K562,Resminostat,Epigenetics,1.0,0,DART_recommended,0.4299104418379627,0.7152542372881356,observed,1.4365337188894227,-0.4365337188894227,0.48,-0.005225211003718866,0.1058307631771046,0.97660377884136,0.4636440365082036,0.9818289898450788,0.357813273331099
leave_drug_out,K562,Resminostat,Epigenetics,1.0,3,DART_recommended,0.6110911994372786,0.7372881355932204,observed,1.4871777514195006,-0.4871777514195006,0.495,-0.02197600807043454,0.17471842188693099,0.9599753164924762,0.5446757407423163,0.9819513245629108,0.3699573188553853
leave_drug_out,K562,"Roscovitine (Seliciclib,CYC202)",Cell Cycle,1.0,0,DART_recommended,0.4076629113686734,0.6994350282485875,observed,1.688601195745867,-0.6886011957458672,0.495,0.001313550640893224,0.11004588314904,0.9820475732051884,0.11004588314904,0.9807340225642952,0.0
leave_drug_out,K562,"Roscovitine (Seliciclib,CYC202)",Cell Cycle,1.0,1,mean_or_no_call,0.3831032745506521,0.6711864406779661,observed,1.667922927677417,-0.6679229276774171,0.34,0.006589570106707798,0.0,0.9565298308776696,0.0,0.9499402607709618,0.0
leave_drug_out,K562,"Roscovitine (Seliciclib,CYC202)",Cell Cycle,1.0,4,DART_recommended,0.4977869424896746,0.6943502824858757,observed,1.725626734273762,-0.7256267342737619,0.425,0.0010755010478707971,0.1420394423559428,0.975916484421716,0.2082936658103318,0.9748409833738452,0.066254223454389
leave_drug_out,K562,Ruxolitinib (INCB018424),JAK/STAT,1.0,1,DART_recommended,0.5333303231319285,0.688135593220339,observed,1.7099887431416976,-0.7099887431416976,0.425,0.010425796770105022,-0.1330520101357289,0.99049649744915,0.0,0.980070700679045,0.1330520101357289
leave_drug_out,K562,Ruxolitinib (INCB018424),JAK/STAT,1.0,4,DART_recommended,0.5160643368442648,0.6638418079096045,observed,1.7371394747416122,-0.7371394747416122,0.415,-0.0011321759640343654,0.0,0.9824008608473028,0.0,0.9835330368113372,0.0
leave_drug_out,K562,S-Ruxolitinib (INCB018424),JAK/STAT,1.0,3,mean_or_no_call,0.3791097664410249,0.6802259887005649,observed,1.7007698953314003,-0.7007698953314002,0.465,0.0005688485159855983,0.0,0.9919300904316264,0.0,0.9913612419156408,0.0
leave_drug_out,K562,S3I-201,JAK/STAT,1.0,1,mean_or_no_call,0.2995194574057787,0.3813559322033898,observed,1.133456698886268,-0.133456698886268,0.02,0.013342490497123771,-0.066254223454389,0.8205100244759156,0.0694312219367772,0.8071675339787918,0.1356854453911662
leave_drug_out,K562,S3I-201,JAK/STAT,1.0,2,DART_recommended,0.542807555998695,0.6728813559322033,observed,1.674426410595558,-0.6744264105955579,0.395,-0.0023658851454759766,0.08975401749023551,0.9882005112764732,0.1681522864689108,0.9905663964219492,0.0783982689786753
leave_drug_out,K562,S3I-201,JAK/STAT,1.0,4,DART_recommended,0.459577625465045,0.6683615819209039,observed,1.7101139728706165,-0.7101139728706165,0.415,7.692522700919469e-05,-0.07336392209936,0.9904610056203996,0.0,0.9903840803933904,0.07336392209936
leave_drug_out,K562,SB431542,TGF-beta/Smad,1.0,1,mean_or_no_call,0.3481309898687871,0.6378531073446327,observed,1.717259737303285,-0.7172597373032849,0.415,-0.000522724024609178,0.0,0.9895797302547572,0.0,0.9901024542793664,0.0
leave_drug_out,K562,SB431542,TGF-beta/Smad,1.0,4,DART_recommended,0.4396042211895422,0.7367231638418079,observed,1.7109863715816191,-0.7109863715816191,0.445,-0.0012823372041688152,0.0,0.9807555932752544,0.0,0.9820379304794232,0.0
leave_drug_out,K562,SL-327,MAPK,1.0,0,DART_recommended,0.486762413711738,0.7152542372881356,observed,1.6660584451569844,-0.6660584451569844,0.455,0.01906686606714658,-0.4692787260227564,0.9763470286804604,0.0,0.9572801626133138,0.4692787260227564
leave_drug_out,K562,SL-327,MAPK,1.0,1,DART_recommended,0.5204791761151766,0.6785310734463277,observed,1.6078542388734935,-0.6078542388734937,0.405,-0.00038520408080156,-0.1480409554829326,0.9917863534423632,0.0,0.9921715575231648,0.1480409554829326
leave_drug_out,K562,SNS-314,Cell Cycle,1.0,1,DART_recommended,0.4325880980156387,0.6192090395480226,observed,1.5455297152324663,-0.5455297152324663,0.425,0.0,-0.18387093830267842,0.9911565802340347,0.5033242827953464,0.9911565802340347,0.6871952210980248
leave_drug_out,K562,SRT2104 (GSK2245840),DNA Damage,1.0,0,DART_recommended,0.5007029019045298,0.6418079096045197,observed,1.6751991386799658,-0.6751991386799658,0.47,-0.0015578432636367268,-0.047251077986392,0.9907539488728748,0.1610425878239398,0.9923117921365116,0.2082936658103318
leave_drug_out,K562,SRT3025 HCl,DNA Damage,1.0,4,DART_recommended,0.4808955349921252,0.6971751412429379,observed,1.644905633180422,-0.6449056331804219,0.42,-0.0012150549136352717,-0.1736666713479918,0.9801121657631056,0.0,0.9813272206767408,0.1736666713479918
leave_drug_out,K562,Selisistat (EX 527),Epigenetics,1.0,0,mean_or_no_call,0.3966298556869544,0.5322033898305085,observed,1.6183948596145274,-0.6183948596145274,0.315,-0.0033907139020988852,0.24890832702259458,0.9556596419295296,0.3183395489593718,0.9590503558316285,0.0694312219367772
leave_drug_out,K562,Selisistat (EX 527),Epigenetics,1.0,3,mean_or_no_call,0.3714064290564944,0.6096045197740113,observed,1.682608836381212,-0.682608836381212,0.355,0.007232665592157961,-0.09017746452093629,0.9898394877452548,0.07336392209936,0.9826068221530968,0.1635413866202963
leave_drug_out,K562,Sirtinol,Epigenetics,1.0,3,DART_recommended,0.4488615863325305,0.6807909604519774,observed,1.640443391139479,-0.6404433911394789,0.46,0.002674058336539553,-0.10011821661175752,0.9927098108060132,0.2051166673279436,0.9900357524694736,0.3052348839397011
leave_drug_out,K562,Sodium Phenylbutyrate,DNA Damage,1.0,4,DART_recommended,0.4797456620602184,0.6745762711864407,observed,1.7130939996715455,-0.7130939996715457,0.48,0.012721237819750653,0.0694312219367772,0.9903579575761264,0.0694312219367772,0.9776367197563758,0.0
leave_drug_out,K562,Sorafenib Tosylate,MAPK,1.0,4,DART_recommended,0.4703816034137054,0.6542372881355932,observed,1.600628882372972,-0.6006288823729719,0.39,0.0017903540464707657,0.1480409554829326,0.990868424805914,0.1480409554829326,0.9890780707594432,0.0
leave_drug_out,K562,Streptozotocin (STZ),DNA Damage,1.0,4,DART_recommended,0.4764643787530426,0.672316384180791,observed,1.777938582249212,-0.777938582249212,0.49,0.0023953970757923937,0.0147774807797236,0.9897676150843604,0.0783982689786753,0.987372218008568,0.0636207881989517
leave_drug_out,K562,TG101209,JAK/STAT,1.0,0,DART_recommended,0.4860115579933365,0.7282485875706215,observed,1.6488764333313215,-0.6488764333313217,0.47,0.019557783880040036,-0.0026334352554372997,0.9926331122727048,0.0636207881989517,0.9730753283926648,0.066254223454389
leave_drug_out,K562,TGX-221,PI3K/Akt/mTOR,1.0,0,DART_recommended,0.4720550944688993,0.6480225988700565,observed,1.704409358986525,-0.704409358986525,0.48,-0.0011190947257919692,0.0,0.9789560128448712,0.0,0.9800751075706632,0.0
leave_drug_out,K562,TGX-221,PI3K/Akt/mTOR,1.0,2,DART_recommended,0.4773197141268013,0.7418079096045198,observed,1.6995314744992411,-0.6995314744992412,0.5,0.0007900967511920154,0.0,0.9915253305247752,0.0,0.9907352337735832,0.0
leave_drug_out,K562,TMP195,Epigenetics,1.0,2,DART_recommended,0.4460895958321432,0.6779661016949152,observed,1.668718754049007,-0.6687187540490069,0.43,-0.00012859068379922345,0.3125291152215463,0.9917291356761744,0.3125291152215463,0.9918577263599736,0.0
leave_drug_out,K562,Tazemetostat (EPZ-6438),Epigenetics,1.0,3,DART_recommended,0.4970205649015166,0.7050847457627119,observed,1.690049234588979,-0.6900492345889789,0.365,0.01607551543934005,-0.059405668227016206,0.9721832191618008,0.2874476364692017,0.9561077037224608,0.3468533046962179
leave_drug_out,K562,"Temsirolimus (CCI-779, NSC 683864)",PI3K/Akt/mTOR,1.0,1,DART_recommended,0.6519160495703136,0.7519774011299435,observed,1.5681180099868652,-0.5681180099868651,0.485,0.0003338127584131545,-0.016187116833223075,0.979586681207986,0.1772392867840477,0.9792528684495728,0.1934264036172708
leave_drug_out,K562,Thiotepa,Others,1.0,2,mean_or_no_call,0.3323489702224963,0.4288135593220339,observed,1.1356293052780222,-0.135629305278022,0.09,0.005432368658501163,0.1412669728598289,0.9409346445356076,0.1412669728598289,0.9355022758771064,0.0
leave_drug_out,K562,Tie2 kinase inhibitor,Protein Tyrosine Kinase,1.0,4,DART_recommended,0.4803831055347825,0.6728813559322033,observed,1.7378543617169682,-0.7378543617169682,0.44,0.007523732487033863,0.0,0.9910948313763048,0.0,0.983571098889271,0.0
leave_drug_out,K562,Tofacitinib (CP-690550) Citrate,JAK/STAT,1.0,1,DART_recommended,0.4635715179159021,0.6446327683615819,observed,1.6474668749062589,-0.6474668749062589,0.37,-2.2617224908372258e-05,0.0,0.988866852774672,0.0947883643695507,0.9888894699995804,0.0947883643695507
leave_drug_out,K562,Tofacitinib (CP-690550) Citrate,JAK/STAT,1.0,2,DART_recommended,0.4810254950876583,0.6305084745762712,observed,1.684698560674489,-0.6846985606744891,0.39,0.0032493978898806564,0.031167576170598996,0.989560068982097,0.0947883643695507,0.9863106710922164,0.0636207881989517
leave_drug_out,K562,"Tozasertib (VX-680, MK-0457)",Cell Cycle,1.0,2,DART_recommended,0.5638700215140335,0.6429378531073446,observed,1.2151393365094294,-0.2151393365094293,0.495,0.0,0.36602461869280273,0.9833714497078696,0.8603818544462509,0.9833714497078696,0.4943572357534482
leave_drug_out,K562,Trametinib (GSK1120212),MAPK,1.0,4,DART_recommended,0.548786688472907,0.4915254237288136,observed,0.6897756174913025,0.3102243825086975,0.46,0.009383185138504335,0.0,0.960533563292042,0.0,0.9511503781535376,0.0
leave_drug_out,K562,Triamcinolone Acetonide,Metabolism,1.0,2,DART_recommended,0.510443301984137,0.6338983050847458,observed,1.4434427914807713,-0.4434427914807713,0.29,0.002953937201930379,0.0,0.986211170832175,0.0,0.9832572336302446,0.0
leave_drug_out,K562,Triamcinolone Acetonide,Metabolism,1.0,3,DART_recommended,0.439401715526626,0.4621468926553672,observed,1.3179321782246125,-0.3179321782246125,0.3,-0.004379781592338539,0.0,0.9661127224531074,0.0,0.970492504045446,0.0
leave_drug_out,K562,Tucidinostat (Chidamide),Epigenetics,1.0,1,DART_recommended,0.5268305458193143,0.7265536723163841,observed,1.299038511843117,-0.2990385118431169,0.495,-0.012099449172778942,-0.3274853092461956,0.9723826433035598,0.2496640287027891,0.9844820924763388,0.5771493379489847
leave_drug_out,K562,Tucidinostat (Chidamide),Epigenetics,1.0,4,DART_recommended,0.4845368725060685,0.5220338983050847,observed,1.1642069685768688,-0.1642069685768687,0.165,0.009445861406935263,-0.08926035044107788,0.9560521321756936,0.4085359184257955,0.9466062707687584,0.4977962688668734
leave_drug_out,K562,UNC0379,Epigenetics,1.0,1,mean_or_no_call,0.3931223809063512,0.6903954802259887,observed,1.6545332215126545,-0.6545332215126544,0.3,0.0025353503395716404,0.036681961049679995,0.9886122276562233,0.11004588314904,0.9860768773166516,0.07336392209936
leave_drug_out,K562,UNC0379,Epigenetics,1.0,2,DART_recommended,0.4610327791513236,0.7367231638418079,observed,1.744865486514105,-0.7448654865141047,0.36,0.010278068149958464,-0.09507078417890358,0.9924477797239692,0.2588097889896127,0.9821697115740108,0.3538805731685163
leave_drug_out,K562,UNC0379,Epigenetics,1.0,4,mean_or_no_call,0.3825292162014667,0.7423728813559323,observed,1.681592123162479,-0.6815921231624791,0.445,0.0023393494296589656,-0.139618145553749,0.9917005795844832,0.0,0.9893612301548242,0.139618145553749
leave_drug_out,K562,UNC0631,Epigenetics,1.0,2,DART_recommended,0.4977025821263897,0.7096045197740113,observed,1.7446059369036042,-0.7446059369036042,0.43,0.0010087781106431493,-0.1681522864689108,0.9921402688944015,0.0,0.9911314907837584,0.1681522864689108
leave_drug_out,K562,UNC1999,Epigenetics,1.0,1,mean_or_no_call,0.3968904940424112,0.659322033898305,observed,1.67080429957632,-0.6708042995763199,0.405,0.001369052022001216,-0.3535981533591635,0.9883896762681844,0.0,0.9870206242461832,0.3535981533591635
leave_drug_out,K562,UNC1999,Epigenetics,1.0,2,mean_or_no_call,0.3995029364595577,0.7220338983050847,observed,1.6963401914259673,-0.6963401914259673,0.415,0.006459764418151437,-0.35359815335916356,0.9906587678257937,0.066254223454389,0.9841990034076422,0.4198523768135526
leave_drug_out,K562,Veliparib (ABT-888),DNA Damage,1.0,0,DART_recommended,0.6222942271548466,0.6779661016949152,observed,1.7201979016914009,-0.7201979016914007,0.44,0.004608043147829255,-0.04407407950400381,0.9903906094192396,0.0947883643695507,0.9857825662714104,0.1388624438735545
leave_drug_out,K562,WHI-P154,JAK/STAT,1.0,1,mean_or_no_call,0.3856306440408419,0.7135593220338983,observed,1.6535799702553706,-0.6535799702553706,0.39,-0.0026441372153935827,0.066254223454389,0.9766747639853076,0.066254223454389,0.9793189012007012,0.0
leave_drug_out,K562,WP1066,JAK/STAT,1.0,2,DART_recommended,0.4278870071475883,0.5282485875706214,observed,1.661378759659114,-0.6613787596591139,0.315,0.005344401164684487,0.0,0.9867361020732645,0.0,0.98139170090858,0.0
leave_drug_out,K562,WP1066,JAK/STAT,1.0,4,DART_recommended,0.4146269615016121,0.7406779661016949,observed,1.6506024368837964,-0.6506024368837964,0.415,0.005746104578782774,0.1253034019285294,0.9729631448156204,0.2200917662980801,0.9672170402368376,0.0947883643695507
leave_drug_out,K562,XAV-939,Stem Cells &  Wnt,1.0,3,DART_recommended,0.4220929477723475,0.5672316384180791,observed,1.6257195741840706,-0.6257195741840706,0.34,0.0005734289951080385,0.0,0.9885195915160154,0.0,0.9879461625209074,0.0
leave_drug_out,K562,Zileuton,Metabolism,1.0,1,DART_recommended,0.4697570685792858,0.7050847457627119,observed,1.7043603201121784,-0.7043603201121785,0.49,-0.003588470657300835,0.0,0.9800993141840906,0.0,0.9836877848413914,0.0
leave_drug_out,MCF7,(+)-JQ1,Epigenetics,1.0,0,DART_recommended,0.6791730172678624,0.5610169491525424,observed,0.6336009055062588,0.3663990944937412,0.455,0.0,0.09478836436955079,0.989563540650565,0.38113435412202,0.989563540650565,0.2863459897524692
leave_drug_out,MCF7,A-366,Epigenetics,1.0,0,DART_recommended,0.5260114642018625,0.6096045197740113,observed,1.7228135860456704,-0.7228135860456704,0.405,0.0084729350407734,-0.015257518779489304,0.9908913370604364,0.1610425878239398,0.982418402019663,0.1763001066034291
leave_drug_out,MCF7,AC480 (BMS-599626),Protein Tyrosine Kinase,1.0,0,DART_recommended,0.4388238914825031,0.5271186440677966,observed,1.5725747167499362,-0.5725747167499362,0.37,0.0008575599376183796,-0.455778636183038,0.98396301680636,0.0,0.9831054568687416,0.455778636183038
leave_drug_out,MCF7,AC480 (BMS-599626),Protein Tyrosine Kinase,1.0,1,DART_recommended,0.4517665221253897,0.556497175141243,observed,1.590215108056124,-0.590215108056124,0.49,0.00530520676913615,0.10641450774129751,0.9911948877734418,0.3963918729015093,0.9858896810043056,0.2899773651602118
leave_drug_out,MCF7,AG-14361,DNA Damage,1.0,0,DART_recommended,0.5633988469551803,0.6310734463276836,observed,1.766154455354172,-0.7661544553541719,0.475,-0.0016467967230149316,0.0249027655074191,0.9883935026886492,0.11004588314904,0.9900402994116642,0.0851431176416209
leave_drug_out,MCF7,AG-14361,DNA Damage,1.0,1,DART_recommended,0.4705069297586815,0.6361581920903955,observed,1.760656344826112,-0.7606563448261119,0.435,-0.0036157793367868063,0.0385596946249227,0.9894477583801352,0.2122263659729145,0.993063537716922,0.1736666713479918
leave_drug_out,MCF7,AG-14361,DNA Damage,1.0,3,mean_or_no_call,0.3896973836590848,0.5895733293741665,observed,1.7912941774788629,-0.7912941774788629,0.425,-0.0046978747053656456,0.10656755991181183,0.9859561817056876,0.2583297509898471,0.9906540564110532,0.1517621910780353
leave_drug_out,MCF7,AG-490 (Tyrphostin B42),Protein Tyrosine Kinase,1.0,0,DART_recommended,0.5031208869127757,0.6898305084745763,observed,1.7780738303174854,-0.7780738303174854,0.48,0.004229687671727156,-0.1763001066034291,0.984011417948771,0.0,0.9797817302770438,0.1763001066034291
leave_drug_out,MCF7,AG-490 (Tyrphostin B42),Protein Tyrosine Kinase,1.0,3,DART_recommended,0.4219310075642056,0.5994350282485876,observed,1.809390699154724,-0.809390699154724,0.39,-0.0002641541607409925,0.06943122193677731,0.9876174083845206,0.1388624438735545,0.9878815625452616,0.0694312219367772
leave_drug_out,MCF7,AICAR (Acadesine),PI3K/Akt/mTOR,1.0,2,DART_recommended,0.4528637142780502,0.5926553672316384,observed,1.784508190445355,-0.784508190445355,0.48,-0.0022972048020067914,0.0,0.990603907016646,0.0,0.9929011118186528,0.0
leave_drug_out,MCF7,AR-42,Epigenetics,1.0,2,DART_recommended,0.5290097388497396,0.5271186440677966,observed,0.5937104431053474,0.4062895568946526,0.23,-0.13121068853936246,-0.14121345931963908,0.8203354607771829,0.3372080579682881,0.9515461493165454,0.4784215172879272
leave_drug_out,MCF7,AT9283,JAK/STAT,1.0,4,mean_or_no_call,0.397054499045648,0.6649717514124294,observed,1.6194843244531607,-0.6194843244531607,0.35,0.0,0.040614661212262815,0.9685722682136162,0.3301376494471202,0.9685722682136162,0.2895229882348574
leave_drug_out,MCF7,AZ 960,JAK/STAT,1.0,0,mean_or_no_call,0.3792375892407735,0.6361581920903955,observed,1.6868642243475531,-0.6868642243475531,0.45,-0.0028565553582600156,0.05371932623193361,0.9817891363876148,0.1388624438735545,0.9846456917458748,0.0851431176416209
leave_drug_out,MCF7,AZD1480,JAK/STAT,1.0,3,DART_recommended,0.4608963954641406,0.6271186440677966,observed,1.645142909299877,-0.645142909299877,0.48,0.00015166906811947545,0.2122263659729145,0.9933646567919469,0.2122263659729145,0.9932129877238274,0.0
leave_drug_out,MCF7,AZD1480,JAK/STAT,1.0,4,DART_recommended,0.5588247457711358,0.6186440677966102,observed,1.6355493974960085,-0.6355493974960083,0.425,-0.0014052878885804088,0.0,0.9737699926167696,0.0,0.97517528050535,0.0
leave_drug_out,MCF7,Alendronate sodium trihydrate,Others,1.0,0,DART_recommended,0.6073614035252317,0.6864406779661016,observed,1.6746334319298193,-0.6746334319298193,0.46,-0.00044309674319276127,0.1564262420075854,0.9865128131983024,0.1564262420075854,0.9869559099414952,0.0
leave_drug_out,MCF7,Alendronate sodium trihydrate,Others,1.0,1,DART_recommended,0.5664332058356206,0.6790960451977401,observed,1.6440581215171068,-0.6440581215171068,0.495,-0.005737423506579464,0.0,0.9852680162008374,0.0,0.9910054397074168,0.0
leave_drug_out,MCF7,Alendronate sodium trihydrate,Others,1.0,2,DART_recommended,0.4782275840353548,0.635593220338983,observed,1.601792807404056,-0.6017928074040559,0.49,0.006964048371139175,0.0,0.9842803526660036,0.0,0.9773163042948644,0.0
leave_drug_out,MCF7,Alendronate sodium trihydrate,Others,1.0,3,DART_recommended,0.5139271128378148,0.7254237288135593,observed,1.6490403874862176,-0.6490403874862176,0.43,0.0,0.0,0.972945411412331,0.1480409554829326,0.972945411412331,0.1480409554829326
leave_drug_out,MCF7,Altretamine,DNA Damage,1.0,0,DART_recommended,0.4337347864032055,0.5988700564971752,observed,1.7647593392252103,-0.7647593392252103,0.475,0.0025520020951508293,0.13147032541923082,0.9901108780341572,0.2048342475185908,0.9875588759390064,0.07336392209936
leave_drug_out,MCF7,Altretamine,DNA Damage,1.0,2,DART_recommended,0.4061638481049086,0.6112994350282486,observed,1.7766616303109048,-0.7766616303109048,0.465,0.008438698171491787,0.11004588314904,0.9884587827792312,0.11004588314904,0.9800200846077394,0.0
leave_drug_out,MCF7,Amisulpride,Neuronal Signaling,1.0,3,DART_recommended,0.5198729706683867,0.5480225988700564,observed,1.705258317715333,-0.7052583177153333,0.415,0.0015106809462586135,0.0,0.9838562173874394,0.0,0.9823455364411808,0.0
leave_drug_out,MCF7,Andarine,Endocrinology & Hormones,1.0,1,DART_recommended,0.4755190845596682,0.5553672316384181,observed,1.7517697160246604,-0.7517697160246603,0.465,-0.0015606692014450418,0.1681275362711174,0.9895461393473276,0.1681275362711174,0.9911068085487726,0.0
leave_drug_out,MCF7,Aurora A Inhibitor I,Cell Cycle,1.0,1,DART_recommended,0.4806737905814147,0.5711864406779661,observed,1.664203935511817,-0.664203935511817,0.41,0.04243556024727757,-0.3967378179380472,0.9917693583276616,0.0,0.949333798080384,0.3967378179380472
leave_drug_out,MCF7,Azacitidine,DNMT1|DNMT3A,1.0,1,DART_recommended,0.5000176614097726,0.6807909604519774,observed,1.7045707187095198,-0.7045707187095197,0.47,0.004083162056441991,0.0,0.978804830473908,0.0,0.974721668417466,0.0
leave_drug_out,MCF7,Azacitidine,DNMT1|DNMT3A,1.0,4,DART_recommended,0.5051615102454627,0.6271186440677966,observed,1.7070277259276432,-0.7070277259276432,0.47,0.013970021627198959,0.0,0.97828064873461,0.0,0.964310627107411,0.0
leave_drug_out,MCF7,BMS-265246,Cell Cycle,1.0,2,DART_recommended,0.4357140475313345,0.4553672316384181,observed,1.515203329554852,-0.5152033295548519,0.425,-0.0012542183782967564,0.0,0.979008121064588,0.0,0.9802623394428848,0.0
leave_drug_out,MCF7,BMS-536924,Protein Tyrosine Kinase,1.0,3,DART_recommended,0.5208028554370835,0.611864406779661,observed,1.646161436154712,-0.6461614361547121,0.375,0.0042086120828546125,0.15162116385668728,0.9823180062583006,0.4252084336260237,0.978109394175446,0.2735872697693364
leave_drug_out,MCF7,BMS-754807,Protein Tyrosine Kinase,1.0,0,DART_recommended,0.4263654389180236,0.4977401129943503,observed,1.4790631856971537,-0.4790631856971536,0.45,-0.0028195133816165674,0.0999205984213446,0.988419957861826,0.1635413866202963,0.9912394712434426,0.0636207881989517
leave_drug_out,MCF7,BMS-754807,Protein Tyrosine Kinase,1.0,3,DART_recommended,0.4179861786009408,0.503954802259887,observed,1.4720641051894985,-0.4720641051894985,0.375,0.0,-0.09488625154202929,0.9790260604447936,0.0636207881989517,0.9790260604447936,0.158507039740981
leave_drug_out,MCF7,BMS-911543,JAK/STAT,1.0,4,DART_recommended,0.4280925443079408,0.5768361581920904,observed,1.792751434986439,-0.7927514349864391,0.34,0.005356825252452735,-0.3976722328631674,0.9863404295813784,0.0694312219367772,0.9809836043289256,0.4671034547999446
leave_drug_out,MCF7,Barasertib (AZD1152-HQPA),Cell Cycle,1.0,2,DART_recommended,0.4573215775507621,0.5423728813559322,observed,1.5648973513995217,-0.5648973513995217,0.39,0.003124002661121672,-0.38701358898312643,0.9856200415972248,0.3596910069063418,0.9824960389361032,0.7467045958894682
leave_drug_out,MCF7,Barasertib (AZD1152-HQPA),Cell Cycle,1.0,3,mean_or_no_call,0.3948300945619323,0.5418079096045197,observed,1.580718304825991,-0.580718304825991,0.385,-0.0006177299728091779,-0.04189502117392091,0.9815171726607452,0.4252084336260237,0.9821349026335544,0.4671034547999446
leave_drug_out,MCF7,"Baricitinib (LY3009104, INCB028050)",Epigenetics,1.0,0,mean_or_no_call,0.3546582785492758,0.5627118644067797,observed,1.7744679116791775,-0.7744679116791777,0.48,0.0005468359480159668,-0.06625422345438899,0.9921719707566912,0.07336392209936,0.9916251348086752,0.139618145553749
leave_drug_out,MCF7,Bisindolylmaleimide IX (Ro 31-8220 Mesylate),TGF-beta/Smad,1.0,2,DART_recommended,0.4970489424170539,0.6531073446327683,observed,1.6771891665663223,-0.6771891665663223,0.44,-0.006257076840440634,0.0,0.9714344108708826,0.0,0.9776914877113232,0.0
leave_drug_out,MCF7,Bisindolylmaleimide IX (Ro 31-8220 Mesylate),TGF-beta/Smad,1.0,4,DART_recommended,0.5821801872970557,0.6542372881355932,observed,1.3980722740505915,-0.3980722740505916,0.26,-0.032149322723617035,0.0,0.9309820277656128,0.0,0.9631313504892298,0.0
leave_drug_out,MCF7,Busulfan,DNA Damage,1.0,2,DART_recommended,0.4248720592200571,0.5768361581920904,observed,1.6936216905397117,-0.6936216905397113,0.275,0.0,0.0,0.9794702000888992,0.0,0.9794702000888992,0.0
leave_drug_out,MCF7,Busulfan,DNA Damage,1.0,3,DART_recommended,0.4634210305304406,0.6220338983050847,observed,1.7813168615820434,-0.7813168615820434,0.39,0.002247996927288387,0.07336392209936,0.988111333199642,0.07336392209936,0.9858633362723536,0.0
leave_drug_out,MCF7,CEP-33779,JAK/STAT,1.0,4,mean_or_no_call,0.3989557206602397,0.6242937853107344,observed,1.6848661521497623,-0.6848661521497625,0.45,-0.0004929201914770642,0.334070349609703,0.9781682922359504,0.4035015715464802,0.9786612124274274,0.0694312219367772
leave_drug_out,MCF7,CUDC-101,Epigenetics,1.0,1,DART_recommended,0.613795257557328,0.7282485875706215,observed,1.5121730967941889,-0.5121730967941888,0.475,-0.01317590767777943,-0.4985723557253838,0.9628741491163896,0.0,0.976050056794169,0.4985723557253838
leave_drug_out,MCF7,CYC116,Cell Cycle,1.0,1,DART_recommended,0.4849994198235148,0.6022598870056497,observed,1.6744651065251692,-0.6744651065251692,0.475,-0.00018199437073163072,-0.3348071463444101,0.9907549160039903,0.0,0.990936910374722,0.3348071463444101
leave_drug_out,MCF7,CYC116,Cell Cycle,1.0,2,DART_recommended,0.4978991069041319,0.6672316384180791,observed,1.604763194643826,-0.604763194643826,0.5,-0.0024565503075769657,-0.5679056904896826,0.9849206289952734,0.0851431176416209,0.9873771793028504,0.6530488081313035
leave_drug_out,MCF7,Carmofur,DNA Damage,1.0,0,DART_recommended,0.7154071389044259,0.6022598870056497,observed,1.7023301984905266,-0.7023301984905266,0.47,0.002282928022929842,-0.036681961049679995,0.9933751990206522,0.07336392209936,0.9910922709977223,0.11004588314904
leave_drug_out,MCF7,Carmofur,DNA Damage,1.0,1,mean_or_no_call,0.3869047503087145,0.5937853107344633,observed,1.7699634650334304,-0.7699634650334304,0.355,0.0068992673896688395,-0.2240055615151755,0.9861915043621332,0.0,0.9792922369724644,0.2240055615151755
leave_drug_out,MCF7,Celecoxib,Neuronal Signaling,1.0,1,DART_recommended,0.4229700223547459,0.4937853107344633,observed,1.7029773558233283,-0.7029773558233283,0.435,0.0025486052576275675,0.370291336443826,0.9918974231076696,0.370291336443826,0.989348817850042,0.0
leave_drug_out,MCF7,Celecoxib,Neuronal Signaling,1.0,3,DART_recommended,0.4604262939637858,0.5847457627118644,observed,1.771828217259285,-0.7718282172592849,0.475,0.0029124562144180466,0.1356519734324477,0.9848695651821696,0.1356519734324477,0.9819571089677516,0.0
leave_drug_out,MCF7,"Cerdulatinib (PRT062070, PRT2070)",JAK/STAT,1.0,2,DART_recommended,0.532987779985274,0.5988700564971752,observed,1.7555538254890977,-0.7555538254890977,0.48,0.0020053913209028273,0.04139074807077309,0.9893963905221026,0.2496640287027891,0.9873909992011998,0.208273280632016
leave_drug_out,MCF7,Cimetidine,Neuronal Signaling,1.0,2,DART_recommended,0.5155510807135729,0.5474576271186441,observed,1.7315296193554008,-0.7315296193554008,0.445,0.009060984701675379,0.0,0.987074795102469,0.0,0.9780138104007936,0.0
leave_drug_out,MCF7,Cimetidine,Neuronal Signaling,1.0,4,DART_recommended,0.4402592811717254,0.511864406779661,observed,1.7304450577654156,-0.7304450577654155,0.46,-0.0018249809438644071,0.1671604549662022,0.9880609533870918,0.1671604549662022,0.9898859343309562,0.0
leave_drug_out,MCF7,Clevudine,DNA Damage,1.0,0,DART_recommended,0.4371249090484619,0.5745762711864406,observed,1.6935313286603737,-0.6935313286603735,0.425,-0.005206654255793253,0.11004588314904,0.9846673225553207,0.11004588314904,0.989873976811114,0.0
leave_drug_out,MCF7,Costunolide,DNA Damage,1.0,0,DART_recommended,0.6575869618517238,0.6129943502824858,observed,1.7974408135658495,-0.7974408135658496,0.475,-0.005480660913930957,0.2578753740644926,0.9864772791112012,0.2578753740644926,0.9919579400251322,0.0
leave_drug_out,MCF7,Curcumin,Epigenetics,1.0,1,DART_recommended,0.4514422185758717,0.6480225988700565,observed,1.829107087260939,-0.8291070872609388,0.385,-9.729152723159107e-05,0.0783982689786753,0.976342622861478,0.0783982689786753,0.9764399143887096,0.0
leave_drug_out,MCF7,Dacinostat (LAQ824),Epigenetics,1.0,2,mean_sufficient,0.6512988507601519,0.3011299435028248,observed,0.4494925028522276,0.5505074971477724,0.47,0.0,0.00942142396725243,0.8820728553777122,0.5517854393872873,0.8820728553777122,0.5423640154200349
leave_drug_out,MCF7,Dacinostat (LAQ824),Epigenetics,1.0,3,mean_sufficient,0.6475709778194259,0.3248587570621469,observed,0.4880266683116985,0.5119733316883015,0.495,0.0,-0.053719326231933706,0.985312716519636,0.4694544702460291,0.985312716519636,0.5231737964779628
leave_drug_out,MCF7,Danusertib (PHA-739358),Cell Cycle,1.0,2,DART_recommended,0.4861695532123278,0.7308561832766374,observed,1.5510960908926386,-0.5510960908926386,0.435,-0.004398421448284395,-0.07384396009912586,0.9762391868426736,0.5321408435198608,0.980637608290958,0.6059848036189867
leave_drug_out,MCF7,Danusertib (PHA-739358),Cell Cycle,1.0,3,DART_recommended,0.6357778911429381,0.6779661016949152,observed,1.6053912440979303,-0.6053912440979302,0.395,0.0,-0.2926606965934428,0.979179033533035,0.4035015715464802,0.979179033533035,0.696162268139923
leave_drug_out,MCF7,Daphnetin,DNA Damage,1.0,1,DART_recommended,0.6058795021206002,0.655367231638418,observed,1.7865839739829932,-0.7865839739829931,0.43,-1.3418655687380543e-05,0.1953924383730227,0.9723493741362156,0.4193979998881982,0.972362792791903,0.2240055615151755
leave_drug_out,MCF7,Decitabine,Epigenetics,1.0,0,DART_recommended,0.4920353719057779,0.6926553672316385,observed,1.6997922063465942,-0.6997922063465942,0.42,-0.002023606806498046,-0.037136337975034406,0.9758375131035344,0.1427951440361373,0.9778611199100324,0.1799314820111717
leave_drug_out,MCF7,Decitabine,Epigenetics,1.0,3,DART_recommended,0.5086492991648732,0.6887005649717515,observed,1.6839936577232164,-0.6839936577232164,0.3,0.0018571484548766115,-0.0788783069784411,0.9694061118245278,0.0947883643695507,0.9675489633696512,0.1736666713479918
leave_drug_out,MCF7,Divalproex Sodium,Ubiquitin,1.0,1,DART_recommended,0.4996072194154886,0.5870056497175141,observed,1.795157136966578,-0.795157136966578,0.45,0.005793121480577201,0.3868528072345416,0.9897299292154008,0.3868528072345416,0.9839368077348236,0.0
leave_drug_out,MCF7,Divalproex Sodium,Ubiquitin,1.0,4,DART_recommended,0.4804073626618569,0.5694915254237288,observed,1.8203165487487645,-0.8203165487487643,0.455,-0.0031335609400298114,0.0,0.9872767728749732,0.0,0.990410333815003,0.0
leave_drug_out,MCF7,Droxinostat,Cytoskeletal Signaling,1.0,3,DART_recommended,0.5237575245608321,0.5977401129943503,observed,1.7977547686510529,-0.797754768651053,0.475,0.005781871874612432,0.0,0.9810828242345776,0.0,0.9753009523599652,0.0
leave_drug_out,MCF7,ENMD-2076,Angiogenesis,1.0,4,mean_or_no_call,0.3457491244643745,0.5926553672316384,observed,1.6196718553473946,-0.6196718553473946,0.38,0.008179982756387205,-0.2200917662980801,0.9822365785632524,0.0,0.9740565958068652,0.2200917662980801
leave_drug_out,MCF7,Entacapone,Epigenetics,1.0,2,DART_recommended,0.4892507201807516,0.5903954802259888,observed,1.823458279355607,-0.8234582793556069,0.49,-0.0025390792005964835,0.1427951440361373,0.9889289603864572,0.1427951440361373,0.9914680395870537,0.0
leave_drug_out,MCF7,Epothilone A,Cytoskeletal Signaling,1.0,3,DART_recommended,0.7107109867131703,0.5548022598870056,observed,1.2548043503454276,-0.2548043503454276,0.405,0.016746198566461423,-0.008987432220213809,0.9449265405598786,0.1298750116533407,0.9281803419934171,0.1388624438735545
leave_drug_out,MCF7,Epothilone A,Cytoskeletal Signaling,1.0,4,DART_recommended,0.6532008712611299,0.6824858757062147,observed,1.36632263503117,-0.3663226350311698,0.32,-0.01647026045835398,-0.2200917662980801,0.9454308999519264,0.0,0.9619011604102804,0.2200917662980801
leave_drug_out,MCF7,FLLL32,JAK/STAT,1.0,1,DART_recommended,0.4837426866404286,0.7045197740112994,observed,1.303862741800463,-0.3038627418004628,0.365,-0.042640800637571585,0.09526840236931641,0.911578848869946,0.2837125544970318,0.9542196495075176,0.1884441521277154
leave_drug_out,MCF7,Fasudil (HA-1077) HCl,Cell Cycle,1.0,0,DART_recommended,0.4742413888746414,0.607909604519774,observed,1.7427152952132765,-0.7427152952132763,0.47,0.004296972426940271,-0.08550796762364629,0.9923362599802624,0.066254223454389,0.9880392875533222,0.1517621910780353
leave_drug_out,MCF7,"Fedratinib (SAR302503, TG101348)",JAK/STAT,1.0,2,DART_recommended,0.6473920580026977,0.7248587570621469,observed,1.400730708559327,-0.4007307085593271,0.475,-0.04470597794721076,0.09982271124886602,0.937788710629354,0.2832325164972661,0.9824946885765647,0.1834098052484001
leave_drug_out,MCF7,"Fedratinib (SAR302503, TG101348)",JAK/STAT,1.0,3,DART_recommended,0.7273953205977784,0.752542372881356,observed,1.4464051081394866,-0.4464051081394866,0.48,0.0,0.0,0.9874453740828484,0.2200917662980801,0.9874453740828484,0.2200917662980801
leave_drug_out,MCF7,Filgotinib (GLPG0634),JAK/STAT,1.0,1,DART_recommended,0.4909591249248722,0.6163841807909605,observed,1.7680776829588234,-0.7680776829588234,0.465,0.005864339578591338,0.05858644131963639,0.9815176371775918,0.1369847102983117,0.9756532975990004,0.0783982689786753
leave_drug_out,MCF7,Filgotinib (GLPG0634),JAK/STAT,1.0,2,DART_recommended,0.4905860882316183,0.592090395480226,observed,1.7544261248772757,-0.7544261248772755,0.485,-5.159130126786149e-05,0.0,0.9826414316886664,0.0,0.9826930229899342,0.0
leave_drug_out,MCF7,Flavopiridol HCl,Cell Cycle,1.0,4,DART_recommended,0.5330961804121905,0.6333333333333333,observed,1.0407871151551564,-0.0407871151551563,0.415,0.06370521223332004,0.1826541035682056,0.9898841884314876,0.2489083270225946,0.9261789761981676,0.066254223454389
leave_drug_out,MCF7,"Fluorouracil (5-Fluoracil, 5-FU)",TYMS,1.0,2,DART_recommended,0.485574475742018,0.6163841807909605,observed,1.772045771648708,-0.7720457716487079,0.475,-0.0006207407448024505,0.0,0.9883619211638748,0.0,0.9889826619086772,0.0
leave_drug_out,MCF7,"Fluorouracil (5-Fluoracil, 5-FU)",TYMS,1.0,3,DART_recommended,0.4278154594800643,0.5790960451977402,observed,1.7581030054681726,-0.7581030054681726,0.355,0.0004743681980335923,0.0,0.9831333707148524,0.0,0.9826590025168188,0.0
leave_drug_out,MCF7,G007-LK,DNA Damage,1.0,1,DART_recommended,0.4849558053383496,0.6192090395480226,observed,1.7805994895977395,-0.7805994895977395,0.435,0.010778285830330803,0.1584091525685025,0.9773623520648888,0.1584091525685025,0.966584066234558,0.0
leave_drug_out,MCF7,G007-LK,DNA Damage,1.0,3,DART_recommended,0.4917500311352581,0.6412429378531074,observed,1.7494233268035335,-0.7494233268035339,0.455,0.012241235847411991,0.5388856921828065,0.9818719131488138,0.5388856921828065,0.9696306773014018,0.0
leave_drug_out,MCF7,G007-LK,DNA Damage,1.0,4,DART_recommended,0.5753663168407102,0.5649717514124294,observed,1.7767384189750777,-0.7767384189750776,0.39,0.0032309261934168054,0.07336392209936,0.9843878912528276,0.07336392209936,0.9811569650594107,0.0
leave_drug_out,MCF7,GSK J1,Epigenetics,1.0,2,mean_or_no_call,0.3954972217101833,0.6485875706214689,observed,1.7902369710223889,-0.7902369710223887,0.45,0.006673844804531592,-0.0667977866813399,0.9937975171359464,0.066254223454389,0.9871236723314148,0.1330520101357289
leave_drug_out,MCF7,GSK-LSD1 2HCl,Epigenetics,1.0,1,DART_recommended,0.4969602907030276,0.5661016949152542,observed,1.6793438588168637,-0.6793438588168635,0.385,-0.0026846246486443848,0.0440740795040038,0.979482637403366,0.2082936658103318,0.9821672620520104,0.164219586306328
leave_drug_out,MCF7,GSK-LSD1 2HCl,Epigenetics,1.0,3,DART_recommended,0.5101436854500006,0.6446327683615819,observed,1.6603533447893508,-0.6603533447893508,0.425,0.026562517756986592,0.01571189570484377,0.9779982431240648,0.2685529228900211,0.9514357253670782,0.2528410271851773
leave_drug_out,MCF7,GSK1070916,Cell Cycle,1.0,0,DART_recommended,0.4278149368302286,0.6446327683615819,observed,1.39293111518324,-0.39293111518324,0.445,0.0,-0.037981225956825515,0.9820256476053372,0.6581810421830975,0.9820256476053372,0.696162268139923
leave_drug_out,MCF7,GSK1070916,Cell Cycle,1.0,3,DART_recommended,0.6163169966803543,0.6757062146892655,observed,1.4787144451547805,-0.4787144451547804,0.48,-0.0010715612754224058,-0.18528753882364307,0.9846023216041198,0.4354747455750672,0.9856738828795422,0.6207622843987103
leave_drug_out,MCF7,GSK1070916,Cell Cycle,1.0,4,DART_recommended,0.4654036616630229,0.652542372881356,observed,1.5046159727803188,-0.5046159727803189,0.38,0.0011366227103322135,-0.387111476155605,0.976263945447654,0.2336508082431053,0.9751273227373218,0.6207622843987103
leave_drug_out,MCF7,Givinostat (ITF2357),Cytoskeletal Signaling,1.0,0,DART_recommended,0.5517767183661708,0.676271186440678,observed,0.9671087070748794,0.0328912929251206,0.275,0.0,0.09225281628659199,0.8773226319677391,0.4569970750177365,0.8773226319677391,0.3647442587311445
leave_drug_out,MCF7,Givinostat (ITF2357),Cytoskeletal Signaling,1.0,1,DART_recommended,0.4679518842626238,0.6779661016949152,observed,0.9569154446600128,0.0430845553399873,0.265,-0.002199232371510984,-0.06220579177821284,0.8592326003647912,0.3693362536342716,0.8614318327363022,0.4315420454124844
leave_drug_out,MCF7,Hesperadin,Cell Cycle,1.0,0,DART_recommended,0.6051455899593141,0.651412429378531,observed,1.361088916203919,-0.361088916203919,0.485,0.005179506394547229,0.0249027655074191,0.979558354781782,0.2200917662980801,0.9743788483872348,0.195189000790661
leave_drug_out,MCF7,Hesperadin,Cell Cycle,1.0,1,DART_recommended,0.7069131125695554,0.7163841807909604,observed,1.3852851600653593,-0.3852851600653593,0.46,0.0012615337619078515,-0.14437682875263547,0.9891654560027446,0.2781981696179509,0.9879039222408368,0.4225749983705864
leave_drug_out,MCF7,INO-1001 (3-Aminobenzamide),DNA Damage,1.0,4,DART_recommended,0.4795737638884006,0.5994350282485876,observed,1.7839549997283783,-0.7839549997283783,0.445,0.0032755032529158123,0.05072104099447092,0.9886039395582368,0.2024832320725062,0.985328436305321,0.1517621910780353
leave_drug_out,MCF7,Ivosidenib (AG-120),Metabolism,1.0,4,DART_recommended,0.5787548782623875,0.651412429378531,observed,1.769388964255726,-0.7693889642557259,0.445,-0.0040457859508632454,0.0,0.9731199716447188,0.0,0.977165757595582,0.0
leave_drug_out,MCF7,JNJ-7706621,Cell Cycle,1.0,3,DART_recommended,0.420714807996031,0.6056497175141243,observed,1.7338464289256597,-0.7338464289256595,0.46,-0.0048219262564186405,-0.3148801306676309,0.9755573395663444,0.0,0.980379265822763,0.3148801306676309
leave_drug_out,MCF7,KW-2449,Angiogenesis,1.0,0,DART_recommended,0.5680502281950007,0.6785310734463277,observed,1.7225427583160775,-0.7225427583160775,0.43,0.0011676259204334016,-0.3057842665586007,0.9885909157112402,0.0851431176416209,0.9874232897908068,0.3909273842002216
leave_drug_out,MCF7,Ki16425,GPCR & G Protein,1.0,0,DART_recommended,0.4614683765767229,0.5768361581920904,observed,1.7486038167037226,-0.7486038167037226,0.455,0.001549774649130753,0.0,0.9902056798508364,0.0,0.9886559052017057,0.0
leave_drug_out,MCF7,Ki16425,GPCR & G Protein,1.0,3,DART_recommended,0.4010020236191421,0.6028248587570622,observed,1.793468489121082,-0.7934684891210821,0.36,0.010693369992807011,0.0,0.9870728594459802,0.0,0.9763794894531732,0.0
leave_drug_out,MCF7,Ki8751,Protein Tyrosine Kinase,1.0,1,DART_recommended,0.4447643079941751,0.5389830508474576,observed,1.7374497976998753,-0.7374497976998753,0.425,-0.005935341247569448,0.1736666713479918,0.9784321982598988,0.1736666713479918,0.9843675395074682,0.0
leave_drug_out,MCF7,Ki8751,Protein Tyrosine Kinase,1.0,4,DART_recommended,0.4519660346626335,0.6180790960451977,observed,1.772056760322888,-0.7720567603228881,0.47,-0.00011043633920004847,0.0,0.9784800622925736,0.0783982689786753,0.9785904986317736,0.0783982689786753
leave_drug_out,MCF7,Lapatinib (GW-572016) Ditosylate,Protein Tyrosine Kinase,1.0,1,DART_recommended,0.423604727816695,0.6457627118644067,observed,1.7134504388361615,-0.7134504388361615,0.485,0.001734817107830744,-0.5142842514302275,0.9900728154857528,0.0,0.988337998377922,0.5142842514302275
leave_drug_out,MCF7,Lapatinib (GW-572016) Ditosylate,Protein Tyrosine Kinase,1.0,2,DART_recommended,0.6057994137326628,0.6073446327683616,observed,1.735915473520822,-0.735915473520822,0.425,0.0014883856065777135,-0.3746661058764784,0.9866026187777314,0.0,0.9851142331711537,0.3746661058764784
leave_drug_out,MCF7,Lenalidomide (CC-5013),Apoptosis,1.0,0,DART_recommended,0.5439051962195318,0.6248587570621469,observed,1.7747306848897275,-0.7747306848897275,0.425,0.0023745200634894825,-0.025257047143212197,0.983906621455723,0.1208113026994942,0.9815321013922336,0.1460683498427064
leave_drug_out,MCF7,Lenalidomide (CC-5013),Apoptosis,1.0,1,mean_or_no_call,0.3820699433916235,0.5836158192090395,observed,1.7749320029333655,-0.7749320029333657,0.47,0.004981749365963073,0.0,0.9919873351015986,0.0,0.9870055857356356,0.0
leave_drug_out,MCF7,Linifanib (ABT-869),Protein Tyrosine Kinase,1.0,2,DART_recommended,0.4228890788881366,0.6757062146892655,observed,1.6691372914231914,-0.6691372914231916,0.445,-0.008771089024061651,0.1388624438735545,0.9632674772783744,0.1388624438735545,0.972038566302436,0.0
leave_drug_out,MCF7,Linifanib (ABT-869),Protein Tyrosine Kinase,1.0,4,DART_recommended,0.4885904911360569,0.6389830508474577,observed,1.596725514325536,-0.5967255143255359,0.395,-0.009916816519934257,0.1610425878239398,0.9582968985730316,0.1610425878239398,0.9682137150929658,0.0
leave_drug_out,MCF7,Lomustine,DNA Damage,1.0,0,DART_recommended,0.4662175581430171,0.6005649717514124,observed,1.8207079130282224,-0.8207079130282225,0.45,-0.0029503633564054166,-0.07524165567460281,0.9893937636217648,0.1584091525685025,0.9923441269781702,0.2336508082431053
leave_drug_out,MCF7,Lomustine,DNA Damage,1.0,2,DART_recommended,0.5280884320351177,0.5734463276836158,observed,1.7593505012734951,-0.7593505012734951,0.395,-0.0002477491940140464,0.3030820301798826,0.9779329765005548,0.3030820301798826,0.9781807256945688,0.0
leave_drug_out,MCF7,Lomustine,DNA Damage,1.0,4,mean_or_no_call,0.3856463964185457,0.6350282485875707,observed,1.8272604760503777,-0.8272604760503777,0.42,-0.003911375649374382,0.194452204055954,0.9715858207035648,0.3301376494471202,0.9754971963529392,0.1356854453911662
leave_drug_out,MCF7,M344,Cytoskeletal Signaling,1.0,0,DART_recommended,0.7386823832146481,0.6875706214689266,observed,1.0262074061535154,-0.0262074061535153,0.235,-0.09735661160296172,-0.3746661058764785,0.8580583044900503,0.164219586306328,0.955414916093012,0.5388856921828065
leave_drug_out,MCF7,MC1568,Cytoskeletal Signaling,1.0,0,DART_recommended,0.5713473169299459,0.6056497175141243,observed,1.7946555481096955,-0.7946555481096954,0.415,0.0703617424112184,-0.11004588314904,0.9888821741135556,0.0,0.9185204317023372,0.11004588314904
leave_drug_out,MCF7,MK-0752,Proteases,1.0,0,DART_recommended,0.4526206121858447,0.6536723163841808,observed,1.755197020909393,-0.755197020909393,0.42,0.010779038587176992,0.0,0.981511749842753,0.0,0.970732711255576,0.0
leave_drug_out,MCF7,MK-5108 (VX-689),Cell Cycle,1.0,3,DART_recommended,0.4933406149453968,0.6141242937853107,observed,1.667055746656291,-0.667055746656291,0.435,0.0014285811298345719,-0.5033242827953464,0.98305350090266,0.2973694836145356,0.9816249197728254,0.800693766409882
leave_drug_out,MCF7,MK-5108 (VX-689),Cell Cycle,1.0,4,DART_recommended,0.7004105532048941,0.6350282485875707,observed,1.7097352108006376,-0.7097352108006376,0.36,-0.0068360698691508626,-0.42285066205101546,0.9726821971083356,0.4283854321084119,0.9795182669774865,0.8512360941594274
leave_drug_out,MCF7,Meprednisone,Endocrinology & Hormones,1.0,0,DART_recommended,0.4319005023617449,0.6570621468926554,observed,1.8064055795121372,-0.8064055795121374,0.485,-0.003158121186497609,0.3903800499921017,0.977480952743912,0.3903800499921017,0.9806390739304096,0.0
leave_drug_out,MCF7,Meprednisone,Endocrinology & Hormones,1.0,3,DART_recommended,0.4918479686490707,0.5932203389830508,observed,1.7588869920801748,-0.7588869920801747,0.415,-0.007784944992535792,0.0,0.9718905485712546,0.0,0.9796754935637904,0.0
leave_drug_out,MCF7,Mercaptopurine (6-MP),PPAT,1.0,0,DART_recommended,0.4516514367903658,0.6203389830508474,observed,1.677542690628747,-0.6775426906287468,0.405,0.0045792051279419654,0.0,0.9773236849845623,0.0,0.9727444798566204,0.0
leave_drug_out,MCF7,Mercaptopurine (6-MP),PPAT,1.0,4,DART_recommended,0.5606893421595833,0.5536723163841808,observed,1.6288529984399154,-0.6288529984399153,0.425,0.002224259669475259,0.0,0.9903749987156104,0.0,0.9881507390461352,0.0
leave_drug_out,MCF7,Mocetinostat (MGCD0103),Epigenetics,1.0,1,DART_recommended,0.6223981347768528,0.5570621468926553,observed,0.657586182146645,0.342413817853355,0.32,-0.09093603073727041,-0.2684550357175426,0.8422597114152752,0.1478294909154526,0.9331957421525456,0.4162845266329952
leave_drug_out,MCF7,Motesanib Diphosphate (AMG-706),Protein Tyrosine Kinase,1.0,4,DART_recommended,0.5645480356188998,0.6180790960451977,observed,1.7116932347454172,-0.7116932347454172,0.44,0.0037872937565436304,0.1330520101357289,0.9840649365387384,0.1330520101357289,0.9802776427821948,0.0
leave_drug_out,MCF7,NVP-BSK805 2HCl,JAK/STAT,1.0,4,DART_recommended,0.6478669515071468,0.6203389830508474,observed,1.677723668436946,-0.6777236684369461,0.48,0.007416061730722623,0.0636207881989518,0.9863418833135906,0.1487639058405727,0.978925821582868,0.0851431176416209
leave_drug_out,MCF7,Navitoclax (ABT-263),Apoptosis,1.0,2,DART_recommended,0.4246938710636507,0.6310734463276836,observed,1.722481936238781,-0.7224819362387813,0.395,-0.0018764670334195932,0.1460683498427064,0.9742435084730704,0.1460683498427064,0.97611997550649,0.0
leave_drug_out,MCF7,Nilotinib (AMN-107),Angiogenesis,1.0,4,DART_recommended,0.4469656423062076,0.5220338983050847,observed,1.7252411884409575,-0.7252411884409575,0.365,0.0023422426851302802,-0.0947883643695507,0.9866341419708122,0.0,0.984291899285682,0.0947883643695507
leave_drug_out,MCF7,Obatoclax Mesylate (GX15-070),Apoptosis,1.0,2,DART_recommended,0.5891888499787347,0.7305084745762712,observed,1.574353243319489,-0.574353243319489,0.5,0.0,-0.1069931323672637,0.9907828209918316,0.0,0.9907828209918316,0.1069931323672637
leave_drug_out,MCF7,Ofloxacin,DNA Damage,1.0,0,DART_recommended,0.4948784615847426,0.596045197740113,observed,1.723377328097124,-0.7233773280971239,0.49,0.004260139829361909,0.25284102718517737,0.9900825131015784,0.3917034710587319,0.9858223732722164,0.1388624438735545
leave_drug_out,MCF7,Ofloxacin,DNA Damage,1.0,1,DART_recommended,0.5045132675189107,0.607909604519774,observed,1.7199779755881424,-0.7199779755881424,0.49,0.0019602564429276326,-0.00581043373782561,0.9697498494275036,0.1330520101357289,0.967789592984576,0.1388624438735545
leave_drug_out,MCF7,Ofloxacin,DNA Damage,1.0,3,DART_recommended,0.5840130935105164,0.6231638418079096,observed,1.7437746492035109,-0.7437746492035109,0.465,0.005659372174579569,0.012534897222455488,0.9874744865670732,0.15139734109601,0.9818151143924936,0.1388624438735545
leave_drug_out,MCF7,Ofloxacin,DNA Damage,1.0,4,DART_recommended,0.4461371468048317,0.6073446327683616,observed,1.753997683171408,-0.7539976831714081,0.49,0.0028024838564841836,-0.028534140915161696,0.9793052442952026,0.066254223454389,0.9765027604387184,0.0947883643695507
leave_drug_out,MCF7,PD173074,Angiogenesis,1.0,2,DART_recommended,0.4424184192767579,0.6107344632768361,observed,1.806332550499468,-0.8063325504994676,0.46,0.004632504889023337,-0.036681961049679995,0.978703603804213,0.07336392209936,0.9740710989151896,0.11004588314904
leave_drug_out,MCF7,PD173074,Angiogenesis,1.0,3,DART_recommended,0.4483832941933925,0.6067796610169491,observed,1.8166801595818955,-0.8166801595818957,0.425,0.0007151238476159616,-0.0947883643695507,0.9844630438234856,0.0,0.9837479199758696,0.0947883643695507
leave_drug_out,MCF7,PD98059,MAPK,1.0,2,DART_recommended,0.5432249429014917,0.5728813559322034,observed,1.813258727420478,-0.8132587274204778,0.46,-0.0010634434980260066,0.0,0.9870109070414116,0.0,0.9880743505394376,0.0
leave_drug_out,MCF7,PF-3845,Metabolism,1.0,2,DART_recommended,0.5840398156016204,0.5305084745762711,observed,1.7111609533260927,-0.7111609533260926,0.425,-0.002828107379170053,0.1951900249960508,0.9764903304218984,0.1951900249960508,0.9793184378010684,0.0
leave_drug_out,MCF7,PF-573228,Angiogenesis,1.0,0,DART_recommended,0.4525365848795818,0.6225988700564972,observed,1.781776932853303,-0.7817769328533031,0.48,0.00782511450718315,-0.0694312219367772,0.9839874616955552,0.0,0.976162347188372,0.0694312219367772
leave_drug_out,MCF7,PF-573228,Angiogenesis,1.0,3,DART_recommended,0.51934545256805,0.5525423728813559,observed,1.7362000374111033,-0.7362000374111032,0.36,0.0024641235228251013,-0.0188888941872319,0.985809279996613,0.066254223454389,0.983345156473788,0.0851431176416209
leave_drug_out,MCF7,PFI-1 (PF-6405761),Epigenetics,1.0,3,DART_recommended,0.6446591328820094,0.6983050847457627,observed,1.5888332423758993,-0.5888332423758993,0.43,0.03652434595678966,-0.1564709780991284,0.9946709156518369,0.0636207881989517,0.9581465696950472,0.2200917662980801
leave_drug_out,MCF7,PHA-680632,Cell Cycle,1.0,3,mean_or_no_call,0.3843395051555186,0.572316384180791,observed,1.6160253470157724,-0.6160253470157724,0.39,0.007861193442303405,-0.2874476364692017,0.9782255106255572,0.2200917662980801,0.9703643171832538,0.5075394027672818
leave_drug_out,MCF7,Panobinostat (LBH589),Epigenetics,1.0,3,mean_sufficient,0.4921106753455431,0.2785310734463277,observed,0.5253367643155826,0.4746632356844174,0.275,0.07051128221886649,-0.03274926088709729,0.906506321479864,0.4779671403625728,0.8359950392609975,0.5107164012496701
leave_drug_out,MCF7,"Patupilone (EPO906, Epothilone B)",Cytoskeletal Signaling,1.0,2,DART_recommended,0.5864643913069563,0.4621468926553672,observed,0.5395053511273596,0.4604946488726403,0.015,-0.0077302378864491095,-0.09021675464473941,0.7483546646545434,0.1298750116533407,0.7560849025409925,0.2200917662980801
leave_drug_out,MCF7,Pelitinib (EKB-569),Protein Tyrosine Kinase,1.0,2,DART_recommended,0.7045053613971428,0.6276836158192091,observed,1.5492448140718125,-0.5492448140718125,0.49,0.0024495834888366153,0.22656001454362185,0.991900554407231,0.5983950669742499,0.9894509709183944,0.3718350524306281
leave_drug_out,MCF7,Pirarubicin,DNA Damage,1.0,0,mean_or_no_call,0.3604404721140896,0.611864406779661,observed,1.594604750467953,-0.5946047504679531,0.395,0.0009650104834937334,0.2180164145324244,0.9782378105063694,0.2180164145324244,0.9772728000228756,0.0
leave_drug_out,MCF7,Pracinostat (SB939),Cytoskeletal Signaling,1.0,1,DART_recommended,0.6126011042764405,0.5344632768361582,observed,0.6878221634422914,0.3121778365577086,0.305,-0.01879336678293375,-0.056326556917106585,0.8850021660119225,0.3819603371583235,0.9037955327948562,0.4382868940754301
leave_drug_out,MCF7,Prednisone,Endocrinology & Hormones,1.0,0,mean_or_no_call,0.3890138768086558,0.6491525423728813,observed,1.7489605969922415,-0.7489605969922415,0.475,0.0006530522864222066,0.1390561795107756,0.98615837768558,0.1390561795107756,0.9855053253991578,0.0
leave_drug_out,MCF7,Prednisone,Endocrinology & Hormones,1.0,1,mean_or_no_call,0.3866450133200995,0.6016949152542372,observed,1.7429837099614398,-0.7429837099614398,0.48,0.01089402765749825,0.3591475300896652,0.9915416146330198,0.3591475300896652,0.9806475869755216,0.0
leave_drug_out,MCF7,Quercetin,Epigenetics,1.0,0,mean_or_no_call,0.3789747500848932,0.5661016949152542,observed,1.771891662121258,-0.7718916621212579,0.49,0.009305310422906388,0.0947883643695508,0.9908187971896444,0.1681522864689108,0.981513486766738,0.07336392209936
leave_drug_out,MCF7,Quercetin,Epigenetics,1.0,2,DART_recommended,0.4006641905348653,0.6638418079096045,observed,1.7601998823683762,-0.7601998823683762,0.435,-0.006212945799862091,0.0851431176416209,0.9741361557135028,0.0851431176416209,0.9803491015133649,0.0
leave_drug_out,MCF7,Quercetin,Epigenetics,1.0,3,DART_recommended,0.4877669383518624,0.6412429378531074,observed,1.7812701416510786,-0.7812701416510786,0.425,0.06792700981262578,0.3316936730892071,0.990023901132412,0.3316936730892071,0.9220968913197862,0.0
leave_drug_out,MCF7,Quercetin,Epigenetics,1.0,4,DART_recommended,0.5173035794811519,0.6700564971751413,observed,1.8051903619643213,-0.8051903619643213,0.47,0.00509186369741399,0.16431747347880651,0.9935953067756582,0.2279382616777582,0.9885034430782442,0.0636207881989517
leave_drug_out,MCF7,RG108,Epigenetics,1.0,3,DART_recommended,0.5751182017125401,0.6870056497175141,observed,1.7555359465494698,-0.7555359465494698,0.45,-0.002030682683902385,0.2673224591061563,0.9843187783884396,0.5009732673492616,0.986349461072342,0.2336508082431053
leave_drug_out,MCF7,Raltitrexed,DNA Damage,1.0,4,DART_recommended,0.5197375922189728,0.5706214689265536,observed,1.0084806068579086,-0.0084806068579087,0.405,0.0,-0.07524165567460281,0.9725949434837522,0.0636207881989517,0.9725949434837522,0.1388624438735545
leave_drug_out,MCF7,Ramelteon,GPCR & G Protein,1.0,4,DART_recommended,0.413006754517393,0.6067796610169491,observed,1.7670526304123224,-0.7670526304123224,0.415,-0.0004832207168605773,-0.3154648767857287,0.9776730390322192,0.0,0.9781562597490798,0.3154648767857287
leave_drug_out,MCF7,Regorafenib (BAY 73-4506),Protein Tyrosine Kinase,1.0,1,DART_recommended,0.6671804300481681,0.7022598870056497,observed,1.7535429349905278,-0.7535429349905278,0.42,0.0649389137958084,0.0851431176416209,0.990979688623384,0.0851431176416209,0.9260407748275756,0.0
leave_drug_out,MCF7,Regorafenib (BAY 73-4506),Protein Tyrosine Kinase,1.0,3,DART_recommended,0.5228002862719556,0.6429378531073446,observed,1.6069973273685745,-0.6069973273685744,0.375,0.013073081054742808,-0.0851431176416209,0.974801034811031,0.0,0.9617279537562882,0.0851431176416209
leave_drug_out,MCF7,Resminostat,Epigenetics,1.0,0,DART_recommended,0.7439778928343823,0.6463276836158192,observed,1.050663044417398,-0.0506630444173978,0.26,-0.1047718626941434,0.2512593424686793,0.8699433020881846,0.6015720654566381,0.974715164782328,0.3503127229879588
leave_drug_out,MCF7,Resminostat,Epigenetics,1.0,3,DART_recommended,0.5938898749752564,0.7225988700564971,observed,1.3016898600189546,-0.3016898600189545,0.31,-0.059080608002117674,0.1218643688151041,0.923580704379996,0.4035015715464802,0.9826613123821136,0.2816372027313761
leave_drug_out,MCF7,"Roscovitine (Seliciclib,CYC202)",Cell Cycle,1.0,0,DART_recommended,0.5267821284025083,0.6101694915254238,observed,1.7762541236306986,-0.7762541236306986,0.395,0.004892011466960611,-0.07336392209936,0.9862427378323992,0.0,0.9813507263654386,0.07336392209936
leave_drug_out,MCF7,"Roscovitine (Seliciclib,CYC202)",Cell Cycle,1.0,1,DART_recommended,0.4571106724925776,0.5751412429378531,observed,1.581575745112056,-0.5815757451120559,0.495,-0.0013338881073752251,0.0,0.9834830349119448,0.0,0.98481692301932,0.0
leave_drug_out,MCF7,"Roscovitine (Seliciclib,CYC202)",Cell Cycle,1.0,4,DART_recommended,0.5672509147744523,0.7084745762711864,observed,1.6179174440359263,-0.6179174440359265,0.475,0.011567081062501594,-0.1884441521277154,0.9810418732028602,0.0,0.9694747921403586,0.1884441521277154
leave_drug_out,MCF7,Ruxolitinib (INCB018424),JAK/STAT,1.0,1,DART_recommended,0.6054935956365091,0.6830508474576271,observed,1.7102261068932716,-0.7102261068932716,0.49,0.004009137162350185,-0.0744655688160926,0.9890692719480834,0.07336392209936,0.9850601347857332,0.1478294909154526
leave_drug_out,MCF7,Ruxolitinib (INCB018424),JAK/STAT,1.0,4,DART_recommended,0.4496259828468992,0.7271186440677966,observed,1.7165136754459558,-0.7165136754459558,0.38,0.0024686267661064853,0.034324189474671585,0.9744211004940349,0.1731866333482261,0.9719524737279284,0.1388624438735545
leave_drug_out,MCF7,S-Ruxolitinib (INCB018424),JAK/STAT,1.0,3,DART_recommended,0.4749296693738845,0.6327683615819208,observed,1.7567335122105348,-0.7567335122105348,0.49,0.0021120281829687393,0.1736666713479918,0.99260858270346,0.1736666713479918,0.9904965545204912,0.0
leave_drug_out,MCF7,S3I-201,JAK/STAT,1.0,1,DART_recommended,0.4323239878264552,0.6146892655367232,observed,1.796604169362081,-0.7966041693620809,0.435,0.0013037940972824291,0.0,0.9915186585840816,0.0,0.9902148644867992,0.0
leave_drug_out,MCF7,S3I-201,JAK/STAT,1.0,2,mean_or_no_call,0.3974815711404081,0.6666666666666666,observed,1.8296204740088056,-0.8296204740088058,0.475,0.0015981204273590732,0.0,0.984875046781513,0.0,0.983276926354154,0.0
leave_drug_out,MCF7,S3I-201,JAK/STAT,1.0,4,DART_recommended,0.4441320231612319,0.5740112994350283,observed,1.8040826300328168,-0.8040826300328172,0.435,0.0040076119439012015,0.0,0.9896395782453372,0.0,0.985631966301436,0.0
leave_drug_out,MCF7,SB431542,TGF-beta/Smad,1.0,1,DART_recommended,0.515168131920787,0.5508474576271186,observed,1.5743665421765791,-0.5743665421765791,0.445,-0.0057838340879083905,0.0,0.984304685174443,0.0,0.9900885192623514,0.0
leave_drug_out,MCF7,SB431542,TGF-beta/Smad,1.0,4,mean_or_no_call,0.3721345250327087,0.6073446327683616,observed,1.6171828872645964,-0.6171828872645964,0.445,0.0038379621893633864,0.0,0.97633627227191,0.0,0.9724983100825466,0.0
leave_drug_out,MCF7,SL-327,MAPK,1.0,0,DART_recommended,0.6301118330281297,0.6180790960451977,observed,1.6119553586394275,-0.6119553586394275,0.48,0.0002395825476132485,-0.2346393630113782,0.9908634177749308,0.0,0.9906238352273176,0.2346393630113782
leave_drug_out,MCF7,SL-327,MAPK,1.0,1,DART_recommended,0.5002894672771228,0.5576271186440678,observed,1.4979799937737186,-0.4979799937737186,0.47,0.012241207086674977,-0.4692787260227564,0.991740114709872,0.0,0.979498907623197,0.4692787260227564
leave_drug_out,MCF7,SNS-314,Cell Cycle,1.0,1,DART_recommended,0.6466672203579503,0.6983050847457627,observed,1.4847314283084634,-0.4847314283084634,0.42,0.0006221596294032627,0.11540193996151127,0.9755068595555388,0.494639655562801,0.9748846999261356,0.3792377156012897
leave_drug_out,MCF7,SRT2104 (GSK2245840),DNA Damage,1.0,0,DART_recommended,0.4890667719785487,0.6446327683615819,observed,1.7181861493617543,-0.7181861493617545,0.44,0.03130775686726084,0.0851431176416209,0.9771298864608908,0.0851431176416209,0.94582212959363,0.0
leave_drug_out,MCF7,SRT3025 HCl,DNA Damage,1.0,4,DART_recommended,0.4764953013887471,0.6734463276836158,observed,1.7501786433255624,-0.7501786433255624,0.45,-0.0034049238809555904,0.3589542101716347,0.9791758577779688,0.3589542101716347,0.9825807816589244,0.0
leave_drug_out,MCF7,Selisistat (EX 527),Epigenetics,1.0,0,DART_recommended,0.4772855488697167,0.6870056497175141,observed,1.7665248025082758,-0.7665248025082758,0.475,0.0012813645758502634,0.04139074807077309,0.9851860966129526,0.1834098052484001,0.9839047320371024,0.142019057177627
leave_drug_out,MCF7,Selisistat (EX 527),Epigenetics,1.0,3,DART_recommended,0.4366958232325234,0.7056497175141243,observed,1.824581451793282,-0.8245814517932819,0.47,-0.0038982206123480134,-0.2246633760228915,0.9800166267649632,0.0783982689786753,0.9839148473773112,0.3030616450015668
leave_drug_out,MCF7,Sirtinol,Epigenetics,1.0,3,DART_recommended,0.488264171262059,0.7129943502824858,observed,1.7860107509370429,-0.7860107509370428,0.5,0.002716654573584054,-0.388244052766991,0.9899298427286964,0.0851431176416209,0.9872131881551124,0.4733871704086119
leave_drug_out,MCF7,Sodium Phenylbutyrate,DNA Damage,1.0,4,DART_recommended,0.5374728888176654,0.7231638418079096,observed,1.7878406861629328,-0.7878406861629328,0.5,0.002514363329908731,0.0,0.9842358939868592,0.0,0.9817215306569504,0.0
leave_drug_out,MCF7,Sorafenib Tosylate,MAPK,1.0,4,DART_recommended,0.5309210923835701,0.7186440677966102,observed,1.6317513651889777,-0.6317513651889777,0.425,-0.007122543260149161,0.0,0.9718013287405772,0.0,0.9789238720007264,0.0
leave_drug_out,MCF7,Streptozotocin (STZ),DNA Damage,1.0,4,DART_recommended,0.4316584479850884,0.6203389830508474,observed,1.7430088346990051,-0.7430088346990051,0.375,0.006799273082779611,-0.0413514579469699,0.9828821143163516,0.1834098052484001,0.976082841233572,0.22476126319537
leave_drug_out,MCF7,TG101209,JAK/STAT,1.0,0,DART_recommended,0.7241299853682265,0.6813559322033899,observed,1.4262489869913229,-0.4262489869913228,0.49,0.00798866452938396,0.028816560724514495,0.994077129117116,0.2489083270225946,0.986088464587732,0.2200917662980801
leave_drug_out,MCF7,TGX-221,PI3K/Akt/mTOR,1.0,0,DART_recommended,0.4660288299713484,0.6242937853107344,observed,1.7661017820804816,-0.7661017820804816,0.49,0.003479851559368363,0.2043823975884861,0.9847530809426084,0.2043823975884861,0.98127322938324,0.0
leave_drug_out,MCF7,TGX-221,PI3K/Akt/mTOR,1.0,2,DART_recommended,0.4737854711975756,0.592090395480226,observed,1.773042020207645,-0.7730420202076446,0.48,0.0015971041367156547,0.0,0.9935040059869252,0.0,0.9919069018502096,0.0
leave_drug_out,MCF7,TMP195,Epigenetics,1.0,2,DART_recommended,0.4035219841556967,0.676271186440678,observed,1.8250596341738152,-0.8250596341738152,0.485,-0.0007450531841995955,0.028534140915161696,0.9917625808652492,0.0947883643695507,0.9925076340494488,0.066254223454389
leave_drug_out,MCF7,Tazemetostat (EPZ-6438),Epigenetics,1.0,3,DART_recommended,0.5669031477632571,0.6186440677966102,observed,1.7239934302891722,-0.7239934302891722,0.455,0.000861858117398584,0.01824744378780252,0.9900471849279232,0.3850481493391153,0.9891853268105246,0.3668007055513128
leave_drug_out,MCF7,"Temsirolimus (CCI-779, NSC 683864)",PI3K/Akt/mTOR,1.0,1,DART_recommended,0.6999256596439049,0.6728813559322033,observed,1.4819077021213796,-0.4819077021213795,0.475,-0.001129963679114221,0.0,0.987340713951521,0.0,0.9884706776306352,0.0
leave_drug_out,MCF7,Thiotepa,Others,1.0,2,DART_recommended,0.5342456092309023,0.635593220338983,observed,1.79403439305142,-0.79403439305142,0.46,0.030506565786127537,0.0,0.9791030894744628,0.0,0.9485965236883352,0.0
leave_drug_out,MCF7,Tie2 kinase inhibitor,Protein Tyrosine Kinase,1.0,4,DART_recommended,0.4240781984702786,0.6338983050847458,observed,1.7739103366662032,-0.7739103366662033,0.445,0.0,0.0783982689786753,0.9780042457299912,0.0783982689786753,0.9780042457299912,0.0
leave_drug_out,MCF7,Tofacitinib (CP-690550) Citrate,JAK/STAT,1.0,1,DART_recommended,0.6651019463622242,0.5694915254237288,observed,1.702202773735983,-0.702202773735983,0.41,0.0,0.06046417489487921,0.9892833068256204,0.2240055615151755,0.9892833068256204,0.1635413866202963
leave_drug_out,MCF7,Tofacitinib (CP-690550) Citrate,JAK/STAT,1.0,2,DART_recommended,0.449198391059226,0.6446327683615819,observed,1.6897803543698071,-0.6897803543698073,0.38,0.009925313291646032,-0.02467894274674179,0.9701808043732384,0.1388624438735545,0.9602554910815924,0.1635413866202963
leave_drug_out,MCF7,"Tozasertib (VX-680, MK-0457)",Cell Cycle,1.0,2,DART_recommended,0.4490721960746658,0.6418079096045197,observed,1.6263078569703668,-0.6263078569703667,0.49,0.0008849833462547529,-0.5207728848540849,0.9841610259707884,0.3372080579682881,0.9832760426245336,0.857980942822373
leave_drug_out,MCF7,Trametinib (GSK1120212),MAPK,1.0,4,DART_recommended,0.6521651075620358,0.4146892655367231,observed,0.8721884379728276,0.1278115620271723,0.48,0.0,0.0,0.9829980017406956,0.4692787260227564,0.9829980017406956,0.4692787260227564
leave_drug_out,MCF7,Triamcinolone Acetonide,Metabolism,1.0,2,DART_recommended,0.4531242019818908,0.6242937853107344,observed,1.0954534730374896,-0.0954534730374896,0.38,0.005534115383835858,0.0,0.9684616520569482,0.0,0.9629275366731124,0.0
leave_drug_out,MCF7,Triamcinolone Acetonide,Metabolism,1.0,3,DART_recommended,0.4726975714107314,0.6751412429378532,observed,1.2675268762268952,-0.2675268762268951,0.425,0.01103290060843598,0.1175161047564271,0.9791866250449276,0.1175161047564271,0.9681537244364916,0.0
leave_drug_out,MCF7,Tucidinostat (Chidamide),Epigenetics,1.0,1,DART_recommended,0.5647336786500918,0.5327683615819209,observed,1.4916343359282689,-0.4916343359282686,0.49,0.00846910905478182,-0.15983250921839093,0.9885838977562946,0.4422195942380129,0.9801147887015128,0.6020521034564038
leave_drug_out,MCF7,Tucidinostat (Chidamide),Epigenetics,1.0,4,DART_recommended,0.7169480940504228,0.543502824858757,observed,1.4264211946959433,-0.4264211946959434,0.4,0.008725684813203016,-0.2703327692927855,0.9843377636076622,0.3628869103342174,0.9756120787944592,0.6332196796270029
leave_drug_out,MCF7,UNC0379,Epigenetics,1.0,1,DART_recommended,0.5017734705035735,0.6299435028248588,observed,1.597972949300165,-0.5979729493001653,0.375,0.009656688279913506,0.1298750116533407,0.9908975748873952,0.1298750116533407,0.9812408866074817,0.0
leave_drug_out,MCF7,UNC0379,Epigenetics,1.0,2,DART_recommended,0.5644619538334269,0.7056497175141243,observed,1.5370876520434265,-0.5370876520434266,0.415,0.005359425599347101,0.0694312219367772,0.972481078984827,0.0694312219367772,0.96712165338548,0.0
leave_drug_out,MCF7,UNC0379,Epigenetics,1.0,4,DART_recommended,0.4856347499840492,0.6887005649717515,observed,1.5443439871327267,-0.5443439871327267,0.48,-0.0033104092683233777,-0.0636207881989517,0.9768257224120792,0.0,0.9801361316804026,0.0636207881989517
leave_drug_out,MCF7,UNC0631,Epigenetics,1.0,2,DART_recommended,0.4941155884480502,0.6062146892655367,observed,1.6586512325136225,-0.6586512325136223,0.39,0.0054690358275876205,-0.1517621910780353,0.972186502347856,0.0,0.9667174665202684,0.1517621910780353
leave_drug_out,MCF7,UNC1999,Epigenetics,1.0,1,DART_recommended,0.4691008549882408,0.652542372881356,observed,1.777396445308146,-0.7773964453081459,0.47,0.008262012153428033,0.158507039740981,0.9947567025341636,0.158507039740981,0.9864946903807356,0.0
leave_drug_out,MCF7,UNC1999,Epigenetics,1.0,2,DART_recommended,0.4397089261661426,0.5819209039548022,observed,1.752411735431303,-0.752411735431303,0.45,0.005717911910246842,0.001299264907145492,0.9916992234841504,0.1369847102983117,0.9859813115739036,0.1356854453911662
leave_drug_out,MCF7,Veliparib (ABT-888),DNA Damage,1.0,0,DART_recommended,0.4962967431285688,0.6711864406779661,observed,1.7843473886085723,-0.7843473886085723,0.36,0.005266681426827402,0.13568544539116628,0.9839852663275532,0.230473809760717,0.9787185849007258,0.0947883643695507
leave_drug_out,MCF7,WHI-P154,JAK/STAT,1.0,1,DART_recommended,0.4883010974613737,0.6378531073446327,observed,1.7233813575380543,-0.7233813575380547,0.48,-0.0005378785614884585,0.1799314820111717,0.9919965098070344,0.1799314820111717,0.9925343883685228,0.0
leave_drug_out,MCF7,WP1066,JAK/STAT,1.0,2,DART_recommended,0.4665810151774269,0.5887005649717514,observed,1.7855938669830378,-0.7855938669830378,0.49,0.02575077378766044,0.017608534225573902,0.9848197582032688,0.2200917662980801,0.9590689844156084,0.2024832320725062
leave_drug_out,MCF7,WP1066,JAK/STAT,1.0,4,DART_recommended,0.4401920269553259,0.580225988700565,observed,1.8278061452667511,-0.8278061452667511,0.425,0.0278327268175792,-0.1126793184044774,0.9814177297467428,0.0636207881989517,0.9535850029291636,0.1763001066034291
leave_drug_out,MCF7,XAV-939,Stem Cells &  Wnt,1.0,3,DART_recommended,0.4638254241174786,0.6039548022598871,observed,1.6997181489832465,-0.6997181489832466,0.465,0.0059009906313813865,0.0,0.980313122318893,0.0,0.9744121316875116,0.0
leave_drug_out,MCF7,Zileuton,Metabolism,1.0,1,DART_recommended,0.5210448566010824,0.6491525423728813,observed,1.7553896699323597,-0.7553896699323595,0.36,-0.0024473837334003656,0.1390561795107756,0.9850176101245036,0.1390561795107756,0.987464993857904,0.0
partial_library,A549,batch,batch,0.2,0,DART_recommended,0.4570480858841069,0.6276276276276276,observed,1.617165902047789,-0.6171659020477892,0.42,-0.00021171479654924497,,0.9909269428889436,,0.9911386576854928,
partial_library,A549,batch,batch,0.2,1,DART_recommended,0.5043102585356761,0.6486486486486487,observed,1.623573934847227,-0.6235739348472267,0.46,0.040617211509637596,,0.9873752978802204,,0.9467580863705828,
partial_library,A549,batch,batch,0.2,2,DART_recommended,0.5104402579347398,0.7702702702702703,observed,1.7108620747503471,-0.7108620747503471,0.5,0.00039069806523817086,,0.9910491663137532,,0.990658468248515,
partial_library,A549,batch,batch,0.2,3,DART_recommended,0.5358518216709942,0.7267267267267268,observed,1.6354065258993646,-0.6354065258993647,0.49,0.0044628570220391905,,0.9880900651379104,,0.9836272081158712,
partial_library,A549,batch,batch,0.2,4,DART_recommended,0.4413698974549544,0.7867867867867868,observed,1.6629517039355175,-0.6629517039355174,0.37,0.010208210832498676,,0.978563331095408,,0.9683551202629094,
partial_library,A549,batch,batch,0.4,0,DART_recommended,0.4926606972883033,0.688135593220339,observed,1.6340442156647366,-0.6340442156647366,0.5,0.07037718651782254,,0.9923120618165322,,0.9219348752987097,
partial_library,A549,batch,batch,0.4,1,DART_recommended,0.5313712420467898,0.6836158192090396,observed,1.458780472614161,-0.4587804726141612,0.22,-0.005960570152554245,,0.94167874994543,,0.9476393200979842,
partial_library,A549,batch,batch,0.4,2,DART_recommended,0.5176128424196358,0.6790960451977401,observed,1.6826955509106294,-0.6826955509106293,0.47,0.08489300659390131,,0.9843988955585548,,0.8995058889646534,
partial_library,A549,batch,batch,0.4,3,DART_recommended,0.5077736524552278,0.696045197740113,observed,1.6514949185172385,-0.6514949185172383,0.485,0.022524450750533553,,0.9928296293687692,,0.9703051786182356,
partial_library,A549,batch,batch,0.4,4,DART_recommended,0.4182696828702147,0.6649717514124294,observed,1.6383926751209743,-0.6383926751209745,0.49,0.0036826530631514087,,0.9870352632202686,,0.9833526101571172,
partial_library,A549,batch,batch,0.6,0,mean_or_no_call,0.3799883866511428,0.6440677966101696,observed,1.7571831226674577,-0.7571831226674576,0.49,0.012442589045175367,,0.9887738496714048,,0.9763312606262294,
partial_library,A549,batch,batch,0.6,1,DART_recommended,0.4642039861174028,0.6248587570621469,observed,1.7170686983507282,-0.7170686983507282,0.47,-0.0016028352031534077,,0.9916545699411216,,0.993257405144275,
partial_library,A549,batch,batch,0.6,2,DART_recommended,0.5059460472896538,0.7536723163841808,observed,1.6776657788313567,-0.6776657788313567,0.4,0.005555573359740995,,0.9872732641999888,,0.9817176908402478,
partial_library,A549,batch,batch,0.6,3,mean_or_no_call,0.3993447044934618,0.5576271186440678,observed,1.6665045645729455,-0.6665045645729457,0.45,0.002049316540602364,,0.9851681467086963,,0.983118830168094,
partial_library,A549,batch,batch,0.6,4,DART_recommended,0.5087011208028609,0.7259887005649718,observed,1.6583457651828466,-0.6583457651828466,0.46,0.0027387430712396688,,0.9865635776957584,,0.9838248346245188,
partial_library,K562,batch,batch,0.2,0,DART_recommended,0.7175252932679422,0.7237237237237237,observed,1.7656877733575698,-0.7656877733575697,0.48,0.016006075708039025,,0.991567024364455,,0.975560948656416,
partial_library,K562,batch,batch,0.2,1,DART_recommended,0.7142201488193908,0.6711711711711712,observed,1.672283098505522,-0.6722830985055219,0.495,0.010949834937559966,,0.9804489338029552,,0.9694990988653952,
partial_library,K562,batch,batch,0.2,2,DART_recommended,0.5269057484117756,0.7492492492492493,observed,1.760582043850627,-0.7605820438506271,0.485,0.006614685734116721,,0.9897546153501188,,0.983139929616002,
partial_library,K562,batch,batch,0.2,3,DART_recommended,0.4818472307046005,0.6966966966966968,observed,1.6410295955153662,-0.6410295955153662,0.405,0.007142432746918059,,0.9893450976233352,,0.9822026648764172,
partial_library,K562,batch,batch,0.2,4,DART_recommended,0.4441999319369143,0.8228228228228228,observed,1.694722847138607,-0.6947228471386071,0.45,-0.0008735167320448323,,0.9764764796299864,,0.9773499963620312,
partial_library,K562,batch,batch,0.4,0,DART_recommended,0.5450479102196863,0.7457627118644068,observed,1.6814233477547516,-0.6814233477547516,0.475,0.04778358255049464,,0.9908455606182792,,0.9430619780677846,
partial_library,K562,batch,batch,0.4,1,DART_recommended,0.5686790372771211,0.6836158192090396,observed,1.7375429824325312,-0.7375429824325312,0.48,0.0076113854273708315,,0.9769462349357736,,0.9693348495084028,
partial_library,K562,batch,batch,0.4,2,DART_recommended,0.5429366121966496,0.7638418079096045,observed,1.7558621278030553,-0.7558621278030553,0.49,0.052931322051398166,,0.9905644462531674,,0.9376331242017693,
partial_library,K562,batch,batch,0.4,3,DART_recommended,0.4740215689666442,0.672316384180791,observed,1.7332163351404393,-0.7332163351404393,0.49,0.0015134397557720058,,0.9901666091320368,,0.9886531693762648,
partial_library,K562,batch,batch,0.4,4,DART_recommended,0.6144218642652959,0.7485875706214689,observed,1.7349124773420854,-0.7349124773420855,0.47,0.026032177073392115,,0.9891260602354948,,0.9630938831621026,
partial_library,K562,batch,batch,0.6,0,DART_recommended,0.5393359417556162,0.7180790960451977,observed,1.6875317220263917,-0.6875317220263913,0.5,0.048428230481391554,,0.9884106542805612,,0.9399824237991696,
partial_library,K562,batch,batch,0.6,1,DART_recommended,0.4316195947886387,0.7570621468926554,observed,1.7202658583106027,-0.7202658583106027,0.475,0.0074857723644208285,,0.9900003635466288,,0.982514591182208,
partial_library,K562,batch,batch,0.6,2,DART_recommended,0.5075083978480054,0.7757062146892655,observed,1.7123123410997447,-0.7123123410997448,0.475,0.04467348699609808,,0.99079766236232,,0.946124175366222,
partial_library,K562,batch,batch,0.6,3,DART_recommended,0.4735548585567908,0.5180790960451978,observed,1.700840600256666,-0.7008406002566661,0.295,-0.0009543048539260024,,0.9873823137010608,,0.9883366185549868,
partial_library,K562,batch,batch,0.6,4,DART_recommended,0.5301371524779421,0.7016949152542373,observed,1.7047092207709165,-0.7047092207709165,0.405,0.0272572615447636,,0.9899039539831692,,0.9626466924384056,
partial_library,MCF7,batch,batch,0.2,0,DART_recommended,0.5548400049704227,0.6351351351351351,observed,1.7765002232096443,-0.7765002232096443,0.42,0.031408864794432056,,0.988365733427462,,0.95695686863303,
partial_library,MCF7,batch,batch,0.2,1,DART_recommended,0.4834644101154572,0.6066066066066066,observed,1.6817481403993355,-0.6817481403993355,0.495,0.04975876728462303,,0.9848393676202992,,0.9350806003356762,
partial_library,MCF7,batch,batch,0.2,2,DART_recommended,0.4663785527809982,0.6891891891891893,observed,1.7050087965213263,-0.7050087965213265,0.365,0.025063510285182167,,0.9662258555471878,,0.9411623452620056,
partial_library,MCF7,batch,batch,0.2,3,DART_recommended,0.6545037617607953,0.6081081081081081,observed,1.767846594186098,-0.7678465941860981,0.47,-8.165584785158053e-05,,0.9874272456691624,,0.987508901517014,
partial_library,MCF7,batch,batch,0.2,4,DART_recommended,0.6259757711109184,0.7057057057057057,observed,1.6877336411003223,-0.6877336411003223,0.4,0.006579497188608396,,0.974754138668512,,0.9681746414799036,
partial_library,MCF7,batch,batch,0.4,0,DART_recommended,0.5379138250382134,0.7406779661016949,observed,1.6692600649686598,-0.6692600649686599,0.445,0.004484758076598427,,0.9745320328472812,,0.9700472747706828,
partial_library,MCF7,batch,batch,0.4,1,DART_recommended,0.473810022451786,0.6689265536723163,observed,1.6433398252377511,-0.6433398252377511,0.355,0.00964694688158163,,0.9418394969520408,,0.9321925500704592,
partial_library,MCF7,batch,batch,0.4,2,DART_recommended,0.4958421295100301,0.6418079096045197,observed,1.771027401828239,-0.771027401828239,0.455,-0.0005651085920821419,,0.9879313795062312,,0.9884964880983134,
partial_library,MCF7,batch,batch,0.4,3,DART_recommended,0.5303251683559016,0.5429378531073447,observed,1.7383084492896503,-0.7383084492896503,0.455,0.00826333869091378,,0.9830838830703594,,0.9748205443794457,
partial_library,MCF7,batch,batch,0.4,4,DART_recommended,0.5951905453748171,0.635593220338983,observed,0.8958633668206542,0.1041366331793458,0.04,-0.014135911815738034,,0.8426675235400996,,0.8568034353558376,
partial_library,MCF7,batch,batch,0.6,0,DART_recommended,0.6343682793310808,0.6310734463276836,observed,1.7987390423559453,-0.7987390423559453,0.445,0.08453400864239102,,0.9772987905230208,,0.8927647818806298,
partial_library,MCF7,batch,batch,0.6,1,DART_recommended,0.5946917212983103,0.5779661016949152,observed,1.7501457582425166,-0.7501457582425166,0.355,0.00652305004974485,,0.9718483241870108,,0.965325274137266,
partial_library,MCF7,batch,batch,0.6,2,DART_recommended,0.516368983517191,0.6717514124293785,observed,1.6055936068351258,-0.6055936068351258,0.375,0.021052137712869623,,0.953027375602174,,0.9319752378893044,
partial_library,MCF7,batch,batch,0.6,3,DART_recommended,0.6263880993794015,0.6327683615819208,observed,1.7747990460056484,-0.7747990460056484,0.36,0.006227588800077011,,0.9717220646251234,,0.9654944758250464,
partial_library,MCF7,batch,batch,0.6,4,DART_recommended,0.5762882636634105,0.7028248587570621,observed,1.7636612571552446,-0.7636612571552446,0.49,0.08471382685325923,,0.9909876935529088,,0.9062738666996496,
