grid_id,seed,method,method_family,welfare_type,information_condition,alpha,conflict_level,cells_per_subpop,noise_sigma,library_size,selected_top1_drug,oracle_population_optimal_drug,hit_at_1,hit_at_5,mrr,ndcg,decision_regret,rank
a0.50_c0.00_n15_s0.5_L20_Iobserved,0,mean_cosine,mean_signature,mean,observed,0.5,0.0,15,0.5,20,min_specialist_0,maj_specialist_14,0,0,0.06666666666666667,0.0,2.98908595652847e-07,15
a0.50_c0.00_n15_s0.5_L20_Iobserved,0,mean_l2,mean_signature,mean,observed,0.5,0.0,15,0.5,20,min_specialist_3,maj_specialist_14,0,0,0.08333333333333333,0.0,6.302581425643439e-07,12
a0.50_c0.00_n15_s0.5_L20_Iobserved,0,cmap_signature_match,cmap_signature,mean,observed,0.5,0.0,15,0.5,20,min_specialist_0,maj_specialist_14,0,0,0.06666666666666667,0.0,2.98908595652847e-07,15
a0.50_c0.00_n15_s0.5_L20_Iobserved,0,cmap_signature_reverse,cmap_signature,mean,observed,0.5,0.0,15,0.5,20,min_specialist_0,maj_specialist_14,0,0,0.06666666666666667,0.0,2.98908595652847e-07,15
a0.50_c0.00_n15_s0.5_L20_Iobserved,0,DART_energy,DART_distributional,mean,observed,0.5,0.0,15,0.5,20,maj_specialist_13,maj_specialist_14,0,0,0.08333333333333333,0.0,6.002038759334027e-07,12
a0.50_c0.00_n15_s0.5_L20_Iobserved,0,DART_mmd,DART_distributional,mean,observed,0.5,0.0,15,0.5,20,maj_specialist_13,maj_specialist_14,0,0,0.09090909090909091,0.0,6.002038759334027e-07,11
a0.50_c0.00_n15_s0.5_L20_Iobserved,0,DART_sliced_wasserstein,DART_distributional,mean,observed,0.5,0.0,15,0.5,20,min_specialist_2,maj_specialist_14,0,0,0.06666666666666667,0.0,5.412817110084234e-07,15
a0.50_c0.00_n15_s0.5_L20_Iobserved,0,DART_coverage_mean,DART_coverage,mean,observed,0.5,0.0,15,0.5,20,min_specialist_0,maj_specialist_14,0,0,0.09090909090909091,0.0,2.98908595652847e-07,11
a0.50_c0.00_n15_s0.5_L20_Iobserved,0,DART_coverage_worst,DART_coverage,mean,observed,0.5,0.0,15,0.5,20,maj_specialist_13,maj_specialist_14,0,0,0.08333333333333333,0.0,6.002038759334027e-07,12
a0.50_c0.00_n15_s0.5_L20_Iobserved,0,mean_cosine,mean_signature,worst,observed,0.5,0.0,15,0.5,20,min_specialist_0,maj_specialist_14,0,0,0.06666666666666667,0.0,2.672086374388982e-07,15
a0.50_c0.00_n15_s0.5_L20_Iobserved,0,mean_l2,mean_signature,worst,observed,0.5,0.0,15,0.5,20,min_specialist_3,maj_specialist_14,0,0,0.08333333333333333,0.0,5.43489178994605e-07,12
a0.50_c0.00_n15_s0.5_L20_Iobserved,0,cmap_signature_match,cmap_signature,worst,observed,0.5,0.0,15,0.5,20,min_specialist_0,maj_specialist_14,0,0,0.06666666666666667,0.0,2.672086374388982e-07,15
a0.50_c0.00_n15_s0.5_L20_Iobserved,0,cmap_signature_reverse,cmap_signature,worst,observed,0.5,0.0,15,0.5,20,min_specialist_0,maj_specialist_14,0,0,0.06666666666666667,0.0,2.672086374388982e-07,15
a0.50_c0.00_n15_s0.5_L20_Iobserved,0,DART_energy,DART_distributional,worst,observed,0.5,0.0,15,0.5,20,maj_specialist_13,maj_specialist_14,0,0,0.08333333333333333,0.0,5.827570497274337e-07,12
a0.50_c0.00_n15_s0.5_L20_Iobserved,0,DART_mmd,DART_distributional,worst,observed,0.5,0.0,15,0.5,20,maj_specialist_13,maj_specialist_14,0,0,0.09090909090909091,0.0,5.827570497274337e-07,11
a0.50_c0.00_n15_s0.5_L20_Iobserved,0,DART_sliced_wasserstein,DART_distributional,worst,observed,0.5,0.0,15,0.5,20,min_specialist_2,maj_specialist_14,0,0,0.06666666666666667,0.0,4.956648744780523e-07,15
a0.50_c0.00_n15_s0.5_L20_Iobserved,0,DART_coverage_mean,DART_coverage,worst,observed,0.5,0.0,15,0.5,20,min_specialist_0,maj_specialist_14,0,0,0.09090909090909091,0.0,2.672086374388982e-07,11
a0.50_c0.00_n15_s0.5_L20_Iobserved,0,DART_coverage_worst,DART_coverage,worst,observed,0.5,0.0,15,0.5,20,maj_specialist_13,maj_specialist_14,0,0,0.08333333333333333,0.0,5.827570497274337e-07,12
a0.50_c0.00_n15_s0.5_L20_Iobserved,1,mean_cosine,mean_signature,mean,observed,0.5,0.0,15,0.5,20,min_specialist_0,min_specialist_3,0,1,0.25,0.43067655807339306,3.2009021211365507e-07,4
a0.50_c0.00_n15_s0.5_L20_Iobserved,1,mean_l2,mean_signature,mean,observed,0.5,0.0,15,0.5,20,maj_specialist_12,min_specialist_3,0,0,0.14285714285714285,0.3333333333333333,8.767168360179767e-07,7
a0.50_c0.00_n15_s0.5_L20_Iobserved,1,cmap_signature_match,cmap_signature,mean,observed,0.5,0.0,15,0.5,20,min_specialist_0,min_specialist_3,0,1,0.25,0.43067655807339306,3.2009021211365507e-07,4
a0.50_c0.00_n15_s0.5_L20_Iobserved,1,cmap_signature_reverse,cmap_signature,mean,observed,0.5,0.0,15,0.5,20,min_specialist_0,min_specialist_3,0,1,0.25,0.43067655807339306,3.2009021211365507e-07,4
a0.50_c0.00_n15_s0.5_L20_Iobserved,1,DART_energy,DART_distributional,mean,observed,0.5,0.0,15,0.5,20,maj_specialist_12,min_specialist_3,0,0,0.125,0.31546487678572877,8.767168360179767e-07,8
a0.50_c0.00_n15_s0.5_L20_Iobserved,1,DART_mmd,DART_distributional,mean,observed,0.5,0.0,15,0.5,20,maj_specialist_12,min_specialist_3,0,0,0.14285714285714285,0.3333333333333333,8.767168360179767e-07,7
a0.50_c0.00_n15_s0.5_L20_Iobserved,1,DART_sliced_wasserstein,DART_distributional,mean,observed,0.5,0.0,15,0.5,20,maj_specialist_12,min_specialist_3,0,0,0.07142857142857142,0.0,8.767168360179767e-07,14
a0.50_c0.00_n15_s0.5_L20_Iobserved,1,DART_coverage_mean,DART_coverage,mean,observed,0.5,0.0,15,0.5,20,maj_specialist_12,min_specialist_3,0,0,0.125,0.31546487678572877,8.767168360179767e-07,8
a0.50_c0.00_n15_s0.5_L20_Iobserved,1,DART_coverage_worst,DART_coverage,mean,observed,0.5,0.0,15,0.5,20,maj_specialist_12,min_specialist_3,0,0,0.1111111111111111,0.3010299956639812,8.767168360179767e-07,9
a0.50_c0.00_n15_s0.5_L20_Iobserved,1,mean_cosine,mean_signature,worst,observed,0.5,0.0,15,0.5,20,min_specialist_0,min_specialist_3,0,1,0.25,0.43067655807339306,3.7003190911377715e-07,4
a0.50_c0.00_n15_s0.5_L20_Iobserved,1,mean_l2,mean_signature,worst,observed,0.5,0.0,15,0.5,20,maj_specialist_12,min_specialist_3,0,0,0.14285714285714285,0.3333333333333333,9.233861604229787e-07,7
a0.50_c0.00_n15_s0.5_L20_Iobserved,1,cmap_signature_match,cmap_signature,worst,observed,0.5,0.0,15,0.5,20,min_specialist_0,min_specialist_3,0,1,0.25,0.43067655807339306,3.7003190911377715e-07,4
a0.50_c0.00_n15_s0.5_L20_Iobserved,1,cmap_signature_reverse,cmap_signature,worst,observed,0.5,0.0,15,0.5,20,min_specialist_0,min_specialist_3,0,1,0.25,0.43067655807339306,3.7003190911377715e-07,4
a0.50_c0.00_n15_s0.5_L20_Iobserved,1,DART_energy,DART_distributional,worst,observed,0.5,0.0,15,0.5,20,maj_specialist_12,min_specialist_3,0,0,0.125,0.31546487678572877,9.233861604229787e-07,8
a0.50_c0.00_n15_s0.5_L20_Iobserved,1,DART_mmd,DART_distributional,worst,observed,0.5,0.0,15,0.5,20,maj_specialist_12,min_specialist_3,0,0,0.14285714285714285,0.3333333333333333,9.233861604229787e-07,7
a0.50_c0.00_n15_s0.5_L20_Iobserved,1,DART_sliced_wasserstein,DART_distributional,worst,observed,0.5,0.0,15,0.5,20,maj_specialist_12,min_specialist_3,0,0,0.07142857142857142,0.0,9.233861604229787e-07,14
a0.50_c0.00_n15_s0.5_L20_Iobserved,1,DART_coverage_mean,DART_coverage,worst,observed,0.5,0.0,15,0.5,20,maj_specialist_12,min_specialist_3,0,0,0.125,0.31546487678572877,9.233861604229787e-07,8
a0.50_c0.00_n15_s0.5_L20_Iobserved,1,DART_coverage_worst,DART_coverage,worst,observed,0.5,0.0,15,0.5,20,maj_specialist_12,min_specialist_3,0,0,0.1111111111111111,0.3010299956639812,9.233861604229787e-07,9
a0.50_c0.00_n15_s0.5_L20_Iobserved,2,mean_cosine,mean_signature,mean,observed,0.5,0.0,15,0.5,20,min_specialist_0,maj_specialist_14,0,0,0.06666666666666667,0.0,6.45659522291453e-07,15
a0.50_c0.00_n15_s0.5_L20_Iobserved,2,mean_l2,mean_signature,mean,observed,0.5,0.0,15,0.5,20,maj_specialist_11,maj_specialist_14,0,0,0.0625,0.0,6.459623627108613e-07,16
a0.50_c0.00_n15_s0.5_L20_Iobserved,2,cmap_signature_match,cmap_signature,mean,observed,0.5,0.0,15,0.5,20,min_specialist_0,maj_specialist_14,0,0,0.06666666666666667,0.0,6.45659522291453e-07,15
a0.50_c0.00_n15_s0.5_L20_Iobserved,2,cmap_signature_reverse,cmap_signature,mean,observed,0.5,0.0,15,0.5,20,min_specialist_0,maj_specialist_14,0,0,0.06666666666666667,0.0,6.45659522291453e-07,15
a0.50_c0.00_n15_s0.5_L20_Iobserved,2,DART_energy,DART_distributional,mean,observed,0.5,0.0,15,0.5,20,maj_specialist_11,maj_specialist_14,0,0,0.0625,0.0,6.459623627108613e-07,16
a0.50_c0.00_n15_s0.5_L20_Iobserved,2,DART_mmd,DART_distributional,mean,observed,0.5,0.0,15,0.5,20,maj_specialist_11,maj_specialist_14,0,0,0.0625,0.0,6.459623627108613e-07,16
a0.50_c0.00_n15_s0.5_L20_Iobserved,2,DART_sliced_wasserstein,DART_distributional,mean,observed,0.5,0.0,15,0.5,20,balanced_9,maj_specialist_14,0,0,0.0625,0.0,4.386115399768187e-07,16
a0.50_c0.00_n15_s0.5_L20_Iobserved,2,DART_coverage_mean,DART_coverage,mean,observed,0.5,0.0,15,0.5,20,balanced_9,maj_specialist_14,0,0,0.0625,0.0,4.386115399768187e-07,16
a0.50_c0.00_n15_s0.5_L20_Iobserved,2,DART_coverage_worst,DART_coverage,mean,observed,0.5,0.0,15,0.5,20,balanced_9,maj_specialist_14,0,0,0.06666666666666667,0.0,4.386115399768187e-07,15
a0.50_c0.00_n15_s0.5_L20_Iobserved,2,mean_cosine,mean_signature,worst,observed,0.5,0.0,15,0.5,20,min_specialist_0,maj_specialist_14,0,0,0.06666666666666667,0.0,6.368911122933696e-07,15
a0.50_c0.00_n15_s0.5_L20_Iobserved,2,mean_l2,mean_signature,worst,observed,0.5,0.0,15,0.5,20,maj_specialist_11,maj_specialist_14,0,0,0.0625,0.0,6.322069836528499e-07,16
a0.50_c0.00_n15_s0.5_L20_Iobserved,2,cmap_signature_match,cmap_signature,worst,observed,0.5,0.0,15,0.5,20,min_specialist_0,maj_specialist_14,0,0,0.06666666666666667,0.0,6.368911122933696e-07,15
a0.50_c0.00_n15_s0.5_L20_Iobserved,2,cmap_signature_reverse,cmap_signature,worst,observed,0.5,0.0,15,0.5,20,min_specialist_0,maj_specialist_14,0,0,0.06666666666666667,0.0,6.368911122933696e-07,15
a0.50_c0.00_n15_s0.5_L20_Iobserved,2,DART_energy,DART_distributional,worst,observed,0.5,0.0,15,0.5,20,maj_specialist_11,maj_specialist_14,0,0,0.0625,0.0,6.322069836528499e-07,16
a0.50_c0.00_n15_s0.5_L20_Iobserved,2,DART_mmd,DART_distributional,worst,observed,0.5,0.0,15,0.5,20,maj_specialist_11,maj_specialist_14,0,0,0.0625,0.0,6.322069836528499e-07,16
a0.50_c0.00_n15_s0.5_L20_Iobserved,2,DART_sliced_wasserstein,DART_distributional,worst,observed,0.5,0.0,15,0.5,20,balanced_9,maj_specialist_14,0,0,0.0625,0.0,4.905904376073522e-07,16
a0.50_c0.00_n15_s0.5_L20_Iobserved,2,DART_coverage_mean,DART_coverage,worst,observed,0.5,0.0,15,0.5,20,balanced_9,maj_specialist_14,0,0,0.0625,0.0,4.905904376073522e-07,16
a0.50_c0.00_n15_s0.5_L20_Iobserved,2,DART_coverage_worst,DART_coverage,worst,observed,0.5,0.0,15,0.5,20,balanced_9,maj_specialist_14,0,0,0.06666666666666667,0.0,4.905904376073522e-07,15
a0.50_c0.00_n15_s0.5_L100_Iobserved,0,mean_cosine,mean_signature,mean,observed,0.5,0.0,15,0.5,100,min_specialist_0,maj_specialist_62,0,0,0.015873015873015872,0.0,5.82461304077242e-07,63
a0.50_c0.00_n15_s0.5_L100_Iobserved,0,mean_l2,mean_signature,mean,observed,0.5,0.0,15,0.5,100,balanced_40,maj_specialist_62,0,0,0.012658227848101266,0.0,4.957110917302998e-07,79
a0.50_c0.00_n15_s0.5_L100_Iobserved,0,cmap_signature_match,cmap_signature,mean,observed,0.5,0.0,15,0.5,100,min_specialist_0,maj_specialist_62,0,0,0.015873015873015872,0.0,5.82461304077242e-07,63
a0.50_c0.00_n15_s0.5_L100_Iobserved,0,cmap_signature_reverse,cmap_signature,mean,observed,0.5,0.0,15,0.5,100,min_specialist_0,maj_specialist_62,0,0,0.015873015873015872,0.0,5.82461304077242e-07,63
a0.50_c0.00_n15_s0.5_L100_Iobserved,0,DART_energy,DART_distributional,mean,observed,0.5,0.0,15,0.5,100,balanced_40,maj_specialist_62,0,0,0.012658227848101266,0.0,4.957110917302998e-07,79
a0.50_c0.00_n15_s0.5_L100_Iobserved,0,DART_mmd,DART_distributional,mean,observed,0.5,0.0,15,0.5,100,balanced_40,maj_specialist_62,0,0,0.012658227848101266,0.0,4.957110917302998e-07,79
a0.50_c0.00_n15_s0.5_L100_Iobserved,0,DART_sliced_wasserstein,DART_distributional,mean,observed,0.5,0.0,15,0.5,100,balanced_43,maj_specialist_62,0,0,0.041666666666666664,0.0,1.0376423347224772e-06,24
a0.50_c0.00_n15_s0.5_L100_Iobserved,0,DART_coverage_mean,DART_coverage,mean,observed,0.5,0.0,15,0.5,100,balanced_40,maj_specialist_62,0,0,0.013157894736842105,0.0,4.957110917302998e-07,76
a0.50_c0.00_n15_s0.5_L100_Iobserved,0,DART_coverage_worst,DART_coverage,mean,observed,0.5,0.0,15,0.5,100,balanced_40,maj_specialist_62,0,0,0.015384615384615385,0.0,4.957110917302998e-07,65
a0.50_c0.00_n15_s0.5_L100_Iobserved,0,mean_cosine,mean_signature,worst,observed,0.5,0.0,15,0.5,100,min_specialist_0,maj_specialist_62,0,0,0.015873015873015872,0.0,6.698310706099164e-07,63
a0.50_c0.00_n15_s0.5_L100_Iobserved,0,mean_l2,mean_signature,worst,observed,0.5,0.0,15,0.5,100,balanced_40,maj_specialist_62,0,0,0.012658227848101266,0.0,5.817017836307059e-07,79
a0.50_c0.00_n15_s0.5_L100_Iobserved,0,cmap_signature_match,cmap_signature,worst,observed,0.5,0.0,15,0.5,100,min_specialist_0,maj_specialist_62,0,0,0.015873015873015872,0.0,6.698310706099164e-07,63
a0.50_c0.00_n15_s0.5_L100_Iobserved,0,cmap_signature_reverse,cmap_signature,worst,observed,0.5,0.0,15,0.5,100,min_specialist_0,maj_specialist_62,0,0,0.015873015873015872,0.0,6.698310706099164e-07,63
a0.50_c0.00_n15_s0.5_L100_Iobserved,0,DART_energy,DART_distributional,worst,observed,0.5,0.0,15,0.5,100,balanced_40,maj_specialist_62,0,0,0.012658227848101266,0.0,5.817017836307059e-07,79
a0.50_c0.00_n15_s0.5_L100_Iobserved,0,DART_mmd,DART_distributional,worst,observed,0.5,0.0,15,0.5,100,balanced_40,maj_specialist_62,0,0,0.012658227848101266,0.0,5.817017836307059e-07,79
a0.50_c0.00_n15_s0.5_L100_Iobserved,0,DART_sliced_wasserstein,DART_distributional,worst,observed,0.5,0.0,15,0.5,100,balanced_43,maj_specialist_62,0,0,0.041666666666666664,0.0,1.0458307428962144e-06,24
a0.50_c0.00_n15_s0.5_L100_Iobserved,0,DART_coverage_mean,DART_coverage,worst,observed,0.5,0.0,15,0.5,100,balanced_40,maj_specialist_62,0,0,0.013157894736842105,0.0,5.817017836307059e-07,76
a0.50_c0.00_n15_s0.5_L100_Iobserved,0,DART_coverage_worst,DART_coverage,worst,observed,0.5,0.0,15,0.5,100,balanced_40,maj_specialist_62,0,0,0.015384615384615385,0.0,5.817017836307059e-07,65
a0.50_c0.00_n15_s0.5_L100_Iobserved,1,mean_cosine,mean_signature,mean,observed,0.5,0.0,15,0.5,100,min_specialist_0,min_specialist_3,0,1,0.25,0.43067655807339306,3.2009021211365507e-07,4
a0.50_c0.00_n15_s0.5_L100_Iobserved,1,mean_l2,mean_signature,mean,observed,0.5,0.0,15,0.5,100,maj_specialist_69,min_specialist_3,0,0,0.125,0.31546487678572877,8.114657035207529e-08,8
a0.50_c0.00_n15_s0.5_L100_Iobserved,1,cmap_signature_match,cmap_signature,mean,observed,0.5,0.0,15,0.5,100,min_specialist_0,min_specialist_3,0,1,0.25,0.43067655807339306,3.2009021211365507e-07,4
a0.50_c0.00_n15_s0.5_L100_Iobserved,1,cmap_signature_reverse,cmap_signature,mean,observed,0.5,0.0,15,0.5,100,min_specialist_0,min_specialist_3,0,1,0.25,0.43067655807339306,3.2009021211365507e-07,4
a0.50_c0.00_n15_s0.5_L100_Iobserved,1,DART_energy,DART_distributional,mean,observed,0.5,0.0,15,0.5,100,maj_specialist_52,min_specialist_3,0,0,0.16666666666666666,0.3562071871080222,1.7051529610512262e-07,6
a0.50_c0.00_n15_s0.5_L100_Iobserved,1,DART_mmd,DART_distributional,mean,observed,0.5,0.0,15,0.5,100,maj_specialist_69,min_specialist_3,0,1,0.2,0.38685280723454163,8.114657035207529e-08,5
a0.50_c0.00_n15_s0.5_L100_Iobserved,1,DART_sliced_wasserstein,DART_distributional,mean,observed,0.5,0.0,15,0.5,100,min_specialist_8,min_specialist_3,0,0,0.043478260869565216,0.0,2.525020406096701e-07,23
a0.50_c0.00_n15_s0.5_L100_Iobserved,1,DART_coverage_mean,DART_coverage,mean,observed,0.5,0.0,15,0.5,100,maj_specialist_69,min_specialist_3,0,1,0.2,0.38685280723454163,8.114657035207529e-08,5
a0.50_c0.00_n15_s0.5_L100_Iobserved,1,DART_coverage_worst,DART_coverage,mean,observed,0.5,0.0,15,0.5,100,maj_specialist_53,min_specialist_3,0,0,0.16666666666666666,0.3562071871080222,2.1156225216145685e-07,6
a0.50_c0.00_n15_s0.5_L100_Iobserved,1,mean_cosine,mean_signature,worst,observed,0.5,0.0,15,0.5,100,min_specialist_0,min_specialist_3,0,1,0.25,0.43067655807339306,3.7003190911377715e-07,4
a0.50_c0.00_n15_s0.5_L100_Iobserved,1,mean_l2,mean_signature,worst,observed,0.5,0.0,15,0.5,100,maj_specialist_69,min_specialist_3,0,0,0.125,0.31546487678572877,1.5250786944420724e-07,8
a0.50_c0.00_n15_s0.5_L100_Iobserved,1,cmap_signature_match,cmap_signature,worst,observed,0.5,0.0,15,0.5,100,min_specialist_0,min_specialist_3,0,1,0.25,0.43067655807339306,3.7003190911377715e-07,4
a0.50_c0.00_n15_s0.5_L100_Iobserved,1,cmap_signature_reverse,cmap_signature,worst,observed,0.5,0.0,15,0.5,100,min_specialist_0,min_specialist_3,0,1,0.25,0.43067655807339306,3.7003190911377715e-07,4
a0.50_c0.00_n15_s0.5_L100_Iobserved,1,DART_energy,DART_distributional,worst,observed,0.5,0.0,15,0.5,100,maj_specialist_52,min_specialist_3,0,0,0.16666666666666666,0.3562071871080222,2.681399102755222e-07,6
a0.50_c0.00_n15_s0.5_L100_Iobserved,1,DART_mmd,DART_distributional,worst,observed,0.5,0.0,15,0.5,100,maj_specialist_69,min_specialist_3,0,1,0.2,0.38685280723454163,1.5250786944420724e-07,5
a0.50_c0.00_n15_s0.5_L100_Iobserved,1,DART_sliced_wasserstein,DART_distributional,worst,observed,0.5,0.0,15,0.5,100,min_specialist_8,min_specialist_3,0,0,0.043478260869565216,0.0,2.419759184135728e-07,23
a0.50_c0.00_n15_s0.5_L100_Iobserved,1,DART_coverage_mean,DART_coverage,worst,observed,0.5,0.0,15,0.5,100,maj_specialist_69,min_specialist_3,0,1,0.2,0.38685280723454163,1.5250786944420724e-07,5
a0.50_c0.00_n15_s0.5_L100_Iobserved,1,DART_coverage_worst,DART_coverage,worst,observed,0.5,0.0,15,0.5,100,maj_specialist_53,min_specialist_3,0,0,0.16666666666666666,0.3562071871080222,2.3984675934229926e-07,6
a0.50_c0.00_n15_s0.5_L100_Iobserved,2,mean_cosine,mean_signature,mean,observed,0.5,0.0,15,0.5,100,min_specialist_0,maj_specialist_61,0,0,0.016129032258064516,0.0,9.163689540514497e-07,62
a0.50_c0.00_n15_s0.5_L100_Iobserved,2,mean_l2,mean_signature,mean,observed,0.5,0.0,15,0.5,100,maj_specialist_54,maj_specialist_61,0,0,0.014925373134328358,0.0,7.489240267943842e-07,67
a0.50_c0.00_n15_s0.5_L100_Iobserved,2,cmap_signature_match,cmap_signature,mean,observed,0.5,0.0,15,0.5,100,min_specialist_0,maj_specialist_61,0,0,0.016129032258064516,0.0,9.163689540514497e-07,62
a0.50_c0.00_n15_s0.5_L100_Iobserved,2,cmap_signature_reverse,cmap_signature,mean,observed,0.5,0.0,15,0.5,100,min_specialist_0,maj_specialist_61,0,0,0.016129032258064516,0.0,9.163689540514497e-07,62
a0.50_c0.00_n15_s0.5_L100_Iobserved,2,DART_energy,DART_distributional,mean,observed,0.5,0.0,15,0.5,100,maj_specialist_54,maj_specialist_61,0,0,0.015384615384615385,0.0,7.489240267943842e-07,65
a0.50_c0.00_n15_s0.5_L100_Iobserved,2,DART_mmd,DART_distributional,mean,observed,0.5,0.0,15,0.5,100,maj_specialist_54,maj_specialist_61,0,0,0.017857142857142856,0.0,7.489240267943842e-07,56
a0.50_c0.00_n15_s0.5_L100_Iobserved,2,DART_sliced_wasserstein,DART_distributional,mean,observed,0.5,0.0,15,0.5,100,min_specialist_25,maj_specialist_61,0,0,0.022222222222222223,0.0,5.395961508725122e-07,45
a0.50_c0.00_n15_s0.5_L100_Iobserved,2,DART_coverage_mean,DART_coverage,mean,observed,0.5,0.0,15,0.5,100,maj_specialist_54,maj_specialist_61,0,0,0.01639344262295082,0.0,7.489240267943842e-07,61
a0.50_c0.00_n15_s0.5_L100_Iobserved,2,DART_coverage_worst,DART_coverage,mean,observed,0.5,0.0,15,0.5,100,balanced_32,maj_specialist_61,0,0,0.014084507042253521,0.0,9.49834117136561e-07,71
a0.50_c0.00_n15_s0.5_L100_Iobserved,2,mean_cosine,mean_signature,worst,observed,0.5,0.0,15,0.5,100,min_specialist_0,maj_specialist_61,0,0,0.016129032258064516,0.0,8.024909128323543e-07,62
a0.50_c0.00_n15_s0.5_L100_Iobserved,2,mean_l2,mean_signature,worst,observed,0.5,0.0,15,0.5,100,maj_specialist_54,maj_specialist_61,0,0,0.014925373134328358,0.0,6.00607215517357e-07,67
a0.50_c0.00_n15_s0.5_L100_Iobserved,2,cmap_signature_match,cmap_signature,worst,observed,0.5,0.0,15,0.5,100,min_specialist_0,maj_specialist_61,0,0,0.016129032258064516,0.0,8.024909128323543e-07,62
a0.50_c0.00_n15_s0.5_L100_Iobserved,2,cmap_signature_reverse,cmap_signature,worst,observed,0.5,0.0,15,0.5,100,min_specialist_0,maj_specialist_61,0,0,0.016129032258064516,0.0,8.024909128323543e-07,62
a0.50_c0.00_n15_s0.5_L100_Iobserved,2,DART_energy,DART_distributional,worst,observed,0.5,0.0,15,0.5,100,maj_specialist_54,maj_specialist_61,0,0,0.015384615384615385,0.0,6.00607215517357e-07,65
a0.50_c0.00_n15_s0.5_L100_Iobserved,2,DART_mmd,DART_distributional,worst,observed,0.5,0.0,15,0.5,100,maj_specialist_54,maj_specialist_61,0,0,0.017857142857142856,0.0,6.00607215517357e-07,56
a0.50_c0.00_n15_s0.5_L100_Iobserved,2,DART_sliced_wasserstein,DART_distributional,worst,observed,0.5,0.0,15,0.5,100,min_specialist_25,maj_specialist_61,0,0,0.022222222222222223,0.0,4.881960258273921e-07,45
a0.50_c0.00_n15_s0.5_L100_Iobserved,2,DART_coverage_mean,DART_coverage,worst,observed,0.5,0.0,15,0.5,100,maj_specialist_54,maj_specialist_61,0,0,0.01639344262295082,0.0,6.00607215517357e-07,61
a0.50_c0.00_n15_s0.5_L100_Iobserved,2,DART_coverage_worst,DART_coverage,worst,observed,0.5,0.0,15,0.5,100,balanced_32,maj_specialist_61,0,0,0.014084507042253521,0.0,8.332295671209522e-07,71
a0.50_c0.00_n15_s0.5_L20_Ipredicted_mean,0,mean_cosine,mean_signature,mean,predicted_mean,0.5,0.0,15,0.5,20,min_specialist_0,maj_specialist_14,0,0,0.06666666666666667,0.0,2.98908595652847e-07,15
a0.50_c0.00_n15_s0.5_L20_Ipredicted_mean,0,mean_l2,mean_signature,mean,predicted_mean,0.5,0.0,15,0.5,20,maj_specialist_15,maj_specialist_14,0,0,0.07692307692307693,0.0,6.353995587460304e-07,13
a0.50_c0.00_n15_s0.5_L20_Ipredicted_mean,0,cmap_signature_match,cmap_signature,mean,predicted_mean,0.5,0.0,15,0.5,20,min_specialist_0,maj_specialist_14,0,0,0.06666666666666667,0.0,2.98908595652847e-07,15
a0.50_c0.00_n15_s0.5_L20_Ipredicted_mean,0,cmap_signature_reverse,cmap_signature,mean,predicted_mean,0.5,0.0,15,0.5,20,min_specialist_0,maj_specialist_14,0,0,0.06666666666666667,0.0,2.98908595652847e-07,15
a0.50_c0.00_n15_s0.5_L20_Ipredicted_mean,0,DART_energy,DART_distributional,mean,predicted_mean,0.5,0.0,15,0.5,20,maj_specialist_15,maj_specialist_14,0,0,0.07692307692307693,0.0,6.353995587460304e-07,13
a0.50_c0.00_n15_s0.5_L20_Ipredicted_mean,0,DART_mmd,DART_distributional,mean,predicted_mean,0.5,0.0,15,0.5,20,min_specialist_2,maj_specialist_14,0,0,0.08333333333333333,0.0,5.412817110084234e-07,12
a0.50_c0.00_n15_s0.5_L20_Ipredicted_mean,0,DART_sliced_wasserstein,DART_distributional,mean,predicted_mean,0.5,0.0,15,0.5,20,min_specialist_2,maj_specialist_14,0,0,0.06666666666666667,0.0,5.412817110084234e-07,15
a0.50_c0.00_n15_s0.5_L20_Ipredicted_mean,0,DART_coverage_mean,DART_coverage,mean,predicted_mean,0.5,0.0,15,0.5,20,min_specialist_2,maj_specialist_14,0,0,0.09090909090909091,0.0,5.412817110084234e-07,11
a0.50_c0.00_n15_s0.5_L20_Ipredicted_mean,0,DART_coverage_worst,DART_coverage,mean,predicted_mean,0.5,0.0,15,0.5,20,maj_specialist_13,maj_specialist_14,0,1,0.25,0.43067655807339306,6.002038759334027e-07,4
a0.50_c0.00_n15_s0.5_L20_Ipredicted_mean,0,mean_cosine,mean_signature,worst,predicted_mean,0.5,0.0,15,0.5,20,min_specialist_0,maj_specialist_14,0,0,0.06666666666666667,0.0,2.672086374388982e-07,15
a0.50_c0.00_n15_s0.5_L20_Ipredicted_mean,0,mean_l2,mean_signature,worst,predicted_mean,0.5,0.0,15,0.5,20,maj_specialist_15,maj_specialist_14,0,0,0.07692307692307693,0.0,7.030731374868537e-07,13
a0.50_c0.00_n15_s0.5_L20_Ipredicted_mean,0,cmap_signature_match,cmap_signature,worst,predicted_mean,0.5,0.0,15,0.5,20,min_specialist_0,maj_specialist_14,0,0,0.06666666666666667,0.0,2.672086374388982e-07,15
a0.50_c0.00_n15_s0.5_L20_Ipredicted_mean,0,cmap_signature_reverse,cmap_signature,worst,predicted_mean,0.5,0.0,15,0.5,20,min_specialist_0,maj_specialist_14,0,0,0.06666666666666667,0.0,2.672086374388982e-07,15
a0.50_c0.00_n15_s0.5_L20_Ipredicted_mean,0,DART_energy,DART_distributional,worst,predicted_mean,0.5,0.0,15,0.5,20,maj_specialist_15,maj_specialist_14,0,0,0.07692307692307693,0.0,7.030731374868537e-07,13
a0.50_c0.00_n15_s0.5_L20_Ipredicted_mean,0,DART_mmd,DART_distributional,worst,predicted_mean,0.5,0.0,15,0.5,20,min_specialist_2,maj_specialist_14,0,0,0.08333333333333333,0.0,4.956648744780523e-07,12
a0.50_c0.00_n15_s0.5_L20_Ipredicted_mean,0,DART_sliced_wasserstein,DART_distributional,worst,predicted_mean,0.5,0.0,15,0.5,20,min_specialist_2,maj_specialist_14,0,0,0.06666666666666667,0.0,4.956648744780523e-07,15
a0.50_c0.00_n15_s0.5_L20_Ipredicted_mean,0,DART_coverage_mean,DART_coverage,worst,predicted_mean,0.5,0.0,15,0.5,20,min_specialist_2,maj_specialist_14,0,0,0.09090909090909091,0.0,4.956648744780523e-07,11
a0.50_c0.00_n15_s0.5_L20_Ipredicted_mean,0,DART_coverage_worst,DART_coverage,worst,predicted_mean,0.5,0.0,15,0.5,20,maj_specialist_13,maj_specialist_14,0,1,0.25,0.43067655807339306,5.827570497274337e-07,4
a0.50_c0.00_n15_s0.5_L20_Ipredicted_mean,1,mean_cosine,mean_signature,mean,predicted_mean,0.5,0.0,15,0.5,20,min_specialist_0,min_specialist_3,0,1,0.25,0.43067655807339306,3.2009021211365507e-07,4
a0.50_c0.00_n15_s0.5_L20_Ipredicted_mean,1,mean_l2,mean_signature,mean,predicted_mean,0.5,0.0,15,0.5,20,maj_specialist_12,min_specialist_3,0,0,0.07142857142857142,0.0,8.767168360179767e-07,14
a0.50_c0.00_n15_s0.5_L20_Ipredicted_mean,1,cmap_signature_match,cmap_signature,mean,predicted_mean,0.5,0.0,15,0.5,20,min_specialist_0,min_specialist_3,0,1,0.25,0.43067655807339306,3.2009021211365507e-07,4
a0.50_c0.00_n15_s0.5_L20_Ipredicted_mean,1,cmap_signature_reverse,cmap_signature,mean,predicted_mean,0.5,0.0,15,0.5,20,min_specialist_0,min_specialist_3,0,1,0.25,0.43067655807339306,3.2009021211365507e-07,4
a0.50_c0.00_n15_s0.5_L20_Ipredicted_mean,1,DART_energy,DART_distributional,mean,predicted_mean,0.5,0.0,15,0.5,20,balanced_8,min_specialist_3,0,0,0.06666666666666667,0.0,2.525020406096701e-07,15
a0.50_c0.00_n15_s0.5_L20_Ipredicted_mean,1,DART_mmd,DART_distributional,mean,predicted_mean,0.5,0.0,15,0.5,20,balanced_8,min_specialist_3,0,0,0.07142857142857142,0.0,2.525020406096701e-07,14
a0.50_c0.00_n15_s0.5_L20_Ipredicted_mean,1,DART_sliced_wasserstein,DART_distributional,mean,predicted_mean,0.5,0.0,15,0.5,20,balanced_8,min_specialist_3,0,0,0.07142857142857142,0.0,2.525020406096701e-07,14
a0.50_c0.00_n15_s0.5_L20_Ipredicted_mean,1,DART_coverage_mean,DART_coverage,mean,predicted_mean,0.5,0.0,15,0.5,20,maj_specialist_12,min_specialist_3,0,0,0.14285714285714285,0.3333333333333333,8.767168360179767e-07,7
a0.50_c0.00_n15_s0.5_L20_Ipredicted_mean,1,DART_coverage_worst,DART_coverage,mean,predicted_mean,0.5,0.0,15,0.5,20,maj_specialist_12,min_specialist_3,0,0,0.14285714285714285,0.3333333333333333,8.767168360179767e-07,7
a0.50_c0.00_n15_s0.5_L20_Ipredicted_mean,1,mean_cosine,mean_signature,worst,predicted_mean,0.5,0.0,15,0.5,20,min_specialist_0,min_specialist_3,0,1,0.25,0.43067655807339306,3.7003190911377715e-07,4
a0.50_c0.00_n15_s0.5_L20_Ipredicted_mean,1,mean_l2,mean_signature,worst,predicted_mean,0.5,0.0,15,0.5,20,maj_specialist_12,min_specialist_3,0,0,0.07142857142857142,0.0,9.233861604229787e-07,14
a0.50_c0.00_n15_s0.5_L20_Ipredicted_mean,1,cmap_signature_match,cmap_signature,worst,predicted_mean,0.5,0.0,15,0.5,20,min_specialist_0,min_specialist_3,0,1,0.25,0.43067655807339306,3.7003190911377715e-07,4
a0.50_c0.00_n15_s0.5_L20_Ipredicted_mean,1,cmap_signature_reverse,cmap_signature,worst,predicted_mean,0.5,0.0,15,0.5,20,min_specialist_0,min_specialist_3,0,1,0.25,0.43067655807339306,3.7003190911377715e-07,4
a0.50_c0.00_n15_s0.5_L20_Ipredicted_mean,1,DART_energy,DART_distributional,worst,predicted_mean,0.5,0.0,15,0.5,20,balanced_8,min_specialist_3,0,0,0.06666666666666667,0.0,2.419759184135728e-07,15
a0.50_c0.00_n15_s0.5_L20_Ipredicted_mean,1,DART_mmd,DART_distributional,worst,predicted_mean,0.5,0.0,15,0.5,20,balanced_8,min_specialist_3,0,0,0.07142857142857142,0.0,2.419759184135728e-07,14
a0.50_c0.00_n15_s0.5_L20_Ipredicted_mean,1,DART_sliced_wasserstein,DART_distributional,worst,predicted_mean,0.5,0.0,15,0.5,20,balanced_8,min_specialist_3,0,0,0.07142857142857142,0.0,2.419759184135728e-07,14
a0.50_c0.00_n15_s0.5_L20_Ipredicted_mean,1,DART_coverage_mean,DART_coverage,worst,predicted_mean,0.5,0.0,15,0.5,20,maj_specialist_12,min_specialist_3,0,0,0.14285714285714285,0.3333333333333333,9.233861604229787e-07,7
a0.50_c0.00_n15_s0.5_L20_Ipredicted_mean,1,DART_coverage_worst,DART_coverage,worst,predicted_mean,0.5,0.0,15,0.5,20,maj_specialist_12,min_specialist_3,0,0,0.14285714285714285,0.3333333333333333,9.233861604229787e-07,7
a0.50_c0.00_n15_s0.5_L20_Ipredicted_mean,2,mean_cosine,mean_signature,mean,predicted_mean,0.5,0.0,15,0.5,20,min_specialist_0,maj_specialist_14,0,0,0.06666666666666667,0.0,6.45659522291453e-07,15
a0.50_c0.00_n15_s0.5_L20_Ipredicted_mean,2,mean_l2,mean_signature,mean,predicted_mean,0.5,0.0,15,0.5,20,balanced_9,maj_specialist_14,0,0,0.08333333333333333,0.0,4.386115399768187e-07,12
a0.50_c0.00_n15_s0.5_L20_Ipredicted_mean,2,cmap_signature_match,cmap_signature,mean,predicted_mean,0.5,0.0,15,0.5,20,min_specialist_0,maj_specialist_14,0,0,0.06666666666666667,0.0,6.45659522291453e-07,15
a0.50_c0.00_n15_s0.5_L20_Ipredicted_mean,2,cmap_signature_reverse,cmap_signature,mean,predicted_mean,0.5,0.0,15,0.5,20,min_specialist_0,maj_specialist_14,0,0,0.06666666666666667,0.0,6.45659522291453e-07,15
a0.50_c0.00_n15_s0.5_L20_Ipredicted_mean,2,DART_energy,DART_distributional,mean,predicted_mean,0.5,0.0,15,0.5,20,maj_specialist_12,maj_specialist_14,0,0,0.07692307692307693,0.0,5.842389079191435e-07,13
a0.50_c0.00_n15_s0.5_L20_Ipredicted_mean,2,DART_mmd,DART_distributional,mean,predicted_mean,0.5,0.0,15,0.5,20,maj_specialist_12,maj_specialist_14,0,0,0.06666666666666667,0.0,5.842389079191435e-07,15
a0.50_c0.00_n15_s0.5_L20_Ipredicted_mean,2,DART_sliced_wasserstein,DART_distributional,mean,predicted_mean,0.5,0.0,15,0.5,20,balanced_9,maj_specialist_14,0,0,0.09090909090909091,0.0,4.386115399768187e-07,11
a0.50_c0.00_n15_s0.5_L20_Ipredicted_mean,2,DART_coverage_mean,DART_coverage,mean,predicted_mean,0.5,0.0,15,0.5,20,maj_specialist_15,maj_specialist_14,0,0,0.07692307692307693,0.0,7.080948485338467e-07,13
a0.50_c0.00_n15_s0.5_L20_Ipredicted_mean,2,DART_coverage_worst,DART_coverage,mean,predicted_mean,0.5,0.0,15,0.5,20,min_specialist_5,maj_specialist_14,0,1,0.2,0.38685280723454163,5.390680506422996e-07,5
a0.50_c0.00_n15_s0.5_L20_Ipredicted_mean,2,mean_cosine,mean_signature,worst,predicted_mean,0.5,0.0,15,0.5,20,min_specialist_0,maj_specialist_14,0,0,0.06666666666666667,0.0,6.368911122933696e-07,15
a0.50_c0.00_n15_s0.5_L20_Ipredicted_mean,2,mean_l2,mean_signature,worst,predicted_mean,0.5,0.0,15,0.5,20,balanced_9,maj_specialist_14,0,0,0.08333333333333333,0.0,4.905904376073522e-07,12
a0.50_c0.00_n15_s0.5_L20_Ipredicted_mean,2,cmap_signature_match,cmap_signature,worst,predicted_mean,0.5,0.0,15,0.5,20,min_specialist_0,maj_specialist_14,0,0,0.06666666666666667,0.0,6.368911122933696e-07,15
a0.50_c0.00_n15_s0.5_L20_Ipredicted_mean,2,cmap_signature_reverse,cmap_signature,worst,predicted_mean,0.5,0.0,15,0.5,20,min_specialist_0,maj_specialist_14,0,0,0.06666666666666667,0.0,6.368911122933696e-07,15
a0.50_c0.00_n15_s0.5_L20_Ipredicted_mean,2,DART_energy,DART_distributional,worst,predicted_mean,0.5,0.0,15,0.5,20,maj_specialist_12,maj_specialist_14,0,0,0.07692307692307693,0.0,5.855622760009283e-07,13
a0.50_c0.00_n15_s0.5_L20_Ipredicted_mean,2,DART_mmd,DART_distributional,worst,predicted_mean,0.5,0.0,15,0.5,20,maj_specialist_12,maj_specialist_14,0,0,0.06666666666666667,0.0,5.855622760009283e-07,15
a0.50_c0.00_n15_s0.5_L20_Ipredicted_mean,2,DART_sliced_wasserstein,DART_distributional,worst,predicted_mean,0.5,0.0,15,0.5,20,balanced_9,maj_specialist_14,0,0,0.09090909090909091,0.0,4.905904376073522e-07,11
a0.50_c0.00_n15_s0.5_L20_Ipredicted_mean,2,DART_coverage_mean,DART_coverage,worst,predicted_mean,0.5,0.0,15,0.5,20,maj_specialist_15,maj_specialist_14,0,0,0.07692307692307693,0.0,7.127852228450138e-07,13
a0.50_c0.00_n15_s0.5_L20_Ipredicted_mean,2,DART_coverage_worst,DART_coverage,worst,predicted_mean,0.5,0.0,15,0.5,20,min_specialist_5,maj_specialist_14,0,1,0.2,0.38685280723454163,5.970930381238304e-07,5
a0.50_c0.00_n15_s0.5_L100_Ipredicted_mean,0,mean_cosine,mean_signature,mean,predicted_mean,0.5,0.0,15,0.5,100,min_specialist_0,maj_specialist_62,0,0,0.015873015873015872,0.0,5.82461304077242e-07,63
a0.50_c0.00_n15_s0.5_L100_Ipredicted_mean,0,mean_l2,mean_signature,mean,predicted_mean,0.5,0.0,15,0.5,100,min_specialist_19,maj_specialist_62,0,0,0.012658227848101266,0.0,9.775125136002316e-07,79
a0.50_c0.00_n15_s0.5_L100_Ipredicted_mean,0,cmap_signature_match,cmap_signature,mean,predicted_mean,0.5,0.0,15,0.5,100,min_specialist_0,maj_specialist_62,0,0,0.015873015873015872,0.0,5.82461304077242e-07,63
a0.50_c0.00_n15_s0.5_L100_Ipredicted_mean,0,cmap_signature_reverse,cmap_signature,mean,predicted_mean,0.5,0.0,15,0.5,100,min_specialist_0,maj_specialist_62,0,0,0.015873015873015872,0.0,5.82461304077242e-07,63
a0.50_c0.00_n15_s0.5_L100_Ipredicted_mean,0,DART_energy,DART_distributional,mean,predicted_mean,0.5,0.0,15,0.5,100,balanced_37,maj_specialist_62,0,0,0.012658227848101266,0.0,5.280763986093007e-07,79
a0.50_c0.00_n15_s0.5_L100_Ipredicted_mean,0,DART_mmd,DART_distributional,mean,predicted_mean,0.5,0.0,15,0.5,100,balanced_37,maj_specialist_62,0,0,0.01282051282051282,0.0,5.280763986093007e-07,78
a0.50_c0.00_n15_s0.5_L100_Ipredicted_mean,0,DART_sliced_wasserstein,DART_distributional,mean,predicted_mean,0.5,0.0,15,0.5,100,min_specialist_2,maj_specialist_62,0,0,0.022222222222222223,0.0,8.248344194328183e-07,45
a0.50_c0.00_n15_s0.5_L100_Ipredicted_mean,0,DART_coverage_mean,DART_coverage,mean,predicted_mean,0.5,0.0,15,0.5,100,min_specialist_8,maj_specialist_62,0,0,0.014285714285714285,0.0,9.78983514698939e-07,70
a0.50_c0.00_n15_s0.5_L100_Ipredicted_mean,0,DART_coverage_worst,DART_coverage,mean,predicted_mean,0.5,0.0,15,0.5,100,balanced_49,maj_specialist_62,0,0,0.014705882352941176,0.0,4.4578936808647995e-07,68
a0.50_c0.00_n15_s0.5_L100_Ipredicted_mean,0,mean_cosine,mean_signature,worst,predicted_mean,0.5,0.0,15,0.5,100,min_specialist_0,maj_specialist_62,0,0,0.015873015873015872,0.0,6.698310706099164e-07,63
a0.50_c0.00_n15_s0.5_L100_Ipredicted_mean,0,mean_l2,mean_signature,worst,predicted_mean,0.5,0.0,15,0.5,100,min_specialist_19,maj_specialist_62,0,0,0.012658227848101266,0.0,1.0224784041668045e-06,79
a0.50_c0.00_n15_s0.5_L100_Ipredicted_mean,0,cmap_signature_match,cmap_signature,worst,predicted_mean,0.5,0.0,15,0.5,100,min_specialist_0,maj_specialist_62,0,0,0.015873015873015872,0.0,6.698310706099164e-07,63
a0.50_c0.00_n15_s0.5_L100_Ipredicted_mean,0,cmap_signature_reverse,cmap_signature,worst,predicted_mean,0.5,0.0,15,0.5,100,min_specialist_0,maj_specialist_62,0,0,0.015873015873015872,0.0,6.698310706099164e-07,63
a0.50_c0.00_n15_s0.5_L100_Ipredicted_mean,0,DART_energy,DART_distributional,worst,predicted_mean,0.5,0.0,15,0.5,100,balanced_37,maj_specialist_62,0,0,0.012658227848101266,0.0,5.367781383824877e-07,79
a0.50_c0.00_n15_s0.5_L100_Ipredicted_mean,0,DART_mmd,DART_distributional,worst,predicted_mean,0.5,0.0,15,0.5,100,balanced_37,maj_specialist_62,0,0,0.01282051282051282,0.0,5.367781383824877e-07,78
a0.50_c0.00_n15_s0.5_L100_Ipredicted_mean,0,DART_sliced_wasserstein,DART_distributional,worst,predicted_mean,0.5,0.0,15,0.5,100,min_specialist_2,maj_specialist_62,0,0,0.022222222222222223,0.0,8.982873076490705e-07,45
a0.50_c0.00_n15_s0.5_L100_Ipredicted_mean,0,DART_coverage_mean,DART_coverage,worst,predicted_mean,0.5,0.0,15,0.5,100,min_specialist_8,maj_specialist_62,0,0,0.014285714285714285,0.0,1.1057943964942751e-06,70
a0.50_c0.00_n15_s0.5_L100_Ipredicted_mean,0,DART_coverage_worst,DART_coverage,worst,predicted_mean,0.5,0.0,15,0.5,100,balanced_49,maj_specialist_62,0,0,0.014705882352941176,0.0,4.3542381078509607e-07,68
a0.50_c0.00_n15_s0.5_L100_Ipredicted_mean,1,mean_cosine,mean_signature,mean,predicted_mean,0.5,0.0,15,0.5,100,min_specialist_0,min_specialist_3,0,1,0.25,0.43067655807339306,3.2009021211365507e-07,4
a0.50_c0.00_n15_s0.5_L100_Ipredicted_mean,1,mean_l2,mean_signature,mean,predicted_mean,0.5,0.0,15,0.5,100,min_specialist_10,min_specialist_3,0,0,0.0136986301369863,0.0,8.05382864399462e-07,73
a0.50_c0.00_n15_s0.5_L100_Ipredicted_mean,1,cmap_signature_match,cmap_signature,mean,predicted_mean,0.5,0.0,15,0.5,100,min_specialist_0,min_specialist_3,0,1,0.25,0.43067655807339306,3.2009021211365507e-07,4
a0.50_c0.00_n15_s0.5_L100_Ipredicted_mean,1,cmap_signature_reverse,cmap_signature,mean,predicted_mean,0.5,0.0,15,0.5,100,min_specialist_0,min_specialist_3,0,1,0.25,0.43067655807339306,3.2009021211365507e-07,4
a0.50_c0.00_n15_s0.5_L100_Ipredicted_mean,1,DART_energy,DART_distributional,mean,predicted_mean,0.5,0.0,15,0.5,100,min_specialist_10,min_specialist_3,0,0,0.013157894736842105,0.0,8.05382864399462e-07,76
a0.50_c0.00_n15_s0.5_L100_Ipredicted_mean,1,DART_mmd,DART_distributional,mean,predicted_mean,0.5,0.0,15,0.5,100,min_specialist_10,min_specialist_3,0,0,0.013157894736842105,0.0,8.05382864399462e-07,76
a0.50_c0.00_n15_s0.5_L100_Ipredicted_mean,1,DART_sliced_wasserstein,DART_distributional,mean,predicted_mean,0.5,0.0,15,0.5,100,min_specialist_10,min_specialist_3,0,0,0.015625,0.0,8.05382864399462e-07,64
a0.50_c0.00_n15_s0.5_L100_Ipredicted_mean,1,DART_coverage_mean,DART_coverage,mean,predicted_mean,0.5,0.0,15,0.5,100,min_specialist_10,min_specialist_3,0,0,0.013513513513513514,0.0,8.05382864399462e-07,74
a0.50_c0.00_n15_s0.5_L100_Ipredicted_mean,1,DART_coverage_worst,DART_coverage,mean,predicted_mean,0.5,0.0,15,0.5,100,maj_specialist_53,min_specialist_3,0,0,0.014285714285714285,0.0,2.1156225216145685e-07,70
a0.50_c0.00_n15_s0.5_L100_Ipredicted_mean,1,mean_cosine,mean_signature,worst,predicted_mean,0.5,0.0,15,0.5,100,min_specialist_0,min_specialist_3,0,1,0.25,0.43067655807339306,3.7003190911377715e-07,4
a0.50_c0.00_n15_s0.5_L100_Ipredicted_mean,1,mean_l2,mean_signature,worst,predicted_mean,0.5,0.0,15,0.5,100,min_specialist_10,min_specialist_3,0,0,0.0136986301369863,0.0,8.836570053460946e-07,73
a0.50_c0.00_n15_s0.5_L100_Ipredicted_mean,1,cmap_signature_match,cmap_signature,worst,predicted_mean,0.5,0.0,15,0.5,100,min_specialist_0,min_specialist_3,0,1,0.25,0.43067655807339306,3.7003190911377715e-07,4
a0.50_c0.00_n15_s0.5_L100_Ipredicted_mean,1,cmap_signature_reverse,cmap_signature,worst,predicted_mean,0.5,0.0,15,0.5,100,min_specialist_0,min_specialist_3,0,1,0.25,0.43067655807339306,3.7003190911377715e-07,4
a0.50_c0.00_n15_s0.5_L100_Ipredicted_mean,1,DART_energy,DART_distributional,worst,predicted_mean,0.5,0.0,15,0.5,100,min_specialist_10,min_specialist_3,0,0,0.013157894736842105,0.0,8.836570053460946e-07,76
a0.50_c0.00_n15_s0.5_L100_Ipredicted_mean,1,DART_mmd,DART_distributional,worst,predicted_mean,0.5,0.0,15,0.5,100,min_specialist_10,min_specialist_3,0,0,0.013157894736842105,0.0,8.836570053460946e-07,76
a0.50_c0.00_n15_s0.5_L100_Ipredicted_mean,1,DART_sliced_wasserstein,DART_distributional,worst,predicted_mean,0.5,0.0,15,0.5,100,min_specialist_10,min_specialist_3,0,0,0.015625,0.0,8.836570053460946e-07,64
a0.50_c0.00_n15_s0.5_L100_Ipredicted_mean,1,DART_coverage_mean,DART_coverage,worst,predicted_mean,0.5,0.0,15,0.5,100,min_specialist_10,min_specialist_3,0,0,0.013513513513513514,0.0,8.836570053460946e-07,74
a0.50_c0.00_n15_s0.5_L100_Ipredicted_mean,1,DART_coverage_worst,DART_coverage,worst,predicted_mean,0.5,0.0,15,0.5,100,maj_specialist_53,min_specialist_3,0,0,0.014285714285714285,0.0,2.3984675934229926e-07,70
a0.50_c0.00_n15_s0.5_L100_Ipredicted_mean,2,mean_cosine,mean_signature,mean,predicted_mean,0.5,0.0,15,0.5,100,min_specialist_0,maj_specialist_61,0,0,0.016129032258064516,0.0,9.163689540514497e-07,62
a0.50_c0.00_n15_s0.5_L100_Ipredicted_mean,2,mean_l2,mean_signature,mean,predicted_mean,0.5,0.0,15,0.5,100,maj_specialist_55,maj_specialist_61,0,0,0.014084507042253521,0.0,6.187684427061413e-07,71
a0.50_c0.00_n15_s0.5_L100_Ipredicted_mean,2,cmap_signature_match,cmap_signature,mean,predicted_mean,0.5,0.0,15,0.5,100,min_specialist_0,maj_specialist_61,0,0,0.016129032258064516,0.0,9.163689540514497e-07,62
a0.50_c0.00_n15_s0.5_L100_Ipredicted_mean,2,cmap_signature_reverse,cmap_signature,mean,predicted_mean,0.5,0.0,15,0.5,100,min_specialist_0,maj_specialist_61,0,0,0.016129032258064516,0.0,9.163689540514497e-07,62
a0.50_c0.00_n15_s0.5_L100_Ipredicted_mean,2,DART_energy,DART_distributional,mean,predicted_mean,0.5,0.0,15,0.5,100,maj_specialist_55,maj_specialist_61,0,0,0.015384615384615385,0.0,6.187684427061413e-07,65
a0.50_c0.00_n15_s0.5_L100_Ipredicted_mean,2,DART_mmd,DART_distributional,mean,predicted_mean,0.5,0.0,15,0.5,100,balanced_47,maj_specialist_61,0,0,0.0196078431372549,0.0,4.314531523164078e-07,51
a0.50_c0.00_n15_s0.5_L100_Ipredicted_mean,2,DART_sliced_wasserstein,DART_distributional,mean,predicted_mean,0.5,0.0,15,0.5,100,maj_specialist_74,maj_specialist_61,0,0,0.018518518518518517,0.0,7.585735986026521e-07,54
a0.50_c0.00_n15_s0.5_L100_Ipredicted_mean,2,DART_coverage_mean,DART_coverage,mean,predicted_mean,0.5,0.0,15,0.5,100,balanced_47,maj_specialist_61,0,0,0.02,0.0,4.314531523164078e-07,50
a0.50_c0.00_n15_s0.5_L100_Ipredicted_mean,2,DART_coverage_worst,DART_coverage,mean,predicted_mean,0.5,0.0,15,0.5,100,maj_specialist_55,maj_specialist_61,0,0,0.02,0.0,6.187684427061413e-07,50
a0.50_c0.00_n15_s0.5_L100_Ipredicted_mean,2,mean_cosine,mean_signature,worst,predicted_mean,0.5,0.0,15,0.5,100,min_specialist_0,maj_specialist_61,0,0,0.016129032258064516,0.0,8.024909128323543e-07,62
a0.50_c0.00_n15_s0.5_L100_Ipredicted_mean,2,mean_l2,mean_signature,worst,predicted_mean,0.5,0.0,15,0.5,100,maj_specialist_55,maj_specialist_61,0,0,0.014084507042253521,0.0,4.748751720740074e-07,71
a0.50_c0.00_n15_s0.5_L100_Ipredicted_mean,2,cmap_signature_match,cmap_signature,worst,predicted_mean,0.5,0.0,15,0.5,100,min_specialist_0,maj_specialist_61,0,0,0.016129032258064516,0.0,8.024909128323543e-07,62
a0.50_c0.00_n15_s0.5_L100_Ipredicted_mean,2,cmap_signature_reverse,cmap_signature,worst,predicted_mean,0.5,0.0,15,0.5,100,min_specialist_0,maj_specialist_61,0,0,0.016129032258064516,0.0,8.024909128323543e-07,62
a0.50_c0.00_n15_s0.5_L100_Ipredicted_mean,2,DART_energy,DART_distributional,worst,predicted_mean,0.5,0.0,15,0.5,100,maj_specialist_55,maj_specialist_61,0,0,0.015384615384615385,0.0,4.748751720740074e-07,65
a0.50_c0.00_n15_s0.5_L100_Ipredicted_mean,2,DART_mmd,DART_distributional,worst,predicted_mean,0.5,0.0,15,0.5,100,balanced_47,maj_specialist_61,0,0,0.0196078431372549,0.0,3.4235837986784645e-07,51
a0.50_c0.00_n15_s0.5_L100_Ipredicted_mean,2,DART_sliced_wasserstein,DART_distributional,worst,predicted_mean,0.5,0.0,15,0.5,100,maj_specialist_74,maj_specialist_61,0,0,0.018518518518518517,0.0,7.194971018975593e-07,54
a0.50_c0.00_n15_s0.5_L100_Ipredicted_mean,2,DART_coverage_mean,DART_coverage,worst,predicted_mean,0.5,0.0,15,0.5,100,balanced_47,maj_specialist_61,0,0,0.02,0.0,3.4235837986784645e-07,50
a0.50_c0.00_n15_s0.5_L100_Ipredicted_mean,2,DART_coverage_worst,DART_coverage,worst,predicted_mean,0.5,0.0,15,0.5,100,maj_specialist_55,maj_specialist_61,0,0,0.02,0.0,4.748751720740074e-07,50
a0.50_c0.50_n15_s0.5_L20_Iobserved,0,mean_cosine,mean_signature,mean,observed,0.5,0.5,15,0.5,20,min_specialist_0,balanced_7,0,0,0.125,0.31546487678572877,0.2799997753259511,8
a0.50_c0.50_n15_s0.5_L20_Iobserved,0,mean_l2,mean_signature,mean,observed,0.5,0.5,15,0.5,20,min_specialist_3,balanced_7,0,0,0.0625,0.0,0.1000002210817783,16
a0.50_c0.50_n15_s0.5_L20_Iobserved,0,cmap_signature_match,cmap_signature,mean,observed,0.5,0.5,15,0.5,20,min_specialist_0,balanced_7,0,0,0.125,0.31546487678572877,0.2799997753259511,8
a0.50_c0.50_n15_s0.5_L20_Iobserved,0,cmap_signature_reverse,cmap_signature,mean,observed,0.5,0.5,15,0.5,20,min_specialist_0,balanced_7,0,0,0.125,0.31546487678572877,0.2799997753259511,8
a0.50_c0.50_n15_s0.5_L20_Iobserved,0,DART_energy,DART_distributional,mean,observed,0.5,0.5,15,0.5,20,maj_specialist_13,balanced_7,0,0,0.0625,0.0,0.15000001990642886,16
a0.50_c0.50_n15_s0.5_L20_Iobserved,0,DART_mmd,DART_distributional,mean,observed,0.5,0.5,15,0.5,20,maj_specialist_13,balanced_7,0,0,0.0625,0.0,0.15000001990642886,16
a0.50_c0.50_n15_s0.5_L20_Iobserved,0,DART_sliced_wasserstein,DART_distributional,mean,observed,0.5,0.5,15,0.5,20,min_specialist_2,balanced_7,0,0,0.09090909090909091,0.0,0.15000025784535254,11
a0.50_c0.50_n15_s0.5_L20_Iobserved,0,DART_coverage_mean,DART_coverage,mean,observed,0.5,0.5,15,0.5,20,maj_specialist_13,balanced_7,0,0,0.0625,0.0,0.15000001990642886,16
a0.50_c0.50_n15_s0.5_L20_Iobserved,0,DART_coverage_worst,DART_coverage,mean,observed,0.5,0.5,15,0.5,20,balanced_9,balanced_7,0,0,0.125,0.31546487678572877,0.010000117508742079,8
a0.50_c0.50_n15_s0.5_L20_Iobserved,0,mean_cosine,mean_signature,worst,observed,0.5,0.5,15,0.5,20,min_specialist_0,balanced_7,0,0,0.125,0.31546487678572877,2.3799995698850616,8
a0.50_c0.50_n15_s0.5_L20_Iobserved,0,mean_l2,mean_signature,worst,observed,0.5,0.5,15,0.5,20,min_specialist_3,balanced_7,0,0,0.0625,0.0,1.2999999014568928,16
a0.50_c0.50_n15_s0.5_L20_Iobserved,0,cmap_signature_match,cmap_signature,worst,observed,0.5,0.5,15,0.5,20,min_specialist_0,balanced_7,0,0,0.125,0.31546487678572877,2.3799995698850616,8
a0.50_c0.50_n15_s0.5_L20_Iobserved,0,cmap_signature_reverse,cmap_signature,worst,observed,0.5,0.5,15,0.5,20,min_specialist_0,balanced_7,0,0,0.125,0.31546487678572877,2.3799995698850616,8
a0.50_c0.50_n15_s0.5_L20_Iobserved,0,DART_energy,DART_distributional,worst,observed,0.5,0.5,15,0.5,20,maj_specialist_13,balanced_7,0,0,0.0625,0.0,1.6499997736720111,16
a0.50_c0.50_n15_s0.5_L20_Iobserved,0,DART_mmd,DART_distributional,worst,observed,0.5,0.5,15,0.5,20,maj_specialist_13,balanced_7,0,0,0.0625,0.0,1.6499997736720111,16
a0.50_c0.50_n15_s0.5_L20_Iobserved,0,DART_sliced_wasserstein,DART_distributional,worst,observed,0.5,0.5,15,0.5,20,min_specialist_2,balanced_7,0,0,0.09090909090909091,0.0,1.6500000993469932,11
a0.50_c0.50_n15_s0.5_L20_Iobserved,0,DART_coverage_mean,DART_coverage,worst,observed,0.5,0.5,15,0.5,20,maj_specialist_13,balanced_7,0,0,0.0625,0.0,1.6499997736720111,16
a0.50_c0.50_n15_s0.5_L20_Iobserved,0,DART_coverage_worst,DART_coverage,worst,observed,0.5,0.5,15,0.5,20,balanced_9,balanced_7,0,0,0.125,0.31546487678572877,0.30999979317026316,8
a0.50_c0.50_n15_s0.5_L20_Iobserved,1,mean_cosine,mean_signature,mean,observed,0.5,0.5,15,0.5,20,min_specialist_0,balanced_8,0,0,0.1111111111111111,0.3010299956639812,0.28000036686223595,9
a0.50_c0.50_n15_s0.5_L20_Iobserved,1,mean_l2,mean_signature,mean,observed,0.5,0.5,15,0.5,20,maj_specialist_12,balanced_8,0,0,0.125,0.31546487678572877,0.10000059084501345,8
a0.50_c0.50_n15_s0.5_L20_Iobserved,1,cmap_signature_match,cmap_signature,mean,observed,0.5,0.5,15,0.5,20,min_specialist_0,balanced_8,0,0,0.1111111111111111,0.3010299956639812,0.28000036686223595,9
a0.50_c0.50_n15_s0.5_L20_Iobserved,1,cmap_signature_reverse,cmap_signature,mean,observed,0.5,0.5,15,0.5,20,min_specialist_0,balanced_8,0,0,0.1111111111111111,0.3010299956639812,0.28000036686223595,9
a0.50_c0.50_n15_s0.5_L20_Iobserved,1,DART_energy,DART_distributional,mean,observed,0.5,0.5,15,0.5,20,maj_specialist_12,balanced_8,0,0,0.16666666666666666,0.3562071871080222,0.10000059084501345,6
a0.50_c0.50_n15_s0.5_L20_Iobserved,1,DART_mmd,DART_distributional,mean,observed,0.5,0.5,15,0.5,20,maj_specialist_12,balanced_8,0,0,0.125,0.31546487678572877,0.10000059084501345,8
a0.50_c0.50_n15_s0.5_L20_Iobserved,1,DART_sliced_wasserstein,DART_distributional,mean,observed,0.5,0.5,15,0.5,20,maj_specialist_12,balanced_8,0,1,0.5,0.6309297535714575,0.10000059084501345,2
a0.50_c0.50_n15_s0.5_L20_Iobserved,1,DART_coverage_mean,DART_coverage,mean,observed,0.5,0.5,15,0.5,20,balanced_6,balanced_8,0,1,0.2,0.38685280723454163,0.010000275917672496,5
a0.50_c0.50_n15_s0.5_L20_Iobserved,1,DART_coverage_worst,DART_coverage,mean,observed,0.5,0.5,15,0.5,20,maj_specialist_10,balanced_8,0,1,0.3333333333333333,0.5,0.03000075555118542,3
a0.50_c0.50_n15_s0.5_L20_Iobserved,1,mean_cosine,mean_signature,worst,observed,0.5,0.5,15,0.5,20,min_specialist_0,balanced_8,0,0,0.1111111111111111,0.3010299956639812,2.380000370037699,9
a0.50_c0.50_n15_s0.5_L20_Iobserved,1,mean_l2,mean_signature,worst,observed,0.5,0.5,15,0.5,20,maj_specialist_12,balanced_8,0,0,0.125,0.31546487678572877,1.3000005953295641,8
a0.50_c0.50_n15_s0.5_L20_Iobserved,1,cmap_signature_match,cmap_signature,worst,observed,0.5,0.5,15,0.5,20,min_specialist_0,balanced_8,0,0,0.1111111111111111,0.3010299956639812,2.380000370037699,9
a0.50_c0.50_n15_s0.5_L20_Iobserved,1,cmap_signature_reverse,cmap_signature,worst,observed,0.5,0.5,15,0.5,20,min_specialist_0,balanced_8,0,0,0.1111111111111111,0.3010299956639812,2.380000370037699,9
a0.50_c0.50_n15_s0.5_L20_Iobserved,1,DART_energy,DART_distributional,worst,observed,0.5,0.5,15,0.5,20,maj_specialist_12,balanced_8,0,0,0.16666666666666666,0.3562071871080222,1.3000005953295641,6
a0.50_c0.50_n15_s0.5_L20_Iobserved,1,DART_mmd,DART_distributional,worst,observed,0.5,0.5,15,0.5,20,maj_specialist_12,balanced_8,0,0,0.125,0.31546487678572877,1.3000005953295641,8
a0.50_c0.50_n15_s0.5_L20_Iobserved,1,DART_sliced_wasserstein,DART_distributional,worst,observed,0.5,0.5,15,0.5,20,maj_specialist_12,balanced_8,0,1,0.5,0.6309297535714575,1.3000005953295641,2
a0.50_c0.50_n15_s0.5_L20_Iobserved,1,DART_coverage_mean,DART_coverage,worst,observed,0.5,0.5,15,0.5,20,balanced_6,balanced_8,0,1,0.2,0.38685280723454163,0.3100000220904491,5
a0.50_c0.50_n15_s0.5_L20_Iobserved,1,DART_coverage_worst,DART_coverage,worst,observed,0.5,0.5,15,0.5,20,maj_specialist_10,balanced_8,0,1,0.3333333333333333,0.5,0.6300007017648568,3
a0.50_c0.50_n15_s0.5_L20_Iobserved,2,mean_cosine,mean_signature,mean,observed,0.5,0.5,15,0.5,20,min_specialist_0,balanced_7,0,0,0.125,0.31546487678572877,0.28000053118308443,8
a0.50_c0.50_n15_s0.5_L20_Iobserved,2,mean_l2,mean_signature,mean,observed,0.5,0.5,15,0.5,20,maj_specialist_11,balanced_7,0,1,0.3333333333333333,0.5,0.060000415583612465,3
a0.50_c0.50_n15_s0.5_L20_Iobserved,2,cmap_signature_match,cmap_signature,mean,observed,0.5,0.5,15,0.5,20,min_specialist_0,balanced_7,0,0,0.125,0.31546487678572877,0.28000053118308443,8
a0.50_c0.50_n15_s0.5_L20_Iobserved,2,cmap_signature_reverse,cmap_signature,mean,observed,0.5,0.5,15,0.5,20,min_specialist_0,balanced_7,0,0,0.125,0.31546487678572877,0.28000053118308443,8
a0.50_c0.50_n15_s0.5_L20_Iobserved,2,DART_energy,DART_distributional,mean,observed,0.5,0.5,15,0.5,20,maj_specialist_11,balanced_7,0,1,0.3333333333333333,0.5,0.060000415583612465,3
a0.50_c0.50_n15_s0.5_L20_Iobserved,2,DART_mmd,DART_distributional,mean,observed,0.5,0.5,15,0.5,20,maj_specialist_11,balanced_7,0,1,0.3333333333333333,0.5,0.060000415583612465,3
a0.50_c0.50_n15_s0.5_L20_Iobserved,2,DART_sliced_wasserstein,DART_distributional,mean,observed,0.5,0.5,15,0.5,20,balanced_9,balanced_7,0,1,0.3333333333333333,0.5,0.010000160963961946,3
a0.50_c0.50_n15_s0.5_L20_Iobserved,2,DART_coverage_mean,DART_coverage,mean,observed,0.5,0.5,15,0.5,20,balanced_9,balanced_7,0,1,0.3333333333333333,0.5,0.010000160963961946,3
a0.50_c0.50_n15_s0.5_L20_Iobserved,2,DART_coverage_worst,DART_coverage,mean,observed,0.5,0.5,15,0.5,20,balanced_9,balanced_7,0,1,0.2,0.38685280723454163,0.010000160963961946,5
a0.50_c0.50_n15_s0.5_L20_Iobserved,2,mean_cosine,mean_signature,worst,observed,0.5,0.5,15,0.5,20,min_specialist_0,balanced_7,0,0,0.125,0.31546487678572877,2.3800005296806255,8
a0.50_c0.50_n15_s0.5_L20_Iobserved,2,mean_l2,mean_signature,worst,observed,0.5,0.5,15,0.5,20,maj_specialist_11,balanced_7,0,1,0.3333333333333333,0.5,0.9600003680017295,3
a0.50_c0.50_n15_s0.5_L20_Iobserved,2,cmap_signature_match,cmap_signature,worst,observed,0.5,0.5,15,0.5,20,min_specialist_0,balanced_7,0,0,0.125,0.31546487678572877,2.3800005296806255,8
a0.50_c0.50_n15_s0.5_L20_Iobserved,2,cmap_signature_reverse,cmap_signature,worst,observed,0.5,0.5,15,0.5,20,min_specialist_0,balanced_7,0,0,0.125,0.31546487678572877,2.3800005296806255,8
a0.50_c0.50_n15_s0.5_L20_Iobserved,2,DART_energy,DART_distributional,worst,observed,0.5,0.5,15,0.5,20,maj_specialist_11,balanced_7,0,1,0.3333333333333333,0.5,0.9600003680017295,3
a0.50_c0.50_n15_s0.5_L20_Iobserved,2,DART_mmd,DART_distributional,worst,observed,0.5,0.5,15,0.5,20,maj_specialist_11,balanced_7,0,1,0.3333333333333333,0.5,0.9600003680017295,3
a0.50_c0.50_n15_s0.5_L20_Iobserved,2,DART_sliced_wasserstein,DART_distributional,worst,observed,0.5,0.5,15,0.5,20,balanced_9,balanced_7,0,1,0.3333333333333333,0.5,0.31000012623152884,3
a0.50_c0.50_n15_s0.5_L20_Iobserved,2,DART_coverage_mean,DART_coverage,worst,observed,0.5,0.5,15,0.5,20,balanced_9,balanced_7,0,1,0.3333333333333333,0.5,0.31000012623152884,3
a0.50_c0.50_n15_s0.5_L20_Iobserved,2,DART_coverage_worst,DART_coverage,worst,observed,0.5,0.5,15,0.5,20,balanced_9,balanced_7,0,1,0.2,0.38685280723454163,0.31000012623152884,5
a0.50_c0.50_n15_s0.5_L100_Iobserved,0,mean_cosine,mean_signature,mean,observed,0.5,0.5,15,0.5,100,min_specialist_0,balanced_39,0,0,0.025,0.0,0.28120498503715297,40
a0.50_c0.50_n15_s0.5_L100_Iobserved,0,mean_l2,mean_signature,mean,observed,0.5,0.5,15,0.5,100,balanced_40,balanced_39,0,0,0.045454545454545456,0.0,2.2980367475611274e-07,22
a0.50_c0.50_n15_s0.5_L100_Iobserved,0,cmap_signature_match,cmap_signature,mean,observed,0.5,0.5,15,0.5,100,min_specialist_0,balanced_39,0,0,0.025,0.0,0.28120498503715297,40
a0.50_c0.50_n15_s0.5_L100_Iobserved,0,cmap_signature_reverse,cmap_signature,mean,observed,0.5,0.5,15,0.5,100,min_specialist_0,balanced_39,0,0,0.025,0.0,0.28120498503715297,40
a0.50_c0.50_n15_s0.5_L100_Iobserved,0,DART_energy,DART_distributional,mean,observed,0.5,0.5,15,0.5,100,balanced_40,balanced_39,0,0,0.05,0.0,2.2980367475611274e-07,20
a0.50_c0.50_n15_s0.5_L100_Iobserved,0,DART_mmd,DART_distributional,mean,observed,0.5,0.5,15,0.5,100,balanced_40,balanced_39,0,0,0.05263157894736842,0.0,2.2980367475611274e-07,19
a0.50_c0.50_n15_s0.5_L100_Iobserved,0,DART_sliced_wasserstein,DART_distributional,mean,observed,0.5,0.5,15,0.5,100,balanced_43,balanced_39,0,0,0.025,0.0,0.0021635890287932114,40
a0.50_c0.50_n15_s0.5_L100_Iobserved,0,DART_coverage_mean,DART_coverage,mean,observed,0.5,0.5,15,0.5,100,balanced_40,balanced_39,0,0,0.05,0.0,2.2980367475611274e-07,20
a0.50_c0.50_n15_s0.5_L100_Iobserved,0,DART_coverage_worst,DART_coverage,mean,observed,0.5,0.5,15,0.5,100,balanced_40,balanced_39,0,0,0.041666666666666664,0.0,2.2980367475611274e-07,24
a0.50_c0.50_n15_s0.5_L100_Iobserved,0,mean_cosine,mean_signature,worst,observed,0.5,0.5,15,0.5,100,min_specialist_0,balanced_39,0,0,0.025,0.0,2.502723970678119,40
a0.50_c0.50_n15_s0.5_L100_Iobserved,0,mean_l2,mean_signature,worst,observed,0.5,0.5,15,0.5,100,balanced_40,balanced_39,0,0,0.045454545454545456,0.0,3.2418003570455767e-07,22
a0.50_c0.50_n15_s0.5_L100_Iobserved,0,cmap_signature_match,cmap_signature,worst,observed,0.5,0.5,15,0.5,100,min_specialist_0,balanced_39,0,0,0.025,0.0,2.502723970678119,40
a0.50_c0.50_n15_s0.5_L100_Iobserved,0,cmap_signature_reverse,cmap_signature,worst,observed,0.5,0.5,15,0.5,100,min_specialist_0,balanced_39,0,0,0.025,0.0,2.502723970678119,40
a0.50_c0.50_n15_s0.5_L100_Iobserved,0,DART_energy,DART_distributional,worst,observed,0.5,0.5,15,0.5,100,balanced_40,balanced_39,0,0,0.05,0.0,3.2418003570455767e-07,20
a0.50_c0.50_n15_s0.5_L100_Iobserved,0,DART_mmd,DART_distributional,worst,observed,0.5,0.5,15,0.5,100,balanced_40,balanced_39,0,0,0.05263157894736842,0.0,3.2418003570455767e-07,19
a0.50_c0.50_n15_s0.5_L100_Iobserved,0,DART_sliced_wasserstein,DART_distributional,worst,observed,0.5,0.5,15,0.5,100,balanced_43,balanced_39,0,0,0.025,0.0,0.17304976281255335,40
a0.50_c0.50_n15_s0.5_L100_Iobserved,0,DART_coverage_mean,DART_coverage,worst,observed,0.5,0.5,15,0.5,100,balanced_40,balanced_39,0,0,0.05,0.0,3.2418003570455767e-07,20
a0.50_c0.50_n15_s0.5_L100_Iobserved,0,DART_coverage_worst,DART_coverage,worst,observed,0.5,0.5,15,0.5,100,balanced_40,balanced_39,0,0,0.041666666666666664,0.0,3.2418003570455767e-07,24
a0.50_c0.50_n15_s0.5_L100_Iobserved,1,mean_cosine,mean_signature,mean,observed,0.5,0.5,15,0.5,100,min_specialist_0,balanced_40,0,0,0.024390243902439025,0.0,0.2812052815555788,41
a0.50_c0.50_n15_s0.5_L100_Iobserved,1,mean_l2,mean_signature,mean,observed,0.5,0.5,15,0.5,100,maj_specialist_69,balanced_40,0,0,0.012658227848101266,0.0,0.15682568853529943,79
a0.50_c0.50_n15_s0.5_L100_Iobserved,1,cmap_signature_match,cmap_signature,mean,observed,0.5,0.5,15,0.5,100,min_specialist_0,balanced_40,0,0,0.024390243902439025,0.0,0.2812052815555788,41
a0.50_c0.50_n15_s0.5_L100_Iobserved,1,cmap_signature_reverse,cmap_signature,mean,observed,0.5,0.5,15,0.5,100,min_specialist_0,balanced_40,0,0,0.024390243902439025,0.0,0.2812052815555788,41
a0.50_c0.50_n15_s0.5_L100_Iobserved,1,DART_energy,DART_distributional,mean,observed,0.5,0.5,15,0.5,100,maj_specialist_52,balanced_40,0,0,0.012658227848101266,0.0,0.02812042924922764,79
a0.50_c0.50_n15_s0.5_L100_Iobserved,1,DART_mmd,DART_distributional,mean,observed,0.5,0.5,15,0.5,100,maj_specialist_69,balanced_40,0,0,0.012658227848101266,0.0,0.15682568853529943,79
a0.50_c0.50_n15_s0.5_L100_Iobserved,1,DART_sliced_wasserstein,DART_distributional,mean,observed,0.5,0.5,15,0.5,100,min_specialist_8,balanced_40,0,0,0.0125,0.0,0.17881746472042082,80
a0.50_c0.50_n15_s0.5_L100_Iobserved,1,DART_coverage_mean,DART_coverage,mean,observed,0.5,0.5,15,0.5,100,maj_specialist_69,balanced_40,0,0,0.012658227848101266,0.0,0.15682568853529943,79
a0.50_c0.50_n15_s0.5_L100_Iobserved,1,DART_coverage_worst,DART_coverage,mean,observed,0.5,0.5,15,0.5,100,maj_specialist_52,balanced_40,0,0,0.022727272727272728,0.0,0.02812042924922764,44
a0.50_c0.50_n15_s0.5_L100_Iobserved,1,mean_cosine,mean_signature,worst,observed,0.5,0.5,15,0.5,100,min_specialist_0,balanced_40,0,0,0.024390243902439025,0.0,2.502724442070985,41
a0.50_c0.50_n15_s0.5_L100_Iobserved,1,mean_l2,mean_signature,worst,observed,0.5,0.5,15,0.5,100,maj_specialist_69,balanced_40,0,0,0.012658227848101266,0.0,1.8087244125833983,79
a0.50_c0.50_n15_s0.5_L100_Iobserved,1,cmap_signature_match,cmap_signature,worst,observed,0.5,0.5,15,0.5,100,min_specialist_0,balanced_40,0,0,0.024390243902439025,0.0,2.502724442070985,41
a0.50_c0.50_n15_s0.5_L100_Iobserved,1,cmap_signature_reverse,cmap_signature,worst,observed,0.5,0.5,15,0.5,100,min_specialist_0,balanced_40,0,0,0.024390243902439025,0.0,2.502724442070985,41
a0.50_c0.50_n15_s0.5_L100_Iobserved,1,DART_energy,DART_distributional,worst,observed,0.5,0.5,15,0.5,100,maj_specialist_52,balanced_40,0,0,0.012658227848101266,0.0,0.7116647316584483,79
a0.50_c0.50_n15_s0.5_L100_Iobserved,1,DART_mmd,DART_distributional,worst,observed,0.5,0.5,15,0.5,100,maj_specialist_69,balanced_40,0,0,0.012658227848101266,0.0,1.8087244125833983,79
a0.50_c0.50_n15_s0.5_L100_Iobserved,1,DART_sliced_wasserstein,DART_distributional,worst,observed,0.5,0.5,15,0.5,100,min_specialist_8,balanced_40,0,0,0.0125,0.0,1.9446401195524814,80
a0.50_c0.50_n15_s0.5_L100_Iobserved,1,DART_coverage_mean,DART_coverage,worst,observed,0.5,0.5,15,0.5,100,maj_specialist_69,balanced_40,0,0,0.012658227848101266,0.0,1.8087244125833983,79
a0.50_c0.50_n15_s0.5_L100_Iobserved,1,DART_coverage_worst,DART_coverage,worst,observed,0.5,0.5,15,0.5,100,maj_specialist_52,balanced_40,0,0,0.022727272727272728,0.0,0.7116647316584483,44
a0.50_c0.50_n15_s0.5_L100_Iobserved,2,mean_cosine,mean_signature,mean,observed,0.5,0.5,15,0.5,100,min_specialist_0,balanced_40,0,0,0.024390243902439025,0.0,0.2812051504968167,41
a0.50_c0.50_n15_s0.5_L100_Iobserved,2,mean_l2,mean_signature,mean,observed,0.5,0.5,15,0.5,100,maj_specialist_54,balanced_40,0,1,0.2,0.38685280723454163,0.037854289737964564,5
a0.50_c0.50_n15_s0.5_L100_Iobserved,2,cmap_signature_match,cmap_signature,mean,observed,0.5,0.5,15,0.5,100,min_specialist_0,balanced_40,0,0,0.024390243902439025,0.0,0.2812051504968167,41
a0.50_c0.50_n15_s0.5_L100_Iobserved,2,cmap_signature_reverse,cmap_signature,mean,observed,0.5,0.5,15,0.5,100,min_specialist_0,balanced_40,0,0,0.024390243902439025,0.0,0.2812051504968167,41
a0.50_c0.50_n15_s0.5_L100_Iobserved,2,DART_energy,DART_distributional,mean,observed,0.5,0.5,15,0.5,100,maj_specialist_54,balanced_40,0,1,0.2,0.38685280723454163,0.037854289737964564,5
a0.50_c0.50_n15_s0.5_L100_Iobserved,2,DART_mmd,DART_distributional,mean,observed,0.5,0.5,15,0.5,100,maj_specialist_54,balanced_40,0,1,0.2,0.38685280723454163,0.037854289737964564,5
a0.50_c0.50_n15_s0.5_L100_Iobserved,2,DART_sliced_wasserstein,DART_distributional,mean,observed,0.5,0.5,15,0.5,100,min_specialist_25,balanced_40,0,0,0.125,0.31546487678572877,0.03785430435892323,8
a0.50_c0.50_n15_s0.5_L100_Iobserved,2,DART_coverage_mean,DART_coverage,mean,observed,0.5,0.5,15,0.5,100,maj_specialist_54,balanced_40,0,1,0.2,0.38685280723454163,0.037854289737964564,5
a0.50_c0.50_n15_s0.5_L100_Iobserved,2,DART_coverage_worst,DART_coverage,mean,observed,0.5,0.5,15,0.5,100,balanced_32,balanced_40,0,1,0.3333333333333333,0.5,0.010094543166715653,3
a0.50_c0.50_n15_s0.5_L100_Iobserved,2,mean_cosine,mean_signature,worst,observed,0.5,0.5,15,0.5,100,min_specialist_0,balanced_40,0,0,0.024390243902439025,0.0,2.5027241913117813,41
a0.50_c0.50_n15_s0.5_L100_Iobserved,2,mean_l2,mean_signature,worst,observed,0.5,0.5,15,0.5,100,maj_specialist_54,balanced_40,0,1,0.2,0.38685280723454163,0.8353225760684246,5
a0.50_c0.50_n15_s0.5_L100_Iobserved,2,cmap_signature_match,cmap_signature,worst,observed,0.5,0.5,15,0.5,100,min_specialist_0,balanced_40,0,0,0.024390243902439025,0.0,2.5027241913117813,41
a0.50_c0.50_n15_s0.5_L100_Iobserved,2,cmap_signature_reverse,cmap_signature,worst,observed,0.5,0.5,15,0.5,100,min_specialist_0,balanced_40,0,0,0.024390243902439025,0.0,2.5027241913117813,41
a0.50_c0.50_n15_s0.5_L100_Iobserved,2,DART_energy,DART_distributional,worst,observed,0.5,0.5,15,0.5,100,maj_specialist_54,balanced_40,0,1,0.2,0.38685280723454163,0.8353225760684246,5
a0.50_c0.50_n15_s0.5_L100_Iobserved,2,DART_mmd,DART_distributional,worst,observed,0.5,0.5,15,0.5,100,maj_specialist_54,balanced_40,0,1,0.2,0.38685280723454163,0.8353225760684246,5
a0.50_c0.50_n15_s0.5_L100_Iobserved,2,DART_sliced_wasserstein,DART_distributional,worst,observed,0.5,0.5,15,0.5,100,min_specialist_25,balanced_40,0,0,0.125,0.31546487678572877,0.8353226547920052,8
a0.50_c0.50_n15_s0.5_L100_Iobserved,2,DART_coverage_mean,DART_coverage,worst,observed,0.5,0.5,15,0.5,100,maj_specialist_54,balanced_40,0,1,0.2,0.38685280723454163,0.8353225760684246,5
a0.50_c0.50_n15_s0.5_L100_Iobserved,2,DART_coverage_worst,DART_coverage,worst,observed,0.5,0.5,15,0.5,100,balanced_32,balanced_40,0,1,0.3333333333333333,0.5,0.4088287032514728,3
a0.50_c0.50_n15_s0.5_L20_Ipredicted_mean,0,mean_cosine,mean_signature,mean,predicted_mean,0.5,0.5,15,0.5,20,min_specialist_0,balanced_7,0,0,0.125,0.31546487678572877,0.2799997753259511,8
a0.50_c0.50_n15_s0.5_L20_Ipredicted_mean,0,mean_l2,mean_signature,mean,predicted_mean,0.5,0.5,15,0.5,20,maj_specialist_15,balanced_7,0,0,0.08333333333333333,0.0,0.28000013610867214,12
a0.50_c0.50_n15_s0.5_L20_Ipredicted_mean,0,cmap_signature_match,cmap_signature,mean,predicted_mean,0.5,0.5,15,0.5,20,min_specialist_0,balanced_7,0,0,0.125,0.31546487678572877,0.2799997753259511,8
a0.50_c0.50_n15_s0.5_L20_Ipredicted_mean,0,cmap_signature_reverse,cmap_signature,mean,predicted_mean,0.5,0.5,15,0.5,20,min_specialist_0,balanced_7,0,0,0.125,0.31546487678572877,0.2799997753259511,8
a0.50_c0.50_n15_s0.5_L20_Ipredicted_mean,0,DART_energy,DART_distributional,mean,predicted_mean,0.5,0.5,15,0.5,20,maj_specialist_15,balanced_7,0,0,0.07142857142857142,0.0,0.28000013610867214,14
a0.50_c0.50_n15_s0.5_L20_Ipredicted_mean,0,DART_mmd,DART_distributional,mean,predicted_mean,0.5,0.5,15,0.5,20,min_specialist_2,balanced_7,0,0,0.07142857142857142,0.0,0.15000025784535254,14
a0.50_c0.50_n15_s0.5_L20_Ipredicted_mean,0,DART_sliced_wasserstein,DART_distributional,mean,predicted_mean,0.5,0.5,15,0.5,20,min_specialist_2,balanced_7,0,0,0.14285714285714285,0.3333333333333333,0.15000025784535254,7
a0.50_c0.50_n15_s0.5_L20_Ipredicted_mean,0,DART_coverage_mean,DART_coverage,mean,predicted_mean,0.5,0.5,15,0.5,20,min_specialist_2,balanced_7,0,0,0.08333333333333333,0.0,0.15000025784535254,12
a0.50_c0.50_n15_s0.5_L20_Ipredicted_mean,0,DART_coverage_worst,DART_coverage,mean,predicted_mean,0.5,0.5,15,0.5,20,maj_specialist_13,balanced_7,0,1,0.2,0.38685280723454163,0.15000001990642886,5
a0.50_c0.50_n15_s0.5_L20_Ipredicted_mean,0,mean_cosine,mean_signature,worst,predicted_mean,0.5,0.5,15,0.5,20,min_specialist_0,balanced_7,0,0,0.125,0.31546487678572877,2.3799995698850616,8
a0.50_c0.50_n15_s0.5_L20_Ipredicted_mean,0,mean_l2,mean_signature,worst,predicted_mean,0.5,0.5,15,0.5,20,maj_specialist_15,balanced_7,0,0,0.08333333333333333,0.0,2.3800000965601242,12
a0.50_c0.50_n15_s0.5_L20_Ipredicted_mean,0,cmap_signature_match,cmap_signature,worst,predicted_mean,0.5,0.5,15,0.5,20,min_specialist_0,balanced_7,0,0,0.125,0.31546487678572877,2.3799995698850616,8
a0.50_c0.50_n15_s0.5_L20_Ipredicted_mean,0,cmap_signature_reverse,cmap_signature,worst,predicted_mean,0.5,0.5,15,0.5,20,min_specialist_0,balanced_7,0,0,0.125,0.31546487678572877,2.3799995698850616,8
a0.50_c0.50_n15_s0.5_L20_Ipredicted_mean,0,DART_energy,DART_distributional,worst,predicted_mean,0.5,0.5,15,0.5,20,maj_specialist_15,balanced_7,0,0,0.07142857142857142,0.0,2.3800000965601242,14
a0.50_c0.50_n15_s0.5_L20_Ipredicted_mean,0,DART_mmd,DART_distributional,worst,predicted_mean,0.5,0.5,15,0.5,20,min_specialist_2,balanced_7,0,0,0.07142857142857142,0.0,1.6500000993469932,14
a0.50_c0.50_n15_s0.5_L20_Ipredicted_mean,0,DART_sliced_wasserstein,DART_distributional,worst,predicted_mean,0.5,0.5,15,0.5,20,min_specialist_2,balanced_7,0,0,0.14285714285714285,0.3333333333333333,1.6500000993469932,7
a0.50_c0.50_n15_s0.5_L20_Ipredicted_mean,0,DART_coverage_mean,DART_coverage,worst,predicted_mean,0.5,0.5,15,0.5,20,min_specialist_2,balanced_7,0,0,0.08333333333333333,0.0,1.6500000993469932,12
a0.50_c0.50_n15_s0.5_L20_Ipredicted_mean,0,DART_coverage_worst,DART_coverage,worst,predicted_mean,0.5,0.5,15,0.5,20,maj_specialist_13,balanced_7,0,1,0.2,0.38685280723454163,1.6499997736720111,5
a0.50_c0.50_n15_s0.5_L20_Ipredicted_mean,1,mean_cosine,mean_signature,mean,predicted_mean,0.5,0.5,15,0.5,20,min_specialist_0,balanced_8,0,0,0.1111111111111111,0.3010299956639812,0.28000036686223595,9
a0.50_c0.50_n15_s0.5_L20_Ipredicted_mean,1,mean_l2,mean_signature,mean,predicted_mean,0.5,0.5,15,0.5,20,maj_specialist_12,balanced_8,0,1,0.5,0.6309297535714575,0.10000059084501345,2
a0.50_c0.50_n15_s0.5_L20_Ipredicted_mean,1,cmap_signature_match,cmap_signature,mean,predicted_mean,0.5,0.5,15,0.5,20,min_specialist_0,balanced_8,0,0,0.1111111111111111,0.3010299956639812,0.28000036686223595,9
a0.50_c0.50_n15_s0.5_L20_Ipredicted_mean,1,cmap_signature_reverse,cmap_signature,mean,predicted_mean,0.5,0.5,15,0.5,20,min_specialist_0,balanced_8,0,0,0.1111111111111111,0.3010299956639812,0.28000036686223595,9
a0.50_c0.50_n15_s0.5_L20_Ipredicted_mean,1,DART_energy,DART_distributional,mean,predicted_mean,0.5,0.5,15,0.5,20,balanced_8,balanced_8,1,1,1.0,1.0,0.0,1
a0.50_c0.50_n15_s0.5_L20_Ipredicted_mean,1,DART_mmd,DART_distributional,mean,predicted_mean,0.5,0.5,15,0.5,20,balanced_8,balanced_8,1,1,1.0,1.0,0.0,1
a0.50_c0.50_n15_s0.5_L20_Ipredicted_mean,1,DART_sliced_wasserstein,DART_distributional,mean,predicted_mean,0.5,0.5,15,0.5,20,balanced_8,balanced_8,1,1,1.0,1.0,0.0,1
a0.50_c0.50_n15_s0.5_L20_Ipredicted_mean,1,DART_coverage_mean,DART_coverage,mean,predicted_mean,0.5,0.5,15,0.5,20,maj_specialist_12,balanced_8,0,0,0.06666666666666667,0.0,0.10000059084501345,15
a0.50_c0.50_n15_s0.5_L20_Ipredicted_mean,1,DART_coverage_worst,DART_coverage,mean,predicted_mean,0.5,0.5,15,0.5,20,maj_specialist_12,balanced_8,0,0,0.06666666666666667,0.0,0.10000059084501345,15
a0.50_c0.50_n15_s0.5_L20_Ipredicted_mean,1,mean_cosine,mean_signature,worst,predicted_mean,0.5,0.5,15,0.5,20,min_specialist_0,balanced_8,0,0,0.1111111111111111,0.3010299956639812,2.380000370037699,9
a0.50_c0.50_n15_s0.5_L20_Ipredicted_mean,1,mean_l2,mean_signature,worst,predicted_mean,0.5,0.5,15,0.5,20,maj_specialist_12,balanced_8,0,1,0.5,0.6309297535714575,1.3000005953295641,2
a0.50_c0.50_n15_s0.5_L20_Ipredicted_mean,1,cmap_signature_match,cmap_signature,worst,predicted_mean,0.5,0.5,15,0.5,20,min_specialist_0,balanced_8,0,0,0.1111111111111111,0.3010299956639812,2.380000370037699,9
a0.50_c0.50_n15_s0.5_L20_Ipredicted_mean,1,cmap_signature_reverse,cmap_signature,worst,predicted_mean,0.5,0.5,15,0.5,20,min_specialist_0,balanced_8,0,0,0.1111111111111111,0.3010299956639812,2.380000370037699,9
a0.50_c0.50_n15_s0.5_L20_Ipredicted_mean,1,DART_energy,DART_distributional,worst,predicted_mean,0.5,0.5,15,0.5,20,balanced_8,balanced_8,1,1,1.0,1.0,0.0,1
a0.50_c0.50_n15_s0.5_L20_Ipredicted_mean,1,DART_mmd,DART_distributional,worst,predicted_mean,0.5,0.5,15,0.5,20,balanced_8,balanced_8,1,1,1.0,1.0,0.0,1
a0.50_c0.50_n15_s0.5_L20_Ipredicted_mean,1,DART_sliced_wasserstein,DART_distributional,worst,predicted_mean,0.5,0.5,15,0.5,20,balanced_8,balanced_8,1,1,1.0,1.0,0.0,1
a0.50_c0.50_n15_s0.5_L20_Ipredicted_mean,1,DART_coverage_mean,DART_coverage,worst,predicted_mean,0.5,0.5,15,0.5,20,maj_specialist_12,balanced_8,0,0,0.06666666666666667,0.0,1.3000005953295641,15
a0.50_c0.50_n15_s0.5_L20_Ipredicted_mean,1,DART_coverage_worst,DART_coverage,worst,predicted_mean,0.5,0.5,15,0.5,20,maj_specialist_12,balanced_8,0,0,0.06666666666666667,0.0,1.3000005953295641,15
a0.50_c0.50_n15_s0.5_L20_Ipredicted_mean,2,mean_cosine,mean_signature,mean,predicted_mean,0.5,0.5,15,0.5,20,min_specialist_0,balanced_7,0,0,0.125,0.31546487678572877,0.28000053118308443,8
a0.50_c0.50_n15_s0.5_L20_Ipredicted_mean,2,mean_l2,mean_signature,mean,predicted_mean,0.5,0.5,15,0.5,20,balanced_9,balanced_7,0,0,0.125,0.31546487678572877,0.010000160963961946,8
a0.50_c0.50_n15_s0.5_L20_Ipredicted_mean,2,cmap_signature_match,cmap_signature,mean,predicted_mean,0.5,0.5,15,0.5,20,min_specialist_0,balanced_7,0,0,0.125,0.31546487678572877,0.28000053118308443,8
a0.50_c0.50_n15_s0.5_L20_Ipredicted_mean,2,cmap_signature_reverse,cmap_signature,mean,predicted_mean,0.5,0.5,15,0.5,20,min_specialist_0,balanced_7,0,0,0.125,0.31546487678572877,0.28000053118308443,8
a0.50_c0.50_n15_s0.5_L20_Ipredicted_mean,2,DART_energy,DART_distributional,mean,predicted_mean,0.5,0.5,15,0.5,20,maj_specialist_12,balanced_7,0,0,0.1,0.2890648263178879,0.10000028219069179,10
a0.50_c0.50_n15_s0.5_L20_Ipredicted_mean,2,DART_mmd,DART_distributional,mean,predicted_mean,0.5,0.5,15,0.5,20,maj_specialist_12,balanced_7,0,0,0.07142857142857142,0.0,0.10000028219069179,14
a0.50_c0.50_n15_s0.5_L20_Ipredicted_mean,2,DART_sliced_wasserstein,DART_distributional,mean,predicted_mean,0.5,0.5,15,0.5,20,balanced_9,balanced_7,0,0,0.16666666666666666,0.3562071871080222,0.010000160963961946,6
a0.50_c0.50_n15_s0.5_L20_Ipredicted_mean,2,DART_coverage_mean,DART_coverage,mean,predicted_mean,0.5,0.5,15,0.5,20,maj_specialist_15,balanced_7,0,0,0.1111111111111111,0.3010299956639812,0.2800005114599351,9
a0.50_c0.50_n15_s0.5_L20_Ipredicted_mean,2,DART_coverage_worst,DART_coverage,mean,predicted_mean,0.5,0.5,15,0.5,20,min_specialist_5,balanced_7,0,1,0.3333333333333333,0.5,0.03000033190581064,3
a0.50_c0.50_n15_s0.5_L20_Ipredicted_mean,2,mean_cosine,mean_signature,worst,predicted_mean,0.5,0.5,15,0.5,20,min_specialist_0,balanced_7,0,0,0.125,0.31546487678572877,2.3800005296806255,8
a0.50_c0.50_n15_s0.5_L20_Ipredicted_mean,2,mean_l2,mean_signature,worst,predicted_mean,0.5,0.5,15,0.5,20,balanced_9,balanced_7,0,0,0.125,0.31546487678572877,0.31000012623152884,8
a0.50_c0.50_n15_s0.5_L20_Ipredicted_mean,2,cmap_signature_match,cmap_signature,worst,predicted_mean,0.5,0.5,15,0.5,20,min_specialist_0,balanced_7,0,0,0.125,0.31546487678572877,2.3800005296806255,8
a0.50_c0.50_n15_s0.5_L20_Ipredicted_mean,2,cmap_signature_reverse,cmap_signature,worst,predicted_mean,0.5,0.5,15,0.5,20,min_specialist_0,balanced_7,0,0,0.125,0.31546487678572877,2.3800005296806255,8
a0.50_c0.50_n15_s0.5_L20_Ipredicted_mean,2,DART_energy,DART_distributional,worst,predicted_mean,0.5,0.5,15,0.5,20,maj_specialist_12,balanced_7,0,0,0.1,0.2890648263178879,1.3000003096819377,10
a0.50_c0.50_n15_s0.5_L20_Ipredicted_mean,2,DART_mmd,DART_distributional,worst,predicted_mean,0.5,0.5,15,0.5,20,maj_specialist_12,balanced_7,0,0,0.07142857142857142,0.0,1.3000003096819377,14
a0.50_c0.50_n15_s0.5_L20_Ipredicted_mean,2,DART_sliced_wasserstein,DART_distributional,worst,predicted_mean,0.5,0.5,15,0.5,20,balanced_9,balanced_7,0,0,0.16666666666666666,0.3562071871080222,0.31000012623152884,6
a0.50_c0.50_n15_s0.5_L20_Ipredicted_mean,2,DART_coverage_mean,DART_coverage,worst,predicted_mean,0.5,0.5,15,0.5,20,maj_specialist_15,balanced_7,0,0,0.1111111111111111,0.3010299956639812,2.380000642966742,9
a0.50_c0.50_n15_s0.5_L20_Ipredicted_mean,2,DART_coverage_worst,DART_coverage,worst,predicted_mean,0.5,0.5,15,0.5,20,min_specialist_5,balanced_7,0,1,0.3333333333333333,0.5,0.6300000747216039,3
a0.50_c0.50_n15_s0.5_L100_Ipredicted_mean,0,mean_cosine,mean_signature,mean,predicted_mean,0.5,0.5,15,0.5,100,min_specialist_0,balanced_39,0,0,0.025,0.0,0.28120498503715297,40
a0.50_c0.50_n15_s0.5_L100_Ipredicted_mean,0,mean_l2,mean_signature,mean,predicted_mean,0.5,0.5,15,0.5,100,min_specialist_19,balanced_39,0,0,0.09090909090909091,0.0,0.0757095730994699,11
a0.50_c0.50_n15_s0.5_L100_Ipredicted_mean,0,cmap_signature_match,cmap_signature,mean,predicted_mean,0.5,0.5,15,0.5,100,min_specialist_0,balanced_39,0,0,0.025,0.0,0.28120498503715297,40
a0.50_c0.50_n15_s0.5_L100_Ipredicted_mean,0,cmap_signature_reverse,cmap_signature,mean,predicted_mean,0.5,0.5,15,0.5,100,min_specialist_0,balanced_39,0,0,0.025,0.0,0.28120498503715297,40
a0.50_c0.50_n15_s0.5_L100_Ipredicted_mean,0,DART_energy,DART_distributional,mean,predicted_mean,0.5,0.5,15,0.5,100,balanced_37,balanced_39,0,0,0.09090909090909091,0.0,0.0010816804217874676,11
a0.50_c0.50_n15_s0.5_L100_Ipredicted_mean,0,DART_mmd,DART_distributional,mean,predicted_mean,0.5,0.5,15,0.5,100,balanced_37,balanced_39,0,0,0.05263157894736842,0.0,0.0010816804217874676,19
a0.50_c0.50_n15_s0.5_L100_Ipredicted_mean,0,DART_sliced_wasserstein,DART_distributional,mean,predicted_mean,0.5,0.5,15,0.5,100,min_specialist_2,balanced_39,0,0,0.020833333333333332,0.0,0.25344526814274104,48
a0.50_c0.50_n15_s0.5_L100_Ipredicted_mean,0,DART_coverage_mean,DART_coverage,mean,predicted_mean,0.5,0.5,15,0.5,100,min_specialist_8,balanced_39,0,0,0.04,0.0,0.17881794414866192,25
a0.50_c0.50_n15_s0.5_L100_Ipredicted_mean,0,DART_coverage_worst,DART_coverage,mean,predicted_mean,0.5,0.5,15,0.5,100,balanced_49,balanced_39,0,0,0.05,0.0,0.01622341322375931,20
a0.50_c0.50_n15_s0.5_L100_Ipredicted_mean,0,mean_cosine,mean_signature,worst,predicted_mean,0.5,0.5,15,0.5,100,min_specialist_0,balanced_39,0,0,0.025,0.0,2.502723970678119,40
a0.50_c0.50_n15_s0.5_L100_Ipredicted_mean,0,mean_l2,mean_signature,worst,predicted_mean,0.5,0.5,15,0.5,100,min_specialist_19,balanced_39,0,0,0.09090909090909091,0.0,1.2149501542992773,11
a0.50_c0.50_n15_s0.5_L100_Ipredicted_mean,0,cmap_signature_match,cmap_signature,worst,predicted_mean,0.5,0.5,15,0.5,100,min_specialist_0,balanced_39,0,0,0.025,0.0,2.502723970678119,40
a0.50_c0.50_n15_s0.5_L100_Ipredicted_mean,0,cmap_signature_reverse,cmap_signature,worst,predicted_mean,0.5,0.5,15,0.5,100,min_specialist_0,balanced_39,0,0,0.025,0.0,2.502723970678119,40
a0.50_c0.50_n15_s0.5_L100_Ipredicted_mean,0,DART_energy,DART_distributional,worst,predicted_mean,0.5,0.5,15,0.5,100,balanced_37,balanced_39,0,0,0.09090909090909091,0.0,0.11500588520218002,11
a0.50_c0.50_n15_s0.5_L100_Ipredicted_mean,0,DART_mmd,DART_distributional,worst,predicted_mean,0.5,0.5,15,0.5,100,balanced_37,balanced_39,0,0,0.05263157894736842,0.0,0.11500588520218002,19
a0.50_c0.50_n15_s0.5_L100_Ipredicted_mean,0,DART_sliced_wasserstein,DART_distributional,worst,predicted_mean,0.5,0.5,15,0.5,100,min_specialist_2,balanced_39,0,0,0.020833333333333332,0.0,2.361040359886058,48
a0.50_c0.50_n15_s0.5_L100_Ipredicted_mean,0,DART_coverage_mean,DART_coverage,worst,predicted_mean,0.5,0.5,15,0.5,100,min_specialist_8,balanced_39,0,0,0.04,0.0,1.9446407020627738,25
a0.50_c0.50_n15_s0.5_L100_Ipredicted_mean,0,DART_coverage_worst,DART_coverage,worst,predicted_mean,0.5,0.5,15,0.5,100,balanced_49,balanced_39,0,0,0.05,0.0,0.5288816227933424,20
a0.50_c0.50_n15_s0.5_L100_Ipredicted_mean,1,mean_cosine,mean_signature,mean,predicted_mean,0.5,0.5,15,0.5,100,min_specialist_0,balanced_40,0,0,0.024390243902439025,0.0,0.2812052815555788,41
a0.50_c0.50_n15_s0.5_L100_Ipredicted_mean,1,mean_l2,mean_signature,mean,predicted_mean,0.5,0.5,15,0.5,100,min_specialist_10,balanced_40,0,0,0.014925373134328358,0.0,0.15682645646029414,67
a0.50_c0.50_n15_s0.5_L100_Ipredicted_mean,1,cmap_signature_match,cmap_signature,mean,predicted_mean,0.5,0.5,15,0.5,100,min_specialist_0,balanced_40,0,0,0.024390243902439025,0.0,0.2812052815555788,41
a0.50_c0.50_n15_s0.5_L100_Ipredicted_mean,1,cmap_signature_reverse,cmap_signature,mean,predicted_mean,0.5,0.5,15,0.5,100,min_specialist_0,balanced_40,0,0,0.024390243902439025,0.0,0.2812052815555788,41
a0.50_c0.50_n15_s0.5_L100_Ipredicted_mean,1,DART_energy,DART_distributional,mean,predicted_mean,0.5,0.5,15,0.5,100,min_specialist_10,balanced_40,0,0,0.014492753623188406,0.0,0.15682645646029414,69
a0.50_c0.50_n15_s0.5_L100_Ipredicted_mean,1,DART_mmd,DART_distributional,mean,predicted_mean,0.5,0.5,15,0.5,100,min_specialist_10,balanced_40,0,0,0.014492753623188406,0.0,0.15682645646029414,69
a0.50_c0.50_n15_s0.5_L100_Ipredicted_mean,1,DART_sliced_wasserstein,DART_distributional,mean,predicted_mean,0.5,0.5,15,0.5,100,min_specialist_10,balanced_40,0,0,0.0125,0.0,0.15682645646029414,80
a0.50_c0.50_n15_s0.5_L100_Ipredicted_mean,1,DART_coverage_mean,DART_coverage,mean,predicted_mean,0.5,0.5,15,0.5,100,min_specialist_10,balanced_40,0,0,0.016129032258064516,0.0,0.15682645646029414,62
a0.50_c0.50_n15_s0.5_L100_Ipredicted_mean,1,DART_coverage_worst,DART_coverage,mean,predicted_mean,0.5,0.5,15,0.5,100,maj_specialist_53,balanced_40,0,0,0.020833333333333332,0.0,0.03280716343644485,48
a0.50_c0.50_n15_s0.5_L100_Ipredicted_mean,1,mean_cosine,mean_signature,worst,predicted_mean,0.5,0.5,15,0.5,100,min_specialist_0,balanced_40,0,0,0.024390243902439025,0.0,2.502724442070985,41
a0.50_c0.50_n15_s0.5_L100_Ipredicted_mean,1,mean_l2,mean_signature,worst,predicted_mean,0.5,0.5,15,0.5,100,min_specialist_10,balanced_40,0,0,0.014925373134328358,0.0,1.8087253664622693,67
a0.50_c0.50_n15_s0.5_L100_Ipredicted_mean,1,cmap_signature_match,cmap_signature,worst,predicted_mean,0.5,0.5,15,0.5,100,min_specialist_0,balanced_40,0,0,0.024390243902439025,0.0,2.502724442070985,41
a0.50_c0.50_n15_s0.5_L100_Ipredicted_mean,1,cmap_signature_reverse,cmap_signature,worst,predicted_mean,0.5,0.5,15,0.5,100,min_specialist_0,balanced_40,0,0,0.024390243902439025,0.0,2.502724442070985,41
a0.50_c0.50_n15_s0.5_L100_Ipredicted_mean,1,DART_energy,DART_distributional,worst,predicted_mean,0.5,0.5,15,0.5,100,min_specialist_10,balanced_40,0,0,0.014492753623188406,0.0,1.8087253664622693,69
a0.50_c0.50_n15_s0.5_L100_Ipredicted_mean,1,DART_mmd,DART_distributional,worst,predicted_mean,0.5,0.5,15,0.5,100,min_specialist_10,balanced_40,0,0,0.014492753623188406,0.0,1.8087253664622693,69
a0.50_c0.50_n15_s0.5_L100_Ipredicted_mean,1,DART_sliced_wasserstein,DART_distributional,worst,predicted_mean,0.5,0.5,15,0.5,100,min_specialist_10,balanced_40,0,0,0.0125,0.0,1.8087253664622693,80
a0.50_c0.50_n15_s0.5_L100_Ipredicted_mean,1,DART_coverage_mean,DART_coverage,worst,predicted_mean,0.5,0.5,15,0.5,100,min_specialist_10,balanced_40,0,0,0.016129032258064516,0.0,1.8087253664622693,62
a0.50_c0.50_n15_s0.5_L100_Ipredicted_mean,1,DART_coverage_worst,DART_coverage,worst,predicted_mean,0.5,0.5,15,0.5,100,maj_specialist_53,balanced_40,0,0,0.020833333333333332,0.0,0.7733135067811077,48
a0.50_c0.50_n15_s0.5_L100_Ipredicted_mean,2,mean_cosine,mean_signature,mean,predicted_mean,0.5,0.5,15,0.5,100,min_specialist_0,balanced_40,0,0,0.024390243902439025,0.0,0.2812051504968167,41
a0.50_c0.50_n15_s0.5_L100_Ipredicted_mean,2,mean_l2,mean_signature,mean,predicted_mean,0.5,0.5,15,0.5,100,maj_specialist_55,balanced_40,0,0,0.038461538461538464,0.0,0.043261972310265406,26
a0.50_c0.50_n15_s0.5_L100_Ipredicted_mean,2,cmap_signature_match,cmap_signature,mean,predicted_mean,0.5,0.5,15,0.5,100,min_specialist_0,balanced_40,0,0,0.024390243902439025,0.0,0.2812051504968167,41
a0.50_c0.50_n15_s0.5_L100_Ipredicted_mean,2,cmap_signature_reverse,cmap_signature,mean,predicted_mean,0.5,0.5,15,0.5,100,min_specialist_0,balanced_40,0,0,0.024390243902439025,0.0,0.2812051504968167,41
a0.50_c0.50_n15_s0.5_L100_Ipredicted_mean,2,DART_energy,DART_distributional,mean,predicted_mean,0.5,0.5,15,0.5,100,maj_specialist_55,balanced_40,0,0,0.0196078431372549,0.0,0.043261972310265406,51
a0.50_c0.50_n15_s0.5_L100_Ipredicted_mean,2,DART_mmd,DART_distributional,mean,predicted_mean,0.5,0.5,15,0.5,100,balanced_47,balanced_40,0,0,0.012987012987012988,0.0,0.010094240799070064,77
a0.50_c0.50_n15_s0.5_L100_Ipredicted_mean,2,DART_sliced_wasserstein,DART_distributional,mean,predicted_mean,0.5,0.5,15,0.5,100,maj_specialist_74,balanced_40,0,0,0.03333333333333333,0.0,0.2145087558491241,30
a0.50_c0.50_n15_s0.5_L100_Ipredicted_mean,2,DART_coverage_mean,DART_coverage,mean,predicted_mean,0.5,0.5,15,0.5,100,balanced_47,balanced_40,0,0,0.027777777777777776,0.0,0.010094240799070064,36
a0.50_c0.50_n15_s0.5_L100_Ipredicted_mean,2,DART_coverage_worst,DART_coverage,mean,predicted_mean,0.5,0.5,15,0.5,100,maj_specialist_55,balanced_40,0,0,0.029411764705882353,0.0,0.043261972310265406,34
a0.50_c0.50_n15_s0.5_L100_Ipredicted_mean,2,mean_cosine,mean_signature,worst,predicted_mean,0.5,0.5,15,0.5,100,min_specialist_0,balanced_40,0,0,0.024390243902439025,0.0,2.5027241913117813,41
a0.50_c0.50_n15_s0.5_L100_Ipredicted_mean,2,mean_l2,mean_signature,worst,predicted_mean,0.5,0.5,15,0.5,100,maj_specialist_55,balanced_40,0,0,0.038461538461538464,0.0,0.897692183233687,26
a0.50_c0.50_n15_s0.5_L100_Ipredicted_mean,2,cmap_signature_match,cmap_signature,worst,predicted_mean,0.5,0.5,15,0.5,100,min_specialist_0,balanced_40,0,0,0.024390243902439025,0.0,2.5027241913117813,41
a0.50_c0.50_n15_s0.5_L100_Ipredicted_mean,2,cmap_signature_reverse,cmap_signature,worst,predicted_mean,0.5,0.5,15,0.5,100,min_specialist_0,balanced_40,0,0,0.024390243902439025,0.0,2.5027241913117813,41
a0.50_c0.50_n15_s0.5_L100_Ipredicted_mean,2,DART_energy,DART_distributional,worst,predicted_mean,0.5,0.5,15,0.5,100,maj_specialist_55,balanced_40,0,0,0.0196078431372549,0.0,0.897692183233687,51
a0.50_c0.50_n15_s0.5_L100_Ipredicted_mean,2,DART_mmd,DART_distributional,worst,predicted_mean,0.5,0.5,15,0.5,100,balanced_47,balanced_40,0,0,0.012987012987012988,0.0,0.4088283538082216,77
a0.50_c0.50_n15_s0.5_L100_Ipredicted_mean,2,DART_sliced_wasserstein,DART_distributional,worst,predicted_mean,0.5,0.5,15,0.5,100,maj_specialist_74,balanced_40,0,0,0.03333333333333333,0.0,2.1512176365048,30
a0.50_c0.50_n15_s0.5_L100_Ipredicted_mean,2,DART_coverage_mean,DART_coverage,worst,predicted_mean,0.5,0.5,15,0.5,100,balanced_47,balanced_40,0,0,0.027777777777777776,0.0,0.4088283538082216,36
a0.50_c0.50_n15_s0.5_L100_Ipredicted_mean,2,DART_coverage_worst,DART_coverage,worst,predicted_mean,0.5,0.5,15,0.5,100,maj_specialist_55,balanced_40,0,0,0.029411764705882353,0.0,0.897692183233687,34
a0.50_c1.00_n15_s0.5_L20_Iobserved,0,mean_cosine,mean_signature,mean,observed,0.5,1.0,15,0.5,20,min_specialist_0,balanced_7,0,0,0.125,0.31546487678572877,1.1200000123553977,8
a0.50_c1.00_n15_s0.5_L20_Iobserved,0,mean_l2,mean_signature,mean,observed,0.5,1.0,15,0.5,20,min_specialist_3,balanced_7,0,0,0.0625,0.0,0.4000001309786967,16
a0.50_c1.00_n15_s0.5_L20_Iobserved,0,cmap_signature_match,cmap_signature,mean,observed,0.5,1.0,15,0.5,20,min_specialist_0,balanced_7,0,0,0.125,0.31546487678572877,1.1200000123553977,8
a0.50_c1.00_n15_s0.5_L20_Iobserved,0,cmap_signature_reverse,cmap_signature,mean,observed,0.5,1.0,15,0.5,20,min_specialist_0,balanced_7,0,0,0.125,0.31546487678572877,1.1200000123553977,8
a0.50_c1.00_n15_s0.5_L20_Iobserved,0,DART_energy,DART_distributional,mean,observed,0.5,1.0,15,0.5,20,min_specialist_3,balanced_7,0,0,0.0625,0.0,0.4000001309786967,16
a0.50_c1.00_n15_s0.5_L20_Iobserved,0,DART_mmd,DART_distributional,mean,observed,0.5,1.0,15,0.5,20,maj_specialist_13,balanced_7,0,0,0.0625,0.0,0.6000000357981108,16
a0.50_c1.00_n15_s0.5_L20_Iobserved,0,DART_sliced_wasserstein,DART_distributional,mean,observed,0.5,1.0,15,0.5,20,min_specialist_3,balanced_7,0,0,0.09090909090909091,0.0,0.4000001309786967,11
a0.50_c1.00_n15_s0.5_L20_Iobserved,0,DART_coverage_mean,DART_coverage,mean,observed,0.5,1.0,15,0.5,20,min_specialist_5,balanced_7,0,0,0.0625,0.0,0.12000054700221341,16
a0.50_c1.00_n15_s0.5_L20_Iobserved,0,DART_coverage_worst,DART_coverage,mean,observed,0.5,1.0,15,0.5,20,balanced_9,balanced_7,0,1,0.2,0.38685280723454163,0.040000268319584364,5
a0.50_c1.00_n15_s0.5_L20_Iobserved,0,mean_cosine,mean_signature,worst,observed,0.5,1.0,15,0.5,20,min_specialist_0,balanced_7,0,0,0.125,0.31546487678572877,5.319999930959856,8
a0.50_c1.00_n15_s0.5_L20_Iobserved,0,mean_l2,mean_signature,worst,observed,0.5,1.0,15,0.5,20,min_specialist_3,balanced_7,0,0,0.0625,0.0,2.80000005197374,16
a0.50_c1.00_n15_s0.5_L20_Iobserved,0,cmap_signature_match,cmap_signature,worst,observed,0.5,1.0,15,0.5,20,min_specialist_0,balanced_7,0,0,0.125,0.31546487678572877,5.319999930959856,8
a0.50_c1.00_n15_s0.5_L20_Iobserved,0,cmap_signature_reverse,cmap_signature,worst,observed,0.5,1.0,15,0.5,20,min_specialist_0,balanced_7,0,0,0.125,0.31546487678572877,5.319999930959856,8
a0.50_c1.00_n15_s0.5_L20_Iobserved,0,DART_energy,DART_distributional,worst,observed,0.5,1.0,15,0.5,20,min_specialist_3,balanced_7,0,0,0.0625,0.0,2.80000005197374,16
a0.50_c1.00_n15_s0.5_L20_Iobserved,0,DART_mmd,DART_distributional,worst,observed,0.5,1.0,15,0.5,20,maj_specialist_13,balanced_7,0,0,0.0625,0.0,3.5999999417343673,16
a0.50_c1.00_n15_s0.5_L20_Iobserved,0,DART_sliced_wasserstein,DART_distributional,worst,observed,0.5,1.0,15,0.5,20,min_specialist_3,balanced_7,0,0,0.09090909090909091,0.0,2.80000005197374,11
a0.50_c1.00_n15_s0.5_L20_Iobserved,0,DART_coverage_mean,DART_coverage,worst,observed,0.5,1.0,15,0.5,20,min_specialist_5,balanced_7,0,0,0.0625,0.0,1.3200006389306118,16
a0.50_c1.00_n15_s0.5_L20_Iobserved,0,DART_coverage_worst,DART_coverage,worst,observed,0.5,1.0,15,0.5,20,balanced_9,balanced_7,0,1,0.2,0.38685280723454163,0.640000254288271,5
a0.50_c1.00_n15_s0.5_L20_Iobserved,1,mean_cosine,mean_signature,mean,observed,0.5,1.0,15,0.5,20,min_specialist_0,balanced_8,0,0,0.1111111111111111,0.3010299956639812,1.1199998502593616,9
a0.50_c1.00_n15_s0.5_L20_Iobserved,1,mean_l2,mean_signature,mean,observed,0.5,1.0,15,0.5,20,maj_specialist_12,balanced_8,0,0,0.125,0.31546487678572877,0.40000043209587943,8
a0.50_c1.00_n15_s0.5_L20_Iobserved,1,cmap_signature_match,cmap_signature,mean,observed,0.5,1.0,15,0.5,20,min_specialist_0,balanced_8,0,0,0.1111111111111111,0.3010299956639812,1.1199998502593616,9
a0.50_c1.00_n15_s0.5_L20_Iobserved,1,cmap_signature_reverse,cmap_signature,mean,observed,0.5,1.0,15,0.5,20,min_specialist_0,balanced_8,0,0,0.1111111111111111,0.3010299956639812,1.1199998502593616,9
a0.50_c1.00_n15_s0.5_L20_Iobserved,1,DART_energy,DART_distributional,mean,observed,0.5,1.0,15,0.5,20,balanced_6,balanced_8,0,1,0.25,0.43067655807339306,0.04000028493425134,4
a0.50_c1.00_n15_s0.5_L20_Iobserved,1,DART_mmd,DART_distributional,mean,observed,0.5,1.0,15,0.5,20,balanced_6,balanced_8,0,1,0.2,0.38685280723454163,0.04000028493425134,5
a0.50_c1.00_n15_s0.5_L20_Iobserved,1,DART_sliced_wasserstein,DART_distributional,mean,observed,0.5,1.0,15,0.5,20,maj_specialist_12,balanced_8,0,1,0.5,0.6309297535714575,0.40000043209587943,2
a0.50_c1.00_n15_s0.5_L20_Iobserved,1,DART_coverage_mean,DART_coverage,mean,observed,0.5,1.0,15,0.5,20,balanced_6,balanced_8,0,1,0.25,0.43067655807339306,0.04000028493425134,4
a0.50_c1.00_n15_s0.5_L20_Iobserved,1,DART_coverage_worst,DART_coverage,mean,observed,0.5,1.0,15,0.5,20,balanced_6,balanced_8,0,1,0.5,0.6309297535714575,0.04000028493425134,2
a0.50_c1.00_n15_s0.5_L20_Iobserved,1,mean_cosine,mean_signature,worst,observed,0.5,1.0,15,0.5,20,min_specialist_0,balanced_8,0,0,0.1111111111111111,0.3010299956639812,5.319999488385196,9
a0.50_c1.00_n15_s0.5_L20_Iobserved,1,mean_l2,mean_signature,worst,observed,0.5,1.0,15,0.5,20,maj_specialist_12,balanced_8,0,0,0.125,0.31546487678572877,2.8000005283771436,8
a0.50_c1.00_n15_s0.5_L20_Iobserved,1,cmap_signature_match,cmap_signature,worst,observed,0.5,1.0,15,0.5,20,min_specialist_0,balanced_8,0,0,0.1111111111111111,0.3010299956639812,5.319999488385196,9
a0.50_c1.00_n15_s0.5_L20_Iobserved,1,cmap_signature_reverse,cmap_signature,worst,observed,0.5,1.0,15,0.5,20,min_specialist_0,balanced_8,0,0,0.1111111111111111,0.3010299956639812,5.319999488385196,9
a0.50_c1.00_n15_s0.5_L20_Iobserved,1,DART_energy,DART_distributional,worst,observed,0.5,1.0,15,0.5,20,balanced_6,balanced_8,0,1,0.25,0.43067655807339306,0.640000243716969,4
a0.50_c1.00_n15_s0.5_L20_Iobserved,1,DART_mmd,DART_distributional,worst,observed,0.5,1.0,15,0.5,20,balanced_6,balanced_8,0,1,0.2,0.38685280723454163,0.640000243716969,5
a0.50_c1.00_n15_s0.5_L20_Iobserved,1,DART_sliced_wasserstein,DART_distributional,worst,observed,0.5,1.0,15,0.5,20,maj_specialist_12,balanced_8,0,1,0.5,0.6309297535714575,2.8000005283771436,2
a0.50_c1.00_n15_s0.5_L20_Iobserved,1,DART_coverage_mean,DART_coverage,worst,observed,0.5,1.0,15,0.5,20,balanced_6,balanced_8,0,1,0.25,0.43067655807339306,0.640000243716969,4
a0.50_c1.00_n15_s0.5_L20_Iobserved,1,DART_coverage_worst,DART_coverage,worst,observed,0.5,1.0,15,0.5,20,balanced_6,balanced_8,0,1,0.5,0.6309297535714575,0.640000243716969,2
a0.50_c1.00_n15_s0.5_L20_Iobserved,2,mean_cosine,mean_signature,mean,observed,0.5,1.0,15,0.5,20,min_specialist_0,balanced_7,0,0,0.125,0.31546487678572877,1.1200006263569833,8
a0.50_c1.00_n15_s0.5_L20_Iobserved,2,mean_l2,mean_signature,mean,observed,0.5,1.0,15,0.5,20,maj_specialist_11,balanced_7,0,1,0.3333333333333333,0.5,0.24000044572835222,3
a0.50_c1.00_n15_s0.5_L20_Iobserved,2,cmap_signature_match,cmap_signature,mean,observed,0.5,1.0,15,0.5,20,min_specialist_0,balanced_7,0,0,0.125,0.31546487678572877,1.1200006263569833,8
a0.50_c1.00_n15_s0.5_L20_Iobserved,2,cmap_signature_reverse,cmap_signature,mean,observed,0.5,1.0,15,0.5,20,min_specialist_0,balanced_7,0,0,0.125,0.31546487678572877,1.1200006263569833,8
a0.50_c1.00_n15_s0.5_L20_Iobserved,2,DART_energy,DART_distributional,mean,observed,0.5,1.0,15,0.5,20,maj_specialist_11,balanced_7,0,1,0.3333333333333333,0.5,0.24000044572835222,3
a0.50_c1.00_n15_s0.5_L20_Iobserved,2,DART_mmd,DART_distributional,mean,observed,0.5,1.0,15,0.5,20,balanced_9,balanced_7,0,1,0.3333333333333333,0.5,0.04000017988099103,3
a0.50_c1.00_n15_s0.5_L20_Iobserved,2,DART_sliced_wasserstein,DART_distributional,mean,observed,0.5,1.0,15,0.5,20,balanced_9,balanced_7,0,1,0.5,0.6309297535714575,0.04000017988099103,2
a0.50_c1.00_n15_s0.5_L20_Iobserved,2,DART_coverage_mean,DART_coverage,mean,observed,0.5,1.0,15,0.5,20,balanced_9,balanced_7,0,1,0.3333333333333333,0.5,0.04000017988099103,3
a0.50_c1.00_n15_s0.5_L20_Iobserved,2,DART_coverage_worst,DART_coverage,mean,observed,0.5,1.0,15,0.5,20,balanced_9,balanced_7,0,1,0.5,0.6309297535714575,0.04000017988099103,2
a0.50_c1.00_n15_s0.5_L20_Iobserved,2,mean_cosine,mean_signature,worst,observed,0.5,1.0,15,0.5,20,min_specialist_0,balanced_7,0,0,0.125,0.31546487678572877,5.320000875371971,8
a0.50_c1.00_n15_s0.5_L20_Iobserved,2,mean_l2,mean_signature,worst,observed,0.5,1.0,15,0.5,20,maj_specialist_11,balanced_7,0,1,0.3333333333333333,0.5,2.0400005065304114,3
a0.50_c1.00_n15_s0.5_L20_Iobserved,2,cmap_signature_match,cmap_signature,worst,observed,0.5,1.0,15,0.5,20,min_specialist_0,balanced_7,0,0,0.125,0.31546487678572877,5.320000875371971,8
a0.50_c1.00_n15_s0.5_L20_Iobserved,2,cmap_signature_reverse,cmap_signature,worst,observed,0.5,1.0,15,0.5,20,min_specialist_0,balanced_7,0,0,0.125,0.31546487678572877,5.320000875371971,8
a0.50_c1.00_n15_s0.5_L20_Iobserved,2,DART_energy,DART_distributional,worst,observed,0.5,1.0,15,0.5,20,maj_specialist_11,balanced_7,0,1,0.3333333333333333,0.5,2.0400005065304114,3
a0.50_c1.00_n15_s0.5_L20_Iobserved,2,DART_mmd,DART_distributional,worst,observed,0.5,1.0,15,0.5,20,balanced_9,balanced_7,0,1,0.3333333333333333,0.5,0.6400000878113872,3
a0.50_c1.00_n15_s0.5_L20_Iobserved,2,DART_sliced_wasserstein,DART_distributional,worst,observed,0.5,1.0,15,0.5,20,balanced_9,balanced_7,0,1,0.5,0.6309297535714575,0.6400000878113872,2
a0.50_c1.00_n15_s0.5_L20_Iobserved,2,DART_coverage_mean,DART_coverage,worst,observed,0.5,1.0,15,0.5,20,balanced_9,balanced_7,0,1,0.3333333333333333,0.5,0.6400000878113872,3
a0.50_c1.00_n15_s0.5_L20_Iobserved,2,DART_coverage_worst,DART_coverage,worst,observed,0.5,1.0,15,0.5,20,balanced_9,balanced_7,0,1,0.5,0.6309297535714575,0.6400000878113872,2
a0.50_c1.00_n15_s0.5_L100_Iobserved,0,mean_cosine,mean_signature,mean,observed,0.5,1.0,15,0.5,100,min_specialist_0,balanced_39,0,0,0.025,0.0,1.124820087309633,40
a0.50_c1.00_n15_s0.5_L100_Iobserved,0,mean_l2,mean_signature,mean,observed,0.5,1.0,15,0.5,100,balanced_40,balanced_39,0,0,0.045454545454545456,0.0,3.8510435373950713e-07,22
a0.50_c1.00_n15_s0.5_L100_Iobserved,0,cmap_signature_match,cmap_signature,mean,observed,0.5,1.0,15,0.5,100,min_specialist_0,balanced_39,0,0,0.025,0.0,1.124820087309633,40
a0.50_c1.00_n15_s0.5_L100_Iobserved,0,cmap_signature_reverse,cmap_signature,mean,observed,0.5,1.0,15,0.5,100,min_specialist_0,balanced_39,0,0,0.025,0.0,1.124820087309633,40
a0.50_c1.00_n15_s0.5_L100_Iobserved,0,DART_energy,DART_distributional,mean,observed,0.5,1.0,15,0.5,100,balanced_40,balanced_39,0,0,0.0625,0.0,3.8510435373950713e-07,16
a0.50_c1.00_n15_s0.5_L100_Iobserved,0,DART_mmd,DART_distributional,mean,observed,0.5,1.0,15,0.5,100,balanced_40,balanced_39,0,0,0.07692307692307693,0.0,3.8510435373950713e-07,13
a0.50_c1.00_n15_s0.5_L100_Iobserved,0,DART_sliced_wasserstein,DART_distributional,mean,observed,0.5,1.0,15,0.5,100,balanced_43,balanced_39,0,0,0.02631578947368421,0.0,0.00865310596351776,38
a0.50_c1.00_n15_s0.5_L100_Iobserved,0,DART_coverage_mean,DART_coverage,mean,observed,0.5,1.0,15,0.5,100,balanced_40,balanced_39,0,0,0.07692307692307693,0.0,3.8510435373950713e-07,13
a0.50_c1.00_n15_s0.5_L100_Iobserved,0,DART_coverage_worst,DART_coverage,mean,observed,0.5,1.0,15,0.5,100,balanced_40,balanced_39,0,0,0.08333333333333333,0.0,3.8510435373950713e-07,12
a0.50_c1.00_n15_s0.5_L100_Iobserved,0,mean_cosine,mean_signature,worst,observed,0.5,1.0,15,0.5,100,min_specialist_0,balanced_39,0,0,0.025,0.0,5.56785808732845,40
a0.50_c1.00_n15_s0.5_L100_Iobserved,0,mean_l2,mean_signature,worst,observed,0.5,1.0,15,0.5,100,balanced_40,balanced_39,0,0,0.045454545454545456,0.0,3.8809503166703507e-07,22
a0.50_c1.00_n15_s0.5_L100_Iobserved,0,cmap_signature_match,cmap_signature,worst,observed,0.5,1.0,15,0.5,100,min_specialist_0,balanced_39,0,0,0.025,0.0,5.56785808732845,40
a0.50_c1.00_n15_s0.5_L100_Iobserved,0,cmap_signature_reverse,cmap_signature,worst,observed,0.5,1.0,15,0.5,100,min_specialist_0,balanced_39,0,0,0.025,0.0,5.56785808732845,40
a0.50_c1.00_n15_s0.5_L100_Iobserved,0,DART_energy,DART_distributional,worst,observed,0.5,1.0,15,0.5,100,balanced_40,balanced_39,0,0,0.0625,0.0,3.8809503166703507e-07,16
a0.50_c1.00_n15_s0.5_L100_Iobserved,0,DART_mmd,DART_distributional,worst,observed,0.5,1.0,15,0.5,100,balanced_40,balanced_39,0,0,0.07692307692307693,0.0,3.8809503166703507e-07,13
a0.50_c1.00_n15_s0.5_L100_Iobserved,0,DART_sliced_wasserstein,DART_distributional,worst,observed,0.5,1.0,15,0.5,100,balanced_43,balanced_39,0,0,0.02631578947368421,0.0,0.3504253383195106,38
a0.50_c1.00_n15_s0.5_L100_Iobserved,0,DART_coverage_mean,DART_coverage,worst,observed,0.5,1.0,15,0.5,100,balanced_40,balanced_39,0,0,0.07692307692307693,0.0,3.8809503166703507e-07,13
a0.50_c1.00_n15_s0.5_L100_Iobserved,0,DART_coverage_worst,DART_coverage,worst,observed,0.5,1.0,15,0.5,100,balanced_40,balanced_39,0,0,0.08333333333333333,0.0,3.8809503166703507e-07,12
a0.50_c1.00_n15_s0.5_L100_Iobserved,1,mean_cosine,mean_signature,mean,observed,0.5,1.0,15,0.5,100,min_specialist_0,balanced_39,0,0,0.025,0.0,1.1248195821469444,40
a0.50_c1.00_n15_s0.5_L100_Iobserved,1,mean_l2,mean_signature,mean,observed,0.5,1.0,15,0.5,100,maj_specialist_69,balanced_39,0,0,0.034482758620689655,0.0,0.6273031075270978,29
a0.50_c1.00_n15_s0.5_L100_Iobserved,1,cmap_signature_match,cmap_signature,mean,observed,0.5,1.0,15,0.5,100,min_specialist_0,balanced_39,0,0,0.025,0.0,1.1248195821469444,40
a0.50_c1.00_n15_s0.5_L100_Iobserved,1,cmap_signature_reverse,cmap_signature,mean,observed,0.5,1.0,15,0.5,100,min_specialist_0,balanced_39,0,0,0.025,0.0,1.1248195821469444,40
a0.50_c1.00_n15_s0.5_L100_Iobserved,1,DART_energy,DART_distributional,mean,observed,0.5,1.0,15,0.5,100,maj_specialist_52,balanced_39,0,0,0.037037037037037035,0.0,0.11248181835237858,27
a0.50_c1.00_n15_s0.5_L100_Iobserved,1,DART_mmd,DART_distributional,mean,observed,0.5,1.0,15,0.5,100,maj_specialist_52,balanced_39,0,0,0.027777777777777776,0.0,0.11248181835237858,36
a0.50_c1.00_n15_s0.5_L100_Iobserved,1,DART_sliced_wasserstein,DART_distributional,mean,observed,0.5,1.0,15,0.5,100,balanced_36,balanced_39,0,0,0.02702702702702703,0.0,0.008652760547771976,37
a0.50_c1.00_n15_s0.5_L100_Iobserved,1,DART_coverage_mean,DART_coverage,mean,observed,0.5,1.0,15,0.5,100,maj_specialist_52,balanced_39,0,0,0.05555555555555555,0.0,0.11248181835237858,18
a0.50_c1.00_n15_s0.5_L100_Iobserved,1,DART_coverage_worst,DART_coverage,mean,observed,0.5,1.0,15,0.5,100,balanced_37,balanced_39,0,0,0.08333333333333333,0.0,0.004326719725487038,12
a0.50_c1.00_n15_s0.5_L100_Iobserved,1,mean_cosine,mean_signature,worst,observed,0.5,1.0,15,0.5,100,min_specialist_0,balanced_40,0,0,0.024390243902439025,0.0,5.567857276788942,41
a0.50_c1.00_n15_s0.5_L100_Iobserved,1,mean_l2,mean_signature,worst,observed,0.5,1.0,15,0.5,100,maj_specialist_69,balanced_40,0,0,0.012658227848101266,0.0,3.93110034151168,79
a0.50_c1.00_n15_s0.5_L100_Iobserved,1,cmap_signature_match,cmap_signature,worst,observed,0.5,1.0,15,0.5,100,min_specialist_0,balanced_40,0,0,0.024390243902439025,0.0,5.567857276788942,41
a0.50_c1.00_n15_s0.5_L100_Iobserved,1,cmap_signature_reverse,cmap_signature,worst,observed,0.5,1.0,15,0.5,100,min_specialist_0,balanced_40,0,0,0.024390243902439025,0.0,5.567857276788942,41
a0.50_c1.00_n15_s0.5_L100_Iobserved,1,DART_energy,DART_distributional,worst,observed,0.5,1.0,15,0.5,100,maj_specialist_52,balanced_40,0,0,0.012658227848101266,0.0,1.4795703436474597,79
a0.50_c1.00_n15_s0.5_L100_Iobserved,1,DART_mmd,DART_distributional,worst,observed,0.5,1.0,15,0.5,100,maj_specialist_52,balanced_40,0,0,0.012658227848101266,0.0,1.4795703436474597,79
a0.50_c1.00_n15_s0.5_L100_Iobserved,1,DART_sliced_wasserstein,DART_distributional,worst,observed,0.5,1.0,15,0.5,100,balanced_36,balanced_40,0,0,0.0125,0.0,0.3504249979208325,80
a0.50_c1.00_n15_s0.5_L100_Iobserved,1,DART_coverage_mean,DART_coverage,worst,observed,0.5,1.0,15,0.5,100,maj_specialist_52,balanced_40,0,0,0.013157894736842105,0.0,1.4795703436474597,76
a0.50_c1.00_n15_s0.5_L100_Iobserved,1,DART_coverage_worst,DART_coverage,worst,observed,0.5,1.0,15,0.5,100,balanced_37,balanced_40,0,0,0.041666666666666664,0.0,0.23217500305820238,24
a0.50_c1.00_n15_s0.5_L100_Iobserved,2,mean_cosine,mean_signature,mean,observed,0.5,1.0,15,0.5,100,min_specialist_0,balanced_39,0,0,0.025,0.0,1.1248200976125773,40
a0.50_c1.00_n15_s0.5_L100_Iobserved,2,mean_l2,mean_signature,mean,observed,0.5,1.0,15,0.5,100,maj_specialist_54,balanced_39,0,0,0.07142857142857142,0.0,0.15141813463783294,14
a0.50_c1.00_n15_s0.5_L100_Iobserved,2,cmap_signature_match,cmap_signature,mean,observed,0.5,1.0,15,0.5,100,min_specialist_0,balanced_39,0,0,0.025,0.0,1.1248200976125773,40
a0.50_c1.00_n15_s0.5_L100_Iobserved,2,cmap_signature_reverse,cmap_signature,mean,observed,0.5,1.0,15,0.5,100,min_specialist_0,balanced_39,0,0,0.025,0.0,1.1248200976125773,40
a0.50_c1.00_n15_s0.5_L100_Iobserved,2,DART_energy,DART_distributional,mean,observed,0.5,1.0,15,0.5,100,maj_specialist_54,balanced_39,0,0,0.1,0.2890648263178879,0.15141813463783294,10
a0.50_c1.00_n15_s0.5_L100_Iobserved,2,DART_mmd,DART_distributional,mean,observed,0.5,1.0,15,0.5,100,maj_specialist_54,balanced_39,0,0,0.09090909090909091,0.0,0.15141813463783294,11
a0.50_c1.00_n15_s0.5_L100_Iobserved,2,DART_sliced_wasserstein,DART_distributional,mean,observed,0.5,1.0,15,0.5,100,min_specialist_25,balanced_39,0,1,0.25,0.43067655807339306,0.15141799658315236,4
a0.50_c1.00_n15_s0.5_L100_Iobserved,2,DART_coverage_mean,DART_coverage,mean,observed,0.5,1.0,15,0.5,100,maj_specialist_54,balanced_39,0,0,0.09090909090909091,0.0,0.15141813463783294,11
a0.50_c1.00_n15_s0.5_L100_Iobserved,2,DART_coverage_worst,DART_coverage,mean,observed,0.5,1.0,15,0.5,100,balanced_43,balanced_39,0,0,0.1,0.2890648263178879,0.008652571507035134,10
a0.50_c1.00_n15_s0.5_L100_Iobserved,2,mean_cosine,mean_signature,worst,observed,0.5,1.0,15,0.5,100,min_specialist_0,balanced_39,0,0,0.025,0.0,5.567858609021819,40
a0.50_c1.00_n15_s0.5_L100_Iobserved,2,mean_l2,mean_signature,worst,observed,0.5,1.0,15,0.5,100,maj_specialist_54,balanced_39,0,0,0.07142857142857142,0.0,1.7463550810847757,14
a0.50_c1.00_n15_s0.5_L100_Iobserved,2,cmap_signature_match,cmap_signature,worst,observed,0.5,1.0,15,0.5,100,min_specialist_0,balanced_39,0,0,0.025,0.0,5.567858609021819,40
a0.50_c1.00_n15_s0.5_L100_Iobserved,2,cmap_signature_reverse,cmap_signature,worst,observed,0.5,1.0,15,0.5,100,min_specialist_0,balanced_39,0,0,0.025,0.0,5.567858609021819,40
a0.50_c1.00_n15_s0.5_L100_Iobserved,2,DART_energy,DART_distributional,worst,observed,0.5,1.0,15,0.5,100,maj_specialist_54,balanced_39,0,0,0.1,0.2890648263178879,1.7463550810847757,10
a0.50_c1.00_n15_s0.5_L100_Iobserved,2,DART_mmd,DART_distributional,worst,observed,0.5,1.0,15,0.5,100,maj_specialist_54,balanced_39,0,0,0.09090909090909091,0.0,1.7463550810847757,11
a0.50_c1.00_n15_s0.5_L100_Iobserved,2,DART_sliced_wasserstein,DART_distributional,worst,observed,0.5,1.0,15,0.5,100,min_specialist_25,balanced_39,0,1,0.25,0.43067655807339306,1.746354892503284,4
a0.50_c1.00_n15_s0.5_L100_Iobserved,2,DART_coverage_mean,DART_coverage,worst,observed,0.5,1.0,15,0.5,100,maj_specialist_54,balanced_39,0,0,0.09090909090909091,0.0,1.7463550810847757,11
a0.50_c1.00_n15_s0.5_L100_Iobserved,2,DART_coverage_worst,DART_coverage,worst,observed,0.5,1.0,15,0.5,100,balanced_43,balanced_39,0,0,0.1,0.2890648263178879,0.3504250083286955,10
a0.50_c1.00_n15_s0.5_L20_Ipredicted_mean,0,mean_cosine,mean_signature,mean,predicted_mean,0.5,1.0,15,0.5,20,min_specialist_0,balanced_7,0,0,0.125,0.31546487678572877,1.1200000123553977,8
a0.50_c1.00_n15_s0.5_L20_Ipredicted_mean,0,mean_l2,mean_signature,mean,predicted_mean,0.5,1.0,15,0.5,20,maj_specialist_15,balanced_7,0,0,0.08333333333333333,0.0,1.1200003878663587,12
a0.50_c1.00_n15_s0.5_L20_Ipredicted_mean,0,cmap_signature_match,cmap_signature,mean,predicted_mean,0.5,1.0,15,0.5,20,min_specialist_0,balanced_7,0,0,0.125,0.31546487678572877,1.1200000123553977,8
a0.50_c1.00_n15_s0.5_L20_Ipredicted_mean,0,cmap_signature_reverse,cmap_signature,mean,predicted_mean,0.5,1.0,15,0.5,20,min_specialist_0,balanced_7,0,0,0.125,0.31546487678572877,1.1200000123553977,8
a0.50_c1.00_n15_s0.5_L20_Ipredicted_mean,0,DART_energy,DART_distributional,mean,predicted_mean,0.5,1.0,15,0.5,20,maj_specialist_15,balanced_7,0,0,0.07142857142857142,0.0,1.1200003878663587,14
a0.50_c1.00_n15_s0.5_L20_Ipredicted_mean,0,DART_mmd,DART_distributional,mean,predicted_mean,0.5,1.0,15,0.5,20,min_specialist_2,balanced_7,0,0,0.07142857142857142,0.0,0.6000003081074325,14
a0.50_c1.00_n15_s0.5_L20_Ipredicted_mean,0,DART_sliced_wasserstein,DART_distributional,mean,predicted_mean,0.5,1.0,15,0.5,20,min_specialist_2,balanced_7,0,0,0.14285714285714285,0.3333333333333333,0.6000003081074325,7
a0.50_c1.00_n15_s0.5_L20_Ipredicted_mean,0,DART_coverage_mean,DART_coverage,mean,predicted_mean,0.5,1.0,15,0.5,20,min_specialist_2,balanced_7,0,0,0.08333333333333333,0.0,0.6000003081074325,12
a0.50_c1.00_n15_s0.5_L20_Ipredicted_mean,0,DART_coverage_worst,DART_coverage,mean,predicted_mean,0.5,1.0,15,0.5,20,maj_specialist_13,balanced_7,0,1,0.2,0.38685280723454163,0.6000000357981108,5
a0.50_c1.00_n15_s0.5_L20_Ipredicted_mean,0,mean_cosine,mean_signature,worst,predicted_mean,0.5,1.0,15,0.5,20,min_specialist_0,balanced_7,0,0,0.125,0.31546487678572877,5.319999930959856,8
a0.50_c1.00_n15_s0.5_L20_Ipredicted_mean,0,mean_l2,mean_signature,worst,predicted_mean,0.5,1.0,15,0.5,20,maj_specialist_15,balanced_7,0,0,0.08333333333333333,0.0,5.320000576237597,12
a0.50_c1.00_n15_s0.5_L20_Ipredicted_mean,0,cmap_signature_match,cmap_signature,worst,predicted_mean,0.5,1.0,15,0.5,20,min_specialist_0,balanced_7,0,0,0.125,0.31546487678572877,5.319999930959856,8
a0.50_c1.00_n15_s0.5_L20_Ipredicted_mean,0,cmap_signature_reverse,cmap_signature,worst,predicted_mean,0.5,1.0,15,0.5,20,min_specialist_0,balanced_7,0,0,0.125,0.31546487678572877,5.319999930959856,8
a0.50_c1.00_n15_s0.5_L20_Ipredicted_mean,0,DART_energy,DART_distributional,worst,predicted_mean,0.5,1.0,15,0.5,20,maj_specialist_15,balanced_7,0,0,0.07142857142857142,0.0,5.320000576237597,14
a0.50_c1.00_n15_s0.5_L20_Ipredicted_mean,0,DART_mmd,DART_distributional,worst,predicted_mean,0.5,1.0,15,0.5,20,min_specialist_2,balanced_7,0,0,0.07142857142857142,0.0,3.6000003428728036,14
a0.50_c1.00_n15_s0.5_L20_Ipredicted_mean,0,DART_sliced_wasserstein,DART_distributional,worst,predicted_mean,0.5,1.0,15,0.5,20,min_specialist_2,balanced_7,0,0,0.14285714285714285,0.3333333333333333,3.6000003428728036,7
a0.50_c1.00_n15_s0.5_L20_Ipredicted_mean,0,DART_coverage_mean,DART_coverage,worst,predicted_mean,0.5,1.0,15,0.5,20,min_specialist_2,balanced_7,0,0,0.08333333333333333,0.0,3.6000003428728036,12
a0.50_c1.00_n15_s0.5_L20_Ipredicted_mean,0,DART_coverage_worst,DART_coverage,worst,predicted_mean,0.5,1.0,15,0.5,20,maj_specialist_13,balanced_7,0,1,0.2,0.38685280723454163,3.5999999417343673,5
a0.50_c1.00_n15_s0.5_L20_Ipredicted_mean,1,mean_cosine,mean_signature,mean,predicted_mean,0.5,1.0,15,0.5,20,min_specialist_0,balanced_8,0,0,0.1111111111111111,0.3010299956639812,1.1199998502593616,9
a0.50_c1.00_n15_s0.5_L20_Ipredicted_mean,1,mean_l2,mean_signature,mean,predicted_mean,0.5,1.0,15,0.5,20,maj_specialist_12,balanced_8,0,1,0.5,0.6309297535714575,0.40000043209587943,2
a0.50_c1.00_n15_s0.5_L20_Ipredicted_mean,1,cmap_signature_match,cmap_signature,mean,predicted_mean,0.5,1.0,15,0.5,20,min_specialist_0,balanced_8,0,0,0.1111111111111111,0.3010299956639812,1.1199998502593616,9
a0.50_c1.00_n15_s0.5_L20_Ipredicted_mean,1,cmap_signature_reverse,cmap_signature,mean,predicted_mean,0.5,1.0,15,0.5,20,min_specialist_0,balanced_8,0,0,0.1111111111111111,0.3010299956639812,1.1199998502593616,9
a0.50_c1.00_n15_s0.5_L20_Ipredicted_mean,1,DART_energy,DART_distributional,mean,predicted_mean,0.5,1.0,15,0.5,20,balanced_8,balanced_8,1,1,1.0,1.0,0.0,1
a0.50_c1.00_n15_s0.5_L20_Ipredicted_mean,1,DART_mmd,DART_distributional,mean,predicted_mean,0.5,1.0,15,0.5,20,balanced_8,balanced_8,1,1,1.0,1.0,0.0,1
a0.50_c1.00_n15_s0.5_L20_Ipredicted_mean,1,DART_sliced_wasserstein,DART_distributional,mean,predicted_mean,0.5,1.0,15,0.5,20,balanced_8,balanced_8,1,1,1.0,1.0,0.0,1
a0.50_c1.00_n15_s0.5_L20_Ipredicted_mean,1,DART_coverage_mean,DART_coverage,mean,predicted_mean,0.5,1.0,15,0.5,20,maj_specialist_12,balanced_8,0,0,0.06666666666666667,0.0,0.40000043209587943,15
a0.50_c1.00_n15_s0.5_L20_Ipredicted_mean,1,DART_coverage_worst,DART_coverage,mean,predicted_mean,0.5,1.0,15,0.5,20,maj_specialist_12,balanced_8,0,0,0.06666666666666667,0.0,0.40000043209587943,15
a0.50_c1.00_n15_s0.5_L20_Ipredicted_mean,1,mean_cosine,mean_signature,worst,predicted_mean,0.5,1.0,15,0.5,20,min_specialist_0,balanced_8,0,0,0.1111111111111111,0.3010299956639812,5.319999488385196,9
a0.50_c1.00_n15_s0.5_L20_Ipredicted_mean,1,mean_l2,mean_signature,worst,predicted_mean,0.5,1.0,15,0.5,20,maj_specialist_12,balanced_8,0,1,0.5,0.6309297535714575,2.8000005283771436,2
a0.50_c1.00_n15_s0.5_L20_Ipredicted_mean,1,cmap_signature_match,cmap_signature,worst,predicted_mean,0.5,1.0,15,0.5,20,min_specialist_0,balanced_8,0,0,0.1111111111111111,0.3010299956639812,5.319999488385196,9
a0.50_c1.00_n15_s0.5_L20_Ipredicted_mean,1,cmap_signature_reverse,cmap_signature,worst,predicted_mean,0.5,1.0,15,0.5,20,min_specialist_0,balanced_8,0,0,0.1111111111111111,0.3010299956639812,5.319999488385196,9
a0.50_c1.00_n15_s0.5_L20_Ipredicted_mean,1,DART_energy,DART_distributional,worst,predicted_mean,0.5,1.0,15,0.5,20,balanced_8,balanced_8,1,1,1.0,1.0,0.0,1
a0.50_c1.00_n15_s0.5_L20_Ipredicted_mean,1,DART_mmd,DART_distributional,worst,predicted_mean,0.5,1.0,15,0.5,20,balanced_8,balanced_8,1,1,1.0,1.0,0.0,1
a0.50_c1.00_n15_s0.5_L20_Ipredicted_mean,1,DART_sliced_wasserstein,DART_distributional,worst,predicted_mean,0.5,1.0,15,0.5,20,balanced_8,balanced_8,1,1,1.0,1.0,0.0,1
a0.50_c1.00_n15_s0.5_L20_Ipredicted_mean,1,DART_coverage_mean,DART_coverage,worst,predicted_mean,0.5,1.0,15,0.5,20,maj_specialist_12,balanced_8,0,0,0.06666666666666667,0.0,2.8000005283771436,15
a0.50_c1.00_n15_s0.5_L20_Ipredicted_mean,1,DART_coverage_worst,DART_coverage,worst,predicted_mean,0.5,1.0,15,0.5,20,maj_specialist_12,balanced_8,0,0,0.06666666666666667,0.0,2.8000005283771436,15
a0.50_c1.00_n15_s0.5_L20_Ipredicted_mean,2,mean_cosine,mean_signature,mean,predicted_mean,0.5,1.0,15,0.5,20,min_specialist_0,balanced_7,0,0,0.125,0.31546487678572877,1.1200006263569833,8
a0.50_c1.00_n15_s0.5_L20_Ipredicted_mean,2,mean_l2,mean_signature,mean,predicted_mean,0.5,1.0,15,0.5,20,balanced_9,balanced_7,0,0,0.125,0.31546487678572877,0.04000017988099103,8
a0.50_c1.00_n15_s0.5_L20_Ipredicted_mean,2,cmap_signature_match,cmap_signature,mean,predicted_mean,0.5,1.0,15,0.5,20,min_specialist_0,balanced_7,0,0,0.125,0.31546487678572877,1.1200006263569833,8
a0.50_c1.00_n15_s0.5_L20_Ipredicted_mean,2,cmap_signature_reverse,cmap_signature,mean,predicted_mean,0.5,1.0,15,0.5,20,min_specialist_0,balanced_7,0,0,0.125,0.31546487678572877,1.1200006263569833,8
a0.50_c1.00_n15_s0.5_L20_Ipredicted_mean,2,DART_energy,DART_distributional,mean,predicted_mean,0.5,1.0,15,0.5,20,maj_specialist_12,balanced_7,0,0,0.1,0.2890648263178879,0.4000003956698954,10
a0.50_c1.00_n15_s0.5_L20_Ipredicted_mean,2,DART_mmd,DART_distributional,mean,predicted_mean,0.5,1.0,15,0.5,20,maj_specialist_12,balanced_7,0,0,0.07142857142857142,0.0,0.4000003956698954,14
a0.50_c1.00_n15_s0.5_L20_Ipredicted_mean,2,DART_sliced_wasserstein,DART_distributional,mean,predicted_mean,0.5,1.0,15,0.5,20,balanced_9,balanced_7,0,0,0.16666666666666666,0.3562071871080222,0.04000017988099103,6
a0.50_c1.00_n15_s0.5_L20_Ipredicted_mean,2,DART_coverage_mean,DART_coverage,mean,predicted_mean,0.5,1.0,15,0.5,20,maj_specialist_15,balanced_7,0,0,0.1111111111111111,0.3010299956639812,1.1200005075520494,9
a0.50_c1.00_n15_s0.5_L20_Ipredicted_mean,2,DART_coverage_worst,DART_coverage,mean,predicted_mean,0.5,1.0,15,0.5,20,min_specialist_5,balanced_7,0,1,0.3333333333333333,0.5,0.12000039900950199,3
a0.50_c1.00_n15_s0.5_L20_Ipredicted_mean,2,mean_cosine,mean_signature,worst,predicted_mean,0.5,1.0,15,0.5,20,min_specialist_0,balanced_7,0,0,0.125,0.31546487678572877,5.320000875371971,8
a0.50_c1.00_n15_s0.5_L20_Ipredicted_mean,2,mean_l2,mean_signature,worst,predicted_mean,0.5,1.0,15,0.5,20,balanced_9,balanced_7,0,0,0.125,0.31546487678572877,0.6400000878113872,8
a0.50_c1.00_n15_s0.5_L20_Ipredicted_mean,2,cmap_signature_match,cmap_signature,worst,predicted_mean,0.5,1.0,15,0.5,20,min_specialist_0,balanced_7,0,0,0.125,0.31546487678572877,5.320000875371971,8
a0.50_c1.00_n15_s0.5_L20_Ipredicted_mean,2,cmap_signature_reverse,cmap_signature,worst,predicted_mean,0.5,1.0,15,0.5,20,min_specialist_0,balanced_7,0,0,0.125,0.31546487678572877,5.320000875371971,8
a0.50_c1.00_n15_s0.5_L20_Ipredicted_mean,2,DART_energy,DART_distributional,worst,predicted_mean,0.5,1.0,15,0.5,20,maj_specialist_12,balanced_7,0,0,0.1,0.2890648263178879,2.800000359828072,10
a0.50_c1.00_n15_s0.5_L20_Ipredicted_mean,2,DART_mmd,DART_distributional,worst,predicted_mean,0.5,1.0,15,0.5,20,maj_specialist_12,balanced_7,0,0,0.07142857142857142,0.0,2.800000359828072,14
a0.50_c1.00_n15_s0.5_L20_Ipredicted_mean,2,DART_sliced_wasserstein,DART_distributional,worst,predicted_mean,0.5,1.0,15,0.5,20,balanced_9,balanced_7,0,0,0.16666666666666666,0.3562071871080222,0.6400000878113872,6
a0.50_c1.00_n15_s0.5_L20_Ipredicted_mean,2,DART_coverage_mean,DART_coverage,worst,predicted_mean,0.5,1.0,15,0.5,20,maj_specialist_15,balanced_7,0,0,0.1111111111111111,0.3010299956639812,5.320000614899083,9
a0.50_c1.00_n15_s0.5_L20_Ipredicted_mean,2,DART_coverage_worst,DART_coverage,worst,predicted_mean,0.5,1.0,15,0.5,20,min_specialist_5,balanced_7,0,1,0.3333333333333333,0.5,1.3200003770000777,3
a0.50_c1.00_n15_s0.5_L100_Ipredicted_mean,0,mean_cosine,mean_signature,mean,predicted_mean,0.5,1.0,15,0.5,100,min_specialist_0,balanced_39,0,0,0.025,0.0,1.124820087309633,40
a0.50_c1.00_n15_s0.5_L100_Ipredicted_mean,0,mean_l2,mean_signature,mean,predicted_mean,0.5,1.0,15,0.5,100,min_specialist_19,balanced_39,0,0,0.09090909090909091,0.0,0.30283669976342154,11
a0.50_c1.00_n15_s0.5_L100_Ipredicted_mean,0,cmap_signature_match,cmap_signature,mean,predicted_mean,0.5,1.0,15,0.5,100,min_specialist_0,balanced_39,0,0,0.025,0.0,1.124820087309633,40
a0.50_c1.00_n15_s0.5_L100_Ipredicted_mean,0,cmap_signature_reverse,cmap_signature,mean,predicted_mean,0.5,1.0,15,0.5,100,min_specialist_0,balanced_39,0,0,0.025,0.0,1.124820087309633,40
a0.50_c1.00_n15_s0.5_L100_Ipredicted_mean,0,DART_energy,DART_distributional,mean,predicted_mean,0.5,1.0,15,0.5,100,balanced_37,balanced_39,0,0,0.09090909090909091,0.0,0.004326469802862221,11
a0.50_c1.00_n15_s0.5_L100_Ipredicted_mean,0,DART_mmd,DART_distributional,mean,predicted_mean,0.5,1.0,15,0.5,100,balanced_37,balanced_39,0,0,0.05263157894736842,0.0,0.004326469802862221,19
a0.50_c1.00_n15_s0.5_L100_Ipredicted_mean,0,DART_sliced_wasserstein,DART_distributional,mean,predicted_mean,0.5,1.0,15,0.5,100,min_specialist_2,balanced_39,0,0,0.020833333333333332,0.0,1.0137804239304664,48
a0.50_c1.00_n15_s0.5_L100_Ipredicted_mean,0,DART_coverage_mean,DART_coverage,mean,predicted_mean,0.5,1.0,15,0.5,100,min_specialist_8,balanced_39,0,0,0.04,0.0,0.7152707468125854,25
a0.50_c1.00_n15_s0.5_L100_Ipredicted_mean,0,DART_coverage_worst,DART_coverage,mean,predicted_mean,0.5,1.0,15,0.5,100,balanced_49,balanced_39,0,0,0.05,0.0,0.06489370156784702,20
a0.50_c1.00_n15_s0.5_L100_Ipredicted_mean,0,mean_cosine,mean_signature,worst,predicted_mean,0.5,1.0,15,0.5,100,min_specialist_0,balanced_39,0,0,0.025,0.0,5.56785808732845,40
a0.50_c1.00_n15_s0.5_L100_Ipredicted_mean,0,mean_l2,mean_signature,worst,predicted_mean,0.5,1.0,15,0.5,100,min_specialist_19,balanced_39,0,0,0.09090909090909091,0.0,2.58131791609868,11
a0.50_c1.00_n15_s0.5_L100_Ipredicted_mean,0,cmap_signature_match,cmap_signature,worst,predicted_mean,0.5,1.0,15,0.5,100,min_specialist_0,balanced_39,0,0,0.025,0.0,5.56785808732845,40
a0.50_c1.00_n15_s0.5_L100_Ipredicted_mean,0,cmap_signature_reverse,cmap_signature,worst,predicted_mean,0.5,1.0,15,0.5,100,min_specialist_0,balanced_39,0,0,0.025,0.0,5.56785808732845,40
a0.50_c1.00_n15_s0.5_L100_Ipredicted_mean,0,DART_energy,DART_distributional,worst,predicted_mean,0.5,1.0,15,0.5,100,balanced_37,balanced_39,0,0,0.09090909090909091,0.0,0.23217467506026068,11
a0.50_c1.00_n15_s0.5_L100_Ipredicted_mean,0,DART_mmd,DART_distributional,worst,predicted_mean,0.5,1.0,15,0.5,100,balanced_37,balanced_39,0,0,0.05263157894736842,0.0,0.23217467506026068,19
a0.50_c1.00_n15_s0.5_L100_Ipredicted_mean,0,DART_sliced_wasserstein,DART_distributional,worst,predicted_mean,0.5,1.0,15,0.5,100,min_specialist_2,balanced_39,0,0,0.020833333333333332,0.0,5.228970390052005,48
a0.50_c1.00_n15_s0.5_L100_Ipredicted_mean,0,DART_coverage_mean,DART_coverage,worst,predicted_mean,0.5,1.0,15,0.5,100,min_specialist_8,balanced_39,0,0,0.04,0.0,4.246916531724423,25
a0.50_c1.00_n15_s0.5_L100_Ipredicted_mean,0,DART_coverage_worst,DART_coverage,worst,predicted_mean,0.5,1.0,15,0.5,100,balanced_49,balanced_39,0,0,0.05,0.0,1.0902102441223605,20
a0.50_c1.00_n15_s0.5_L100_Ipredicted_mean,1,mean_cosine,mean_signature,mean,predicted_mean,0.5,1.0,15,0.5,100,min_specialist_0,balanced_39,0,0,0.025,0.0,1.1248195821469444,40
a0.50_c1.00_n15_s0.5_L100_Ipredicted_mean,1,mean_l2,mean_signature,mean,predicted_mean,0.5,1.0,15,0.5,100,min_specialist_10,balanced_39,0,0,0.01639344262295082,0.0,0.6273037897455396,61
a0.50_c1.00_n15_s0.5_L100_Ipredicted_mean,1,cmap_signature_match,cmap_signature,mean,predicted_mean,0.5,1.0,15,0.5,100,min_specialist_0,balanced_39,0,0,0.025,0.0,1.1248195821469444,40
a0.50_c1.00_n15_s0.5_L100_Ipredicted_mean,1,cmap_signature_reverse,cmap_signature,mean,predicted_mean,0.5,1.0,15,0.5,100,min_specialist_0,balanced_39,0,0,0.025,0.0,1.1248195821469444,40
a0.50_c1.00_n15_s0.5_L100_Ipredicted_mean,1,DART_energy,DART_distributional,mean,predicted_mean,0.5,1.0,15,0.5,100,min_specialist_10,balanced_39,0,0,0.023255813953488372,0.0,0.6273037897455396,43
a0.50_c1.00_n15_s0.5_L100_Ipredicted_mean,1,DART_mmd,DART_distributional,mean,predicted_mean,0.5,1.0,15,0.5,100,min_specialist_10,balanced_39,0,0,0.0625,0.0,0.6273037897455396,16
a0.50_c1.00_n15_s0.5_L100_Ipredicted_mean,1,DART_sliced_wasserstein,DART_distributional,mean,predicted_mean,0.5,1.0,15,0.5,100,min_specialist_10,balanced_39,0,0,0.02631578947368421,0.0,0.6273037897455396,38
a0.50_c1.00_n15_s0.5_L100_Ipredicted_mean,1,DART_coverage_mean,DART_coverage,mean,predicted_mean,0.5,1.0,15,0.5,100,min_specialist_10,balanced_39,0,0,0.041666666666666664,0.0,0.6273037897455396,24
a0.50_c1.00_n15_s0.5_L100_Ipredicted_mean,1,DART_coverage_worst,DART_coverage,mean,predicted_mean,0.5,1.0,15,0.5,100,maj_specialist_53,balanced_39,0,0,0.09090909090909091,0.0,0.13122891020897498,11
a0.50_c1.00_n15_s0.5_L100_Ipredicted_mean,1,mean_cosine,mean_signature,worst,predicted_mean,0.5,1.0,15,0.5,100,min_specialist_0,balanced_40,0,0,0.024390243902439025,0.0,5.567857276788942,41
a0.50_c1.00_n15_s0.5_L100_Ipredicted_mean,1,mean_l2,mean_signature,worst,predicted_mean,0.5,1.0,15,0.5,100,min_specialist_10,balanced_40,0,0,0.014925373134328358,0.0,3.9311014482558413,67
a0.50_c1.00_n15_s0.5_L100_Ipredicted_mean,1,cmap_signature_match,cmap_signature,worst,predicted_mean,0.5,1.0,15,0.5,100,min_specialist_0,balanced_40,0,0,0.024390243902439025,0.0,5.567857276788942,41
a0.50_c1.00_n15_s0.5_L100_Ipredicted_mean,1,cmap_signature_reverse,cmap_signature,worst,predicted_mean,0.5,1.0,15,0.5,100,min_specialist_0,balanced_40,0,0,0.024390243902439025,0.0,5.567857276788942,41
a0.50_c1.00_n15_s0.5_L100_Ipredicted_mean,1,DART_energy,DART_distributional,worst,predicted_mean,0.5,1.0,15,0.5,100,min_specialist_10,balanced_40,0,0,0.014492753623188406,0.0,3.9311014482558413,69
a0.50_c1.00_n15_s0.5_L100_Ipredicted_mean,1,DART_mmd,DART_distributional,worst,predicted_mean,0.5,1.0,15,0.5,100,min_specialist_10,balanced_40,0,0,0.014492753623188406,0.0,3.9311014482558413,69
a0.50_c1.00_n15_s0.5_L100_Ipredicted_mean,1,DART_sliced_wasserstein,DART_distributional,worst,predicted_mean,0.5,1.0,15,0.5,100,min_specialist_10,balanced_40,0,0,0.0125,0.0,3.9311014482558413,80
a0.50_c1.00_n15_s0.5_L100_Ipredicted_mean,1,DART_coverage_mean,DART_coverage,worst,predicted_mean,0.5,1.0,15,0.5,100,min_specialist_10,balanced_40,0,0,0.016129032258064516,0.0,3.9311014482558413,62
a0.50_c1.00_n15_s0.5_L100_Ipredicted_mean,1,DART_coverage_worst,DART_coverage,worst,predicted_mean,0.5,1.0,15,0.5,100,maj_specialist_53,balanced_40,0,0,0.020833333333333332,0.0,1.6122414719856657,48
a0.50_c1.00_n15_s0.5_L100_Ipredicted_mean,2,mean_cosine,mean_signature,mean,predicted_mean,0.5,1.0,15,0.5,100,min_specialist_0,balanced_39,0,0,0.025,0.0,1.1248200976125773,40
a0.50_c1.00_n15_s0.5_L100_Ipredicted_mean,2,mean_l2,mean_signature,mean,predicted_mean,0.5,1.0,15,0.5,100,maj_specialist_55,balanced_39,0,0,0.022222222222222223,0.0,0.17304911788036748,45
a0.50_c1.00_n15_s0.5_L100_Ipredicted_mean,2,cmap_signature_match,cmap_signature,mean,predicted_mean,0.5,1.0,15,0.5,100,min_specialist_0,balanced_39,0,0,0.025,0.0,1.1248200976125773,40
a0.50_c1.00_n15_s0.5_L100_Ipredicted_mean,2,cmap_signature_reverse,cmap_signature,mean,predicted_mean,0.5,1.0,15,0.5,100,min_specialist_0,balanced_39,0,0,0.025,0.0,1.1248200976125773,40
a0.50_c1.00_n15_s0.5_L100_Ipredicted_mean,2,DART_energy,DART_distributional,mean,predicted_mean,0.5,1.0,15,0.5,100,maj_specialist_55,balanced_39,0,0,0.020833333333333332,0.0,0.17304911788036748,48
a0.50_c1.00_n15_s0.5_L100_Ipredicted_mean,2,DART_mmd,DART_distributional,mean,predicted_mean,0.5,1.0,15,0.5,100,balanced_47,balanced_39,0,0,0.021739130434782608,0.0,0.04037768619770432,46
a0.50_c1.00_n15_s0.5_L100_Ipredicted_mean,2,DART_sliced_wasserstein,DART_distributional,mean,predicted_mean,0.5,1.0,15,0.5,100,maj_specialist_74,balanced_39,0,0,0.07692307692307693,0.0,0.8580355975969738,13
a0.50_c1.00_n15_s0.5_L100_Ipredicted_mean,2,DART_coverage_mean,DART_coverage,mean,predicted_mean,0.5,1.0,15,0.5,100,balanced_47,balanced_39,0,0,0.023255813953488372,0.0,0.04037768619770432,43
a0.50_c1.00_n15_s0.5_L100_Ipredicted_mean,2,DART_coverage_worst,DART_coverage,mean,predicted_mean,0.5,1.0,15,0.5,100,maj_specialist_55,balanced_39,0,0,0.043478260869565216,0.0,0.17304911788036748,23
a0.50_c1.00_n15_s0.5_L100_Ipredicted_mean,2,mean_cosine,mean_signature,worst,predicted_mean,0.5,1.0,15,0.5,100,min_specialist_0,balanced_39,0,0,0.025,0.0,5.567858609021819,40
a0.50_c1.00_n15_s0.5_L100_Ipredicted_mean,2,mean_l2,mean_signature,worst,predicted_mean,0.5,1.0,15,0.5,100,maj_specialist_55,balanced_39,0,0,0.022222222222222223,0.0,1.8819099890567372,45
a0.50_c1.00_n15_s0.5_L100_Ipredicted_mean,2,cmap_signature_match,cmap_signature,worst,predicted_mean,0.5,1.0,15,0.5,100,min_specialist_0,balanced_39,0,0,0.025,0.0,5.567858609021819,40
a0.50_c1.00_n15_s0.5_L100_Ipredicted_mean,2,cmap_signature_reverse,cmap_signature,worst,predicted_mean,0.5,1.0,15,0.5,100,min_specialist_0,balanced_39,0,0,0.025,0.0,5.567858609021819,40
a0.50_c1.00_n15_s0.5_L100_Ipredicted_mean,2,DART_energy,DART_distributional,worst,predicted_mean,0.5,1.0,15,0.5,100,maj_specialist_55,balanced_39,0,0,0.020833333333333332,0.0,1.8819099890567372,48
a0.50_c1.00_n15_s0.5_L100_Ipredicted_mean,2,DART_mmd,DART_distributional,worst,predicted_mean,0.5,1.0,15,0.5,100,balanced_47,balanced_39,0,0,0.021739130434782608,0.0,0.837846310069267,46
a0.50_c1.00_n15_s0.5_L100_Ipredicted_mean,2,DART_sliced_wasserstein,DART_distributional,worst,predicted_mean,0.5,1.0,15,0.5,100,maj_specialist_74,balanced_39,0,0,0.07692307692307693,0.0,4.731453496420766,13
a0.50_c1.00_n15_s0.5_L100_Ipredicted_mean,2,DART_coverage_mean,DART_coverage,worst,predicted_mean,0.5,1.0,15,0.5,100,balanced_47,balanced_39,0,0,0.023255813953488372,0.0,0.837846310069267,43
a0.50_c1.00_n15_s0.5_L100_Ipredicted_mean,2,DART_coverage_worst,DART_coverage,worst,predicted_mean,0.5,1.0,15,0.5,100,maj_specialist_55,balanced_39,0,0,0.043478260869565216,0.0,1.8819099890567372,23
a0.50_c0.00_n60_s0.5_L20_Iobserved,0,mean_cosine,mean_signature,mean,observed,0.5,0.0,60,0.5,20,min_specialist_0,maj_specialist_14,0,0,0.06666666666666667,0.0,2.98908595652847e-07,15
a0.50_c0.00_n60_s0.5_L20_Iobserved,0,mean_l2,mean_signature,mean,observed,0.5,0.0,60,0.5,20,maj_specialist_10,maj_specialist_14,0,0,0.16666666666666666,0.3562071871080222,3.534720889319942e-07,6
a0.50_c0.00_n60_s0.5_L20_Iobserved,0,cmap_signature_match,cmap_signature,mean,observed,0.5,0.0,60,0.5,20,min_specialist_0,maj_specialist_14,0,0,0.06666666666666667,0.0,2.98908595652847e-07,15
a0.50_c0.00_n60_s0.5_L20_Iobserved,0,cmap_signature_reverse,cmap_signature,mean,observed,0.5,0.0,60,0.5,20,min_specialist_0,maj_specialist_14,0,0,0.06666666666666667,0.0,2.98908595652847e-07,15
a0.50_c0.00_n60_s0.5_L20_Iobserved,0,DART_energy,DART_distributional,mean,observed,0.5,0.0,60,0.5,20,maj_specialist_10,maj_specialist_14,0,0,0.125,0.31546487678572877,3.534720889319942e-07,8
a0.50_c0.00_n60_s0.5_L20_Iobserved,0,DART_mmd,DART_distributional,mean,observed,0.5,0.0,60,0.5,20,maj_specialist_10,maj_specialist_14,0,0,0.14285714285714285,0.3333333333333333,3.534720889319942e-07,7
a0.50_c0.00_n60_s0.5_L20_Iobserved,0,DART_sliced_wasserstein,DART_distributional,mean,observed,0.5,0.0,60,0.5,20,min_specialist_2,maj_specialist_14,0,0,0.0625,0.0,5.412817110084234e-07,16
a0.50_c0.00_n60_s0.5_L20_Iobserved,0,DART_coverage_mean,DART_coverage,mean,observed,0.5,0.0,60,0.5,20,maj_specialist_10,maj_specialist_14,0,0,0.125,0.31546487678572877,3.534720889319942e-07,8
a0.50_c0.00_n60_s0.5_L20_Iobserved,0,DART_coverage_worst,DART_coverage,mean,observed,0.5,0.0,60,0.5,20,min_specialist_3,maj_specialist_14,0,1,0.3333333333333333,0.5,6.302581425643439e-07,3
a0.50_c0.00_n60_s0.5_L20_Iobserved,0,mean_cosine,mean_signature,worst,observed,0.5,0.0,60,0.5,20,min_specialist_0,maj_specialist_14,0,0,0.06666666666666667,0.0,2.672086374388982e-07,15
a0.50_c0.00_n60_s0.5_L20_Iobserved,0,mean_l2,mean_signature,worst,observed,0.5,0.0,60,0.5,20,maj_specialist_10,maj_specialist_14,0,0,0.16666666666666666,0.3562071871080222,2.5773463008249564e-07,6
a0.50_c0.00_n60_s0.5_L20_Iobserved,0,cmap_signature_match,cmap_signature,worst,observed,0.5,0.0,60,0.5,20,min_specialist_0,maj_specialist_14,0,0,0.06666666666666667,0.0,2.672086374388982e-07,15
a0.50_c0.00_n60_s0.5_L20_Iobserved,0,cmap_signature_reverse,cmap_signature,worst,observed,0.5,0.0,60,0.5,20,min_specialist_0,maj_specialist_14,0,0,0.06666666666666667,0.0,2.672086374388982e-07,15
a0.50_c0.00_n60_s0.5_L20_Iobserved,0,DART_energy,DART_distributional,worst,observed,0.5,0.0,60,0.5,20,maj_specialist_10,maj_specialist_14,0,0,0.125,0.31546487678572877,2.5773463008249564e-07,8
a0.50_c0.00_n60_s0.5_L20_Iobserved,0,DART_mmd,DART_distributional,worst,observed,0.5,0.0,60,0.5,20,maj_specialist_10,maj_specialist_14,0,0,0.14285714285714285,0.3333333333333333,2.5773463008249564e-07,7
a0.50_c0.00_n60_s0.5_L20_Iobserved,0,DART_sliced_wasserstein,DART_distributional,worst,observed,0.5,0.0,60,0.5,20,min_specialist_2,maj_specialist_14,0,0,0.0625,0.0,4.956648744780523e-07,16
a0.50_c0.00_n60_s0.5_L20_Iobserved,0,DART_coverage_mean,DART_coverage,worst,observed,0.5,0.0,60,0.5,20,maj_specialist_10,maj_specialist_14,0,0,0.125,0.31546487678572877,2.5773463008249564e-07,8
a0.50_c0.00_n60_s0.5_L20_Iobserved,0,DART_coverage_worst,DART_coverage,worst,observed,0.5,0.0,60,0.5,20,min_specialist_3,maj_specialist_14,0,1,0.3333333333333333,0.5,5.43489178994605e-07,3
a0.50_c0.00_n60_s0.5_L20_Iobserved,1,mean_cosine,mean_signature,mean,observed,0.5,0.0,60,0.5,20,min_specialist_0,min_specialist_3,0,1,0.25,0.43067655807339306,3.2009021211365507e-07,4
a0.50_c0.00_n60_s0.5_L20_Iobserved,1,mean_l2,mean_signature,mean,observed,0.5,0.0,60,0.5,20,maj_specialist_11,min_specialist_3,0,0,0.07142857142857142,0.0,8.513188554104545e-07,14
a0.50_c0.00_n60_s0.5_L20_Iobserved,1,cmap_signature_match,cmap_signature,mean,observed,0.5,0.0,60,0.5,20,min_specialist_0,min_specialist_3,0,1,0.25,0.43067655807339306,3.2009021211365507e-07,4
a0.50_c0.00_n60_s0.5_L20_Iobserved,1,cmap_signature_reverse,cmap_signature,mean,observed,0.5,0.0,60,0.5,20,min_specialist_0,min_specialist_3,0,1,0.25,0.43067655807339306,3.2009021211365507e-07,4
a0.50_c0.00_n60_s0.5_L20_Iobserved,1,DART_energy,DART_distributional,mean,observed,0.5,0.0,60,0.5,20,maj_specialist_11,min_specialist_3,0,0,0.07142857142857142,0.0,8.513188554104545e-07,14
a0.50_c0.00_n60_s0.5_L20_Iobserved,1,DART_mmd,DART_distributional,mean,observed,0.5,0.0,60,0.5,20,maj_specialist_11,min_specialist_3,0,0,0.07142857142857142,0.0,8.513188554104545e-07,14
a0.50_c0.00_n60_s0.5_L20_Iobserved,1,DART_sliced_wasserstein,DART_distributional,mean,observed,0.5,0.0,60,0.5,20,balanced_9,min_specialist_3,0,0,0.07692307692307693,0.0,3.931984338123584e-07,13
a0.50_c0.00_n60_s0.5_L20_Iobserved,1,DART_coverage_mean,DART_coverage,mean,observed,0.5,0.0,60,0.5,20,maj_specialist_11,min_specialist_3,0,0,0.07692307692307693,0.0,8.513188554104545e-07,13
a0.50_c0.00_n60_s0.5_L20_Iobserved,1,DART_coverage_worst,DART_coverage,mean,observed,0.5,0.0,60,0.5,20,maj_specialist_11,min_specialist_3,0,0,0.07692307692307693,0.0,8.513188554104545e-07,13
a0.50_c0.00_n60_s0.5_L20_Iobserved,1,mean_cosine,mean_signature,worst,observed,0.5,0.0,60,0.5,20,min_specialist_0,min_specialist_3,0,1,0.25,0.43067655807339306,3.7003190911377715e-07,4
a0.50_c0.00_n60_s0.5_L20_Iobserved,1,mean_l2,mean_signature,worst,observed,0.5,0.0,60,0.5,20,maj_specialist_11,min_specialist_3,0,0,0.07142857142857142,0.0,8.81927007867489e-07,14
a0.50_c0.00_n60_s0.5_L20_Iobserved,1,cmap_signature_match,cmap_signature,worst,observed,0.5,0.0,60,0.5,20,min_specialist_0,min_specialist_3,0,1,0.25,0.43067655807339306,3.7003190911377715e-07,4
a0.50_c0.00_n60_s0.5_L20_Iobserved,1,cmap_signature_reverse,cmap_signature,worst,observed,0.5,0.0,60,0.5,20,min_specialist_0,min_specialist_3,0,1,0.25,0.43067655807339306,3.7003190911377715e-07,4
a0.50_c0.00_n60_s0.5_L20_Iobserved,1,DART_energy,DART_distributional,worst,observed,0.5,0.0,60,0.5,20,maj_specialist_11,min_specialist_3,0,0,0.07142857142857142,0.0,8.81927007867489e-07,14
a0.50_c0.00_n60_s0.5_L20_Iobserved,1,DART_mmd,DART_distributional,worst,observed,0.5,0.0,60,0.5,20,maj_specialist_11,min_specialist_3,0,0,0.07142857142857142,0.0,8.81927007867489e-07,14
a0.50_c0.00_n60_s0.5_L20_Iobserved,1,DART_sliced_wasserstein,DART_distributional,worst,observed,0.5,0.0,60,0.5,20,balanced_9,min_specialist_3,0,0,0.07692307692307693,0.0,4.058637550485855e-07,13
a0.50_c0.00_n60_s0.5_L20_Iobserved,1,DART_coverage_mean,DART_coverage,worst,observed,0.5,0.0,60,0.5,20,maj_specialist_11,min_specialist_3,0,0,0.07692307692307693,0.0,8.81927007867489e-07,13
a0.50_c0.00_n60_s0.5_L20_Iobserved,1,DART_coverage_worst,DART_coverage,worst,observed,0.5,0.0,60,0.5,20,maj_specialist_11,min_specialist_3,0,0,0.07692307692307693,0.0,8.81927007867489e-07,13
a0.50_c0.00_n60_s0.5_L20_Iobserved,2,mean_cosine,mean_signature,mean,observed,0.5,0.0,60,0.5,20,min_specialist_0,maj_specialist_14,0,0,0.06666666666666667,0.0,6.45659522291453e-07,15
a0.50_c0.00_n60_s0.5_L20_Iobserved,2,mean_l2,mean_signature,mean,observed,0.5,0.0,60,0.5,20,balanced_6,maj_specialist_14,0,0,0.09090909090909091,0.0,2.2480374539668446e-07,11
a0.50_c0.00_n60_s0.5_L20_Iobserved,2,cmap_signature_match,cmap_signature,mean,observed,0.5,0.0,60,0.5,20,min_specialist_0,maj_specialist_14,0,0,0.06666666666666667,0.0,6.45659522291453e-07,15
a0.50_c0.00_n60_s0.5_L20_Iobserved,2,cmap_signature_reverse,cmap_signature,mean,observed,0.5,0.0,60,0.5,20,min_specialist_0,maj_specialist_14,0,0,0.06666666666666667,0.0,6.45659522291453e-07,15
a0.50_c0.00_n60_s0.5_L20_Iobserved,2,DART_energy,DART_distributional,mean,observed,0.5,0.0,60,0.5,20,balanced_6,maj_specialist_14,0,0,0.09090909090909091,0.0,2.2480374539668446e-07,11
a0.50_c0.00_n60_s0.5_L20_Iobserved,2,DART_mmd,DART_distributional,mean,observed,0.5,0.0,60,0.5,20,balanced_6,maj_specialist_14,0,0,0.1111111111111111,0.3010299956639812,2.2480374539668446e-07,9
a0.50_c0.00_n60_s0.5_L20_Iobserved,2,DART_sliced_wasserstein,DART_distributional,mean,observed,0.5,0.0,60,0.5,20,min_specialist_1,maj_specialist_14,0,0,0.07142857142857142,0.0,1.2858700060291994e-07,14
a0.50_c0.00_n60_s0.5_L20_Iobserved,2,DART_coverage_mean,DART_coverage,mean,observed,0.5,0.0,60,0.5,20,balanced_6,maj_specialist_14,0,0,0.1,0.2890648263178879,2.2480374539668446e-07,10
a0.50_c0.00_n60_s0.5_L20_Iobserved,2,DART_coverage_worst,DART_coverage,mean,observed,0.5,0.0,60,0.5,20,balanced_6,maj_specialist_14,0,0,0.07142857142857142,0.0,2.2480374539668446e-07,14
a0.50_c0.00_n60_s0.5_L20_Iobserved,2,mean_cosine,mean_signature,worst,observed,0.5,0.0,60,0.5,20,min_specialist_0,maj_specialist_14,0,0,0.06666666666666667,0.0,6.368911122933696e-07,15
a0.50_c0.00_n60_s0.5_L20_Iobserved,2,mean_l2,mean_signature,worst,observed,0.5,0.0,60,0.5,20,balanced_6,maj_specialist_14,0,0,0.09090909090909091,0.0,2.1833904995105513e-07,11
a0.50_c0.00_n60_s0.5_L20_Iobserved,2,cmap_signature_match,cmap_signature,worst,observed,0.5,0.0,60,0.5,20,min_specialist_0,maj_specialist_14,0,0,0.06666666666666667,0.0,6.368911122933696e-07,15
a0.50_c0.00_n60_s0.5_L20_Iobserved,2,cmap_signature_reverse,cmap_signature,worst,observed,0.5,0.0,60,0.5,20,min_specialist_0,maj_specialist_14,0,0,0.06666666666666667,0.0,6.368911122933696e-07,15
a0.50_c0.00_n60_s0.5_L20_Iobserved,2,DART_energy,DART_distributional,worst,observed,0.5,0.0,60,0.5,20,balanced_6,maj_specialist_14,0,0,0.09090909090909091,0.0,2.1833904995105513e-07,11
a0.50_c0.00_n60_s0.5_L20_Iobserved,2,DART_mmd,DART_distributional,worst,observed,0.5,0.0,60,0.5,20,balanced_6,maj_specialist_14,0,0,0.1111111111111111,0.3010299956639812,2.1833904995105513e-07,9
a0.50_c0.00_n60_s0.5_L20_Iobserved,2,DART_sliced_wasserstein,DART_distributional,worst,observed,0.5,0.0,60,0.5,20,min_specialist_1,maj_specialist_14,0,0,0.07142857142857142,0.0,8.73437535631183e-08,14
a0.50_c0.00_n60_s0.5_L20_Iobserved,2,DART_coverage_mean,DART_coverage,worst,observed,0.5,0.0,60,0.5,20,balanced_6,maj_specialist_14,0,0,0.1,0.2890648263178879,2.1833904995105513e-07,10
a0.50_c0.00_n60_s0.5_L20_Iobserved,2,DART_coverage_worst,DART_coverage,worst,observed,0.5,0.0,60,0.5,20,balanced_6,maj_specialist_14,0,0,0.07142857142857142,0.0,2.1833904995105513e-07,14
a0.50_c0.00_n60_s0.5_L100_Iobserved,0,mean_cosine,mean_signature,mean,observed,0.5,0.0,60,0.5,100,min_specialist_0,maj_specialist_62,0,0,0.015873015873015872,0.0,5.82461304077242e-07,63
a0.50_c0.00_n60_s0.5_L100_Iobserved,0,mean_l2,mean_signature,mean,observed,0.5,0.0,60,0.5,100,maj_specialist_61,maj_specialist_62,0,0,0.03571428571428571,0.0,2.1268362715431977e-07,28
a0.50_c0.00_n60_s0.5_L100_Iobserved,0,cmap_signature_match,cmap_signature,mean,observed,0.5,0.0,60,0.5,100,min_specialist_0,maj_specialist_62,0,0,0.015873015873015872,0.0,5.82461304077242e-07,63
a0.50_c0.00_n60_s0.5_L100_Iobserved,0,cmap_signature_reverse,cmap_signature,mean,observed,0.5,0.0,60,0.5,100,min_specialist_0,maj_specialist_62,0,0,0.015873015873015872,0.0,5.82461304077242e-07,63
a0.50_c0.00_n60_s0.5_L100_Iobserved,0,DART_energy,DART_distributional,mean,observed,0.5,0.0,60,0.5,100,maj_specialist_61,maj_specialist_62,0,0,0.03571428571428571,0.0,2.1268362715431977e-07,28
a0.50_c0.00_n60_s0.5_L100_Iobserved,0,DART_mmd,DART_distributional,mean,observed,0.5,0.0,60,0.5,100,maj_specialist_61,maj_specialist_62,0,0,0.038461538461538464,0.0,2.1268362715431977e-07,26
a0.50_c0.00_n60_s0.5_L100_Iobserved,0,DART_sliced_wasserstein,DART_distributional,mean,observed,0.5,0.0,60,0.5,100,min_specialist_3,maj_specialist_62,0,1,0.5,0.6309297535714575,9.138108509887388e-07,2
a0.50_c0.00_n60_s0.5_L100_Iobserved,0,DART_coverage_mean,DART_coverage,mean,observed,0.5,0.0,60,0.5,100,maj_specialist_61,maj_specialist_62,0,0,0.03571428571428571,0.0,2.1268362715431977e-07,28
a0.50_c0.00_n60_s0.5_L100_Iobserved,0,DART_coverage_worst,DART_coverage,mean,observed,0.5,0.0,60,0.5,100,balanced_35,maj_specialist_62,0,0,0.07142857142857142,0.0,4.797950907686754e-07,14
a0.50_c0.00_n60_s0.5_L100_Iobserved,0,mean_cosine,mean_signature,worst,observed,0.5,0.0,60,0.5,100,min_specialist_0,maj_specialist_62,0,0,0.015873015873015872,0.0,6.698310706099164e-07,63
a0.50_c0.00_n60_s0.5_L100_Iobserved,0,mean_l2,mean_signature,worst,observed,0.5,0.0,60,0.5,100,maj_specialist_61,maj_specialist_62,0,0,0.03571428571428571,0.0,2.742957221357756e-07,28
a0.50_c0.00_n60_s0.5_L100_Iobserved,0,cmap_signature_match,cmap_signature,worst,observed,0.5,0.0,60,0.5,100,min_specialist_0,maj_specialist_62,0,0,0.015873015873015872,0.0,6.698310706099164e-07,63
a0.50_c0.00_n60_s0.5_L100_Iobserved,0,cmap_signature_reverse,cmap_signature,worst,observed,0.5,0.0,60,0.5,100,min_specialist_0,maj_specialist_62,0,0,0.015873015873015872,0.0,6.698310706099164e-07,63
a0.50_c0.00_n60_s0.5_L100_Iobserved,0,DART_energy,DART_distributional,worst,observed,0.5,0.0,60,0.5,100,maj_specialist_61,maj_specialist_62,0,0,0.03571428571428571,0.0,2.742957221357756e-07,28
a0.50_c0.00_n60_s0.5_L100_Iobserved,0,DART_mmd,DART_distributional,worst,observed,0.5,0.0,60,0.5,100,maj_specialist_61,maj_specialist_62,0,0,0.038461538461538464,0.0,2.742957221357756e-07,26
a0.50_c0.00_n60_s0.5_L100_Iobserved,0,DART_sliced_wasserstein,DART_distributional,worst,observed,0.5,0.0,60,0.5,100,min_specialist_3,maj_specialist_62,0,1,0.5,0.6309297535714575,9.461116121656232e-07,2
a0.50_c0.00_n60_s0.5_L100_Iobserved,0,DART_coverage_mean,DART_coverage,worst,observed,0.5,0.0,60,0.5,100,maj_specialist_61,maj_specialist_62,0,0,0.03571428571428571,0.0,2.742957221357756e-07,28
a0.50_c0.00_n60_s0.5_L100_Iobserved,0,DART_coverage_worst,DART_coverage,worst,observed,0.5,0.0,60,0.5,100,balanced_35,maj_specialist_62,0,0,0.07142857142857142,0.0,4.7022452420719674e-07,14
a0.50_c0.00_n60_s0.5_L100_Iobserved,1,mean_cosine,mean_signature,mean,observed,0.5,0.0,60,0.5,100,min_specialist_0,min_specialist_3,0,1,0.25,0.43067655807339306,3.2009021211365507e-07,4
a0.50_c0.00_n60_s0.5_L100_Iobserved,1,mean_l2,mean_signature,mean,observed,0.5,0.0,60,0.5,100,min_specialist_19,min_specialist_3,0,0,0.01694915254237288,0.0,7.995171849017879e-07,59
a0.50_c0.00_n60_s0.5_L100_Iobserved,1,cmap_signature_match,cmap_signature,mean,observed,0.5,0.0,60,0.5,100,min_specialist_0,min_specialist_3,0,1,0.25,0.43067655807339306,3.2009021211365507e-07,4
a0.50_c0.00_n60_s0.5_L100_Iobserved,1,cmap_signature_reverse,cmap_signature,mean,observed,0.5,0.0,60,0.5,100,min_specialist_0,min_specialist_3,0,1,0.25,0.43067655807339306,3.2009021211365507e-07,4
a0.50_c0.00_n60_s0.5_L100_Iobserved,1,DART_energy,DART_distributional,mean,observed,0.5,0.0,60,0.5,100,maj_specialist_76,min_specialist_3,0,0,0.018518518518518517,0.0,7.325259332446876e-08,54
a0.50_c0.00_n60_s0.5_L100_Iobserved,1,DART_mmd,DART_distributional,mean,observed,0.5,0.0,60,0.5,100,min_specialist_4,min_specialist_3,0,0,0.02127659574468085,0.0,8.653824679072386e-07,47
a0.50_c0.00_n60_s0.5_L100_Iobserved,1,DART_sliced_wasserstein,DART_distributional,mean,observed,0.5,0.0,60,0.5,100,maj_specialist_62,min_specialist_3,0,0,0.014492753623188406,0.0,2.9315885186065316e-07,69
a0.50_c0.00_n60_s0.5_L100_Iobserved,1,DART_coverage_mean,DART_coverage,mean,observed,0.5,0.0,60,0.5,100,balanced_37,min_specialist_3,0,0,0.018518518518518517,0.0,9.388049306835455e-07,54
a0.50_c0.00_n60_s0.5_L100_Iobserved,1,DART_coverage_worst,DART_coverage,mean,observed,0.5,0.0,60,0.5,100,maj_specialist_76,min_specialist_3,0,0,0.01694915254237288,0.0,7.325259332446876e-08,59
a0.50_c0.00_n60_s0.5_L100_Iobserved,1,mean_cosine,mean_signature,worst,observed,0.5,0.0,60,0.5,100,min_specialist_0,min_specialist_3,0,1,0.25,0.43067655807339306,3.7003190911377715e-07,4
a0.50_c0.00_n60_s0.5_L100_Iobserved,1,mean_l2,mean_signature,worst,observed,0.5,0.0,60,0.5,100,min_specialist_19,min_specialist_3,0,0,0.01694915254237288,0.0,8.635582382510165e-07,59
a0.50_c0.00_n60_s0.5_L100_Iobserved,1,cmap_signature_match,cmap_signature,worst,observed,0.5,0.0,60,0.5,100,min_specialist_0,min_specialist_3,0,1,0.25,0.43067655807339306,3.7003190911377715e-07,4
a0.50_c0.00_n60_s0.5_L100_Iobserved,1,cmap_signature_reverse,cmap_signature,worst,observed,0.5,0.0,60,0.5,100,min_specialist_0,min_specialist_3,0,1,0.25,0.43067655807339306,3.7003190911377715e-07,4
a0.50_c0.00_n60_s0.5_L100_Iobserved,1,DART_energy,DART_distributional,worst,observed,0.5,0.0,60,0.5,100,maj_specialist_76,min_specialist_3,0,0,0.018518518518518517,0.0,6.552879128207678e-08,54
a0.50_c0.00_n60_s0.5_L100_Iobserved,1,DART_mmd,DART_distributional,worst,observed,0.5,0.0,60,0.5,100,min_specialist_4,min_specialist_3,0,0,0.02127659574468085,0.0,9.31261414649498e-07,47
a0.50_c0.00_n60_s0.5_L100_Iobserved,1,DART_sliced_wasserstein,DART_distributional,worst,observed,0.5,0.0,60,0.5,100,maj_specialist_62,min_specialist_3,0,0,0.014492753623188406,0.0,3.549254223855769e-07,69
a0.50_c0.00_n60_s0.5_L100_Iobserved,1,DART_coverage_mean,DART_coverage,worst,observed,0.5,0.0,60,0.5,100,balanced_37,min_specialist_3,0,0,0.018518518518518517,0.0,9.418071904576664e-07,54
a0.50_c0.00_n60_s0.5_L100_Iobserved,1,DART_coverage_worst,DART_coverage,worst,observed,0.5,0.0,60,0.5,100,maj_specialist_76,min_specialist_3,0,0,0.01694915254237288,0.0,6.552879128207678e-08,59
a0.50_c0.00_n60_s0.5_L100_Iobserved,2,mean_cosine,mean_signature,mean,observed,0.5,0.0,60,0.5,100,min_specialist_0,maj_specialist_61,0,0,0.016129032258064516,0.0,9.163689540514497e-07,62
a0.50_c0.00_n60_s0.5_L100_Iobserved,2,mean_l2,mean_signature,mean,observed,0.5,0.0,60,0.5,100,balanced_47,maj_specialist_61,0,0,0.012658227848101266,0.0,4.314531523164078e-07,79
a0.50_c0.00_n60_s0.5_L100_Iobserved,2,cmap_signature_match,cmap_signature,mean,observed,0.5,0.0,60,0.5,100,min_specialist_0,maj_specialist_61,0,0,0.016129032258064516,0.0,9.163689540514497e-07,62
a0.50_c0.00_n60_s0.5_L100_Iobserved,2,cmap_signature_reverse,cmap_signature,mean,observed,0.5,0.0,60,0.5,100,min_specialist_0,maj_specialist_61,0,0,0.016129032258064516,0.0,9.163689540514497e-07,62
a0.50_c0.00_n60_s0.5_L100_Iobserved,2,DART_energy,DART_distributional,mean,observed,0.5,0.0,60,0.5,100,balanced_47,maj_specialist_61,0,0,0.01282051282051282,0.0,4.314531523164078e-07,78
a0.50_c0.00_n60_s0.5_L100_Iobserved,2,DART_mmd,DART_distributional,mean,observed,0.5,0.0,60,0.5,100,balanced_47,maj_specialist_61,0,0,0.013513513513513514,0.0,4.314531523164078e-07,74
a0.50_c0.00_n60_s0.5_L100_Iobserved,2,DART_sliced_wasserstein,DART_distributional,mean,observed,0.5,0.0,60,0.5,100,min_specialist_1,maj_specialist_61,0,0,0.02127659574468085,0.0,3.992964323629167e-07,47
a0.50_c0.00_n60_s0.5_L100_Iobserved,2,DART_coverage_mean,DART_coverage,mean,observed,0.5,0.0,60,0.5,100,balanced_47,maj_specialist_61,0,0,0.013157894736842105,0.0,4.314531523164078e-07,76
a0.50_c0.00_n60_s0.5_L100_Iobserved,2,DART_coverage_worst,DART_coverage,mean,observed,0.5,0.0,60,0.5,100,balanced_47,maj_specialist_61,0,0,0.014925373134328358,0.0,4.314531523164078e-07,67
a0.50_c0.00_n60_s0.5_L100_Iobserved,2,mean_cosine,mean_signature,worst,observed,0.5,0.0,60,0.5,100,min_specialist_0,maj_specialist_61,0,0,0.016129032258064516,0.0,8.024909128323543e-07,62
a0.50_c0.00_n60_s0.5_L100_Iobserved,2,mean_l2,mean_signature,worst,observed,0.5,0.0,60,0.5,100,balanced_47,maj_specialist_61,0,0,0.012658227848101266,0.0,3.4235837986784645e-07,79
a0.50_c0.00_n60_s0.5_L100_Iobserved,2,cmap_signature_match,cmap_signature,worst,observed,0.5,0.0,60,0.5,100,min_specialist_0,maj_specialist_61,0,0,0.016129032258064516,0.0,8.024909128323543e-07,62
a0.50_c0.00_n60_s0.5_L100_Iobserved,2,cmap_signature_reverse,cmap_signature,worst,observed,0.5,0.0,60,0.5,100,min_specialist_0,maj_specialist_61,0,0,0.016129032258064516,0.0,8.024909128323543e-07,62
a0.50_c0.00_n60_s0.5_L100_Iobserved,2,DART_energy,DART_distributional,worst,observed,0.5,0.0,60,0.5,100,balanced_47,maj_specialist_61,0,0,0.01282051282051282,0.0,3.4235837986784645e-07,78
a0.50_c0.00_n60_s0.5_L100_Iobserved,2,DART_mmd,DART_distributional,worst,observed,0.5,0.0,60,0.5,100,balanced_47,maj_specialist_61,0,0,0.013513513513513514,0.0,3.4235837986784645e-07,74
a0.50_c0.00_n60_s0.5_L100_Iobserved,2,DART_sliced_wasserstein,DART_distributional,worst,observed,0.5,0.0,60,0.5,100,min_specialist_1,maj_specialist_61,0,0,0.02127659574468085,0.0,2.52943554102103e-07,47
a0.50_c0.00_n60_s0.5_L100_Iobserved,2,DART_coverage_mean,DART_coverage,worst,observed,0.5,0.0,60,0.5,100,balanced_47,maj_specialist_61,0,0,0.013157894736842105,0.0,3.4235837986784645e-07,76
a0.50_c0.00_n60_s0.5_L100_Iobserved,2,DART_coverage_worst,DART_coverage,worst,observed,0.5,0.0,60,0.5,100,balanced_47,maj_specialist_61,0,0,0.014925373134328358,0.0,3.4235837986784645e-07,67
a0.50_c0.00_n60_s0.5_L20_Ipredicted_mean,0,mean_cosine,mean_signature,mean,predicted_mean,0.5,0.0,60,0.5,20,min_specialist_0,maj_specialist_14,0,0,0.06666666666666667,0.0,2.98908595652847e-07,15
a0.50_c0.00_n60_s0.5_L20_Ipredicted_mean,0,mean_l2,mean_signature,mean,predicted_mean,0.5,0.0,60,0.5,20,maj_specialist_12,maj_specialist_14,0,0,0.125,0.31546487678572877,5.648144707492975e-07,8
a0.50_c0.00_n60_s0.5_L20_Ipredicted_mean,0,cmap_signature_match,cmap_signature,mean,predicted_mean,0.5,0.0,60,0.5,20,min_specialist_0,maj_specialist_14,0,0,0.06666666666666667,0.0,2.98908595652847e-07,15
a0.50_c0.00_n60_s0.5_L20_Ipredicted_mean,0,cmap_signature_reverse,cmap_signature,mean,predicted_mean,0.5,0.0,60,0.5,20,min_specialist_0,maj_specialist_14,0,0,0.06666666666666667,0.0,2.98908595652847e-07,15
a0.50_c0.00_n60_s0.5_L20_Ipredicted_mean,0,DART_energy,DART_distributional,mean,predicted_mean,0.5,0.0,60,0.5,20,min_specialist_0,maj_specialist_14,0,0,0.08333333333333333,0.0,2.98908595652847e-07,12
a0.50_c0.00_n60_s0.5_L20_Ipredicted_mean,0,DART_mmd,DART_distributional,mean,predicted_mean,0.5,0.0,60,0.5,20,balanced_6,maj_specialist_14,0,0,0.07142857142857142,0.0,1.535832865329212e-07,14
a0.50_c0.00_n60_s0.5_L20_Ipredicted_mean,0,DART_sliced_wasserstein,DART_distributional,mean,predicted_mean,0.5,0.0,60,0.5,20,min_specialist_2,maj_specialist_14,0,0,0.0625,0.0,5.412817110084234e-07,16
a0.50_c0.00_n60_s0.5_L20_Ipredicted_mean,0,DART_coverage_mean,DART_coverage,mean,predicted_mean,0.5,0.0,60,0.5,20,min_specialist_5,maj_specialist_14,0,0,0.1,0.2890648263178879,7.96585560181029e-07,10
a0.50_c0.00_n60_s0.5_L20_Ipredicted_mean,0,DART_coverage_worst,DART_coverage,mean,predicted_mean,0.5,0.0,60,0.5,20,maj_specialist_13,maj_specialist_14,0,0,0.14285714285714285,0.3333333333333333,6.002038759334027e-07,7
a0.50_c0.00_n60_s0.5_L20_Ipredicted_mean,0,mean_cosine,mean_signature,worst,predicted_mean,0.5,0.0,60,0.5,20,min_specialist_0,maj_specialist_14,0,0,0.06666666666666667,0.0,2.672086374388982e-07,15
a0.50_c0.00_n60_s0.5_L20_Ipredicted_mean,0,mean_l2,mean_signature,worst,predicted_mean,0.5,0.0,60,0.5,20,maj_specialist_12,maj_specialist_14,0,0,0.125,0.31546487678572877,4.7196217778378013e-07,8
a0.50_c0.00_n60_s0.5_L20_Ipredicted_mean,0,cmap_signature_match,cmap_signature,worst,predicted_mean,0.5,0.0,60,0.5,20,min_specialist_0,maj_specialist_14,0,0,0.06666666666666667,0.0,2.672086374388982e-07,15
a0.50_c0.00_n60_s0.5_L20_Ipredicted_mean,0,cmap_signature_reverse,cmap_signature,worst,predicted_mean,0.5,0.0,60,0.5,20,min_specialist_0,maj_specialist_14,0,0,0.06666666666666667,0.0,2.672086374388982e-07,15
a0.50_c0.00_n60_s0.5_L20_Ipredicted_mean,0,DART_energy,DART_distributional,worst,predicted_mean,0.5,0.0,60,0.5,20,min_specialist_0,maj_specialist_14,0,0,0.08333333333333333,0.0,2.672086374388982e-07,12
a0.50_c0.00_n60_s0.5_L20_Ipredicted_mean,0,DART_mmd,DART_distributional,worst,predicted_mean,0.5,0.0,60,0.5,20,balanced_6,maj_specialist_14,0,0,0.07142857142857142,0.0,6.276795971871252e-08,14
a0.50_c0.00_n60_s0.5_L20_Ipredicted_mean,0,DART_sliced_wasserstein,DART_distributional,worst,predicted_mean,0.5,0.0,60,0.5,20,min_specialist_2,maj_specialist_14,0,0,0.0625,0.0,4.956648744780523e-07,16
a0.50_c0.00_n60_s0.5_L20_Ipredicted_mean,0,DART_coverage_mean,DART_coverage,worst,predicted_mean,0.5,0.0,60,0.5,20,min_specialist_5,maj_specialist_14,0,0,0.1,0.2890648263178879,7.115348275021915e-07,10
a0.50_c0.00_n60_s0.5_L20_Ipredicted_mean,0,DART_coverage_worst,DART_coverage,worst,predicted_mean,0.5,0.0,60,0.5,20,maj_specialist_13,maj_specialist_14,0,0,0.14285714285714285,0.3333333333333333,5.827570497274337e-07,7
a0.50_c0.00_n60_s0.5_L20_Ipredicted_mean,1,mean_cosine,mean_signature,mean,predicted_mean,0.5,0.0,60,0.5,20,min_specialist_0,min_specialist_3,0,1,0.25,0.43067655807339306,3.2009021211365507e-07,4
a0.50_c0.00_n60_s0.5_L20_Ipredicted_mean,1,mean_l2,mean_signature,mean,predicted_mean,0.5,0.0,60,0.5,20,maj_specialist_14,min_specialist_3,0,0,0.09090909090909091,0.0,6.163074495191267e-07,11
a0.50_c0.00_n60_s0.5_L20_Ipredicted_mean,1,cmap_signature_match,cmap_signature,mean,predicted_mean,0.5,0.0,60,0.5,20,min_specialist_0,min_specialist_3,0,1,0.25,0.43067655807339306,3.2009021211365507e-07,4
a0.50_c0.00_n60_s0.5_L20_Ipredicted_mean,1,cmap_signature_reverse,cmap_signature,mean,predicted_mean,0.5,0.0,60,0.5,20,min_specialist_0,min_specialist_3,0,1,0.25,0.43067655807339306,3.2009021211365507e-07,4
a0.50_c0.00_n60_s0.5_L20_Ipredicted_mean,1,DART_energy,DART_distributional,mean,predicted_mean,0.5,0.0,60,0.5,20,maj_specialist_11,min_specialist_3,0,0,0.09090909090909091,0.0,8.513188554104545e-07,11
a0.50_c0.00_n60_s0.5_L20_Ipredicted_mean,1,DART_mmd,DART_distributional,mean,predicted_mean,0.5,0.0,60,0.5,20,maj_specialist_11,min_specialist_3,0,0,0.09090909090909091,0.0,8.513188554104545e-07,11
a0.50_c0.00_n60_s0.5_L20_Ipredicted_mean,1,DART_sliced_wasserstein,DART_distributional,mean,predicted_mean,0.5,0.0,60,0.5,20,balanced_9,min_specialist_3,0,0,0.07142857142857142,0.0,3.931984338123584e-07,14
a0.50_c0.00_n60_s0.5_L20_Ipredicted_mean,1,DART_coverage_mean,DART_coverage,mean,predicted_mean,0.5,0.0,60,0.5,20,min_specialist_1,min_specialist_3,0,0,0.1111111111111111,0.3010299956639812,4.0245723553766766e-07,9
a0.50_c0.00_n60_s0.5_L20_Ipredicted_mean,1,DART_coverage_worst,DART_coverage,mean,predicted_mean,0.5,0.0,60,0.5,20,maj_specialist_11,min_specialist_3,0,0,0.14285714285714285,0.3333333333333333,8.513188554104545e-07,7
a0.50_c0.00_n60_s0.5_L20_Ipredicted_mean,1,mean_cosine,mean_signature,worst,predicted_mean,0.5,0.0,60,0.5,20,min_specialist_0,min_specialist_3,0,1,0.25,0.43067655807339306,3.7003190911377715e-07,4
a0.50_c0.00_n60_s0.5_L20_Ipredicted_mean,1,mean_l2,mean_signature,worst,predicted_mean,0.5,0.0,60,0.5,20,maj_specialist_14,min_specialist_3,0,0,0.09090909090909091,0.0,6.34293076728909e-07,11
a0.50_c0.00_n60_s0.5_L20_Ipredicted_mean,1,cmap_signature_match,cmap_signature,worst,predicted_mean,0.5,0.0,60,0.5,20,min_specialist_0,min_specialist_3,0,1,0.25,0.43067655807339306,3.7003190911377715e-07,4
a0.50_c0.00_n60_s0.5_L20_Ipredicted_mean,1,cmap_signature_reverse,cmap_signature,worst,predicted_mean,0.5,0.0,60,0.5,20,min_specialist_0,min_specialist_3,0,1,0.25,0.43067655807339306,3.7003190911377715e-07,4
a0.50_c0.00_n60_s0.5_L20_Ipredicted_mean,1,DART_energy,DART_distributional,worst,predicted_mean,0.5,0.0,60,0.5,20,maj_specialist_11,min_specialist_3,0,0,0.09090909090909091,0.0,8.81927007867489e-07,11
a0.50_c0.00_n60_s0.5_L20_Ipredicted_mean,1,DART_mmd,DART_distributional,worst,predicted_mean,0.5,0.0,60,0.5,20,maj_specialist_11,min_specialist_3,0,0,0.09090909090909091,0.0,8.81927007867489e-07,11
a0.50_c0.00_n60_s0.5_L20_Ipredicted_mean,1,DART_sliced_wasserstein,DART_distributional,worst,predicted_mean,0.5,0.0,60,0.5,20,balanced_9,min_specialist_3,0,0,0.07142857142857142,0.0,4.058637550485855e-07,14
a0.50_c0.00_n60_s0.5_L20_Ipredicted_mean,1,DART_coverage_mean,DART_coverage,worst,predicted_mean,0.5,0.0,60,0.5,20,min_specialist_1,min_specialist_3,0,0,0.1111111111111111,0.3010299956639812,5.191964973505492e-07,9
a0.50_c0.00_n60_s0.5_L20_Ipredicted_mean,1,DART_coverage_worst,DART_coverage,worst,predicted_mean,0.5,0.0,60,0.5,20,maj_specialist_11,min_specialist_3,0,0,0.14285714285714285,0.3333333333333333,8.81927007867489e-07,7
a0.50_c0.00_n60_s0.5_L20_Ipredicted_mean,2,mean_cosine,mean_signature,mean,predicted_mean,0.5,0.0,60,0.5,20,min_specialist_0,maj_specialist_14,0,0,0.06666666666666667,0.0,6.45659522291453e-07,15
a0.50_c0.00_n60_s0.5_L20_Ipredicted_mean,2,mean_l2,mean_signature,mean,predicted_mean,0.5,0.0,60,0.5,20,balanced_9,maj_specialist_14,0,0,0.07692307692307693,0.0,4.386115399768187e-07,13
a0.50_c0.00_n60_s0.5_L20_Ipredicted_mean,2,cmap_signature_match,cmap_signature,mean,predicted_mean,0.5,0.0,60,0.5,20,min_specialist_0,maj_specialist_14,0,0,0.06666666666666667,0.0,6.45659522291453e-07,15
a0.50_c0.00_n60_s0.5_L20_Ipredicted_mean,2,cmap_signature_reverse,cmap_signature,mean,predicted_mean,0.5,0.0,60,0.5,20,min_specialist_0,maj_specialist_14,0,0,0.06666666666666667,0.0,6.45659522291453e-07,15
a0.50_c0.00_n60_s0.5_L20_Ipredicted_mean,2,DART_energy,DART_distributional,mean,predicted_mean,0.5,0.0,60,0.5,20,balanced_9,maj_specialist_14,0,0,0.07142857142857142,0.0,4.386115399768187e-07,14
a0.50_c0.00_n60_s0.5_L20_Ipredicted_mean,2,DART_mmd,DART_distributional,mean,predicted_mean,0.5,0.0,60,0.5,20,maj_specialist_12,maj_specialist_14,0,0,0.07142857142857142,0.0,5.842389079191435e-07,14
a0.50_c0.00_n60_s0.5_L20_Ipredicted_mean,2,DART_sliced_wasserstein,DART_distributional,mean,predicted_mean,0.5,0.0,60,0.5,20,balanced_6,maj_specialist_14,0,0,0.0625,0.0,2.2480374539668446e-07,16
a0.50_c0.00_n60_s0.5_L20_Ipredicted_mean,2,DART_coverage_mean,DART_coverage,mean,predicted_mean,0.5,0.0,60,0.5,20,maj_specialist_10,maj_specialist_14,0,0,0.14285714285714285,0.3333333333333333,6.711874256382089e-07,7
a0.50_c0.00_n60_s0.5_L20_Ipredicted_mean,2,DART_coverage_worst,DART_coverage,mean,predicted_mean,0.5,0.0,60,0.5,20,balanced_6,maj_specialist_14,0,0,0.1,0.2890648263178879,2.2480374539668446e-07,10
a0.50_c0.00_n60_s0.5_L20_Ipredicted_mean,2,mean_cosine,mean_signature,worst,predicted_mean,0.5,0.0,60,0.5,20,min_specialist_0,maj_specialist_14,0,0,0.06666666666666667,0.0,6.368911122933696e-07,15
a0.50_c0.00_n60_s0.5_L20_Ipredicted_mean,2,mean_l2,mean_signature,worst,predicted_mean,0.5,0.0,60,0.5,20,balanced_9,maj_specialist_14,0,0,0.07692307692307693,0.0,4.905904376073522e-07,13
a0.50_c0.00_n60_s0.5_L20_Ipredicted_mean,2,cmap_signature_match,cmap_signature,worst,predicted_mean,0.5,0.0,60,0.5,20,min_specialist_0,maj_specialist_14,0,0,0.06666666666666667,0.0,6.368911122933696e-07,15
a0.50_c0.00_n60_s0.5_L20_Ipredicted_mean,2,cmap_signature_reverse,cmap_signature,worst,predicted_mean,0.5,0.0,60,0.5,20,min_specialist_0,maj_specialist_14,0,0,0.06666666666666667,0.0,6.368911122933696e-07,15
a0.50_c0.00_n60_s0.5_L20_Ipredicted_mean,2,DART_energy,DART_distributional,worst,predicted_mean,0.5,0.0,60,0.5,20,balanced_9,maj_specialist_14,0,0,0.07142857142857142,0.0,4.905904376073522e-07,14
a0.50_c0.00_n60_s0.5_L20_Ipredicted_mean,2,DART_mmd,DART_distributional,worst,predicted_mean,0.5,0.0,60,0.5,20,maj_specialist_12,maj_specialist_14,0,0,0.07142857142857142,0.0,5.855622760009283e-07,14
a0.50_c0.00_n60_s0.5_L20_Ipredicted_mean,2,DART_sliced_wasserstein,DART_distributional,worst,predicted_mean,0.5,0.0,60,0.5,20,balanced_6,maj_specialist_14,0,0,0.0625,0.0,2.1833904995105513e-07,16
a0.50_c0.00_n60_s0.5_L20_Ipredicted_mean,2,DART_coverage_mean,DART_coverage,worst,predicted_mean,0.5,0.0,60,0.5,20,maj_specialist_10,maj_specialist_14,0,0,0.14285714285714285,0.3333333333333333,7.000332793438702e-07,7
a0.50_c0.00_n60_s0.5_L20_Ipredicted_mean,2,DART_coverage_worst,DART_coverage,worst,predicted_mean,0.5,0.0,60,0.5,20,balanced_6,maj_specialist_14,0,0,0.1,0.2890648263178879,2.1833904995105513e-07,10
a0.50_c0.00_n60_s0.5_L100_Ipredicted_mean,0,mean_cosine,mean_signature,mean,predicted_mean,0.5,0.0,60,0.5,100,min_specialist_0,maj_specialist_62,0,0,0.015873015873015872,0.0,5.82461304077242e-07,63
a0.50_c0.00_n60_s0.5_L100_Ipredicted_mean,0,mean_l2,mean_signature,mean,predicted_mean,0.5,0.0,60,0.5,100,min_specialist_21,maj_specialist_62,0,0,0.02564102564102564,0.0,5.933618894005122e-07,39
a0.50_c0.00_n60_s0.5_L100_Ipredicted_mean,0,cmap_signature_match,cmap_signature,mean,predicted_mean,0.5,0.0,60,0.5,100,min_specialist_0,maj_specialist_62,0,0,0.015873015873015872,0.0,5.82461304077242e-07,63
a0.50_c0.00_n60_s0.5_L100_Ipredicted_mean,0,cmap_signature_reverse,cmap_signature,mean,predicted_mean,0.5,0.0,60,0.5,100,min_specialist_0,maj_specialist_62,0,0,0.015873015873015872,0.0,5.82461304077242e-07,63
a0.50_c0.00_n60_s0.5_L100_Ipredicted_mean,0,DART_energy,DART_distributional,mean,predicted_mean,0.5,0.0,60,0.5,100,min_specialist_21,maj_specialist_62,0,0,0.023255813953488372,0.0,5.933618894005122e-07,43
a0.50_c0.00_n60_s0.5_L100_Ipredicted_mean,0,DART_mmd,DART_distributional,mean,predicted_mean,0.5,0.0,60,0.5,100,min_specialist_23,maj_specialist_62,0,0,0.022222222222222223,0.0,6.191019110701745e-07,45
a0.50_c0.00_n60_s0.5_L100_Ipredicted_mean,0,DART_sliced_wasserstein,DART_distributional,mean,predicted_mean,0.5,0.0,60,0.5,100,maj_specialist_60,maj_specialist_62,0,0,0.1111111111111111,0.3010299956639812,3.479143444451438e-07,9
a0.50_c0.00_n60_s0.5_L100_Ipredicted_mean,0,DART_coverage_mean,DART_coverage,mean,predicted_mean,0.5,0.0,60,0.5,100,maj_specialist_78,maj_specialist_62,0,0,0.125,0.31546487678572877,7.67359644271437e-07,8
a0.50_c0.00_n60_s0.5_L100_Ipredicted_mean,0,DART_coverage_worst,DART_coverage,mean,predicted_mean,0.5,0.0,60,0.5,100,min_specialist_15,maj_specialist_62,0,0,0.16666666666666666,0.3562071871080222,9.189522671704253e-07,6
a0.50_c0.00_n60_s0.5_L100_Ipredicted_mean,0,mean_cosine,mean_signature,worst,predicted_mean,0.5,0.0,60,0.5,100,min_specialist_0,maj_specialist_62,0,0,0.015873015873015872,0.0,6.698310706099164e-07,63
a0.50_c0.00_n60_s0.5_L100_Ipredicted_mean,0,mean_l2,mean_signature,worst,predicted_mean,0.5,0.0,60,0.5,100,min_specialist_21,maj_specialist_62,0,0,0.02564102564102564,0.0,6.587824472603643e-07,39
a0.50_c0.00_n60_s0.5_L100_Ipredicted_mean,0,cmap_signature_match,cmap_signature,worst,predicted_mean,0.5,0.0,60,0.5,100,min_specialist_0,maj_specialist_62,0,0,0.015873015873015872,0.0,6.698310706099164e-07,63
a0.50_c0.00_n60_s0.5_L100_Ipredicted_mean,0,cmap_signature_reverse,cmap_signature,worst,predicted_mean,0.5,0.0,60,0.5,100,min_specialist_0,maj_specialist_62,0,0,0.015873015873015872,0.0,6.698310706099164e-07,63
a0.50_c0.00_n60_s0.5_L100_Ipredicted_mean,0,DART_energy,DART_distributional,worst,predicted_mean,0.5,0.0,60,0.5,100,min_specialist_21,maj_specialist_62,0,0,0.023255813953488372,0.0,6.587824472603643e-07,43
a0.50_c0.00_n60_s0.5_L100_Ipredicted_mean,0,DART_mmd,DART_distributional,worst,predicted_mean,0.5,0.0,60,0.5,100,min_specialist_23,maj_specialist_62,0,0,0.022222222222222223,0.0,6.408390440526546e-07,45
a0.50_c0.00_n60_s0.5_L100_Ipredicted_mean,0,DART_sliced_wasserstein,DART_distributional,worst,predicted_mean,0.5,0.0,60,0.5,100,maj_specialist_60,maj_specialist_62,0,0,0.1111111111111111,0.3010299956639812,3.5139931142680325e-07,9
a0.50_c0.00_n60_s0.5_L100_Ipredicted_mean,0,DART_coverage_mean,DART_coverage,worst,predicted_mean,0.5,0.0,60,0.5,100,maj_specialist_78,maj_specialist_62,0,0,0.125,0.31546487678572877,7.740905800801556e-07,8
a0.50_c0.00_n60_s0.5_L100_Ipredicted_mean,0,DART_coverage_worst,DART_coverage,worst,predicted_mean,0.5,0.0,60,0.5,100,min_specialist_15,maj_specialist_62,0,0,0.16666666666666666,0.3562071871080222,1.105695570657872e-06,6
a0.50_c0.00_n60_s0.5_L100_Ipredicted_mean,1,mean_cosine,mean_signature,mean,predicted_mean,0.5,0.0,60,0.5,100,min_specialist_0,min_specialist_3,0,1,0.25,0.43067655807339306,3.2009021211365507e-07,4
a0.50_c0.00_n60_s0.5_L100_Ipredicted_mean,1,mean_l2,mean_signature,mean,predicted_mean,0.5,0.0,60,0.5,100,maj_specialist_57,min_specialist_3,0,0,0.02857142857142857,0.0,4.2990162896217043e-07,35
a0.50_c0.00_n60_s0.5_L100_Ipredicted_mean,1,cmap_signature_match,cmap_signature,mean,predicted_mean,0.5,0.0,60,0.5,100,min_specialist_0,min_specialist_3,0,1,0.25,0.43067655807339306,3.2009021211365507e-07,4
a0.50_c0.00_n60_s0.5_L100_Ipredicted_mean,1,cmap_signature_reverse,cmap_signature,mean,predicted_mean,0.5,0.0,60,0.5,100,min_specialist_0,min_specialist_3,0,1,0.25,0.43067655807339306,3.2009021211365507e-07,4
a0.50_c0.00_n60_s0.5_L100_Ipredicted_mean,1,DART_energy,DART_distributional,mean,predicted_mean,0.5,0.0,60,0.5,100,maj_specialist_57,min_specialist_3,0,0,0.03571428571428571,0.0,4.2990162896217043e-07,28
a0.50_c0.00_n60_s0.5_L100_Ipredicted_mean,1,DART_mmd,DART_distributional,mean,predicted_mean,0.5,0.0,60,0.5,100,maj_specialist_52,min_specialist_3,0,0,0.0625,0.0,1.7051529610512262e-07,16
a0.50_c0.00_n60_s0.5_L100_Ipredicted_mean,1,DART_sliced_wasserstein,DART_distributional,mean,predicted_mean,0.5,0.0,60,0.5,100,balanced_51,min_specialist_3,0,0,0.02040816326530612,0.0,6.316759417757112e-07,49
a0.50_c0.00_n60_s0.5_L100_Ipredicted_mean,1,DART_coverage_mean,DART_coverage,mean,predicted_mean,0.5,0.0,60,0.5,100,maj_specialist_76,min_specialist_3,0,0,0.03333333333333333,0.0,7.325259332446876e-08,30
a0.50_c0.00_n60_s0.5_L100_Ipredicted_mean,1,DART_coverage_worst,DART_coverage,mean,predicted_mean,0.5,0.0,60,0.5,100,min_specialist_25,min_specialist_3,0,0,0.01818181818181818,0.0,5.042783719488853e-07,55
a0.50_c0.00_n60_s0.5_L100_Ipredicted_mean,1,mean_cosine,mean_signature,worst,predicted_mean,0.5,0.0,60,0.5,100,min_specialist_0,min_specialist_3,0,1,0.25,0.43067655807339306,3.7003190911377715e-07,4
a0.50_c0.00_n60_s0.5_L100_Ipredicted_mean,1,mean_l2,mean_signature,worst,predicted_mean,0.5,0.0,60,0.5,100,maj_specialist_57,min_specialist_3,0,0,0.02857142857142857,0.0,5.065631114575808e-07,35
a0.50_c0.00_n60_s0.5_L100_Ipredicted_mean,1,cmap_signature_match,cmap_signature,worst,predicted_mean,0.5,0.0,60,0.5,100,min_specialist_0,min_specialist_3,0,1,0.25,0.43067655807339306,3.7003190911377715e-07,4
a0.50_c0.00_n60_s0.5_L100_Ipredicted_mean,1,cmap_signature_reverse,cmap_signature,worst,predicted_mean,0.5,0.0,60,0.5,100,min_specialist_0,min_specialist_3,0,1,0.25,0.43067655807339306,3.7003190911377715e-07,4
a0.50_c0.00_n60_s0.5_L100_Ipredicted_mean,1,DART_energy,DART_distributional,worst,predicted_mean,0.5,0.0,60,0.5,100,maj_specialist_57,min_specialist_3,0,0,0.03571428571428571,0.0,5.065631114575808e-07,28
a0.50_c0.00_n60_s0.5_L100_Ipredicted_mean,1,DART_mmd,DART_distributional,worst,predicted_mean,0.5,0.0,60,0.5,100,maj_specialist_52,min_specialist_3,0,0,0.0625,0.0,2.681399102755222e-07,16
a0.50_c0.00_n60_s0.5_L100_Ipredicted_mean,1,DART_sliced_wasserstein,DART_distributional,worst,predicted_mean,0.5,0.0,60,0.5,100,balanced_51,min_specialist_3,0,0,0.02040816326530612,0.0,7.056099811109107e-07,49
a0.50_c0.00_n60_s0.5_L100_Ipredicted_mean,1,DART_coverage_mean,DART_coverage,worst,predicted_mean,0.5,0.0,60,0.5,100,maj_specialist_76,min_specialist_3,0,0,0.03333333333333333,0.0,6.552879128207678e-08,30
a0.50_c0.00_n60_s0.5_L100_Ipredicted_mean,1,DART_coverage_worst,DART_coverage,worst,predicted_mean,0.5,0.0,60,0.5,100,min_specialist_25,min_specialist_3,0,0,0.01818181818181818,0.0,5.555161344261705e-07,55
a0.50_c0.00_n60_s0.5_L100_Ipredicted_mean,2,mean_cosine,mean_signature,mean,predicted_mean,0.5,0.0,60,0.5,100,min_specialist_0,maj_specialist_61,0,0,0.016129032258064516,0.0,9.163689540514497e-07,62
a0.50_c0.00_n60_s0.5_L100_Ipredicted_mean,2,mean_l2,mean_signature,mean,predicted_mean,0.5,0.0,60,0.5,100,balanced_49,maj_specialist_61,0,0,0.04,0.0,5.760962906720124e-07,25
a0.50_c0.00_n60_s0.5_L100_Ipredicted_mean,2,cmap_signature_match,cmap_signature,mean,predicted_mean,0.5,0.0,60,0.5,100,min_specialist_0,maj_specialist_61,0,0,0.016129032258064516,0.0,9.163689540514497e-07,62
a0.50_c0.00_n60_s0.5_L100_Ipredicted_mean,2,cmap_signature_reverse,cmap_signature,mean,predicted_mean,0.5,0.0,60,0.5,100,min_specialist_0,maj_specialist_61,0,0,0.016129032258064516,0.0,9.163689540514497e-07,62
a0.50_c0.00_n60_s0.5_L100_Ipredicted_mean,2,DART_energy,DART_distributional,mean,predicted_mean,0.5,0.0,60,0.5,100,balanced_44,maj_specialist_61,0,0,0.047619047619047616,0.0,3.9521081873772346e-07,21
a0.50_c0.00_n60_s0.5_L100_Ipredicted_mean,2,DART_mmd,DART_distributional,mean,predicted_mean,0.5,0.0,60,0.5,100,balanced_44,maj_specialist_61,0,0,0.05263157894736842,0.0,3.9521081873772346e-07,19
a0.50_c0.00_n60_s0.5_L100_Ipredicted_mean,2,DART_sliced_wasserstein,DART_distributional,mean,predicted_mean,0.5,0.0,60,0.5,100,min_specialist_25,maj_specialist_61,0,0,0.047619047619047616,0.0,5.395961508725122e-07,21
a0.50_c0.00_n60_s0.5_L100_Ipredicted_mean,2,DART_coverage_mean,DART_coverage,mean,predicted_mean,0.5,0.0,60,0.5,100,maj_specialist_64,maj_specialist_61,0,0,0.05263157894736842,0.0,7.100880239363505e-07,19
a0.50_c0.00_n60_s0.5_L100_Ipredicted_mean,2,DART_coverage_worst,DART_coverage,mean,predicted_mean,0.5,0.0,60,0.5,100,min_specialist_8,maj_specialist_61,0,0,0.01639344262295082,0.0,7.395063299497906e-07,61
a0.50_c0.00_n60_s0.5_L100_Ipredicted_mean,2,mean_cosine,mean_signature,worst,predicted_mean,0.5,0.0,60,0.5,100,min_specialist_0,maj_specialist_61,0,0,0.016129032258064516,0.0,8.024909128323543e-07,62
a0.50_c0.00_n60_s0.5_L100_Ipredicted_mean,2,mean_l2,mean_signature,worst,predicted_mean,0.5,0.0,60,0.5,100,balanced_49,maj_specialist_61,0,0,0.04,0.0,5.417801673957001e-07,25
a0.50_c0.00_n60_s0.5_L100_Ipredicted_mean,2,cmap_signature_match,cmap_signature,worst,predicted_mean,0.5,0.0,60,0.5,100,min_specialist_0,maj_specialist_61,0,0,0.016129032258064516,0.0,8.024909128323543e-07,62
a0.50_c0.00_n60_s0.5_L100_Ipredicted_mean,2,cmap_signature_reverse,cmap_signature,worst,predicted_mean,0.5,0.0,60,0.5,100,min_specialist_0,maj_specialist_61,0,0,0.016129032258064516,0.0,8.024909128323543e-07,62
a0.50_c0.00_n60_s0.5_L100_Ipredicted_mean,2,DART_energy,DART_distributional,worst,predicted_mean,0.5,0.0,60,0.5,100,balanced_44,maj_specialist_61,0,0,0.047619047619047616,0.0,2.9995788608516705e-07,21
a0.50_c0.00_n60_s0.5_L100_Ipredicted_mean,2,DART_mmd,DART_distributional,worst,predicted_mean,0.5,0.0,60,0.5,100,balanced_44,maj_specialist_61,0,0,0.05263157894736842,0.0,2.9995788608516705e-07,19
a0.50_c0.00_n60_s0.5_L100_Ipredicted_mean,2,DART_sliced_wasserstein,DART_distributional,worst,predicted_mean,0.5,0.0,60,0.5,100,min_specialist_25,maj_specialist_61,0,0,0.047619047619047616,0.0,4.881960258273921e-07,21
a0.50_c0.00_n60_s0.5_L100_Ipredicted_mean,2,DART_coverage_mean,DART_coverage,worst,predicted_mean,0.5,0.0,60,0.5,100,maj_specialist_64,maj_specialist_61,0,0,0.05263157894736842,0.0,6.051122483086147e-07,19
a0.50_c0.00_n60_s0.5_L100_Ipredicted_mean,2,DART_coverage_worst,DART_coverage,worst,predicted_mean,0.5,0.0,60,0.5,100,min_specialist_8,maj_specialist_61,0,0,0.01639344262295082,0.0,6.68521678903744e-07,61
a0.50_c0.50_n60_s0.5_L20_Iobserved,0,mean_cosine,mean_signature,mean,observed,0.5,0.5,60,0.5,20,min_specialist_0,balanced_7,0,0,0.125,0.31546487678572877,0.2799997753259511,8
a0.50_c0.50_n60_s0.5_L20_Iobserved,0,mean_l2,mean_signature,mean,observed,0.5,0.5,60,0.5,20,maj_specialist_10,balanced_7,0,0,0.1111111111111111,0.3010299956639812,0.0299999548397345,9
a0.50_c0.50_n60_s0.5_L20_Iobserved,0,cmap_signature_match,cmap_signature,mean,observed,0.5,0.5,60,0.5,20,min_specialist_0,balanced_7,0,0,0.125,0.31546487678572877,0.2799997753259511,8
a0.50_c0.50_n60_s0.5_L20_Iobserved,0,cmap_signature_reverse,cmap_signature,mean,observed,0.5,0.5,60,0.5,20,min_specialist_0,balanced_7,0,0,0.125,0.31546487678572877,0.2799997753259511,8
a0.50_c0.50_n60_s0.5_L20_Iobserved,0,DART_energy,DART_distributional,mean,observed,0.5,0.5,60,0.5,20,maj_specialist_10,balanced_7,0,0,0.09090909090909091,0.0,0.0299999548397345,11
a0.50_c0.50_n60_s0.5_L20_Iobserved,0,DART_mmd,DART_distributional,mean,observed,0.5,0.5,60,0.5,20,maj_specialist_10,balanced_7,0,0,0.16666666666666666,0.3562071871080222,0.0299999548397345,6
a0.50_c0.50_n60_s0.5_L20_Iobserved,0,DART_sliced_wasserstein,DART_distributional,mean,observed,0.5,0.5,60,0.5,20,min_specialist_2,balanced_7,0,1,0.25,0.43067655807339306,0.15000025784535254,4
a0.50_c0.50_n60_s0.5_L20_Iobserved,0,DART_coverage_mean,DART_coverage,mean,observed,0.5,0.5,60,0.5,20,maj_specialist_10,balanced_7,0,0,0.14285714285714285,0.3333333333333333,0.0299999548397345,7
a0.50_c0.50_n60_s0.5_L20_Iobserved,0,DART_coverage_worst,DART_coverage,mean,observed,0.5,0.5,60,0.5,20,balanced_9,balanced_7,0,1,0.3333333333333333,0.5,0.010000117508742079,3
a0.50_c0.50_n60_s0.5_L20_Iobserved,0,mean_cosine,mean_signature,worst,observed,0.5,0.5,60,0.5,20,min_specialist_0,balanced_7,0,0,0.125,0.31546487678572877,2.3799995698850616,8
a0.50_c0.50_n60_s0.5_L20_Iobserved,0,mean_l2,mean_signature,worst,observed,0.5,0.5,60,0.5,20,maj_specialist_10,balanced_7,0,0,0.1111111111111111,0.3010299956639812,0.6299998796464372,9
a0.50_c0.50_n60_s0.5_L20_Iobserved,0,cmap_signature_match,cmap_signature,worst,observed,0.5,0.5,60,0.5,20,min_specialist_0,balanced_7,0,0,0.125,0.31546487678572877,2.3799995698850616,8
a0.50_c0.50_n60_s0.5_L20_Iobserved,0,cmap_signature_reverse,cmap_signature,worst,observed,0.5,0.5,60,0.5,20,min_specialist_0,balanced_7,0,0,0.125,0.31546487678572877,2.3799995698850616,8
a0.50_c0.50_n60_s0.5_L20_Iobserved,0,DART_energy,DART_distributional,worst,observed,0.5,0.5,60,0.5,20,maj_specialist_10,balanced_7,0,0,0.09090909090909091,0.0,0.6299998796464372,11
a0.50_c0.50_n60_s0.5_L20_Iobserved,0,DART_mmd,DART_distributional,worst,observed,0.5,0.5,60,0.5,20,maj_specialist_10,balanced_7,0,0,0.16666666666666666,0.3562071871080222,0.6299998796464372,6
a0.50_c0.50_n60_s0.5_L20_Iobserved,0,DART_sliced_wasserstein,DART_distributional,worst,observed,0.5,0.5,60,0.5,20,min_specialist_2,balanced_7,0,1,0.25,0.43067655807339306,1.6500000993469932,4
a0.50_c0.50_n60_s0.5_L20_Iobserved,0,DART_coverage_mean,DART_coverage,worst,observed,0.5,0.5,60,0.5,20,maj_specialist_10,balanced_7,0,0,0.14285714285714285,0.3333333333333333,0.6299998796464372,7
a0.50_c0.50_n60_s0.5_L20_Iobserved,0,DART_coverage_worst,DART_coverage,worst,observed,0.5,0.5,60,0.5,20,balanced_9,balanced_7,0,1,0.3333333333333333,0.5,0.30999979317026316,3
a0.50_c0.50_n60_s0.5_L20_Iobserved,1,mean_cosine,mean_signature,mean,observed,0.5,0.5,60,0.5,20,min_specialist_0,balanced_8,0,0,0.1111111111111111,0.3010299956639812,0.28000036686223595,9
a0.50_c0.50_n60_s0.5_L20_Iobserved,1,mean_l2,mean_signature,mean,observed,0.5,0.5,60,0.5,20,maj_specialist_11,balanced_8,0,0,0.1,0.2890648263178879,0.06000080731967827,10
a0.50_c0.50_n60_s0.5_L20_Iobserved,1,cmap_signature_match,cmap_signature,mean,observed,0.5,0.5,60,0.5,20,min_specialist_0,balanced_8,0,0,0.1111111111111111,0.3010299956639812,0.28000036686223595,9
a0.50_c0.50_n60_s0.5_L20_Iobserved,1,cmap_signature_reverse,cmap_signature,mean,observed,0.5,0.5,60,0.5,20,min_specialist_0,balanced_8,0,0,0.1111111111111111,0.3010299956639812,0.28000036686223595,9
a0.50_c0.50_n60_s0.5_L20_Iobserved,1,DART_energy,DART_distributional,mean,observed,0.5,0.5,60,0.5,20,maj_specialist_11,balanced_8,0,0,0.1111111111111111,0.3010299956639812,0.06000080731967827,9
a0.50_c0.50_n60_s0.5_L20_Iobserved,1,DART_mmd,DART_distributional,mean,observed,0.5,0.5,60,0.5,20,maj_specialist_11,balanced_8,0,0,0.1111111111111111,0.3010299956639812,0.06000080731967827,9
a0.50_c0.50_n60_s0.5_L20_Iobserved,1,DART_sliced_wasserstein,DART_distributional,mean,observed,0.5,0.5,60,0.5,20,balanced_9,balanced_8,0,1,0.25,0.43067655807339306,0.010000301747599138,4
a0.50_c0.50_n60_s0.5_L20_Iobserved,1,DART_coverage_mean,DART_coverage,mean,observed,0.5,0.5,60,0.5,20,maj_specialist_11,balanced_8,0,0,0.125,0.31546487678572877,0.06000080731967827,8
a0.50_c0.50_n60_s0.5_L20_Iobserved,1,DART_coverage_worst,DART_coverage,mean,observed,0.5,0.5,60,0.5,20,balanced_9,balanced_8,0,1,0.3333333333333333,0.5,0.010000301747599138,3
a0.50_c0.50_n60_s0.5_L20_Iobserved,1,mean_cosine,mean_signature,worst,observed,0.5,0.5,60,0.5,20,min_specialist_0,balanced_8,0,0,0.1111111111111111,0.3010299956639812,2.380000370037699,9
a0.50_c0.50_n60_s0.5_L20_Iobserved,1,mean_l2,mean_signature,worst,observed,0.5,0.5,60,0.5,20,maj_specialist_11,balanced_8,0,0,0.1,0.2890648263178879,0.9600008291339428,10
a0.50_c0.50_n60_s0.5_L20_Iobserved,1,cmap_signature_match,cmap_signature,worst,observed,0.5,0.5,60,0.5,20,min_specialist_0,balanced_8,0,0,0.1111111111111111,0.3010299956639812,2.380000370037699,9
a0.50_c0.50_n60_s0.5_L20_Iobserved,1,cmap_signature_reverse,cmap_signature,worst,observed,0.5,0.5,60,0.5,20,min_specialist_0,balanced_8,0,0,0.1111111111111111,0.3010299956639812,2.380000370037699,9
a0.50_c0.50_n60_s0.5_L20_Iobserved,1,DART_energy,DART_distributional,worst,observed,0.5,0.5,60,0.5,20,maj_specialist_11,balanced_8,0,0,0.1111111111111111,0.3010299956639812,0.9600008291339428,9
a0.50_c0.50_n60_s0.5_L20_Iobserved,1,DART_mmd,DART_distributional,worst,observed,0.5,0.5,60,0.5,20,maj_specialist_11,balanced_8,0,0,0.1111111111111111,0.3010299956639812,0.9600008291339428,9
a0.50_c0.50_n60_s0.5_L20_Iobserved,1,DART_sliced_wasserstein,DART_distributional,worst,observed,0.5,0.5,60,0.5,20,balanced_9,balanced_8,0,1,0.25,0.43067655807339306,0.3100001518342417,4
a0.50_c0.50_n60_s0.5_L20_Iobserved,1,DART_coverage_mean,DART_coverage,worst,observed,0.5,0.5,60,0.5,20,maj_specialist_11,balanced_8,0,0,0.125,0.31546487678572877,0.9600008291339428,8
a0.50_c0.50_n60_s0.5_L20_Iobserved,1,DART_coverage_worst,DART_coverage,worst,observed,0.5,0.5,60,0.5,20,balanced_9,balanced_8,0,1,0.3333333333333333,0.5,0.3100001518342417,3
a0.50_c0.50_n60_s0.5_L20_Iobserved,2,mean_cosine,mean_signature,mean,observed,0.5,0.5,60,0.5,20,min_specialist_0,balanced_7,0,0,0.125,0.31546487678572877,0.28000053118308443,8
a0.50_c0.50_n60_s0.5_L20_Iobserved,2,mean_l2,mean_signature,mean,observed,0.5,0.5,60,0.5,20,balanced_6,balanced_7,0,1,0.5,0.6309297535714575,0.009999849054821652,2
a0.50_c0.50_n60_s0.5_L20_Iobserved,2,cmap_signature_match,cmap_signature,mean,observed,0.5,0.5,60,0.5,20,min_specialist_0,balanced_7,0,0,0.125,0.31546487678572877,0.28000053118308443,8
a0.50_c0.50_n60_s0.5_L20_Iobserved,2,cmap_signature_reverse,cmap_signature,mean,observed,0.5,0.5,60,0.5,20,min_specialist_0,balanced_7,0,0,0.125,0.31546487678572877,0.28000053118308443,8
a0.50_c0.50_n60_s0.5_L20_Iobserved,2,DART_energy,DART_distributional,mean,observed,0.5,0.5,60,0.5,20,balanced_6,balanced_7,0,1,0.5,0.6309297535714575,0.009999849054821652,2
a0.50_c0.50_n60_s0.5_L20_Iobserved,2,DART_mmd,DART_distributional,mean,observed,0.5,0.5,60,0.5,20,balanced_6,balanced_7,0,1,0.5,0.6309297535714575,0.009999849054821652,2
a0.50_c0.50_n60_s0.5_L20_Iobserved,2,DART_sliced_wasserstein,DART_distributional,mean,observed,0.5,0.5,60,0.5,20,min_specialist_1,balanced_7,0,1,0.25,0.43067655807339306,0.2099999374914745,4
a0.50_c0.50_n60_s0.5_L20_Iobserved,2,DART_coverage_mean,DART_coverage,mean,observed,0.5,0.5,60,0.5,20,balanced_6,balanced_7,0,1,0.5,0.6309297535714575,0.009999849054821652,2
a0.50_c0.50_n60_s0.5_L20_Iobserved,2,DART_coverage_worst,DART_coverage,mean,observed,0.5,0.5,60,0.5,20,balanced_7,balanced_7,1,1,1.0,1.0,0.0,1
a0.50_c0.50_n60_s0.5_L20_Iobserved,2,mean_cosine,mean_signature,worst,observed,0.5,0.5,60,0.5,20,min_specialist_0,balanced_7,0,0,0.125,0.31546487678572877,2.3800005296806255,8
a0.50_c0.50_n60_s0.5_L20_Iobserved,2,mean_l2,mean_signature,worst,observed,0.5,0.5,60,0.5,20,balanced_6,balanced_7,0,1,0.5,0.6309297535714575,0.3099996157380396,2
a0.50_c0.50_n60_s0.5_L20_Iobserved,2,cmap_signature_match,cmap_signature,worst,observed,0.5,0.5,60,0.5,20,min_specialist_0,balanced_7,0,0,0.125,0.31546487678572877,2.3800005296806255,8
a0.50_c0.50_n60_s0.5_L20_Iobserved,2,cmap_signature_reverse,cmap_signature,worst,observed,0.5,0.5,60,0.5,20,min_specialist_0,balanced_7,0,0,0.125,0.31546487678572877,2.3800005296806255,8
a0.50_c0.50_n60_s0.5_L20_Iobserved,2,DART_energy,DART_distributional,worst,observed,0.5,0.5,60,0.5,20,balanced_6,balanced_7,0,1,0.5,0.6309297535714575,0.3099996157380396,2
a0.50_c0.50_n60_s0.5_L20_Iobserved,2,DART_mmd,DART_distributional,worst,observed,0.5,0.5,60,0.5,20,balanced_6,balanced_7,0,1,0.5,0.6309297535714575,0.3099996157380396,2
a0.50_c0.50_n60_s0.5_L20_Iobserved,2,DART_sliced_wasserstein,DART_distributional,worst,observed,0.5,0.5,60,0.5,20,min_specialist_1,balanced_7,0,1,0.25,0.43067655807339306,2.009999696213338,4
a0.50_c0.50_n60_s0.5_L20_Iobserved,2,DART_coverage_mean,DART_coverage,worst,observed,0.5,0.5,60,0.5,20,balanced_6,balanced_7,0,1,0.5,0.6309297535714575,0.3099996157380396,2
a0.50_c0.50_n60_s0.5_L20_Iobserved,2,DART_coverage_worst,DART_coverage,worst,observed,0.5,0.5,60,0.5,20,balanced_7,balanced_7,1,1,1.0,1.0,0.0,1
a0.50_c0.50_n60_s0.5_L100_Iobserved,0,mean_cosine,mean_signature,mean,observed,0.5,0.5,60,0.5,100,min_specialist_0,balanced_39,0,0,0.025,0.0,0.28120498503715297,40
a0.50_c0.50_n60_s0.5_L100_Iobserved,0,mean_l2,mean_signature,mean,observed,0.5,0.5,60,0.5,100,maj_specialist_61,balanced_39,0,0,0.014084507042253521,0.0,0.08327976630008038,71
a0.50_c0.50_n60_s0.5_L100_Iobserved,0,cmap_signature_match,cmap_signature,mean,observed,0.5,0.5,60,0.5,100,min_specialist_0,balanced_39,0,0,0.025,0.0,0.28120498503715297,40
a0.50_c0.50_n60_s0.5_L100_Iobserved,0,cmap_signature_reverse,cmap_signature,mean,observed,0.5,0.5,60,0.5,100,min_specialist_0,balanced_39,0,0,0.025,0.0,0.28120498503715297,40
a0.50_c0.50_n60_s0.5_L100_Iobserved,0,DART_energy,DART_distributional,mean,observed,0.5,0.5,60,0.5,100,maj_specialist_61,balanced_39,0,0,0.013888888888888888,0.0,0.08327976630008038,72
a0.50_c0.50_n60_s0.5_L100_Iobserved,0,DART_mmd,DART_distributional,mean,observed,0.5,0.5,60,0.5,100,balanced_48,balanced_39,0,0,0.013888888888888888,0.0,0.012978871257132596,72
a0.50_c0.50_n60_s0.5_L100_Iobserved,0,DART_sliced_wasserstein,DART_distributional,mean,observed,0.5,0.5,60,0.5,100,min_specialist_3,balanced_39,0,0,0.013157894736842105,0.0,0.24010609727269738,76
a0.50_c0.50_n60_s0.5_L100_Iobserved,0,DART_coverage_mean,DART_coverage,mean,observed,0.5,0.5,60,0.5,100,balanced_36,balanced_39,0,0,0.014705882352941176,0.0,0.0021632224358860697,68
a0.50_c0.50_n60_s0.5_L100_Iobserved,0,DART_coverage_worst,DART_coverage,mean,observed,0.5,0.5,60,0.5,100,balanced_36,balanced_39,0,0,0.058823529411764705,0.0,0.0021632224358860697,17
a0.50_c0.50_n60_s0.5_L100_Iobserved,0,mean_cosine,mean_signature,worst,observed,0.5,0.5,60,0.5,100,min_specialist_0,balanced_39,0,0,0.025,0.0,2.502723970678119,40
a0.50_c0.50_n60_s0.5_L100_Iobserved,0,mean_l2,mean_signature,worst,observed,0.5,0.5,60,0.5,100,maj_specialist_61,balanced_39,0,0,0.014084507042253521,0.0,1.2794822630616665,71
a0.50_c0.50_n60_s0.5_L100_Iobserved,0,cmap_signature_match,cmap_signature,worst,observed,0.5,0.5,60,0.5,100,min_specialist_0,balanced_39,0,0,0.025,0.0,2.502723970678119,40
a0.50_c0.50_n60_s0.5_L100_Iobserved,0,cmap_signature_reverse,cmap_signature,worst,observed,0.5,0.5,60,0.5,100,min_specialist_0,balanced_39,0,0,0.025,0.0,2.502723970678119,40
a0.50_c0.50_n60_s0.5_L100_Iobserved,0,DART_energy,DART_distributional,worst,observed,0.5,0.5,60,0.5,100,maj_specialist_61,balanced_39,0,0,0.013888888888888888,0.0,1.2794822630616665,72
a0.50_c0.50_n60_s0.5_L100_Iobserved,0,DART_mmd,DART_distributional,worst,observed,0.5,0.5,60,0.5,100,balanced_48,balanced_39,0,0,0.013888888888888888,0.0,0.46867503594051385,72
a0.50_c0.50_n60_s0.5_L100_Iobserved,0,DART_sliced_wasserstein,DART_distributional,worst,observed,0.5,0.5,60,0.5,100,min_specialist_3,balanced_39,0,0,0.013157894736842105,0.0,2.290739206394246,76
a0.50_c0.50_n60_s0.5_L100_Iobserved,0,DART_coverage_mean,DART_coverage,worst,observed,0.5,0.5,60,0.5,100,balanced_36,balanced_39,0,0,0.014705882352941176,0.0,0.17304927772851997,68
a0.50_c0.50_n60_s0.5_L100_Iobserved,0,DART_coverage_worst,DART_coverage,worst,observed,0.5,0.5,60,0.5,100,balanced_36,balanced_39,0,0,0.058823529411764705,0.0,0.17304927772851997,17
a0.50_c0.50_n60_s0.5_L100_Iobserved,1,mean_cosine,mean_signature,mean,observed,0.5,0.5,60,0.5,100,min_specialist_0,balanced_40,0,0,0.024390243902439025,0.0,0.2812052815555788,41
a0.50_c0.50_n60_s0.5_L100_Iobserved,1,mean_l2,mean_signature,mean,observed,0.5,0.5,60,0.5,100,min_specialist_19,balanced_40,0,0,0.018518518518518517,0.0,0.07570969521699311,54
a0.50_c0.50_n60_s0.5_L100_Iobserved,1,cmap_signature_match,cmap_signature,mean,observed,0.5,0.5,60,0.5,100,min_specialist_0,balanced_40,0,0,0.024390243902439025,0.0,0.2812052815555788,41
a0.50_c0.50_n60_s0.5_L100_Iobserved,1,cmap_signature_reverse,cmap_signature,mean,observed,0.5,0.5,60,0.5,100,min_specialist_0,balanced_40,0,0,0.024390243902439025,0.0,0.2812052815555788,41
a0.50_c0.50_n60_s0.5_L100_Iobserved,1,DART_energy,DART_distributional,mean,observed,0.5,0.5,60,0.5,100,maj_specialist_76,balanced_40,0,0,0.018518518518518517,0.0,0.24010544786920107,54
a0.50_c0.50_n60_s0.5_L100_Iobserved,1,DART_mmd,DART_distributional,mean,observed,0.5,0.5,60,0.5,100,balanced_37,balanced_40,0,0,0.02040816326530612,0.0,0.0010821615598786138,49
a0.50_c0.50_n60_s0.5_L100_Iobserved,1,DART_sliced_wasserstein,DART_distributional,mean,observed,0.5,0.5,60,0.5,100,maj_specialist_62,balanced_40,0,0,0.012987012987012988,0.0,0.09121126645688449,77
a0.50_c0.50_n60_s0.5_L100_Iobserved,1,DART_coverage_mean,DART_coverage,mean,observed,0.5,0.5,60,0.5,100,balanced_37,balanced_40,0,0,0.02040816326530612,0.0,0.0010821615598786138,49
a0.50_c0.50_n60_s0.5_L100_Iobserved,1,DART_coverage_worst,DART_coverage,mean,observed,0.5,0.5,60,0.5,100,balanced_37,balanced_40,0,0,0.05555555555555555,0.0,0.0010821615598786138,18
a0.50_c0.50_n60_s0.5_L100_Iobserved,1,mean_cosine,mean_signature,worst,observed,0.5,0.5,60,0.5,100,min_specialist_0,balanced_40,0,0,0.024390243902439025,0.0,2.502724442070985,41
a0.50_c0.50_n60_s0.5_L100_Iobserved,1,mean_l2,mean_signature,worst,observed,0.5,0.5,60,0.5,100,min_specialist_19,balanced_40,0,0,0.018518518518518517,0.0,1.214950335210439,54
a0.50_c0.50_n60_s0.5_L100_Iobserved,1,cmap_signature_match,cmap_signature,worst,observed,0.5,0.5,60,0.5,100,min_specialist_0,balanced_40,0,0,0.024390243902439025,0.0,2.502724442070985,41
a0.50_c0.50_n60_s0.5_L100_Iobserved,1,cmap_signature_reverse,cmap_signature,worst,observed,0.5,0.5,60,0.5,100,min_specialist_0,balanced_40,0,0,0.024390243902439025,0.0,2.502724442070985,41
a0.50_c0.50_n60_s0.5_L100_Iobserved,1,DART_energy,DART_distributional,worst,observed,0.5,0.5,60,0.5,100,maj_specialist_76,balanced_40,0,0,0.018518518518518517,0.0,2.290738076771426,54
a0.50_c0.50_n60_s0.5_L100_Iobserved,1,DART_mmd,DART_distributional,worst,observed,0.5,0.5,60,0.5,100,balanced_37,balanced_40,0,0,0.02040816326530612,0.0,0.11500634713187452,49
a0.50_c0.50_n60_s0.5_L100_Iobserved,1,DART_sliced_wasserstein,DART_distributional,worst,observed,0.5,0.5,60,0.5,100,maj_specialist_62,balanced_40,0,0,0.012987012987012988,0.0,1.344375802015982,77
a0.50_c0.50_n60_s0.5_L100_Iobserved,1,DART_coverage_mean,DART_coverage,worst,observed,0.5,0.5,60,0.5,100,balanced_37,balanced_40,0,0,0.02040816326530612,0.0,0.11500634713187452,49
a0.50_c0.50_n60_s0.5_L100_Iobserved,1,DART_coverage_worst,DART_coverage,worst,observed,0.5,0.5,60,0.5,100,balanced_37,balanced_40,0,0,0.05555555555555555,0.0,0.11500634713187452,18
a0.50_c0.50_n60_s0.5_L100_Iobserved,2,mean_cosine,mean_signature,mean,observed,0.5,0.5,60,0.5,100,min_specialist_0,balanced_40,0,0,0.024390243902439025,0.0,0.2812051504968167,41
a0.50_c0.50_n60_s0.5_L100_Iobserved,2,mean_l2,mean_signature,mean,observed,0.5,0.5,60,0.5,100,balanced_47,balanced_40,0,0,0.058823529411764705,0.0,0.010094240799070064,17
a0.50_c0.50_n60_s0.5_L100_Iobserved,2,cmap_signature_match,cmap_signature,mean,observed,0.5,0.5,60,0.5,100,min_specialist_0,balanced_40,0,0,0.024390243902439025,0.0,0.2812051504968167,41
a0.50_c0.50_n60_s0.5_L100_Iobserved,2,cmap_signature_reverse,cmap_signature,mean,observed,0.5,0.5,60,0.5,100,min_specialist_0,balanced_40,0,0,0.024390243902439025,0.0,0.2812051504968167,41
a0.50_c0.50_n60_s0.5_L100_Iobserved,2,DART_energy,DART_distributional,mean,observed,0.5,0.5,60,0.5,100,balanced_47,balanced_40,0,0,0.0625,0.0,0.010094240799070064,16
a0.50_c0.50_n60_s0.5_L100_Iobserved,2,DART_mmd,DART_distributional,mean,observed,0.5,0.5,60,0.5,100,balanced_47,balanced_40,0,0,0.07692307692307693,0.0,0.010094240799070064,13
a0.50_c0.50_n60_s0.5_L100_Iobserved,2,DART_sliced_wasserstein,DART_distributional,mean,observed,0.5,0.5,60,0.5,100,min_specialist_1,balanced_40,0,0,0.017857142857142856,0.0,0.26714429325823374,56
a0.50_c0.50_n60_s0.5_L100_Iobserved,2,DART_coverage_mean,DART_coverage,mean,observed,0.5,0.5,60,0.5,100,balanced_47,balanced_40,0,0,0.09090909090909091,0.0,0.010094240799070064,11
a0.50_c0.50_n60_s0.5_L100_Iobserved,2,DART_coverage_worst,DART_coverage,mean,observed,0.5,0.5,60,0.5,100,balanced_39,balanced_40,0,1,0.2,0.38685280723454163,1.4349009802572255e-07,5
a0.50_c0.50_n60_s0.5_L100_Iobserved,2,mean_cosine,mean_signature,worst,observed,0.5,0.5,60,0.5,100,min_specialist_0,balanced_40,0,0,0.024390243902439025,0.0,2.5027241913117813,41
a0.50_c0.50_n60_s0.5_L100_Iobserved,2,mean_l2,mean_signature,worst,observed,0.5,0.5,60,0.5,100,balanced_47,balanced_40,0,0,0.058823529411764705,0.0,0.4088283538082216,17
a0.50_c0.50_n60_s0.5_L100_Iobserved,2,cmap_signature_match,cmap_signature,worst,observed,0.5,0.5,60,0.5,100,min_specialist_0,balanced_40,0,0,0.024390243902439025,0.0,2.5027241913117813,41
a0.50_c0.50_n60_s0.5_L100_Iobserved,2,cmap_signature_reverse,cmap_signature,worst,observed,0.5,0.5,60,0.5,100,min_specialist_0,balanced_40,0,0,0.024390243902439025,0.0,2.5027241913117813,41
a0.50_c0.50_n60_s0.5_L100_Iobserved,2,DART_energy,DART_distributional,worst,observed,0.5,0.5,60,0.5,100,balanced_47,balanced_40,0,0,0.0625,0.0,0.4088283538082216,16
a0.50_c0.50_n60_s0.5_L100_Iobserved,2,DART_mmd,DART_distributional,worst,observed,0.5,0.5,60,0.5,100,balanced_47,balanced_40,0,0,0.07692307692307693,0.0,0.4088283538082216,13
a0.50_c0.50_n60_s0.5_L100_Iobserved,2,DART_sliced_wasserstein,DART_distributional,worst,observed,0.5,0.5,60,0.5,100,min_specialist_1,balanced_40,0,0,0.017857142857142856,0.0,2.4317011729904863,56
a0.50_c0.50_n60_s0.5_L100_Iobserved,2,DART_coverage_mean,DART_coverage,worst,observed,0.5,0.5,60,0.5,100,balanced_47,balanced_40,0,0,0.09090909090909091,0.0,0.4088283538082216,11
a0.50_c0.50_n60_s0.5_L100_Iobserved,2,DART_coverage_worst,DART_coverage,worst,observed,0.5,0.5,60,0.5,100,balanced_39,balanced_40,0,1,0.2,0.38685280723454163,1.434286680535024e-07,5
a0.50_c0.50_n60_s0.5_L20_Ipredicted_mean,0,mean_cosine,mean_signature,mean,predicted_mean,0.5,0.5,60,0.5,20,min_specialist_0,balanced_7,0,0,0.125,0.31546487678572877,0.2799997753259511,8
a0.50_c0.50_n60_s0.5_L20_Ipredicted_mean,0,mean_l2,mean_signature,mean,predicted_mean,0.5,0.5,60,0.5,20,maj_specialist_12,balanced_7,0,1,0.2,0.38685280723454163,0.1000000352042818,5
a0.50_c0.50_n60_s0.5_L20_Ipredicted_mean,0,cmap_signature_match,cmap_signature,mean,predicted_mean,0.5,0.5,60,0.5,20,min_specialist_0,balanced_7,0,0,0.125,0.31546487678572877,0.2799997753259511,8
a0.50_c0.50_n60_s0.5_L20_Ipredicted_mean,0,cmap_signature_reverse,cmap_signature,mean,predicted_mean,0.5,0.5,60,0.5,20,min_specialist_0,balanced_7,0,0,0.125,0.31546487678572877,0.2799997753259511,8
a0.50_c0.50_n60_s0.5_L20_Ipredicted_mean,0,DART_energy,DART_distributional,mean,predicted_mean,0.5,0.5,60,0.5,20,min_specialist_0,balanced_7,0,0,0.14285714285714285,0.3333333333333333,0.2799997753259511,7
a0.50_c0.50_n60_s0.5_L20_Ipredicted_mean,0,DART_mmd,DART_distributional,mean,predicted_mean,0.5,0.5,60,0.5,20,balanced_6,balanced_7,0,0,0.125,0.31546487678572877,0.009999642860460511,8
a0.50_c0.50_n60_s0.5_L20_Ipredicted_mean,0,DART_sliced_wasserstein,DART_distributional,mean,predicted_mean,0.5,0.5,60,0.5,20,min_specialist_2,balanced_7,0,0,0.07692307692307693,0.0,0.15000025784535254,13
a0.50_c0.50_n60_s0.5_L20_Ipredicted_mean,0,DART_coverage_mean,DART_coverage,mean,predicted_mean,0.5,0.5,60,0.5,20,min_specialist_5,balanced_7,0,0,0.08333333333333333,0.0,0.030000317923917663,12
a0.50_c0.50_n60_s0.5_L20_Ipredicted_mean,0,DART_coverage_worst,DART_coverage,mean,predicted_mean,0.5,0.5,60,0.5,20,maj_specialist_13,balanced_7,0,1,0.5,0.6309297535714575,0.15000001990642886,2
a0.50_c0.50_n60_s0.5_L20_Ipredicted_mean,0,mean_cosine,mean_signature,worst,predicted_mean,0.5,0.5,60,0.5,20,min_specialist_0,balanced_7,0,0,0.125,0.31546487678572877,2.3799995698850616,8
a0.50_c0.50_n60_s0.5_L20_Ipredicted_mean,0,mean_l2,mean_signature,worst,predicted_mean,0.5,0.5,60,0.5,20,maj_specialist_12,balanced_7,0,1,0.2,0.38685280723454163,1.2999999246705123,5
a0.50_c0.50_n60_s0.5_L20_Ipredicted_mean,0,cmap_signature_match,cmap_signature,worst,predicted_mean,0.5,0.5,60,0.5,20,min_specialist_0,balanced_7,0,0,0.125,0.31546487678572877,2.3799995698850616,8
a0.50_c0.50_n60_s0.5_L20_Ipredicted_mean,0,cmap_signature_reverse,cmap_signature,worst,predicted_mean,0.5,0.5,60,0.5,20,min_specialist_0,balanced_7,0,0,0.125,0.31546487678572877,2.3799995698850616,8
a0.50_c0.50_n60_s0.5_L20_Ipredicted_mean,0,DART_energy,DART_distributional,worst,predicted_mean,0.5,0.5,60,0.5,20,min_specialist_0,balanced_7,0,0,0.14285714285714285,0.3333333333333333,2.3799995698850616,7
a0.50_c0.50_n60_s0.5_L20_Ipredicted_mean,0,DART_mmd,DART_distributional,worst,predicted_mean,0.5,0.5,60,0.5,20,balanced_6,balanced_7,0,0,0.125,0.31546487678572877,0.30999954103128147,8
a0.50_c0.50_n60_s0.5_L20_Ipredicted_mean,0,DART_sliced_wasserstein,DART_distributional,worst,predicted_mean,0.5,0.5,60,0.5,20,min_specialist_2,balanced_7,0,0,0.07692307692307693,0.0,1.6500000993469932,13
a0.50_c0.50_n60_s0.5_L20_Ipredicted_mean,0,DART_coverage_mean,DART_coverage,worst,predicted_mean,0.5,0.5,60,0.5,20,min_specialist_5,balanced_7,0,0,0.08333333333333333,0.0,0.6300001757133273,12
a0.50_c0.50_n60_s0.5_L20_Ipredicted_mean,0,DART_coverage_worst,DART_coverage,worst,predicted_mean,0.5,0.5,60,0.5,20,maj_specialist_13,balanced_7,0,1,0.5,0.6309297535714575,1.6499997736720111,2
a0.50_c0.50_n60_s0.5_L20_Ipredicted_mean,1,mean_cosine,mean_signature,mean,predicted_mean,0.5,0.5,60,0.5,20,min_specialist_0,balanced_8,0,0,0.1111111111111111,0.3010299956639812,0.28000036686223595,9
a0.50_c0.50_n60_s0.5_L20_Ipredicted_mean,1,mean_l2,mean_signature,mean,predicted_mean,0.5,0.5,60,0.5,20,maj_specialist_14,balanced_8,0,0,0.1111111111111111,0.3010299956639812,0.2100004455453437,9
a0.50_c0.50_n60_s0.5_L20_Ipredicted_mean,1,cmap_signature_match,cmap_signature,mean,predicted_mean,0.5,0.5,60,0.5,20,min_specialist_0,balanced_8,0,0,0.1111111111111111,0.3010299956639812,0.28000036686223595,9
a0.50_c0.50_n60_s0.5_L20_Ipredicted_mean,1,cmap_signature_reverse,cmap_signature,mean,predicted_mean,0.5,0.5,60,0.5,20,min_specialist_0,balanced_8,0,0,0.1111111111111111,0.3010299956639812,0.28000036686223595,9
a0.50_c0.50_n60_s0.5_L20_Ipredicted_mean,1,DART_energy,DART_distributional,mean,predicted_mean,0.5,0.5,60,0.5,20,maj_specialist_11,balanced_8,0,0,0.1,0.2890648263178879,0.06000080731967827,10
a0.50_c0.50_n60_s0.5_L20_Ipredicted_mean,1,DART_mmd,DART_distributional,mean,predicted_mean,0.5,0.5,60,0.5,20,maj_specialist_11,balanced_8,0,0,0.08333333333333333,0.0,0.06000080731967827,12
a0.50_c0.50_n60_s0.5_L20_Ipredicted_mean,1,DART_sliced_wasserstein,DART_distributional,mean,predicted_mean,0.5,0.5,60,0.5,20,balanced_9,balanced_8,0,0,0.07692307692307693,0.0,0.010000301747599138,13
a0.50_c0.50_n60_s0.5_L20_Ipredicted_mean,1,DART_coverage_mean,DART_coverage,mean,predicted_mean,0.5,0.5,60,0.5,20,min_specialist_1,balanced_8,0,0,0.09090909090909091,0.0,0.21000020102497174,11
a0.50_c0.50_n60_s0.5_L20_Ipredicted_mean,1,DART_coverage_worst,DART_coverage,mean,predicted_mean,0.5,0.5,60,0.5,20,maj_specialist_11,balanced_8,0,0,0.07142857142857142,0.0,0.06000080731967827,14
a0.50_c0.50_n60_s0.5_L20_Ipredicted_mean,1,mean_cosine,mean_signature,worst,predicted_mean,0.5,0.5,60,0.5,20,min_specialist_0,balanced_8,0,0,0.1111111111111111,0.3010299956639812,2.380000370037699,9
a0.50_c0.50_n60_s0.5_L20_Ipredicted_mean,1,mean_l2,mean_signature,worst,predicted_mean,0.5,0.5,60,0.5,20,maj_specialist_14,balanced_8,0,0,0.1111111111111111,0.3010299956639812,2.010000327399439,9
a0.50_c0.50_n60_s0.5_L20_Ipredicted_mean,1,cmap_signature_match,cmap_signature,worst,predicted_mean,0.5,0.5,60,0.5,20,min_specialist_0,balanced_8,0,0,0.1111111111111111,0.3010299956639812,2.380000370037699,9
a0.50_c0.50_n60_s0.5_L20_Ipredicted_mean,1,cmap_signature_reverse,cmap_signature,worst,predicted_mean,0.5,0.5,60,0.5,20,min_specialist_0,balanced_8,0,0,0.1111111111111111,0.3010299956639812,2.380000370037699,9
a0.50_c0.50_n60_s0.5_L20_Ipredicted_mean,1,DART_energy,DART_distributional,worst,predicted_mean,0.5,0.5,60,0.5,20,maj_specialist_11,balanced_8,0,0,0.1,0.2890648263178879,0.9600008291339428,10
a0.50_c0.50_n60_s0.5_L20_Ipredicted_mean,1,DART_mmd,DART_distributional,worst,predicted_mean,0.5,0.5,60,0.5,20,maj_specialist_11,balanced_8,0,0,0.08333333333333333,0.0,0.9600008291339428,12
a0.50_c0.50_n60_s0.5_L20_Ipredicted_mean,1,DART_sliced_wasserstein,DART_distributional,worst,predicted_mean,0.5,0.5,60,0.5,20,balanced_9,balanced_8,0,0,0.07692307692307693,0.0,0.3100001518342417,13
a0.50_c0.50_n60_s0.5_L20_Ipredicted_mean,1,DART_coverage_mean,DART_coverage,worst,predicted_mean,0.5,0.5,60,0.5,20,min_specialist_1,balanced_8,0,0,0.09090909090909091,0.0,2.009999960654522,11
a0.50_c0.50_n60_s0.5_L20_Ipredicted_mean,1,DART_coverage_worst,DART_coverage,worst,predicted_mean,0.5,0.5,60,0.5,20,maj_specialist_11,balanced_8,0,0,0.07142857142857142,0.0,0.9600008291339428,14
a0.50_c0.50_n60_s0.5_L20_Ipredicted_mean,2,mean_cosine,mean_signature,mean,predicted_mean,0.5,0.5,60,0.5,20,min_specialist_0,balanced_7,0,0,0.125,0.31546487678572877,0.28000053118308443,8
a0.50_c0.50_n60_s0.5_L20_Ipredicted_mean,2,mean_l2,mean_signature,mean,predicted_mean,0.5,0.5,60,0.5,20,balanced_9,balanced_7,0,0,0.14285714285714285,0.3333333333333333,0.010000160963961946,7
a0.50_c0.50_n60_s0.5_L20_Ipredicted_mean,2,cmap_signature_match,cmap_signature,mean,predicted_mean,0.5,0.5,60,0.5,20,min_specialist_0,balanced_7,0,0,0.125,0.31546487678572877,0.28000053118308443,8
a0.50_c0.50_n60_s0.5_L20_Ipredicted_mean,2,cmap_signature_reverse,cmap_signature,mean,predicted_mean,0.5,0.5,60,0.5,20,min_specialist_0,balanced_7,0,0,0.125,0.31546487678572877,0.28000053118308443,8
a0.50_c0.50_n60_s0.5_L20_Ipredicted_mean,2,DART_energy,DART_distributional,mean,predicted_mean,0.5,0.5,60,0.5,20,balanced_9,balanced_7,0,1,0.2,0.38685280723454163,0.010000160963961946,5
a0.50_c0.50_n60_s0.5_L20_Ipredicted_mean,2,DART_mmd,DART_distributional,mean,predicted_mean,0.5,0.5,60,0.5,20,maj_specialist_12,balanced_7,0,1,0.5,0.6309297535714575,0.10000028219069179,2
a0.50_c0.50_n60_s0.5_L20_Ipredicted_mean,2,DART_sliced_wasserstein,DART_distributional,mean,predicted_mean,0.5,0.5,60,0.5,20,balanced_6,balanced_7,0,0,0.16666666666666666,0.3562071871080222,0.009999849054821652,6
a0.50_c0.50_n60_s0.5_L20_Ipredicted_mean,2,DART_coverage_mean,DART_coverage,mean,predicted_mean,0.5,0.5,60,0.5,20,maj_specialist_10,balanced_7,0,0,0.06666666666666667,0.0,0.030000351508750356,15
a0.50_c0.50_n60_s0.5_L20_Ipredicted_mean,2,DART_coverage_worst,DART_coverage,mean,predicted_mean,0.5,0.5,60,0.5,20,balanced_6,balanced_7,0,1,0.2,0.38685280723454163,0.009999849054821652,5
a0.50_c0.50_n60_s0.5_L20_Ipredicted_mean,2,mean_cosine,mean_signature,worst,predicted_mean,0.5,0.5,60,0.5,20,min_specialist_0,balanced_7,0,0,0.125,0.31546487678572877,2.3800005296806255,8
a0.50_c0.50_n60_s0.5_L20_Ipredicted_mean,2,mean_l2,mean_signature,worst,predicted_mean,0.5,0.5,60,0.5,20,balanced_9,balanced_7,0,0,0.14285714285714285,0.3333333333333333,0.31000012623152884,7
a0.50_c0.50_n60_s0.5_L20_Ipredicted_mean,2,cmap_signature_match,cmap_signature,worst,predicted_mean,0.5,0.5,60,0.5,20,min_specialist_0,balanced_7,0,0,0.125,0.31546487678572877,2.3800005296806255,8
a0.50_c0.50_n60_s0.5_L20_Ipredicted_mean,2,cmap_signature_reverse,cmap_signature,worst,predicted_mean,0.5,0.5,60,0.5,20,min_specialist_0,balanced_7,0,0,0.125,0.31546487678572877,2.3800005296806255,8
a0.50_c0.50_n60_s0.5_L20_Ipredicted_mean,2,DART_energy,DART_distributional,worst,predicted_mean,0.5,0.5,60,0.5,20,balanced_9,balanced_7,0,1,0.2,0.38685280723454163,0.31000012623152884,5
a0.50_c0.50_n60_s0.5_L20_Ipredicted_mean,2,DART_mmd,DART_distributional,worst,predicted_mean,0.5,0.5,60,0.5,20,maj_specialist_12,balanced_7,0,1,0.5,0.6309297535714575,1.3000003096819377,2
a0.50_c0.50_n60_s0.5_L20_Ipredicted_mean,2,DART_sliced_wasserstein,DART_distributional,worst,predicted_mean,0.5,0.5,60,0.5,20,balanced_6,balanced_7,0,0,0.16666666666666666,0.3562071871080222,0.3099996157380396,6
a0.50_c0.50_n60_s0.5_L20_Ipredicted_mean,2,DART_coverage_mean,DART_coverage,worst,predicted_mean,0.5,0.5,60,0.5,20,maj_specialist_10,balanced_7,0,0,0.06666666666666667,0.0,0.6300002370607842,15
a0.50_c0.50_n60_s0.5_L20_Ipredicted_mean,2,DART_coverage_worst,DART_coverage,worst,predicted_mean,0.5,0.5,60,0.5,20,balanced_6,balanced_7,0,1,0.2,0.38685280723454163,0.3099996157380396,5
a0.50_c0.50_n60_s0.5_L100_Ipredicted_mean,0,mean_cosine,mean_signature,mean,predicted_mean,0.5,0.5,60,0.5,100,min_specialist_0,balanced_39,0,0,0.025,0.0,0.28120498503715297,40
a0.50_c0.50_n60_s0.5_L100_Ipredicted_mean,0,mean_l2,mean_signature,mean,predicted_mean,0.5,0.5,60,0.5,100,min_specialist_21,balanced_39,0,0,0.015873015873015872,0.0,0.06164911263622841,63
a0.50_c0.50_n60_s0.5_L100_Ipredicted_mean,0,cmap_signature_match,cmap_signature,mean,predicted_mean,0.5,0.5,60,0.5,100,min_specialist_0,balanced_39,0,0,0.025,0.0,0.28120498503715297,40
a0.50_c0.50_n60_s0.5_L100_Ipredicted_mean,0,cmap_signature_reverse,cmap_signature,mean,predicted_mean,0.5,0.5,60,0.5,100,min_specialist_0,balanced_39,0,0,0.025,0.0,0.28120498503715297,40
a0.50_c0.50_n60_s0.5_L100_Ipredicted_mean,0,DART_energy,DART_distributional,mean,predicted_mean,0.5,0.5,60,0.5,100,min_specialist_21,balanced_39,0,0,0.02127659574468085,0.0,0.06164911263622841,47
a0.50_c0.50_n60_s0.5_L100_Ipredicted_mean,0,DART_mmd,DART_distributional,mean,predicted_mean,0.5,0.5,60,0.5,100,min_specialist_23,balanced_39,0,0,0.058823529411764705,0.0,0.049030939136127216,17
a0.50_c0.50_n60_s0.5_L100_Ipredicted_mean,0,DART_sliced_wasserstein,DART_distributional,mean,predicted_mean,0.5,0.5,60,0.5,100,maj_specialist_60,balanced_39,0,0,0.013157894736842105,0.0,0.07570913050678385,76
a0.50_c0.50_n60_s0.5_L100_Ipredicted_mean,0,DART_coverage_mean,DART_coverage,mean,predicted_mean,0.5,0.5,60,0.5,100,maj_specialist_78,balanced_39,0,0,0.0196078431372549,0.0,0.26714520337211667,51
a0.50_c0.50_n60_s0.5_L100_Ipredicted_mean,0,DART_coverage_worst,DART_coverage,mean,predicted_mean,0.5,0.5,60,0.5,100,min_specialist_15,balanced_39,0,0,0.045454545454545456,0.0,0.10815623879266312,22
a0.50_c0.50_n60_s0.5_L100_Ipredicted_mean,0,mean_cosine,mean_signature,worst,predicted_mean,0.5,0.5,60,0.5,100,min_specialist_0,balanced_39,0,0,0.025,0.0,2.502723970678119,40
a0.50_c0.50_n60_s0.5_L100_Ipredicted_mean,0,mean_l2,mean_signature,worst,predicted_mean,0.5,0.5,60,0.5,100,min_specialist_21,balanced_39,0,0,0.015873015873015872,0.0,1.0869656328456756,63
a0.50_c0.50_n60_s0.5_L100_Ipredicted_mean,0,cmap_signature_match,cmap_signature,worst,predicted_mean,0.5,0.5,60,0.5,100,min_specialist_0,balanced_39,0,0,0.025,0.0,2.502723970678119,40
a0.50_c0.50_n60_s0.5_L100_Ipredicted_mean,0,cmap_signature_reverse,cmap_signature,worst,predicted_mean,0.5,0.5,60,0.5,100,min_specialist_0,balanced_39,0,0,0.025,0.0,2.502723970678119,40
a0.50_c0.50_n60_s0.5_L100_Ipredicted_mean,0,DART_energy,DART_distributional,worst,predicted_mean,0.5,0.5,60,0.5,100,min_specialist_21,balanced_39,0,0,0.02127659574468085,0.0,1.0869656328456756,47
a0.50_c0.50_n60_s0.5_L100_Ipredicted_mean,0,DART_mmd,DART_distributional,worst,predicted_mean,0.5,0.5,60,0.5,100,min_specialist_23,balanced_39,0,0,0.058823529411764705,0.0,0.9604235174570768,17
a0.50_c0.50_n60_s0.5_L100_Ipredicted_mean,0,DART_sliced_wasserstein,DART_distributional,worst,predicted_mean,0.5,0.5,60,0.5,100,maj_specialist_60,balanced_39,0,0,0.013157894736842105,0.0,1.214949551368008,76
a0.50_c0.50_n60_s0.5_L100_Ipredicted_mean,0,DART_coverage_mean,DART_coverage,worst,predicted_mean,0.5,0.5,60,0.5,100,maj_specialist_78,balanced_39,0,0,0.0196078431372549,0.0,2.43170232891665,51
a0.50_c0.50_n60_s0.5_L100_Ipredicted_mean,0,DART_coverage_worst,DART_coverage,worst,predicted_mean,0.5,0.5,60,0.5,100,min_specialist_15,balanced_39,0,0,0.045454545454545456,0.0,1.4752449733753181,22
a0.50_c0.50_n60_s0.5_L100_Ipredicted_mean,1,mean_cosine,mean_signature,mean,predicted_mean,0.5,0.5,60,0.5,100,min_specialist_0,balanced_40,0,0,0.024390243902439025,0.0,0.2812052815555788,41
a0.50_c0.50_n60_s0.5_L100_Ipredicted_mean,1,mean_l2,mean_signature,mean,predicted_mean,0.5,0.5,60,0.5,100,maj_specialist_57,balanced_40,0,0,0.04,0.0,0.055159598191778514,25
a0.50_c0.50_n60_s0.5_L100_Ipredicted_mean,1,cmap_signature_match,cmap_signature,mean,predicted_mean,0.5,0.5,60,0.5,100,min_specialist_0,balanced_40,0,0,0.024390243902439025,0.0,0.2812052815555788,41
a0.50_c0.50_n60_s0.5_L100_Ipredicted_mean,1,cmap_signature_reverse,cmap_signature,mean,predicted_mean,0.5,0.5,60,0.5,100,min_specialist_0,balanced_40,0,0,0.024390243902439025,0.0,0.2812052815555788,41
a0.50_c0.50_n60_s0.5_L100_Ipredicted_mean,1,DART_energy,DART_distributional,mean,predicted_mean,0.5,0.5,60,0.5,100,maj_specialist_57,balanced_40,0,0,0.038461538461538464,0.0,0.055159598191778514,26
a0.50_c0.50_n60_s0.5_L100_Ipredicted_mean,1,DART_mmd,DART_distributional,mean,predicted_mean,0.5,0.5,60,0.5,100,maj_specialist_52,balanced_40,0,0,0.03571428571428571,0.0,0.02812042924922764,28
a0.50_c0.50_n60_s0.5_L100_Ipredicted_mean,1,DART_sliced_wasserstein,DART_distributional,mean,predicted_mean,0.5,0.5,60,0.5,100,balanced_51,balanced_40,0,0,0.013888888888888888,0.0,0.0237947051857077,72
a0.50_c0.50_n60_s0.5_L100_Ipredicted_mean,1,DART_coverage_mean,DART_coverage,mean,predicted_mean,0.5,0.5,60,0.5,100,maj_specialist_76,balanced_40,0,0,0.017543859649122806,0.0,0.24010544786920107,57
a0.50_c0.50_n60_s0.5_L100_Ipredicted_mean,1,DART_coverage_worst,DART_coverage,mean,predicted_mean,0.5,0.5,60,0.5,100,min_specialist_25,balanced_40,0,0,0.058823529411764705,0.0,0.037854740781043006,17
a0.50_c0.50_n60_s0.5_L100_Ipredicted_mean,1,mean_cosine,mean_signature,worst,predicted_mean,0.5,0.5,60,0.5,100,min_specialist_0,balanced_40,0,0,0.024390243902439025,0.0,2.502724442070985,41
a0.50_c0.50_n60_s0.5_L100_Ipredicted_mean,1,mean_l2,mean_signature,worst,predicted_mean,0.5,0.5,60,0.5,100,maj_specialist_57,balanced_40,0,0,0.04,0.0,1.0235140031234309,25
a0.50_c0.50_n60_s0.5_L100_Ipredicted_mean,1,cmap_signature_match,cmap_signature,worst,predicted_mean,0.5,0.5,60,0.5,100,min_specialist_0,balanced_40,0,0,0.024390243902439025,0.0,2.502724442070985,41
a0.50_c0.50_n60_s0.5_L100_Ipredicted_mean,1,cmap_signature_reverse,cmap_signature,worst,predicted_mean,0.5,0.5,60,0.5,100,min_specialist_0,balanced_40,0,0,0.024390243902439025,0.0,2.502724442070985,41
a0.50_c0.50_n60_s0.5_L100_Ipredicted_mean,1,DART_energy,DART_distributional,worst,predicted_mean,0.5,0.5,60,0.5,100,maj_specialist_57,balanced_40,0,0,0.038461538461538464,0.0,1.0235140031234309,26
a0.50_c0.50_n60_s0.5_L100_Ipredicted_mean,1,DART_mmd,DART_distributional,worst,predicted_mean,0.5,0.5,60,0.5,100,maj_specialist_52,balanced_40,0,0,0.03571428571428571,0.0,0.7116647316584483,28
a0.50_c0.50_n60_s0.5_L100_Ipredicted_mean,1,DART_sliced_wasserstein,DART_distributional,worst,predicted_mean,0.5,0.5,60,0.5,100,balanced_51,balanced_40,0,0,0.013888888888888888,0.0,0.6503771205457376,72
a0.50_c0.50_n60_s0.5_L100_Ipredicted_mean,1,DART_coverage_mean,DART_coverage,worst,predicted_mean,0.5,0.5,60,0.5,100,maj_specialist_76,balanced_40,0,0,0.017543859649122806,0.0,2.290738076771426,57
a0.50_c0.50_n60_s0.5_L100_Ipredicted_mean,1,DART_coverage_worst,DART_coverage,worst,predicted_mean,0.5,0.5,60,0.5,100,min_specialist_25,balanced_40,0,0,0.058823529411764705,0.0,0.8353230180197038,17
a0.50_c0.50_n60_s0.5_L100_Ipredicted_mean,2,mean_cosine,mean_signature,mean,predicted_mean,0.5,0.5,60,0.5,100,min_specialist_0,balanced_40,0,0,0.024390243902439025,0.0,0.2812051504968167,41
a0.50_c0.50_n60_s0.5_L100_Ipredicted_mean,2,mean_l2,mean_signature,mean,predicted_mean,0.5,0.5,60,0.5,100,balanced_49,balanced_40,0,0,0.025,0.0,0.01622323973876405,40
a0.50_c0.50_n60_s0.5_L100_Ipredicted_mean,2,cmap_signature_match,cmap_signature,mean,predicted_mean,0.5,0.5,60,0.5,100,min_specialist_0,balanced_40,0,0,0.024390243902439025,0.0,0.2812051504968167,41
a0.50_c0.50_n60_s0.5_L100_Ipredicted_mean,2,cmap_signature_reverse,cmap_signature,mean,predicted_mean,0.5,0.5,60,0.5,100,min_specialist_0,balanced_40,0,0,0.024390243902439025,0.0,0.2812051504968167,41
a0.50_c0.50_n60_s0.5_L100_Ipredicted_mean,2,DART_energy,DART_distributional,mean,predicted_mean,0.5,0.5,60,0.5,100,balanced_44,balanced_40,0,0,0.02857142857142857,0.0,0.0036046543319514512,35
a0.50_c0.50_n60_s0.5_L100_Ipredicted_mean,2,DART_mmd,DART_distributional,mean,predicted_mean,0.5,0.5,60,0.5,100,balanced_44,balanced_40,0,0,0.04,0.0,0.0036046543319514512,25
a0.50_c0.50_n60_s0.5_L100_Ipredicted_mean,2,DART_sliced_wasserstein,DART_distributional,mean,predicted_mean,0.5,0.5,60,0.5,100,min_specialist_25,balanced_40,0,0,0.0625,0.0,0.03785430435892323,16
a0.50_c0.50_n60_s0.5_L100_Ipredicted_mean,2,DART_coverage_mean,DART_coverage,mean,predicted_mean,0.5,0.5,60,0.5,100,maj_specialist_64,balanced_40,0,0,0.019230769230769232,0.0,0.10815567769369494,52
a0.50_c0.50_n60_s0.5_L100_Ipredicted_mean,2,DART_coverage_worst,DART_coverage,mean,predicted_mean,0.5,0.5,60,0.5,100,min_specialist_8,balanced_40,0,0,0.07142857142857142,0.0,0.17881729733166907,14
a0.50_c0.50_n60_s0.5_L100_Ipredicted_mean,2,mean_cosine,mean_signature,worst,predicted_mean,0.5,0.5,60,0.5,100,min_specialist_0,balanced_40,0,0,0.024390243902439025,0.0,2.5027241913117813,41
a0.50_c0.50_n60_s0.5_L100_Ipredicted_mean,2,mean_l2,mean_signature,worst,predicted_mean,0.5,0.5,60,0.5,100,balanced_49,balanced_40,0,0,0.025,0.0,0.5288815063220333,40
a0.50_c0.50_n60_s0.5_L100_Ipredicted_mean,2,cmap_signature_match,cmap_signature,worst,predicted_mean,0.5,0.5,60,0.5,100,min_specialist_0,balanced_40,0,0,0.024390243902439025,0.0,2.5027241913117813,41
a0.50_c0.50_n60_s0.5_L100_Ipredicted_mean,2,cmap_signature_reverse,cmap_signature,worst,predicted_mean,0.5,0.5,60,0.5,100,min_specialist_0,balanced_40,0,0,0.024390243902439025,0.0,2.5027241913117813,41
a0.50_c0.50_n60_s0.5_L100_Ipredicted_mean,2,DART_energy,DART_distributional,worst,predicted_mean,0.5,0.5,60,0.5,100,balanced_44,balanced_40,0,0,0.02857142857142857,0.0,0.23145257931508212,35
a0.50_c0.50_n60_s0.5_L100_Ipredicted_mean,2,DART_mmd,DART_distributional,worst,predicted_mean,0.5,0.5,60,0.5,100,balanced_44,balanced_40,0,0,0.04,0.0,0.23145257931508212,25
a0.50_c0.50_n60_s0.5_L100_Ipredicted_mean,2,DART_sliced_wasserstein,DART_distributional,worst,predicted_mean,0.5,0.5,60,0.5,100,min_specialist_25,balanced_40,0,0,0.0625,0.0,0.8353226547920052,16
a0.50_c0.50_n60_s0.5_L100_Ipredicted_mean,2,DART_coverage_mean,DART_coverage,worst,predicted_mean,0.5,0.5,60,0.5,100,maj_specialist_64,balanced_40,0,0,0.019230769230769232,0.0,1.4752441576567996,52
a0.50_c0.50_n60_s0.5_L100_Ipredicted_mean,2,DART_coverage_worst,DART_coverage,worst,predicted_mean,0.5,0.5,60,0.5,100,min_specialist_8,balanced_40,0,0,0.07142857142857142,0.0,1.9446399186225811,14
a0.50_c1.00_n60_s0.5_L20_Iobserved,0,mean_cosine,mean_signature,mean,observed,0.5,1.0,60,0.5,20,min_specialist_0,balanced_7,0,0,0.125,0.31546487678572877,1.1200000123553977,8
a0.50_c1.00_n60_s0.5_L20_Iobserved,0,mean_l2,mean_signature,mean,observed,0.5,1.0,60,0.5,20,maj_specialist_10,balanced_7,0,0,0.1111111111111111,0.3010299956639812,0.11999994529492497,9
a0.50_c1.00_n60_s0.5_L20_Iobserved,0,cmap_signature_match,cmap_signature,mean,observed,0.5,1.0,60,0.5,20,min_specialist_0,balanced_7,0,0,0.125,0.31546487678572877,1.1200000123553977,8
a0.50_c1.00_n60_s0.5_L20_Iobserved,0,cmap_signature_reverse,cmap_signature,mean,observed,0.5,1.0,60,0.5,20,min_specialist_0,balanced_7,0,0,0.125,0.31546487678572877,1.1200000123553977,8
a0.50_c1.00_n60_s0.5_L20_Iobserved,0,DART_energy,DART_distributional,mean,observed,0.5,1.0,60,0.5,20,maj_specialist_10,balanced_7,0,0,0.14285714285714285,0.3333333333333333,0.11999994529492497,7
a0.50_c1.00_n60_s0.5_L20_Iobserved,0,DART_mmd,DART_distributional,mean,observed,0.5,1.0,60,0.5,20,maj_specialist_10,balanced_7,0,1,0.25,0.43067655807339306,0.11999994529492497,4
a0.50_c1.00_n60_s0.5_L20_Iobserved,0,DART_sliced_wasserstein,DART_distributional,mean,observed,0.5,1.0,60,0.5,20,min_specialist_2,balanced_7,0,1,0.25,0.43067655807339306,0.6000003081074325,4
a0.50_c1.00_n60_s0.5_L20_Iobserved,0,DART_coverage_mean,DART_coverage,mean,observed,0.5,1.0,60,0.5,20,maj_specialist_10,balanced_7,0,1,0.3333333333333333,0.5,0.11999994529492497,3
a0.50_c1.00_n60_s0.5_L20_Iobserved,0,DART_coverage_worst,DART_coverage,mean,observed,0.5,1.0,60,0.5,20,balanced_8,balanced_7,0,1,0.5,0.6309297535714575,3.7185127865768663e-07,2
a0.50_c1.00_n60_s0.5_L20_Iobserved,0,mean_cosine,mean_signature,worst,observed,0.5,1.0,60,0.5,20,min_specialist_0,balanced_7,0,0,0.125,0.31546487678572877,5.319999930959856,8
a0.50_c1.00_n60_s0.5_L20_Iobserved,0,mean_l2,mean_signature,worst,observed,0.5,1.0,60,0.5,20,maj_specialist_10,balanced_7,0,0,0.1111111111111111,0.3010299956639812,1.319999778876607,9
a0.50_c1.00_n60_s0.5_L20_Iobserved,0,cmap_signature_match,cmap_signature,worst,observed,0.5,1.0,60,0.5,20,min_specialist_0,balanced_7,0,0,0.125,0.31546487678572877,5.319999930959856,8
a0.50_c1.00_n60_s0.5_L20_Iobserved,0,cmap_signature_reverse,cmap_signature,worst,observed,0.5,1.0,60,0.5,20,min_specialist_0,balanced_7,0,0,0.125,0.31546487678572877,5.319999930959856,8
a0.50_c1.00_n60_s0.5_L20_Iobserved,0,DART_energy,DART_distributional,worst,observed,0.5,1.0,60,0.5,20,maj_specialist_10,balanced_7,0,0,0.14285714285714285,0.3333333333333333,1.319999778876607,7
a0.50_c1.00_n60_s0.5_L20_Iobserved,0,DART_mmd,DART_distributional,worst,observed,0.5,1.0,60,0.5,20,maj_specialist_10,balanced_7,0,1,0.25,0.43067655807339306,1.319999778876607,4
a0.50_c1.00_n60_s0.5_L20_Iobserved,0,DART_sliced_wasserstein,DART_distributional,worst,observed,0.5,1.0,60,0.5,20,min_specialist_2,balanced_7,0,1,0.25,0.43067655807339306,3.6000003428728036,4
a0.50_c1.00_n60_s0.5_L20_Iobserved,0,DART_coverage_mean,DART_coverage,worst,observed,0.5,1.0,60,0.5,20,maj_specialist_10,balanced_7,0,1,0.3333333333333333,0.5,1.319999778876607,3
a0.50_c1.00_n60_s0.5_L20_Iobserved,0,DART_coverage_worst,DART_coverage,worst,observed,0.5,1.0,60,0.5,20,balanced_8,balanced_7,0,1,0.5,0.6309297535714575,4.0185452121477283e-07,2
a0.50_c1.00_n60_s0.5_L20_Iobserved,1,mean_cosine,mean_signature,mean,observed,0.5,1.0,60,0.5,20,min_specialist_0,balanced_8,0,0,0.1111111111111111,0.3010299956639812,1.1199998502593616,9
a0.50_c1.00_n60_s0.5_L20_Iobserved,1,mean_l2,mean_signature,mean,observed,0.5,1.0,60,0.5,20,maj_specialist_11,balanced_8,0,0,0.1,0.2890648263178879,0.24000065047730956,10
a0.50_c1.00_n60_s0.5_L20_Iobserved,1,cmap_signature_match,cmap_signature,mean,observed,0.5,1.0,60,0.5,20,min_specialist_0,balanced_8,0,0,0.1111111111111111,0.3010299956639812,1.1199998502593616,9
a0.50_c1.00_n60_s0.5_L20_Iobserved,1,cmap_signature_reverse,cmap_signature,mean,observed,0.5,1.0,60,0.5,20,min_specialist_0,balanced_8,0,0,0.1111111111111111,0.3010299956639812,1.1199998502593616,9
a0.50_c1.00_n60_s0.5_L20_Iobserved,1,DART_energy,DART_distributional,mean,observed,0.5,1.0,60,0.5,20,maj_specialist_11,balanced_8,0,0,0.125,0.31546487678572877,0.24000065047730956,8
a0.50_c1.00_n60_s0.5_L20_Iobserved,1,DART_mmd,DART_distributional,mean,observed,0.5,1.0,60,0.5,20,maj_specialist_11,balanced_8,0,0,0.14285714285714285,0.3333333333333333,0.24000065047730956,7
a0.50_c1.00_n60_s0.5_L20_Iobserved,1,DART_sliced_wasserstein,DART_distributional,mean,observed,0.5,1.0,60,0.5,20,balanced_9,balanced_8,0,1,0.3333333333333333,0.5,0.04000032729116754,3
a0.50_c1.00_n60_s0.5_L20_Iobserved,1,DART_coverage_mean,DART_coverage,mean,observed,0.5,1.0,60,0.5,20,maj_specialist_11,balanced_8,0,1,0.2,0.38685280723454163,0.24000065047730956,5
a0.50_c1.00_n60_s0.5_L20_Iobserved,1,DART_coverage_worst,DART_coverage,mean,observed,0.5,1.0,60,0.5,20,balanced_7,balanced_8,0,1,0.3333333333333333,0.5,3.701703263914169e-07,3
a0.50_c1.00_n60_s0.5_L20_Iobserved,1,mean_cosine,mean_signature,worst,observed,0.5,1.0,60,0.5,20,min_specialist_0,balanced_8,0,0,0.1111111111111111,0.3010299956639812,5.319999488385196,9
a0.50_c1.00_n60_s0.5_L20_Iobserved,1,mean_l2,mean_signature,worst,observed,0.5,1.0,60,0.5,20,maj_specialist_11,balanced_8,0,0,0.1,0.2890648263178879,2.0400007451581494,10
a0.50_c1.00_n60_s0.5_L20_Iobserved,1,cmap_signature_match,cmap_signature,worst,observed,0.5,1.0,60,0.5,20,min_specialist_0,balanced_8,0,0,0.1111111111111111,0.3010299956639812,5.319999488385196,9
a0.50_c1.00_n60_s0.5_L20_Iobserved,1,cmap_signature_reverse,cmap_signature,worst,observed,0.5,1.0,60,0.5,20,min_specialist_0,balanced_8,0,0,0.1111111111111111,0.3010299956639812,5.319999488385196,9
a0.50_c1.00_n60_s0.5_L20_Iobserved,1,DART_energy,DART_distributional,worst,observed,0.5,1.0,60,0.5,20,maj_specialist_11,balanced_8,0,0,0.125,0.31546487678572877,2.0400007451581494,8
a0.50_c1.00_n60_s0.5_L20_Iobserved,1,DART_mmd,DART_distributional,worst,observed,0.5,1.0,60,0.5,20,maj_specialist_11,balanced_8,0,0,0.14285714285714285,0.3333333333333333,2.0400007451581494,7
a0.50_c1.00_n60_s0.5_L20_Iobserved,1,DART_sliced_wasserstein,DART_distributional,worst,observed,0.5,1.0,60,0.5,20,balanced_9,balanced_8,0,1,0.3333333333333333,0.5,0.6400003294510306,3
a0.50_c1.00_n60_s0.5_L20_Iobserved,1,DART_coverage_mean,DART_coverage,worst,observed,0.5,1.0,60,0.5,20,maj_specialist_11,balanced_8,0,1,0.2,0.38685280723454163,2.0400007451581494,5
a0.50_c1.00_n60_s0.5_L20_Iobserved,1,DART_coverage_worst,DART_coverage,worst,observed,0.5,1.0,60,0.5,20,balanced_7,balanced_8,0,1,0.3333333333333333,0.5,4.6278223209128555e-07,3
a0.50_c1.00_n60_s0.5_L20_Iobserved,2,mean_cosine,mean_signature,mean,observed,0.5,1.0,60,0.5,20,min_specialist_0,balanced_7,0,0,0.125,0.31546487678572877,1.1200006263569833,8
a0.50_c1.00_n60_s0.5_L20_Iobserved,2,mean_l2,mean_signature,mean,observed,0.5,1.0,60,0.5,20,balanced_6,balanced_7,0,1,0.5,0.6309297535714575,0.040000106405067015,2
a0.50_c1.00_n60_s0.5_L20_Iobserved,2,cmap_signature_match,cmap_signature,mean,observed,0.5,1.0,60,0.5,20,min_specialist_0,balanced_7,0,0,0.125,0.31546487678572877,1.1200006263569833,8
a0.50_c1.00_n60_s0.5_L20_Iobserved,2,cmap_signature_reverse,cmap_signature,mean,observed,0.5,1.0,60,0.5,20,min_specialist_0,balanced_7,0,0,0.125,0.31546487678572877,1.1200006263569833,8
a0.50_c1.00_n60_s0.5_L20_Iobserved,2,DART_energy,DART_distributional,mean,observed,0.5,1.0,60,0.5,20,balanced_6,balanced_7,0,1,0.5,0.6309297535714575,0.040000106405067015,2
a0.50_c1.00_n60_s0.5_L20_Iobserved,2,DART_mmd,DART_distributional,mean,observed,0.5,1.0,60,0.5,20,balanced_6,balanced_7,0,1,0.5,0.6309297535714575,0.040000106405067015,2
a0.50_c1.00_n60_s0.5_L20_Iobserved,2,DART_sliced_wasserstein,DART_distributional,mean,observed,0.5,1.0,60,0.5,20,min_specialist_1,balanced_7,0,1,0.25,0.43067655807339306,0.8399999450651698,4
a0.50_c1.00_n60_s0.5_L20_Iobserved,2,DART_coverage_mean,DART_coverage,mean,observed,0.5,1.0,60,0.5,20,balanced_6,balanced_7,0,1,0.5,0.6309297535714575,0.040000106405067015,2
a0.50_c1.00_n60_s0.5_L20_Iobserved,2,DART_coverage_worst,DART_coverage,mean,observed,0.5,1.0,60,0.5,20,balanced_7,balanced_7,1,1,1.0,1.0,0.0,1
a0.50_c1.00_n60_s0.5_L20_Iobserved,2,mean_cosine,mean_signature,worst,observed,0.5,1.0,60,0.5,20,min_specialist_0,balanced_7,0,0,0.125,0.31546487678572877,5.320000875371971,8
a0.50_c1.00_n60_s0.5_L20_Iobserved,2,mean_l2,mean_signature,worst,observed,0.5,1.0,60,0.5,20,balanced_6,balanced_7,0,1,0.5,0.6309297535714575,0.639999938573304,2
a0.50_c1.00_n60_s0.5_L20_Iobserved,2,cmap_signature_match,cmap_signature,worst,observed,0.5,1.0,60,0.5,20,min_specialist_0,balanced_7,0,0,0.125,0.31546487678572877,5.320000875371971,8
a0.50_c1.00_n60_s0.5_L20_Iobserved,2,cmap_signature_reverse,cmap_signature,worst,observed,0.5,1.0,60,0.5,20,min_specialist_0,balanced_7,0,0,0.125,0.31546487678572877,5.320000875371971,8
a0.50_c1.00_n60_s0.5_L20_Iobserved,2,DART_energy,DART_distributional,worst,observed,0.5,1.0,60,0.5,20,balanced_6,balanced_7,0,1,0.5,0.6309297535714575,0.639999938573304,2
a0.50_c1.00_n60_s0.5_L20_Iobserved,2,DART_mmd,DART_distributional,worst,observed,0.5,1.0,60,0.5,20,balanced_6,balanced_7,0,1,0.5,0.6309297535714575,0.639999938573304,2
a0.50_c1.00_n60_s0.5_L20_Iobserved,2,DART_sliced_wasserstein,DART_distributional,worst,observed,0.5,1.0,60,0.5,20,min_specialist_1,balanced_7,0,1,0.25,0.43067655807339306,4.439999734937999,4
a0.50_c1.00_n60_s0.5_L20_Iobserved,2,DART_coverage_mean,DART_coverage,worst,observed,0.5,1.0,60,0.5,20,balanced_6,balanced_7,0,1,0.5,0.6309297535714575,0.639999938573304,2
a0.50_c1.00_n60_s0.5_L20_Iobserved,2,DART_coverage_worst,DART_coverage,worst,observed,0.5,1.0,60,0.5,20,balanced_7,balanced_7,1,1,1.0,1.0,0.0,1
a0.50_c1.00_n60_s0.5_L100_Iobserved,0,mean_cosine,mean_signature,mean,observed,0.5,1.0,60,0.5,100,min_specialist_0,balanced_39,0,0,0.025,0.0,1.124820087309633,40
a0.50_c1.00_n60_s0.5_L100_Iobserved,0,mean_l2,mean_signature,mean,observed,0.5,1.0,60,0.5,100,maj_specialist_61,balanced_39,0,0,0.014084507042253521,0.0,0.3331195178461641,71
a0.50_c1.00_n60_s0.5_L100_Iobserved,0,cmap_signature_match,cmap_signature,mean,observed,0.5,1.0,60,0.5,100,min_specialist_0,balanced_39,0,0,0.025,0.0,1.124820087309633,40
a0.50_c1.00_n60_s0.5_L100_Iobserved,0,cmap_signature_reverse,cmap_signature,mean,observed,0.5,1.0,60,0.5,100,min_specialist_0,balanced_39,0,0,0.025,0.0,1.124820087309633,40
a0.50_c1.00_n60_s0.5_L100_Iobserved,0,DART_energy,DART_distributional,mean,observed,0.5,1.0,60,0.5,100,balanced_35,balanced_39,0,0,0.015151515151515152,0.0,0.01442083755414103,66
a0.50_c1.00_n60_s0.5_L100_Iobserved,0,DART_mmd,DART_distributional,mean,observed,0.5,1.0,60,0.5,100,balanced_36,balanced_39,0,0,0.01818181818181818,0.0,0.008652757836294711,55
a0.50_c1.00_n60_s0.5_L100_Iobserved,0,DART_sliced_wasserstein,DART_distributional,mean,observed,0.5,1.0,60,0.5,100,maj_specialist_53,balanced_39,0,0,0.013157894736842105,0.0,0.13122930397540955,76
a0.50_c1.00_n60_s0.5_L100_Iobserved,0,DART_coverage_mean,DART_coverage,mean,observed,0.5,1.0,60,0.5,100,balanced_36,balanced_39,0,0,0.023255813953488372,0.0,0.008652757836294711,43
a0.50_c1.00_n60_s0.5_L100_Iobserved,0,DART_coverage_worst,DART_coverage,mean,observed,0.5,1.0,60,0.5,100,balanced_44,balanced_39,0,0,0.09090909090909091,0.0,0.014421373661846815,11
a0.50_c1.00_n60_s0.5_L100_Iobserved,0,mean_cosine,mean_signature,worst,observed,0.5,1.0,60,0.5,100,min_specialist_0,balanced_39,0,0,0.025,0.0,5.56785808732845,40
a0.50_c1.00_n60_s0.5_L100_Iobserved,0,mean_l2,mean_signature,worst,observed,0.5,1.0,60,0.5,100,maj_specialist_61,balanced_39,0,0,0.014084507042253521,0.0,2.72552432876639,71
a0.50_c1.00_n60_s0.5_L100_Iobserved,0,cmap_signature_match,cmap_signature,worst,observed,0.5,1.0,60,0.5,100,min_specialist_0,balanced_39,0,0,0.025,0.0,5.56785808732845,40
a0.50_c1.00_n60_s0.5_L100_Iobserved,0,cmap_signature_reverse,cmap_signature,worst,observed,0.5,1.0,60,0.5,100,min_specialist_0,balanced_39,0,0,0.025,0.0,5.56785808732845,40
a0.50_c1.00_n60_s0.5_L100_Iobserved,0,DART_energy,DART_distributional,worst,observed,0.5,1.0,60,0.5,100,balanced_35,balanced_39,0,0,0.015151515151515152,0.0,0.4701171014246981,66
a0.50_c1.00_n60_s0.5_L100_Iobserved,0,DART_mmd,DART_distributional,worst,observed,0.5,1.0,60,0.5,100,balanced_36,balanced_39,0,0,0.01818181818181818,0.0,0.35042491355759964,55
a0.50_c1.00_n60_s0.5_L100_Iobserved,0,DART_sliced_wasserstein,DART_distributional,worst,observed,0.5,1.0,60,0.5,100,maj_specialist_53,balanced_39,0,0,0.013157894736842105,0.0,1.6122418211255791,76
a0.50_c1.00_n60_s0.5_L100_Iobserved,0,DART_coverage_mean,DART_coverage,worst,observed,0.5,1.0,60,0.5,100,balanced_36,balanced_39,0,0,0.023255813953488372,0.0,0.35042491355759964,43
a0.50_c1.00_n60_s0.5_L100_Iobserved,0,DART_coverage_worst,DART_coverage,worst,observed,0.5,1.0,60,0.5,100,balanced_44,balanced_39,0,0,0.09090909090909091,0.0,0.47011757785087127,11
a0.50_c1.00_n60_s0.5_L100_Iobserved,1,mean_cosine,mean_signature,mean,observed,0.5,1.0,60,0.5,100,min_specialist_0,balanced_39,0,0,0.025,0.0,1.1248195821469444,40
a0.50_c1.00_n60_s0.5_L100_Iobserved,1,mean_l2,mean_signature,mean,observed,0.5,1.0,60,0.5,100,min_specialist_19,balanced_39,0,0,0.02040816326530612,0.0,0.30283658944138736,49
a0.50_c1.00_n60_s0.5_L100_Iobserved,1,cmap_signature_match,cmap_signature,mean,observed,0.5,1.0,60,0.5,100,min_specialist_0,balanced_39,0,0,0.025,0.0,1.1248195821469444,40
a0.50_c1.00_n60_s0.5_L100_Iobserved,1,cmap_signature_reverse,cmap_signature,mean,observed,0.5,1.0,60,0.5,100,min_specialist_0,balanced_39,0,0,0.025,0.0,1.1248195821469444,40
a0.50_c1.00_n60_s0.5_L100_Iobserved,1,DART_energy,DART_distributional,mean,observed,0.5,1.0,60,0.5,100,balanced_37,balanced_39,0,0,0.02564102564102564,0.0,0.004326719725487038,39
a0.50_c1.00_n60_s0.5_L100_Iobserved,1,DART_mmd,DART_distributional,mean,observed,0.5,1.0,60,0.5,100,balanced_37,balanced_39,0,0,0.029411764705882353,0.0,0.004326719725487038,34
a0.50_c1.00_n60_s0.5_L100_Iobserved,1,DART_sliced_wasserstein,DART_distributional,mean,observed,0.5,1.0,60,0.5,100,maj_specialist_62,balanced_39,0,0,0.05,0.0,0.36484531319772273,20
a0.50_c1.00_n60_s0.5_L100_Iobserved,1,DART_coverage_mean,DART_coverage,mean,observed,0.5,1.0,60,0.5,100,balanced_37,balanced_39,0,0,0.043478260869565216,0.0,0.004326719725487038,23
a0.50_c1.00_n60_s0.5_L100_Iobserved,1,DART_coverage_worst,DART_coverage,mean,observed,0.5,1.0,60,0.5,100,balanced_37,balanced_39,0,0,0.14285714285714285,0.3333333333333333,0.004326719725487038,7
a0.50_c1.00_n60_s0.5_L100_Iobserved,1,mean_cosine,mean_signature,worst,observed,0.5,1.0,60,0.5,100,min_specialist_0,balanced_40,0,0,0.024390243902439025,0.0,5.567857276788942,41
a0.50_c1.00_n60_s0.5_L100_Iobserved,1,mean_l2,mean_signature,worst,observed,0.5,1.0,60,0.5,100,min_specialist_19,balanced_40,0,0,0.018518518518518517,0.0,2.581317905182601,54
a0.50_c1.00_n60_s0.5_L100_Iobserved,1,cmap_signature_match,cmap_signature,worst,observed,0.5,1.0,60,0.5,100,min_specialist_0,balanced_40,0,0,0.024390243902439025,0.0,5.567857276788942,41
a0.50_c1.00_n60_s0.5_L100_Iobserved,1,cmap_signature_reverse,cmap_signature,worst,observed,0.5,1.0,60,0.5,100,min_specialist_0,balanced_40,0,0,0.024390243902439025,0.0,5.567857276788942,41
a0.50_c1.00_n60_s0.5_L100_Iobserved,1,DART_energy,DART_distributional,worst,observed,0.5,1.0,60,0.5,100,balanced_37,balanced_40,0,0,0.022222222222222223,0.0,0.23217500305820238,45
a0.50_c1.00_n60_s0.5_L100_Iobserved,1,DART_mmd,DART_distributional,worst,observed,0.5,1.0,60,0.5,100,balanced_37,balanced_40,0,0,0.02564102564102564,0.0,0.23217500305820238,39
a0.50_c1.00_n60_s0.5_L100_Iobserved,1,DART_sliced_wasserstein,DART_distributional,worst,observed,0.5,1.0,60,0.5,100,maj_specialist_62,balanced_40,0,0,0.012987012987012988,0.0,2.8711744319746586,77
a0.50_c1.00_n60_s0.5_L100_Iobserved,1,DART_coverage_mean,DART_coverage,worst,observed,0.5,1.0,60,0.5,100,balanced_37,balanced_40,0,0,0.03333333333333333,0.0,0.23217500305820238,30
a0.50_c1.00_n60_s0.5_L100_Iobserved,1,DART_coverage_worst,DART_coverage,worst,observed,0.5,1.0,60,0.5,100,balanced_37,balanced_40,0,0,0.125,0.31546487678572877,0.23217500305820238,8
a0.50_c1.00_n60_s0.5_L100_Iobserved,2,mean_cosine,mean_signature,mean,observed,0.5,1.0,60,0.5,100,min_specialist_0,balanced_39,0,0,0.025,0.0,1.1248200976125773,40
a0.50_c1.00_n60_s0.5_L100_Iobserved,2,mean_l2,mean_signature,mean,observed,0.5,1.0,60,0.5,100,balanced_47,balanced_39,0,1,0.5,0.6309297535714575,0.04037768619770432,2
a0.50_c1.00_n60_s0.5_L100_Iobserved,2,cmap_signature_match,cmap_signature,mean,observed,0.5,1.0,60,0.5,100,min_specialist_0,balanced_39,0,0,0.025,0.0,1.1248200976125773,40
a0.50_c1.00_n60_s0.5_L100_Iobserved,2,cmap_signature_reverse,cmap_signature,mean,observed,0.5,1.0,60,0.5,100,min_specialist_0,balanced_39,0,0,0.025,0.0,1.1248200976125773,40
a0.50_c1.00_n60_s0.5_L100_Iobserved,2,DART_energy,DART_distributional,mean,observed,0.5,1.0,60,0.5,100,balanced_47,balanced_39,0,1,0.5,0.6309297535714575,0.04037768619770432,2
a0.50_c1.00_n60_s0.5_L100_Iobserved,2,DART_mmd,DART_distributional,mean,observed,0.5,1.0,60,0.5,100,balanced_47,balanced_39,0,1,0.5,0.6309297535714575,0.04037768619770432,2
a0.50_c1.00_n60_s0.5_L100_Iobserved,2,DART_sliced_wasserstein,DART_distributional,mean,observed,0.5,1.0,60,0.5,100,min_specialist_1,balanced_39,0,0,0.08333333333333333,0.0,1.0685782792027325,12
a0.50_c1.00_n60_s0.5_L100_Iobserved,2,DART_coverage_mean,DART_coverage,mean,observed,0.5,1.0,60,0.5,100,balanced_47,balanced_39,0,1,0.5,0.6309297535714575,0.04037768619770432,2
a0.50_c1.00_n60_s0.5_L100_Iobserved,2,DART_coverage_worst,DART_coverage,mean,observed,0.5,1.0,60,0.5,100,balanced_39,balanced_39,1,1,1.0,1.0,0.0,1
a0.50_c1.00_n60_s0.5_L100_Iobserved,2,mean_cosine,mean_signature,worst,observed,0.5,1.0,60,0.5,100,min_specialist_0,balanced_39,0,0,0.025,0.0,5.567858609021819,40
a0.50_c1.00_n60_s0.5_L100_Iobserved,2,mean_l2,mean_signature,worst,observed,0.5,1.0,60,0.5,100,balanced_47,balanced_39,0,1,0.5,0.6309297535714575,0.837846310069267,2
a0.50_c1.00_n60_s0.5_L100_Iobserved,2,cmap_signature_match,cmap_signature,worst,observed,0.5,1.0,60,0.5,100,min_specialist_0,balanced_39,0,0,0.025,0.0,5.567858609021819,40
a0.50_c1.00_n60_s0.5_L100_Iobserved,2,cmap_signature_reverse,cmap_signature,worst,observed,0.5,1.0,60,0.5,100,min_specialist_0,balanced_39,0,0,0.025,0.0,5.567858609021819,40
a0.50_c1.00_n60_s0.5_L100_Iobserved,2,DART_energy,DART_distributional,worst,observed,0.5,1.0,60,0.5,100,balanced_47,balanced_39,0,1,0.5,0.6309297535714575,0.837846310069267,2
a0.50_c1.00_n60_s0.5_L100_Iobserved,2,DART_mmd,DART_distributional,worst,observed,0.5,1.0,60,0.5,100,balanced_47,balanced_39,0,1,0.5,0.6309297535714575,0.837846310069267,2
a0.50_c1.00_n60_s0.5_L100_Iobserved,2,DART_sliced_wasserstein,DART_distributional,worst,observed,0.5,1.0,60,0.5,100,min_specialist_1,balanced_39,0,0,0.08333333333333333,0.0,5.397692017997752,12
a0.50_c1.00_n60_s0.5_L100_Iobserved,2,DART_coverage_mean,DART_coverage,worst,observed,0.5,1.0,60,0.5,100,balanced_47,balanced_39,0,1,0.5,0.6309297535714575,0.837846310069267,2
a0.50_c1.00_n60_s0.5_L100_Iobserved,2,DART_coverage_worst,DART_coverage,worst,observed,0.5,1.0,60,0.5,100,balanced_39,balanced_39,1,1,1.0,1.0,0.0,1
a0.50_c1.00_n60_s0.5_L20_Ipredicted_mean,0,mean_cosine,mean_signature,mean,predicted_mean,0.5,1.0,60,0.5,20,min_specialist_0,balanced_7,0,0,0.125,0.31546487678572877,1.1200000123553977,8
a0.50_c1.00_n60_s0.5_L20_Ipredicted_mean,0,mean_l2,mean_signature,mean,predicted_mean,0.5,1.0,60,0.5,20,maj_specialist_12,balanced_7,0,1,0.2,0.38685280723454163,0.40000008361478123,5
a0.50_c1.00_n60_s0.5_L20_Ipredicted_mean,0,cmap_signature_match,cmap_signature,mean,predicted_mean,0.5,1.0,60,0.5,20,min_specialist_0,balanced_7,0,0,0.125,0.31546487678572877,1.1200000123553977,8
a0.50_c1.00_n60_s0.5_L20_Ipredicted_mean,0,cmap_signature_reverse,cmap_signature,mean,predicted_mean,0.5,1.0,60,0.5,20,min_specialist_0,balanced_7,0,0,0.125,0.31546487678572877,1.1200000123553977,8
a0.50_c1.00_n60_s0.5_L20_Ipredicted_mean,0,DART_energy,DART_distributional,mean,predicted_mean,0.5,1.0,60,0.5,20,min_specialist_0,balanced_7,0,0,0.14285714285714285,0.3333333333333333,1.1200000123553977,7
a0.50_c1.00_n60_s0.5_L20_Ipredicted_mean,0,DART_mmd,DART_distributional,mean,predicted_mean,0.5,1.0,60,0.5,20,balanced_6,balanced_7,0,0,0.125,0.31546487678572877,0.03999983895388581,8
a0.50_c1.00_n60_s0.5_L20_Ipredicted_mean,0,DART_sliced_wasserstein,DART_distributional,mean,predicted_mean,0.5,1.0,60,0.5,20,min_specialist_2,balanced_7,0,0,0.07692307692307693,0.0,0.6000003081074325,13
a0.50_c1.00_n60_s0.5_L20_Ipredicted_mean,0,DART_coverage_mean,DART_coverage,mean,predicted_mean,0.5,1.0,60,0.5,20,min_specialist_5,balanced_7,0,0,0.08333333333333333,0.0,0.12000054700221341,12
a0.50_c1.00_n60_s0.5_L20_Ipredicted_mean,0,DART_coverage_worst,DART_coverage,mean,predicted_mean,0.5,1.0,60,0.5,20,maj_specialist_13,balanced_7,0,1,0.5,0.6309297535714575,0.6000000357981108,2
a0.50_c1.00_n60_s0.5_L20_Ipredicted_mean,0,mean_cosine,mean_signature,worst,predicted_mean,0.5,1.0,60,0.5,20,min_specialist_0,balanced_7,0,0,0.125,0.31546487678572877,5.319999930959856,8
a0.50_c1.00_n60_s0.5_L20_Ipredicted_mean,0,mean_l2,mean_signature,worst,predicted_mean,0.5,1.0,60,0.5,20,maj_specialist_12,balanced_7,0,1,0.2,0.38685280723454163,2.799999896471366,5
a0.50_c1.00_n60_s0.5_L20_Ipredicted_mean,0,cmap_signature_match,cmap_signature,worst,predicted_mean,0.5,1.0,60,0.5,20,min_specialist_0,balanced_7,0,0,0.125,0.31546487678572877,5.319999930959856,8
a0.50_c1.00_n60_s0.5_L20_Ipredicted_mean,0,cmap_signature_reverse,cmap_signature,worst,predicted_mean,0.5,1.0,60,0.5,20,min_specialist_0,balanced_7,0,0,0.125,0.31546487678572877,5.319999930959856,8
a0.50_c1.00_n60_s0.5_L20_Ipredicted_mean,0,DART_energy,DART_distributional,worst,predicted_mean,0.5,1.0,60,0.5,20,min_specialist_0,balanced_7,0,0,0.14285714285714285,0.3333333333333333,5.319999930959856,7
a0.50_c1.00_n60_s0.5_L20_Ipredicted_mean,0,DART_mmd,DART_distributional,worst,predicted_mean,0.5,1.0,60,0.5,20,balanced_6,balanced_7,0,0,0.125,0.31546487678572877,0.6399996175355227,8
a0.50_c1.00_n60_s0.5_L20_Ipredicted_mean,0,DART_sliced_wasserstein,DART_distributional,worst,predicted_mean,0.5,1.0,60,0.5,20,min_specialist_2,balanced_7,0,0,0.07692307692307693,0.0,3.6000003428728036,13
a0.50_c1.00_n60_s0.5_L20_Ipredicted_mean,0,DART_coverage_mean,DART_coverage,worst,predicted_mean,0.5,1.0,60,0.5,20,min_specialist_5,balanced_7,0,0,0.08333333333333333,0.0,1.3200006389306118,12
a0.50_c1.00_n60_s0.5_L20_Ipredicted_mean,0,DART_coverage_worst,DART_coverage,worst,predicted_mean,0.5,1.0,60,0.5,20,maj_specialist_13,balanced_7,0,1,0.5,0.6309297535714575,3.5999999417343673,2
a0.50_c1.00_n60_s0.5_L20_Ipredicted_mean,1,mean_cosine,mean_signature,mean,predicted_mean,0.5,1.0,60,0.5,20,min_specialist_0,balanced_8,0,0,0.1111111111111111,0.3010299956639812,1.1199998502593616,9
a0.50_c1.00_n60_s0.5_L20_Ipredicted_mean,1,mean_l2,mean_signature,mean,predicted_mean,0.5,1.0,60,0.5,20,maj_specialist_14,balanced_8,0,0,0.1111111111111111,0.3010299956639812,0.840000293560756,9
a0.50_c1.00_n60_s0.5_L20_Ipredicted_mean,1,cmap_signature_match,cmap_signature,mean,predicted_mean,0.5,1.0,60,0.5,20,min_specialist_0,balanced_8,0,0,0.1111111111111111,0.3010299956639812,1.1199998502593616,9
a0.50_c1.00_n60_s0.5_L20_Ipredicted_mean,1,cmap_signature_reverse,cmap_signature,mean,predicted_mean,0.5,1.0,60,0.5,20,min_specialist_0,balanced_8,0,0,0.1111111111111111,0.3010299956639812,1.1199998502593616,9
a0.50_c1.00_n60_s0.5_L20_Ipredicted_mean,1,DART_energy,DART_distributional,mean,predicted_mean,0.5,1.0,60,0.5,20,maj_specialist_11,balanced_8,0,0,0.1,0.2890648263178879,0.24000065047730956,10
a0.50_c1.00_n60_s0.5_L20_Ipredicted_mean,1,DART_mmd,DART_distributional,mean,predicted_mean,0.5,1.0,60,0.5,20,maj_specialist_11,balanced_8,0,0,0.08333333333333333,0.0,0.24000065047730956,12
a0.50_c1.00_n60_s0.5_L20_Ipredicted_mean,1,DART_sliced_wasserstein,DART_distributional,mean,predicted_mean,0.5,1.0,60,0.5,20,balanced_9,balanced_8,0,0,0.07692307692307693,0.0,0.04000032729116754,13
a0.50_c1.00_n60_s0.5_L20_Ipredicted_mean,1,DART_coverage_mean,DART_coverage,mean,predicted_mean,0.5,1.0,60,0.5,20,min_specialist_1,balanced_8,0,0,0.09090909090909091,0.0,0.8400001799477259,11
a0.50_c1.00_n60_s0.5_L20_Ipredicted_mean,1,DART_coverage_worst,DART_coverage,mean,predicted_mean,0.5,1.0,60,0.5,20,maj_specialist_11,balanced_8,0,0,0.07142857142857142,0.0,0.24000065047730956,14
a0.50_c1.00_n60_s0.5_L20_Ipredicted_mean,1,mean_cosine,mean_signature,worst,predicted_mean,0.5,1.0,60,0.5,20,min_specialist_0,balanced_8,0,0,0.1111111111111111,0.3010299956639812,5.319999488385196,9
a0.50_c1.00_n60_s0.5_L20_Ipredicted_mean,1,mean_l2,mean_signature,worst,predicted_mean,0.5,1.0,60,0.5,20,maj_specialist_14,balanced_8,0,0,0.1111111111111111,0.3010299956639812,4.440000344181708,9
a0.50_c1.00_n60_s0.5_L20_Ipredicted_mean,1,cmap_signature_match,cmap_signature,worst,predicted_mean,0.5,1.0,60,0.5,20,min_specialist_0,balanced_8,0,0,0.1111111111111111,0.3010299956639812,5.319999488385196,9
a0.50_c1.00_n60_s0.5_L20_Ipredicted_mean,1,cmap_signature_reverse,cmap_signature,worst,predicted_mean,0.5,1.0,60,0.5,20,min_specialist_0,balanced_8,0,0,0.1111111111111111,0.3010299956639812,5.319999488385196,9
a0.50_c1.00_n60_s0.5_L20_Ipredicted_mean,1,DART_energy,DART_distributional,worst,predicted_mean,0.5,1.0,60,0.5,20,maj_specialist_11,balanced_8,0,0,0.1,0.2890648263178879,2.0400007451581494,10
a0.50_c1.00_n60_s0.5_L20_Ipredicted_mean,1,DART_mmd,DART_distributional,worst,predicted_mean,0.5,1.0,60,0.5,20,maj_specialist_11,balanced_8,0,0,0.08333333333333333,0.0,2.0400007451581494,12
a0.50_c1.00_n60_s0.5_L20_Ipredicted_mean,1,DART_sliced_wasserstein,DART_distributional,worst,predicted_mean,0.5,1.0,60,0.5,20,balanced_9,balanced_8,0,0,0.07692307692307693,0.0,0.6400003294510306,13
a0.50_c1.00_n60_s0.5_L20_Ipredicted_mean,1,DART_coverage_mean,DART_coverage,worst,predicted_mean,0.5,1.0,60,0.5,20,min_specialist_1,balanced_8,0,0,0.09090909090909091,0.0,4.44000004905617,11
a0.50_c1.00_n60_s0.5_L20_Ipredicted_mean,1,DART_coverage_worst,DART_coverage,worst,predicted_mean,0.5,1.0,60,0.5,20,maj_specialist_11,balanced_8,0,0,0.07142857142857142,0.0,2.0400007451581494,14
a0.50_c1.00_n60_s0.5_L20_Ipredicted_mean,2,mean_cosine,mean_signature,mean,predicted_mean,0.5,1.0,60,0.5,20,min_specialist_0,balanced_7,0,0,0.125,0.31546487678572877,1.1200006263569833,8
a0.50_c1.00_n60_s0.5_L20_Ipredicted_mean,2,mean_l2,mean_signature,mean,predicted_mean,0.5,1.0,60,0.5,20,balanced_9,balanced_7,0,0,0.14285714285714285,0.3333333333333333,0.04000017988099103,7
a0.50_c1.00_n60_s0.5_L20_Ipredicted_mean,2,cmap_signature_match,cmap_signature,mean,predicted_mean,0.5,1.0,60,0.5,20,min_specialist_0,balanced_7,0,0,0.125,0.31546487678572877,1.1200006263569833,8
a0.50_c1.00_n60_s0.5_L20_Ipredicted_mean,2,cmap_signature_reverse,cmap_signature,mean,predicted_mean,0.5,1.0,60,0.5,20,min_specialist_0,balanced_7,0,0,0.125,0.31546487678572877,1.1200006263569833,8
a0.50_c1.00_n60_s0.5_L20_Ipredicted_mean,2,DART_energy,DART_distributional,mean,predicted_mean,0.5,1.0,60,0.5,20,balanced_9,balanced_7,0,1,0.2,0.38685280723454163,0.04000017988099103,5
a0.50_c1.00_n60_s0.5_L20_Ipredicted_mean,2,DART_mmd,DART_distributional,mean,predicted_mean,0.5,1.0,60,0.5,20,maj_specialist_12,balanced_7,0,1,0.5,0.6309297535714575,0.4000003956698954,2
a0.50_c1.00_n60_s0.5_L20_Ipredicted_mean,2,DART_sliced_wasserstein,DART_distributional,mean,predicted_mean,0.5,1.0,60,0.5,20,balanced_6,balanced_7,0,0,0.16666666666666666,0.3562071871080222,0.040000106405067015,6
a0.50_c1.00_n60_s0.5_L20_Ipredicted_mean,2,DART_coverage_mean,DART_coverage,mean,predicted_mean,0.5,1.0,60,0.5,20,maj_specialist_10,balanced_7,0,0,0.06666666666666667,0.0,0.12000041410828644,15
a0.50_c1.00_n60_s0.5_L20_Ipredicted_mean,2,DART_coverage_worst,DART_coverage,mean,predicted_mean,0.5,1.0,60,0.5,20,balanced_6,balanced_7,0,1,0.2,0.38685280723454163,0.040000106405067015,5
a0.50_c1.00_n60_s0.5_L20_Ipredicted_mean,2,mean_cosine,mean_signature,worst,predicted_mean,0.5,1.0,60,0.5,20,min_specialist_0,balanced_7,0,0,0.125,0.31546487678572877,5.320000875371971,8
a0.50_c1.00_n60_s0.5_L20_Ipredicted_mean,2,mean_l2,mean_signature,worst,predicted_mean,0.5,1.0,60,0.5,20,balanced_9,balanced_7,0,0,0.14285714285714285,0.3333333333333333,0.6400000878113872,7
a0.50_c1.00_n60_s0.5_L20_Ipredicted_mean,2,cmap_signature_match,cmap_signature,worst,predicted_mean,0.5,1.0,60,0.5,20,min_specialist_0,balanced_7,0,0,0.125,0.31546487678572877,5.320000875371971,8
a0.50_c1.00_n60_s0.5_L20_Ipredicted_mean,2,cmap_signature_reverse,cmap_signature,worst,predicted_mean,0.5,1.0,60,0.5,20,min_specialist_0,balanced_7,0,0,0.125,0.31546487678572877,5.320000875371971,8
a0.50_c1.00_n60_s0.5_L20_Ipredicted_mean,2,DART_energy,DART_distributional,worst,predicted_mean,0.5,1.0,60,0.5,20,balanced_9,balanced_7,0,1,0.2,0.38685280723454163,0.6400000878113872,5
a0.50_c1.00_n60_s0.5_L20_Ipredicted_mean,2,DART_mmd,DART_distributional,worst,predicted_mean,0.5,1.0,60,0.5,20,maj_specialist_12,balanced_7,0,1,0.5,0.6309297535714575,2.800000359828072,2
a0.50_c1.00_n60_s0.5_L20_Ipredicted_mean,2,DART_sliced_wasserstein,DART_distributional,worst,predicted_mean,0.5,1.0,60,0.5,20,balanced_6,balanced_7,0,0,0.16666666666666666,0.3562071871080222,0.639999938573304,6
a0.50_c1.00_n60_s0.5_L20_Ipredicted_mean,2,DART_coverage_mean,DART_coverage,worst,predicted_mean,0.5,1.0,60,0.5,20,maj_specialist_10,balanced_7,0,0,0.06666666666666667,0.0,1.3200005107861124,15
a0.50_c1.00_n60_s0.5_L20_Ipredicted_mean,2,DART_coverage_worst,DART_coverage,worst,predicted_mean,0.5,1.0,60,0.5,20,balanced_6,balanced_7,0,1,0.2,0.38685280723454163,0.639999938573304,5
a0.50_c1.00_n60_s0.5_L100_Ipredicted_mean,0,mean_cosine,mean_signature,mean,predicted_mean,0.5,1.0,60,0.5,100,min_specialist_0,balanced_39,0,0,0.025,0.0,1.124820087309633,40
a0.50_c1.00_n60_s0.5_L100_Ipredicted_mean,0,mean_l2,mean_signature,mean,predicted_mean,0.5,1.0,60,0.5,100,min_specialist_21,balanced_39,0,0,0.015873015873015872,0.0,0.24659541232740168,63
a0.50_c1.00_n60_s0.5_L100_Ipredicted_mean,0,cmap_signature_match,cmap_signature,mean,predicted_mean,0.5,1.0,60,0.5,100,min_specialist_0,balanced_39,0,0,0.025,0.0,1.124820087309633,40
a0.50_c1.00_n60_s0.5_L100_Ipredicted_mean,0,cmap_signature_reverse,cmap_signature,mean,predicted_mean,0.5,1.0,60,0.5,100,min_specialist_0,balanced_39,0,0,0.025,0.0,1.124820087309633,40
a0.50_c1.00_n60_s0.5_L100_Ipredicted_mean,0,DART_energy,DART_distributional,mean,predicted_mean,0.5,1.0,60,0.5,100,min_specialist_21,balanced_39,0,0,0.02127659574468085,0.0,0.24659541232740168,47
a0.50_c1.00_n60_s0.5_L100_Ipredicted_mean,0,DART_mmd,DART_distributional,mean,predicted_mean,0.5,1.0,60,0.5,100,min_specialist_23,balanced_39,0,0,0.058823529411764705,0.0,0.1961229690896502,17
a0.50_c1.00_n60_s0.5_L100_Ipredicted_mean,0,DART_sliced_wasserstein,DART_distributional,mean,predicted_mean,0.5,1.0,60,0.5,100,maj_specialist_60,balanced_39,0,0,0.013157894736842105,0.0,0.30283620685332835,76
a0.50_c1.00_n60_s0.5_L100_Ipredicted_mean,0,DART_coverage_mean,DART_coverage,mean,predicted_mean,0.5,1.0,60,0.5,100,maj_specialist_78,balanced_39,0,0,0.0196078431372549,0.0,1.0685793649773458,51
a0.50_c1.00_n60_s0.5_L100_Ipredicted_mean,0,DART_coverage_worst,DART_coverage,mean,predicted_mean,0.5,1.0,60,0.5,100,min_specialist_15,balanced_39,0,0,0.045454545454545456,0.0,0.43262347593271855,22
a0.50_c1.00_n60_s0.5_L100_Ipredicted_mean,0,mean_cosine,mean_signature,worst,predicted_mean,0.5,1.0,60,0.5,100,min_specialist_0,balanced_39,0,0,0.025,0.0,5.56785808732845,40
a0.50_c1.00_n60_s0.5_L100_Ipredicted_mean,0,mean_l2,mean_signature,worst,predicted_mean,0.5,1.0,60,0.5,100,min_specialist_21,balanced_39,0,0,0.015873015873015872,0.0,2.297228342999123,63
a0.50_c1.00_n60_s0.5_L100_Ipredicted_mean,0,cmap_signature_match,cmap_signature,worst,predicted_mean,0.5,1.0,60,0.5,100,min_specialist_0,balanced_39,0,0,0.025,0.0,5.56785808732845,40
a0.50_c1.00_n60_s0.5_L100_Ipredicted_mean,0,cmap_signature_reverse,cmap_signature,worst,predicted_mean,0.5,1.0,60,0.5,100,min_specialist_0,balanced_39,0,0,0.025,0.0,5.56785808732845,40
a0.50_c1.00_n60_s0.5_L100_Ipredicted_mean,0,DART_energy,DART_distributional,worst,predicted_mean,0.5,1.0,60,0.5,100,min_specialist_21,balanced_39,0,0,0.02127659574468085,0.0,2.297228342999123,47
a0.50_c1.00_n60_s0.5_L100_Ipredicted_mean,0,DART_mmd,DART_distributional,worst,predicted_mean,0.5,1.0,60,0.5,100,min_specialist_23,balanced_39,0,0,0.058823529411764705,0.0,2.01890785147355,17
a0.50_c1.00_n60_s0.5_L100_Ipredicted_mean,0,DART_sliced_wasserstein,DART_distributional,worst,predicted_mean,0.5,1.0,60,0.5,100,maj_specialist_60,balanced_39,0,0,0.013157894736842105,0.0,2.5813170908292804,76
a0.50_c1.00_n60_s0.5_L100_Ipredicted_mean,0,DART_coverage_mean,DART_coverage,worst,predicted_mean,0.5,1.0,60,0.5,100,maj_specialist_78,balanced_39,0,0,0.0196078431372549,0.0,5.397693517002793,51
a0.50_c1.00_n60_s0.5_L100_Ipredicted_mean,0,DART_coverage_worst,DART_coverage,worst,predicted_mean,0.5,1.0,60,0.5,100,min_specialist_15,balanced_39,0,0,0.045454545454545456,0.0,3.166800646300949,22
a0.50_c1.00_n60_s0.5_L100_Ipredicted_mean,1,mean_cosine,mean_signature,mean,predicted_mean,0.5,1.0,60,0.5,100,min_specialist_0,balanced_39,0,0,0.025,0.0,1.1248195821469444,40
a0.50_c1.00_n60_s0.5_L100_Ipredicted_mean,1,mean_l2,mean_signature,mean,predicted_mean,0.5,1.0,60,0.5,100,maj_specialist_57,balanced_39,0,0,0.027777777777777776,0.0,0.22063791747500616,36
a0.50_c1.00_n60_s0.5_L100_Ipredicted_mean,1,cmap_signature_match,cmap_signature,mean,predicted_mean,0.5,1.0,60,0.5,100,min_specialist_0,balanced_39,0,0,0.025,0.0,1.1248195821469444,40
a0.50_c1.00_n60_s0.5_L100_Ipredicted_mean,1,cmap_signature_reverse,cmap_signature,mean,predicted_mean,0.5,1.0,60,0.5,100,min_specialist_0,balanced_39,0,0,0.025,0.0,1.1248195821469444,40
a0.50_c1.00_n60_s0.5_L100_Ipredicted_mean,1,DART_energy,DART_distributional,mean,predicted_mean,0.5,1.0,60,0.5,100,maj_specialist_57,balanced_39,0,0,0.024390243902439025,0.0,0.22063791747500616,41
a0.50_c1.00_n60_s0.5_L100_Ipredicted_mean,1,DART_mmd,DART_distributional,mean,predicted_mean,0.5,1.0,60,0.5,100,maj_specialist_52,balanced_39,0,0,0.03125,0.0,0.11248181835237858,32
a0.50_c1.00_n60_s0.5_L100_Ipredicted_mean,1,DART_sliced_wasserstein,DART_distributional,mean,predicted_mean,0.5,1.0,60,0.5,100,balanced_51,balanced_39,0,0,0.043478260869565216,0.0,0.09517741887013997,23
a0.50_c1.00_n60_s0.5_L100_Ipredicted_mean,1,DART_coverage_mean,DART_coverage,mean,predicted_mean,0.5,1.0,60,0.5,100,maj_specialist_76,balanced_39,0,0,0.030303030303030304,0.0,0.9604227647520425,33
a0.50_c1.00_n60_s0.5_L100_Ipredicted_mean,1,DART_coverage_worst,DART_coverage,mean,predicted_mean,0.5,1.0,60,0.5,100,min_specialist_25,balanced_39,0,0,0.06666666666666667,0.0,0.15141797846711924,15
a0.50_c1.00_n60_s0.5_L100_Ipredicted_mean,1,mean_cosine,mean_signature,worst,predicted_mean,0.5,1.0,60,0.5,100,min_specialist_0,balanced_40,0,0,0.024390243902439025,0.0,5.567857276788942,41
a0.50_c1.00_n60_s0.5_L100_Ipredicted_mean,1,mean_l2,mean_signature,worst,predicted_mean,0.5,1.0,60,0.5,100,maj_specialist_57,balanced_40,0,0,0.04,0.0,2.157346804092054,25
a0.50_c1.00_n60_s0.5_L100_Ipredicted_mean,1,cmap_signature_match,cmap_signature,worst,predicted_mean,0.5,1.0,60,0.5,100,min_specialist_0,balanced_40,0,0,0.024390243902439025,0.0,5.567857276788942,41
a0.50_c1.00_n60_s0.5_L100_Ipredicted_mean,1,cmap_signature_reverse,cmap_signature,worst,predicted_mean,0.5,1.0,60,0.5,100,min_specialist_0,balanced_40,0,0,0.024390243902439025,0.0,5.567857276788942,41
a0.50_c1.00_n60_s0.5_L100_Ipredicted_mean,1,DART_energy,DART_distributional,worst,predicted_mean,0.5,1.0,60,0.5,100,maj_specialist_57,balanced_40,0,0,0.038461538461538464,0.0,2.157346804092054,26
a0.50_c1.00_n60_s0.5_L100_Ipredicted_mean,1,DART_mmd,DART_distributional,worst,predicted_mean,0.5,1.0,60,0.5,100,maj_specialist_52,balanced_40,0,0,0.03571428571428571,0.0,1.4795703436474597,28
a0.50_c1.00_n60_s0.5_L100_Ipredicted_mean,1,DART_sliced_wasserstein,DART_distributional,worst,predicted_mean,0.5,1.0,60,0.5,100,balanced_51,balanced_40,0,0,0.013888888888888888,0.0,1.348342058692701,72
a0.50_c1.00_n60_s0.5_L100_Ipredicted_mean,1,DART_coverage_mean,DART_coverage,worst,predicted_mean,0.5,1.0,60,0.5,100,maj_specialist_76,balanced_40,0,0,0.017543859649122806,0.0,5.061688272177648,57
a0.50_c1.00_n60_s0.5_L100_Ipredicted_mean,1,DART_coverage_worst,DART_coverage,worst,predicted_mean,0.5,1.0,60,0.5,100,min_specialist_25,balanced_40,0,0,0.058823529411764705,0.0,1.7463546612643732,17
a0.50_c1.00_n60_s0.5_L100_Ipredicted_mean,2,mean_cosine,mean_signature,mean,predicted_mean,0.5,1.0,60,0.5,100,min_specialist_0,balanced_39,0,0,0.025,0.0,1.1248200976125773,40
a0.50_c1.00_n60_s0.5_L100_Ipredicted_mean,2,mean_l2,mean_signature,mean,predicted_mean,0.5,1.0,60,0.5,100,balanced_49,balanced_39,0,0,0.1,0.2890648263178879,0.06489343019724103,10
a0.50_c1.00_n60_s0.5_L100_Ipredicted_mean,2,cmap_signature_match,cmap_signature,mean,predicted_mean,0.5,1.0,60,0.5,100,min_specialist_0,balanced_39,0,0,0.025,0.0,1.1248200976125773,40
a0.50_c1.00_n60_s0.5_L100_Ipredicted_mean,2,cmap_signature_reverse,cmap_signature,mean,predicted_mean,0.5,1.0,60,0.5,100,min_specialist_0,balanced_39,0,0,0.025,0.0,1.1248200976125773,40
a0.50_c1.00_n60_s0.5_L100_Ipredicted_mean,2,DART_energy,DART_distributional,mean,predicted_mean,0.5,1.0,60,0.5,100,balanced_44,balanced_39,0,0,0.07142857142857142,0.0,0.014420063095119673,14
a0.50_c1.00_n60_s0.5_L100_Ipredicted_mean,2,DART_mmd,DART_distributional,mean,predicted_mean,0.5,1.0,60,0.5,100,balanced_44,balanced_39,0,0,0.043478260869565216,0.0,0.014420063095119673,23
a0.50_c1.00_n60_s0.5_L100_Ipredicted_mean,2,DART_sliced_wasserstein,DART_distributional,mean,predicted_mean,0.5,1.0,60,0.5,100,min_specialist_25,balanced_39,0,0,0.08333333333333333,0.0,0.15141799658315236,12
a0.50_c1.00_n60_s0.5_L100_Ipredicted_mean,2,DART_coverage_mean,DART_coverage,mean,predicted_mean,0.5,1.0,60,0.5,100,maj_specialist_64,balanced_39,0,0,0.07692307692307693,0.0,0.43262308297468977,13
a0.50_c1.00_n60_s0.5_L100_Ipredicted_mean,2,DART_coverage_worst,DART_coverage,mean,predicted_mean,0.5,1.0,60,0.5,100,min_specialist_8,balanced_39,0,0,0.015151515151515152,0.0,0.7152699356332981,66
a0.50_c1.00_n60_s0.5_L100_Ipredicted_mean,2,mean_cosine,mean_signature,worst,predicted_mean,0.5,1.0,60,0.5,100,min_specialist_0,balanced_39,0,0,0.025,0.0,5.567858609021819,40
a0.50_c1.00_n60_s0.5_L100_Ipredicted_mean,2,mean_l2,mean_signature,worst,predicted_mean,0.5,1.0,60,0.5,100,balanced_49,balanced_39,0,0,0.1,0.2890648263178879,1.0902100726772979,10
a0.50_c1.00_n60_s0.5_L100_Ipredicted_mean,2,cmap_signature_match,cmap_signature,worst,predicted_mean,0.5,1.0,60,0.5,100,min_specialist_0,balanced_39,0,0,0.025,0.0,5.567858609021819,40
a0.50_c1.00_n60_s0.5_L100_Ipredicted_mean,2,cmap_signature_reverse,cmap_signature,worst,predicted_mean,0.5,1.0,60,0.5,100,min_specialist_0,balanced_39,0,0,0.025,0.0,5.567858609021819,40
a0.50_c1.00_n60_s0.5_L100_Ipredicted_mean,2,DART_energy,DART_distributional,worst,predicted_mean,0.5,1.0,60,0.5,100,balanced_44,balanced_39,0,0,0.07142857142857142,0.0,0.47011646542658525,14
a0.50_c1.00_n60_s0.5_L100_Ipredicted_mean,2,DART_mmd,DART_distributional,worst,predicted_mean,0.5,1.0,60,0.5,100,balanced_44,balanced_39,0,0,0.043478260869565216,0.0,0.47011646542658525,23
a0.50_c1.00_n60_s0.5_L100_Ipredicted_mean,2,DART_sliced_wasserstein,DART_distributional,worst,predicted_mean,0.5,1.0,60,0.5,100,min_specialist_25,balanced_39,0,0,0.08333333333333333,0.0,1.746354892503284,12
a0.50_c1.00_n60_s0.5_L100_Ipredicted_mean,2,DART_coverage_mean,DART_coverage,worst,predicted_mean,0.5,1.0,60,0.5,100,maj_specialist_64,balanced_39,0,0,0.07692307692307693,0.0,3.166800620623075,13
a0.50_c1.00_n60_s0.5_L100_Ipredicted_mean,2,DART_coverage_worst,DART_coverage,worst,predicted_mean,0.5,1.0,60,0.5,100,min_specialist_8,balanced_39,0,0,0.015151515151515152,0.0,4.246915646088482,66
a0.85_c0.00_n15_s0.5_L20_Iobserved,0,mean_cosine,mean_signature,mean,observed,0.85,0.0,15,0.5,20,min_specialist_0,maj_specialist_14,0,0,0.06666666666666667,0.0,1.3944908872076667e-07,15
a0.85_c0.00_n15_s0.5_L20_Iobserved,0,mean_l2,mean_signature,mean,observed,0.85,0.0,15,0.5,20,min_specialist_2,maj_specialist_14,0,0,0.1111111111111111,0.3010299956639812,3.915640149898536e-07,9
a0.85_c0.00_n15_s0.5_L20_Iobserved,0,cmap_signature_match,cmap_signature,mean,observed,0.85,0.0,15,0.5,20,min_specialist_0,maj_specialist_14,0,0,0.06666666666666667,0.0,1.3944908872076667e-07,15
a0.85_c0.00_n15_s0.5_L20_Iobserved,0,cmap_signature_reverse,cmap_signature,mean,observed,0.85,0.0,15,0.5,20,min_specialist_0,maj_specialist_14,0,0,0.06666666666666667,0.0,1.3944908872076667e-07,15
a0.85_c0.00_n15_s0.5_L20_Iobserved,0,DART_energy,DART_distributional,mean,observed,0.85,0.0,15,0.5,20,min_specialist_2,maj_specialist_14,0,0,0.09090909090909091,0.0,3.915640149898536e-07,11
a0.85_c0.00_n15_s0.5_L20_Iobserved,0,DART_mmd,DART_distributional,mean,observed,0.85,0.0,15,0.5,20,min_specialist_5,maj_specialist_14,0,0,0.07692307692307693,0.0,7.370500476611141e-07,13
a0.85_c0.00_n15_s0.5_L20_Iobserved,0,DART_sliced_wasserstein,DART_distributional,mean,observed,0.85,0.0,15,0.5,20,min_specialist_1,maj_specialist_14,0,0,0.09090909090909091,0.0,2.2973017266281204e-07,11
a0.85_c0.00_n15_s0.5_L20_Iobserved,0,DART_coverage_mean,DART_coverage,mean,observed,0.85,0.0,15,0.5,20,min_specialist_3,maj_specialist_14,0,0,0.1111111111111111,0.3010299956639812,5.695198659338985e-07,9
a0.85_c0.00_n15_s0.5_L20_Iobserved,0,DART_coverage_worst,DART_coverage,mean,observed,0.85,0.0,15,0.5,20,balanced_9,maj_specialist_14,0,1,0.5,0.6309297535714575,3.643936459241104e-07,2
a0.85_c0.00_n15_s0.5_L20_Iobserved,0,mean_cosine,mean_signature,worst,observed,0.85,0.0,15,0.5,20,min_specialist_0,maj_specialist_14,0,0,0.06666666666666667,0.0,2.672086374388982e-07,15
a0.85_c0.00_n15_s0.5_L20_Iobserved,0,mean_l2,mean_signature,worst,observed,0.85,0.0,15,0.5,20,min_specialist_2,maj_specialist_14,0,0,0.1111111111111111,0.3010299956639812,4.956648744780523e-07,9
a0.85_c0.00_n15_s0.5_L20_Iobserved,0,cmap_signature_match,cmap_signature,worst,observed,0.85,0.0,15,0.5,20,min_specialist_0,maj_specialist_14,0,0,0.06666666666666667,0.0,2.672086374388982e-07,15
a0.85_c0.00_n15_s0.5_L20_Iobserved,0,cmap_signature_reverse,cmap_signature,worst,observed,0.85,0.0,15,0.5,20,min_specialist_0,maj_specialist_14,0,0,0.06666666666666667,0.0,2.672086374388982e-07,15
a0.85_c0.00_n15_s0.5_L20_Iobserved,0,DART_energy,DART_distributional,worst,observed,0.85,0.0,15,0.5,20,min_specialist_2,maj_specialist_14,0,0,0.09090909090909091,0.0,4.956648744780523e-07,11
a0.85_c0.00_n15_s0.5_L20_Iobserved,0,DART_mmd,DART_distributional,worst,observed,0.85,0.0,15,0.5,20,min_specialist_5,maj_specialist_14,0,0,0.07692307692307693,0.0,7.115348275021915e-07,13
a0.85_c0.00_n15_s0.5_L20_Iobserved,0,DART_sliced_wasserstein,DART_distributional,worst,observed,0.85,0.0,15,0.5,20,min_specialist_1,maj_specialist_14,0,0,0.09090909090909091,0.0,2.886075911590069e-07,11
a0.85_c0.00_n15_s0.5_L20_Iobserved,0,DART_coverage_mean,DART_coverage,worst,observed,0.85,0.0,15,0.5,20,min_specialist_3,maj_specialist_14,0,0,0.1111111111111111,0.3010299956639812,5.43489178994605e-07,9
a0.85_c0.00_n15_s0.5_L20_Iobserved,0,DART_coverage_worst,DART_coverage,worst,observed,0.85,0.0,15,0.5,20,balanced_9,maj_specialist_14,0,1,0.5,0.6309297535714575,3.3591684100997554e-07,2
a0.85_c0.00_n15_s0.5_L20_Iobserved,1,mean_cosine,mean_signature,mean,observed,0.85,0.0,15,0.5,20,min_specialist_0,min_specialist_3,0,1,0.25,0.43067655807339306,2.579972253613505e-07,4
a0.85_c0.00_n15_s0.5_L20_Iobserved,1,mean_l2,mean_signature,mean,observed,0.85,0.0,15,0.5,20,balanced_8,min_specialist_3,0,0,0.08333333333333333,0.0,2.45133755072402e-07,12
a0.85_c0.00_n15_s0.5_L20_Iobserved,1,cmap_signature_match,cmap_signature,mean,observed,0.85,0.0,15,0.5,20,min_specialist_0,min_specialist_3,0,1,0.25,0.43067655807339306,2.579972253613505e-07,4
a0.85_c0.00_n15_s0.5_L20_Iobserved,1,cmap_signature_reverse,cmap_signature,mean,observed,0.85,0.0,15,0.5,20,min_specialist_0,min_specialist_3,0,1,0.25,0.43067655807339306,2.579972253613505e-07,4
a0.85_c0.00_n15_s0.5_L20_Iobserved,1,DART_energy,DART_distributional,mean,observed,0.85,0.0,15,0.5,20,balanced_8,min_specialist_3,0,0,0.08333333333333333,0.0,2.45133755072402e-07,12
a0.85_c0.00_n15_s0.5_L20_Iobserved,1,DART_mmd,DART_distributional,mean,observed,0.85,0.0,15,0.5,20,balanced_8,min_specialist_3,0,0,0.1,0.2890648263178879,2.45133755072402e-07,10
a0.85_c0.00_n15_s0.5_L20_Iobserved,1,DART_sliced_wasserstein,DART_distributional,mean,observed,0.85,0.0,15,0.5,20,balanced_8,min_specialist_3,0,0,0.07142857142857142,0.0,2.45133755072402e-07,14
a0.85_c0.00_n15_s0.5_L20_Iobserved,1,DART_coverage_mean,DART_coverage,mean,observed,0.85,0.0,15,0.5,20,maj_specialist_14,min_specialist_3,0,0,0.125,0.31546487678572877,5.765837158833165e-07,8
a0.85_c0.00_n15_s0.5_L20_Iobserved,1,DART_coverage_worst,DART_coverage,mean,observed,0.85,0.0,15,0.5,20,maj_specialist_11,min_specialist_3,0,0,0.14285714285714285,0.3333333333333333,8.027593558779245e-07,7
a0.85_c0.00_n15_s0.5_L20_Iobserved,1,mean_cosine,mean_signature,worst,observed,0.85,0.0,15,0.5,20,min_specialist_0,min_specialist_3,0,1,0.25,0.43067655807339306,3.7003190911377715e-07,4
a0.85_c0.00_n15_s0.5_L20_Iobserved,1,mean_l2,mean_signature,worst,observed,0.85,0.0,15,0.5,20,balanced_8,min_specialist_3,0,0,0.08333333333333333,0.0,2.419759184135728e-07,12
a0.85_c0.00_n15_s0.5_L20_Iobserved,1,cmap_signature_match,cmap_signature,worst,observed,0.85,0.0,15,0.5,20,min_specialist_0,min_specialist_3,0,1,0.25,0.43067655807339306,3.7003190911377715e-07,4
a0.85_c0.00_n15_s0.5_L20_Iobserved,1,cmap_signature_reverse,cmap_signature,worst,observed,0.85,0.0,15,0.5,20,min_specialist_0,min_specialist_3,0,1,0.25,0.43067655807339306,3.7003190911377715e-07,4
a0.85_c0.00_n15_s0.5_L20_Iobserved,1,DART_energy,DART_distributional,worst,observed,0.85,0.0,15,0.5,20,balanced_8,min_specialist_3,0,0,0.08333333333333333,0.0,2.419759184135728e-07,12
a0.85_c0.00_n15_s0.5_L20_Iobserved,1,DART_mmd,DART_distributional,worst,observed,0.85,0.0,15,0.5,20,balanced_8,min_specialist_3,0,0,0.1,0.2890648263178879,2.419759184135728e-07,10
a0.85_c0.00_n15_s0.5_L20_Iobserved,1,DART_sliced_wasserstein,DART_distributional,worst,observed,0.85,0.0,15,0.5,20,balanced_8,min_specialist_3,0,0,0.07142857142857142,0.0,2.419759184135728e-07,14
a0.85_c0.00_n15_s0.5_L20_Iobserved,1,DART_coverage_mean,DART_coverage,worst,observed,0.85,0.0,15,0.5,20,maj_specialist_14,min_specialist_3,0,0,0.125,0.31546487678572877,6.34293076728909e-07,8
a0.85_c0.00_n15_s0.5_L20_Iobserved,1,DART_coverage_worst,DART_coverage,worst,observed,0.85,0.0,15,0.5,20,maj_specialist_11,min_specialist_3,0,0,0.14285714285714285,0.3333333333333333,8.81927007867489e-07,7
a0.85_c0.00_n15_s0.5_L20_Iobserved,2,mean_cosine,mean_signature,mean,observed,0.85,0.0,15,0.5,20,min_specialist_0,maj_specialist_14,0,0,0.06666666666666667,0.0,6.395216338717091e-07,15
a0.85_c0.00_n15_s0.5_L20_Iobserved,2,mean_l2,mean_signature,mean,observed,0.85,0.0,15,0.5,20,maj_specialist_11,maj_specialist_14,0,0,0.06666666666666667,0.0,5.661136093237928e-07,15
a0.85_c0.00_n15_s0.5_L20_Iobserved,2,cmap_signature_match,cmap_signature,mean,observed,0.85,0.0,15,0.5,20,min_specialist_0,maj_specialist_14,0,0,0.06666666666666667,0.0,6.395216338717091e-07,15
a0.85_c0.00_n15_s0.5_L20_Iobserved,2,cmap_signature_reverse,cmap_signature,mean,observed,0.85,0.0,15,0.5,20,min_specialist_0,maj_specialist_14,0,0,0.06666666666666667,0.0,6.395216338717091e-07,15
a0.85_c0.00_n15_s0.5_L20_Iobserved,2,DART_energy,DART_distributional,mean,observed,0.85,0.0,15,0.5,20,maj_specialist_11,maj_specialist_14,0,0,0.0625,0.0,5.661136093237928e-07,16
a0.85_c0.00_n15_s0.5_L20_Iobserved,2,DART_mmd,DART_distributional,mean,observed,0.85,0.0,15,0.5,20,maj_specialist_11,maj_specialist_14,0,0,0.0625,0.0,5.661136093237928e-07,16
a0.85_c0.00_n15_s0.5_L20_Iobserved,2,DART_sliced_wasserstein,DART_distributional,mean,observed,0.85,0.0,15,0.5,20,balanced_9,maj_specialist_14,0,0,0.06666666666666667,0.0,4.7499676725237805e-07,15
a0.85_c0.00_n15_s0.5_L20_Iobserved,2,DART_coverage_mean,DART_coverage,mean,observed,0.85,0.0,15,0.5,20,balanced_7,maj_specialist_14,0,0,0.0625,0.0,3.1557406998672377e-07,16
a0.85_c0.00_n15_s0.5_L20_Iobserved,2,DART_coverage_worst,DART_coverage,mean,observed,0.85,0.0,15,0.5,20,balanced_7,maj_specialist_14,0,0,0.0625,0.0,3.1557406998672377e-07,16
a0.85_c0.00_n15_s0.5_L20_Iobserved,2,mean_cosine,mean_signature,worst,observed,0.85,0.0,15,0.5,20,min_specialist_0,maj_specialist_14,0,0,0.06666666666666667,0.0,6.368911122933696e-07,15
a0.85_c0.00_n15_s0.5_L20_Iobserved,2,mean_l2,mean_signature,worst,observed,0.85,0.0,15,0.5,20,maj_specialist_11,maj_specialist_14,0,0,0.06666666666666667,0.0,6.322069836528499e-07,15
a0.85_c0.00_n15_s0.5_L20_Iobserved,2,cmap_signature_match,cmap_signature,worst,observed,0.85,0.0,15,0.5,20,min_specialist_0,maj_specialist_14,0,0,0.06666666666666667,0.0,6.368911122933696e-07,15
a0.85_c0.00_n15_s0.5_L20_Iobserved,2,cmap_signature_reverse,cmap_signature,worst,observed,0.85,0.0,15,0.5,20,min_specialist_0,maj_specialist_14,0,0,0.06666666666666667,0.0,6.368911122933696e-07,15
a0.85_c0.00_n15_s0.5_L20_Iobserved,2,DART_energy,DART_distributional,worst,observed,0.85,0.0,15,0.5,20,maj_specialist_11,maj_specialist_14,0,0,0.0625,0.0,6.322069836528499e-07,16
a0.85_c0.00_n15_s0.5_L20_Iobserved,2,DART_mmd,DART_distributional,worst,observed,0.85,0.0,15,0.5,20,maj_specialist_11,maj_specialist_14,0,0,0.0625,0.0,6.322069836528499e-07,16
a0.85_c0.00_n15_s0.5_L20_Iobserved,2,DART_sliced_wasserstein,DART_distributional,worst,observed,0.85,0.0,15,0.5,20,balanced_9,maj_specialist_14,0,0,0.06666666666666667,0.0,4.905904376073522e-07,15
a0.85_c0.00_n15_s0.5_L20_Iobserved,2,DART_coverage_mean,DART_coverage,worst,observed,0.85,0.0,15,0.5,20,balanced_7,maj_specialist_14,0,0,0.0625,0.0,3.172579745580606e-07,16
a0.85_c0.00_n15_s0.5_L20_Iobserved,2,DART_coverage_worst,DART_coverage,worst,observed,0.85,0.0,15,0.5,20,balanced_7,maj_specialist_14,0,0,0.0625,0.0,3.172579745580606e-07,16
a0.85_c0.00_n15_s0.5_L100_Iobserved,0,mean_cosine,mean_signature,mean,observed,0.85,0.0,15,0.5,100,min_specialist_0,maj_specialist_62,0,0,0.015873015873015872,0.0,5.063506058888834e-07,63
a0.85_c0.00_n15_s0.5_L100_Iobserved,0,mean_l2,mean_signature,mean,observed,0.85,0.0,15,0.5,100,maj_specialist_78,maj_specialist_62,0,0,0.03225806451612903,0.0,7.7207129933754e-07,31
a0.85_c0.00_n15_s0.5_L100_Iobserved,0,cmap_signature_match,cmap_signature,mean,observed,0.85,0.0,15,0.5,100,min_specialist_0,maj_specialist_62,0,0,0.015873015873015872,0.0,5.063506058888834e-07,63
a0.85_c0.00_n15_s0.5_L100_Iobserved,0,cmap_signature_reverse,cmap_signature,mean,observed,0.85,0.0,15,0.5,100,min_specialist_0,maj_specialist_62,0,0,0.015873015873015872,0.0,5.063506058888834e-07,63
a0.85_c0.00_n15_s0.5_L100_Iobserved,0,DART_energy,DART_distributional,mean,observed,0.85,0.0,15,0.5,100,maj_specialist_78,maj_specialist_62,0,0,0.024390243902439025,0.0,7.7207129933754e-07,41
a0.85_c0.00_n15_s0.5_L100_Iobserved,0,DART_mmd,DART_distributional,mean,observed,0.85,0.0,15,0.5,100,balanced_40,maj_specialist_62,0,0,0.014925373134328358,0.0,4.205657369027449e-07,67
a0.85_c0.00_n15_s0.5_L100_Iobserved,0,DART_sliced_wasserstein,DART_distributional,mean,observed,0.85,0.0,15,0.5,100,balanced_40,maj_specialist_62,0,0,0.08333333333333333,0.0,4.205657369027449e-07,12
a0.85_c0.00_n15_s0.5_L100_Iobserved,0,DART_coverage_mean,DART_coverage,mean,observed,0.85,0.0,15,0.5,100,balanced_40,maj_specialist_62,0,0,0.013513513513513514,0.0,4.205657369027449e-07,74
a0.85_c0.00_n15_s0.5_L100_Iobserved,0,DART_coverage_worst,DART_coverage,mean,observed,0.85,0.0,15,0.5,100,balanced_40,maj_specialist_62,0,0,0.017857142857142856,0.0,4.205657369027449e-07,56
a0.85_c0.00_n15_s0.5_L100_Iobserved,0,mean_cosine,mean_signature,worst,observed,0.85,0.0,15,0.5,100,min_specialist_0,maj_specialist_62,0,0,0.015873015873015872,0.0,6.698310706099164e-07,63
a0.85_c0.00_n15_s0.5_L100_Iobserved,0,mean_l2,mean_signature,worst,observed,0.85,0.0,15,0.5,100,maj_specialist_78,maj_specialist_62,0,0,0.03225806451612903,0.0,7.740905800801556e-07,31
a0.85_c0.00_n15_s0.5_L100_Iobserved,0,cmap_signature_match,cmap_signature,worst,observed,0.85,0.0,15,0.5,100,min_specialist_0,maj_specialist_62,0,0,0.015873015873015872,0.0,6.698310706099164e-07,63
a0.85_c0.00_n15_s0.5_L100_Iobserved,0,cmap_signature_reverse,cmap_signature,worst,observed,0.85,0.0,15,0.5,100,min_specialist_0,maj_specialist_62,0,0,0.015873015873015872,0.0,6.698310706099164e-07,63
a0.85_c0.00_n15_s0.5_L100_Iobserved,0,DART_energy,DART_distributional,worst,observed,0.85,0.0,15,0.5,100,maj_specialist_78,maj_specialist_62,0,0,0.024390243902439025,0.0,7.740905800801556e-07,41
a0.85_c0.00_n15_s0.5_L100_Iobserved,0,DART_mmd,DART_distributional,worst,observed,0.85,0.0,15,0.5,100,balanced_40,maj_specialist_62,0,0,0.014925373134328358,0.0,5.817017836307059e-07,67
a0.85_c0.00_n15_s0.5_L100_Iobserved,0,DART_sliced_wasserstein,DART_distributional,worst,observed,0.85,0.0,15,0.5,100,balanced_40,maj_specialist_62,0,0,0.08333333333333333,0.0,5.817017836307059e-07,12
a0.85_c0.00_n15_s0.5_L100_Iobserved,0,DART_coverage_mean,DART_coverage,worst,observed,0.85,0.0,15,0.5,100,balanced_40,maj_specialist_62,0,0,0.013513513513513514,0.0,5.817017836307059e-07,74
a0.85_c0.00_n15_s0.5_L100_Iobserved,0,DART_coverage_worst,DART_coverage,worst,observed,0.85,0.0,15,0.5,100,balanced_40,maj_specialist_62,0,0,0.017857142857142856,0.0,5.817017836307059e-07,56
a0.85_c0.00_n15_s0.5_L100_Iobserved,1,mean_cosine,mean_signature,mean,observed,0.85,0.0,15,0.5,100,min_specialist_0,balanced_30,0,0,0.03225806451612903,0.0,2.8031294618813263e-07,31
a0.85_c0.00_n15_s0.5_L100_Iobserved,1,mean_l2,mean_signature,mean,observed,0.85,0.0,15,0.5,100,min_specialist_27,balanced_30,0,0,0.02702702702702703,0.0,7.706981151045511e-07,37
a0.85_c0.00_n15_s0.5_L100_Iobserved,1,cmap_signature_match,cmap_signature,mean,observed,0.85,0.0,15,0.5,100,min_specialist_0,balanced_30,0,0,0.03225806451612903,0.0,2.8031294618813263e-07,31
a0.85_c0.00_n15_s0.5_L100_Iobserved,1,cmap_signature_reverse,cmap_signature,mean,observed,0.85,0.0,15,0.5,100,min_specialist_0,balanced_30,0,0,0.03225806451612903,0.0,2.8031294618813263e-07,31
a0.85_c0.00_n15_s0.5_L100_Iobserved,1,DART_energy,DART_distributional,mean,observed,0.85,0.0,15,0.5,100,min_specialist_8,balanced_30,0,0,0.025,0.0,2.674494758991841e-07,40
a0.85_c0.00_n15_s0.5_L100_Iobserved,1,DART_mmd,DART_distributional,mean,observed,0.85,0.0,15,0.5,100,min_specialist_8,balanced_30,0,0,0.0196078431372549,0.0,2.674494758991841e-07,51
a0.85_c0.00_n15_s0.5_L100_Iobserved,1,DART_sliced_wasserstein,DART_distributional,mean,observed,0.85,0.0,15,0.5,100,min_specialist_27,balanced_30,0,0,0.013888888888888888,0.0,7.706981151045511e-07,72
a0.85_c0.00_n15_s0.5_L100_Iobserved,1,DART_coverage_mean,DART_coverage,mean,observed,0.85,0.0,15,0.5,100,min_specialist_27,balanced_30,0,0,0.01282051282051282,0.0,7.706981151045511e-07,78
a0.85_c0.00_n15_s0.5_L100_Iobserved,1,DART_coverage_worst,DART_coverage,mean,observed,0.85,0.0,15,0.5,100,maj_specialist_69,balanced_30,0,0,0.016129032258064516,0.0,2.6375587935945077e-08,62
a0.85_c0.00_n15_s0.5_L100_Iobserved,1,mean_cosine,mean_signature,worst,observed,0.85,0.0,15,0.5,100,min_specialist_0,min_specialist_3,0,1,0.25,0.43067655807339306,3.7003190911377715e-07,4
a0.85_c0.00_n15_s0.5_L100_Iobserved,1,mean_l2,mean_signature,worst,observed,0.85,0.0,15,0.5,100,min_specialist_27,min_specialist_3,0,0,0.016666666666666666,0.0,7.589393185014615e-07,60
a0.85_c0.00_n15_s0.5_L100_Iobserved,1,cmap_signature_match,cmap_signature,worst,observed,0.85,0.0,15,0.5,100,min_specialist_0,min_specialist_3,0,1,0.25,0.43067655807339306,3.7003190911377715e-07,4
a0.85_c0.00_n15_s0.5_L100_Iobserved,1,cmap_signature_reverse,cmap_signature,worst,observed,0.85,0.0,15,0.5,100,min_specialist_0,min_specialist_3,0,1,0.25,0.43067655807339306,3.7003190911377715e-07,4
a0.85_c0.00_n15_s0.5_L100_Iobserved,1,DART_energy,DART_distributional,worst,observed,0.85,0.0,15,0.5,100,min_specialist_8,min_specialist_3,0,0,0.022222222222222223,0.0,2.419759184135728e-07,45
a0.85_c0.00_n15_s0.5_L100_Iobserved,1,DART_mmd,DART_distributional,worst,observed,0.85,0.0,15,0.5,100,min_specialist_8,min_specialist_3,0,0,0.09090909090909091,0.0,2.419759184135728e-07,11
a0.85_c0.00_n15_s0.5_L100_Iobserved,1,DART_sliced_wasserstein,DART_distributional,worst,observed,0.85,0.0,15,0.5,100,min_specialist_27,min_specialist_3,0,0,0.017857142857142856,0.0,7.589393185014615e-07,56
a0.85_c0.00_n15_s0.5_L100_Iobserved,1,DART_coverage_mean,DART_coverage,worst,observed,0.85,0.0,15,0.5,100,min_specialist_27,min_specialist_3,0,1,0.3333333333333333,0.5,7.589393185014615e-07,3
a0.85_c0.00_n15_s0.5_L100_Iobserved,1,DART_coverage_worst,DART_coverage,worst,observed,0.85,0.0,15,0.5,100,maj_specialist_69,min_specialist_3,0,0,0.047619047619047616,0.0,1.5250786944420724e-07,21
a0.85_c0.00_n15_s0.5_L100_Iobserved,2,mean_cosine,mean_signature,mean,observed,0.85,0.0,15,0.5,100,min_specialist_0,maj_specialist_61,0,0,0.016129032258064516,0.0,1.073285325503548e-06,62
a0.85_c0.00_n15_s0.5_L100_Iobserved,2,mean_l2,mean_signature,mean,observed,0.85,0.0,15,0.5,100,balanced_31,maj_specialist_61,0,0,0.06666666666666667,0.0,1.0981208191651604e-06,15
a0.85_c0.00_n15_s0.5_L100_Iobserved,2,cmap_signature_match,cmap_signature,mean,observed,0.85,0.0,15,0.5,100,min_specialist_0,maj_specialist_61,0,0,0.016129032258064516,0.0,1.073285325503548e-06,62
a0.85_c0.00_n15_s0.5_L100_Iobserved,2,cmap_signature_reverse,cmap_signature,mean,observed,0.85,0.0,15,0.5,100,min_specialist_0,maj_specialist_61,0,0,0.016129032258064516,0.0,1.073285325503548e-06,62
a0.85_c0.00_n15_s0.5_L100_Iobserved,2,DART_energy,DART_distributional,mean,observed,0.85,0.0,15,0.5,100,balanced_31,maj_specialist_61,0,0,0.045454545454545456,0.0,1.0981208191651604e-06,22
a0.85_c0.00_n15_s0.5_L100_Iobserved,2,DART_mmd,DART_distributional,mean,observed,0.85,0.0,15,0.5,100,maj_specialist_54,maj_specialist_61,0,0,0.017543859649122806,0.0,8.527457957541174e-07,57
a0.85_c0.00_n15_s0.5_L100_Iobserved,2,DART_sliced_wasserstein,DART_distributional,mean,observed,0.85,0.0,15,0.5,100,balanced_31,maj_specialist_61,0,0,0.07692307692307693,0.0,1.0981208191651604e-06,13
a0.85_c0.00_n15_s0.5_L100_Iobserved,2,DART_coverage_mean,DART_coverage,mean,observed,0.85,0.0,15,0.5,100,balanced_32,maj_specialist_61,0,0,0.02,0.0,1.031457298239502e-06,50
a0.85_c0.00_n15_s0.5_L100_Iobserved,2,DART_coverage_worst,DART_coverage,mean,observed,0.85,0.0,15,0.5,100,balanced_40,maj_specialist_61,0,0,0.05555555555555555,0.0,1.0738644746766113e-06,18
a0.85_c0.00_n15_s0.5_L100_Iobserved,2,mean_cosine,mean_signature,worst,observed,0.85,0.0,15,0.5,100,min_specialist_0,maj_specialist_61,0,0,0.016129032258064516,0.0,8.024909128323543e-07,62
a0.85_c0.00_n15_s0.5_L100_Iobserved,2,mean_l2,mean_signature,worst,observed,0.85,0.0,15,0.5,100,balanced_31,maj_specialist_61,0,0,0.06666666666666667,0.0,8.237049051729173e-07,15
a0.85_c0.00_n15_s0.5_L100_Iobserved,2,cmap_signature_match,cmap_signature,worst,observed,0.85,0.0,15,0.5,100,min_specialist_0,maj_specialist_61,0,0,0.016129032258064516,0.0,8.024909128323543e-07,62
a0.85_c0.00_n15_s0.5_L100_Iobserved,2,cmap_signature_reverse,cmap_signature,worst,observed,0.85,0.0,15,0.5,100,min_specialist_0,maj_specialist_61,0,0,0.016129032258064516,0.0,8.024909128323543e-07,62
a0.85_c0.00_n15_s0.5_L100_Iobserved,2,DART_energy,DART_distributional,worst,observed,0.85,0.0,15,0.5,100,balanced_31,maj_specialist_61,0,0,0.045454545454545456,0.0,8.237049051729173e-07,22
a0.85_c0.00_n15_s0.5_L100_Iobserved,2,DART_mmd,DART_distributional,worst,observed,0.85,0.0,15,0.5,100,maj_specialist_54,maj_specialist_61,0,0,0.017543859649122806,0.0,6.00607215517357e-07,57
a0.85_c0.00_n15_s0.5_L100_Iobserved,2,DART_sliced_wasserstein,DART_distributional,worst,observed,0.85,0.0,15,0.5,100,balanced_31,maj_specialist_61,0,0,0.07692307692307693,0.0,8.237049051729173e-07,13
a0.85_c0.00_n15_s0.5_L100_Iobserved,2,DART_coverage_mean,DART_coverage,worst,observed,0.85,0.0,15,0.5,100,balanced_32,maj_specialist_61,0,0,0.02,0.0,8.332295671209522e-07,50
a0.85_c0.00_n15_s0.5_L100_Iobserved,2,DART_coverage_worst,DART_coverage,worst,observed,0.85,0.0,15,0.5,100,balanced_40,maj_specialist_61,0,0,0.05555555555555555,0.0,7.908923009836144e-07,18
a0.85_c0.00_n15_s0.5_L20_Ipredicted_mean,0,mean_cosine,mean_signature,mean,predicted_mean,0.85,0.0,15,0.5,20,min_specialist_0,maj_specialist_14,0,0,0.06666666666666667,0.0,1.3944908872076667e-07,15
a0.85_c0.00_n15_s0.5_L20_Ipredicted_mean,0,mean_l2,mean_signature,mean,predicted_mean,0.85,0.0,15,0.5,20,min_specialist_2,maj_specialist_14,0,0,0.09090909090909091,0.0,3.915640149898536e-07,11
a0.85_c0.00_n15_s0.5_L20_Ipredicted_mean,0,cmap_signature_match,cmap_signature,mean,predicted_mean,0.85,0.0,15,0.5,20,min_specialist_0,maj_specialist_14,0,0,0.06666666666666667,0.0,1.3944908872076667e-07,15
a0.85_c0.00_n15_s0.5_L20_Ipredicted_mean,0,cmap_signature_reverse,cmap_signature,mean,predicted_mean,0.85,0.0,15,0.5,20,min_specialist_0,maj_specialist_14,0,0,0.06666666666666667,0.0,1.3944908872076667e-07,15
a0.85_c0.00_n15_s0.5_L20_Ipredicted_mean,0,DART_energy,DART_distributional,mean,predicted_mean,0.85,0.0,15,0.5,20,min_specialist_2,maj_specialist_14,0,0,0.09090909090909091,0.0,3.915640149898536e-07,11
a0.85_c0.00_n15_s0.5_L20_Ipredicted_mean,0,DART_mmd,DART_distributional,mean,predicted_mean,0.85,0.0,15,0.5,20,min_specialist_2,maj_specialist_14,0,0,0.1,0.2890648263178879,3.915640149898536e-07,10
a0.85_c0.00_n15_s0.5_L20_Ipredicted_mean,0,DART_sliced_wasserstein,DART_distributional,mean,predicted_mean,0.85,0.0,15,0.5,20,maj_specialist_15,maj_specialist_14,0,0,0.16666666666666666,0.3562071871080222,6.827710627987926e-07,6
a0.85_c0.00_n15_s0.5_L20_Ipredicted_mean,0,DART_coverage_mean,DART_coverage,mean,predicted_mean,0.85,0.0,15,0.5,20,min_specialist_2,maj_specialist_14,0,0,0.1111111111111111,0.3010299956639812,3.915640149898536e-07,9
a0.85_c0.00_n15_s0.5_L20_Ipredicted_mean,0,DART_coverage_worst,DART_coverage,mean,predicted_mean,0.85,0.0,15,0.5,20,balanced_6,maj_specialist_14,0,1,0.25,0.43067655807339306,3.550453442358048e-08,4
a0.85_c0.00_n15_s0.5_L20_Ipredicted_mean,0,mean_cosine,mean_signature,worst,predicted_mean,0.85,0.0,15,0.5,20,min_specialist_0,maj_specialist_14,0,0,0.06666666666666667,0.0,2.672086374388982e-07,15
a0.85_c0.00_n15_s0.5_L20_Ipredicted_mean,0,mean_l2,mean_signature,worst,predicted_mean,0.85,0.0,15,0.5,20,min_specialist_2,maj_specialist_14,0,0,0.09090909090909091,0.0,4.956648744780523e-07,11
a0.85_c0.00_n15_s0.5_L20_Ipredicted_mean,0,cmap_signature_match,cmap_signature,worst,predicted_mean,0.85,0.0,15,0.5,20,min_specialist_0,maj_specialist_14,0,0,0.06666666666666667,0.0,2.672086374388982e-07,15
a0.85_c0.00_n15_s0.5_L20_Ipredicted_mean,0,cmap_signature_reverse,cmap_signature,worst,predicted_mean,0.85,0.0,15,0.5,20,min_specialist_0,maj_specialist_14,0,0,0.06666666666666667,0.0,2.672086374388982e-07,15
a0.85_c0.00_n15_s0.5_L20_Ipredicted_mean,0,DART_energy,DART_distributional,worst,predicted_mean,0.85,0.0,15,0.5,20,min_specialist_2,maj_specialist_14,0,0,0.09090909090909091,0.0,4.956648744780523e-07,11
a0.85_c0.00_n15_s0.5_L20_Ipredicted_mean,0,DART_mmd,DART_distributional,worst,predicted_mean,0.85,0.0,15,0.5,20,min_specialist_2,maj_specialist_14,0,0,0.1,0.2890648263178879,4.956648744780523e-07,10
a0.85_c0.00_n15_s0.5_L20_Ipredicted_mean,0,DART_sliced_wasserstein,DART_distributional,worst,predicted_mean,0.85,0.0,15,0.5,20,maj_specialist_15,maj_specialist_14,0,0,0.16666666666666666,0.3562071871080222,7.030731374868537e-07,6
a0.85_c0.00_n15_s0.5_L20_Ipredicted_mean,0,DART_coverage_mean,DART_coverage,worst,predicted_mean,0.85,0.0,15,0.5,20,min_specialist_2,maj_specialist_14,0,0,0.1111111111111111,0.3010299956639812,4.956648744780523e-07,9
a0.85_c0.00_n15_s0.5_L20_Ipredicted_mean,0,DART_coverage_worst,DART_coverage,worst,predicted_mean,0.85,0.0,15,0.5,20,balanced_6,maj_specialist_14,0,1,0.25,0.43067655807339306,6.276795971871252e-08,4
a0.85_c0.00_n15_s0.5_L20_Ipredicted_mean,1,mean_cosine,mean_signature,mean,predicted_mean,0.85,0.0,15,0.5,20,min_specialist_0,min_specialist_3,0,1,0.25,0.43067655807339306,2.579972253613505e-07,4
a0.85_c0.00_n15_s0.5_L20_Ipredicted_mean,1,mean_l2,mean_signature,mean,predicted_mean,0.85,0.0,15,0.5,20,balanced_8,min_specialist_3,0,0,0.08333333333333333,0.0,2.45133755072402e-07,12
a0.85_c0.00_n15_s0.5_L20_Ipredicted_mean,1,cmap_signature_match,cmap_signature,mean,predicted_mean,0.85,0.0,15,0.5,20,min_specialist_0,min_specialist_3,0,1,0.25,0.43067655807339306,2.579972253613505e-07,4
a0.85_c0.00_n15_s0.5_L20_Ipredicted_mean,1,cmap_signature_reverse,cmap_signature,mean,predicted_mean,0.85,0.0,15,0.5,20,min_specialist_0,min_specialist_3,0,1,0.25,0.43067655807339306,2.579972253613505e-07,4
a0.85_c0.00_n15_s0.5_L20_Ipredicted_mean,1,DART_energy,DART_distributional,mean,predicted_mean,0.85,0.0,15,0.5,20,balanced_8,min_specialist_3,0,0,0.08333333333333333,0.0,2.45133755072402e-07,12
a0.85_c0.00_n15_s0.5_L20_Ipredicted_mean,1,DART_mmd,DART_distributional,mean,predicted_mean,0.85,0.0,15,0.5,20,balanced_8,min_specialist_3,0,0,0.08333333333333333,0.0,2.45133755072402e-07,12
a0.85_c0.00_n15_s0.5_L20_Ipredicted_mean,1,DART_sliced_wasserstein,DART_distributional,mean,predicted_mean,0.85,0.0,15,0.5,20,balanced_8,min_specialist_3,0,0,0.07142857142857142,0.0,2.45133755072402e-07,14
a0.85_c0.00_n15_s0.5_L20_Ipredicted_mean,1,DART_coverage_mean,DART_coverage,mean,predicted_mean,0.85,0.0,15,0.5,20,maj_specialist_12,min_specialist_3,0,1,0.2,0.38685280723454163,8.169145147007839e-07,5
a0.85_c0.00_n15_s0.5_L20_Ipredicted_mean,1,DART_coverage_worst,DART_coverage,mean,predicted_mean,0.85,0.0,15,0.5,20,maj_specialist_12,min_specialist_3,0,1,0.5,0.6309297535714575,8.169145147007839e-07,2
a0.85_c0.00_n15_s0.5_L20_Ipredicted_mean,1,mean_cosine,mean_signature,worst,predicted_mean,0.85,0.0,15,0.5,20,min_specialist_0,min_specialist_3,0,1,0.25,0.43067655807339306,3.7003190911377715e-07,4
a0.85_c0.00_n15_s0.5_L20_Ipredicted_mean,1,mean_l2,mean_signature,worst,predicted_mean,0.85,0.0,15,0.5,20,balanced_8,min_specialist_3,0,0,0.08333333333333333,0.0,2.419759184135728e-07,12
a0.85_c0.00_n15_s0.5_L20_Ipredicted_mean,1,cmap_signature_match,cmap_signature,worst,predicted_mean,0.85,0.0,15,0.5,20,min_specialist_0,min_specialist_3,0,1,0.25,0.43067655807339306,3.7003190911377715e-07,4
a0.85_c0.00_n15_s0.5_L20_Ipredicted_mean,1,cmap_signature_reverse,cmap_signature,worst,predicted_mean,0.85,0.0,15,0.5,20,min_specialist_0,min_specialist_3,0,1,0.25,0.43067655807339306,3.7003190911377715e-07,4
a0.85_c0.00_n15_s0.5_L20_Ipredicted_mean,1,DART_energy,DART_distributional,worst,predicted_mean,0.85,0.0,15,0.5,20,balanced_8,min_specialist_3,0,0,0.08333333333333333,0.0,2.419759184135728e-07,12
a0.85_c0.00_n15_s0.5_L20_Ipredicted_mean,1,DART_mmd,DART_distributional,worst,predicted_mean,0.85,0.0,15,0.5,20,balanced_8,min_specialist_3,0,0,0.08333333333333333,0.0,2.419759184135728e-07,12
a0.85_c0.00_n15_s0.5_L20_Ipredicted_mean,1,DART_sliced_wasserstein,DART_distributional,worst,predicted_mean,0.85,0.0,15,0.5,20,balanced_8,min_specialist_3,0,0,0.07142857142857142,0.0,2.419759184135728e-07,14
a0.85_c0.00_n15_s0.5_L20_Ipredicted_mean,1,DART_coverage_mean,DART_coverage,worst,predicted_mean,0.85,0.0,15,0.5,20,maj_specialist_12,min_specialist_3,0,1,0.2,0.38685280723454163,9.233861604229787e-07,5
a0.85_c0.00_n15_s0.5_L20_Ipredicted_mean,1,DART_coverage_worst,DART_coverage,worst,predicted_mean,0.85,0.0,15,0.5,20,maj_specialist_12,min_specialist_3,0,1,0.5,0.6309297535714575,9.233861604229787e-07,2
a0.85_c0.00_n15_s0.5_L20_Ipredicted_mean,2,mean_cosine,mean_signature,mean,predicted_mean,0.85,0.0,15,0.5,20,min_specialist_0,maj_specialist_14,0,0,0.06666666666666667,0.0,6.395216338717091e-07,15
a0.85_c0.00_n15_s0.5_L20_Ipredicted_mean,2,mean_l2,mean_signature,mean,predicted_mean,0.85,0.0,15,0.5,20,maj_specialist_11,maj_specialist_14,0,0,0.16666666666666666,0.3562071871080222,5.661136093237928e-07,6
a0.85_c0.00_n15_s0.5_L20_Ipredicted_mean,2,cmap_signature_match,cmap_signature,mean,predicted_mean,0.85,0.0,15,0.5,20,min_specialist_0,maj_specialist_14,0,0,0.06666666666666667,0.0,6.395216338717091e-07,15
a0.85_c0.00_n15_s0.5_L20_Ipredicted_mean,2,cmap_signature_reverse,cmap_signature,mean,predicted_mean,0.85,0.0,15,0.5,20,min_specialist_0,maj_specialist_14,0,0,0.06666666666666667,0.0,6.395216338717091e-07,15
a0.85_c0.00_n15_s0.5_L20_Ipredicted_mean,2,DART_energy,DART_distributional,mean,predicted_mean,0.85,0.0,15,0.5,20,maj_specialist_11,maj_specialist_14,0,0,0.1111111111111111,0.3010299956639812,5.661136093237928e-07,9
a0.85_c0.00_n15_s0.5_L20_Ipredicted_mean,2,DART_mmd,DART_distributional,mean,predicted_mean,0.85,0.0,15,0.5,20,maj_specialist_11,maj_specialist_14,0,0,0.07692307692307693,0.0,5.661136093237928e-07,13
a0.85_c0.00_n15_s0.5_L20_Ipredicted_mean,2,DART_sliced_wasserstein,DART_distributional,mean,predicted_mean,0.85,0.0,15,0.5,20,maj_specialist_12,maj_specialist_14,0,0,0.1111111111111111,0.3010299956639812,4.93835027981504e-07,9
a0.85_c0.00_n15_s0.5_L20_Ipredicted_mean,2,DART_coverage_mean,DART_coverage,mean,predicted_mean,0.85,0.0,15,0.5,20,maj_specialist_12,maj_specialist_14,0,0,0.1,0.2890648263178879,4.93835027981504e-07,10
a0.85_c0.00_n15_s0.5_L20_Ipredicted_mean,2,DART_coverage_worst,DART_coverage,mean,predicted_mean,0.85,0.0,15,0.5,20,min_specialist_3,maj_specialist_14,0,0,0.1,0.2890648263178879,7.426179244873765e-07,10
a0.85_c0.00_n15_s0.5_L20_Ipredicted_mean,2,mean_cosine,mean_signature,worst,predicted_mean,0.85,0.0,15,0.5,20,min_specialist_0,maj_specialist_14,0,0,0.06666666666666667,0.0,6.368911122933696e-07,15
a0.85_c0.00_n15_s0.5_L20_Ipredicted_mean,2,mean_l2,mean_signature,worst,predicted_mean,0.85,0.0,15,0.5,20,maj_specialist_11,maj_specialist_14,0,0,0.16666666666666666,0.3562071871080222,6.322069836528499e-07,6
a0.85_c0.00_n15_s0.5_L20_Ipredicted_mean,2,cmap_signature_match,cmap_signature,worst,predicted_mean,0.85,0.0,15,0.5,20,min_specialist_0,maj_specialist_14,0,0,0.06666666666666667,0.0,6.368911122933696e-07,15
a0.85_c0.00_n15_s0.5_L20_Ipredicted_mean,2,cmap_signature_reverse,cmap_signature,worst,predicted_mean,0.85,0.0,15,0.5,20,min_specialist_0,maj_specialist_14,0,0,0.06666666666666667,0.0,6.368911122933696e-07,15
a0.85_c0.00_n15_s0.5_L20_Ipredicted_mean,2,DART_energy,DART_distributional,worst,predicted_mean,0.85,0.0,15,0.5,20,maj_specialist_11,maj_specialist_14,0,0,0.1111111111111111,0.3010299956639812,6.322069836528499e-07,9
a0.85_c0.00_n15_s0.5_L20_Ipredicted_mean,2,DART_mmd,DART_distributional,worst,predicted_mean,0.85,0.0,15,0.5,20,maj_specialist_11,maj_specialist_14,0,0,0.07692307692307693,0.0,6.322069836528499e-07,13
a0.85_c0.00_n15_s0.5_L20_Ipredicted_mean,2,DART_sliced_wasserstein,DART_distributional,worst,predicted_mean,0.85,0.0,15,0.5,20,maj_specialist_12,maj_specialist_14,0,0,0.1111111111111111,0.3010299956639812,5.855622760009283e-07,9
a0.85_c0.00_n15_s0.5_L20_Ipredicted_mean,2,DART_coverage_mean,DART_coverage,worst,predicted_mean,0.85,0.0,15,0.5,20,maj_specialist_12,maj_specialist_14,0,0,0.1,0.2890648263178879,5.855622760009283e-07,10
a0.85_c0.00_n15_s0.5_L20_Ipredicted_mean,2,DART_coverage_worst,DART_coverage,worst,predicted_mean,0.85,0.0,15,0.5,20,min_specialist_3,maj_specialist_14,0,0,0.1,0.2890648263178879,7.448063215065304e-07,10
a0.85_c0.00_n15_s0.5_L100_Ipredicted_mean,0,mean_cosine,mean_signature,mean,predicted_mean,0.85,0.0,15,0.5,100,min_specialist_0,maj_specialist_62,0,0,0.015873015873015872,0.0,5.063506058888834e-07,63
a0.85_c0.00_n15_s0.5_L100_Ipredicted_mean,0,mean_l2,mean_signature,mean,predicted_mean,0.85,0.0,15,0.5,100,min_specialist_21,maj_specialist_62,0,0,0.03571428571428571,0.0,5.326156333751442e-07,28
a0.85_c0.00_n15_s0.5_L100_Ipredicted_mean,0,cmap_signature_match,cmap_signature,mean,predicted_mean,0.85,0.0,15,0.5,100,min_specialist_0,maj_specialist_62,0,0,0.015873015873015872,0.0,5.063506058888834e-07,63
a0.85_c0.00_n15_s0.5_L100_Ipredicted_mean,0,cmap_signature_reverse,cmap_signature,mean,predicted_mean,0.85,0.0,15,0.5,100,min_specialist_0,maj_specialist_62,0,0,0.015873015873015872,0.0,5.063506058888834e-07,63
a0.85_c0.00_n15_s0.5_L100_Ipredicted_mean,0,DART_energy,DART_distributional,mean,predicted_mean,0.85,0.0,15,0.5,100,min_specialist_21,maj_specialist_62,0,0,0.03571428571428571,0.0,5.326156333751442e-07,28
a0.85_c0.00_n15_s0.5_L100_Ipredicted_mean,0,DART_mmd,DART_distributional,mean,predicted_mean,0.85,0.0,15,0.5,100,min_specialist_2,maj_specialist_62,0,0,0.030303030303030304,0.0,7.584655321579703e-07,33
a0.85_c0.00_n15_s0.5_L100_Ipredicted_mean,0,DART_sliced_wasserstein,DART_distributional,mean,predicted_mean,0.85,0.0,15,0.5,100,maj_specialist_58,maj_specialist_62,0,0,0.1,0.2890648263178879,2.4781481755553614e-07,10
a0.85_c0.00_n15_s0.5_L100_Ipredicted_mean,0,DART_coverage_mean,DART_coverage,mean,predicted_mean,0.85,0.0,15,0.5,100,min_specialist_8,maj_specialist_62,0,0,0.013888888888888888,0.0,8.752640319187321e-07,72
a0.85_c0.00_n15_s0.5_L100_Ipredicted_mean,0,DART_coverage_worst,DART_coverage,mean,predicted_mean,0.85,0.0,15,0.5,100,min_specialist_8,maj_specialist_62,0,0,0.014084507042253521,0.0,8.752640319187321e-07,71
a0.85_c0.00_n15_s0.5_L100_Ipredicted_mean,0,mean_cosine,mean_signature,worst,predicted_mean,0.85,0.0,15,0.5,100,min_specialist_0,maj_specialist_62,0,0,0.015873015873015872,0.0,6.698310706099164e-07,63
a0.85_c0.00_n15_s0.5_L100_Ipredicted_mean,0,mean_l2,mean_signature,worst,predicted_mean,0.85,0.0,15,0.5,100,min_specialist_21,maj_specialist_62,0,0,0.03571428571428571,0.0,6.587824472603643e-07,28
a0.85_c0.00_n15_s0.5_L100_Ipredicted_mean,0,cmap_signature_match,cmap_signature,worst,predicted_mean,0.85,0.0,15,0.5,100,min_specialist_0,maj_specialist_62,0,0,0.015873015873015872,0.0,6.698310706099164e-07,63
a0.85_c0.00_n15_s0.5_L100_Ipredicted_mean,0,cmap_signature_reverse,cmap_signature,worst,predicted_mean,0.85,0.0,15,0.5,100,min_specialist_0,maj_specialist_62,0,0,0.015873015873015872,0.0,6.698310706099164e-07,63
a0.85_c0.00_n15_s0.5_L100_Ipredicted_mean,0,DART_energy,DART_distributional,worst,predicted_mean,0.85,0.0,15,0.5,100,min_specialist_21,maj_specialist_62,0,0,0.03571428571428571,0.0,6.587824472603643e-07,28
a0.85_c0.00_n15_s0.5_L100_Ipredicted_mean,0,DART_mmd,DART_distributional,worst,predicted_mean,0.85,0.0,15,0.5,100,min_specialist_2,maj_specialist_62,0,0,0.030303030303030304,0.0,8.982873076490705e-07,33
a0.85_c0.00_n15_s0.5_L100_Ipredicted_mean,0,DART_sliced_wasserstein,DART_distributional,worst,predicted_mean,0.85,0.0,15,0.5,100,maj_specialist_58,maj_specialist_62,0,0,0.1,0.2890648263178879,4.600742755656029e-07,10
a0.85_c0.00_n15_s0.5_L100_Ipredicted_mean,0,DART_coverage_mean,DART_coverage,worst,predicted_mean,0.85,0.0,15,0.5,100,min_specialist_8,maj_specialist_62,0,0,0.013888888888888888,0.0,1.1057943964942751e-06,72
a0.85_c0.00_n15_s0.5_L100_Ipredicted_mean,0,DART_coverage_worst,DART_coverage,worst,predicted_mean,0.85,0.0,15,0.5,100,min_specialist_8,maj_specialist_62,0,0,0.014084507042253521,0.0,1.1057943964942751e-06,71
a0.85_c0.00_n15_s0.5_L100_Ipredicted_mean,1,mean_cosine,mean_signature,mean,predicted_mean,0.85,0.0,15,0.5,100,min_specialist_0,balanced_30,0,0,0.03225806451612903,0.0,2.8031294618813263e-07,31
a0.85_c0.00_n15_s0.5_L100_Ipredicted_mean,1,mean_l2,mean_signature,mean,predicted_mean,0.85,0.0,15,0.5,100,balanced_43,balanced_30,0,0,0.058823529411764705,0.0,4.552569414784102e-07,17
a0.85_c0.00_n15_s0.5_L100_Ipredicted_mean,1,cmap_signature_match,cmap_signature,mean,predicted_mean,0.85,0.0,15,0.5,100,min_specialist_0,balanced_30,0,0,0.03225806451612903,0.0,2.8031294618813263e-07,31
a0.85_c0.00_n15_s0.5_L100_Ipredicted_mean,1,cmap_signature_reverse,cmap_signature,mean,predicted_mean,0.85,0.0,15,0.5,100,min_specialist_0,balanced_30,0,0,0.03225806451612903,0.0,2.8031294618813263e-07,31
a0.85_c0.00_n15_s0.5_L100_Ipredicted_mean,1,DART_energy,DART_distributional,mean,predicted_mean,0.85,0.0,15,0.5,100,balanced_43,balanced_30,0,0,0.06666666666666667,0.0,4.552569414784102e-07,15
a0.85_c0.00_n15_s0.5_L100_Ipredicted_mean,1,DART_mmd,DART_distributional,mean,predicted_mean,0.85,0.0,15,0.5,100,maj_specialist_59,balanced_30,0,0,0.06666666666666667,0.0,6.021336389494536e-07,15
a0.85_c0.00_n15_s0.5_L100_Ipredicted_mean,1,DART_sliced_wasserstein,DART_distributional,mean,predicted_mean,0.85,0.0,15,0.5,100,balanced_43,balanced_30,0,0,0.017857142857142856,0.0,4.552569414784102e-07,56
a0.85_c0.00_n15_s0.5_L100_Ipredicted_mean,1,DART_coverage_mean,DART_coverage,mean,predicted_mean,0.85,0.0,15,0.5,100,maj_specialist_53,balanced_30,0,0,0.012987012987012988,0.0,2.5367712908064277e-07,77
a0.85_c0.00_n15_s0.5_L100_Ipredicted_mean,1,DART_coverage_worst,DART_coverage,mean,predicted_mean,0.85,0.0,15,0.5,100,maj_specialist_53,balanced_30,0,0,0.013157894736842105,0.0,2.5367712908064277e-07,76
a0.85_c0.00_n15_s0.5_L100_Ipredicted_mean,1,mean_cosine,mean_signature,worst,predicted_mean,0.85,0.0,15,0.5,100,min_specialist_0,min_specialist_3,0,1,0.25,0.43067655807339306,3.7003190911377715e-07,4
a0.85_c0.00_n15_s0.5_L100_Ipredicted_mean,1,mean_l2,mean_signature,worst,predicted_mean,0.85,0.0,15,0.5,100,balanced_43,min_specialist_3,0,0,0.013888888888888888,0.0,4.448227990394571e-07,72
a0.85_c0.00_n15_s0.5_L100_Ipredicted_mean,1,cmap_signature_match,cmap_signature,worst,predicted_mean,0.85,0.0,15,0.5,100,min_specialist_0,min_specialist_3,0,1,0.25,0.43067655807339306,3.7003190911377715e-07,4
a0.85_c0.00_n15_s0.5_L100_Ipredicted_mean,1,cmap_signature_reverse,cmap_signature,worst,predicted_mean,0.85,0.0,15,0.5,100,min_specialist_0,min_specialist_3,0,1,0.25,0.43067655807339306,3.7003190911377715e-07,4
a0.85_c0.00_n15_s0.5_L100_Ipredicted_mean,1,DART_energy,DART_distributional,worst,predicted_mean,0.85,0.0,15,0.5,100,balanced_43,min_specialist_3,0,0,0.013513513513513514,0.0,4.448227990394571e-07,74
a0.85_c0.00_n15_s0.5_L100_Ipredicted_mean,1,DART_mmd,DART_distributional,worst,predicted_mean,0.85,0.0,15,0.5,100,maj_specialist_59,min_specialist_3,0,0,0.013333333333333334,0.0,6.283192242051427e-07,75
a0.85_c0.00_n15_s0.5_L100_Ipredicted_mean,1,DART_sliced_wasserstein,DART_distributional,worst,predicted_mean,0.85,0.0,15,0.5,100,balanced_43,min_specialist_3,0,0,0.015873015873015872,0.0,4.448227990394571e-07,63
a0.85_c0.00_n15_s0.5_L100_Ipredicted_mean,1,DART_coverage_mean,DART_coverage,worst,predicted_mean,0.85,0.0,15,0.5,100,maj_specialist_53,min_specialist_3,0,0,0.0136986301369863,0.0,2.3984675934229926e-07,73
a0.85_c0.00_n15_s0.5_L100_Ipredicted_mean,1,DART_coverage_worst,DART_coverage,worst,predicted_mean,0.85,0.0,15,0.5,100,maj_specialist_53,min_specialist_3,0,0,0.024390243902439025,0.0,2.3984675934229926e-07,41
a0.85_c0.00_n15_s0.5_L100_Ipredicted_mean,2,mean_cosine,mean_signature,mean,predicted_mean,0.85,0.0,15,0.5,100,min_specialist_0,maj_specialist_61,0,0,0.016129032258064516,0.0,1.073285325503548e-06,62
a0.85_c0.00_n15_s0.5_L100_Ipredicted_mean,2,mean_l2,mean_signature,mean,predicted_mean,0.85,0.0,15,0.5,100,balanced_31,maj_specialist_61,0,0,0.08333333333333333,0.0,1.0981208191651604e-06,12
a0.85_c0.00_n15_s0.5_L100_Ipredicted_mean,2,cmap_signature_match,cmap_signature,mean,predicted_mean,0.85,0.0,15,0.5,100,min_specialist_0,maj_specialist_61,0,0,0.016129032258064516,0.0,1.073285325503548e-06,62
a0.85_c0.00_n15_s0.5_L100_Ipredicted_mean,2,cmap_signature_reverse,cmap_signature,mean,predicted_mean,0.85,0.0,15,0.5,100,min_specialist_0,maj_specialist_61,0,0,0.016129032258064516,0.0,1.073285325503548e-06,62
a0.85_c0.00_n15_s0.5_L100_Ipredicted_mean,2,DART_energy,DART_distributional,mean,predicted_mean,0.85,0.0,15,0.5,100,balanced_31,maj_specialist_61,0,0,0.08333333333333333,0.0,1.0981208191651604e-06,12
a0.85_c0.00_n15_s0.5_L100_Ipredicted_mean,2,DART_mmd,DART_distributional,mean,predicted_mean,0.85,0.0,15,0.5,100,balanced_31,maj_specialist_61,0,0,0.125,0.31546487678572877,1.0981208191651604e-06,8
a0.85_c0.00_n15_s0.5_L100_Ipredicted_mean,2,DART_sliced_wasserstein,DART_distributional,mean,predicted_mean,0.85,0.0,15,0.5,100,balanced_31,maj_specialist_61,0,0,0.16666666666666666,0.3562071871080222,1.0981208191651604e-06,6
a0.85_c0.00_n15_s0.5_L100_Ipredicted_mean,2,DART_coverage_mean,DART_coverage,mean,predicted_mean,0.85,0.0,15,0.5,100,balanced_47,maj_specialist_61,0,0,0.021739130434782608,0.0,6.057178154605936e-07,46
a0.85_c0.00_n15_s0.5_L100_Ipredicted_mean,2,DART_coverage_worst,DART_coverage,mean,predicted_mean,0.85,0.0,15,0.5,100,maj_specialist_59,maj_specialist_61,0,0,0.015873015873015872,0.0,9.563523661881845e-07,63
a0.85_c0.00_n15_s0.5_L100_Ipredicted_mean,2,mean_cosine,mean_signature,worst,predicted_mean,0.85,0.0,15,0.5,100,min_specialist_0,maj_specialist_61,0,0,0.016129032258064516,0.0,8.024909128323543e-07,62
a0.85_c0.00_n15_s0.5_L100_Ipredicted_mean,2,mean_l2,mean_signature,worst,predicted_mean,0.85,0.0,15,0.5,100,balanced_31,maj_specialist_61,0,0,0.08333333333333333,0.0,8.237049051729173e-07,12
a0.85_c0.00_n15_s0.5_L100_Ipredicted_mean,2,cmap_signature_match,cmap_signature,worst,predicted_mean,0.85,0.0,15,0.5,100,min_specialist_0,maj_specialist_61,0,0,0.016129032258064516,0.0,8.024909128323543e-07,62
a0.85_c0.00_n15_s0.5_L100_Ipredicted_mean,2,cmap_signature_reverse,cmap_signature,worst,predicted_mean,0.85,0.0,15,0.5,100,min_specialist_0,maj_specialist_61,0,0,0.016129032258064516,0.0,8.024909128323543e-07,62
a0.85_c0.00_n15_s0.5_L100_Ipredicted_mean,2,DART_energy,DART_distributional,worst,predicted_mean,0.85,0.0,15,0.5,100,balanced_31,maj_specialist_61,0,0,0.08333333333333333,0.0,8.237049051729173e-07,12
a0.85_c0.00_n15_s0.5_L100_Ipredicted_mean,2,DART_mmd,DART_distributional,worst,predicted_mean,0.85,0.0,15,0.5,100,balanced_31,maj_specialist_61,0,0,0.125,0.31546487678572877,8.237049051729173e-07,8
a0.85_c0.00_n15_s0.5_L100_Ipredicted_mean,2,DART_sliced_wasserstein,DART_distributional,worst,predicted_mean,0.85,0.0,15,0.5,100,balanced_31,maj_specialist_61,0,0,0.16666666666666666,0.3562071871080222,8.237049051729173e-07,6
a0.85_c0.00_n15_s0.5_L100_Ipredicted_mean,2,DART_coverage_mean,DART_coverage,worst,predicted_mean,0.85,0.0,15,0.5,100,balanced_47,maj_specialist_61,0,0,0.021739130434782608,0.0,3.4235837986784645e-07,46
a0.85_c0.00_n15_s0.5_L100_Ipredicted_mean,2,DART_coverage_worst,DART_coverage,worst,predicted_mean,0.85,0.0,15,0.5,100,maj_specialist_59,maj_specialist_61,0,0,0.015873015873015872,0.0,6.785393793506955e-07,63
a0.85_c0.50_n15_s0.5_L20_Iobserved,0,mean_cosine,mean_signature,mean,observed,0.85,0.5,15,0.5,20,min_specialist_0,maj_specialist_15,0,0,0.0625,0.0,3.14999967604496,16
a0.85_c0.50_n15_s0.5_L20_Iobserved,0,mean_l2,mean_signature,mean,observed,0.85,0.5,15,0.5,20,min_specialist_2,maj_specialist_15,0,1,0.2,0.38685280723454163,2.600000191424133,5
a0.85_c0.50_n15_s0.5_L20_Iobserved,0,cmap_signature_match,cmap_signature,mean,observed,0.85,0.5,15,0.5,20,min_specialist_0,maj_specialist_15,0,0,0.0625,0.0,3.14999967604496,16
a0.85_c0.50_n15_s0.5_L20_Iobserved,0,cmap_signature_reverse,cmap_signature,mean,observed,0.85,0.5,15,0.5,20,min_specialist_0,maj_specialist_15,0,0,0.0625,0.0,3.14999967604496,16
a0.85_c0.50_n15_s0.5_L20_Iobserved,0,DART_energy,DART_distributional,mean,observed,0.85,0.5,15,0.5,20,min_specialist_5,maj_specialist_15,0,1,0.25,0.43067655807339306,1.8500002629041354,4
a0.85_c0.50_n15_s0.5_L20_Iobserved,0,DART_mmd,DART_distributional,mean,observed,0.85,0.5,15,0.5,20,maj_specialist_13,maj_specialist_15,0,1,0.5,0.6309297535714575,0.2900000284778681,2
a0.85_c0.50_n15_s0.5_L20_Iobserved,0,DART_sliced_wasserstein,DART_distributional,mean,observed,0.85,0.5,15,0.5,20,maj_specialist_15,maj_specialist_15,1,1,1.0,1.0,0.0,1
a0.85_c0.50_n15_s0.5_L20_Iobserved,0,DART_coverage_mean,DART_coverage,mean,observed,0.85,0.5,15,0.5,20,min_specialist_3,maj_specialist_15,0,0,0.1111111111111111,0.3010299956639812,2.3400000418719884,9
a0.85_c0.50_n15_s0.5_L20_Iobserved,0,DART_coverage_worst,DART_coverage,mean,observed,0.85,0.5,15,0.5,20,min_specialist_3,maj_specialist_15,0,0,0.0625,0.0,2.3400000418719884,16
a0.85_c0.50_n15_s0.5_L20_Iobserved,0,mean_cosine,mean_signature,worst,observed,0.85,0.5,15,0.5,20,min_specialist_0,balanced_7,0,0,0.125,0.31546487678572877,2.3799995698850616,8
a0.85_c0.50_n15_s0.5_L20_Iobserved,0,mean_l2,mean_signature,worst,observed,0.85,0.5,15,0.5,20,min_specialist_2,balanced_7,0,0,0.07692307692307693,0.0,1.6500000993469932,13
a0.85_c0.50_n15_s0.5_L20_Iobserved,0,cmap_signature_match,cmap_signature,worst,observed,0.85,0.5,15,0.5,20,min_specialist_0,balanced_7,0,0,0.125,0.31546487678572877,2.3799995698850616,8
a0.85_c0.50_n15_s0.5_L20_Iobserved,0,cmap_signature_reverse,cmap_signature,worst,observed,0.85,0.5,15,0.5,20,min_specialist_0,balanced_7,0,0,0.125,0.31546487678572877,2.3799995698850616,8
a0.85_c0.50_n15_s0.5_L20_Iobserved,0,DART_energy,DART_distributional,worst,observed,0.85,0.5,15,0.5,20,min_specialist_5,balanced_7,0,0,0.07142857142857142,0.0,0.6300001757133273,14
a0.85_c0.50_n15_s0.5_L20_Iobserved,0,DART_mmd,DART_distributional,worst,observed,0.85,0.5,15,0.5,20,maj_specialist_13,balanced_7,0,0,0.07692307692307693,0.0,1.6499997736720111,13
a0.85_c0.50_n15_s0.5_L20_Iobserved,0,DART_sliced_wasserstein,DART_distributional,worst,observed,0.85,0.5,15,0.5,20,maj_specialist_15,balanced_7,0,0,0.0625,0.0,2.3800000965601242,16
a0.85_c0.50_n15_s0.5_L20_Iobserved,0,DART_coverage_mean,DART_coverage,worst,observed,0.85,0.5,15,0.5,20,min_specialist_3,balanced_7,0,0,0.0625,0.0,1.2999999014568928,16
a0.85_c0.50_n15_s0.5_L20_Iobserved,0,DART_coverage_worst,DART_coverage,worst,observed,0.85,0.5,15,0.5,20,min_specialist_3,balanced_7,0,0,0.08333333333333333,0.0,1.2999999014568928,12
a0.85_c0.50_n15_s0.5_L20_Iobserved,1,mean_cosine,mean_signature,mean,observed,0.85,0.5,15,0.5,20,min_specialist_0,maj_specialist_15,0,0,0.0625,0.0,3.1499999590776877,16
a0.85_c0.50_n15_s0.5_L20_Iobserved,1,mean_l2,mean_signature,mean,observed,0.85,0.5,15,0.5,20,balanced_8,maj_specialist_15,0,0,0.16666666666666666,0.3562071871080222,1.1899994465439878,6
a0.85_c0.50_n15_s0.5_L20_Iobserved,1,cmap_signature_match,cmap_signature,mean,observed,0.85,0.5,15,0.5,20,min_specialist_0,maj_specialist_15,0,0,0.0625,0.0,3.1499999590776877,16
a0.85_c0.50_n15_s0.5_L20_Iobserved,1,cmap_signature_reverse,cmap_signature,mean,observed,0.85,0.5,15,0.5,20,min_specialist_0,maj_specialist_15,0,0,0.0625,0.0,3.1499999590776877,16
a0.85_c0.50_n15_s0.5_L20_Iobserved,1,DART_energy,DART_distributional,mean,observed,0.85,0.5,15,0.5,20,balanced_8,maj_specialist_15,0,1,0.2,0.38685280723454163,1.1899994465439878,5
a0.85_c0.50_n15_s0.5_L20_Iobserved,1,DART_mmd,DART_distributional,mean,observed,0.85,0.5,15,0.5,20,maj_specialist_14,maj_specialist_15,0,1,0.5,0.6309297535714575,0.1399999747914631,2
a0.85_c0.50_n15_s0.5_L20_Iobserved,1,DART_sliced_wasserstein,DART_distributional,mean,observed,0.85,0.5,15,0.5,20,balanced_8,maj_specialist_15,0,0,0.16666666666666666,0.3562071871080222,1.1899994465439878,6
a0.85_c0.50_n15_s0.5_L20_Iobserved,1,DART_coverage_mean,DART_coverage,mean,observed,0.85,0.5,15,0.5,20,balanced_6,maj_specialist_15,0,0,0.1,0.2890648263178879,1.6199996882312409,10
a0.85_c0.50_n15_s0.5_L20_Iobserved,1,DART_coverage_worst,DART_coverage,mean,observed,0.85,0.5,15,0.5,20,min_specialist_3,maj_specialist_15,0,0,0.0625,0.0,2.339998907203027,16
a0.85_c0.50_n15_s0.5_L20_Iobserved,1,mean_cosine,mean_signature,worst,observed,0.85,0.5,15,0.5,20,min_specialist_0,balanced_8,0,0,0.1111111111111111,0.3010299956639812,2.380000370037699,9
a0.85_c0.50_n15_s0.5_L20_Iobserved,1,mean_l2,mean_signature,worst,observed,0.85,0.5,15,0.5,20,balanced_8,balanced_8,1,1,1.0,1.0,0.0,1
a0.85_c0.50_n15_s0.5_L20_Iobserved,1,cmap_signature_match,cmap_signature,worst,observed,0.85,0.5,15,0.5,20,min_specialist_0,balanced_8,0,0,0.1111111111111111,0.3010299956639812,2.380000370037699,9
a0.85_c0.50_n15_s0.5_L20_Iobserved,1,cmap_signature_reverse,cmap_signature,worst,observed,0.85,0.5,15,0.5,20,min_specialist_0,balanced_8,0,0,0.1111111111111111,0.3010299956639812,2.380000370037699,9
a0.85_c0.50_n15_s0.5_L20_Iobserved,1,DART_energy,DART_distributional,worst,observed,0.85,0.5,15,0.5,20,balanced_8,balanced_8,1,1,1.0,1.0,0.0,1
a0.85_c0.50_n15_s0.5_L20_Iobserved,1,DART_mmd,DART_distributional,worst,observed,0.85,0.5,15,0.5,20,maj_specialist_14,balanced_8,0,1,0.3333333333333333,0.5,2.010000327399439,3
a0.85_c0.50_n15_s0.5_L20_Iobserved,1,DART_sliced_wasserstein,DART_distributional,worst,observed,0.85,0.5,15,0.5,20,balanced_8,balanced_8,1,1,1.0,1.0,0.0,1
a0.85_c0.50_n15_s0.5_L20_Iobserved,1,DART_coverage_mean,DART_coverage,worst,observed,0.85,0.5,15,0.5,20,balanced_6,balanced_8,0,1,0.2,0.38685280723454163,0.3100000220904491,5
a0.85_c0.50_n15_s0.5_L20_Iobserved,1,DART_coverage_worst,DART_coverage,worst,observed,0.85,0.5,15,0.5,20,min_specialist_3,balanced_8,0,0,0.16666666666666666,0.3562071871080222,1.299999177433122,6
a0.85_c0.50_n15_s0.5_L20_Iobserved,2,mean_cosine,mean_signature,mean,observed,0.85,0.5,15,0.5,20,min_specialist_0,maj_specialist_15,0,0,0.0625,0.0,3.1500002309782094,16
a0.85_c0.50_n15_s0.5_L20_Iobserved,2,mean_l2,mean_signature,mean,observed,0.85,0.5,15,0.5,20,maj_specialist_11,maj_specialist_15,0,0,0.07692307692307693,0.0,0.6200000294857606,13
a0.85_c0.50_n15_s0.5_L20_Iobserved,2,cmap_signature_match,cmap_signature,mean,observed,0.85,0.5,15,0.5,20,min_specialist_0,maj_specialist_15,0,0,0.0625,0.0,3.1500002309782094,16
a0.85_c0.50_n15_s0.5_L20_Iobserved,2,cmap_signature_reverse,cmap_signature,mean,observed,0.85,0.5,15,0.5,20,min_specialist_0,maj_specialist_15,0,0,0.0625,0.0,3.1500002309782094,16
a0.85_c0.50_n15_s0.5_L20_Iobserved,2,DART_energy,DART_distributional,mean,observed,0.85,0.5,15,0.5,20,maj_specialist_11,maj_specialist_15,0,0,0.1111111111111111,0.3010299956639812,0.6200000294857606,9
a0.85_c0.50_n15_s0.5_L20_Iobserved,2,DART_mmd,DART_distributional,mean,observed,0.85,0.5,15,0.5,20,maj_specialist_11,maj_specialist_15,0,1,0.2,0.38685280723454163,0.6200000294857606,5
a0.85_c0.50_n15_s0.5_L20_Iobserved,2,DART_sliced_wasserstein,DART_distributional,mean,observed,0.85,0.5,15,0.5,20,balanced_9,maj_specialist_15,0,0,0.1111111111111111,0.3010299956639812,0.989999765871497,9
a0.85_c0.50_n15_s0.5_L20_Iobserved,2,DART_coverage_mean,DART_coverage,mean,observed,0.85,0.5,15,0.5,20,balanced_7,maj_specialist_15,0,0,0.07692307692307693,0.0,1.3999997008468466,13
a0.85_c0.50_n15_s0.5_L20_Iobserved,2,DART_coverage_worst,DART_coverage,mean,observed,0.85,0.5,15,0.5,20,balanced_7,maj_specialist_15,0,0,0.06666666666666667,0.0,1.3999997008468466,15
a0.85_c0.50_n15_s0.5_L20_Iobserved,2,mean_cosine,mean_signature,worst,observed,0.85,0.5,15,0.5,20,min_specialist_0,balanced_7,0,0,0.125,0.31546487678572877,2.3800005296806255,8
a0.85_c0.50_n15_s0.5_L20_Iobserved,2,mean_l2,mean_signature,worst,observed,0.85,0.5,15,0.5,20,maj_specialist_11,balanced_7,0,1,0.25,0.43067655807339306,0.9600003680017295,4
a0.85_c0.50_n15_s0.5_L20_Iobserved,2,cmap_signature_match,cmap_signature,worst,observed,0.85,0.5,15,0.5,20,min_specialist_0,balanced_7,0,0,0.125,0.31546487678572877,2.3800005296806255,8
a0.85_c0.50_n15_s0.5_L20_Iobserved,2,cmap_signature_reverse,cmap_signature,worst,observed,0.85,0.5,15,0.5,20,min_specialist_0,balanced_7,0,0,0.125,0.31546487678572877,2.3800005296806255,8
a0.85_c0.50_n15_s0.5_L20_Iobserved,2,DART_energy,DART_distributional,worst,observed,0.85,0.5,15,0.5,20,maj_specialist_11,balanced_7,0,1,0.25,0.43067655807339306,0.9600003680017295,4
a0.85_c0.50_n15_s0.5_L20_Iobserved,2,DART_mmd,DART_distributional,worst,observed,0.85,0.5,15,0.5,20,maj_specialist_11,balanced_7,0,0,0.14285714285714285,0.3333333333333333,0.9600003680017295,7
a0.85_c0.50_n15_s0.5_L20_Iobserved,2,DART_sliced_wasserstein,DART_distributional,worst,observed,0.85,0.5,15,0.5,20,balanced_9,balanced_7,0,0,0.16666666666666666,0.3562071871080222,0.31000012623152884,6
a0.85_c0.50_n15_s0.5_L20_Iobserved,2,DART_coverage_mean,DART_coverage,worst,observed,0.85,0.5,15,0.5,20,balanced_7,balanced_7,1,1,1.0,1.0,0.0,1
a0.85_c0.50_n15_s0.5_L20_Iobserved,2,DART_coverage_worst,DART_coverage,worst,observed,0.85,0.5,15,0.5,20,balanced_7,balanced_7,1,1,1.0,1.0,0.0,1
a0.85_c0.50_n15_s0.5_L100_Iobserved,0,mean_cosine,mean_signature,mean,observed,0.85,0.5,15,0.5,100,min_specialist_0,maj_specialist_79,0,0,0.0125,0.0,3.1499995716941545,80
a0.85_c0.50_n15_s0.5_L100_Iobserved,0,mean_l2,mean_signature,mean,observed,0.85,0.5,15,0.5,100,maj_specialist_78,maj_specialist_79,0,0,0.037037037037037035,0.0,0.02581317139358319,27
a0.85_c0.50_n15_s0.5_L100_Iobserved,0,cmap_signature_match,cmap_signature,mean,observed,0.85,0.5,15,0.5,100,min_specialist_0,maj_specialist_79,0,0,0.0125,0.0,3.1499995716941545,80
a0.85_c0.50_n15_s0.5_L100_Iobserved,0,cmap_signature_reverse,cmap_signature,mean,observed,0.85,0.5,15,0.5,100,min_specialist_0,maj_specialist_79,0,0,0.0125,0.0,3.1499995716941545,80
a0.85_c0.50_n15_s0.5_L100_Iobserved,0,DART_energy,DART_distributional,mean,observed,0.85,0.5,15,0.5,100,maj_specialist_78,maj_specialist_79,0,0,0.06666666666666667,0.0,0.02581317139358319,15
a0.85_c0.50_n15_s0.5_L100_Iobserved,0,DART_mmd,DART_distributional,mean,observed,0.85,0.5,15,0.5,100,maj_specialist_78,maj_specialist_79,0,1,0.2,0.38685280723454163,0.02581317139358319,5
a0.85_c0.50_n15_s0.5_L100_Iobserved,0,DART_sliced_wasserstein,DART_distributional,mean,observed,0.85,0.5,15,0.5,100,balanced_40,maj_specialist_79,0,0,0.027777777777777776,0.0,1.2738581196428616,36
a0.85_c0.50_n15_s0.5_L100_Iobserved,0,DART_coverage_mean,DART_coverage,mean,observed,0.85,0.5,15,0.5,100,balanced_40,maj_specialist_79,0,0,0.022222222222222223,0.0,1.2738581196428616,45
a0.85_c0.50_n15_s0.5_L100_Iobserved,0,DART_coverage_worst,DART_coverage,mean,observed,0.85,0.5,15,0.5,100,balanced_37,maj_specialist_79,0,0,0.013157894736842105,0.0,1.3945599204763877,76
a0.85_c0.50_n15_s0.5_L100_Iobserved,0,mean_cosine,mean_signature,worst,observed,0.85,0.5,15,0.5,100,min_specialist_0,balanced_39,0,0,0.025,0.0,2.502723970678119,40
a0.85_c0.50_n15_s0.5_L100_Iobserved,0,mean_l2,mean_signature,worst,observed,0.85,0.5,15,0.5,100,maj_specialist_78,balanced_39,0,0,0.02702702702702703,0.0,2.43170232891665,37
a0.85_c0.50_n15_s0.5_L100_Iobserved,0,cmap_signature_match,cmap_signature,worst,observed,0.85,0.5,15,0.5,100,min_specialist_0,balanced_39,0,0,0.025,0.0,2.502723970678119,40
a0.85_c0.50_n15_s0.5_L100_Iobserved,0,cmap_signature_reverse,cmap_signature,worst,observed,0.85,0.5,15,0.5,100,min_specialist_0,balanced_39,0,0,0.025,0.0,2.502723970678119,40
a0.85_c0.50_n15_s0.5_L100_Iobserved,0,DART_energy,DART_distributional,worst,observed,0.85,0.5,15,0.5,100,maj_specialist_78,balanced_39,0,0,0.02702702702702703,0.0,2.43170232891665,37
a0.85_c0.50_n15_s0.5_L100_Iobserved,0,DART_mmd,DART_distributional,worst,observed,0.85,0.5,15,0.5,100,maj_specialist_78,balanced_39,0,0,0.027777777777777776,0.0,2.43170232891665,36
a0.85_c0.50_n15_s0.5_L100_Iobserved,0,DART_sliced_wasserstein,DART_distributional,worst,observed,0.85,0.5,15,0.5,100,balanced_40,balanced_39,0,0,0.02040816326530612,0.0,3.2418003570455767e-07,49
a0.85_c0.50_n15_s0.5_L100_Iobserved,0,DART_coverage_mean,DART_coverage,worst,observed,0.85,0.5,15,0.5,100,balanced_40,balanced_39,0,0,0.05,0.0,3.2418003570455767e-07,20
a0.85_c0.50_n15_s0.5_L100_Iobserved,0,DART_coverage_worst,DART_coverage,worst,observed,0.85,0.5,15,0.5,100,balanced_37,balanced_39,0,0,0.041666666666666664,0.0,0.11500588520218002,24
a0.85_c0.50_n15_s0.5_L100_Iobserved,1,mean_cosine,mean_signature,mean,observed,0.85,0.5,15,0.5,100,min_specialist_0,maj_specialist_79,0,0,0.0125,0.0,3.1499999058940347,80
a0.85_c0.50_n15_s0.5_L100_Iobserved,1,mean_l2,mean_signature,mean,observed,0.85,0.5,15,0.5,100,min_specialist_27,maj_specialist_79,0,0,0.05263157894736842,0.0,1.8203333015506225,19
a0.85_c0.50_n15_s0.5_L100_Iobserved,1,cmap_signature_match,cmap_signature,mean,observed,0.85,0.5,15,0.5,100,min_specialist_0,maj_specialist_79,0,0,0.0125,0.0,3.1499999058940347,80
a0.85_c0.50_n15_s0.5_L100_Iobserved,1,cmap_signature_reverse,cmap_signature,mean,observed,0.85,0.5,15,0.5,100,min_specialist_0,maj_specialist_79,0,0,0.0125,0.0,3.1499999058940347,80
a0.85_c0.50_n15_s0.5_L100_Iobserved,1,DART_energy,DART_distributional,mean,observed,0.85,0.5,15,0.5,100,min_specialist_27,maj_specialist_79,0,0,0.07142857142857142,0.0,1.8203333015506225,14
a0.85_c0.50_n15_s0.5_L100_Iobserved,1,DART_mmd,DART_distributional,mean,observed,0.85,0.5,15,0.5,100,maj_specialist_69,maj_specialist_79,0,0,0.06666666666666667,0.0,0.2743544705065819,15
a0.85_c0.50_n15_s0.5_L100_Iobserved,1,DART_sliced_wasserstein,DART_distributional,mean,observed,0.85,0.5,15,0.5,100,maj_specialist_69,maj_specialist_79,0,0,0.024390243902439025,0.0,0.2743544705065819,41
a0.85_c0.50_n15_s0.5_L100_Iobserved,1,DART_coverage_mean,DART_coverage,mean,observed,0.85,0.5,15,0.5,100,min_specialist_27,maj_specialist_79,0,0,0.014084507042253521,0.0,1.8203333015506225,71
a0.85_c0.50_n15_s0.5_L100_Iobserved,1,DART_coverage_worst,DART_coverage,mean,observed,0.85,0.5,15,0.5,100,min_specialist_27,maj_specialist_79,0,0,0.012658227848101266,0.0,1.8203333015506225,79
a0.85_c0.50_n15_s0.5_L100_Iobserved,1,mean_cosine,mean_signature,worst,observed,0.85,0.5,15,0.5,100,min_specialist_0,balanced_40,0,0,0.024390243902439025,0.0,2.502724442070985,41
a0.85_c0.50_n15_s0.5_L100_Iobserved,1,mean_l2,mean_signature,worst,observed,0.85,0.5,15,0.5,100,min_specialist_27,balanced_40,0,0,0.023255813953488372,0.0,0.7116654022262807,43
a0.85_c0.50_n15_s0.5_L100_Iobserved,1,cmap_signature_match,cmap_signature,worst,observed,0.85,0.5,15,0.5,100,min_specialist_0,balanced_40,0,0,0.024390243902439025,0.0,2.502724442070985,41
a0.85_c0.50_n15_s0.5_L100_Iobserved,1,cmap_signature_reverse,cmap_signature,worst,observed,0.85,0.5,15,0.5,100,min_specialist_0,balanced_40,0,0,0.024390243902439025,0.0,2.502724442070985,41
a0.85_c0.50_n15_s0.5_L100_Iobserved,1,DART_energy,DART_distributional,worst,observed,0.85,0.5,15,0.5,100,min_specialist_27,balanced_40,0,0,0.019230769230769232,0.0,0.7116654022262807,52
a0.85_c0.50_n15_s0.5_L100_Iobserved,1,DART_mmd,DART_distributional,worst,observed,0.85,0.5,15,0.5,100,maj_specialist_69,balanced_40,0,0,0.015873015873015872,0.0,1.8087244125833983,63
a0.85_c0.50_n15_s0.5_L100_Iobserved,1,DART_sliced_wasserstein,DART_distributional,worst,observed,0.85,0.5,15,0.5,100,maj_specialist_69,balanced_40,0,0,0.021739130434782608,0.0,1.8087244125833983,46
a0.85_c0.50_n15_s0.5_L100_Iobserved,1,DART_coverage_mean,DART_coverage,worst,observed,0.85,0.5,15,0.5,100,min_specialist_27,balanced_40,0,0,0.013333333333333334,0.0,0.7116654022262807,75
a0.85_c0.50_n15_s0.5_L100_Iobserved,1,DART_coverage_worst,DART_coverage,worst,observed,0.85,0.5,15,0.5,100,min_specialist_27,balanced_40,0,0,0.024390243902439025,0.0,0.7116654022262807,41
a0.85_c0.50_n15_s0.5_L100_Iobserved,2,mean_cosine,mean_signature,mean,observed,0.85,0.5,15,0.5,100,min_specialist_0,maj_specialist_79,0,0,0.0125,0.0,3.1500003887635373,80
a0.85_c0.50_n15_s0.5_L100_Iobserved,2,mean_l2,mean_signature,mean,observed,0.85,0.5,15,0.5,100,balanced_31,maj_specialist_79,0,0,0.0625,0.0,1.645698419516858,16
a0.85_c0.50_n15_s0.5_L100_Iobserved,2,cmap_signature_match,cmap_signature,mean,observed,0.85,0.5,15,0.5,100,min_specialist_0,maj_specialist_79,0,0,0.0125,0.0,3.1500003887635373,80
a0.85_c0.50_n15_s0.5_L100_Iobserved,2,cmap_signature_reverse,cmap_signature,mean,observed,0.85,0.5,15,0.5,100,min_specialist_0,maj_specialist_79,0,0,0.0125,0.0,3.1500003887635373,80
a0.85_c0.50_n15_s0.5_L100_Iobserved,2,DART_energy,DART_distributional,mean,observed,0.85,0.5,15,0.5,100,balanced_31,maj_specialist_79,0,0,0.08333333333333333,0.0,1.645698419516858,12
a0.85_c0.50_n15_s0.5_L100_Iobserved,2,DART_mmd,DART_distributional,mean,observed,0.85,0.5,15,0.5,100,maj_specialist_54,maj_specialist_79,0,0,0.09090909090909091,0.0,0.7534849379952604,11
a0.85_c0.50_n15_s0.5_L100_Iobserved,2,DART_sliced_wasserstein,DART_distributional,mean,observed,0.85,0.5,15,0.5,100,balanced_31,maj_specialist_79,0,0,0.07142857142857142,0.0,1.645698419516858,14
a0.85_c0.50_n15_s0.5_L100_Iobserved,2,DART_coverage_mean,DART_coverage,mean,observed,0.85,0.5,15,0.5,100,balanced_32,maj_specialist_79,0,0,0.03333333333333333,0.0,1.60294036492229,30
a0.85_c0.50_n15_s0.5_L100_Iobserved,2,DART_coverage_worst,DART_coverage,mean,observed,0.85,0.5,15,0.5,100,min_specialist_21,maj_specialist_79,0,0,0.015873015873015872,0.0,2.0931027878414064,63
a0.85_c0.50_n15_s0.5_L100_Iobserved,2,mean_cosine,mean_signature,worst,observed,0.85,0.5,15,0.5,100,min_specialist_0,balanced_40,0,0,0.024390243902439025,0.0,2.5027241913117813,41
a0.85_c0.50_n15_s0.5_L100_Iobserved,2,mean_l2,mean_signature,worst,observed,0.85,0.5,15,0.5,100,balanced_31,balanced_40,0,0,0.043478260869565216,0.0,0.4686754118102492,23
a0.85_c0.50_n15_s0.5_L100_Iobserved,2,cmap_signature_match,cmap_signature,worst,observed,0.85,0.5,15,0.5,100,min_specialist_0,balanced_40,0,0,0.024390243902439025,0.0,2.5027241913117813,41
a0.85_c0.50_n15_s0.5_L100_Iobserved,2,cmap_signature_reverse,cmap_signature,worst,observed,0.85,0.5,15,0.5,100,min_specialist_0,balanced_40,0,0,0.024390243902439025,0.0,2.5027241913117813,41
a0.85_c0.50_n15_s0.5_L100_Iobserved,2,DART_energy,DART_distributional,worst,observed,0.85,0.5,15,0.5,100,balanced_31,balanced_40,0,0,0.05263157894736842,0.0,0.4686754118102492,19
a0.85_c0.50_n15_s0.5_L100_Iobserved,2,DART_mmd,DART_distributional,worst,observed,0.85,0.5,15,0.5,100,maj_specialist_54,balanced_40,0,0,0.06666666666666667,0.0,0.8353225760684246,15
a0.85_c0.50_n15_s0.5_L100_Iobserved,2,DART_sliced_wasserstein,DART_distributional,worst,observed,0.85,0.5,15,0.5,100,balanced_31,balanced_40,0,0,0.1,0.2890648263178879,0.4686754118102492,10
a0.85_c0.50_n15_s0.5_L100_Iobserved,2,DART_coverage_mean,DART_coverage,worst,observed,0.85,0.5,15,0.5,100,balanced_32,balanced_40,0,1,0.5,0.6309297535714575,0.4088287032514728,2
a0.85_c0.50_n15_s0.5_L100_Iobserved,2,DART_coverage_worst,DART_coverage,worst,observed,0.85,0.5,15,0.5,100,min_specialist_21,balanced_40,0,1,0.3333333333333333,0.5,1.0869658551640313,3
a0.85_c0.50_n15_s0.5_L20_Ipredicted_mean,0,mean_cosine,mean_signature,mean,predicted_mean,0.85,0.5,15,0.5,20,min_specialist_0,maj_specialist_15,0,0,0.0625,0.0,3.14999967604496,16
a0.85_c0.50_n15_s0.5_L20_Ipredicted_mean,0,mean_l2,mean_signature,mean,predicted_mean,0.85,0.5,15,0.5,20,min_specialist_2,maj_specialist_15,0,1,0.25,0.43067655807339306,2.600000191424133,4
a0.85_c0.50_n15_s0.5_L20_Ipredicted_mean,0,cmap_signature_match,cmap_signature,mean,predicted_mean,0.85,0.5,15,0.5,20,min_specialist_0,maj_specialist_15,0,0,0.0625,0.0,3.14999967604496,16
a0.85_c0.50_n15_s0.5_L20_Ipredicted_mean,0,cmap_signature_reverse,cmap_signature,mean,predicted_mean,0.85,0.5,15,0.5,20,min_specialist_0,maj_specialist_15,0,0,0.0625,0.0,3.14999967604496,16
a0.85_c0.50_n15_s0.5_L20_Ipredicted_mean,0,DART_energy,DART_distributional,mean,predicted_mean,0.85,0.5,15,0.5,20,min_specialist_2,maj_specialist_15,0,0,0.16666666666666666,0.3562071871080222,2.600000191424133,6
a0.85_c0.50_n15_s0.5_L20_Ipredicted_mean,0,DART_mmd,DART_distributional,mean,predicted_mean,0.85,0.5,15,0.5,20,min_specialist_2,maj_specialist_15,0,0,0.14285714285714285,0.3333333333333333,2.600000191424133,7
a0.85_c0.50_n15_s0.5_L20_Ipredicted_mean,0,DART_sliced_wasserstein,DART_distributional,mean,predicted_mean,0.85,0.5,15,0.5,20,maj_specialist_15,maj_specialist_15,1,1,1.0,1.0,0.0,1
a0.85_c0.50_n15_s0.5_L20_Ipredicted_mean,0,DART_coverage_mean,DART_coverage,mean,predicted_mean,0.85,0.5,15,0.5,20,min_specialist_2,maj_specialist_15,0,1,0.3333333333333333,0.5,2.600000191424133,3
a0.85_c0.50_n15_s0.5_L20_Ipredicted_mean,0,DART_coverage_worst,DART_coverage,mean,predicted_mean,0.85,0.5,15,0.5,20,balanced_6,maj_specialist_15,0,0,0.14285714285714285,0.3333333333333333,1.6199996161076662,7
a0.85_c0.50_n15_s0.5_L20_Ipredicted_mean,0,mean_cosine,mean_signature,worst,predicted_mean,0.85,0.5,15,0.5,20,min_specialist_0,balanced_7,0,0,0.125,0.31546487678572877,2.3799995698850616,8
a0.85_c0.50_n15_s0.5_L20_Ipredicted_mean,0,mean_l2,mean_signature,worst,predicted_mean,0.85,0.5,15,0.5,20,min_specialist_2,balanced_7,0,0,0.08333333333333333,0.0,1.6500000993469932,12
a0.85_c0.50_n15_s0.5_L20_Ipredicted_mean,0,cmap_signature_match,cmap_signature,worst,predicted_mean,0.85,0.5,15,0.5,20,min_specialist_0,balanced_7,0,0,0.125,0.31546487678572877,2.3799995698850616,8
a0.85_c0.50_n15_s0.5_L20_Ipredicted_mean,0,cmap_signature_reverse,cmap_signature,worst,predicted_mean,0.85,0.5,15,0.5,20,min_specialist_0,balanced_7,0,0,0.125,0.31546487678572877,2.3799995698850616,8
a0.85_c0.50_n15_s0.5_L20_Ipredicted_mean,0,DART_energy,DART_distributional,worst,predicted_mean,0.85,0.5,15,0.5,20,min_specialist_2,balanced_7,0,0,0.08333333333333333,0.0,1.6500000993469932,12
a0.85_c0.50_n15_s0.5_L20_Ipredicted_mean,0,DART_mmd,DART_distributional,worst,predicted_mean,0.85,0.5,15,0.5,20,min_specialist_2,balanced_7,0,0,0.08333333333333333,0.0,1.6500000993469932,12
a0.85_c0.50_n15_s0.5_L20_Ipredicted_mean,0,DART_sliced_wasserstein,DART_distributional,worst,predicted_mean,0.85,0.5,15,0.5,20,maj_specialist_15,balanced_7,0,0,0.0625,0.0,2.3800000965601242,16
a0.85_c0.50_n15_s0.5_L20_Ipredicted_mean,0,DART_coverage_mean,DART_coverage,worst,predicted_mean,0.85,0.5,15,0.5,20,min_specialist_2,balanced_7,0,1,0.25,0.43067655807339306,1.6500000993469932,4
a0.85_c0.50_n15_s0.5_L20_Ipredicted_mean,0,DART_coverage_worst,DART_coverage,worst,predicted_mean,0.85,0.5,15,0.5,20,balanced_6,balanced_7,0,1,0.3333333333333333,0.5,0.30999954103128147,3
a0.85_c0.50_n15_s0.5_L20_Ipredicted_mean,1,mean_cosine,mean_signature,mean,predicted_mean,0.85,0.5,15,0.5,20,min_specialist_0,maj_specialist_15,0,0,0.0625,0.0,3.1499999590776877,16
a0.85_c0.50_n15_s0.5_L20_Ipredicted_mean,1,mean_l2,mean_signature,mean,predicted_mean,0.85,0.5,15,0.5,20,balanced_8,maj_specialist_15,0,1,0.25,0.43067655807339306,1.1899994465439878,4
a0.85_c0.50_n15_s0.5_L20_Ipredicted_mean,1,cmap_signature_match,cmap_signature,mean,predicted_mean,0.85,0.5,15,0.5,20,min_specialist_0,maj_specialist_15,0,0,0.0625,0.0,3.1499999590776877,16
a0.85_c0.50_n15_s0.5_L20_Ipredicted_mean,1,cmap_signature_reverse,cmap_signature,mean,predicted_mean,0.85,0.5,15,0.5,20,min_specialist_0,maj_specialist_15,0,0,0.0625,0.0,3.1499999590776877,16
a0.85_c0.50_n15_s0.5_L20_Ipredicted_mean,1,DART_energy,DART_distributional,mean,predicted_mean,0.85,0.5,15,0.5,20,balanced_8,maj_specialist_15,0,1,0.25,0.43067655807339306,1.1899994465439878,4
a0.85_c0.50_n15_s0.5_L20_Ipredicted_mean,1,DART_mmd,DART_distributional,mean,predicted_mean,0.85,0.5,15,0.5,20,balanced_8,maj_specialist_15,0,1,0.2,0.38685280723454163,1.1899994465439878,5
a0.85_c0.50_n15_s0.5_L20_Ipredicted_mean,1,DART_sliced_wasserstein,DART_distributional,mean,predicted_mean,0.85,0.5,15,0.5,20,balanced_8,maj_specialist_15,0,1,0.2,0.38685280723454163,1.1899994465439878,5
a0.85_c0.50_n15_s0.5_L20_Ipredicted_mean,1,DART_coverage_mean,DART_coverage,mean,predicted_mean,0.85,0.5,15,0.5,20,maj_specialist_12,maj_specialist_15,0,1,0.25,0.43067655807339306,0.4500000342498165,4
a0.85_c0.50_n15_s0.5_L20_Ipredicted_mean,1,DART_coverage_worst,DART_coverage,mean,predicted_mean,0.85,0.5,15,0.5,20,maj_specialist_12,maj_specialist_15,0,0,0.1111111111111111,0.3010299956639812,0.4500000342498165,9
a0.85_c0.50_n15_s0.5_L20_Ipredicted_mean,1,mean_cosine,mean_signature,worst,predicted_mean,0.85,0.5,15,0.5,20,min_specialist_0,balanced_8,0,0,0.1111111111111111,0.3010299956639812,2.380000370037699,9
a0.85_c0.50_n15_s0.5_L20_Ipredicted_mean,1,mean_l2,mean_signature,worst,predicted_mean,0.85,0.5,15,0.5,20,balanced_8,balanced_8,1,1,1.0,1.0,0.0,1
a0.85_c0.50_n15_s0.5_L20_Ipredicted_mean,1,cmap_signature_match,cmap_signature,worst,predicted_mean,0.85,0.5,15,0.5,20,min_specialist_0,balanced_8,0,0,0.1111111111111111,0.3010299956639812,2.380000370037699,9
a0.85_c0.50_n15_s0.5_L20_Ipredicted_mean,1,cmap_signature_reverse,cmap_signature,worst,predicted_mean,0.85,0.5,15,0.5,20,min_specialist_0,balanced_8,0,0,0.1111111111111111,0.3010299956639812,2.380000370037699,9
a0.85_c0.50_n15_s0.5_L20_Ipredicted_mean,1,DART_energy,DART_distributional,worst,predicted_mean,0.85,0.5,15,0.5,20,balanced_8,balanced_8,1,1,1.0,1.0,0.0,1
a0.85_c0.50_n15_s0.5_L20_Ipredicted_mean,1,DART_mmd,DART_distributional,worst,predicted_mean,0.85,0.5,15,0.5,20,balanced_8,balanced_8,1,1,1.0,1.0,0.0,1
a0.85_c0.50_n15_s0.5_L20_Ipredicted_mean,1,DART_sliced_wasserstein,DART_distributional,worst,predicted_mean,0.85,0.5,15,0.5,20,balanced_8,balanced_8,1,1,1.0,1.0,0.0,1
a0.85_c0.50_n15_s0.5_L20_Ipredicted_mean,1,DART_coverage_mean,DART_coverage,worst,predicted_mean,0.85,0.5,15,0.5,20,maj_specialist_12,balanced_8,0,0,0.0625,0.0,1.3000005953295641,16
a0.85_c0.50_n15_s0.5_L20_Ipredicted_mean,1,DART_coverage_worst,DART_coverage,worst,predicted_mean,0.85,0.5,15,0.5,20,maj_specialist_12,balanced_8,0,0,0.0625,0.0,1.3000005953295641,16
a0.85_c0.50_n15_s0.5_L20_Ipredicted_mean,2,mean_cosine,mean_signature,mean,predicted_mean,0.85,0.5,15,0.5,20,min_specialist_0,maj_specialist_15,0,0,0.0625,0.0,3.1500002309782094,16
a0.85_c0.50_n15_s0.5_L20_Ipredicted_mean,2,mean_l2,mean_signature,mean,predicted_mean,0.85,0.5,15,0.5,20,maj_specialist_11,maj_specialist_15,0,0,0.1,0.2890648263178879,0.6200000294857606,10
a0.85_c0.50_n15_s0.5_L20_Ipredicted_mean,2,cmap_signature_match,cmap_signature,mean,predicted_mean,0.85,0.5,15,0.5,20,min_specialist_0,maj_specialist_15,0,0,0.0625,0.0,3.1500002309782094,16
a0.85_c0.50_n15_s0.5_L20_Ipredicted_mean,2,cmap_signature_reverse,cmap_signature,mean,predicted_mean,0.85,0.5,15,0.5,20,min_specialist_0,maj_specialist_15,0,0,0.0625,0.0,3.1500002309782094,16
a0.85_c0.50_n15_s0.5_L20_Ipredicted_mean,2,DART_energy,DART_distributional,mean,predicted_mean,0.85,0.5,15,0.5,20,maj_specialist_11,maj_specialist_15,0,0,0.125,0.31546487678572877,0.6200000294857606,8
a0.85_c0.50_n15_s0.5_L20_Ipredicted_mean,2,DART_mmd,DART_distributional,mean,predicted_mean,0.85,0.5,15,0.5,20,maj_specialist_11,maj_specialist_15,0,0,0.125,0.31546487678572877,0.6200000294857606,8
a0.85_c0.50_n15_s0.5_L20_Ipredicted_mean,2,DART_sliced_wasserstein,DART_distributional,mean,predicted_mean,0.85,0.5,15,0.5,20,maj_specialist_12,maj_specialist_15,0,0,0.14285714285714285,0.3333333333333333,0.44999984354165257,7
a0.85_c0.50_n15_s0.5_L20_Ipredicted_mean,2,DART_coverage_mean,DART_coverage,mean,predicted_mean,0.85,0.5,15,0.5,20,maj_specialist_12,maj_specialist_15,0,1,0.5,0.6309297535714575,0.44999984354165257,2
a0.85_c0.50_n15_s0.5_L20_Ipredicted_mean,2,DART_coverage_worst,DART_coverage,mean,predicted_mean,0.85,0.5,15,0.5,20,min_specialist_3,maj_specialist_15,0,1,0.5,0.6309297535714575,2.3400001280795752,2
a0.85_c0.50_n15_s0.5_L20_Ipredicted_mean,2,mean_cosine,mean_signature,worst,predicted_mean,0.85,0.5,15,0.5,20,min_specialist_0,balanced_7,0,0,0.125,0.31546487678572877,2.3800005296806255,8
a0.85_c0.50_n15_s0.5_L20_Ipredicted_mean,2,mean_l2,mean_signature,worst,predicted_mean,0.85,0.5,15,0.5,20,maj_specialist_11,balanced_7,0,1,0.2,0.38685280723454163,0.9600003680017295,5
a0.85_c0.50_n15_s0.5_L20_Ipredicted_mean,2,cmap_signature_match,cmap_signature,worst,predicted_mean,0.85,0.5,15,0.5,20,min_specialist_0,balanced_7,0,0,0.125,0.31546487678572877,2.3800005296806255,8
a0.85_c0.50_n15_s0.5_L20_Ipredicted_mean,2,cmap_signature_reverse,cmap_signature,worst,predicted_mean,0.85,0.5,15,0.5,20,min_specialist_0,balanced_7,0,0,0.125,0.31546487678572877,2.3800005296806255,8
a0.85_c0.50_n15_s0.5_L20_Ipredicted_mean,2,DART_energy,DART_distributional,worst,predicted_mean,0.85,0.5,15,0.5,20,maj_specialist_11,balanced_7,0,1,0.2,0.38685280723454163,0.9600003680017295,5
a0.85_c0.50_n15_s0.5_L20_Ipredicted_mean,2,DART_mmd,DART_distributional,worst,predicted_mean,0.85,0.5,15,0.5,20,maj_specialist_11,balanced_7,0,0,0.14285714285714285,0.3333333333333333,0.9600003680017295,7
a0.85_c0.50_n15_s0.5_L20_Ipredicted_mean,2,DART_sliced_wasserstein,DART_distributional,worst,predicted_mean,0.85,0.5,15,0.5,20,maj_specialist_12,balanced_7,0,0,0.125,0.31546487678572877,1.3000003096819377,8
a0.85_c0.50_n15_s0.5_L20_Ipredicted_mean,2,DART_coverage_mean,DART_coverage,worst,predicted_mean,0.85,0.5,15,0.5,20,maj_specialist_12,balanced_7,0,0,0.14285714285714285,0.3333333333333333,1.3000003096819377,7
a0.85_c0.50_n15_s0.5_L20_Ipredicted_mean,2,DART_coverage_worst,DART_coverage,worst,predicted_mean,0.85,0.5,15,0.5,20,min_specialist_3,balanced_7,0,0,0.1111111111111111,0.3010299956639812,1.3000004357122243,9
a0.85_c0.50_n15_s0.5_L100_Ipredicted_mean,0,mean_cosine,mean_signature,mean,predicted_mean,0.85,0.5,15,0.5,100,min_specialist_0,maj_specialist_79,0,0,0.0125,0.0,3.1499995716941545,80
a0.85_c0.50_n15_s0.5_L100_Ipredicted_mean,0,mean_l2,mean_signature,mean,predicted_mean,0.85,0.5,15,0.5,100,min_specialist_21,maj_specialist_79,0,0,0.02631578947368421,0.0,2.0931019734911676,38
a0.85_c0.50_n15_s0.5_L100_Ipredicted_mean,0,cmap_signature_match,cmap_signature,mean,predicted_mean,0.85,0.5,15,0.5,100,min_specialist_0,maj_specialist_79,0,0,0.0125,0.0,3.1499995716941545,80
a0.85_c0.50_n15_s0.5_L100_Ipredicted_mean,0,cmap_signature_reverse,cmap_signature,mean,predicted_mean,0.85,0.5,15,0.5,100,min_specialist_0,maj_specialist_79,0,0,0.0125,0.0,3.1499995716941545,80
a0.85_c0.50_n15_s0.5_L100_Ipredicted_mean,0,DART_energy,DART_distributional,mean,predicted_mean,0.85,0.5,15,0.5,100,min_specialist_21,maj_specialist_79,0,0,0.03125,0.0,2.0931019734911676,32
a0.85_c0.50_n15_s0.5_L100_Ipredicted_mean,0,DART_mmd,DART_distributional,mean,predicted_mean,0.85,0.5,15,0.5,100,min_specialist_2,maj_specialist_79,0,0,0.037037037037037035,0.0,3.042493129071387,27
a0.85_c0.50_n15_s0.5_L100_Ipredicted_mean,0,DART_sliced_wasserstein,DART_distributional,mean,predicted_mean,0.85,0.5,15,0.5,100,maj_specialist_58,maj_specialist_79,0,0,0.02040816326530612,0.0,0.6177851274635646,49
a0.85_c0.50_n15_s0.5_L100_Ipredicted_mean,0,DART_coverage_mean,DART_coverage,mean,predicted_mean,0.85,0.5,15,0.5,100,min_specialist_8,maj_specialist_79,0,0,0.015384615384615385,0.0,2.7286251713968657,65
a0.85_c0.50_n15_s0.5_L100_Ipredicted_mean,0,DART_coverage_worst,DART_coverage,mean,predicted_mean,0.85,0.5,15,0.5,100,min_specialist_8,maj_specialist_79,0,0,0.01639344262295082,0.0,2.7286251713968657,61
a0.85_c0.50_n15_s0.5_L100_Ipredicted_mean,0,mean_cosine,mean_signature,worst,predicted_mean,0.85,0.5,15,0.5,100,min_specialist_0,balanced_39,0,0,0.025,0.0,2.502723970678119,40
a0.85_c0.50_n15_s0.5_L100_Ipredicted_mean,0,mean_l2,mean_signature,worst,predicted_mean,0.85,0.5,15,0.5,100,min_specialist_21,balanced_39,0,0,0.023255813953488372,0.0,1.0869656328456756,43
a0.85_c0.50_n15_s0.5_L100_Ipredicted_mean,0,cmap_signature_match,cmap_signature,worst,predicted_mean,0.85,0.5,15,0.5,100,min_specialist_0,balanced_39,0,0,0.025,0.0,2.502723970678119,40
a0.85_c0.50_n15_s0.5_L100_Ipredicted_mean,0,cmap_signature_reverse,cmap_signature,worst,predicted_mean,0.85,0.5,15,0.5,100,min_specialist_0,balanced_39,0,0,0.025,0.0,2.502723970678119,40
a0.85_c0.50_n15_s0.5_L100_Ipredicted_mean,0,DART_energy,DART_distributional,worst,predicted_mean,0.85,0.5,15,0.5,100,min_specialist_21,balanced_39,0,0,0.023255813953488372,0.0,1.0869656328456756,43
a0.85_c0.50_n15_s0.5_L100_Ipredicted_mean,0,DART_mmd,DART_distributional,worst,predicted_mean,0.85,0.5,15,0.5,100,min_specialist_2,balanced_39,0,0,0.02564102564102564,0.0,2.361040359886058,39
a0.85_c0.50_n15_s0.5_L100_Ipredicted_mean,0,DART_sliced_wasserstein,DART_distributional,worst,predicted_mean,0.85,0.5,15,0.5,100,maj_specialist_58,balanced_39,0,0,0.015873015873015872,0.0,1.0869648665893195,63
a0.85_c0.50_n15_s0.5_L100_Ipredicted_mean,0,DART_coverage_mean,DART_coverage,worst,predicted_mean,0.85,0.5,15,0.5,100,min_specialist_8,balanced_39,0,0,0.04,0.0,1.9446407020627738,25
a0.85_c0.50_n15_s0.5_L100_Ipredicted_mean,0,DART_coverage_worst,DART_coverage,worst,predicted_mean,0.85,0.5,15,0.5,100,min_specialist_8,balanced_39,0,0,0.06666666666666667,0.0,1.9446407020627738,15
a0.85_c0.50_n15_s0.5_L100_Ipredicted_mean,1,mean_cosine,mean_signature,mean,predicted_mean,0.85,0.5,15,0.5,100,min_specialist_0,maj_specialist_79,0,0,0.0125,0.0,3.1499999058940347,80
a0.85_c0.50_n15_s0.5_L100_Ipredicted_mean,1,mean_l2,mean_signature,mean,predicted_mean,0.85,0.5,15,0.5,100,balanced_43,maj_specialist_79,0,0,0.02631578947368421,0.0,1.15640110424118,38
a0.85_c0.50_n15_s0.5_L100_Ipredicted_mean,1,cmap_signature_match,cmap_signature,mean,predicted_mean,0.85,0.5,15,0.5,100,min_specialist_0,maj_specialist_79,0,0,0.0125,0.0,3.1499999058940347,80
a0.85_c0.50_n15_s0.5_L100_Ipredicted_mean,1,cmap_signature_reverse,cmap_signature,mean,predicted_mean,0.85,0.5,15,0.5,100,min_specialist_0,maj_specialist_79,0,0,0.0125,0.0,3.1499999058940347,80
a0.85_c0.50_n15_s0.5_L100_Ipredicted_mean,1,DART_energy,DART_distributional,mean,predicted_mean,0.85,0.5,15,0.5,100,balanced_43,maj_specialist_79,0,0,0.029411764705882353,0.0,1.15640110424118,34
a0.85_c0.50_n15_s0.5_L100_Ipredicted_mean,1,DART_mmd,DART_distributional,mean,predicted_mean,0.85,0.5,15,0.5,100,maj_specialist_59,maj_specialist_79,0,0,0.029411764705882353,0.0,0.5847616890690404,34
a0.85_c0.50_n15_s0.5_L100_Ipredicted_mean,1,DART_sliced_wasserstein,DART_distributional,mean,predicted_mean,0.85,0.5,15,0.5,100,balanced_43,maj_specialist_79,0,0,0.018867924528301886,0.0,1.15640110424118,53
a0.85_c0.50_n15_s0.5_L100_Ipredicted_mean,1,DART_coverage_mean,DART_coverage,mean,predicted_mean,0.85,0.5,15,0.5,100,maj_specialist_53,maj_specialist_79,0,0,0.029411764705882353,0.0,0.7883106119001368,34
a0.85_c0.50_n15_s0.5_L100_Ipredicted_mean,1,DART_coverage_worst,DART_coverage,mean,predicted_mean,0.85,0.5,15,0.5,100,maj_specialist_53,maj_specialist_79,0,0,0.025,0.0,0.7883106119001368,40
a0.85_c0.50_n15_s0.5_L100_Ipredicted_mean,1,mean_cosine,mean_signature,worst,predicted_mean,0.85,0.5,15,0.5,100,min_specialist_0,balanced_40,0,0,0.024390243902439025,0.0,2.502724442070985,41
a0.85_c0.50_n15_s0.5_L100_Ipredicted_mean,1,mean_l2,mean_signature,worst,predicted_mean,0.85,0.5,15,0.5,100,balanced_43,balanced_40,0,0,0.02127659574468085,0.0,0.17304953312824267,47
a0.85_c0.50_n15_s0.5_L100_Ipredicted_mean,1,cmap_signature_match,cmap_signature,worst,predicted_mean,0.85,0.5,15,0.5,100,min_specialist_0,balanced_40,0,0,0.024390243902439025,0.0,2.502724442070985,41
a0.85_c0.50_n15_s0.5_L100_Ipredicted_mean,1,cmap_signature_reverse,cmap_signature,worst,predicted_mean,0.85,0.5,15,0.5,100,min_specialist_0,balanced_40,0,0,0.024390243902439025,0.0,2.502724442070985,41
a0.85_c0.50_n15_s0.5_L100_Ipredicted_mean,1,DART_energy,DART_distributional,worst,predicted_mean,0.85,0.5,15,0.5,100,balanced_43,balanced_40,0,0,0.02,0.0,0.17304953312824267,50
a0.85_c0.50_n15_s0.5_L100_Ipredicted_mean,1,DART_mmd,DART_distributional,worst,predicted_mean,0.85,0.5,15,0.5,100,maj_specialist_59,balanced_40,0,0,0.02040816326530612,0.0,1.1507773410973527,49
a0.85_c0.50_n15_s0.5_L100_Ipredicted_mean,1,DART_sliced_wasserstein,DART_distributional,worst,predicted_mean,0.85,0.5,15,0.5,100,balanced_43,balanced_40,0,0,0.024390243902439025,0.0,0.17304953312824267,41
a0.85_c0.50_n15_s0.5_L100_Ipredicted_mean,1,DART_coverage_mean,DART_coverage,worst,predicted_mean,0.85,0.5,15,0.5,100,maj_specialist_53,balanced_40,0,0,0.01694915254237288,0.0,0.7733135067811077,59
a0.85_c0.50_n15_s0.5_L100_Ipredicted_mean,1,DART_coverage_worst,DART_coverage,worst,predicted_mean,0.85,0.5,15,0.5,100,maj_specialist_53,balanced_40,0,0,0.02702702702702703,0.0,0.7733135067811077,37
a0.85_c0.50_n15_s0.5_L100_Ipredicted_mean,2,mean_cosine,mean_signature,mean,predicted_mean,0.85,0.5,15,0.5,100,min_specialist_0,maj_specialist_79,0,0,0.0125,0.0,3.1500003887635373,80
a0.85_c0.50_n15_s0.5_L100_Ipredicted_mean,2,mean_l2,mean_signature,mean,predicted_mean,0.85,0.5,15,0.5,100,balanced_31,maj_specialist_79,0,0,0.07692307692307693,0.0,1.645698419516858,13
a0.85_c0.50_n15_s0.5_L100_Ipredicted_mean,2,cmap_signature_match,cmap_signature,mean,predicted_mean,0.85,0.5,15,0.5,100,min_specialist_0,maj_specialist_79,0,0,0.0125,0.0,3.1500003887635373,80
a0.85_c0.50_n15_s0.5_L100_Ipredicted_mean,2,cmap_signature_reverse,cmap_signature,mean,predicted_mean,0.85,0.5,15,0.5,100,min_specialist_0,maj_specialist_79,0,0,0.0125,0.0,3.1500003887635373,80
a0.85_c0.50_n15_s0.5_L100_Ipredicted_mean,2,DART_energy,DART_distributional,mean,predicted_mean,0.85,0.5,15,0.5,100,balanced_31,maj_specialist_79,0,0,0.07692307692307693,0.0,1.645698419516858,13
a0.85_c0.50_n15_s0.5_L100_Ipredicted_mean,2,DART_mmd,DART_distributional,mean,predicted_mean,0.85,0.5,15,0.5,100,balanced_31,maj_specialist_79,0,0,0.05263157894736842,0.0,1.645698419516858,19
a0.85_c0.50_n15_s0.5_L100_Ipredicted_mean,2,DART_sliced_wasserstein,DART_distributional,mean,predicted_mean,0.85,0.5,15,0.5,100,balanced_31,maj_specialist_79,0,0,0.125,0.31546487678572877,1.645698419516858,8
a0.85_c0.50_n15_s0.5_L100_Ipredicted_mean,2,DART_coverage_mean,DART_coverage,mean,predicted_mean,0.85,0.5,15,0.5,100,balanced_47,maj_specialist_79,0,0,0.047619047619047616,0.0,1.0048388103812798,21
a0.85_c0.50_n15_s0.5_L100_Ipredicted_mean,2,DART_coverage_worst,DART_coverage,mean,predicted_mean,0.85,0.5,15,0.5,100,maj_specialist_59,maj_specialist_79,0,0,0.02702702702702703,0.0,0.5847624024865041,37
a0.85_c0.50_n15_s0.5_L100_Ipredicted_mean,2,mean_cosine,mean_signature,worst,predicted_mean,0.85,0.5,15,0.5,100,min_specialist_0,balanced_40,0,0,0.024390243902439025,0.0,2.5027241913117813,41
a0.85_c0.50_n15_s0.5_L100_Ipredicted_mean,2,mean_l2,mean_signature,worst,predicted_mean,0.85,0.5,15,0.5,100,balanced_31,balanced_40,0,0,0.02857142857142857,0.0,0.4686754118102492,35
a0.85_c0.50_n15_s0.5_L100_Ipredicted_mean,2,cmap_signature_match,cmap_signature,worst,predicted_mean,0.85,0.5,15,0.5,100,min_specialist_0,balanced_40,0,0,0.024390243902439025,0.0,2.5027241913117813,41
a0.85_c0.50_n15_s0.5_L100_Ipredicted_mean,2,cmap_signature_reverse,cmap_signature,worst,predicted_mean,0.85,0.5,15,0.5,100,min_specialist_0,balanced_40,0,0,0.024390243902439025,0.0,2.5027241913117813,41
a0.85_c0.50_n15_s0.5_L100_Ipredicted_mean,2,DART_energy,DART_distributional,worst,predicted_mean,0.85,0.5,15,0.5,100,balanced_31,balanced_40,0,0,0.022222222222222223,0.0,0.4686754118102492,45
a0.85_c0.50_n15_s0.5_L100_Ipredicted_mean,2,DART_mmd,DART_distributional,worst,predicted_mean,0.85,0.5,15,0.5,100,balanced_31,balanced_40,0,0,0.017241379310344827,0.0,0.4686754118102492,58
a0.85_c0.50_n15_s0.5_L100_Ipredicted_mean,2,DART_sliced_wasserstein,DART_distributional,worst,predicted_mean,0.85,0.5,15,0.5,100,balanced_31,balanced_40,0,0,0.0625,0.0,0.4686754118102492,16
a0.85_c0.50_n15_s0.5_L100_Ipredicted_mean,2,DART_coverage_mean,DART_coverage,worst,predicted_mean,0.85,0.5,15,0.5,100,balanced_47,balanced_40,0,0,0.03125,0.0,0.4088283538082216,32
a0.85_c0.50_n15_s0.5_L100_Ipredicted_mean,2,DART_coverage_worst,DART_coverage,worst,predicted_mean,0.85,0.5,15,0.5,100,maj_specialist_59,balanced_40,0,1,0.25,0.43067655807339306,1.1507774116938023,4
a0.85_c1.00_n15_s0.5_L20_Iobserved,0,mean_cosine,mean_signature,mean,observed,0.85,1.0,15,0.5,20,min_specialist_0,maj_specialist_15,0,0,0.0625,0.0,6.299999755030235,16
a0.85_c1.00_n15_s0.5_L20_Iobserved,0,mean_l2,mean_signature,mean,observed,0.85,1.0,15,0.5,20,min_specialist_2,maj_specialist_15,0,1,0.2,0.38685280723454163,4.940000132094909,5
a0.85_c1.00_n15_s0.5_L20_Iobserved,0,cmap_signature_match,cmap_signature,mean,observed,0.85,1.0,15,0.5,20,min_specialist_0,maj_specialist_15,0,0,0.0625,0.0,6.299999755030235,16
a0.85_c1.00_n15_s0.5_L20_Iobserved,0,cmap_signature_reverse,cmap_signature,mean,observed,0.85,1.0,15,0.5,20,min_specialist_0,maj_specialist_15,0,0,0.0625,0.0,6.299999755030235,16
a0.85_c1.00_n15_s0.5_L20_Iobserved,0,DART_energy,DART_distributional,mean,observed,0.85,1.0,15,0.5,20,min_specialist_5,maj_specialist_15,0,1,0.25,0.43067655807339306,3.20000041100381,4
a0.85_c1.00_n15_s0.5_L20_Iobserved,0,DART_mmd,DART_distributional,mean,observed,0.85,1.0,15,0.5,20,maj_specialist_13,maj_specialist_15,0,1,0.5,0.6309297535714575,0.3199998456362394,2
a0.85_c1.00_n15_s0.5_L20_Iobserved,0,DART_sliced_wasserstein,DART_distributional,mean,observed,0.85,1.0,15,0.5,20,maj_specialist_15,maj_specialist_15,1,1,1.0,1.0,0.0,1
a0.85_c1.00_n15_s0.5_L20_Iobserved,0,DART_coverage_mean,DART_coverage,mean,observed,0.85,1.0,15,0.5,20,balanced_9,maj_specialist_15,0,0,0.06666666666666667,0.0,1.4400000221350098,15
a0.85_c1.00_n15_s0.5_L20_Iobserved,0,DART_coverage_worst,DART_coverage,mean,observed,0.85,1.0,15,0.5,20,min_specialist_5,maj_specialist_15,0,0,0.0625,0.0,3.20000041100381,16
a0.85_c1.00_n15_s0.5_L20_Iobserved,0,mean_cosine,mean_signature,worst,observed,0.85,1.0,15,0.5,20,min_specialist_0,balanced_7,0,0,0.125,0.31546487678572877,5.319999930959856,8
a0.85_c1.00_n15_s0.5_L20_Iobserved,0,mean_l2,mean_signature,worst,observed,0.85,1.0,15,0.5,20,min_specialist_2,balanced_7,0,0,0.07692307692307693,0.0,3.6000003428728036,13
a0.85_c1.00_n15_s0.5_L20_Iobserved,0,cmap_signature_match,cmap_signature,worst,observed,0.85,1.0,15,0.5,20,min_specialist_0,balanced_7,0,0,0.125,0.31546487678572877,5.319999930959856,8
a0.85_c1.00_n15_s0.5_L20_Iobserved,0,cmap_signature_reverse,cmap_signature,worst,observed,0.85,1.0,15,0.5,20,min_specialist_0,balanced_7,0,0,0.125,0.31546487678572877,5.319999930959856,8
a0.85_c1.00_n15_s0.5_L20_Iobserved,0,DART_energy,DART_distributional,worst,observed,0.85,1.0,15,0.5,20,min_specialist_5,balanced_7,0,0,0.07692307692307693,0.0,1.3200006389306118,13
a0.85_c1.00_n15_s0.5_L20_Iobserved,0,DART_mmd,DART_distributional,worst,observed,0.85,1.0,15,0.5,20,maj_specialist_13,balanced_7,0,0,0.07692307692307693,0.0,3.5999999417343673,13
a0.85_c1.00_n15_s0.5_L20_Iobserved,0,DART_sliced_wasserstein,DART_distributional,worst,observed,0.85,1.0,15,0.5,20,maj_specialist_15,balanced_7,0,0,0.06666666666666667,0.0,5.320000576237597,15
a0.85_c1.00_n15_s0.5_L20_Iobserved,0,DART_coverage_mean,DART_coverage,worst,observed,0.85,1.0,15,0.5,20,balanced_9,balanced_7,0,0,0.0625,0.0,0.640000254288271,16
a0.85_c1.00_n15_s0.5_L20_Iobserved,0,DART_coverage_worst,DART_coverage,worst,observed,0.85,1.0,15,0.5,20,min_specialist_5,balanced_7,0,0,0.14285714285714285,0.3333333333333333,1.3200006389306118,7
a0.85_c1.00_n15_s0.5_L20_Iobserved,1,mean_cosine,mean_signature,mean,observed,0.85,1.0,15,0.5,20,min_specialist_0,maj_specialist_15,0,0,0.0625,0.0,6.299999392574412,16
a0.85_c1.00_n15_s0.5_L20_Iobserved,1,mean_l2,mean_signature,mean,observed,0.85,1.0,15,0.5,20,balanced_8,maj_specialist_15,0,0,0.16666666666666666,0.3562071871080222,1.8199997578339033,6
a0.85_c1.00_n15_s0.5_L20_Iobserved,1,cmap_signature_match,cmap_signature,mean,observed,0.85,1.0,15,0.5,20,min_specialist_0,maj_specialist_15,0,0,0.0625,0.0,6.299999392574412,16
a0.85_c1.00_n15_s0.5_L20_Iobserved,1,cmap_signature_reverse,cmap_signature,mean,observed,0.85,1.0,15,0.5,20,min_specialist_0,maj_specialist_15,0,0,0.0625,0.0,6.299999392574412,16
a0.85_c1.00_n15_s0.5_L20_Iobserved,1,DART_energy,DART_distributional,mean,observed,0.85,1.0,15,0.5,20,balanced_8,maj_specialist_15,0,1,0.2,0.38685280723454163,1.8199997578339033,5
a0.85_c1.00_n15_s0.5_L20_Iobserved,1,DART_mmd,DART_distributional,mean,observed,0.85,1.0,15,0.5,20,maj_specialist_14,maj_specialist_15,0,1,0.5,0.6309297535714575,0.140000015959993,2
a0.85_c1.00_n15_s0.5_L20_Iobserved,1,DART_sliced_wasserstein,DART_distributional,mean,observed,0.85,1.0,15,0.5,20,balanced_8,maj_specialist_15,0,0,0.16666666666666666,0.3562071871080222,1.8199997578339033,6
a0.85_c1.00_n15_s0.5_L20_Iobserved,1,DART_coverage_mean,DART_coverage,mean,observed,0.85,1.0,15,0.5,20,balanced_6,maj_specialist_15,0,0,0.07142857142857142,0.0,2.70000005170912,14
a0.85_c1.00_n15_s0.5_L20_Iobserved,1,DART_coverage_worst,DART_coverage,mean,observed,0.85,1.0,15,0.5,20,min_specialist_4,maj_specialist_15,0,0,0.0625,0.0,3.7400006452316763,16
a0.85_c1.00_n15_s0.5_L20_Iobserved,1,mean_cosine,mean_signature,worst,observed,0.85,1.0,15,0.5,20,min_specialist_0,balanced_8,0,0,0.1111111111111111,0.3010299956639812,5.319999488385196,9
a0.85_c1.00_n15_s0.5_L20_Iobserved,1,mean_l2,mean_signature,worst,observed,0.85,1.0,15,0.5,20,balanced_8,balanced_8,1,1,1.0,1.0,0.0,1
a0.85_c1.00_n15_s0.5_L20_Iobserved,1,cmap_signature_match,cmap_signature,worst,observed,0.85,1.0,15,0.5,20,min_specialist_0,balanced_8,0,0,0.1111111111111111,0.3010299956639812,5.319999488385196,9
a0.85_c1.00_n15_s0.5_L20_Iobserved,1,cmap_signature_reverse,cmap_signature,worst,observed,0.85,1.0,15,0.5,20,min_specialist_0,balanced_8,0,0,0.1111111111111111,0.3010299956639812,5.319999488385196,9
a0.85_c1.00_n15_s0.5_L20_Iobserved,1,DART_energy,DART_distributional,worst,observed,0.85,1.0,15,0.5,20,balanced_8,balanced_8,1,1,1.0,1.0,0.0,1
a0.85_c1.00_n15_s0.5_L20_Iobserved,1,DART_mmd,DART_distributional,worst,observed,0.85,1.0,15,0.5,20,maj_specialist_14,balanced_8,0,1,0.3333333333333333,0.5,4.440000344181708,3
a0.85_c1.00_n15_s0.5_L20_Iobserved,1,DART_sliced_wasserstein,DART_distributional,worst,observed,0.85,1.0,15,0.5,20,balanced_8,balanced_8,1,1,1.0,1.0,0.0,1
a0.85_c1.00_n15_s0.5_L20_Iobserved,1,DART_coverage_mean,DART_coverage,worst,observed,0.85,1.0,15,0.5,20,balanced_6,balanced_8,0,1,0.3333333333333333,0.5,0.640000243716969,3
a0.85_c1.00_n15_s0.5_L20_Iobserved,1,DART_coverage_worst,DART_coverage,worst,observed,0.85,1.0,15,0.5,20,min_specialist_4,balanced_8,0,1,0.25,0.43067655807339306,2.040000899088813,4
a0.85_c1.00_n15_s0.5_L20_Iobserved,2,mean_cosine,mean_signature,mean,observed,0.85,1.0,15,0.5,20,min_specialist_0,maj_specialist_15,0,0,0.0625,0.0,6.300000451929138,16
a0.85_c1.00_n15_s0.5_L20_Iobserved,2,mean_l2,mean_signature,mean,observed,0.85,1.0,15,0.5,20,maj_specialist_11,maj_specialist_15,0,0,0.07692307692307693,0.0,0.7999999707577832,13
a0.85_c1.00_n15_s0.5_L20_Iobserved,2,cmap_signature_match,cmap_signature,mean,observed,0.85,1.0,15,0.5,20,min_specialist_0,maj_specialist_15,0,0,0.0625,0.0,6.300000451929138,16
a0.85_c1.00_n15_s0.5_L20_Iobserved,2,cmap_signature_reverse,cmap_signature,mean,observed,0.85,1.0,15,0.5,20,min_specialist_0,maj_specialist_15,0,0,0.0625,0.0,6.300000451929138,16
a0.85_c1.00_n15_s0.5_L20_Iobserved,2,DART_energy,DART_distributional,mean,observed,0.85,1.0,15,0.5,20,maj_specialist_11,maj_specialist_15,0,0,0.16666666666666666,0.3562071871080222,0.7999999707577832,6
a0.85_c1.00_n15_s0.5_L20_Iobserved,2,DART_mmd,DART_distributional,mean,observed,0.85,1.0,15,0.5,20,maj_specialist_11,maj_specialist_15,0,1,0.3333333333333333,0.5,0.7999999707577832,3
a0.85_c1.00_n15_s0.5_L20_Iobserved,2,DART_sliced_wasserstein,DART_distributional,mean,observed,0.85,1.0,15,0.5,20,balanced_9,maj_specialist_15,0,0,0.125,0.31546487678572877,1.4399998119205843,8
a0.85_c1.00_n15_s0.5_L20_Iobserved,2,DART_coverage_mean,DART_coverage,mean,observed,0.85,1.0,15,0.5,20,balanced_7,maj_specialist_15,0,0,0.07142857142857142,0.0,2.2399996512616642,14
a0.85_c1.00_n15_s0.5_L20_Iobserved,2,DART_coverage_worst,DART_coverage,mean,observed,0.85,1.0,15,0.5,20,balanced_7,maj_specialist_15,0,0,0.06666666666666667,0.0,2.2399996512616642,15
a0.85_c1.00_n15_s0.5_L20_Iobserved,2,mean_cosine,mean_signature,worst,observed,0.85,1.0,15,0.5,20,min_specialist_0,balanced_7,0,0,0.125,0.31546487678572877,5.320000875371971,8
a0.85_c1.00_n15_s0.5_L20_Iobserved,2,mean_l2,mean_signature,worst,observed,0.85,1.0,15,0.5,20,maj_specialist_11,balanced_7,0,1,0.25,0.43067655807339306,2.0400005065304114,4
a0.85_c1.00_n15_s0.5_L20_Iobserved,2,cmap_signature_match,cmap_signature,worst,observed,0.85,1.0,15,0.5,20,min_specialist_0,balanced_7,0,0,0.125,0.31546487678572877,5.320000875371971,8
a0.85_c1.00_n15_s0.5_L20_Iobserved,2,cmap_signature_reverse,cmap_signature,worst,observed,0.85,1.0,15,0.5,20,min_specialist_0,balanced_7,0,0,0.125,0.31546487678572877,5.320000875371971,8
a0.85_c1.00_n15_s0.5_L20_Iobserved,2,DART_energy,DART_distributional,worst,observed,0.85,1.0,15,0.5,20,maj_specialist_11,balanced_7,0,1,0.25,0.43067655807339306,2.0400005065304114,4
a0.85_c1.00_n15_s0.5_L20_Iobserved,2,DART_mmd,DART_distributional,worst,observed,0.85,1.0,15,0.5,20,maj_specialist_11,balanced_7,0,0,0.14285714285714285,0.3333333333333333,2.0400005065304114,7
a0.85_c1.00_n15_s0.5_L20_Iobserved,2,DART_sliced_wasserstein,DART_distributional,worst,observed,0.85,1.0,15,0.5,20,balanced_9,balanced_7,0,0,0.16666666666666666,0.3562071871080222,0.6400000878113872,6
a0.85_c1.00_n15_s0.5_L20_Iobserved,2,DART_coverage_mean,DART_coverage,worst,observed,0.85,1.0,15,0.5,20,balanced_7,balanced_7,1,1,1.0,1.0,0.0,1
a0.85_c1.00_n15_s0.5_L20_Iobserved,2,DART_coverage_worst,DART_coverage,worst,observed,0.85,1.0,15,0.5,20,balanced_7,balanced_7,1,1,1.0,1.0,0.0,1
a0.85_c1.00_n15_s0.5_L100_Iobserved,0,mean_cosine,mean_signature,mean,observed,0.85,1.0,15,0.5,100,min_specialist_0,maj_specialist_79,0,0,0.0125,0.0,6.300000005805421,80
a0.85_c1.00_n15_s0.5_L100_Iobserved,0,mean_l2,mean_signature,mean,observed,0.85,1.0,15,0.5,100,maj_specialist_78,maj_specialist_79,0,0,0.037037037037037035,0.0,0.023506035364045275,27
a0.85_c1.00_n15_s0.5_L100_Iobserved,0,cmap_signature_match,cmap_signature,mean,observed,0.85,1.0,15,0.5,100,min_specialist_0,maj_specialist_79,0,0,0.0125,0.0,6.300000005805421,80
a0.85_c1.00_n15_s0.5_L100_Iobserved,0,cmap_signature_reverse,cmap_signature,mean,observed,0.85,1.0,15,0.5,100,min_specialist_0,maj_specialist_79,0,0,0.0125,0.0,6.300000005805421,80
a0.85_c1.00_n15_s0.5_L100_Iobserved,0,DART_energy,DART_distributional,mean,observed,0.85,1.0,15,0.5,100,maj_specialist_78,maj_specialist_79,0,0,0.08333333333333333,0.0,0.023506035364045275,12
a0.85_c1.00_n15_s0.5_L100_Iobserved,0,DART_mmd,DART_distributional,mean,observed,0.85,1.0,15,0.5,100,maj_specialist_78,maj_specialist_79,0,0,0.16666666666666666,0.3562071871080222,0.023506035364045275,6
a0.85_c1.00_n15_s0.5_L100_Iobserved,0,DART_sliced_wasserstein,DART_distributional,mean,observed,0.85,1.0,15,0.5,100,maj_specialist_58,maj_specialist_79,0,0,0.03333333333333333,0.0,0.7964586335091361,30
a0.85_c1.00_n15_s0.5_L100_Iobserved,0,DART_coverage_mean,DART_coverage,mean,observed,0.85,1.0,15,0.5,100,balanced_40,maj_specialist_79,0,0,0.014705882352941176,0.0,1.9853069598153912,68
a0.85_c1.00_n15_s0.5_L100_Iobserved,0,DART_coverage_worst,DART_coverage,mean,observed,0.85,1.0,15,0.5,100,balanced_28,maj_specialist_79,0,0,0.0125,0.0,3.037445445347549,80
a0.85_c1.00_n15_s0.5_L100_Iobserved,0,mean_cosine,mean_signature,worst,observed,0.85,1.0,15,0.5,100,min_specialist_0,balanced_39,0,0,0.025,0.0,5.56785808732845,40
a0.85_c1.00_n15_s0.5_L100_Iobserved,0,mean_l2,mean_signature,worst,observed,0.85,1.0,15,0.5,100,maj_specialist_78,balanced_39,0,0,0.02702702702702703,0.0,5.397693517002793,37
a0.85_c1.00_n15_s0.5_L100_Iobserved,0,cmap_signature_match,cmap_signature,worst,observed,0.85,1.0,15,0.5,100,min_specialist_0,balanced_39,0,0,0.025,0.0,5.56785808732845,40
a0.85_c1.00_n15_s0.5_L100_Iobserved,0,cmap_signature_reverse,cmap_signature,worst,observed,0.85,1.0,15,0.5,100,min_specialist_0,balanced_39,0,0,0.025,0.0,5.56785808732845,40
a0.85_c1.00_n15_s0.5_L100_Iobserved,0,DART_energy,DART_distributional,worst,observed,0.85,1.0,15,0.5,100,maj_specialist_78,balanced_39,0,0,0.027777777777777776,0.0,5.397693517002793,36
a0.85_c1.00_n15_s0.5_L100_Iobserved,0,DART_mmd,DART_distributional,worst,observed,0.85,1.0,15,0.5,100,maj_specialist_78,balanced_39,0,0,0.02702702702702703,0.0,5.397693517002793,37
a0.85_c1.00_n15_s0.5_L100_Iobserved,0,DART_sliced_wasserstein,DART_distributional,worst,observed,0.85,1.0,15,0.5,100,maj_specialist_58,balanced_39,0,0,0.021739130434782608,0.0,2.297227888355277,46
a0.85_c1.00_n15_s0.5_L100_Iobserved,0,DART_coverage_mean,DART_coverage,worst,observed,0.85,1.0,15,0.5,100,balanced_40,balanced_39,0,0,0.07142857142857142,0.0,3.8809503166703507e-07,14
a0.85_c1.00_n15_s0.5_L100_Iobserved,0,DART_coverage_worst,DART_coverage,worst,observed,0.85,1.0,15,0.5,100,balanced_28,balanced_39,0,0,0.0625,0.0,1.3483414960963351,16
a0.85_c1.00_n15_s0.5_L100_Iobserved,1,mean_cosine,mean_signature,mean,observed,0.85,1.0,15,0.5,100,min_specialist_0,maj_specialist_79,0,0,0.0125,0.0,6.29999931599653,80
a0.85_c1.00_n15_s0.5_L100_Iobserved,1,mean_l2,mean_signature,mean,observed,0.85,1.0,15,0.5,100,min_specialist_27,maj_specialist_79,0,0,0.05263157894736842,0.0,3.134498074441389,19
a0.85_c1.00_n15_s0.5_L100_Iobserved,1,cmap_signature_match,cmap_signature,mean,observed,0.85,1.0,15,0.5,100,min_specialist_0,maj_specialist_79,0,0,0.0125,0.0,6.29999931599653,80
a0.85_c1.00_n15_s0.5_L100_Iobserved,1,cmap_signature_reverse,cmap_signature,mean,observed,0.85,1.0,15,0.5,100,min_specialist_0,maj_specialist_79,0,0,0.0125,0.0,6.29999931599653,80
a0.85_c1.00_n15_s0.5_L100_Iobserved,1,DART_energy,DART_distributional,mean,observed,0.85,1.0,15,0.5,100,maj_specialist_74,maj_specialist_79,0,0,0.09090909090909091,0.0,0.13195002818026325,11
a0.85_c1.00_n15_s0.5_L100_Iobserved,1,DART_mmd,DART_distributional,mean,observed,0.85,1.0,15,0.5,100,maj_specialist_74,maj_specialist_79,0,0,0.09090909090909091,0.0,0.13195002818026325,11
a0.85_c1.00_n15_s0.5_L100_Iobserved,1,DART_sliced_wasserstein,DART_distributional,mean,observed,0.85,1.0,15,0.5,100,maj_specialist_69,maj_specialist_79,0,0,0.02857142857142857,0.0,0.29995163266763925,35
a0.85_c1.00_n15_s0.5_L100_Iobserved,1,DART_coverage_mean,DART_coverage,mean,observed,0.85,1.0,15,0.5,100,min_specialist_27,maj_specialist_79,0,0,0.01282051282051282,0.0,3.134498074441389,78
a0.85_c1.00_n15_s0.5_L100_Iobserved,1,DART_coverage_worst,DART_coverage,mean,observed,0.85,1.0,15,0.5,100,min_specialist_27,maj_specialist_79,0,0,0.012658227848101266,0.0,3.134498074441389,79
a0.85_c1.00_n15_s0.5_L100_Iobserved,1,mean_cosine,mean_signature,worst,observed,0.85,1.0,15,0.5,100,min_specialist_0,balanced_40,0,0,0.024390243902439025,0.0,5.567857276788942,41
a0.85_c1.00_n15_s0.5_L100_Iobserved,1,mean_l2,mean_signature,worst,observed,0.85,1.0,15,0.5,100,min_specialist_27,balanced_40,0,0,0.023255813953488372,0.0,1.4795713895870506,43
a0.85_c1.00_n15_s0.5_L100_Iobserved,1,cmap_signature_match,cmap_signature,worst,observed,0.85,1.0,15,0.5,100,min_specialist_0,balanced_40,0,0,0.024390243902439025,0.0,5.567857276788942,41
a0.85_c1.00_n15_s0.5_L100_Iobserved,1,cmap_signature_reverse,cmap_signature,worst,observed,0.85,1.0,15,0.5,100,min_specialist_0,balanced_40,0,0,0.024390243902439025,0.0,5.567857276788942,41
a0.85_c1.00_n15_s0.5_L100_Iobserved,1,DART_energy,DART_distributional,worst,observed,0.85,1.0,15,0.5,100,maj_specialist_74,balanced_40,0,0,0.0196078431372549,0.0,4.731453825638752,51
a0.85_c1.00_n15_s0.5_L100_Iobserved,1,DART_mmd,DART_distributional,worst,observed,0.85,1.0,15,0.5,100,maj_specialist_74,balanced_40,0,0,0.019230769230769232,0.0,4.731453825638752,52
a0.85_c1.00_n15_s0.5_L100_Iobserved,1,DART_sliced_wasserstein,DART_distributional,worst,observed,0.85,1.0,15,0.5,100,maj_specialist_69,balanced_40,0,0,0.022727272727272728,0.0,3.93110034151168,44
a0.85_c1.00_n15_s0.5_L100_Iobserved,1,DART_coverage_mean,DART_coverage,worst,observed,0.85,1.0,15,0.5,100,min_specialist_27,balanced_40,0,0,0.015873015873015872,0.0,1.4795713895870506,63
a0.85_c1.00_n15_s0.5_L100_Iobserved,1,DART_coverage_worst,DART_coverage,worst,observed,0.85,1.0,15,0.5,100,min_specialist_27,balanced_40,0,0,0.038461538461538464,0.0,1.4795713895870506,26
a0.85_c1.00_n15_s0.5_L100_Iobserved,2,mean_cosine,mean_signature,mean,observed,0.85,1.0,15,0.5,100,min_specialist_0,maj_specialist_79,0,0,0.0125,0.0,6.300000570309162,80
a0.85_c1.00_n15_s0.5_L100_Iobserved,2,mean_l2,mean_signature,mean,observed,0.85,1.0,15,0.5,100,balanced_31,maj_specialist_79,0,0,0.0625,0.0,2.754943653040119,16
a0.85_c1.00_n15_s0.5_L100_Iobserved,2,cmap_signature_match,cmap_signature,mean,observed,0.85,1.0,15,0.5,100,min_specialist_0,maj_specialist_79,0,0,0.0125,0.0,6.300000570309162,80
a0.85_c1.00_n15_s0.5_L100_Iobserved,2,cmap_signature_reverse,cmap_signature,mean,observed,0.85,1.0,15,0.5,100,min_specialist_0,maj_specialist_79,0,0,0.0125,0.0,6.300000570309162,80
a0.85_c1.00_n15_s0.5_L100_Iobserved,2,DART_energy,DART_distributional,mean,observed,0.85,1.0,15,0.5,100,balanced_31,maj_specialist_79,0,0,0.09090909090909091,0.0,2.754943653040119,11
a0.85_c1.00_n15_s0.5_L100_Iobserved,2,DART_mmd,DART_distributional,mean,observed,0.85,1.0,15,0.5,100,maj_specialist_76,maj_specialist_79,0,1,0.2,0.38685280723454163,0.07484344557183142,5
a0.85_c1.00_n15_s0.5_L100_Iobserved,2,DART_sliced_wasserstein,DART_distributional,mean,observed,0.85,1.0,15,0.5,100,balanced_31,maj_specialist_79,0,0,0.08333333333333333,0.0,2.754943653040119,12
a0.85_c1.00_n15_s0.5_L100_Iobserved,2,DART_coverage_mean,DART_coverage,mean,observed,0.85,1.0,15,0.5,100,balanced_32,maj_specialist_79,0,0,0.022222222222222223,0.0,2.663659910387967,45
a0.85_c1.00_n15_s0.5_L100_Iobserved,2,DART_coverage_worst,DART_coverage,mean,observed,0.85,1.0,15,0.5,100,balanced_32,maj_specialist_79,0,0,0.013513513513513514,0.0,2.663659910387967,74
a0.85_c1.00_n15_s0.5_L100_Iobserved,2,mean_cosine,mean_signature,worst,observed,0.85,1.0,15,0.5,100,min_specialist_0,balanced_39,0,0,0.025,0.0,5.567858609021819,40
a0.85_c1.00_n15_s0.5_L100_Iobserved,2,mean_l2,mean_signature,worst,observed,0.85,1.0,15,0.5,100,balanced_31,balanced_39,0,0,0.125,0.31546487678572877,0.9633079404094858,8
a0.85_c1.00_n15_s0.5_L100_Iobserved,2,cmap_signature_match,cmap_signature,worst,observed,0.85,1.0,15,0.5,100,min_specialist_0,balanced_39,0,0,0.025,0.0,5.567858609021819,40
a0.85_c1.00_n15_s0.5_L100_Iobserved,2,cmap_signature_reverse,cmap_signature,worst,observed,0.85,1.0,15,0.5,100,min_specialist_0,balanced_39,0,0,0.025,0.0,5.567858609021819,40
a0.85_c1.00_n15_s0.5_L100_Iobserved,2,DART_energy,DART_distributional,worst,observed,0.85,1.0,15,0.5,100,balanced_31,balanced_39,0,0,0.1,0.2890648263178879,0.9633079404094858,10
a0.85_c1.00_n15_s0.5_L100_Iobserved,2,DART_mmd,DART_distributional,worst,observed,0.85,1.0,15,0.5,100,maj_specialist_76,balanced_39,0,0,0.05,0.0,5.06168784883074,20
a0.85_c1.00_n15_s0.5_L100_Iobserved,2,DART_sliced_wasserstein,DART_distributional,worst,observed,0.85,1.0,15,0.5,100,balanced_31,balanced_39,0,0,0.09090909090909091,0.0,0.9633079404094858,11
a0.85_c1.00_n15_s0.5_L100_Iobserved,2,DART_coverage_mean,DART_coverage,worst,observed,0.85,1.0,15,0.5,100,balanced_32,balanced_39,0,0,0.14285714285714285,0.3333333333333333,0.8378470299740108,7
a0.85_c1.00_n15_s0.5_L100_Iobserved,2,DART_coverage_worst,DART_coverage,worst,observed,0.85,1.0,15,0.5,100,balanced_32,balanced_39,0,0,0.08333333333333333,0.0,0.8378470299740108,12
a0.85_c1.00_n15_s0.5_L20_Ipredicted_mean,0,mean_cosine,mean_signature,mean,predicted_mean,0.85,1.0,15,0.5,20,min_specialist_0,maj_specialist_15,0,0,0.0625,0.0,6.299999755030235,16
a0.85_c1.00_n15_s0.5_L20_Ipredicted_mean,0,mean_l2,mean_signature,mean,predicted_mean,0.85,1.0,15,0.5,20,min_specialist_2,maj_specialist_15,0,1,0.25,0.43067655807339306,4.940000132094909,4
a0.85_c1.00_n15_s0.5_L20_Ipredicted_mean,0,cmap_signature_match,cmap_signature,mean,predicted_mean,0.85,1.0,15,0.5,20,min_specialist_0,maj_specialist_15,0,0,0.0625,0.0,6.299999755030235,16
a0.85_c1.00_n15_s0.5_L20_Ipredicted_mean,0,cmap_signature_reverse,cmap_signature,mean,predicted_mean,0.85,1.0,15,0.5,20,min_specialist_0,maj_specialist_15,0,0,0.0625,0.0,6.299999755030235,16
a0.85_c1.00_n15_s0.5_L20_Ipredicted_mean,0,DART_energy,DART_distributional,mean,predicted_mean,0.85,1.0,15,0.5,20,min_specialist_2,maj_specialist_15,0,0,0.16666666666666666,0.3562071871080222,4.940000132094909,6
a0.85_c1.00_n15_s0.5_L20_Ipredicted_mean,0,DART_mmd,DART_distributional,mean,predicted_mean,0.85,1.0,15,0.5,20,min_specialist_2,maj_specialist_15,0,0,0.14285714285714285,0.3333333333333333,4.940000132094909,7
a0.85_c1.00_n15_s0.5_L20_Ipredicted_mean,0,DART_sliced_wasserstein,DART_distributional,mean,predicted_mean,0.85,1.0,15,0.5,20,maj_specialist_15,maj_specialist_15,1,1,1.0,1.0,0.0,1
a0.85_c1.00_n15_s0.5_L20_Ipredicted_mean,0,DART_coverage_mean,DART_coverage,mean,predicted_mean,0.85,1.0,15,0.5,20,min_specialist_2,maj_specialist_15,0,1,0.3333333333333333,0.5,4.940000132094909,3
a0.85_c1.00_n15_s0.5_L20_Ipredicted_mean,0,DART_coverage_worst,DART_coverage,mean,predicted_mean,0.85,1.0,15,0.5,20,balanced_6,maj_specialist_15,0,0,0.14285714285714285,0.3333333333333333,2.69999948361275,7
a0.85_c1.00_n15_s0.5_L20_Ipredicted_mean,0,mean_cosine,mean_signature,worst,predicted_mean,0.85,1.0,15,0.5,20,min_specialist_0,balanced_7,0,0,0.125,0.31546487678572877,5.319999930959856,8
a0.85_c1.00_n15_s0.5_L20_Ipredicted_mean,0,mean_l2,mean_signature,worst,predicted_mean,0.85,1.0,15,0.5,20,min_specialist_2,balanced_7,0,0,0.08333333333333333,0.0,3.6000003428728036,12
a0.85_c1.00_n15_s0.5_L20_Ipredicted_mean,0,cmap_signature_match,cmap_signature,worst,predicted_mean,0.85,1.0,15,0.5,20,min_specialist_0,balanced_7,0,0,0.125,0.31546487678572877,5.319999930959856,8
a0.85_c1.00_n15_s0.5_L20_Ipredicted_mean,0,cmap_signature_reverse,cmap_signature,worst,predicted_mean,0.85,1.0,15,0.5,20,min_specialist_0,balanced_7,0,0,0.125,0.31546487678572877,5.319999930959856,8
a0.85_c1.00_n15_s0.5_L20_Ipredicted_mean,0,DART_energy,DART_distributional,worst,predicted_mean,0.85,1.0,15,0.5,20,min_specialist_2,balanced_7,0,0,0.08333333333333333,0.0,3.6000003428728036,12
a0.85_c1.00_n15_s0.5_L20_Ipredicted_mean,0,DART_mmd,DART_distributional,worst,predicted_mean,0.85,1.0,15,0.5,20,min_specialist_2,balanced_7,0,0,0.08333333333333333,0.0,3.6000003428728036,12
a0.85_c1.00_n15_s0.5_L20_Ipredicted_mean,0,DART_sliced_wasserstein,DART_distributional,worst,predicted_mean,0.85,1.0,15,0.5,20,maj_specialist_15,balanced_7,0,0,0.0625,0.0,5.320000576237597,16
a0.85_c1.00_n15_s0.5_L20_Ipredicted_mean,0,DART_coverage_mean,DART_coverage,worst,predicted_mean,0.85,1.0,15,0.5,20,min_specialist_2,balanced_7,0,1,0.25,0.43067655807339306,3.6000003428728036,4
a0.85_c1.00_n15_s0.5_L20_Ipredicted_mean,0,DART_coverage_worst,DART_coverage,worst,predicted_mean,0.85,1.0,15,0.5,20,balanced_6,balanced_7,0,1,0.3333333333333333,0.5,0.6399996175355227,3
a0.85_c1.00_n15_s0.5_L20_Ipredicted_mean,1,mean_cosine,mean_signature,mean,predicted_mean,0.85,1.0,15,0.5,20,min_specialist_0,maj_specialist_15,0,0,0.0625,0.0,6.299999392574412,16
a0.85_c1.00_n15_s0.5_L20_Ipredicted_mean,1,mean_l2,mean_signature,mean,predicted_mean,0.85,1.0,15,0.5,20,balanced_8,maj_specialist_15,0,1,0.25,0.43067655807339306,1.8199997578339033,4
a0.85_c1.00_n15_s0.5_L20_Ipredicted_mean,1,cmap_signature_match,cmap_signature,mean,predicted_mean,0.85,1.0,15,0.5,20,min_specialist_0,maj_specialist_15,0,0,0.0625,0.0,6.299999392574412,16
a0.85_c1.00_n15_s0.5_L20_Ipredicted_mean,1,cmap_signature_reverse,cmap_signature,mean,predicted_mean,0.85,1.0,15,0.5,20,min_specialist_0,maj_specialist_15,0,0,0.0625,0.0,6.299999392574412,16
a0.85_c1.00_n15_s0.5_L20_Ipredicted_mean,1,DART_energy,DART_distributional,mean,predicted_mean,0.85,1.0,15,0.5,20,balanced_8,maj_specialist_15,0,1,0.25,0.43067655807339306,1.8199997578339033,4
a0.85_c1.00_n15_s0.5_L20_Ipredicted_mean,1,DART_mmd,DART_distributional,mean,predicted_mean,0.85,1.0,15,0.5,20,balanced_8,maj_specialist_15,0,1,0.2,0.38685280723454163,1.8199997578339033,5
a0.85_c1.00_n15_s0.5_L20_Ipredicted_mean,1,DART_sliced_wasserstein,DART_distributional,mean,predicted_mean,0.85,1.0,15,0.5,20,balanced_8,maj_specialist_15,0,1,0.2,0.38685280723454163,1.8199997578339033,5
a0.85_c1.00_n15_s0.5_L20_Ipredicted_mean,1,DART_coverage_mean,DART_coverage,mean,predicted_mean,0.85,1.0,15,0.5,20,maj_specialist_12,maj_specialist_15,0,1,0.25,0.43067655807339306,0.540000122532895,4
a0.85_c1.00_n15_s0.5_L20_Ipredicted_mean,1,DART_coverage_worst,DART_coverage,mean,predicted_mean,0.85,1.0,15,0.5,20,maj_specialist_12,maj_specialist_15,0,0,0.1111111111111111,0.3010299956639812,0.540000122532895,9
a0.85_c1.00_n15_s0.5_L20_Ipredicted_mean,1,mean_cosine,mean_signature,worst,predicted_mean,0.85,1.0,15,0.5,20,min_specialist_0,balanced_8,0,0,0.1111111111111111,0.3010299956639812,5.319999488385196,9
a0.85_c1.00_n15_s0.5_L20_Ipredicted_mean,1,mean_l2,mean_signature,worst,predicted_mean,0.85,1.0,15,0.5,20,balanced_8,balanced_8,1,1,1.0,1.0,0.0,1
a0.85_c1.00_n15_s0.5_L20_Ipredicted_mean,1,cmap_signature_match,cmap_signature,worst,predicted_mean,0.85,1.0,15,0.5,20,min_specialist_0,balanced_8,0,0,0.1111111111111111,0.3010299956639812,5.319999488385196,9
a0.85_c1.00_n15_s0.5_L20_Ipredicted_mean,1,cmap_signature_reverse,cmap_signature,worst,predicted_mean,0.85,1.0,15,0.5,20,min_specialist_0,balanced_8,0,0,0.1111111111111111,0.3010299956639812,5.319999488385196,9
a0.85_c1.00_n15_s0.5_L20_Ipredicted_mean,1,DART_energy,DART_distributional,worst,predicted_mean,0.85,1.0,15,0.5,20,balanced_8,balanced_8,1,1,1.0,1.0,0.0,1
a0.85_c1.00_n15_s0.5_L20_Ipredicted_mean,1,DART_mmd,DART_distributional,worst,predicted_mean,0.85,1.0,15,0.5,20,balanced_8,balanced_8,1,1,1.0,1.0,0.0,1
a0.85_c1.00_n15_s0.5_L20_Ipredicted_mean,1,DART_sliced_wasserstein,DART_distributional,worst,predicted_mean,0.85,1.0,15,0.5,20,balanced_8,balanced_8,1,1,1.0,1.0,0.0,1
a0.85_c1.00_n15_s0.5_L20_Ipredicted_mean,1,DART_coverage_mean,DART_coverage,worst,predicted_mean,0.85,1.0,15,0.5,20,maj_specialist_12,balanced_8,0,0,0.0625,0.0,2.8000005283771436,16
a0.85_c1.00_n15_s0.5_L20_Ipredicted_mean,1,DART_coverage_worst,DART_coverage,worst,predicted_mean,0.85,1.0,15,0.5,20,maj_specialist_12,balanced_8,0,0,0.0625,0.0,2.8000005283771436,16
a0.85_c1.00_n15_s0.5_L20_Ipredicted_mean,2,mean_cosine,mean_signature,mean,predicted_mean,0.85,1.0,15,0.5,20,min_specialist_0,maj_specialist_15,0,0,0.0625,0.0,6.300000451929138,16
a0.85_c1.00_n15_s0.5_L20_Ipredicted_mean,2,mean_l2,mean_signature,mean,predicted_mean,0.85,1.0,15,0.5,20,maj_specialist_11,maj_specialist_15,0,0,0.1,0.2890648263178879,0.7999999707577832,10
a0.85_c1.00_n15_s0.5_L20_Ipredicted_mean,2,cmap_signature_match,cmap_signature,mean,predicted_mean,0.85,1.0,15,0.5,20,min_specialist_0,maj_specialist_15,0,0,0.0625,0.0,6.300000451929138,16
a0.85_c1.00_n15_s0.5_L20_Ipredicted_mean,2,cmap_signature_reverse,cmap_signature,mean,predicted_mean,0.85,1.0,15,0.5,20,min_specialist_0,maj_specialist_15,0,0,0.0625,0.0,6.300000451929138,16
a0.85_c1.00_n15_s0.5_L20_Ipredicted_mean,2,DART_energy,DART_distributional,mean,predicted_mean,0.85,1.0,15,0.5,20,maj_specialist_11,maj_specialist_15,0,0,0.125,0.31546487678572877,0.7999999707577832,8
a0.85_c1.00_n15_s0.5_L20_Ipredicted_mean,2,DART_mmd,DART_distributional,mean,predicted_mean,0.85,1.0,15,0.5,20,maj_specialist_11,maj_specialist_15,0,0,0.125,0.31546487678572877,0.7999999707577832,8
a0.85_c1.00_n15_s0.5_L20_Ipredicted_mean,2,DART_sliced_wasserstein,DART_distributional,mean,predicted_mean,0.85,1.0,15,0.5,20,maj_specialist_12,maj_specialist_15,0,0,0.14285714285714285,0.3333333333333333,0.5399999883500435,7
a0.85_c1.00_n15_s0.5_L20_Ipredicted_mean,2,DART_coverage_mean,DART_coverage,mean,predicted_mean,0.85,1.0,15,0.5,20,maj_specialist_12,maj_specialist_15,0,1,0.5,0.6309297535714575,0.5399999883500435,2
a0.85_c1.00_n15_s0.5_L20_Ipredicted_mean,2,DART_coverage_worst,DART_coverage,mean,predicted_mean,0.85,1.0,15,0.5,20,min_specialist_3,maj_specialist_15,0,1,0.5,0.6309297535714575,4.320000084554151,2
a0.85_c1.00_n15_s0.5_L20_Ipredicted_mean,2,mean_cosine,mean_signature,worst,predicted_mean,0.85,1.0,15,0.5,20,min_specialist_0,balanced_7,0,0,0.125,0.31546487678572877,5.320000875371971,8
a0.85_c1.00_n15_s0.5_L20_Ipredicted_mean,2,mean_l2,mean_signature,worst,predicted_mean,0.85,1.0,15,0.5,20,maj_specialist_11,balanced_7,0,1,0.2,0.38685280723454163,2.0400005065304114,5
a0.85_c1.00_n15_s0.5_L20_Ipredicted_mean,2,cmap_signature_match,cmap_signature,worst,predicted_mean,0.85,1.0,15,0.5,20,min_specialist_0,balanced_7,0,0,0.125,0.31546487678572877,5.320000875371971,8
a0.85_c1.00_n15_s0.5_L20_Ipredicted_mean,2,cmap_signature_reverse,cmap_signature,worst,predicted_mean,0.85,1.0,15,0.5,20,min_specialist_0,balanced_7,0,0,0.125,0.31546487678572877,5.320000875371971,8
a0.85_c1.00_n15_s0.5_L20_Ipredicted_mean,2,DART_energy,DART_distributional,worst,predicted_mean,0.85,1.0,15,0.5,20,maj_specialist_11,balanced_7,0,1,0.2,0.38685280723454163,2.0400005065304114,5
a0.85_c1.00_n15_s0.5_L20_Ipredicted_mean,2,DART_mmd,DART_distributional,worst,predicted_mean,0.85,1.0,15,0.5,20,maj_specialist_11,balanced_7,0,0,0.14285714285714285,0.3333333333333333,2.0400005065304114,7
a0.85_c1.00_n15_s0.5_L20_Ipredicted_mean,2,DART_sliced_wasserstein,DART_distributional,worst,predicted_mean,0.85,1.0,15,0.5,20,maj_specialist_12,balanced_7,0,0,0.125,0.31546487678572877,2.800000359828072,8
a0.85_c1.00_n15_s0.5_L20_Ipredicted_mean,2,DART_coverage_mean,DART_coverage,worst,predicted_mean,0.85,1.0,15,0.5,20,maj_specialist_12,balanced_7,0,0,0.14285714285714285,0.3333333333333333,2.800000359828072,7
a0.85_c1.00_n15_s0.5_L20_Ipredicted_mean,2,DART_coverage_worst,DART_coverage,worst,predicted_mean,0.85,1.0,15,0.5,20,min_specialist_3,balanced_7,0,0,0.1111111111111111,0.3010299956639812,2.800000432427588,9
a0.85_c1.00_n15_s0.5_L100_Ipredicted_mean,0,mean_cosine,mean_signature,mean,predicted_mean,0.85,1.0,15,0.5,100,min_specialist_0,maj_specialist_79,0,0,0.0125,0.0,6.300000005805421,80
a0.85_c1.00_n15_s0.5_L100_Ipredicted_mean,0,mean_l2,mean_signature,mean,predicted_mean,0.85,1.0,15,0.5,100,min_specialist_21,maj_specialist_79,0,0,0.02631578947368421,0.0,3.747091782280224,38
a0.85_c1.00_n15_s0.5_L100_Ipredicted_mean,0,cmap_signature_match,cmap_signature,mean,predicted_mean,0.85,1.0,15,0.5,100,min_specialist_0,maj_specialist_79,0,0,0.0125,0.0,6.300000005805421,80
a0.85_c1.00_n15_s0.5_L100_Ipredicted_mean,0,cmap_signature_reverse,cmap_signature,mean,predicted_mean,0.85,1.0,15,0.5,100,min_specialist_0,maj_specialist_79,0,0,0.0125,0.0,6.300000005805421,80
a0.85_c1.00_n15_s0.5_L100_Ipredicted_mean,0,DART_energy,DART_distributional,mean,predicted_mean,0.85,1.0,15,0.5,100,min_specialist_21,maj_specialist_79,0,0,0.03125,0.0,3.747091782280224,32
a0.85_c1.00_n15_s0.5_L100_Ipredicted_mean,0,DART_mmd,DART_distributional,mean,predicted_mean,0.85,1.0,15,0.5,100,min_specialist_2,maj_specialist_79,0,0,0.037037037037037035,0.0,6.029466718698158,27
a0.85_c1.00_n15_s0.5_L100_Ipredicted_mean,0,DART_sliced_wasserstein,DART_distributional,mean,predicted_mean,0.85,1.0,15,0.5,100,maj_specialist_58,maj_specialist_79,0,0,0.02040816326530612,0.0,0.7964586335091361,49
a0.85_c1.00_n15_s0.5_L100_Ipredicted_mean,0,DART_coverage_mean,DART_coverage,mean,predicted_mean,0.85,1.0,15,0.5,100,min_specialist_8,maj_specialist_79,0,0,0.015384615384615385,0.0,5.252476114733488,65
a0.85_c1.00_n15_s0.5_L100_Ipredicted_mean,0,DART_coverage_worst,DART_coverage,mean,predicted_mean,0.85,1.0,15,0.5,100,min_specialist_8,maj_specialist_79,0,0,0.01639344262295082,0.0,5.252476114733488,61
a0.85_c1.00_n15_s0.5_L100_Ipredicted_mean,0,mean_cosine,mean_signature,worst,predicted_mean,0.85,1.0,15,0.5,100,min_specialist_0,balanced_39,0,0,0.025,0.0,5.56785808732845,40
a0.85_c1.00_n15_s0.5_L100_Ipredicted_mean,0,mean_l2,mean_signature,worst,predicted_mean,0.85,1.0,15,0.5,100,min_specialist_21,balanced_39,0,0,0.023255813953488372,0.0,2.297228342999123,43
a0.85_c1.00_n15_s0.5_L100_Ipredicted_mean,0,cmap_signature_match,cmap_signature,worst,predicted_mean,0.85,1.0,15,0.5,100,min_specialist_0,balanced_39,0,0,0.025,0.0,5.56785808732845,40
a0.85_c1.00_n15_s0.5_L100_Ipredicted_mean,0,cmap_signature_reverse,cmap_signature,worst,predicted_mean,0.85,1.0,15,0.5,100,min_specialist_0,balanced_39,0,0,0.025,0.0,5.56785808732845,40
a0.85_c1.00_n15_s0.5_L100_Ipredicted_mean,0,DART_energy,DART_distributional,worst,predicted_mean,0.85,1.0,15,0.5,100,min_specialist_21,balanced_39,0,0,0.023255813953488372,0.0,2.297228342999123,43
a0.85_c1.00_n15_s0.5_L100_Ipredicted_mean,0,DART_mmd,DART_distributional,worst,predicted_mean,0.85,1.0,15,0.5,100,min_specialist_2,balanced_39,0,0,0.02564102564102564,0.0,5.228970390052005,39
a0.85_c1.00_n15_s0.5_L100_Ipredicted_mean,0,DART_sliced_wasserstein,DART_distributional,worst,predicted_mean,0.85,1.0,15,0.5,100,maj_specialist_58,balanced_39,0,0,0.015873015873015872,0.0,2.297227888355277,63
a0.85_c1.00_n15_s0.5_L100_Ipredicted_mean,0,DART_coverage_mean,DART_coverage,worst,predicted_mean,0.85,1.0,15,0.5,100,min_specialist_8,balanced_39,0,0,0.04,0.0,4.246916531724423,25
a0.85_c1.00_n15_s0.5_L100_Ipredicted_mean,0,DART_coverage_worst,DART_coverage,worst,predicted_mean,0.85,1.0,15,0.5,100,min_specialist_8,balanced_39,0,0,0.06666666666666667,0.0,4.246916531724423,15
a0.85_c1.00_n15_s0.5_L100_Ipredicted_mean,1,mean_cosine,mean_signature,mean,predicted_mean,0.85,1.0,15,0.5,100,min_specialist_0,maj_specialist_79,0,0,0.0125,0.0,6.29999931599653,80
a0.85_c1.00_n15_s0.5_L100_Ipredicted_mean,1,mean_l2,mean_signature,mean,predicted_mean,0.85,1.0,15,0.5,100,balanced_43,maj_specialist_79,0,0,0.02631578947368421,0.0,1.7547186504323093,38
a0.85_c1.00_n15_s0.5_L100_Ipredicted_mean,1,cmap_signature_match,cmap_signature,mean,predicted_mean,0.85,1.0,15,0.5,100,min_specialist_0,maj_specialist_79,0,0,0.0125,0.0,6.29999931599653,80
a0.85_c1.00_n15_s0.5_L100_Ipredicted_mean,1,cmap_signature_reverse,cmap_signature,mean,predicted_mean,0.85,1.0,15,0.5,100,min_specialist_0,maj_specialist_79,0,0,0.0125,0.0,6.29999931599653,80
a0.85_c1.00_n15_s0.5_L100_Ipredicted_mean,1,DART_energy,DART_distributional,mean,predicted_mean,0.85,1.0,15,0.5,100,balanced_43,maj_specialist_79,0,0,0.029411764705882353,0.0,1.7547186504323093,34
a0.85_c1.00_n15_s0.5_L100_Ipredicted_mean,1,DART_mmd,DART_distributional,mean,predicted_mean,0.85,1.0,15,0.5,100,maj_specialist_59,maj_specialist_79,0,0,0.029411764705882353,0.0,0.7441114721892426,34
a0.85_c1.00_n15_s0.5_L100_Ipredicted_mean,1,DART_sliced_wasserstein,DART_distributional,mean,predicted_mean,0.85,1.0,15,0.5,100,balanced_43,maj_specialist_79,0,0,0.018867924528301886,0.0,1.7547186504323093,53
a0.85_c1.00_n15_s0.5_L100_Ipredicted_mean,1,DART_coverage_mean,DART_coverage,mean,predicted_mean,0.85,1.0,15,0.5,100,maj_specialist_53,maj_specialist_79,0,0,0.029411764705882353,0.0,1.0798267058950408,34
a0.85_c1.00_n15_s0.5_L100_Ipredicted_mean,1,DART_coverage_worst,DART_coverage,mean,predicted_mean,0.85,1.0,15,0.5,100,maj_specialist_53,maj_specialist_79,0,0,0.025,0.0,1.0798267058950408,40
a0.85_c1.00_n15_s0.5_L100_Ipredicted_mean,1,mean_cosine,mean_signature,worst,predicted_mean,0.85,1.0,15,0.5,100,min_specialist_0,balanced_40,0,0,0.024390243902439025,0.0,5.567857276788942,41
a0.85_c1.00_n15_s0.5_L100_Ipredicted_mean,1,mean_l2,mean_signature,worst,predicted_mean,0.85,1.0,15,0.5,100,balanced_43,balanced_40,0,0,0.02127659574468085,0.0,0.3504249311351728,47
a0.85_c1.00_n15_s0.5_L100_Ipredicted_mean,1,cmap_signature_match,cmap_signature,worst,predicted_mean,0.85,1.0,15,0.5,100,min_specialist_0,balanced_40,0,0,0.024390243902439025,0.0,5.567857276788942,41
a0.85_c1.00_n15_s0.5_L100_Ipredicted_mean,1,cmap_signature_reverse,cmap_signature,worst,predicted_mean,0.85,1.0,15,0.5,100,min_specialist_0,balanced_40,0,0,0.024390243902439025,0.0,5.567857276788942,41
a0.85_c1.00_n15_s0.5_L100_Ipredicted_mean,1,DART_energy,DART_distributional,worst,predicted_mean,0.85,1.0,15,0.5,100,balanced_43,balanced_40,0,0,0.02,0.0,0.3504249311351728,50
a0.85_c1.00_n15_s0.5_L100_Ipredicted_mean,1,DART_mmd,DART_distributional,worst,predicted_mean,0.85,1.0,15,0.5,100,maj_specialist_59,balanced_40,0,0,0.02040816326530612,0.0,2.438551669888014,49
a0.85_c1.00_n15_s0.5_L100_Ipredicted_mean,1,DART_sliced_wasserstein,DART_distributional,worst,predicted_mean,0.85,1.0,15,0.5,100,balanced_43,balanced_40,0,0,0.024390243902439025,0.0,0.3504249311351728,41
a0.85_c1.00_n15_s0.5_L100_Ipredicted_mean,1,DART_coverage_mean,DART_coverage,worst,predicted_mean,0.85,1.0,15,0.5,100,maj_specialist_53,balanced_40,0,0,0.01694915254237288,0.0,1.6122414719856657,59
a0.85_c1.00_n15_s0.5_L100_Ipredicted_mean,1,DART_coverage_worst,DART_coverage,worst,predicted_mean,0.85,1.0,15,0.5,100,maj_specialist_53,balanced_40,0,0,0.02702702702702703,0.0,1.6122414719856657,37
a0.85_c1.00_n15_s0.5_L100_Ipredicted_mean,2,mean_cosine,mean_signature,mean,predicted_mean,0.85,1.0,15,0.5,100,min_specialist_0,maj_specialist_79,0,0,0.0125,0.0,6.300000570309162,80
a0.85_c1.00_n15_s0.5_L100_Ipredicted_mean,2,mean_l2,mean_signature,mean,predicted_mean,0.85,1.0,15,0.5,100,balanced_31,maj_specialist_79,0,0,0.07692307692307693,0.0,2.754943653040119,13
a0.85_c1.00_n15_s0.5_L100_Ipredicted_mean,2,cmap_signature_match,cmap_signature,mean,predicted_mean,0.85,1.0,15,0.5,100,min_specialist_0,maj_specialist_79,0,0,0.0125,0.0,6.300000570309162,80
a0.85_c1.00_n15_s0.5_L100_Ipredicted_mean,2,cmap_signature_reverse,cmap_signature,mean,predicted_mean,0.85,1.0,15,0.5,100,min_specialist_0,maj_specialist_79,0,0,0.0125,0.0,6.300000570309162,80
a0.85_c1.00_n15_s0.5_L100_Ipredicted_mean,2,DART_energy,DART_distributional,mean,predicted_mean,0.85,1.0,15,0.5,100,balanced_31,maj_specialist_79,0,0,0.07692307692307693,0.0,2.754943653040119,13
a0.85_c1.00_n15_s0.5_L100_Ipredicted_mean,2,DART_mmd,DART_distributional,mean,predicted_mean,0.85,1.0,15,0.5,100,balanced_31,maj_specialist_79,0,0,0.05263157894736842,0.0,2.754943653040119,19
a0.85_c1.00_n15_s0.5_L100_Ipredicted_mean,2,DART_sliced_wasserstein,DART_distributional,mean,predicted_mean,0.85,1.0,15,0.5,100,balanced_31,maj_specialist_79,0,0,0.125,0.31546487678572877,2.754943653040119,8
a0.85_c1.00_n15_s0.5_L100_Ipredicted_mean,2,DART_coverage_mean,DART_coverage,mean,predicted_mean,0.85,1.0,15,0.5,100,balanced_47,maj_specialist_79,0,0,0.047619047619047616,0.0,1.467456647878894,21
a0.85_c1.00_n15_s0.5_L100_Ipredicted_mean,2,DART_coverage_worst,DART_coverage,mean,predicted_mean,0.85,1.0,15,0.5,100,maj_specialist_59,maj_specialist_79,0,0,0.02702702702702703,0.0,0.7441117636922616,37
a0.85_c1.00_n15_s0.5_L100_Ipredicted_mean,2,mean_cosine,mean_signature,worst,predicted_mean,0.85,1.0,15,0.5,100,min_specialist_0,balanced_39,0,0,0.025,0.0,5.567858609021819,40
a0.85_c1.00_n15_s0.5_L100_Ipredicted_mean,2,mean_l2,mean_signature,worst,predicted_mean,0.85,1.0,15,0.5,100,balanced_31,balanced_39,0,0,0.05555555555555555,0.0,0.9633079404094858,18
a0.85_c1.00_n15_s0.5_L100_Ipredicted_mean,2,cmap_signature_match,cmap_signature,worst,predicted_mean,0.85,1.0,15,0.5,100,min_specialist_0,balanced_39,0,0,0.025,0.0,5.567858609021819,40
a0.85_c1.00_n15_s0.5_L100_Ipredicted_mean,2,cmap_signature_reverse,cmap_signature,worst,predicted_mean,0.85,1.0,15,0.5,100,min_specialist_0,balanced_39,0,0,0.025,0.0,5.567858609021819,40
a0.85_c1.00_n15_s0.5_L100_Ipredicted_mean,2,DART_energy,DART_distributional,worst,predicted_mean,0.85,1.0,15,0.5,100,balanced_31,balanced_39,0,0,0.05555555555555555,0.0,0.9633079404094858,18
a0.85_c1.00_n15_s0.5_L100_Ipredicted_mean,2,DART_mmd,DART_distributional,worst,predicted_mean,0.85,1.0,15,0.5,100,balanced_31,balanced_39,0,0,0.058823529411764705,0.0,0.9633079404094858,17
a0.85_c1.00_n15_s0.5_L100_Ipredicted_mean,2,DART_sliced_wasserstein,DART_distributional,worst,predicted_mean,0.85,1.0,15,0.5,100,balanced_31,balanced_39,0,0,0.08333333333333333,0.0,0.9633079404094858,12
a0.85_c1.00_n15_s0.5_L100_Ipredicted_mean,2,DART_coverage_mean,DART_coverage,worst,predicted_mean,0.85,1.0,15,0.5,100,balanced_47,balanced_39,0,0,0.018518518518518517,0.0,0.837846310069267,54
a0.85_c1.00_n15_s0.5_L100_Ipredicted_mean,2,DART_coverage_worst,DART_coverage,worst,predicted_mean,0.85,1.0,15,0.5,100,maj_specialist_59,balanced_39,0,0,0.016129032258064516,0.0,2.4385522386323437,62
a0.85_c0.00_n60_s0.5_L20_Iobserved,0,mean_cosine,mean_signature,mean,observed,0.85,0.0,60,0.5,20,min_specialist_0,maj_specialist_14,0,0,0.06666666666666667,0.0,1.3944908872076667e-07,15
a0.85_c0.00_n60_s0.5_L20_Iobserved,0,mean_l2,mean_signature,mean,observed,0.85,0.0,60,0.5,20,min_specialist_2,maj_specialist_14,0,0,0.125,0.31546487678572877,3.915640149898536e-07,8
a0.85_c0.00_n60_s0.5_L20_Iobserved,0,cmap_signature_match,cmap_signature,mean,observed,0.85,0.0,60,0.5,20,min_specialist_0,maj_specialist_14,0,0,0.06666666666666667,0.0,1.3944908872076667e-07,15
a0.85_c0.00_n60_s0.5_L20_Iobserved,0,cmap_signature_reverse,cmap_signature,mean,observed,0.85,0.0,60,0.5,20,min_specialist_0,maj_specialist_14,0,0,0.06666666666666667,0.0,1.3944908872076667e-07,15
a0.85_c0.00_n60_s0.5_L20_Iobserved,0,DART_energy,DART_distributional,mean,observed,0.85,0.0,60,0.5,20,min_specialist_2,maj_specialist_14,0,0,0.1111111111111111,0.3010299956639812,3.915640149898536e-07,9
a0.85_c0.00_n60_s0.5_L20_Iobserved,0,DART_mmd,DART_distributional,mean,observed,0.85,0.0,60,0.5,20,min_specialist_2,maj_specialist_14,0,0,0.1111111111111111,0.3010299956639812,3.915640149898536e-07,9
a0.85_c0.00_n60_s0.5_L20_Iobserved,0,DART_sliced_wasserstein,DART_distributional,mean,observed,0.85,0.0,60,0.5,20,min_specialist_2,maj_specialist_14,0,0,0.08333333333333333,0.0,3.915640149898536e-07,12
a0.85_c0.00_n60_s0.5_L20_Iobserved,0,DART_coverage_mean,DART_coverage,mean,observed,0.85,0.0,60,0.5,20,maj_specialist_10,maj_specialist_14,0,0,0.125,0.31546487678572877,2.3883882604991413e-07,8
a0.85_c0.00_n60_s0.5_L20_Iobserved,0,DART_coverage_worst,DART_coverage,mean,observed,0.85,0.0,60,0.5,20,maj_specialist_10,maj_specialist_14,0,0,0.14285714285714285,0.3333333333333333,2.3883882604991413e-07,7
a0.85_c0.00_n60_s0.5_L20_Iobserved,0,mean_cosine,mean_signature,worst,observed,0.85,0.0,60,0.5,20,min_specialist_0,maj_specialist_14,0,0,0.06666666666666667,0.0,2.672086374388982e-07,15
a0.85_c0.00_n60_s0.5_L20_Iobserved,0,mean_l2,mean_signature,worst,observed,0.85,0.0,60,0.5,20,min_specialist_2,maj_specialist_14,0,0,0.125,0.31546487678572877,4.956648744780523e-07,8
a0.85_c0.00_n60_s0.5_L20_Iobserved,0,cmap_signature_match,cmap_signature,worst,observed,0.85,0.0,60,0.5,20,min_specialist_0,maj_specialist_14,0,0,0.06666666666666667,0.0,2.672086374388982e-07,15
a0.85_c0.00_n60_s0.5_L20_Iobserved,0,cmap_signature_reverse,cmap_signature,worst,observed,0.85,0.0,60,0.5,20,min_specialist_0,maj_specialist_14,0,0,0.06666666666666667,0.0,2.672086374388982e-07,15
a0.85_c0.00_n60_s0.5_L20_Iobserved,0,DART_energy,DART_distributional,worst,observed,0.85,0.0,60,0.5,20,min_specialist_2,maj_specialist_14,0,0,0.1111111111111111,0.3010299956639812,4.956648744780523e-07,9
a0.85_c0.00_n60_s0.5_L20_Iobserved,0,DART_mmd,DART_distributional,worst,observed,0.85,0.0,60,0.5,20,min_specialist_2,maj_specialist_14,0,0,0.1111111111111111,0.3010299956639812,4.956648744780523e-07,9
a0.85_c0.00_n60_s0.5_L20_Iobserved,0,DART_sliced_wasserstein,DART_distributional,worst,observed,0.85,0.0,60,0.5,20,min_specialist_2,maj_specialist_14,0,0,0.08333333333333333,0.0,4.956648744780523e-07,12
a0.85_c0.00_n60_s0.5_L20_Iobserved,0,DART_coverage_mean,DART_coverage,worst,observed,0.85,0.0,60,0.5,20,maj_specialist_10,maj_specialist_14,0,0,0.125,0.31546487678572877,2.5773463008249564e-07,8
a0.85_c0.00_n60_s0.5_L20_Iobserved,0,DART_coverage_worst,DART_coverage,worst,observed,0.85,0.0,60,0.5,20,maj_specialist_10,maj_specialist_14,0,0,0.14285714285714285,0.3333333333333333,2.5773463008249564e-07,7
a0.85_c0.00_n60_s0.5_L20_Iobserved,1,mean_cosine,mean_signature,mean,observed,0.85,0.0,60,0.5,20,min_specialist_0,min_specialist_3,0,1,0.25,0.43067655807339306,2.579972253613505e-07,4
a0.85_c0.00_n60_s0.5_L20_Iobserved,1,mean_l2,mean_signature,mean,observed,0.85,0.0,60,0.5,20,balanced_8,min_specialist_3,0,0,0.09090909090909091,0.0,2.45133755072402e-07,11
a0.85_c0.00_n60_s0.5_L20_Iobserved,1,cmap_signature_match,cmap_signature,mean,observed,0.85,0.0,60,0.5,20,min_specialist_0,min_specialist_3,0,1,0.25,0.43067655807339306,2.579972253613505e-07,4
a0.85_c0.00_n60_s0.5_L20_Iobserved,1,cmap_signature_reverse,cmap_signature,mean,observed,0.85,0.0,60,0.5,20,min_specialist_0,min_specialist_3,0,1,0.25,0.43067655807339306,2.579972253613505e-07,4
a0.85_c0.00_n60_s0.5_L20_Iobserved,1,DART_energy,DART_distributional,mean,observed,0.85,0.0,60,0.5,20,maj_specialist_11,min_specialist_3,0,0,0.09090909090909091,0.0,8.027593558779245e-07,11
a0.85_c0.00_n60_s0.5_L20_Iobserved,1,DART_mmd,DART_distributional,mean,observed,0.85,0.0,60,0.5,20,maj_specialist_11,min_specialist_3,0,0,0.08333333333333333,0.0,8.027593558779245e-07,12
a0.85_c0.00_n60_s0.5_L20_Iobserved,1,DART_sliced_wasserstein,DART_distributional,mean,observed,0.85,0.0,60,0.5,20,maj_specialist_11,min_specialist_3,0,0,0.07692307692307693,0.0,8.027593558779245e-07,13
a0.85_c0.00_n60_s0.5_L20_Iobserved,1,DART_coverage_mean,DART_coverage,mean,observed,0.85,0.0,60,0.5,20,maj_specialist_11,min_specialist_3,0,0,0.07142857142857142,0.0,8.027593558779245e-07,14
a0.85_c0.00_n60_s0.5_L20_Iobserved,1,DART_coverage_worst,DART_coverage,mean,observed,0.85,0.0,60,0.5,20,maj_specialist_13,min_specialist_3,0,0,0.06666666666666667,0.0,8.133120843467623e-08,15
a0.85_c0.00_n60_s0.5_L20_Iobserved,1,mean_cosine,mean_signature,worst,observed,0.85,0.0,60,0.5,20,min_specialist_0,min_specialist_3,0,1,0.25,0.43067655807339306,3.7003190911377715e-07,4
a0.85_c0.00_n60_s0.5_L20_Iobserved,1,mean_l2,mean_signature,worst,observed,0.85,0.0,60,0.5,20,balanced_8,min_specialist_3,0,0,0.09090909090909091,0.0,2.419759184135728e-07,11
a0.85_c0.00_n60_s0.5_L20_Iobserved,1,cmap_signature_match,cmap_signature,worst,observed,0.85,0.0,60,0.5,20,min_specialist_0,min_specialist_3,0,1,0.25,0.43067655807339306,3.7003190911377715e-07,4
a0.85_c0.00_n60_s0.5_L20_Iobserved,1,cmap_signature_reverse,cmap_signature,worst,observed,0.85,0.0,60,0.5,20,min_specialist_0,min_specialist_3,0,1,0.25,0.43067655807339306,3.7003190911377715e-07,4
a0.85_c0.00_n60_s0.5_L20_Iobserved,1,DART_energy,DART_distributional,worst,observed,0.85,0.0,60,0.5,20,maj_specialist_11,min_specialist_3,0,0,0.09090909090909091,0.0,8.81927007867489e-07,11
a0.85_c0.00_n60_s0.5_L20_Iobserved,1,DART_mmd,DART_distributional,worst,observed,0.85,0.0,60,0.5,20,maj_specialist_11,min_specialist_3,0,0,0.08333333333333333,0.0,8.81927007867489e-07,12
a0.85_c0.00_n60_s0.5_L20_Iobserved,1,DART_sliced_wasserstein,DART_distributional,worst,observed,0.85,0.0,60,0.5,20,maj_specialist_11,min_specialist_3,0,0,0.07692307692307693,0.0,8.81927007867489e-07,13
a0.85_c0.00_n60_s0.5_L20_Iobserved,1,DART_coverage_mean,DART_coverage,worst,observed,0.85,0.0,60,0.5,20,maj_specialist_11,min_specialist_3,0,0,0.07142857142857142,0.0,8.81927007867489e-07,14
a0.85_c0.00_n60_s0.5_L20_Iobserved,1,DART_coverage_worst,DART_coverage,worst,observed,0.85,0.0,60,0.5,20,maj_specialist_13,min_specialist_3,0,0,0.06666666666666667,0.0,2.0160564062621233e-07,15
a0.85_c0.00_n60_s0.5_L20_Iobserved,2,mean_cosine,mean_signature,mean,observed,0.85,0.0,60,0.5,20,min_specialist_0,maj_specialist_14,0,0,0.06666666666666667,0.0,6.395216338717091e-07,15
a0.85_c0.00_n60_s0.5_L20_Iobserved,2,mean_l2,mean_signature,mean,observed,0.85,0.0,60,0.5,20,maj_specialist_11,maj_specialist_14,0,0,0.1,0.2890648263178879,5.661136093237928e-07,10
a0.85_c0.00_n60_s0.5_L20_Iobserved,2,cmap_signature_match,cmap_signature,mean,observed,0.85,0.0,60,0.5,20,min_specialist_0,maj_specialist_14,0,0,0.06666666666666667,0.0,6.395216338717091e-07,15
a0.85_c0.00_n60_s0.5_L20_Iobserved,2,cmap_signature_reverse,cmap_signature,mean,observed,0.85,0.0,60,0.5,20,min_specialist_0,maj_specialist_14,0,0,0.06666666666666667,0.0,6.395216338717091e-07,15
a0.85_c0.00_n60_s0.5_L20_Iobserved,2,DART_energy,DART_distributional,mean,observed,0.85,0.0,60,0.5,20,maj_specialist_11,maj_specialist_14,0,0,0.09090909090909091,0.0,5.661136093237928e-07,11
a0.85_c0.00_n60_s0.5_L20_Iobserved,2,DART_mmd,DART_distributional,mean,observed,0.85,0.0,60,0.5,20,maj_specialist_11,maj_specialist_14,0,0,0.08333333333333333,0.0,5.661136093237928e-07,12
a0.85_c0.00_n60_s0.5_L20_Iobserved,2,DART_sliced_wasserstein,DART_distributional,mean,observed,0.85,0.0,60,0.5,20,maj_specialist_12,maj_specialist_14,0,0,0.07692307692307693,0.0,4.93835027981504e-07,13
a0.85_c0.00_n60_s0.5_L20_Iobserved,2,DART_coverage_mean,DART_coverage,mean,observed,0.85,0.0,60,0.5,20,balanced_6,maj_specialist_14,0,1,0.25,0.43067655807339306,2.2027845858474393e-07,4
a0.85_c0.00_n60_s0.5_L20_Iobserved,2,DART_coverage_worst,DART_coverage,mean,observed,0.85,0.0,60,0.5,20,balanced_6,maj_specialist_14,0,1,0.3333333333333333,0.5,2.2027845858474393e-07,3
a0.85_c0.00_n60_s0.5_L20_Iobserved,2,mean_cosine,mean_signature,worst,observed,0.85,0.0,60,0.5,20,min_specialist_0,maj_specialist_14,0,0,0.06666666666666667,0.0,6.368911122933696e-07,15
a0.85_c0.00_n60_s0.5_L20_Iobserved,2,mean_l2,mean_signature,worst,observed,0.85,0.0,60,0.5,20,maj_specialist_11,maj_specialist_14,0,0,0.1,0.2890648263178879,6.322069836528499e-07,10
a0.85_c0.00_n60_s0.5_L20_Iobserved,2,cmap_signature_match,cmap_signature,worst,observed,0.85,0.0,60,0.5,20,min_specialist_0,maj_specialist_14,0,0,0.06666666666666667,0.0,6.368911122933696e-07,15
a0.85_c0.00_n60_s0.5_L20_Iobserved,2,cmap_signature_reverse,cmap_signature,worst,observed,0.85,0.0,60,0.5,20,min_specialist_0,maj_specialist_14,0,0,0.06666666666666667,0.0,6.368911122933696e-07,15
a0.85_c0.00_n60_s0.5_L20_Iobserved,2,DART_energy,DART_distributional,worst,observed,0.85,0.0,60,0.5,20,maj_specialist_11,maj_specialist_14,0,0,0.09090909090909091,0.0,6.322069836528499e-07,11
a0.85_c0.00_n60_s0.5_L20_Iobserved,2,DART_mmd,DART_distributional,worst,observed,0.85,0.0,60,0.5,20,maj_specialist_11,maj_specialist_14,0,0,0.08333333333333333,0.0,6.322069836528499e-07,12
a0.85_c0.00_n60_s0.5_L20_Iobserved,2,DART_sliced_wasserstein,DART_distributional,worst,observed,0.85,0.0,60,0.5,20,maj_specialist_12,maj_specialist_14,0,0,0.07692307692307693,0.0,5.855622760009283e-07,13
a0.85_c0.00_n60_s0.5_L20_Iobserved,2,DART_coverage_mean,DART_coverage,worst,observed,0.85,0.0,60,0.5,20,balanced_6,maj_specialist_14,0,1,0.25,0.43067655807339306,2.1833904995105513e-07,4
a0.85_c0.00_n60_s0.5_L20_Iobserved,2,DART_coverage_worst,DART_coverage,worst,observed,0.85,0.0,60,0.5,20,balanced_6,maj_specialist_14,0,1,0.3333333333333333,0.5,2.1833904995105513e-07,3
a0.85_c0.00_n60_s0.5_L100_Iobserved,0,mean_cosine,mean_signature,mean,observed,0.85,0.0,60,0.5,100,min_specialist_0,maj_specialist_62,0,0,0.015873015873015872,0.0,5.063506058888834e-07,63
a0.85_c0.00_n60_s0.5_L100_Iobserved,0,mean_l2,mean_signature,mean,observed,0.85,0.0,60,0.5,100,min_specialist_2,maj_specialist_62,0,0,0.07142857142857142,0.0,7.584655321579703e-07,14
a0.85_c0.00_n60_s0.5_L100_Iobserved,0,cmap_signature_match,cmap_signature,mean,observed,0.85,0.0,60,0.5,100,min_specialist_0,maj_specialist_62,0,0,0.015873015873015872,0.0,5.063506058888834e-07,63
a0.85_c0.00_n60_s0.5_L100_Iobserved,0,cmap_signature_reverse,cmap_signature,mean,observed,0.85,0.0,60,0.5,100,min_specialist_0,maj_specialist_62,0,0,0.015873015873015872,0.0,5.063506058888834e-07,63
a0.85_c0.00_n60_s0.5_L100_Iobserved,0,DART_energy,DART_distributional,mean,observed,0.85,0.0,60,0.5,100,min_specialist_2,maj_specialist_62,0,0,0.0625,0.0,7.584655321579703e-07,16
a0.85_c0.00_n60_s0.5_L100_Iobserved,0,DART_mmd,DART_distributional,mean,observed,0.85,0.0,60,0.5,100,min_specialist_21,maj_specialist_62,0,0,0.05263157894736842,0.0,5.326156333751442e-07,19
a0.85_c0.00_n60_s0.5_L100_Iobserved,0,DART_sliced_wasserstein,DART_distributional,mean,observed,0.85,0.0,60,0.5,100,maj_specialist_67,maj_specialist_62,0,0,0.07692307692307693,0.0,6.60060013757402e-07,13
a0.85_c0.00_n60_s0.5_L100_Iobserved,0,DART_coverage_mean,DART_coverage,mean,observed,0.85,0.0,60,0.5,100,maj_specialist_61,maj_specialist_62,0,0,0.016129032258064516,0.0,1.5460329549910057e-07,62
a0.85_c0.00_n60_s0.5_L100_Iobserved,0,DART_coverage_worst,DART_coverage,mean,observed,0.85,0.0,60,0.5,100,balanced_44,maj_specialist_62,0,0,0.012987012987012988,0.0,7.641846053729751e-07,77
a0.85_c0.00_n60_s0.5_L100_Iobserved,0,mean_cosine,mean_signature,worst,observed,0.85,0.0,60,0.5,100,min_specialist_0,maj_specialist_62,0,0,0.015873015873015872,0.0,6.698310706099164e-07,63
a0.85_c0.00_n60_s0.5_L100_Iobserved,0,mean_l2,mean_signature,worst,observed,0.85,0.0,60,0.5,100,min_specialist_2,maj_specialist_62,0,0,0.07142857142857142,0.0,8.982873076490705e-07,14
a0.85_c0.00_n60_s0.5_L100_Iobserved,0,cmap_signature_match,cmap_signature,worst,observed,0.85,0.0,60,0.5,100,min_specialist_0,maj_specialist_62,0,0,0.015873015873015872,0.0,6.698310706099164e-07,63
a0.85_c0.00_n60_s0.5_L100_Iobserved,0,cmap_signature_reverse,cmap_signature,worst,observed,0.85,0.0,60,0.5,100,min_specialist_0,maj_specialist_62,0,0,0.015873015873015872,0.0,6.698310706099164e-07,63
a0.85_c0.00_n60_s0.5_L100_Iobserved,0,DART_energy,DART_distributional,worst,observed,0.85,0.0,60,0.5,100,min_specialist_2,maj_specialist_62,0,0,0.0625,0.0,8.982873076490705e-07,16
a0.85_c0.00_n60_s0.5_L100_Iobserved,0,DART_mmd,DART_distributional,worst,observed,0.85,0.0,60,0.5,100,min_specialist_21,maj_specialist_62,0,0,0.05263157894736842,0.0,6.587824472603643e-07,19
a0.85_c0.00_n60_s0.5_L100_Iobserved,0,DART_sliced_wasserstein,DART_distributional,worst,observed,0.85,0.0,60,0.5,100,maj_specialist_67,maj_specialist_62,0,0,0.07692307692307693,0.0,8.771834067999862e-07,13
a0.85_c0.00_n60_s0.5_L100_Iobserved,0,DART_coverage_mean,DART_coverage,worst,observed,0.85,0.0,60,0.5,100,maj_specialist_61,maj_specialist_62,0,0,0.016129032258064516,0.0,2.742957221357756e-07,62
a0.85_c0.00_n60_s0.5_L100_Iobserved,0,DART_coverage_worst,DART_coverage,worst,observed,0.85,0.0,60,0.5,100,balanced_44,maj_specialist_62,0,0,0.012987012987012988,0.0,9.667888001274605e-07,77
a0.85_c0.00_n60_s0.5_L100_Iobserved,1,mean_cosine,mean_signature,mean,observed,0.85,0.0,60,0.5,100,min_specialist_0,balanced_30,0,0,0.03225806451612903,0.0,2.8031294618813263e-07,31
a0.85_c0.00_n60_s0.5_L100_Iobserved,1,mean_l2,mean_signature,mean,observed,0.85,0.0,60,0.5,100,maj_specialist_65,balanced_30,0,0,0.04,0.0,1.0027914036925267e-06,25
a0.85_c0.00_n60_s0.5_L100_Iobserved,1,cmap_signature_match,cmap_signature,mean,observed,0.85,0.0,60,0.5,100,min_specialist_0,balanced_30,0,0,0.03225806451612903,0.0,2.8031294618813263e-07,31
a0.85_c0.00_n60_s0.5_L100_Iobserved,1,cmap_signature_reverse,cmap_signature,mean,observed,0.85,0.0,60,0.5,100,min_specialist_0,balanced_30,0,0,0.03225806451612903,0.0,2.8031294618813263e-07,31
a0.85_c0.00_n60_s0.5_L100_Iobserved,1,DART_energy,DART_distributional,mean,observed,0.85,0.0,60,0.5,100,maj_specialist_65,balanced_30,0,0,0.038461538461538464,0.0,1.0027914036925267e-06,26
a0.85_c0.00_n60_s0.5_L100_Iobserved,1,DART_mmd,DART_distributional,mean,observed,0.85,0.0,60,0.5,100,maj_specialist_65,balanced_30,0,0,0.025,0.0,1.0027914036925267e-06,40
a0.85_c0.00_n60_s0.5_L100_Iobserved,1,DART_sliced_wasserstein,DART_distributional,mean,observed,0.85,0.0,60,0.5,100,maj_specialist_69,balanced_30,0,0,0.015384615384615385,0.0,2.6375587935945077e-08,65
a0.85_c0.00_n60_s0.5_L100_Iobserved,1,DART_coverage_mean,DART_coverage,mean,observed,0.85,0.0,60,0.5,100,min_specialist_4,balanced_30,0,0,0.014925373134328358,0.0,8.144491303596624e-07,67
a0.85_c0.00_n60_s0.5_L100_Iobserved,1,DART_coverage_worst,DART_coverage,mean,observed,0.85,0.0,60,0.5,100,min_specialist_4,balanced_30,0,0,0.016129032258064516,0.0,8.144491303596624e-07,62
a0.85_c0.00_n60_s0.5_L100_Iobserved,1,mean_cosine,mean_signature,worst,observed,0.85,0.0,60,0.5,100,min_specialist_0,min_specialist_3,0,1,0.25,0.43067655807339306,3.7003190911377715e-07,4
a0.85_c0.00_n60_s0.5_L100_Iobserved,1,mean_l2,mean_signature,worst,observed,0.85,0.0,60,0.5,100,maj_specialist_65,min_specialist_3,0,0,0.014492753623188406,0.0,9.900144597452254e-07,69
a0.85_c0.00_n60_s0.5_L100_Iobserved,1,cmap_signature_match,cmap_signature,worst,observed,0.85,0.0,60,0.5,100,min_specialist_0,min_specialist_3,0,1,0.25,0.43067655807339306,3.7003190911377715e-07,4
a0.85_c0.00_n60_s0.5_L100_Iobserved,1,cmap_signature_reverse,cmap_signature,worst,observed,0.85,0.0,60,0.5,100,min_specialist_0,min_specialist_3,0,1,0.25,0.43067655807339306,3.7003190911377715e-07,4
a0.85_c0.00_n60_s0.5_L100_Iobserved,1,DART_energy,DART_distributional,worst,observed,0.85,0.0,60,0.5,100,maj_specialist_65,min_specialist_3,0,0,0.014285714285714285,0.0,9.900144597452254e-07,70
a0.85_c0.00_n60_s0.5_L100_Iobserved,1,DART_mmd,DART_distributional,worst,observed,0.85,0.0,60,0.5,100,maj_specialist_65,min_specialist_3,0,0,0.014705882352941176,0.0,9.900144597452254e-07,68
a0.85_c0.00_n60_s0.5_L100_Iobserved,1,DART_sliced_wasserstein,DART_distributional,worst,observed,0.85,0.0,60,0.5,100,maj_specialist_69,min_specialist_3,0,0,0.0136986301369863,0.0,1.5250786944420724e-07,73
a0.85_c0.00_n60_s0.5_L100_Iobserved,1,DART_coverage_mean,DART_coverage,worst,observed,0.85,0.0,60,0.5,100,min_specialist_4,min_specialist_3,0,0,0.03333333333333333,0.0,9.31261414649498e-07,30
a0.85_c0.00_n60_s0.5_L100_Iobserved,1,DART_coverage_worst,DART_coverage,worst,observed,0.85,0.0,60,0.5,100,min_specialist_4,min_specialist_3,0,0,0.0625,0.0,9.31261414649498e-07,16
a0.85_c0.00_n60_s0.5_L100_Iobserved,2,mean_cosine,mean_signature,mean,observed,0.85,0.0,60,0.5,100,min_specialist_0,maj_specialist_61,0,0,0.016129032258064516,0.0,1.073285325503548e-06,62
a0.85_c0.00_n60_s0.5_L100_Iobserved,2,mean_l2,mean_signature,mean,observed,0.85,0.0,60,0.5,100,balanced_31,maj_specialist_61,0,0,0.045454545454545456,0.0,1.0981208191651604e-06,22
a0.85_c0.00_n60_s0.5_L100_Iobserved,2,cmap_signature_match,cmap_signature,mean,observed,0.85,0.0,60,0.5,100,min_specialist_0,maj_specialist_61,0,0,0.016129032258064516,0.0,1.073285325503548e-06,62
a0.85_c0.00_n60_s0.5_L100_Iobserved,2,cmap_signature_reverse,cmap_signature,mean,observed,0.85,0.0,60,0.5,100,min_specialist_0,maj_specialist_61,0,0,0.016129032258064516,0.0,1.073285325503548e-06,62
a0.85_c0.00_n60_s0.5_L100_Iobserved,2,DART_energy,DART_distributional,mean,observed,0.85,0.0,60,0.5,100,balanced_31,maj_specialist_61,0,0,0.041666666666666664,0.0,1.0981208191651604e-06,24
a0.85_c0.00_n60_s0.5_L100_Iobserved,2,DART_mmd,DART_distributional,mean,observed,0.85,0.0,60,0.5,100,min_specialist_21,maj_specialist_61,0,0,0.022727272727272728,0.0,1.3581048641242432e-06,44
a0.85_c0.00_n60_s0.5_L100_Iobserved,2,DART_sliced_wasserstein,DART_distributional,mean,observed,0.85,0.0,60,0.5,100,balanced_42,maj_specialist_61,0,0,0.0625,0.0,7.841248716999871e-07,16
a0.85_c0.00_n60_s0.5_L100_Iobserved,2,DART_coverage_mean,DART_coverage,mean,observed,0.85,0.0,60,0.5,100,balanced_47,maj_specialist_61,0,0,0.01282051282051282,0.0,6.057178154605936e-07,78
a0.85_c0.00_n60_s0.5_L100_Iobserved,2,DART_coverage_worst,DART_coverage,mean,observed,0.85,0.0,60,0.5,100,balanced_47,maj_specialist_61,0,0,0.013333333333333334,0.0,6.057178154605936e-07,75
a0.85_c0.00_n60_s0.5_L100_Iobserved,2,mean_cosine,mean_signature,worst,observed,0.85,0.0,60,0.5,100,min_specialist_0,maj_specialist_61,0,0,0.016129032258064516,0.0,8.024909128323543e-07,62
a0.85_c0.00_n60_s0.5_L100_Iobserved,2,mean_l2,mean_signature,worst,observed,0.85,0.0,60,0.5,100,balanced_31,maj_specialist_61,0,0,0.045454545454545456,0.0,8.237049051729173e-07,22
a0.85_c0.00_n60_s0.5_L100_Iobserved,2,cmap_signature_match,cmap_signature,worst,observed,0.85,0.0,60,0.5,100,min_specialist_0,maj_specialist_61,0,0,0.016129032258064516,0.0,8.024909128323543e-07,62
a0.85_c0.00_n60_s0.5_L100_Iobserved,2,cmap_signature_reverse,cmap_signature,worst,observed,0.85,0.0,60,0.5,100,min_specialist_0,maj_specialist_61,0,0,0.016129032258064516,0.0,8.024909128323543e-07,62
a0.85_c0.00_n60_s0.5_L100_Iobserved,2,DART_energy,DART_distributional,worst,observed,0.85,0.0,60,0.5,100,balanced_31,maj_specialist_61,0,0,0.041666666666666664,0.0,8.237049051729173e-07,24
a0.85_c0.00_n60_s0.5_L100_Iobserved,2,DART_mmd,DART_distributional,worst,observed,0.85,0.0,60,0.5,100,min_specialist_21,maj_specialist_61,0,0,0.022727272727272728,0.0,1.1363534184738455e-06,44
a0.85_c0.00_n60_s0.5_L100_Iobserved,2,DART_sliced_wasserstein,DART_distributional,worst,observed,0.85,0.0,60,0.5,100,balanced_42,maj_specialist_61,0,0,0.0625,0.0,5.212884985894561e-07,16
a0.85_c0.00_n60_s0.5_L100_Iobserved,2,DART_coverage_mean,DART_coverage,worst,observed,0.85,0.0,60,0.5,100,balanced_47,maj_specialist_61,0,0,0.01282051282051282,0.0,3.4235837986784645e-07,78
a0.85_c0.00_n60_s0.5_L100_Iobserved,2,DART_coverage_worst,DART_coverage,worst,observed,0.85,0.0,60,0.5,100,balanced_47,maj_specialist_61,0,0,0.013333333333333334,0.0,3.4235837986784645e-07,75
a0.85_c0.00_n60_s0.5_L20_Ipredicted_mean,0,mean_cosine,mean_signature,mean,predicted_mean,0.85,0.0,60,0.5,20,min_specialist_0,maj_specialist_14,0,0,0.06666666666666667,0.0,1.3944908872076667e-07,15
a0.85_c0.00_n60_s0.5_L20_Ipredicted_mean,0,mean_l2,mean_signature,mean,predicted_mean,0.85,0.0,60,0.5,20,min_specialist_2,maj_specialist_14,0,0,0.125,0.31546487678572877,3.915640149898536e-07,8
a0.85_c0.00_n60_s0.5_L20_Ipredicted_mean,0,cmap_signature_match,cmap_signature,mean,predicted_mean,0.85,0.0,60,0.5,20,min_specialist_0,maj_specialist_14,0,0,0.06666666666666667,0.0,1.3944908872076667e-07,15
a0.85_c0.00_n60_s0.5_L20_Ipredicted_mean,0,cmap_signature_reverse,cmap_signature,mean,predicted_mean,0.85,0.0,60,0.5,20,min_specialist_0,maj_specialist_14,0,0,0.06666666666666667,0.0,1.3944908872076667e-07,15
a0.85_c0.00_n60_s0.5_L20_Ipredicted_mean,0,DART_energy,DART_distributional,mean,predicted_mean,0.85,0.0,60,0.5,20,min_specialist_2,maj_specialist_14,0,0,0.125,0.31546487678572877,3.915640149898536e-07,8
a0.85_c0.00_n60_s0.5_L20_Ipredicted_mean,0,DART_mmd,DART_distributional,mean,predicted_mean,0.85,0.0,60,0.5,20,min_specialist_2,maj_specialist_14,0,0,0.1,0.2890648263178879,3.915640149898536e-07,10
a0.85_c0.00_n60_s0.5_L20_Ipredicted_mean,0,DART_sliced_wasserstein,DART_distributional,mean,predicted_mean,0.85,0.0,60,0.5,20,min_specialist_5,maj_specialist_14,0,0,0.09090909090909091,0.0,7.370500476611141e-07,11
a0.85_c0.00_n60_s0.5_L20_Ipredicted_mean,0,DART_coverage_mean,DART_coverage,mean,predicted_mean,0.85,0.0,60,0.5,20,min_specialist_4,maj_specialist_14,0,0,0.09090909090909091,0.0,2.137439629734672e-07,11
a0.85_c0.00_n60_s0.5_L20_Ipredicted_mean,0,DART_coverage_worst,DART_coverage,mean,predicted_mean,0.85,0.0,60,0.5,20,maj_specialist_13,maj_specialist_14,0,0,0.1111111111111111,0.3010299956639812,4.307671730430229e-07,9
a0.85_c0.00_n60_s0.5_L20_Ipredicted_mean,0,mean_cosine,mean_signature,worst,predicted_mean,0.85,0.0,60,0.5,20,min_specialist_0,maj_specialist_14,0,0,0.06666666666666667,0.0,2.672086374388982e-07,15
a0.85_c0.00_n60_s0.5_L20_Ipredicted_mean,0,mean_l2,mean_signature,worst,predicted_mean,0.85,0.0,60,0.5,20,min_specialist_2,maj_specialist_14,0,0,0.125,0.31546487678572877,4.956648744780523e-07,8
a0.85_c0.00_n60_s0.5_L20_Ipredicted_mean,0,cmap_signature_match,cmap_signature,worst,predicted_mean,0.85,0.0,60,0.5,20,min_specialist_0,maj_specialist_14,0,0,0.06666666666666667,0.0,2.672086374388982e-07,15
a0.85_c0.00_n60_s0.5_L20_Ipredicted_mean,0,cmap_signature_reverse,cmap_signature,worst,predicted_mean,0.85,0.0,60,0.5,20,min_specialist_0,maj_specialist_14,0,0,0.06666666666666667,0.0,2.672086374388982e-07,15
a0.85_c0.00_n60_s0.5_L20_Ipredicted_mean,0,DART_energy,DART_distributional,worst,predicted_mean,0.85,0.0,60,0.5,20,min_specialist_2,maj_specialist_14,0,0,0.125,0.31546487678572877,4.956648744780523e-07,8
a0.85_c0.00_n60_s0.5_L20_Ipredicted_mean,0,DART_mmd,DART_distributional,worst,predicted_mean,0.85,0.0,60,0.5,20,min_specialist_2,maj_specialist_14,0,0,0.1,0.2890648263178879,4.956648744780523e-07,10
a0.85_c0.00_n60_s0.5_L20_Ipredicted_mean,0,DART_sliced_wasserstein,DART_distributional,worst,predicted_mean,0.85,0.0,60,0.5,20,min_specialist_5,maj_specialist_14,0,0,0.09090909090909091,0.0,7.115348275021915e-07,11
a0.85_c0.00_n60_s0.5_L20_Ipredicted_mean,0,DART_coverage_mean,DART_coverage,worst,predicted_mean,0.85,0.0,60,0.5,20,min_specialist_4,maj_specialist_14,0,0,0.09090909090909091,0.0,2.862918755397459e-07,11
a0.85_c0.00_n60_s0.5_L20_Ipredicted_mean,0,DART_coverage_worst,DART_coverage,worst,predicted_mean,0.85,0.0,60,0.5,20,maj_specialist_13,maj_specialist_14,0,0,0.1111111111111111,0.3010299956639812,5.827570497274337e-07,9
a0.85_c0.00_n60_s0.5_L20_Ipredicted_mean,1,mean_cosine,mean_signature,mean,predicted_mean,0.85,0.0,60,0.5,20,min_specialist_0,min_specialist_3,0,1,0.25,0.43067655807339306,2.579972253613505e-07,4
a0.85_c0.00_n60_s0.5_L20_Ipredicted_mean,1,mean_l2,mean_signature,mean,predicted_mean,0.85,0.0,60,0.5,20,balanced_8,min_specialist_3,0,0,0.09090909090909091,0.0,2.45133755072402e-07,11
a0.85_c0.00_n60_s0.5_L20_Ipredicted_mean,1,cmap_signature_match,cmap_signature,mean,predicted_mean,0.85,0.0,60,0.5,20,min_specialist_0,min_specialist_3,0,1,0.25,0.43067655807339306,2.579972253613505e-07,4
a0.85_c0.00_n60_s0.5_L20_Ipredicted_mean,1,cmap_signature_reverse,cmap_signature,mean,predicted_mean,0.85,0.0,60,0.5,20,min_specialist_0,min_specialist_3,0,1,0.25,0.43067655807339306,2.579972253613505e-07,4
a0.85_c0.00_n60_s0.5_L20_Ipredicted_mean,1,DART_energy,DART_distributional,mean,predicted_mean,0.85,0.0,60,0.5,20,balanced_8,min_specialist_3,0,0,0.1,0.2890648263178879,2.45133755072402e-07,10
a0.85_c0.00_n60_s0.5_L20_Ipredicted_mean,1,DART_mmd,DART_distributional,mean,predicted_mean,0.85,0.0,60,0.5,20,balanced_8,min_specialist_3,0,0,0.1111111111111111,0.3010299956639812,2.45133755072402e-07,9
a0.85_c0.00_n60_s0.5_L20_Ipredicted_mean,1,DART_sliced_wasserstein,DART_distributional,mean,predicted_mean,0.85,0.0,60,0.5,20,maj_specialist_14,min_specialist_3,0,0,0.07142857142857142,0.0,5.765837158833165e-07,14
a0.85_c0.00_n60_s0.5_L20_Ipredicted_mean,1,DART_coverage_mean,DART_coverage,mean,predicted_mean,0.85,0.0,60,0.5,20,min_specialist_1,min_specialist_3,0,1,0.2,0.38685280723454163,4.841747198724988e-07,5
a0.85_c0.00_n60_s0.5_L20_Ipredicted_mean,1,DART_coverage_worst,DART_coverage,mean,predicted_mean,0.85,0.0,60,0.5,20,maj_specialist_15,min_specialist_3,0,1,0.3333333333333333,0.5,7.276470803674329e-07,3
a0.85_c0.00_n60_s0.5_L20_Ipredicted_mean,1,mean_cosine,mean_signature,worst,predicted_mean,0.85,0.0,60,0.5,20,min_specialist_0,min_specialist_3,0,1,0.25,0.43067655807339306,3.7003190911377715e-07,4
a0.85_c0.00_n60_s0.5_L20_Ipredicted_mean,1,mean_l2,mean_signature,worst,predicted_mean,0.85,0.0,60,0.5,20,balanced_8,min_specialist_3,0,0,0.09090909090909091,0.0,2.419759184135728e-07,11
a0.85_c0.00_n60_s0.5_L20_Ipredicted_mean,1,cmap_signature_match,cmap_signature,worst,predicted_mean,0.85,0.0,60,0.5,20,min_specialist_0,min_specialist_3,0,1,0.25,0.43067655807339306,3.7003190911377715e-07,4
a0.85_c0.00_n60_s0.5_L20_Ipredicted_mean,1,cmap_signature_reverse,cmap_signature,worst,predicted_mean,0.85,0.0,60,0.5,20,min_specialist_0,min_specialist_3,0,1,0.25,0.43067655807339306,3.7003190911377715e-07,4
a0.85_c0.00_n60_s0.5_L20_Ipredicted_mean,1,DART_energy,DART_distributional,worst,predicted_mean,0.85,0.0,60,0.5,20,balanced_8,min_specialist_3,0,0,0.1,0.2890648263178879,2.419759184135728e-07,10
a0.85_c0.00_n60_s0.5_L20_Ipredicted_mean,1,DART_mmd,DART_distributional,worst,predicted_mean,0.85,0.0,60,0.5,20,balanced_8,min_specialist_3,0,0,0.1111111111111111,0.3010299956639812,2.419759184135728e-07,9
a0.85_c0.00_n60_s0.5_L20_Ipredicted_mean,1,DART_sliced_wasserstein,DART_distributional,worst,predicted_mean,0.85,0.0,60,0.5,20,maj_specialist_14,min_specialist_3,0,0,0.07142857142857142,0.0,6.34293076728909e-07,14
a0.85_c0.00_n60_s0.5_L20_Ipredicted_mean,1,DART_coverage_mean,DART_coverage,worst,predicted_mean,0.85,0.0,60,0.5,20,min_specialist_1,min_specialist_3,0,1,0.2,0.38685280723454163,5.191964973505492e-07,5
a0.85_c0.00_n60_s0.5_L20_Ipredicted_mean,1,DART_coverage_worst,DART_coverage,worst,predicted_mean,0.85,0.0,60,0.5,20,maj_specialist_15,min_specialist_3,0,1,0.3333333333333333,0.5,7.922420266481822e-07,3
a0.85_c0.00_n60_s0.5_L20_Ipredicted_mean,2,mean_cosine,mean_signature,mean,predicted_mean,0.85,0.0,60,0.5,20,min_specialist_0,maj_specialist_14,0,0,0.06666666666666667,0.0,6.395216338717091e-07,15
a0.85_c0.00_n60_s0.5_L20_Ipredicted_mean,2,mean_l2,mean_signature,mean,predicted_mean,0.85,0.0,60,0.5,20,maj_specialist_11,maj_specialist_14,0,0,0.07142857142857142,0.0,5.661136093237928e-07,14
a0.85_c0.00_n60_s0.5_L20_Ipredicted_mean,2,cmap_signature_match,cmap_signature,mean,predicted_mean,0.85,0.0,60,0.5,20,min_specialist_0,maj_specialist_14,0,0,0.06666666666666667,0.0,6.395216338717091e-07,15
a0.85_c0.00_n60_s0.5_L20_Ipredicted_mean,2,cmap_signature_reverse,cmap_signature,mean,predicted_mean,0.85,0.0,60,0.5,20,min_specialist_0,maj_specialist_14,0,0,0.06666666666666667,0.0,6.395216338717091e-07,15
a0.85_c0.00_n60_s0.5_L20_Ipredicted_mean,2,DART_energy,DART_distributional,mean,predicted_mean,0.85,0.0,60,0.5,20,maj_specialist_11,maj_specialist_14,0,0,0.07142857142857142,0.0,5.661136093237928e-07,14
a0.85_c0.00_n60_s0.5_L20_Ipredicted_mean,2,DART_mmd,DART_distributional,mean,predicted_mean,0.85,0.0,60,0.5,20,maj_specialist_11,maj_specialist_14,0,0,0.07142857142857142,0.0,5.661136093237928e-07,14
a0.85_c0.00_n60_s0.5_L20_Ipredicted_mean,2,DART_sliced_wasserstein,DART_distributional,mean,predicted_mean,0.85,0.0,60,0.5,20,maj_specialist_12,maj_specialist_14,0,0,0.07142857142857142,0.0,4.93835027981504e-07,14
a0.85_c0.00_n60_s0.5_L20_Ipredicted_mean,2,DART_coverage_mean,DART_coverage,mean,predicted_mean,0.85,0.0,60,0.5,20,balanced_9,maj_specialist_14,0,0,0.16666666666666666,0.3562071871080222,4.7499676725237805e-07,6
a0.85_c0.00_n60_s0.5_L20_Ipredicted_mean,2,DART_coverage_worst,DART_coverage,mean,predicted_mean,0.85,0.0,60,0.5,20,balanced_9,maj_specialist_14,0,0,0.125,0.31546487678572877,4.7499676725237805e-07,8
a0.85_c0.00_n60_s0.5_L20_Ipredicted_mean,2,mean_cosine,mean_signature,worst,predicted_mean,0.85,0.0,60,0.5,20,min_specialist_0,maj_specialist_14,0,0,0.06666666666666667,0.0,6.368911122933696e-07,15
a0.85_c0.00_n60_s0.5_L20_Ipredicted_mean,2,mean_l2,mean_signature,worst,predicted_mean,0.85,0.0,60,0.5,20,maj_specialist_11,maj_specialist_14,0,0,0.07142857142857142,0.0,6.322069836528499e-07,14
a0.85_c0.00_n60_s0.5_L20_Ipredicted_mean,2,cmap_signature_match,cmap_signature,worst,predicted_mean,0.85,0.0,60,0.5,20,min_specialist_0,maj_specialist_14,0,0,0.06666666666666667,0.0,6.368911122933696e-07,15
a0.85_c0.00_n60_s0.5_L20_Ipredicted_mean,2,cmap_signature_reverse,cmap_signature,worst,predicted_mean,0.85,0.0,60,0.5,20,min_specialist_0,maj_specialist_14,0,0,0.06666666666666667,0.0,6.368911122933696e-07,15
a0.85_c0.00_n60_s0.5_L20_Ipredicted_mean,2,DART_energy,DART_distributional,worst,predicted_mean,0.85,0.0,60,0.5,20,maj_specialist_11,maj_specialist_14,0,0,0.07142857142857142,0.0,6.322069836528499e-07,14
a0.85_c0.00_n60_s0.5_L20_Ipredicted_mean,2,DART_mmd,DART_distributional,worst,predicted_mean,0.85,0.0,60,0.5,20,maj_specialist_11,maj_specialist_14,0,0,0.07142857142857142,0.0,6.322069836528499e-07,14
a0.85_c0.00_n60_s0.5_L20_Ipredicted_mean,2,DART_sliced_wasserstein,DART_distributional,worst,predicted_mean,0.85,0.0,60,0.5,20,maj_specialist_12,maj_specialist_14,0,0,0.07142857142857142,0.0,5.855622760009283e-07,14
a0.85_c0.00_n60_s0.5_L20_Ipredicted_mean,2,DART_coverage_mean,DART_coverage,worst,predicted_mean,0.85,0.0,60,0.5,20,balanced_9,maj_specialist_14,0,0,0.16666666666666666,0.3562071871080222,4.905904376073522e-07,6
a0.85_c0.00_n60_s0.5_L20_Ipredicted_mean,2,DART_coverage_worst,DART_coverage,worst,predicted_mean,0.85,0.0,60,0.5,20,balanced_9,maj_specialist_14,0,0,0.125,0.31546487678572877,4.905904376073522e-07,8
a0.85_c0.00_n60_s0.5_L100_Ipredicted_mean,0,mean_cosine,mean_signature,mean,predicted_mean,0.85,0.0,60,0.5,100,min_specialist_0,maj_specialist_62,0,0,0.015873015873015872,0.0,5.063506058888834e-07,63
a0.85_c0.00_n60_s0.5_L100_Ipredicted_mean,0,mean_l2,mean_signature,mean,predicted_mean,0.85,0.0,60,0.5,100,maj_specialist_57,maj_specialist_62,0,0,0.0625,0.0,5.116305104024832e-07,16
a0.85_c0.00_n60_s0.5_L100_Ipredicted_mean,0,cmap_signature_match,cmap_signature,mean,predicted_mean,0.85,0.0,60,0.5,100,min_specialist_0,maj_specialist_62,0,0,0.015873015873015872,0.0,5.063506058888834e-07,63
a0.85_c0.00_n60_s0.5_L100_Ipredicted_mean,0,cmap_signature_reverse,cmap_signature,mean,predicted_mean,0.85,0.0,60,0.5,100,min_specialist_0,maj_specialist_62,0,0,0.015873015873015872,0.0,5.063506058888834e-07,63
a0.85_c0.00_n60_s0.5_L100_Ipredicted_mean,0,DART_energy,DART_distributional,mean,predicted_mean,0.85,0.0,60,0.5,100,maj_specialist_57,maj_specialist_62,0,0,0.0625,0.0,5.116305104024832e-07,16
a0.85_c0.00_n60_s0.5_L100_Ipredicted_mean,0,DART_mmd,DART_distributional,mean,predicted_mean,0.85,0.0,60,0.5,100,maj_specialist_57,maj_specialist_62,0,0,0.06666666666666667,0.0,5.116305104024832e-07,15
a0.85_c0.00_n60_s0.5_L100_Ipredicted_mean,0,DART_sliced_wasserstein,DART_distributional,mean,predicted_mean,0.85,0.0,60,0.5,100,maj_specialist_67,maj_specialist_62,0,0,0.07142857142857142,0.0,6.60060013757402e-07,14
a0.85_c0.00_n60_s0.5_L100_Ipredicted_mean,0,DART_coverage_mean,DART_coverage,mean,predicted_mean,0.85,0.0,60,0.5,100,maj_specialist_78,maj_specialist_62,0,0,0.1,0.2890648263178879,7.7207129933754e-07,10
a0.85_c0.00_n60_s0.5_L100_Ipredicted_mean,0,DART_coverage_worst,DART_coverage,mean,predicted_mean,0.85,0.0,60,0.5,100,min_specialist_14,maj_specialist_62,0,0,0.03333333333333333,0.0,3.669015171681167e-07,30
a0.85_c0.00_n60_s0.5_L100_Ipredicted_mean,0,mean_cosine,mean_signature,worst,predicted_mean,0.85,0.0,60,0.5,100,min_specialist_0,maj_specialist_62,0,0,0.015873015873015872,0.0,6.698310706099164e-07,63
a0.85_c0.00_n60_s0.5_L100_Ipredicted_mean,0,mean_l2,mean_signature,worst,predicted_mean,0.85,0.0,60,0.5,100,maj_specialist_57,maj_specialist_62,0,0,0.0625,0.0,5.270717338135e-07,16
a0.85_c0.00_n60_s0.5_L100_Ipredicted_mean,0,cmap_signature_match,cmap_signature,worst,predicted_mean,0.85,0.0,60,0.5,100,min_specialist_0,maj_specialist_62,0,0,0.015873015873015872,0.0,6.698310706099164e-07,63
a0.85_c0.00_n60_s0.5_L100_Ipredicted_mean,0,cmap_signature_reverse,cmap_signature,worst,predicted_mean,0.85,0.0,60,0.5,100,min_specialist_0,maj_specialist_62,0,0,0.015873015873015872,0.0,6.698310706099164e-07,63
a0.85_c0.00_n60_s0.5_L100_Ipredicted_mean,0,DART_energy,DART_distributional,worst,predicted_mean,0.85,0.0,60,0.5,100,maj_specialist_57,maj_specialist_62,0,0,0.0625,0.0,5.270717338135e-07,16
a0.85_c0.00_n60_s0.5_L100_Ipredicted_mean,0,DART_mmd,DART_distributional,worst,predicted_mean,0.85,0.0,60,0.5,100,maj_specialist_57,maj_specialist_62,0,0,0.06666666666666667,0.0,5.270717338135e-07,15
a0.85_c0.00_n60_s0.5_L100_Ipredicted_mean,0,DART_sliced_wasserstein,DART_distributional,worst,predicted_mean,0.85,0.0,60,0.5,100,maj_specialist_67,maj_specialist_62,0,0,0.07142857142857142,0.0,8.771834067999862e-07,14
a0.85_c0.00_n60_s0.5_L100_Ipredicted_mean,0,DART_coverage_mean,DART_coverage,worst,predicted_mean,0.85,0.0,60,0.5,100,maj_specialist_78,maj_specialist_62,0,0,0.1,0.2890648263178879,7.740905800801556e-07,10
a0.85_c0.00_n60_s0.5_L100_Ipredicted_mean,0,DART_coverage_worst,DART_coverage,worst,predicted_mean,0.85,0.0,60,0.5,100,min_specialist_14,maj_specialist_62,0,0,0.03333333333333333,0.0,4.026224331710182e-07,30
a0.85_c0.00_n60_s0.5_L100_Ipredicted_mean,1,mean_cosine,mean_signature,mean,predicted_mean,0.85,0.0,60,0.5,100,min_specialist_0,balanced_30,0,0,0.03225806451612903,0.0,2.8031294618813263e-07,31
a0.85_c0.00_n60_s0.5_L100_Ipredicted_mean,1,mean_l2,mean_signature,mean,predicted_mean,0.85,0.0,60,0.5,100,maj_specialist_65,balanced_30,0,0,0.037037037037037035,0.0,1.0027914036925267e-06,27
a0.85_c0.00_n60_s0.5_L100_Ipredicted_mean,1,cmap_signature_match,cmap_signature,mean,predicted_mean,0.85,0.0,60,0.5,100,min_specialist_0,balanced_30,0,0,0.03225806451612903,0.0,2.8031294618813263e-07,31
a0.85_c0.00_n60_s0.5_L100_Ipredicted_mean,1,cmap_signature_reverse,cmap_signature,mean,predicted_mean,0.85,0.0,60,0.5,100,min_specialist_0,balanced_30,0,0,0.03225806451612903,0.0,2.8031294618813263e-07,31
a0.85_c0.00_n60_s0.5_L100_Ipredicted_mean,1,DART_energy,DART_distributional,mean,predicted_mean,0.85,0.0,60,0.5,100,maj_specialist_65,balanced_30,0,0,0.037037037037037035,0.0,1.0027914036925267e-06,27
a0.85_c0.00_n60_s0.5_L100_Ipredicted_mean,1,DART_mmd,DART_distributional,mean,predicted_mean,0.85,0.0,60,0.5,100,maj_specialist_65,balanced_30,0,0,0.038461538461538464,0.0,1.0027914036925267e-06,26
a0.85_c0.00_n60_s0.5_L100_Ipredicted_mean,1,DART_sliced_wasserstein,DART_distributional,mean,predicted_mean,0.85,0.0,60,0.5,100,balanced_43,balanced_30,0,0,0.015625,0.0,4.552569414784102e-07,64
a0.85_c0.00_n60_s0.5_L100_Ipredicted_mean,1,DART_coverage_mean,DART_coverage,mean,predicted_mean,0.85,0.0,60,0.5,100,min_specialist_25,balanced_30,0,0,0.0625,0.0,5.624605279308525e-07,16
a0.85_c0.00_n60_s0.5_L100_Ipredicted_mean,1,DART_coverage_worst,DART_coverage,mean,predicted_mean,0.85,0.0,60,0.5,100,maj_specialist_57,balanced_30,0,0,0.041666666666666664,0.0,5.058803900226394e-07,24
a0.85_c0.00_n60_s0.5_L100_Ipredicted_mean,1,mean_cosine,mean_signature,worst,predicted_mean,0.85,0.0,60,0.5,100,min_specialist_0,min_specialist_3,0,1,0.25,0.43067655807339306,3.7003190911377715e-07,4
a0.85_c0.00_n60_s0.5_L100_Ipredicted_mean,1,mean_l2,mean_signature,worst,predicted_mean,0.85,0.0,60,0.5,100,maj_specialist_65,min_specialist_3,0,0,0.015151515151515152,0.0,9.900144597452254e-07,66
a0.85_c0.00_n60_s0.5_L100_Ipredicted_mean,1,cmap_signature_match,cmap_signature,worst,predicted_mean,0.85,0.0,60,0.5,100,min_specialist_0,min_specialist_3,0,1,0.25,0.43067655807339306,3.7003190911377715e-07,4
a0.85_c0.00_n60_s0.5_L100_Ipredicted_mean,1,cmap_signature_reverse,cmap_signature,worst,predicted_mean,0.85,0.0,60,0.5,100,min_specialist_0,min_specialist_3,0,1,0.25,0.43067655807339306,3.7003190911377715e-07,4
a0.85_c0.00_n60_s0.5_L100_Ipredicted_mean,1,DART_energy,DART_distributional,worst,predicted_mean,0.85,0.0,60,0.5,100,maj_specialist_65,min_specialist_3,0,0,0.01639344262295082,0.0,9.900144597452254e-07,61
a0.85_c0.00_n60_s0.5_L100_Ipredicted_mean,1,DART_mmd,DART_distributional,worst,predicted_mean,0.85,0.0,60,0.5,100,maj_specialist_65,min_specialist_3,0,0,0.017241379310344827,0.0,9.900144597452254e-07,58
a0.85_c0.00_n60_s0.5_L100_Ipredicted_mean,1,DART_sliced_wasserstein,DART_distributional,worst,predicted_mean,0.85,0.0,60,0.5,100,balanced_43,min_specialist_3,0,0,0.014705882352941176,0.0,4.448227990394571e-07,68
a0.85_c0.00_n60_s0.5_L100_Ipredicted_mean,1,DART_coverage_mean,DART_coverage,worst,predicted_mean,0.85,0.0,60,0.5,100,min_specialist_25,min_specialist_3,0,0,0.023809523809523808,0.0,5.555161344261705e-07,42
a0.85_c0.00_n60_s0.5_L100_Ipredicted_mean,1,DART_coverage_worst,DART_coverage,worst,predicted_mean,0.85,0.0,60,0.5,100,maj_specialist_57,min_specialist_3,0,0,0.02564102564102564,0.0,5.065631114575808e-07,39
a0.85_c0.00_n60_s0.5_L100_Ipredicted_mean,2,mean_cosine,mean_signature,mean,predicted_mean,0.85,0.0,60,0.5,100,min_specialist_0,maj_specialist_61,0,0,0.016129032258064516,0.0,1.073285325503548e-06,62
a0.85_c0.00_n60_s0.5_L100_Ipredicted_mean,2,mean_l2,mean_signature,mean,predicted_mean,0.85,0.0,60,0.5,100,balanced_31,maj_specialist_61,0,0,0.058823529411764705,0.0,1.0981208191651604e-06,17
a0.85_c0.00_n60_s0.5_L100_Ipredicted_mean,2,cmap_signature_match,cmap_signature,mean,predicted_mean,0.85,0.0,60,0.5,100,min_specialist_0,maj_specialist_61,0,0,0.016129032258064516,0.0,1.073285325503548e-06,62
a0.85_c0.00_n60_s0.5_L100_Ipredicted_mean,2,cmap_signature_reverse,cmap_signature,mean,predicted_mean,0.85,0.0,60,0.5,100,min_specialist_0,maj_specialist_61,0,0,0.016129032258064516,0.0,1.073285325503548e-06,62
a0.85_c0.00_n60_s0.5_L100_Ipredicted_mean,2,DART_energy,DART_distributional,mean,predicted_mean,0.85,0.0,60,0.5,100,balanced_31,maj_specialist_61,0,0,0.0625,0.0,1.0981208191651604e-06,16
a0.85_c0.00_n60_s0.5_L100_Ipredicted_mean,2,DART_mmd,DART_distributional,mean,predicted_mean,0.85,0.0,60,0.5,100,balanced_31,maj_specialist_61,0,0,0.06666666666666667,0.0,1.0981208191651604e-06,15
a0.85_c0.00_n60_s0.5_L100_Ipredicted_mean,2,DART_sliced_wasserstein,DART_distributional,mean,predicted_mean,0.85,0.0,60,0.5,100,balanced_31,maj_specialist_61,0,0,0.1,0.2890648263178879,1.0981208191651604e-06,10
a0.85_c0.00_n60_s0.5_L100_Ipredicted_mean,2,DART_coverage_mean,DART_coverage,mean,predicted_mean,0.85,0.0,60,0.5,100,maj_specialist_65,maj_specialist_61,0,0,0.058823529411764705,0.0,7.142448588126626e-07,17
a0.85_c0.00_n60_s0.5_L100_Ipredicted_mean,2,DART_coverage_worst,DART_coverage,mean,predicted_mean,0.85,0.0,60,0.5,100,maj_specialist_65,maj_specialist_61,0,0,0.017857142857142856,0.0,7.142448588126626e-07,56
a0.85_c0.00_n60_s0.5_L100_Ipredicted_mean,2,mean_cosine,mean_signature,worst,predicted_mean,0.85,0.0,60,0.5,100,min_specialist_0,maj_specialist_61,0,0,0.016129032258064516,0.0,8.024909128323543e-07,62
a0.85_c0.00_n60_s0.5_L100_Ipredicted_mean,2,mean_l2,mean_signature,worst,predicted_mean,0.85,0.0,60,0.5,100,balanced_31,maj_specialist_61,0,0,0.058823529411764705,0.0,8.237049051729173e-07,17
a0.85_c0.00_n60_s0.5_L100_Ipredicted_mean,2,cmap_signature_match,cmap_signature,worst,predicted_mean,0.85,0.0,60,0.5,100,min_specialist_0,maj_specialist_61,0,0,0.016129032258064516,0.0,8.024909128323543e-07,62
a0.85_c0.00_n60_s0.5_L100_Ipredicted_mean,2,cmap_signature_reverse,cmap_signature,worst,predicted_mean,0.85,0.0,60,0.5,100,min_specialist_0,maj_specialist_61,0,0,0.016129032258064516,0.0,8.024909128323543e-07,62
a0.85_c0.00_n60_s0.5_L100_Ipredicted_mean,2,DART_energy,DART_distributional,worst,predicted_mean,0.85,0.0,60,0.5,100,balanced_31,maj_specialist_61,0,0,0.0625,0.0,8.237049051729173e-07,16
a0.85_c0.00_n60_s0.5_L100_Ipredicted_mean,2,DART_mmd,DART_distributional,worst,predicted_mean,0.85,0.0,60,0.5,100,balanced_31,maj_specialist_61,0,0,0.06666666666666667,0.0,8.237049051729173e-07,15
a0.85_c0.00_n60_s0.5_L100_Ipredicted_mean,2,DART_sliced_wasserstein,DART_distributional,worst,predicted_mean,0.85,0.0,60,0.5,100,balanced_31,maj_specialist_61,0,0,0.1,0.2890648263178879,8.237049051729173e-07,10
a0.85_c0.00_n60_s0.5_L100_Ipredicted_mean,2,DART_coverage_mean,DART_coverage,worst,predicted_mean,0.85,0.0,60,0.5,100,maj_specialist_65,maj_specialist_61,0,0,0.058823529411764705,0.0,4.3640819313850443e-07,17
a0.85_c0.00_n60_s0.5_L100_Ipredicted_mean,2,DART_coverage_worst,DART_coverage,worst,predicted_mean,0.85,0.0,60,0.5,100,maj_specialist_65,maj_specialist_61,0,0,0.017857142857142856,0.0,4.3640819313850443e-07,56
a0.85_c0.50_n60_s0.5_L20_Iobserved,0,mean_cosine,mean_signature,mean,observed,0.85,0.5,60,0.5,20,min_specialist_0,maj_specialist_15,0,0,0.0625,0.0,3.14999967604496,16
a0.85_c0.50_n60_s0.5_L20_Iobserved,0,mean_l2,mean_signature,mean,observed,0.85,0.5,60,0.5,20,min_specialist_2,maj_specialist_15,0,0,0.1111111111111111,0.3010299956639812,2.600000191424133,9
a0.85_c0.50_n60_s0.5_L20_Iobserved,0,cmap_signature_match,cmap_signature,mean,observed,0.85,0.5,60,0.5,20,min_specialist_0,maj_specialist_15,0,0,0.0625,0.0,3.14999967604496,16
a0.85_c0.50_n60_s0.5_L20_Iobserved,0,cmap_signature_reverse,cmap_signature,mean,observed,0.85,0.5,60,0.5,20,min_specialist_0,maj_specialist_15,0,0,0.0625,0.0,3.14999967604496,16
a0.85_c0.50_n60_s0.5_L20_Iobserved,0,DART_energy,DART_distributional,mean,observed,0.85,0.5,60,0.5,20,min_specialist_2,maj_specialist_15,0,0,0.16666666666666666,0.3562071871080222,2.600000191424133,6
a0.85_c0.50_n60_s0.5_L20_Iobserved,0,DART_mmd,DART_distributional,mean,observed,0.85,0.5,60,0.5,20,maj_specialist_15,maj_specialist_15,1,1,1.0,1.0,0.0,1
a0.85_c0.50_n60_s0.5_L20_Iobserved,0,DART_sliced_wasserstein,DART_distributional,mean,observed,0.85,0.5,60,0.5,20,maj_specialist_15,maj_specialist_15,1,1,1.0,1.0,0.0,1
a0.85_c0.50_n60_s0.5_L20_Iobserved,0,DART_coverage_mean,DART_coverage,mean,observed,0.85,0.5,60,0.5,20,maj_specialist_10,maj_specialist_15,0,0,0.07142857142857142,0.0,0.7999998436823894,14
a0.85_c0.50_n60_s0.5_L20_Iobserved,0,DART_coverage_worst,DART_coverage,mean,observed,0.85,0.5,60,0.5,20,balanced_6,maj_specialist_15,0,0,0.0625,0.0,1.6199996161076662,16
a0.85_c0.50_n60_s0.5_L20_Iobserved,0,mean_cosine,mean_signature,worst,observed,0.85,0.5,60,0.5,20,min_specialist_0,balanced_7,0,0,0.125,0.31546487678572877,2.3799995698850616,8
a0.85_c0.50_n60_s0.5_L20_Iobserved,0,mean_l2,mean_signature,worst,observed,0.85,0.5,60,0.5,20,min_specialist_2,balanced_7,0,0,0.1,0.2890648263178879,1.6500000993469932,10
a0.85_c0.50_n60_s0.5_L20_Iobserved,0,cmap_signature_match,cmap_signature,worst,observed,0.85,0.5,60,0.5,20,min_specialist_0,balanced_7,0,0,0.125,0.31546487678572877,2.3799995698850616,8
a0.85_c0.50_n60_s0.5_L20_Iobserved,0,cmap_signature_reverse,cmap_signature,worst,observed,0.85,0.5,60,0.5,20,min_specialist_0,balanced_7,0,0,0.125,0.31546487678572877,2.3799995698850616,8
a0.85_c0.50_n60_s0.5_L20_Iobserved,0,DART_energy,DART_distributional,worst,observed,0.85,0.5,60,0.5,20,min_specialist_2,balanced_7,0,0,0.09090909090909091,0.0,1.6500000993469932,11
a0.85_c0.50_n60_s0.5_L20_Iobserved,0,DART_mmd,DART_distributional,worst,observed,0.85,0.5,60,0.5,20,maj_specialist_15,balanced_7,0,0,0.08333333333333333,0.0,2.3800000965601242,12
a0.85_c0.50_n60_s0.5_L20_Iobserved,0,DART_sliced_wasserstein,DART_distributional,worst,observed,0.85,0.5,60,0.5,20,maj_specialist_15,balanced_7,0,0,0.06666666666666667,0.0,2.3800000965601242,15
a0.85_c0.50_n60_s0.5_L20_Iobserved,0,DART_coverage_mean,DART_coverage,worst,observed,0.85,0.5,60,0.5,20,maj_specialist_10,balanced_7,0,1,0.2,0.38685280723454163,0.6299998796464372,5
a0.85_c0.50_n60_s0.5_L20_Iobserved,0,DART_coverage_worst,DART_coverage,worst,observed,0.85,0.5,60,0.5,20,balanced_6,balanced_7,0,1,0.5,0.6309297535714575,0.30999954103128147,2
a0.85_c0.50_n60_s0.5_L20_Iobserved,1,mean_cosine,mean_signature,mean,observed,0.85,0.5,60,0.5,20,min_specialist_0,maj_specialist_15,0,0,0.0625,0.0,3.1499999590776877,16
a0.85_c0.50_n60_s0.5_L20_Iobserved,1,mean_l2,mean_signature,mean,observed,0.85,0.5,60,0.5,20,balanced_8,maj_specialist_15,0,0,0.14285714285714285,0.3333333333333333,1.1899994465439878,7
a0.85_c0.50_n60_s0.5_L20_Iobserved,1,cmap_signature_match,cmap_signature,mean,observed,0.85,0.5,60,0.5,20,min_specialist_0,maj_specialist_15,0,0,0.0625,0.0,3.1499999590776877,16
a0.85_c0.50_n60_s0.5_L20_Iobserved,1,cmap_signature_reverse,cmap_signature,mean,observed,0.85,0.5,60,0.5,20,min_specialist_0,maj_specialist_15,0,0,0.0625,0.0,3.1499999590776877,16
a0.85_c0.50_n60_s0.5_L20_Iobserved,1,DART_energy,DART_distributional,mean,observed,0.85,0.5,60,0.5,20,maj_specialist_11,maj_specialist_15,0,0,0.16666666666666666,0.3562071871080222,0.6200002385936845,6
a0.85_c0.50_n60_s0.5_L20_Iobserved,1,DART_mmd,DART_distributional,mean,observed,0.85,0.5,60,0.5,20,maj_specialist_11,maj_specialist_15,0,1,0.5,0.6309297535714575,0.6200002385936845,2
a0.85_c0.50_n60_s0.5_L20_Iobserved,1,DART_sliced_wasserstein,DART_distributional,mean,observed,0.85,0.5,60,0.5,20,maj_specialist_11,maj_specialist_15,0,0,0.14285714285714285,0.3333333333333333,0.6200002385936845,7
a0.85_c0.50_n60_s0.5_L20_Iobserved,1,DART_coverage_mean,DART_coverage,mean,observed,0.85,0.5,60,0.5,20,maj_specialist_11,maj_specialist_15,0,0,0.07692307692307693,0.0,0.6200002385936845,13
a0.85_c0.50_n60_s0.5_L20_Iobserved,1,DART_coverage_worst,DART_coverage,mean,observed,0.85,0.5,60,0.5,20,balanced_6,maj_specialist_15,0,0,0.0625,0.0,1.6199996882312409,16
a0.85_c0.50_n60_s0.5_L20_Iobserved,1,mean_cosine,mean_signature,worst,observed,0.85,0.5,60,0.5,20,min_specialist_0,balanced_8,0,0,0.1111111111111111,0.3010299956639812,2.380000370037699,9
a0.85_c0.50_n60_s0.5_L20_Iobserved,1,mean_l2,mean_signature,worst,observed,0.85,0.5,60,0.5,20,balanced_8,balanced_8,1,1,1.0,1.0,0.0,1
a0.85_c0.50_n60_s0.5_L20_Iobserved,1,cmap_signature_match,cmap_signature,worst,observed,0.85,0.5,60,0.5,20,min_specialist_0,balanced_8,0,0,0.1111111111111111,0.3010299956639812,2.380000370037699,9
a0.85_c0.50_n60_s0.5_L20_Iobserved,1,cmap_signature_reverse,cmap_signature,worst,observed,0.85,0.5,60,0.5,20,min_specialist_0,balanced_8,0,0,0.1111111111111111,0.3010299956639812,2.380000370037699,9
a0.85_c0.50_n60_s0.5_L20_Iobserved,1,DART_energy,DART_distributional,worst,observed,0.85,0.5,60,0.5,20,maj_specialist_11,balanced_8,0,1,0.5,0.6309297535714575,0.9600008291339428,2
a0.85_c0.50_n60_s0.5_L20_Iobserved,1,DART_mmd,DART_distributional,worst,observed,0.85,0.5,60,0.5,20,maj_specialist_11,balanced_8,0,1,0.25,0.43067655807339306,0.9600008291339428,4
a0.85_c0.50_n60_s0.5_L20_Iobserved,1,DART_sliced_wasserstein,DART_distributional,worst,observed,0.85,0.5,60,0.5,20,maj_specialist_11,balanced_8,0,1,0.3333333333333333,0.5,0.9600008291339428,3
a0.85_c0.50_n60_s0.5_L20_Iobserved,1,DART_coverage_mean,DART_coverage,worst,observed,0.85,0.5,60,0.5,20,maj_specialist_11,balanced_8,0,0,0.125,0.31546487678572877,0.9600008291339428,8
a0.85_c0.50_n60_s0.5_L20_Iobserved,1,DART_coverage_worst,DART_coverage,worst,observed,0.85,0.5,60,0.5,20,balanced_6,balanced_8,0,0,0.14285714285714285,0.3333333333333333,0.3100000220904491,7
a0.85_c0.50_n60_s0.5_L20_Iobserved,2,mean_cosine,mean_signature,mean,observed,0.85,0.5,60,0.5,20,min_specialist_0,maj_specialist_15,0,0,0.0625,0.0,3.1500002309782094,16
a0.85_c0.50_n60_s0.5_L20_Iobserved,2,mean_l2,mean_signature,mean,observed,0.85,0.5,60,0.5,20,maj_specialist_11,maj_specialist_15,0,0,0.07692307692307693,0.0,0.6200000294857606,13
a0.85_c0.50_n60_s0.5_L20_Iobserved,2,cmap_signature_match,cmap_signature,mean,observed,0.85,0.5,60,0.5,20,min_specialist_0,maj_specialist_15,0,0,0.0625,0.0,3.1500002309782094,16
a0.85_c0.50_n60_s0.5_L20_Iobserved,2,cmap_signature_reverse,cmap_signature,mean,observed,0.85,0.5,60,0.5,20,min_specialist_0,maj_specialist_15,0,0,0.0625,0.0,3.1500002309782094,16
a0.85_c0.50_n60_s0.5_L20_Iobserved,2,DART_energy,DART_distributional,mean,observed,0.85,0.5,60,0.5,20,maj_specialist_11,maj_specialist_15,0,0,0.125,0.31546487678572877,0.6200000294857606,8
a0.85_c0.50_n60_s0.5_L20_Iobserved,2,DART_mmd,DART_distributional,mean,observed,0.85,0.5,60,0.5,20,maj_specialist_11,maj_specialist_15,0,1,0.3333333333333333,0.5,0.6200000294857606,3
a0.85_c0.50_n60_s0.5_L20_Iobserved,2,DART_sliced_wasserstein,DART_distributional,mean,observed,0.85,0.5,60,0.5,20,maj_specialist_12,maj_specialist_15,0,0,0.125,0.31546487678572877,0.44999984354165257,8
a0.85_c0.50_n60_s0.5_L20_Iobserved,2,DART_coverage_mean,DART_coverage,mean,observed,0.85,0.5,60,0.5,20,balanced_6,maj_specialist_15,0,0,0.125,0.31546487678572877,1.6199993865799183,8
a0.85_c0.50_n60_s0.5_L20_Iobserved,2,DART_coverage_worst,DART_coverage,mean,observed,0.85,0.5,60,0.5,20,balanced_6,maj_specialist_15,0,0,0.0625,0.0,1.6199993865799183,16
a0.85_c0.50_n60_s0.5_L20_Iobserved,2,mean_cosine,mean_signature,worst,observed,0.85,0.5,60,0.5,20,min_specialist_0,balanced_7,0,0,0.125,0.31546487678572877,2.3800005296806255,8
a0.85_c0.50_n60_s0.5_L20_Iobserved,2,mean_l2,mean_signature,worst,observed,0.85,0.5,60,0.5,20,maj_specialist_11,balanced_7,0,1,0.25,0.43067655807339306,0.9600003680017295,4
a0.85_c0.50_n60_s0.5_L20_Iobserved,2,cmap_signature_match,cmap_signature,worst,observed,0.85,0.5,60,0.5,20,min_specialist_0,balanced_7,0,0,0.125,0.31546487678572877,2.3800005296806255,8
a0.85_c0.50_n60_s0.5_L20_Iobserved,2,cmap_signature_reverse,cmap_signature,worst,observed,0.85,0.5,60,0.5,20,min_specialist_0,balanced_7,0,0,0.125,0.31546487678572877,2.3800005296806255,8
a0.85_c0.50_n60_s0.5_L20_Iobserved,2,DART_energy,DART_distributional,worst,observed,0.85,0.5,60,0.5,20,maj_specialist_11,balanced_7,0,1,0.3333333333333333,0.5,0.9600003680017295,3
a0.85_c0.50_n60_s0.5_L20_Iobserved,2,DART_mmd,DART_distributional,worst,observed,0.85,0.5,60,0.5,20,maj_specialist_11,balanced_7,0,1,0.25,0.43067655807339306,0.9600003680017295,4
a0.85_c0.50_n60_s0.5_L20_Iobserved,2,DART_sliced_wasserstein,DART_distributional,worst,observed,0.85,0.5,60,0.5,20,maj_specialist_12,balanced_7,0,1,0.2,0.38685280723454163,1.3000003096819377,5
a0.85_c0.50_n60_s0.5_L20_Iobserved,2,DART_coverage_mean,DART_coverage,worst,observed,0.85,0.5,60,0.5,20,balanced_6,balanced_7,0,1,0.3333333333333333,0.5,0.3099996157380396,3
a0.85_c0.50_n60_s0.5_L20_Iobserved,2,DART_coverage_worst,DART_coverage,worst,observed,0.85,0.5,60,0.5,20,balanced_6,balanced_7,0,1,0.3333333333333333,0.5,0.3099996157380396,3
a0.85_c0.50_n60_s0.5_L100_Iobserved,0,mean_cosine,mean_signature,mean,observed,0.85,0.5,60,0.5,100,min_specialist_0,maj_specialist_79,0,0,0.0125,0.0,3.1499995716941545,80
a0.85_c0.50_n60_s0.5_L100_Iobserved,0,mean_l2,mean_signature,mean,observed,0.85,0.5,60,0.5,100,min_specialist_2,maj_specialist_79,0,0,0.09090909090909091,0.0,3.042493129071387,11
a0.85_c0.50_n60_s0.5_L100_Iobserved,0,cmap_signature_match,cmap_signature,mean,observed,0.85,0.5,60,0.5,100,min_specialist_0,maj_specialist_79,0,0,0.0125,0.0,3.1499995716941545,80
a0.85_c0.50_n60_s0.5_L100_Iobserved,0,cmap_signature_reverse,cmap_signature,mean,observed,0.85,0.5,60,0.5,100,min_specialist_0,maj_specialist_79,0,0,0.0125,0.0,3.1499995716941545,80
a0.85_c0.50_n60_s0.5_L100_Iobserved,0,DART_energy,DART_distributional,mean,observed,0.85,0.5,60,0.5,100,maj_specialist_78,maj_specialist_79,0,1,0.2,0.38685280723454163,0.02581317139358319,5
a0.85_c0.50_n60_s0.5_L100_Iobserved,0,DART_mmd,DART_distributional,mean,observed,0.85,0.5,60,0.5,100,maj_specialist_78,maj_specialist_79,0,1,0.5,0.6309297535714575,0.02581317139358319,2
a0.85_c0.50_n60_s0.5_L100_Iobserved,0,DART_sliced_wasserstein,DART_distributional,mean,observed,0.85,0.5,60,0.5,100,maj_specialist_67,maj_specialist_79,0,0,0.16666666666666666,0.3562071871080222,0.333552276416226,6
a0.85_c0.50_n60_s0.5_L100_Iobserved,0,DART_coverage_mean,DART_coverage,mean,observed,0.85,0.5,60,0.5,100,maj_specialist_61,maj_specialist_79,0,0,0.0196078431372549,0.0,0.519795974469611,51
a0.85_c0.50_n60_s0.5_L100_Iobserved,0,DART_coverage_worst,DART_coverage,mean,observed,0.85,0.5,60,0.5,100,balanced_44,maj_specialist_79,0,0,0.013157894736842105,0.0,1.1179698882550735,76
a0.85_c0.50_n60_s0.5_L100_Iobserved,0,mean_cosine,mean_signature,worst,observed,0.85,0.5,60,0.5,100,min_specialist_0,balanced_39,0,0,0.025,0.0,2.502723970678119,40
a0.85_c0.50_n60_s0.5_L100_Iobserved,0,mean_l2,mean_signature,worst,observed,0.85,0.5,60,0.5,100,min_specialist_2,balanced_39,0,0,0.02564102564102564,0.0,2.361040359886058,39
a0.85_c0.50_n60_s0.5_L100_Iobserved,0,cmap_signature_match,cmap_signature,worst,observed,0.85,0.5,60,0.5,100,min_specialist_0,balanced_39,0,0,0.025,0.0,2.502723970678119,40
a0.85_c0.50_n60_s0.5_L100_Iobserved,0,cmap_signature_reverse,cmap_signature,worst,observed,0.85,0.5,60,0.5,100,min_specialist_0,balanced_39,0,0,0.025,0.0,2.502723970678119,40
a0.85_c0.50_n60_s0.5_L100_Iobserved,0,DART_energy,DART_distributional,worst,observed,0.85,0.5,60,0.5,100,maj_specialist_78,balanced_39,0,0,0.02631578947368421,0.0,2.43170232891665,38
a0.85_c0.50_n60_s0.5_L100_Iobserved,0,DART_mmd,DART_distributional,worst,observed,0.85,0.5,60,0.5,100,maj_specialist_78,balanced_39,0,0,0.02040816326530612,0.0,2.43170232891665,49
a0.85_c0.50_n60_s0.5_L100_Iobserved,0,DART_sliced_wasserstein,DART_distributional,worst,observed,0.85,0.5,60,0.5,100,maj_specialist_67,balanced_39,0,0,0.015384615384615385,0.0,1.6742514368423258,65
a0.85_c0.50_n60_s0.5_L100_Iobserved,0,DART_coverage_mean,DART_coverage,worst,observed,0.85,0.5,60,0.5,100,maj_specialist_61,balanced_39,0,0,0.020833333333333332,0.0,1.2794822630616665,48
a0.85_c0.50_n60_s0.5_L100_Iobserved,0,DART_coverage_worst,DART_coverage,worst,observed,0.85,0.5,60,0.5,100,balanced_44,balanced_39,0,0,0.037037037037037035,0.0,0.23145371877816956,27
a0.85_c0.50_n60_s0.5_L100_Iobserved,1,mean_cosine,mean_signature,mean,observed,0.85,0.5,60,0.5,100,min_specialist_0,maj_specialist_79,0,0,0.0125,0.0,3.1499999058940347,80
a0.85_c0.50_n60_s0.5_L100_Iobserved,1,mean_l2,mean_signature,mean,observed,0.85,0.5,60,0.5,100,maj_specialist_65,maj_specialist_79,0,0,0.045454545454545456,0.0,0.39419163162119375,22
a0.85_c0.50_n60_s0.5_L100_Iobserved,1,cmap_signature_match,cmap_signature,mean,observed,0.85,0.5,60,0.5,100,min_specialist_0,maj_specialist_79,0,0,0.0125,0.0,3.1499999058940347,80
a0.85_c0.50_n60_s0.5_L100_Iobserved,1,cmap_signature_reverse,cmap_signature,mean,observed,0.85,0.5,60,0.5,100,min_specialist_0,maj_specialist_79,0,0,0.0125,0.0,3.1499999058940347,80
a0.85_c0.50_n60_s0.5_L100_Iobserved,1,DART_energy,DART_distributional,mean,observed,0.85,0.5,60,0.5,100,maj_specialist_65,maj_specialist_79,0,0,0.07142857142857142,0.0,0.39419163162119375,14
a0.85_c0.50_n60_s0.5_L100_Iobserved,1,DART_mmd,DART_distributional,mean,observed,0.85,0.5,60,0.5,100,maj_specialist_65,maj_specialist_79,0,1,0.25,0.43067655807339306,0.39419163162119375,4
a0.85_c0.50_n60_s0.5_L100_Iobserved,1,DART_sliced_wasserstein,DART_distributional,mean,observed,0.85,0.5,60,0.5,100,maj_specialist_69,maj_specialist_79,0,0,0.03571428571428571,0.0,0.2743544705065819,28
a0.85_c0.50_n60_s0.5_L100_Iobserved,1,DART_coverage_mean,DART_coverage,mean,observed,0.85,0.5,60,0.5,100,balanced_49,maj_specialist_79,0,0,0.02702702702702703,0.0,0.9312208649918432,37
a0.85_c0.50_n60_s0.5_L100_Iobserved,1,DART_coverage_worst,DART_coverage,mean,observed,0.85,0.5,60,0.5,100,balanced_41,maj_specialist_79,0,0,0.013513513513513514,0.0,1.234345167372041,74
a0.85_c0.50_n60_s0.5_L100_Iobserved,1,mean_cosine,mean_signature,worst,observed,0.85,0.5,60,0.5,100,min_specialist_0,balanced_40,0,0,0.024390243902439025,0.0,2.502724442070985,41
a0.85_c0.50_n60_s0.5_L100_Iobserved,1,mean_l2,mean_signature,worst,observed,0.85,0.5,60,0.5,100,maj_specialist_65,balanced_40,0,0,0.037037037037037035,0.0,1.5412201602084181,27
a0.85_c0.50_n60_s0.5_L100_Iobserved,1,cmap_signature_match,cmap_signature,worst,observed,0.85,0.5,60,0.5,100,min_specialist_0,balanced_40,0,0,0.024390243902439025,0.0,2.502724442070985,41
a0.85_c0.50_n60_s0.5_L100_Iobserved,1,cmap_signature_reverse,cmap_signature,worst,observed,0.85,0.5,60,0.5,100,min_specialist_0,balanced_40,0,0,0.024390243902439025,0.0,2.502724442070985,41
a0.85_c0.50_n60_s0.5_L100_Iobserved,1,DART_energy,DART_distributional,worst,observed,0.85,0.5,60,0.5,100,maj_specialist_65,balanced_40,0,0,0.041666666666666664,0.0,1.5412201602084181,24
a0.85_c0.50_n60_s0.5_L100_Iobserved,1,DART_mmd,DART_distributional,worst,observed,0.85,0.5,60,0.5,100,maj_specialist_65,balanced_40,0,0,0.03125,0.0,1.5412201602084181,32
a0.85_c0.50_n60_s0.5_L100_Iobserved,1,DART_sliced_wasserstein,DART_distributional,worst,observed,0.85,0.5,60,0.5,100,maj_specialist_69,balanced_40,0,0,0.07692307692307693,0.0,1.8087244125833983,13
a0.85_c0.50_n60_s0.5_L100_Iobserved,1,DART_coverage_mean,DART_coverage,worst,observed,0.85,0.5,60,0.5,100,balanced_49,balanced_40,0,0,0.058823529411764705,0.0,0.528882078355501,17
a0.85_c0.50_n60_s0.5_L100_Iobserved,1,DART_coverage_worst,DART_coverage,worst,observed,0.85,0.5,60,0.5,100,balanced_41,balanced_40,0,1,0.3333333333333333,0.5,0.05732292913669923,3
a0.85_c0.50_n60_s0.5_L100_Iobserved,2,mean_cosine,mean_signature,mean,observed,0.85,0.5,60,0.5,100,min_specialist_0,maj_specialist_79,0,0,0.0125,0.0,3.1500003887635373,80
a0.85_c0.50_n60_s0.5_L100_Iobserved,2,mean_l2,mean_signature,mean,observed,0.85,0.5,60,0.5,100,balanced_31,maj_specialist_79,0,0,0.07692307692307693,0.0,1.645698419516858,13
a0.85_c0.50_n60_s0.5_L100_Iobserved,2,cmap_signature_match,cmap_signature,mean,observed,0.85,0.5,60,0.5,100,min_specialist_0,maj_specialist_79,0,0,0.0125,0.0,3.1500003887635373,80
a0.85_c0.50_n60_s0.5_L100_Iobserved,2,cmap_signature_reverse,cmap_signature,mean,observed,0.85,0.5,60,0.5,100,min_specialist_0,maj_specialist_79,0,0,0.0125,0.0,3.1500003887635373,80
a0.85_c0.50_n60_s0.5_L100_Iobserved,2,DART_energy,DART_distributional,mean,observed,0.85,0.5,60,0.5,100,balanced_31,maj_specialist_79,0,0,0.14285714285714285,0.3333333333333333,1.645698419516858,7
a0.85_c0.50_n60_s0.5_L100_Iobserved,2,DART_mmd,DART_distributional,mean,observed,0.85,0.5,60,0.5,100,maj_specialist_76,maj_specialist_79,0,1,0.3333333333333333,0.5,0.07852068430836034,3
a0.85_c0.50_n60_s0.5_L100_Iobserved,2,DART_sliced_wasserstein,DART_distributional,mean,observed,0.85,0.5,60,0.5,100,balanced_42,maj_specialist_79,0,1,0.3333333333333333,0.5,1.1951927440234869,3
a0.85_c0.50_n60_s0.5_L100_Iobserved,2,DART_coverage_mean,DART_coverage,mean,observed,0.85,0.5,60,0.5,100,balanced_47,maj_specialist_79,0,0,0.14285714285714285,0.3333333333333333,1.0048388103812798,7
a0.85_c0.50_n60_s0.5_L100_Iobserved,2,DART_coverage_worst,DART_coverage,mean,observed,0.85,0.5,60,0.5,100,balanced_39,maj_specialist_79,0,0,0.02040816326530612,0.0,1.3137320531433438,49
a0.85_c0.50_n60_s0.5_L100_Iobserved,2,mean_cosine,mean_signature,worst,observed,0.85,0.5,60,0.5,100,min_specialist_0,balanced_40,0,0,0.024390243902439025,0.0,2.5027241913117813,41
a0.85_c0.50_n60_s0.5_L100_Iobserved,2,mean_l2,mean_signature,worst,observed,0.85,0.5,60,0.5,100,balanced_31,balanced_40,0,0,0.03125,0.0,0.4686754118102492,32
a0.85_c0.50_n60_s0.5_L100_Iobserved,2,cmap_signature_match,cmap_signature,worst,observed,0.85,0.5,60,0.5,100,min_specialist_0,balanced_40,0,0,0.024390243902439025,0.0,2.5027241913117813,41
a0.85_c0.50_n60_s0.5_L100_Iobserved,2,cmap_signature_reverse,cmap_signature,worst,observed,0.85,0.5,60,0.5,100,min_specialist_0,balanced_40,0,0,0.024390243902439025,0.0,2.5027241913117813,41
a0.85_c0.50_n60_s0.5_L100_Iobserved,2,DART_energy,DART_distributional,worst,observed,0.85,0.5,60,0.5,100,balanced_31,balanced_40,0,0,0.037037037037037035,0.0,0.4686754118102492,27
a0.85_c0.50_n60_s0.5_L100_Iobserved,2,DART_mmd,DART_distributional,worst,observed,0.85,0.5,60,0.5,100,maj_specialist_76,balanced_40,0,0,0.030303030303030304,0.0,2.2907379047314507,33
a0.85_c0.50_n60_s0.5_L100_Iobserved,2,DART_sliced_wasserstein,DART_distributional,worst,observed,0.85,0.5,60,0.5,100,balanced_42,balanced_40,0,0,0.030303030303030304,0.0,0.11500521438971845,33
a0.85_c0.50_n60_s0.5_L100_Iobserved,2,DART_coverage_mean,DART_coverage,worst,observed,0.85,0.5,60,0.5,100,balanced_47,balanced_40,0,0,0.04,0.0,0.4088283538082216,25
a0.85_c0.50_n60_s0.5_L100_Iobserved,2,DART_coverage_worst,DART_coverage,worst,observed,0.85,0.5,60,0.5,100,balanced_39,balanced_40,0,0,0.04,0.0,1.434286680535024e-07,25
a0.85_c0.50_n60_s0.5_L20_Ipredicted_mean,0,mean_cosine,mean_signature,mean,predicted_mean,0.85,0.5,60,0.5,20,min_specialist_0,maj_specialist_15,0,0,0.0625,0.0,3.14999967604496,16
a0.85_c0.50_n60_s0.5_L20_Ipredicted_mean,0,mean_l2,mean_signature,mean,predicted_mean,0.85,0.5,60,0.5,20,min_specialist_2,maj_specialist_15,0,0,0.14285714285714285,0.3333333333333333,2.600000191424133,7
a0.85_c0.50_n60_s0.5_L20_Ipredicted_mean,0,cmap_signature_match,cmap_signature,mean,predicted_mean,0.85,0.5,60,0.5,20,min_specialist_0,maj_specialist_15,0,0,0.0625,0.0,3.14999967604496,16
a0.85_c0.50_n60_s0.5_L20_Ipredicted_mean,0,cmap_signature_reverse,cmap_signature,mean,predicted_mean,0.85,0.5,60,0.5,20,min_specialist_0,maj_specialist_15,0,0,0.0625,0.0,3.14999967604496,16
a0.85_c0.50_n60_s0.5_L20_Ipredicted_mean,0,DART_energy,DART_distributional,mean,predicted_mean,0.85,0.5,60,0.5,20,min_specialist_2,maj_specialist_15,0,0,0.14285714285714285,0.3333333333333333,2.600000191424133,7
a0.85_c0.50_n60_s0.5_L20_Ipredicted_mean,0,DART_mmd,DART_distributional,mean,predicted_mean,0.85,0.5,60,0.5,20,min_specialist_2,maj_specialist_15,0,0,0.14285714285714285,0.3333333333333333,2.600000191424133,7
a0.85_c0.50_n60_s0.5_L20_Ipredicted_mean,0,DART_sliced_wasserstein,DART_distributional,mean,predicted_mean,0.85,0.5,60,0.5,20,min_specialist_5,maj_specialist_15,0,0,0.14285714285714285,0.3333333333333333,1.8500002629041354,7
a0.85_c0.50_n60_s0.5_L20_Ipredicted_mean,0,DART_coverage_mean,DART_coverage,mean,predicted_mean,0.85,0.5,60,0.5,20,min_specialist_4,maj_specialist_15,0,0,0.07142857142857142,0.0,2.0899997890400996,14
a0.85_c0.50_n60_s0.5_L20_Ipredicted_mean,0,DART_coverage_worst,DART_coverage,mean,predicted_mean,0.85,0.5,60,0.5,20,maj_specialist_13,maj_specialist_15,0,0,0.07692307692307693,0.0,0.2900000284778681,13
a0.85_c0.50_n60_s0.5_L20_Ipredicted_mean,0,mean_cosine,mean_signature,worst,predicted_mean,0.85,0.5,60,0.5,20,min_specialist_0,balanced_7,0,0,0.125,0.31546487678572877,2.3799995698850616,8
a0.85_c0.50_n60_s0.5_L20_Ipredicted_mean,0,mean_l2,mean_signature,worst,predicted_mean,0.85,0.5,60,0.5,20,min_specialist_2,balanced_7,0,0,0.1111111111111111,0.3010299956639812,1.6500000993469932,9
a0.85_c0.50_n60_s0.5_L20_Ipredicted_mean,0,cmap_signature_match,cmap_signature,worst,predicted_mean,0.85,0.5,60,0.5,20,min_specialist_0,balanced_7,0,0,0.125,0.31546487678572877,2.3799995698850616,8
a0.85_c0.50_n60_s0.5_L20_Ipredicted_mean,0,cmap_signature_reverse,cmap_signature,worst,predicted_mean,0.85,0.5,60,0.5,20,min_specialist_0,balanced_7,0,0,0.125,0.31546487678572877,2.3799995698850616,8
a0.85_c0.50_n60_s0.5_L20_Ipredicted_mean,0,DART_energy,DART_distributional,worst,predicted_mean,0.85,0.5,60,0.5,20,min_specialist_2,balanced_7,0,0,0.1111111111111111,0.3010299956639812,1.6500000993469932,9
a0.85_c0.50_n60_s0.5_L20_Ipredicted_mean,0,DART_mmd,DART_distributional,worst,predicted_mean,0.85,0.5,60,0.5,20,min_specialist_2,balanced_7,0,0,0.1111111111111111,0.3010299956639812,1.6500000993469932,9
a0.85_c0.50_n60_s0.5_L20_Ipredicted_mean,0,DART_sliced_wasserstein,DART_distributional,worst,predicted_mean,0.85,0.5,60,0.5,20,min_specialist_5,balanced_7,0,0,0.0625,0.0,0.6300001757133273,16
a0.85_c0.50_n60_s0.5_L20_Ipredicted_mean,0,DART_coverage_mean,DART_coverage,worst,predicted_mean,0.85,0.5,60,0.5,20,min_specialist_4,balanced_7,0,0,0.1111111111111111,0.3010299956639812,0.959999666157433,9
a0.85_c0.50_n60_s0.5_L20_Ipredicted_mean,0,DART_coverage_worst,DART_coverage,worst,predicted_mean,0.85,0.5,60,0.5,20,maj_specialist_13,balanced_7,0,1,0.5,0.6309297535714575,1.6499997736720111,2
a0.85_c0.50_n60_s0.5_L20_Ipredicted_mean,1,mean_cosine,mean_signature,mean,predicted_mean,0.85,0.5,60,0.5,20,min_specialist_0,maj_specialist_15,0,0,0.0625,0.0,3.1499999590776877,16
a0.85_c0.50_n60_s0.5_L20_Ipredicted_mean,1,mean_l2,mean_signature,mean,predicted_mean,0.85,0.5,60,0.5,20,balanced_8,maj_specialist_15,0,0,0.14285714285714285,0.3333333333333333,1.1899994465439878,7
a0.85_c0.50_n60_s0.5_L20_Ipredicted_mean,1,cmap_signature_match,cmap_signature,mean,predicted_mean,0.85,0.5,60,0.5,20,min_specialist_0,maj_specialist_15,0,0,0.0625,0.0,3.1499999590776877,16
a0.85_c0.50_n60_s0.5_L20_Ipredicted_mean,1,cmap_signature_reverse,cmap_signature,mean,predicted_mean,0.85,0.5,60,0.5,20,min_specialist_0,maj_specialist_15,0,0,0.0625,0.0,3.1499999590776877,16
a0.85_c0.50_n60_s0.5_L20_Ipredicted_mean,1,DART_energy,DART_distributional,mean,predicted_mean,0.85,0.5,60,0.5,20,balanced_8,maj_specialist_15,0,0,0.14285714285714285,0.3333333333333333,1.1899994465439878,7
a0.85_c0.50_n60_s0.5_L20_Ipredicted_mean,1,DART_mmd,DART_distributional,mean,predicted_mean,0.85,0.5,60,0.5,20,balanced_8,maj_specialist_15,0,0,0.14285714285714285,0.3333333333333333,1.1899994465439878,7
a0.85_c0.50_n60_s0.5_L20_Ipredicted_mean,1,DART_sliced_wasserstein,DART_distributional,mean,predicted_mean,0.85,0.5,60,0.5,20,maj_specialist_14,maj_specialist_15,0,0,0.1111111111111111,0.3010299956639812,0.1399999747914631,9
a0.85_c0.50_n60_s0.5_L20_Ipredicted_mean,1,DART_coverage_mean,DART_coverage,mean,predicted_mean,0.85,0.5,60,0.5,20,min_specialist_1,maj_specialist_15,0,0,0.1,0.2890648263178879,2.869999622758284,10
a0.85_c0.50_n60_s0.5_L20_Ipredicted_mean,1,DART_coverage_worst,DART_coverage,mean,predicted_mean,0.85,0.5,60,0.5,20,maj_specialist_15,maj_specialist_15,1,1,1.0,1.0,0.0,1
a0.85_c0.50_n60_s0.5_L20_Ipredicted_mean,1,mean_cosine,mean_signature,worst,predicted_mean,0.85,0.5,60,0.5,20,min_specialist_0,balanced_8,0,0,0.1111111111111111,0.3010299956639812,2.380000370037699,9
a0.85_c0.50_n60_s0.5_L20_Ipredicted_mean,1,mean_l2,mean_signature,worst,predicted_mean,0.85,0.5,60,0.5,20,balanced_8,balanced_8,1,1,1.0,1.0,0.0,1
a0.85_c0.50_n60_s0.5_L20_Ipredicted_mean,1,cmap_signature_match,cmap_signature,worst,predicted_mean,0.85,0.5,60,0.5,20,min_specialist_0,balanced_8,0,0,0.1111111111111111,0.3010299956639812,2.380000370037699,9
a0.85_c0.50_n60_s0.5_L20_Ipredicted_mean,1,cmap_signature_reverse,cmap_signature,worst,predicted_mean,0.85,0.5,60,0.5,20,min_specialist_0,balanced_8,0,0,0.1111111111111111,0.3010299956639812,2.380000370037699,9
a0.85_c0.50_n60_s0.5_L20_Ipredicted_mean,1,DART_energy,DART_distributional,worst,predicted_mean,0.85,0.5,60,0.5,20,balanced_8,balanced_8,1,1,1.0,1.0,0.0,1
a0.85_c0.50_n60_s0.5_L20_Ipredicted_mean,1,DART_mmd,DART_distributional,worst,predicted_mean,0.85,0.5,60,0.5,20,balanced_8,balanced_8,1,1,1.0,1.0,0.0,1
a0.85_c0.50_n60_s0.5_L20_Ipredicted_mean,1,DART_sliced_wasserstein,DART_distributional,worst,predicted_mean,0.85,0.5,60,0.5,20,maj_specialist_14,balanced_8,0,0,0.16666666666666666,0.3562071871080222,2.010000327399439,6
a0.85_c0.50_n60_s0.5_L20_Ipredicted_mean,1,DART_coverage_mean,DART_coverage,worst,predicted_mean,0.85,0.5,60,0.5,20,min_specialist_1,balanced_8,0,0,0.09090909090909091,0.0,2.009999960654522,11
a0.85_c0.50_n60_s0.5_L20_Ipredicted_mean,1,DART_coverage_worst,DART_coverage,worst,predicted_mean,0.85,0.5,60,0.5,20,maj_specialist_15,balanced_8,0,0,0.07692307692307693,0.0,2.380000617365976,13
a0.85_c0.50_n60_s0.5_L20_Ipredicted_mean,2,mean_cosine,mean_signature,mean,predicted_mean,0.85,0.5,60,0.5,20,min_specialist_0,maj_specialist_15,0,0,0.0625,0.0,3.1500002309782094,16
a0.85_c0.50_n60_s0.5_L20_Ipredicted_mean,2,mean_l2,mean_signature,mean,predicted_mean,0.85,0.5,60,0.5,20,maj_specialist_11,maj_specialist_15,0,0,0.08333333333333333,0.0,0.6200000294857606,12
a0.85_c0.50_n60_s0.5_L20_Ipredicted_mean,2,cmap_signature_match,cmap_signature,mean,predicted_mean,0.85,0.5,60,0.5,20,min_specialist_0,maj_specialist_15,0,0,0.0625,0.0,3.1500002309782094,16
a0.85_c0.50_n60_s0.5_L20_Ipredicted_mean,2,cmap_signature_reverse,cmap_signature,mean,predicted_mean,0.85,0.5,60,0.5,20,min_specialist_0,maj_specialist_15,0,0,0.0625,0.0,3.1500002309782094,16
a0.85_c0.50_n60_s0.5_L20_Ipredicted_mean,2,DART_energy,DART_distributional,mean,predicted_mean,0.85,0.5,60,0.5,20,maj_specialist_11,maj_specialist_15,0,0,0.08333333333333333,0.0,0.6200000294857606,12
a0.85_c0.50_n60_s0.5_L20_Ipredicted_mean,2,DART_mmd,DART_distributional,mean,predicted_mean,0.85,0.5,60,0.5,20,maj_specialist_11,maj_specialist_15,0,0,0.07692307692307693,0.0,0.6200000294857606,13
a0.85_c0.50_n60_s0.5_L20_Ipredicted_mean,2,DART_sliced_wasserstein,DART_distributional,mean,predicted_mean,0.85,0.5,60,0.5,20,maj_specialist_12,maj_specialist_15,0,0,0.1,0.2890648263178879,0.44999984354165257,10
a0.85_c0.50_n60_s0.5_L20_Ipredicted_mean,2,DART_coverage_mean,DART_coverage,mean,predicted_mean,0.85,0.5,60,0.5,20,balanced_9,maj_specialist_15,0,0,0.09090909090909091,0.0,0.989999765871497,11
a0.85_c0.50_n60_s0.5_L20_Ipredicted_mean,2,DART_coverage_worst,DART_coverage,mean,predicted_mean,0.85,0.5,60,0.5,20,balanced_9,maj_specialist_15,0,0,0.07692307692307693,0.0,0.989999765871497,13
a0.85_c0.50_n60_s0.5_L20_Ipredicted_mean,2,mean_cosine,mean_signature,worst,predicted_mean,0.85,0.5,60,0.5,20,min_specialist_0,balanced_7,0,0,0.125,0.31546487678572877,2.3800005296806255,8
a0.85_c0.50_n60_s0.5_L20_Ipredicted_mean,2,mean_l2,mean_signature,worst,predicted_mean,0.85,0.5,60,0.5,20,maj_specialist_11,balanced_7,0,1,0.2,0.38685280723454163,0.9600003680017295,5
a0.85_c0.50_n60_s0.5_L20_Ipredicted_mean,2,cmap_signature_match,cmap_signature,worst,predicted_mean,0.85,0.5,60,0.5,20,min_specialist_0,balanced_7,0,0,0.125,0.31546487678572877,2.3800005296806255,8
a0.85_c0.50_n60_s0.5_L20_Ipredicted_mean,2,cmap_signature_reverse,cmap_signature,worst,predicted_mean,0.85,0.5,60,0.5,20,min_specialist_0,balanced_7,0,0,0.125,0.31546487678572877,2.3800005296806255,8
a0.85_c0.50_n60_s0.5_L20_Ipredicted_mean,2,DART_energy,DART_distributional,worst,predicted_mean,0.85,0.5,60,0.5,20,maj_specialist_11,balanced_7,0,1,0.25,0.43067655807339306,0.9600003680017295,4
a0.85_c0.50_n60_s0.5_L20_Ipredicted_mean,2,DART_mmd,DART_distributional,worst,predicted_mean,0.85,0.5,60,0.5,20,maj_specialist_11,balanced_7,0,1,0.25,0.43067655807339306,0.9600003680017295,4
a0.85_c0.50_n60_s0.5_L20_Ipredicted_mean,2,DART_sliced_wasserstein,DART_distributional,worst,predicted_mean,0.85,0.5,60,0.5,20,maj_specialist_12,balanced_7,0,0,0.125,0.31546487678572877,1.3000003096819377,8
a0.85_c0.50_n60_s0.5_L20_Ipredicted_mean,2,DART_coverage_mean,DART_coverage,worst,predicted_mean,0.85,0.5,60,0.5,20,balanced_9,balanced_7,0,0,0.07692307692307693,0.0,0.31000012623152884,13
a0.85_c0.50_n60_s0.5_L20_Ipredicted_mean,2,DART_coverage_worst,DART_coverage,worst,predicted_mean,0.85,0.5,60,0.5,20,balanced_9,balanced_7,0,1,0.25,0.43067655807339306,0.31000012623152884,4
a0.85_c0.50_n60_s0.5_L100_Ipredicted_mean,0,mean_cosine,mean_signature,mean,predicted_mean,0.85,0.5,60,0.5,100,min_specialist_0,maj_specialist_79,0,0,0.0125,0.0,3.1499995716941545,80
a0.85_c0.50_n60_s0.5_L100_Ipredicted_mean,0,mean_l2,mean_signature,mean,predicted_mean,0.85,0.5,60,0.5,100,maj_specialist_57,maj_specialist_79,0,0,0.07142857142857142,0.0,0.6511693217781467,14
a0.85_c0.50_n60_s0.5_L100_Ipredicted_mean,0,cmap_signature_match,cmap_signature,mean,predicted_mean,0.85,0.5,60,0.5,100,min_specialist_0,maj_specialist_79,0,0,0.0125,0.0,3.1499995716941545,80
a0.85_c0.50_n60_s0.5_L100_Ipredicted_mean,0,cmap_signature_reverse,cmap_signature,mean,predicted_mean,0.85,0.5,60,0.5,100,min_specialist_0,maj_specialist_79,0,0,0.0125,0.0,3.1499995716941545,80
a0.85_c0.50_n60_s0.5_L100_Ipredicted_mean,0,DART_energy,DART_distributional,mean,predicted_mean,0.85,0.5,60,0.5,100,maj_specialist_57,maj_specialist_79,0,0,0.06666666666666667,0.0,0.6511693217781467,15
a0.85_c0.50_n60_s0.5_L100_Ipredicted_mean,0,DART_mmd,DART_distributional,mean,predicted_mean,0.85,0.5,60,0.5,100,maj_specialist_57,maj_specialist_79,0,0,0.058823529411764705,0.0,0.6511693217781467,17
a0.85_c0.50_n60_s0.5_L100_Ipredicted_mean,0,DART_sliced_wasserstein,DART_distributional,mean,predicted_mean,0.85,0.5,60,0.5,100,maj_specialist_67,maj_specialist_79,0,0,0.1,0.2890648263178879,0.333552276416226,10
a0.85_c0.50_n60_s0.5_L100_Ipredicted_mean,0,DART_coverage_mean,DART_coverage,mean,predicted_mean,0.85,0.5,60,0.5,100,maj_specialist_78,maj_specialist_79,0,0,0.07692307692307693,0.0,0.02581317139358319,13
a0.85_c0.50_n60_s0.5_L100_Ipredicted_mean,0,DART_coverage_worst,DART_coverage,mean,predicted_mean,0.85,0.5,60,0.5,100,min_specialist_14,maj_specialist_79,0,0,0.03571428571428571,0.0,2.42773508299919,28
a0.85_c0.50_n60_s0.5_L100_Ipredicted_mean,0,mean_cosine,mean_signature,worst,predicted_mean,0.85,0.5,60,0.5,100,min_specialist_0,balanced_39,0,0,0.025,0.0,2.502723970678119,40
a0.85_c0.50_n60_s0.5_L100_Ipredicted_mean,0,mean_l2,mean_signature,worst,predicted_mean,0.85,0.5,60,0.5,100,maj_specialist_57,balanced_39,0,0,0.02631578947368421,0.0,1.023514068922843,38
a0.85_c0.50_n60_s0.5_L100_Ipredicted_mean,0,cmap_signature_match,cmap_signature,worst,predicted_mean,0.85,0.5,60,0.5,100,min_specialist_0,balanced_39,0,0,0.025,0.0,2.502723970678119,40
a0.85_c0.50_n60_s0.5_L100_Ipredicted_mean,0,cmap_signature_reverse,cmap_signature,worst,predicted_mean,0.85,0.5,60,0.5,100,min_specialist_0,balanced_39,0,0,0.025,0.0,2.502723970678119,40
a0.85_c0.50_n60_s0.5_L100_Ipredicted_mean,0,DART_energy,DART_distributional,worst,predicted_mean,0.85,0.5,60,0.5,100,maj_specialist_57,balanced_39,0,0,0.029411764705882353,0.0,1.023514068922843,34
a0.85_c0.50_n60_s0.5_L100_Ipredicted_mean,0,DART_mmd,DART_distributional,worst,predicted_mean,0.85,0.5,60,0.5,100,maj_specialist_57,balanced_39,0,0,0.03333333333333333,0.0,1.023514068922843,30
a0.85_c0.50_n60_s0.5_L100_Ipredicted_mean,0,DART_sliced_wasserstein,DART_distributional,worst,predicted_mean,0.85,0.5,60,0.5,100,maj_specialist_67,balanced_39,0,0,0.014084507042253521,0.0,1.6742514368423258,71
a0.85_c0.50_n60_s0.5_L100_Ipredicted_mean,0,DART_coverage_mean,DART_coverage,worst,predicted_mean,0.85,0.5,60,0.5,100,maj_specialist_78,balanced_39,0,0,0.023809523809523808,0.0,2.43170232891665,42
a0.85_c0.50_n60_s0.5_L100_Ipredicted_mean,0,DART_coverage_worst,DART_coverage,worst,predicted_mean,0.85,0.5,60,0.5,100,min_specialist_14,balanced_39,0,0,0.043478260869565216,0.0,1.5412189428812937,23
a0.85_c0.50_n60_s0.5_L100_Ipredicted_mean,1,mean_cosine,mean_signature,mean,predicted_mean,0.85,0.5,60,0.5,100,min_specialist_0,maj_specialist_79,0,0,0.0125,0.0,3.1499999058940347,80
a0.85_c0.50_n60_s0.5_L100_Ipredicted_mean,1,mean_l2,mean_signature,mean,predicted_mean,0.85,0.5,60,0.5,100,maj_specialist_65,maj_specialist_79,0,0,0.045454545454545456,0.0,0.39419163162119375,22
a0.85_c0.50_n60_s0.5_L100_Ipredicted_mean,1,cmap_signature_match,cmap_signature,mean,predicted_mean,0.85,0.5,60,0.5,100,min_specialist_0,maj_specialist_79,0,0,0.0125,0.0,3.1499999058940347,80
a0.85_c0.50_n60_s0.5_L100_Ipredicted_mean,1,cmap_signature_reverse,cmap_signature,mean,predicted_mean,0.85,0.5,60,0.5,100,min_specialist_0,maj_specialist_79,0,0,0.0125,0.0,3.1499999058940347,80
a0.85_c0.50_n60_s0.5_L100_Ipredicted_mean,1,DART_energy,DART_distributional,mean,predicted_mean,0.85,0.5,60,0.5,100,maj_specialist_65,maj_specialist_79,0,0,0.045454545454545456,0.0,0.39419163162119375,22
a0.85_c0.50_n60_s0.5_L100_Ipredicted_mean,1,DART_mmd,DART_distributional,mean,predicted_mean,0.85,0.5,60,0.5,100,maj_specialist_65,maj_specialist_79,0,0,0.045454545454545456,0.0,0.39419163162119375,22
a0.85_c0.50_n60_s0.5_L100_Ipredicted_mean,1,DART_sliced_wasserstein,DART_distributional,mean,predicted_mean,0.85,0.5,60,0.5,100,balanced_43,maj_specialist_79,0,0,0.02631578947368421,0.0,1.15640110424118,38
a0.85_c0.50_n60_s0.5_L100_Ipredicted_mean,1,DART_coverage_mean,DART_coverage,mean,predicted_mean,0.85,0.5,60,0.5,100,min_specialist_25,maj_specialist_79,0,0,0.01639344262295082,0.0,1.909813746825776,61
a0.85_c0.50_n60_s0.5_L100_Ipredicted_mean,1,DART_coverage_worst,DART_coverage,mean,predicted_mean,0.85,0.5,60,0.5,100,maj_specialist_57,maj_specialist_79,0,0,0.022222222222222223,0.0,0.6511694035445714,45
a0.85_c0.50_n60_s0.5_L100_Ipredicted_mean,1,mean_cosine,mean_signature,worst,predicted_mean,0.85,0.5,60,0.5,100,min_specialist_0,balanced_40,0,0,0.024390243902439025,0.0,2.502724442070985,41
a0.85_c0.50_n60_s0.5_L100_Ipredicted_mean,1,mean_l2,mean_signature,worst,predicted_mean,0.85,0.5,60,0.5,100,maj_specialist_65,balanced_40,0,0,0.041666666666666664,0.0,1.5412201602084181,24
a0.85_c0.50_n60_s0.5_L100_Ipredicted_mean,1,cmap_signature_match,cmap_signature,worst,predicted_mean,0.85,0.5,60,0.5,100,min_specialist_0,balanced_40,0,0,0.024390243902439025,0.0,2.502724442070985,41
a0.85_c0.50_n60_s0.5_L100_Ipredicted_mean,1,cmap_signature_reverse,cmap_signature,worst,predicted_mean,0.85,0.5,60,0.5,100,min_specialist_0,balanced_40,0,0,0.024390243902439025,0.0,2.502724442070985,41
a0.85_c0.50_n60_s0.5_L100_Ipredicted_mean,1,DART_energy,DART_distributional,worst,predicted_mean,0.85,0.5,60,0.5,100,maj_specialist_65,balanced_40,0,0,0.04,0.0,1.5412201602084181,25
a0.85_c0.50_n60_s0.5_L100_Ipredicted_mean,1,DART_mmd,DART_distributional,worst,predicted_mean,0.85,0.5,60,0.5,100,maj_specialist_65,balanced_40,0,0,0.04,0.0,1.5412201602084181,25
a0.85_c0.50_n60_s0.5_L100_Ipredicted_mean,1,DART_sliced_wasserstein,DART_distributional,worst,predicted_mean,0.85,0.5,60,0.5,100,balanced_43,balanced_40,0,0,0.1111111111111111,0.3010299956639812,0.17304953312824267,9
a0.85_c0.50_n60_s0.5_L100_Ipredicted_mean,1,DART_coverage_mean,DART_coverage,worst,predicted_mean,0.85,0.5,60,0.5,100,min_specialist_25,balanced_40,0,0,0.027777777777777776,0.0,0.8353230180197038,36
a0.85_c0.50_n60_s0.5_L100_Ipredicted_mean,1,DART_coverage_worst,DART_coverage,worst,predicted_mean,0.85,0.5,60,0.5,100,maj_specialist_57,balanced_40,0,0,0.038461538461538464,0.0,1.0235140031234309,26
a0.85_c0.50_n60_s0.5_L100_Ipredicted_mean,2,mean_cosine,mean_signature,mean,predicted_mean,0.85,0.5,60,0.5,100,min_specialist_0,maj_specialist_79,0,0,0.0125,0.0,3.1500003887635373,80
a0.85_c0.50_n60_s0.5_L100_Ipredicted_mean,2,mean_l2,mean_signature,mean,predicted_mean,0.85,0.5,60,0.5,100,balanced_31,maj_specialist_79,0,0,0.06666666666666667,0.0,1.645698419516858,15
a0.85_c0.50_n60_s0.5_L100_Ipredicted_mean,2,cmap_signature_match,cmap_signature,mean,predicted_mean,0.85,0.5,60,0.5,100,min_specialist_0,maj_specialist_79,0,0,0.0125,0.0,3.1500003887635373,80
a0.85_c0.50_n60_s0.5_L100_Ipredicted_mean,2,cmap_signature_reverse,cmap_signature,mean,predicted_mean,0.85,0.5,60,0.5,100,min_specialist_0,maj_specialist_79,0,0,0.0125,0.0,3.1500003887635373,80
a0.85_c0.50_n60_s0.5_L100_Ipredicted_mean,2,DART_energy,DART_distributional,mean,predicted_mean,0.85,0.5,60,0.5,100,balanced_31,maj_specialist_79,0,0,0.07142857142857142,0.0,1.645698419516858,14
a0.85_c0.50_n60_s0.5_L100_Ipredicted_mean,2,DART_mmd,DART_distributional,mean,predicted_mean,0.85,0.5,60,0.5,100,balanced_31,maj_specialist_79,0,0,0.07692307692307693,0.0,1.645698419516858,13
a0.85_c0.50_n60_s0.5_L100_Ipredicted_mean,2,DART_sliced_wasserstein,DART_distributional,mean,predicted_mean,0.85,0.5,60,0.5,100,balanced_31,maj_specialist_79,0,0,0.125,0.31546487678572877,1.645698419516858,8
a0.85_c0.50_n60_s0.5_L100_Ipredicted_mean,2,DART_coverage_mean,DART_coverage,mean,predicted_mean,0.85,0.5,60,0.5,100,maj_specialist_65,maj_specialist_79,0,0,0.08333333333333333,0.0,0.3941915583040192,12
a0.85_c0.50_n60_s0.5_L100_Ipredicted_mean,2,DART_coverage_worst,DART_coverage,mean,predicted_mean,0.85,0.5,60,0.5,100,maj_specialist_65,maj_specialist_79,0,0,0.01694915254237288,0.0,0.3941915583040192,59
a0.85_c0.50_n60_s0.5_L100_Ipredicted_mean,2,mean_cosine,mean_signature,worst,predicted_mean,0.85,0.5,60,0.5,100,min_specialist_0,balanced_40,0,0,0.024390243902439025,0.0,2.5027241913117813,41
a0.85_c0.50_n60_s0.5_L100_Ipredicted_mean,2,mean_l2,mean_signature,worst,predicted_mean,0.85,0.5,60,0.5,100,balanced_31,balanced_40,0,0,0.023255813953488372,0.0,0.4686754118102492,43
a0.85_c0.50_n60_s0.5_L100_Ipredicted_mean,2,cmap_signature_match,cmap_signature,worst,predicted_mean,0.85,0.5,60,0.5,100,min_specialist_0,balanced_40,0,0,0.024390243902439025,0.0,2.5027241913117813,41
a0.85_c0.50_n60_s0.5_L100_Ipredicted_mean,2,cmap_signature_reverse,cmap_signature,worst,predicted_mean,0.85,0.5,60,0.5,100,min_specialist_0,balanced_40,0,0,0.024390243902439025,0.0,2.5027241913117813,41
a0.85_c0.50_n60_s0.5_L100_Ipredicted_mean,2,DART_energy,DART_distributional,worst,predicted_mean,0.85,0.5,60,0.5,100,balanced_31,balanced_40,0,0,0.023255813953488372,0.0,0.4686754118102492,43
a0.85_c0.50_n60_s0.5_L100_Ipredicted_mean,2,DART_mmd,DART_distributional,worst,predicted_mean,0.85,0.5,60,0.5,100,balanced_31,balanced_40,0,0,0.025,0.0,0.4686754118102492,40
a0.85_c0.50_n60_s0.5_L100_Ipredicted_mean,2,DART_sliced_wasserstein,DART_distributional,worst,predicted_mean,0.85,0.5,60,0.5,100,balanced_31,balanced_40,0,0,0.04,0.0,0.4686754118102492,25
a0.85_c0.50_n60_s0.5_L100_Ipredicted_mean,2,DART_coverage_mean,DART_coverage,worst,predicted_mean,0.85,0.5,60,0.5,100,maj_specialist_65,balanced_40,0,0,0.025,0.0,1.5412191344817074,40
a0.85_c0.50_n60_s0.5_L100_Ipredicted_mean,2,DART_coverage_worst,DART_coverage,worst,predicted_mean,0.85,0.5,60,0.5,100,maj_specialist_65,balanced_40,0,0,0.07692307692307693,0.0,1.5412191344817074,13
a0.85_c1.00_n60_s0.5_L20_Iobserved,0,mean_cosine,mean_signature,mean,observed,0.85,1.0,60,0.5,20,min_specialist_0,maj_specialist_15,0,0,0.0625,0.0,6.299999755030235,16
a0.85_c1.00_n60_s0.5_L20_Iobserved,0,mean_l2,mean_signature,mean,observed,0.85,1.0,60,0.5,20,min_specialist_2,maj_specialist_15,0,0,0.1111111111111111,0.3010299956639812,4.940000132094909,9
a0.85_c1.00_n60_s0.5_L20_Iobserved,0,cmap_signature_match,cmap_signature,mean,observed,0.85,1.0,60,0.5,20,min_specialist_0,maj_specialist_15,0,0,0.0625,0.0,6.299999755030235,16
a0.85_c1.00_n60_s0.5_L20_Iobserved,0,cmap_signature_reverse,cmap_signature,mean,observed,0.85,1.0,60,0.5,20,min_specialist_0,maj_specialist_15,0,0,0.0625,0.0,6.299999755030235,16
a0.85_c1.00_n60_s0.5_L20_Iobserved,0,DART_energy,DART_distributional,mean,observed,0.85,1.0,60,0.5,20,min_specialist_2,maj_specialist_15,0,0,0.16666666666666666,0.3562071871080222,4.940000132094909,6
a0.85_c1.00_n60_s0.5_L20_Iobserved,0,DART_mmd,DART_distributional,mean,observed,0.85,1.0,60,0.5,20,maj_specialist_15,maj_specialist_15,1,1,1.0,1.0,0.0,1
a0.85_c1.00_n60_s0.5_L20_Iobserved,0,DART_sliced_wasserstein,DART_distributional,mean,observed,0.85,1.0,60,0.5,20,maj_specialist_15,maj_specialist_15,1,1,1.0,1.0,0.0,1
a0.85_c1.00_n60_s0.5_L20_Iobserved,0,DART_coverage_mean,DART_coverage,mean,observed,0.85,1.0,60,0.5,20,maj_specialist_10,maj_specialist_15,0,0,0.06666666666666667,0.0,1.0999998057812554,15
a0.85_c1.00_n60_s0.5_L20_Iobserved,0,DART_coverage_worst,DART_coverage,mean,observed,0.85,1.0,60,0.5,20,balanced_7,maj_specialist_15,0,0,0.0625,0.0,2.2399997996517165,16
a0.85_c1.00_n60_s0.5_L20_Iobserved,0,mean_cosine,mean_signature,worst,observed,0.85,1.0,60,0.5,20,min_specialist_0,balanced_7,0,0,0.125,0.31546487678572877,5.319999930959856,8
a0.85_c1.00_n60_s0.5_L20_Iobserved,0,mean_l2,mean_signature,worst,observed,0.85,1.0,60,0.5,20,min_specialist_2,balanced_7,0,0,0.1,0.2890648263178879,3.6000003428728036,10
a0.85_c1.00_n60_s0.5_L20_Iobserved,0,cmap_signature_match,cmap_signature,worst,observed,0.85,1.0,60,0.5,20,min_specialist_0,balanced_7,0,0,0.125,0.31546487678572877,5.319999930959856,8
a0.85_c1.00_n60_s0.5_L20_Iobserved,0,cmap_signature_reverse,cmap_signature,worst,observed,0.85,1.0,60,0.5,20,min_specialist_0,balanced_7,0,0,0.125,0.31546487678572877,5.319999930959856,8
a0.85_c1.00_n60_s0.5_L20_Iobserved,0,DART_energy,DART_distributional,worst,observed,0.85,1.0,60,0.5,20,min_specialist_2,balanced_7,0,0,0.08333333333333333,0.0,3.6000003428728036,12
a0.85_c1.00_n60_s0.5_L20_Iobserved,0,DART_mmd,DART_distributional,worst,observed,0.85,1.0,60,0.5,20,maj_specialist_15,balanced_7,0,0,0.1,0.2890648263178879,5.320000576237597,10
a0.85_c1.00_n60_s0.5_L20_Iobserved,0,DART_sliced_wasserstein,DART_distributional,worst,observed,0.85,1.0,60,0.5,20,maj_specialist_15,balanced_7,0,0,0.07142857142857142,0.0,5.320000576237597,14
a0.85_c1.00_n60_s0.5_L20_Iobserved,0,DART_coverage_mean,DART_coverage,worst,observed,0.85,1.0,60,0.5,20,maj_specialist_10,balanced_7,0,1,0.3333333333333333,0.5,1.319999778876607,3
a0.85_c1.00_n60_s0.5_L20_Iobserved,0,DART_coverage_worst,DART_coverage,worst,observed,0.85,1.0,60,0.5,20,balanced_7,balanced_7,1,1,1.0,1.0,0.0,1
a0.85_c1.00_n60_s0.5_L20_Iobserved,1,mean_cosine,mean_signature,mean,observed,0.85,1.0,60,0.5,20,min_specialist_0,maj_specialist_15,0,0,0.0625,0.0,6.299999392574412,16
a0.85_c1.00_n60_s0.5_L20_Iobserved,1,mean_l2,mean_signature,mean,observed,0.85,1.0,60,0.5,20,balanced_8,maj_specialist_15,0,0,0.14285714285714285,0.3333333333333333,1.8199997578339033,7
a0.85_c1.00_n60_s0.5_L20_Iobserved,1,cmap_signature_match,cmap_signature,mean,observed,0.85,1.0,60,0.5,20,min_specialist_0,maj_specialist_15,0,0,0.0625,0.0,6.299999392574412,16
a0.85_c1.00_n60_s0.5_L20_Iobserved,1,cmap_signature_reverse,cmap_signature,mean,observed,0.85,1.0,60,0.5,20,min_specialist_0,maj_specialist_15,0,0,0.0625,0.0,6.299999392574412,16
a0.85_c1.00_n60_s0.5_L20_Iobserved,1,DART_energy,DART_distributional,mean,observed,0.85,1.0,60,0.5,20,maj_specialist_11,maj_specialist_15,0,0,0.16666666666666666,0.3562071871080222,0.80000034203462,6
a0.85_c1.00_n60_s0.5_L20_Iobserved,1,DART_mmd,DART_distributional,mean,observed,0.85,1.0,60,0.5,20,maj_specialist_15,maj_specialist_15,1,1,1.0,1.0,0.0,1
a0.85_c1.00_n60_s0.5_L20_Iobserved,1,DART_sliced_wasserstein,DART_distributional,mean,observed,0.85,1.0,60,0.5,20,maj_specialist_11,maj_specialist_15,0,0,0.14285714285714285,0.3333333333333333,0.80000034203462,7
a0.85_c1.00_n60_s0.5_L20_Iobserved,1,DART_coverage_mean,DART_coverage,mean,observed,0.85,1.0,60,0.5,20,balanced_6,maj_specialist_15,0,0,0.0625,0.0,2.70000005170912,16
a0.85_c1.00_n60_s0.5_L20_Iobserved,1,DART_coverage_worst,DART_coverage,mean,observed,0.85,1.0,60,0.5,20,balanced_6,maj_specialist_15,0,0,0.0625,0.0,2.70000005170912,16
a0.85_c1.00_n60_s0.5_L20_Iobserved,1,mean_cosine,mean_signature,worst,observed,0.85,1.0,60,0.5,20,min_specialist_0,balanced_8,0,0,0.1111111111111111,0.3010299956639812,5.319999488385196,9
a0.85_c1.00_n60_s0.5_L20_Iobserved,1,mean_l2,mean_signature,worst,observed,0.85,1.0,60,0.5,20,balanced_8,balanced_8,1,1,1.0,1.0,0.0,1
a0.85_c1.00_n60_s0.5_L20_Iobserved,1,cmap_signature_match,cmap_signature,worst,observed,0.85,1.0,60,0.5,20,min_specialist_0,balanced_8,0,0,0.1111111111111111,0.3010299956639812,5.319999488385196,9
a0.85_c1.00_n60_s0.5_L20_Iobserved,1,cmap_signature_reverse,cmap_signature,worst,observed,0.85,1.0,60,0.5,20,min_specialist_0,balanced_8,0,0,0.1111111111111111,0.3010299956639812,5.319999488385196,9
a0.85_c1.00_n60_s0.5_L20_Iobserved,1,DART_energy,DART_distributional,worst,observed,0.85,1.0,60,0.5,20,maj_specialist_11,balanced_8,0,1,0.5,0.6309297535714575,2.0400007451581494,2
a0.85_c1.00_n60_s0.5_L20_Iobserved,1,DART_mmd,DART_distributional,worst,observed,0.85,1.0,60,0.5,20,maj_specialist_15,balanced_8,0,1,0.2,0.38685280723454163,5.320000345501658,5
a0.85_c1.00_n60_s0.5_L20_Iobserved,1,DART_sliced_wasserstein,DART_distributional,worst,observed,0.85,1.0,60,0.5,20,maj_specialist_11,balanced_8,0,1,0.3333333333333333,0.5,2.0400007451581494,3
a0.85_c1.00_n60_s0.5_L20_Iobserved,1,DART_coverage_mean,DART_coverage,worst,observed,0.85,1.0,60,0.5,20,balanced_6,balanced_8,0,0,0.125,0.31546487678572877,0.640000243716969,8
a0.85_c1.00_n60_s0.5_L20_Iobserved,1,DART_coverage_worst,DART_coverage,worst,observed,0.85,1.0,60,0.5,20,balanced_6,balanced_8,0,1,0.25,0.43067655807339306,0.640000243716969,4
a0.85_c1.00_n60_s0.5_L20_Iobserved,2,mean_cosine,mean_signature,mean,observed,0.85,1.0,60,0.5,20,min_specialist_0,maj_specialist_15,0,0,0.0625,0.0,6.300000451929138,16
a0.85_c1.00_n60_s0.5_L20_Iobserved,2,mean_l2,mean_signature,mean,observed,0.85,1.0,60,0.5,20,maj_specialist_11,maj_specialist_15,0,0,0.07692307692307693,0.0,0.7999999707577832,13
a0.85_c1.00_n60_s0.5_L20_Iobserved,2,cmap_signature_match,cmap_signature,mean,observed,0.85,1.0,60,0.5,20,min_specialist_0,maj_specialist_15,0,0,0.0625,0.0,6.300000451929138,16
a0.85_c1.00_n60_s0.5_L20_Iobserved,2,cmap_signature_reverse,cmap_signature,mean,observed,0.85,1.0,60,0.5,20,min_specialist_0,maj_specialist_15,0,0,0.0625,0.0,6.300000451929138,16
a0.85_c1.00_n60_s0.5_L20_Iobserved,2,DART_energy,DART_distributional,mean,observed,0.85,1.0,60,0.5,20,maj_specialist_11,maj_specialist_15,0,0,0.14285714285714285,0.3333333333333333,0.7999999707577832,7
a0.85_c1.00_n60_s0.5_L20_Iobserved,2,DART_mmd,DART_distributional,mean,observed,0.85,1.0,60,0.5,20,maj_specialist_11,maj_specialist_15,0,1,0.5,0.6309297535714575,0.7999999707577832,2
a0.85_c1.00_n60_s0.5_L20_Iobserved,2,DART_sliced_wasserstein,DART_distributional,mean,observed,0.85,1.0,60,0.5,20,maj_specialist_12,maj_specialist_15,0,0,0.16666666666666666,0.3562071871080222,0.5399999883500435,6
a0.85_c1.00_n60_s0.5_L20_Iobserved,2,DART_coverage_mean,DART_coverage,mean,observed,0.85,1.0,60,0.5,20,balanced_6,maj_specialist_15,0,0,0.07142857142857142,0.0,2.6999996401844957,14
a0.85_c1.00_n60_s0.5_L20_Iobserved,2,DART_coverage_worst,DART_coverage,mean,observed,0.85,1.0,60,0.5,20,balanced_6,maj_specialist_15,0,0,0.0625,0.0,2.6999996401844957,16
a0.85_c1.00_n60_s0.5_L20_Iobserved,2,mean_cosine,mean_signature,worst,observed,0.85,1.0,60,0.5,20,min_specialist_0,balanced_7,0,0,0.125,0.31546487678572877,5.320000875371971,8
a0.85_c1.00_n60_s0.5_L20_Iobserved,2,mean_l2,mean_signature,worst,observed,0.85,1.0,60,0.5,20,maj_specialist_11,balanced_7,0,1,0.25,0.43067655807339306,2.0400005065304114,4
a0.85_c1.00_n60_s0.5_L20_Iobserved,2,cmap_signature_match,cmap_signature,worst,observed,0.85,1.0,60,0.5,20,min_specialist_0,balanced_7,0,0,0.125,0.31546487678572877,5.320000875371971,8
a0.85_c1.00_n60_s0.5_L20_Iobserved,2,cmap_signature_reverse,cmap_signature,worst,observed,0.85,1.0,60,0.5,20,min_specialist_0,balanced_7,0,0,0.125,0.31546487678572877,5.320000875371971,8
a0.85_c1.00_n60_s0.5_L20_Iobserved,2,DART_energy,DART_distributional,worst,observed,0.85,1.0,60,0.5,20,maj_specialist_11,balanced_7,0,1,0.3333333333333333,0.5,2.0400005065304114,3
a0.85_c1.00_n60_s0.5_L20_Iobserved,2,DART_mmd,DART_distributional,worst,observed,0.85,1.0,60,0.5,20,maj_specialist_11,balanced_7,0,0,0.14285714285714285,0.3333333333333333,2.0400005065304114,7
a0.85_c1.00_n60_s0.5_L20_Iobserved,2,DART_sliced_wasserstein,DART_distributional,worst,observed,0.85,1.0,60,0.5,20,maj_specialist_12,balanced_7,0,1,0.2,0.38685280723454163,2.800000359828072,5
a0.85_c1.00_n60_s0.5_L20_Iobserved,2,DART_coverage_mean,DART_coverage,worst,observed,0.85,1.0,60,0.5,20,balanced_6,balanced_7,0,1,0.5,0.6309297535714575,0.639999938573304,2
a0.85_c1.00_n60_s0.5_L20_Iobserved,2,DART_coverage_worst,DART_coverage,worst,observed,0.85,1.0,60,0.5,20,balanced_6,balanced_7,0,1,0.5,0.6309297535714575,0.639999938573304,2
a0.85_c1.00_n60_s0.5_L100_Iobserved,0,mean_cosine,mean_signature,mean,observed,0.85,1.0,60,0.5,100,min_specialist_0,maj_specialist_79,0,0,0.0125,0.0,6.300000005805421,80
a0.85_c1.00_n60_s0.5_L100_Iobserved,0,mean_l2,mean_signature,mean,observed,0.85,1.0,60,0.5,100,min_specialist_2,maj_specialist_79,0,0,0.09090909090909091,0.0,6.029466718698158,11
a0.85_c1.00_n60_s0.5_L100_Iobserved,0,cmap_signature_match,cmap_signature,mean,observed,0.85,1.0,60,0.5,100,min_specialist_0,maj_specialist_79,0,0,0.0125,0.0,6.300000005805421,80
a0.85_c1.00_n60_s0.5_L100_Iobserved,0,cmap_signature_reverse,cmap_signature,mean,observed,0.85,1.0,60,0.5,100,min_specialist_0,maj_specialist_79,0,0,0.0125,0.0,6.300000005805421,80
a0.85_c1.00_n60_s0.5_L100_Iobserved,0,DART_energy,DART_distributional,mean,observed,0.85,1.0,60,0.5,100,maj_specialist_78,maj_specialist_79,0,1,0.25,0.43067655807339306,0.023506035364045275,4
a0.85_c1.00_n60_s0.5_L100_Iobserved,0,DART_mmd,DART_distributional,mean,observed,0.85,1.0,60,0.5,100,maj_specialist_78,maj_specialist_79,0,1,0.5,0.6309297535714575,0.023506035364045275,2
a0.85_c1.00_n60_s0.5_L100_Iobserved,0,DART_sliced_wasserstein,DART_distributional,mean,observed,0.85,1.0,60,0.5,100,maj_specialist_67,maj_specialist_79,0,0,0.16666666666666666,0.3562071871080222,0.37724757480848403,6
a0.85_c1.00_n60_s0.5_L100_Iobserved,0,DART_coverage_mean,DART_coverage,mean,observed,0.85,1.0,60,0.5,100,balanced_44,maj_specialist_79,0,0,0.014084507042253521,0.0,1.6807406075340392,71
a0.85_c1.00_n60_s0.5_L100_Iobserved,0,DART_coverage_worst,DART_coverage,mean,observed,0.85,1.0,60,0.5,100,balanced_35,maj_specialist_79,0,0,0.01282051282051282,0.0,2.398461540746146,78
a0.85_c1.00_n60_s0.5_L100_Iobserved,0,mean_cosine,mean_signature,worst,observed,0.85,1.0,60,0.5,100,min_specialist_0,balanced_39,0,0,0.025,0.0,5.56785808732845,40
a0.85_c1.00_n60_s0.5_L100_Iobserved,0,mean_l2,mean_signature,worst,observed,0.85,1.0,60,0.5,100,min_specialist_2,balanced_39,0,0,0.02564102564102564,0.0,5.228970390052005,39
a0.85_c1.00_n60_s0.5_L100_Iobserved,0,cmap_signature_match,cmap_signature,worst,observed,0.85,1.0,60,0.5,100,min_specialist_0,balanced_39,0,0,0.025,0.0,5.56785808732845,40
a0.85_c1.00_n60_s0.5_L100_Iobserved,0,cmap_signature_reverse,cmap_signature,worst,observed,0.85,1.0,60,0.5,100,min_specialist_0,balanced_39,0,0,0.025,0.0,5.56785808732845,40
a0.85_c1.00_n60_s0.5_L100_Iobserved,0,DART_energy,DART_distributional,worst,observed,0.85,1.0,60,0.5,100,maj_specialist_78,balanced_39,0,0,0.025,0.0,5.397693517002793,40
a0.85_c1.00_n60_s0.5_L100_Iobserved,0,DART_mmd,DART_distributional,worst,observed,0.85,1.0,60,0.5,100,maj_specialist_78,balanced_39,0,0,0.025,0.0,5.397693517002793,40
a0.85_c1.00_n60_s0.5_L100_Iobserved,0,DART_sliced_wasserstein,DART_distributional,worst,observed,0.85,1.0,60,0.5,100,maj_specialist_67,balanced_39,0,0,0.015384615384615385,0.0,3.621054963132817,65
a0.85_c1.00_n60_s0.5_L100_Iobserved,0,DART_coverage_mean,DART_coverage,worst,observed,0.85,1.0,60,0.5,100,balanced_44,balanced_39,0,0,0.03125,0.0,0.47011757785087127,32
a0.85_c1.00_n60_s0.5_L100_Iobserved,0,DART_coverage_worst,DART_coverage,worst,observed,0.85,1.0,60,0.5,100,balanced_35,balanced_39,0,0,0.06666666666666667,0.0,0.4701171014246981,15
a0.85_c1.00_n60_s0.5_L100_Iobserved,1,mean_cosine,mean_signature,mean,observed,0.85,1.0,60,0.5,100,min_specialist_0,maj_specialist_79,0,0,0.0125,0.0,6.29999931599653,80
a0.85_c1.00_n60_s0.5_L100_Iobserved,1,mean_l2,mean_signature,mean,observed,0.85,1.0,60,0.5,100,maj_specialist_65,maj_specialist_79,0,0,0.045454545454545456,0.0,0.4603109109521277,22
a0.85_c1.00_n60_s0.5_L100_Iobserved,1,cmap_signature_match,cmap_signature,mean,observed,0.85,1.0,60,0.5,100,min_specialist_0,maj_specialist_79,0,0,0.0125,0.0,6.29999931599653,80
a0.85_c1.00_n60_s0.5_L100_Iobserved,1,cmap_signature_reverse,cmap_signature,mean,observed,0.85,1.0,60,0.5,100,min_specialist_0,maj_specialist_79,0,0,0.0125,0.0,6.29999931599653,80
a0.85_c1.00_n60_s0.5_L100_Iobserved,1,DART_energy,DART_distributional,mean,observed,0.85,1.0,60,0.5,100,maj_specialist_65,maj_specialist_79,0,0,0.1,0.2890648263178879,0.4603109109521277,10
a0.85_c1.00_n60_s0.5_L100_Iobserved,1,DART_mmd,DART_distributional,mean,observed,0.85,1.0,60,0.5,100,maj_specialist_78,maj_specialist_79,0,1,0.25,0.43067655807339306,0.023505998714625775,4
a0.85_c1.00_n60_s0.5_L100_Iobserved,1,DART_sliced_wasserstein,DART_distributional,mean,observed,0.85,1.0,60,0.5,100,maj_specialist_69,maj_specialist_79,0,0,0.038461538461538464,0.0,0.29995163266763925,26
a0.85_c1.00_n60_s0.5_L100_Iobserved,1,DART_coverage_mean,DART_coverage,mean,observed,0.85,1.0,60,0.5,100,balanced_49,maj_specialist_79,0,0,0.016666666666666666,0.0,1.332478908942747,60
a0.85_c1.00_n60_s0.5_L100_Iobserved,1,DART_coverage_worst,DART_coverage,mean,observed,0.85,1.0,60,0.5,100,balanced_41,maj_specialist_79,0,0,0.013157894736842105,0.0,1.9070020274708597,76
a0.85_c1.00_n60_s0.5_L100_Iobserved,1,mean_cosine,mean_signature,worst,observed,0.85,1.0,60,0.5,100,min_specialist_0,balanced_40,0,0,0.024390243902439025,0.0,5.567857276788942,41
a0.85_c1.00_n60_s0.5_L100_Iobserved,1,mean_l2,mean_signature,worst,observed,0.85,1.0,60,0.5,100,maj_specialist_65,balanced_40,0,0,0.037037037037037035,0.0,3.3167766391175633,27
a0.85_c1.00_n60_s0.5_L100_Iobserved,1,cmap_signature_match,cmap_signature,worst,observed,0.85,1.0,60,0.5,100,min_specialist_0,balanced_40,0,0,0.024390243902439025,0.0,5.567857276788942,41
a0.85_c1.00_n60_s0.5_L100_Iobserved,1,cmap_signature_reverse,cmap_signature,worst,observed,0.85,1.0,60,0.5,100,min_specialist_0,balanced_40,0,0,0.024390243902439025,0.0,5.567857276788942,41
a0.85_c1.00_n60_s0.5_L100_Iobserved,1,DART_energy,DART_distributional,worst,observed,0.85,1.0,60,0.5,100,maj_specialist_65,balanced_40,0,0,0.043478260869565216,0.0,3.3167766391175633,23
a0.85_c1.00_n60_s0.5_L100_Iobserved,1,DART_mmd,DART_distributional,worst,observed,0.85,1.0,60,0.5,100,maj_specialist_78,balanced_40,0,0,0.027777777777777776,0.0,5.397693903861974,36
a0.85_c1.00_n60_s0.5_L100_Iobserved,1,DART_sliced_wasserstein,DART_distributional,worst,observed,0.85,1.0,60,0.5,100,maj_specialist_69,balanced_40,0,0,0.06666666666666667,0.0,3.93110034151168,15
a0.85_c1.00_n60_s0.5_L100_Iobserved,1,DART_coverage_mean,DART_coverage,worst,observed,0.85,1.0,60,0.5,100,balanced_49,balanced_40,0,0,0.09090909090909091,0.0,1.0902101534839304,11
a0.85_c1.00_n60_s0.5_L100_Iobserved,1,DART_coverage_worst,DART_coverage,worst,observed,0.85,1.0,60,0.5,100,balanced_41,balanced_40,0,1,0.5,0.6309297535714575,0.11536654344796915,2
a0.85_c1.00_n60_s0.5_L100_Iobserved,2,mean_cosine,mean_signature,mean,observed,0.85,1.0,60,0.5,100,min_specialist_0,maj_specialist_79,0,0,0.0125,0.0,6.300000570309162,80
a0.85_c1.00_n60_s0.5_L100_Iobserved,2,mean_l2,mean_signature,mean,observed,0.85,1.0,60,0.5,100,balanced_31,maj_specialist_79,0,0,0.07692307692307693,0.0,2.754943653040119,13
a0.85_c1.00_n60_s0.5_L100_Iobserved,2,cmap_signature_match,cmap_signature,mean,observed,0.85,1.0,60,0.5,100,min_specialist_0,maj_specialist_79,0,0,0.0125,0.0,6.300000570309162,80
a0.85_c1.00_n60_s0.5_L100_Iobserved,2,cmap_signature_reverse,cmap_signature,mean,observed,0.85,1.0,60,0.5,100,min_specialist_0,maj_specialist_79,0,0,0.0125,0.0,6.300000570309162,80
a0.85_c1.00_n60_s0.5_L100_Iobserved,2,DART_energy,DART_distributional,mean,observed,0.85,1.0,60,0.5,100,balanced_51,maj_specialist_79,0,1,0.2,0.38685280723454163,1.2032687091615841,5
a0.85_c1.00_n60_s0.5_L100_Iobserved,2,DART_mmd,DART_distributional,mean,observed,0.85,1.0,60,0.5,100,maj_specialist_79,maj_specialist_79,1,1,1.0,1.0,0.0,1
a0.85_c1.00_n60_s0.5_L100_Iobserved,2,DART_sliced_wasserstein,DART_distributional,mean,observed,0.85,1.0,60,0.5,100,balanced_42,maj_specialist_79,0,1,0.3333333333333333,0.5,1.830139196264927,3
a0.85_c1.00_n60_s0.5_L100_Iobserved,2,DART_coverage_mean,DART_coverage,mean,observed,0.85,1.0,60,0.5,100,balanced_47,maj_specialist_79,0,0,0.03125,0.0,1.467456647878894,32
a0.85_c1.00_n60_s0.5_L100_Iobserved,2,DART_coverage_worst,DART_coverage,mean,observed,0.85,1.0,60,0.5,100,balanced_39,maj_specialist_79,0,0,0.015873015873015872,0.0,2.0650535147101152,63
a0.85_c1.00_n60_s0.5_L100_Iobserved,2,mean_cosine,mean_signature,worst,observed,0.85,1.0,60,0.5,100,min_specialist_0,balanced_39,0,0,0.025,0.0,5.567858609021819,40
a0.85_c1.00_n60_s0.5_L100_Iobserved,2,mean_l2,mean_signature,worst,observed,0.85,1.0,60,0.5,100,balanced_31,balanced_39,0,0,0.14285714285714285,0.3333333333333333,0.9633079404094858,7
a0.85_c1.00_n60_s0.5_L100_Iobserved,2,cmap_signature_match,cmap_signature,worst,observed,0.85,1.0,60,0.5,100,min_specialist_0,balanced_39,0,0,0.025,0.0,5.567858609021819,40
a0.85_c1.00_n60_s0.5_L100_Iobserved,2,cmap_signature_reverse,cmap_signature,worst,observed,0.85,1.0,60,0.5,100,min_specialist_0,balanced_39,0,0,0.025,0.0,5.567858609021819,40
a0.85_c1.00_n60_s0.5_L100_Iobserved,2,DART_energy,DART_distributional,worst,observed,0.85,1.0,60,0.5,100,balanced_51,balanced_39,0,0,0.16666666666666666,0.3562071871080222,1.3483412726165511,6
a0.85_c1.00_n60_s0.5_L100_Iobserved,2,DART_mmd,DART_distributional,worst,observed,0.85,1.0,60,0.5,100,maj_specialist_79,balanced_39,0,0,0.05263157894736842,0.0,5.567858084308224,19
a0.85_c1.00_n60_s0.5_L100_Iobserved,2,DART_sliced_wasserstein,DART_distributional,worst,observed,0.85,1.0,60,0.5,100,balanced_42,balanced_39,0,0,0.0625,0.0,0.23217424938189524,16
a0.85_c1.00_n60_s0.5_L100_Iobserved,2,DART_coverage_mean,DART_coverage,worst,observed,0.85,1.0,60,0.5,100,balanced_47,balanced_39,0,1,0.5,0.6309297535714575,0.837846310069267,2
a0.85_c1.00_n60_s0.5_L100_Iobserved,2,DART_coverage_worst,DART_coverage,worst,observed,0.85,1.0,60,0.5,100,balanced_39,balanced_39,1,1,1.0,1.0,0.0,1
a0.85_c1.00_n60_s0.5_L20_Ipredicted_mean,0,mean_cosine,mean_signature,mean,predicted_mean,0.85,1.0,60,0.5,20,min_specialist_0,maj_specialist_15,0,0,0.0625,0.0,6.299999755030235,16
a0.85_c1.00_n60_s0.5_L20_Ipredicted_mean,0,mean_l2,mean_signature,mean,predicted_mean,0.85,1.0,60,0.5,20,min_specialist_2,maj_specialist_15,0,0,0.14285714285714285,0.3333333333333333,4.940000132094909,7
a0.85_c1.00_n60_s0.5_L20_Ipredicted_mean,0,cmap_signature_match,cmap_signature,mean,predicted_mean,0.85,1.0,60,0.5,20,min_specialist_0,maj_specialist_15,0,0,0.0625,0.0,6.299999755030235,16
a0.85_c1.00_n60_s0.5_L20_Ipredicted_mean,0,cmap_signature_reverse,cmap_signature,mean,predicted_mean,0.85,1.0,60,0.5,20,min_specialist_0,maj_specialist_15,0,0,0.0625,0.0,6.299999755030235,16
a0.85_c1.00_n60_s0.5_L20_Ipredicted_mean,0,DART_energy,DART_distributional,mean,predicted_mean,0.85,1.0,60,0.5,20,min_specialist_2,maj_specialist_15,0,0,0.14285714285714285,0.3333333333333333,4.940000132094909,7
a0.85_c1.00_n60_s0.5_L20_Ipredicted_mean,0,DART_mmd,DART_distributional,mean,predicted_mean,0.85,1.0,60,0.5,20,min_specialist_2,maj_specialist_15,0,0,0.14285714285714285,0.3333333333333333,4.940000132094909,7
a0.85_c1.00_n60_s0.5_L20_Ipredicted_mean,0,DART_sliced_wasserstein,DART_distributional,mean,predicted_mean,0.85,1.0,60,0.5,20,min_specialist_5,maj_specialist_15,0,0,0.14285714285714285,0.3333333333333333,3.20000041100381,7
a0.85_c1.00_n60_s0.5_L20_Ipredicted_mean,0,DART_coverage_mean,DART_coverage,mean,predicted_mean,0.85,1.0,60,0.5,20,min_specialist_4,maj_specialist_15,0,0,0.07142857142857142,0.0,3.7400000276927194,14
a0.85_c1.00_n60_s0.5_L20_Ipredicted_mean,0,DART_coverage_worst,DART_coverage,mean,predicted_mean,0.85,1.0,60,0.5,20,maj_specialist_13,maj_specialist_15,0,0,0.07692307692307693,0.0,0.3199998456362394,13
a0.85_c1.00_n60_s0.5_L20_Ipredicted_mean,0,mean_cosine,mean_signature,worst,predicted_mean,0.85,1.0,60,0.5,20,min_specialist_0,balanced_7,0,0,0.125,0.31546487678572877,5.319999930959856,8
a0.85_c1.00_n60_s0.5_L20_Ipredicted_mean,0,mean_l2,mean_signature,worst,predicted_mean,0.85,1.0,60,0.5,20,min_specialist_2,balanced_7,0,0,0.1111111111111111,0.3010299956639812,3.6000003428728036,9
a0.85_c1.00_n60_s0.5_L20_Ipredicted_mean,0,cmap_signature_match,cmap_signature,worst,predicted_mean,0.85,1.0,60,0.5,20,min_specialist_0,balanced_7,0,0,0.125,0.31546487678572877,5.319999930959856,8
a0.85_c1.00_n60_s0.5_L20_Ipredicted_mean,0,cmap_signature_reverse,cmap_signature,worst,predicted_mean,0.85,1.0,60,0.5,20,min_specialist_0,balanced_7,0,0,0.125,0.31546487678572877,5.319999930959856,8
a0.85_c1.00_n60_s0.5_L20_Ipredicted_mean,0,DART_energy,DART_distributional,worst,predicted_mean,0.85,1.0,60,0.5,20,min_specialist_2,balanced_7,0,0,0.1111111111111111,0.3010299956639812,3.6000003428728036,9
a0.85_c1.00_n60_s0.5_L20_Ipredicted_mean,0,DART_mmd,DART_distributional,worst,predicted_mean,0.85,1.0,60,0.5,20,min_specialist_2,balanced_7,0,0,0.1111111111111111,0.3010299956639812,3.6000003428728036,9
a0.85_c1.00_n60_s0.5_L20_Ipredicted_mean,0,DART_sliced_wasserstein,DART_distributional,worst,predicted_mean,0.85,1.0,60,0.5,20,min_specialist_5,balanced_7,0,0,0.0625,0.0,1.3200006389306118,16
a0.85_c1.00_n60_s0.5_L20_Ipredicted_mean,0,DART_coverage_mean,DART_coverage,worst,predicted_mean,0.85,1.0,60,0.5,20,min_specialist_4,balanced_7,0,0,0.1111111111111111,0.3010299956639812,2.040000235871659,9
a0.85_c1.00_n60_s0.5_L20_Ipredicted_mean,0,DART_coverage_worst,DART_coverage,worst,predicted_mean,0.85,1.0,60,0.5,20,maj_specialist_13,balanced_7,0,1,0.5,0.6309297535714575,3.5999999417343673,2
a0.85_c1.00_n60_s0.5_L20_Ipredicted_mean,1,mean_cosine,mean_signature,mean,predicted_mean,0.85,1.0,60,0.5,20,min_specialist_0,maj_specialist_15,0,0,0.0625,0.0,6.299999392574412,16
a0.85_c1.00_n60_s0.5_L20_Ipredicted_mean,1,mean_l2,mean_signature,mean,predicted_mean,0.85,1.0,60,0.5,20,balanced_8,maj_specialist_15,0,0,0.14285714285714285,0.3333333333333333,1.8199997578339033,7
a0.85_c1.00_n60_s0.5_L20_Ipredicted_mean,1,cmap_signature_match,cmap_signature,mean,predicted_mean,0.85,1.0,60,0.5,20,min_specialist_0,maj_specialist_15,0,0,0.0625,0.0,6.299999392574412,16
a0.85_c1.00_n60_s0.5_L20_Ipredicted_mean,1,cmap_signature_reverse,cmap_signature,mean,predicted_mean,0.85,1.0,60,0.5,20,min_specialist_0,maj_specialist_15,0,0,0.0625,0.0,6.299999392574412,16
a0.85_c1.00_n60_s0.5_L20_Ipredicted_mean,1,DART_energy,DART_distributional,mean,predicted_mean,0.85,1.0,60,0.5,20,balanced_8,maj_specialist_15,0,0,0.14285714285714285,0.3333333333333333,1.8199997578339033,7
a0.85_c1.00_n60_s0.5_L20_Ipredicted_mean,1,DART_mmd,DART_distributional,mean,predicted_mean,0.85,1.0,60,0.5,20,balanced_8,maj_specialist_15,0,0,0.14285714285714285,0.3333333333333333,1.8199997578339033,7
a0.85_c1.00_n60_s0.5_L20_Ipredicted_mean,1,DART_sliced_wasserstein,DART_distributional,mean,predicted_mean,0.85,1.0,60,0.5,20,maj_specialist_14,maj_specialist_15,0,0,0.1111111111111111,0.3010299956639812,0.140000015959993,9
a0.85_c1.00_n60_s0.5_L20_Ipredicted_mean,1,DART_coverage_mean,DART_coverage,mean,predicted_mean,0.85,1.0,60,0.5,20,min_specialist_1,maj_specialist_15,0,0,0.1,0.2890648263178879,5.599999883950604,10
a0.85_c1.00_n60_s0.5_L20_Ipredicted_mean,1,DART_coverage_worst,DART_coverage,mean,predicted_mean,0.85,1.0,60,0.5,20,maj_specialist_15,maj_specialist_15,1,1,1.0,1.0,0.0,1
a0.85_c1.00_n60_s0.5_L20_Ipredicted_mean,1,mean_cosine,mean_signature,worst,predicted_mean,0.85,1.0,60,0.5,20,min_specialist_0,balanced_8,0,0,0.1111111111111111,0.3010299956639812,5.319999488385196,9
a0.85_c1.00_n60_s0.5_L20_Ipredicted_mean,1,mean_l2,mean_signature,worst,predicted_mean,0.85,1.0,60,0.5,20,balanced_8,balanced_8,1,1,1.0,1.0,0.0,1
a0.85_c1.00_n60_s0.5_L20_Ipredicted_mean,1,cmap_signature_match,cmap_signature,worst,predicted_mean,0.85,1.0,60,0.5,20,min_specialist_0,balanced_8,0,0,0.1111111111111111,0.3010299956639812,5.319999488385196,9
a0.85_c1.00_n60_s0.5_L20_Ipredicted_mean,1,cmap_signature_reverse,cmap_signature,worst,predicted_mean,0.85,1.0,60,0.5,20,min_specialist_0,balanced_8,0,0,0.1111111111111111,0.3010299956639812,5.319999488385196,9
a0.85_c1.00_n60_s0.5_L20_Ipredicted_mean,1,DART_energy,DART_distributional,worst,predicted_mean,0.85,1.0,60,0.5,20,balanced_8,balanced_8,1,1,1.0,1.0,0.0,1
a0.85_c1.00_n60_s0.5_L20_Ipredicted_mean,1,DART_mmd,DART_distributional,worst,predicted_mean,0.85,1.0,60,0.5,20,balanced_8,balanced_8,1,1,1.0,1.0,0.0,1
a0.85_c1.00_n60_s0.5_L20_Ipredicted_mean,1,DART_sliced_wasserstein,DART_distributional,worst,predicted_mean,0.85,1.0,60,0.5,20,maj_specialist_14,balanced_8,0,0,0.16666666666666666,0.3562071871080222,4.440000344181708,6
a0.85_c1.00_n60_s0.5_L20_Ipredicted_mean,1,DART_coverage_mean,DART_coverage,worst,predicted_mean,0.85,1.0,60,0.5,20,min_specialist_1,balanced_8,0,0,0.09090909090909091,0.0,4.44000004905617,11
a0.85_c1.00_n60_s0.5_L20_Ipredicted_mean,1,DART_coverage_worst,DART_coverage,worst,predicted_mean,0.85,1.0,60,0.5,20,maj_specialist_15,balanced_8,0,0,0.07692307692307693,0.0,5.320000345501658,13
a0.85_c1.00_n60_s0.5_L20_Ipredicted_mean,2,mean_cosine,mean_signature,mean,predicted_mean,0.85,1.0,60,0.5,20,min_specialist_0,maj_specialist_15,0,0,0.0625,0.0,6.300000451929138,16
a0.85_c1.00_n60_s0.5_L20_Ipredicted_mean,2,mean_l2,mean_signature,mean,predicted_mean,0.85,1.0,60,0.5,20,maj_specialist_11,maj_specialist_15,0,0,0.08333333333333333,0.0,0.7999999707577832,12
a0.85_c1.00_n60_s0.5_L20_Ipredicted_mean,2,cmap_signature_match,cmap_signature,mean,predicted_mean,0.85,1.0,60,0.5,20,min_specialist_0,maj_specialist_15,0,0,0.0625,0.0,6.300000451929138,16
a0.85_c1.00_n60_s0.5_L20_Ipredicted_mean,2,cmap_signature_reverse,cmap_signature,mean,predicted_mean,0.85,1.0,60,0.5,20,min_specialist_0,maj_specialist_15,0,0,0.0625,0.0,6.300000451929138,16
a0.85_c1.00_n60_s0.5_L20_Ipredicted_mean,2,DART_energy,DART_distributional,mean,predicted_mean,0.85,1.0,60,0.5,20,maj_specialist_11,maj_specialist_15,0,0,0.08333333333333333,0.0,0.7999999707577832,12
a0.85_c1.00_n60_s0.5_L20_Ipredicted_mean,2,DART_mmd,DART_distributional,mean,predicted_mean,0.85,1.0,60,0.5,20,maj_specialist_11,maj_specialist_15,0,0,0.07692307692307693,0.0,0.7999999707577832,13
a0.85_c1.00_n60_s0.5_L20_Ipredicted_mean,2,DART_sliced_wasserstein,DART_distributional,mean,predicted_mean,0.85,1.0,60,0.5,20,maj_specialist_12,maj_specialist_15,0,0,0.1,0.2890648263178879,0.5399999883500435,10
a0.85_c1.00_n60_s0.5_L20_Ipredicted_mean,2,DART_coverage_mean,DART_coverage,mean,predicted_mean,0.85,1.0,60,0.5,20,balanced_9,maj_specialist_15,0,0,0.09090909090909091,0.0,1.4399998119205843,11
a0.85_c1.00_n60_s0.5_L20_Ipredicted_mean,2,DART_coverage_worst,DART_coverage,mean,predicted_mean,0.85,1.0,60,0.5,20,balanced_9,maj_specialist_15,0,0,0.07692307692307693,0.0,1.4399998119205843,13
a0.85_c1.00_n60_s0.5_L20_Ipredicted_mean,2,mean_cosine,mean_signature,worst,predicted_mean,0.85,1.0,60,0.5,20,min_specialist_0,balanced_7,0,0,0.125,0.31546487678572877,5.320000875371971,8
a0.85_c1.00_n60_s0.5_L20_Ipredicted_mean,2,mean_l2,mean_signature,worst,predicted_mean,0.85,1.0,60,0.5,20,maj_specialist_11,balanced_7,0,1,0.2,0.38685280723454163,2.0400005065304114,5
a0.85_c1.00_n60_s0.5_L20_Ipredicted_mean,2,cmap_signature_match,cmap_signature,worst,predicted_mean,0.85,1.0,60,0.5,20,min_specialist_0,balanced_7,0,0,0.125,0.31546487678572877,5.320000875371971,8
a0.85_c1.00_n60_s0.5_L20_Ipredicted_mean,2,cmap_signature_reverse,cmap_signature,worst,predicted_mean,0.85,1.0,60,0.5,20,min_specialist_0,balanced_7,0,0,0.125,0.31546487678572877,5.320000875371971,8
a0.85_c1.00_n60_s0.5_L20_Ipredicted_mean,2,DART_energy,DART_distributional,worst,predicted_mean,0.85,1.0,60,0.5,20,maj_specialist_11,balanced_7,0,1,0.25,0.43067655807339306,2.0400005065304114,4
a0.85_c1.00_n60_s0.5_L20_Ipredicted_mean,2,DART_mmd,DART_distributional,worst,predicted_mean,0.85,1.0,60,0.5,20,maj_specialist_11,balanced_7,0,1,0.25,0.43067655807339306,2.0400005065304114,4
a0.85_c1.00_n60_s0.5_L20_Ipredicted_mean,2,DART_sliced_wasserstein,DART_distributional,worst,predicted_mean,0.85,1.0,60,0.5,20,maj_specialist_12,balanced_7,0,0,0.125,0.31546487678572877,2.800000359828072,8
a0.85_c1.00_n60_s0.5_L20_Ipredicted_mean,2,DART_coverage_mean,DART_coverage,worst,predicted_mean,0.85,1.0,60,0.5,20,balanced_9,balanced_7,0,0,0.07692307692307693,0.0,0.6400000878113872,13
a0.85_c1.00_n60_s0.5_L20_Ipredicted_mean,2,DART_coverage_worst,DART_coverage,worst,predicted_mean,0.85,1.0,60,0.5,20,balanced_9,balanced_7,0,1,0.25,0.43067655807339306,0.6400000878113872,4
a0.85_c1.00_n60_s0.5_L100_Ipredicted_mean,0,mean_cosine,mean_signature,mean,predicted_mean,0.85,1.0,60,0.5,100,min_specialist_0,maj_specialist_79,0,0,0.0125,0.0,6.300000005805421,80
a0.85_c1.00_n60_s0.5_L100_Ipredicted_mean,0,mean_l2,mean_signature,mean,predicted_mean,0.85,1.0,60,0.5,100,maj_specialist_57,maj_specialist_79,0,0,0.07142857142857142,0.0,0.8502484485623203,14
a0.85_c1.00_n60_s0.5_L100_Ipredicted_mean,0,cmap_signature_match,cmap_signature,mean,predicted_mean,0.85,1.0,60,0.5,100,min_specialist_0,maj_specialist_79,0,0,0.0125,0.0,6.300000005805421,80
a0.85_c1.00_n60_s0.5_L100_Ipredicted_mean,0,cmap_signature_reverse,cmap_signature,mean,predicted_mean,0.85,1.0,60,0.5,100,min_specialist_0,maj_specialist_79,0,0,0.0125,0.0,6.300000005805421,80
a0.85_c1.00_n60_s0.5_L100_Ipredicted_mean,0,DART_energy,DART_distributional,mean,predicted_mean,0.85,1.0,60,0.5,100,maj_specialist_57,maj_specialist_79,0,0,0.06666666666666667,0.0,0.8502484485623203,15
a0.85_c1.00_n60_s0.5_L100_Ipredicted_mean,0,DART_mmd,DART_distributional,mean,predicted_mean,0.85,1.0,60,0.5,100,maj_specialist_57,maj_specialist_79,0,0,0.058823529411764705,0.0,0.8502484485623203,17
a0.85_c1.00_n60_s0.5_L100_Ipredicted_mean,0,DART_sliced_wasserstein,DART_distributional,mean,predicted_mean,0.85,1.0,60,0.5,100,maj_specialist_67,maj_specialist_79,0,0,0.1,0.2890648263178879,0.37724757480848403,10
a0.85_c1.00_n60_s0.5_L100_Ipredicted_mean,0,DART_coverage_mean,DART_coverage,mean,predicted_mean,0.85,1.0,60,0.5,100,maj_specialist_78,maj_specialist_79,0,0,0.07692307692307693,0.0,0.023506035364045275,13
a0.85_c1.00_n60_s0.5_L100_Ipredicted_mean,0,DART_coverage_worst,DART_coverage,mean,predicted_mean,0.85,1.0,60,0.5,100,min_specialist_14,maj_specialist_79,0,0,0.03571428571428571,0.0,4.527398699495757,28
a0.85_c1.00_n60_s0.5_L100_Ipredicted_mean,0,mean_cosine,mean_signature,worst,predicted_mean,0.85,1.0,60,0.5,100,min_specialist_0,balanced_39,0,0,0.025,0.0,5.56785808732845,40
a0.85_c1.00_n60_s0.5_L100_Ipredicted_mean,0,mean_l2,mean_signature,worst,predicted_mean,0.85,1.0,60,0.5,100,maj_specialist_57,balanced_39,0,0,0.02631578947368421,0.0,2.1573470646264425,38
a0.85_c1.00_n60_s0.5_L100_Ipredicted_mean,0,cmap_signature_match,cmap_signature,worst,predicted_mean,0.85,1.0,60,0.5,100,min_specialist_0,balanced_39,0,0,0.025,0.0,5.56785808732845,40
a0.85_c1.00_n60_s0.5_L100_Ipredicted_mean,0,cmap_signature_reverse,cmap_signature,worst,predicted_mean,0.85,1.0,60,0.5,100,min_specialist_0,balanced_39,0,0,0.025,0.0,5.56785808732845,40
a0.85_c1.00_n60_s0.5_L100_Ipredicted_mean,0,DART_energy,DART_distributional,worst,predicted_mean,0.85,1.0,60,0.5,100,maj_specialist_57,balanced_39,0,0,0.029411764705882353,0.0,2.1573470646264425,34
a0.85_c1.00_n60_s0.5_L100_Ipredicted_mean,0,DART_mmd,DART_distributional,worst,predicted_mean,0.85,1.0,60,0.5,100,maj_specialist_57,balanced_39,0,0,0.03333333333333333,0.0,2.1573470646264425,30
a0.85_c1.00_n60_s0.5_L100_Ipredicted_mean,0,DART_sliced_wasserstein,DART_distributional,worst,predicted_mean,0.85,1.0,60,0.5,100,maj_specialist_67,balanced_39,0,0,0.014084507042253521,0.0,3.621054963132817,71
a0.85_c1.00_n60_s0.5_L100_Ipredicted_mean,0,DART_coverage_mean,DART_coverage,worst,predicted_mean,0.85,1.0,60,0.5,100,maj_specialist_78,balanced_39,0,0,0.023809523809523808,0.0,5.397693517002793,42
a0.85_c1.00_n60_s0.5_L100_Ipredicted_mean,0,DART_coverage_worst,DART_coverage,worst,predicted_mean,0.85,1.0,60,0.5,100,min_specialist_14,balanced_39,0,0,0.043478260869565216,0.0,3.3167756778627684,23
a0.85_c1.00_n60_s0.5_L100_Ipredicted_mean,1,mean_cosine,mean_signature,mean,predicted_mean,0.85,1.0,60,0.5,100,min_specialist_0,maj_specialist_79,0,0,0.0125,0.0,6.29999931599653,80
a0.85_c1.00_n60_s0.5_L100_Ipredicted_mean,1,mean_l2,mean_signature,mean,predicted_mean,0.85,1.0,60,0.5,100,maj_specialist_65,maj_specialist_79,0,0,0.045454545454545456,0.0,0.4603109109521277,22
a0.85_c1.00_n60_s0.5_L100_Ipredicted_mean,1,cmap_signature_match,cmap_signature,mean,predicted_mean,0.85,1.0,60,0.5,100,min_specialist_0,maj_specialist_79,0,0,0.0125,0.0,6.29999931599653,80
a0.85_c1.00_n60_s0.5_L100_Ipredicted_mean,1,cmap_signature_reverse,cmap_signature,mean,predicted_mean,0.85,1.0,60,0.5,100,min_specialist_0,maj_specialist_79,0,0,0.0125,0.0,6.29999931599653,80
a0.85_c1.00_n60_s0.5_L100_Ipredicted_mean,1,DART_energy,DART_distributional,mean,predicted_mean,0.85,1.0,60,0.5,100,maj_specialist_65,maj_specialist_79,0,0,0.045454545454545456,0.0,0.4603109109521277,22
a0.85_c1.00_n60_s0.5_L100_Ipredicted_mean,1,DART_mmd,DART_distributional,mean,predicted_mean,0.85,1.0,60,0.5,100,maj_specialist_65,maj_specialist_79,0,0,0.045454545454545456,0.0,0.4603109109521277,22
a0.85_c1.00_n60_s0.5_L100_Ipredicted_mean,1,DART_sliced_wasserstein,DART_distributional,mean,predicted_mean,0.85,1.0,60,0.5,100,balanced_43,maj_specialist_79,0,0,0.02631578947368421,0.0,1.7547186504323093,38
a0.85_c1.00_n60_s0.5_L100_Ipredicted_mean,1,DART_coverage_mean,DART_coverage,mean,predicted_mean,0.85,1.0,60,0.5,100,min_specialist_25,maj_specialist_79,0,0,0.01639344262295082,0.0,3.332927004025386,61
a0.85_c1.00_n60_s0.5_L100_Ipredicted_mean,1,DART_coverage_worst,DART_coverage,mean,predicted_mean,0.85,1.0,60,0.5,100,maj_specialist_57,maj_specialist_79,0,0,0.022222222222222223,0.0,0.8502482857728193,45
a0.85_c1.00_n60_s0.5_L100_Ipredicted_mean,1,mean_cosine,mean_signature,worst,predicted_mean,0.85,1.0,60,0.5,100,min_specialist_0,balanced_40,0,0,0.024390243902439025,0.0,5.567857276788942,41
a0.85_c1.00_n60_s0.5_L100_Ipredicted_mean,1,mean_l2,mean_signature,worst,predicted_mean,0.85,1.0,60,0.5,100,maj_specialist_65,balanced_40,0,0,0.041666666666666664,0.0,3.3167766391175633,24
a0.85_c1.00_n60_s0.5_L100_Ipredicted_mean,1,cmap_signature_match,cmap_signature,worst,predicted_mean,0.85,1.0,60,0.5,100,min_specialist_0,balanced_40,0,0,0.024390243902439025,0.0,5.567857276788942,41
a0.85_c1.00_n60_s0.5_L100_Ipredicted_mean,1,cmap_signature_reverse,cmap_signature,worst,predicted_mean,0.85,1.0,60,0.5,100,min_specialist_0,balanced_40,0,0,0.024390243902439025,0.0,5.567857276788942,41
a0.85_c1.00_n60_s0.5_L100_Ipredicted_mean,1,DART_energy,DART_distributional,worst,predicted_mean,0.85,1.0,60,0.5,100,maj_specialist_65,balanced_40,0,0,0.04,0.0,3.3167766391175633,25
a0.85_c1.00_n60_s0.5_L100_Ipredicted_mean,1,DART_mmd,DART_distributional,worst,predicted_mean,0.85,1.0,60,0.5,100,maj_specialist_65,balanced_40,0,0,0.04,0.0,3.3167766391175633,25
a0.85_c1.00_n60_s0.5_L100_Ipredicted_mean,1,DART_sliced_wasserstein,DART_distributional,worst,predicted_mean,0.85,1.0,60,0.5,100,balanced_43,balanced_40,0,0,0.1111111111111111,0.3010299956639812,0.3504249311351728,9
a0.85_c1.00_n60_s0.5_L100_Ipredicted_mean,1,DART_coverage_mean,DART_coverage,worst,predicted_mean,0.85,1.0,60,0.5,100,min_specialist_25,balanced_40,0,0,0.027777777777777776,0.0,1.7463546612643732,36
a0.85_c1.00_n60_s0.5_L100_Ipredicted_mean,1,DART_coverage_worst,DART_coverage,worst,predicted_mean,0.85,1.0,60,0.5,100,maj_specialist_57,balanced_40,0,0,0.038461538461538464,0.0,2.157346804092054,26
a0.85_c1.00_n60_s0.5_L100_Ipredicted_mean,2,mean_cosine,mean_signature,mean,predicted_mean,0.85,1.0,60,0.5,100,min_specialist_0,maj_specialist_79,0,0,0.0125,0.0,6.300000570309162,80
a0.85_c1.00_n60_s0.5_L100_Ipredicted_mean,2,mean_l2,mean_signature,mean,predicted_mean,0.85,1.0,60,0.5,100,balanced_31,maj_specialist_79,0,0,0.06666666666666667,0.0,2.754943653040119,15
a0.85_c1.00_n60_s0.5_L100_Ipredicted_mean,2,cmap_signature_match,cmap_signature,mean,predicted_mean,0.85,1.0,60,0.5,100,min_specialist_0,maj_specialist_79,0,0,0.0125,0.0,6.300000570309162,80
a0.85_c1.00_n60_s0.5_L100_Ipredicted_mean,2,cmap_signature_reverse,cmap_signature,mean,predicted_mean,0.85,1.0,60,0.5,100,min_specialist_0,maj_specialist_79,0,0,0.0125,0.0,6.300000570309162,80
a0.85_c1.00_n60_s0.5_L100_Ipredicted_mean,2,DART_energy,DART_distributional,mean,predicted_mean,0.85,1.0,60,0.5,100,balanced_31,maj_specialist_79,0,0,0.07142857142857142,0.0,2.754943653040119,14
a0.85_c1.00_n60_s0.5_L100_Ipredicted_mean,2,DART_mmd,DART_distributional,mean,predicted_mean,0.85,1.0,60,0.5,100,balanced_31,maj_specialist_79,0,0,0.07692307692307693,0.0,2.754943653040119,13
a0.85_c1.00_n60_s0.5_L100_Ipredicted_mean,2,DART_sliced_wasserstein,DART_distributional,mean,predicted_mean,0.85,1.0,60,0.5,100,balanced_31,maj_specialist_79,0,0,0.125,0.31546487678572877,2.754943653040119,8
a0.85_c1.00_n60_s0.5_L100_Ipredicted_mean,2,DART_coverage_mean,DART_coverage,mean,predicted_mean,0.85,1.0,60,0.5,100,maj_specialist_65,maj_specialist_79,0,0,0.08333333333333333,0.0,0.4603108064417718,12
a0.85_c1.00_n60_s0.5_L100_Ipredicted_mean,2,DART_coverage_worst,DART_coverage,mean,predicted_mean,0.85,1.0,60,0.5,100,maj_specialist_65,maj_specialist_79,0,0,0.01694915254237288,0.0,0.4603108064417718,59
a0.85_c1.00_n60_s0.5_L100_Ipredicted_mean,2,mean_cosine,mean_signature,worst,predicted_mean,0.85,1.0,60,0.5,100,min_specialist_0,balanced_39,0,0,0.025,0.0,5.567858609021819,40
a0.85_c1.00_n60_s0.5_L100_Ipredicted_mean,2,mean_l2,mean_signature,worst,predicted_mean,0.85,1.0,60,0.5,100,balanced_31,balanced_39,0,0,0.14285714285714285,0.3333333333333333,0.9633079404094858,7
a0.85_c1.00_n60_s0.5_L100_Ipredicted_mean,2,cmap_signature_match,cmap_signature,worst,predicted_mean,0.85,1.0,60,0.5,100,min_specialist_0,balanced_39,0,0,0.025,0.0,5.567858609021819,40
a0.85_c1.00_n60_s0.5_L100_Ipredicted_mean,2,cmap_signature_reverse,cmap_signature,worst,predicted_mean,0.85,1.0,60,0.5,100,min_specialist_0,balanced_39,0,0,0.025,0.0,5.567858609021819,40
a0.85_c1.00_n60_s0.5_L100_Ipredicted_mean,2,DART_energy,DART_distributional,worst,predicted_mean,0.85,1.0,60,0.5,100,balanced_31,balanced_39,0,0,0.125,0.31546487678572877,0.9633079404094858,8
a0.85_c1.00_n60_s0.5_L100_Ipredicted_mean,2,DART_mmd,DART_distributional,worst,predicted_mean,0.85,1.0,60,0.5,100,balanced_31,balanced_39,0,0,0.125,0.31546487678572877,0.9633079404094858,8
a0.85_c1.00_n60_s0.5_L100_Ipredicted_mean,2,DART_sliced_wasserstein,DART_distributional,worst,predicted_mean,0.85,1.0,60,0.5,100,balanced_31,balanced_39,0,0,0.08333333333333333,0.0,0.9633079404094858,12
a0.85_c1.00_n60_s0.5_L100_Ipredicted_mean,2,DART_coverage_mean,DART_coverage,worst,predicted_mean,0.85,1.0,60,0.5,100,maj_specialist_65,balanced_39,0,0,0.125,0.31546487678572877,3.3167762409348853,8
a0.85_c1.00_n60_s0.5_L100_Ipredicted_mean,2,DART_coverage_worst,DART_coverage,worst,predicted_mean,0.85,1.0,60,0.5,100,maj_specialist_65,balanced_39,0,0,0.014925373134328358,0.0,3.3167762409348853,67
